Source,Location ID,City,State,Country,Latitude,Longitude,Time Zone,Clearsky DHI Units,Clearsky DNI Units,Clearsky GHI Units,Dew Point Units,DHI Units,DNI Units,GHI Units,Solar Zenith Angle Units,Temperature Units,Pressure Units,Relative Humidity Units,Precipitable Water Units,Wind Direction Units,Wind Speed Units,Cloud Type -15,Cloud Type 0,Cloud Type 1,Cloud Type 2,Cloud Type 3,Cloud Type 4,Cloud Type 5,Cloud Type 6,Cloud Type 7,Cloud Type 8,Cloud Type 9,Cloud Type 10,Cloud Type 11,Cloud Type 12,Fill Flag 0,Fill Flag 1,Fill Flag 2,Fill Flag 3,Fill Flag 4,Fill Flag 5,Surface Albedo Units,Version
NSRDB,1305536,-,-,-,33.46,-112.09,0,w/m2,w/m2,w/m2,c,w/m2,w/m2,w/m2,Degree,c,mbar,%,cm,Degrees,m/s,N/A,Clear,Probably Clear,Fog,Water,Super-Cooled Water,Mixed,Opaque Ice,Cirrus,Overlapping,Overshooting,Unknown,Dust,Smoke,N/A,Missing Image,Low Irradiance,Exceeds Clearsky,Missing CLoud Properties,Rayleigh Violation,N/A,4.0.1
Year,Month,Day,Hour,Minute,Temperature,Dew Point,Relative Humidity,,,,,,,,,,,,,,,,,,,,,,,,,,,,,,,,,,,,
2023,1,1,0,0,15.9,8.6,61.96,,,,,,,,,,,,,,,,,,,,,,,,,,,,,,,,,,,,
2023,1,1,1,0,15,8.1,63.37,,,,,,,,,,,,,,,,,,,,,,,,,,,,,,,,,,,,
2023,1,1,2,0,14.3,7.8,65.06,,,,,,,,,,,,,,,,,,,,,,,,,,,,,,,,,,,,
2023,1,1,3,0,13.6,7.6,67.12,,,,,,,,,,,,,,,,,,,,,,,,,,,,,,,,,,,,
2023,1,1,4,0,13,7.5,69.14,,,,,,,,,,,,,,,,,,,,,,,,,,,,,,,,,,,,
2023,1,1,5,0,12.6,7.4,70.61,,,,,,,,,,,,,,,,,,,,,,,,,,,,,,,,,,,,
2023,1,1,6,0,12.3,7.3,71.72,,,,,,,,,,,,,,,,,,,,,,,,,,,,,,,,,,,,
2023,1,1,7,0,12.4,7.4,71.37,,,,,,,,,,,,,,,,,,,,,,,,,,,,,,,,,,,,
2023,1,1,8,0,12.3,7.4,71.8,,,,,,,,,,,,,,,,,,,,,,,,,,,,,,,,,,,,
2023,1,1,9,0,12.3,7.3,71.77,,,,,,,,,,,,,,,,,,,,,,,,,,,,,,,,,,,,
2023,1,1,10,0,12.4,7.3,71.1,,,,,,,,,,,,,,,,,,,,,,,,,,,,,,,,,,,,
2023,1,1,11,0,12.7,7.3,69.7,,,,,,,,,,,,,,,,,,,,,,,,,,,,,,,,,,,,
2023,1,1,12,0,12.9,7.4,69.39,,,,,,,,,,,,,,,,,,,,,,,,,,,,,,,,,,,,
2023,1,1,13,0,13.1,8.1,71.82,,,,,,,,,,,,,,,,,,,,,,,,,,,,,,,,,,,,
2023,1,1,14,0,13.4,9.5,77.17,,,,,,,,,,,,,,,,,,,,,,,,,,,,,,,,,,,,
2023,1,1,15,0,13.2,10.6,84.01,,,,,,,,,,,,,,,,,,,,,,,,,,,,,,,,,,,,
2023,1,1,16,0,13.3,11.3,87.59,,,,,,,,,,,,,,,,,,,,,,,,,,,,,,,,,,,,
2023,1,1,17,0,14.1,11.9,86.36,,,,,,,,,,,,,,,,,,,,,,,,,,,,,,,,,,,,
2023,1,1,18,0,15.1,12.2,82.93,,,,,,,,,,,,,,,,,,,,,,,,,,,,,,,,,,,,
2023,1,1,19,0,15.6,12.4,81.1,,,,,,,,,,,,,,,,,,,,,,,,,,,,,,,,,,,,
2023,1,1,20,0,16,12.2,78.34,,,,,,,,,,,,,,,,,,,,,,,,,,,,,,,,,,,,
2023,1,1,21,0,15.9,11,72.83,,,,,,,,,,,,,,,,,,,,,,,,,,,,,,,,,,,,
2023,1,1,22,0,15.1,9,66.91,,,,,,,,,,,,,,,,,,,,,,,,,,,,,,,,,,,,
2023,1,1,23,0,13.9,7.6,65.94,,,,,,,,,,,,,,,,,,,,,,,,,,,,,,,,,,,,
2023,1,2,0,0,12.1,7.4,73.03,,,,,,,,,,,,,,,,,,,,,,,,,,,,,,,,,,,,
2023,1,2,1,0,11.1,7.2,76.99,,,,,,,,,,,,,,,,,,,,,,,,,,,,,,,,,,,,
2023,1,2,2,0,10.5,7,79.13,,,,,,,,,,,,,,,,,,,,,,,,,,,,,,,,,,,,
2023,1,2,3,0,10.1,6.9,80.76,,,,,,,,,,,,,,,,,,,,,,,,,,,,,,,,,,,,
2023,1,2,4,0,9.6,6.8,82.97,,,,,,,,,,,,,,,,,,,,,,,,,,,,,,,,,,,,
2023,1,2,5,0,8.9,6.6,85.58,,,,,,,,,,,,,,,,,,,,,,,,,,,,,,,,,,,,
2023,1,2,6,0,7.9,6.1,88.14,,,,,,,,,,,,,,,,,,,,,,,,,,,,,,,,,,,,
2023,1,2,7,0,7.2,5.6,89.39,,,,,,,,,,,,,,,,,,,,,,,,,,,,,,,,,,,,
2023,1,2,8,0,6.9,5.1,88.35,,,,,,,,,,,,,,,,,,,,,,,,,,,,,,,,,,,,
2023,1,2,9,0,6.7,4.9,88.58,,,,,,,,,,,,,,,,,,,,,,,,,,,,,,,,,,,,
2023,1,2,10,0,6.9,5.2,88.7,,,,,,,,,,,,,,,,,,,,,,,,,,,,,,,,,,,,
2023,1,2,11,0,7.3,5.5,88.25,,,,,,,,,,,,,,,,,,,,,,,,,,,,,,,,,,,,
2023,1,2,12,0,7.4,5.7,89.1,,,,,,,,,,,,,,,,,,,,,,,,,,,,,,,,,,,,
2023,1,2,13,0,7.4,5.9,90.23,,,,,,,,,,,,,,,,,,,,,,,,,,,,,,,,,,,,
2023,1,2,14,0,7.5,6.1,90.65,,,,,,,,,,,,,,,,,,,,,,,,,,,,,,,,,,,,
2023,1,2,15,0,8.4,6.4,87.17,,,,,,,,,,,,,,,,,,,,,,,,,,,,,,,,,,,,
2023,1,2,16,0,9.6,6.8,82.5,,,,,,,,,,,,,,,,,,,,,,,,,,,,,,,,,,,,
2023,1,2,17,0,11.3,6.9,74.38,,,,,,,,,,,,,,,,,,,,,,,,,,,,,,,,,,,,
2023,1,2,18,0,12.6,6.2,65.04,,,,,,,,,,,,,,,,,,,,,,,,,,,,,,,,,,,,
2023,1,2,19,0,13,5.1,58.82,,,,,,,,,,,,,,,,,,,,,,,,,,,,,,,,,,,,
2023,1,2,20,0,13.2,4.2,54.51,,,,,,,,,,,,,,,,,,,,,,,,,,,,,,,,,,,,
2023,1,2,21,0,13.2,3.6,52.28,,,,,,,,,,,,,,,,,,,,,,,,,,,,,,,,,,,,
2023,1,2,22,0,13.1,3.3,51.49,,,,,,,,,,,,,,,,,,,,,,,,,,,,,,,,,,,,
2023,1,2,23,0,12.2,4.6,59.54,,,,,,,,,,,,,,,,,,,,,,,,,,,,,,,,,,,,
2023,1,3,0,0,10.1,4.7,69.05,,,,,,,,,,,,,,,,,,,,,,,,,,,,,,,,,,,,
2023,1,3,1,0,9.4,3.7,67.54,,,,,,,,,,,,,,,,,,,,,,,,,,,,,,,,,,,,
2023,1,3,2,0,8.9,3.3,67.95,,,,,,,,,,,,,,,,,,,,,,,,,,,,,,,,,,,,
2023,1,3,3,0,8.6,3.3,69.34,,,,,,,,,,,,,,,,,,,,,,,,,,,,,,,,,,,,
2023,1,3,4,0,8,3.2,71.47,,,,,,,,,,,,,,,,,,,,,,,,,,,,,,,,,,,,
2023,1,3,5,0,7.7,3.5,74.77,,,,,,,,,,,,,,,,,,,,,,,,,,,,,,,,,,,,
2023,1,3,6,0,7.3,3.4,76.48,,,,,,,,,,,,,,,,,,,,,,,,,,,,,,,,,,,,
2023,1,3,7,0,7,3.5,78.38,,,,,,,,,,,,,,,,,,,,,,,,,,,,,,,,,,,,
2023,1,3,8,0,6.6,3.4,79.85,,,,,,,,,,,,,,,,,,,,,,,,,,,,,,,,,,,,
2023,1,3,9,0,6.3,3.2,80.58,,,,,,,,,,,,,,,,,,,,,,,,,,,,,,,,,,,,
2023,1,3,10,0,6.3,3.2,80.65,,,,,,,,,,,,,,,,,,,,,,,,,,,,,,,,,,,,
2023,1,3,11,0,6.2,3.3,81.52,,,,,,,,,,,,,,,,,,,,,,,,,,,,,,,,,,,,
2023,1,3,12,0,6.2,3.4,81.99,,,,,,,,,,,,,,,,,,,,,,,,,,,,,,,,,,,,
2023,1,3,13,0,6.3,3.6,82.64,,,,,,,,,,,,,,,,,,,,,,,,,,,,,,,,,,,,
2023,1,3,14,0,6.3,3.9,84.86,,,,,,,,,,,,,,,,,,,,,,,,,,,,,,,,,,,,
2023,1,3,15,0,7.8,5.2,83.55,,,,,,,,,,,,,,,,,,,,,,,,,,,,,,,,,,,,
2023,1,3,16,0,9.7,5.6,75.56,,,,,,,,,,,,,,,,,,,,,,,,,,,,,,,,,,,,
2023,1,3,17,0,11.8,5.5,65.33,,,,,,,,,,,,,,,,,,,,,,,,,,,,,,,,,,,,
2023,1,3,18,0,13.2,4.6,55.84,,,,,,,,,,,,,,,,,,,,,,,,,,,,,,,,,,,,
2023,1,3,19,0,14.2,4,50.23,,,,,,,,,,,,,,,,,,,,,,,,,,,,,,,,,,,,
2023,1,3,20,0,15.1,3.7,46.58,,,,,,,,,,,,,,,,,,,,,,,,,,,,,,,,,,,,
2023,1,3,21,0,15.5,3.7,45.19,,,,,,,,,,,,,,,,,,,,,,,,,,,,,,,,,,,,
2023,1,3,22,0,15.4,3.8,45.75,,,,,,,,,,,,,,,,,,,,,,,,,,,,,,,,,,,,
2023,1,3,23,0,14.3,5.5,55.4,,,,,,,,,,,,,,,,,,,,,,,,,,,,,,,,,,,,
2023,1,4,0,0,12.1,4.7,60.65,,,,,,,,,,,,,,,,,,,,,,,,,,,,,,,,,,,,
2023,1,4,1,0,10.7,4.2,63.99,,,,,,,,,,,,,,,,,,,,,,,,,,,,,,,,,,,,
2023,1,4,2,0,9.9,4.2,67.61,,,,,,,,,,,,,,,,,,,,,,,,,,,,,,,,,,,,
2023,1,4,3,0,9.6,4.5,70.48,,,,,,,,,,,,,,,,,,,,,,,,,,,,,,,,,,,,
2023,1,4,4,0,9.2,4.5,72.62,,,,,,,,,,,,,,,,,,,,,,,,,,,,,,,,,,,,
2023,1,4,5,0,8.9,4.5,73.9,,,,,,,,,,,,,,,,,,,,,,,,,,,,,,,,,,,,
2023,1,4,6,0,8.4,4.3,75.57,,,,,,,,,,,,,,,,,,,,,,,,,,,,,,,,,,,,
2023,1,4,7,0,8.3,4.3,75.84,,,,,,,,,,,,,,,,,,,,,,,,,,,,,,,,,,,,
2023,1,4,8,0,8.6,4.4,74.97,,,,,,,,,,,,,,,,,,,,,,,,,,,,,,,,,,,,
2023,1,4,9,0,8.7,4.4,74.36,,,,,,,,,,,,,,,,,,,,,,,,,,,,,,,,,,,,
2023,1,4,10,0,8.8,4.4,74.08,,,,,,,,,,,,,,,,,,,,,,,,,,,,,,,,,,,,
2023,1,4,11,0,8.6,4.3,74.31,,,,,,,,,,,,,,,,,,,,,,,,,,,,,,,,,,,,
2023,1,4,12,0,8.3,4.1,74.8,,,,,,,,,,,,,,,,,,,,,,,,,,,,,,,,,,,,
2023,1,4,13,0,8.1,4,75.27,,,,,,,,,,,,,,,,,,,,,,,,,,,,,,,,,,,,
2023,1,4,14,0,8.3,4,74.21,,,,,,,,,,,,,,,,,,,,,,,,,,,,,,,,,,,,
2023,1,4,15,0,10.1,4.4,67.74,,,,,,,,,,,,,,,,,,,,,,,,,,,,,,,,,,,,
2023,1,4,16,0,11.8,4.4,60.5,,,,,,,,,,,,,,,,,,,,,,,,,,,,,,,,,,,,
2023,1,4,17,0,14.4,4.3,50.72,,,,,,,,,,,,,,,,,,,,,,,,,,,,,,,,,,,,
2023,1,4,18,0,16.9,4,42.44,,,,,,,,,,,,,,,,,,,,,,,,,,,,,,,,,,,,
2023,1,4,19,0,18.3,4.3,39.45,,,,,,,,,,,,,,,,,,,,,,,,,,,,,,,,,,,,
2023,1,4,20,0,18.9,4.3,38.21,,,,,,,,,,,,,,,,,,,,,,,,,,,,,,,,,,,,
2023,1,4,21,0,19.1,4.2,37.39,,,,,,,,,,,,,,,,,,,,,,,,,,,,,,,,,,,,
2023,1,4,22,0,18.9,4,37.29,,,,,,,,,,,,,,,,,,,,,,,,,,,,,,,,,,,,
2023,1,4,23,0,17.6,5.9,46.35,,,,,,,,,,,,,,,,,,,,,,,,,,,,,,,,,,,,
2023,1,5,0,0,15.5,4.8,49.03,,,,,,,,,,,,,,,,,,,,,,,,,,,,,,,,,,,,
2023,1,5,1,0,14.1,4.3,51.72,,,,,,,,,,,,,,,,,,,,,,,,,,,,,,,,,,,,
2023,1,5,2,0,12.7,4.1,55.78,,,,,,,,,,,,,,,,,,,,,,,,,,,,,,,,,,,,
2023,1,5,3,0,11.2,4,61.27,,,,,,,,,,,,,,,,,,,,,,,,,,,,,,,,,,,,
2023,1,5,4,0,10.2,3.7,64.23,,,,,,,,,,,,,,,,,,,,,,,,,,,,,,,,,,,,
2023,1,5,5,0,9.4,3.4,66.04,,,,,,,,,,,,,,,,,,,,,,,,,,,,,,,,,,,,
2023,1,5,6,0,8.8,3,66.99,,,,,,,,,,,,,,,,,,,,,,,,,,,,,,,,,,,,
2023,1,5,7,0,8.4,2.6,67.07,,,,,,,,,,,,,,,,,,,,,,,,,,,,,,,,,,,,
2023,1,5,8,0,8,2.3,67.04,,,,,,,,,,,,,,,,,,,,,,,,,,,,,,,,,,,,
2023,1,5,9,0,7.7,1.9,66.68,,,,,,,,,,,,,,,,,,,,,,,,,,,,,,,,,,,,
2023,1,5,10,0,7.6,1.6,65.66,,,,,,,,,,,,,,,,,,,,,,,,,,,,,,,,,,,,
2023,1,5,11,0,7.5,1.3,64.61,,,,,,,,,,,,,,,,,,,,,,,,,,,,,,,,,,,,
2023,1,5,12,0,7.3,1.1,64.64,,,,,,,,,,,,,,,,,,,,,,,,,,,,,,,,,,,,
2023,1,5,13,0,7.2,1,64.94,,,,,,,,,,,,,,,,,,,,,,,,,,,,,,,,,,,,
2023,1,5,14,0,7.4,1.1,64.46,,,,,,,,,,,,,,,,,,,,,,,,,,,,,,,,,,,,
2023,1,5,15,0,10.1,1.6,55.49,,,,,,,,,,,,,,,,,,,,,,,,,,,,,,,,,,,,
2023,1,5,16,0,12.7,1.8,47.54,,,,,,,,,,,,,,,,,,,,,,,,,,,,,,,,,,,,
2023,1,5,17,0,15.7,1.7,38.73,,,,,,,,,,,,,,,,,,,,,,,,,,,,,,,,,,,,
2023,1,5,18,0,18.2,1.1,31.82,,,,,,,,,,,,,,,,,,,,,,,,,,,,,,,,,,,,
2023,1,5,19,0,19.9,0.8,27.92,,,,,,,,,,,,,,,,,,,,,,,,,,,,,,,,,,,,
2023,1,5,20,0,20.6,0.7,26.55,,,,,,,,,,,,,,,,,,,,,,,,,,,,,,,,,,,,
2023,1,5,21,0,20.9,0.8,26.16,,,,,,,,,,,,,,,,,,,,,,,,,,,,,,,,,,,,
2023,1,5,22,0,20.3,1.8,29.17,,,,,,,,,,,,,,,,,,,,,,,,,,,,,,,,,,,,
2023,1,5,23,0,17.7,6.9,49.05,,,,,,,,,,,,,,,,,,,,,,,,,,,,,,,,,,,,
2023,1,6,0,0,15.5,4.9,49.1,,,,,,,,,,,,,,,,,,,,,,,,,,,,,,,,,,,,
2023,1,6,1,0,14.4,4.6,51.92,,,,,,,,,,,,,,,,,,,,,,,,,,,,,,,,,,,,
2023,1,6,2,0,13.7,4.7,54.47,,,,,,,,,,,,,,,,,,,,,,,,,,,,,,,,,,,,
2023,1,6,3,0,13.2,4.8,56.56,,,,,,,,,,,,,,,,,,,,,,,,,,,,,,,,,,,,
2023,1,6,4,0,12.5,4.8,59.55,,,,,,,,,,,,,,,,,,,,,,,,,,,,,,,,,,,,
2023,1,6,5,0,11.7,4.8,62.61,,,,,,,,,,,,,,,,,,,,,,,,,,,,,,,,,,,,
2023,1,6,6,0,11.4,4.9,64.27,,,,,,,,,,,,,,,,,,,,,,,,,,,,,,,,,,,,
2023,1,6,7,0,11.3,5.2,65.9,,,,,,,,,,,,,,,,,,,,,,,,,,,,,,,,,,,,
2023,1,6,8,0,11.2,5.3,67.13,,,,,,,,,,,,,,,,,,,,,,,,,,,,,,,,,,,,
2023,1,6,9,0,11,5.4,68.29,,,,,,,,,,,,,,,,,,,,,,,,,,,,,,,,,,,,
2023,1,6,10,0,10.5,5.5,71.33,,,,,,,,,,,,,,,,,,,,,,,,,,,,,,,,,,,,
2023,1,6,11,0,10,5.7,74.39,,,,,,,,,,,,,,,,,,,,,,,,,,,,,,,,,,,,
2023,1,6,12,0,9.7,5.7,76.14,,,,,,,,,,,,,,,,,,,,,,,,,,,,,,,,,,,,
2023,1,6,13,0,9.6,5.7,76.44,,,,,,,,,,,,,,,,,,,,,,,,,,,,,,,,,,,,
2023,1,6,14,0,9.3,5.6,77.52,,,,,,,,,,,,,,,,,,,,,,,,,,,,,,,,,,,,
2023,1,6,15,0,10.3,6.2,75.65,,,,,,,,,,,,,,,,,,,,,,,,,,,,,,,,,,,,
2023,1,6,16,0,13.2,6.3,62.97,,,,,,,,,,,,,,,,,,,,,,,,,,,,,,,,,,,,
2023,1,6,17,0,15.9,5.2,48.99,,,,,,,,,,,,,,,,,,,,,,,,,,,,,,,,,,,,
2023,1,6,18,0,17.6,3.4,38.92,,,,,,,,,,,,,,,,,,,,,,,,,,,,,,,,,,,,
2023,1,6,19,0,18.7,2.3,33.55,,,,,,,,,,,,,,,,,,,,,,,,,,,,,,,,,,,,
2023,1,6,20,0,19.3,1.5,30.58,,,,,,,,,,,,,,,,,,,,,,,,,,,,,,,,,,,,
2023,1,6,21,0,19.4,0.9,29.03,,,,,,,,,,,,,,,,,,,,,,,,,,,,,,,,,,,,
2023,1,6,22,0,19,0.6,29.14,,,,,,,,,,,,,,,,,,,,,,,,,,,,,,,,,,,,
2023,1,6,23,0,17.3,4.4,42.4,,,,,,,,,,,,,,,,,,,,,,,,,,,,,,,,,,,,
2023,1,7,0,0,15,2.7,43.6,,,,,,,,,,,,,,,,,,,,,,,,,,,,,,,,,,,,
2023,1,7,1,0,13.8,2,44.87,,,,,,,,,,,,,,,,,,,,,,,,,,,,,,,,,,,,
2023,1,7,2,0,12.3,2.1,49.84,,,,,,,,,,,,,,,,,,,,,,,,,,,,,,,,,,,,
2023,1,7,3,0,10.8,2,54.6,,,,,,,,,,,,,,,,,,,,,,,,,,,,,,,,,,,,
2023,1,7,4,0,9.9,1.7,56.61,,,,,,,,,,,,,,,,,,,,,,,,,,,,,,,,,,,,
2023,1,7,5,0,9.1,1.2,57.54,,,,,,,,,,,,,,,,,,,,,,,,,,,,,,,,,,,,
2023,1,7,6,0,8.6,0.6,57.36,,,,,,,,,,,,,,,,,,,,,,,,,,,,,,,,,,,,
2023,1,7,7,0,8.2,0.1,56.68,,,,,,,,,,,,,,,,,,,,,,,,,,,,,,,,,,,,
2023,1,7,8,0,7.5,-0.4,57.3,,,,,,,,,,,,,,,,,,,,,,,,,,,,,,,,,,,,
2023,1,7,9,0,7,-0.8,57.42,,,,,,,,,,,,,,,,,,,,,,,,,,,,,,,,,,,,
2023,1,7,10,0,6.5,-1.2,57.96,,,,,,,,,,,,,,,,,,,,,,,,,,,,,,,,,,,,
2023,1,7,11,0,6.2,-1.4,58.12,,,,,,,,,,,,,,,,,,,,,,,,,,,,,,,,,,,,
2023,1,7,12,0,5.9,-1.6,58.78,,,,,,,,,,,,,,,,,,,,,,,,,,,,,,,,,,,,
2023,1,7,13,0,5.7,-1.6,59.25,,,,,,,,,,,,,,,,,,,,,,,,,,,,,,,,,,,,
2023,1,7,14,0,5.5,-1.7,59.89,,,,,,,,,,,,,,,,,,,,,,,,,,,,,,,,,,,,
2023,1,7,15,0,7.7,-1.5,52.23,,,,,,,,,,,,,,,,,,,,,,,,,,,,,,,,,,,,
2023,1,7,16,0,10.8,-1.1,43.71,,,,,,,,,,,,,,,,,,,,,,,,,,,,,,,,,,,,
2023,1,7,17,0,14.9,-1.4,32.66,,,,,,,,,,,,,,,,,,,,,,,,,,,,,,,,,,,,
2023,1,7,18,0,18.8,-3.7,21.44,,,,,,,,,,,,,,,,,,,,,,,,,,,,,,,,,,,,
2023,1,7,19,0,20.5,-4.6,18.11,,,,,,,,,,,,,,,,,,,,,,,,,,,,,,,,,,,,
2023,1,7,20,0,21.4,-5.1,16.46,,,,,,,,,,,,,,,,,,,,,,,,,,,,,,,,,,,,
2023,1,7,21,0,21.6,-5.2,16.13,,,,,,,,,,,,,,,,,,,,,,,,,,,,,,,,,,,,
2023,1,7,22,0,21.3,-4.7,17.08,,,,,,,,,,,,,,,,,,,,,,,,,,,,,,,,,,,,
2023,1,7,23,0,19.4,1.6,30.55,,,,,,,,,,,,,,,,,,,,,,,,,,,,,,,,,,,,
2023,1,8,0,0,17.1,-1.8,27.59,,,,,,,,,,,,,,,,,,,,,,,,,,,,,,,,,,,,
2023,1,8,1,0,15.9,-1.2,31.04,,,,,,,,,,,,,,,,,,,,,,,,,,,,,,,,,,,,
2023,1,8,2,0,14.4,-0.2,36.74,,,,,,,,,,,,,,,,,,,,,,,,,,,,,,,,,,,,
2023,1,8,3,0,13,0.2,41.56,,,,,,,,,,,,,,,,,,,,,,,,,,,,,,,,,,,,
2023,1,8,4,0,11.7,0.6,46.5,,,,,,,,,,,,,,,,,,,,,,,,,,,,,,,,,,,,
2023,1,8,5,0,10.7,0.9,50.63,,,,,,,,,,,,,,,,,,,,,,,,,,,,,,,,,,,,
2023,1,8,6,0,10,1,53.75,,,,,,,,,,,,,,,,,,,,,,,,,,,,,,,,,,,,
2023,1,8,7,0,9.3,1.1,56.39,,,,,,,,,,,,,,,,,,,,,,,,,,,,,,,,,,,,
2023,1,8,8,0,8.6,1,58.79,,,,,,,,,,,,,,,,,,,,,,,,,,,,,,,,,,,,
2023,1,8,9,0,8.2,0.7,59.26,,,,,,,,,,,,,,,,,,,,,,,,,,,,,,,,,,,,
2023,1,8,10,0,7.9,0.3,58.82,,,,,,,,,,,,,,,,,,,,,,,,,,,,,,,,,,,,
2023,1,8,11,0,7.7,-0.1,57.89,,,,,,,,,,,,,,,,,,,,,,,,,,,,,,,,,,,,
2023,1,8,12,0,7.6,-0.5,56.64,,,,,,,,,,,,,,,,,,,,,,,,,,,,,,,,,,,,
2023,1,8,13,0,7.4,-0.7,56.32,,,,,,,,,,,,,,,,,,,,,,,,,,,,,,,,,,,,
2023,1,8,14,0,7.5,-0.8,55.82,,,,,,,,,,,,,,,,,,,,,,,,,,,,,,,,,,,,
2023,1,8,15,0,10.4,0.4,49.93,,,,,,,,,,,,,,,,,,,,,,,,,,,,,,,,,,,,
2023,1,8,16,0,13.7,-0.4,37.9,,,,,,,,,,,,,,,,,,,,,,,,,,,,,,,,,,,,
2023,1,8,17,0,16.5,-1.1,30.11,,,,,,,,,,,,,,,,,,,,,,,,,,,,,,,,,,,,
2023,1,8,18,0,18.8,-1.3,25.73,,,,,,,,,,,,,,,,,,,,,,,,,,,,,,,,,,,,
2023,1,8,19,0,20.3,-1.3,23.46,,,,,,,,,,,,,,,,,,,,,,,,,,,,,,,,,,,,
2023,1,8,20,0,21.3,-1.3,21.91,,,,,,,,,,,,,,,,,,,,,,,,,,,,,,,,,,,,
2023,1,8,21,0,21.5,-1.3,21.78,,,,,,,,,,,,,,,,,,,,,,,,,,,,,,,,,,,,
2023,1,8,22,0,21,-0.7,23.47,,,,,,,,,,,,,,,,,,,,,,,,,,,,,,,,,,,,
2023,1,8,23,0,18.5,5.8,43.21,,,,,,,,,,,,,,,,,,,,,,,,,,,,,,,,,,,,
2023,1,9,0,0,15.8,2.6,41.23,,,,,,,,,,,,,,,,,,,,,,,,,,,,,,,,,,,,
2023,1,9,1,0,15,0.9,38.18,,,,,,,,,,,,,,,,,,,,,,,,,,,,,,,,,,,,
2023,1,9,2,0,14.4,0.2,37.73,,,,,,,,,,,,,,,,,,,,,,,,,,,,,,,,,,,,
2023,1,9,3,0,13.2,0.1,40.53,,,,,,,,,,,,,,,,,,,,,,,,,,,,,,,,,,,,
2023,1,9,4,0,12.5,-0.1,41.82,,,,,,,,,,,,,,,,,,,,,,,,,,,,,,,,,,,,
2023,1,9,5,0,12.2,-0.4,41.91,,,,,,,,,,,,,,,,,,,,,,,,,,,,,,,,,,,,
2023,1,9,6,0,11.7,-0.5,42.87,,,,,,,,,,,,,,,,,,,,,,,,,,,,,,,,,,,,
2023,1,9,7,0,10.9,-0.5,45.18,,,,,,,,,,,,,,,,,,,,,,,,,,,,,,,,,,,,
2023,1,9,8,0,9.9,-0.5,48.47,,,,,,,,,,,,,,,,,,,,,,,,,,,,,,,,,,,,
2023,1,9,9,0,9,-0.4,51.61,,,,,,,,,,,,,,,,,,,,,,,,,,,,,,,,,,,,
2023,1,9,10,0,8.2,-0.5,54.19,,,,,,,,,,,,,,,,,,,,,,,,,,,,,,,,,,,,
2023,1,9,11,0,7.3,-0.6,57.34,,,,,,,,,,,,,,,,,,,,,,,,,,,,,,,,,,,,
2023,1,9,12,0,6.9,-0.5,59.18,,,,,,,,,,,,,,,,,,,,,,,,,,,,,,,,,,,,
2023,1,9,13,0,6.5,-0.8,59.54,,,,,,,,,,,,,,,,,,,,,,,,,,,,,,,,,,,,
2023,1,9,14,0,6.3,-1,59.72,,,,,,,,,,,,,,,,,,,,,,,,,,,,,,,,,,,,
2023,1,9,15,0,9.5,1.2,56.17,,,,,,,,,,,,,,,,,,,,,,,,,,,,,,,,,,,,
2023,1,9,16,0,13.3,-0.3,39.3,,,,,,,,,,,,,,,,,,,,,,,,,,,,,,,,,,,,
2023,1,9,17,0,16.2,-0.4,32.37,,,,,,,,,,,,,,,,,,,,,,,,,,,,,,,,,,,,
2023,1,9,18,0,18.2,-0.4,28.48,,,,,,,,,,,,,,,,,,,,,,,,,,,,,,,,,,,,
2023,1,9,19,0,20.2,-1.1,23.82,,,,,,,,,,,,,,,,,,,,,,,,,,,,,,,,,,,,
2023,1,9,20,0,21.2,-1.5,21.81,,,,,,,,,,,,,,,,,,,,,,,,,,,,,,,,,,,,
2023,1,9,21,0,21.3,-1.7,21.31,,,,,,,,,,,,,,,,,,,,,,,,,,,,,,,,,,,,
2023,1,9,22,0,20.8,-1.6,22.12,,,,,,,,,,,,,,,,,,,,,,,,,,,,,,,,,,,,
2023,1,9,23,0,19.2,2.7,33.47,,,,,,,,,,,,,,,,,,,,,,,,,,,,,,,,,,,,
2023,1,10,0,0,17.6,0.6,31.82,,,,,,,,,,,,,,,,,,,,,,,,,,,,,,,,,,,,
2023,1,10,1,0,16.9,-0.7,30.14,,,,,,,,,,,,,,,,,,,,,,,,,,,,,,,,,,,,
2023,1,10,2,0,16.2,-1.1,30.76,,,,,,,,,,,,,,,,,,,,,,,,,,,,,,,,,,,,
2023,1,10,3,0,15,-0.6,34.34,,,,,,,,,,,,,,,,,,,,,,,,,,,,,,,,,,,,
2023,1,10,4,0,13.9,-0.6,36.95,,,,,,,,,,,,,,,,,,,,,,,,,,,,,,,,,,,,
2023,1,10,5,0,13.1,-0.7,38.56,,,,,,,,,,,,,,,,,,,,,,,,,,,,,,,,,,,,
2023,1,10,6,0,12.4,-0.9,39.95,,,,,,,,,,,,,,,,,,,,,,,,,,,,,,,,,,,,
2023,1,10,7,0,11.8,-0.9,41.46,,,,,,,,,,,,,,,,,,,,,,,,,,,,,,,,,,,,
2023,1,10,8,0,10.8,-0.5,45.57,,,,,,,,,,,,,,,,,,,,,,,,,,,,,,,,,,,,
2023,1,10,9,0,9.5,-0.1,51.05,,,,,,,,,,,,,,,,,,,,,,,,,,,,,,,,,,,,
2023,1,10,10,0,9.2,0.2,53.32,,,,,,,,,,,,,,,,,,,,,,,,,,,,,,,,,,,,
2023,1,10,11,0,9.1,0.3,54.21,,,,,,,,,,,,,,,,,,,,,,,,,,,,,,,,,,,,
2023,1,10,12,0,8.8,0.4,55.42,,,,,,,,,,,,,,,,,,,,,,,,,,,,,,,,,,,,
2023,1,10,13,0,8.6,0.3,55.9,,,,,,,,,,,,,,,,,,,,,,,,,,,,,,,,,,,,
2023,1,10,14,0,8.4,0.2,56.33,,,,,,,,,,,,,,,,,,,,,,,,,,,,,,,,,,,,
2023,1,10,15,0,10,1.6,55.94,,,,,,,,,,,,,,,,,,,,,,,,,,,,,,,,,,,,
2023,1,10,16,0,13.2,0.2,40.96,,,,,,,,,,,,,,,,,,,,,,,,,,,,,,,,,,,,
2023,1,10,17,0,15.5,-0.8,32.8,,,,,,,,,,,,,,,,,,,,,,,,,,,,,,,,,,,,
2023,1,10,18,0,18,-1.4,26.72,,,,,,,,,,,,,,,,,,,,,,,,,,,,,,,,,,,,
2023,1,10,19,0,20.2,-1.6,22.94,,,,,,,,,,,,,,,,,,,,,,,,,,,,,,,,,,,,
2023,1,10,20,0,21.3,-1.1,22.31,,,,,,,,,,,,,,,,,,,,,,,,,,,,,,,,,,,,
2023,1,10,21,0,21.2,-0.4,23.6,,,,,,,,,,,,,,,,,,,,,,,,,,,,,,,,,,,,
2023,1,10,22,0,19.5,4.5,37.27,,,,,,,,,,,,,,,,,,,,,,,,,,,,,,,,,,,,
2023,1,10,23,0,18,6.7,47.64,,,,,,,,,,,,,,,,,,,,,,,,,,,,,,,,,,,,
2023,1,11,0,0,15.4,3.4,44.76,,,,,,,,,,,,,,,,,,,,,,,,,,,,,,,,,,,,
2023,1,11,1,0,14.5,2.9,45.54,,,,,,,,,,,,,,,,,,,,,,,,,,,,,,,,,,,,
2023,1,11,2,0,13.7,3.2,49.04,,,,,,,,,,,,,,,,,,,,,,,,,,,,,,,,,,,,
2023,1,11,3,0,12.6,3.5,54.04,,,,,,,,,,,,,,,,,,,,,,,,,,,,,,,,,,,,
2023,1,11,4,0,11.4,3.8,59.45,,,,,,,,,,,,,,,,,,,,,,,,,,,,,,,,,,,,
2023,1,11,5,0,11.3,4.7,63.79,,,,,,,,,,,,,,,,,,,,,,,,,,,,,,,,,,,,
2023,1,11,6,0,11.1,5.4,67.93,,,,,,,,,,,,,,,,,,,,,,,,,,,,,,,,,,,,
2023,1,11,7,0,11,5.8,70.36,,,,,,,,,,,,,,,,,,,,,,,,,,,,,,,,,,,,
2023,1,11,8,0,10.9,6.1,72.27,,,,,,,,,,,,,,,,,,,,,,,,,,,,,,,,,,,,
2023,1,11,9,0,10.5,6.3,75.22,,,,,,,,,,,,,,,,,,,,,,,,,,,,,,,,,,,,
2023,1,11,10,0,9.9,6.3,78.51,,,,,,,,,,,,,,,,,,,,,,,,,,,,,,,,,,,,
2023,1,11,11,0,9.2,6.5,83.35,,,,,,,,,,,,,,,,,,,,,,,,,,,,,,,,,,,,
2023,1,11,12,0,8.8,6.6,85.99,,,,,,,,,,,,,,,,,,,,,,,,,,,,,,,,,,,,
2023,1,11,13,0,8,6.2,88.45,,,,,,,,,,,,,,,,,,,,,,,,,,,,,,,,,,,,
2023,1,11,14,0,7.9,5.6,85.11,,,,,,,,,,,,,,,,,,,,,,,,,,,,,,,,,,,,
2023,1,11,15,0,10,5.9,75.69,,,,,,,,,,,,,,,,,,,,,,,,,,,,,,,,,,,,
2023,1,11,16,0,12.5,5.6,62.83,,,,,,,,,,,,,,,,,,,,,,,,,,,,,,,,,,,,
2023,1,11,17,0,14.7,1.9,42.01,,,,,,,,,,,,,,,,,,,,,,,,,,,,,,,,,,,,
2023,1,11,18,0,16.2,-1,31.01,,,,,,,,,,,,,,,,,,,,,,,,,,,,,,,,,,,,
2023,1,11,19,0,17.7,-2.4,25.29,,,,,,,,,,,,,,,,,,,,,,,,,,,,,,,,,,,,
2023,1,11,20,0,18.5,-3.4,22.44,,,,,,,,,,,,,,,,,,,,,,,,,,,,,,,,,,,,
2023,1,11,21,0,18.7,-4,21.11,,,,,,,,,,,,,,,,,,,,,,,,,,,,,,,,,,,,
2023,1,11,22,0,17.8,-2.8,24.4,,,,,,,,,,,,,,,,,,,,,,,,,,,,,,,,,,,,
2023,1,11,23,0,15.9,3,42.11,,,,,,,,,,,,,,,,,,,,,,,,,,,,,,,,,,,,
2023,1,12,0,0,12.7,1.1,45.23,,,,,,,,,,,,,,,,,,,,,,,,,,,,,,,,,,,,
2023,1,12,1,0,11.5,-0.1,44.78,,,,,,,,,,,,,,,,,,,,,,,,,,,,,,,,,,,,
2023,1,12,2,0,11.5,-1.1,41.62,,,,,,,,,,,,,,,,,,,,,,,,,,,,,,,,,,,,
2023,1,12,3,0,11.7,-2.1,38.22,,,,,,,,,,,,,,,,,,,,,,,,,,,,,,,,,,,,
2023,1,12,4,0,11,-2.1,39.84,,,,,,,,,,,,,,,,,,,,,,,,,,,,,,,,,,,,
2023,1,12,5,0,9.3,-1.6,46.34,,,,,,,,,,,,,,,,,,,,,,,,,,,,,,,,,,,,
2023,1,12,6,0,8.2,-1.4,50.75,,,,,,,,,,,,,,,,,,,,,,,,,,,,,,,,,,,,
2023,1,12,7,0,7.4,-1.3,54.21,,,,,,,,,,,,,,,,,,,,,,,,,,,,,,,,,,,,
2023,1,12,8,0,6.7,-1.1,57.34,,,,,,,,,,,,,,,,,,,,,,,,,,,,,,,,,,,,
2023,1,12,9,0,6.3,-1.2,58.71,,,,,,,,,,,,,,,,,,,,,,,,,,,,,,,,,,,,
2023,1,12,10,0,6,-1.5,58.58,,,,,,,,,,,,,,,,,,,,,,,,,,,,,,,,,,,,
2023,1,12,11,0,5.8,-2,57.18,,,,,,,,,,,,,,,,,,,,,,,,,,,,,,,,,,,,
2023,1,12,12,0,5.6,-2.6,55.55,,,,,,,,,,,,,,,,,,,,,,,,,,,,,,,,,,,,
2023,1,12,13,0,5.5,-3,54.48,,,,,,,,,,,,,,,,,,,,,,,,,,,,,,,,,,,,
2023,1,12,14,0,5.6,-3,53.75,,,,,,,,,,,,,,,,,,,,,,,,,,,,,,,,,,,,
2023,1,12,15,0,9,-2.7,43.58,,,,,,,,,,,,,,,,,,,,,,,,,,,,,,,,,,,,
2023,1,12,16,0,12,-2.3,36.98,,,,,,,,,,,,,,,,,,,,,,,,,,,,,,,,,,,,
2023,1,12,17,0,16.2,-2.9,26.83,,,,,,,,,,,,,,,,,,,,,,,,,,,,,,,,,,,,
2023,1,12,18,0,19.7,-4.5,19.06,,,,,,,,,,,,,,,,,,,,,,,,,,,,,,,,,,,,
2023,1,12,19,0,21.5,-4.8,16.79,,,,,,,,,,,,,,,,,,,,,,,,,,,,,,,,,,,,
2023,1,12,20,0,22.6,-4.9,15.58,,,,,,,,,,,,,,,,,,,,,,,,,,,,,,,,,,,,
2023,1,12,21,0,23.2,-4.8,15.1,,,,,,,,,,,,,,,,,,,,,,,,,,,,,,,,,,,,
2023,1,12,22,0,22.9,-3,17.61,,,,,,,,,,,,,,,,,,,,,,,,,,,,,,,,,,,,
2023,1,12,23,0,20.6,3.9,33.29,,,,,,,,,,,,,,,,,,,,,,,,,,,,,,,,,,,,
2023,1,13,0,0,17.5,0.3,31.2,,,,,,,,,,,,,,,,,,,,,,,,,,,,,,,,,,,,
2023,1,13,1,0,14.8,0.4,37.52,,,,,,,,,,,,,,,,,,,,,,,,,,,,,,,,,,,,
2023,1,13,2,0,13,0.5,42.39,,,,,,,,,,,,,,,,,,,,,,,,,,,,,,,,,,,,
2023,1,13,3,0,12.5,-0.2,41.71,,,,,,,,,,,,,,,,,,,,,,,,,,,,,,,,,,,,
2023,1,13,4,0,12.2,-1,40.05,,,,,,,,,,,,,,,,,,,,,,,,,,,,,,,,,,,,
2023,1,13,5,0,11.8,-1.7,39.13,,,,,,,,,,,,,,,,,,,,,,,,,,,,,,,,,,,,
2023,1,13,6,0,11.4,-2,39.24,,,,,,,,,,,,,,,,,,,,,,,,,,,,,,,,,,,,
2023,1,13,7,0,10.8,-2.1,40.57,,,,,,,,,,,,,,,,,,,,,,,,,,,,,,,,,,,,
2023,1,13,8,0,10.3,-2.1,41.81,,,,,,,,,,,,,,,,,,,,,,,,,,,,,,,,,,,,
2023,1,13,9,0,10,-2.3,42.09,,,,,,,,,,,,,,,,,,,,,,,,,,,,,,,,,,,,
2023,1,13,10,0,9.8,-2.5,42.13,,,,,,,,,,,,,,,,,,,,,,,,,,,,,,,,,,,,
2023,1,13,11,0,9.5,-2.5,42.82,,,,,,,,,,,,,,,,,,,,,,,,,,,,,,,,,,,,
2023,1,13,12,0,9.1,-2.5,44.08,,,,,,,,,,,,,,,,,,,,,,,,,,,,,,,,,,,,
2023,1,13,13,0,8.7,-2.5,45.4,,,,,,,,,,,,,,,,,,,,,,,,,,,,,,,,,,,,
2023,1,13,14,0,8.6,-2.5,45.64,,,,,,,,,,,,,,,,,,,,,,,,,,,,,,,,,,,,
2023,1,13,15,0,12.2,-1.8,37.87,,,,,,,,,,,,,,,,,,,,,,,,,,,,,,,,,,,,
2023,1,13,16,0,16,-2.8,27.46,,,,,,,,,,,,,,,,,,,,,,,,,,,,,,,,,,,,
2023,1,13,17,0,19,-3,22.42,,,,,,,,,,,,,,,,,,,,,,,,,,,,,,,,,,,,
2023,1,13,18,0,21.5,-2.8,19.47,,,,,,,,,,,,,,,,,,,,,,,,,,,,,,,,,,,,
2023,1,13,19,0,23.3,-2.7,17.61,,,,,,,,,,,,,,,,,,,,,,,,,,,,,,,,,,,,
2023,1,13,20,0,24.3,-2.4,16.96,,,,,,,,,,,,,,,,,,,,,,,,,,,,,,,,,,,,
2023,1,13,21,0,24.6,-2,17.07,,,,,,,,,,,,,,,,,,,,,,,,,,,,,,,,,,,,
2023,1,13,22,0,24,-0.7,19.44,,,,,,,,,,,,,,,,,,,,,,,,,,,,,,,,,,,,
2023,1,13,23,0,22,4.8,32.51,,,,,,,,,,,,,,,,,,,,,,,,,,,,,,,,,,,,
2023,1,14,0,0,20.4,1.3,28.06,,,,,,,,,,,,,,,,,,,,,,,,,,,,,,,,,,,,
2023,1,14,1,0,19.2,0.7,29.01,,,,,,,,,,,,,,,,,,,,,,,,,,,,,,,,,,,,
2023,1,14,2,0,18,0.8,31.53,,,,,,,,,,,,,,,,,,,,,,,,,,,,,,,,,,,,
2023,1,14,3,0,16.7,1.2,35.13,,,,,,,,,,,,,,,,,,,,,,,,,,,,,,,,,,,,
2023,1,14,4,0,15.5,1.6,39.06,,,,,,,,,,,,,,,,,,,,,,,,,,,,,,,,,,,,
2023,1,14,5,0,14.4,1.9,42.72,,,,,,,,,,,,,,,,,,,,,,,,,,,,,,,,,,,,
2023,1,14,6,0,13.5,2.1,45.88,,,,,,,,,,,,,,,,,,,,,,,,,,,,,,,,,,,,
2023,1,14,7,0,12.7,2.2,48.88,,,,,,,,,,,,,,,,,,,,,,,,,,,,,,,,,,,,
2023,1,14,8,0,12,2.2,51.22,,,,,,,,,,,,,,,,,,,,,,,,,,,,,,,,,,,,
2023,1,14,9,0,11.1,2.1,53.72,,,,,,,,,,,,,,,,,,,,,,,,,,,,,,,,,,,,
2023,1,14,10,0,10.2,1.7,55.67,,,,,,,,,,,,,,,,,,,,,,,,,,,,,,,,,,,,
2023,1,14,11,0,9.4,1.4,57.24,,,,,,,,,,,,,,,,,,,,,,,,,,,,,,,,,,,,
2023,1,14,12,0,8.9,1.1,58.24,,,,,,,,,,,,,,,,,,,,,,,,,,,,,,,,,,,,
2023,1,14,13,0,9,1.1,57.84,,,,,,,,,,,,,,,,,,,,,,,,,,,,,,,,,,,,
2023,1,14,14,0,9.2,1.2,57.49,,,,,,,,,,,,,,,,,,,,,,,,,,,,,,,,,,,,
2023,1,14,15,0,10.8,1.8,53.68,,,,,,,,,,,,,,,,,,,,,,,,,,,,,,,,,,,,
2023,1,14,16,0,12.9,1.4,45.58,,,,,,,,,,,,,,,,,,,,,,,,,,,,,,,,,,,,
2023,1,14,17,0,14.8,1,39.05,,,,,,,,,,,,,,,,,,,,,,,,,,,,,,,,,,,,
2023,1,14,18,0,17.1,0.7,33.04,,,,,,,,,,,,,,,,,,,,,,,,,,,,,,,,,,,,
2023,1,14,19,0,19,0.4,28.76,,,,,,,,,,,,,,,,,,,,,,,,,,,,,,,,,,,,
2023,1,14,20,0,20.7,0.1,25.33,,,,,,,,,,,,,,,,,,,,,,,,,,,,,,,,,,,,
2023,1,14,21,0,20.6,0.7,26.57,,,,,,,,,,,,,,,,,,,,,,,,,,,,,,,,,,,,
2023,1,14,22,0,18.2,5.6,43.46,,,,,,,,,,,,,,,,,,,,,,,,,,,,,,,,,,,,
2023,1,14,23,0,16.5,4.9,46.25,,,,,,,,,,,,,,,,,,,,,,,,,,,,,,,,,,,,
2023,1,15,0,0,15.2,3.6,45.83,,,,,,,,,,,,,,,,,,,,,,,,,,,,,,,,,,,,
2023,1,15,1,0,14.4,3.2,46.97,,,,,,,,,,,,,,,,,,,,,,,,,,,,,,,,,,,,
2023,1,15,2,0,13.3,3.6,51.74,,,,,,,,,,,,,,,,,,,,,,,,,,,,,,,,,,,,
2023,1,15,3,0,12.3,3.8,56.14,,,,,,,,,,,,,,,,,,,,,,,,,,,,,,,,,,,,
2023,1,15,4,0,12.4,3.5,54.77,,,,,,,,,,,,,,,,,,,,,,,,,,,,,,,,,,,,
2023,1,15,5,0,13.1,3,50.25,,,,,,,,,,,,,,,,,,,,,,,,,,,,,,,,,,,,
2023,1,15,6,0,12.7,3.5,53.65,,,,,,,,,,,,,,,,,,,,,,,,,,,,,,,,,,,,
2023,1,15,7,0,11.3,4.6,63.61,,,,,,,,,,,,,,,,,,,,,,,,,,,,,,,,,,,,
2023,1,15,8,0,10.5,4.8,68,,,,,,,,,,,,,,,,,,,,,,,,,,,,,,,,,,,,
2023,1,15,9,0,10.2,5.1,70.56,,,,,,,,,,,,,,,,,,,,,,,,,,,,,,,,,,,,
2023,1,15,10,0,10.1,5.6,73.7,,,,,,,,,,,,,,,,,,,,,,,,,,,,,,,,,,,,
2023,1,15,11,0,10.1,6.3,77.5,,,,,,,,,,,,,,,,,,,,,,,,,,,,,,,,,,,,
2023,1,15,12,0,10.1,7.3,82.89,,,,,,,,,,,,,,,,,,,,,,,,,,,,,,,,,,,,
2023,1,15,13,0,10.1,8.3,88.78,,,,,,,,,,,,,,,,,,,,,,,,,,,,,,,,,,,,
2023,1,15,14,0,10.2,9,92.11,,,,,,,,,,,,,,,,,,,,,,,,,,,,,,,,,,,,
2023,1,15,15,0,10.6,9.2,90.93,,,,,,,,,,,,,,,,,,,,,,,,,,,,,,,,,,,,
2023,1,15,16,0,10.9,9.4,90.29,,,,,,,,,,,,,,,,,,,,,,,,,,,,,,,,,,,,
2023,1,15,17,0,11.6,10,89.63,,,,,,,,,,,,,,,,,,,,,,,,,,,,,,,,,,,,
2023,1,15,18,0,12.5,10.6,88.17,,,,,,,,,,,,,,,,,,,,,,,,,,,,,,,,,,,,
2023,1,15,19,0,13.5,11,84.86,,,,,,,,,,,,,,,,,,,,,,,,,,,,,,,,,,,,
2023,1,15,20,0,14.1,10.8,80.29,,,,,,,,,,,,,,,,,,,,,,,,,,,,,,,,,,,,
2023,1,15,21,0,14.2,10.5,78.35,,,,,,,,,,,,,,,,,,,,,,,,,,,,,,,,,,,,
2023,1,15,22,0,14,10.5,79.49,,,,,,,,,,,,,,,,,,,,,,,,,,,,,,,,,,,,
2023,1,15,23,0,13.1,10.3,82.9,,,,,,,,,,,,,,,,,,,,,,,,,,,,,,,,,,,,
2023,1,16,0,0,11.7,9.2,84.87,,,,,,,,,,,,,,,,,,,,,,,,,,,,,,,,,,,,
2023,1,16,1,0,11.2,8.7,84.43,,,,,,,,,,,,,,,,,,,,,,,,,,,,,,,,,,,,
2023,1,16,2,0,10.9,8.2,83.48,,,,,,,,,,,,,,,,,,,,,,,,,,,,,,,,,,,,
2023,1,16,3,0,10.6,7.7,82.4,,,,,,,,,,,,,,,,,,,,,,,,,,,,,,,,,,,,
2023,1,16,4,0,10.4,7.4,81.69,,,,,,,,,,,,,,,,,,,,,,,,,,,,,,,,,,,,
2023,1,16,5,0,10.2,7.3,82.06,,,,,,,,,,,,,,,,,,,,,,,,,,,,,,,,,,,,
2023,1,16,6,0,9.9,7.2,83.3,,,,,,,,,,,,,,,,,,,,,,,,,,,,,,,,,,,,
2023,1,16,7,0,9.8,7.4,84.78,,,,,,,,,,,,,,,,,,,,,,,,,,,,,,,,,,,,
2023,1,16,8,0,9.6,7.6,87.28,,,,,,,,,,,,,,,,,,,,,,,,,,,,,,,,,,,,
2023,1,16,9,0,9.5,7.7,88.73,,,,,,,,,,,,,,,,,,,,,,,,,,,,,,,,,,,,
2023,1,16,10,0,9.3,7.8,90.6,,,,,,,,,,,,,,,,,,,,,,,,,,,,,,,,,,,,
2023,1,16,11,0,9.2,8,92.39,,,,,,,,,,,,,,,,,,,,,,,,,,,,,,,,,,,,
2023,1,16,12,0,9.2,8.2,93.28,,,,,,,,,,,,,,,,,,,,,,,,,,,,,,,,,,,,
2023,1,16,13,0,9.2,8.3,94.11,,,,,,,,,,,,,,,,,,,,,,,,,,,,,,,,,,,,
2023,1,16,14,0,9.5,8.5,93.77,,,,,,,,,,,,,,,,,,,,,,,,,,,,,,,,,,,,
2023,1,16,15,0,10.3,9,91.77,,,,,,,,,,,,,,,,,,,,,,,,,,,,,,,,,,,,
2023,1,16,16,0,11,9.5,90.6,,,,,,,,,,,,,,,,,,,,,,,,,,,,,,,,,,,,
2023,1,16,17,0,11.9,10,88.19,,,,,,,,,,,,,,,,,,,,,,,,,,,,,,,,,,,,
2023,1,16,18,0,13,9.9,81.54,,,,,,,,,,,,,,,,,,,,,,,,,,,,,,,,,,,,
2023,1,16,19,0,13.7,9.6,76.28,,,,,,,,,,,,,,,,,,,,,,,,,,,,,,,,,,,,
2023,1,16,20,0,14,9.7,75.54,,,,,,,,,,,,,,,,,,,,,,,,,,,,,,,,,,,,
2023,1,16,21,0,14.4,10.3,76.44,,,,,,,,,,,,,,,,,,,,,,,,,,,,,,,,,,,,
2023,1,16,22,0,14.6,10.9,78.53,,,,,,,,,,,,,,,,,,,,,,,,,,,,,,,,,,,,
2023,1,16,23,0,14.3,11.4,82.56,,,,,,,,,,,,,,,,,,,,,,,,,,,,,,,,,,,,
2023,1,17,0,0,13.6,11.5,87.09,,,,,,,,,,,,,,,,,,,,,,,,,,,,,,,,,,,,
2023,1,17,1,0,13.6,11.6,87.46,,,,,,,,,,,,,,,,,,,,,,,,,,,,,,,,,,,,
2023,1,17,2,0,13.5,11.6,88.08,,,,,,,,,,,,,,,,,,,,,,,,,,,,,,,,,,,,
2023,1,17,3,0,13.3,11.5,88.85,,,,,,,,,,,,,,,,,,,,,,,,,,,,,,,,,,,,
2023,1,17,4,0,13.2,11.5,89.28,,,,,,,,,,,,,,,,,,,,,,,,,,,,,,,,,,,,
2023,1,17,5,0,13.2,11.5,89.59,,,,,,,,,,,,,,,,,,,,,,,,,,,,,,,,,,,,
2023,1,17,6,0,12.7,11.5,92.51,,,,,,,,,,,,,,,,,,,,,,,,,,,,,,,,,,,,
2023,1,17,7,0,11.9,11.1,95.08,,,,,,,,,,,,,,,,,,,,,,,,,,,,,,,,,,,,
2023,1,17,8,0,10.9,10.4,96.89,,,,,,,,,,,,,,,,,,,,,,,,,,,,,,,,,,,,
2023,1,17,9,0,10.1,9.4,95.7,,,,,,,,,,,,,,,,,,,,,,,,,,,,,,,,,,,,
2023,1,17,10,0,9,8.2,95.03,,,,,,,,,,,,,,,,,,,,,,,,,,,,,,,,,,,,
2023,1,17,11,0,8.2,7.3,94.1,,,,,,,,,,,,,,,,,,,,,,,,,,,,,,,,,,,,
2023,1,17,12,0,7.3,6.6,95.04,,,,,,,,,,,,,,,,,,,,,,,,,,,,,,,,,,,,
2023,1,17,13,0,6.6,6,96.22,,,,,,,,,,,,,,,,,,,,,,,,,,,,,,,,,,,,
2023,1,17,14,0,6.4,5.8,95.97,,,,,,,,,,,,,,,,,,,,,,,,,,,,,,,,,,,,
2023,1,17,15,0,7.7,6.2,90.44,,,,,,,,,,,,,,,,,,,,,,,,,,,,,,,,,,,,
2023,1,17,16,0,9.6,6.5,80.79,,,,,,,,,,,,,,,,,,,,,,,,,,,,,,,,,,,,
2023,1,17,17,0,11.5,5.4,65.97,,,,,,,,,,,,,,,,,,,,,,,,,,,,,,,,,,,,
2023,1,17,18,0,12.6,3.9,55.23,,,,,,,,,,,,,,,,,,,,,,,,,,,,,,,,,,,,
2023,1,17,19,0,13.2,2.8,49.34,,,,,,,,,,,,,,,,,,,,,,,,,,,,,,,,,,,,
2023,1,17,20,0,13.5,2.2,46.26,,,,,,,,,,,,,,,,,,,,,,,,,,,,,,,,,,,,
2023,1,17,21,0,13.6,1.7,44.44,,,,,,,,,,,,,,,,,,,,,,,,,,,,,,,,,,,,
2023,1,17,22,0,13.3,1.3,44.03,,,,,,,,,,,,,,,,,,,,,,,,,,,,,,,,,,,,
2023,1,17,23,0,12.3,1.7,48.34,,,,,,,,,,,,,,,,,,,,,,,,,,,,,,,,,,,,
2023,1,18,0,0,9.2,3.1,65.51,,,,,,,,,,,,,,,,,,,,,,,,,,,,,,,,,,,,
2023,1,18,1,0,8,2.8,69.53,,,,,,,,,,,,,,,,,,,,,,,,,,,,,,,,,,,,
2023,1,18,2,0,7.5,2.5,70.63,,,,,,,,,,,,,,,,,,,,,,,,,,,,,,,,,,,,
2023,1,18,3,0,7.2,2.4,71.59,,,,,,,,,,,,,,,,,,,,,,,,,,,,,,,,,,,,
2023,1,18,4,0,6.9,2.3,72.55,,,,,,,,,,,,,,,,,,,,,,,,,,,,,,,,,,,,
2023,1,18,5,0,6.8,2.4,73.45,,,,,,,,,,,,,,,,,,,,,,,,,,,,,,,,,,,,
2023,1,18,6,0,6.6,2.3,73.98,,,,,,,,,,,,,,,,,,,,,,,,,,,,,,,,,,,,
2023,1,18,7,0,6.4,1.9,73.06,,,,,,,,,,,,,,,,,,,,,,,,,,,,,,,,,,,,
2023,1,18,8,0,6.2,1.8,73.25,,,,,,,,,,,,,,,,,,,,,,,,,,,,,,,,,,,,
2023,1,18,9,0,6,1.8,74.49,,,,,,,,,,,,,,,,,,,,,,,,,,,,,,,,,,,,
2023,1,18,10,0,6.2,1.7,73.13,,,,,,,,,,,,,,,,,,,,,,,,,,,,,,,,,,,,
2023,1,18,11,0,6.4,1.7,71.76,,,,,,,,,,,,,,,,,,,,,,,,,,,,,,,,,,,,
2023,1,18,12,0,6.1,1.6,73.13,,,,,,,,,,,,,,,,,,,,,,,,,,,,,,,,,,,,
2023,1,18,13,0,5.3,1.2,74.63,,,,,,,,,,,,,,,,,,,,,,,,,,,,,,,,,,,,
2023,1,18,14,0,4.7,1,76.87,,,,,,,,,,,,,,,,,,,,,,,,,,,,,,,,,,,,
2023,1,18,15,0,6.9,2.5,73.8,,,,,,,,,,,,,,,,,,,,,,,,,,,,,,,,,,,,
2023,1,18,16,0,9.3,2.3,61.54,,,,,,,,,,,,,,,,,,,,,,,,,,,,,,,,,,,,
2023,1,18,17,0,12,0.5,45.4,,,,,,,,,,,,,,,,,,,,,,,,,,,,,,,,,,,,
2023,1,18,18,0,13.5,-1.1,36.62,,,,,,,,,,,,,,,,,,,,,,,,,,,,,,,,,,,,
2023,1,18,19,0,14.4,-2,32.18,,,,,,,,,,,,,,,,,,,,,,,,,,,,,,,,,,,,
2023,1,18,20,0,14.9,-2.7,29.58,,,,,,,,,,,,,,,,,,,,,,,,,,,,,,,,,,,,
2023,1,18,21,0,15,-3.3,28.09,,,,,,,,,,,,,,,,,,,,,,,,,,,,,,,,,,,,
2023,1,18,22,0,14.6,-3.7,27.97,,,,,,,,,,,,,,,,,,,,,,,,,,,,,,,,,,,,
2023,1,18,23,0,13.3,-0.6,38.39,,,,,,,,,,,,,,,,,,,,,,,,,,,,,,,,,,,,
2023,1,19,0,0,10.4,0.1,48.78,,,,,,,,,,,,,,,,,,,,,,,,,,,,,,,,,,,,
2023,1,19,1,0,9.5,-1.8,45.23,,,,,,,,,,,,,,,,,,,,,,,,,,,,,,,,,,,,
2023,1,19,2,0,9.2,-2.5,43.75,,,,,,,,,,,,,,,,,,,,,,,,,,,,,,,,,,,,
2023,1,19,3,0,9,-3.1,42.31,,,,,,,,,,,,,,,,,,,,,,,,,,,,,,,,,,,,
2023,1,19,4,0,8.7,-3.5,41.98,,,,,,,,,,,,,,,,,,,,,,,,,,,,,,,,,,,,
2023,1,19,5,0,8.6,-3.9,41.22,,,,,,,,,,,,,,,,,,,,,,,,,,,,,,,,,,,,
2023,1,19,6,0,7.7,-3.7,44.18,,,,,,,,,,,,,,,,,,,,,,,,,,,,,,,,,,,,
2023,1,19,7,0,6.9,-3.7,46.76,,,,,,,,,,,,,,,,,,,,,,,,,,,,,,,,,,,,
2023,1,19,8,0,5.9,-3.5,50.86,,,,,,,,,,,,,,,,,,,,,,,,,,,,,,,,,,,,
2023,1,19,9,0,4.8,-3.2,56.25,,,,,,,,,,,,,,,,,,,,,,,,,,,,,,,,,,,,
2023,1,19,10,0,3.7,-2.9,61.97,,,,,,,,,,,,,,,,,,,,,,,,,,,,,,,,,,,,
2023,1,19,11,0,3,-2.8,65.66,,,,,,,,,,,,,,,,,,,,,,,,,,,,,,,,,,,,
2023,1,19,12,0,2.7,-2.7,67.52,,,,,,,,,,,,,,,,,,,,,,,,,,,,,,,,,,,,
2023,1,19,13,0,2.6,-2.6,68.77,,,,,,,,,,,,,,,,,,,,,,,,,,,,,,,,,,,,
2023,1,19,14,0,2.7,-2.3,69.87,,,,,,,,,,,,,,,,,,,,,,,,,,,,,,,,,,,,
2023,1,19,15,0,5.9,-1.1,60.87,,,,,,,,,,,,,,,,,,,,,,,,,,,,,,,,,,,,
2023,1,19,16,0,8.8,-1.6,48.21,,,,,,,,,,,,,,,,,,,,,,,,,,,,,,,,,,,,
2023,1,19,17,0,12.1,-2.2,36.8,,,,,,,,,,,,,,,,,,,,,,,,,,,,,,,,,,,,
2023,1,19,18,0,13.9,-2,33.25,,,,,,,,,,,,,,,,,,,,,,,,,,,,,,,,,,,,
2023,1,19,19,0,14.8,-2.1,31.25,,,,,,,,,,,,,,,,,,,,,,,,,,,,,,,,,,,,
2023,1,19,20,0,15.4,-2.4,29.24,,,,,,,,,,,,,,,,,,,,,,,,,,,,,,,,,,,,
2023,1,19,21,0,15.6,-2.8,28.06,,,,,,,,,,,,,,,,,,,,,,,,,,,,,,,,,,,,
2023,1,19,22,0,15.2,-3.1,28.24,,,,,,,,,,,,,,,,,,,,,,,,,,,,,,,,,,,,
2023,1,19,23,0,13.7,0.4,40.22,,,,,,,,,,,,,,,,,,,,,,,,,,,,,,,,,,,,
2023,1,20,0,0,11,0.7,48.89,,,,,,,,,,,,,,,,,,,,,,,,,,,,,,,,,,,,
2023,1,20,1,0,10,-1.3,45.45,,,,,,,,,,,,,,,,,,,,,,,,,,,,,,,,,,,,
2023,1,20,2,0,9.5,-1.9,44.82,,,,,,,,,,,,,,,,,,,,,,,,,,,,,,,,,,,,
2023,1,20,3,0,9.3,-2.5,43.51,,,,,,,,,,,,,,,,,,,,,,,,,,,,,,,,,,,,
2023,1,20,4,0,9.2,-2.9,42.42,,,,,,,,,,,,,,,,,,,,,,,,,,,,,,,,,,,,
2023,1,20,5,0,8.3,-2.9,45.17,,,,,,,,,,,,,,,,,,,,,,,,,,,,,,,,,,,,
2023,1,20,6,0,7.2,-2.8,49.19,,,,,,,,,,,,,,,,,,,,,,,,,,,,,,,,,,,,
2023,1,20,7,0,5.8,-2.2,56.49,,,,,,,,,,,,,,,,,,,,,,,,,,,,,,,,,,,,
2023,1,20,8,0,4.8,-1.7,62.55,,,,,,,,,,,,,,,,,,,,,,,,,,,,,,,,,,,,
2023,1,20,9,0,4.4,-1.6,65.25,,,,,,,,,,,,,,,,,,,,,,,,,,,,,,,,,,,,
2023,1,20,10,0,4.4,-1.1,67.71,,,,,,,,,,,,,,,,,,,,,,,,,,,,,,,,,,,,
2023,1,20,11,0,4.6,-0.1,71.35,,,,,,,,,,,,,,,,,,,,,,,,,,,,,,,,,,,,
2023,1,20,12,0,4.8,0.5,73.75,,,,,,,,,,,,,,,,,,,,,,,,,,,,,,,,,,,,
2023,1,20,13,0,4.7,0.5,74.37,,,,,,,,,,,,,,,,,,,,,,,,,,,,,,,,,,,,
2023,1,20,14,0,4.5,0.4,74.6,,,,,,,,,,,,,,,,,,,,,,,,,,,,,,,,,,,,
2023,1,20,15,0,6.9,1.9,70.25,,,,,,,,,,,,,,,,,,,,,,,,,,,,,,,,,,,,
2023,1,20,16,0,9.4,0.4,53.29,,,,,,,,,,,,,,,,,,,,,,,,,,,,,,,,,,,,
2023,1,20,17,0,11.3,-2.4,38.23,,,,,,,,,,,,,,,,,,,,,,,,,,,,,,,,,,,,
2023,1,20,18,0,12.4,-3.9,31.97,,,,,,,,,,,,,,,,,,,,,,,,,,,,,,,,,,,,
2023,1,20,19,0,13.2,-4.4,29.17,,,,,,,,,,,,,,,,,,,,,,,,,,,,,,,,,,,,
2023,1,20,20,0,13.6,-4.5,28.25,,,,,,,,,,,,,,,,,,,,,,,,,,,,,,,,,,,,
2023,1,20,21,0,13.6,-4.4,28.29,,,,,,,,,,,,,,,,,,,,,,,,,,,,,,,,,,,,
2023,1,20,22,0,13.3,-4.3,29.2,,,,,,,,,,,,,,,,,,,,,,,,,,,,,,,,,,,,
2023,1,20,23,0,12.1,-2.2,37,,,,,,,,,,,,,,,,,,,,,,,,,,,,,,,,,,,,
2023,1,21,0,0,8.7,-0.3,53.21,,,,,,,,,,,,,,,,,,,,,,,,,,,,,,,,,,,,
2023,1,21,1,0,8,-1.9,49.57,,,,,,,,,,,,,,,,,,,,,,,,,,,,,,,,,,,,
2023,1,21,2,0,7.6,-2.5,48.74,,,,,,,,,,,,,,,,,,,,,,,,,,,,,,,,,,,,
2023,1,21,3,0,7,-2.8,49.88,,,,,,,,,,,,,,,,,,,,,,,,,,,,,,,,,,,,
2023,1,21,4,0,6.4,-2.8,51.65,,,,,,,,,,,,,,,,,,,,,,,,,,,,,,,,,,,,
2023,1,21,5,0,5.9,-3,52.97,,,,,,,,,,,,,,,,,,,,,,,,,,,,,,,,,,,,
2023,1,21,6,0,5.3,-3.1,54.66,,,,,,,,,,,,,,,,,,,,,,,,,,,,,,,,,,,,
2023,1,21,7,0,4.8,-3.3,55.94,,,,,,,,,,,,,,,,,,,,,,,,,,,,,,,,,,,,
2023,1,21,8,0,4.3,-3.4,57.36,,,,,,,,,,,,,,,,,,,,,,,,,,,,,,,,,,,,
2023,1,21,9,0,3.6,-3.5,59.93,,,,,,,,,,,,,,,,,,,,,,,,,,,,,,,,,,,,
2023,1,21,10,0,3,-3.5,62.34,,,,,,,,,,,,,,,,,,,,,,,,,,,,,,,,,,,,
2023,1,21,11,0,2.5,-3.6,64.12,,,,,,,,,,,,,,,,,,,,,,,,,,,,,,,,,,,,
2023,1,21,12,0,2.2,-3.7,64.98,,,,,,,,,,,,,,,,,,,,,,,,,,,,,,,,,,,,
2023,1,21,13,0,1.8,-3.8,66.57,,,,,,,,,,,,,,,,,,,,,,,,,,,,,,,,,,,,
2023,1,21,14,0,1.8,-3.6,67.53,,,,,,,,,,,,,,,,,,,,,,,,,,,,,,,,,,,,
2023,1,21,15,0,5,-2.1,60.18,,,,,,,,,,,,,,,,,,,,,,,,,,,,,,,,,,,,
2023,1,21,16,0,7.9,-2.5,47.96,,,,,,,,,,,,,,,,,,,,,,,,,,,,,,,,,,,,
2023,1,21,17,0,11.3,-2.7,37.46,,,,,,,,,,,,,,,,,,,,,,,,,,,,,,,,,,,,
2023,1,21,18,0,13.3,-3.2,31.66,,,,,,,,,,,,,,,,,,,,,,,,,,,,,,,,,,,,
2023,1,21,19,0,14.6,-3.7,28.05,,,,,,,,,,,,,,,,,,,,,,,,,,,,,,,,,,,,
2023,1,21,20,0,15.3,-4,26.23,,,,,,,,,,,,,,,,,,,,,,,,,,,,,,,,,,,,
2023,1,21,21,0,15.6,-4.3,25.23,,,,,,,,,,,,,,,,,,,,,,,,,,,,,,,,,,,,
2023,1,21,22,0,15.4,-4.3,25.46,,,,,,,,,,,,,,,,,,,,,,,,,,,,,,,,,,,,
2023,1,21,23,0,13.9,-0.1,38.23,,,,,,,,,,,,,,,,,,,,,,,,,,,,,,,,,,,,
2023,1,22,0,0,10.1,0.4,51.07,,,,,,,,,,,,,,,,,,,,,,,,,,,,,,,,,,,,
2023,1,22,1,0,8.8,-1.3,49.12,,,,,,,,,,,,,,,,,,,,,,,,,,,,,,,,,,,,
2023,1,22,2,0,8.4,-2.2,47.27,,,,,,,,,,,,,,,,,,,,,,,,,,,,,,,,,,,,
2023,1,22,3,0,8,-2.7,46.65,,,,,,,,,,,,,,,,,,,,,,,,,,,,,,,,,,,,
2023,1,22,4,0,7.6,-3.1,46.67,,,,,,,,,,,,,,,,,,,,,,,,,,,,,,,,,,,,
2023,1,22,5,0,6.8,-3.1,49.24,,,,,,,,,,,,,,,,,,,,,,,,,,,,,,,,,,,,
2023,1,22,6,0,5.5,-3,54.45,,,,,,,,,,,,,,,,,,,,,,,,,,,,,,,,,,,,
2023,1,22,7,0,4.1,-2.9,60.3,,,,,,,,,,,,,,,,,,,,,,,,,,,,,,,,,,,,
2023,1,22,8,0,3.2,-3,63.96,,,,,,,,,,,,,,,,,,,,,,,,,,,,,,,,,,,,
2023,1,22,9,0,2.3,-3.1,67.36,,,,,,,,,,,,,,,,,,,,,,,,,,,,,,,,,,,,
2023,1,22,10,0,1.7,-3.4,69.11,,,,,,,,,,,,,,,,,,,,,,,,,,,,,,,,,,,,
2023,1,22,11,0,1.3,-3.6,69.78,,,,,,,,,,,,,,,,,,,,,,,,,,,,,,,,,,,,
2023,1,22,12,0,1,-3.8,70.27,,,,,,,,,,,,,,,,,,,,,,,,,,,,,,,,,,,,
2023,1,22,13,0,0.9,-4,69.93,,,,,,,,,,,,,,,,,,,,,,,,,,,,,,,,,,,,
2023,1,22,14,0,1.2,-3.8,69.22,,,,,,,,,,,,,,,,,,,,,,,,,,,,,,,,,,,,
2023,1,22,15,0,5.1,-2.9,56.06,,,,,,,,,,,,,,,,,,,,,,,,,,,,,,,,,,,,
2023,1,22,16,0,8.1,-3.1,45.17,,,,,,,,,,,,,,,,,,,,,,,,,,,,,,,,,,,,
2023,1,22,17,0,11.3,-3.2,36.02,,,,,,,,,,,,,,,,,,,,,,,,,,,,,,,,,,,,
2023,1,22,18,0,13.3,-3.1,31.86,,,,,,,,,,,,,,,,,,,,,,,,,,,,,,,,,,,,
2023,1,22,19,0,14.4,-3.1,29.79,,,,,,,,,,,,,,,,,,,,,,,,,,,,,,,,,,,,
2023,1,22,20,0,14.8,-3.1,28.96,,,,,,,,,,,,,,,,,,,,,,,,,,,,,,,,,,,,
2023,1,22,21,0,15,-3.1,28.56,,,,,,,,,,,,,,,,,,,,,,,,,,,,,,,,,,,,
2023,1,22,22,0,14.4,-3,29.93,,,,,,,,,,,,,,,,,,,,,,,,,,,,,,,,,,,,
2023,1,22,23,0,12.9,0,41.02,,,,,,,,,,,,,,,,,,,,,,,,,,,,,,,,,,,,
2023,1,23,0,0,9.6,1.4,56.42,,,,,,,,,,,,,,,,,,,,,,,,,,,,,,,,,,,,
2023,1,23,1,0,7.7,-0.3,56.83,,,,,,,,,,,,,,,,,,,,,,,,,,,,,,,,,,,,
2023,1,23,2,0,6.8,-1.3,56.44,,,,,,,,,,,,,,,,,,,,,,,,,,,,,,,,,,,,
2023,1,23,3,0,6.3,-1.9,55.62,,,,,,,,,,,,,,,,,,,,,,,,,,,,,,,,,,,,
2023,1,23,4,0,5.7,-2.4,56.06,,,,,,,,,,,,,,,,,,,,,,,,,,,,,,,,,,,,
2023,1,23,5,0,4.8,-2.6,58.57,,,,,,,,,,,,,,,,,,,,,,,,,,,,,,,,,,,,
2023,1,23,6,0,4.1,-2.9,60.22,,,,,,,,,,,,,,,,,,,,,,,,,,,,,,,,,,,,
2023,1,23,7,0,3.7,-3.1,60.93,,,,,,,,,,,,,,,,,,,,,,,,,,,,,,,,,,,,
2023,1,23,8,0,3.6,-3.3,60.77,,,,,,,,,,,,,,,,,,,,,,,,,,,,,,,,,,,,
2023,1,23,9,0,3.5,-3.3,61.04,,,,,,,,,,,,,,,,,,,,,,,,,,,,,,,,,,,,
2023,1,23,10,0,2.8,-3.4,63.76,,,,,,,,,,,,,,,,,,,,,,,,,,,,,,,,,,,,
2023,1,23,11,0,1.3,-3.7,69.35,,,,,,,,,,,,,,,,,,,,,,,,,,,,,,,,,,,,
2023,1,23,12,0,0.2,-4,73.51,,,,,,,,,,,,,,,,,,,,,,,,,,,,,,,,,,,,
2023,1,23,13,0,-0.3,-4.3,74.44,,,,,,,,,,,,,,,,,,,,,,,,,,,,,,,,,,,,
2023,1,23,14,0,-0.3,-4.5,73.45,,,,,,,,,,,,,,,,,,,,,,,,,,,,,,,,,,,,
2023,1,23,15,0,2.6,-3.9,62.08,,,,,,,,,,,,,,,,,,,,,,,,,,,,,,,,,,,,
2023,1,23,16,0,5.5,-4.6,48.23,,,,,,,,,,,,,,,,,,,,,,,,,,,,,,,,,,,,
2023,1,23,17,0,8.2,-6.4,34.94,,,,,,,,,,,,,,,,,,,,,,,,,,,,,,,,,,,,
2023,1,23,18,0,9.4,-7.3,30,,,,,,,,,,,,,,,,,,,,,,,,,,,,,,,,,,,,
2023,1,23,19,0,10.1,-7.8,27.65,,,,,,,,,,,,,,,,,,,,,,,,,,,,,,,,,,,,
2023,1,23,20,0,10.3,-7.8,27.2,,,,,,,,,,,,,,,,,,,,,,,,,,,,,,,,,,,,
2023,1,23,21,0,10.2,-7.6,27.92,,,,,,,,,,,,,,,,,,,,,,,,,,,,,,,,,,,,
2023,1,23,22,0,9.7,-7.2,29.8,,,,,,,,,,,,,,,,,,,,,,,,,,,,,,,,,,,,
2023,1,23,23,0,8.8,-4.7,38.12,,,,,,,,,,,,,,,,,,,,,,,,,,,,,,,,,,,,
2023,1,24,0,0,7.1,-1,56.46,,,,,,,,,,,,,,,,,,,,,,,,,,,,,,,,,,,,
2023,1,24,1,0,6.3,-1.9,55.86,,,,,,,,,,,,,,,,,,,,,,,,,,,,,,,,,,,,
2023,1,24,2,0,5.3,-2.3,58.12,,,,,,,,,,,,,,,,,,,,,,,,,,,,,,,,,,,,
2023,1,24,3,0,3.9,-3,60.83,,,,,,,,,,,,,,,,,,,,,,,,,,,,,,,,,,,,
2023,1,24,4,0,2.8,-3.8,62.01,,,,,,,,,,,,,,,,,,,,,,,,,,,,,,,,,,,,
2023,1,24,5,0,2,-4.3,62.98,,,,,,,,,,,,,,,,,,,,,,,,,,,,,,,,,,,,
2023,1,24,6,0,1.7,-4.8,61.87,,,,,,,,,,,,,,,,,,,,,,,,,,,,,,,,,,,,
2023,1,24,7,0,1.4,-5.2,61.4,,,,,,,,,,,,,,,,,,,,,,,,,,,,,,,,,,,,
2023,1,24,8,0,0.9,-5.2,63.56,,,,,,,,,,,,,,,,,,,,,,,,,,,,,,,,,,,,
2023,1,24,9,0,0.8,-5.1,64.52,,,,,,,,,,,,,,,,,,,,,,,,,,,,,,,,,,,,
2023,1,24,10,0,1,-5,64.11,,,,,,,,,,,,,,,,,,,,,,,,,,,,,,,,,,,,
2023,1,24,11,0,1,-4.9,64.62,,,,,,,,,,,,,,,,,,,,,,,,,,,,,,,,,,,,
2023,1,24,12,0,0.7,-4.9,66.08,,,,,,,,,,,,,,,,,,,,,,,,,,,,,,,,,,,,
2023,1,24,13,0,0.3,-5,67.61,,,,,,,,,,,,,,,,,,,,,,,,,,,,,,,,,,,,
2023,1,24,14,0,0.1,-4.9,69.3,,,,,,,,,,,,,,,,,,,,,,,,,,,,,,,,,,,,
2023,1,24,15,0,2.8,-3.7,62.38,,,,,,,,,,,,,,,,,,,,,,,,,,,,,,,,,,,,
2023,1,24,16,0,5.6,-3.9,50.6,,,,,,,,,,,,,,,,,,,,,,,,,,,,,,,,,,,,
2023,1,24,17,0,8,-3.2,44.94,,,,,,,,,,,,,,,,,,,,,,,,,,,,,,,,,,,,
2023,1,24,18,0,9.8,-2.8,41.27,,,,,,,,,,,,,,,,,,,,,,,,,,,,,,,,,,,,
2023,1,24,19,0,11.4,-2.3,38.29,,,,,,,,,,,,,,,,,,,,,,,,,,,,,,,,,,,,
2023,1,24,20,0,12.5,-2,36.48,,,,,,,,,,,,,,,,,,,,,,,,,,,,,,,,,,,,
2023,1,24,21,0,13.1,-1.9,35.37,,,,,,,,,,,,,,,,,,,,,,,,,,,,,,,,,,,,
2023,1,24,22,0,13,-1.9,35.66,,,,,,,,,,,,,,,,,,,,,,,,,,,,,,,,,,,,
2023,1,24,23,0,11.9,-0.5,42.24,,,,,,,,,,,,,,,,,,,,,,,,,,,,,,,,,,,,
2023,1,25,0,0,8.3,0.2,56.6,,,,,,,,,,,,,,,,,,,,,,,,,,,,,,,,,,,,
2023,1,25,1,0,7,-1,56.74,,,,,,,,,,,,,,,,,,,,,,,,,,,,,,,,,,,,
2023,1,25,2,0,6.7,-1.5,55.77,,,,,,,,,,,,,,,,,,,,,,,,,,,,,,,,,,,,
2023,1,25,3,0,6.1,-1.8,57.08,,,,,,,,,,,,,,,,,,,,,,,,,,,,,,,,,,,,
2023,1,25,4,0,5.1,-1.9,60.67,,,,,,,,,,,,,,,,,,,,,,,,,,,,,,,,,,,,
2023,1,25,5,0,4.4,-2,63.04,,,,,,,,,,,,,,,,,,,,,,,,,,,,,,,,,,,,
2023,1,25,6,0,3.9,-2.2,64.26,,,,,,,,,,,,,,,,,,,,,,,,,,,,,,,,,,,,
2023,1,25,7,0,3.6,-2.5,64.17,,,,,,,,,,,,,,,,,,,,,,,,,,,,,,,,,,,,
2023,1,25,8,0,3.2,-2.9,64.41,,,,,,,,,,,,,,,,,,,,,,,,,,,,,,,,,,,,
2023,1,25,9,0,2.5,-3.2,66.01,,,,,,,,,,,,,,,,,,,,,,,,,,,,,,,,,,,,
2023,1,25,10,0,1.9,-3.6,67.16,,,,,,,,,,,,,,,,,,,,,,,,,,,,,,,,,,,,
2023,1,25,11,0,1.3,-3.9,68.26,,,,,,,,,,,,,,,,,,,,,,,,,,,,,,,,,,,,
2023,1,25,12,0,0.8,-4.3,68.96,,,,,,,,,,,,,,,,,,,,,,,,,,,,,,,,,,,,
2023,1,25,13,0,0.3,-4.6,69.7,,,,,,,,,,,,,,,,,,,,,,,,,,,,,,,,,,,,
2023,1,25,14,0,0.4,-4.6,69.17,,,,,,,,,,,,,,,,,,,,,,,,,,,,,,,,,,,,
2023,1,25,15,0,4.3,-4,54.76,,,,,,,,,,,,,,,,,,,,,,,,,,,,,,,,,,,,
2023,1,25,16,0,7.5,-4.5,42.36,,,,,,,,,,,,,,,,,,,,,,,,,,,,,,,,,,,,
2023,1,25,17,0,11,-5.6,30.7,,,,,,,,,,,,,,,,,,,,,,,,,,,,,,,,,,,,
2023,1,25,18,0,13.3,-6.1,25.54,,,,,,,,,,,,,,,,,,,,,,,,,,,,,,,,,,,,
2023,1,25,19,0,14.9,-6.1,22.92,,,,,,,,,,,,,,,,,,,,,,,,,,,,,,,,,,,,
2023,1,25,20,0,15.9,-6,21.75,,,,,,,,,,,,,,,,,,,,,,,,,,,,,,,,,,,,
2023,1,25,21,0,16.5,-5.7,21.39,,,,,,,,,,,,,,,,,,,,,,,,,,,,,,,,,,,,
2023,1,25,22,0,16.5,-5.1,22.34,,,,,,,,,,,,,,,,,,,,,,,,,,,,,,,,,,,,
2023,1,25,23,0,15,0.7,37.84,,,,,,,,,,,,,,,,,,,,,,,,,,,,,,,,,,,,
2023,1,26,0,0,11.5,-0.6,43.07,,,,,,,,,,,,,,,,,,,,,,,,,,,,,,,,,,,,
2023,1,26,1,0,9.3,-1.7,46.07,,,,,,,,,,,,,,,,,,,,,,,,,,,,,,,,,,,,
2023,1,26,2,0,7.7,-1.9,50.77,,,,,,,,,,,,,,,,,,,,,,,,,,,,,,,,,,,,
2023,1,26,3,0,6.3,-2.3,54.15,,,,,,,,,,,,,,,,,,,,,,,,,,,,,,,,,,,,
2023,1,26,4,0,5.2,-2.9,55.9,,,,,,,,,,,,,,,,,,,,,,,,,,,,,,,,,,,,
2023,1,26,5,0,4.3,-3.6,56.67,,,,,,,,,,,,,,,,,,,,,,,,,,,,,,,,,,,,
2023,1,26,6,0,3.4,-4.1,57.8,,,,,,,,,,,,,,,,,,,,,,,,,,,,,,,,,,,,
2023,1,26,7,0,2.8,-4.6,58.23,,,,,,,,,,,,,,,,,,,,,,,,,,,,,,,,,,,,
2023,1,26,8,0,2.3,-4.9,58.83,,,,,,,,,,,,,,,,,,,,,,,,,,,,,,,,,,,,
2023,1,26,9,0,1.8,-5.1,60.02,,,,,,,,,,,,,,,,,,,,,,,,,,,,,,,,,,,,
2023,1,26,10,0,1.5,-5.3,60.37,,,,,,,,,,,,,,,,,,,,,,,,,,,,,,,,,,,,
2023,1,26,11,0,1.4,-5.6,59.65,,,,,,,,,,,,,,,,,,,,,,,,,,,,,,,,,,,,
2023,1,26,12,0,1.3,-5.8,59.29,,,,,,,,,,,,,,,,,,,,,,,,,,,,,,,,,,,,
2023,1,26,13,0,1.2,-5.9,58.99,,,,,,,,,,,,,,,,,,,,,,,,,,,,,,,,,,,,
2023,1,26,14,0,1.7,-5.9,57.04,,,,,,,,,,,,,,,,,,,,,,,,,,,,,,,,,,,,
2023,1,26,15,0,5.4,-5.5,45.25,,,,,,,,,,,,,,,,,,,,,,,,,,,,,,,,,,,,
2023,1,26,16,0,8.9,-5.6,35.3,,,,,,,,,,,,,,,,,,,,,,,,,,,,,,,,,,,,
2023,1,26,17,0,12.4,-7.1,24.98,,,,,,,,,,,,,,,,,,,,,,,,,,,,,,,,,,,,
2023,1,26,18,0,14.7,-8.5,19.25,,,,,,,,,,,,,,,,,,,,,,,,,,,,,,,,,,,,
2023,1,26,19,0,16.1,-9.3,16.55,,,,,,,,,,,,,,,,,,,,,,,,,,,,,,,,,,,,
2023,1,26,20,0,16.8,-9.5,15.64,,,,,,,,,,,,,,,,,,,,,,,,,,,,,,,,,,,,
2023,1,26,21,0,17,-9.3,15.73,,,,,,,,,,,,,,,,,,,,,,,,,,,,,,,,,,,,
2023,1,26,22,0,16.5,-8.8,16.79,,,,,,,,,,,,,,,,,,,,,,,,,,,,,,,,,,,,
2023,1,26,23,0,14.6,-6.4,22.91,,,,,,,,,,,,,,,,,,,,,,,,,,,,,,,,,,,,
2023,1,27,0,0,9.3,-4,38.9,,,,,,,,,,,,,,,,,,,,,,,,,,,,,,,,,,,,
2023,1,27,1,0,7.2,-4.7,42.42,,,,,,,,,,,,,,,,,,,,,,,,,,,,,,,,,,,,
2023,1,27,2,0,6.3,-5.1,43.77,,,,,,,,,,,,,,,,,,,,,,,,,,,,,,,,,,,,
2023,1,27,3,0,5.3,-5.4,46.15,,,,,,,,,,,,,,,,,,,,,,,,,,,,,,,,,,,,
2023,1,27,4,0,4.3,-5.6,48.51,,,,,,,,,,,,,,,,,,,,,,,,,,,,,,,,,,,,
2023,1,27,5,0,3.6,-5.9,49.72,,,,,,,,,,,,,,,,,,,,,,,,,,,,,,,,,,,,
2023,1,27,6,0,3.1,-6.2,50.56,,,,,,,,,,,,,,,,,,,,,,,,,,,,,,,,,,,,
2023,1,27,7,0,2.8,-6.3,51.09,,,,,,,,,,,,,,,,,,,,,,,,,,,,,,,,,,,,
2023,1,27,8,0,2.4,-6.4,52.28,,,,,,,,,,,,,,,,,,,,,,,,,,,,,,,,,,,,
2023,1,27,9,0,2.1,-6.5,53.09,,,,,,,,,,,,,,,,,,,,,,,,,,,,,,,,,,,,
2023,1,27,10,0,1.7,-6.4,54.73,,,,,,,,,,,,,,,,,,,,,,,,,,,,,,,,,,,,
2023,1,27,11,0,1.4,-6.4,56.22,,,,,,,,,,,,,,,,,,,,,,,,,,,,,,,,,,,,
2023,1,27,12,0,1.1,-6.3,57.97,,,,,,,,,,,,,,,,,,,,,,,,,,,,,,,,,,,,
2023,1,27,13,0,0.9,-6.1,59.31,,,,,,,,,,,,,,,,,,,,,,,,,,,,,,,,,,,,
2023,1,27,14,0,1.3,-5.8,58.96,,,,,,,,,,,,,,,,,,,,,,,,,,,,,,,,,,,,
2023,1,27,15,0,5.5,-5.4,45.31,,,,,,,,,,,,,,,,,,,,,,,,,,,,,,,,,,,,
2023,1,27,16,0,8.7,-5.4,36.42,,,,,,,,,,,,,,,,,,,,,,,,,,,,,,,,,,,,
2023,1,27,17,0,12.8,-7.8,23.12,,,,,,,,,,,,,,,,,,,,,,,,,,,,,,,,,,,,
2023,1,27,18,0,15.2,-9.4,17.39,,,,,,,,,,,,,,,,,,,,,,,,,,,,,,,,,,,,
2023,1,27,19,0,16.6,-10,15.25,,,,,,,,,,,,,,,,,,,,,,,,,,,,,,,,,,,,
2023,1,27,20,0,17.4,-10.1,14.36,,,,,,,,,,,,,,,,,,,,,,,,,,,,,,,,,,,,
2023,1,27,21,0,17.7,-9.9,14.34,,,,,,,,,,,,,,,,,,,,,,,,,,,,,,,,,,,,
2023,1,27,22,0,17.4,-9.4,15.11,,,,,,,,,,,,,,,,,,,,,,,,,,,,,,,,,,,,
2023,1,27,23,0,15.9,-3.5,26.26,,,,,,,,,,,,,,,,,,,,,,,,,,,,,,,,,,,,
2023,1,28,0,0,12.8,-3.1,33.03,,,,,,,,,,,,,,,,,,,,,,,,,,,,,,,,,,,,
2023,1,28,1,0,11.4,-5.4,30.45,,,,,,,,,,,,,,,,,,,,,,,,,,,,,,,,,,,,
2023,1,28,2,0,11,-6.6,28.41,,,,,,,,,,,,,,,,,,,,,,,,,,,,,,,,,,,,
2023,1,28,3,0,10.2,-6.9,29.49,,,,,,,,,,,,,,,,,,,,,,,,,,,,,,,,,,,,
2023,1,28,4,0,9.6,-7.1,30.21,,,,,,,,,,,,,,,,,,,,,,,,,,,,,,,,,,,,
2023,1,28,5,0,9,-7.2,31.13,,,,,,,,,,,,,,,,,,,,,,,,,,,,,,,,,,,,
2023,1,28,6,0,8,-6.9,34.2,,,,,,,,,,,,,,,,,,,,,,,,,,,,,,,,,,,,
2023,1,28,7,0,6.9,-6.5,37.82,,,,,,,,,,,,,,,,,,,,,,,,,,,,,,,,,,,,
2023,1,28,8,0,5.9,-6.3,41.35,,,,,,,,,,,,,,,,,,,,,,,,,,,,,,,,,,,,
2023,1,28,9,0,4.6,-5.9,46.41,,,,,,,,,,,,,,,,,,,,,,,,,,,,,,,,,,,,
2023,1,28,10,0,3.5,-5.6,51.28,,,,,,,,,,,,,,,,,,,,,,,,,,,,,,,,,,,,
2023,1,28,11,0,2.6,-5.5,55.19,,,,,,,,,,,,,,,,,,,,,,,,,,,,,,,,,,,,
2023,1,28,12,0,2.1,-5.5,57.15,,,,,,,,,,,,,,,,,,,,,,,,,,,,,,,,,,,,
2023,1,28,13,0,1.7,-5.7,58.02,,,,,,,,,,,,,,,,,,,,,,,,,,,,,,,,,,,,
2023,1,28,14,0,2.1,-5.4,57.53,,,,,,,,,,,,,,,,,,,,,,,,,,,,,,,,,,,,
2023,1,28,15,0,6.5,-3.4,49.04,,,,,,,,,,,,,,,,,,,,,,,,,,,,,,,,,,,,
2023,1,28,16,0,10,-5.5,33.2,,,,,,,,,,,,,,,,,,,,,,,,,,,,,,,,,,,,
2023,1,28,17,0,12.9,-6.1,26.05,,,,,,,,,,,,,,,,,,,,,,,,,,,,,,,,,,,,
2023,1,28,18,0,15.2,-6.6,21.68,,,,,,,,,,,,,,,,,,,,,,,,,,,,,,,,,,,,
2023,1,28,19,0,16.8,-6.5,19.78,,,,,,,,,,,,,,,,,,,,,,,,,,,,,,,,,,,,
2023,1,28,20,0,17.6,-6.1,19.38,,,,,,,,,,,,,,,,,,,,,,,,,,,,,,,,,,,,
2023,1,28,21,0,17.9,-5.7,19.56,,,,,,,,,,,,,,,,,,,,,,,,,,,,,,,,,,,,
2023,1,28,22,0,17.5,-5.4,20.56,,,,,,,,,,,,,,,,,,,,,,,,,,,,,,,,,,,,
2023,1,28,23,0,16,-1.2,30.95,,,,,,,,,,,,,,,,,,,,,,,,,,,,,,,,,,,,
2023,1,29,0,0,13.5,-1.7,34.86,,,,,,,,,,,,,,,,,,,,,,,,,,,,,,,,,,,,
2023,1,29,1,0,12.4,-3.9,31.96,,,,,,,,,,,,,,,,,,,,,,,,,,,,,,,,,,,,
2023,1,29,2,0,11.5,-3.9,33.81,,,,,,,,,,,,,,,,,,,,,,,,,,,,,,,,,,,,
2023,1,29,3,0,10.4,-3.9,36.49,,,,,,,,,,,,,,,,,,,,,,,,,,,,,,,,,,,,
2023,1,29,4,0,9.3,-3.8,39.48,,,,,,,,,,,,,,,,,,,,,,,,,,,,,,,,,,,,
2023,1,29,5,0,8.4,-3.8,41.79,,,,,,,,,,,,,,,,,,,,,,,,,,,,,,,,,,,,
2023,1,29,6,0,7.5,-3.8,44.46,,,,,,,,,,,,,,,,,,,,,,,,,,,,,,,,,,,,
2023,1,29,7,0,6.6,-3.8,47.43,,,,,,,,,,,,,,,,,,,,,,,,,,,,,,,,,,,,
2023,1,29,8,0,5.7,-3.7,50.85,,,,,,,,,,,,,,,,,,,,,,,,,,,,,,,,,,,,
2023,1,29,9,0,5,-3.7,53.55,,,,,,,,,,,,,,,,,,,,,,,,,,,,,,,,,,,,
2023,1,29,10,0,4.3,-3.7,56.22,,,,,,,,,,,,,,,,,,,,,,,,,,,,,,,,,,,,
2023,1,29,11,0,3.7,-3.7,58.29,,,,,,,,,,,,,,,,,,,,,,,,,,,,,,,,,,,,
2023,1,29,12,0,3.3,-3.9,59.14,,,,,,,,,,,,,,,,,,,,,,,,,,,,,,,,,,,,
2023,1,29,13,0,3,-4.1,59.67,,,,,,,,,,,,,,,,,,,,,,,,,,,,,,,,,,,,
2023,1,29,14,0,3.2,-3.8,60.1,,,,,,,,,,,,,,,,,,,,,,,,,,,,,,,,,,,,
2023,1,29,15,0,7.5,-2.7,48.41,,,,,,,,,,,,,,,,,,,,,,,,,,,,,,,,,,,,
2023,1,29,16,0,10.8,-2.4,39.62,,,,,,,,,,,,,,,,,,,,,,,,,,,,,,,,,,,,
2023,1,29,17,0,13.8,0.3,39.64,,,,,,,,,,,,,,,,,,,,,,,,,,,,,,,,,,,,
2023,1,29,18,0,16,1,36.28,,,,,,,,,,,,,,,,,,,,,,,,,,,,,,,,,,,,
2023,1,29,19,0,17.4,0.8,32.65,,,,,,,,,,,,,,,,,,,,,,,,,,,,,,,,,,,,
2023,1,29,20,0,18.2,0.5,30.46,,,,,,,,,,,,,,,,,,,,,,,,,,,,,,,,,,,,
2023,1,29,21,0,18.6,0.4,29.5,,,,,,,,,,,,,,,,,,,,,,,,,,,,,,,,,,,,
2023,1,29,22,0,18.3,0.7,30.64,,,,,,,,,,,,,,,,,,,,,,,,,,,,,,,,,,,,
2023,1,29,23,0,16.9,2.1,37.01,,,,,,,,,,,,,,,,,,,,,,,,,,,,,,,,,,,,
2023,1,30,0,0,12.3,3.6,55.46,,,,,,,,,,,,,,,,,,,,,,,,,,,,,,,,,,,,
2023,1,30,1,0,10.1,3.3,62.59,,,,,,,,,,,,,,,,,,,,,,,,,,,,,,,,,,,,
2023,1,30,2,0,9.3,3.3,66.08,,,,,,,,,,,,,,,,,,,,,,,,,,,,,,,,,,,,
2023,1,30,3,0,8.6,3.3,69.4,,,,,,,,,,,,,,,,,,,,,,,,,,,,,,,,,,,,
2023,1,30,4,0,8.3,3.3,70.96,,,,,,,,,,,,,,,,,,,,,,,,,,,,,,,,,,,,
2023,1,30,5,0,7.9,3.5,73.51,,,,,,,,,,,,,,,,,,,,,,,,,,,,,,,,,,,,
2023,1,30,6,0,7.1,3.6,78.24,,,,,,,,,,,,,,,,,,,,,,,,,,,,,,,,,,,,
2023,1,30,7,0,6.4,3.5,81.89,,,,,,,,,,,,,,,,,,,,,,,,,,,,,,,,,,,,
2023,1,30,8,0,5.9,3.3,83.16,,,,,,,,,,,,,,,,,,,,,,,,,,,,,,,,,,,,
2023,1,30,9,0,5.5,2.7,82.42,,,,,,,,,,,,,,,,,,,,,,,,,,,,,,,,,,,,
2023,1,30,10,0,5.3,2.1,80.06,,,,,,,,,,,,,,,,,,,,,,,,,,,,,,,,,,,,
2023,1,30,11,0,5.2,1.6,77.53,,,,,,,,,,,,,,,,,,,,,,,,,,,,,,,,,,,,
2023,1,30,12,0,5,1.1,75.76,,,,,,,,,,,,,,,,,,,,,,,,,,,,,,,,,,,,
2023,1,30,13,0,4.7,0.7,75.4,,,,,,,,,,,,,,,,,,,,,,,,,,,,,,,,,,,,
2023,1,30,14,0,5,0.9,74.86,,,,,,,,,,,,,,,,,,,,,,,,,,,,,,,,,,,,
2023,1,30,15,0,8.2,1.7,63.58,,,,,,,,,,,,,,,,,,,,,,,,,,,,,,,,,,,,
2023,1,30,16,0,10.8,4.1,63.27,,,,,,,,,,,,,,,,,,,,,,,,,,,,,,,,,,,,
2023,1,30,17,0,13.4,5.4,58.42,,,,,,,,,,,,,,,,,,,,,,,,,,,,,,,,,,,,
2023,1,30,18,0,14.8,4.9,51.48,,,,,,,,,,,,,,,,,,,,,,,,,,,,,,,,,,,,
2023,1,30,19,0,15.6,4.4,47.23,,,,,,,,,,,,,,,,,,,,,,,,,,,,,,,,,,,,
2023,1,30,20,0,16,4,44.94,,,,,,,,,,,,,,,,,,,,,,,,,,,,,,,,,,,,
2023,1,30,21,0,16.1,3.8,43.84,,,,,,,,,,,,,,,,,,,,,,,,,,,,,,,,,,,,
2023,1,30,22,0,15.7,3.6,44.49,,,,,,,,,,,,,,,,,,,,,,,,,,,,,,,,,,,,
2023,1,30,23,0,14.8,4.2,48.96,,,,,,,,,,,,,,,,,,,,,,,,,,,,,,,,,,,,
2023,1,31,0,0,12.7,5.3,60.66,,,,,,,,,,,,,,,,,,,,,,,,,,,,,,,,,,,,
2023,1,31,1,0,12,4.2,58.78,,,,,,,,,,,,,,,,,,,,,,,,,,,,,,,,,,,,
2023,1,31,2,0,11.3,3.9,60.43,,,,,,,,,,,,,,,,,,,,,,,,,,,,,,,,,,,,
2023,1,31,3,0,10.8,3.8,61.86,,,,,,,,,,,,,,,,,,,,,,,,,,,,,,,,,,,,
2023,1,31,4,0,10.5,3.7,62.6,,,,,,,,,,,,,,,,,,,,,,,,,,,,,,,,,,,,
2023,1,31,5,0,10.1,3.6,63.82,,,,,,,,,,,,,,,,,,,,,,,,,,,,,,,,,,,,
2023,1,31,6,0,9.5,3.5,65.98,,,,,,,,,,,,,,,,,,,,,,,,,,,,,,,,,,,,
2023,1,31,7,0,8.8,3.5,69.35,,,,,,,,,,,,,,,,,,,,,,,,,,,,,,,,,,,,
2023,1,31,8,0,8.2,3.6,72.86,,,,,,,,,,,,,,,,,,,,,,,,,,,,,,,,,,,,
2023,1,31,9,0,7.9,3.8,75.2,,,,,,,,,,,,,,,,,,,,,,,,,,,,,,,,,,,,
2023,1,31,10,0,7.6,3.9,77.52,,,,,,,,,,,,,,,,,,,,,,,,,,,,,,,,,,,,
2023,1,31,11,0,7.3,4.1,80.01,,,,,,,,,,,,,,,,,,,,,,,,,,,,,,,,,,,,
2023,1,31,12,0,7.2,4.2,81.53,,,,,,,,,,,,,,,,,,,,,,,,,,,,,,,,,,,,
2023,1,31,13,0,7.2,4.4,82.3,,,,,,,,,,,,,,,,,,,,,,,,,,,,,,,,,,,,
2023,1,31,14,0,7.5,4.6,81.82,,,,,,,,,,,,,,,,,,,,,,,,,,,,,,,,,,,,
2023,1,31,15,0,9.5,5.1,74.07,,,,,,,,,,,,,,,,,,,,,,,,,,,,,,,,,,,,
2023,1,31,16,0,11,5.2,67.53,,,,,,,,,,,,,,,,,,,,,,,,,,,,,,,,,,,,
2023,1,31,17,0,12.8,5.7,62.07,,,,,,,,,,,,,,,,,,,,,,,,,,,,,,,,,,,,
2023,1,31,18,0,14.3,6,57.27,,,,,,,,,,,,,,,,,,,,,,,,,,,,,,,,,,,,
2023,1,31,19,0,15.4,5.7,52.38,,,,,,,,,,,,,,,,,,,,,,,,,,,,,,,,,,,,
2023,1,31,20,0,16.1,5.3,48.73,,,,,,,,,,,,,,,,,,,,,,,,,,,,,,,,,,,,
2023,1,31,21,0,16.3,4.9,46.77,,,,,,,,,,,,,,,,,,,,,,,,,,,,,,,,,,,,
2023,1,31,22,0,16.3,4.6,45.75,,,,,,,,,,,,,,,,,,,,,,,,,,,,,,,,,,,,
2023,1,31,23,0,15.6,5.4,50.69,,,,,,,,,,,,,,,,,,,,,,,,,,,,,,,,,,,,
2023,2,1,0,0,12.7,6.7,66.84,,,,,,,,,,,,,,,,,,,,,,,,,,,,,,,,,,,,
2023,2,1,1,0,10.8,5.6,70.14,,,,,,,,,,,,,,,,,,,,,,,,,,,,,,,,,,,,
2023,2,1,2,0,10,5,71.29,,,,,,,,,,,,,,,,,,,,,,,,,,,,,,,,,,,,
2023,2,1,3,0,9.2,4.2,70.8,,,,,,,,,,,,,,,,,,,,,,,,,,,,,,,,,,,,
2023,2,1,4,0,8.6,3.1,68.29,,,,,,,,,,,,,,,,,,,,,,,,,,,,,,,,,,,,
2023,2,1,5,0,8,1.9,65.35,,,,,,,,,,,,,,,,,,,,,,,,,,,,,,,,,,,,
2023,2,1,6,0,7.7,0.5,60.38,,,,,,,,,,,,,,,,,,,,,,,,,,,,,,,,,,,,
2023,2,1,7,0,7.6,-0.8,55.47,,,,,,,,,,,,,,,,,,,,,,,,,,,,,,,,,,,,
2023,2,1,8,0,6.9,-1.6,54.64,,,,,,,,,,,,,,,,,,,,,,,,,,,,,,,,,,,,
2023,2,1,9,0,6.5,-2.5,52.78,,,,,,,,,,,,,,,,,,,,,,,,,,,,,,,,,,,,
2023,2,1,10,0,6,-2.9,52.73,,,,,,,,,,,,,,,,,,,,,,,,,,,,,,,,,,,,
2023,2,1,11,0,5.7,-3.1,53.31,,,,,,,,,,,,,,,,,,,,,,,,,,,,,,,,,,,,
2023,2,1,12,0,5.1,-2.9,56.12,,,,,,,,,,,,,,,,,,,,,,,,,,,,,,,,,,,,
2023,2,1,13,0,4.6,-2.7,59.27,,,,,,,,,,,,,,,,,,,,,,,,,,,,,,,,,,,,
2023,2,1,14,0,4.9,-2.3,59.85,,,,,,,,,,,,,,,,,,,,,,,,,,,,,,,,,,,,
2023,2,1,15,0,8.1,-1.9,49.46,,,,,,,,,,,,,,,,,,,,,,,,,,,,,,,,,,,,
2023,2,1,16,0,11.4,-1.6,40.3,,,,,,,,,,,,,,,,,,,,,,,,,,,,,,,,,,,,
2023,2,1,17,0,15,-1.1,33.09,,,,,,,,,,,,,,,,,,,,,,,,,,,,,,,,,,,,
2023,2,1,18,0,17.2,-0.4,30.34,,,,,,,,,,,,,,,,,,,,,,,,,,,,,,,,,,,,
2023,2,1,19,0,18.4,0.1,29.06,,,,,,,,,,,,,,,,,,,,,,,,,,,,,,,,,,,,
2023,2,1,20,0,19,0.2,28.31,,,,,,,,,,,,,,,,,,,,,,,,,,,,,,,,,,,,
2023,2,1,21,0,19.2,0.2,27.97,,,,,,,,,,,,,,,,,,,,,,,,,,,,,,,,,,,,
2023,2,1,22,0,18.9,0.2,28.45,,,,,,,,,,,,,,,,,,,,,,,,,,,,,,,,,,,,
2023,2,1,23,0,17.7,1.6,33.87,,,,,,,,,,,,,,,,,,,,,,,,,,,,,,,,,,,,
2023,2,2,0,0,13.5,3.7,51.6,,,,,,,,,,,,,,,,,,,,,,,,,,,,,,,,,,,,
2023,2,2,1,0,11.1,2.4,55.06,,,,,,,,,,,,,,,,,,,,,,,,,,,,,,,,,,,,
2023,2,2,2,0,10.2,1.9,56.26,,,,,,,,,,,,,,,,,,,,,,,,,,,,,,,,,,,,
2023,2,2,3,0,9.7,1.2,55.36,,,,,,,,,,,,,,,,,,,,,,,,,,,,,,,,,,,,
2023,2,2,4,0,8.6,0.7,57.53,,,,,,,,,,,,,,,,,,,,,,,,,,,,,,,,,,,,
2023,2,2,5,0,7.6,0,58.6,,,,,,,,,,,,,,,,,,,,,,,,,,,,,,,,,,,,
2023,2,2,6,0,7.2,-1.1,55.68,,,,,,,,,,,,,,,,,,,,,,,,,,,,,,,,,,,,
2023,2,2,7,0,6.9,-2.3,51.83,,,,,,,,,,,,,,,,,,,,,,,,,,,,,,,,,,,,
2023,2,2,8,0,6,-3.3,51.16,,,,,,,,,,,,,,,,,,,,,,,,,,,,,,,,,,,,
2023,2,2,9,0,5,-3.9,52.76,,,,,,,,,,,,,,,,,,,,,,,,,,,,,,,,,,,,
2023,2,2,10,0,4.6,-4.1,53.26,,,,,,,,,,,,,,,,,,,,,,,,,,,,,,,,,,,,
2023,2,2,11,0,4.2,-4.2,54.19,,,,,,,,,,,,,,,,,,,,,,,,,,,,,,,,,,,,
2023,2,2,12,0,4,-4.4,54.36,,,,,,,,,,,,,,,,,,,,,,,,,,,,,,,,,,,,
2023,2,2,13,0,3.7,-4.5,54.94,,,,,,,,,,,,,,,,,,,,,,,,,,,,,,,,,,,,
2023,2,2,14,0,4.1,-4.6,53.23,,,,,,,,,,,,,,,,,,,,,,,,,,,,,,,,,,,,
2023,2,2,15,0,7.3,-4.5,43.02,,,,,,,,,,,,,,,,,,,,,,,,,,,,,,,,,,,,
2023,2,2,16,0,10.7,-4.1,35.12,,,,,,,,,,,,,,,,,,,,,,,,,,,,,,,,,,,,
2023,2,2,17,0,15,-5.8,23.28,,,,,,,,,,,,,,,,,,,,,,,,,,,,,,,,,,,,
2023,2,2,18,0,17.8,-7.7,16.87,,,,,,,,,,,,,,,,,,,,,,,,,,,,,,,,,,,,
2023,2,2,19,0,19.3,-8,15.03,,,,,,,,,,,,,,,,,,,,,,,,,,,,,,,,,,,,
2023,2,2,20,0,20.1,-7.8,14.46,,,,,,,,,,,,,,,,,,,,,,,,,,,,,,,,,,,,
2023,2,2,21,0,20.4,-7.8,14.25,,,,,,,,,,,,,,,,,,,,,,,,,,,,,,,,,,,,
2023,2,2,22,0,20.2,-7.5,14.76,,,,,,,,,,,,,,,,,,,,,,,,,,,,,,,,,,,,
2023,2,2,23,0,18.7,-1.4,25.61,,,,,,,,,,,,,,,,,,,,,,,,,,,,,,,,,,,,
2023,2,3,0,0,14.7,0.4,37.76,,,,,,,,,,,,,,,,,,,,,,,,,,,,,,,,,,,,
2023,2,3,1,0,13.2,-2.2,34.21,,,,,,,,,,,,,,,,,,,,,,,,,,,,,,,,,,,,
2023,2,3,2,0,13,-3.3,31.97,,,,,,,,,,,,,,,,,,,,,,,,,,,,,,,,,,,,
2023,2,3,3,0,11.8,-3.3,34.6,,,,,,,,,,,,,,,,,,,,,,,,,,,,,,,,,,,,
2023,2,3,4,0,9.7,-2.5,42.42,,,,,,,,,,,,,,,,,,,,,,,,,,,,,,,,,,,,
2023,2,3,5,0,8,-1.9,49.57,,,,,,,,,,,,,,,,,,,,,,,,,,,,,,,,,,,,
2023,2,3,6,0,7.2,-1.8,52.8,,,,,,,,,,,,,,,,,,,,,,,,,,,,,,,,,,,,
2023,2,3,7,0,7.1,-1.8,52.99,,,,,,,,,,,,,,,,,,,,,,,,,,,,,,,,,,,,
2023,2,3,8,0,6.7,-1.8,54.48,,,,,,,,,,,,,,,,,,,,,,,,,,,,,,,,,,,,
2023,2,3,9,0,7,-1.9,53.01,,,,,,,,,,,,,,,,,,,,,,,,,,,,,,,,,,,,
2023,2,3,10,0,7.1,-2.2,51.72,,,,,,,,,,,,,,,,,,,,,,,,,,,,,,,,,,,,
2023,2,3,11,0,7.1,-2.4,50.92,,,,,,,,,,,,,,,,,,,,,,,,,,,,,,,,,,,,
2023,2,3,12,0,7.4,-2.6,49.01,,,,,,,,,,,,,,,,,,,,,,,,,,,,,,,,,,,,
2023,2,3,13,0,7.3,-2.8,48.6,,,,,,,,,,,,,,,,,,,,,,,,,,,,,,,,,,,,
2023,2,3,14,0,7.7,-2.8,47.36,,,,,,,,,,,,,,,,,,,,,,,,,,,,,,,,,,,,
2023,2,3,15,0,11.4,-2.5,37.71,,,,,,,,,,,,,,,,,,,,,,,,,,,,,,,,,,,,
2023,2,3,16,0,14.9,-1.9,31.4,,,,,,,,,,,,,,,,,,,,,,,,,,,,,,,,,,,,
2023,2,3,17,0,18.1,-2.5,24.49,,,,,,,,,,,,,,,,,,,,,,,,,,,,,,,,,,,,
2023,2,3,18,0,19.9,-2.8,21.47,,,,,,,,,,,,,,,,,,,,,,,,,,,,,,,,,,,,
2023,2,3,19,0,20.7,-2.8,20.38,,,,,,,,,,,,,,,,,,,,,,,,,,,,,,,,,,,,
2023,2,3,20,0,21.2,-2.3,20.53,,,,,,,,,,,,,,,,,,,,,,,,,,,,,,,,,,,,
2023,2,3,21,0,20.5,2.4,30.07,,,,,,,,,,,,,,,,,,,,,,,,,,,,,,,,,,,,
2023,2,3,22,0,19.1,5.9,42.16,,,,,,,,,,,,,,,,,,,,,,,,,,,,,,,,,,,,
2023,2,3,23,0,17.3,5.2,44.89,,,,,,,,,,,,,,,,,,,,,,,,,,,,,,,,,,,,
2023,2,4,0,0,15.8,3.6,43.97,,,,,,,,,,,,,,,,,,,,,,,,,,,,,,,,,,,,
2023,2,4,1,0,14.9,2.9,44.49,,,,,,,,,,,,,,,,,,,,,,,,,,,,,,,,,,,,
2023,2,4,2,0,14.4,2.6,45.03,,,,,,,,,,,,,,,,,,,,,,,,,,,,,,,,,,,,
2023,2,4,3,0,14,2.4,45.35,,,,,,,,,,,,,,,,,,,,,,,,,,,,,,,,,,,,
2023,2,4,4,0,13.6,2.2,46.15,,,,,,,,,,,,,,,,,,,,,,,,,,,,,,,,,,,,
2023,2,4,5,0,13,2,47.25,,,,,,,,,,,,,,,,,,,,,,,,,,,,,,,,,,,,
2023,2,4,6,0,12,1.5,48.72,,,,,,,,,,,,,,,,,,,,,,,,,,,,,,,,,,,,
2023,2,4,7,0,10.8,1,50.87,,,,,,,,,,,,,,,,,,,,,,,,,,,,,,,,,,,,
2023,2,4,8,0,10,0.7,52.44,,,,,,,,,,,,,,,,,,,,,,,,,,,,,,,,,,,,
2023,2,4,9,0,9.4,0.4,53.45,,,,,,,,,,,,,,,,,,,,,,,,,,,,,,,,,,,,
2023,2,4,10,0,8.9,0,53.79,,,,,,,,,,,,,,,,,,,,,,,,,,,,,,,,,,,,
2023,2,4,11,0,8.3,-0.6,53.6,,,,,,,,,,,,,,,,,,,,,,,,,,,,,,,,,,,,
2023,2,4,12,0,7.9,-0.9,53.59,,,,,,,,,,,,,,,,,,,,,,,,,,,,,,,,,,,,
2023,2,4,13,0,7.6,-1.3,53.47,,,,,,,,,,,,,,,,,,,,,,,,,,,,,,,,,,,,
2023,2,4,14,0,8,-1.1,52.51,,,,,,,,,,,,,,,,,,,,,,,,,,,,,,,,,,,,
2023,2,4,15,0,12.4,0.2,43.05,,,,,,,,,,,,,,,,,,,,,,,,,,,,,,,,,,,,
2023,2,4,16,0,16.1,-1.5,30.05,,,,,,,,,,,,,,,,,,,,,,,,,,,,,,,,,,,,
2023,2,4,17,0,19.2,-2.2,23.34,,,,,,,,,,,,,,,,,,,,,,,,,,,,,,,,,,,,
2023,2,4,18,0,21.5,-2.3,20.14,,,,,,,,,,,,,,,,,,,,,,,,,,,,,,,,,,,,
2023,2,4,19,0,23.3,-2.4,17.91,,,,,,,,,,,,,,,,,,,,,,,,,,,,,,,,,,,,
2023,2,4,20,0,24.1,-2.4,17.15,,,,,,,,,,,,,,,,,,,,,,,,,,,,,,,,,,,,
2023,2,4,21,0,24.3,-2.4,16.89,,,,,,,,,,,,,,,,,,,,,,,,,,,,,,,,,,,,
2023,2,4,22,0,24,-2.3,17.38,,,,,,,,,,,,,,,,,,,,,,,,,,,,,,,,,,,,
2023,2,4,23,0,22.4,2.7,27.41,,,,,,,,,,,,,,,,,,,,,,,,,,,,,,,,,,,,
2023,2,5,0,0,19.6,2.1,31.18,,,,,,,,,,,,,,,,,,,,,,,,,,,,,,,,,,,,
2023,2,5,1,0,18,-0.2,29.26,,,,,,,,,,,,,,,,,,,,,,,,,,,,,,,,,,,,
2023,2,5,2,0,16.8,-0.5,30.82,,,,,,,,,,,,,,,,,,,,,,,,,,,,,,,,,,,,
2023,2,5,3,0,15.1,-0.4,34.64,,,,,,,,,,,,,,,,,,,,,,,,,,,,,,,,,,,,
2023,2,5,4,0,13.5,-0.2,38.92,,,,,,,,,,,,,,,,,,,,,,,,,,,,,,,,,,,,
2023,2,5,5,0,12.5,-0.3,41.18,,,,,,,,,,,,,,,,,,,,,,,,,,,,,,,,,,,,
2023,2,5,6,0,12.1,-0.6,41.45,,,,,,,,,,,,,,,,,,,,,,,,,,,,,,,,,,,,
2023,2,5,7,0,11.6,-0.8,42.41,,,,,,,,,,,,,,,,,,,,,,,,,,,,,,,,,,,,
2023,2,5,8,0,10.6,-0.7,45.49,,,,,,,,,,,,,,,,,,,,,,,,,,,,,,,,,,,,
2023,2,5,9,0,9.5,-0.6,49.18,,,,,,,,,,,,,,,,,,,,,,,,,,,,,,,,,,,,
2023,2,5,10,0,8.8,-0.7,51.31,,,,,,,,,,,,,,,,,,,,,,,,,,,,,,,,,,,,
2023,2,5,11,0,8.4,-0.9,52.15,,,,,,,,,,,,,,,,,,,,,,,,,,,,,,,,,,,,
2023,2,5,12,0,7.9,-1.1,53.11,,,,,,,,,,,,,,,,,,,,,,,,,,,,,,,,,,,,
2023,2,5,13,0,7.5,-1.3,53.64,,,,,,,,,,,,,,,,,,,,,,,,,,,,,,,,,,,,
2023,2,5,14,0,7.8,-0.9,54.08,,,,,,,,,,,,,,,,,,,,,,,,,,,,,,,,,,,,
2023,2,5,15,0,12.4,0.8,45.01,,,,,,,,,,,,,,,,,,,,,,,,,,,,,,,,,,,,
2023,2,5,16,0,16,-1.2,30.85,,,,,,,,,,,,,,,,,,,,,,,,,,,,,,,,,,,,
2023,2,5,17,0,18.6,-1.5,25.67,,,,,,,,,,,,,,,,,,,,,,,,,,,,,,,,,,,,
2023,2,5,18,0,20.6,-1.5,22.65,,,,,,,,,,,,,,,,,,,,,,,,,,,,,,,,,,,,
2023,2,5,19,0,22.1,-1.5,20.6,,,,,,,,,,,,,,,,,,,,,,,,,,,,,,,,,,,,
2023,2,5,20,0,22.7,-1.5,19.93,,,,,,,,,,,,,,,,,,,,,,,,,,,,,,,,,,,,
2023,2,5,21,0,22.8,-1.4,19.85,,,,,,,,,,,,,,,,,,,,,,,,,,,,,,,,,,,,
2023,2,5,22,0,22.3,-1.3,20.64,,,,,,,,,,,,,,,,,,,,,,,,,,,,,,,,,,,,
2023,2,5,23,0,20.5,1.5,28.34,,,,,,,,,,,,,,,,,,,,,,,,,,,,,,,,,,,,
2023,2,6,0,0,16,4.3,45.73,,,,,,,,,,,,,,,,,,,,,,,,,,,,,,,,,,,,
2023,2,6,1,0,14.4,3.2,46.84,,,,,,,,,,,,,,,,,,,,,,,,,,,,,,,,,,,,
2023,2,6,2,0,13,2.4,48.4,,,,,,,,,,,,,,,,,,,,,,,,,,,,,,,,,,,,
2023,2,6,3,0,12.3,2.3,50.34,,,,,,,,,,,,,,,,,,,,,,,,,,,,,,,,,,,,
2023,2,6,4,0,11.5,2.7,54.61,,,,,,,,,,,,,,,,,,,,,,,,,,,,,,,,,,,,
2023,2,6,5,0,10.7,3,59.04,,,,,,,,,,,,,,,,,,,,,,,,,,,,,,,,,,,,
2023,2,6,6,0,9.8,3.3,63.94,,,,,,,,,,,,,,,,,,,,,,,,,,,,,,,,,,,,
2023,2,6,7,0,9,3.4,68.19,,,,,,,,,,,,,,,,,,,,,,,,,,,,,,,,,,,,
2023,2,6,8,0,8.2,3.5,72.03,,,,,,,,,,,,,,,,,,,,,,,,,,,,,,,,,,,,
2023,2,6,9,0,7.7,3.3,73.6,,,,,,,,,,,,,,,,,,,,,,,,,,,,,,,,,,,,
2023,2,6,10,0,7.6,3.1,72.94,,,,,,,,,,,,,,,,,,,,,,,,,,,,,,,,,,,,
2023,2,6,11,0,7.4,2.8,72.36,,,,,,,,,,,,,,,,,,,,,,,,,,,,,,,,,,,,
2023,2,6,12,0,6.9,2.3,72.74,,,,,,,,,,,,,,,,,,,,,,,,,,,,,,,,,,,,
2023,2,6,13,0,6.6,1.7,70.88,,,,,,,,,,,,,,,,,,,,,,,,,,,,,,,,,,,,
2023,2,6,14,0,7.3,1.2,65.29,,,,,,,,,,,,,,,,,,,,,,,,,,,,,,,,,,,,
2023,2,6,15,0,11.1,1.9,53.06,,,,,,,,,,,,,,,,,,,,,,,,,,,,,,,,,,,,
2023,2,6,16,0,13.8,0.7,40.7,,,,,,,,,,,,,,,,,,,,,,,,,,,,,,,,,,,,
2023,2,6,17,0,15.8,-0.8,32.18,,,,,,,,,,,,,,,,,,,,,,,,,,,,,,,,,,,,
2023,2,6,18,0,17.2,-1.7,27.52,,,,,,,,,,,,,,,,,,,,,,,,,,,,,,,,,,,,
2023,2,6,19,0,18.3,-2.5,24.21,,,,,,,,,,,,,,,,,,,,,,,,,,,,,,,,,,,,
2023,2,6,20,0,19,-3.3,21.88,,,,,,,,,,,,,,,,,,,,,,,,,,,,,,,,,,,,
2023,2,6,21,0,19.4,-4.1,20.06,,,,,,,,,,,,,,,,,,,,,,,,,,,,,,,,,,,,
2023,2,6,22,0,19.3,-4.8,19.18,,,,,,,,,,,,,,,,,,,,,,,,,,,,,,,,,,,,
2023,2,6,23,0,18,-4.3,21.57,,,,,,,,,,,,,,,,,,,,,,,,,,,,,,,,,,,,
2023,2,7,0,0,13.7,-1.6,34.71,,,,,,,,,,,,,,,,,,,,,,,,,,,,,,,,,,,,
2023,2,7,1,0,10.9,-1.9,40.72,,,,,,,,,,,,,,,,,,,,,,,,,,,,,,,,,,,,
2023,2,7,2,0,9.7,-2.3,42.9,,,,,,,,,,,,,,,,,,,,,,,,,,,,,,,,,,,,
2023,2,7,3,0,8.7,-2.6,44.85,,,,,,,,,,,,,,,,,,,,,,,,,,,,,,,,,,,,
2023,2,7,4,0,7.7,-2.8,47.3,,,,,,,,,,,,,,,,,,,,,,,,,,,,,,,,,,,,
2023,2,7,5,0,6.9,-3.1,49.06,,,,,,,,,,,,,,,,,,,,,,,,,,,,,,,,,,,,
2023,2,7,6,0,6.2,-3.3,50.63,,,,,,,,,,,,,,,,,,,,,,,,,,,,,,,,,,,,
2023,2,7,7,0,5.5,-3.5,52.36,,,,,,,,,,,,,,,,,,,,,,,,,,,,,,,,,,,,
2023,2,7,8,0,5,-3.6,53.63,,,,,,,,,,,,,,,,,,,,,,,,,,,,,,,,,,,,
2023,2,7,9,0,4.5,-3.8,54.93,,,,,,,,,,,,,,,,,,,,,,,,,,,,,,,,,,,,
2023,2,7,10,0,4.3,-4,54.98,,,,,,,,,,,,,,,,,,,,,,,,,,,,,,,,,,,,
2023,2,7,11,0,4.1,-4.2,54.93,,,,,,,,,,,,,,,,,,,,,,,,,,,,,,,,,,,,
2023,2,7,12,0,4,-4.3,54.65,,,,,,,,,,,,,,,,,,,,,,,,,,,,,,,,,,,,
2023,2,7,13,0,3.8,-4.3,55.3,,,,,,,,,,,,,,,,,,,,,,,,,,,,,,,,,,,,
2023,2,7,14,0,4.7,-3.7,54.59,,,,,,,,,,,,,,,,,,,,,,,,,,,,,,,,,,,,
2023,2,7,15,0,9.5,-3.2,40.88,,,,,,,,,,,,,,,,,,,,,,,,,,,,,,,,,,,,
2023,2,7,16,0,12.7,-3.8,31.4,,,,,,,,,,,,,,,,,,,,,,,,,,,,,,,,,,,,
2023,2,7,17,0,15.3,-4.6,24.97,,,,,,,,,,,,,,,,,,,,,,,,,,,,,,,,,,,,
2023,2,7,18,0,17.2,-5.8,20.35,,,,,,,,,,,,,,,,,,,,,,,,,,,,,,,,,,,,
2023,2,7,19,0,18.5,-6.6,17.61,,,,,,,,,,,,,,,,,,,,,,,,,,,,,,,,,,,,
2023,2,7,20,0,19.4,-6.9,16.26,,,,,,,,,,,,,,,,,,,,,,,,,,,,,,,,,,,,
2023,2,7,21,0,19.9,-6.8,15.84,,,,,,,,,,,,,,,,,,,,,,,,,,,,,,,,,,,,
2023,2,7,22,0,19.8,-6.5,16.37,,,,,,,,,,,,,,,,,,,,,,,,,,,,,,,,,,,,
2023,2,7,23,0,18.8,-3.4,22.02,,,,,,,,,,,,,,,,,,,,,,,,,,,,,,,,,,,,
2023,2,8,0,0,15.3,0.5,36.47,,,,,,,,,,,,,,,,,,,,,,,,,,,,,,,,,,,,
2023,2,8,1,0,13.3,-2,34.66,,,,,,,,,,,,,,,,,,,,,,,,,,,,,,,,,,,,
2023,2,8,2,0,12.5,-2.5,35.06,,,,,,,,,,,,,,,,,,,,,,,,,,,,,,,,,,,,
2023,2,8,3,0,11.6,-2.6,36.91,,,,,,,,,,,,,,,,,,,,,,,,,,,,,,,,,,,,
2023,2,8,4,0,10.3,-2.3,41.22,,,,,,,,,,,,,,,,,,,,,,,,,,,,,,,,,,,,
2023,2,8,5,0,8.8,-2,46.63,,,,,,,,,,,,,,,,,,,,,,,,,,,,,,,,,,,,
2023,2,8,6,0,7.5,-2,50.96,,,,,,,,,,,,,,,,,,,,,,,,,,,,,,,,,,,,
2023,2,8,7,0,6.6,-2.2,53.56,,,,,,,,,,,,,,,,,,,,,,,,,,,,,,,,,,,,
2023,2,8,8,0,6,-2.4,54.95,,,,,,,,,,,,,,,,,,,,,,,,,,,,,,,,,,,,
2023,2,8,9,0,5.7,-2.7,54.75,,,,,,,,,,,,,,,,,,,,,,,,,,,,,,,,,,,,
2023,2,8,10,0,5.2,-3,55.61,,,,,,,,,,,,,,,,,,,,,,,,,,,,,,,,,,,,
2023,2,8,11,0,4.8,-3.2,56.37,,,,,,,,,,,,,,,,,,,,,,,,,,,,,,,,,,,,
2023,2,8,12,0,4.6,-3.3,56.71,,,,,,,,,,,,,,,,,,,,,,,,,,,,,,,,,,,,
2023,2,8,13,0,4.8,-3.2,56.22,,,,,,,,,,,,,,,,,,,,,,,,,,,,,,,,,,,,
2023,2,8,14,0,5.7,-2.8,54.43,,,,,,,,,,,,,,,,,,,,,,,,,,,,,,,,,,,,
2023,2,8,15,0,8.9,-2.8,43.83,,,,,,,,,,,,,,,,,,,,,,,,,,,,,,,,,,,,
2023,2,8,16,0,11.5,-2.9,36.44,,,,,,,,,,,,,,,,,,,,,,,,,,,,,,,,,,,,
2023,2,8,17,0,15.2,-3.6,27.18,,,,,,,,,,,,,,,,,,,,,,,,,,,,,,,,,,,,
2023,2,8,18,0,18,-4.3,21.6,,,,,,,,,,,,,,,,,,,,,,,,,,,,,,,,,,,,
2023,2,8,19,0,19.4,-4.5,19.49,,,,,,,,,,,,,,,,,,,,,,,,,,,,,,,,,,,,
2023,2,8,20,0,20.1,-4.7,18.42,,,,,,,,,,,,,,,,,,,,,,,,,,,,,,,,,,,,
2023,2,8,21,0,20.4,-4.9,17.77,,,,,,,,,,,,,,,,,,,,,,,,,,,,,,,,,,,,
2023,2,8,22,0,20.3,-4.9,17.92,,,,,,,,,,,,,,,,,,,,,,,,,,,,,,,,,,,,
2023,2,8,23,0,19.2,-2.1,23.57,,,,,,,,,,,,,,,,,,,,,,,,,,,,,,,,,,,,
2023,2,9,0,0,15,1.8,40.88,,,,,,,,,,,,,,,,,,,,,,,,,,,,,,,,,,,,
2023,2,9,1,0,12.7,-0.4,40.57,,,,,,,,,,,,,,,,,,,,,,,,,,,,,,,,,,,,
2023,2,9,2,0,12,-1,40.45,,,,,,,,,,,,,,,,,,,,,,,,,,,,,,,,,,,,
2023,2,9,3,0,11.8,-1.8,38.77,,,,,,,,,,,,,,,,,,,,,,,,,,,,,,,,,,,,
2023,2,9,4,0,12.1,-2.5,36,,,,,,,,,,,,,,,,,,,,,,,,,,,,,,,,,,,,
2023,2,9,5,0,12.1,-2.9,34.99,,,,,,,,,,,,,,,,,,,,,,,,,,,,,,,,,,,,
2023,2,9,6,0,11.1,-2.7,37.89,,,,,,,,,,,,,,,,,,,,,,,,,,,,,,,,,,,,
2023,2,9,7,0,9.8,-2.5,41.9,,,,,,,,,,,,,,,,,,,,,,,,,,,,,,,,,,,,
2023,2,9,8,0,8.4,-2.4,46.46,,,,,,,,,,,,,,,,,,,,,,,,,,,,,,,,,,,,
2023,2,9,9,0,7.7,-2.5,48.43,,,,,,,,,,,,,,,,,,,,,,,,,,,,,,,,,,,,
2023,2,9,10,0,7,-2.6,50.49,,,,,,,,,,,,,,,,,,,,,,,,,,,,,,,,,,,,
2023,2,9,11,0,6.1,-2.5,53.94,,,,,,,,,,,,,,,,,,,,,,,,,,,,,,,,,,,,
2023,2,9,12,0,5.5,-2.5,56.56,,,,,,,,,,,,,,,,,,,,,,,,,,,,,,,,,,,,
2023,2,9,13,0,4.8,-2.5,59.13,,,,,,,,,,,,,,,,,,,,,,,,,,,,,,,,,,,,
2023,2,9,14,0,5.2,-2.3,58.23,,,,,,,,,,,,,,,,,,,,,,,,,,,,,,,,,,,,
2023,2,9,15,0,9.5,-2.8,41.89,,,,,,,,,,,,,,,,,,,,,,,,,,,,,,,,,,,,
2023,2,9,16,0,12.7,-7.4,23.95,,,,,,,,,,,,,,,,,,,,,,,,,,,,,,,,,,,,
2023,2,9,17,0,15.6,-10.8,15.16,,,,,,,,,,,,,,,,,,,,,,,,,,,,,,,,,,,,
2023,2,9,18,0,17.8,-11.8,12.18,,,,,,,,,,,,,,,,,,,,,,,,,,,,,,,,,,,,
2023,2,9,19,0,19.2,-11.4,11.56,,,,,,,,,,,,,,,,,,,,,,,,,,,,,,,,,,,,
2023,2,9,20,0,20.1,-10.7,11.54,,,,,,,,,,,,,,,,,,,,,,,,,,,,,,,,,,,,
2023,2,9,21,0,20.4,-10.2,11.83,,,,,,,,,,,,,,,,,,,,,,,,,,,,,,,,,,,,
2023,2,9,22,0,20.1,-9.9,12.31,,,,,,,,,,,,,,,,,,,,,,,,,,,,,,,,,,,,
2023,2,9,23,0,18.6,-7.9,15.82,,,,,,,,,,,,,,,,,,,,,,,,,,,,,,,,,,,,
2023,2,10,0,0,13.3,-3.7,30.57,,,,,,,,,,,,,,,,,,,,,,,,,,,,,,,,,,,,
2023,2,10,1,0,10.3,-4.9,34.08,,,,,,,,,,,,,,,,,,,,,,,,,,,,,,,,,,,,
2023,2,10,2,0,9.4,-5.9,33.37,,,,,,,,,,,,,,,,,,,,,,,,,,,,,,,,,,,,
2023,2,10,3,0,8.5,-6.6,33.59,,,,,,,,,,,,,,,,,,,,,,,,,,,,,,,,,,,,
2023,2,10,4,0,7.6,-7.1,34.61,,,,,,,,,,,,,,,,,,,,,,,,,,,,,,,,,,,,
2023,2,10,5,0,6.8,-7.3,35.9,,,,,,,,,,,,,,,,,,,,,,,,,,,,,,,,,,,,
2023,2,10,6,0,6.2,-7.5,36.86,,,,,,,,,,,,,,,,,,,,,,,,,,,,,,,,,,,,
2023,2,10,7,0,5.7,-7.6,37.93,,,,,,,,,,,,,,,,,,,,,,,,,,,,,,,,,,,,
2023,2,10,8,0,5.2,-7.5,39.43,,,,,,,,,,,,,,,,,,,,,,,,,,,,,,,,,,,,
2023,2,10,9,0,4.9,-7.6,40.04,,,,,,,,,,,,,,,,,,,,,,,,,,,,,,,,,,,,
2023,2,10,10,0,4.8,-7.7,39.9,,,,,,,,,,,,,,,,,,,,,,,,,,,,,,,,,,,,
2023,2,10,11,0,4.7,-7.8,39.79,,,,,,,,,,,,,,,,,,,,,,,,,,,,,,,,,,,,
2023,2,10,12,0,4.5,-7.8,40.31,,,,,,,,,,,,,,,,,,,,,,,,,,,,,,,,,,,,
2023,2,10,13,0,4.4,-7.8,40.77,,,,,,,,,,,,,,,,,,,,,,,,,,,,,,,,,,,,
2023,2,10,14,0,5.4,-7.6,38.49,,,,,,,,,,,,,,,,,,,,,,,,,,,,,,,,,,,,
2023,2,10,15,0,8.8,-7.2,31.5,,,,,,,,,,,,,,,,,,,,,,,,,,,,,,,,,,,,
2023,2,10,16,0,12.5,-7.1,24.78,,,,,,,,,,,,,,,,,,,,,,,,,,,,,,,,,,,,
2023,2,10,17,0,15.4,-7.5,19.96,,,,,,,,,,,,,,,,,,,,,,,,,,,,,,,,,,,,
2023,2,10,18,0,17.8,-7.6,16.96,,,,,,,,,,,,,,,,,,,,,,,,,,,,,,,,,,,,
2023,2,10,19,0,19.6,-7.6,15.14,,,,,,,,,,,,,,,,,,,,,,,,,,,,,,,,,,,,
2023,2,10,20,0,20.9,-7.5,14.18,,,,,,,,,,,,,,,,,,,,,,,,,,,,,,,,,,,,
2023,2,10,21,0,21.6,-7,14.03,,,,,,,,,,,,,,,,,,,,,,,,,,,,,,,,,,,,
2023,2,10,22,0,21.6,-6.6,14.54,,,,,,,,,,,,,,,,,,,,,,,,,,,,,,,,,,,,
2023,2,10,23,0,20.2,-4,19.29,,,,,,,,,,,,,,,,,,,,,,,,,,,,,,,,,,,,
2023,2,11,0,0,15.1,-0.7,33.86,,,,,,,,,,,,,,,,,,,,,,,,,,,,,,,,,,,,
2023,2,11,1,0,12.3,-1.8,37.54,,,,,,,,,,,,,,,,,,,,,,,,,,,,,,,,,,,,
2023,2,11,2,0,11.3,-2.2,39,,,,,,,,,,,,,,,,,,,,,,,,,,,,,,,,,,,,
2023,2,11,3,0,10.3,-2.3,41.35,,,,,,,,,,,,,,,,,,,,,,,,,,,,,,,,,,,,
2023,2,11,4,0,9.7,-2.6,42.05,,,,,,,,,,,,,,,,,,,,,,,,,,,,,,,,,,,,
2023,2,11,5,0,9.2,-3.1,41.91,,,,,,,,,,,,,,,,,,,,,,,,,,,,,,,,,,,,
2023,2,11,6,0,8.9,-3.6,41.12,,,,,,,,,,,,,,,,,,,,,,,,,,,,,,,,,,,,
2023,2,11,7,0,8.9,-3.9,40.15,,,,,,,,,,,,,,,,,,,,,,,,,,,,,,,,,,,,
2023,2,11,8,0,8.8,-4.2,39.57,,,,,,,,,,,,,,,,,,,,,,,,,,,,,,,,,,,,
2023,2,11,9,0,8.7,-4.6,38.68,,,,,,,,,,,,,,,,,,,,,,,,,,,,,,,,,,,,
2023,2,11,10,0,8.8,-4.8,37.86,,,,,,,,,,,,,,,,,,,,,,,,,,,,,,,,,,,,
2023,2,11,11,0,8.6,-4.7,38.66,,,,,,,,,,,,,,,,,,,,,,,,,,,,,,,,,,,,
2023,2,11,12,0,8.5,-4.5,39.41,,,,,,,,,,,,,,,,,,,,,,,,,,,,,,,,,,,,
2023,2,11,13,0,8.7,-4.6,38.6,,,,,,,,,,,,,,,,,,,,,,,,,,,,,,,,,,,,
2023,2,11,14,0,9.8,-5.3,33.99,,,,,,,,,,,,,,,,,,,,,,,,,,,,,,,,,,,,
2023,2,11,15,0,11.6,-5.9,28.8,,,,,,,,,,,,,,,,,,,,,,,,,,,,,,,,,,,,
2023,2,11,16,0,14,-6.2,24.12,,,,,,,,,,,,,,,,,,,,,,,,,,,,,,,,,,,,
2023,2,11,17,0,16.5,-6.3,20.37,,,,,,,,,,,,,,,,,,,,,,,,,,,,,,,,,,,,
2023,2,11,18,0,18.6,-5.9,18.44,,,,,,,,,,,,,,,,,,,,,,,,,,,,,,,,,,,,
2023,2,11,19,0,20.6,-5.5,16.8,,,,,,,,,,,,,,,,,,,,,,,,,,,,,,,,,,,,
2023,2,11,20,0,21.8,-5.1,16.02,,,,,,,,,,,,,,,,,,,,,,,,,,,,,,,,,,,,
2023,2,11,21,0,22.3,-5.1,15.58,,,,,,,,,,,,,,,,,,,,,,,,,,,,,,,,,,,,
2023,2,11,22,0,22.4,-5.3,15.26,,,,,,,,,,,,,,,,,,,,,,,,,,,,,,,,,,,,
2023,2,11,23,0,21,0.3,25.2,,,,,,,,,,,,,,,,,,,,,,,,,,,,,,,,,,,,
2023,2,12,0,0,18.3,0.6,30.32,,,,,,,,,,,,,,,,,,,,,,,,,,,,,,,,,,,,
2023,2,12,1,0,17.2,-3.1,24.83,,,,,,,,,,,,,,,,,,,,,,,,,,,,,,,,,,,,
2023,2,12,2,0,16,-3.1,26.89,,,,,,,,,,,,,,,,,,,,,,,,,,,,,,,,,,,,
2023,2,12,3,0,14.2,-2.7,30.97,,,,,,,,,,,,,,,,,,,,,,,,,,,,,,,,,,,,
2023,2,12,4,0,12.8,-2.6,34.2,,,,,,,,,,,,,,,,,,,,,,,,,,,,,,,,,,,,
2023,2,12,5,0,11.4,-2.3,38.47,,,,,,,,,,,,,,,,,,,,,,,,,,,,,,,,,,,,
2023,2,12,6,0,9.6,-1.8,44.77,,,,,,,,,,,,,,,,,,,,,,,,,,,,,,,,,,,,
2023,2,12,7,0,8.2,-1.7,49.75,,,,,,,,,,,,,,,,,,,,,,,,,,,,,,,,,,,,
2023,2,12,8,0,7.5,-1.7,52.02,,,,,,,,,,,,,,,,,,,,,,,,,,,,,,,,,,,,
2023,2,12,9,0,7.1,-1.8,53.04,,,,,,,,,,,,,,,,,,,,,,,,,,,,,,,,,,,,
2023,2,12,10,0,7.2,-2,52.08,,,,,,,,,,,,,,,,,,,,,,,,,,,,,,,,,,,,
2023,2,12,11,0,7.8,-2.2,49.28,,,,,,,,,,,,,,,,,,,,,,,,,,,,,,,,,,,,
2023,2,12,12,0,8.1,-2.5,47.31,,,,,,,,,,,,,,,,,,,,,,,,,,,,,,,,,,,,
2023,2,12,13,0,8.2,-2.6,46.38,,,,,,,,,,,,,,,,,,,,,,,,,,,,,,,,,,,,
2023,2,12,14,0,8.9,-2.4,45,,,,,,,,,,,,,,,,,,,,,,,,,,,,,,,,,,,,
2023,2,12,15,0,12.7,-2.4,34.86,,,,,,,,,,,,,,,,,,,,,,,,,,,,,,,,,,,,
2023,2,12,16,0,16.1,-2.6,27.63,,,,,,,,,,,,,,,,,,,,,,,,,,,,,,,,,,,,
2023,2,12,17,0,19.3,-2.7,22.35,,,,,,,,,,,,,,,,,,,,,,,,,,,,,,,,,,,,
2023,2,12,18,0,21.5,-2.8,19.5,,,,,,,,,,,,,,,,,,,,,,,,,,,,,,,,,,,,
2023,2,12,19,0,23,-2.8,17.68,,,,,,,,,,,,,,,,,,,,,,,,,,,,,,,,,,,,
2023,2,12,20,0,23.9,-2.7,16.89,,,,,,,,,,,,,,,,,,,,,,,,,,,,,,,,,,,,
2023,2,12,21,0,24.1,-2.5,16.97,,,,,,,,,,,,,,,,,,,,,,,,,,,,,,,,,,,,
2023,2,12,22,0,23.8,-2.1,17.8,,,,,,,,,,,,,,,,,,,,,,,,,,,,,,,,,,,,
2023,2,12,23,0,22.1,-0.2,22.65,,,,,,,,,,,,,,,,,,,,,,,,,,,,,,,,,,,,
2023,2,13,0,0,17.7,1.8,34.41,,,,,,,,,,,,,,,,,,,,,,,,,,,,,,,,,,,,
2023,2,13,1,0,14.2,1.9,43.31,,,,,,,,,,,,,,,,,,,,,,,,,,,,,,,,,,,,
2023,2,13,2,0,12.3,2,49.47,,,,,,,,,,,,,,,,,,,,,,,,,,,,,,,,,,,,
2023,2,13,3,0,10.7,2.2,55.83,,,,,,,,,,,,,,,,,,,,,,,,,,,,,,,,,,,,
2023,2,13,4,0,10.5,1.8,54.79,,,,,,,,,,,,,,,,,,,,,,,,,,,,,,,,,,,,
2023,2,13,5,0,10.6,1.2,52.26,,,,,,,,,,,,,,,,,,,,,,,,,,,,,,,,,,,,
2023,2,13,6,0,9.4,1.3,56.79,,,,,,,,,,,,,,,,,,,,,,,,,,,,,,,,,,,,
2023,2,13,7,0,8.5,1.3,60.34,,,,,,,,,,,,,,,,,,,,,,,,,,,,,,,,,,,,
2023,2,13,8,0,8.5,1.2,60.31,,,,,,,,,,,,,,,,,,,,,,,,,,,,,,,,,,,,
2023,2,13,9,0,9.1,1.5,58.9,,,,,,,,,,,,,,,,,,,,,,,,,,,,,,,,,,,,
2023,2,13,10,0,9.1,1.9,60.49,,,,,,,,,,,,,,,,,,,,,,,,,,,,,,,,,,,,
2023,2,13,11,0,8.4,2.4,66.06,,,,,,,,,,,,,,,,,,,,,,,,,,,,,,,,,,,,
2023,2,13,12,0,7.9,3.2,72.36,,,,,,,,,,,,,,,,,,,,,,,,,,,,,,,,,,,,
2023,2,13,13,0,7.7,4,77.39,,,,,,,,,,,,,,,,,,,,,,,,,,,,,,,,,,,,
2023,2,13,14,0,8.2,4.9,79.52,,,,,,,,,,,,,,,,,,,,,,,,,,,,,,,,,,,,
2023,2,13,15,0,9.8,5.7,75.8,,,,,,,,,,,,,,,,,,,,,,,,,,,,,,,,,,,,
2023,2,13,16,0,10.9,6.2,72.62,,,,,,,,,,,,,,,,,,,,,,,,,,,,,,,,,,,,
2023,2,13,17,0,11.8,5.8,66.58,,,,,,,,,,,,,,,,,,,,,,,,,,,,,,,,,,,,
2023,2,13,18,0,12.4,4.4,58.31,,,,,,,,,,,,,,,,,,,,,,,,,,,,,,,,,,,,
2023,2,13,19,0,12.6,3.1,52.34,,,,,,,,,,,,,,,,,,,,,,,,,,,,,,,,,,,,
2023,2,13,20,0,12.6,2.1,48.82,,,,,,,,,,,,,,,,,,,,,,,,,,,,,,,,,,,,
2023,2,13,21,0,12.6,1.6,47.09,,,,,,,,,,,,,,,,,,,,,,,,,,,,,,,,,,,,
2023,2,13,22,0,12.5,1.3,46.27,,,,,,,,,,,,,,,,,,,,,,,,,,,,,,,,,,,,
2023,2,13,23,0,12.1,1.1,46.89,,,,,,,,,,,,,,,,,,,,,,,,,,,,,,,,,,,,
2023,2,14,0,0,10.2,3.2,61.95,,,,,,,,,,,,,,,,,,,,,,,,,,,,,,,,,,,,
2023,2,14,1,0,8.5,2.5,66.02,,,,,,,,,,,,,,,,,,,,,,,,,,,,,,,,,,,,
2023,2,14,2,0,7.7,2.3,68.83,,,,,,,,,,,,,,,,,,,,,,,,,,,,,,,,,,,,
2023,2,14,3,0,6.8,2.1,71.92,,,,,,,,,,,,,,,,,,,,,,,,,,,,,,,,,,,,
2023,2,14,4,0,5.9,2,76.04,,,,,,,,,,,,,,,,,,,,,,,,,,,,,,,,,,,,
2023,2,14,5,0,5.2,2.1,80.48,,,,,,,,,,,,,,,,,,,,,,,,,,,,,,,,,,,,
2023,2,14,6,0,4.6,2.3,85.23,,,,,,,,,,,,,,,,,,,,,,,,,,,,,,,,,,,,
2023,2,14,7,0,4.1,2.5,89.4,,,,,,,,,,,,,,,,,,,,,,,,,,,,,,,,,,,,
2023,2,14,8,0,3.9,2.7,91.89,,,,,,,,,,,,,,,,,,,,,,,,,,,,,,,,,,,,
2023,2,14,9,0,3.6,2.8,94.62,,,,,,,,,,,,,,,,,,,,,,,,,,,,,,,,,,,,
2023,2,14,10,0,3.4,2.9,96.3,,,,,,,,,,,,,,,,,,,,,,,,,,,,,,,,,,,,
2023,2,14,11,0,3.3,2.9,97.2,,,,,,,,,,,,,,,,,,,,,,,,,,,,,,,,,,,,
2023,2,14,12,0,3.3,2.9,97.18,,,,,,,,,,,,,,,,,,,,,,,,,,,,,,,,,,,,
2023,2,14,13,0,3.2,2.9,97.56,,,,,,,,,,,,,,,,,,,,,,,,,,,,,,,,,,,,
2023,2,14,14,0,4.5,3.2,91.42,,,,,,,,,,,,,,,,,,,,,,,,,,,,,,,,,,,,
2023,2,14,15,0,6.3,3.8,83.74,,,,,,,,,,,,,,,,,,,,,,,,,,,,,,,,,,,,
2023,2,14,16,0,8.1,4.2,76.35,,,,,,,,,,,,,,,,,,,,,,,,,,,,,,,,,,,,
2023,2,14,17,0,10.8,4.5,64.88,,,,,,,,,,,,,,,,,,,,,,,,,,,,,,,,,,,,
2023,2,14,18,0,13.1,4.7,56.55,,,,,,,,,,,,,,,,,,,,,,,,,,,,,,,,,,,,
2023,2,14,19,0,14,5,54.8,,,,,,,,,,,,,,,,,,,,,,,,,,,,,,,,,,,,
2023,2,14,20,0,14.4,5.7,55.7,,,,,,,,,,,,,,,,,,,,,,,,,,,,,,,,,,,,
2023,2,14,21,0,14.2,6,57.9,,,,,,,,,,,,,,,,,,,,,,,,,,,,,,,,,,,,
2023,2,14,22,0,14.3,6.3,58.51,,,,,,,,,,,,,,,,,,,,,,,,,,,,,,,,,,,,
2023,2,14,23,0,14,6.5,60.66,,,,,,,,,,,,,,,,,,,,,,,,,,,,,,,,,,,,
2023,2,15,0,0,13.1,6.8,65.59,,,,,,,,,,,,,,,,,,,,,,,,,,,,,,,,,,,,
2023,2,15,1,0,12.1,7,71.08,,,,,,,,,,,,,,,,,,,,,,,,,,,,,,,,,,,,
2023,2,15,2,0,11.3,7,74.67,,,,,,,,,,,,,,,,,,,,,,,,,,,,,,,,,,,,
2023,2,15,3,0,10.1,6.3,77.52,,,,,,,,,,,,,,,,,,,,,,,,,,,,,,,,,,,,
2023,2,15,4,0,8.5,4.8,77.61,,,,,,,,,,,,,,,,,,,,,,,,,,,,,,,,,,,,
2023,2,15,5,0,6.6,3.9,83.14,,,,,,,,,,,,,,,,,,,,,,,,,,,,,,,,,,,,
2023,2,15,6,0,6.3,4,85.09,,,,,,,,,,,,,,,,,,,,,,,,,,,,,,,,,,,,
2023,2,15,7,0,5.8,3.6,85.75,,,,,,,,,,,,,,,,,,,,,,,,,,,,,,,,,,,,
2023,2,15,8,0,5.1,2.6,83.76,,,,,,,,,,,,,,,,,,,,,,,,,,,,,,,,,,,,
2023,2,15,9,0,4.1,1.4,82.31,,,,,,,,,,,,,,,,,,,,,,,,,,,,,,,,,,,,
2023,2,15,10,0,2.8,-0.2,80.69,,,,,,,,,,,,,,,,,,,,,,,,,,,,,,,,,,,,
2023,2,15,11,0,1.4,-2,77.91,,,,,,,,,,,,,,,,,,,,,,,,,,,,,,,,,,,,
2023,2,15,12,0,0.5,-3.7,73.65,,,,,,,,,,,,,,,,,,,,,,,,,,,,,,,,,,,,
2023,2,15,13,0,-0.2,-5.1,69.57,,,,,,,,,,,,,,,,,,,,,,,,,,,,,,,,,,,,
2023,2,15,14,0,0.8,-5,65.03,,,,,,,,,,,,,,,,,,,,,,,,,,,,,,,,,,,,
2023,2,15,15,0,3.9,-6,48.34,,,,,,,,,,,,,,,,,,,,,,,,,,,,,,,,,,,,
2023,2,15,16,0,7,-8,33.47,,,,,,,,,,,,,,,,,,,,,,,,,,,,,,,,,,,,
2023,2,15,17,0,9,-9.9,25.18,,,,,,,,,,,,,,,,,,,,,,,,,,,,,,,,,,,,
2023,2,15,18,0,10.4,-10.8,21.4,,,,,,,,,,,,,,,,,,,,,,,,,,,,,,,,,,,,
2023,2,15,19,0,11.4,-10.9,19.84,,,,,,,,,,,,,,,,,,,,,,,,,,,,,,,,,,,,
2023,2,15,20,0,11.9,-10.6,19.7,,,,,,,,,,,,,,,,,,,,,,,,,,,,,,,,,,,,
2023,2,15,21,0,12.1,-10.1,20.19,,,,,,,,,,,,,,,,,,,,,,,,,,,,,,,,,,,,
2023,2,15,22,0,11.8,-9.7,21.22,,,,,,,,,,,,,,,,,,,,,,,,,,,,,,,,,,,,
2023,2,15,23,0,11,-9,23.61,,,,,,,,,,,,,,,,,,,,,,,,,,,,,,,,,,,,
2023,2,16,0,0,8.2,-3.5,43.35,,,,,,,,,,,,,,,,,,,,,,,,,,,,,,,,,,,,
2023,2,16,1,0,6.2,-4.1,47.63,,,,,,,,,,,,,,,,,,,,,,,,,,,,,,,,,,,,
2023,2,16,2,0,6.1,-5.2,44.29,,,,,,,,,,,,,,,,,,,,,,,,,,,,,,,,,,,,
2023,2,16,3,0,5.9,-6.1,41.7,,,,,,,,,,,,,,,,,,,,,,,,,,,,,,,,,,,,
2023,2,16,4,0,5.5,-6.8,40.63,,,,,,,,,,,,,,,,,,,,,,,,,,,,,,,,,,,,
2023,2,16,5,0,4.8,-7.3,41.19,,,,,,,,,,,,,,,,,,,,,,,,,,,,,,,,,,,,
2023,2,16,6,0,4,-7.5,42.95,,,,,,,,,,,,,,,,,,,,,,,,,,,,,,,,,,,,
2023,2,16,7,0,3.1,-7.6,45.4,,,,,,,,,,,,,,,,,,,,,,,,,,,,,,,,,,,,
2023,2,16,8,0,2.1,-7.5,49,,,,,,,,,,,,,,,,,,,,,,,,,,,,,,,,,,,,
2023,2,16,9,0,1.4,-7.4,52.03,,,,,,,,,,,,,,,,,,,,,,,,,,,,,,,,,,,,
2023,2,16,10,0,0.8,-7.3,54.62,,,,,,,,,,,,,,,,,,,,,,,,,,,,,,,,,,,,
2023,2,16,11,0,0.2,-7.2,57.58,,,,,,,,,,,,,,,,,,,,,,,,,,,,,,,,,,,,
2023,2,16,12,0,-0.4,-7.2,59.88,,,,,,,,,,,,,,,,,,,,,,,,,,,,,,,,,,,,
2023,2,16,13,0,-0.8,-7.5,60.48,,,,,,,,,,,,,,,,,,,,,,,,,,,,,,,,,,,,
2023,2,16,14,0,0.3,-7.1,57.68,,,,,,,,,,,,,,,,,,,,,,,,,,,,,,,,,,,,
2023,2,16,15,0,3.8,-6.9,45.55,,,,,,,,,,,,,,,,,,,,,,,,,,,,,,,,,,,,
2023,2,16,16,0,7.4,-8.6,31.08,,,,,,,,,,,,,,,,,,,,,,,,,,,,,,,,,,,,
2023,2,16,17,0,10.1,-10.4,22.52,,,,,,,,,,,,,,,,,,,,,,,,,,,,,,,,,,,,
2023,2,16,18,0,12,-10.7,19.45,,,,,,,,,,,,,,,,,,,,,,,,,,,,,,,,,,,,
2023,2,16,19,0,13.4,-10.6,17.84,,,,,,,,,,,,,,,,,,,,,,,,,,,,,,,,,,,,
2023,2,16,20,0,14.3,-10.4,17.11,,,,,,,,,,,,,,,,,,,,,,,,,,,,,,,,,,,,
2023,2,16,21,0,14.9,-10.1,16.88,,,,,,,,,,,,,,,,,,,,,,,,,,,,,,,,,,,,
2023,2,16,22,0,15,-9.6,17.37,,,,,,,,,,,,,,,,,,,,,,,,,,,,,,,,,,,,
2023,2,16,23,0,14.2,-8.1,20.59,,,,,,,,,,,,,,,,,,,,,,,,,,,,,,,,,,,,
2023,2,17,0,0,10.2,-2.2,41.71,,,,,,,,,,,,,,,,,,,,,,,,,,,,,,,,,,,,
2023,2,17,1,0,6.9,-3.7,46.83,,,,,,,,,,,,,,,,,,,,,,,,,,,,,,,,,,,,
2023,2,17,2,0,6,-4.5,47.07,,,,,,,,,,,,,,,,,,,,,,,,,,,,,,,,,,,,
2023,2,17,3,0,5.3,-5.1,47.1,,,,,,,,,,,,,,,,,,,,,,,,,,,,,,,,,,,,
2023,2,17,4,0,4.6,-5.8,47.02,,,,,,,,,,,,,,,,,,,,,,,,,,,,,,,,,,,,
2023,2,17,5,0,3.9,-6.5,46.75,,,,,,,,,,,,,,,,,,,,,,,,,,,,,,,,,,,,
2023,2,17,6,0,3.4,-7,46.64,,,,,,,,,,,,,,,,,,,,,,,,,,,,,,,,,,,,
2023,2,17,7,0,3.2,-7.2,46.55,,,,,,,,,,,,,,,,,,,,,,,,,,,,,,,,,,,,
2023,2,17,8,0,3.2,-7.4,45.76,,,,,,,,,,,,,,,,,,,,,,,,,,,,,,,,,,,,
2023,2,17,9,0,3.3,-7.6,44.81,,,,,,,,,,,,,,,,,,,,,,,,,,,,,,,,,,,,
2023,2,17,10,0,3.3,-7.6,44.54,,,,,,,,,,,,,,,,,,,,,,,,,,,,,,,,,,,,
2023,2,17,11,0,3,-7.7,45.24,,,,,,,,,,,,,,,,,,,,,,,,,,,,,,,,,,,,
2023,2,17,12,0,2.8,-7.7,45.81,,,,,,,,,,,,,,,,,,,,,,,,,,,,,,,,,,,,
2023,2,17,13,0,2.9,-7.7,45.73,,,,,,,,,,,,,,,,,,,,,,,,,,,,,,,,,,,,
2023,2,17,14,0,4,-7.3,43.39,,,,,,,,,,,,,,,,,,,,,,,,,,,,,,,,,,,,
2023,2,17,15,0,6.8,-6.8,37.17,,,,,,,,,,,,,,,,,,,,,,,,,,,,,,,,,,,,
2023,2,17,16,0,9.9,-6.3,31.39,,,,,,,,,,,,,,,,,,,,,,,,,,,,,,,,,,,,
2023,2,17,17,0,13.2,-8.2,21.74,,,,,,,,,,,,,,,,,,,,,,,,,,,,,,,,,,,,
2023,2,17,18,0,15.2,-8.4,18.83,,,,,,,,,,,,,,,,,,,,,,,,,,,,,,,,,,,,
2023,2,17,19,0,17.1,-8.4,16.67,,,,,,,,,,,,,,,,,,,,,,,,,,,,,,,,,,,,
2023,2,17,20,0,18.3,-8.2,15.77,,,,,,,,,,,,,,,,,,,,,,,,,,,,,,,,,,,,
2023,2,17,21,0,18.4,-7.6,16.33,,,,,,,,,,,,,,,,,,,,,,,,,,,,,,,,,,,,
2023,2,17,22,0,18,-6.8,17.84,,,,,,,,,,,,,,,,,,,,,,,,,,,,,,,,,,,,
2023,2,17,23,0,16.6,-5.2,22.1,,,,,,,,,,,,,,,,,,,,,,,,,,,,,,,,,,,,
2023,2,18,0,0,13.5,-3.9,29.72,,,,,,,,,,,,,,,,,,,,,,,,,,,,,,,,,,,,
2023,2,18,1,0,12.2,-4.3,31.27,,,,,,,,,,,,,,,,,,,,,,,,,,,,,,,,,,,,
2023,2,18,2,0,11.6,-4.5,32.15,,,,,,,,,,,,,,,,,,,,,,,,,,,,,,,,,,,,
2023,2,18,3,0,11.1,-4.6,33.06,,,,,,,,,,,,,,,,,,,,,,,,,,,,,,,,,,,,
2023,2,18,4,0,10.9,-4.8,32.91,,,,,,,,,,,,,,,,,,,,,,,,,,,,,,,,,,,,
2023,2,18,5,0,10.5,-4.7,34.07,,,,,,,,,,,,,,,,,,,,,,,,,,,,,,,,,,,,
2023,2,18,6,0,10.1,-4.5,35.63,,,,,,,,,,,,,,,,,,,,,,,,,,,,,,,,,,,,
2023,2,18,7,0,9.6,-4,38.18,,,,,,,,,,,,,,,,,,,,,,,,,,,,,,,,,,,,
2023,2,18,8,0,9.2,-3.5,40.77,,,,,,,,,,,,,,,,,,,,,,,,,,,,,,,,,,,,
2023,2,18,9,0,9.4,-3.7,39.38,,,,,,,,,,,,,,,,,,,,,,,,,,,,,,,,,,,,
2023,2,18,10,0,9.8,-4.1,37.34,,,,,,,,,,,,,,,,,,,,,,,,,,,,,,,,,,,,
2023,2,18,11,0,9.8,-3.8,38.12,,,,,,,,,,,,,,,,,,,,,,,,,,,,,,,,,,,,
2023,2,18,12,0,9.7,-3.1,40.38,,,,,,,,,,,,,,,,,,,,,,,,,,,,,,,,,,,,
2023,2,18,13,0,9.4,-2.4,43.48,,,,,,,,,,,,,,,,,,,,,,,,,,,,,,,,,,,,
2023,2,18,14,0,9.9,-1.5,45.09,,,,,,,,,,,,,,,,,,,,,,,,,,,,,,,,,,,,
2023,2,18,15,0,12.8,-0.3,40.48,,,,,,,,,,,,,,,,,,,,,,,,,,,,,,,,,,,,
2023,2,18,16,0,16,1.2,36.75,,,,,,,,,,,,,,,,,,,,,,,,,,,,,,,,,,,,
2023,2,18,17,0,19,1.1,30.1,,,,,,,,,,,,,,,,,,,,,,,,,,,,,,,,,,,,
2023,2,18,18,0,20.6,-0.6,24.2,,,,,,,,,,,,,,,,,,,,,,,,,,,,,,,,,,,,
2023,2,18,19,0,21.6,-1.9,20.67,,,,,,,,,,,,,,,,,,,,,,,,,,,,,,,,,,,,
2023,2,18,20,0,22.3,-2.8,18.54,,,,,,,,,,,,,,,,,,,,,,,,,,,,,,,,,,,,
2023,2,18,21,0,22.5,-3.4,17.46,,,,,,,,,,,,,,,,,,,,,,,,,,,,,,,,,,,,
2023,2,18,22,0,22.2,-3.7,17.44,,,,,,,,,,,,,,,,,,,,,,,,,,,,,,,,,,,,
2023,2,18,23,0,21.2,-2.3,20.5,,,,,,,,,,,,,,,,,,,,,,,,,,,,,,,,,,,,
2023,2,19,0,0,18.3,2.4,34.56,,,,,,,,,,,,,,,,,,,,,,,,,,,,,,,,,,,,
2023,2,19,1,0,17,-1.5,28.4,,,,,,,,,,,,,,,,,,,,,,,,,,,,,,,,,,,,
2023,2,19,2,0,16,-1.9,29.39,,,,,,,,,,,,,,,,,,,,,,,,,,,,,,,,,,,,
2023,2,19,3,0,15.1,-2,30.89,,,,,,,,,,,,,,,,,,,,,,,,,,,,,,,,,,,,
2023,2,19,4,0,14.4,-2,32.28,,,,,,,,,,,,,,,,,,,,,,,,,,,,,,,,,,,,
2023,2,19,5,0,13.5,-1.7,34.88,,,,,,,,,,,,,,,,,,,,,,,,,,,,,,,,,,,,
2023,2,19,6,0,12.9,-1.4,37.28,,,,,,,,,,,,,,,,,,,,,,,,,,,,,,,,,,,,
2023,2,19,7,0,13.1,-1.3,37.03,,,,,,,,,,,,,,,,,,,,,,,,,,,,,,,,,,,,
2023,2,19,8,0,13.8,-1.2,35.66,,,,,,,,,,,,,,,,,,,,,,,,,,,,,,,,,,,,
2023,2,19,9,0,13.4,-0.7,37.83,,,,,,,,,,,,,,,,,,,,,,,,,,,,,,,,,,,,
2023,2,19,10,0,12.5,-0.4,41.12,,,,,,,,,,,,,,,,,,,,,,,,,,,,,,,,,,,,
2023,2,19,11,0,11.7,-0.2,43.77,,,,,,,,,,,,,,,,,,,,,,,,,,,,,,,,,,,,
2023,2,19,12,0,11.2,-0.2,45.19,,,,,,,,,,,,,,,,,,,,,,,,,,,,,,,,,,,,
2023,2,19,13,0,10.7,-0.1,47.04,,,,,,,,,,,,,,,,,,,,,,,,,,,,,,,,,,,,
2023,2,19,14,0,11,1.2,50.93,,,,,,,,,,,,,,,,,,,,,,,,,,,,,,,,,,,,
2023,2,19,15,0,14.5,2.8,45.47,,,,,,,,,,,,,,,,,,,,,,,,,,,,,,,,,,,,
2023,2,19,16,0,17.6,0.1,30.66,,,,,,,,,,,,,,,,,,,,,,,,,,,,,,,,,,,,
2023,2,19,17,0,20.2,-1.1,23.86,,,,,,,,,,,,,,,,,,,,,,,,,,,,,,,,,,,,
2023,2,19,18,0,21.6,-0.8,22.4,,,,,,,,,,,,,,,,,,,,,,,,,,,,,,,,,,,,
2023,2,19,19,0,22.7,0,22.24,,,,,,,,,,,,,,,,,,,,,,,,,,,,,,,,,,,,
2023,2,19,20,0,23.4,0.9,22.67,,,,,,,,,,,,,,,,,,,,,,,,,,,,,,,,,,,,
2023,2,19,21,0,23.6,1.5,23.35,,,,,,,,,,,,,,,,,,,,,,,,,,,,,,,,,,,,
2023,2,19,22,0,23.3,1.9,24.52,,,,,,,,,,,,,,,,,,,,,,,,,,,,,,,,,,,,
2023,2,19,23,0,22.2,2.8,28.05,,,,,,,,,,,,,,,,,,,,,,,,,,,,,,,,,,,,
2023,2,20,0,0,18.7,7.4,47.72,,,,,,,,,,,,,,,,,,,,,,,,,,,,,,,,,,,,
2023,2,20,1,0,15.9,5.4,49.85,,,,,,,,,,,,,,,,,,,,,,,,,,,,,,,,,,,,
2023,2,20,2,0,14.6,5.3,53.8,,,,,,,,,,,,,,,,,,,,,,,,,,,,,,,,,,,,
2023,2,20,3,0,13.6,5.4,57.52,,,,,,,,,,,,,,,,,,,,,,,,,,,,,,,,,,,,
2023,2,20,4,0,12.8,5.5,61.02,,,,,,,,,,,,,,,,,,,,,,,,,,,,,,,,,,,,
2023,2,20,5,0,12.2,5.6,63.91,,,,,,,,,,,,,,,,,,,,,,,,,,,,,,,,,,,,
2023,2,20,6,0,12.3,5.6,63.82,,,,,,,,,,,,,,,,,,,,,,,,,,,,,,,,,,,,
2023,2,20,7,0,12.6,5.8,63.13,,,,,,,,,,,,,,,,,,,,,,,,,,,,,,,,,,,,
2023,2,20,8,0,12.8,6.1,63.65,,,,,,,,,,,,,,,,,,,,,,,,,,,,,,,,,,,,
2023,2,20,9,0,12.9,6.7,65.78,,,,,,,,,,,,,,,,,,,,,,,,,,,,,,,,,,,,
2023,2,20,10,0,12.8,7.2,68.91,,,,,,,,,,,,,,,,,,,,,,,,,,,,,,,,,,,,
2023,2,20,11,0,12.7,7.6,71.34,,,,,,,,,,,,,,,,,,,,,,,,,,,,,,,,,,,,
2023,2,20,12,0,12.6,7.9,73.03,,,,,,,,,,,,,,,,,,,,,,,,,,,,,,,,,,,,
2023,2,20,13,0,12.4,8,74.74,,,,,,,,,,,,,,,,,,,,,,,,,,,,,,,,,,,,
2023,2,20,14,0,12.8,8.5,75.14,,,,,,,,,,,,,,,,,,,,,,,,,,,,,,,,,,,,
2023,2,20,15,0,15.7,9,64.3,,,,,,,,,,,,,,,,,,,,,,,,,,,,,,,,,,,,
2023,2,20,16,0,18.5,9.2,54.64,,,,,,,,,,,,,,,,,,,,,,,,,,,,,,,,,,,,
2023,2,20,17,0,20.6,9.5,48.92,,,,,,,,,,,,,,,,,,,,,,,,,,,,,,,,,,,,
2023,2,20,18,0,22.1,9.5,44.55,,,,,,,,,,,,,,,,,,,,,,,,,,,,,,,,,,,,
2023,2,20,19,0,23.1,9.3,41.45,,,,,,,,,,,,,,,,,,,,,,,,,,,,,,,,,,,,
2023,2,20,20,0,23.5,9.1,39.84,,,,,,,,,,,,,,,,,,,,,,,,,,,,,,,,,,,,
2023,2,20,21,0,23.4,8.7,39.12,,,,,,,,,,,,,,,,,,,,,,,,,,,,,,,,,,,,
2023,2,20,22,0,23.1,8.3,38.74,,,,,,,,,,,,,,,,,,,,,,,,,,,,,,,,,,,,
2023,2,20,23,0,22.4,8.2,40.18,,,,,,,,,,,,,,,,,,,,,,,,,,,,,,,,,,,,
2023,2,21,0,0,20.5,10.6,52.93,,,,,,,,,,,,,,,,,,,,,,,,,,,,,,,,,,,,
2023,2,21,1,0,19.2,9.2,52.24,,,,,,,,,,,,,,,,,,,,,,,,,,,,,,,,,,,,
2023,2,21,2,0,18.9,8.5,50.69,,,,,,,,,,,,,,,,,,,,,,,,,,,,,,,,,,,,
2023,2,21,3,0,18.5,8,50.28,,,,,,,,,,,,,,,,,,,,,,,,,,,,,,,,,,,,
2023,2,21,4,0,18.1,7.5,50.07,,,,,,,,,,,,,,,,,,,,,,,,,,,,,,,,,,,,
2023,2,21,5,0,17.5,7.3,51.12,,,,,,,,,,,,,,,,,,,,,,,,,,,,,,,,,,,,
2023,2,21,6,0,17,7.1,52.12,,,,,,,,,,,,,,,,,,,,,,,,,,,,,,,,,,,,
2023,2,21,7,0,16.3,7,54,,,,,,,,,,,,,,,,,,,,,,,,,,,,,,,,,,,,
2023,2,21,8,0,15.5,6.8,56.06,,,,,,,,,,,,,,,,,,,,,,,,,,,,,,,,,,,,
2023,2,21,9,0,14.7,6.6,58.13,,,,,,,,,,,,,,,,,,,,,,,,,,,,,,,,,,,,
2023,2,21,10,0,14.2,6.4,59.21,,,,,,,,,,,,,,,,,,,,,,,,,,,,,,,,,,,,
2023,2,21,11,0,13.3,6.1,61.88,,,,,,,,,,,,,,,,,,,,,,,,,,,,,,,,,,,,
2023,2,21,12,0,11.9,6.2,67.98,,,,,,,,,,,,,,,,,,,,,,,,,,,,,,,,,,,,
2023,2,21,13,0,10.8,6.3,73.92,,,,,,,,,,,,,,,,,,,,,,,,,,,,,,,,,,,,
2023,2,21,14,0,11.4,7,74.41,,,,,,,,,,,,,,,,,,,,,,,,,,,,,,,,,,,,
2023,2,21,15,0,13.8,7.1,64.09,,,,,,,,,,,,,,,,,,,,,,,,,,,,,,,,,,,,
2023,2,21,16,0,16.3,6.9,53.82,,,,,,,,,,,,,,,,,,,,,,,,,,,,,,,,,,,,
2023,2,21,17,0,18.1,6.6,47.07,,,,,,,,,,,,,,,,,,,,,,,,,,,,,,,,,,,,
2023,2,21,18,0,19,6.4,43.79,,,,,,,,,,,,,,,,,,,,,,,,,,,,,,,,,,,,
2023,2,21,19,0,19.8,6.3,41.49,,,,,,,,,,,,,,,,,,,,,,,,,,,,,,,,,,,,
2023,2,21,20,0,20.3,6.4,40.3,,,,,,,,,,,,,,,,,,,,,,,,,,,,,,,,,,,,
2023,2,21,21,0,20.3,6.4,40.5,,,,,,,,,,,,,,,,,,,,,,,,,,,,,,,,,,,,
2023,2,21,22,0,20,6.5,41.41,,,,,,,,,,,,,,,,,,,,,,,,,,,,,,,,,,,,
2023,2,21,23,0,19,6.7,44.86,,,,,,,,,,,,,,,,,,,,,,,,,,,,,,,,,,,,
2023,2,22,0,0,17.1,7.7,53.84,,,,,,,,,,,,,,,,,,,,,,,,,,,,,,,,,,,,
2023,2,22,1,0,15.1,8.2,63.45,,,,,,,,,,,,,,,,,,,,,,,,,,,,,,,,,,,,
2023,2,22,2,0,14.1,8.6,69.27,,,,,,,,,,,,,,,,,,,,,,,,,,,,,,,,,,,,
2023,2,22,3,0,13.1,8.9,75.53,,,,,,,,,,,,,,,,,,,,,,,,,,,,,,,,,,,,
2023,2,22,4,0,12.5,9,79.25,,,,,,,,,,,,,,,,,,,,,,,,,,,,,,,,,,,,
2023,2,22,5,0,11.8,8.9,82.57,,,,,,,,,,,,,,,,,,,,,,,,,,,,,,,,,,,,
2023,2,22,6,0,11.1,8.6,84.56,,,,,,,,,,,,,,,,,,,,,,,,,,,,,,,,,,,,
2023,2,22,7,0,10.4,8.2,86.11,,,,,,,,,,,,,,,,,,,,,,,,,,,,,,,,,,,,
2023,2,22,8,0,10.1,7.9,86.31,,,,,,,,,,,,,,,,,,,,,,,,,,,,,,,,,,,,
2023,2,22,9,0,9.6,7.8,88.5,,,,,,,,,,,,,,,,,,,,,,,,,,,,,,,,,,,,
2023,2,22,10,0,10,8.1,88.23,,,,,,,,,,,,,,,,,,,,,,,,,,,,,,,,,,,,
2023,2,22,11,0,10.6,8.3,85.93,,,,,,,,,,,,,,,,,,,,,,,,,,,,,,,,,,,,
2023,2,22,12,0,10.3,7,79.94,,,,,,,,,,,,,,,,,,,,,,,,,,,,,,,,,,,,
2023,2,22,13,0,8.7,4.4,74.21,,,,,,,,,,,,,,,,,,,,,,,,,,,,,,,,,,,,
2023,2,22,14,0,7.8,3.1,72.27,,,,,,,,,,,,,,,,,,,,,,,,,,,,,,,,,,,,
2023,2,22,15,0,8.6,2.3,64.38,,,,,,,,,,,,,,,,,,,,,,,,,,,,,,,,,,,,
2023,2,22,16,0,9.7,-0.1,50.63,,,,,,,,,,,,,,,,,,,,,,,,,,,,,,,,,,,,
2023,2,22,17,0,10.8,-1.8,41.35,,,,,,,,,,,,,,,,,,,,,,,,,,,,,,,,,,,,
2023,2,22,18,0,11.8,-2.9,35.67,,,,,,,,,,,,,,,,,,,,,,,,,,,,,,,,,,,,
2023,2,22,19,0,12.6,-3.9,31.55,,,,,,,,,,,,,,,,,,,,,,,,,,,,,,,,,,,,
2023,2,22,20,0,12.9,-4.7,29.06,,,,,,,,,,,,,,,,,,,,,,,,,,,,,,,,,,,,
2023,2,22,21,0,13,-5.4,27.29,,,,,,,,,,,,,,,,,,,,,,,,,,,,,,,,,,,,
2023,2,22,22,0,12.9,-6,26.31,,,,,,,,,,,,,,,,,,,,,,,,,,,,,,,,,,,,
2023,2,22,23,0,12.4,-6.2,26.74,,,,,,,,,,,,,,,,,,,,,,,,,,,,,,,,,,,,
2023,2,23,0,0,11,-5.5,30.93,,,,,,,,,,,,,,,,,,,,,,,,,,,,,,,,,,,,
2023,2,23,1,0,8.8,-4.1,39.94,,,,,,,,,,,,,,,,,,,,,,,,,,,,,,,,,,,,
2023,2,23,2,0,7.1,-3.2,48.05,,,,,,,,,,,,,,,,,,,,,,,,,,,,,,,,,,,,
2023,2,23,3,0,5.8,-2.4,55.65,,,,,,,,,,,,,,,,,,,,,,,,,,,,,,,,,,,,
2023,2,23,4,0,5,-2,60.64,,,,,,,,,,,,,,,,,,,,,,,,,,,,,,,,,,,,
2023,2,23,5,0,4.5,-1.8,63.66,,,,,,,,,,,,,,,,,,,,,,,,,,,,,,,,,,,,
2023,2,23,6,0,4.2,-1.7,65.52,,,,,,,,,,,,,,,,,,,,,,,,,,,,,,,,,,,,
2023,2,23,7,0,4.1,-1.7,66.07,,,,,,,,,,,,,,,,,,,,,,,,,,,,,,,,,,,,
2023,2,23,8,0,4.1,-1.5,66.68,,,,,,,,,,,,,,,,,,,,,,,,,,,,,,,,,,,,
2023,2,23,9,0,4.1,-1.1,68.73,,,,,,,,,,,,,,,,,,,,,,,,,,,,,,,,,,,,
2023,2,23,10,0,4.1,-1,69.51,,,,,,,,,,,,,,,,,,,,,,,,,,,,,,,,,,,,
2023,2,23,11,0,4.2,-0.8,70.11,,,,,,,,,,,,,,,,,,,,,,,,,,,,,,,,,,,,
2023,2,23,12,0,4.4,-0.8,69.17,,,,,,,,,,,,,,,,,,,,,,,,,,,,,,,,,,,,
2023,2,23,13,0,4.6,-0.9,67.44,,,,,,,,,,,,,,,,,,,,,,,,,,,,,,,,,,,,
2023,2,23,14,0,5.8,-0.2,65.36,,,,,,,,,,,,,,,,,,,,,,,,,,,,,,,,,,,,
2023,2,23,15,0,8.3,0.1,56.14,,,,,,,,,,,,,,,,,,,,,,,,,,,,,,,,,,,,
2023,2,23,16,0,10.5,-0.5,46.59,,,,,,,,,,,,,,,,,,,,,,,,,,,,,,,,,,,,
2023,2,23,17,0,12.1,-1.3,39.3,,,,,,,,,,,,,,,,,,,,,,,,,,,,,,,,,,,,
2023,2,23,18,0,13.5,-2,34.26,,,,,,,,,,,,,,,,,,,,,,,,,,,,,,,,,,,,
2023,2,23,19,0,14.6,-2.3,31.04,,,,,,,,,,,,,,,,,,,,,,,,,,,,,,,,,,,,
2023,2,23,20,0,15.4,-2.6,28.98,,,,,,,,,,,,,,,,,,,,,,,,,,,,,,,,,,,,
2023,2,23,21,0,15.9,-2.7,27.85,,,,,,,,,,,,,,,,,,,,,,,,,,,,,,,,,,,,
2023,2,23,22,0,16,-2.5,27.95,,,,,,,,,,,,,,,,,,,,,,,,,,,,,,,,,,,,
2023,2,23,23,0,15.5,-2,30.11,,,,,,,,,,,,,,,,,,,,,,,,,,,,,,,,,,,,
2023,2,24,0,0,13.3,0.3,41,,,,,,,,,,,,,,,,,,,,,,,,,,,,,,,,,,,,
2023,2,24,1,0,10.4,1.3,53.21,,,,,,,,,,,,,,,,,,,,,,,,,,,,,,,,,,,,
2023,2,24,2,0,9.6,1.4,56.47,,,,,,,,,,,,,,,,,,,,,,,,,,,,,,,,,,,,
2023,2,24,3,0,8.9,1.6,60.06,,,,,,,,,,,,,,,,,,,,,,,,,,,,,,,,,,,,
2023,2,24,4,0,8.1,1.9,65.13,,,,,,,,,,,,,,,,,,,,,,,,,,,,,,,,,,,,
2023,2,24,5,0,7.3,2.2,70.16,,,,,,,,,,,,,,,,,,,,,,,,,,,,,,,,,,,,
2023,2,24,6,0,6.9,2.4,73.28,,,,,,,,,,,,,,,,,,,,,,,,,,,,,,,,,,,,
2023,2,24,7,0,6.9,2.8,75.17,,,,,,,,,,,,,,,,,,,,,,,,,,,,,,,,,,,,
2023,2,24,8,0,6.7,3.1,77.6,,,,,,,,,,,,,,,,,,,,,,,,,,,,,,,,,,,,
2023,2,24,9,0,6.7,3.2,78.18,,,,,,,,,,,,,,,,,,,,,,,,,,,,,,,,,,,,
2023,2,24,10,0,6.6,3,78.04,,,,,,,,,,,,,,,,,,,,,,,,,,,,,,,,,,,,
2023,2,24,11,0,6,2.8,80.13,,,,,,,,,,,,,,,,,,,,,,,,,,,,,,,,,,,,
2023,2,24,12,0,5.4,2.6,82.04,,,,,,,,,,,,,,,,,,,,,,,,,,,,,,,,,,,,
2023,2,24,13,0,4.9,2.1,82.33,,,,,,,,,,,,,,,,,,,,,,,,,,,,,,,,,,,,
2023,2,24,14,0,6.7,2.8,76.3,,,,,,,,,,,,,,,,,,,,,,,,,,,,,,,,,,,,
2023,2,24,15,0,10,3.3,63.31,,,,,,,,,,,,,,,,,,,,,,,,,,,,,,,,,,,,
2023,2,24,16,0,12.8,4.7,57.75,,,,,,,,,,,,,,,,,,,,,,,,,,,,,,,,,,,,
2023,2,24,17,0,14.9,4.6,50.15,,,,,,,,,,,,,,,,,,,,,,,,,,,,,,,,,,,,
2023,2,24,18,0,16.4,4.3,44.68,,,,,,,,,,,,,,,,,,,,,,,,,,,,,,,,,,,,
2023,2,24,19,0,17.7,3.8,39.75,,,,,,,,,,,,,,,,,,,,,,,,,,,,,,,,,,,,
2023,2,24,20,0,18.5,3.3,36.51,,,,,,,,,,,,,,,,,,,,,,,,,,,,,,,,,,,,
2023,2,24,21,0,18.9,2.9,34.49,,,,,,,,,,,,,,,,,,,,,,,,,,,,,,,,,,,,
2023,2,24,22,0,18.8,2.5,33.75,,,,,,,,,,,,,,,,,,,,,,,,,,,,,,,,,,,,
2023,2,24,23,0,18.2,2.4,34.83,,,,,,,,,,,,,,,,,,,,,,,,,,,,,,,,,,,,
2023,2,25,0,0,16.3,5.1,47.46,,,,,,,,,,,,,,,,,,,,,,,,,,,,,,,,,,,,
2023,2,25,1,0,14.7,3.3,46.45,,,,,,,,,,,,,,,,,,,,,,,,,,,,,,,,,,,,
2023,2,25,2,0,13.8,3.2,48.88,,,,,,,,,,,,,,,,,,,,,,,,,,,,,,,,,,,,
2023,2,25,3,0,13.3,3.1,50.1,,,,,,,,,,,,,,,,,,,,,,,,,,,,,,,,,,,,
2023,2,25,4,0,12.6,3.3,53.02,,,,,,,,,,,,,,,,,,,,,,,,,,,,,,,,,,,,
2023,2,25,5,0,11.8,3.4,56.31,,,,,,,,,,,,,,,,,,,,,,,,,,,,,,,,,,,,
2023,2,25,6,0,11.5,3.5,58,,,,,,,,,,,,,,,,,,,,,,,,,,,,,,,,,,,,
2023,2,25,7,0,11.3,3.7,59.45,,,,,,,,,,,,,,,,,,,,,,,,,,,,,,,,,,,,
2023,2,25,8,0,11.3,3.7,59.64,,,,,,,,,,,,,,,,,,,,,,,,,,,,,,,,,,,,
2023,2,25,9,0,11.3,3.6,59.12,,,,,,,,,,,,,,,,,,,,,,,,,,,,,,,,,,,,
2023,2,25,10,0,10.9,3.5,60.42,,,,,,,,,,,,,,,,,,,,,,,,,,,,,,,,,,,,
2023,2,25,11,0,10.9,3.4,59.76,,,,,,,,,,,,,,,,,,,,,,,,,,,,,,,,,,,,
2023,2,25,12,0,10.9,2.9,57.71,,,,,,,,,,,,,,,,,,,,,,,,,,,,,,,,,,,,
2023,2,25,13,0,10.5,2.2,56.44,,,,,,,,,,,,,,,,,,,,,,,,,,,,,,,,,,,,
2023,2,25,14,0,11.2,3.5,58.9,,,,,,,,,,,,,,,,,,,,,,,,,,,,,,,,,,,,
2023,2,25,15,0,12.9,5.2,59.41,,,,,,,,,,,,,,,,,,,,,,,,,,,,,,,,,,,,
2023,2,25,16,0,14.5,3.6,47.82,,,,,,,,,,,,,,,,,,,,,,,,,,,,,,,,,,,,
2023,2,25,17,0,15.8,2.6,41.07,,,,,,,,,,,,,,,,,,,,,,,,,,,,,,,,,,,,
2023,2,25,18,0,17,2.2,36.89,,,,,,,,,,,,,,,,,,,,,,,,,,,,,,,,,,,,
2023,2,25,19,0,18.6,1.7,32.33,,,,,,,,,,,,,,,,,,,,,,,,,,,,,,,,,,,,
2023,2,25,20,0,20.3,1.3,28.25,,,,,,,,,,,,,,,,,,,,,,,,,,,,,,,,,,,,
2023,2,25,21,0,21.5,0.9,25.49,,,,,,,,,,,,,,,,,,,,,,,,,,,,,,,,,,,,
2023,2,25,22,0,21.8,0.8,24.9,,,,,,,,,,,,,,,,,,,,,,,,,,,,,,,,,,,,
2023,2,25,23,0,21,1.2,26.75,,,,,,,,,,,,,,,,,,,,,,,,,,,,,,,,,,,,
2023,2,26,0,0,17.9,2.7,36.16,,,,,,,,,,,,,,,,,,,,,,,,,,,,,,,,,,,,
2023,2,26,1,0,14.3,3.5,48.1,,,,,,,,,,,,,,,,,,,,,,,,,,,,,,,,,,,,
2023,2,26,2,0,13.1,4.2,54.7,,,,,,,,,,,,,,,,,,,,,,,,,,,,,,,,,,,,
2023,2,26,3,0,11.6,5.2,64.68,,,,,,,,,,,,,,,,,,,,,,,,,,,,,,,,,,,,
2023,2,26,4,0,10.9,5.9,71.23,,,,,,,,,,,,,,,,,,,,,,,,,,,,,,,,,,,,
2023,2,26,5,0,11.1,6.6,73.76,,,,,,,,,,,,,,,,,,,,,,,,,,,,,,,,,,,,
2023,2,26,6,0,11.7,7.4,74.9,,,,,,,,,,,,,,,,,,,,,,,,,,,,,,,,,,,,
2023,2,26,7,0,12.1,8.2,77.06,,,,,,,,,,,,,,,,,,,,,,,,,,,,,,,,,,,,
2023,2,26,8,0,11.6,8.4,80.86,,,,,,,,,,,,,,,,,,,,,,,,,,,,,,,,,,,,
2023,2,26,9,0,10.8,7.9,82.39,,,,,,,,,,,,,,,,,,,,,,,,,,,,,,,,,,,,
2023,2,26,10,0,9.7,6.9,82.61,,,,,,,,,,,,,,,,,,,,,,,,,,,,,,,,,,,,
2023,2,26,11,0,8.3,5.2,81,,,,,,,,,,,,,,,,,,,,,,,,,,,,,,,,,,,,
2023,2,26,12,0,7,4,81.23,,,,,,,,,,,,,,,,,,,,,,,,,,,,,,,,,,,,
2023,2,26,13,0,6.2,3.4,82.23,,,,,,,,,,,,,,,,,,,,,,,,,,,,,,,,,,,,
2023,2,26,14,0,7,3.6,78.73,,,,,,,,,,,,,,,,,,,,,,,,,,,,,,,,,,,,
2023,2,26,15,0,7.7,4.1,78,,,,,,,,,,,,,,,,,,,,,,,,,,,,,,,,,,,,
2023,2,26,16,0,8.7,4.3,73.64,,,,,,,,,,,,,,,,,,,,,,,,,,,,,,,,,,,,
2023,2,26,17,0,10.2,3.1,61.52,,,,,,,,,,,,,,,,,,,,,,,,,,,,,,,,,,,,
2023,2,26,18,0,11.2,1.6,51.77,,,,,,,,,,,,,,,,,,,,,,,,,,,,,,,,,,,,
2023,2,26,19,0,12,0.5,45.24,,,,,,,,,,,,,,,,,,,,,,,,,,,,,,,,,,,,
2023,2,26,20,0,12.8,-0.4,40.19,,,,,,,,,,,,,,,,,,,,,,,,,,,,,,,,,,,,
2023,2,26,21,0,13.3,-1.2,36.8,,,,,,,,,,,,,,,,,,,,,,,,,,,,,,,,,,,,
2023,2,26,22,0,13.4,-1.8,34.94,,,,,,,,,,,,,,,,,,,,,,,,,,,,,,,,,,,,
2023,2,26,23,0,13,-2.2,34.74,,,,,,,,,,,,,,,,,,,,,,,,,,,,,,,,,,,,
2023,2,27,0,0,11.4,1.1,49.3,,,,,,,,,,,,,,,,,,,,,,,,,,,,,,,,,,,,
2023,2,27,1,0,9.3,-0.2,51.29,,,,,,,,,,,,,,,,,,,,,,,,,,,,,,,,,,,,
2023,2,27,2,0,8.6,-0.8,51.59,,,,,,,,,,,,,,,,,,,,,,,,,,,,,,,,,,,,
2023,2,27,3,0,7.9,-1.2,52.68,,,,,,,,,,,,,,,,,,,,,,,,,,,,,,,,,,,,
2023,2,27,4,0,7.3,-1.3,54.28,,,,,,,,,,,,,,,,,,,,,,,,,,,,,,,,,,,,
2023,2,27,5,0,6.6,-1.5,56.11,,,,,,,,,,,,,,,,,,,,,,,,,,,,,,,,,,,,
2023,2,27,6,0,5.8,-1.6,58.87,,,,,,,,,,,,,,,,,,,,,,,,,,,,,,,,,,,,
2023,2,27,7,0,4.9,-1.7,62.32,,,,,,,,,,,,,,,,,,,,,,,,,,,,,,,,,,,,
2023,2,27,8,0,4.2,-1.8,64.97,,,,,,,,,,,,,,,,,,,,,,,,,,,,,,,,,,,,
2023,2,27,9,0,3.6,-1.9,67.1,,,,,,,,,,,,,,,,,,,,,,,,,,,,,,,,,,,,
2023,2,27,10,0,3.1,-2.1,68.53,,,,,,,,,,,,,,,,,,,,,,,,,,,,,,,,,,,,
2023,2,27,11,0,2.7,-2.3,69.63,,,,,,,,,,,,,,,,,,,,,,,,,,,,,,,,,,,,
2023,2,27,12,0,2.3,-2.5,70.74,,,,,,,,,,,,,,,,,,,,,,,,,,,,,,,,,,,,
2023,2,27,13,0,2,-2.6,71.37,,,,,,,,,,,,,,,,,,,,,,,,,,,,,,,,,,,,
2023,2,27,14,0,4.4,-1.6,64.93,,,,,,,,,,,,,,,,,,,,,,,,,,,,,,,,,,,,
2023,2,27,15,0,8.4,-1.9,48.41,,,,,,,,,,,,,,,,,,,,,,,,,,,,,,,,,,,,
2023,2,27,16,0,12.1,-2.7,35.51,,,,,,,,,,,,,,,,,,,,,,,,,,,,,,,,,,,,
2023,2,27,17,0,14.1,-3.3,29.85,,,,,,,,,,,,,,,,,,,,,,,,,,,,,,,,,,,,
2023,2,27,18,0,15.6,-3.2,27.24,,,,,,,,,,,,,,,,,,,,,,,,,,,,,,,,,,,,
2023,2,27,19,0,16.7,-3,25.88,,,,,,,,,,,,,,,,,,,,,,,,,,,,,,,,,,,,
2023,2,27,20,0,17.4,-2.8,25.08,,,,,,,,,,,,,,,,,,,,,,,,,,,,,,,,,,,,
2023,2,27,21,0,17.8,-2.8,24.55,,,,,,,,,,,,,,,,,,,,,,,,,,,,,,,,,,,,
2023,2,27,22,0,17.8,-2.9,24.21,,,,,,,,,,,,,,,,,,,,,,,,,,,,,,,,,,,,
2023,2,27,23,0,17,-2.9,25.48,,,,,,,,,,,,,,,,,,,,,,,,,,,,,,,,,,,,
2023,2,28,0,0,14.6,1.8,42.05,,,,,,,,,,,,,,,,,,,,,,,,,,,,,,,,,,,,
2023,2,28,1,0,12.4,-0.4,41.19,,,,,,,,,,,,,,,,,,,,,,,,,,,,,,,,,,,,
2023,2,28,2,0,11.9,-1.5,39.32,,,,,,,,,,,,,,,,,,,,,,,,,,,,,,,,,,,,
2023,2,28,3,0,11.1,-1.8,40.47,,,,,,,,,,,,,,,,,,,,,,,,,,,,,,,,,,,,
2023,2,28,4,0,9.9,-1.7,44.4,,,,,,,,,,,,,,,,,,,,,,,,,,,,,,,,,,,,
2023,2,28,5,0,8.2,-1.3,51.18,,,,,,,,,,,,,,,,,,,,,,,,,,,,,,,,,,,,
2023,2,28,6,0,6.7,-1.1,57.53,,,,,,,,,,,,,,,,,,,,,,,,,,,,,,,,,,,,
2023,2,28,7,0,6.1,-1.2,59.36,,,,,,,,,,,,,,,,,,,,,,,,,,,,,,,,,,,,
2023,2,28,8,0,6.2,-1.5,57.8,,,,,,,,,,,,,,,,,,,,,,,,,,,,,,,,,,,,
2023,2,28,9,0,6.2,-1.6,57.4,,,,,,,,,,,,,,,,,,,,,,,,,,,,,,,,,,,,
2023,2,28,10,0,6.3,-1.6,57.09,,,,,,,,,,,,,,,,,,,,,,,,,,,,,,,,,,,,
2023,2,28,11,0,6.6,-1.5,56.18,,,,,,,,,,,,,,,,,,,,,,,,,,,,,,,,,,,,
2023,2,28,12,0,6.9,-1.4,55.67,,,,,,,,,,,,,,,,,,,,,,,,,,,,,,,,,,,,
2023,2,28,13,0,6.8,-1.3,56.42,,,,,,,,,,,,,,,,,,,,,,,,,,,,,,,,,,,,
2023,2,28,14,0,7.5,0.3,60.22,,,,,,,,,,,,,,,,,,,,,,,,,,,,,,,,,,,,
2023,2,28,15,0,10.8,2.1,54.89,,,,,,,,,,,,,,,,,,,,,,,,,,,,,,,,,,,,
2023,2,28,16,0,13.3,3.2,50.24,,,,,,,,,,,,,,,,,,,,,,,,,,,,,,,,,,,,
2023,2,28,17,0,14.9,2.4,42.94,,,,,,,,,,,,,,,,,,,,,,,,,,,,,,,,,,,,
2023,2,28,18,0,16.2,1.6,37.26,,,,,,,,,,,,,,,,,,,,,,,,,,,,,,,,,,,,
2023,2,28,19,0,17.2,1,33.44,,,,,,,,,,,,,,,,,,,,,,,,,,,,,,,,,,,,
2023,2,28,20,0,17.8,0.6,31.45,,,,,,,,,,,,,,,,,,,,,,,,,,,,,,,,,,,,
2023,2,28,21,0,18.1,0.4,30.31,,,,,,,,,,,,,,,,,,,,,,,,,,,,,,,,,,,,
2023,2,28,22,0,17.8,0.2,30.55,,,,,,,,,,,,,,,,,,,,,,,,,,,,,,,,,,,,
2023,2,28,23,0,17,0.3,32.32,,,,,,,,,,,,,,,,,,,,,,,,,,,,,,,,,,,,
2023,3,1,0,0,14.7,2.6,44.25,,,,,,,,,,,,,,,,,,,,,,,,,,,,,,,,,,,,
2023,3,1,1,0,11.4,3,56.15,,,,,,,,,,,,,,,,,,,,,,,,,,,,,,,,,,,,
2023,3,1,2,0,10.5,2.5,57.81,,,,,,,,,,,,,,,,,,,,,,,,,,,,,,,,,,,,
2023,3,1,3,0,9.7,2.3,59.82,,,,,,,,,,,,,,,,,,,,,,,,,,,,,,,,,,,,
2023,3,1,4,0,9,2.2,62.24,,,,,,,,,,,,,,,,,,,,,,,,,,,,,,,,,,,,
2023,3,1,5,0,8.3,2.1,65.11,,,,,,,,,,,,,,,,,,,,,,,,,,,,,,,,,,,,
2023,3,1,6,0,7.8,2.2,67.72,,,,,,,,,,,,,,,,,,,,,,,,,,,,,,,,,,,,
2023,3,1,7,0,7.2,2.2,70.76,,,,,,,,,,,,,,,,,,,,,,,,,,,,,,,,,,,,
2023,3,1,8,0,6.6,2.4,74.34,,,,,,,,,,,,,,,,,,,,,,,,,,,,,,,,,,,,
2023,3,1,9,0,6.2,2.5,77.28,,,,,,,,,,,,,,,,,,,,,,,,,,,,,,,,,,,,
2023,3,1,10,0,6.1,2.8,79.18,,,,,,,,,,,,,,,,,,,,,,,,,,,,,,,,,,,,
2023,3,1,11,0,5.7,2.9,82.35,,,,,,,,,,,,,,,,,,,,,,,,,,,,,,,,,,,,
2023,3,1,12,0,5.6,3.1,84.13,,,,,,,,,,,,,,,,,,,,,,,,,,,,,,,,,,,,
2023,3,1,13,0,5.2,3.2,86.73,,,,,,,,,,,,,,,,,,,,,,,,,,,,,,,,,,,,
2023,3,1,14,0,7.1,3.7,79.11,,,,,,,,,,,,,,,,,,,,,,,,,,,,,,,,,,,,
2023,3,1,15,0,9.9,4,66.76,,,,,,,,,,,,,,,,,,,,,,,,,,,,,,,,,,,,
2023,3,1,16,0,12.3,2.9,52.85,,,,,,,,,,,,,,,,,,,,,,,,,,,,,,,,,,,,
2023,3,1,17,0,14.1,1.9,43.58,,,,,,,,,,,,,,,,,,,,,,,,,,,,,,,,,,,,
2023,3,1,18,0,15.6,1.4,38.32,,,,,,,,,,,,,,,,,,,,,,,,,,,,,,,,,,,,
2023,3,1,19,0,16.1,1.6,37.55,,,,,,,,,,,,,,,,,,,,,,,,,,,,,,,,,,,,
2023,3,1,20,0,15.6,2.4,41.17,,,,,,,,,,,,,,,,,,,,,,,,,,,,,,,,,,,,
2023,3,1,21,0,15.1,3.5,45.78,,,,,,,,,,,,,,,,,,,,,,,,,,,,,,,,,,,,
2023,3,1,22,0,15.1,4.5,49.09,,,,,,,,,,,,,,,,,,,,,,,,,,,,,,,,,,,,
2023,3,1,23,0,14.6,5.5,54.55,,,,,,,,,,,,,,,,,,,,,,,,,,,,,,,,,,,,
2023,3,2,0,0,13.2,6.6,64.27,,,,,,,,,,,,,,,,,,,,,,,,,,,,,,,,,,,,
2023,3,2,1,0,11.7,7.3,74.18,,,,,,,,,,,,,,,,,,,,,,,,,,,,,,,,,,,,
2023,3,2,2,0,9.9,7.1,82.79,,,,,,,,,,,,,,,,,,,,,,,,,,,,,,,,,,,,
2023,3,2,3,0,7.9,6,87.67,,,,,,,,,,,,,,,,,,,,,,,,,,,,,,,,,,,,
2023,3,2,4,0,6.9,4.8,86.65,,,,,,,,,,,,,,,,,,,,,,,,,,,,,,,,,,,,
2023,3,2,5,0,6.2,3.9,85.33,,,,,,,,,,,,,,,,,,,,,,,,,,,,,,,,,,,,
2023,3,2,6,0,5.5,3.2,85,,,,,,,,,,,,,,,,,,,,,,,,,,,,,,,,,,,,
2023,3,2,7,0,4.8,2.4,84.43,,,,,,,,,,,,,,,,,,,,,,,,,,,,,,,,,,,,
2023,3,2,8,0,4.1,1.8,85.15,,,,,,,,,,,,,,,,,,,,,,,,,,,,,,,,,,,,
2023,3,2,9,0,3.7,1.5,85.41,,,,,,,,,,,,,,,,,,,,,,,,,,,,,,,,,,,,
2023,3,2,10,0,3.7,1.5,85.65,,,,,,,,,,,,,,,,,,,,,,,,,,,,,,,,,,,,
2023,3,2,11,0,3.6,1.5,86.06,,,,,,,,,,,,,,,,,,,,,,,,,,,,,,,,,,,,
2023,3,2,12,0,2.6,1,89.19,,,,,,,,,,,,,,,,,,,,,,,,,,,,,,,,,,,,
2023,3,2,13,0,2.2,0.6,89.4,,,,,,,,,,,,,,,,,,,,,,,,,,,,,,,,,,,,
2023,3,2,14,0,3.8,1.3,83.49,,,,,,,,,,,,,,,,,,,,,,,,,,,,,,,,,,,,
2023,3,2,15,0,5.8,0.4,68.39,,,,,,,,,,,,,,,,,,,,,,,,,,,,,,,,,,,,
2023,3,2,16,0,7.3,-0.2,58.78,,,,,,,,,,,,,,,,,,,,,,,,,,,,,,,,,,,,
2023,3,2,17,0,8.9,-0.7,51,,,,,,,,,,,,,,,,,,,,,,,,,,,,,,,,,,,,
2023,3,2,18,0,10.5,-1.1,44.58,,,,,,,,,,,,,,,,,,,,,,,,,,,,,,,,,,,,
2023,3,2,19,0,11.9,-1.1,40.64,,,,,,,,,,,,,,,,,,,,,,,,,,,,,,,,,,,,
2023,3,2,20,0,13,-0.9,38.17,,,,,,,,,,,,,,,,,,,,,,,,,,,,,,,,,,,,
2023,3,2,21,0,13.8,-0.6,37.12,,,,,,,,,,,,,,,,,,,,,,,,,,,,,,,,,,,,
2023,3,2,22,0,14,-0.3,37.59,,,,,,,,,,,,,,,,,,,,,,,,,,,,,,,,,,,,
2023,3,2,23,0,13.7,0,39.1,,,,,,,,,,,,,,,,,,,,,,,,,,,,,,,,,,,,
2023,3,3,0,0,11.9,2.2,51.3,,,,,,,,,,,,,,,,,,,,,,,,,,,,,,,,,,,,
2023,3,3,1,0,8.4,2.7,67.3,,,,,,,,,,,,,,,,,,,,,,,,,,,,,,,,,,,,
2023,3,3,2,0,7.2,2.1,69.87,,,,,,,,,,,,,,,,,,,,,,,,,,,,,,,,,,,,
2023,3,3,3,0,6.4,1.6,71.58,,,,,,,,,,,,,,,,,,,,,,,,,,,,,,,,,,,,
2023,3,3,4,0,5.9,1.2,71.8,,,,,,,,,,,,,,,,,,,,,,,,,,,,,,,,,,,,
2023,3,3,5,0,5.7,0.7,70.29,,,,,,,,,,,,,,,,,,,,,,,,,,,,,,,,,,,,
2023,3,3,6,0,5.8,0.2,67.33,,,,,,,,,,,,,,,,,,,,,,,,,,,,,,,,,,,,
2023,3,3,7,0,5.8,-0.1,65.88,,,,,,,,,,,,,,,,,,,,,,,,,,,,,,,,,,,,
2023,3,3,8,0,5.1,-0.2,68.79,,,,,,,,,,,,,,,,,,,,,,,,,,,,,,,,,,,,
2023,3,3,9,0,4.1,-0.2,73.57,,,,,,,,,,,,,,,,,,,,,,,,,,,,,,,,,,,,
2023,3,3,10,0,3.5,-0.2,76.64,,,,,,,,,,,,,,,,,,,,,,,,,,,,,,,,,,,,
2023,3,3,11,0,3.1,-0.2,79.03,,,,,,,,,,,,,,,,,,,,,,,,,,,,,,,,,,,,
2023,3,3,12,0,2.9,-0.2,80.27,,,,,,,,,,,,,,,,,,,,,,,,,,,,,,,,,,,,
2023,3,3,13,0,2.9,-0.2,80.33,,,,,,,,,,,,,,,,,,,,,,,,,,,,,,,,,,,,
2023,3,3,14,0,5,1.3,76.83,,,,,,,,,,,,,,,,,,,,,,,,,,,,,,,,,,,,
2023,3,3,15,0,8.7,1,58.29,,,,,,,,,,,,,,,,,,,,,,,,,,,,,,,,,,,,
2023,3,3,16,0,11.1,0.9,49.35,,,,,,,,,,,,,,,,,,,,,,,,,,,,,,,,,,,,
2023,3,3,17,0,13,0.3,41.81,,,,,,,,,,,,,,,,,,,,,,,,,,,,,,,,,,,,
2023,3,3,18,0,14.6,-0.3,36.13,,,,,,,,,,,,,,,,,,,,,,,,,,,,,,,,,,,,
2023,3,3,19,0,16,-0.7,32.05,,,,,,,,,,,,,,,,,,,,,,,,,,,,,,,,,,,,
2023,3,3,20,0,17,-1,29.34,,,,,,,,,,,,,,,,,,,,,,,,,,,,,,,,,,,,
2023,3,3,21,0,17.4,-1.4,27.73,,,,,,,,,,,,,,,,,,,,,,,,,,,,,,,,,,,,
2023,3,3,22,0,17.5,-1.8,26.93,,,,,,,,,,,,,,,,,,,,,,,,,,,,,,,,,,,,
2023,3,3,23,0,16.8,-1.8,28.08,,,,,,,,,,,,,,,,,,,,,,,,,,,,,,,,,,,,
2023,3,4,0,0,14.3,2.5,45.07,,,,,,,,,,,,,,,,,,,,,,,,,,,,,,,,,,,,
2023,3,4,1,0,10.9,1.7,52.88,,,,,,,,,,,,,,,,,,,,,,,,,,,,,,,,,,,,
2023,3,4,2,0,10.1,0.8,52.52,,,,,,,,,,,,,,,,,,,,,,,,,,,,,,,,,,,,
2023,3,4,3,0,9.7,0.2,51.44,,,,,,,,,,,,,,,,,,,,,,,,,,,,,,,,,,,,
2023,3,4,4,0,9.7,-0.5,48.97,,,,,,,,,,,,,,,,,,,,,,,,,,,,,,,,,,,,
2023,3,4,5,0,10,-1.1,45.84,,,,,,,,,,,,,,,,,,,,,,,,,,,,,,,,,,,,
2023,3,4,6,0,9.9,-1.5,44.91,,,,,,,,,,,,,,,,,,,,,,,,,,,,,,,,,,,,
2023,3,4,7,0,8.7,-1.4,49.05,,,,,,,,,,,,,,,,,,,,,,,,,,,,,,,,,,,,
2023,3,4,8,0,7.3,-1.3,54.52,,,,,,,,,,,,,,,,,,,,,,,,,,,,,,,,,,,,
2023,3,4,9,0,6.1,-1.2,59.64,,,,,,,,,,,,,,,,,,,,,,,,,,,,,,,,,,,,
2023,3,4,10,0,5.2,-1.1,63.62,,,,,,,,,,,,,,,,,,,,,,,,,,,,,,,,,,,,
2023,3,4,11,0,4.7,-1.2,65.76,,,,,,,,,,,,,,,,,,,,,,,,,,,,,,,,,,,,
2023,3,4,12,0,4.4,-1.2,67.02,,,,,,,,,,,,,,,,,,,,,,,,,,,,,,,,,,,,
2023,3,4,13,0,4.1,-1.2,68.17,,,,,,,,,,,,,,,,,,,,,,,,,,,,,,,,,,,,
2023,3,4,14,0,6.1,0.6,67.85,,,,,,,,,,,,,,,,,,,,,,,,,,,,,,,,,,,,
2023,3,4,15,0,10.1,0,49.56,,,,,,,,,,,,,,,,,,,,,,,,,,,,,,,,,,,,
2023,3,4,16,0,13.3,-0.2,39.55,,,,,,,,,,,,,,,,,,,,,,,,,,,,,,,,,,,,
2023,3,4,17,0,15.8,0,33.98,,,,,,,,,,,,,,,,,,,,,,,,,,,,,,,,,,,,
2023,3,4,18,0,17.6,-0.2,29.87,,,,,,,,,,,,,,,,,,,,,,,,,,,,,,,,,,,,
2023,3,4,19,0,19,-0.6,26.71,,,,,,,,,,,,,,,,,,,,,,,,,,,,,,,,,,,,
2023,3,4,20,0,20,-1,24.43,,,,,,,,,,,,,,,,,,,,,,,,,,,,,,,,,,,,
2023,3,4,21,0,20.5,-1.2,23.2,,,,,,,,,,,,,,,,,,,,,,,,,,,,,,,,,,,,
2023,3,4,22,0,20.5,-1.4,23,,,,,,,,,,,,,,,,,,,,,,,,,,,,,,,,,,,,
2023,3,4,23,0,19.7,-1.1,24.69,,,,,,,,,,,,,,,,,,,,,,,,,,,,,,,,,,,,
2023,3,5,0,0,16.9,4.1,42.48,,,,,,,,,,,,,,,,,,,,,,,,,,,,,,,,,,,,
2023,3,5,1,0,14.5,1.7,41.78,,,,,,,,,,,,,,,,,,,,,,,,,,,,,,,,,,,,
2023,3,5,2,0,14.2,0.5,39.22,,,,,,,,,,,,,,,,,,,,,,,,,,,,,,,,,,,,
2023,3,5,3,0,13.4,0.3,40.68,,,,,,,,,,,,,,,,,,,,,,,,,,,,,,,,,,,,
2023,3,5,4,0,13.1,-0.1,40.26,,,,,,,,,,,,,,,,,,,,,,,,,,,,,,,,,,,,
2023,3,5,5,0,12.7,-0.2,41.02,,,,,,,,,,,,,,,,,,,,,,,,,,,,,,,,,,,,
2023,3,5,6,0,11.9,-0.3,43,,,,,,,,,,,,,,,,,,,,,,,,,,,,,,,,,,,,
2023,3,5,7,0,10.9,-0.1,46.65,,,,,,,,,,,,,,,,,,,,,,,,,,,,,,,,,,,,
2023,3,5,8,0,9.9,0,50.14,,,,,,,,,,,,,,,,,,,,,,,,,,,,,,,,,,,,
2023,3,5,9,0,9.2,0,52.5,,,,,,,,,,,,,,,,,,,,,,,,,,,,,,,,,,,,
2023,3,5,10,0,8.5,-0.1,54.84,,,,,,,,,,,,,,,,,,,,,,,,,,,,,,,,,,,,
2023,3,5,11,0,8.1,-0.1,56.14,,,,,,,,,,,,,,,,,,,,,,,,,,,,,,,,,,,,
2023,3,5,12,0,7.5,-0.2,58.32,,,,,,,,,,,,,,,,,,,,,,,,,,,,,,,,,,,,
2023,3,5,13,0,6.8,-0.1,61.53,,,,,,,,,,,,,,,,,,,,,,,,,,,,,,,,,,,,
2023,3,5,14,0,8.4,1.8,63.24,,,,,,,,,,,,,,,,,,,,,,,,,,,,,,,,,,,,
2023,3,5,15,0,12.5,1.1,45.81,,,,,,,,,,,,,,,,,,,,,,,,,,,,,,,,,,,,
2023,3,5,16,0,15.1,1.3,39.26,,,,,,,,,,,,,,,,,,,,,,,,,,,,,,,,,,,,
2023,3,5,17,0,17.7,1.7,34.09,,,,,,,,,,,,,,,,,,,,,,,,,,,,,,,,,,,,
2023,3,5,18,0,19.6,2,30.89,,,,,,,,,,,,,,,,,,,,,,,,,,,,,,,,,,,,
2023,3,5,19,0,20.8,1.9,28.59,,,,,,,,,,,,,,,,,,,,,,,,,,,,,,,,,,,,
2023,3,5,20,0,21.8,1.6,26.38,,,,,,,,,,,,,,,,,,,,,,,,,,,,,,,,,,,,
2023,3,5,21,0,21.9,1.3,25.52,,,,,,,,,,,,,,,,,,,,,,,,,,,,,,,,,,,,
2023,3,5,22,0,20.5,1.3,27.83,,,,,,,,,,,,,,,,,,,,,,,,,,,,,,,,,,,,
2023,3,5,23,0,18.8,4.4,38.51,,,,,,,,,,,,,,,,,,,,,,,,,,,,,,,,,,,,
2023,3,6,0,0,16.7,5.9,48.92,,,,,,,,,,,,,,,,,,,,,,,,,,,,,,,,,,,,
2023,3,6,1,0,13.3,4.4,54.66,,,,,,,,,,,,,,,,,,,,,,,,,,,,,,,,,,,,
2023,3,6,2,0,12.4,4,56.54,,,,,,,,,,,,,,,,,,,,,,,,,,,,,,,,,,,,
2023,3,6,3,0,12.2,4.1,57.87,,,,,,,,,,,,,,,,,,,,,,,,,,,,,,,,,,,,
2023,3,6,4,0,12.1,3.7,56.46,,,,,,,,,,,,,,,,,,,,,,,,,,,,,,,,,,,,
2023,3,6,5,0,12.4,2.7,51.65,,,,,,,,,,,,,,,,,,,,,,,,,,,,,,,,,,,,
2023,3,6,6,0,12.4,2.2,49.72,,,,,,,,,,,,,,,,,,,,,,,,,,,,,,,,,,,,
2023,3,6,7,0,12.3,1.9,48.94,,,,,,,,,,,,,,,,,,,,,,,,,,,,,,,,,,,,
2023,3,6,8,0,12.4,1.2,46.38,,,,,,,,,,,,,,,,,,,,,,,,,,,,,,,,,,,,
2023,3,6,9,0,12.4,1.1,46.11,,,,,,,,,,,,,,,,,,,,,,,,,,,,,,,,,,,,
2023,3,6,10,0,11.8,0.7,46.66,,,,,,,,,,,,,,,,,,,,,,,,,,,,,,,,,,,,
2023,3,6,11,0,11.3,0.3,46.86,,,,,,,,,,,,,,,,,,,,,,,,,,,,,,,,,,,,
2023,3,6,12,0,10.7,0.2,48.23,,,,,,,,,,,,,,,,,,,,,,,,,,,,,,,,,,,,
2023,3,6,13,0,10.2,0.8,51.98,,,,,,,,,,,,,,,,,,,,,,,,,,,,,,,,,,,,
2023,3,6,14,0,10.7,2.9,58.52,,,,,,,,,,,,,,,,,,,,,,,,,,,,,,,,,,,,
2023,3,6,15,0,13,2.2,47.81,,,,,,,,,,,,,,,,,,,,,,,,,,,,,,,,,,,,
2023,3,6,16,0,15.2,1.8,40.39,,,,,,,,,,,,,,,,,,,,,,,,,,,,,,,,,,,,
2023,3,6,17,0,18.2,1.8,33.45,,,,,,,,,,,,,,,,,,,,,,,,,,,,,,,,,,,,
2023,3,6,18,0,20,1,28.17,,,,,,,,,,,,,,,,,,,,,,,,,,,,,,,,,,,,
2023,3,6,19,0,21.1,0.4,25.18,,,,,,,,,,,,,,,,,,,,,,,,,,,,,,,,,,,,
2023,3,6,20,0,21.5,-0.2,23.46,,,,,,,,,,,,,,,,,,,,,,,,,,,,,,,,,,,,
2023,3,6,21,0,21.8,-0.8,22.11,,,,,,,,,,,,,,,,,,,,,,,,,,,,,,,,,,,,
2023,3,6,22,0,21.8,-1.2,21.49,,,,,,,,,,,,,,,,,,,,,,,,,,,,,,,,,,,,
2023,3,6,23,0,21,-1.2,22.61,,,,,,,,,,,,,,,,,,,,,,,,,,,,,,,,,,,,
2023,3,7,0,0,18.1,5,42.11,,,,,,,,,,,,,,,,,,,,,,,,,,,,,,,,,,,,
2023,3,7,1,0,15.1,4.5,48.98,,,,,,,,,,,,,,,,,,,,,,,,,,,,,,,,,,,,
2023,3,7,2,0,14.5,4.2,50.07,,,,,,,,,,,,,,,,,,,,,,,,,,,,,,,,,,,,
2023,3,7,3,0,14,4.1,51.21,,,,,,,,,,,,,,,,,,,,,,,,,,,,,,,,,,,,
2023,3,7,4,0,13.9,3.7,50.3,,,,,,,,,,,,,,,,,,,,,,,,,,,,,,,,,,,,
2023,3,7,5,0,14,3,47.41,,,,,,,,,,,,,,,,,,,,,,,,,,,,,,,,,,,,
2023,3,7,6,0,14.6,1.6,41.37,,,,,,,,,,,,,,,,,,,,,,,,,,,,,,,,,,,,
2023,3,7,7,0,14.2,1.1,40.97,,,,,,,,,,,,,,,,,,,,,,,,,,,,,,,,,,,,
2023,3,7,8,0,13.2,0.4,41.6,,,,,,,,,,,,,,,,,,,,,,,,,,,,,,,,,,,,
2023,3,7,9,0,12.9,0.2,41.87,,,,,,,,,,,,,,,,,,,,,,,,,,,,,,,,,,,,
2023,3,7,10,0,12.9,0.5,42.61,,,,,,,,,,,,,,,,,,,,,,,,,,,,,,,,,,,,
2023,3,7,11,0,12.8,0.6,43.27,,,,,,,,,,,,,,,,,,,,,,,,,,,,,,,,,,,,
2023,3,7,12,0,12.7,0.6,43.54,,,,,,,,,,,,,,,,,,,,,,,,,,,,,,,,,,,,
2023,3,7,13,0,12.6,0.7,44.19,,,,,,,,,,,,,,,,,,,,,,,,,,,,,,,,,,,,
2023,3,7,14,0,13.3,2.2,46.8,,,,,,,,,,,,,,,,,,,,,,,,,,,,,,,,,,,,
2023,3,7,15,0,15.3,2.3,41.4,,,,,,,,,,,,,,,,,,,,,,,,,,,,,,,,,,,,
2023,3,7,16,0,18.1,-0.2,29.03,,,,,,,,,,,,,,,,,,,,,,,,,,,,,,,,,,,,
2023,3,7,17,0,21,-0.4,23.85,,,,,,,,,,,,,,,,,,,,,,,,,,,,,,,,,,,,
2023,3,7,18,0,22.5,0.3,22.96,,,,,,,,,,,,,,,,,,,,,,,,,,,,,,,,,,,,
2023,3,7,19,0,23.4,0.7,22.38,,,,,,,,,,,,,,,,,,,,,,,,,,,,,,,,,,,,
2023,3,7,20,0,24,0.7,21.64,,,,,,,,,,,,,,,,,,,,,,,,,,,,,,,,,,,,
2023,3,7,21,0,23.8,0.4,21.36,,,,,,,,,,,,,,,,,,,,,,,,,,,,,,,,,,,,
2023,3,7,22,0,23.1,0.2,21.98,,,,,,,,,,,,,,,,,,,,,,,,,,,,,,,,,,,,
2023,3,7,23,0,22.1,1.1,24.95,,,,,,,,,,,,,,,,,,,,,,,,,,,,,,,,,,,,
2023,3,8,0,0,19.9,6.4,41.41,,,,,,,,,,,,,,,,,,,,,,,,,,,,,,,,,,,,
2023,3,8,1,0,17.6,2.8,37.25,,,,,,,,,,,,,,,,,,,,,,,,,,,,,,,,,,,,
2023,3,8,2,0,16.7,1.7,36.42,,,,,,,,,,,,,,,,,,,,,,,,,,,,,,,,,,,,
2023,3,8,3,0,16.1,0.9,35.82,,,,,,,,,,,,,,,,,,,,,,,,,,,,,,,,,,,,
2023,3,8,4,0,15,0.6,37.59,,,,,,,,,,,,,,,,,,,,,,,,,,,,,,,,,,,,
2023,3,8,5,0,13.9,0.3,39.46,,,,,,,,,,,,,,,,,,,,,,,,,,,,,,,,,,,,
2023,3,8,6,0,13.1,0,40.57,,,,,,,,,,,,,,,,,,,,,,,,,,,,,,,,,,,,
2023,3,8,7,0,12.9,-0.4,39.96,,,,,,,,,,,,,,,,,,,,,,,,,,,,,,,,,,,,
2023,3,8,8,0,12.3,-0.7,40.67,,,,,,,,,,,,,,,,,,,,,,,,,,,,,,,,,,,,
2023,3,8,9,0,11.6,-0.6,42.92,,,,,,,,,,,,,,,,,,,,,,,,,,,,,,,,,,,,
2023,3,8,10,0,10.7,-0.4,46.12,,,,,,,,,,,,,,,,,,,,,,,,,,,,,,,,,,,,
2023,3,8,11,0,10.1,-0.1,49.12,,,,,,,,,,,,,,,,,,,,,,,,,,,,,,,,,,,,
2023,3,8,12,0,9.2,0,52.77,,,,,,,,,,,,,,,,,,,,,,,,,,,,,,,,,,,,
2023,3,8,13,0,8.3,0.3,57.17,,,,,,,,,,,,,,,,,,,,,,,,,,,,,,,,,,,,
2023,3,8,14,0,9.8,3.1,62.9,,,,,,,,,,,,,,,,,,,,,,,,,,,,,,,,,,,,
2023,3,8,15,0,14.2,2.4,44.84,,,,,,,,,,,,,,,,,,,,,,,,,,,,,,,,,,,,
2023,3,8,16,0,17.5,0.5,31.77,,,,,,,,,,,,,,,,,,,,,,,,,,,,,,,,,,,,
2023,3,8,17,0,20.4,-1,23.66,,,,,,,,,,,,,,,,,,,,,,,,,,,,,,,,,,,,
2023,3,8,18,0,21.9,-1.5,20.82,,,,,,,,,,,,,,,,,,,,,,,,,,,,,,,,,,,,
2023,3,8,19,0,22.9,-1.9,19.02,,,,,,,,,,,,,,,,,,,,,,,,,,,,,,,,,,,,
2023,3,8,20,0,23.5,-2.5,17.64,,,,,,,,,,,,,,,,,,,,,,,,,,,,,,,,,,,,
2023,3,8,21,0,23.7,-3,16.79,,,,,,,,,,,,,,,,,,,,,,,,,,,,,,,,,,,,
2023,3,8,22,0,23.5,-3.1,16.83,,,,,,,,,,,,,,,,,,,,,,,,,,,,,,,,,,,,
2023,3,8,23,0,22.4,-3.1,18.05,,,,,,,,,,,,,,,,,,,,,,,,,,,,,,,,,,,,
2023,3,9,0,0,19,3.2,35.01,,,,,,,,,,,,,,,,,,,,,,,,,,,,,,,,,,,,
2023,3,9,1,0,15.7,3,42.68,,,,,,,,,,,,,,,,,,,,,,,,,,,,,,,,,,,,
2023,3,9,2,0,14.7,2.2,42.89,,,,,,,,,,,,,,,,,,,,,,,,,,,,,,,,,,,,
2023,3,9,3,0,14,1.6,43,,,,,,,,,,,,,,,,,,,,,,,,,,,,,,,,,,,,
2023,3,9,4,0,13.6,1,42.2,,,,,,,,,,,,,,,,,,,,,,,,,,,,,,,,,,,,
2023,3,9,5,0,13.6,0.2,39.79,,,,,,,,,,,,,,,,,,,,,,,,,,,,,,,,,,,,
2023,3,9,6,0,13.5,-0.2,38.92,,,,,,,,,,,,,,,,,,,,,,,,,,,,,,,,,,,,
2023,3,9,7,0,13,-0.5,39.38,,,,,,,,,,,,,,,,,,,,,,,,,,,,,,,,,,,,
2023,3,9,8,0,11.9,-0.8,41.5,,,,,,,,,,,,,,,,,,,,,,,,,,,,,,,,,,,,
2023,3,9,9,0,10.8,-0.9,44.33,,,,,,,,,,,,,,,,,,,,,,,,,,,,,,,,,,,,
2023,3,9,10,0,10.1,-0.9,46.32,,,,,,,,,,,,,,,,,,,,,,,,,,,,,,,,,,,,
2023,3,9,11,0,10,-0.7,47.34,,,,,,,,,,,,,,,,,,,,,,,,,,,,,,,,,,,,
2023,3,9,12,0,9.9,-0.6,48.08,,,,,,,,,,,,,,,,,,,,,,,,,,,,,,,,,,,,
2023,3,9,13,0,9.6,-0.5,49.22,,,,,,,,,,,,,,,,,,,,,,,,,,,,,,,,,,,,
2023,3,9,14,0,11.3,2,52.88,,,,,,,,,,,,,,,,,,,,,,,,,,,,,,,,,,,,
2023,3,9,15,0,15.4,-0.5,33.72,,,,,,,,,,,,,,,,,,,,,,,,,,,,,,,,,,,,
2023,3,9,16,0,18.2,-3.1,23.38,,,,,,,,,,,,,,,,,,,,,,,,,,,,,,,,,,,,
2023,3,9,17,0,19.7,-4.2,19.62,,,,,,,,,,,,,,,,,,,,,,,,,,,,,,,,,,,,
2023,3,9,18,0,20.1,-4.5,18.62,,,,,,,,,,,,,,,,,,,,,,,,,,,,,,,,,,,,
2023,3,9,19,0,20.5,-4.6,18.1,,,,,,,,,,,,,,,,,,,,,,,,,,,,,,,,,,,,
2023,3,9,20,0,21.4,-4.4,17.31,,,,,,,,,,,,,,,,,,,,,,,,,,,,,,,,,,,,
2023,3,9,21,0,22.9,-4.1,16.25,,,,,,,,,,,,,,,,,,,,,,,,,,,,,,,,,,,,
2023,3,9,22,0,23.5,-3.9,15.91,,,,,,,,,,,,,,,,,,,,,,,,,,,,,,,,,,,,
2023,3,9,23,0,23,-3.5,16.89,,,,,,,,,,,,,,,,,,,,,,,,,,,,,,,,,,,,
2023,3,10,0,0,21,3.5,31.53,,,,,,,,,,,,,,,,,,,,,,,,,,,,,,,,,,,,
2023,3,10,1,0,19.4,-0.4,26.45,,,,,,,,,,,,,,,,,,,,,,,,,,,,,,,,,,,,
2023,3,10,2,0,18.5,-1.6,25.59,,,,,,,,,,,,,,,,,,,,,,,,,,,,,,,,,,,,
2023,3,10,3,0,16.9,-0.8,29.96,,,,,,,,,,,,,,,,,,,,,,,,,,,,,,,,,,,,
2023,3,10,4,0,15.8,-0.5,32.85,,,,,,,,,,,,,,,,,,,,,,,,,,,,,,,,,,,,
2023,3,10,5,0,15.2,-0.7,33.72,,,,,,,,,,,,,,,,,,,,,,,,,,,,,,,,,,,,
2023,3,10,6,0,14.8,-0.9,34.17,,,,,,,,,,,,,,,,,,,,,,,,,,,,,,,,,,,,
2023,3,10,7,0,14.1,-0.7,36.07,,,,,,,,,,,,,,,,,,,,,,,,,,,,,,,,,,,,
2023,3,10,8,0,12.8,-0.4,40.27,,,,,,,,,,,,,,,,,,,,,,,,,,,,,,,,,,,,
2023,3,10,9,0,12,-0.3,42.76,,,,,,,,,,,,,,,,,,,,,,,,,,,,,,,,,,,,
2023,3,10,10,0,11.1,0,46.23,,,,,,,,,,,,,,,,,,,,,,,,,,,,,,,,,,,,
2023,3,10,11,0,10.1,0.8,52.6,,,,,,,,,,,,,,,,,,,,,,,,,,,,,,,,,,,,
2023,3,10,12,0,9.9,0.9,53.72,,,,,,,,,,,,,,,,,,,,,,,,,,,,,,,,,,,,
2023,3,10,13,0,9.6,0.9,54.71,,,,,,,,,,,,,,,,,,,,,,,,,,,,,,,,,,,,
2023,3,10,14,0,12,2.3,51.42,,,,,,,,,,,,,,,,,,,,,,,,,,,,,,,,,,,,
2023,3,10,15,0,16,-0.3,32.89,,,,,,,,,,,,,,,,,,,,,,,,,,,,,,,,,,,,
2023,3,10,16,0,19.1,-2.3,23.48,,,,,,,,,,,,,,,,,,,,,,,,,,,,,,,,,,,,
2023,3,10,17,0,21.3,-4,18.01,,,,,,,,,,,,,,,,,,,,,,,,,,,,,,,,,,,,
2023,3,10,18,0,23.7,-3.9,15.63,,,,,,,,,,,,,,,,,,,,,,,,,,,,,,,,,,,,
2023,3,10,19,0,25.3,-2.5,15.75,,,,,,,,,,,,,,,,,,,,,,,,,,,,,,,,,,,,
2023,3,10,20,0,26,-1.3,16.59,,,,,,,,,,,,,,,,,,,,,,,,,,,,,,,,,,,,
2023,3,10,21,0,26.2,-0.3,17.62,,,,,,,,,,,,,,,,,,,,,,,,,,,,,,,,,,,,
2023,3,10,22,0,25.7,0.4,19.1,,,,,,,,,,,,,,,,,,,,,,,,,,,,,,,,,,,,
2023,3,10,23,0,25,0.9,20.6,,,,,,,,,,,,,,,,,,,,,,,,,,,,,,,,,,,,
2023,3,11,0,0,22.1,7,37.76,,,,,,,,,,,,,,,,,,,,,,,,,,,,,,,,,,,,
2023,3,11,1,0,18.8,6.7,45.19,,,,,,,,,,,,,,,,,,,,,,,,,,,,,,,,,,,,
2023,3,11,2,0,17.8,6.3,46.94,,,,,,,,,,,,,,,,,,,,,,,,,,,,,,,,,,,,
2023,3,11,3,0,16.8,6.2,49.55,,,,,,,,,,,,,,,,,,,,,,,,,,,,,,,,,,,,
2023,3,11,4,0,15.6,5.8,51.94,,,,,,,,,,,,,,,,,,,,,,,,,,,,,,,,,,,,
2023,3,11,5,0,15.2,6.2,54.86,,,,,,,,,,,,,,,,,,,,,,,,,,,,,,,,,,,,
2023,3,11,6,0,15,6.8,58.06,,,,,,,,,,,,,,,,,,,,,,,,,,,,,,,,,,,,
2023,3,11,7,0,15.1,7.6,61.04,,,,,,,,,,,,,,,,,,,,,,,,,,,,,,,,,,,,
2023,3,11,8,0,14.8,8.3,65.18,,,,,,,,,,,,,,,,,,,,,,,,,,,,,,,,,,,,
2023,3,11,9,0,14.3,8.8,69.47,,,,,,,,,,,,,,,,,,,,,,,,,,,,,,,,,,,,
2023,3,11,10,0,14.4,9.2,70.87,,,,,,,,,,,,,,,,,,,,,,,,,,,,,,,,,,,,
2023,3,11,11,0,14.1,9.2,72.56,,,,,,,,,,,,,,,,,,,,,,,,,,,,,,,,,,,,
2023,3,11,12,0,13.4,9.3,76.21,,,,,,,,,,,,,,,,,,,,,,,,,,,,,,,,,,,,
2023,3,11,13,0,12.8,9.5,80.18,,,,,,,,,,,,,,,,,,,,,,,,,,,,,,,,,,,,
2023,3,11,14,0,15.3,10.5,73.17,,,,,,,,,,,,,,,,,,,,,,,,,,,,,,,,,,,,
2023,3,11,15,0,18.1,11.1,63.67,,,,,,,,,,,,,,,,,,,,,,,,,,,,,,,,,,,,
2023,3,11,16,0,20.6,12,57.66,,,,,,,,,,,,,,,,,,,,,,,,,,,,,,,,,,,,
2023,3,11,17,0,21.6,12,54.39,,,,,,,,,,,,,,,,,,,,,,,,,,,,,,,,,,,,
2023,3,11,18,0,22.3,11.9,51.93,,,,,,,,,,,,,,,,,,,,,,,,,,,,,,,,,,,,
2023,3,11,19,0,22.8,11.9,50.13,,,,,,,,,,,,,,,,,,,,,,,,,,,,,,,,,,,,
2023,3,11,20,0,23.4,11.7,47.85,,,,,,,,,,,,,,,,,,,,,,,,,,,,,,,,,,,,
2023,3,11,21,0,24.6,11.6,44.07,,,,,,,,,,,,,,,,,,,,,,,,,,,,,,,,,,,,
2023,3,11,22,0,24.9,11.1,42.07,,,,,,,,,,,,,,,,,,,,,,,,,,,,,,,,,,,,
2023,3,11,23,0,24.3,10.9,42.9,,,,,,,,,,,,,,,,,,,,,,,,,,,,,,,,,,,,
2023,3,12,0,0,22.5,11.8,50.95,,,,,,,,,,,,,,,,,,,,,,,,,,,,,,,,,,,,
2023,3,12,1,0,19.6,12.3,62.65,,,,,,,,,,,,,,,,,,,,,,,,,,,,,,,,,,,,
2023,3,12,2,0,18.6,12.1,65.84,,,,,,,,,,,,,,,,,,,,,,,,,,,,,,,,,,,,
2023,3,12,3,0,17.8,11.8,67.78,,,,,,,,,,,,,,,,,,,,,,,,,,,,,,,,,,,,
2023,3,12,4,0,17.4,11.6,68.77,,,,,,,,,,,,,,,,,,,,,,,,,,,,,,,,,,,,
2023,3,12,5,0,17.2,11.5,69.37,,,,,,,,,,,,,,,,,,,,,,,,,,,,,,,,,,,,
2023,3,12,6,0,16,11.4,73.98,,,,,,,,,,,,,,,,,,,,,,,,,,,,,,,,,,,,
2023,3,12,7,0,14.7,11.1,79.18,,,,,,,,,,,,,,,,,,,,,,,,,,,,,,,,,,,,
2023,3,12,8,0,13.9,10.9,82.35,,,,,,,,,,,,,,,,,,,,,,,,,,,,,,,,,,,,
2023,3,12,9,0,13.3,10.8,84.76,,,,,,,,,,,,,,,,,,,,,,,,,,,,,,,,,,,,
2023,3,12,10,0,13,10.6,85.57,,,,,,,,,,,,,,,,,,,,,,,,,,,,,,,,,,,,
2023,3,12,11,0,12.9,10.5,85.49,,,,,,,,,,,,,,,,,,,,,,,,,,,,,,,,,,,,
2023,3,12,12,0,12.8,10.5,85.84,,,,,,,,,,,,,,,,,,,,,,,,,,,,,,,,,,,,
2023,3,12,13,0,12.4,10.5,88.42,,,,,,,,,,,,,,,,,,,,,,,,,,,,,,,,,,,,
2023,3,12,14,0,14.4,11.2,80.9,,,,,,,,,,,,,,,,,,,,,,,,,,,,,,,,,,,,
2023,3,12,15,0,17.7,10.5,62.64,,,,,,,,,,,,,,,,,,,,,,,,,,,,,,,,,,,,
2023,3,12,16,0,21.1,8.2,43.39,,,,,,,,,,,,,,,,,,,,,,,,,,,,,,,,,,,,
2023,3,12,17,0,23,7.1,35.81,,,,,,,,,,,,,,,,,,,,,,,,,,,,,,,,,,,,
2023,3,12,18,0,24.4,6.2,31.08,,,,,,,,,,,,,,,,,,,,,,,,,,,,,,,,,,,,
2023,3,12,19,0,25.5,5.3,27.37,,,,,,,,,,,,,,,,,,,,,,,,,,,,,,,,,,,,
2023,3,12,20,0,26.2,4.5,24.71,,,,,,,,,,,,,,,,,,,,,,,,,,,,,,,,,,,,
2023,3,12,21,0,26.5,3.7,23.03,,,,,,,,,,,,,,,,,,,,,,,,,,,,,,,,,,,,
2023,3,12,22,0,26.3,3.2,22.53,,,,,,,,,,,,,,,,,,,,,,,,,,,,,,,,,,,,
2023,3,12,23,0,25.5,2.9,23.02,,,,,,,,,,,,,,,,,,,,,,,,,,,,,,,,,,,,
2023,3,13,0,0,22.9,6.4,34.42,,,,,,,,,,,,,,,,,,,,,,,,,,,,,,,,,,,,
2023,3,13,1,0,18.7,7.1,46.93,,,,,,,,,,,,,,,,,,,,,,,,,,,,,,,,,,,,
2023,3,13,2,0,17.8,6.4,47.19,,,,,,,,,,,,,,,,,,,,,,,,,,,,,,,,,,,,
2023,3,13,3,0,17.2,5.9,47.44,,,,,,,,,,,,,,,,,,,,,,,,,,,,,,,,,,,,
2023,3,13,4,0,17.6,5.1,43.64,,,,,,,,,,,,,,,,,,,,,,,,,,,,,,,,,,,,
2023,3,13,5,0,17.3,4.8,43.68,,,,,,,,,,,,,,,,,,,,,,,,,,,,,,,,,,,,
2023,3,13,6,0,16.9,4.6,44.17,,,,,,,,,,,,,,,,,,,,,,,,,,,,,,,,,,,,
2023,3,13,7,0,16.6,4.3,43.97,,,,,,,,,,,,,,,,,,,,,,,,,,,,,,,,,,,,
2023,3,13,8,0,15.9,4.1,45.41,,,,,,,,,,,,,,,,,,,,,,,,,,,,,,,,,,,,
2023,3,13,9,0,14.7,4.1,48.89,,,,,,,,,,,,,,,,,,,,,,,,,,,,,,,,,,,,
2023,3,13,10,0,13.7,4,51.97,,,,,,,,,,,,,,,,,,,,,,,,,,,,,,,,,,,,
2023,3,13,11,0,12.7,4,55.33,,,,,,,,,,,,,,,,,,,,,,,,,,,,,,,,,,,,
2023,3,13,12,0,11.8,3.9,58.6,,,,,,,,,,,,,,,,,,,,,,,,,,,,,,,,,,,,
2023,3,13,13,0,11.1,4,61.71,,,,,,,,,,,,,,,,,,,,,,,,,,,,,,,,,,,,
2023,3,13,14,0,13.5,5.6,58.78,,,,,,,,,,,,,,,,,,,,,,,,,,,,,,,,,,,,
2023,3,13,15,0,16.2,4.9,47.05,,,,,,,,,,,,,,,,,,,,,,,,,,,,,,,,,,,,
2023,3,13,16,0,18.3,5.4,42.71,,,,,,,,,,,,,,,,,,,,,,,,,,,,,,,,,,,,
2023,3,13,17,0,21.3,5.3,35.31,,,,,,,,,,,,,,,,,,,,,,,,,,,,,,,,,,,,
2023,3,13,18,0,23.9,5.1,29.66,,,,,,,,,,,,,,,,,,,,,,,,,,,,,,,,,,,,
2023,3,13,19,0,25.1,4.8,27.06,,,,,,,,,,,,,,,,,,,,,,,,,,,,,,,,,,,,
2023,3,13,20,0,25.7,4.5,25.51,,,,,,,,,,,,,,,,,,,,,,,,,,,,,,,,,,,,
2023,3,13,21,0,25.7,4,24.62,,,,,,,,,,,,,,,,,,,,,,,,,,,,,,,,,,,,
2023,3,13,22,0,25.4,3.5,24.24,,,,,,,,,,,,,,,,,,,,,,,,,,,,,,,,,,,,
2023,3,13,23,0,24.5,3.1,24.88,,,,,,,,,,,,,,,,,,,,,,,,,,,,,,,,,,,,
2023,3,14,0,0,22.1,6.2,35.58,,,,,,,,,,,,,,,,,,,,,,,,,,,,,,,,,,,,
2023,3,14,1,0,18,7.2,49.12,,,,,,,,,,,,,,,,,,,,,,,,,,,,,,,,,,,,
2023,3,14,2,0,17,6.2,49.04,,,,,,,,,,,,,,,,,,,,,,,,,,,,,,,,,,,,
2023,3,14,3,0,16.9,5.2,46.15,,,,,,,,,,,,,,,,,,,,,,,,,,,,,,,,,,,,
2023,3,14,4,0,16.7,4.5,44.4,,,,,,,,,,,,,,,,,,,,,,,,,,,,,,,,,,,,
2023,3,14,5,0,16.2,4,44.17,,,,,,,,,,,,,,,,,,,,,,,,,,,,,,,,,,,,
2023,3,14,6,0,15.8,3.6,44.24,,,,,,,,,,,,,,,,,,,,,,,,,,,,,,,,,,,,
2023,3,14,7,0,14.9,3.8,47.34,,,,,,,,,,,,,,,,,,,,,,,,,,,,,,,,,,,,
2023,3,14,8,0,14,4.2,51.6,,,,,,,,,,,,,,,,,,,,,,,,,,,,,,,,,,,,
2023,3,14,9,0,13.2,4.3,54.94,,,,,,,,,,,,,,,,,,,,,,,,,,,,,,,,,,,,
2023,3,14,10,0,12.9,4.2,55.46,,,,,,,,,,,,,,,,,,,,,,,,,,,,,,,,,,,,
2023,3,14,11,0,12.6,4.6,58.4,,,,,,,,,,,,,,,,,,,,,,,,,,,,,,,,,,,,
2023,3,14,12,0,12.1,4.8,61.1,,,,,,,,,,,,,,,,,,,,,,,,,,,,,,,,,,,,
2023,3,14,13,0,10.9,4.1,63.01,,,,,,,,,,,,,,,,,,,,,,,,,,,,,,,,,,,,
2023,3,14,14,0,13.8,5.4,56.94,,,,,,,,,,,,,,,,,,,,,,,,,,,,,,,,,,,,
2023,3,14,15,0,17.5,4.4,41.81,,,,,,,,,,,,,,,,,,,,,,,,,,,,,,,,,,,,
2023,3,14,16,0,21,3.5,31.56,,,,,,,,,,,,,,,,,,,,,,,,,,,,,,,,,,,,
2023,3,14,17,0,23.6,2.5,25.1,,,,,,,,,,,,,,,,,,,,,,,,,,,,,,,,,,,,
2023,3,14,18,0,25.1,2.2,22.51,,,,,,,,,,,,,,,,,,,,,,,,,,,,,,,,,,,,
2023,3,14,19,0,25.9,2.1,21.28,,,,,,,,,,,,,,,,,,,,,,,,,,,,,,,,,,,,
2023,3,14,20,0,25.7,2,21.46,,,,,,,,,,,,,,,,,,,,,,,,,,,,,,,,,,,,
2023,3,14,21,0,25.5,2.2,21.93,,,,,,,,,,,,,,,,,,,,,,,,,,,,,,,,,,,,
2023,3,14,22,0,25.7,2.3,21.85,,,,,,,,,,,,,,,,,,,,,,,,,,,,,,,,,,,,
2023,3,14,23,0,24.8,3.7,25.42,,,,,,,,,,,,,,,,,,,,,,,,,,,,,,,,,,,,
2023,3,15,0,0,22.2,9,43.04,,,,,,,,,,,,,,,,,,,,,,,,,,,,,,,,,,,,
2023,3,15,1,0,21.3,7.7,41.43,,,,,,,,,,,,,,,,,,,,,,,,,,,,,,,,,,,,
2023,3,15,2,0,20.3,7.2,42.75,,,,,,,,,,,,,,,,,,,,,,,,,,,,,,,,,,,,
2023,3,15,3,0,18.8,7.6,48.23,,,,,,,,,,,,,,,,,,,,,,,,,,,,,,,,,,,,
2023,3,15,4,0,17.4,7.7,52.92,,,,,,,,,,,,,,,,,,,,,,,,,,,,,,,,,,,,
2023,3,15,5,0,16.7,7.8,55.84,,,,,,,,,,,,,,,,,,,,,,,,,,,,,,,,,,,,
2023,3,15,6,0,16.8,7,52.55,,,,,,,,,,,,,,,,,,,,,,,,,,,,,,,,,,,,
2023,3,15,7,0,17.3,6.3,48.35,,,,,,,,,,,,,,,,,,,,,,,,,,,,,,,,,,,,
2023,3,15,8,0,17.3,6.2,48.14,,,,,,,,,,,,,,,,,,,,,,,,,,,,,,,,,,,,
2023,3,15,9,0,16.8,6.6,50.95,,,,,,,,,,,,,,,,,,,,,,,,,,,,,,,,,,,,
2023,3,15,10,0,16.6,6.4,51.1,,,,,,,,,,,,,,,,,,,,,,,,,,,,,,,,,,,,
2023,3,15,11,0,15.8,6.4,53.47,,,,,,,,,,,,,,,,,,,,,,,,,,,,,,,,,,,,
2023,3,15,12,0,14.9,7,59.23,,,,,,,,,,,,,,,,,,,,,,,,,,,,,,,,,,,,
2023,3,15,13,0,14.4,7.9,64.9,,,,,,,,,,,,,,,,,,,,,,,,,,,,,,,,,,,,
2023,3,15,14,0,14.7,8.7,67.16,,,,,,,,,,,,,,,,,,,,,,,,,,,,,,,,,,,,
2023,3,15,15,0,14.7,9.1,68.92,,,,,,,,,,,,,,,,,,,,,,,,,,,,,,,,,,,,
2023,3,15,16,0,15,10.2,73.22,,,,,,,,,,,,,,,,,,,,,,,,,,,,,,,,,,,,
2023,3,15,17,0,15.6,11.3,75.54,,,,,,,,,,,,,,,,,,,,,,,,,,,,,,,,,,,,
2023,3,15,18,0,16.2,11.9,75.6,,,,,,,,,,,,,,,,,,,,,,,,,,,,,,,,,,,,
2023,3,15,19,0,16.6,12.1,74.59,,,,,,,,,,,,,,,,,,,,,,,,,,,,,,,,,,,,
2023,3,15,20,0,17.1,12.2,72.76,,,,,,,,,,,,,,,,,,,,,,,,,,,,,,,,,,,,
2023,3,15,21,0,17.8,12.4,70.55,,,,,,,,,,,,,,,,,,,,,,,,,,,,,,,,,,,,
2023,3,15,22,0,18,12.6,70.85,,,,,,,,,,,,,,,,,,,,,,,,,,,,,,,,,,,,
2023,3,15,23,0,17.4,13.3,76.74,,,,,,,,,,,,,,,,,,,,,,,,,,,,,,,,,,,,
2023,3,16,0,0,16.4,14.1,86.51,,,,,,,,,,,,,,,,,,,,,,,,,,,,,,,,,,,,
2023,3,16,1,0,15.6,14.2,91.41,,,,,,,,,,,,,,,,,,,,,,,,,,,,,,,,,,,,
2023,3,16,2,0,15.1,14,93.4,,,,,,,,,,,,,,,,,,,,,,,,,,,,,,,,,,,,
2023,3,16,3,0,14.5,13.7,94.68,,,,,,,,,,,,,,,,,,,,,,,,,,,,,,,,,,,,
2023,3,16,4,0,13.5,13.2,97.99,,,,,,,,,,,,,,,,,,,,,,,,,,,,,,,,,,,,
2023,3,16,5,0,12.9,12.8,99.58,,,,,,,,,,,,,,,,,,,,,,,,,,,,,,,,,,,,
2023,3,16,6,0,12.6,12.6,99.71,,,,,,,,,,,,,,,,,,,,,,,,,,,,,,,,,,,,
2023,3,16,7,0,12.2,12.2,99.97,,,,,,,,,,,,,,,,,,,,,,,,,,,,,,,,,,,,
2023,3,16,8,0,11.8,11.8,100,,,,,,,,,,,,,,,,,,,,,,,,,,,,,,,,,,,,
2023,3,16,9,0,11.4,11.4,100,,,,,,,,,,,,,,,,,,,,,,,,,,,,,,,,,,,,
2023,3,16,10,0,11,11,100,,,,,,,,,,,,,,,,,,,,,,,,,,,,,,,,,,,,
2023,3,16,11,0,11.1,10.9,98.98,,,,,,,,,,,,,,,,,,,,,,,,,,,,,,,,,,,,
2023,3,16,12,0,11.1,10.8,97.92,,,,,,,,,,,,,,,,,,,,,,,,,,,,,,,,,,,,
2023,3,16,13,0,11.3,10.7,95.86,,,,,,,,,,,,,,,,,,,,,,,,,,,,,,,,,,,,
2023,3,16,14,0,12.4,11.1,91.62,,,,,,,,,,,,,,,,,,,,,,,,,,,,,,,,,,,,
2023,3,16,15,0,14.3,11.1,81.34,,,,,,,,,,,,,,,,,,,,,,,,,,,,,,,,,,,,
2023,3,16,16,0,16.5,10,65.65,,,,,,,,,,,,,,,,,,,,,,,,,,,,,,,,,,,,
2023,3,16,17,0,17.5,8.7,56.32,,,,,,,,,,,,,,,,,,,,,,,,,,,,,,,,,,,,
2023,3,16,18,0,18.2,7.8,50.6,,,,,,,,,,,,,,,,,,,,,,,,,,,,,,,,,,,,
2023,3,16,19,0,18.5,7.1,47.35,,,,,,,,,,,,,,,,,,,,,,,,,,,,,,,,,,,,
2023,3,16,20,0,18.7,6.5,44.96,,,,,,,,,,,,,,,,,,,,,,,,,,,,,,,,,,,,
2023,3,16,21,0,19.5,6,41.27,,,,,,,,,,,,,,,,,,,,,,,,,,,,,,,,,,,,
2023,3,16,22,0,20,5.4,38.42,,,,,,,,,,,,,,,,,,,,,,,,,,,,,,,,,,,,
2023,3,16,23,0,19.6,5.1,38.67,,,,,,,,,,,,,,,,,,,,,,,,,,,,,,,,,,,,
2023,3,17,0,0,18.3,7.5,49.4,,,,,,,,,,,,,,,,,,,,,,,,,,,,,,,,,,,,
2023,3,17,1,0,15.8,7.8,59.15,,,,,,,,,,,,,,,,,,,,,,,,,,,,,,,,,,,,
2023,3,17,2,0,15.1,6.8,57.62,,,,,,,,,,,,,,,,,,,,,,,,,,,,,,,,,,,,
2023,3,17,3,0,14.9,6.1,55.81,,,,,,,,,,,,,,,,,,,,,,,,,,,,,,,,,,,,
2023,3,17,4,0,14.1,5.9,57.71,,,,,,,,,,,,,,,,,,,,,,,,,,,,,,,,,,,,
2023,3,17,5,0,13.4,5.6,59.12,,,,,,,,,,,,,,,,,,,,,,,,,,,,,,,,,,,,
2023,3,17,6,0,13.1,5.2,58.88,,,,,,,,,,,,,,,,,,,,,,,,,,,,,,,,,,,,
2023,3,17,7,0,12.8,4.9,58.83,,,,,,,,,,,,,,,,,,,,,,,,,,,,,,,,,,,,
2023,3,17,8,0,12.2,4.9,60.96,,,,,,,,,,,,,,,,,,,,,,,,,,,,,,,,,,,,
2023,3,17,9,0,11.6,4.7,62.58,,,,,,,,,,,,,,,,,,,,,,,,,,,,,,,,,,,,
2023,3,17,10,0,11,4.7,65.01,,,,,,,,,,,,,,,,,,,,,,,,,,,,,,,,,,,,
2023,3,17,11,0,10.5,4.5,66.62,,,,,,,,,,,,,,,,,,,,,,,,,,,,,,,,,,,,
2023,3,17,12,0,9.9,4.4,68.69,,,,,,,,,,,,,,,,,,,,,,,,,,,,,,,,,,,,
2023,3,17,13,0,9.2,4.4,71.7,,,,,,,,,,,,,,,,,,,,,,,,,,,,,,,,,,,,
2023,3,17,14,0,11.6,6,68.57,,,,,,,,,,,,,,,,,,,,,,,,,,,,,,,,,,,,
2023,3,17,15,0,14.6,5.3,53.74,,,,,,,,,,,,,,,,,,,,,,,,,,,,,,,,,,,,
2023,3,17,16,0,18,3.8,39,,,,,,,,,,,,,,,,,,,,,,,,,,,,,,,,,,,,
2023,3,17,17,0,20.1,3.3,32.96,,,,,,,,,,,,,,,,,,,,,,,,,,,,,,,,,,,,
2023,3,17,18,0,21.2,3.3,30.74,,,,,,,,,,,,,,,,,,,,,,,,,,,,,,,,,,,,
2023,3,17,19,0,22,2.9,28.48,,,,,,,,,,,,,,,,,,,,,,,,,,,,,,,,,,,,
2023,3,17,20,0,22.5,2.3,26.44,,,,,,,,,,,,,,,,,,,,,,,,,,,,,,,,,,,,
2023,3,17,21,0,22.7,1.3,24.36,,,,,,,,,,,,,,,,,,,,,,,,,,,,,,,,,,,,
2023,3,17,22,0,22.4,0.1,22.75,,,,,,,,,,,,,,,,,,,,,,,,,,,,,,,,,,,,
2023,3,17,23,0,21.5,-1,22.25,,,,,,,,,,,,,,,,,,,,,,,,,,,,,,,,,,,,
2023,3,18,0,0,19.5,2.2,31.53,,,,,,,,,,,,,,,,,,,,,,,,,,,,,,,,,,,,
2023,3,18,1,0,15.2,4,47.17,,,,,,,,,,,,,,,,,,,,,,,,,,,,,,,,,,,,
2023,3,18,2,0,13.9,2.3,45.54,,,,,,,,,,,,,,,,,,,,,,,,,,,,,,,,,,,,
2023,3,18,3,0,13.5,1,42.47,,,,,,,,,,,,,,,,,,,,,,,,,,,,,,,,,,,,
2023,3,18,4,0,13,0.3,41.73,,,,,,,,,,,,,,,,,,,,,,,,,,,,,,,,,,,,
2023,3,18,5,0,11.3,0.9,48.73,,,,,,,,,,,,,,,,,,,,,,,,,,,,,,,,,,,,
2023,3,18,6,0,10,1,53.66,,,,,,,,,,,,,,,,,,,,,,,,,,,,,,,,,,,,
2023,3,18,7,0,9.6,0.7,53.74,,,,,,,,,,,,,,,,,,,,,,,,,,,,,,,,,,,,
2023,3,18,8,0,9.3,0,52.26,,,,,,,,,,,,,,,,,,,,,,,,,,,,,,,,,,,,
2023,3,18,9,0,8.7,-0.8,51.45,,,,,,,,,,,,,,,,,,,,,,,,,,,,,,,,,,,,
2023,3,18,10,0,8.2,-1.5,50.25,,,,,,,,,,,,,,,,,,,,,,,,,,,,,,,,,,,,
2023,3,18,11,0,8,-2.3,48.29,,,,,,,,,,,,,,,,,,,,,,,,,,,,,,,,,,,,
2023,3,18,12,0,7.6,-2.7,48.12,,,,,,,,,,,,,,,,,,,,,,,,,,,,,,,,,,,,
2023,3,18,13,0,7.4,-2.8,48.29,,,,,,,,,,,,,,,,,,,,,,,,,,,,,,,,,,,,
2023,3,18,14,0,9.8,-2.7,41.46,,,,,,,,,,,,,,,,,,,,,,,,,,,,,,,,,,,,
2023,3,18,15,0,13.5,-2.3,33.46,,,,,,,,,,,,,,,,,,,,,,,,,,,,,,,,,,,,
2023,3,18,16,0,17.7,-2.5,25.15,,,,,,,,,,,,,,,,,,,,,,,,,,,,,,,,,,,,
2023,3,18,17,0,20.3,-1.9,22.34,,,,,,,,,,,,,,,,,,,,,,,,,,,,,,,,,,,,
2023,3,18,18,0,22,-1.4,20.84,,,,,,,,,,,,,,,,,,,,,,,,,,,,,,,,,,,,
2023,3,18,19,0,23,-1.3,19.76,,,,,,,,,,,,,,,,,,,,,,,,,,,,,,,,,,,,
2023,3,18,20,0,23.3,-1,19.86,,,,,,,,,,,,,,,,,,,,,,,,,,,,,,,,,,,,
2023,3,18,21,0,23.2,-0.6,20.56,,,,,,,,,,,,,,,,,,,,,,,,,,,,,,,,,,,,
2023,3,18,22,0,22.9,-0.3,21.48,,,,,,,,,,,,,,,,,,,,,,,,,,,,,,,,,,,,
2023,3,18,23,0,22.4,0.3,23.1,,,,,,,,,,,,,,,,,,,,,,,,,,,,,,,,,,,,
2023,3,19,0,0,20.8,4.8,34.97,,,,,,,,,,,,,,,,,,,,,,,,,,,,,,,,,,,,
2023,3,19,1,0,17.9,4.5,40.98,,,,,,,,,,,,,,,,,,,,,,,,,,,,,,,,,,,,
2023,3,19,2,0,16.2,3.9,43.89,,,,,,,,,,,,,,,,,,,,,,,,,,,,,,,,,,,,
2023,3,19,3,0,14.5,3.9,48.83,,,,,,,,,,,,,,,,,,,,,,,,,,,,,,,,,,,,
2023,3,19,4,0,13.6,3.7,51.03,,,,,,,,,,,,,,,,,,,,,,,,,,,,,,,,,,,,
2023,3,19,5,0,13.5,3.3,49.97,,,,,,,,,,,,,,,,,,,,,,,,,,,,,,,,,,,,
2023,3,19,6,0,13.5,2.5,47.41,,,,,,,,,,,,,,,,,,,,,,,,,,,,,,,,,,,,
2023,3,19,7,0,13.3,2,46.13,,,,,,,,,,,,,,,,,,,,,,,,,,,,,,,,,,,,
2023,3,19,8,0,12.7,1.7,47.24,,,,,,,,,,,,,,,,,,,,,,,,,,,,,,,,,,,,
2023,3,19,9,0,12.3,1.4,47.33,,,,,,,,,,,,,,,,,,,,,,,,,,,,,,,,,,,,
2023,3,19,10,0,12.2,0.8,45.74,,,,,,,,,,,,,,,,,,,,,,,,,,,,,,,,,,,,
2023,3,19,11,0,12,0.4,44.95,,,,,,,,,,,,,,,,,,,,,,,,,,,,,,,,,,,,
2023,3,19,12,0,12.2,0,43.16,,,,,,,,,,,,,,,,,,,,,,,,,,,,,,,,,,,,
2023,3,19,13,0,12.2,0.1,43.51,,,,,,,,,,,,,,,,,,,,,,,,,,,,,,,,,,,,
2023,3,19,14,0,12.7,0.4,42.94,,,,,,,,,,,,,,,,,,,,,,,,,,,,,,,,,,,,
2023,3,19,15,0,13.9,0.4,39.65,,,,,,,,,,,,,,,,,,,,,,,,,,,,,,,,,,,,
2023,3,19,16,0,15.4,-0.2,34.57,,,,,,,,,,,,,,,,,,,,,,,,,,,,,,,,,,,,
2023,3,19,17,0,16.9,-0.3,31.17,,,,,,,,,,,,,,,,,,,,,,,,,,,,,,,,,,,,
2023,3,19,18,0,18.4,0.2,29.29,,,,,,,,,,,,,,,,,,,,,,,,,,,,,,,,,,,,
2023,3,19,19,0,19.4,0.9,29.04,,,,,,,,,,,,,,,,,,,,,,,,,,,,,,,,,,,,
2023,3,19,20,0,20.4,1.4,28.36,,,,,,,,,,,,,,,,,,,,,,,,,,,,,,,,,,,,
2023,3,19,21,0,20.5,1.9,29.02,,,,,,,,,,,,,,,,,,,,,,,,,,,,,,,,,,,,
2023,3,19,22,0,20.6,2.2,29.49,,,,,,,,,,,,,,,,,,,,,,,,,,,,,,,,,,,,
2023,3,19,23,0,20.2,3.9,34.24,,,,,,,,,,,,,,,,,,,,,,,,,,,,,,,,,,,,
2023,3,20,0,0,19.4,6.1,41.87,,,,,,,,,,,,,,,,,,,,,,,,,,,,,,,,,,,,
2023,3,20,1,0,17.3,4.7,43.19,,,,,,,,,,,,,,,,,,,,,,,,,,,,,,,,,,,,
2023,3,20,2,0,16.3,4.2,44.63,,,,,,,,,,,,,,,,,,,,,,,,,,,,,,,,,,,,
2023,3,20,3,0,16.2,3.7,43.18,,,,,,,,,,,,,,,,,,,,,,,,,,,,,,,,,,,,
2023,3,20,4,0,16.5,2.8,39.83,,,,,,,,,,,,,,,,,,,,,,,,,,,,,,,,,,,,
2023,3,20,5,0,16.4,2.3,38.65,,,,,,,,,,,,,,,,,,,,,,,,,,,,,,,,,,,,
2023,3,20,6,0,14.9,2.7,43.73,,,,,,,,,,,,,,,,,,,,,,,,,,,,,,,,,,,,
2023,3,20,7,0,13.2,3.4,51.46,,,,,,,,,,,,,,,,,,,,,,,,,,,,,,,,,,,,
2023,3,20,8,0,11.6,3.7,58.31,,,,,,,,,,,,,,,,,,,,,,,,,,,,,,,,,,,,
2023,3,20,9,0,10.7,3.5,61.14,,,,,,,,,,,,,,,,,,,,,,,,,,,,,,,,,,,,
2023,3,20,10,0,10.3,3.4,62.36,,,,,,,,,,,,,,,,,,,,,,,,,,,,,,,,,,,,
2023,3,20,11,0,10.3,3.3,61.92,,,,,,,,,,,,,,,,,,,,,,,,,,,,,,,,,,,,
2023,3,20,12,0,10.8,3.7,61.53,,,,,,,,,,,,,,,,,,,,,,,,,,,,,,,,,,,,
2023,3,20,13,0,11.1,4.2,62.53,,,,,,,,,,,,,,,,,,,,,,,,,,,,,,,,,,,,
2023,3,20,14,0,12.9,5.9,62.44,,,,,,,,,,,,,,,,,,,,,,,,,,,,,,,,,,,,
2023,3,20,15,0,15,4.8,50.61,,,,,,,,,,,,,,,,,,,,,,,,,,,,,,,,,,,,
2023,3,20,16,0,16.5,5,46.38,,,,,,,,,,,,,,,,,,,,,,,,,,,,,,,,,,,,
2023,3,20,17,0,18,6.5,47.04,,,,,,,,,,,,,,,,,,,,,,,,,,,,,,,,,,,,
2023,3,20,18,0,19.2,8.1,48.56,,,,,,,,,,,,,,,,,,,,,,,,,,,,,,,,,,,,
2023,3,20,19,0,19.6,9,50.31,,,,,,,,,,,,,,,,,,,,,,,,,,,,,,,,,,,,
2023,3,20,20,0,19.1,9.7,54.35,,,,,,,,,,,,,,,,,,,,,,,,,,,,,,,,,,,,
2023,3,20,21,0,18.8,10,56.79,,,,,,,,,,,,,,,,,,,,,,,,,,,,,,,,,,,,
2023,3,20,22,0,19.1,10.1,56.12,,,,,,,,,,,,,,,,,,,,,,,,,,,,,,,,,,,,
2023,3,20,23,0,19.3,10,55.03,,,,,,,,,,,,,,,,,,,,,,,,,,,,,,,,,,,,
2023,3,21,0,0,18.7,10.8,59.92,,,,,,,,,,,,,,,,,,,,,,,,,,,,,,,,,,,,
2023,3,21,1,0,16.9,10.6,66.6,,,,,,,,,,,,,,,,,,,,,,,,,,,,,,,,,,,,
2023,3,21,2,0,16.8,9.8,63.5,,,,,,,,,,,,,,,,,,,,,,,,,,,,,,,,,,,,
2023,3,21,3,0,16.1,9.2,63.78,,,,,,,,,,,,,,,,,,,,,,,,,,,,,,,,,,,,
2023,3,21,4,0,15.5,9.2,66.17,,,,,,,,,,,,,,,,,,,,,,,,,,,,,,,,,,,,
2023,3,21,5,0,14.9,9.4,69.55,,,,,,,,,,,,,,,,,,,,,,,,,,,,,,,,,,,,
2023,3,21,6,0,14.1,9.4,73.51,,,,,,,,,,,,,,,,,,,,,,,,,,,,,,,,,,,,
2023,3,21,7,0,13.6,9.8,77.94,,,,,,,,,,,,,,,,,,,,,,,,,,,,,,,,,,,,
2023,3,21,8,0,13.4,10.1,80.67,,,,,,,,,,,,,,,,,,,,,,,,,,,,,,,,,,,,
2023,3,21,9,0,12.9,10.2,83.87,,,,,,,,,,,,,,,,,,,,,,,,,,,,,,,,,,,,
2023,3,21,10,0,12.7,10.2,84.64,,,,,,,,,,,,,,,,,,,,,,,,,,,,,,,,,,,,
2023,3,21,11,0,12.5,10.1,85.37,,,,,,,,,,,,,,,,,,,,,,,,,,,,,,,,,,,,
2023,3,21,12,0,12.5,10.1,85.56,,,,,,,,,,,,,,,,,,,,,,,,,,,,,,,,,,,,
2023,3,21,13,0,12.5,10.3,86.45,,,,,,,,,,,,,,,,,,,,,,,,,,,,,,,,,,,,
2023,3,21,14,0,13.6,10.8,83.46,,,,,,,,,,,,,,,,,,,,,,,,,,,,,,,,,,,,
2023,3,21,15,0,14.7,11.3,79.93,,,,,,,,,,,,,,,,,,,,,,,,,,,,,,,,,,,,
2023,3,21,16,0,15.7,11.1,74.09,,,,,,,,,,,,,,,,,,,,,,,,,,,,,,,,,,,,
2023,3,21,17,0,16.8,9.9,63.77,,,,,,,,,,,,,,,,,,,,,,,,,,,,,,,,,,,,
2023,3,21,18,0,17.6,8.4,54.75,,,,,,,,,,,,,,,,,,,,,,,,,,,,,,,,,,,,
2023,3,21,19,0,18.1,7.4,49.49,,,,,,,,,,,,,,,,,,,,,,,,,,,,,,,,,,,,
2023,3,21,20,0,18.6,6.9,46.57,,,,,,,,,,,,,,,,,,,,,,,,,,,,,,,,,,,,
2023,3,21,21,0,19,6.9,45.43,,,,,,,,,,,,,,,,,,,,,,,,,,,,,,,,,,,,
2023,3,21,22,0,19,7.8,48.16,,,,,,,,,,,,,,,,,,,,,,,,,,,,,,,,,,,,
2023,3,21,23,0,18.1,9.4,56.91,,,,,,,,,,,,,,,,,,,,,,,,,,,,,,,,,,,,
2023,3,22,0,0,16.8,10.8,67.82,,,,,,,,,,,,,,,,,,,,,,,,,,,,,,,,,,,,
2023,3,22,1,0,15.7,11.5,76.09,,,,,,,,,,,,,,,,,,,,,,,,,,,,,,,,,,,,
2023,3,22,2,0,15.3,11.7,79.13,,,,,,,,,,,,,,,,,,,,,,,,,,,,,,,,,,,,
2023,3,22,3,0,15.2,11.8,79.94,,,,,,,,,,,,,,,,,,,,,,,,,,,,,,,,,,,,
2023,3,22,4,0,15.2,11.9,80.6,,,,,,,,,,,,,,,,,,,,,,,,,,,,,,,,,,,,
2023,3,22,5,0,15.1,12.2,82.62,,,,,,,,,,,,,,,,,,,,,,,,,,,,,,,,,,,,
2023,3,22,6,0,14.9,12.5,85.66,,,,,,,,,,,,,,,,,,,,,,,,,,,,,,,,,,,,
2023,3,22,7,0,14.7,12.8,88.53,,,,,,,,,,,,,,,,,,,,,,,,,,,,,,,,,,,,
2023,3,22,8,0,14.6,13,90.07,,,,,,,,,,,,,,,,,,,,,,,,,,,,,,,,,,,,
2023,3,22,9,0,14.5,12.9,90.18,,,,,,,,,,,,,,,,,,,,,,,,,,,,,,,,,,,,
2023,3,22,10,0,14.1,12.4,89.34,,,,,,,,,,,,,,,,,,,,,,,,,,,,,,,,,,,,
2023,3,22,11,0,13.4,11.7,89.16,,,,,,,,,,,,,,,,,,,,,,,,,,,,,,,,,,,,
2023,3,22,12,0,12.8,10.9,88.44,,,,,,,,,,,,,,,,,,,,,,,,,,,,,,,,,,,,
2023,3,22,13,0,12.1,10.2,88.25,,,,,,,,,,,,,,,,,,,,,,,,,,,,,,,,,,,,
2023,3,22,14,0,12.6,9.8,83.3,,,,,,,,,,,,,,,,,,,,,,,,,,,,,,,,,,,,
2023,3,22,15,0,13.7,8.3,69.99,,,,,,,,,,,,,,,,,,,,,,,,,,,,,,,,,,,,
2023,3,22,16,0,14.9,6,55.24,,,,,,,,,,,,,,,,,,,,,,,,,,,,,,,,,,,,
2023,3,22,17,0,15.9,4.5,46.59,,,,,,,,,,,,,,,,,,,,,,,,,,,,,,,,,,,,
2023,3,22,18,0,17,3.9,41.62,,,,,,,,,,,,,,,,,,,,,,,,,,,,,,,,,,,,
2023,3,22,19,0,17.8,3.6,38.77,,,,,,,,,,,,,,,,,,,,,,,,,,,,,,,,,,,,
2023,3,22,20,0,18.5,3.3,36.53,,,,,,,,,,,,,,,,,,,,,,,,,,,,,,,,,,,,
2023,3,22,21,0,18.8,3,34.89,,,,,,,,,,,,,,,,,,,,,,,,,,,,,,,,,,,,
2023,3,22,22,0,18.6,2.5,34.16,,,,,,,,,,,,,,,,,,,,,,,,,,,,,,,,,,,,
2023,3,22,23,0,17.9,2,34.44,,,,,,,,,,,,,,,,,,,,,,,,,,,,,,,,,,,,
2023,3,23,0,0,16.8,2.3,37.75,,,,,,,,,,,,,,,,,,,,,,,,,,,,,,,,,,,,
2023,3,23,1,0,14.8,4.2,48.98,,,,,,,,,,,,,,,,,,,,,,,,,,,,,,,,,,,,
2023,3,23,2,0,13.3,4.2,54.14,,,,,,,,,,,,,,,,,,,,,,,,,,,,,,,,,,,,
2023,3,23,3,0,12.3,4.1,57.26,,,,,,,,,,,,,,,,,,,,,,,,,,,,,,,,,,,,
2023,3,23,4,0,11.8,3.8,57.81,,,,,,,,,,,,,,,,,,,,,,,,,,,,,,,,,,,,
2023,3,23,5,0,11.4,3.5,58.11,,,,,,,,,,,,,,,,,,,,,,,,,,,,,,,,,,,,
2023,3,23,6,0,10.9,3.2,59.1,,,,,,,,,,,,,,,,,,,,,,,,,,,,,,,,,,,,
2023,3,23,7,0,10.3,3.1,60.81,,,,,,,,,,,,,,,,,,,,,,,,,,,,,,,,,,,,
2023,3,23,8,0,9.7,2.9,62.8,,,,,,,,,,,,,,,,,,,,,,,,,,,,,,,,,,,,
2023,3,23,9,0,9.2,2.8,64.42,,,,,,,,,,,,,,,,,,,,,,,,,,,,,,,,,,,,
2023,3,23,10,0,8.6,2.8,66.8,,,,,,,,,,,,,,,,,,,,,,,,,,,,,,,,,,,,
2023,3,23,11,0,8.2,2.7,68.29,,,,,,,,,,,,,,,,,,,,,,,,,,,,,,,,,,,,
2023,3,23,12,0,8.2,2.5,67.41,,,,,,,,,,,,,,,,,,,,,,,,,,,,,,,,,,,,
2023,3,23,13,0,8.5,2.5,66.15,,,,,,,,,,,,,,,,,,,,,,,,,,,,,,,,,,,,
2023,3,23,14,0,10.8,4.1,63.22,,,,,,,,,,,,,,,,,,,,,,,,,,,,,,,,,,,,
2023,3,23,15,0,14.1,2.3,45.01,,,,,,,,,,,,,,,,,,,,,,,,,,,,,,,,,,,,
2023,3,23,16,0,16.7,1.6,36.07,,,,,,,,,,,,,,,,,,,,,,,,,,,,,,,,,,,,
2023,3,23,17,0,18.1,1.4,32.49,,,,,,,,,,,,,,,,,,,,,,,,,,,,,,,,,,,,
2023,3,23,18,0,19.1,1.3,30.31,,,,,,,,,,,,,,,,,,,,,,,,,,,,,,,,,,,,
2023,3,23,19,0,19.8,1.1,28.63,,,,,,,,,,,,,,,,,,,,,,,,,,,,,,,,,,,,
2023,3,23,20,0,20.1,0.9,27.69,,,,,,,,,,,,,,,,,,,,,,,,,,,,,,,,,,,,
2023,3,23,21,0,20.2,0.7,27.26,,,,,,,,,,,,,,,,,,,,,,,,,,,,,,,,,,,,
2023,3,23,22,0,19.9,0.6,27.49,,,,,,,,,,,,,,,,,,,,,,,,,,,,,,,,,,,,
2023,3,23,23,0,19.2,0.5,28.59,,,,,,,,,,,,,,,,,,,,,,,,,,,,,,,,,,,,
2023,3,24,0,0,17.9,1.5,33.35,,,,,,,,,,,,,,,,,,,,,,,,,,,,,,,,,,,,
2023,3,24,1,0,14.5,5.4,54.52,,,,,,,,,,,,,,,,,,,,,,,,,,,,,,,,,,,,
2023,3,24,2,0,13.3,4.7,55.86,,,,,,,,,,,,,,,,,,,,,,,,,,,,,,,,,,,,
2023,3,24,3,0,12.6,4.2,56.62,,,,,,,,,,,,,,,,,,,,,,,,,,,,,,,,,,,,
2023,3,24,4,0,11.7,3.8,58.22,,,,,,,,,,,,,,,,,,,,,,,,,,,,,,,,,,,,
2023,3,24,5,0,10.9,3.5,60.31,,,,,,,,,,,,,,,,,,,,,,,,,,,,,,,,,,,,
2023,3,24,6,0,10.1,3.5,63.55,,,,,,,,,,,,,,,,,,,,,,,,,,,,,,,,,,,,
2023,3,24,7,0,9.4,3.6,67.17,,,,,,,,,,,,,,,,,,,,,,,,,,,,,,,,,,,,
2023,3,24,8,0,8.8,3.9,71.15,,,,,,,,,,,,,,,,,,,,,,,,,,,,,,,,,,,,
2023,3,24,9,0,8.5,4.1,74.04,,,,,,,,,,,,,,,,,,,,,,,,,,,,,,,,,,,,
2023,3,24,10,0,8.4,4.2,74.97,,,,,,,,,,,,,,,,,,,,,,,,,,,,,,,,,,,,
2023,3,24,11,0,8.3,4.4,76.63,,,,,,,,,,,,,,,,,,,,,,,,,,,,,,,,,,,,
2023,3,24,12,0,8.1,4.5,77.87,,,,,,,,,,,,,,,,,,,,,,,,,,,,,,,,,,,,
2023,3,24,13,0,7.9,4.5,79.25,,,,,,,,,,,,,,,,,,,,,,,,,,,,,,,,,,,,
2023,3,24,14,0,10.3,4.8,68.5,,,,,,,,,,,,,,,,,,,,,,,,,,,,,,,,,,,,
2023,3,24,15,0,13,3,50.51,,,,,,,,,,,,,,,,,,,,,,,,,,,,,,,,,,,,
2023,3,24,16,0,15.2,0.5,36.77,,,,,,,,,,,,,,,,,,,,,,,,,,,,,,,,,,,,
2023,3,24,17,0,16.8,-0.9,29.89,,,,,,,,,,,,,,,,,,,,,,,,,,,,,,,,,,,,
2023,3,24,18,0,17.9,-1.7,26.27,,,,,,,,,,,,,,,,,,,,,,,,,,,,,,,,,,,,
2023,3,24,19,0,18.8,-2,24.33,,,,,,,,,,,,,,,,,,,,,,,,,,,,,,,,,,,,
2023,3,24,20,0,19.5,-1.9,23.55,,,,,,,,,,,,,,,,,,,,,,,,,,,,,,,,,,,,
2023,3,24,21,0,19.8,-1.6,23.58,,,,,,,,,,,,,,,,,,,,,,,,,,,,,,,,,,,,
2023,3,24,22,0,19.8,-1.5,23.84,,,,,,,,,,,,,,,,,,,,,,,,,,,,,,,,,,,,
2023,3,24,23,0,19.2,-1.4,24.87,,,,,,,,,,,,,,,,,,,,,,,,,,,,,,,,,,,,
2023,3,25,0,0,17.8,-0.3,29.4,,,,,,,,,,,,,,,,,,,,,,,,,,,,,,,,,,,,
2023,3,25,1,0,13.4,2.9,48.95,,,,,,,,,,,,,,,,,,,,,,,,,,,,,,,,,,,,
2023,3,25,2,0,11.7,2.4,52.71,,,,,,,,,,,,,,,,,,,,,,,,,,,,,,,,,,,,
2023,3,25,3,0,11,1.8,53.11,,,,,,,,,,,,,,,,,,,,,,,,,,,,,,,,,,,,
2023,3,25,4,0,10.5,1.2,52.57,,,,,,,,,,,,,,,,,,,,,,,,,,,,,,,,,,,,
2023,3,25,5,0,10.1,0.7,51.99,,,,,,,,,,,,,,,,,,,,,,,,,,,,,,,,,,,,
2023,3,25,6,0,9.8,0.2,51.07,,,,,,,,,,,,,,,,,,,,,,,,,,,,,,,,,,,,
2023,3,25,7,0,9.4,-0.2,51.13,,,,,,,,,,,,,,,,,,,,,,,,,,,,,,,,,,,,
2023,3,25,8,0,9,-0.5,51.41,,,,,,,,,,,,,,,,,,,,,,,,,,,,,,,,,,,,
2023,3,25,9,0,8.5,-0.7,52.43,,,,,,,,,,,,,,,,,,,,,,,,,,,,,,,,,,,,
2023,3,25,10,0,7.9,-0.9,53.77,,,,,,,,,,,,,,,,,,,,,,,,,,,,,,,,,,,,
2023,3,25,11,0,7.3,-1.1,55.23,,,,,,,,,,,,,,,,,,,,,,,,,,,,,,,,,,,,
2023,3,25,12,0,6.7,-1.3,56.58,,,,,,,,,,,,,,,,,,,,,,,,,,,,,,,,,,,,
2023,3,25,13,0,6.4,-1.3,57.66,,,,,,,,,,,,,,,,,,,,,,,,,,,,,,,,,,,,
2023,3,25,14,0,9.5,-0.4,50.1,,,,,,,,,,,,,,,,,,,,,,,,,,,,,,,,,,,,
2023,3,25,15,0,12.9,-1.8,35.98,,,,,,,,,,,,,,,,,,,,,,,,,,,,,,,,,,,,
2023,3,25,16,0,16.7,-3.7,24.48,,,,,,,,,,,,,,,,,,,,,,,,,,,,,,,,,,,,
2023,3,25,17,0,18.9,-5.1,19.28,,,,,,,,,,,,,,,,,,,,,,,,,,,,,,,,,,,,
2023,3,25,18,0,20,-4.9,18.2,,,,,,,,,,,,,,,,,,,,,,,,,,,,,,,,,,,,
2023,3,25,19,0,20.7,-4.7,17.72,,,,,,,,,,,,,,,,,,,,,,,,,,,,,,,,,,,,
2023,3,25,20,0,21.1,-4.5,17.5,,,,,,,,,,,,,,,,,,,,,,,,,,,,,,,,,,,,
2023,3,25,21,0,21.2,-4.4,17.54,,,,,,,,,,,,,,,,,,,,,,,,,,,,,,,,,,,,
2023,3,25,22,0,20.9,-4.3,17.97,,,,,,,,,,,,,,,,,,,,,,,,,,,,,,,,,,,,
2023,3,25,23,0,20.1,-4.2,19.12,,,,,,,,,,,,,,,,,,,,,,,,,,,,,,,,,,,,
2023,3,26,0,0,18.5,-1.2,26.37,,,,,,,,,,,,,,,,,,,,,,,,,,,,,,,,,,,,
2023,3,26,1,0,15,2.6,43.15,,,,,,,,,,,,,,,,,,,,,,,,,,,,,,,,,,,,
2023,3,26,2,0,13.9,0.8,40.85,,,,,,,,,,,,,,,,,,,,,,,,,,,,,,,,,,,,
2023,3,26,3,0,13.4,0,39.77,,,,,,,,,,,,,,,,,,,,,,,,,,,,,,,,,,,,
2023,3,26,4,0,12.6,-0.5,40.58,,,,,,,,,,,,,,,,,,,,,,,,,,,,,,,,,,,,
2023,3,26,5,0,11.4,-0.5,43.64,,,,,,,,,,,,,,,,,,,,,,,,,,,,,,,,,,,,
2023,3,26,6,0,10.4,-0.8,45.72,,,,,,,,,,,,,,,,,,,,,,,,,,,,,,,,,,,,
2023,3,26,7,0,9.2,-1,48.98,,,,,,,,,,,,,,,,,,,,,,,,,,,,,,,,,,,,
2023,3,26,8,0,8,-1.1,52.61,,,,,,,,,,,,,,,,,,,,,,,,,,,,,,,,,,,,
2023,3,26,9,0,7.1,-1.4,54.65,,,,,,,,,,,,,,,,,,,,,,,,,,,,,,,,,,,,
2023,3,26,10,0,6.5,-1.8,55.34,,,,,,,,,,,,,,,,,,,,,,,,,,,,,,,,,,,,
2023,3,26,11,0,6.2,-2.2,54.84,,,,,,,,,,,,,,,,,,,,,,,,,,,,,,,,,,,,
2023,3,26,12,0,6.2,-2.6,53.38,,,,,,,,,,,,,,,,,,,,,,,,,,,,,,,,,,,,
2023,3,26,13,0,6,-2.4,54.93,,,,,,,,,,,,,,,,,,,,,,,,,,,,,,,,,,,,
2023,3,26,14,0,8.7,-1,50.6,,,,,,,,,,,,,,,,,,,,,,,,,,,,,,,,,,,,
2023,3,26,15,0,12.1,-3.5,33.41,,,,,,,,,,,,,,,,,,,,,,,,,,,,,,,,,,,,
2023,3,26,16,0,16,-7.9,18.66,,,,,,,,,,,,,,,,,,,,,,,,,,,,,,,,,,,,
2023,3,26,17,0,17.7,-8.7,15.69,,,,,,,,,,,,,,,,,,,,,,,,,,,,,,,,,,,,
2023,3,26,18,0,18.9,-8.7,14.55,,,,,,,,,,,,,,,,,,,,,,,,,,,,,,,,,,,,
2023,3,26,19,0,19.7,-8.7,13.92,,,,,,,,,,,,,,,,,,,,,,,,,,,,,,,,,,,,
2023,3,26,20,0,20.2,-8.7,13.49,,,,,,,,,,,,,,,,,,,,,,,,,,,,,,,,,,,,
2023,3,26,21,0,20.5,-8.6,13.28,,,,,,,,,,,,,,,,,,,,,,,,,,,,,,,,,,,,
2023,3,26,22,0,20.3,-8.5,13.54,,,,,,,,,,,,,,,,,,,,,,,,,,,,,,,,,,,,
2023,3,26,23,0,19.6,-8.1,14.6,,,,,,,,,,,,,,,,,,,,,,,,,,,,,,,,,,,,
2023,3,27,0,0,18,-3.9,22.18,,,,,,,,,,,,,,,,,,,,,,,,,,,,,,,,,,,,
2023,3,27,1,0,14.3,0.7,39.37,,,,,,,,,,,,,,,,,,,,,,,,,,,,,,,,,,,,
2023,3,27,2,0,13.3,-1.5,35.99,,,,,,,,,,,,,,,,,,,,,,,,,,,,,,,,,,,,
2023,3,27,3,0,12.4,-1.9,37.04,,,,,,,,,,,,,,,,,,,,,,,,,,,,,,,,,,,,
2023,3,27,4,0,11.3,-2,39.43,,,,,,,,,,,,,,,,,,,,,,,,,,,,,,,,,,,,
2023,3,27,5,0,10,-2,43.14,,,,,,,,,,,,,,,,,,,,,,,,,,,,,,,,,,,,
2023,3,27,6,0,8.9,-1.9,46.82,,,,,,,,,,,,,,,,,,,,,,,,,,,,,,,,,,,,
2023,3,27,7,0,8.1,-1.9,49.2,,,,,,,,,,,,,,,,,,,,,,,,,,,,,,,,,,,,
2023,3,27,8,0,7.4,-2.2,50.45,,,,,,,,,,,,,,,,,,,,,,,,,,,,,,,,,,,,
2023,3,27,9,0,7,-2.6,50.65,,,,,,,,,,,,,,,,,,,,,,,,,,,,,,,,,,,,
2023,3,27,10,0,6.5,-2.9,51.22,,,,,,,,,,,,,,,,,,,,,,,,,,,,,,,,,,,,
2023,3,27,11,0,6,-3.2,51.84,,,,,,,,,,,,,,,,,,,,,,,,,,,,,,,,,,,,
2023,3,27,12,0,5.5,-3.4,52.71,,,,,,,,,,,,,,,,,,,,,,,,,,,,,,,,,,,,
2023,3,27,13,0,5.5,-3.5,52.21,,,,,,,,,,,,,,,,,,,,,,,,,,,,,,,,,,,,
2023,3,27,14,0,8.7,-3.4,42.35,,,,,,,,,,,,,,,,,,,,,,,,,,,,,,,,,,,,
2023,3,27,15,0,12.4,-4.1,31.33,,,,,,,,,,,,,,,,,,,,,,,,,,,,,,,,,,,,
2023,3,27,16,0,16.1,-6.4,20.8,,,,,,,,,,,,,,,,,,,,,,,,,,,,,,,,,,,,
2023,3,27,17,0,18.6,-8.1,15.56,,,,,,,,,,,,,,,,,,,,,,,,,,,,,,,,,,,,
2023,3,27,18,0,20.4,-9.3,12.67,,,,,,,,,,,,,,,,,,,,,,,,,,,,,,,,,,,,
2023,3,27,19,0,21.7,-10,11.08,,,,,,,,,,,,,,,,,,,,,,,,,,,,,,,,,,,,
2023,3,27,20,0,22.4,-10.1,10.5,,,,,,,,,,,,,,,,,,,,,,,,,,,,,,,,,,,,
2023,3,27,21,0,22.8,-10.1,10.28,,,,,,,,,,,,,,,,,,,,,,,,,,,,,,,,,,,,
2023,3,27,22,0,22.7,-10.2,10.28,,,,,,,,,,,,,,,,,,,,,,,,,,,,,,,,,,,,
2023,3,27,23,0,22.2,-10,10.72,,,,,,,,,,,,,,,,,,,,,,,,,,,,,,,,,,,,
2023,3,28,0,0,20.9,-3.9,18.54,,,,,,,,,,,,,,,,,,,,,,,,,,,,,,,,,,,,
2023,3,28,1,0,18.1,-0.3,28.82,,,,,,,,,,,,,,,,,,,,,,,,,,,,,,,,,,,,
2023,3,28,2,0,15.5,-0.5,33.58,,,,,,,,,,,,,,,,,,,,,,,,,,,,,,,,,,,,
2023,3,28,3,0,13.2,-0.3,39.38,,,,,,,,,,,,,,,,,,,,,,,,,,,,,,,,,,,,
2023,3,28,4,0,11.2,-1,42.74,,,,,,,,,,,,,,,,,,,,,,,,,,,,,,,,,,,,
2023,3,28,5,0,10,-2,43.06,,,,,,,,,,,,,,,,,,,,,,,,,,,,,,,,,,,,
2023,3,28,6,0,9.3,-2.8,42.49,,,,,,,,,,,,,,,,,,,,,,,,,,,,,,,,,,,,
2023,3,28,7,0,8.6,-3.2,43.31,,,,,,,,,,,,,,,,,,,,,,,,,,,,,,,,,,,,
2023,3,28,8,0,7.8,-3.1,46.04,,,,,,,,,,,,,,,,,,,,,,,,,,,,,,,,,,,,
2023,3,28,9,0,7.4,-3.1,47.45,,,,,,,,,,,,,,,,,,,,,,,,,,,,,,,,,,,,
2023,3,28,10,0,7.2,-3.1,47.98,,,,,,,,,,,,,,,,,,,,,,,,,,,,,,,,,,,,
2023,3,28,11,0,7.1,-3.1,48.19,,,,,,,,,,,,,,,,,,,,,,,,,,,,,,,,,,,,
2023,3,28,12,0,7.3,-3.1,47.81,,,,,,,,,,,,,,,,,,,,,,,,,,,,,,,,,,,,
2023,3,28,13,0,8,-2.5,47.51,,,,,,,,,,,,,,,,,,,,,,,,,,,,,,,,,,,,
2023,3,28,14,0,11.3,-1.1,42.33,,,,,,,,,,,,,,,,,,,,,,,,,,,,,,,,,,,,
2023,3,28,15,0,15.3,-2.6,29.09,,,,,,,,,,,,,,,,,,,,,,,,,,,,,,,,,,,,
2023,3,28,16,0,18.7,-4.3,20.63,,,,,,,,,,,,,,,,,,,,,,,,,,,,,,,,,,,,
2023,3,28,17,0,21.5,-5,16.53,,,,,,,,,,,,,,,,,,,,,,,,,,,,,,,,,,,,
2023,3,28,18,0,23.9,-5,14.25,,,,,,,,,,,,,,,,,,,,,,,,,,,,,,,,,,,,
2023,3,28,19,0,25.6,-4.8,13.07,,,,,,,,,,,,,,,,,,,,,,,,,,,,,,,,,,,,
2023,3,28,20,0,26.6,-4.6,12.49,,,,,,,,,,,,,,,,,,,,,,,,,,,,,,,,,,,,
2023,3,28,21,0,26.9,-4.5,12.38,,,,,,,,,,,,,,,,,,,,,,,,,,,,,,,,,,,,
2023,3,28,22,0,26.6,-4.5,12.63,,,,,,,,,,,,,,,,,,,,,,,,,,,,,,,,,,,,
2023,3,28,23,0,25.7,-4.4,13.37,,,,,,,,,,,,,,,,,,,,,,,,,,,,,,,,,,,,
2023,3,29,0,0,23.2,1,23.2,,,,,,,,,,,,,,,,,,,,,,,,,,,,,,,,,,,,
2023,3,29,1,0,17.9,4,39.8,,,,,,,,,,,,,,,,,,,,,,,,,,,,,,,,,,,,
2023,3,29,2,0,16.1,2,38.56,,,,,,,,,,,,,,,,,,,,,,,,,,,,,,,,,,,,
2023,3,29,3,0,15.7,0.7,36.02,,,,,,,,,,,,,,,,,,,,,,,,,,,,,,,,,,,,
2023,3,29,4,0,15.7,-0.6,32.81,,,,,,,,,,,,,,,,,,,,,,,,,,,,,,,,,,,,
2023,3,29,5,0,16.1,-2,28.8,,,,,,,,,,,,,,,,,,,,,,,,,,,,,,,,,,,,
2023,3,29,6,0,15.1,-2,30.7,,,,,,,,,,,,,,,,,,,,,,,,,,,,,,,,,,,,
2023,3,29,7,0,13.4,-1.5,35.77,,,,,,,,,,,,,,,,,,,,,,,,,,,,,,,,,,,,
2023,3,29,8,0,11.6,-1,41.81,,,,,,,,,,,,,,,,,,,,,,,,,,,,,,,,,,,,
2023,3,29,9,0,10.5,-0.7,45.86,,,,,,,,,,,,,,,,,,,,,,,,,,,,,,,,,,,,
2023,3,29,10,0,10,-0.6,47.63,,,,,,,,,,,,,,,,,,,,,,,,,,,,,,,,,,,,
2023,3,29,11,0,9.6,-0.6,49,,,,,,,,,,,,,,,,,,,,,,,,,,,,,,,,,,,,
2023,3,29,12,0,9,-0.5,51.55,,,,,,,,,,,,,,,,,,,,,,,,,,,,,,,,,,,,
2023,3,29,13,0,8.6,0.2,55.65,,,,,,,,,,,,,,,,,,,,,,,,,,,,,,,,,,,,
2023,3,29,14,0,12.9,2.4,48.95,,,,,,,,,,,,,,,,,,,,,,,,,,,,,,,,,,,,
2023,3,29,15,0,16.8,0,31.97,,,,,,,,,,,,,,,,,,,,,,,,,,,,,,,,,,,,
2023,3,29,16,0,20.3,-3,20.66,,,,,,,,,,,,,,,,,,,,,,,,,,,,,,,,,,,,
2023,3,29,17,0,22.8,-4.5,15.85,,,,,,,,,,,,,,,,,,,,,,,,,,,,,,,,,,,,
2023,3,29,18,0,24.5,-4.3,14.44,,,,,,,,,,,,,,,,,,,,,,,,,,,,,,,,,,,,
2023,3,29,19,0,25.7,-3.9,13.88,,,,,,,,,,,,,,,,,,,,,,,,,,,,,,,,,,,,
2023,3,29,20,0,26.5,-3.5,13.67,,,,,,,,,,,,,,,,,,,,,,,,,,,,,,,,,,,,
2023,3,29,21,0,26.9,-3.1,13.79,,,,,,,,,,,,,,,,,,,,,,,,,,,,,,,,,,,,
2023,3,29,22,0,26.8,-2.7,14.26,,,,,,,,,,,,,,,,,,,,,,,,,,,,,,,,,,,,
2023,3,29,23,0,26,-2.6,15.04,,,,,,,,,,,,,,,,,,,,,,,,,,,,,,,,,,,,
2023,3,30,0,0,23.8,0.2,21.03,,,,,,,,,,,,,,,,,,,,,,,,,,,,,,,,,,,,
2023,3,30,1,0,18.3,3.4,37.09,,,,,,,,,,,,,,,,,,,,,,,,,,,,,,,,,,,,
2023,3,30,2,0,15.8,2.9,41.92,,,,,,,,,,,,,,,,,,,,,,,,,,,,,,,,,,,,
2023,3,30,3,0,14.7,2.5,43.92,,,,,,,,,,,,,,,,,,,,,,,,,,,,,,,,,,,,
2023,3,30,4,0,13.9,2.1,44.73,,,,,,,,,,,,,,,,,,,,,,,,,,,,,,,,,,,,
2023,3,30,5,0,12.9,2,47.61,,,,,,,,,,,,,,,,,,,,,,,,,,,,,,,,,,,,
2023,3,30,6,0,11.8,2.7,53.57,,,,,,,,,,,,,,,,,,,,,,,,,,,,,,,,,,,,
2023,3,30,7,0,11,3.3,58.95,,,,,,,,,,,,,,,,,,,,,,,,,,,,,,,,,,,,
2023,3,30,8,0,10.4,3.7,63.22,,,,,,,,,,,,,,,,,,,,,,,,,,,,,,,,,,,,
2023,3,30,9,0,9.9,4.1,67,,,,,,,,,,,,,,,,,,,,,,,,,,,,,,,,,,,,
2023,3,30,10,0,9.6,4.4,70.14,,,,,,,,,,,,,,,,,,,,,,,,,,,,,,,,,,,,
2023,3,30,11,0,10.1,4.6,68.75,,,,,,,,,,,,,,,,,,,,,,,,,,,,,,,,,,,,
2023,3,30,12,0,9.6,4.3,69.57,,,,,,,,,,,,,,,,,,,,,,,,,,,,,,,,,,,,
2023,3,30,13,0,8.3,4,74.11,,,,,,,,,,,,,,,,,,,,,,,,,,,,,,,,,,,,
2023,3,30,14,0,10.2,3.7,64.12,,,,,,,,,,,,,,,,,,,,,,,,,,,,,,,,,,,,
2023,3,30,15,0,12.6,2.6,50.46,,,,,,,,,,,,,,,,,,,,,,,,,,,,,,,,,,,,
2023,3,30,16,0,14.7,0.8,38.87,,,,,,,,,,,,,,,,,,,,,,,,,,,,,,,,,,,,
2023,3,30,17,0,16.3,0.5,34.19,,,,,,,,,,,,,,,,,,,,,,,,,,,,,,,,,,,,
2023,3,30,18,0,17.5,0.6,31.96,,,,,,,,,,,,,,,,,,,,,,,,,,,,,,,,,,,,
2023,3,30,19,0,18.4,0.6,30.25,,,,,,,,,,,,,,,,,,,,,,,,,,,,,,,,,,,,
2023,3,30,20,0,18.8,0.5,29.31,,,,,,,,,,,,,,,,,,,,,,,,,,,,,,,,,,,,
2023,3,30,21,0,18.9,0.4,28.76,,,,,,,,,,,,,,,,,,,,,,,,,,,,,,,,,,,,
2023,3,30,22,0,18.6,0.2,28.9,,,,,,,,,,,,,,,,,,,,,,,,,,,,,,,,,,,,
2023,3,30,23,0,17.9,0.1,29.97,,,,,,,,,,,,,,,,,,,,,,,,,,,,,,,,,,,,
2023,3,31,0,0,16.7,0.2,32.78,,,,,,,,,,,,,,,,,,,,,,,,,,,,,,,,,,,,
2023,3,31,1,0,14.1,2,43.95,,,,,,,,,,,,,,,,,,,,,,,,,,,,,,,,,,,,
2023,3,31,2,0,12.5,2.6,51.05,,,,,,,,,,,,,,,,,,,,,,,,,,,,,,,,,,,,
2023,3,31,3,0,11.7,2.7,53.93,,,,,,,,,,,,,,,,,,,,,,,,,,,,,,,,,,,,
2023,3,31,4,0,11.4,2.7,55.29,,,,,,,,,,,,,,,,,,,,,,,,,,,,,,,,,,,,
2023,3,31,5,0,10.9,3,58.15,,,,,,,,,,,,,,,,,,,,,,,,,,,,,,,,,,,,
2023,3,31,6,0,10.2,3.4,62.84,,,,,,,,,,,,,,,,,,,,,,,,,,,,,,,,,,,,
2023,3,31,7,0,8.9,3.4,68.3,,,,,,,,,,,,,,,,,,,,,,,,,,,,,,,,,,,,
2023,3,31,8,0,8.6,2.7,66.52,,,,,,,,,,,,,,,,,,,,,,,,,,,,,,,,,,,,
2023,3,31,9,0,8.7,1.9,62.54,,,,,,,,,,,,,,,,,,,,,,,,,,,,,,,,,,,,
2023,3,31,10,0,8.7,1.6,60.81,,,,,,,,,,,,,,,,,,,,,,,,,,,,,,,,,,,,
2023,3,31,11,0,8.1,1.5,62.91,,,,,,,,,,,,,,,,,,,,,,,,,,,,,,,,,,,,
2023,3,31,12,0,7.5,1.4,65.42,,,,,,,,,,,,,,,,,,,,,,,,,,,,,,,,,,,,
2023,3,31,13,0,7.1,1.8,69.17,,,,,,,,,,,,,,,,,,,,,,,,,,,,,,,,,,,,
2023,3,31,14,0,10,3.1,62.38,,,,,,,,,,,,,,,,,,,,,,,,,,,,,,,,,,,,
2023,3,31,15,0,13.2,2.1,46.81,,,,,,,,,,,,,,,,,,,,,,,,,,,,,,,,,,,,
2023,3,31,16,0,16,0.3,34.36,,,,,,,,,,,,,,,,,,,,,,,,,,,,,,,,,,,,
2023,3,31,17,0,17.9,-0.7,28.31,,,,,,,,,,,,,,,,,,,,,,,,,,,,,,,,,,,,
2023,3,31,18,0,19.4,-1.4,24.58,,,,,,,,,,,,,,,,,,,,,,,,,,,,,,,,,,,,
2023,3,31,19,0,20.6,-2,21.72,,,,,,,,,,,,,,,,,,,,,,,,,,,,,,,,,,,,
2023,3,31,20,0,21.5,-2.6,19.67,,,,,,,,,,,,,,,,,,,,,,,,,,,,,,,,,,,,
2023,3,31,21,0,21.9,-3.2,18.44,,,,,,,,,,,,,,,,,,,,,,,,,,,,,,,,,,,,
2023,3,31,22,0,21.8,-3.8,17.71,,,,,,,,,,,,,,,,,,,,,,,,,,,,,,,,,,,,
2023,3,31,23,0,21.2,-4.2,17.89,,,,,,,,,,,,,,,,,,,,,,,,,,,,,,,,,,,,
2023,4,1,0,0,19.8,-1.2,24.3,,,,,,,,,,,,,,,,,,,,,,,,,,,,,,,,,,,,
2023,4,1,1,0,17,4.7,44.03,,,,,,,,,,,,,,,,,,,,,,,,,,,,,,,,,,,,
2023,4,1,2,0,15.8,3.5,43.65,,,,,,,,,,,,,,,,,,,,,,,,,,,,,,,,,,,,
2023,4,1,3,0,15,3,44.36,,,,,,,,,,,,,,,,,,,,,,,,,,,,,,,,,,,,
2023,4,1,4,0,14,2.3,45.21,,,,,,,,,,,,,,,,,,,,,,,,,,,,,,,,,,,,
2023,4,1,5,0,13,1.8,46.4,,,,,,,,,,,,,,,,,,,,,,,,,,,,,,,,,,,,
2023,4,1,6,0,12.2,1.4,47.65,,,,,,,,,,,,,,,,,,,,,,,,,,,,,,,,,,,,
2023,4,1,7,0,11.6,1.3,49.31,,,,,,,,,,,,,,,,,,,,,,,,,,,,,,,,,,,,
2023,4,1,8,0,10.9,1.4,52.01,,,,,,,,,,,,,,,,,,,,,,,,,,,,,,,,,,,,
2023,4,1,9,0,10.2,1.4,54.33,,,,,,,,,,,,,,,,,,,,,,,,,,,,,,,,,,,,
2023,4,1,10,0,9.7,1.3,55.7,,,,,,,,,,,,,,,,,,,,,,,,,,,,,,,,,,,,
2023,4,1,11,0,9.5,1.1,55.77,,,,,,,,,,,,,,,,,,,,,,,,,,,,,,,,,,,,
2023,4,1,12,0,9.3,0.8,55.46,,,,,,,,,,,,,,,,,,,,,,,,,,,,,,,,,,,,
2023,4,1,13,0,9.6,0.7,53.79,,,,,,,,,,,,,,,,,,,,,,,,,,,,,,,,,,,,
2023,4,1,14,0,12.9,0.4,42.36,,,,,,,,,,,,,,,,,,,,,,,,,,,,,,,,,,,,
2023,4,1,15,0,16.1,0.3,34.07,,,,,,,,,,,,,,,,,,,,,,,,,,,,,,,,,,,,
2023,4,1,16,0,20.2,-1.6,22.94,,,,,,,,,,,,,,,,,,,,,,,,,,,,,,,,,,,,
2023,4,1,17,0,23,-3.2,17.21,,,,,,,,,,,,,,,,,,,,,,,,,,,,,,,,,,,,
2023,4,1,18,0,24.5,-3.6,15.26,,,,,,,,,,,,,,,,,,,,,,,,,,,,,,,,,,,,
2023,4,1,19,0,25.5,-3.8,14.21,,,,,,,,,,,,,,,,,,,,,,,,,,,,,,,,,,,,
2023,4,1,20,0,26.4,-4,13.29,,,,,,,,,,,,,,,,,,,,,,,,,,,,,,,,,,,,
2023,4,1,21,0,27,-4.2,12.55,,,,,,,,,,,,,,,,,,,,,,,,,,,,,,,,,,,,
2023,4,1,22,0,26.9,-4.5,12.4,,,,,,,,,,,,,,,,,,,,,,,,,,,,,,,,,,,,
2023,4,1,23,0,26.2,-4.3,13.09,,,,,,,,,,,,,,,,,,,,,,,,,,,,,,,,,,,,
2023,4,2,0,0,24.3,1.3,22.12,,,,,,,,,,,,,,,,,,,,,,,,,,,,,,,,,,,,
2023,4,2,1,0,19.6,4.9,38.13,,,,,,,,,,,,,,,,,,,,,,,,,,,,,,,,,,,,
2023,4,2,2,0,17.4,2.5,36.95,,,,,,,,,,,,,,,,,,,,,,,,,,,,,,,,,,,,
2023,4,2,3,0,16,2,38.81,,,,,,,,,,,,,,,,,,,,,,,,,,,,,,,,,,,,
2023,4,2,4,0,14.8,1.5,40.5,,,,,,,,,,,,,,,,,,,,,,,,,,,,,,,,,,,,
2023,4,2,5,0,14.5,0.8,39.15,,,,,,,,,,,,,,,,,,,,,,,,,,,,,,,,,,,,
2023,4,2,6,0,14.6,-0.3,36.13,,,,,,,,,,,,,,,,,,,,,,,,,,,,,,,,,,,,
2023,4,2,7,0,14,-0.9,35.87,,,,,,,,,,,,,,,,,,,,,,,,,,,,,,,,,,,,
2023,4,2,8,0,12.5,-0.9,39.69,,,,,,,,,,,,,,,,,,,,,,,,,,,,,,,,,,,,
2023,4,2,9,0,11.6,-1.1,41.37,,,,,,,,,,,,,,,,,,,,,,,,,,,,,,,,,,,,
2023,4,2,10,0,10.7,-1.3,43.39,,,,,,,,,,,,,,,,,,,,,,,,,,,,,,,,,,,,
2023,4,2,11,0,9.7,-1.4,45.89,,,,,,,,,,,,,,,,,,,,,,,,,,,,,,,,,,,,
2023,4,2,12,0,8.8,-1.6,48.17,,,,,,,,,,,,,,,,,,,,,,,,,,,,,,,,,,,,
2023,4,2,13,0,8.4,-0.9,51.86,,,,,,,,,,,,,,,,,,,,,,,,,,,,,,,,,,,,
2023,4,2,14,0,12.3,0.2,43.53,,,,,,,,,,,,,,,,,,,,,,,,,,,,,,,,,,,,
2023,4,2,15,0,15.8,-1.2,31.24,,,,,,,,,,,,,,,,,,,,,,,,,,,,,,,,,,,,
2023,4,2,16,0,19.5,-2.2,23.05,,,,,,,,,,,,,,,,,,,,,,,,,,,,,,,,,,,,
2023,4,2,17,0,22.8,-4.5,15.86,,,,,,,,,,,,,,,,,,,,,,,,,,,,,,,,,,,,
2023,4,2,18,0,24.6,-4.5,14.18,,,,,,,,,,,,,,,,,,,,,,,,,,,,,,,,,,,,
2023,4,2,19,0,25.8,-4.1,13.6,,,,,,,,,,,,,,,,,,,,,,,,,,,,,,,,,,,,
2023,4,2,20,0,26.6,-3.8,13.24,,,,,,,,,,,,,,,,,,,,,,,,,,,,,,,,,,,,
2023,4,2,21,0,27.1,-3.7,13.02,,,,,,,,,,,,,,,,,,,,,,,,,,,,,,,,,,,,
2023,4,2,22,0,27.1,-3.6,13.14,,,,,,,,,,,,,,,,,,,,,,,,,,,,,,,,,,,,
2023,4,2,23,0,26.5,-3.4,13.77,,,,,,,,,,,,,,,,,,,,,,,,,,,,,,,,,,,,
2023,4,3,0,0,24.7,1.7,22.2,,,,,,,,,,,,,,,,,,,,,,,,,,,,,,,,,,,,
2023,4,3,1,0,20.8,4.6,34.47,,,,,,,,,,,,,,,,,,,,,,,,,,,,,,,,,,,,
2023,4,3,2,0,19.8,1.5,29.59,,,,,,,,,,,,,,,,,,,,,,,,,,,,,,,,,,,,
2023,4,3,3,0,19.5,0.2,27.48,,,,,,,,,,,,,,,,,,,,,,,,,,,,,,,,,,,,
2023,4,3,4,0,18.5,0,28.65,,,,,,,,,,,,,,,,,,,,,,,,,,,,,,,,,,,,
2023,4,3,5,0,16.9,0.2,32.15,,,,,,,,,,,,,,,,,,,,,,,,,,,,,,,,,,,,
2023,4,3,6,0,15,0.8,37.92,,,,,,,,,,,,,,,,,,,,,,,,,,,,,,,,,,,,
2023,4,3,7,0,13.2,1.1,43.65,,,,,,,,,,,,,,,,,,,,,,,,,,,,,,,,,,,,
2023,4,3,8,0,12.7,0.8,44.04,,,,,,,,,,,,,,,,,,,,,,,,,,,,,,,,,,,,
2023,4,3,9,0,12.5,0.2,42.87,,,,,,,,,,,,,,,,,,,,,,,,,,,,,,,,,,,,
2023,4,3,10,0,12.2,-0.1,42.69,,,,,,,,,,,,,,,,,,,,,,,,,,,,,,,,,,,,
2023,4,3,11,0,11.9,-0.3,42.9,,,,,,,,,,,,,,,,,,,,,,,,,,,,,,,,,,,,
2023,4,3,12,0,10.9,-0.2,46.28,,,,,,,,,,,,,,,,,,,,,,,,,,,,,,,,,,,,
2023,4,3,13,0,10.3,0.8,51.63,,,,,,,,,,,,,,,,,,,,,,,,,,,,,,,,,,,,
2023,4,3,14,0,14.3,2,43.21,,,,,,,,,,,,,,,,,,,,,,,,,,,,,,,,,,,,
2023,4,3,15,0,17.8,1.1,32.44,,,,,,,,,,,,,,,,,,,,,,,,,,,,,,,,,,,,
2023,4,3,16,0,20.6,1.9,29.01,,,,,,,,,,,,,,,,,,,,,,,,,,,,,,,,,,,,
2023,4,3,17,0,22.5,2.3,26.48,,,,,,,,,,,,,,,,,,,,,,,,,,,,,,,,,,,,
2023,4,3,18,0,23.9,2.5,24.64,,,,,,,,,,,,,,,,,,,,,,,,,,,,,,,,,,,,
2023,4,3,19,0,24.8,2.3,23.14,,,,,,,,,,,,,,,,,,,,,,,,,,,,,,,,,,,,
2023,4,3,20,0,25.2,2.1,22.24,,,,,,,,,,,,,,,,,,,,,,,,,,,,,,,,,,,,
2023,4,3,21,0,25.3,1.7,21.53,,,,,,,,,,,,,,,,,,,,,,,,,,,,,,,,,,,,
2023,4,3,22,0,24.9,1,20.86,,,,,,,,,,,,,,,,,,,,,,,,,,,,,,,,,,,,
2023,4,3,23,0,23.8,0.1,20.88,,,,,,,,,,,,,,,,,,,,,,,,,,,,,,,,,,,,
2023,4,4,0,0,21.8,-0.6,22.37,,,,,,,,,,,,,,,,,,,,,,,,,,,,,,,,,,,,
2023,4,4,1,0,18.4,-0.9,27.04,,,,,,,,,,,,,,,,,,,,,,,,,,,,,,,,,,,,
2023,4,4,2,0,15.5,-0.8,32.86,,,,,,,,,,,,,,,,,,,,,,,,,,,,,,,,,,,,
2023,4,4,3,0,13.8,-0.6,37.16,,,,,,,,,,,,,,,,,,,,,,,,,,,,,,,,,,,,
2023,4,4,4,0,12.9,-1.8,36.15,,,,,,,,,,,,,,,,,,,,,,,,,,,,,,,,,,,,
2023,4,4,5,0,11.7,-3.9,33.35,,,,,,,,,,,,,,,,,,,,,,,,,,,,,,,,,,,,
2023,4,4,6,0,10.2,-5.6,32.37,,,,,,,,,,,,,,,,,,,,,,,,,,,,,,,,,,,,
2023,4,4,7,0,8.7,-5.4,36.36,,,,,,,,,,,,,,,,,,,,,,,,,,,,,,,,,,,,
2023,4,4,8,0,7.5,-4.8,41.52,,,,,,,,,,,,,,,,,,,,,,,,,,,,,,,,,,,,
2023,4,4,9,0,6.6,-4.3,45.63,,,,,,,,,,,,,,,,,,,,,,,,,,,,,,,,,,,,
2023,4,4,10,0,5.9,-4.1,48.58,,,,,,,,,,,,,,,,,,,,,,,,,,,,,,,,,,,,
2023,4,4,11,0,5.2,-4,51.39,,,,,,,,,,,,,,,,,,,,,,,,,,,,,,,,,,,,
2023,4,4,12,0,4.4,-4.1,53.84,,,,,,,,,,,,,,,,,,,,,,,,,,,,,,,,,,,,
2023,4,4,13,0,4.4,-4.3,53.15,,,,,,,,,,,,,,,,,,,,,,,,,,,,,,,,,,,,
2023,4,4,14,0,7.7,-6.4,36.19,,,,,,,,,,,,,,,,,,,,,,,,,,,,,,,,,,,,
2023,4,4,15,0,10.6,-10.4,21.69,,,,,,,,,,,,,,,,,,,,,,,,,,,,,,,,,,,,
2023,4,4,16,0,12.3,-12.2,16.82,,,,,,,,,,,,,,,,,,,,,,,,,,,,,,,,,,,,
2023,4,4,17,0,13.7,-12.8,14.68,,,,,,,,,,,,,,,,,,,,,,,,,,,,,,,,,,,,
2023,4,4,18,0,14.8,-13,13.41,,,,,,,,,,,,,,,,,,,,,,,,,,,,,,,,,,,,
2023,4,4,19,0,15.7,-13.1,12.59,,,,,,,,,,,,,,,,,,,,,,,,,,,,,,,,,,,,
2023,4,4,20,0,16.3,-13.2,12.03,,,,,,,,,,,,,,,,,,,,,,,,,,,,,,,,,,,,
2023,4,4,21,0,16.5,-13.5,11.59,,,,,,,,,,,,,,,,,,,,,,,,,,,,,,,,,,,,
2023,4,4,22,0,16.4,-13.8,11.39,,,,,,,,,,,,,,,,,,,,,,,,,,,,,,,,,,,,
2023,4,4,23,0,15.8,-13.7,11.94,,,,,,,,,,,,,,,,,,,,,,,,,,,,,,,,,,,,
2023,4,5,0,0,14.7,-12.8,13.71,,,,,,,,,,,,,,,,,,,,,,,,,,,,,,,,,,,,
2023,4,5,1,0,11.1,-8.3,24.88,,,,,,,,,,,,,,,,,,,,,,,,,,,,,,,,,,,,
2023,4,5,2,0,8.2,-5.8,36.46,,,,,,,,,,,,,,,,,,,,,,,,,,,,,,,,,,,,
2023,4,5,3,0,7.3,-5.4,40.19,,,,,,,,,,,,,,,,,,,,,,,,,,,,,,,,,,,,
2023,4,5,4,0,6.6,-5.2,42.75,,,,,,,,,,,,,,,,,,,,,,,,,,,,,,,,,,,,
2023,4,5,5,0,6.1,-5.3,43.94,,,,,,,,,,,,,,,,,,,,,,,,,,,,,,,,,,,,
2023,4,5,6,0,5.6,-5.6,44.42,,,,,,,,,,,,,,,,,,,,,,,,,,,,,,,,,,,,
2023,4,5,7,0,5.4,-6,43.73,,,,,,,,,,,,,,,,,,,,,,,,,,,,,,,,,,,,
2023,4,5,8,0,5.2,-6.5,42.75,,,,,,,,,,,,,,,,,,,,,,,,,,,,,,,,,,,,
2023,4,5,9,0,4.9,-6.8,42.62,,,,,,,,,,,,,,,,,,,,,,,,,,,,,,,,,,,,
2023,4,5,10,0,4.3,-7,43.48,,,,,,,,,,,,,,,,,,,,,,,,,,,,,,,,,,,,
2023,4,5,11,0,3.8,-7.2,44.65,,,,,,,,,,,,,,,,,,,,,,,,,,,,,,,,,,,,
2023,4,5,12,0,3.2,-7.3,46.22,,,,,,,,,,,,,,,,,,,,,,,,,,,,,,,,,,,,
2023,4,5,13,0,3.6,-6.7,47.06,,,,,,,,,,,,,,,,,,,,,,,,,,,,,,,,,,,,
2023,4,5,14,0,8.1,-7.3,32.74,,,,,,,,,,,,,,,,,,,,,,,,,,,,,,,,,,,,
2023,4,5,15,0,11.8,-10.1,20.62,,,,,,,,,,,,,,,,,,,,,,,,,,,,,,,,,,,,
2023,4,5,16,0,15,-13,13.28,,,,,,,,,,,,,,,,,,,,,,,,,,,,,,,,,,,,
2023,4,5,17,0,16.7,-13,11.91,,,,,,,,,,,,,,,,,,,,,,,,,,,,,,,,,,,,
2023,4,5,18,0,18,-12.3,11.58,,,,,,,,,,,,,,,,,,,,,,,,,,,,,,,,,,,,
2023,4,5,19,0,19.1,-11.5,11.53,,,,,,,,,,,,,,,,,,,,,,,,,,,,,,,,,,,,
2023,4,5,20,0,19.9,-10.8,11.57,,,,,,,,,,,,,,,,,,,,,,,,,,,,,,,,,,,,
2023,4,5,21,0,20.4,-10.4,11.65,,,,,,,,,,,,,,,,,,,,,,,,,,,,,,,,,,,,
2023,4,5,22,0,20.6,-10,11.83,,,,,,,,,,,,,,,,,,,,,,,,,,,,,,,,,,,,
2023,4,5,23,0,20.2,-9.6,12.52,,,,,,,,,,,,,,,,,,,,,,,,,,,,,,,,,,,,
2023,4,6,0,0,19.1,-7.1,16.29,,,,,,,,,,,,,,,,,,,,,,,,,,,,,,,,,,,,
2023,4,6,1,0,14.8,0.6,37.89,,,,,,,,,,,,,,,,,,,,,,,,,,,,,,,,,,,,
2023,4,6,2,0,12.4,-1.3,38.6,,,,,,,,,,,,,,,,,,,,,,,,,,,,,,,,,,,,
2023,4,6,3,0,11.3,-1.9,39.68,,,,,,,,,,,,,,,,,,,,,,,,,,,,,,,,,,,,
2023,4,6,4,0,10.6,-2.4,40.11,,,,,,,,,,,,,,,,,,,,,,,,,,,,,,,,,,,,
2023,4,6,5,0,10.1,-2.8,40.41,,,,,,,,,,,,,,,,,,,,,,,,,,,,,,,,,,,,
2023,4,6,6,0,9.2,-2.7,43.19,,,,,,,,,,,,,,,,,,,,,,,,,,,,,,,,,,,,
2023,4,6,7,0,8.5,-2.9,44.57,,,,,,,,,,,,,,,,,,,,,,,,,,,,,,,,,,,,
2023,4,6,8,0,8.1,-3.4,44.24,,,,,,,,,,,,,,,,,,,,,,,,,,,,,,,,,,,,
2023,4,6,9,0,7.4,-3.5,45.77,,,,,,,,,,,,,,,,,,,,,,,,,,,,,,,,,,,,
2023,4,6,10,0,7,-4,45.61,,,,,,,,,,,,,,,,,,,,,,,,,,,,,,,,,,,,
2023,4,6,11,0,6.7,-4.4,45.09,,,,,,,,,,,,,,,,,,,,,,,,,,,,,,,,,,,,
2023,4,6,12,0,6.3,-4.5,46,,,,,,,,,,,,,,,,,,,,,,,,,,,,,,,,,,,,
2023,4,6,13,0,6.9,-4.2,45.2,,,,,,,,,,,,,,,,,,,,,,,,,,,,,,,,,,,,
2023,4,6,14,0,10.5,-3.8,36.3,,,,,,,,,,,,,,,,,,,,,,,,,,,,,,,,,,,,
2023,4,6,15,0,14.2,-4.1,27.89,,,,,,,,,,,,,,,,,,,,,,,,,,,,,,,,,,,,
2023,4,6,16,0,18.4,-6.2,18.27,,,,,,,,,,,,,,,,,,,,,,,,,,,,,,,,,,,,
2023,4,6,17,0,21.2,-6.8,14.65,,,,,,,,,,,,,,,,,,,,,,,,,,,,,,,,,,,,
2023,4,6,18,0,23.2,-6.7,13.1,,,,,,,,,,,,,,,,,,,,,,,,,,,,,,,,,,,,
2023,4,6,19,0,24.8,-6.4,12.13,,,,,,,,,,,,,,,,,,,,,,,,,,,,,,,,,,,,
2023,4,6,20,0,26,-5.9,11.74,,,,,,,,,,,,,,,,,,,,,,,,,,,,,,,,,,,,
2023,4,6,21,0,26.4,-5.4,11.9,,,,,,,,,,,,,,,,,,,,,,,,,,,,,,,,,,,,
2023,4,6,22,0,25.9,-5.1,12.58,,,,,,,,,,,,,,,,,,,,,,,,,,,,,,,,,,,,
2023,4,6,23,0,24.7,-3.9,14.78,,,,,,,,,,,,,,,,,,,,,,,,,,,,,,,,,,,,
2023,4,7,0,0,21.9,2.9,28.58,,,,,,,,,,,,,,,,,,,,,,,,,,,,,,,,,,,,
2023,4,7,1,0,18.6,3.3,36.25,,,,,,,,,,,,,,,,,,,,,,,,,,,,,,,,,,,,
2023,4,7,2,0,16.8,2.2,37.52,,,,,,,,,,,,,,,,,,,,,,,,,,,,,,,,,,,,
2023,4,7,3,0,15.7,1.7,38.92,,,,,,,,,,,,,,,,,,,,,,,,,,,,,,,,,,,,
2023,4,7,4,0,14.6,1.2,40.29,,,,,,,,,,,,,,,,,,,,,,,,,,,,,,,,,,,,
2023,4,7,5,0,13.7,0.7,41.2,,,,,,,,,,,,,,,,,,,,,,,,,,,,,,,,,,,,
2023,4,7,6,0,13.5,-0.1,39.26,,,,,,,,,,,,,,,,,,,,,,,,,,,,,,,,,,,,
2023,4,7,7,0,14.5,-1.6,32.99,,,,,,,,,,,,,,,,,,,,,,,,,,,,,,,,,,,,
2023,4,7,8,0,14.5,-2.3,31.35,,,,,,,,,,,,,,,,,,,,,,,,,,,,,,,,,,,,
2023,4,7,9,0,11.8,-0.9,41.32,,,,,,,,,,,,,,,,,,,,,,,,,,,,,,,,,,,,
2023,4,7,10,0,10,-0.2,49.08,,,,,,,,,,,,,,,,,,,,,,,,,,,,,,,,,,,,
2023,4,7,11,0,9.3,0.2,52.96,,,,,,,,,,,,,,,,,,,,,,,,,,,,,,,,,,,,
2023,4,7,12,0,8.9,0.5,55.55,,,,,,,,,,,,,,,,,,,,,,,,,,,,,,,,,,,,
2023,4,7,13,0,9.5,1,55.31,,,,,,,,,,,,,,,,,,,,,,,,,,,,,,,,,,,,
2023,4,7,14,0,14.5,1.4,40.92,,,,,,,,,,,,,,,,,,,,,,,,,,,,,,,,,,,,
2023,4,7,15,0,18.3,-0.7,27.62,,,,,,,,,,,,,,,,,,,,,,,,,,,,,,,,,,,,
2023,4,7,16,0,21.6,-2.4,19.97,,,,,,,,,,,,,,,,,,,,,,,,,,,,,,,,,,,,
2023,4,7,17,0,24.2,-3.2,16,,,,,,,,,,,,,,,,,,,,,,,,,,,,,,,,,,,,
2023,4,7,18,0,25.9,-3.5,14.2,,,,,,,,,,,,,,,,,,,,,,,,,,,,,,,,,,,,
2023,4,7,19,0,26.8,-3.4,13.52,,,,,,,,,,,,,,,,,,,,,,,,,,,,,,,,,,,,
2023,4,7,20,0,26.9,-3.4,13.46,,,,,,,,,,,,,,,,,,,,,,,,,,,,,,,,,,,,
2023,4,7,21,0,26.8,-3.3,13.63,,,,,,,,,,,,,,,,,,,,,,,,,,,,,,,,,,,,
2023,4,7,22,0,26.9,-3.4,13.5,,,,,,,,,,,,,,,,,,,,,,,,,,,,,,,,,,,,
2023,4,7,23,0,26.5,-3.7,13.51,,,,,,,,,,,,,,,,,,,,,,,,,,,,,,,,,,,,
2023,4,8,0,0,24.8,0.5,20.32,,,,,,,,,,,,,,,,,,,,,,,,,,,,,,,,,,,,
2023,4,8,1,0,19.9,4.9,37.4,,,,,,,,,,,,,,,,,,,,,,,,,,,,,,,,,,,,
2023,4,8,2,0,17.7,2.4,35.94,,,,,,,,,,,,,,,,,,,,,,,,,,,,,,,,,,,,
2023,4,8,3,0,17.1,1.3,34.54,,,,,,,,,,,,,,,,,,,,,,,,,,,,,,,,,,,,
2023,4,8,4,0,16.6,0.5,33.62,,,,,,,,,,,,,,,,,,,,,,,,,,,,,,,,,,,,
2023,4,8,5,0,16.1,-0.2,32.89,,,,,,,,,,,,,,,,,,,,,,,,,,,,,,,,,,,,
2023,4,8,6,0,15.7,-0.9,32.18,,,,,,,,,,,,,,,,,,,,,,,,,,,,,,,,,,,,
2023,4,8,7,0,15.8,-2,29.53,,,,,,,,,,,,,,,,,,,,,,,,,,,,,,,,,,,,
2023,4,8,8,0,14.7,-2.1,31.47,,,,,,,,,,,,,,,,,,,,,,,,,,,,,,,,,,,,
2023,4,8,9,0,13.1,-1.9,35.32,,,,,,,,,,,,,,,,,,,,,,,,,,,,,,,,,,,,
2023,4,8,10,0,11.8,-1.8,38.75,,,,,,,,,,,,,,,,,,,,,,,,,,,,,,,,,,,,
2023,4,8,11,0,10.9,-1.8,41.03,,,,,,,,,,,,,,,,,,,,,,,,,,,,,,,,,,,,
2023,4,8,12,0,10.3,-1.8,42.67,,,,,,,,,,,,,,,,,,,,,,,,,,,,,,,,,,,,
2023,4,8,13,0,10.5,-0.8,45.35,,,,,,,,,,,,,,,,,,,,,,,,,,,,,,,,,,,,
2023,4,8,14,0,15,1.4,39.8,,,,,,,,,,,,,,,,,,,,,,,,,,,,,,,,,,,,
2023,4,8,15,0,18.8,-2.5,23.46,,,,,,,,,,,,,,,,,,,,,,,,,,,,,,,,,,,,
2023,4,8,16,0,21.3,-3.6,18.48,,,,,,,,,,,,,,,,,,,,,,,,,,,,,,,,,,,,
2023,4,8,17,0,23.2,-4.4,15.51,,,,,,,,,,,,,,,,,,,,,,,,,,,,,,,,,,,,
2023,4,8,18,0,24.9,-5.2,13.25,,,,,,,,,,,,,,,,,,,,,,,,,,,,,,,,,,,,
2023,4,8,19,0,26.2,-5.1,12.35,,,,,,,,,,,,,,,,,,,,,,,,,,,,,,,,,,,,
2023,4,8,20,0,26.7,-4.7,12.31,,,,,,,,,,,,,,,,,,,,,,,,,,,,,,,,,,,,
2023,4,8,21,0,26.9,-4.3,12.55,,,,,,,,,,,,,,,,,,,,,,,,,,,,,,,,,,,,
2023,4,8,22,0,26.9,-3.9,12.99,,,,,,,,,,,,,,,,,,,,,,,,,,,,,,,,,,,,
2023,4,8,23,0,26.9,-3.4,13.49,,,,,,,,,,,,,,,,,,,,,,,,,,,,,,,,,,,,
2023,4,9,0,0,25.7,1.2,20.19,,,,,,,,,,,,,,,,,,,,,,,,,,,,,,,,,,,,
2023,4,9,1,0,22.5,5,31.94,,,,,,,,,,,,,,,,,,,,,,,,,,,,,,,,,,,,
2023,4,9,2,0,21.3,1.6,27.07,,,,,,,,,,,,,,,,,,,,,,,,,,,,,,,,,,,,
2023,4,9,3,0,21.2,0.5,25.13,,,,,,,,,,,,,,,,,,,,,,,,,,,,,,,,,,,,
2023,4,9,4,0,21.4,-0.3,23.47,,,,,,,,,,,,,,,,,,,,,,,,,,,,,,,,,,,,
2023,4,9,5,0,21.1,-0.3,23.93,,,,,,,,,,,,,,,,,,,,,,,,,,,,,,,,,,,,
2023,4,9,6,0,20.1,0.1,26.27,,,,,,,,,,,,,,,,,,,,,,,,,,,,,,,,,,,,
2023,4,9,7,0,19.1,0.5,28.67,,,,,,,,,,,,,,,,,,,,,,,,,,,,,,,,,,,,
2023,4,9,8,0,18,1.4,32.7,,,,,,,,,,,,,,,,,,,,,,,,,,,,,,,,,,,,
2023,4,9,9,0,17.1,1.6,35.2,,,,,,,,,,,,,,,,,,,,,,,,,,,,,,,,,,,,
2023,4,9,10,0,15.9,2.1,39.32,,,,,,,,,,,,,,,,,,,,,,,,,,,,,,,,,,,,
2023,4,9,11,0,14.6,2.1,42.91,,,,,,,,,,,,,,,,,,,,,,,,,,,,,,,,,,,,
2023,4,9,12,0,13.6,2.2,46.12,,,,,,,,,,,,,,,,,,,,,,,,,,,,,,,,,,,,
2023,4,9,13,0,13.4,3.1,49.79,,,,,,,,,,,,,,,,,,,,,,,,,,,,,,,,,,,,
2023,4,9,14,0,17.7,4.3,41.15,,,,,,,,,,,,,,,,,,,,,,,,,,,,,,,,,,,,
2023,4,9,15,0,21.3,1.6,27.07,,,,,,,,,,,,,,,,,,,,,,,,,,,,,,,,,,,,
2023,4,9,16,0,25,0.2,19.6,,,,,,,,,,,,,,,,,,,,,,,,,,,,,,,,,,,,
2023,4,9,17,0,27.9,-0.4,15.87,,,,,,,,,,,,,,,,,,,,,,,,,,,,,,,,,,,,
2023,4,9,18,0,29.7,-0.6,14.04,,,,,,,,,,,,,,,,,,,,,,,,,,,,,,,,,,,,
2023,4,9,19,0,31,-0.7,12.94,,,,,,,,,,,,,,,,,,,,,,,,,,,,,,,,,,,,
2023,4,9,20,0,31.8,-0.6,12.42,,,,,,,,,,,,,,,,,,,,,,,,,,,,,,,,,,,,
2023,4,9,21,0,32.2,-0.5,12.25,,,,,,,,,,,,,,,,,,,,,,,,,,,,,,,,,,,,
2023,4,9,22,0,32.2,-0.4,12.35,,,,,,,,,,,,,,,,,,,,,,,,,,,,,,,,,,,,
2023,4,9,23,0,31.7,0,13.09,,,,,,,,,,,,,,,,,,,,,,,,,,,,,,,,,,,,
2023,4,10,0,0,30,3.9,19,,,,,,,,,,,,,,,,,,,,,,,,,,,,,,,,,,,,
2023,4,10,1,0,25.4,8.8,35.05,,,,,,,,,,,,,,,,,,,,,,,,,,,,,,,,,,,,
2023,4,10,2,0,23.7,6,31.92,,,,,,,,,,,,,,,,,,,,,,,,,,,,,,,,,,,,
2023,4,10,3,0,23.8,4.5,28.6,,,,,,,,,,,,,,,,,,,,,,,,,,,,,,,,,,,,
2023,4,10,4,0,23.2,3.9,28.49,,,,,,,,,,,,,,,,,,,,,,,,,,,,,,,,,,,,
2023,4,10,5,0,21.5,4.3,32.47,,,,,,,,,,,,,,,,,,,,,,,,,,,,,,,,,,,,
2023,4,10,6,0,19.5,4.7,37.85,,,,,,,,,,,,,,,,,,,,,,,,,,,,,,,,,,,,
2023,4,10,7,0,17.9,4.9,42.42,,,,,,,,,,,,,,,,,,,,,,,,,,,,,,,,,,,,
2023,4,10,8,0,16.8,4.7,44.84,,,,,,,,,,,,,,,,,,,,,,,,,,,,,,,,,,,,
2023,4,10,9,0,16,4.4,46.22,,,,,,,,,,,,,,,,,,,,,,,,,,,,,,,,,,,,
2023,4,10,10,0,15.4,4.1,46.93,,,,,,,,,,,,,,,,,,,,,,,,,,,,,,,,,,,,
2023,4,10,11,0,15.1,3.9,46.95,,,,,,,,,,,,,,,,,,,,,,,,,,,,,,,,,,,,
2023,4,10,12,0,14.9,3.7,47,,,,,,,,,,,,,,,,,,,,,,,,,,,,,,,,,,,,
2023,4,10,13,0,15.8,3.7,44.29,,,,,,,,,,,,,,,,,,,,,,,,,,,,,,,,,,,,
2023,4,10,14,0,19.6,4,35.69,,,,,,,,,,,,,,,,,,,,,,,,,,,,,,,,,,,,
2023,4,10,15,0,23.5,4.4,28.89,,,,,,,,,,,,,,,,,,,,,,,,,,,,,,,,,,,,
2023,4,10,16,0,28.2,2.8,19.62,,,,,,,,,,,,,,,,,,,,,,,,,,,,,,,,,,,,
2023,4,10,17,0,31.3,2,15.49,,,,,,,,,,,,,,,,,,,,,,,,,,,,,,,,,,,,
2023,4,10,18,0,33.3,2,13.82,,,,,,,,,,,,,,,,,,,,,,,,,,,,,,,,,,,,
2023,4,10,19,0,34.6,1.8,12.7,,,,,,,,,,,,,,,,,,,,,,,,,,,,,,,,,,,,
2023,4,10,20,0,35.5,1.5,11.76,,,,,,,,,,,,,,,,,,,,,,,,,,,,,,,,,,,,
2023,4,10,21,0,35.9,1,11.1,,,,,,,,,,,,,,,,,,,,,,,,,,,,,,,,,,,,
2023,4,10,22,0,35.9,0.6,10.8,,,,,,,,,,,,,,,,,,,,,,,,,,,,,,,,,,,,
2023,4,10,23,0,35.4,0,10.65,,,,,,,,,,,,,,,,,,,,,,,,,,,,,,,,,,,,
2023,4,11,0,0,33.7,5.9,17.79,,,,,,,,,,,,,,,,,,,,,,,,,,,,,,,,,,,,
2023,4,11,1,0,30.1,8.9,26.65,,,,,,,,,,,,,,,,,,,,,,,,,,,,,,,,,,,,
2023,4,11,2,0,27.1,6.6,27.12,,,,,,,,,,,,,,,,,,,,,,,,,,,,,,,,,,,,
2023,4,11,3,0,25,6.4,30.35,,,,,,,,,,,,,,,,,,,,,,,,,,,,,,,,,,,,
2023,4,11,4,0,23.9,6.2,31.96,,,,,,,,,,,,,,,,,,,,,,,,,,,,,,,,,,,,
2023,4,11,5,0,23.6,5.7,31.56,,,,,,,,,,,,,,,,,,,,,,,,,,,,,,,,,,,,
2023,4,11,6,0,23.3,5.5,31.59,,,,,,,,,,,,,,,,,,,,,,,,,,,,,,,,,,,,
2023,4,11,7,0,22,5.9,35.17,,,,,,,,,,,,,,,,,,,,,,,,,,,,,,,,,,,,
2023,4,11,8,0,20,6.4,41.26,,,,,,,,,,,,,,,,,,,,,,,,,,,,,,,,,,,,
2023,4,11,9,0,18.8,6.2,43.88,,,,,,,,,,,,,,,,,,,,,,,,,,,,,,,,,,,,
2023,4,11,10,0,17.8,6,45.97,,,,,,,,,,,,,,,,,,,,,,,,,,,,,,,,,,,,
2023,4,11,11,0,17.2,5.8,47.01,,,,,,,,,,,,,,,,,,,,,,,,,,,,,,,,,,,,
2023,4,11,12,0,16.7,5.7,48.12,,,,,,,,,,,,,,,,,,,,,,,,,,,,,,,,,,,,
2023,4,11,13,0,17.4,6,47.24,,,,,,,,,,,,,,,,,,,,,,,,,,,,,,,,,,,,
2023,4,11,14,0,21.9,6.4,36.7,,,,,,,,,,,,,,,,,,,,,,,,,,,,,,,,,,,,
2023,4,11,15,0,25.6,6.2,28.86,,,,,,,,,,,,,,,,,,,,,,,,,,,,,,,,,,,,
2023,4,11,16,0,29.1,6,23.19,,,,,,,,,,,,,,,,,,,,,,,,,,,,,,,,,,,,
2023,4,11,17,0,32.2,5.7,19.03,,,,,,,,,,,,,,,,,,,,,,,,,,,,,,,,,,,,
2023,4,11,18,0,34.3,5.3,16.46,,,,,,,,,,,,,,,,,,,,,,,,,,,,,,,,,,,,
2023,4,11,19,0,35.7,4.8,14.71,,,,,,,,,,,,,,,,,,,,,,,,,,,,,,,,,,,,
2023,4,11,20,0,36.5,4.1,13.39,,,,,,,,,,,,,,,,,,,,,,,,,,,,,,,,,,,,
2023,4,11,21,0,36.7,3.1,12.38,,,,,,,,,,,,,,,,,,,,,,,,,,,,,,,,,,,,
2023,4,11,22,0,36.4,2,11.64,,,,,,,,,,,,,,,,,,,,,,,,,,,,,,,,,,,,
2023,4,11,23,0,35.5,1.4,11.71,,,,,,,,,,,,,,,,,,,,,,,,,,,,,,,,,,,,
2023,4,12,0,0,33.1,6,18.5,,,,,,,,,,,,,,,,,,,,,,,,,,,,,,,,,,,,
2023,4,12,1,0,27.7,10.2,33.42,,,,,,,,,,,,,,,,,,,,,,,,,,,,,,,,,,,,
2023,4,12,2,0,25,7.9,33.59,,,,,,,,,,,,,,,,,,,,,,,,,,,,,,,,,,,,
2023,4,12,3,0,23.8,6.9,33.78,,,,,,,,,,,,,,,,,,,,,,,,,,,,,,,,,,,,
2023,4,12,4,0,22.6,6.2,34.71,,,,,,,,,,,,,,,,,,,,,,,,,,,,,,,,,,,,
2023,4,12,5,0,21.4,5.7,35.99,,,,,,,,,,,,,,,,,,,,,,,,,,,,,,,,,,,,
2023,4,12,6,0,20.5,5.2,36.75,,,,,,,,,,,,,,,,,,,,,,,,,,,,,,,,,,,,
2023,4,12,7,0,20.2,4.6,35.76,,,,,,,,,,,,,,,,,,,,,,,,,,,,,,,,,,,,
2023,4,12,8,0,20.2,3.7,33.68,,,,,,,,,,,,,,,,,,,,,,,,,,,,,,,,,,,,
2023,4,12,9,0,20,3,32.45,,,,,,,,,,,,,,,,,,,,,,,,,,,,,,,,,,,,
2023,4,12,10,0,18.6,3.3,36.08,,,,,,,,,,,,,,,,,,,,,,,,,,,,,,,,,,,,
2023,4,12,11,0,17,3.5,40.69,,,,,,,,,,,,,,,,,,,,,,,,,,,,,,,,,,,,
2023,4,12,12,0,15.9,3.7,44.26,,,,,,,,,,,,,,,,,,,,,,,,,,,,,,,,,,,,
2023,4,12,13,0,16.3,4.9,46.72,,,,,,,,,,,,,,,,,,,,,,,,,,,,,,,,,,,,
2023,4,12,14,0,20.8,5.7,37.24,,,,,,,,,,,,,,,,,,,,,,,,,,,,,,,,,,,,
2023,4,12,15,0,24.3,2.1,23.51,,,,,,,,,,,,,,,,,,,,,,,,,,,,,,,,,,,,
2023,4,12,16,0,27.7,0.8,17.52,,,,,,,,,,,,,,,,,,,,,,,,,,,,,,,,,,,,
2023,4,12,17,0,30.4,0.1,14.24,,,,,,,,,,,,,,,,,,,,,,,,,,,,,,,,,,,,
2023,4,12,18,0,31.9,-0.1,12.85,,,,,,,,,,,,,,,,,,,,,,,,,,,,,,,,,,,,
2023,4,12,19,0,32.6,-0.4,12.11,,,,,,,,,,,,,,,,,,,,,,,,,,,,,,,,,,,,
2023,4,12,20,0,32.3,-0.9,11.81,,,,,,,,,,,,,,,,,,,,,,,,,,,,,,,,,,,,
2023,4,12,21,0,31.8,-1.6,11.57,,,,,,,,,,,,,,,,,,,,,,,,,,,,,,,,,,,,
2023,4,12,22,0,31.9,-2.3,10.95,,,,,,,,,,,,,,,,,,,,,,,,,,,,,,,,,,,,
2023,4,12,23,0,31.5,-2.9,10.67,,,,,,,,,,,,,,,,,,,,,,,,,,,,,,,,,,,,
2023,4,13,0,0,28.8,3.6,20.05,,,,,,,,,,,,,,,,,,,,,,,,,,,,,,,,,,,,
2023,4,13,1,0,25,7.2,32.04,,,,,,,,,,,,,,,,,,,,,,,,,,,,,,,,,,,,
2023,4,13,2,0,22.7,6,33.9,,,,,,,,,,,,,,,,,,,,,,,,,,,,,,,,,,,,
2023,4,13,3,0,21.1,5,34.81,,,,,,,,,,,,,,,,,,,,,,,,,,,,,,,,,,,,
2023,4,13,4,0,20.2,4.3,35.05,,,,,,,,,,,,,,,,,,,,,,,,,,,,,,,,,,,,
2023,4,13,5,0,19.4,4.5,37.35,,,,,,,,,,,,,,,,,,,,,,,,,,,,,,,,,,,,
2023,4,13,6,0,18.6,5.1,41.09,,,,,,,,,,,,,,,,,,,,,,,,,,,,,,,,,,,,
2023,4,13,7,0,17.6,5.4,44.56,,,,,,,,,,,,,,,,,,,,,,,,,,,,,,,,,,,,
2023,4,13,8,0,16.7,5.4,47.29,,,,,,,,,,,,,,,,,,,,,,,,,,,,,,,,,,,,
2023,4,13,9,0,16,5.5,49.74,,,,,,,,,,,,,,,,,,,,,,,,,,,,,,,,,,,,
2023,4,13,10,0,15.6,5.3,50.43,,,,,,,,,,,,,,,,,,,,,,,,,,,,,,,,,,,,
2023,4,13,11,0,15.3,5.7,52.79,,,,,,,,,,,,,,,,,,,,,,,,,,,,,,,,,,,,
2023,4,13,12,0,15,6.1,55.19,,,,,,,,,,,,,,,,,,,,,,,,,,,,,,,,,,,,
2023,4,13,13,0,15.5,6.8,56.3,,,,,,,,,,,,,,,,,,,,,,,,,,,,,,,,,,,,
2023,4,13,14,0,18.6,6.3,44.69,,,,,,,,,,,,,,,,,,,,,,,,,,,,,,,,,,,,
2023,4,13,15,0,21.3,6,36.99,,,,,,,,,,,,,,,,,,,,,,,,,,,,,,,,,,,,
2023,4,13,16,0,23.8,5.4,30.37,,,,,,,,,,,,,,,,,,,,,,,,,,,,,,,,,,,,
2023,4,13,17,0,25.4,4.8,26.63,,,,,,,,,,,,,,,,,,,,,,,,,,,,,,,,,,,,
2023,4,13,18,0,26.5,4.4,24.22,,,,,,,,,,,,,,,,,,,,,,,,,,,,,,,,,,,,
2023,4,13,19,0,26.9,4,22.9,,,,,,,,,,,,,,,,,,,,,,,,,,,,,,,,,,,,
2023,4,13,20,0,26.9,3.5,22.2,,,,,,,,,,,,,,,,,,,,,,,,,,,,,,,,,,,,
2023,4,13,21,0,26.6,3.1,21.97,,,,,,,,,,,,,,,,,,,,,,,,,,,,,,,,,,,,
2023,4,13,22,0,26.2,2.8,21.97,,,,,,,,,,,,,,,,,,,,,,,,,,,,,,,,,,,,
2023,4,13,23,0,25.7,2.3,21.8,,,,,,,,,,,,,,,,,,,,,,,,,,,,,,,,,,,,
2023,4,14,0,0,24.7,1.9,22.48,,,,,,,,,,,,,,,,,,,,,,,,,,,,,,,,,,,,
2023,4,14,1,0,21.5,4.6,33.06,,,,,,,,,,,,,,,,,,,,,,,,,,,,,,,,,,,,
2023,4,14,2,0,18.4,4.5,39.93,,,,,,,,,,,,,,,,,,,,,,,,,,,,,,,,,,,,
2023,4,14,3,0,17,3.5,40.66,,,,,,,,,,,,,,,,,,,,,,,,,,,,,,,,,,,,
2023,4,14,4,0,16,2.6,40.62,,,,,,,,,,,,,,,,,,,,,,,,,,,,,,,,,,,,
2023,4,14,5,0,15,2.2,42.18,,,,,,,,,,,,,,,,,,,,,,,,,,,,,,,,,,,,
2023,4,14,6,0,13.8,2.8,47.28,,,,,,,,,,,,,,,,,,,,,,,,,,,,,,,,,,,,
2023,4,14,7,0,13,3.4,51.97,,,,,,,,,,,,,,,,,,,,,,,,,,,,,,,,,,,,
2023,4,14,8,0,12.3,3.6,55.37,,,,,,,,,,,,,,,,,,,,,,,,,,,,,,,,,,,,
2023,4,14,9,0,11.7,3.7,58.03,,,,,,,,,,,,,,,,,,,,,,,,,,,,,,,,,,,,
2023,4,14,10,0,11.3,3.8,59.97,,,,,,,,,,,,,,,,,,,,,,,,,,,,,,,,,,,,
2023,4,14,11,0,10.9,3.9,62.05,,,,,,,,,,,,,,,,,,,,,,,,,,,,,,,,,,,,
2023,4,14,12,0,10.5,4.1,64.58,,,,,,,,,,,,,,,,,,,,,,,,,,,,,,,,,,,,
2023,4,14,13,0,11.2,5,65.75,,,,,,,,,,,,,,,,,,,,,,,,,,,,,,,,,,,,
2023,4,14,14,0,14.9,5.1,51.93,,,,,,,,,,,,,,,,,,,,,,,,,,,,,,,,,,,,
2023,4,14,15,0,17.7,4.7,42.1,,,,,,,,,,,,,,,,,,,,,,,,,,,,,,,,,,,,
2023,4,14,16,0,20,3.6,33.93,,,,,,,,,,,,,,,,,,,,,,,,,,,,,,,,,,,,
2023,4,14,17,0,21.8,3.3,29.69,,,,,,,,,,,,,,,,,,,,,,,,,,,,,,,,,,,,
2023,4,14,18,0,23.3,3,26.44,,,,,,,,,,,,,,,,,,,,,,,,,,,,,,,,,,,,
2023,4,14,19,0,24.4,2.3,23.67,,,,,,,,,,,,,,,,,,,,,,,,,,,,,,,,,,,,
2023,4,14,20,0,25.2,1.7,21.51,,,,,,,,,,,,,,,,,,,,,,,,,,,,,,,,,,,,
2023,4,14,21,0,25.5,1.1,20.32,,,,,,,,,,,,,,,,,,,,,,,,,,,,,,,,,,,,
2023,4,14,22,0,25.4,0.6,19.74,,,,,,,,,,,,,,,,,,,,,,,,,,,,,,,,,,,,
2023,4,14,23,0,24.7,0.2,20.01,,,,,,,,,,,,,,,,,,,,,,,,,,,,,,,,,,,,
2023,4,15,0,0,23.6,0.1,21.15,,,,,,,,,,,,,,,,,,,,,,,,,,,,,,,,,,,,
2023,4,15,1,0,20,4.6,36.3,,,,,,,,,,,,,,,,,,,,,,,,,,,,,,,,,,,,
2023,4,15,2,0,17.2,4.6,43.37,,,,,,,,,,,,,,,,,,,,,,,,,,,,,,,,,,,,
2023,4,15,3,0,16.6,4,43.06,,,,,,,,,,,,,,,,,,,,,,,,,,,,,,,,,,,,
2023,4,15,4,0,16.2,3.4,42.25,,,,,,,,,,,,,,,,,,,,,,,,,,,,,,,,,,,,
2023,4,15,5,0,15.9,2.7,41.26,,,,,,,,,,,,,,,,,,,,,,,,,,,,,,,,,,,,
2023,4,15,6,0,15.7,2.2,40.1,,,,,,,,,,,,,,,,,,,,,,,,,,,,,,,,,,,,
2023,4,15,7,0,15.5,1.7,39.3,,,,,,,,,,,,,,,,,,,,,,,,,,,,,,,,,,,,
2023,4,15,8,0,15.2,1.5,39.37,,,,,,,,,,,,,,,,,,,,,,,,,,,,,,,,,,,,
2023,4,15,9,0,14.8,1.4,40.22,,,,,,,,,,,,,,,,,,,,,,,,,,,,,,,,,,,,
2023,4,15,10,0,14.1,1.4,42.18,,,,,,,,,,,,,,,,,,,,,,,,,,,,,,,,,,,,
2023,4,15,11,0,13.4,1.2,43.54,,,,,,,,,,,,,,,,,,,,,,,,,,,,,,,,,,,,
2023,4,15,12,0,12.6,1.1,45.45,,,,,,,,,,,,,,,,,,,,,,,,,,,,,,,,,,,,
2023,4,15,13,0,12.7,2,48.22,,,,,,,,,,,,,,,,,,,,,,,,,,,,,,,,,,,,
2023,4,15,14,0,16,1.6,37.92,,,,,,,,,,,,,,,,,,,,,,,,,,,,,,,,,,,,
2023,4,15,15,0,19.9,1.2,28.8,,,,,,,,,,,,,,,,,,,,,,,,,,,,,,,,,,,,
2023,4,15,16,0,23.2,0.3,21.93,,,,,,,,,,,,,,,,,,,,,,,,,,,,,,,,,,,,
2023,4,15,17,0,25.5,-0.3,18.36,,,,,,,,,,,,,,,,,,,,,,,,,,,,,,,,,,,,
2023,4,15,18,0,27.2,-0.6,16.2,,,,,,,,,,,,,,,,,,,,,,,,,,,,,,,,,,,,
2023,4,15,19,0,28.4,-1,14.73,,,,,,,,,,,,,,,,,,,,,,,,,,,,,,,,,,,,
2023,4,15,20,0,29.3,-1.4,13.6,,,,,,,,,,,,,,,,,,,,,,,,,,,,,,,,,,,,
2023,4,15,21,0,29.8,-1.6,12.96,,,,,,,,,,,,,,,,,,,,,,,,,,,,,,,,,,,,
2023,4,15,22,0,29.7,-1.9,12.77,,,,,,,,,,,,,,,,,,,,,,,,,,,,,,,,,,,,
2023,4,15,23,0,29.1,-2,13.12,,,,,,,,,,,,,,,,,,,,,,,,,,,,,,,,,,,,
2023,4,16,0,0,27.8,-0.7,15.57,,,,,,,,,,,,,,,,,,,,,,,,,,,,,,,,,,,,
2023,4,16,1,0,23.7,6.5,32.99,,,,,,,,,,,,,,,,,,,,,,,,,,,,,,,,,,,,
2023,4,16,2,0,21.3,4.7,33.66,,,,,,,,,,,,,,,,,,,,,,,,,,,,,,,,,,,,
2023,4,16,3,0,20.8,3.6,32.15,,,,,,,,,,,,,,,,,,,,,,,,,,,,,,,,,,,,
2023,4,16,4,0,20,3.1,32.61,,,,,,,,,,,,,,,,,,,,,,,,,,,,,,,,,,,,
2023,4,16,5,0,18.7,3,35.26,,,,,,,,,,,,,,,,,,,,,,,,,,,,,,,,,,,,
2023,4,16,6,0,17.3,3,38.36,,,,,,,,,,,,,,,,,,,,,,,,,,,,,,,,,,,,
2023,4,16,7,0,16.3,2.6,39.77,,,,,,,,,,,,,,,,,,,,,,,,,,,,,,,,,,,,
2023,4,16,8,0,15.5,2.1,40.37,,,,,,,,,,,,,,,,,,,,,,,,,,,,,,,,,,,,
2023,4,16,9,0,14.8,1.3,39.87,,,,,,,,,,,,,,,,,,,,,,,,,,,,,,,,,,,,
2023,4,16,10,0,14.2,0.4,38.83,,,,,,,,,,,,,,,,,,,,,,,,,,,,,,,,,,,,
2023,4,16,11,0,13.4,0.2,40.48,,,,,,,,,,,,,,,,,,,,,,,,,,,,,,,,,,,,
2023,4,16,12,0,12.8,0.5,42.85,,,,,,,,,,,,,,,,,,,,,,,,,,,,,,,,,,,,
2023,4,16,13,0,13.9,1.6,43.16,,,,,,,,,,,,,,,,,,,,,,,,,,,,,,,,,,,,
2023,4,16,14,0,19.1,1.2,30.19,,,,,,,,,,,,,,,,,,,,,,,,,,,,,,,,,,,,
2023,4,16,15,0,22.9,-1,20.45,,,,,,,,,,,,,,,,,,,,,,,,,,,,,,,,,,,,
2023,4,16,16,0,26.7,-2,15.11,,,,,,,,,,,,,,,,,,,,,,,,,,,,,,,,,,,,
2023,4,16,17,0,29.2,-1.9,13.15,,,,,,,,,,,,,,,,,,,,,,,,,,,,,,,,,,,,
2023,4,16,18,0,30.7,-1.6,12.29,,,,,,,,,,,,,,,,,,,,,,,,,,,,,,,,,,,,
2023,4,16,19,0,31.7,-1.5,11.74,,,,,,,,,,,,,,,,,,,,,,,,,,,,,,,,,,,,
2023,4,16,20,0,32.2,-1.5,11.37,,,,,,,,,,,,,,,,,,,,,,,,,,,,,,,,,,,,
2023,4,16,21,0,32.5,-1.7,11.05,,,,,,,,,,,,,,,,,,,,,,,,,,,,,,,,,,,,
2023,4,16,22,0,32.3,-1.9,11.04,,,,,,,,,,,,,,,,,,,,,,,,,,,,,,,,,,,,
2023,4,16,23,0,31.6,-1.8,11.53,,,,,,,,,,,,,,,,,,,,,,,,,,,,,,,,,,,,
2023,4,17,0,0,30.3,0.1,14.28,,,,,,,,,,,,,,,,,,,,,,,,,,,,,,,,,,,,
2023,4,17,1,0,26.8,6.8,28.15,,,,,,,,,,,,,,,,,,,,,,,,,,,,,,,,,,,,
2023,4,17,2,0,25,3.9,25.6,,,,,,,,,,,,,,,,,,,,,,,,,,,,,,,,,,,,
2023,4,17,3,0,24.3,3.2,25.37,,,,,,,,,,,,,,,,,,,,,,,,,,,,,,,,,,,,
2023,4,17,4,0,23.7,2.6,25.1,,,,,,,,,,,,,,,,,,,,,,,,,,,,,,,,,,,,
2023,4,17,5,0,23.3,2.3,25.21,,,,,,,,,,,,,,,,,,,,,,,,,,,,,,,,,,,,
2023,4,17,6,0,22.6,2,25.84,,,,,,,,,,,,,,,,,,,,,,,,,,,,,,,,,,,,
2023,4,17,7,0,21.5,1.7,27.01,,,,,,,,,,,,,,,,,,,,,,,,,,,,,,,,,,,,
2023,4,17,8,0,20.4,1.5,28.42,,,,,,,,,,,,,,,,,,,,,,,,,,,,,,,,,,,,
2023,4,17,9,0,19.6,1.3,29.56,,,,,,,,,,,,,,,,,,,,,,,,,,,,,,,,,,,,
2023,4,17,10,0,18.5,1.4,31.81,,,,,,,,,,,,,,,,,,,,,,,,,,,,,,,,,,,,
2023,4,17,11,0,17.6,1.4,33.68,,,,,,,,,,,,,,,,,,,,,,,,,,,,,,,,,,,,
2023,4,17,12,0,16.5,1.6,36.62,,,,,,,,,,,,,,,,,,,,,,,,,,,,,,,,,,,,
2023,4,17,13,0,16.2,3.4,42.34,,,,,,,,,,,,,,,,,,,,,,,,,,,,,,,,,,,,
2023,4,17,14,0,19.7,3.7,34.66,,,,,,,,,,,,,,,,,,,,,,,,,,,,,,,,,,,,
2023,4,17,15,0,22.8,1.4,24.36,,,,,,,,,,,,,,,,,,,,,,,,,,,,,,,,,,,,
2023,4,17,16,0,26,1.3,19.98,,,,,,,,,,,,,,,,,,,,,,,,,,,,,,,,,,,,
2023,4,17,17,0,28.9,0.8,16.27,,,,,,,,,,,,,,,,,,,,,,,,,,,,,,,,,,,,
2023,4,17,18,0,30.4,0.7,14.82,,,,,,,,,,,,,,,,,,,,,,,,,,,,,,,,,,,,
2023,4,17,19,0,31.4,0.4,13.66,,,,,,,,,,,,,,,,,,,,,,,,,,,,,,,,,,,,
2023,4,17,20,0,32,-0.3,12.62,,,,,,,,,,,,,,,,,,,,,,,,,,,,,,,,,,,,
2023,4,17,21,0,32.3,-0.8,11.9,,,,,,,,,,,,,,,,,,,,,,,,,,,,,,,,,,,,
2023,4,17,22,0,32.2,-1.2,11.62,,,,,,,,,,,,,,,,,,,,,,,,,,,,,,,,,,,,
2023,4,17,23,0,31.5,-1.7,11.73,,,,,,,,,,,,,,,,,,,,,,,,,,,,,,,,,,,,
2023,4,18,0,0,30,-0.2,14.18,,,,,,,,,,,,,,,,,,,,,,,,,,,,,,,,,,,,
2023,4,18,1,0,25.3,7,31.12,,,,,,,,,,,,,,,,,,,,,,,,,,,,,,,,,,,,
2023,4,18,2,0,22.4,5.1,32.56,,,,,,,,,,,,,,,,,,,,,,,,,,,,,,,,,,,,
2023,4,18,3,0,21,4.5,34.02,,,,,,,,,,,,,,,,,,,,,,,,,,,,,,,,,,,,
2023,4,18,4,0,19.6,3.9,35.49,,,,,,,,,,,,,,,,,,,,,,,,,,,,,,,,,,,,
2023,4,18,5,0,18.4,3.3,36.53,,,,,,,,,,,,,,,,,,,,,,,,,,,,,,,,,,,,
2023,4,18,6,0,17.3,2.9,38.29,,,,,,,,,,,,,,,,,,,,,,,,,,,,,,,,,,,,
2023,4,18,7,0,16,3.3,42.5,,,,,,,,,,,,,,,,,,,,,,,,,,,,,,,,,,,,
2023,4,18,8,0,14.9,3.8,47.23,,,,,,,,,,,,,,,,,,,,,,,,,,,,,,,,,,,,
2023,4,18,9,0,14,4.1,51.48,,,,,,,,,,,,,,,,,,,,,,,,,,,,,,,,,,,,
2023,4,18,10,0,13.9,4.2,51.85,,,,,,,,,,,,,,,,,,,,,,,,,,,,,,,,,,,,
2023,4,18,11,0,13.2,4.1,53.92,,,,,,,,,,,,,,,,,,,,,,,,,,,,,,,,,,,,
2023,4,18,12,0,12.5,3.9,55.73,,,,,,,,,,,,,,,,,,,,,,,,,,,,,,,,,,,,
2023,4,18,13,0,13.8,4.2,52.43,,,,,,,,,,,,,,,,,,,,,,,,,,,,,,,,,,,,
2023,4,18,14,0,18.2,3.7,38.07,,,,,,,,,,,,,,,,,,,,,,,,,,,,,,,,,,,,
2023,4,18,15,0,21.2,5,34.75,,,,,,,,,,,,,,,,,,,,,,,,,,,,,,,,,,,,
2023,4,18,16,0,23.6,5,30.06,,,,,,,,,,,,,,,,,,,,,,,,,,,,,,,,,,,,
2023,4,18,17,0,25.6,4.2,25.1,,,,,,,,,,,,,,,,,,,,,,,,,,,,,,,,,,,,
2023,4,18,18,0,27.3,3.2,21.13,,,,,,,,,,,,,,,,,,,,,,,,,,,,,,,,,,,,
2023,4,18,19,0,28.6,2.1,18.22,,,,,,,,,,,,,,,,,,,,,,,,,,,,,,,,,,,,
2023,4,18,20,0,29.5,1.4,16.37,,,,,,,,,,,,,,,,,,,,,,,,,,,,,,,,,,,,
2023,4,18,21,0,29.9,0.8,15.37,,,,,,,,,,,,,,,,,,,,,,,,,,,,,,,,,,,,
2023,4,18,22,0,29.7,0.4,15.14,,,,,,,,,,,,,,,,,,,,,,,,,,,,,,,,,,,,
2023,4,18,23,0,29,0,15.3,,,,,,,,,,,,,,,,,,,,,,,,,,,,,,,,,,,,
2023,4,19,0,0,27.6,0.1,16.67,,,,,,,,,,,,,,,,,,,,,,,,,,,,,,,,,,,,
2023,4,19,1,0,23.5,4.6,29.27,,,,,,,,,,,,,,,,,,,,,,,,,,,,,,,,,,,,
2023,4,19,2,0,20.4,4,34.09,,,,,,,,,,,,,,,,,,,,,,,,,,,,,,,,,,,,
2023,4,19,3,0,19.1,2.8,33.8,,,,,,,,,,,,,,,,,,,,,,,,,,,,,,,,,,,,
2023,4,19,4,0,17.7,2.1,35.12,,,,,,,,,,,,,,,,,,,,,,,,,,,,,,,,,,,,
2023,4,19,5,0,17,2,36.43,,,,,,,,,,,,,,,,,,,,,,,,,,,,,,,,,,,,
2023,4,19,6,0,16.3,2.4,39.22,,,,,,,,,,,,,,,,,,,,,,,,,,,,,,,,,,,,
2023,4,19,7,0,15.8,3.2,42.8,,,,,,,,,,,,,,,,,,,,,,,,,,,,,,,,,,,,
2023,4,19,8,0,15.3,3.6,45.57,,,,,,,,,,,,,,,,,,,,,,,,,,,,,,,,,,,,
2023,4,19,9,0,14.7,3.7,47.8,,,,,,,,,,,,,,,,,,,,,,,,,,,,,,,,,,,,
2023,4,19,10,0,14.3,3.8,49.22,,,,,,,,,,,,,,,,,,,,,,,,,,,,,,,,,,,,
2023,4,19,11,0,13.8,3.9,51.35,,,,,,,,,,,,,,,,,,,,,,,,,,,,,,,,,,,,
2023,4,19,12,0,13,4,54.43,,,,,,,,,,,,,,,,,,,,,,,,,,,,,,,,,,,,
2023,4,19,13,0,13.4,4.4,54.56,,,,,,,,,,,,,,,,,,,,,,,,,,,,,,,,,,,,
2023,4,19,14,0,17.1,3.7,40.77,,,,,,,,,,,,,,,,,,,,,,,,,,,,,,,,,,,,
2023,4,19,15,0,20.4,2.3,30.13,,,,,,,,,,,,,,,,,,,,,,,,,,,,,,,,,,,,
2023,4,19,16,0,22.5,-0.3,22.01,,,,,,,,,,,,,,,,,,,,,,,,,,,,,,,,,,,,
2023,4,19,17,0,24,-2.9,16.6,,,,,,,,,,,,,,,,,,,,,,,,,,,,,,,,,,,,
2023,4,19,18,0,25.3,-5,13.11,,,,,,,,,,,,,,,,,,,,,,,,,,,,,,,,,,,,
2023,4,19,19,0,26.2,-6.4,11.13,,,,,,,,,,,,,,,,,,,,,,,,,,,,,,,,,,,,
2023,4,19,20,0,26.8,-7.2,10.12,,,,,,,,,,,,,,,,,,,,,,,,,,,,,,,,,,,,
2023,4,19,21,0,26.7,-7.6,9.92,,,,,,,,,,,,,,,,,,,,,,,,,,,,,,,,,,,,
2023,4,19,22,0,26.2,-7.8,10,,,,,,,,,,,,,,,,,,,,,,,,,,,,,,,,,,,,
2023,4,19,23,0,25.5,-8.2,10.13,,,,,,,,,,,,,,,,,,,,,,,,,,,,,,,,,,,,
2023,4,20,0,0,24.2,-7.4,11.68,,,,,,,,,,,,,,,,,,,,,,,,,,,,,,,,,,,,
2023,4,20,1,0,20.8,-0.3,24.4,,,,,,,,,,,,,,,,,,,,,,,,,,,,,,,,,,,,
2023,4,20,2,0,18.3,1,31.4,,,,,,,,,,,,,,,,,,,,,,,,,,,,,,,,,,,,
2023,4,20,3,0,17.5,1,32.9,,,,,,,,,,,,,,,,,,,,,,,,,,,,,,,,,,,,
2023,4,20,4,0,16.8,1.2,34.82,,,,,,,,,,,,,,,,,,,,,,,,,,,,,,,,,,,,
2023,4,20,5,0,16,1.5,37.42,,,,,,,,,,,,,,,,,,,,,,,,,,,,,,,,,,,,
2023,4,20,6,0,15.4,1.7,39.46,,,,,,,,,,,,,,,,,,,,,,,,,,,,,,,,,,,,
2023,4,20,7,0,14.7,1.9,41.9,,,,,,,,,,,,,,,,,,,,,,,,,,,,,,,,,,,,
2023,4,20,8,0,13.9,1.7,43.47,,,,,,,,,,,,,,,,,,,,,,,,,,,,,,,,,,,,
2023,4,20,9,0,13.2,0.8,42.66,,,,,,,,,,,,,,,,,,,,,,,,,,,,,,,,,,,,
2023,4,20,10,0,12.6,-0.1,41.77,,,,,,,,,,,,,,,,,,,,,,,,,,,,,,,,,,,,
2023,4,20,11,0,12.1,-0.6,41.36,,,,,,,,,,,,,,,,,,,,,,,,,,,,,,,,,,,,
2023,4,20,12,0,11.4,-0.9,42.51,,,,,,,,,,,,,,,,,,,,,,,,,,,,,,,,,,,,
2023,4,20,13,0,11.6,-0.6,42.77,,,,,,,,,,,,,,,,,,,,,,,,,,,,,,,,,,,,
2023,4,20,14,0,14.8,-1.4,32.84,,,,,,,,,,,,,,,,,,,,,,,,,,,,,,,,,,,,
2023,4,20,15,0,19.6,-4.3,19.58,,,,,,,,,,,,,,,,,,,,,,,,,,,,,,,,,,,,
2023,4,20,16,0,23.3,-6.4,13.25,,,,,,,,,,,,,,,,,,,,,,,,,,,,,,,,,,,,
2023,4,20,17,0,25.5,-6.9,11.17,,,,,,,,,,,,,,,,,,,,,,,,,,,,,,,,,,,,
2023,4,20,18,0,27.2,-7.3,9.83,,,,,,,,,,,,,,,,,,,,,,,,,,,,,,,,,,,,
2023,4,20,19,0,28.4,-7.1,9.28,,,,,,,,,,,,,,,,,,,,,,,,,,,,,,,,,,,,
2023,4,20,20,0,29.3,-7.1,8.84,,,,,,,,,,,,,,,,,,,,,,,,,,,,,,,,,,,,
2023,4,20,21,0,29.7,-7.1,8.64,,,,,,,,,,,,,,,,,,,,,,,,,,,,,,,,,,,,
2023,4,20,22,0,29.8,-7,8.67,,,,,,,,,,,,,,,,,,,,,,,,,,,,,,,,,,,,
2023,4,20,23,0,29.4,-6.8,8.96,,,,,,,,,,,,,,,,,,,,,,,,,,,,,,,,,,,,
2023,4,21,0,0,28.2,-5.8,10.4,,,,,,,,,,,,,,,,,,,,,,,,,,,,,,,,,,,,
2023,4,21,1,0,23.4,3.1,26.55,,,,,,,,,,,,,,,,,,,,,,,,,,,,,,,,,,,,
2023,4,21,2,0,19.7,1.9,30.59,,,,,,,,,,,,,,,,,,,,,,,,,,,,,,,,,,,,
2023,4,21,3,0,18.5,1.1,31.21,,,,,,,,,,,,,,,,,,,,,,,,,,,,,,,,,,,,
2023,4,21,4,0,17.5,0.7,32.14,,,,,,,,,,,,,,,,,,,,,,,,,,,,,,,,,,,,
2023,4,21,5,0,16.5,0.6,33.94,,,,,,,,,,,,,,,,,,,,,,,,,,,,,,,,,,,,
2023,4,21,6,0,15.7,0.6,35.78,,,,,,,,,,,,,,,,,,,,,,,,,,,,,,,,,,,,
2023,4,21,7,0,15.3,0.3,36,,,,,,,,,,,,,,,,,,,,,,,,,,,,,,,,,,,,
2023,4,21,8,0,14.8,0.2,36.96,,,,,,,,,,,,,,,,,,,,,,,,,,,,,,,,,,,,
2023,4,21,9,0,13.9,0.3,39.46,,,,,,,,,,,,,,,,,,,,,,,,,,,,,,,,,,,,
2023,4,21,10,0,13.4,0.1,40.14,,,,,,,,,,,,,,,,,,,,,,,,,,,,,,,,,,,,
2023,4,21,11,0,13,-0.5,39.35,,,,,,,,,,,,,,,,,,,,,,,,,,,,,,,,,,,,
2023,4,21,12,0,12.6,-1.3,38.22,,,,,,,,,,,,,,,,,,,,,,,,,,,,,,,,,,,,
2023,4,21,13,0,13.4,-1.7,35.28,,,,,,,,,,,,,,,,,,,,,,,,,,,,,,,,,,,,
2023,4,21,14,0,16.7,-1.7,28.52,,,,,,,,,,,,,,,,,,,,,,,,,,,,,,,,,,,,
2023,4,21,15,0,21.2,-1.6,21.56,,,,,,,,,,,,,,,,,,,,,,,,,,,,,,,,,,,,
2023,4,21,16,0,26.2,-5.5,11.98,,,,,,,,,,,,,,,,,,,,,,,,,,,,,,,,,,,,
2023,4,21,17,0,28.6,-6.6,9.59,,,,,,,,,,,,,,,,,,,,,,,,,,,,,,,,,,,,
2023,4,21,18,0,30.2,-6.5,8.8,,,,,,,,,,,,,,,,,,,,,,,,,,,,,,,,,,,,
2023,4,21,19,0,31.2,-5.9,8.67,,,,,,,,,,,,,,,,,,,,,,,,,,,,,,,,,,,,
2023,4,21,20,0,31.9,-5.4,8.67,,,,,,,,,,,,,,,,,,,,,,,,,,,,,,,,,,,,
2023,4,21,21,0,32.2,-4.9,8.85,,,,,,,,,,,,,,,,,,,,,,,,,,,,,,,,,,,,
2023,4,21,22,0,32.2,-4.4,9.19,,,,,,,,,,,,,,,,,,,,,,,,,,,,,,,,,,,,
2023,4,21,23,0,31.6,-4,9.79,,,,,,,,,,,,,,,,,,,,,,,,,,,,,,,,,,,,
2023,4,22,0,0,30.4,-2.8,11.44,,,,,,,,,,,,,,,,,,,,,,,,,,,,,,,,,,,,
2023,4,22,1,0,25.7,5.4,27.26,,,,,,,,,,,,,,,,,,,,,,,,,,,,,,,,,,,,
2023,4,22,2,0,22.3,4.2,30.64,,,,,,,,,,,,,,,,,,,,,,,,,,,,,,,,,,,,
2023,4,22,3,0,21.1,3.7,31.85,,,,,,,,,,,,,,,,,,,,,,,,,,,,,,,,,,,,
2023,4,22,4,0,20.2,3.6,33.4,,,,,,,,,,,,,,,,,,,,,,,,,,,,,,,,,,,,
2023,4,22,5,0,19.4,3.7,35.31,,,,,,,,,,,,,,,,,,,,,,,,,,,,,,,,,,,,
2023,4,22,6,0,18.8,3.9,37.16,,,,,,,,,,,,,,,,,,,,,,,,,,,,,,,,,,,,
2023,4,22,7,0,18.1,4,39.26,,,,,,,,,,,,,,,,,,,,,,,,,,,,,,,,,,,,
2023,4,22,8,0,17.7,3.9,40.06,,,,,,,,,,,,,,,,,,,,,,,,,,,,,,,,,,,,
2023,4,22,9,0,17,3.9,41.77,,,,,,,,,,,,,,,,,,,,,,,,,,,,,,,,,,,,
2023,4,22,10,0,16.5,3.8,42.92,,,,,,,,,,,,,,,,,,,,,,,,,,,,,,,,,,,,
2023,4,22,11,0,16.4,3.7,42.81,,,,,,,,,,,,,,,,,,,,,,,,,,,,,,,,,,,,
2023,4,22,12,0,16,3.9,44.51,,,,,,,,,,,,,,,,,,,,,,,,,,,,,,,,,,,,
2023,4,22,13,0,16.8,4.8,44.92,,,,,,,,,,,,,,,,,,,,,,,,,,,,,,,,,,,,
2023,4,22,14,0,19.8,5,37.93,,,,,,,,,,,,,,,,,,,,,,,,,,,,,,,,,,,,
2023,4,22,15,0,24.2,4.8,28.49,,,,,,,,,,,,,,,,,,,,,,,,,,,,,,,,,,,,
2023,4,22,16,0,28.1,4.2,21.67,,,,,,,,,,,,,,,,,,,,,,,,,,,,,,,,,,,,
2023,4,22,17,0,30.3,3.8,18.65,,,,,,,,,,,,,,,,,,,,,,,,,,,,,,,,,,,,
2023,4,22,18,0,31.9,3.5,16.63,,,,,,,,,,,,,,,,,,,,,,,,,,,,,,,,,,,,
2023,4,22,19,0,32.9,3.4,15.55,,,,,,,,,,,,,,,,,,,,,,,,,,,,,,,,,,,,
2023,4,22,20,0,33.4,3.2,14.95,,,,,,,,,,,,,,,,,,,,,,,,,,,,,,,,,,,,
2023,4,22,21,0,33.7,3.2,14.68,,,,,,,,,,,,,,,,,,,,,,,,,,,,,,,,,,,,
2023,4,22,22,0,33.6,3.2,14.79,,,,,,,,,,,,,,,,,,,,,,,,,,,,,,,,,,,,
2023,4,22,23,0,33.1,2.9,14.92,,,,,,,,,,,,,,,,,,,,,,,,,,,,,,,,,,,,
2023,4,23,0,0,31.8,3.3,16.49,,,,,,,,,,,,,,,,,,,,,,,,,,,,,,,,,,,,
2023,4,23,1,0,27.7,8.6,30.07,,,,,,,,,,,,,,,,,,,,,,,,,,,,,,,,,,,,
2023,4,23,2,0,24.8,8.2,34.73,,,,,,,,,,,,,,,,,,,,,,,,,,,,,,,,,,,,
2023,4,23,3,0,23.6,7.6,35.93,,,,,,,,,,,,,,,,,,,,,,,,,,,,,,,,,,,,
2023,4,23,4,0,22.3,7.2,37.83,,,,,,,,,,,,,,,,,,,,,,,,,,,,,,,,,,,,
2023,4,23,5,0,21,7,40.26,,,,,,,,,,,,,,,,,,,,,,,,,,,,,,,,,,,,
2023,4,23,6,0,20,6.9,42.5,,,,,,,,,,,,,,,,,,,,,,,,,,,,,,,,,,,,
2023,4,23,7,0,19.7,6.7,42.7,,,,,,,,,,,,,,,,,,,,,,,,,,,,,,,,,,,,
2023,4,23,8,0,19.5,6.5,42.6,,,,,,,,,,,,,,,,,,,,,,,,,,,,,,,,,,,,
2023,4,23,9,0,18.6,6.4,44.79,,,,,,,,,,,,,,,,,,,,,,,,,,,,,,,,,,,,
2023,4,23,10,0,17.7,6.3,47.15,,,,,,,,,,,,,,,,,,,,,,,,,,,,,,,,,,,,
2023,4,23,11,0,17,6.1,48.5,,,,,,,,,,,,,,,,,,,,,,,,,,,,,,,,,,,,
2023,4,23,12,0,16.6,5.8,48.76,,,,,,,,,,,,,,,,,,,,,,,,,,,,,,,,,,,,
2023,4,23,13,0,17.8,6.1,46.17,,,,,,,,,,,,,,,,,,,,,,,,,,,,,,,,,,,,
2023,4,23,14,0,21.1,5.2,35.49,,,,,,,,,,,,,,,,,,,,,,,,,,,,,,,,,,,,
2023,4,23,15,0,23.7,4.7,29.1,,,,,,,,,,,,,,,,,,,,,,,,,,,,,,,,,,,,
2023,4,23,16,0,27,3.8,22.53,,,,,,,,,,,,,,,,,,,,,,,,,,,,,,,,,,,,
2023,4,23,17,0,29.5,2.9,18.21,,,,,,,,,,,,,,,,,,,,,,,,,,,,,,,,,,,,
2023,4,23,18,0,31.3,2.6,16.15,,,,,,,,,,,,,,,,,,,,,,,,,,,,,,,,,,,,
2023,4,23,19,0,32.4,3.2,15.82,,,,,,,,,,,,,,,,,,,,,,,,,,,,,,,,,,,,
2023,4,23,20,0,33.3,3.8,15.7,,,,,,,,,,,,,,,,,,,,,,,,,,,,,,,,,,,,
2023,4,23,21,0,33.6,4.2,15.9,,,,,,,,,,,,,,,,,,,,,,,,,,,,,,,,,,,,
2023,4,23,22,0,33.5,4.6,16.38,,,,,,,,,,,,,,,,,,,,,,,,,,,,,,,,,,,,
2023,4,23,23,0,33,4.7,17.03,,,,,,,,,,,,,,,,,,,,,,,,,,,,,,,,,,,,
2023,4,24,0,0,31.9,4.9,18.36,,,,,,,,,,,,,,,,,,,,,,,,,,,,,,,,,,,,
2023,4,24,1,0,28.5,10.8,33.26,,,,,,,,,,,,,,,,,,,,,,,,,,,,,,,,,,,,
2023,4,24,2,0,26.9,8.2,30.66,,,,,,,,,,,,,,,,,,,,,,,,,,,,,,,,,,,,
2023,4,24,3,0,26.3,7,29.25,,,,,,,,,,,,,,,,,,,,,,,,,,,,,,,,,,,,
2023,4,24,4,0,24.1,6.8,32.99,,,,,,,,,,,,,,,,,,,,,,,,,,,,,,,,,,,,
2023,4,24,5,0,21.8,5.8,35.34,,,,,,,,,,,,,,,,,,,,,,,,,,,,,,,,,,,,
2023,4,24,6,0,20.6,4,33.52,,,,,,,,,,,,,,,,,,,,,,,,,,,,,,,,,,,,
2023,4,24,7,0,19.4,3.7,35.43,,,,,,,,,,,,,,,,,,,,,,,,,,,,,,,,,,,,
2023,4,24,8,0,18.4,4.2,38.89,,,,,,,,,,,,,,,,,,,,,,,,,,,,,,,,,,,,
2023,4,24,9,0,18.1,4,39.27,,,,,,,,,,,,,,,,,,,,,,,,,,,,,,,,,,,,
2023,4,24,10,0,18.8,2.4,33.54,,,,,,,,,,,,,,,,,,,,,,,,,,,,,,,,,,,,
2023,4,24,11,0,18.2,1.8,33.38,,,,,,,,,,,,,,,,,,,,,,,,,,,,,,,,,,,,
2023,4,24,12,0,16.8,2.1,37.3,,,,,,,,,,,,,,,,,,,,,,,,,,,,,,,,,,,,
2023,4,24,13,0,17.2,4.1,41.65,,,,,,,,,,,,,,,,,,,,,,,,,,,,,,,,,,,,
2023,4,24,14,0,21.3,1.7,27.28,,,,,,,,,,,,,,,,,,,,,,,,,,,,,,,,,,,,
2023,4,24,15,0,24.7,-0.3,19.21,,,,,,,,,,,,,,,,,,,,,,,,,,,,,,,,,,,,
2023,4,24,16,0,27.7,-0.4,15.98,,,,,,,,,,,,,,,,,,,,,,,,,,,,,,,,,,,,
2023,4,24,17,0,29.6,-0.2,14.57,,,,,,,,,,,,,,,,,,,,,,,,,,,,,,,,,,,,
2023,4,24,18,0,30.9,0.1,13.77,,,,,,,,,,,,,,,,,,,,,,,,,,,,,,,,,,,,
2023,4,24,19,0,31.6,0.3,13.44,,,,,,,,,,,,,,,,,,,,,,,,,,,,,,,,,,,,
2023,4,24,20,0,31.9,0.6,13.48,,,,,,,,,,,,,,,,,,,,,,,,,,,,,,,,,,,,
2023,4,24,21,0,31.7,1,14.07,,,,,,,,,,,,,,,,,,,,,,,,,,,,,,,,,,,,
2023,4,24,22,0,31.2,1.5,15,,,,,,,,,,,,,,,,,,,,,,,,,,,,,,,,,,,,
2023,4,24,23,0,31,2,15.74,,,,,,,,,,,,,,,,,,,,,,,,,,,,,,,,,,,,
2023,4,25,0,0,30.4,2.8,17.17,,,,,,,,,,,,,,,,,,,,,,,,,,,,,,,,,,,,
2023,4,25,1,0,26.5,8.7,32.46,,,,,,,,,,,,,,,,,,,,,,,,,,,,,,,,,,,,
2023,4,25,2,0,23.6,7.7,36.07,,,,,,,,,,,,,,,,,,,,,,,,,,,,,,,,,,,,
2023,4,25,3,0,22.6,7,36.57,,,,,,,,,,,,,,,,,,,,,,,,,,,,,,,,,,,,
2023,4,25,4,0,21.4,6.3,37.58,,,,,,,,,,,,,,,,,,,,,,,,,,,,,,,,,,,,
2023,4,25,5,0,20.4,5.7,38.34,,,,,,,,,,,,,,,,,,,,,,,,,,,,,,,,,,,,
2023,4,25,6,0,19.4,5.5,40.15,,,,,,,,,,,,,,,,,,,,,,,,,,,,,,,,,,,,
2023,4,25,7,0,18.4,5.5,42.76,,,,,,,,,,,,,,,,,,,,,,,,,,,,,,,,,,,,
2023,4,25,8,0,17.4,5.5,45.42,,,,,,,,,,,,,,,,,,,,,,,,,,,,,,,,,,,,
2023,4,25,9,0,16.7,5.5,47.53,,,,,,,,,,,,,,,,,,,,,,,,,,,,,,,,,,,,
2023,4,25,10,0,16.4,5.4,48.19,,,,,,,,,,,,,,,,,,,,,,,,,,,,,,,,,,,,
2023,4,25,11,0,16.2,5.3,48.48,,,,,,,,,,,,,,,,,,,,,,,,,,,,,,,,,,,,
2023,4,25,12,0,15.9,5.2,49.13,,,,,,,,,,,,,,,,,,,,,,,,,,,,,,,,,,,,
2023,4,25,13,0,16.5,6.4,51.22,,,,,,,,,,,,,,,,,,,,,,,,,,,,,,,,,,,,
2023,4,25,14,0,20.2,4.9,36.76,,,,,,,,,,,,,,,,,,,,,,,,,,,,,,,,,,,,
2023,4,25,15,0,23.6,4.4,28.76,,,,,,,,,,,,,,,,,,,,,,,,,,,,,,,,,,,,
2023,4,25,16,0,26.5,4.4,24.26,,,,,,,,,,,,,,,,,,,,,,,,,,,,,,,,,,,,
2023,4,25,17,0,28.7,4.5,21.37,,,,,,,,,,,,,,,,,,,,,,,,,,,,,,,,,,,,
2023,4,25,18,0,30.4,4.3,19.19,,,,,,,,,,,,,,,,,,,,,,,,,,,,,,,,,,,,
2023,4,25,19,0,31.6,4.1,17.68,,,,,,,,,,,,,,,,,,,,,,,,,,,,,,,,,,,,
2023,4,25,20,0,32.2,4,16.87,,,,,,,,,,,,,,,,,,,,,,,,,,,,,,,,,,,,
2023,4,25,21,0,32.5,3.8,16.44,,,,,,,,,,,,,,,,,,,,,,,,,,,,,,,,,,,,
2023,4,25,22,0,32.2,3.5,16.38,,,,,,,,,,,,,,,,,,,,,,,,,,,,,,,,,,,,
2023,4,25,23,0,31.5,3,16.41,,,,,,,,,,,,,,,,,,,,,,,,,,,,,,,,,,,,
2023,4,26,0,0,30.3,2.6,17.09,,,,,,,,,,,,,,,,,,,,,,,,,,,,,,,,,,,,
2023,4,26,1,0,26.8,5.3,25.37,,,,,,,,,,,,,,,,,,,,,,,,,,,,,,,,,,,,
2023,4,26,2,0,23,6,33.24,,,,,,,,,,,,,,,,,,,,,,,,,,,,,,,,,,,,
2023,4,26,3,0,21.8,5.3,34.07,,,,,,,,,,,,,,,,,,,,,,,,,,,,,,,,,,,,
2023,4,26,4,0,20.7,4.4,34.31,,,,,,,,,,,,,,,,,,,,,,,,,,,,,,,,,,,,
2023,4,26,5,0,19.8,3.4,33.87,,,,,,,,,,,,,,,,,,,,,,,,,,,,,,,,,,,,
2023,4,26,6,0,18.2,2.9,36,,,,,,,,,,,,,,,,,,,,,,,,,,,,,,,,,,,,
2023,4,26,7,0,16.8,2.6,38.6,,,,,,,,,,,,,,,,,,,,,,,,,,,,,,,,,,,,
2023,4,26,8,0,15.8,2.6,40.98,,,,,,,,,,,,,,,,,,,,,,,,,,,,,,,,,,,,
2023,4,26,9,0,15.7,2.4,40.68,,,,,,,,,,,,,,,,,,,,,,,,,,,,,,,,,,,,
2023,4,26,10,0,15.4,2.2,40.95,,,,,,,,,,,,,,,,,,,,,,,,,,,,,,,,,,,,
2023,4,26,11,0,14.8,2,42.03,,,,,,,,,,,,,,,,,,,,,,,,,,,,,,,,,,,,
2023,4,26,12,0,14,1.7,43.34,,,,,,,,,,,,,,,,,,,,,,,,,,,,,,,,,,,,
2023,4,26,13,0,15.1,1.6,39.91,,,,,,,,,,,,,,,,,,,,,,,,,,,,,,,,,,,,
2023,4,26,14,0,18.3,0.9,31,,,,,,,,,,,,,,,,,,,,,,,,,,,,,,,,,,,,
2023,4,26,15,0,22.9,-1.4,19.72,,,,,,,,,,,,,,,,,,,,,,,,,,,,,,,,,,,,
2023,4,26,16,0,25.9,-2.9,14.82,,,,,,,,,,,,,,,,,,,,,,,,,,,,,,,,,,,,
2023,4,26,17,0,28,-3.6,12.45,,,,,,,,,,,,,,,,,,,,,,,,,,,,,,,,,,,,
2023,4,26,18,0,29.7,-4.2,10.77,,,,,,,,,,,,,,,,,,,,,,,,,,,,,,,,,,,,
2023,4,26,19,0,30.9,-4.5,9.8,,,,,,,,,,,,,,,,,,,,,,,,,,,,,,,,,,,,
2023,4,26,20,0,31.7,-4.6,9.3,,,,,,,,,,,,,,,,,,,,,,,,,,,,,,,,,,,,
2023,4,26,21,0,32.1,-4.7,9.05,,,,,,,,,,,,,,,,,,,,,,,,,,,,,,,,,,,,
2023,4,26,22,0,32.1,-4.7,9.06,,,,,,,,,,,,,,,,,,,,,,,,,,,,,,,,,,,,
2023,4,26,23,0,31.6,-4.5,9.44,,,,,,,,,,,,,,,,,,,,,,,,,,,,,,,,,,,,
2023,4,27,0,0,30.6,-3.9,10.48,,,,,,,,,,,,,,,,,,,,,,,,,,,,,,,,,,,,
2023,4,27,1,0,26.7,6.5,27.75,,,,,,,,,,,,,,,,,,,,,,,,,,,,,,,,,,,,
2023,4,27,2,0,23.6,4.2,28.26,,,,,,,,,,,,,,,,,,,,,,,,,,,,,,,,,,,,
2023,4,27,3,0,22.8,2.9,27.15,,,,,,,,,,,,,,,,,,,,,,,,,,,,,,,,,,,,
2023,4,27,4,0,22.7,1.7,25.11,,,,,,,,,,,,,,,,,,,,,,,,,,,,,,,,,,,,
2023,4,27,5,0,22.6,0.6,23.32,,,,,,,,,,,,,,,,,,,,,,,,,,,,,,,,,,,,
2023,4,27,6,0,21.8,0.4,24.09,,,,,,,,,,,,,,,,,,,,,,,,,,,,,,,,,,,,
2023,4,27,7,0,20.5,0.7,26.71,,,,,,,,,,,,,,,,,,,,,,,,,,,,,,,,,,,,
2023,4,27,8,0,19,1.2,30.45,,,,,,,,,,,,,,,,,,,,,,,,,,,,,,,,,,,,
2023,4,27,9,0,17.3,1.9,35.45,,,,,,,,,,,,,,,,,,,,,,,,,,,,,,,,,,,,
2023,4,27,10,0,15.9,2.2,39.76,,,,,,,,,,,,,,,,,,,,,,,,,,,,,,,,,,,,
2023,4,27,11,0,15.2,2.2,41.6,,,,,,,,,,,,,,,,,,,,,,,,,,,,,,,,,,,,
2023,4,27,12,0,14.7,2.1,42.5,,,,,,,,,,,,,,,,,,,,,,,,,,,,,,,,,,,,
2023,4,27,13,0,16.5,2.2,38.13,,,,,,,,,,,,,,,,,,,,,,,,,,,,,,,,,,,,
2023,4,27,14,0,21,1.6,27.59,,,,,,,,,,,,,,,,,,,,,,,,,,,,,,,,,,,,
2023,4,27,15,0,25.1,0.9,20.57,,,,,,,,,,,,,,,,,,,,,,,,,,,,,,,,,,,,
2023,4,27,16,0,29.1,-1.8,13.33,,,,,,,,,,,,,,,,,,,,,,,,,,,,,,,,,,,,
2023,4,27,17,0,31.5,-2.7,10.86,,,,,,,,,,,,,,,,,,,,,,,,,,,,,,,,,,,,
2023,4,27,18,0,32.9,-2.6,10.08,,,,,,,,,,,,,,,,,,,,,,,,,,,,,,,,,,,,
2023,4,27,19,0,33.8,-2.6,9.59,,,,,,,,,,,,,,,,,,,,,,,,,,,,,,,,,,,,
2023,4,27,20,0,34.4,-2.7,9.24,,,,,,,,,,,,,,,,,,,,,,,,,,,,,,,,,,,,
2023,4,27,21,0,34.7,-2.7,9.04,,,,,,,,,,,,,,,,,,,,,,,,,,,,,,,,,,,,
2023,4,27,22,0,34.5,-2.8,9.11,,,,,,,,,,,,,,,,,,,,,,,,,,,,,,,,,,,,
2023,4,27,23,0,34,-3.2,9.11,,,,,,,,,,,,,,,,,,,,,,,,,,,,,,,,,,,,
2023,4,28,0,0,32.7,-2.3,10.48,,,,,,,,,,,,,,,,,,,,,,,,,,,,,,,,,,,,
2023,4,28,1,0,28.3,5.3,23.18,,,,,,,,,,,,,,,,,,,,,,,,,,,,,,,,,,,,
2023,4,28,2,0,24.7,4.3,26.67,,,,,,,,,,,,,,,,,,,,,,,,,,,,,,,,,,,,
2023,4,28,3,0,23.4,3.6,27.52,,,,,,,,,,,,,,,,,,,,,,,,,,,,,,,,,,,,
2023,4,28,4,0,22.1,3.1,28.64,,,,,,,,,,,,,,,,,,,,,,,,,,,,,,,,,,,,
2023,4,28,5,0,21.1,2.5,29.24,,,,,,,,,,,,,,,,,,,,,,,,,,,,,,,,,,,,
2023,4,28,6,0,20.4,2.4,30.29,,,,,,,,,,,,,,,,,,,,,,,,,,,,,,,,,,,,
2023,4,28,7,0,20.3,2.5,30.7,,,,,,,,,,,,,,,,,,,,,,,,,,,,,,,,,,,,
2023,4,28,8,0,19.3,3.1,34.15,,,,,,,,,,,,,,,,,,,,,,,,,,,,,,,,,,,,
2023,4,28,9,0,18.1,3.7,38.42,,,,,,,,,,,,,,,,,,,,,,,,,,,,,,,,,,,,
2023,4,28,10,0,17.4,3.9,40.73,,,,,,,,,,,,,,,,,,,,,,,,,,,,,,,,,,,,
2023,4,28,11,0,16.9,3.8,41.77,,,,,,,,,,,,,,,,,,,,,,,,,,,,,,,,,,,,
2023,4,28,12,0,16.4,3.7,42.64,,,,,,,,,,,,,,,,,,,,,,,,,,,,,,,,,,,,
2023,4,28,13,0,18,4.8,41.72,,,,,,,,,,,,,,,,,,,,,,,,,,,,,,,,,,,,
2023,4,28,14,0,22.2,3.1,28.47,,,,,,,,,,,,,,,,,,,,,,,,,,,,,,,,,,,,
2023,4,28,15,0,26.2,2.1,20.97,,,,,,,,,,,,,,,,,,,,,,,,,,,,,,,,,,,,
2023,4,28,16,0,29.7,2,16.95,,,,,,,,,,,,,,,,,,,,,,,,,,,,,,,,,,,,
2023,4,28,17,0,32.2,1.8,14.5,,,,,,,,,,,,,,,,,,,,,,,,,,,,,,,,,,,,
2023,4,28,18,0,34.1,1.1,12.38,,,,,,,,,,,,,,,,,,,,,,,,,,,,,,,,,,,,
2023,4,28,19,0,35.4,-0.1,10.53,,,,,,,,,,,,,,,,,,,,,,,,,,,,,,,,,,,,
2023,4,28,20,0,36.3,-1.5,9.07,,,,,,,,,,,,,,,,,,,,,,,,,,,,,,,,,,,,
2023,4,28,21,0,36.7,-2.8,8.09,,,,,,,,,,,,,,,,,,,,,,,,,,,,,,,,,,,,
2023,4,28,22,0,36.6,-3.7,7.58,,,,,,,,,,,,,,,,,,,,,,,,,,,,,,,,,,,,
2023,4,28,23,0,36.1,-4.3,7.43,,,,,,,,,,,,,,,,,,,,,,,,,,,,,,,,,,,,
2023,4,29,0,0,34.8,-2.6,9.06,,,,,,,,,,,,,,,,,,,,,,,,,,,,,,,,,,,,
2023,4,29,1,0,30.7,7.5,23.47,,,,,,,,,,,,,,,,,,,,,,,,,,,,,,,,,,,,
2023,4,29,2,0,27.6,4.7,23.1,,,,,,,,,,,,,,,,,,,,,,,,,,,,,,,,,,,,
2023,4,29,3,0,25.3,4,25.22,,,,,,,,,,,,,,,,,,,,,,,,,,,,,,,,,,,,
2023,4,29,4,0,23.5,3,26.2,,,,,,,,,,,,,,,,,,,,,,,,,,,,,,,,,,,,
2023,4,29,5,0,22.5,1.7,25.32,,,,,,,,,,,,,,,,,,,,,,,,,,,,,,,,,,,,
2023,4,29,6,0,21.5,0.9,25.56,,,,,,,,,,,,,,,,,,,,,,,,,,,,,,,,,,,,
2023,4,29,7,0,20.1,1,28.02,,,,,,,,,,,,,,,,,,,,,,,,,,,,,,,,,,,,
2023,4,29,8,0,18.8,1.4,31.23,,,,,,,,,,,,,,,,,,,,,,,,,,,,,,,,,,,,
2023,4,29,9,0,17.8,1.5,33.47,,,,,,,,,,,,,,,,,,,,,,,,,,,,,,,,,,,,
2023,4,29,10,0,17.2,1.1,33.88,,,,,,,,,,,,,,,,,,,,,,,,,,,,,,,,,,,,
2023,4,29,11,0,16.8,0.7,33.68,,,,,,,,,,,,,,,,,,,,,,,,,,,,,,,,,,,,
2023,4,29,12,0,16.4,0.3,33.6,,,,,,,,,,,,,,,,,,,,,,,,,,,,,,,,,,,,
2023,4,29,13,0,17.9,0.1,30.12,,,,,,,,,,,,,,,,,,,,,,,,,,,,,,,,,,,,
2023,4,29,14,0,21.6,0.3,24.26,,,,,,,,,,,,,,,,,,,,,,,,,,,,,,,,,,,,
2023,4,29,15,0,26.5,0.2,17.96,,,,,,,,,,,,,,,,,,,,,,,,,,,,,,,,,,,,
2023,4,29,16,0,30.4,-0.6,13.49,,,,,,,,,,,,,,,,,,,,,,,,,,,,,,,,,,,,
2023,4,29,17,0,33,-1.5,10.9,,,,,,,,,,,,,,,,,,,,,,,,,,,,,,,,,,,,
2023,4,29,18,0,34.9,-2.2,9.33,,,,,,,,,,,,,,,,,,,,,,,,,,,,,,,,,,,,
2023,4,29,19,0,36.2,-2.6,8.42,,,,,,,,,,,,,,,,,,,,,,,,,,,,,,,,,,,,
2023,4,29,20,0,37,-2.9,7.89,,,,,,,,,,,,,,,,,,,,,,,,,,,,,,,,,,,,
2023,4,29,21,0,37.4,-3.1,7.61,,,,,,,,,,,,,,,,,,,,,,,,,,,,,,,,,,,,
2023,4,29,22,0,37.3,-3.3,7.53,,,,,,,,,,,,,,,,,,,,,,,,,,,,,,,,,,,,
2023,4,29,23,0,36.7,-3.3,7.75,,,,,,,,,,,,,,,,,,,,,,,,,,,,,,,,,,,,
2023,4,30,0,0,35.4,-2.2,9.07,,,,,,,,,,,,,,,,,,,,,,,,,,,,,,,,,,,,
2023,4,30,1,0,31.6,7,21.55,,,,,,,,,,,,,,,,,,,,,,,,,,,,,,,,,,,,
2023,4,30,2,0,29.3,4.4,20.51,,,,,,,,,,,,,,,,,,,,,,,,,,,,,,,,,,,,
2023,4,30,3,0,29.1,2.6,18.28,,,,,,,,,,,,,,,,,,,,,,,,,,,,,,,,,,,,
2023,4,30,4,0,28.9,1,16.47,,,,,,,,,,,,,,,,,,,,,,,,,,,,,,,,,,,,
2023,4,30,5,0,27.2,1.8,19.28,,,,,,,,,,,,,,,,,,,,,,,,,,,,,,,,,,,,
2023,4,30,6,0,25.1,2.7,23.3,,,,,,,,,,,,,,,,,,,,,,,,,,,,,,,,,,,,
2023,4,30,7,0,23,3.2,27.31,,,,,,,,,,,,,,,,,,,,,,,,,,,,,,,,,,,,
2023,4,30,8,0,21.7,3.4,30.1,,,,,,,,,,,,,,,,,,,,,,,,,,,,,,,,,,,,
2023,4,30,9,0,20.6,3.7,32.84,,,,,,,,,,,,,,,,,,,,,,,,,,,,,,,,,,,,
2023,4,30,10,0,19.7,3.9,35.25,,,,,,,,,,,,,,,,,,,,,,,,,,,,,,,,,,,,
2023,4,30,11,0,18.8,3.9,37.34,,,,,,,,,,,,,,,,,,,,,,,,,,,,,,,,,,,,
2023,4,30,12,0,18,3.8,38.86,,,,,,,,,,,,,,,,,,,,,,,,,,,,,,,,,,,,
2023,4,30,13,0,19.6,4.9,37.99,,,,,,,,,,,,,,,,,,,,,,,,,,,,,,,,,,,,
2023,4,30,14,0,24.6,3.1,24.76,,,,,,,,,,,,,,,,,,,,,,,,,,,,,,,,,,,,
2023,4,30,15,0,28,1.2,17.7,,,,,,,,,,,,,,,,,,,,,,,,,,,,,,,,,,,,
2023,4,30,16,0,31.3,0,13.39,,,,,,,,,,,,,,,,,,,,,,,,,,,,,,,,,,,,
2023,4,30,17,0,34.3,-1,10.5,,,,,,,,,,,,,,,,,,,,,,,,,,,,,,,,,,,,
2023,4,30,18,0,36.3,-1.3,9.19,,,,,,,,,,,,,,,,,,,,,,,,,,,,,,,,,,,,
2023,4,30,19,0,37.7,-1.4,8.49,,,,,,,,,,,,,,,,,,,,,,,,,,,,,,,,,,,,
2023,4,30,20,0,38.5,-1.3,8.16,,,,,,,,,,,,,,,,,,,,,,,,,,,,,,,,,,,,
2023,4,30,21,0,38.8,-1.2,8.07,,,,,,,,,,,,,,,,,,,,,,,,,,,,,,,,,,,,
2023,4,30,22,0,38.5,-1.2,8.22,,,,,,,,,,,,,,,,,,,,,,,,,,,,,,,,,,,,
2023,4,30,23,0,37.6,-1.4,8.52,,,,,,,,,,,,,,,,,,,,,,,,,,,,,,,,,,,,
2023,5,1,0,0,35.5,4.1,14.2,,,,,,,,,,,,,,,,,,,,,,,,,,,,,,,,,,,,
2023,5,1,1,0,31.6,9.4,25.33,,,,,,,,,,,,,,,,,,,,,,,,,,,,,,,,,,,,
2023,5,1,2,0,29,7.7,26.3,,,,,,,,,,,,,,,,,,,,,,,,,,,,,,,,,,,,
2023,5,1,3,0,27.5,7.3,27.94,,,,,,,,,,,,,,,,,,,,,,,,,,,,,,,,,,,,
2023,5,1,4,0,26.1,6.8,29.2,,,,,,,,,,,,,,,,,,,,,,,,,,,,,,,,,,,,
2023,5,1,5,0,24.6,6.2,30.71,,,,,,,,,,,,,,,,,,,,,,,,,,,,,,,,,,,,
2023,5,1,6,0,23.3,5.7,31.95,,,,,,,,,,,,,,,,,,,,,,,,,,,,,,,,,,,,
2023,5,1,7,0,22.4,5.6,33.55,,,,,,,,,,,,,,,,,,,,,,,,,,,,,,,,,,,,
2023,5,1,8,0,22,5.9,35.26,,,,,,,,,,,,,,,,,,,,,,,,,,,,,,,,,,,,
2023,5,1,9,0,22.3,6.5,35.89,,,,,,,,,,,,,,,,,,,,,,,,,,,,,,,,,,,,
2023,5,1,10,0,23,5.7,32.54,,,,,,,,,,,,,,,,,,,,,,,,,,,,,,,,,,,,
2023,5,1,11,0,21.4,7,39.29,,,,,,,,,,,,,,,,,,,,,,,,,,,,,,,,,,,,
2023,5,1,12,0,20.1,6.8,42.15,,,,,,,,,,,,,,,,,,,,,,,,,,,,,,,,,,,,
2023,5,1,13,0,21.3,7,39.6,,,,,,,,,,,,,,,,,,,,,,,,,,,,,,,,,,,,
2023,5,1,14,0,24.7,4.9,27.9,,,,,,,,,,,,,,,,,,,,,,,,,,,,,,,,,,,,
2023,5,1,15,0,27.6,4.8,23.28,,,,,,,,,,,,,,,,,,,,,,,,,,,,,,,,,,,,
2023,5,1,16,0,30.2,4.7,19.94,,,,,,,,,,,,,,,,,,,,,,,,,,,,,,,,,,,,
2023,5,1,17,0,32.2,4.3,17.23,,,,,,,,,,,,,,,,,,,,,,,,,,,,,,,,,,,,
2023,5,1,18,0,33.6,3.8,15.42,,,,,,,,,,,,,,,,,,,,,,,,,,,,,,,,,,,,
2023,5,1,19,0,34.5,3.1,13.99,,,,,,,,,,,,,,,,,,,,,,,,,,,,,,,,,,,,
2023,5,1,20,0,34.8,2.1,12.76,,,,,,,,,,,,,,,,,,,,,,,,,,,,,,,,,,,,
2023,5,1,21,0,34.6,0.8,11.79,,,,,,,,,,,,,,,,,,,,,,,,,,,,,,,,,,,,
2023,5,1,22,0,34,-0.2,11.37,,,,,,,,,,,,,,,,,,,,,,,,,,,,,,,,,,,,
2023,5,1,23,0,32.9,-0.6,11.74,,,,,,,,,,,,,,,,,,,,,,,,,,,,,,,,,,,,
2023,5,2,0,0,31.2,-0.5,12.94,,,,,,,,,,,,,,,,,,,,,,,,,,,,,,,,,,,,
2023,5,2,1,0,28.4,0.1,15.97,,,,,,,,,,,,,,,,,,,,,,,,,,,,,,,,,,,,
2023,5,2,2,0,25.5,1.6,20.98,,,,,,,,,,,,,,,,,,,,,,,,,,,,,,,,,,,,
2023,5,2,3,0,23.9,2.9,25.37,,,,,,,,,,,,,,,,,,,,,,,,,,,,,,,,,,,,
2023,5,2,4,0,22.8,4.3,29.87,,,,,,,,,,,,,,,,,,,,,,,,,,,,,,,,,,,,
2023,5,2,5,0,21.5,5.4,35.12,,,,,,,,,,,,,,,,,,,,,,,,,,,,,,,,,,,,
2023,5,2,6,0,19.6,6.2,41.62,,,,,,,,,,,,,,,,,,,,,,,,,,,,,,,,,,,,
2023,5,2,7,0,18.5,6.4,45.33,,,,,,,,,,,,,,,,,,,,,,,,,,,,,,,,,,,,
2023,5,2,8,0,17.7,6.5,47.7,,,,,,,,,,,,,,,,,,,,,,,,,,,,,,,,,,,,
2023,5,2,9,0,17,6.4,49.65,,,,,,,,,,,,,,,,,,,,,,,,,,,,,,,,,,,,
2023,5,2,10,0,16.6,6.2,50.35,,,,,,,,,,,,,,,,,,,,,,,,,,,,,,,,,,,,
2023,5,2,11,0,16.1,6.1,51.47,,,,,,,,,,,,,,,,,,,,,,,,,,,,,,,,,,,,
2023,5,2,12,0,15.5,5.9,52.94,,,,,,,,,,,,,,,,,,,,,,,,,,,,,,,,,,,,
2023,5,2,13,0,17.5,6.4,48.27,,,,,,,,,,,,,,,,,,,,,,,,,,,,,,,,,,,,
2023,5,2,14,0,21.1,5.7,36.58,,,,,,,,,,,,,,,,,,,,,,,,,,,,,,,,,,,,
2023,5,2,15,0,23.7,5.7,31.32,,,,,,,,,,,,,,,,,,,,,,,,,,,,,,,,,,,,
2023,5,2,16,0,26,5.4,26.66,,,,,,,,,,,,,,,,,,,,,,,,,,,,,,,,,,,,
2023,5,2,17,0,27.9,4.9,23.08,,,,,,,,,,,,,,,,,,,,,,,,,,,,,,,,,,,,
2023,5,2,18,0,29.5,4.4,20.25,,,,,,,,,,,,,,,,,,,,,,,,,,,,,,,,,,,,
2023,5,2,19,0,30.8,3.8,18.11,,,,,,,,,,,,,,,,,,,,,,,,,,,,,,,,,,,,
2023,5,2,20,0,31.7,3.4,16.71,,,,,,,,,,,,,,,,,,,,,,,,,,,,,,,,,,,,
2023,5,2,21,0,32.1,3.2,16.08,,,,,,,,,,,,,,,,,,,,,,,,,,,,,,,,,,,,
2023,5,2,22,0,32.1,3.1,15.97,,,,,,,,,,,,,,,,,,,,,,,,,,,,,,,,,,,,
2023,5,2,23,0,31.6,3,16.27,,,,,,,,,,,,,,,,,,,,,,,,,,,,,,,,,,,,
2023,5,3,0,0,30.6,2.8,17.07,,,,,,,,,,,,,,,,,,,,,,,,,,,,,,,,,,,,
2023,5,3,1,0,27.6,6.1,25.59,,,,,,,,,,,,,,,,,,,,,,,,,,,,,,,,,,,,
2023,5,3,2,0,23.8,6,31.76,,,,,,,,,,,,,,,,,,,,,,,,,,,,,,,,,,,,
2023,5,3,3,0,22.6,4.1,29.88,,,,,,,,,,,,,,,,,,,,,,,,,,,,,,,,,,,,
2023,5,3,4,0,21.4,2.5,28.84,,,,,,,,,,,,,,,,,,,,,,,,,,,,,,,,,,,,
2023,5,3,5,0,20.1,1.8,29.68,,,,,,,,,,,,,,,,,,,,,,,,,,,,,,,,,,,,
2023,5,3,6,0,18.6,2.3,33.78,,,,,,,,,,,,,,,,,,,,,,,,,,,,,,,,,,,,
2023,5,3,7,0,17.3,3.6,40.09,,,,,,,,,,,,,,,,,,,,,,,,,,,,,,,,,,,,
2023,5,3,8,0,16.7,4.2,43.58,,,,,,,,,,,,,,,,,,,,,,,,,,,,,,,,,,,,
2023,5,3,9,0,17,3.6,40.88,,,,,,,,,,,,,,,,,,,,,,,,,,,,,,,,,,,,
2023,5,3,10,0,17.6,2.6,36.66,,,,,,,,,,,,,,,,,,,,,,,,,,,,,,,,,,,,
2023,5,3,11,0,18,2.4,35.21,,,,,,,,,,,,,,,,,,,,,,,,,,,,,,,,,,,,
2023,5,3,12,0,17.8,2.5,36.02,,,,,,,,,,,,,,,,,,,,,,,,,,,,,,,,,,,,
2023,5,3,13,0,18.5,5,41.13,,,,,,,,,,,,,,,,,,,,,,,,,,,,,,,,,,,,
2023,5,3,14,0,22.4,4,29.98,,,,,,,,,,,,,,,,,,,,,,,,,,,,,,,,,,,,
2023,5,3,15,0,25.5,4.6,26.05,,,,,,,,,,,,,,,,,,,,,,,,,,,,,,,,,,,,
2023,5,3,16,0,27.5,5.3,24.25,,,,,,,,,,,,,,,,,,,,,,,,,,,,,,,,,,,,
2023,5,3,17,0,29.1,5.3,22.14,,,,,,,,,,,,,,,,,,,,,,,,,,,,,,,,,,,,
2023,5,3,18,0,30.4,4.4,19.29,,,,,,,,,,,,,,,,,,,,,,,,,,,,,,,,,,,,
2023,5,3,19,0,31.5,3.2,16.61,,,,,,,,,,,,,,,,,,,,,,,,,,,,,,,,,,,,
2023,5,3,20,0,32.2,2.1,14.76,,,,,,,,,,,,,,,,,,,,,,,,,,,,,,,,,,,,
2023,5,3,21,0,32.4,1.4,13.95,,,,,,,,,,,,,,,,,,,,,,,,,,,,,,,,,,,,
2023,5,3,22,0,32,1.5,14.37,,,,,,,,,,,,,,,,,,,,,,,,,,,,,,,,,,,,
2023,5,3,23,0,31.2,1.8,15.33,,,,,,,,,,,,,,,,,,,,,,,,,,,,,,,,,,,,
2023,5,4,0,0,29.7,2,16.99,,,,,,,,,,,,,,,,,,,,,,,,,,,,,,,,,,,,
2023,5,4,1,0,27.2,2.4,20.12,,,,,,,,,,,,,,,,,,,,,,,,,,,,,,,,,,,,
2023,5,4,2,0,23.3,3.2,26.86,,,,,,,,,,,,,,,,,,,,,,,,,,,,,,,,,,,,
2023,5,4,3,0,21.2,3.3,30.75,,,,,,,,,,,,,,,,,,,,,,,,,,,,,,,,,,,,
2023,5,4,4,0,19.7,3.3,33.86,,,,,,,,,,,,,,,,,,,,,,,,,,,,,,,,,,,,
2023,5,4,5,0,18.3,3.1,36.43,,,,,,,,,,,,,,,,,,,,,,,,,,,,,,,,,,,,
2023,5,4,6,0,17,2.9,39,,,,,,,,,,,,,,,,,,,,,,,,,,,,,,,,,,,,
2023,5,4,7,0,15.9,3.4,43.28,,,,,,,,,,,,,,,,,,,,,,,,,,,,,,,,,,,,
2023,5,4,8,0,15.6,3.8,45.21,,,,,,,,,,,,,,,,,,,,,,,,,,,,,,,,,,,,
2023,5,4,9,0,15.9,3.5,43.42,,,,,,,,,,,,,,,,,,,,,,,,,,,,,,,,,,,,
2023,5,4,10,0,15.4,3.5,44.97,,,,,,,,,,,,,,,,,,,,,,,,,,,,,,,,,,,,
2023,5,4,11,0,14.3,4,49.85,,,,,,,,,,,,,,,,,,,,,,,,,,,,,,,,,,,,
2023,5,4,12,0,13.6,4.5,53.98,,,,,,,,,,,,,,,,,,,,,,,,,,,,,,,,,,,,
2023,5,4,13,0,15.6,5.4,50.53,,,,,,,,,,,,,,,,,,,,,,,,,,,,,,,,,,,,
2023,5,4,14,0,18.1,6,45.16,,,,,,,,,,,,,,,,,,,,,,,,,,,,,,,,,,,,
2023,5,4,15,0,20.2,5.6,38.56,,,,,,,,,,,,,,,,,,,,,,,,,,,,,,,,,,,,
2023,5,4,16,0,21.9,4.2,31.43,,,,,,,,,,,,,,,,,,,,,,,,,,,,,,,,,,,,
2023,5,4,17,0,23.5,2.9,26.11,,,,,,,,,,,,,,,,,,,,,,,,,,,,,,,,,,,,
2023,5,4,18,0,25,2,22.25,,,,,,,,,,,,,,,,,,,,,,,,,,,,,,,,,,,,
2023,5,4,19,0,26.3,1.1,19.31,,,,,,,,,,,,,,,,,,,,,,,,,,,,,,,,,,,,
2023,5,4,20,0,27.1,0.2,17.33,,,,,,,,,,,,,,,,,,,,,,,,,,,,,,,,,,,,
2023,5,4,21,0,27.5,-0.6,15.96,,,,,,,,,,,,,,,,,,,,,,,,,,,,,,,,,,,,
2023,5,4,22,0,27.2,-1.4,15.31,,,,,,,,,,,,,,,,,,,,,,,,,,,,,,,,,,,,
2023,5,4,23,0,26.4,-1.9,15.42,,,,,,,,,,,,,,,,,,,,,,,,,,,,,,,,,,,,
2023,5,5,0,0,25.1,-2.2,16.38,,,,,,,,,,,,,,,,,,,,,,,,,,,,,,,,,,,,
2023,5,5,1,0,22.8,-1,20.48,,,,,,,,,,,,,,,,,,,,,,,,,,,,,,,,,,,,
2023,5,5,2,0,18.8,1.7,31.8,,,,,,,,,,,,,,,,,,,,,,,,,,,,,,,,,,,,
2023,5,5,3,0,17.5,2,35.47,,,,,,,,,,,,,,,,,,,,,,,,,,,,,,,,,,,,
2023,5,5,4,0,16.7,2.4,38.25,,,,,,,,,,,,,,,,,,,,,,,,,,,,,,,,,,,,
2023,5,5,5,0,16.1,2.5,40.13,,,,,,,,,,,,,,,,,,,,,,,,,,,,,,,,,,,,
2023,5,5,6,0,15.8,2.4,40.59,,,,,,,,,,,,,,,,,,,,,,,,,,,,,,,,,,,,
2023,5,5,7,0,15.4,2.3,41.16,,,,,,,,,,,,,,,,,,,,,,,,,,,,,,,,,,,,
2023,5,5,8,0,14.9,2.2,42.3,,,,,,,,,,,,,,,,,,,,,,,,,,,,,,,,,,,,
2023,5,5,9,0,14.2,2.1,44.09,,,,,,,,,,,,,,,,,,,,,,,,,,,,,,,,,,,,
2023,5,5,10,0,13.5,2.3,46.64,,,,,,,,,,,,,,,,,,,,,,,,,,,,,,,,,,,,
2023,5,5,11,0,13,2.6,49.08,,,,,,,,,,,,,,,,,,,,,,,,,,,,,,,,,,,,
2023,5,5,12,0,12.5,2.8,51.63,,,,,,,,,,,,,,,,,,,,,,,,,,,,,,,,,,,,
2023,5,5,13,0,13.9,3.6,50.02,,,,,,,,,,,,,,,,,,,,,,,,,,,,,,,,,,,,
2023,5,5,14,0,17,3.5,40.58,,,,,,,,,,,,,,,,,,,,,,,,,,,,,,,,,,,,
2023,5,5,15,0,20.3,3.8,33.63,,,,,,,,,,,,,,,,,,,,,,,,,,,,,,,,,,,,
2023,5,5,16,0,22.5,3.4,28.66,,,,,,,,,,,,,,,,,,,,,,,,,,,,,,,,,,,,
2023,5,5,17,0,24,3.2,25.71,,,,,,,,,,,,,,,,,,,,,,,,,,,,,,,,,,,,
2023,5,5,18,0,25.4,2.7,22.87,,,,,,,,,,,,,,,,,,,,,,,,,,,,,,,,,,,,
2023,5,5,19,0,26.5,2.1,20.53,,,,,,,,,,,,,,,,,,,,,,,,,,,,,,,,,,,,
2023,5,5,20,0,27.3,1.5,18.75,,,,,,,,,,,,,,,,,,,,,,,,,,,,,,,,,,,,
2023,5,5,21,0,27.7,0.9,17.54,,,,,,,,,,,,,,,,,,,,,,,,,,,,,,,,,,,,
2023,5,5,22,0,27.6,0.3,16.96,,,,,,,,,,,,,,,,,,,,,,,,,,,,,,,,,,,,
2023,5,5,23,0,27.1,-0.3,16.69,,,,,,,,,,,,,,,,,,,,,,,,,,,,,,,,,,,,
2023,5,6,0,0,26.2,-0.8,16.94,,,,,,,,,,,,,,,,,,,,,,,,,,,,,,,,,,,,
2023,5,6,1,0,23.8,2.3,24.42,,,,,,,,,,,,,,,,,,,,,,,,,,,,,,,,,,,,
2023,5,6,2,0,20.2,3.6,33.5,,,,,,,,,,,,,,,,,,,,,,,,,,,,,,,,,,,,
2023,5,6,3,0,19.1,2.7,33.67,,,,,,,,,,,,,,,,,,,,,,,,,,,,,,,,,,,,
2023,5,6,4,0,18.2,2.2,34.42,,,,,,,,,,,,,,,,,,,,,,,,,,,,,,,,,,,,
2023,5,6,5,0,17.4,1.9,35.28,,,,,,,,,,,,,,,,,,,,,,,,,,,,,,,,,,,,
2023,5,6,6,0,16.9,1.5,35.46,,,,,,,,,,,,,,,,,,,,,,,,,,,,,,,,,,,,
2023,5,6,7,0,16.5,1.2,35.49,,,,,,,,,,,,,,,,,,,,,,,,,,,,,,,,,,,,
2023,5,6,8,0,16,0.8,35.62,,,,,,,,,,,,,,,,,,,,,,,,,,,,,,,,,,,,
2023,5,6,9,0,15.4,0.6,36.49,,,,,,,,,,,,,,,,,,,,,,,,,,,,,,,,,,,,
2023,5,6,10,0,15,0.4,37.05,,,,,,,,,,,,,,,,,,,,,,,,,,,,,,,,,,,,
2023,5,6,11,0,15.1,0.1,35.95,,,,,,,,,,,,,,,,,,,,,,,,,,,,,,,,,,,,
2023,5,6,12,0,14.9,0.2,36.64,,,,,,,,,,,,,,,,,,,,,,,,,,,,,,,,,,,,
2023,5,6,13,0,16,1.9,38.58,,,,,,,,,,,,,,,,,,,,,,,,,,,,,,,,,,,,
2023,5,6,14,0,19.2,0.9,29.38,,,,,,,,,,,,,,,,,,,,,,,,,,,,,,,,,,,,
2023,5,6,15,0,22.5,1.1,24.4,,,,,,,,,,,,,,,,,,,,,,,,,,,,,,,,,,,,
2023,5,6,16,0,24.7,1,21.07,,,,,,,,,,,,,,,,,,,,,,,,,,,,,,,,,,,,
2023,5,6,17,0,26.3,1,19.23,,,,,,,,,,,,,,,,,,,,,,,,,,,,,,,,,,,,
2023,5,6,18,0,27.6,1,17.87,,,,,,,,,,,,,,,,,,,,,,,,,,,,,,,,,,,,
2023,5,6,19,0,28.7,0.9,16.63,,,,,,,,,,,,,,,,,,,,,,,,,,,,,,,,,,,,
2023,5,6,20,0,29.5,0.7,15.63,,,,,,,,,,,,,,,,,,,,,,,,,,,,,,,,,,,,
2023,5,6,21,0,30,0.4,14.86,,,,,,,,,,,,,,,,,,,,,,,,,,,,,,,,,,,,
2023,5,6,22,0,30,0,14.38,,,,,,,,,,,,,,,,,,,,,,,,,,,,,,,,,,,,
2023,5,6,23,0,29.4,-0.5,14.43,,,,,,,,,,,,,,,,,,,,,,,,,,,,,,,,,,,,
2023,5,7,0,0,28.4,-0.7,15.06,,,,,,,,,,,,,,,,,,,,,,,,,,,,,,,,,,,,
2023,5,7,1,0,25.6,3.9,24.55,,,,,,,,,,,,,,,,,,,,,,,,,,,,,,,,,,,,
2023,5,7,2,0,21.5,4.3,32.52,,,,,,,,,,,,,,,,,,,,,,,,,,,,,,,,,,,,
2023,5,7,3,0,20.1,3.6,33.57,,,,,,,,,,,,,,,,,,,,,,,,,,,,,,,,,,,,
2023,5,7,4,0,19.1,3.1,34.49,,,,,,,,,,,,,,,,,,,,,,,,,,,,,,,,,,,,
2023,5,7,5,0,18.1,2.7,35.7,,,,,,,,,,,,,,,,,,,,,,,,,,,,,,,,,,,,
2023,5,7,6,0,17.4,2.3,36.45,,,,,,,,,,,,,,,,,,,,,,,,,,,,,,,,,,,,
2023,5,7,7,0,16.9,1.9,36.51,,,,,,,,,,,,,,,,,,,,,,,,,,,,,,,,,,,,
2023,5,7,8,0,17,1.3,34.74,,,,,,,,,,,,,,,,,,,,,,,,,,,,,,,,,,,,
2023,5,7,9,0,17,0.6,33.07,,,,,,,,,,,,,,,,,,,,,,,,,,,,,,,,,,,,
2023,5,7,10,0,17.2,0.2,31.54,,,,,,,,,,,,,,,,,,,,,,,,,,,,,,,,,,,,
2023,5,7,11,0,16.9,-0.1,31.51,,,,,,,,,,,,,,,,,,,,,,,,,,,,,,,,,,,,
2023,5,7,12,0,16.3,-0.3,32.41,,,,,,,,,,,,,,,,,,,,,,,,,,,,,,,,,,,,
2023,5,7,13,0,17,1.8,36.01,,,,,,,,,,,,,,,,,,,,,,,,,,,,,,,,,,,,
2023,5,7,14,0,20.1,0.1,26.21,,,,,,,,,,,,,,,,,,,,,,,,,,,,,,,,,,,,
2023,5,7,15,0,23.7,-0.1,20.81,,,,,,,,,,,,,,,,,,,,,,,,,,,,,,,,,,,,
2023,5,7,16,0,26.1,-0.1,17.97,,,,,,,,,,,,,,,,,,,,,,,,,,,,,,,,,,,,
2023,5,7,17,0,27.7,0,16.45,,,,,,,,,,,,,,,,,,,,,,,,,,,,,,,,,,,,
2023,5,7,18,0,29.1,0,15.18,,,,,,,,,,,,,,,,,,,,,,,,,,,,,,,,,,,,
2023,5,7,19,0,30.3,-0.1,14.1,,,,,,,,,,,,,,,,,,,,,,,,,,,,,,,,,,,,
2023,5,7,20,0,31.2,-0.3,13.19,,,,,,,,,,,,,,,,,,,,,,,,,,,,,,,,,,,,
2023,5,7,21,0,31.7,-0.5,12.59,,,,,,,,,,,,,,,,,,,,,,,,,,,,,,,,,,,,
2023,5,7,22,0,31.6,-0.8,12.4,,,,,,,,,,,,,,,,,,,,,,,,,,,,,,,,,,,,
2023,5,7,23,0,31.1,-1.1,12.48,,,,,,,,,,,,,,,,,,,,,,,,,,,,,,,,,,,,
2023,5,8,0,0,30.1,-1.3,13.04,,,,,,,,,,,,,,,,,,,,,,,,,,,,,,,,,,,,
2023,5,8,1,0,27.1,5.2,24.63,,,,,,,,,,,,,,,,,,,,,,,,,,,,,,,,,,,,
2023,5,8,2,0,24.4,4.1,26.81,,,,,,,,,,,,,,,,,,,,,,,,,,,,,,,,,,,,
2023,5,8,3,0,23.3,2.6,25.83,,,,,,,,,,,,,,,,,,,,,,,,,,,,,,,,,,,,
2023,5,8,4,0,22.6,1.8,25.46,,,,,,,,,,,,,,,,,,,,,,,,,,,,,,,,,,,,
2023,5,8,5,0,22.1,1.3,25.21,,,,,,,,,,,,,,,,,,,,,,,,,,,,,,,,,,,,
2023,5,8,6,0,21.6,0.8,25.21,,,,,,,,,,,,,,,,,,,,,,,,,,,,,,,,,,,,
2023,5,8,7,0,21,0.4,25.38,,,,,,,,,,,,,,,,,,,,,,,,,,,,,,,,,,,,
2023,5,8,8,0,20.1,0.6,27.13,,,,,,,,,,,,,,,,,,,,,,,,,,,,,,,,,,,,
2023,5,8,9,0,19.1,0.7,29.1,,,,,,,,,,,,,,,,,,,,,,,,,,,,,,,,,,,,
2023,5,8,10,0,18.2,0.8,31.06,,,,,,,,,,,,,,,,,,,,,,,,,,,,,,,,,,,,
2023,5,8,11,0,17.3,0.8,32.94,,,,,,,,,,,,,,,,,,,,,,,,,,,,,,,,,,,,
2023,5,8,12,0,16.8,0.8,33.83,,,,,,,,,,,,,,,,,,,,,,,,,,,,,,,,,,,,
2023,5,8,13,0,17.9,3.6,38.68,,,,,,,,,,,,,,,,,,,,,,,,,,,,,,,,,,,,
2023,5,8,14,0,21.6,1.3,26.04,,,,,,,,,,,,,,,,,,,,,,,,,,,,,,,,,,,,
2023,5,8,15,0,25.1,1.6,21.51,,,,,,,,,,,,,,,,,,,,,,,,,,,,,,,,,,,,
2023,5,8,16,0,28.1,1.4,17.86,,,,,,,,,,,,,,,,,,,,,,,,,,,,,,,,,,,,
2023,5,8,17,0,29.9,1.2,15.79,,,,,,,,,,,,,,,,,,,,,,,,,,,,,,,,,,,,
2023,5,8,18,0,31.3,0.9,14.3,,,,,,,,,,,,,,,,,,,,,,,,,,,,,,,,,,,,
2023,5,8,19,0,32.5,0.4,12.91,,,,,,,,,,,,,,,,,,,,,,,,,,,,,,,,,,,,
2023,5,8,20,0,33.3,-0.1,11.85,,,,,,,,,,,,,,,,,,,,,,,,,,,,,,,,,,,,
2023,5,8,21,0,33.7,-0.8,11.07,,,,,,,,,,,,,,,,,,,,,,,,,,,,,,,,,,,,
2023,5,8,22,0,33.6,-1.4,10.64,,,,,,,,,,,,,,,,,,,,,,,,,,,,,,,,,,,,
2023,5,8,23,0,33,-1.9,10.55,,,,,,,,,,,,,,,,,,,,,,,,,,,,,,,,,,,,
2023,5,9,0,0,31.9,-2.2,10.98,,,,,,,,,,,,,,,,,,,,,,,,,,,,,,,,,,,,
2023,5,9,1,0,28.5,4.6,21.78,,,,,,,,,,,,,,,,,,,,,,,,,,,,,,,,,,,,
2023,5,9,2,0,25,3.8,25.39,,,,,,,,,,,,,,,,,,,,,,,,,,,,,,,,,,,,
2023,5,9,3,0,23.7,2.9,25.65,,,,,,,,,,,,,,,,,,,,,,,,,,,,,,,,,,,,
2023,5,9,4,0,22.5,2.4,26.66,,,,,,,,,,,,,,,,,,,,,,,,,,,,,,,,,,,,
2023,5,9,5,0,21.2,2,28.13,,,,,,,,,,,,,,,,,,,,,,,,,,,,,,,,,,,,
2023,5,9,6,0,20.3,1.6,28.83,,,,,,,,,,,,,,,,,,,,,,,,,,,,,,,,,,,,
2023,5,9,7,0,19.8,1.1,28.7,,,,,,,,,,,,,,,,,,,,,,,,,,,,,,,,,,,,
2023,5,9,8,0,19.7,0.4,27.42,,,,,,,,,,,,,,,,,,,,,,,,,,,,,,,,,,,,
2023,5,9,9,0,19.2,-0.3,26.99,,,,,,,,,,,,,,,,,,,,,,,,,,,,,,,,,,,,
2023,5,9,10,0,18.1,-0.1,29.26,,,,,,,,,,,,,,,,,,,,,,,,,,,,,,,,,,,,
2023,5,9,11,0,16.9,0.3,32.58,,,,,,,,,,,,,,,,,,,,,,,,,,,,,,,,,,,,
2023,5,9,12,0,16.1,0.9,35.71,,,,,,,,,,,,,,,,,,,,,,,,,,,,,,,,,,,,
2023,5,9,13,0,17.8,3.8,39.36,,,,,,,,,,,,,,,,,,,,,,,,,,,,,,,,,,,,
2023,5,9,14,0,21.6,1.8,26.99,,,,,,,,,,,,,,,,,,,,,,,,,,,,,,,,,,,,
2023,5,9,15,0,25.4,2.9,23.21,,,,,,,,,,,,,,,,,,,,,,,,,,,,,,,,,,,,
2023,5,9,16,0,28.6,1.7,17.63,,,,,,,,,,,,,,,,,,,,,,,,,,,,,,,,,,,,
2023,5,9,17,0,30.3,1,15.2,,,,,,,,,,,,,,,,,,,,,,,,,,,,,,,,,,,,
2023,5,9,18,0,31.7,0.4,13.51,,,,,,,,,,,,,,,,,,,,,,,,,,,,,,,,,,,,
2023,5,9,19,0,32.8,0,12.32,,,,,,,,,,,,,,,,,,,,,,,,,,,,,,,,,,,,
2023,5,9,20,0,33.5,-0.3,11.55,,,,,,,,,,,,,,,,,,,,,,,,,,,,,,,,,,,,
2023,5,9,21,0,33.8,-0.6,11.1,,,,,,,,,,,,,,,,,,,,,,,,,,,,,,,,,,,,
2023,5,9,22,0,33.7,-1,10.9,,,,,,,,,,,,,,,,,,,,,,,,,,,,,,,,,,,,
2023,5,9,23,0,33.1,-1.3,11.04,,,,,,,,,,,,,,,,,,,,,,,,,,,,,,,,,,,,
2023,5,10,0,0,31.9,-1.4,11.66,,,,,,,,,,,,,,,,,,,,,,,,,,,,,,,,,,,,
2023,5,10,1,0,28.7,2.9,19.19,,,,,,,,,,,,,,,,,,,,,,,,,,,,,,,,,,,,
2023,5,10,2,0,24.3,3,24.96,,,,,,,,,,,,,,,,,,,,,,,,,,,,,,,,,,,,
2023,5,10,3,0,23,1.2,23.84,,,,,,,,,,,,,,,,,,,,,,,,,,,,,,,,,,,,
2023,5,10,4,0,21.9,-0.4,22.55,,,,,,,,,,,,,,,,,,,,,,,,,,,,,,,,,,,,
2023,5,10,5,0,20.7,-1.7,22.18,,,,,,,,,,,,,,,,,,,,,,,,,,,,,,,,,,,,
2023,5,10,6,0,19.3,-1.7,24.11,,,,,,,,,,,,,,,,,,,,,,,,,,,,,,,,,,,,
2023,5,10,7,0,18,-0.6,28.47,,,,,,,,,,,,,,,,,,,,,,,,,,,,,,,,,,,,
2023,5,10,8,0,16.8,0.9,34.05,,,,,,,,,,,,,,,,,,,,,,,,,,,,,,,,,,,,
2023,5,10,9,0,16,2.2,39.35,,,,,,,,,,,,,,,,,,,,,,,,,,,,,,,,,,,,
2023,5,10,10,0,15.7,3.3,43.56,,,,,,,,,,,,,,,,,,,,,,,,,,,,,,,,,,,,
2023,5,10,11,0,15.1,4,47.55,,,,,,,,,,,,,,,,,,,,,,,,,,,,,,,,,,,,
2023,5,10,12,0,14.3,4.6,51.95,,,,,,,,,,,,,,,,,,,,,,,,,,,,,,,,,,,,
2023,5,10,13,0,16.1,5.3,48.83,,,,,,,,,,,,,,,,,,,,,,,,,,,,,,,,,,,,
2023,5,10,14,0,18.4,5.5,42.62,,,,,,,,,,,,,,,,,,,,,,,,,,,,,,,,,,,,
2023,5,10,15,0,20.5,4.5,35,,,,,,,,,,,,,,,,,,,,,,,,,,,,,,,,,,,,
2023,5,10,16,0,22.3,3.2,28.53,,,,,,,,,,,,,,,,,,,,,,,,,,,,,,,,,,,,
2023,5,10,17,0,23.9,1.9,23.59,,,,,,,,,,,,,,,,,,,,,,,,,,,,,,,,,,,,
2023,5,10,18,0,25.1,0.7,20.22,,,,,,,,,,,,,,,,,,,,,,,,,,,,,,,,,,,,
2023,5,10,19,0,26,-0.2,17.96,,,,,,,,,,,,,,,,,,,,,,,,,,,,,,,,,,,,
2023,5,10,20,0,26.5,-0.9,16.57,,,,,,,,,,,,,,,,,,,,,,,,,,,,,,,,,,,,
2023,5,10,21,0,26.8,-1.6,15.49,,,,,,,,,,,,,,,,,,,,,,,,,,,,,,,,,,,,
2023,5,10,22,0,26.9,-2.3,14.58,,,,,,,,,,,,,,,,,,,,,,,,,,,,,,,,,,,,
2023,5,10,23,0,26.6,-2.9,14.23,,,,,,,,,,,,,,,,,,,,,,,,,,,,,,,,,,,,
2023,5,11,0,0,25.8,-3.2,14.54,,,,,,,,,,,,,,,,,,,,,,,,,,,,,,,,,,,,
2023,5,11,1,0,23.7,0.5,21.66,,,,,,,,,,,,,,,,,,,,,,,,,,,,,,,,,,,,
2023,5,11,2,0,20.5,2,29.29,,,,,,,,,,,,,,,,,,,,,,,,,,,,,,,,,,,,
2023,5,11,3,0,19.9,0.8,27.99,,,,,,,,,,,,,,,,,,,,,,,,,,,,,,,,,,,,
2023,5,11,4,0,19.5,0.2,27.46,,,,,,,,,,,,,,,,,,,,,,,,,,,,,,,,,,,,
2023,5,11,5,0,18.8,-0.1,28.01,,,,,,,,,,,,,,,,,,,,,,,,,,,,,,,,,,,,
2023,5,11,6,0,18,-0.1,29.42,,,,,,,,,,,,,,,,,,,,,,,,,,,,,,,,,,,,
2023,5,11,7,0,17.3,0,30.98,,,,,,,,,,,,,,,,,,,,,,,,,,,,,,,,,,,,
2023,5,11,8,0,16.7,0,32.28,,,,,,,,,,,,,,,,,,,,,,,,,,,,,,,,,,,,
2023,5,11,9,0,16.2,0,33.23,,,,,,,,,,,,,,,,,,,,,,,,,,,,,,,,,,,,
2023,5,11,10,0,15.7,0,34.38,,,,,,,,,,,,,,,,,,,,,,,,,,,,,,,,,,,,
2023,5,11,11,0,15,0.1,36.24,,,,,,,,,,,,,,,,,,,,,,,,,,,,,,,,,,,,
2023,5,11,12,0,14.3,0.2,38.16,,,,,,,,,,,,,,,,,,,,,,,,,,,,,,,,,,,,
2023,5,11,13,0,16,2.4,39.87,,,,,,,,,,,,,,,,,,,,,,,,,,,,,,,,,,,,
2023,5,11,14,0,19.8,0.5,27.42,,,,,,,,,,,,,,,,,,,,,,,,,,,,,,,,,,,,
2023,5,11,15,0,23.4,1.2,23.16,,,,,,,,,,,,,,,,,,,,,,,,,,,,,,,,,,,,
2023,5,11,16,0,26.1,0.7,18.99,,,,,,,,,,,,,,,,,,,,,,,,,,,,,,,,,,,,
2023,5,11,17,0,28,0.3,16.52,,,,,,,,,,,,,,,,,,,,,,,,,,,,,,,,,,,,
2023,5,11,18,0,29.6,-0.1,14.61,,,,,,,,,,,,,,,,,,,,,,,,,,,,,,,,,,,,
2023,5,11,19,0,30.8,-0.6,13.16,,,,,,,,,,,,,,,,,,,,,,,,,,,,,,,,,,,,
2023,5,11,20,0,31.6,-1.1,12.11,,,,,,,,,,,,,,,,,,,,,,,,,,,,,,,,,,,,
2023,5,11,21,0,32,-1.6,11.47,,,,,,,,,,,,,,,,,,,,,,,,,,,,,,,,,,,,
2023,5,11,22,0,32,-1.9,11.22,,,,,,,,,,,,,,,,,,,,,,,,,,,,,,,,,,,,
2023,5,11,23,0,31.5,-2.1,11.35,,,,,,,,,,,,,,,,,,,,,,,,,,,,,,,,,,,,
2023,5,12,0,0,30.5,-2.2,11.97,,,,,,,,,,,,,,,,,,,,,,,,,,,,,,,,,,,,
2023,5,12,1,0,27.8,3.2,20.67,,,,,,,,,,,,,,,,,,,,,,,,,,,,,,,,,,,,
2023,5,12,2,0,24.1,3.3,25.77,,,,,,,,,,,,,,,,,,,,,,,,,,,,,,,,,,,,
2023,5,12,3,0,23,2.4,25.8,,,,,,,,,,,,,,,,,,,,,,,,,,,,,,,,,,,,
2023,5,12,4,0,22.4,1.9,25.85,,,,,,,,,,,,,,,,,,,,,,,,,,,,,,,,,,,,
2023,5,12,5,0,21.8,1.4,26.02,,,,,,,,,,,,,,,,,,,,,,,,,,,,,,,,,,,,
2023,5,12,6,0,21.2,1.2,26.48,,,,,,,,,,,,,,,,,,,,,,,,,,,,,,,,,,,,
2023,5,12,7,0,20.8,1,26.86,,,,,,,,,,,,,,,,,,,,,,,,,,,,,,,,,,,,
2023,5,12,8,0,20.6,0.7,26.53,,,,,,,,,,,,,,,,,,,,,,,,,,,,,,,,,,,,
2023,5,12,9,0,20.1,0.7,27.41,,,,,,,,,,,,,,,,,,,,,,,,,,,,,,,,,,,,
2023,5,12,10,0,18.7,1,30.49,,,,,,,,,,,,,,,,,,,,,,,,,,,,,,,,,,,,
2023,5,12,11,0,17.6,1.3,33.49,,,,,,,,,,,,,,,,,,,,,,,,,,,,,,,,,,,,
2023,5,12,12,0,16.6,1.8,36.87,,,,,,,,,,,,,,,,,,,,,,,,,,,,,,,,,,,,
2023,5,12,13,0,18.2,3.8,38.5,,,,,,,,,,,,,,,,,,,,,,,,,,,,,,,,,,,,
2023,5,12,14,0,21.8,2,27.05,,,,,,,,,,,,,,,,,,,,,,,,,,,,,,,,,,,,
2023,5,12,15,0,25.5,1.8,21.31,,,,,,,,,,,,,,,,,,,,,,,,,,,,,,,,,,,,
2023,5,12,16,0,28.6,1.5,17.37,,,,,,,,,,,,,,,,,,,,,,,,,,,,,,,,,,,,
2023,5,12,17,0,31.1,1,14.56,,,,,,,,,,,,,,,,,,,,,,,,,,,,,,,,,,,,
2023,5,12,18,0,32.9,0.8,12.93,,,,,,,,,,,,,,,,,,,,,,,,,,,,,,,,,,,,
2023,5,12,19,0,34.1,0.5,11.84,,,,,,,,,,,,,,,,,,,,,,,,,,,,,,,,,,,,
2023,5,12,20,0,34.9,0.2,11.1,,,,,,,,,,,,,,,,,,,,,,,,,,,,,,,,,,,,
2023,5,12,21,0,35.3,-0.1,10.65,,,,,,,,,,,,,,,,,,,,,,,,,,,,,,,,,,,,
2023,5,12,22,0,35.2,-0.2,10.58,,,,,,,,,,,,,,,,,,,,,,,,,,,,,,,,,,,,
2023,5,12,23,0,34.8,-0.3,10.75,,,,,,,,,,,,,,,,,,,,,,,,,,,,,,,,,,,,
2023,5,13,0,0,33.8,-0.3,11.36,,,,,,,,,,,,,,,,,,,,,,,,,,,,,,,,,,,,
2023,5,13,1,0,30.6,6,21.31,,,,,,,,,,,,,,,,,,,,,,,,,,,,,,,,,,,,
2023,5,13,2,0,27,5.4,25.12,,,,,,,,,,,,,,,,,,,,,,,,,,,,,,,,,,,,
2023,5,13,3,0,25.8,4.5,25.39,,,,,,,,,,,,,,,,,,,,,,,,,,,,,,,,,,,,
2023,5,13,4,0,24.8,4.1,26.12,,,,,,,,,,,,,,,,,,,,,,,,,,,,,,,,,,,,
2023,5,13,5,0,23.9,3.7,26.89,,,,,,,,,,,,,,,,,,,,,,,,,,,,,,,,,,,,
2023,5,13,6,0,23.2,3.3,27.2,,,,,,,,,,,,,,,,,,,,,,,,,,,,,,,,,,,,
2023,5,13,7,0,22.2,3.2,28.84,,,,,,,,,,,,,,,,,,,,,,,,,,,,,,,,,,,,
2023,5,13,8,0,20.7,3.2,31.59,,,,,,,,,,,,,,,,,,,,,,,,,,,,,,,,,,,,
2023,5,13,9,0,19.8,3,32.79,,,,,,,,,,,,,,,,,,,,,,,,,,,,,,,,,,,,
2023,5,13,10,0,19,3.1,34.86,,,,,,,,,,,,,,,,,,,,,,,,,,,,,,,,,,,,
2023,5,13,11,0,18.3,3.6,37.74,,,,,,,,,,,,,,,,,,,,,,,,,,,,,,,,,,,,
2023,5,13,12,0,17.8,4,39.97,,,,,,,,,,,,,,,,,,,,,,,,,,,,,,,,,,,,
2023,5,13,13,0,20.3,4.9,36.52,,,,,,,,,,,,,,,,,,,,,,,,,,,,,,,,,,,,
2023,5,13,14,0,24.3,3.4,25.78,,,,,,,,,,,,,,,,,,,,,,,,,,,,,,,,,,,,
2023,5,13,15,0,27.1,2.7,20.68,,,,,,,,,,,,,,,,,,,,,,,,,,,,,,,,,,,,
2023,5,13,16,0,29.5,2.4,17.66,,,,,,,,,,,,,,,,,,,,,,,,,,,,,,,,,,,,
2023,5,13,17,0,32,2,14.9,,,,,,,,,,,,,,,,,,,,,,,,,,,,,,,,,,,,
2023,5,13,18,0,34.3,1.8,12.85,,,,,,,,,,,,,,,,,,,,,,,,,,,,,,,,,,,,
2023,5,13,19,0,35.7,1.7,11.83,,,,,,,,,,,,,,,,,,,,,,,,,,,,,,,,,,,,
2023,5,13,20,0,36.6,1.6,11.21,,,,,,,,,,,,,,,,,,,,,,,,,,,,,,,,,,,,
2023,5,13,21,0,36.9,1.4,10.84,,,,,,,,,,,,,,,,,,,,,,,,,,,,,,,,,,,,
2023,5,13,22,0,36.7,1,10.67,,,,,,,,,,,,,,,,,,,,,,,,,,,,,,,,,,,,
2023,5,13,23,0,36.1,0.6,10.7,,,,,,,,,,,,,,,,,,,,,,,,,,,,,,,,,,,,
2023,5,14,0,0,34.9,0.3,11.21,,,,,,,,,,,,,,,,,,,,,,,,,,,,,,,,,,,,
2023,5,14,1,0,31.8,6.2,20.11,,,,,,,,,,,,,,,,,,,,,,,,,,,,,,,,,,,,
2023,5,14,2,0,28.1,5.5,23.75,,,,,,,,,,,,,,,,,,,,,,,,,,,,,,,,,,,,
2023,5,14,3,0,27,4.5,23.73,,,,,,,,,,,,,,,,,,,,,,,,,,,,,,,,,,,,
2023,5,14,4,0,26,4.3,24.66,,,,,,,,,,,,,,,,,,,,,,,,,,,,,,,,,,,,
2023,5,14,5,0,25.1,4,25.54,,,,,,,,,,,,,,,,,,,,,,,,,,,,,,,,,,,,
2023,5,14,6,0,24.8,3.6,25.22,,,,,,,,,,,,,,,,,,,,,,,,,,,,,,,,,,,,
2023,5,14,7,0,25,2.8,23.63,,,,,,,,,,,,,,,,,,,,,,,,,,,,,,,,,,,,
2023,5,14,8,0,22,4.1,31.02,,,,,,,,,,,,,,,,,,,,,,,,,,,,,,,,,,,,
2023,5,14,9,0,21.3,4.2,32.59,,,,,,,,,,,,,,,,,,,,,,,,,,,,,,,,,,,,
2023,5,14,10,0,20.8,6.6,39.84,,,,,,,,,,,,,,,,,,,,,,,,,,,,,,,,,,,,
2023,5,14,11,0,20.4,9.1,48.15,,,,,,,,,,,,,,,,,,,,,,,,,,,,,,,,,,,,
2023,5,14,12,0,20.1,10.2,52.76,,,,,,,,,,,,,,,,,,,,,,,,,,,,,,,,,,,,
2023,5,14,13,0,22.7,10.6,46.21,,,,,,,,,,,,,,,,,,,,,,,,,,,,,,,,,,,,
2023,5,14,14,0,26.2,10.4,37.19,,,,,,,,,,,,,,,,,,,,,,,,,,,,,,,,,,,,
2023,5,14,15,0,29.2,9.6,29.54,,,,,,,,,,,,,,,,,,,,,,,,,,,,,,,,,,,,
2023,5,14,16,0,31.6,8.5,23.8,,,,,,,,,,,,,,,,,,,,,,,,,,,,,,,,,,,,
2023,5,14,17,0,33.6,7.4,19.77,,,,,,,,,,,,,,,,,,,,,,,,,,,,,,,,,,,,
2023,5,14,18,0,35.2,6.4,16.9,,,,,,,,,,,,,,,,,,,,,,,,,,,,,,,,,,,,
2023,5,14,19,0,36.4,5.5,14.84,,,,,,,,,,,,,,,,,,,,,,,,,,,,,,,,,,,,
2023,5,14,20,0,37.3,4.5,13.21,,,,,,,,,,,,,,,,,,,,,,,,,,,,,,,,,,,,
2023,5,14,21,0,37.6,3.6,12.22,,,,,,,,,,,,,,,,,,,,,,,,,,,,,,,,,,,,
2023,5,14,22,0,37.6,2.7,11.47,,,,,,,,,,,,,,,,,,,,,,,,,,,,,,,,,,,,
2023,5,14,23,0,37.1,2,11.17,,,,,,,,,,,,,,,,,,,,,,,,,,,,,,,,,,,,
2023,5,15,0,0,36.1,1.6,11.45,,,,,,,,,,,,,,,,,,,,,,,,,,,,,,,,,,,,
2023,5,15,1,0,33.3,8,20.95,,,,,,,,,,,,,,,,,,,,,,,,,,,,,,,,,,,,
2023,5,15,2,0,30.6,6.1,21.44,,,,,,,,,,,,,,,,,,,,,,,,,,,,,,,,,,,,
2023,5,15,3,0,29.9,5.1,20.83,,,,,,,,,,,,,,,,,,,,,,,,,,,,,,,,,,,,
2023,5,15,4,0,27.9,6,24.86,,,,,,,,,,,,,,,,,,,,,,,,,,,,,,,,,,,,
2023,5,15,5,0,26,6.5,28.91,,,,,,,,,,,,,,,,,,,,,,,,,,,,,,,,,,,,
2023,5,15,6,0,25.4,7.4,31.73,,,,,,,,,,,,,,,,,,,,,,,,,,,,,,,,,,,,
2023,5,15,7,0,24.6,8.7,36.29,,,,,,,,,,,,,,,,,,,,,,,,,,,,,,,,,,,,
2023,5,15,8,0,23.4,10.2,43.21,,,,,,,,,,,,,,,,,,,,,,,,,,,,,,,,,,,,
2023,5,15,9,0,22.6,11.2,48.42,,,,,,,,,,,,,,,,,,,,,,,,,,,,,,,,,,,,
2023,5,15,10,0,22.1,11.3,50.27,,,,,,,,,,,,,,,,,,,,,,,,,,,,,,,,,,,,
2023,5,15,11,0,21.8,10.8,49.75,,,,,,,,,,,,,,,,,,,,,,,,,,,,,,,,,,,,
2023,5,15,12,0,21.6,10.3,48.43,,,,,,,,,,,,,,,,,,,,,,,,,,,,,,,,,,,,
2023,5,15,13,0,24.3,9.8,39.84,,,,,,,,,,,,,,,,,,,,,,,,,,,,,,,,,,,,
2023,5,15,14,0,27.8,9.2,31.07,,,,,,,,,,,,,,,,,,,,,,,,,,,,,,,,,,,,
2023,5,15,15,0,31.2,8.7,24.7,,,,,,,,,,,,,,,,,,,,,,,,,,,,,,,,,,,,
2023,5,15,16,0,33.5,8.9,21.98,,,,,,,,,,,,,,,,,,,,,,,,,,,,,,,,,,,,
2023,5,15,17,0,35.5,9.2,20.18,,,,,,,,,,,,,,,,,,,,,,,,,,,,,,,,,,,,
2023,5,15,18,0,37,9.4,18.74,,,,,,,,,,,,,,,,,,,,,,,,,,,,,,,,,,,,
2023,5,15,19,0,38.2,9.3,17.42,,,,,,,,,,,,,,,,,,,,,,,,,,,,,,,,,,,,
2023,5,15,20,0,38.9,9,16.45,,,,,,,,,,,,,,,,,,,,,,,,,,,,,,,,,,,,
2023,5,15,21,0,39.1,8.5,15.81,,,,,,,,,,,,,,,,,,,,,,,,,,,,,,,,,,,,
2023,5,15,22,0,39,8,15.29,,,,,,,,,,,,,,,,,,,,,,,,,,,,,,,,,,,,
2023,5,15,23,0,38.4,7.4,15.21,,,,,,,,,,,,,,,,,,,,,,,,,,,,,,,,,,,,
2023,5,16,0,0,37.4,7,15.66,,,,,,,,,,,,,,,,,,,,,,,,,,,,,,,,,,,,
2023,5,16,1,0,35.4,11,22.85,,,,,,,,,,,,,,,,,,,,,,,,,,,,,,,,,,,,
2023,5,16,2,0,32.8,10.7,25.94,,,,,,,,,,,,,,,,,,,,,,,,,,,,,,,,,,,,
2023,5,16,3,0,30.5,10.5,29.02,,,,,,,,,,,,,,,,,,,,,,,,,,,,,,,,,,,,
2023,5,16,4,0,28.8,9.7,30.47,,,,,,,,,,,,,,,,,,,,,,,,,,,,,,,,,,,,
2023,5,16,5,0,27.7,9.3,31.6,,,,,,,,,,,,,,,,,,,,,,,,,,,,,,,,,,,,
2023,5,16,6,0,26.8,9.5,33.75,,,,,,,,,,,,,,,,,,,,,,,,,,,,,,,,,,,,
2023,5,16,7,0,25.9,9.9,36.55,,,,,,,,,,,,,,,,,,,,,,,,,,,,,,,,,,,,
2023,5,16,8,0,25.2,10.1,38.58,,,,,,,,,,,,,,,,,,,,,,,,,,,,,,,,,,,,
2023,5,16,9,0,24.4,10,40.22,,,,,,,,,,,,,,,,,,,,,,,,,,,,,,,,,,,,
2023,5,16,10,0,23.7,9.7,41.17,,,,,,,,,,,,,,,,,,,,,,,,,,,,,,,,,,,,
2023,5,16,11,0,22.9,9.5,42.49,,,,,,,,,,,,,,,,,,,,,,,,,,,,,,,,,,,,
2023,5,16,12,0,22.5,9.3,43.02,,,,,,,,,,,,,,,,,,,,,,,,,,,,,,,,,,,,
2023,5,16,13,0,25,9.5,37.53,,,,,,,,,,,,,,,,,,,,,,,,,,,,,,,,,,,,
2023,5,16,14,0,28.6,8.9,29.13,,,,,,,,,,,,,,,,,,,,,,,,,,,,,,,,,,,,
2023,5,16,15,0,32.2,8.3,22.75,,,,,,,,,,,,,,,,,,,,,,,,,,,,,,,,,,,,
2023,5,16,16,0,34.6,7.9,19.38,,,,,,,,,,,,,,,,,,,,,,,,,,,,,,,,,,,,
2023,5,16,17,0,36.5,7.8,17.33,,,,,,,,,,,,,,,,,,,,,,,,,,,,,,,,,,,,
2023,5,16,18,0,37.9,7.7,15.96,,,,,,,,,,,,,,,,,,,,,,,,,,,,,,,,,,,,
2023,5,16,19,0,38.8,7.6,15.05,,,,,,,,,,,,,,,,,,,,,,,,,,,,,,,,,,,,
2023,5,16,20,0,39.5,7.3,14.25,,,,,,,,,,,,,,,,,,,,,,,,,,,,,,,,,,,,
2023,5,16,21,0,39.5,7.1,14.02,,,,,,,,,,,,,,,,,,,,,,,,,,,,,,,,,,,,
2023,5,16,22,0,39,7.1,14.42,,,,,,,,,,,,,,,,,,,,,,,,,,,,,,,,,,,,
2023,5,16,23,0,38.2,7.4,15.32,,,,,,,,,,,,,,,,,,,,,,,,,,,,,,,,,,,,
2023,5,17,0,0,36.8,8.1,17.44,,,,,,,,,,,,,,,,,,,,,,,,,,,,,,,,,,,,
2023,5,17,1,0,34.1,10.2,23.29,,,,,,,,,,,,,,,,,,,,,,,,,,,,,,,,,,,,
2023,5,17,2,0,29.9,13,35.51,,,,,,,,,,,,,,,,,,,,,,,,,,,,,,,,,,,,
2023,5,17,3,0,27.4,14.6,45.56,,,,,,,,,,,,,,,,,,,,,,,,,,,,,,,,,,,,
2023,5,17,4,0,26.1,14.9,50.04,,,,,,,,,,,,,,,,,,,,,,,,,,,,,,,,,,,,
2023,5,17,5,0,25.2,14.7,52.13,,,,,,,,,,,,,,,,,,,,,,,,,,,,,,,,,,,,
2023,5,17,6,0,24.4,14.7,54.88,,,,,,,,,,,,,,,,,,,,,,,,,,,,,,,,,,,,
2023,5,17,7,0,23.7,14.9,57.83,,,,,,,,,,,,,,,,,,,,,,,,,,,,,,,,,,,,
2023,5,17,8,0,23.1,14.8,59.63,,,,,,,,,,,,,,,,,,,,,,,,,,,,,,,,,,,,
2023,5,17,9,0,22.8,14.4,59.21,,,,,,,,,,,,,,,,,,,,,,,,,,,,,,,,,,,,
2023,5,17,10,0,22.6,14,58.12,,,,,,,,,,,,,,,,,,,,,,,,,,,,,,,,,,,,
2023,5,17,11,0,22.2,13.7,58.67,,,,,,,,,,,,,,,,,,,,,,,,,,,,,,,,,,,,
2023,5,17,12,0,21.9,13.5,58.93,,,,,,,,,,,,,,,,,,,,,,,,,,,,,,,,,,,,
2023,5,17,13,0,23.9,13.4,51.79,,,,,,,,,,,,,,,,,,,,,,,,,,,,,,,,,,,,
2023,5,17,14,0,26.7,11.7,39.3,,,,,,,,,,,,,,,,,,,,,,,,,,,,,,,,,,,,
2023,5,17,15,0,29.8,11.2,31.78,,,,,,,,,,,,,,,,,,,,,,,,,,,,,,,,,,,,
2023,5,17,16,0,32,12.1,29.71,,,,,,,,,,,,,,,,,,,,,,,,,,,,,,,,,,,,
2023,5,17,17,0,33.4,12.8,28.8,,,,,,,,,,,,,,,,,,,,,,,,,,,,,,,,,,,,
2023,5,17,18,0,34.5,13.2,27.7,,,,,,,,,,,,,,,,,,,,,,,,,,,,,,,,,,,,
2023,5,17,19,0,35.5,13.1,26.06,,,,,,,,,,,,,,,,,,,,,,,,,,,,,,,,,,,,
2023,5,17,20,0,36.3,12.9,24.59,,,,,,,,,,,,,,,,,,,,,,,,,,,,,,,,,,,,
2023,5,17,21,0,36.8,12.5,23.34,,,,,,,,,,,,,,,,,,,,,,,,,,,,,,,,,,,,
2023,5,17,22,0,37,11.9,22.25,,,,,,,,,,,,,,,,,,,,,,,,,,,,,,,,,,,,
2023,5,17,23,0,36.8,11.3,21.58,,,,,,,,,,,,,,,,,,,,,,,,,,,,,,,,,,,,
2023,5,18,0,0,35.9,10.8,21.97,,,,,,,,,,,,,,,,,,,,,,,,,,,,,,,,,,,,
2023,5,18,1,0,34.2,13.9,29.44,,,,,,,,,,,,,,,,,,,,,,,,,,,,,,,,,,,,
2023,5,18,2,0,31.7,14.7,35.78,,,,,,,,,,,,,,,,,,,,,,,,,,,,,,,,,,,,
2023,5,18,3,0,30.5,13.8,36.07,,,,,,,,,,,,,,,,,,,,,,,,,,,,,,,,,,,,
2023,5,18,4,0,29.2,13.4,37.97,,,,,,,,,,,,,,,,,,,,,,,,,,,,,,,,,,,,
2023,5,18,5,0,27.8,12.8,39.59,,,,,,,,,,,,,,,,,,,,,,,,,,,,,,,,,,,,
2023,5,18,6,0,26.6,12.1,40.67,,,,,,,,,,,,,,,,,,,,,,,,,,,,,,,,,,,,
2023,5,18,7,0,25.2,11.6,42.54,,,,,,,,,,,,,,,,,,,,,,,,,,,,,,,,,,,,
2023,5,18,8,0,24.2,11.1,43.77,,,,,,,,,,,,,,,,,,,,,,,,,,,,,,,,,,,,
2023,5,18,9,0,23.7,11,44.77,,,,,,,,,,,,,,,,,,,,,,,,,,,,,,,,,,,,
2023,5,18,10,0,23.2,10.8,45.64,,,,,,,,,,,,,,,,,,,,,,,,,,,,,,,,,,,,
2023,5,18,11,0,22.7,11.4,48.83,,,,,,,,,,,,,,,,,,,,,,,,,,,,,,,,,,,,
2023,5,18,12,0,22.5,12.2,52.05,,,,,,,,,,,,,,,,,,,,,,,,,,,,,,,,,,,,
2023,5,18,13,0,24.1,13.1,50.25,,,,,,,,,,,,,,,,,,,,,,,,,,,,,,,,,,,,
2023,5,18,14,0,26.4,11.4,39.05,,,,,,,,,,,,,,,,,,,,,,,,,,,,,,,,,,,,
2023,5,18,15,0,28.8,8.9,28.87,,,,,,,,,,,,,,,,,,,,,,,,,,,,,,,,,,,,
2023,5,18,16,0,30.8,8,24.17,,,,,,,,,,,,,,,,,,,,,,,,,,,,,,,,,,,,
2023,5,18,17,0,32.4,7.8,21.7,,,,,,,,,,,,,,,,,,,,,,,,,,,,,,,,,,,,
2023,5,18,18,0,33.9,7.7,19.85,,,,,,,,,,,,,,,,,,,,,,,,,,,,,,,,,,,,
2023,5,18,19,0,35.1,7.6,18.48,,,,,,,,,,,,,,,,,,,,,,,,,,,,,,,,,,,,
2023,5,18,20,0,35.7,7.6,17.86,,,,,,,,,,,,,,,,,,,,,,,,,,,,,,,,,,,,
2023,5,18,21,0,36.1,7.6,17.52,,,,,,,,,,,,,,,,,,,,,,,,,,,,,,,,,,,,
2023,5,18,22,0,36.1,7.7,17.63,,,,,,,,,,,,,,,,,,,,,,,,,,,,,,,,,,,,
2023,5,18,23,0,35.6,7.9,18.36,,,,,,,,,,,,,,,,,,,,,,,,,,,,,,,,,,,,
2023,5,19,0,0,34.3,8.8,20.87,,,,,,,,,,,,,,,,,,,,,,,,,,,,,,,,,,,,
2023,5,19,1,0,31.8,12.2,30.13,,,,,,,,,,,,,,,,,,,,,,,,,,,,,,,,,,,,
2023,5,19,2,0,29.1,13.8,39.13,,,,,,,,,,,,,,,,,,,,,,,,,,,,,,,,,,,,
2023,5,19,3,0,27.4,14.7,45.74,,,,,,,,,,,,,,,,,,,,,,,,,,,,,,,,,,,,
2023,5,19,4,0,26.4,14.9,49.11,,,,,,,,,,,,,,,,,,,,,,,,,,,,,,,,,,,,
2023,5,19,5,0,25.7,14.9,51.42,,,,,,,,,,,,,,,,,,,,,,,,,,,,,,,,,,,,
2023,5,19,6,0,25,14.8,53.22,,,,,,,,,,,,,,,,,,,,,,,,,,,,,,,,,,,,
2023,5,19,7,0,24.1,14.7,55.61,,,,,,,,,,,,,,,,,,,,,,,,,,,,,,,,,,,,
2023,5,19,8,0,23.3,14.6,58.08,,,,,,,,,,,,,,,,,,,,,,,,,,,,,,,,,,,,
2023,5,19,9,0,22.6,14.5,60.32,,,,,,,,,,,,,,,,,,,,,,,,,,,,,,,,,,,,
2023,5,19,10,0,22.2,14.7,62.55,,,,,,,,,,,,,,,,,,,,,,,,,,,,,,,,,,,,
2023,5,19,11,0,21.8,15,65.21,,,,,,,,,,,,,,,,,,,,,,,,,,,,,,,,,,,,
2023,5,19,12,0,21.5,15.3,67.61,,,,,,,,,,,,,,,,,,,,,,,,,,,,,,,,,,,,
2023,5,19,13,0,22.9,15.6,63.34,,,,,,,,,,,,,,,,,,,,,,,,,,,,,,,,,,,,
2023,5,19,14,0,24.8,14.7,53.37,,,,,,,,,,,,,,,,,,,,,,,,,,,,,,,,,,,,
2023,5,19,15,0,27,13.2,42.52,,,,,,,,,,,,,,,,,,,,,,,,,,,,,,,,,,,,
2023,5,19,16,0,29.2,12.3,35.33,,,,,,,,,,,,,,,,,,,,,,,,,,,,,,,,,,,,
2023,5,19,17,0,30.8,11.9,31.38,,,,,,,,,,,,,,,,,,,,,,,,,,,,,,,,,,,,
2023,5,19,18,0,31.9,11.7,29.06,,,,,,,,,,,,,,,,,,,,,,,,,,,,,,,,,,,,
2023,5,19,19,0,32.4,11.5,27.94,,,,,,,,,,,,,,,,,,,,,,,,,,,,,,,,,,,,
2023,5,19,20,0,32.5,11.4,27.6,,,,,,,,,,,,,,,,,,,,,,,,,,,,,,,,,,,,
2023,5,19,21,0,32.5,11.1,27.09,,,,,,,,,,,,,,,,,,,,,,,,,,,,,,,,,,,,
2023,5,19,22,0,32.2,10.7,26.83,,,,,,,,,,,,,,,,,,,,,,,,,,,,,,,,,,,,
2023,5,19,23,0,31.5,10.5,27.47,,,,,,,,,,,,,,,,,,,,,,,,,,,,,,,,,,,,
2023,5,20,0,0,30.5,10.7,29.54,,,,,,,,,,,,,,,,,,,,,,,,,,,,,,,,,,,,
2023,5,20,1,0,28.2,12.3,37.53,,,,,,,,,,,,,,,,,,,,,,,,,,,,,,,,,,,,
2023,5,20,2,0,25.7,13.7,47.42,,,,,,,,,,,,,,,,,,,,,,,,,,,,,,,,,,,,
2023,5,20,3,0,24,14.7,55.91,,,,,,,,,,,,,,,,,,,,,,,,,,,,,,,,,,,,
2023,5,20,4,0,23.2,14.9,59.65,,,,,,,,,,,,,,,,,,,,,,,,,,,,,,,,,,,,
2023,5,20,5,0,22.8,14.8,60.73,,,,,,,,,,,,,,,,,,,,,,,,,,,,,,,,,,,,
2023,5,20,6,0,22.5,14.7,61.22,,,,,,,,,,,,,,,,,,,,,,,,,,,,,,,,,,,,
2023,5,20,7,0,22.1,14.5,62.26,,,,,,,,,,,,,,,,,,,,,,,,,,,,,,,,,,,,
2023,5,20,8,0,21.9,14.3,62.1,,,,,,,,,,,,,,,,,,,,,,,,,,,,,,,,,,,,
2023,5,20,9,0,21.8,14.1,61.61,,,,,,,,,,,,,,,,,,,,,,,,,,,,,,,,,,,,
2023,5,20,10,0,21.1,14,64.05,,,,,,,,,,,,,,,,,,,,,,,,,,,,,,,,,,,,
2023,5,20,11,0,20.1,13.9,67.44,,,,,,,,,,,,,,,,,,,,,,,,,,,,,,,,,,,,
2023,5,20,12,0,19.5,13.6,68.75,,,,,,,,,,,,,,,,,,,,,,,,,,,,,,,,,,,,
2023,5,20,13,0,21.6,13.5,60.13,,,,,,,,,,,,,,,,,,,,,,,,,,,,,,,,,,,,
2023,5,20,14,0,24.6,12.7,47.57,,,,,,,,,,,,,,,,,,,,,,,,,,,,,,,,,,,,
2023,5,20,15,0,28,10.8,34.27,,,,,,,,,,,,,,,,,,,,,,,,,,,,,,,,,,,,
2023,5,20,16,0,30.8,9.1,26.04,,,,,,,,,,,,,,,,,,,,,,,,,,,,,,,,,,,,
2023,5,20,17,0,32.7,8.5,22.39,,,,,,,,,,,,,,,,,,,,,,,,,,,,,,,,,,,,
2023,5,20,18,0,34.3,8.1,20.02,,,,,,,,,,,,,,,,,,,,,,,,,,,,,,,,,,,,
2023,5,20,19,0,35.4,7.9,18.56,,,,,,,,,,,,,,,,,,,,,,,,,,,,,,,,,,,,
2023,5,20,20,0,36.2,7.7,17.53,,,,,,,,,,,,,,,,,,,,,,,,,,,,,,,,,,,,
2023,5,20,21,0,36.5,7.4,16.84,,,,,,,,,,,,,,,,,,,,,,,,,,,,,,,,,,,,
2023,5,20,22,0,36.4,6.7,16.21,,,,,,,,,,,,,,,,,,,,,,,,,,,,,,,,,,,,
2023,5,20,23,0,35.9,6,15.79,,,,,,,,,,,,,,,,,,,,,,,,,,,,,,,,,,,,
2023,5,21,0,0,34.9,5.2,15.81,,,,,,,,,,,,,,,,,,,,,,,,,,,,,,,,,,,,
2023,5,21,1,0,32.8,8.1,21.69,,,,,,,,,,,,,,,,,,,,,,,,,,,,,,,,,,,,
2023,5,21,2,0,29.2,9.6,29.41,,,,,,,,,,,,,,,,,,,,,,,,,,,,,,,,,,,,
2023,5,21,3,0,27.6,8.3,29.67,,,,,,,,,,,,,,,,,,,,,,,,,,,,,,,,,,,,
2023,5,21,4,0,26.3,7.6,30.59,,,,,,,,,,,,,,,,,,,,,,,,,,,,,,,,,,,,
2023,5,21,5,0,25.1,7.2,31.94,,,,,,,,,,,,,,,,,,,,,,,,,,,,,,,,,,,,
2023,5,21,6,0,24,7.1,33.81,,,,,,,,,,,,,,,,,,,,,,,,,,,,,,,,,,,,
2023,5,21,7,0,23.1,7.2,35.99,,,,,,,,,,,,,,,,,,,,,,,,,,,,,,,,,,,,
2023,5,21,8,0,22.4,7.4,37.99,,,,,,,,,,,,,,,,,,,,,,,,,,,,,,,,,,,,
2023,5,21,9,0,22.1,7.4,38.8,,,,,,,,,,,,,,,,,,,,,,,,,,,,,,,,,,,,
2023,5,21,10,0,22.1,7.3,38.46,,,,,,,,,,,,,,,,,,,,,,,,,,,,,,,,,,,,
2023,5,21,11,0,21.4,7.3,40.14,,,,,,,,,,,,,,,,,,,,,,,,,,,,,,,,,,,,
2023,5,21,12,0,20.4,7.1,42.19,,,,,,,,,,,,,,,,,,,,,,,,,,,,,,,,,,,,
2023,5,21,13,0,22.7,7.4,37.28,,,,,,,,,,,,,,,,,,,,,,,,,,,,,,,,,,,,
2023,5,21,14,0,26.1,5.5,26.81,,,,,,,,,,,,,,,,,,,,,,,,,,,,,,,,,,,,
2023,5,21,15,0,29.5,3.8,19.46,,,,,,,,,,,,,,,,,,,,,,,,,,,,,,,,,,,,
2023,5,21,16,0,32,3,15.98,,,,,,,,,,,,,,,,,,,,,,,,,,,,,,,,,,,,
2023,5,21,17,0,34,2.8,14.05,,,,,,,,,,,,,,,,,,,,,,,,,,,,,,,,,,,,
2023,5,21,18,0,35.7,2.6,12.64,,,,,,,,,,,,,,,,,,,,,,,,,,,,,,,,,,,,
2023,5,21,19,0,36.9,2.6,11.79,,,,,,,,,,,,,,,,,,,,,,,,,,,,,,,,,,,,
2023,5,21,20,0,37.7,2.6,11.33,,,,,,,,,,,,,,,,,,,,,,,,,,,,,,,,,,,,
2023,5,21,21,0,38,2.7,11.19,,,,,,,,,,,,,,,,,,,,,,,,,,,,,,,,,,,,
2023,5,21,22,0,37.9,2.6,11.17,,,,,,,,,,,,,,,,,,,,,,,,,,,,,,,,,,,,
2023,5,21,23,0,37.3,2.3,11.31,,,,,,,,,,,,,,,,,,,,,,,,,,,,,,,,,,,,
2023,5,22,0,0,36.3,2,11.7,,,,,,,,,,,,,,,,,,,,,,,,,,,,,,,,,,,,
2023,5,22,1,0,34.2,6.6,18.12,,,,,,,,,,,,,,,,,,,,,,,,,,,,,,,,,,,,
2023,5,22,2,0,31.3,7,22,,,,,,,,,,,,,,,,,,,,,,,,,,,,,,,,,,,,
2023,5,22,3,0,29.8,5.7,21.91,,,,,,,,,,,,,,,,,,,,,,,,,,,,,,,,,,,,
2023,5,22,4,0,28.4,5.3,23,,,,,,,,,,,,,,,,,,,,,,,,,,,,,,,,,,,,
2023,5,22,5,0,27,5,24.5,,,,,,,,,,,,,,,,,,,,,,,,,,,,,,,,,,,,
2023,5,22,6,0,25.2,5.1,27.52,,,,,,,,,,,,,,,,,,,,,,,,,,,,,,,,,,,,
2023,5,22,7,0,23.5,5.1,30.4,,,,,,,,,,,,,,,,,,,,,,,,,,,,,,,,,,,,
2023,5,22,8,0,22.3,5.1,32.63,,,,,,,,,,,,,,,,,,,,,,,,,,,,,,,,,,,,
2023,5,22,9,0,21.6,5.2,34.28,,,,,,,,,,,,,,,,,,,,,,,,,,,,,,,,,,,,
2023,5,22,10,0,21.5,5.1,34.24,,,,,,,,,,,,,,,,,,,,,,,,,,,,,,,,,,,,
2023,5,22,11,0,21.9,4.7,32.53,,,,,,,,,,,,,,,,,,,,,,,,,,,,,,,,,,,,
2023,5,22,12,0,21.9,4.5,32.09,,,,,,,,,,,,,,,,,,,,,,,,,,,,,,,,,,,,
2023,5,22,13,0,23.3,5.9,32.49,,,,,,,,,,,,,,,,,,,,,,,,,,,,,,,,,,,,
2023,5,22,14,0,26.6,3.2,22.12,,,,,,,,,,,,,,,,,,,,,,,,,,,,,,,,,,,,
2023,5,22,15,0,30,2.6,17.37,,,,,,,,,,,,,,,,,,,,,,,,,,,,,,,,,,,,
2023,5,22,16,0,32.4,2.6,15.13,,,,,,,,,,,,,,,,,,,,,,,,,,,,,,,,,,,,
2023,5,22,17,0,34.4,2.4,13.37,,,,,,,,,,,,,,,,,,,,,,,,,,,,,,,,,,,,
2023,5,22,18,0,36.1,2.2,11.99,,,,,,,,,,,,,,,,,,,,,,,,,,,,,,,,,,,,
2023,5,22,19,0,37.3,2.1,11.12,,,,,,,,,,,,,,,,,,,,,,,,,,,,,,,,,,,,
2023,5,22,20,0,38.1,1.9,10.5,,,,,,,,,,,,,,,,,,,,,,,,,,,,,,,,,,,,
2023,5,22,21,0,38.5,1.5,9.99,,,,,,,,,,,,,,,,,,,,,,,,,,,,,,,,,,,,
2023,5,22,22,0,38.4,0.8,9.54,,,,,,,,,,,,,,,,,,,,,,,,,,,,,,,,,,,,
2023,5,22,23,0,37.8,0,9.31,,,,,,,,,,,,,,,,,,,,,,,,,,,,,,,,,,,,
2023,5,23,0,0,36.8,-0.7,9.39,,,,,,,,,,,,,,,,,,,,,,,,,,,,,,,,,,,,
2023,5,23,1,0,34.4,4.9,15.88,,,,,,,,,,,,,,,,,,,,,,,,,,,,,,,,,,,,
2023,5,23,2,0,31,4.5,18.77,,,,,,,,,,,,,,,,,,,,,,,,,,,,,,,,,,,,
2023,5,23,3,0,29.3,3.2,18.92,,,,,,,,,,,,,,,,,,,,,,,,,,,,,,,,,,,,
2023,5,23,4,0,28,3,20,,,,,,,,,,,,,,,,,,,,,,,,,,,,,,,,,,,,
2023,5,23,5,0,26.3,2.8,21.9,,,,,,,,,,,,,,,,,,,,,,,,,,,,,,,,,,,,
2023,5,23,6,0,24.8,2.6,23.5,,,,,,,,,,,,,,,,,,,,,,,,,,,,,,,,,,,,
2023,5,23,7,0,23.5,2.3,24.92,,,,,,,,,,,,,,,,,,,,,,,,,,,,,,,,,,,,
2023,5,23,8,0,22.3,2.1,26.44,,,,,,,,,,,,,,,,,,,,,,,,,,,,,,,,,,,,
2023,5,23,9,0,21.4,2.1,27.84,,,,,,,,,,,,,,,,,,,,,,,,,,,,,,,,,,,,
2023,5,23,10,0,21.3,1.8,27.59,,,,,,,,,,,,,,,,,,,,,,,,,,,,,,,,,,,,
2023,5,23,11,0,21.9,1.2,25.38,,,,,,,,,,,,,,,,,,,,,,,,,,,,,,,,,,,,
2023,5,23,12,0,22.1,0.7,24.27,,,,,,,,,,,,,,,,,,,,,,,,,,,,,,,,,,,,
2023,5,23,13,0,23.4,2.5,25.53,,,,,,,,,,,,,,,,,,,,,,,,,,,,,,,,,,,,
2023,5,23,14,0,26.7,-1.1,16.14,,,,,,,,,,,,,,,,,,,,,,,,,,,,,,,,,,,,
2023,5,23,15,0,30.4,-2.9,11.43,,,,,,,,,,,,,,,,,,,,,,,,,,,,,,,,,,,,
2023,5,23,16,0,33.1,-3.7,9.23,,,,,,,,,,,,,,,,,,,,,,,,,,,,,,,,,,,,
2023,5,23,17,0,35.1,-4,8.08,,,,,,,,,,,,,,,,,,,,,,,,,,,,,,,,,,,,
2023,5,23,18,0,36.6,-4.1,7.35,,,,,,,,,,,,,,,,,,,,,,,,,,,,,,,,,,,,
2023,5,23,19,0,37.7,-4.5,6.71,,,,,,,,,,,,,,,,,,,,,,,,,,,,,,,,,,,,
2023,5,23,20,0,38.3,-5.1,6.23,,,,,,,,,,,,,,,,,,,,,,,,,,,,,,,,,,,,
2023,5,23,21,0,38.7,-5.6,5.86,,,,,,,,,,,,,,,,,,,,,,,,,,,,,,,,,,,,
2023,5,23,22,0,38.5,-6.1,5.71,,,,,,,,,,,,,,,,,,,,,,,,,,,,,,,,,,,,
2023,5,23,23,0,38,-6.4,5.72,,,,,,,,,,,,,,,,,,,,,,,,,,,,,,,,,,,,
2023,5,24,0,0,36.9,-6.3,6.12,,,,,,,,,,,,,,,,,,,,,,,,,,,,,,,,,,,,
2023,5,24,1,0,34.2,0.5,11.81,,,,,,,,,,,,,,,,,,,,,,,,,,,,,,,,,,,,
2023,5,24,2,0,29.9,2.1,16.85,,,,,,,,,,,,,,,,,,,,,,,,,,,,,,,,,,,,
2023,5,24,3,0,28.1,1.6,18.04,,,,,,,,,,,,,,,,,,,,,,,,,,,,,,,,,,,,
2023,5,24,4,0,27.1,1.7,19.28,,,,,,,,,,,,,,,,,,,,,,,,,,,,,,,,,,,,
2023,5,24,5,0,25.7,2.3,21.88,,,,,,,,,,,,,,,,,,,,,,,,,,,,,,,,,,,,
2023,5,24,6,0,24,3.3,25.96,,,,,,,,,,,,,,,,,,,,,,,,,,,,,,,,,,,,
2023,5,24,7,0,23,4.2,29.34,,,,,,,,,,,,,,,,,,,,,,,,,,,,,,,,,,,,
2023,5,24,8,0,23.1,4.1,29.11,,,,,,,,,,,,,,,,,,,,,,,,,,,,,,,,,,,,
2023,5,24,9,0,23.5,3.8,27.72,,,,,,,,,,,,,,,,,,,,,,,,,,,,,,,,,,,,
2023,5,24,10,0,23.3,3.5,27.39,,,,,,,,,,,,,,,,,,,,,,,,,,,,,,,,,,,,
2023,5,24,11,0,21.8,3.6,30.29,,,,,,,,,,,,,,,,,,,,,,,,,,,,,,,,,,,,
2023,5,24,12,0,20.6,3.7,32.94,,,,,,,,,,,,,,,,,,,,,,,,,,,,,,,,,,,,
2023,5,24,13,0,23.3,4.5,29.46,,,,,,,,,,,,,,,,,,,,,,,,,,,,,,,,,,,,
2023,5,24,14,0,26.8,4.6,24.17,,,,,,,,,,,,,,,,,,,,,,,,,,,,,,,,,,,,
2023,5,24,15,0,29.7,4.9,20.84,,,,,,,,,,,,,,,,,,,,,,,,,,,,,,,,,,,,
2023,5,24,16,0,31.9,4.1,17.29,,,,,,,,,,,,,,,,,,,,,,,,,,,,,,,,,,,,
2023,5,24,17,0,33.7,3.1,14.59,,,,,,,,,,,,,,,,,,,,,,,,,,,,,,,,,,,,
2023,5,24,18,0,35.2,2.1,12.55,,,,,,,,,,,,,,,,,,,,,,,,,,,,,,,,,,,,
2023,5,24,19,0,36.3,1.4,11.16,,,,,,,,,,,,,,,,,,,,,,,,,,,,,,,,,,,,
2023,5,24,20,0,37,0.7,10.24,,,,,,,,,,,,,,,,,,,,,,,,,,,,,,,,,,,,
2023,5,24,21,0,37.4,0.3,9.71,,,,,,,,,,,,,,,,,,,,,,,,,,,,,,,,,,,,
2023,5,24,22,0,37.3,0,9.59,,,,,,,,,,,,,,,,,,,,,,,,,,,,,,,,,,,,
2023,5,24,23,0,36.8,-0.2,9.69,,,,,,,,,,,,,,,,,,,,,,,,,,,,,,,,,,,,
2023,5,25,0,0,35.9,-0.5,10.01,,,,,,,,,,,,,,,,,,,,,,,,,,,,,,,,,,,,
2023,5,25,1,0,33.7,2,13.53,,,,,,,,,,,,,,,,,,,,,,,,,,,,,,,,,,,,
2023,5,25,2,0,29.2,3.4,19.25,,,,,,,,,,,,,,,,,,,,,,,,,,,,,,,,,,,,
2023,5,25,3,0,27.6,1.9,18.99,,,,,,,,,,,,,,,,,,,,,,,,,,,,,,,,,,,,
2023,5,25,4,0,26.5,0.6,18.46,,,,,,,,,,,,,,,,,,,,,,,,,,,,,,,,,,,,
2023,5,25,5,0,25.1,-0.1,19.02,,,,,,,,,,,,,,,,,,,,,,,,,,,,,,,,,,,,
2023,5,25,6,0,23.4,-0.2,20.98,,,,,,,,,,,,,,,,,,,,,,,,,,,,,,,,,,,,
2023,5,25,7,0,22,0.1,23.41,,,,,,,,,,,,,,,,,,,,,,,,,,,,,,,,,,,,
2023,5,25,8,0,21.3,0.6,25.21,,,,,,,,,,,,,,,,,,,,,,,,,,,,,,,,,,,,
2023,5,25,9,0,21.7,0.5,24.36,,,,,,,,,,,,,,,,,,,,,,,,,,,,,,,,,,,,
2023,5,25,10,0,22.5,0,22.42,,,,,,,,,,,,,,,,,,,,,,,,,,,,,,,,,,,,
2023,5,25,11,0,21,-0.5,23.81,,,,,,,,,,,,,,,,,,,,,,,,,,,,,,,,,,,,
2023,5,25,12,0,19.4,-0.7,25.9,,,,,,,,,,,,,,,,,,,,,,,,,,,,,,,,,,,,
2023,5,25,13,0,22.3,-1.1,21.03,,,,,,,,,,,,,,,,,,,,,,,,,,,,,,,,,,,,
2023,5,25,14,0,25.8,0.5,19.08,,,,,,,,,,,,,,,,,,,,,,,,,,,,,,,,,,,,
2023,5,25,15,0,28.6,2.6,18.81,,,,,,,,,,,,,,,,,,,,,,,,,,,,,,,,,,,,
2023,5,25,16,0,31.1,2.4,16.11,,,,,,,,,,,,,,,,,,,,,,,,,,,,,,,,,,,,
2023,5,25,17,0,33,1.7,13.77,,,,,,,,,,,,,,,,,,,,,,,,,,,,,,,,,,,,
2023,5,25,18,0,34.6,0.7,11.69,,,,,,,,,,,,,,,,,,,,,,,,,,,,,,,,,,,,
2023,5,25,19,0,35.9,-0.6,9.92,,,,,,,,,,,,,,,,,,,,,,,,,,,,,,,,,,,,
2023,5,25,20,0,36.8,-2,8.51,,,,,,,,,,,,,,,,,,,,,,,,,,,,,,,,,,,,
2023,5,25,21,0,37.4,-3.3,7.49,,,,,,,,,,,,,,,,,,,,,,,,,,,,,,,,,,,,
2023,5,25,22,0,37.5,-4.1,7.01,,,,,,,,,,,,,,,,,,,,,,,,,,,,,,,,,,,,
2023,5,25,23,0,37.1,-4.5,6.97,,,,,,,,,,,,,,,,,,,,,,,,,,,,,,,,,,,,
2023,5,26,0,0,36.1,-4.5,7.34,,,,,,,,,,,,,,,,,,,,,,,,,,,,,,,,,,,,
2023,5,26,1,0,33.7,-2.6,9.65,,,,,,,,,,,,,,,,,,,,,,,,,,,,,,,,,,,,
2023,5,26,2,0,29.1,-0.7,14.47,,,,,,,,,,,,,,,,,,,,,,,,,,,,,,,,,,,,
2023,5,26,3,0,27.2,-0.5,16.31,,,,,,,,,,,,,,,,,,,,,,,,,,,,,,,,,,,,
2023,5,26,4,0,25.8,0.4,18.93,,,,,,,,,,,,,,,,,,,,,,,,,,,,,,,,,,,,
2023,5,26,5,0,24.2,1.8,23.09,,,,,,,,,,,,,,,,,,,,,,,,,,,,,,,,,,,,
2023,5,26,6,0,22.5,3.2,28.27,,,,,,,,,,,,,,,,,,,,,,,,,,,,,,,,,,,,
2023,5,26,7,0,21.6,4.1,31.87,,,,,,,,,,,,,,,,,,,,,,,,,,,,,,,,,,,,
2023,5,26,8,0,21.5,4.4,32.74,,,,,,,,,,,,,,,,,,,,,,,,,,,,,,,,,,,,
2023,5,26,9,0,21.2,4.5,33.58,,,,,,,,,,,,,,,,,,,,,,,,,,,,,,,,,,,,
2023,5,26,10,0,20.3,4.5,35.4,,,,,,,,,,,,,,,,,,,,,,,,,,,,,,,,,,,,
2023,5,26,11,0,19.3,4.3,37.26,,,,,,,,,,,,,,,,,,,,,,,,,,,,,,,,,,,,
2023,5,26,12,0,19,4.2,37.49,,,,,,,,,,,,,,,,,,,,,,,,,,,,,,,,,,,,
2023,5,26,13,0,22.2,4.4,31.22,,,,,,,,,,,,,,,,,,,,,,,,,,,,,,,,,,,,
2023,5,26,14,0,25.3,5.9,28.79,,,,,,,,,,,,,,,,,,,,,,,,,,,,,,,,,,,,
2023,5,26,15,0,27.7,6.1,25.35,,,,,,,,,,,,,,,,,,,,,,,,,,,,,,,,,,,,
2023,5,26,16,0,29.8,5,20.79,,,,,,,,,,,,,,,,,,,,,,,,,,,,,,,,,,,,
2023,5,26,17,0,31.7,3.5,16.81,,,,,,,,,,,,,,,,,,,,,,,,,,,,,,,,,,,,
2023,5,26,18,0,33.3,1.9,13.69,,,,,,,,,,,,,,,,,,,,,,,,,,,,,,,,,,,,
2023,5,26,19,0,34.6,0.4,11.49,,,,,,,,,,,,,,,,,,,,,,,,,,,,,,,,,,,,
2023,5,26,20,0,35.5,-0.7,10.04,,,,,,,,,,,,,,,,,,,,,,,,,,,,,,,,,,,,
2023,5,26,21,0,35.9,-1.4,9.35,,,,,,,,,,,,,,,,,,,,,,,,,,,,,,,,,,,,
2023,5,26,22,0,35.8,-1.7,9.22,,,,,,,,,,,,,,,,,,,,,,,,,,,,,,,,,,,,
2023,5,26,23,0,35.2,-1.8,9.42,,,,,,,,,,,,,,,,,,,,,,,,,,,,,,,,,,,,
2023,5,27,0,0,34,-1.9,9.99,,,,,,,,,,,,,,,,,,,,,,,,,,,,,,,,,,,,
2023,5,27,1,0,32,-1.6,11.44,,,,,,,,,,,,,,,,,,,,,,,,,,,,,,,,,,,,
2023,5,27,2,0,27.4,-0.2,16.52,,,,,,,,,,,,,,,,,,,,,,,,,,,,,,,,,,,,
2023,5,27,3,0,25.5,-0.7,17.78,,,,,,,,,,,,,,,,,,,,,,,,,,,,,,,,,,,,
2023,5,27,4,0,24.2,-1.4,18.25,,,,,,,,,,,,,,,,,,,,,,,,,,,,,,,,,,,,
2023,5,27,5,0,23,-1.8,19.09,,,,,,,,,,,,,,,,,,,,,,,,,,,,,,,,,,,,
2023,5,27,6,0,21.9,-1.7,20.53,,,,,,,,,,,,,,,,,,,,,,,,,,,,,,,,,,,,
2023,5,27,7,0,20.9,-1.3,22.6,,,,,,,,,,,,,,,,,,,,,,,,,,,,,,,,,,,,
2023,5,27,8,0,20.2,-0.7,24.59,,,,,,,,,,,,,,,,,,,,,,,,,,,,,,,,,,,,
2023,5,27,9,0,19.4,-0.2,26.83,,,,,,,,,,,,,,,,,,,,,,,,,,,,,,,,,,,,
2023,5,27,10,0,18.8,0.3,28.77,,,,,,,,,,,,,,,,,,,,,,,,,,,,,,,,,,,,
2023,5,27,11,0,18.3,0.7,30.65,,,,,,,,,,,,,,,,,,,,,,,,,,,,,,,,,,,,
2023,5,27,12,0,18.1,1.2,32.19,,,,,,,,,,,,,,,,,,,,,,,,,,,,,,,,,,,,
2023,5,27,13,0,20.8,1.9,28.67,,,,,,,,,,,,,,,,,,,,,,,,,,,,,,,,,,,,
2023,5,27,14,0,24.3,3.2,25.32,,,,,,,,,,,,,,,,,,,,,,,,,,,,,,,,,,,,
2023,5,27,15,0,27.5,3.3,21.04,,,,,,,,,,,,,,,,,,,,,,,,,,,,,,,,,,,,
2023,5,27,16,0,30.1,2.2,16.77,,,,,,,,,,,,,,,,,,,,,,,,,,,,,,,,,,,,
2023,5,27,17,0,31.9,1.6,14.54,,,,,,,,,,,,,,,,,,,,,,,,,,,,,,,,,,,,
2023,5,27,18,0,33.5,1.1,12.8,,,,,,,,,,,,,,,,,,,,,,,,,,,,,,,,,,,,
2023,5,27,19,0,34.8,0.5,11.39,,,,,,,,,,,,,,,,,,,,,,,,,,,,,,,,,,,,
2023,5,27,20,0,35.7,-0.3,10.23,,,,,,,,,,,,,,,,,,,,,,,,,,,,,,,,,,,,
2023,5,27,21,0,36.3,-1.1,9.31,,,,,,,,,,,,,,,,,,,,,,,,,,,,,,,,,,,,
2023,5,27,22,0,36.3,-2.1,8.7,,,,,,,,,,,,,,,,,,,,,,,,,,,,,,,,,,,,
2023,5,27,23,0,35.9,-2.9,8.34,,,,,,,,,,,,,,,,,,,,,,,,,,,,,,,,,,,,
2023,5,28,0,0,35,-3.4,8.46,,,,,,,,,,,,,,,,,,,,,,,,,,,,,,,,,,,,
2023,5,28,1,0,32.9,-1,11.35,,,,,,,,,,,,,,,,,,,,,,,,,,,,,,,,,,,,
2023,5,28,2,0,28.8,0.6,16.17,,,,,,,,,,,,,,,,,,,,,,,,,,,,,,,,,,,,
2023,5,28,3,0,27.6,-0.1,16.4,,,,,,,,,,,,,,,,,,,,,,,,,,,,,,,,,,,,
2023,5,28,4,0,26.8,-0.4,16.87,,,,,,,,,,,,,,,,,,,,,,,,,,,,,,,,,,,,
2023,5,28,5,0,26,-0.4,17.67,,,,,,,,,,,,,,,,,,,,,,,,,,,,,,,,,,,,
2023,5,28,6,0,25.4,-0.8,17.77,,,,,,,,,,,,,,,,,,,,,,,,,,,,,,,,,,,,
2023,5,28,7,0,24.5,-0.9,18.69,,,,,,,,,,,,,,,,,,,,,,,,,,,,,,,,,,,,
2023,5,28,8,0,23.4,-0.6,20.36,,,,,,,,,,,,,,,,,,,,,,,,,,,,,,,,,,,,
2023,5,28,9,0,22,-0.2,22.87,,,,,,,,,,,,,,,,,,,,,,,,,,,,,,,,,,,,
2023,5,28,10,0,20.8,0.1,25.19,,,,,,,,,,,,,,,,,,,,,,,,,,,,,,,,,,,,
2023,5,28,11,0,19.7,0.4,27.51,,,,,,,,,,,,,,,,,,,,,,,,,,,,,,,,,,,,
2023,5,28,12,0,18.9,0.6,29.32,,,,,,,,,,,,,,,,,,,,,,,,,,,,,,,,,,,,
2023,5,28,13,0,21.4,1.1,26.01,,,,,,,,,,,,,,,,,,,,,,,,,,,,,,,,,,,,
2023,5,28,14,0,25.1,0.1,19.41,,,,,,,,,,,,,,,,,,,,,,,,,,,,,,,,,,,,
2023,5,28,15,0,28.6,-0.3,15.25,,,,,,,,,,,,,,,,,,,,,,,,,,,,,,,,,,,,
2023,5,28,16,0,31.5,-1.1,12.23,,,,,,,,,,,,,,,,,,,,,,,,,,,,,,,,,,,,
2023,5,28,17,0,33.6,-1.9,10.27,,,,,,,,,,,,,,,,,,,,,,,,,,,,,,,,,,,,
2023,5,28,18,0,35.2,-2.9,8.71,,,,,,,,,,,,,,,,,,,,,,,,,,,,,,,,,,,,
2023,5,28,19,0,36.4,-3.9,7.53,,,,,,,,,,,,,,,,,,,,,,,,,,,,,,,,,,,,
2023,5,28,20,0,37.3,-5,6.63,,,,,,,,,,,,,,,,,,,,,,,,,,,,,,,,,,,,
2023,5,28,21,0,37.7,-5.8,6.08,,,,,,,,,,,,,,,,,,,,,,,,,,,,,,,,,,,,
2023,5,28,22,0,37.8,-6.5,5.73,,,,,,,,,,,,,,,,,,,,,,,,,,,,,,,,,,,,
2023,5,28,23,0,37.3,-7.1,5.63,,,,,,,,,,,,,,,,,,,,,,,,,,,,,,,,,,,,
2023,5,29,0,0,36.3,-7.4,5.83,,,,,,,,,,,,,,,,,,,,,,,,,,,,,,,,,,,,
2023,5,29,1,0,33.9,-2.8,9.42,,,,,,,,,,,,,,,,,,,,,,,,,,,,,,,,,,,,
2023,5,29,2,0,29.7,-2,12.69,,,,,,,,,,,,,,,,,,,,,,,,,,,,,,,,,,,,
2023,5,29,3,0,27.5,-2,14.43,,,,,,,,,,,,,,,,,,,,,,,,,,,,,,,,,,,,
2023,5,29,4,0,25.6,-1.3,16.9,,,,,,,,,,,,,,,,,,,,,,,,,,,,,,,,,,,,
2023,5,29,5,0,24.1,-0.6,19.51,,,,,,,,,,,,,,,,,,,,,,,,,,,,,,,,,,,,
2023,5,29,6,0,22.6,0.2,22.66,,,,,,,,,,,,,,,,,,,,,,,,,,,,,,,,,,,,
2023,5,29,7,0,21,1,26.38,,,,,,,,,,,,,,,,,,,,,,,,,,,,,,,,,,,,
2023,5,29,8,0,20.2,1.5,28.76,,,,,,,,,,,,,,,,,,,,,,,,,,,,,,,,,,,,
2023,5,29,9,0,20.5,1.5,28.31,,,,,,,,,,,,,,,,,,,,,,,,,,,,,,,,,,,,
2023,5,29,10,0,20.7,1.3,27.57,,,,,,,,,,,,,,,,,,,,,,,,,,,,,,,,,,,,
2023,5,29,11,0,20.2,0.9,27.66,,,,,,,,,,,,,,,,,,,,,,,,,,,,,,,,,,,,
2023,5,29,12,0,19.7,0.5,27.61,,,,,,,,,,,,,,,,,,,,,,,,,,,,,,,,,,,,
2023,5,29,13,0,22,0.8,24.48,,,,,,,,,,,,,,,,,,,,,,,,,,,,,,,,,,,,
2023,5,29,14,0,25.6,1.4,20.58,,,,,,,,,,,,,,,,,,,,,,,,,,,,,,,,,,,,
2023,5,29,15,0,28.5,2.4,18.63,,,,,,,,,,,,,,,,,,,,,,,,,,,,,,,,,,,,
2023,5,29,16,0,30.9,1.8,15.62,,,,,,,,,,,,,,,,,,,,,,,,,,,,,,,,,,,,
2023,5,29,17,0,33,1,13.07,,,,,,,,,,,,,,,,,,,,,,,,,,,,,,,,,,,,
2023,5,29,18,0,34.8,0.2,11.17,,,,,,,,,,,,,,,,,,,,,,,,,,,,,,,,,,,,
2023,5,29,19,0,36.2,-0.4,9.86,,,,,,,,,,,,,,,,,,,,,,,,,,,,,,,,,,,,
2023,5,29,20,0,37.2,-0.9,9.01,,,,,,,,,,,,,,,,,,,,,,,,,,,,,,,,,,,,
2023,5,29,21,0,37.6,-1.2,8.63,,,,,,,,,,,,,,,,,,,,,,,,,,,,,,,,,,,,
2023,5,29,22,0,37.6,-1.3,8.55,,,,,,,,,,,,,,,,,,,,,,,,,,,,,,,,,,,,
2023,5,29,23,0,37.1,-1.4,8.77,,,,,,,,,,,,,,,,,,,,,,,,,,,,,,,,,,,,
2023,5,30,0,0,36,-1.4,9.31,,,,,,,,,,,,,,,,,,,,,,,,,,,,,,,,,,,,
2023,5,30,1,0,33.9,0.1,11.63,,,,,,,,,,,,,,,,,,,,,,,,,,,,,,,,,,,,
2023,5,30,2,0,29.2,1.3,16.63,,,,,,,,,,,,,,,,,,,,,,,,,,,,,,,,,,,,
2023,5,30,3,0,27.3,0.7,17.7,,,,,,,,,,,,,,,,,,,,,,,,,,,,,,,,,,,,
2023,5,30,4,0,26.2,0.3,18.45,,,,,,,,,,,,,,,,,,,,,,,,,,,,,,,,,,,,
2023,5,30,5,0,24.9,0.3,19.83,,,,,,,,,,,,,,,,,,,,,,,,,,,,,,,,,,,,
2023,5,30,6,0,23.4,0.5,22.11,,,,,,,,,,,,,,,,,,,,,,,,,,,,,,,,,,,,
2023,5,30,7,0,21.9,1,25.07,,,,,,,,,,,,,,,,,,,,,,,,,,,,,,,,,,,,
2023,5,30,8,0,20.7,1.6,28.08,,,,,,,,,,,,,,,,,,,,,,,,,,,,,,,,,,,,
2023,5,30,9,0,20.3,1.9,29.56,,,,,,,,,,,,,,,,,,,,,,,,,,,,,,,,,,,,
2023,5,30,10,0,20.6,1.9,29.02,,,,,,,,,,,,,,,,,,,,,,,,,,,,,,,,,,,,
2023,5,30,11,0,20.1,1.8,29.69,,,,,,,,,,,,,,,,,,,,,,,,,,,,,,,,,,,,
2023,5,30,12,0,19.4,1.8,31.02,,,,,,,,,,,,,,,,,,,,,,,,,,,,,,,,,,,,
2023,5,30,13,0,22.3,2.3,26.78,,,,,,,,,,,,,,,,,,,,,,,,,,,,,,,,,,,,
2023,5,30,14,0,26.1,2.3,21.4,,,,,,,,,,,,,,,,,,,,,,,,,,,,,,,,,,,,
2023,5,30,15,0,28.9,1.8,17.49,,,,,,,,,,,,,,,,,,,,,,,,,,,,,,,,,,,,
2023,5,30,16,0,31.2,0.7,14.13,,,,,,,,,,,,,,,,,,,,,,,,,,,,,,,,,,,,
2023,5,30,17,0,33.2,-0.2,11.81,,,,,,,,,,,,,,,,,,,,,,,,,,,,,,,,,,,,
2023,5,30,18,0,34.8,-0.9,10.29,,,,,,,,,,,,,,,,,,,,,,,,,,,,,,,,,,,,
2023,5,30,19,0,35.9,-1.4,9.33,,,,,,,,,,,,,,,,,,,,,,,,,,,,,,,,,,,,
2023,5,30,20,0,36.6,-1.7,8.77,,,,,,,,,,,,,,,,,,,,,,,,,,,,,,,,,,,,
2023,5,30,21,0,36.9,-1.7,8.62,,,,,,,,,,,,,,,,,,,,,,,,,,,,,,,,,,,,
2023,5,30,22,0,36.7,-1.4,8.94,,,,,,,,,,,,,,,,,,,,,,,,,,,,,,,,,,,,
2023,5,30,23,0,35.9,-0.8,9.79,,,,,,,,,,,,,,,,,,,,,,,,,,,,,,,,,,,,
2023,5,31,0,0,34.6,0,11.1,,,,,,,,,,,,,,,,,,,,,,,,,,,,,,,,,,,,
2023,5,31,1,0,32.5,0.5,12.97,,,,,,,,,,,,,,,,,,,,,,,,,,,,,,,,,,,,
2023,5,31,2,0,29.2,0.8,15.99,,,,,,,,,,,,,,,,,,,,,,,,,,,,,,,,,,,,
2023,5,31,3,0,26.8,0.1,17.48,,,,,,,,,,,,,,,,,,,,,,,,,,,,,,,,,,,,
2023,5,31,4,0,24.7,-0.6,18.89,,,,,,,,,,,,,,,,,,,,,,,,,,,,,,,,,,,,
2023,5,31,5,0,23,-0.6,20.8,,,,,,,,,,,,,,,,,,,,,,,,,,,,,,,,,,,,
2023,5,31,6,0,21.9,-0.4,22.61,,,,,,,,,,,,,,,,,,,,,,,,,,,,,,,,,,,,
2023,5,31,7,0,21.4,-0.3,23.47,,,,,,,,,,,,,,,,,,,,,,,,,,,,,,,,,,,,
2023,5,31,8,0,21.2,-0.3,23.76,,,,,,,,,,,,,,,,,,,,,,,,,,,,,,,,,,,,
2023,5,31,9,0,20.8,-0.3,24.44,,,,,,,,,,,,,,,,,,,,,,,,,,,,,,,,,,,,
2023,5,31,10,0,20.3,-0.3,25.22,,,,,,,,,,,,,,,,,,,,,,,,,,,,,,,,,,,,
2023,5,31,11,0,19.7,-0.4,25.89,,,,,,,,,,,,,,,,,,,,,,,,,,,,,,,,,,,,
2023,5,31,12,0,19,-0.6,26.68,,,,,,,,,,,,,,,,,,,,,,,,,,,,,,,,,,,,
2023,5,31,13,0,21.3,0,24.19,,,,,,,,,,,,,,,,,,,,,,,,,,,,,,,,,,,,
2023,5,31,14,0,24.3,2.3,23.81,,,,,,,,,,,,,,,,,,,,,,,,,,,,,,,,,,,,
2023,5,31,15,0,27,3.6,22.18,,,,,,,,,,,,,,,,,,,,,,,,,,,,,,,,,,,,
2023,5,31,16,0,29,3.6,19.78,,,,,,,,,,,,,,,,,,,,,,,,,,,,,,,,,,,,
2023,5,31,17,0,30.5,3.5,17.96,,,,,,,,,,,,,,,,,,,,,,,,,,,,,,,,,,,,
2023,5,31,18,0,31.6,3.2,16.49,,,,,,,,,,,,,,,,,,,,,,,,,,,,,,,,,,,,
2023,5,31,19,0,32.4,3,15.55,,,,,,,,,,,,,,,,,,,,,,,,,,,,,,,,,,,,
2023,5,31,20,0,32.8,3,15.22,,,,,,,,,,,,,,,,,,,,,,,,,,,,,,,,,,,,
2023,5,31,21,0,32.8,2.7,14.94,,,,,,,,,,,,,,,,,,,,,,,,,,,,,,,,,,,,
2023,5,31,22,0,32.4,2.2,14.7,,,,,,,,,,,,,,,,,,,,,,,,,,,,,,,,,,,,
2023,5,31,23,0,31.5,1.4,14.68,,,,,,,,,,,,,,,,,,,,,,,,,,,,,,,,,,,,
2023,6,1,0,0,30.1,0.6,15.03,,,,,,,,,,,,,,,,,,,,,,,,,,,,,,,,,,,,
2023,6,1,1,0,28.5,0,15.72,,,,,,,,,,,,,,,,,,,,,,,,,,,,,,,,,,,,
2023,6,1,2,0,25.5,-0.1,18.62,,,,,,,,,,,,,,,,,,,,,,,,,,,,,,,,,,,,
2023,6,1,3,0,23.4,0,21.25,,,,,,,,,,,,,,,,,,,,,,,,,,,,,,,,,,,,
2023,6,1,4,0,22.2,0.2,23.14,,,,,,,,,,,,,,,,,,,,,,,,,,,,,,,,,,,,
2023,6,1,5,0,21.2,0.5,25.17,,,,,,,,,,,,,,,,,,,,,,,,,,,,,,,,,,,,
2023,6,1,6,0,20.4,0.9,27.22,,,,,,,,,,,,,,,,,,,,,,,,,,,,,,,,,,,,
2023,6,1,7,0,19.6,1.3,29.57,,,,,,,,,,,,,,,,,,,,,,,,,,,,,,,,,,,,
2023,6,1,8,0,19,1.8,31.72,,,,,,,,,,,,,,,,,,,,,,,,,,,,,,,,,,,,
2023,6,1,9,0,18.6,2.1,33.3,,,,,,,,,,,,,,,,,,,,,,,,,,,,,,,,,,,,
2023,6,1,10,0,17.9,2.4,35.47,,,,,,,,,,,,,,,,,,,,,,,,,,,,,,,,,,,,
2023,6,1,11,0,17.1,2.7,38.06,,,,,,,,,,,,,,,,,,,,,,,,,,,,,,,,,,,,
2023,6,1,12,0,16.7,3,39.98,,,,,,,,,,,,,,,,,,,,,,,,,,,,,,,,,,,,
2023,6,1,13,0,19.5,3.7,35.09,,,,,,,,,,,,,,,,,,,,,,,,,,,,,,,,,,,,
2023,6,1,14,0,22.6,5.6,33.27,,,,,,,,,,,,,,,,,,,,,,,,,,,,,,,,,,,,
2023,6,1,15,0,25.8,5.1,26.39,,,,,,,,,,,,,,,,,,,,,,,,,,,,,,,,,,,,
2023,6,1,16,0,28,3.7,21.07,,,,,,,,,,,,,,,,,,,,,,,,,,,,,,,,,,,,
2023,6,1,17,0,29.7,2.7,17.86,,,,,,,,,,,,,,,,,,,,,,,,,,,,,,,,,,,,
2023,6,1,18,0,31.2,2,15.51,,,,,,,,,,,,,,,,,,,,,,,,,,,,,,,,,,,,
2023,6,1,19,0,32.3,1.4,13.95,,,,,,,,,,,,,,,,,,,,,,,,,,,,,,,,,,,,
2023,6,1,20,0,33.2,0.8,12.7,,,,,,,,,,,,,,,,,,,,,,,,,,,,,,,,,,,,
2023,6,1,21,0,33.7,0.2,11.82,,,,,,,,,,,,,,,,,,,,,,,,,,,,,,,,,,,,
2023,6,1,22,0,33.7,-0.3,11.48,,,,,,,,,,,,,,,,,,,,,,,,,,,,,,,,,,,,
2023,6,1,23,0,33.2,-0.5,11.58,,,,,,,,,,,,,,,,,,,,,,,,,,,,,,,,,,,,
2023,6,2,0,0,32.2,-0.7,12.1,,,,,,,,,,,,,,,,,,,,,,,,,,,,,,,,,,,,
2023,6,2,1,0,30.7,-0.1,13.79,,,,,,,,,,,,,,,,,,,,,,,,,,,,,,,,,,,,
2023,6,2,2,0,28.1,1.8,18.38,,,,,,,,,,,,,,,,,,,,,,,,,,,,,,,,,,,,
2023,6,2,3,0,26.9,1.5,19.23,,,,,,,,,,,,,,,,,,,,,,,,,,,,,,,,,,,,
2023,6,2,4,0,25.9,1.5,20.44,,,,,,,,,,,,,,,,,,,,,,,,,,,,,,,,,,,,
2023,6,2,5,0,24.9,1.9,22.36,,,,,,,,,,,,,,,,,,,,,,,,,,,,,,,,,,,,
2023,6,2,6,0,24,2.9,25.2,,,,,,,,,,,,,,,,,,,,,,,,,,,,,,,,,,,,
2023,6,2,7,0,23.1,4,28.85,,,,,,,,,,,,,,,,,,,,,,,,,,,,,,,,,,,,
2023,6,2,8,0,22.4,5,32.31,,,,,,,,,,,,,,,,,,,,,,,,,,,,,,,,,,,,
2023,6,2,9,0,21.6,6.1,36.41,,,,,,,,,,,,,,,,,,,,,,,,,,,,,,,,,,,,
2023,6,2,10,0,20.6,7,41.4,,,,,,,,,,,,,,,,,,,,,,,,,,,,,,,,,,,,
2023,6,2,11,0,19.7,7.9,46.54,,,,,,,,,,,,,,,,,,,,,,,,,,,,,,,,,,,,
2023,6,2,12,0,19,8.7,51.16,,,,,,,,,,,,,,,,,,,,,,,,,,,,,,,,,,,,
2023,6,2,13,0,21.4,9.3,46.13,,,,,,,,,,,,,,,,,,,,,,,,,,,,,,,,,,,,
2023,6,2,14,0,24.3,8.8,37.19,,,,,,,,,,,,,,,,,,,,,,,,,,,,,,,,,,,,
2023,6,2,15,0,27.3,7,27.62,,,,,,,,,,,,,,,,,,,,,,,,,,,,,,,,,,,,
2023,6,2,16,0,29.6,5.8,22.19,,,,,,,,,,,,,,,,,,,,,,,,,,,,,,,,,,,,
2023,6,2,17,0,31.4,5,18.99,,,,,,,,,,,,,,,,,,,,,,,,,,,,,,,,,,,,
2023,6,2,18,0,33,4.2,16.38,,,,,,,,,,,,,,,,,,,,,,,,,,,,,,,,,,,,
2023,6,2,19,0,34.2,3.3,14.41,,,,,,,,,,,,,,,,,,,,,,,,,,,,,,,,,,,,
2023,6,2,20,0,35.1,2.4,12.87,,,,,,,,,,,,,,,,,,,,,,,,,,,,,,,,,,,,
2023,6,2,21,0,35.5,1.5,11.8,,,,,,,,,,,,,,,,,,,,,,,,,,,,,,,,,,,,
2023,6,2,22,0,35.5,0.6,11.03,,,,,,,,,,,,,,,,,,,,,,,,,,,,,,,,,,,,
2023,6,2,23,0,35,-0.3,10.63,,,,,,,,,,,,,,,,,,,,,,,,,,,,,,,,,,,,
2023,6,3,0,0,34.1,-1.1,10.57,,,,,,,,,,,,,,,,,,,,,,,,,,,,,,,,,,,,
2023,6,3,1,0,32.4,-1,11.69,,,,,,,,,,,,,,,,,,,,,,,,,,,,,,,,,,,,
2023,6,3,2,0,28.3,0.7,16.71,,,,,,,,,,,,,,,,,,,,,,,,,,,,,,,,,,,,
2023,6,3,3,0,26.6,0.1,17.71,,,,,,,,,,,,,,,,,,,,,,,,,,,,,,,,,,,,
2023,6,3,4,0,25.8,-0.1,18.25,,,,,,,,,,,,,,,,,,,,,,,,,,,,,,,,,,,,
2023,6,3,5,0,25,-0.1,19.2,,,,,,,,,,,,,,,,,,,,,,,,,,,,,,,,,,,,
2023,6,3,6,0,24.2,0.2,20.58,,,,,,,,,,,,,,,,,,,,,,,,,,,,,,,,,,,,
2023,6,3,7,0,23.6,0.6,22.02,,,,,,,,,,,,,,,,,,,,,,,,,,,,,,,,,,,,
2023,6,3,8,0,23.2,1.2,23.43,,,,,,,,,,,,,,,,,,,,,,,,,,,,,,,,,,,,
2023,6,3,9,0,22.9,2,25.28,,,,,,,,,,,,,,,,,,,,,,,,,,,,,,,,,,,,
2023,6,3,10,0,22.2,3.1,28.55,,,,,,,,,,,,,,,,,,,,,,,,,,,,,,,,,,,,
2023,6,3,11,0,21.2,3.9,32.17,,,,,,,,,,,,,,,,,,,,,,,,,,,,,,,,,,,,
2023,6,3,12,0,20.5,4.9,35.85,,,,,,,,,,,,,,,,,,,,,,,,,,,,,,,,,,,,
2023,6,3,13,0,22.5,5.7,33.72,,,,,,,,,,,,,,,,,,,,,,,,,,,,,,,,,,,,
2023,6,3,14,0,25.6,5.6,27.67,,,,,,,,,,,,,,,,,,,,,,,,,,,,,,,,,,,,
2023,6,3,15,0,28.8,5.1,22.12,,,,,,,,,,,,,,,,,,,,,,,,,,,,,,,,,,,,
2023,6,3,16,0,32,4.4,17.57,,,,,,,,,,,,,,,,,,,,,,,,,,,,,,,,,,,,
2023,6,3,17,0,34.4,3.9,14.83,,,,,,,,,,,,,,,,,,,,,,,,,,,,,,,,,,,,
2023,6,3,18,0,36,3.8,13.47,,,,,,,,,,,,,,,,,,,,,,,,,,,,,,,,,,,,
2023,6,3,19,0,37.2,3.8,12.65,,,,,,,,,,,,,,,,,,,,,,,,,,,,,,,,,,,,
2023,6,3,20,0,38,3.8,12.08,,,,,,,,,,,,,,,,,,,,,,,,,,,,,,,,,,,,
2023,6,3,21,0,38.4,3.5,11.61,,,,,,,,,,,,,,,,,,,,,,,,,,,,,,,,,,,,
2023,6,3,22,0,38.3,3,11.23,,,,,,,,,,,,,,,,,,,,,,,,,,,,,,,,,,,,
2023,6,3,23,0,37.8,2.2,10.95,,,,,,,,,,,,,,,,,,,,,,,,,,,,,,,,,,,,
2023,6,4,0,0,36.8,1.5,10.97,,,,,,,,,,,,,,,,,,,,,,,,,,,,,,,,,,,,
2023,6,4,1,0,35,1.7,12.33,,,,,,,,,,,,,,,,,,,,,,,,,,,,,,,,,,,,
2023,6,4,2,0,30.6,2.6,16.82,,,,,,,,,,,,,,,,,,,,,,,,,,,,,,,,,,,,
2023,6,4,3,0,28.7,1.7,17.61,,,,,,,,,,,,,,,,,,,,,,,,,,,,,,,,,,,,
2023,6,4,4,0,27.4,1.3,18.44,,,,,,,,,,,,,,,,,,,,,,,,,,,,,,,,,,,,
2023,6,4,5,0,26.4,1,19.16,,,,,,,,,,,,,,,,,,,,,,,,,,,,,,,,,,,,
2023,6,4,6,0,25.4,0.9,20.13,,,,,,,,,,,,,,,,,,,,,,,,,,,,,,,,,,,,
2023,6,4,7,0,24.3,1,21.58,,,,,,,,,,,,,,,,,,,,,,,,,,,,,,,,,,,,
2023,6,4,8,0,23.5,1.1,22.89,,,,,,,,,,,,,,,,,,,,,,,,,,,,,,,,,,,,
2023,6,4,9,0,23.5,1.3,23.24,,,,,,,,,,,,,,,,,,,,,,,,,,,,,,,,,,,,
2023,6,4,10,0,23.7,1.7,23.62,,,,,,,,,,,,,,,,,,,,,,,,,,,,,,,,,,,,
2023,6,4,11,0,22.9,2.1,25.56,,,,,,,,,,,,,,,,,,,,,,,,,,,,,,,,,,,,
2023,6,4,12,0,21.9,2.5,27.87,,,,,,,,,,,,,,,,,,,,,,,,,,,,,,,,,,,,
2023,6,4,13,0,24.2,3.3,25.62,,,,,,,,,,,,,,,,,,,,,,,,,,,,,,,,,,,,
2023,6,4,14,0,27.4,3.1,20.95,,,,,,,,,,,,,,,,,,,,,,,,,,,,,,,,,,,,
2023,6,4,15,0,30.6,2.6,16.75,,,,,,,,,,,,,,,,,,,,,,,,,,,,,,,,,,,,
2023,6,4,16,0,33.6,1.8,13.36,,,,,,,,,,,,,,,,,,,,,,,,,,,,,,,,,,,,
2023,6,4,17,0,36.2,1.3,11.15,,,,,,,,,,,,,,,,,,,,,,,,,,,,,,,,,,,,
2023,6,4,18,0,37.9,1.1,10.06,,,,,,,,,,,,,,,,,,,,,,,,,,,,,,,,,,,,
2023,6,4,19,0,39.1,1,9.36,,,,,,,,,,,,,,,,,,,,,,,,,,,,,,,,,,,,
2023,6,4,20,0,39.7,0.9,8.97,,,,,,,,,,,,,,,,,,,,,,,,,,,,,,,,,,,,
2023,6,4,21,0,40,0.6,8.65,,,,,,,,,,,,,,,,,,,,,,,,,,,,,,,,,,,,
2023,6,4,22,0,39.8,0,8.37,,,,,,,,,,,,,,,,,,,,,,,,,,,,,,,,,,,,
2023,6,4,23,0,39.2,-0.8,8.13,,,,,,,,,,,,,,,,,,,,,,,,,,,,,,,,,,,,
2023,6,5,0,0,38.2,-1.6,8.1,,,,,,,,,,,,,,,,,,,,,,,,,,,,,,,,,,,,
2023,6,5,1,0,36,-0.2,10.11,,,,,,,,,,,,,,,,,,,,,,,,,,,,,,,,,,,,
2023,6,5,2,0,31.9,0.5,13.37,,,,,,,,,,,,,,,,,,,,,,,,,,,,,,,,,,,,
2023,6,5,3,0,30.2,-0.4,13.87,,,,,,,,,,,,,,,,,,,,,,,,,,,,,,,,,,,,
2023,6,5,4,0,28.8,-0.4,14.97,,,,,,,,,,,,,,,,,,,,,,,,,,,,,,,,,,,,
2023,6,5,5,0,27.4,-0.3,16.44,,,,,,,,,,,,,,,,,,,,,,,,,,,,,,,,,,,,
2023,6,5,6,0,26,0,18.14,,,,,,,,,,,,,,,,,,,,,,,,,,,,,,,,,,,,
2023,6,5,7,0,24.7,0.2,20,,,,,,,,,,,,,,,,,,,,,,,,,,,,,,,,,,,,
2023,6,5,8,0,23.6,0.7,22.05,,,,,,,,,,,,,,,,,,,,,,,,,,,,,,,,,,,,
2023,6,5,9,0,23.1,1.1,23.37,,,,,,,,,,,,,,,,,,,,,,,,,,,,,,,,,,,,
2023,6,5,10,0,23.1,1.4,23.94,,,,,,,,,,,,,,,,,,,,,,,,,,,,,,,,,,,,
2023,6,5,11,0,23.2,2,24.84,,,,,,,,,,,,,,,,,,,,,,,,,,,,,,,,,,,,
2023,6,5,12,0,23.2,2.9,26.54,,,,,,,,,,,,,,,,,,,,,,,,,,,,,,,,,,,,
2023,6,5,13,0,24.6,4,26.28,,,,,,,,,,,,,,,,,,,,,,,,,,,,,,,,,,,,
2023,6,5,14,0,27.9,2.3,19.18,,,,,,,,,,,,,,,,,,,,,,,,,,,,,,,,,,,,
2023,6,5,15,0,31.3,-0.8,12.64,,,,,,,,,,,,,,,,,,,,,,,,,,,,,,,,,,,,
2023,6,5,16,0,33.8,-2.1,9.95,,,,,,,,,,,,,,,,,,,,,,,,,,,,,,,,,,,,
2023,6,5,17,0,35.8,-2.3,8.78,,,,,,,,,,,,,,,,,,,,,,,,,,,,,,,,,,,,
2023,6,5,18,0,37.5,-2,8.16,,,,,,,,,,,,,,,,,,,,,,,,,,,,,,,,,,,,
2023,6,5,19,0,38.9,-1.6,7.82,,,,,,,,,,,,,,,,,,,,,,,,,,,,,,,,,,,,
2023,6,5,20,0,39.8,-1.3,7.62,,,,,,,,,,,,,,,,,,,,,,,,,,,,,,,,,,,,
2023,6,5,21,0,40.4,-1.9,7.07,,,,,,,,,,,,,,,,,,,,,,,,,,,,,,,,,,,,
2023,6,5,22,0,40.3,-3.7,6.21,,,,,,,,,,,,,,,,,,,,,,,,,,,,,,,,,,,,
2023,6,5,23,0,39.5,-5.8,5.53,,,,,,,,,,,,,,,,,,,,,,,,,,,,,,,,,,,,
2023,6,6,0,0,37.9,-7.1,5.46,,,,,,,,,,,,,,,,,,,,,,,,,,,,,,,,,,,,
2023,6,6,1,0,35.4,-7.2,6.22,,,,,,,,,,,,,,,,,,,,,,,,,,,,,,,,,,,,
2023,6,6,2,0,31.9,-6.8,7.77,,,,,,,,,,,,,,,,,,,,,,,,,,,,,,,,,,,,
2023,6,6,3,0,28.8,-6.4,9.59,,,,,,,,,,,,,,,,,,,,,,,,,,,,,,,,,,,,
2023,6,6,4,0,26.8,-5.6,11.5,,,,,,,,,,,,,,,,,,,,,,,,,,,,,,,,,,,,
2023,6,6,5,0,25.1,-4.2,14.05,,,,,,,,,,,,,,,,,,,,,,,,,,,,,,,,,,,,
2023,6,6,6,0,23.9,-2.9,16.65,,,,,,,,,,,,,,,,,,,,,,,,,,,,,,,,,,,,
2023,6,6,7,0,23,-1.9,18.93,,,,,,,,,,,,,,,,,,,,,,,,,,,,,,,,,,,,
2023,6,6,8,0,23,-1.2,19.92,,,,,,,,,,,,,,,,,,,,,,,,,,,,,,,,,,,,
2023,6,6,9,0,23.2,-1,20.04,,,,,,,,,,,,,,,,,,,,,,,,,,,,,,,,,,,,
2023,6,6,10,0,23.4,-0.8,20.02,,,,,,,,,,,,,,,,,,,,,,,,,,,,,,,,,,,,
2023,6,6,11,0,22.6,-1.1,20.59,,,,,,,,,,,,,,,,,,,,,,,,,,,,,,,,,,,,
2023,6,6,12,0,21.9,-1.5,20.91,,,,,,,,,,,,,,,,,,,,,,,,,,,,,,,,,,,,
2023,6,6,13,0,23.7,-0.7,19.83,,,,,,,,,,,,,,,,,,,,,,,,,,,,,,,,,,,,
2023,6,6,14,0,26.7,-0.1,17.39,,,,,,,,,,,,,,,,,,,,,,,,,,,,,,,,,,,,
2023,6,6,15,0,29.3,-0.4,14.57,,,,,,,,,,,,,,,,,,,,,,,,,,,,,,,,,,,,
2023,6,6,16,0,31.6,-1.4,11.89,,,,,,,,,,,,,,,,,,,,,,,,,,,,,,,,,,,,
2023,6,6,17,0,33.5,-2,10.24,,,,,,,,,,,,,,,,,,,,,,,,,,,,,,,,,,,,
2023,6,6,18,0,35,-2.4,9.12,,,,,,,,,,,,,,,,,,,,,,,,,,,,,,,,,,,,
2023,6,6,19,0,36.2,-2.8,8.27,,,,,,,,,,,,,,,,,,,,,,,,,,,,,,,,,,,,
2023,6,6,20,0,37,-3.4,7.6,,,,,,,,,,,,,,,,,,,,,,,,,,,,,,,,,,,,
2023,6,6,21,0,37.3,-3.9,7.21,,,,,,,,,,,,,,,,,,,,,,,,,,,,,,,,,,,,
2023,6,6,22,0,36.9,-4.2,7.17,,,,,,,,,,,,,,,,,,,,,,,,,,,,,,,,,,,,
2023,6,6,23,0,36,-4.6,7.31,,,,,,,,,,,,,,,,,,,,,,,,,,,,,,,,,,,,
2023,6,7,0,0,34.6,-5,7.67,,,,,,,,,,,,,,,,,,,,,,,,,,,,,,,,,,,,
2023,6,7,1,0,32.7,-5,8.56,,,,,,,,,,,,,,,,,,,,,,,,,,,,,,,,,,,,
2023,6,7,2,0,28.2,-3.8,12.07,,,,,,,,,,,,,,,,,,,,,,,,,,,,,,,,,,,,
2023,6,7,3,0,25.9,-3.3,14.34,,,,,,,,,,,,,,,,,,,,,,,,,,,,,,,,,,,,
2023,6,7,4,0,24.6,-2.9,15.96,,,,,,,,,,,,,,,,,,,,,,,,,,,,,,,,,,,,
2023,6,7,5,0,23.5,-2.5,17.67,,,,,,,,,,,,,,,,,,,,,,,,,,,,,,,,,,,,
2023,6,7,6,0,22.3,-1.8,19.97,,,,,,,,,,,,,,,,,,,,,,,,,,,,,,,,,,,,
2023,6,7,7,0,21,-1,22.94,,,,,,,,,,,,,,,,,,,,,,,,,,,,,,,,,,,,
2023,6,7,8,0,19.9,-0.2,25.95,,,,,,,,,,,,,,,,,,,,,,,,,,,,,,,,,,,,
2023,6,7,9,0,19.3,0.3,27.86,,,,,,,,,,,,,,,,,,,,,,,,,,,,,,,,,,,,
2023,6,7,10,0,19.5,0.4,27.89,,,,,,,,,,,,,,,,,,,,,,,,,,,,,,,,,,,,
2023,6,7,11,0,19.9,0.5,27.29,,,,,,,,,,,,,,,,,,,,,,,,,,,,,,,,,,,,
2023,6,7,12,0,19.6,0.3,27.33,,,,,,,,,,,,,,,,,,,,,,,,,,,,,,,,,,,,
2023,6,7,13,0,21.5,0.6,24.97,,,,,,,,,,,,,,,,,,,,,,,,,,,,,,,,,,,,
2023,6,7,14,0,24.7,3.5,25.27,,,,,,,,,,,,,,,,,,,,,,,,,,,,,,,,,,,,
2023,6,7,15,0,27.3,3,20.87,,,,,,,,,,,,,,,,,,,,,,,,,,,,,,,,,,,,
2023,6,7,16,0,29.3,1.8,17.04,,,,,,,,,,,,,,,,,,,,,,,,,,,,,,,,,,,,
2023,6,7,17,0,31.3,0.8,14.14,,,,,,,,,,,,,,,,,,,,,,,,,,,,,,,,,,,,
2023,6,7,18,0,33,-0.4,11.78,,,,,,,,,,,,,,,,,,,,,,,,,,,,,,,,,,,,
2023,6,7,19,0,34.4,-1.8,9.83,,,,,,,,,,,,,,,,,,,,,,,,,,,,,,,,,,,,
2023,6,7,20,0,35.4,-3.3,8.37,,,,,,,,,,,,,,,,,,,,,,,,,,,,,,,,,,,,
2023,6,7,21,0,35.9,-4.5,7.4,,,,,,,,,,,,,,,,,,,,,,,,,,,,,,,,,,,,
2023,6,7,22,0,35.9,-5.2,7.06,,,,,,,,,,,,,,,,,,,,,,,,,,,,,,,,,,,,
2023,6,7,23,0,35.4,-5.2,7.22,,,,,,,,,,,,,,,,,,,,,,,,,,,,,,,,,,,,
2023,6,8,0,0,34.3,-4.8,7.91,,,,,,,,,,,,,,,,,,,,,,,,,,,,,,,,,,,,
2023,6,8,1,0,32.4,-3.7,9.59,,,,,,,,,,,,,,,,,,,,,,,,,,,,,,,,,,,,
2023,6,8,2,0,27.9,-1.6,14.46,,,,,,,,,,,,,,,,,,,,,,,,,,,,,,,,,,,,
2023,6,8,3,0,25.9,-0.7,17.38,,,,,,,,,,,,,,,,,,,,,,,,,,,,,,,,,,,,
2023,6,8,4,0,24.9,0.1,19.63,,,,,,,,,,,,,,,,,,,,,,,,,,,,,,,,,,,,
2023,6,8,5,0,23.8,0.8,22.06,,,,,,,,,,,,,,,,,,,,,,,,,,,,,,,,,,,,
2023,6,8,6,0,22.8,1.4,24.31,,,,,,,,,,,,,,,,,,,,,,,,,,,,,,,,,,,,
2023,6,8,7,0,21.8,1.7,26.51,,,,,,,,,,,,,,,,,,,,,,,,,,,,,,,,,,,,
2023,6,8,8,0,20.7,2,28.94,,,,,,,,,,,,,,,,,,,,,,,,,,,,,,,,,,,,
2023,6,8,9,0,19.9,2.2,30.89,,,,,,,,,,,,,,,,,,,,,,,,,,,,,,,,,,,,
2023,6,8,10,0,19.4,2.4,32.18,,,,,,,,,,,,,,,,,,,,,,,,,,,,,,,,,,,,
2023,6,8,11,0,19.1,2.4,32.85,,,,,,,,,,,,,,,,,,,,,,,,,,,,,,,,,,,,
2023,6,8,12,0,18.6,2.2,33.48,,,,,,,,,,,,,,,,,,,,,,,,,,,,,,,,,,,,
2023,6,8,13,0,21.6,1.9,27.18,,,,,,,,,,,,,,,,,,,,,,,,,,,,,,,,,,,,
2023,6,8,14,0,24.8,2.2,22.9,,,,,,,,,,,,,,,,,,,,,,,,,,,,,,,,,,,,
2023,6,8,15,0,28.1,1.7,18.19,,,,,,,,,,,,,,,,,,,,,,,,,,,,,,,,,,,,
2023,6,8,16,0,30.5,0.1,14.15,,,,,,,,,,,,,,,,,,,,,,,,,,,,,,,,,,,,
2023,6,8,17,0,32.5,-1.5,11.23,,,,,,,,,,,,,,,,,,,,,,,,,,,,,,,,,,,,
2023,6,8,18,0,34.1,-2.8,9.28,,,,,,,,,,,,,,,,,,,,,,,,,,,,,,,,,,,,
2023,6,8,19,0,35.2,-3.8,8.15,,,,,,,,,,,,,,,,,,,,,,,,,,,,,,,,,,,,
2023,6,8,20,0,35.7,-4.1,7.7,,,,,,,,,,,,,,,,,,,,,,,,,,,,,,,,,,,,
2023,6,8,21,0,35.5,-4.2,7.77,,,,,,,,,,,,,,,,,,,,,,,,,,,,,,,,,,,,
2023,6,8,22,0,34.8,-4.1,8.13,,,,,,,,,,,,,,,,,,,,,,,,,,,,,,,,,,,,
2023,6,8,23,0,34.1,-3.7,8.67,,,,,,,,,,,,,,,,,,,,,,,,,,,,,,,,,,,,
2023,6,9,0,0,33.1,-3.2,9.58,,,,,,,,,,,,,,,,,,,,,,,,,,,,,,,,,,,,
2023,6,9,1,0,31.5,-1.6,11.76,,,,,,,,,,,,,,,,,,,,,,,,,,,,,,,,,,,,
2023,6,9,2,0,28.4,-0.3,15.48,,,,,,,,,,,,,,,,,,,,,,,,,,,,,,,,,,,,
2023,6,9,3,0,26.8,0.3,17.71,,,,,,,,,,,,,,,,,,,,,,,,,,,,,,,,,,,,
2023,6,9,4,0,25.7,0.7,19.48,,,,,,,,,,,,,,,,,,,,,,,,,,,,,,,,,,,,
2023,6,9,5,0,24.9,1.1,21.06,,,,,,,,,,,,,,,,,,,,,,,,,,,,,,,,,,,,
2023,6,9,6,0,24,1.4,22.68,,,,,,,,,,,,,,,,,,,,,,,,,,,,,,,,,,,,
2023,6,9,7,0,22.8,1.5,24.59,,,,,,,,,,,,,,,,,,,,,,,,,,,,,,,,,,,,
2023,6,9,8,0,22,1.6,25.93,,,,,,,,,,,,,,,,,,,,,,,,,,,,,,,,,,,,
2023,6,9,9,0,21.5,1.6,26.88,,,,,,,,,,,,,,,,,,,,,,,,,,,,,,,,,,,,
2023,6,9,10,0,21.6,1.7,26.87,,,,,,,,,,,,,,,,,,,,,,,,,,,,,,,,,,,,
2023,6,9,11,0,21,1.7,27.88,,,,,,,,,,,,,,,,,,,,,,,,,,,,,,,,,,,,
2023,6,9,12,0,19.8,1.7,30.07,,,,,,,,,,,,,,,,,,,,,,,,,,,,,,,,,,,,
2023,6,9,13,0,22.2,1.8,26.09,,,,,,,,,,,,,,,,,,,,,,,,,,,,,,,,,,,,
2023,6,9,14,0,25.4,1.9,21.69,,,,,,,,,,,,,,,,,,,,,,,,,,,,,,,,,,,,
2023,6,9,15,0,28,1.4,17.97,,,,,,,,,,,,,,,,,,,,,,,,,,,,,,,,,,,,
2023,6,9,16,0,30,0.2,14.65,,,,,,,,,,,,,,,,,,,,,,,,,,,,,,,,,,,,
2023,6,9,17,0,31.3,-1.1,12.34,,,,,,,,,,,,,,,,,,,,,,,,,,,,,,,,,,,,
2023,6,9,18,0,32.4,-2.3,10.65,,,,,,,,,,,,,,,,,,,,,,,,,,,,,,,,,,,,
2023,6,9,19,0,33.7,-3.3,9.16,,,,,,,,,,,,,,,,,,,,,,,,,,,,,,,,,,,,
2023,6,9,20,0,35,-4.3,7.9,,,,,,,,,,,,,,,,,,,,,,,,,,,,,,,,,,,,
2023,6,9,21,0,35.6,-5,7.25,,,,,,,,,,,,,,,,,,,,,,,,,,,,,,,,,,,,
2023,6,9,22,0,35.7,-5.4,7.02,,,,,,,,,,,,,,,,,,,,,,,,,,,,,,,,,,,,
2023,6,9,23,0,35.3,-5.6,7.07,,,,,,,,,,,,,,,,,,,,,,,,,,,,,,,,,,,,
2023,6,10,0,0,34.5,-5.6,7.36,,,,,,,,,,,,,,,,,,,,,,,,,,,,,,,,,,,,
2023,6,10,1,0,32.7,-4.3,9.03,,,,,,,,,,,,,,,,,,,,,,,,,,,,,,,,,,,,
2023,6,10,2,0,29.5,-2.9,12.02,,,,,,,,,,,,,,,,,,,,,,,,,,,,,,,,,,,,
2023,6,10,3,0,28.6,-3.3,12.23,,,,,,,,,,,,,,,,,,,,,,,,,,,,,,,,,,,,
2023,6,10,4,0,27.8,-3.3,12.87,,,,,,,,,,,,,,,,,,,,,,,,,,,,,,,,,,,,
2023,6,10,5,0,26.5,-2.6,14.56,,,,,,,,,,,,,,,,,,,,,,,,,,,,,,,,,,,,
2023,6,10,6,0,25.3,-2,16.42,,,,,,,,,,,,,,,,,,,,,,,,,,,,,,,,,,,,
2023,6,10,7,0,24.2,-1.2,18.54,,,,,,,,,,,,,,,,,,,,,,,,,,,,,,,,,,,,
2023,6,10,8,0,23.1,-0.5,20.96,,,,,,,,,,,,,,,,,,,,,,,,,,,,,,,,,,,,
2023,6,10,9,0,22.3,0.1,22.95,,,,,,,,,,,,,,,,,,,,,,,,,,,,,,,,,,,,
2023,6,10,10,0,22.4,0.3,23.17,,,,,,,,,,,,,,,,,,,,,,,,,,,,,,,,,,,,
2023,6,10,11,0,22.2,0.4,23.47,,,,,,,,,,,,,,,,,,,,,,,,,,,,,,,,,,,,
2023,6,10,12,0,21.8,0.2,23.77,,,,,,,,,,,,,,,,,,,,,,,,,,,,,,,,,,,,
2023,6,10,13,0,22.6,0.2,22.69,,,,,,,,,,,,,,,,,,,,,,,,,,,,,,,,,,,,
2023,6,10,14,0,25.7,-0.3,18.13,,,,,,,,,,,,,,,,,,,,,,,,,,,,,,,,,,,,
2023,6,10,15,0,29.5,-0.9,13.89,,,,,,,,,,,,,,,,,,,,,,,,,,,,,,,,,,,,
2023,6,10,16,0,32.7,-2.2,10.5,,,,,,,,,,,,,,,,,,,,,,,,,,,,,,,,,,,,
2023,6,10,17,0,34.7,-3,8.85,,,,,,,,,,,,,,,,,,,,,,,,,,,,,,,,,,,,
2023,6,10,18,0,35.7,-3.5,8.1,,,,,,,,,,,,,,,,,,,,,,,,,,,,,,,,,,,,
2023,6,10,19,0,35,-3.7,8.27,,,,,,,,,,,,,,,,,,,,,,,,,,,,,,,,,,,,
2023,6,10,20,0,35,-3.8,8.24,,,,,,,,,,,,,,,,,,,,,,,,,,,,,,,,,,,,
2023,6,10,21,0,36.4,-3.9,7.57,,,,,,,,,,,,,,,,,,,,,,,,,,,,,,,,,,,,
2023,6,10,22,0,37.3,-4.1,7.06,,,,,,,,,,,,,,,,,,,,,,,,,,,,,,,,,,,,
2023,6,10,23,0,37.2,-4.5,6.9,,,,,,,,,,,,,,,,,,,,,,,,,,,,,,,,,,,,
2023,6,11,0,0,36.3,-4.8,7.08,,,,,,,,,,,,,,,,,,,,,,,,,,,,,,,,,,,,
2023,6,11,1,0,34.3,-4.1,8.37,,,,,,,,,,,,,,,,,,,,,,,,,,,,,,,,,,,,
2023,6,11,2,0,29.3,-2.9,12.16,,,,,,,,,,,,,,,,,,,,,,,,,,,,,,,,,,,,
2023,6,11,3,0,27.4,-2.9,13.6,,,,,,,,,,,,,,,,,,,,,,,,,,,,,,,,,,,,
2023,6,11,4,0,26.7,-2.2,14.82,,,,,,,,,,,,,,,,,,,,,,,,,,,,,,,,,,,,
2023,6,11,5,0,25.5,-1.4,16.98,,,,,,,,,,,,,,,,,,,,,,,,,,,,,,,,,,,,
2023,6,11,6,0,23.3,-0.5,20.7,,,,,,,,,,,,,,,,,,,,,,,,,,,,,,,,,,,,
2023,6,11,7,0,21.9,0.4,23.95,,,,,,,,,,,,,,,,,,,,,,,,,,,,,,,,,,,,
2023,6,11,8,0,21.8,1.1,25.33,,,,,,,,,,,,,,,,,,,,,,,,,,,,,,,,,,,,
2023,6,11,9,0,22.3,1.3,25.01,,,,,,,,,,,,,,,,,,,,,,,,,,,,,,,,,,,,
2023,6,11,10,0,22.4,1.3,24.81,,,,,,,,,,,,,,,,,,,,,,,,,,,,,,,,,,,,
2023,6,11,11,0,21.2,1.1,26.41,,,,,,,,,,,,,,,,,,,,,,,,,,,,,,,,,,,,
2023,6,11,12,0,19.9,1.5,29.36,,,,,,,,,,,,,,,,,,,,,,,,,,,,,,,,,,,,
2023,6,11,13,0,22.6,3.2,28.09,,,,,,,,,,,,,,,,,,,,,,,,,,,,,,,,,,,,
2023,6,11,14,0,24.5,6.1,30.75,,,,,,,,,,,,,,,,,,,,,,,,,,,,,,,,,,,,
2023,6,11,15,0,26.4,6.1,27.29,,,,,,,,,,,,,,,,,,,,,,,,,,,,,,,,,,,,
2023,6,11,16,0,28.3,4.7,22.18,,,,,,,,,,,,,,,,,,,,,,,,,,,,,,,,,,,,
2023,6,11,17,0,30.2,2.9,17.53,,,,,,,,,,,,,,,,,,,,,,,,,,,,,,,,,,,,
2023,6,11,18,0,31.8,1.5,14.51,,,,,,,,,,,,,,,,,,,,,,,,,,,,,,,,,,,,
2023,6,11,19,0,33.1,1,12.98,,,,,,,,,,,,,,,,,,,,,,,,,,,,,,,,,,,,
2023,6,11,20,0,33.9,1.3,12.71,,,,,,,,,,,,,,,,,,,,,,,,,,,,,,,,,,,,
2023,6,11,21,0,34.2,2.1,13.23,,,,,,,,,,,,,,,,,,,,,,,,,,,,,,,,,,,,
2023,6,11,22,0,33.9,3,14.34,,,,,,,,,,,,,,,,,,,,,,,,,,,,,,,,,,,,
2023,6,11,23,0,33.1,3.6,15.64,,,,,,,,,,,,,,,,,,,,,,,,,,,,,,,,,,,,
2023,6,12,0,0,32,3.9,16.99,,,,,,,,,,,,,,,,,,,,,,,,,,,,,,,,,,,,
2023,6,12,1,0,30.4,4,18.78,,,,,,,,,,,,,,,,,,,,,,,,,,,,,,,,,,,,
2023,6,12,2,0,27.6,4.3,22.46,,,,,,,,,,,,,,,,,,,,,,,,,,,,,,,,,,,,
2023,6,12,3,0,25.5,4.4,25.65,,,,,,,,,,,,,,,,,,,,,,,,,,,,,,,,,,,,
2023,6,12,4,0,24.4,4.5,27.53,,,,,,,,,,,,,,,,,,,,,,,,,,,,,,,,,,,,
2023,6,12,5,0,23.3,4.8,30.16,,,,,,,,,,,,,,,,,,,,,,,,,,,,,,,,,,,,
2023,6,12,6,0,22.2,5.5,33.67,,,,,,,,,,,,,,,,,,,,,,,,,,,,,,,,,,,,
2023,6,12,7,0,21.2,6.1,37.55,,,,,,,,,,,,,,,,,,,,,,,,,,,,,,,,,,,,
2023,6,12,8,0,20.2,6.7,41.57,,,,,,,,,,,,,,,,,,,,,,,,,,,,,,,,,,,,
2023,6,12,9,0,19.4,7.2,45,,,,,,,,,,,,,,,,,,,,,,,,,,,,,,,,,,,,
2023,6,12,10,0,18.7,7.4,47.94,,,,,,,,,,,,,,,,,,,,,,,,,,,,,,,,,,,,
2023,6,12,11,0,18.2,7.6,50.04,,,,,,,,,,,,,,,,,,,,,,,,,,,,,,,,,,,,
2023,6,12,12,0,18,7.7,50.88,,,,,,,,,,,,,,,,,,,,,,,,,,,,,,,,,,,,
2023,6,12,13,0,20.6,7.8,43.54,,,,,,,,,,,,,,,,,,,,,,,,,,,,,,,,,,,,
2023,6,12,14,0,23.7,7.7,35.9,,,,,,,,,,,,,,,,,,,,,,,,,,,,,,,,,,,,
2023,6,12,15,0,26.6,6.6,27.94,,,,,,,,,,,,,,,,,,,,,,,,,,,,,,,,,,,,
2023,6,12,16,0,28.5,5.8,23.67,,,,,,,,,,,,,,,,,,,,,,,,,,,,,,,,,,,,
2023,6,12,17,0,30.1,5.2,20.76,,,,,,,,,,,,,,,,,,,,,,,,,,,,,,,,,,,,
2023,6,12,18,0,31.4,4.7,18.55,,,,,,,,,,,,,,,,,,,,,,,,,,,,,,,,,,,,
2023,6,12,19,0,32.5,4.2,16.84,,,,,,,,,,,,,,,,,,,,,,,,,,,,,,,,,,,,
2023,6,12,20,0,33.3,3.8,15.64,,,,,,,,,,,,,,,,,,,,,,,,,,,,,,,,,,,,
2023,6,12,21,0,33.7,3.4,14.89,,,,,,,,,,,,,,,,,,,,,,,,,,,,,,,,,,,,
2023,6,12,22,0,33.8,3.1,14.5,,,,,,,,,,,,,,,,,,,,,,,,,,,,,,,,,,,,
2023,6,12,23,0,33.4,2.9,14.59,,,,,,,,,,,,,,,,,,,,,,,,,,,,,,,,,,,,
2023,6,13,0,0,32.5,2.8,15.23,,,,,,,,,,,,,,,,,,,,,,,,,,,,,,,,,,,,
2023,6,13,1,0,31.1,2.8,16.56,,,,,,,,,,,,,,,,,,,,,,,,,,,,,,,,,,,,
2023,6,13,2,0,27.6,3.4,21.19,,,,,,,,,,,,,,,,,,,,,,,,,,,,,,,,,,,,
2023,6,13,3,0,25.8,3.4,23.42,,,,,,,,,,,,,,,,,,,,,,,,,,,,,,,,,,,,
2023,6,13,4,0,24.9,3.2,24.45,,,,,,,,,,,,,,,,,,,,,,,,,,,,,,,,,,,,
2023,6,13,5,0,24.1,3.1,25.44,,,,,,,,,,,,,,,,,,,,,,,,,,,,,,,,,,,,
2023,6,13,6,0,23.2,3,26.69,,,,,,,,,,,,,,,,,,,,,,,,,,,,,,,,,,,,
2023,6,13,7,0,22.5,3,27.81,,,,,,,,,,,,,,,,,,,,,,,,,,,,,,,,,,,,
2023,6,13,8,0,21.8,3.1,29.16,,,,,,,,,,,,,,,,,,,,,,,,,,,,,,,,,,,,
2023,6,13,9,0,21.4,3.2,30.25,,,,,,,,,,,,,,,,,,,,,,,,,,,,,,,,,,,,
2023,6,13,10,0,21,3.5,31.67,,,,,,,,,,,,,,,,,,,,,,,,,,,,,,,,,,,,
2023,6,13,11,0,20.6,3.8,33.2,,,,,,,,,,,,,,,,,,,,,,,,,,,,,,,,,,,,
2023,6,13,12,0,20.4,4.2,34.55,,,,,,,,,,,,,,,,,,,,,,,,,,,,,,,,,,,,
2023,6,13,13,0,22.1,4.9,32.61,,,,,,,,,,,,,,,,,,,,,,,,,,,,,,,,,,,,
2023,6,13,14,0,25.1,6.4,30.17,,,,,,,,,,,,,,,,,,,,,,,,,,,,,,,,,,,,
2023,6,13,15,0,28.3,6.1,24.48,,,,,,,,,,,,,,,,,,,,,,,,,,,,,,,,,,,,
2023,6,13,16,0,30.5,4.9,19.82,,,,,,,,,,,,,,,,,,,,,,,,,,,,,,,,,,,,
2023,6,13,17,0,32.1,4.2,17.23,,,,,,,,,,,,,,,,,,,,,,,,,,,,,,,,,,,,
2023,6,13,18,0,33.5,3.7,15.36,,,,,,,,,,,,,,,,,,,,,,,,,,,,,,,,,,,,
2023,6,13,19,0,34.5,3.2,14.09,,,,,,,,,,,,,,,,,,,,,,,,,,,,,,,,,,,,
2023,6,13,20,0,35.2,2.9,13.2,,,,,,,,,,,,,,,,,,,,,,,,,,,,,,,,,,,,
2023,6,13,21,0,35.6,2.4,12.52,,,,,,,,,,,,,,,,,,,,,,,,,,,,,,,,,,,,
2023,6,13,22,0,35.6,1.8,11.99,,,,,,,,,,,,,,,,,,,,,,,,,,,,,,,,,,,,
2023,6,13,23,0,35.1,1.2,11.77,,,,,,,,,,,,,,,,,,,,,,,,,,,,,,,,,,,,
2023,6,14,0,0,34.2,0.6,11.85,,,,,,,,,,,,,,,,,,,,,,,,,,,,,,,,,,,,
2023,6,14,1,0,32.8,0.2,12.5,,,,,,,,,,,,,,,,,,,,,,,,,,,,,,,,,,,,
2023,6,14,2,0,28.7,0.9,16.55,,,,,,,,,,,,,,,,,,,,,,,,,,,,,,,,,,,,
2023,6,14,3,0,27.1,0.5,17.7,,,,,,,,,,,,,,,,,,,,,,,,,,,,,,,,,,,,
2023,6,14,4,0,26.4,0.2,18.02,,,,,,,,,,,,,,,,,,,,,,,,,,,,,,,,,,,,
2023,6,14,5,0,25.9,-0.1,18.21,,,,,,,,,,,,,,,,,,,,,,,,,,,,,,,,,,,,
2023,6,14,6,0,25.3,-0.3,18.62,,,,,,,,,,,,,,,,,,,,,,,,,,,,,,,,,,,,
2023,6,14,7,0,24.7,-0.3,19.23,,,,,,,,,,,,,,,,,,,,,,,,,,,,,,,,,,,,
2023,6,14,8,0,24.1,-0.3,20.01,,,,,,,,,,,,,,,,,,,,,,,,,,,,,,,,,,,,
2023,6,14,9,0,23.6,-0.2,20.78,,,,,,,,,,,,,,,,,,,,,,,,,,,,,,,,,,,,
2023,6,14,10,0,23.3,0,21.35,,,,,,,,,,,,,,,,,,,,,,,,,,,,,,,,,,,,
2023,6,14,11,0,22.2,0.2,23.29,,,,,,,,,,,,,,,,,,,,,,,,,,,,,,,,,,,,
2023,6,14,12,0,21.3,0.8,25.57,,,,,,,,,,,,,,,,,,,,,,,,,,,,,,,,,,,,
2023,6,14,13,0,23.6,1.7,23.78,,,,,,,,,,,,,,,,,,,,,,,,,,,,,,,,,,,,
2023,6,14,14,0,26.8,2.3,20.42,,,,,,,,,,,,,,,,,,,,,,,,,,,,,,,,,,,,
2023,6,14,15,0,30.1,2.3,16.92,,,,,,,,,,,,,,,,,,,,,,,,,,,,,,,,,,,,
2023,6,14,16,0,32.7,2,14.3,,,,,,,,,,,,,,,,,,,,,,,,,,,,,,,,,,,,
2023,6,14,17,0,34.3,1.9,12.93,,,,,,,,,,,,,,,,,,,,,,,,,,,,,,,,,,,,
2023,6,14,18,0,35.6,1.8,11.97,,,,,,,,,,,,,,,,,,,,,,,,,,,,,,,,,,,,
2023,6,14,19,0,36.6,1.6,11.14,,,,,,,,,,,,,,,,,,,,,,,,,,,,,,,,,,,,
2023,6,14,20,0,37.3,1.3,10.51,,,,,,,,,,,,,,,,,,,,,,,,,,,,,,,,,,,,
2023,6,14,21,0,37.6,1,10.15,,,,,,,,,,,,,,,,,,,,,,,,,,,,,,,,,,,,
2023,6,14,22,0,37.6,0.8,10,,,,,,,,,,,,,,,,,,,,,,,,,,,,,,,,,,,,
2023,6,14,23,0,37.1,0.6,10.1,,,,,,,,,,,,,,,,,,,,,,,,,,,,,,,,,,,,
2023,6,15,0,0,36.1,0.4,10.51,,,,,,,,,,,,,,,,,,,,,,,,,,,,,,,,,,,,
2023,6,15,1,0,34.5,0.4,11.49,,,,,,,,,,,,,,,,,,,,,,,,,,,,,,,,,,,,
2023,6,15,2,0,29.9,1.2,15.84,,,,,,,,,,,,,,,,,,,,,,,,,,,,,,,,,,,,
2023,6,15,3,0,28,1.2,17.62,,,,,,,,,,,,,,,,,,,,,,,,,,,,,,,,,,,,
2023,6,15,4,0,26.9,1.2,18.78,,,,,,,,,,,,,,,,,,,,,,,,,,,,,,,,,,,,
2023,6,15,5,0,25.9,1.2,19.97,,,,,,,,,,,,,,,,,,,,,,,,,,,,,,,,,,,,
2023,6,15,6,0,24.9,1.3,21.36,,,,,,,,,,,,,,,,,,,,,,,,,,,,,,,,,,,,
2023,6,15,7,0,23.8,1.6,23.27,,,,,,,,,,,,,,,,,,,,,,,,,,,,,,,,,,,,
2023,6,15,8,0,22.6,2.1,25.96,,,,,,,,,,,,,,,,,,,,,,,,,,,,,,,,,,,,
2023,6,15,9,0,21.7,2.6,28.46,,,,,,,,,,,,,,,,,,,,,,,,,,,,,,,,,,,,
2023,6,15,10,0,21.2,3,30.2,,,,,,,,,,,,,,,,,,,,,,,,,,,,,,,,,,,,
2023,6,15,11,0,21.1,3.3,31.09,,,,,,,,,,,,,,,,,,,,,,,,,,,,,,,,,,,,
2023,6,15,12,0,20.9,3.6,31.95,,,,,,,,,,,,,,,,,,,,,,,,,,,,,,,,,,,,
2023,6,15,13,0,23.5,3.8,27.74,,,,,,,,,,,,,,,,,,,,,,,,,,,,,,,,,,,,
2023,6,15,14,0,26.8,4.4,23.77,,,,,,,,,,,,,,,,,,,,,,,,,,,,,,,,,,,,
2023,6,15,15,0,30.3,4.1,19.04,,,,,,,,,,,,,,,,,,,,,,,,,,,,,,,,,,,,
2023,6,15,16,0,32.6,3.7,16.16,,,,,,,,,,,,,,,,,,,,,,,,,,,,,,,,,,,,
2023,6,15,17,0,34.2,3.2,14.35,,,,,,,,,,,,,,,,,,,,,,,,,,,,,,,,,,,,
2023,6,15,18,0,35.5,2.7,12.86,,,,,,,,,,,,,,,,,,,,,,,,,,,,,,,,,,,,
2023,6,15,19,0,36.5,2.1,11.69,,,,,,,,,,,,,,,,,,,,,,,,,,,,,,,,,,,,
2023,6,15,20,0,37.2,1.7,10.86,,,,,,,,,,,,,,,,,,,,,,,,,,,,,,,,,,,,
2023,6,15,21,0,37.6,1.2,10.29,,,,,,,,,,,,,,,,,,,,,,,,,,,,,,,,,,,,
2023,6,15,22,0,37.4,0.9,10.16,,,,,,,,,,,,,,,,,,,,,,,,,,,,,,,,,,,,
2023,6,15,23,0,37,0.6,10.17,,,,,,,,,,,,,,,,,,,,,,,,,,,,,,,,,,,,
2023,6,16,0,0,36.1,0.4,10.53,,,,,,,,,,,,,,,,,,,,,,,,,,,,,,,,,,,,
2023,6,16,1,0,34.6,0.6,11.65,,,,,,,,,,,,,,,,,,,,,,,,,,,,,,,,,,,,
2023,6,16,2,0,31.6,1.7,14.88,,,,,,,,,,,,,,,,,,,,,,,,,,,,,,,,,,,,
2023,6,16,3,0,30,1.3,15.89,,,,,,,,,,,,,,,,,,,,,,,,,,,,,,,,,,,,
2023,6,16,4,0,29.3,1.3,16.44,,,,,,,,,,,,,,,,,,,,,,,,,,,,,,,,,,,,
2023,6,16,5,0,28.6,1.2,17.06,,,,,,,,,,,,,,,,,,,,,,,,,,,,,,,,,,,,
2023,6,16,6,0,27.8,1.2,17.83,,,,,,,,,,,,,,,,,,,,,,,,,,,,,,,,,,,,
2023,6,16,7,0,26.6,1.3,19.31,,,,,,,,,,,,,,,,,,,,,,,,,,,,,,,,,,,,
2023,6,16,8,0,24.7,1.4,21.73,,,,,,,,,,,,,,,,,,,,,,,,,,,,,,,,,,,,
2023,6,16,9,0,23,1.6,24.48,,,,,,,,,,,,,,,,,,,,,,,,,,,,,,,,,,,,
2023,6,16,10,0,21.8,1.8,26.68,,,,,,,,,,,,,,,,,,,,,,,,,,,,,,,,,,,,
2023,6,16,11,0,21.5,1.9,27.33,,,,,,,,,,,,,,,,,,,,,,,,,,,,,,,,,,,,
2023,6,16,12,0,22.5,1.8,25.62,,,,,,,,,,,,,,,,,,,,,,,,,,,,,,,,,,,,
2023,6,16,13,0,24.5,1.7,22.48,,,,,,,,,,,,,,,,,,,,,,,,,,,,,,,,,,,,
2023,6,16,14,0,28.2,1.9,18.28,,,,,,,,,,,,,,,,,,,,,,,,,,,,,,,,,,,,
2023,6,16,15,0,31.6,1.1,14.26,,,,,,,,,,,,,,,,,,,,,,,,,,,,,,,,,,,,
2023,6,16,16,0,33.6,0,11.77,,,,,,,,,,,,,,,,,,,,,,,,,,,,,,,,,,,,
2023,6,16,17,0,35.3,-0.8,10.06,,,,,,,,,,,,,,,,,,,,,,,,,,,,,,,,,,,,
2023,6,16,18,0,36.8,-1.7,8.72,,,,,,,,,,,,,,,,,,,,,,,,,,,,,,,,,,,,
2023,6,16,19,0,38,-2.4,7.73,,,,,,,,,,,,,,,,,,,,,,,,,,,,,,,,,,,,
2023,6,16,20,0,38.8,-3,7.09,,,,,,,,,,,,,,,,,,,,,,,,,,,,,,,,,,,,
2023,6,16,21,0,39.1,-3.4,6.77,,,,,,,,,,,,,,,,,,,,,,,,,,,,,,,,,,,,
2023,6,16,22,0,39,-3.8,6.63,,,,,,,,,,,,,,,,,,,,,,,,,,,,,,,,,,,,
2023,6,16,23,0,38.4,-4,6.72,,,,,,,,,,,,,,,,,,,,,,,,,,,,,,,,,,,,
2023,6,17,0,0,37.3,-4.1,7.08,,,,,,,,,,,,,,,,,,,,,,,,,,,,,,,,,,,,
2023,6,17,1,0,35.4,-3.5,8.2,,,,,,,,,,,,,,,,,,,,,,,,,,,,,,,,,,,,
2023,6,17,2,0,30.6,-2.1,11.93,,,,,,,,,,,,,,,,,,,,,,,,,,,,,,,,,,,,
2023,6,17,3,0,28.8,-2,13.35,,,,,,,,,,,,,,,,,,,,,,,,,,,,,,,,,,,,
2023,6,17,4,0,27.9,-1.6,14.49,,,,,,,,,,,,,,,,,,,,,,,,,,,,,,,,,,,,
2023,6,17,5,0,27.1,-1,15.9,,,,,,,,,,,,,,,,,,,,,,,,,,,,,,,,,,,,
2023,6,17,6,0,26.3,-0.2,17.65,,,,,,,,,,,,,,,,,,,,,,,,,,,,,,,,,,,,
2023,6,17,7,0,25.6,0.7,19.58,,,,,,,,,,,,,,,,,,,,,,,,,,,,,,,,,,,,
2023,6,17,8,0,24.9,1.4,21.53,,,,,,,,,,,,,,,,,,,,,,,,,,,,,,,,,,,,
2023,6,17,9,0,23.7,1.9,24.01,,,,,,,,,,,,,,,,,,,,,,,,,,,,,,,,,,,,
2023,6,17,10,0,22.7,2.3,26.21,,,,,,,,,,,,,,,,,,,,,,,,,,,,,,,,,,,,
2023,6,17,11,0,21.9,2.6,28,,,,,,,,,,,,,,,,,,,,,,,,,,,,,,,,,,,,
2023,6,17,12,0,21.6,2.8,29.05,,,,,,,,,,,,,,,,,,,,,,,,,,,,,,,,,,,,
2023,6,17,13,0,24.9,2.9,23.99,,,,,,,,,,,,,,,,,,,,,,,,,,,,,,,,,,,,
2023,6,17,14,0,28.3,2.9,19.57,,,,,,,,,,,,,,,,,,,,,,,,,,,,,,,,,,,,
2023,6,17,15,0,31.6,4.1,17.58,,,,,,,,,,,,,,,,,,,,,,,,,,,,,,,,,,,,
2023,6,17,16,0,34.7,5.7,16.52,,,,,,,,,,,,,,,,,,,,,,,,,,,,,,,,,,,,
2023,6,17,17,0,36.6,5.9,15.1,,,,,,,,,,,,,,,,,,,,,,,,,,,,,,,,,,,,
2023,6,17,18,0,38,5.7,13.82,,,,,,,,,,,,,,,,,,,,,,,,,,,,,,,,,,,,
2023,6,17,19,0,39,5.5,12.93,,,,,,,,,,,,,,,,,,,,,,,,,,,,,,,,,,,,
2023,6,17,20,0,39.7,5.4,12.34,,,,,,,,,,,,,,,,,,,,,,,,,,,,,,,,,,,,
2023,6,17,21,0,40,5.3,12.08,,,,,,,,,,,,,,,,,,,,,,,,,,,,,,,,,,,,
2023,6,17,22,0,40,5.2,11.98,,,,,,,,,,,,,,,,,,,,,,,,,,,,,,,,,,,,
2023,6,17,23,0,39.5,5,12.12,,,,,,,,,,,,,,,,,,,,,,,,,,,,,,,,,,,,
2023,6,18,0,0,38.6,4.8,12.52,,,,,,,,,,,,,,,,,,,,,,,,,,,,,,,,,,,,
2023,6,18,1,0,37,4.6,13.56,,,,,,,,,,,,,,,,,,,,,,,,,,,,,,,,,,,,
2023,6,18,2,0,33.3,5.1,17.18,,,,,,,,,,,,,,,,,,,,,,,,,,,,,,,,,,,,
2023,6,18,3,0,32,4.8,18.15,,,,,,,,,,,,,,,,,,,,,,,,,,,,,,,,,,,,
2023,6,18,4,0,31.5,4.6,18.34,,,,,,,,,,,,,,,,,,,,,,,,,,,,,,,,,,,,
2023,6,18,5,0,31,4.2,18.41,,,,,,,,,,,,,,,,,,,,,,,,,,,,,,,,,,,,
2023,6,18,6,0,30.2,3.7,18.63,,,,,,,,,,,,,,,,,,,,,,,,,,,,,,,,,,,,
2023,6,18,7,0,28.5,3.1,19.66,,,,,,,,,,,,,,,,,,,,,,,,,,,,,,,,,,,,
2023,6,18,8,0,26.8,2.4,20.6,,,,,,,,,,,,,,,,,,,,,,,,,,,,,,,,,,,,
2023,6,18,9,0,25.4,1.7,21.38,,,,,,,,,,,,,,,,,,,,,,,,,,,,,,,,,,,,
2023,6,18,10,0,24.3,1.2,22.04,,,,,,,,,,,,,,,,,,,,,,,,,,,,,,,,,,,,
2023,6,18,11,0,23.5,0.8,22.41,,,,,,,,,,,,,,,,,,,,,,,,,,,,,,,,,,,,
2023,6,18,12,0,23.2,0.5,22.33,,,,,,,,,,,,,,,,,,,,,,,,,,,,,,,,,,,,
2023,6,18,13,0,26.4,0.4,18.25,,,,,,,,,,,,,,,,,,,,,,,,,,,,,,,,,,,,
2023,6,18,14,0,30,0.3,14.69,,,,,,,,,,,,,,,,,,,,,,,,,,,,,,,,,,,,
2023,6,18,15,0,33.5,1.5,13.18,,,,,,,,,,,,,,,,,,,,,,,,,,,,,,,,,,,,
2023,6,18,16,0,36.1,1.7,11.6,,,,,,,,,,,,,,,,,,,,,,,,,,,,,,,,,,,,
2023,6,18,17,0,38,1.4,10.2,,,,,,,,,,,,,,,,,,,,,,,,,,,,,,,,,,,,
2023,6,18,18,0,39.5,0.9,9.05,,,,,,,,,,,,,,,,,,,,,,,,,,,,,,,,,,,,
2023,6,18,19,0,40.6,0.1,8.07,,,,,,,,,,,,,,,,,,,,,,,,,,,,,,,,,,,,
2023,6,18,20,0,41.3,-0.7,7.35,,,,,,,,,,,,,,,,,,,,,,,,,,,,,,,,,,,,
2023,6,18,21,0,41.6,-1.1,7.01,,,,,,,,,,,,,,,,,,,,,,,,,,,,,,,,,,,,
2023,6,18,22,0,41.3,-1.2,7.08,,,,,,,,,,,,,,,,,,,,,,,,,,,,,,,,,,,,
2023,6,18,23,0,40.6,-1.1,7.42,,,,,,,,,,,,,,,,,,,,,,,,,,,,,,,,,,,,
2023,6,19,0,0,39.5,-0.9,7.97,,,,,,,,,,,,,,,,,,,,,,,,,,,,,,,,,,,,
2023,6,19,1,0,37.7,-0.8,8.85,,,,,,,,,,,,,,,,,,,,,,,,,,,,,,,,,,,,
2023,6,19,2,0,33.3,-0.6,11.45,,,,,,,,,,,,,,,,,,,,,,,,,,,,,,,,,,,,
2023,6,19,3,0,30.6,-0.8,13.1,,,,,,,,,,,,,,,,,,,,,,,,,,,,,,,,,,,,
2023,6,19,4,0,29.1,-1.3,13.82,,,,,,,,,,,,,,,,,,,,,,,,,,,,,,,,,,,,
2023,6,19,5,0,27.8,-1.7,14.48,,,,,,,,,,,,,,,,,,,,,,,,,,,,,,,,,,,,
2023,6,19,6,0,26.5,-1.9,15.35,,,,,,,,,,,,,,,,,,,,,,,,,,,,,,,,,,,,
2023,6,19,7,0,25.7,-2.1,15.88,,,,,,,,,,,,,,,,,,,,,,,,,,,,,,,,,,,,
2023,6,19,8,0,25.1,-2.3,16.22,,,,,,,,,,,,,,,,,,,,,,,,,,,,,,,,,,,,
2023,6,19,9,0,24.5,-2.3,16.79,,,,,,,,,,,,,,,,,,,,,,,,,,,,,,,,,,,,
2023,6,19,10,0,23.7,-2,18.05,,,,,,,,,,,,,,,,,,,,,,,,,,,,,,,,,,,,
2023,6,19,11,0,23,-1.2,19.95,,,,,,,,,,,,,,,,,,,,,,,,,,,,,,,,,,,,
2023,6,19,12,0,22.9,-0.1,21.74,,,,,,,,,,,,,,,,,,,,,,,,,,,,,,,,,,,,
2023,6,19,13,0,25.7,1.2,20.23,,,,,,,,,,,,,,,,,,,,,,,,,,,,,,,,,,,,
2023,6,19,14,0,29.3,0.9,16.06,,,,,,,,,,,,,,,,,,,,,,,,,,,,,,,,,,,,
2023,6,19,15,0,32.5,-0.3,12.22,,,,,,,,,,,,,,,,,,,,,,,,,,,,,,,,,,,,
2023,6,19,16,0,34.8,-1.1,10.17,,,,,,,,,,,,,,,,,,,,,,,,,,,,,,,,,,,,
2023,6,19,17,0,36.6,-1.5,8.92,,,,,,,,,,,,,,,,,,,,,,,,,,,,,,,,,,,,
2023,6,19,18,0,38,-1.9,8.06,,,,,,,,,,,,,,,,,,,,,,,,,,,,,,,,,,,,
2023,6,19,19,0,39.1,-2.1,7.43,,,,,,,,,,,,,,,,,,,,,,,,,,,,,,,,,,,,
2023,6,19,20,0,39.8,-2.4,7.02,,,,,,,,,,,,,,,,,,,,,,,,,,,,,,,,,,,,
2023,6,19,21,0,40.2,-2.6,6.75,,,,,,,,,,,,,,,,,,,,,,,,,,,,,,,,,,,,
2023,6,19,22,0,39.8,-2.7,6.87,,,,,,,,,,,,,,,,,,,,,,,,,,,,,,,,,,,,
2023,6,19,23,0,38.7,-2.6,7.33,,,,,,,,,,,,,,,,,,,,,,,,,,,,,,,,,,,,
2023,6,20,0,0,37.7,-2.4,7.86,,,,,,,,,,,,,,,,,,,,,,,,,,,,,,,,,,,,
2023,6,20,1,0,36.3,-2.2,8.64,,,,,,,,,,,,,,,,,,,,,,,,,,,,,,,,,,,,
2023,6,20,2,0,33.7,-1.9,10.19,,,,,,,,,,,,,,,,,,,,,,,,,,,,,,,,,,,,
2023,6,20,3,0,31.9,-2,11.14,,,,,,,,,,,,,,,,,,,,,,,,,,,,,,,,,,,,
2023,6,20,4,0,30.2,-2.4,11.94,,,,,,,,,,,,,,,,,,,,,,,,,,,,,,,,,,,,
2023,6,20,5,0,28.4,-2.6,13.08,,,,,,,,,,,,,,,,,,,,,,,,,,,,,,,,,,,,
2023,6,20,6,0,27,-2.6,14.18,,,,,,,,,,,,,,,,,,,,,,,,,,,,,,,,,,,,
2023,6,20,7,0,26.2,-2.6,14.92,,,,,,,,,,,,,,,,,,,,,,,,,,,,,,,,,,,,
2023,6,20,8,0,25.9,-2.5,15.22,,,,,,,,,,,,,,,,,,,,,,,,,,,,,,,,,,,,
2023,6,20,9,0,25.5,-2.6,15.48,,,,,,,,,,,,,,,,,,,,,,,,,,,,,,,,,,,,
2023,6,20,10,0,25,-2.6,15.92,,,,,,,,,,,,,,,,,,,,,,,,,,,,,,,,,,,,
2023,6,20,11,0,24.3,-2.4,16.94,,,,,,,,,,,,,,,,,,,,,,,,,,,,,,,,,,,,
2023,6,20,12,0,23.5,-1.4,19.1,,,,,,,,,,,,,,,,,,,,,,,,,,,,,,,,,,,,
2023,6,20,13,0,26.3,0.6,18.69,,,,,,,,,,,,,,,,,,,,,,,,,,,,,,,,,,,,
2023,6,20,14,0,29.5,2.9,18.32,,,,,,,,,,,,,,,,,,,,,,,,,,,,,,,,,,,,
2023,6,20,15,0,32.2,3.5,16.3,,,,,,,,,,,,,,,,,,,,,,,,,,,,,,,,,,,,
2023,6,20,16,0,34.3,3.1,14.11,,,,,,,,,,,,,,,,,,,,,,,,,,,,,,,,,,,,
2023,6,20,17,0,36.2,2.5,12.19,,,,,,,,,,,,,,,,,,,,,,,,,,,,,,,,,,,,
2023,6,20,18,0,37.7,1.7,10.59,,,,,,,,,,,,,,,,,,,,,,,,,,,,,,,,,,,,
2023,6,20,19,0,38.9,0.8,9.33,,,,,,,,,,,,,,,,,,,,,,,,,,,,,,,,,,,,
2023,6,20,20,0,39.7,0.1,8.5,,,,,,,,,,,,,,,,,,,,,,,,,,,,,,,,,,,,
2023,6,20,21,0,40.1,-0.4,8.01,,,,,,,,,,,,,,,,,,,,,,,,,,,,,,,,,,,,
2023,6,20,22,0,39.9,-0.6,7.96,,,,,,,,,,,,,,,,,,,,,,,,,,,,,,,,,,,,
2023,6,20,23,0,39.3,-0.7,8.17,,,,,,,,,,,,,,,,,,,,,,,,,,,,,,,,,,,,
2023,6,21,0,0,38.2,-0.8,8.64,,,,,,,,,,,,,,,,,,,,,,,,,,,,,,,,,,,,
2023,6,21,1,0,36.4,-0.7,9.59,,,,,,,,,,,,,,,,,,,,,,,,,,,,,,,,,,,,
2023,6,21,2,0,31.7,-0.1,13.04,,,,,,,,,,,,,,,,,,,,,,,,,,,,,,,,,,,,
2023,6,21,3,0,29.3,0.1,15.1,,,,,,,,,,,,,,,,,,,,,,,,,,,,,,,,,,,,
2023,6,21,4,0,28.3,0.1,16.02,,,,,,,,,,,,,,,,,,,,,,,,,,,,,,,,,,,,
2023,6,21,5,0,27.9,0.1,16.35,,,,,,,,,,,,,,,,,,,,,,,,,,,,,,,,,,,,
2023,6,21,6,0,27.8,0,16.32,,,,,,,,,,,,,,,,,,,,,,,,,,,,,,,,,,,,
2023,6,21,7,0,27.9,-0.2,16.1,,,,,,,,,,,,,,,,,,,,,,,,,,,,,,,,,,,,
2023,6,21,8,0,28,-0.3,15.9,,,,,,,,,,,,,,,,,,,,,,,,,,,,,,,,,,,,
2023,6,21,9,0,27.7,-0.2,16.2,,,,,,,,,,,,,,,,,,,,,,,,,,,,,,,,,,,,
2023,6,21,10,0,26.4,-0.1,17.7,,,,,,,,,,,,,,,,,,,,,,,,,,,,,,,,,,,,
2023,6,21,11,0,24.7,0.1,19.83,,,,,,,,,,,,,,,,,,,,,,,,,,,,,,,,,,,,
2023,6,21,12,0,23.5,0.5,21.86,,,,,,,,,,,,,,,,,,,,,,,,,,,,,,,,,,,,
2023,6,21,13,0,26.1,1,19.42,,,,,,,,,,,,,,,,,,,,,,,,,,,,,,,,,,,,
2023,6,21,14,0,29.3,0.7,15.83,,,,,,,,,,,,,,,,,,,,,,,,,,,,,,,,,,,,
2023,6,21,15,0,33.2,0.1,12.07,,,,,,,,,,,,,,,,,,,,,,,,,,,,,,,,,,,,
2023,6,21,16,0,35.4,-0.4,10.34,,,,,,,,,,,,,,,,,,,,,,,,,,,,,,,,,,,,
2023,6,21,17,0,36.7,-0.3,9.7,,,,,,,,,,,,,,,,,,,,,,,,,,,,,,,,,,,,
2023,6,21,18,0,37.5,0.1,9.56,,,,,,,,,,,,,,,,,,,,,,,,,,,,,,,,,,,,
2023,6,21,19,0,38,0.5,9.55,,,,,,,,,,,,,,,,,,,,,,,,,,,,,,,,,,,,
2023,6,21,20,0,38.5,0.7,9.42,,,,,,,,,,,,,,,,,,,,,,,,,,,,,,,,,,,,
2023,6,21,21,0,39.6,0.6,8.85,,,,,,,,,,,,,,,,,,,,,,,,,,,,,,,,,,,,
2023,6,21,22,0,40.1,0.3,8.4,,,,,,,,,,,,,,,,,,,,,,,,,,,,,,,,,,,,
2023,6,21,23,0,39.7,-0.1,8.33,,,,,,,,,,,,,,,,,,,,,,,,,,,,,,,,,,,,
2023,6,22,0,0,38.7,-0.6,8.53,,,,,,,,,,,,,,,,,,,,,,,,,,,,,,,,,,,,
2023,6,22,1,0,36.9,-0.8,9.23,,,,,,,,,,,,,,,,,,,,,,,,,,,,,,,,,,,,
2023,6,22,2,0,32,-0.8,12.16,,,,,,,,,,,,,,,,,,,,,,,,,,,,,,,,,,,,
2023,6,22,3,0,29.8,-1.8,12.78,,,,,,,,,,,,,,,,,,,,,,,,,,,,,,,,,,,,
2023,6,22,4,0,28.7,-3.2,12.28,,,,,,,,,,,,,,,,,,,,,,,,,,,,,,,,,,,,
2023,6,22,5,0,27.5,-4.9,11.56,,,,,,,,,,,,,,,,,,,,,,,,,,,,,,,,,,,,
2023,6,22,6,0,26.3,-6.7,10.85,,,,,,,,,,,,,,,,,,,,,,,,,,,,,,,,,,,,
2023,6,22,7,0,25.4,-8,10.39,,,,,,,,,,,,,,,,,,,,,,,,,,,,,,,,,,,,
2023,6,22,8,0,25,-8.7,10.01,,,,,,,,,,,,,,,,,,,,,,,,,,,,,,,,,,,,
2023,6,22,9,0,24.3,-9.4,9.91,,,,,,,,,,,,,,,,,,,,,,,,,,,,,,,,,,,,
2023,6,22,10,0,23.5,-9.8,10.09,,,,,,,,,,,,,,,,,,,,,,,,,,,,,,,,,,,,
2023,6,22,11,0,22.7,-9.7,10.65,,,,,,,,,,,,,,,,,,,,,,,,,,,,,,,,,,,,
2023,6,22,12,0,22.4,-9.3,11.24,,,,,,,,,,,,,,,,,,,,,,,,,,,,,,,,,,,,
2023,6,22,13,0,25.1,-8,10.57,,,,,,,,,,,,,,,,,,,,,,,,,,,,,,,,,,,,
2023,6,22,14,0,28.7,-8.1,8.44,,,,,,,,,,,,,,,,,,,,,,,,,,,,,,,,,,,,
2023,6,22,15,0,32.6,-7.4,7.13,,,,,,,,,,,,,,,,,,,,,,,,,,,,,,,,,,,,
2023,6,22,16,0,35,-7.1,6.39,,,,,,,,,,,,,,,,,,,,,,,,,,,,,,,,,,,,
2023,6,22,17,0,36.8,-6.4,6.11,,,,,,,,,,,,,,,,,,,,,,,,,,,,,,,,,,,,
2023,6,22,18,0,38.2,-5.7,5.97,,,,,,,,,,,,,,,,,,,,,,,,,,,,,,,,,,,,
2023,6,22,19,0,39.4,-5.2,5.81,,,,,,,,,,,,,,,,,,,,,,,,,,,,,,,,,,,,
2023,6,22,20,0,40.1,-4.9,5.72,,,,,,,,,,,,,,,,,,,,,,,,,,,,,,,,,,,,
2023,6,22,21,0,40.6,-4.8,5.61,,,,,,,,,,,,,,,,,,,,,,,,,,,,,,,,,,,,
2023,6,22,22,0,40.6,-5,5.55,,,,,,,,,,,,,,,,,,,,,,,,,,,,,,,,,,,,
2023,6,22,23,0,40,-5.4,5.54,,,,,,,,,,,,,,,,,,,,,,,,,,,,,,,,,,,,
2023,6,23,0,0,38.9,-6.1,5.58,,,,,,,,,,,,,,,,,,,,,,,,,,,,,,,,,,,,
2023,6,23,1,0,37,-6.7,5.91,,,,,,,,,,,,,,,,,,,,,,,,,,,,,,,,,,,,
2023,6,23,2,0,31.6,-6.6,8.02,,,,,,,,,,,,,,,,,,,,,,,,,,,,,,,,,,,,
2023,6,23,3,0,29.2,-7.8,8.41,,,,,,,,,,,,,,,,,,,,,,,,,,,,,,,,,,,,
2023,6,23,4,0,28,-8.8,8.35,,,,,,,,,,,,,,,,,,,,,,,,,,,,,,,,,,,,
2023,6,23,5,0,26.7,-9.2,8.73,,,,,,,,,,,,,,,,,,,,,,,,,,,,,,,,,,,,
2023,6,23,6,0,25.4,-9,9.58,,,,,,,,,,,,,,,,,,,,,,,,,,,,,,,,,,,,
2023,6,23,7,0,24.1,-8.2,11.05,,,,,,,,,,,,,,,,,,,,,,,,,,,,,,,,,,,,
2023,6,23,8,0,22.7,-6.9,13.26,,,,,,,,,,,,,,,,,,,,,,,,,,,,,,,,,,,,
2023,6,23,9,0,21.7,-5.8,15.37,,,,,,,,,,,,,,,,,,,,,,,,,,,,,,,,,,,,
2023,6,23,10,0,21.4,-5.2,16.4,,,,,,,,,,,,,,,,,,,,,,,,,,,,,,,,,,,,
2023,6,23,11,0,21.2,-4.8,17.11,,,,,,,,,,,,,,,,,,,,,,,,,,,,,,,,,,,,
2023,6,23,12,0,20.8,-4.3,18.17,,,,,,,,,,,,,,,,,,,,,,,,,,,,,,,,,,,,
2023,6,23,13,0,23,-3.4,16.94,,,,,,,,,,,,,,,,,,,,,,,,,,,,,,,,,,,,
2023,6,23,14,0,26.3,-3.1,14.24,,,,,,,,,,,,,,,,,,,,,,,,,,,,,,,,,,,,
2023,6,23,15,0,29.7,-4.3,10.66,,,,,,,,,,,,,,,,,,,,,,,,,,,,,,,,,,,,
2023,6,23,16,0,32.2,-6.1,8.09,,,,,,,,,,,,,,,,,,,,,,,,,,,,,,,,,,,,
2023,6,23,17,0,34.1,-7.3,6.64,,,,,,,,,,,,,,,,,,,,,,,,,,,,,,,,,,,,
2023,6,23,18,0,35.6,-8.9,5.36,,,,,,,,,,,,,,,,,,,,,,,,,,,,,,,,,,,,
2023,6,23,19,0,36.8,-10.9,4.3,,,,,,,,,,,,,,,,,,,,,,,,,,,,,,,,,,,,
2023,6,23,20,0,37.7,-13.2,3.41,,,,,,,,,,,,,,,,,,,,,,,,,,,,,,,,,,,,
2023,6,23,21,0,38.1,-15.2,2.83,,,,,,,,,,,,,,,,,,,,,,,,,,,,,,,,,,,,
2023,6,23,22,0,38,-17,2.45,,,,,,,,,,,,,,,,,,,,,,,,,,,,,,,,,,,,
2023,6,23,23,0,37.5,-18.6,2.2,,,,,,,,,,,,,,,,,,,,,,,,,,,,,,,,,,,,
2023,6,24,0,0,36.4,-19.9,2.09,,,,,,,,,,,,,,,,,,,,,,,,,,,,,,,,,,,,
2023,6,24,1,0,33.9,-17.6,2.92,,,,,,,,,,,,,,,,,,,,,,,,,,,,,,,,,,,,
2023,6,24,2,0,29.8,-16.7,3.98,,,,,,,,,,,,,,,,,,,,,,,,,,,,,,,,,,,,
2023,6,24,3,0,28.1,-17.9,3.98,,,,,,,,,,,,,,,,,,,,,,,,,,,,,,,,,,,,
2023,6,24,4,0,26.9,-18.4,4.07,,,,,,,,,,,,,,,,,,,,,,,,,,,,,,,,,,,,
2023,6,24,5,0,25.7,-18.4,4.37,,,,,,,,,,,,,,,,,,,,,,,,,,,,,,,,,,,,
2023,6,24,6,0,24.7,-18.1,4.78,,,,,,,,,,,,,,,,,,,,,,,,,,,,,,,,,,,,
2023,6,24,7,0,23.9,-17.6,5.21,,,,,,,,,,,,,,,,,,,,,,,,,,,,,,,,,,,,
2023,6,24,8,0,23.5,-17.3,5.49,,,,,,,,,,,,,,,,,,,,,,,,,,,,,,,,,,,,
2023,6,24,9,0,22.8,-16.9,5.91,,,,,,,,,,,,,,,,,,,,,,,,,,,,,,,,,,,,
2023,6,24,10,0,21.6,-16.4,6.65,,,,,,,,,,,,,,,,,,,,,,,,,,,,,,,,,,,,
2023,6,24,11,0,20.2,-15.6,7.73,,,,,,,,,,,,,,,,,,,,,,,,,,,,,,,,,,,,
2023,6,24,12,0,19.3,-14.7,8.82,,,,,,,,,,,,,,,,,,,,,,,,,,,,,,,,,,,,
2023,6,24,13,0,22.3,-13.2,8.24,,,,,,,,,,,,,,,,,,,,,,,,,,,,,,,,,,,,
2023,6,24,14,0,26.9,-14.4,5.71,,,,,,,,,,,,,,,,,,,,,,,,,,,,,,,,,,,,
2023,6,24,15,0,30.7,-16.3,3.9,,,,,,,,,,,,,,,,,,,,,,,,,,,,,,,,,,,,
2023,6,24,16,0,34,-18.2,2.75,,,,,,,,,,,,,,,,,,,,,,,,,,,,,,,,,,,,
2023,6,24,17,0,35.9,-18.8,2.36,,,,,,,,,,,,,,,,,,,,,,,,,,,,,,,,,,,,
2023,6,24,18,0,37.5,-18.6,2.2,,,,,,,,,,,,,,,,,,,,,,,,,,,,,,,,,,,,
2023,6,24,19,0,38.8,-18.2,2.13,,,,,,,,,,,,,,,,,,,,,,,,,,,,,,,,,,,,
2023,6,24,20,0,39.7,-17.7,2.1,,,,,,,,,,,,,,,,,,,,,,,,,,,,,,,,,,,,
2023,6,24,21,0,40.3,-17.2,2.13,,,,,,,,,,,,,,,,,,,,,,,,,,,,,,,,,,,,
2023,6,24,22,0,40.3,-16.5,2.25,,,,,,,,,,,,,,,,,,,,,,,,,,,,,,,,,,,,
2023,6,24,23,0,39.9,-16,2.4,,,,,,,,,,,,,,,,,,,,,,,,,,,,,,,,,,,,
2023,6,25,0,0,38.9,-15.5,2.65,,,,,,,,,,,,,,,,,,,,,,,,,,,,,,,,,,,,
2023,6,25,1,0,36.6,-12.6,3.8,,,,,,,,,,,,,,,,,,,,,,,,,,,,,,,,,,,,
2023,6,25,2,0,32.9,-11.1,5.28,,,,,,,,,,,,,,,,,,,,,,,,,,,,,,,,,,,,
2023,6,25,3,0,31.9,-11.5,5.4,,,,,,,,,,,,,,,,,,,,,,,,,,,,,,,,,,,,
2023,6,25,4,0,31.2,-11.5,5.6,,,,,,,,,,,,,,,,,,,,,,,,,,,,,,,,,,,,
2023,6,25,5,0,30.1,-11.6,5.95,,,,,,,,,,,,,,,,,,,,,,,,,,,,,,,,,,,,
2023,6,25,6,0,29.1,-11.7,6.22,,,,,,,,,,,,,,,,,,,,,,,,,,,,,,,,,,,,
2023,6,25,7,0,28.5,-11.8,6.42,,,,,,,,,,,,,,,,,,,,,,,,,,,,,,,,,,,,
2023,6,25,8,0,27.8,-11.8,6.68,,,,,,,,,,,,,,,,,,,,,,,,,,,,,,,,,,,,
2023,6,25,9,0,27.7,-11.7,6.75,,,,,,,,,,,,,,,,,,,,,,,,,,,,,,,,,,,,
2023,6,25,10,0,27.1,-11.8,6.93,,,,,,,,,,,,,,,,,,,,,,,,,,,,,,,,,,,,
2023,6,25,11,0,26.2,-12,7.18,,,,,,,,,,,,,,,,,,,,,,,,,,,,,,,,,,,,
2023,6,25,12,0,25.3,-12,7.6,,,,,,,,,,,,,,,,,,,,,,,,,,,,,,,,,,,,
2023,6,25,13,0,27.2,-10.9,7.39,,,,,,,,,,,,,,,,,,,,,,,,,,,,,,,,,,,,
2023,6,25,14,0,30.9,-12.6,5.23,,,,,,,,,,,,,,,,,,,,,,,,,,,,,,,,,,,,
2023,6,25,15,0,34.5,-12.5,4.32,,,,,,,,,,,,,,,,,,,,,,,,,,,,,,,,,,,,
2023,6,25,16,0,37.1,-11.3,4.1,,,,,,,,,,,,,,,,,,,,,,,,,,,,,,,,,,,,
2023,6,25,17,0,39,-8.9,4.46,,,,,,,,,,,,,,,,,,,,,,,,,,,,,,,,,,,,
2023,6,25,18,0,40.7,-6.6,4.87,,,,,,,,,,,,,,,,,,,,,,,,,,,,,,,,,,,,
2023,6,25,19,0,42,-4.8,5.23,,,,,,,,,,,,,,,,,,,,,,,,,,,,,,,,,,,,
2023,6,25,20,0,42.9,-3.5,5.47,,,,,,,,,,,,,,,,,,,,,,,,,,,,,,,,,,,,
2023,6,25,21,0,43.3,-2.7,5.7,,,,,,,,,,,,,,,,,,,,,,,,,,,,,,,,,,,,
2023,6,25,22,0,43.1,-2.1,6.03,,,,,,,,,,,,,,,,,,,,,,,,,,,,,,,,,,,,
2023,6,25,23,0,42.5,-1.9,6.31,,,,,,,,,,,,,,,,,,,,,,,,,,,,,,,,,,,,
2023,6,26,0,0,41.3,-2.2,6.6,,,,,,,,,,,,,,,,,,,,,,,,,,,,,,,,,,,,
2023,6,26,1,0,39.3,-2.7,7.07,,,,,,,,,,,,,,,,,,,,,,,,,,,,,,,,,,,,
2023,6,26,2,0,34.4,-2.9,9.12,,,,,,,,,,,,,,,,,,,,,,,,,,,,,,,,,,,,
2023,6,26,3,0,32.4,-4,9.39,,,,,,,,,,,,,,,,,,,,,,,,,,,,,,,,,,,,
2023,6,26,4,0,31.5,-5.1,9.04,,,,,,,,,,,,,,,,,,,,,,,,,,,,,,,,,,,,
2023,6,26,5,0,30.8,-6.2,8.66,,,,,,,,,,,,,,,,,,,,,,,,,,,,,,,,,,,,
2023,6,26,6,0,30.3,-7.2,8.29,,,,,,,,,,,,,,,,,,,,,,,,,,,,,,,,,,,,
2023,6,26,7,0,30,-8,7.9,,,,,,,,,,,,,,,,,,,,,,,,,,,,,,,,,,,,
2023,6,26,8,0,30,-8.5,7.63,,,,,,,,,,,,,,,,,,,,,,,,,,,,,,,,,,,,
2023,6,26,9,0,29.4,-8.5,7.88,,,,,,,,,,,,,,,,,,,,,,,,,,,,,,,,,,,,
2023,6,26,10,0,28.4,-8.2,8.51,,,,,,,,,,,,,,,,,,,,,,,,,,,,,,,,,,,,
2023,6,26,11,0,27.5,-7.8,9.26,,,,,,,,,,,,,,,,,,,,,,,,,,,,,,,,,,,,
2023,6,26,12,0,26.4,-7.3,10.32,,,,,,,,,,,,,,,,,,,,,,,,,,,,,,,,,,,,
2023,6,26,13,0,28.6,-6.3,9.76,,,,,,,,,,,,,,,,,,,,,,,,,,,,,,,,,,,,
2023,6,26,14,0,31.7,-8.1,7.13,,,,,,,,,,,,,,,,,,,,,,,,,,,,,,,,,,,,
2023,6,26,15,0,35.2,-9.2,5.36,,,,,,,,,,,,,,,,,,,,,,,,,,,,,,,,,,,,
2023,6,26,16,0,38.3,-8.7,4.72,,,,,,,,,,,,,,,,,,,,,,,,,,,,,,,,,,,,
2023,6,26,17,0,40.1,-7.2,4.79,,,,,,,,,,,,,,,,,,,,,,,,,,,,,,,,,,,,
2023,6,26,18,0,41.6,-6.2,4.8,,,,,,,,,,,,,,,,,,,,,,,,,,,,,,,,,,,,
2023,6,26,19,0,42.8,-5.5,4.75,,,,,,,,,,,,,,,,,,,,,,,,,,,,,,,,,,,,
2023,6,26,20,0,43.5,-4.9,4.81,,,,,,,,,,,,,,,,,,,,,,,,,,,,,,,,,,,,
2023,6,26,21,0,43.9,-4.3,4.92,,,,,,,,,,,,,,,,,,,,,,,,,,,,,,,,,,,,
2023,6,26,22,0,43.7,-3.9,5.12,,,,,,,,,,,,,,,,,,,,,,,,,,,,,,,,,,,,
2023,6,26,23,0,43.1,-3.7,5.34,,,,,,,,,,,,,,,,,,,,,,,,,,,,,,,,,,,,
2023,6,27,0,0,42,-3.9,5.6,,,,,,,,,,,,,,,,,,,,,,,,,,,,,,,,,,,,
2023,6,27,1,0,39.9,-4.2,6.09,,,,,,,,,,,,,,,,,,,,,,,,,,,,,,,,,,,,
2023,6,27,2,0,34.9,-4.4,7.89,,,,,,,,,,,,,,,,,,,,,,,,,,,,,,,,,,,,
2023,6,27,3,0,32.6,-5.2,8.46,,,,,,,,,,,,,,,,,,,,,,,,,,,,,,,,,,,,
2023,6,27,4,0,31.3,-6,8.59,,,,,,,,,,,,,,,,,,,,,,,,,,,,,,,,,,,,
2023,6,27,5,0,30.1,-6.4,8.9,,,,,,,,,,,,,,,,,,,,,,,,,,,,,,,,,,,,
2023,6,27,6,0,29.1,-6.6,9.31,,,,,,,,,,,,,,,,,,,,,,,,,,,,,,,,,,,,
2023,6,27,7,0,29,-6.6,9.32,,,,,,,,,,,,,,,,,,,,,,,,,,,,,,,,,,,,
2023,6,27,8,0,29.1,-6.4,9.42,,,,,,,,,,,,,,,,,,,,,,,,,,,,,,,,,,,,
2023,6,27,9,0,28.5,-6.3,9.82,,,,,,,,,,,,,,,,,,,,,,,,,,,,,,,,,,,,
2023,6,27,10,0,27.2,-6.3,10.62,,,,,,,,,,,,,,,,,,,,,,,,,,,,,,,,,,,,
2023,6,27,11,0,26.6,-6.3,11.03,,,,,,,,,,,,,,,,,,,,,,,,,,,,,,,,,,,,
2023,6,27,12,0,26,-6,11.65,,,,,,,,,,,,,,,,,,,,,,,,,,,,,,,,,,,,
2023,6,27,13,0,27.7,-5.1,11.31,,,,,,,,,,,,,,,,,,,,,,,,,,,,,,,,,,,,
2023,6,27,14,0,30.7,-5.5,9.24,,,,,,,,,,,,,,,,,,,,,,,,,,,,,,,,,,,,
2023,6,27,15,0,34.4,-4.9,7.8,,,,,,,,,,,,,,,,,,,,,,,,,,,,,,,,,,,,
2023,6,27,16,0,37.1,-4.6,6.87,,,,,,,,,,,,,,,,,,,,,,,,,,,,,,,,,,,,
2023,6,27,17,0,38.9,-4.8,6.18,,,,,,,,,,,,,,,,,,,,,,,,,,,,,,,,,,,,
2023,6,27,18,0,40.3,-5,5.63,,,,,,,,,,,,,,,,,,,,,,,,,,,,,,,,,,,,
2023,6,27,19,0,41.4,-5.1,5.25,,,,,,,,,,,,,,,,,,,,,,,,,,,,,,,,,,,,
2023,6,27,20,0,42,-5.1,5.09,,,,,,,,,,,,,,,,,,,,,,,,,,,,,,,,,,,,
2023,6,27,21,0,42.3,-4.9,5.11,,,,,,,,,,,,,,,,,,,,,,,,,,,,,,,,,,,,
2023,6,27,22,0,42.1,-4.5,5.31,,,,,,,,,,,,,,,,,,,,,,,,,,,,,,,,,,,,
2023,6,27,23,0,41.4,-4.2,5.66,,,,,,,,,,,,,,,,,,,,,,,,,,,,,,,,,,,,
2023,6,28,0,0,40.3,-4,6.09,,,,,,,,,,,,,,,,,,,,,,,,,,,,,,,,,,,,
2023,6,28,1,0,38.4,-3.9,6.77,,,,,,,,,,,,,,,,,,,,,,,,,,,,,,,,,,,,
2023,6,28,2,0,33.3,-3.8,9.07,,,,,,,,,,,,,,,,,,,,,,,,,,,,,,,,,,,,
2023,6,28,3,0,30.8,-4.2,10.09,,,,,,,,,,,,,,,,,,,,,,,,,,,,,,,,,,,,
2023,6,28,4,0,29.5,-4.8,10.42,,,,,,,,,,,,,,,,,,,,,,,,,,,,,,,,,,,,
2023,6,28,5,0,28.4,-5.1,10.81,,,,,,,,,,,,,,,,,,,,,,,,,,,,,,,,,,,,
2023,6,28,6,0,28.4,-5.4,10.62,,,,,,,,,,,,,,,,,,,,,,,,,,,,,,,,,,,,
2023,6,28,7,0,28.5,-5.5,10.45,,,,,,,,,,,,,,,,,,,,,,,,,,,,,,,,,,,,
2023,6,28,8,0,27.5,-5.4,11.14,,,,,,,,,,,,,,,,,,,,,,,,,,,,,,,,,,,,
2023,6,28,9,0,26,-5.1,12.49,,,,,,,,,,,,,,,,,,,,,,,,,,,,,,,,,,,,
2023,6,28,10,0,24.8,-4.6,13.88,,,,,,,,,,,,,,,,,,,,,,,,,,,,,,,,,,,,
2023,6,28,11,0,23.8,-4.1,15.39,,,,,,,,,,,,,,,,,,,,,,,,,,,,,,,,,,,,
2023,6,28,12,0,23.5,-3.4,16.49,,,,,,,,,,,,,,,,,,,,,,,,,,,,,,,,,,,,
2023,6,28,13,0,26.8,-2.6,14.4,,,,,,,,,,,,,,,,,,,,,,,,,,,,,,,,,,,,
2023,6,28,14,0,30.4,0.3,14.4,,,,,,,,,,,,,,,,,,,,,,,,,,,,,,,,,,,,
2023,6,28,15,0,33.4,1.6,13.38,,,,,,,,,,,,,,,,,,,,,,,,,,,,,,,,,,,,
2023,6,28,16,0,35.9,0.6,10.83,,,,,,,,,,,,,,,,,,,,,,,,,,,,,,,,,,,,
2023,6,28,17,0,37.8,-0.1,9.28,,,,,,,,,,,,,,,,,,,,,,,,,,,,,,,,,,,,
2023,6,28,18,0,39.3,-0.4,8.37,,,,,,,,,,,,,,,,,,,,,,,,,,,,,,,,,,,,
2023,6,28,19,0,40.4,-0.4,7.88,,,,,,,,,,,,,,,,,,,,,,,,,,,,,,,,,,,,
2023,6,28,20,0,41.1,-0.4,7.57,,,,,,,,,,,,,,,,,,,,,,,,,,,,,,,,,,,,
2023,6,28,21,0,41.4,-0.6,7.37,,,,,,,,,,,,,,,,,,,,,,,,,,,,,,,,,,,,
2023,6,28,22,0,41.3,-0.9,7.22,,,,,,,,,,,,,,,,,,,,,,,,,,,,,,,,,,,,
2023,6,28,23,0,40.7,-1.4,7.18,,,,,,,,,,,,,,,,,,,,,,,,,,,,,,,,,,,,
2023,6,29,0,0,39.6,-2.1,7.23,,,,,,,,,,,,,,,,,,,,,,,,,,,,,,,,,,,,
2023,6,29,1,0,37.7,-3,7.52,,,,,,,,,,,,,,,,,,,,,,,,,,,,,,,,,,,,
2023,6,29,2,0,32.6,-3.8,9.42,,,,,,,,,,,,,,,,,,,,,,,,,,,,,,,,,,,,
2023,6,29,3,0,30.2,-5.4,9.57,,,,,,,,,,,,,,,,,,,,,,,,,,,,,,,,,,,,
2023,6,29,4,0,28.9,-6.8,9.28,,,,,,,,,,,,,,,,,,,,,,,,,,,,,,,,,,,,
2023,6,29,5,0,27.7,-7.7,9.29,,,,,,,,,,,,,,,,,,,,,,,,,,,,,,,,,,,,
2023,6,29,6,0,26.8,-8.1,9.48,,,,,,,,,,,,,,,,,,,,,,,,,,,,,,,,,,,,
2023,6,29,7,0,26.3,-8.3,9.57,,,,,,,,,,,,,,,,,,,,,,,,,,,,,,,,,,,,
2023,6,29,8,0,26,-8.2,9.8,,,,,,,,,,,,,,,,,,,,,,,,,,,,,,,,,,,,
2023,6,29,9,0,25.4,-7.8,10.48,,,,,,,,,,,,,,,,,,,,,,,,,,,,,,,,,,,,
2023,6,29,10,0,24.8,-7.4,11.25,,,,,,,,,,,,,,,,,,,,,,,,,,,,,,,,,,,,
2023,6,29,11,0,24,-6.8,12.37,,,,,,,,,,,,,,,,,,,,,,,,,,,,,,,,,,,,
2023,6,29,12,0,23.4,-5.9,13.73,,,,,,,,,,,,,,,,,,,,,,,,,,,,,,,,,,,,
2023,6,29,13,0,25.8,-4.5,13.17,,,,,,,,,,,,,,,,,,,,,,,,,,,,,,,,,,,,
2023,6,29,14,0,29.4,-4.5,10.72,,,,,,,,,,,,,,,,,,,,,,,,,,,,,,,,,,,,
2023,6,29,15,0,32.9,-4.3,8.92,,,,,,,,,,,,,,,,,,,,,,,,,,,,,,,,,,,,
2023,6,29,16,0,35.3,-4.3,7.78,,,,,,,,,,,,,,,,,,,,,,,,,,,,,,,,,,,,
2023,6,29,17,0,37.1,-4.4,7,,,,,,,,,,,,,,,,,,,,,,,,,,,,,,,,,,,,
2023,6,29,18,0,38.5,-4.7,6.36,,,,,,,,,,,,,,,,,,,,,,,,,,,,,,,,,,,,
2023,6,29,19,0,39.7,-4.9,5.84,,,,,,,,,,,,,,,,,,,,,,,,,,,,,,,,,,,,
2023,6,29,20,0,40.5,-5.1,5.53,,,,,,,,,,,,,,,,,,,,,,,,,,,,,,,,,,,,
2023,6,29,21,0,40.9,-5,5.44,,,,,,,,,,,,,,,,,,,,,,,,,,,,,,,,,,,,
2023,6,29,22,0,40.9,-4.8,5.53,,,,,,,,,,,,,,,,,,,,,,,,,,,,,,,,,,,,
2023,6,29,23,0,40.4,-4.6,5.78,,,,,,,,,,,,,,,,,,,,,,,,,,,,,,,,,,,,
2023,6,30,0,0,39.4,-4.4,6.19,,,,,,,,,,,,,,,,,,,,,,,,,,,,,,,,,,,,
2023,6,30,1,0,37.5,-3.8,7.14,,,,,,,,,,,,,,,,,,,,,,,,,,,,,,,,,,,,
2023,6,30,2,0,33.5,-3.1,9.43,,,,,,,,,,,,,,,,,,,,,,,,,,,,,,,,,,,,
2023,6,30,3,0,32.2,-3.3,9.98,,,,,,,,,,,,,,,,,,,,,,,,,,,,,,,,,,,,
2023,6,30,4,0,31.4,-3.4,10.35,,,,,,,,,,,,,,,,,,,,,,,,,,,,,,,,,,,,
2023,6,30,5,0,30.9,-3.6,10.52,,,,,,,,,,,,,,,,,,,,,,,,,,,,,,,,,,,,
2023,6,30,6,0,30.5,-3.7,10.71,,,,,,,,,,,,,,,,,,,,,,,,,,,,,,,,,,,,
2023,6,30,7,0,29.7,-3.7,11.17,,,,,,,,,,,,,,,,,,,,,,,,,,,,,,,,,,,,
2023,6,30,8,0,28.7,-3.6,11.91,,,,,,,,,,,,,,,,,,,,,,,,,,,,,,,,,,,,
2023,6,30,9,0,27.8,-3.4,12.76,,,,,,,,,,,,,,,,,,,,,,,,,,,,,,,,,,,,
2023,6,30,10,0,26.5,-3.1,14.03,,,,,,,,,,,,,,,,,,,,,,,,,,,,,,,,,,,,
2023,6,30,11,0,25.3,-2.6,15.69,,,,,,,,,,,,,,,,,,,,,,,,,,,,,,,,,,,,
2023,6,30,12,0,24.4,-1.8,17.56,,,,,,,,,,,,,,,,,,,,,,,,,,,,,,,,,,,,
2023,6,30,13,0,26.7,-0.9,16.32,,,,,,,,,,,,,,,,,,,,,,,,,,,,,,,,,,,,
2023,6,30,14,0,30.2,-1.1,13.13,,,,,,,,,,,,,,,,,,,,,,,,,,,,,,,,,,,,
2023,6,30,15,0,33.4,-2.1,10.19,,,,,,,,,,,,,,,,,,,,,,,,,,,,,,,,,,,,
2023,6,30,16,0,36.4,-2.7,8.25,,,,,,,,,,,,,,,,,,,,,,,,,,,,,,,,,,,,
2023,6,30,17,0,38.8,-3.2,7,,,,,,,,,,,,,,,,,,,,,,,,,,,,,,,,,,,,
2023,6,30,18,0,40.4,-3.6,6.24,,,,,,,,,,,,,,,,,,,,,,,,,,,,,,,,,,,,
2023,6,30,19,0,41.7,-3.9,5.66,,,,,,,,,,,,,,,,,,,,,,,,,,,,,,,,,,,,
2023,6,30,20,0,42.5,-4.2,5.3,,,,,,,,,,,,,,,,,,,,,,,,,,,,,,,,,,,,
2023,6,30,21,0,42.9,-4.5,5.08,,,,,,,,,,,,,,,,,,,,,,,,,,,,,,,,,,,,
2023,6,30,22,0,42.9,-4.7,5.02,,,,,,,,,,,,,,,,,,,,,,,,,,,,,,,,,,,,
2023,6,30,23,0,42.4,-4.8,5.1,,,,,,,,,,,,,,,,,,,,,,,,,,,,,,,,,,,,
2023,7,1,0,0,41.5,-4.9,5.32,,,,,,,,,,,,,,,,,,,,,,,,,,,,,,,,,,,,
2023,7,1,1,0,39.5,-4.7,6.02,,,,,,,,,,,,,,,,,,,,,,,,,,,,,,,,,,,,
2023,7,1,2,0,35,-4.8,7.62,,,,,,,,,,,,,,,,,,,,,,,,,,,,,,,,,,,,
2023,7,1,3,0,33,-5.6,8.03,,,,,,,,,,,,,,,,,,,,,,,,,,,,,,,,,,,,
2023,7,1,4,0,31.9,-5.9,8.37,,,,,,,,,,,,,,,,,,,,,,,,,,,,,,,,,,,,
2023,7,1,5,0,31.1,-5.7,8.85,,,,,,,,,,,,,,,,,,,,,,,,,,,,,,,,,,,,
2023,7,1,6,0,30.7,-5.2,9.39,,,,,,,,,,,,,,,,,,,,,,,,,,,,,,,,,,,,
2023,7,1,7,0,30.7,-4.6,9.88,,,,,,,,,,,,,,,,,,,,,,,,,,,,,,,,,,,,
2023,7,1,8,0,29.7,-4,10.96,,,,,,,,,,,,,,,,,,,,,,,,,,,,,,,,,,,,
2023,7,1,9,0,28.1,-3.1,12.86,,,,,,,,,,,,,,,,,,,,,,,,,,,,,,,,,,,,
2023,7,1,10,0,26.9,-1.5,15.45,,,,,,,,,,,,,,,,,,,,,,,,,,,,,,,,,,,,
2023,7,1,11,0,26,-0.1,18.01,,,,,,,,,,,,,,,,,,,,,,,,,,,,,,,,,,,,
2023,7,1,12,0,25.4,0.9,20.12,,,,,,,,,,,,,,,,,,,,,,,,,,,,,,,,,,,,
2023,7,1,13,0,28.3,1.7,17.96,,,,,,,,,,,,,,,,,,,,,,,,,,,,,,,,,,,,
2023,7,1,14,0,31.8,1.4,14.36,,,,,,,,,,,,,,,,,,,,,,,,,,,,,,,,,,,,
2023,7,1,15,0,35.5,0.1,10.63,,,,,,,,,,,,,,,,,,,,,,,,,,,,,,,,,,,,
2023,7,1,16,0,38.4,0.2,9.14,,,,,,,,,,,,,,,,,,,,,,,,,,,,,,,,,,,,
2023,7,1,17,0,40.9,0.9,8.43,,,,,,,,,,,,,,,,,,,,,,,,,,,,,,,,,,,,
2023,7,1,18,0,42.7,1.4,7.95,,,,,,,,,,,,,,,,,,,,,,,,,,,,,,,,,,,,
2023,7,1,19,0,43.8,1.6,7.63,,,,,,,,,,,,,,,,,,,,,,,,,,,,,,,,,,,,
2023,7,1,20,0,44.5,1.8,7.45,,,,,,,,,,,,,,,,,,,,,,,,,,,,,,,,,,,,
2023,7,1,21,0,44.9,1.8,7.3,,,,,,,,,,,,,,,,,,,,,,,,,,,,,,,,,,,,
2023,7,1,22,0,44.8,1.6,7.2,,,,,,,,,,,,,,,,,,,,,,,,,,,,,,,,,,,,
2023,7,1,23,0,44.2,1.1,7.21,,,,,,,,,,,,,,,,,,,,,,,,,,,,,,,,,,,,
2023,7,2,0,0,43.2,0.6,7.33,,,,,,,,,,,,,,,,,,,,,,,,,,,,,,,,,,,,
2023,7,2,1,0,41.3,0.3,7.89,,,,,,,,,,,,,,,,,,,,,,,,,,,,,,,,,,,,
2023,7,2,2,0,36.3,0.4,10.38,,,,,,,,,,,,,,,,,,,,,,,,,,,,,,,,,,,,
2023,7,2,3,0,34.2,0.3,11.61,,,,,,,,,,,,,,,,,,,,,,,,,,,,,,,,,,,,
2023,7,2,4,0,33,0.5,12.59,,,,,,,,,,,,,,,,,,,,,,,,,,,,,,,,,,,,
2023,7,2,5,0,31.9,0.8,13.7,,,,,,,,,,,,,,,,,,,,,,,,,,,,,,,,,,,,
2023,7,2,6,0,31,1,14.66,,,,,,,,,,,,,,,,,,,,,,,,,,,,,,,,,,,,
2023,7,2,7,0,30.6,1.1,15.08,,,,,,,,,,,,,,,,,,,,,,,,,,,,,,,,,,,,
2023,7,2,8,0,30.6,1,15,,,,,,,,,,,,,,,,,,,,,,,,,,,,,,,,,,,,
2023,7,2,9,0,30.3,0.8,15.03,,,,,,,,,,,,,,,,,,,,,,,,,,,,,,,,,,,,
2023,7,2,10,0,29.2,0.4,15.52,,,,,,,,,,,,,,,,,,,,,,,,,,,,,,,,,,,,
2023,7,2,11,0,28.3,0.1,15.98,,,,,,,,,,,,,,,,,,,,,,,,,,,,,,,,,,,,
2023,7,2,12,0,27.6,-0.1,16.43,,,,,,,,,,,,,,,,,,,,,,,,,,,,,,,,,,,,
2023,7,2,13,0,30.1,-0.1,14.28,,,,,,,,,,,,,,,,,,,,,,,,,,,,,,,,,,,,
2023,7,2,14,0,33.5,-0.3,11.6,,,,,,,,,,,,,,,,,,,,,,,,,,,,,,,,,,,,
2023,7,2,15,0,36.7,0.3,10.12,,,,,,,,,,,,,,,,,,,,,,,,,,,,,,,,,,,,
2023,7,2,16,0,39.8,1.2,9.11,,,,,,,,,,,,,,,,,,,,,,,,,,,,,,,,,,,,
2023,7,2,17,0,41.9,1.4,8.28,,,,,,,,,,,,,,,,,,,,,,,,,,,,,,,,,,,,
2023,7,2,18,0,43.5,1.4,7.61,,,,,,,,,,,,,,,,,,,,,,,,,,,,,,,,,,,,
2023,7,2,19,0,44.7,1.3,7.1,,,,,,,,,,,,,,,,,,,,,,,,,,,,,,,,,,,,
2023,7,2,20,0,45.5,1.2,6.78,,,,,,,,,,,,,,,,,,,,,,,,,,,,,,,,,,,,
2023,7,2,21,0,45.8,1.1,6.62,,,,,,,,,,,,,,,,,,,,,,,,,,,,,,,,,,,,
2023,7,2,22,0,45.7,0.9,6.56,,,,,,,,,,,,,,,,,,,,,,,,,,,,,,,,,,,,
2023,7,2,23,0,45.1,0.7,6.64,,,,,,,,,,,,,,,,,,,,,,,,,,,,,,,,,,,,
2023,7,3,0,0,44,0.4,6.93,,,,,,,,,,,,,,,,,,,,,,,,,,,,,,,,,,,,
2023,7,3,1,0,42.2,0.4,7.62,,,,,,,,,,,,,,,,,,,,,,,,,,,,,,,,,,,,
2023,7,3,2,0,37.5,0.7,10.01,,,,,,,,,,,,,,,,,,,,,,,,,,,,,,,,,,,,
2023,7,3,3,0,35.2,1.1,11.66,,,,,,,,,,,,,,,,,,,,,,,,,,,,,,,,,,,,
2023,7,3,4,0,34.1,1.8,12.98,,,,,,,,,,,,,,,,,,,,,,,,,,,,,,,,,,,,
2023,7,3,5,0,33.1,2.6,14.58,,,,,,,,,,,,,,,,,,,,,,,,,,,,,,,,,,,,
2023,7,3,6,0,31.6,3.1,16.46,,,,,,,,,,,,,,,,,,,,,,,,,,,,,,,,,,,,
2023,7,3,7,0,30.6,3.3,17.6,,,,,,,,,,,,,,,,,,,,,,,,,,,,,,,,,,,,
2023,7,3,8,0,30.2,3.2,17.93,,,,,,,,,,,,,,,,,,,,,,,,,,,,,,,,,,,,
2023,7,3,9,0,30,3,17.9,,,,,,,,,,,,,,,,,,,,,,,,,,,,,,,,,,,,
2023,7,3,10,0,29.2,2.9,18.54,,,,,,,,,,,,,,,,,,,,,,,,,,,,,,,,,,,,
2023,7,3,11,0,27.9,2.8,19.97,,,,,,,,,,,,,,,,,,,,,,,,,,,,,,,,,,,,
2023,7,3,12,0,27.2,3.1,21.16,,,,,,,,,,,,,,,,,,,,,,,,,,,,,,,,,,,,
2023,7,3,13,0,29.9,3.5,18.63,,,,,,,,,,,,,,,,,,,,,,,,,,,,,,,,,,,,
2023,7,3,14,0,33.2,3.7,15.66,,,,,,,,,,,,,,,,,,,,,,,,,,,,,,,,,,,,
2023,7,3,15,0,36.5,3.5,12.9,,,,,,,,,,,,,,,,,,,,,,,,,,,,,,,,,,,,
2023,7,3,16,0,39.3,3.3,10.89,,,,,,,,,,,,,,,,,,,,,,,,,,,,,,,,,,,,
2023,7,3,17,0,41.7,3.3,9.56,,,,,,,,,,,,,,,,,,,,,,,,,,,,,,,,,,,,
2023,7,3,18,0,43.6,3.2,8.6,,,,,,,,,,,,,,,,,,,,,,,,,,,,,,,,,,,,
2023,7,3,19,0,44.9,2.9,7.9,,,,,,,,,,,,,,,,,,,,,,,,,,,,,,,,,,,,
2023,7,3,20,0,45.7,2.6,7.39,,,,,,,,,,,,,,,,,,,,,,,,,,,,,,,,,,,,
2023,7,3,21,0,46,2.1,7.02,,,,,,,,,,,,,,,,,,,,,,,,,,,,,,,,,,,,
2023,7,3,22,0,45.9,1.3,6.67,,,,,,,,,,,,,,,,,,,,,,,,,,,,,,,,,,,,
2023,7,3,23,0,45.4,0.4,6.42,,,,,,,,,,,,,,,,,,,,,,,,,,,,,,,,,,,,
2023,7,4,0,0,44.4,-0.4,6.38,,,,,,,,,,,,,,,,,,,,,,,,,,,,,,,,,,,,
2023,7,4,1,0,42.6,-0.8,6.82,,,,,,,,,,,,,,,,,,,,,,,,,,,,,,,,,,,,
2023,7,4,2,0,37.7,-0.5,9.02,,,,,,,,,,,,,,,,,,,,,,,,,,,,,,,,,,,,
2023,7,4,3,0,35.5,-0.2,10.45,,,,,,,,,,,,,,,,,,,,,,,,,,,,,,,,,,,,
2023,7,4,4,0,34.5,0.3,11.45,,,,,,,,,,,,,,,,,,,,,,,,,,,,,,,,,,,,
2023,7,4,5,0,33.2,0.8,12.77,,,,,,,,,,,,,,,,,,,,,,,,,,,,,,,,,,,,
2023,7,4,6,0,31.9,1.3,14.21,,,,,,,,,,,,,,,,,,,,,,,,,,,,,,,,,,,,
2023,7,4,7,0,30.7,1.7,15.68,,,,,,,,,,,,,,,,,,,,,,,,,,,,,,,,,,,,
2023,7,4,8,0,29.4,2.2,17.44,,,,,,,,,,,,,,,,,,,,,,,,,,,,,,,,,,,,
2023,7,4,9,0,28.3,2.6,19.2,,,,,,,,,,,,,,,,,,,,,,,,,,,,,,,,,,,,
2023,7,4,10,0,27.7,3.1,20.54,,,,,,,,,,,,,,,,,,,,,,,,,,,,,,,,,,,,
2023,7,4,11,0,27.5,3.6,21.61,,,,,,,,,,,,,,,,,,,,,,,,,,,,,,,,,,,,
2023,7,4,12,0,26.7,4.3,23.75,,,,,,,,,,,,,,,,,,,,,,,,,,,,,,,,,,,,
2023,7,4,13,0,29,5.1,22.02,,,,,,,,,,,,,,,,,,,,,,,,,,,,,,,,,,,,
2023,7,4,14,0,32.3,5.3,18.4,,,,,,,,,,,,,,,,,,,,,,,,,,,,,,,,,,,,
2023,7,4,15,0,35.4,4.7,14.82,,,,,,,,,,,,,,,,,,,,,,,,,,,,,,,,,,,,
2023,7,4,16,0,38.2,3.4,11.62,,,,,,,,,,,,,,,,,,,,,,,,,,,,,,,,,,,,
2023,7,4,17,0,40.7,1.6,8.97,,,,,,,,,,,,,,,,,,,,,,,,,,,,,,,,,,,,
2023,7,4,18,0,42.4,0.7,7.69,,,,,,,,,,,,,,,,,,,,,,,,,,,,,,,,,,,,
2023,7,4,19,0,43.5,0.5,7.12,,,,,,,,,,,,,,,,,,,,,,,,,,,,,,,,,,,,
2023,7,4,20,0,44.1,0.7,7.02,,,,,,,,,,,,,,,,,,,,,,,,,,,,,,,,,,,,
2023,7,4,21,0,44.3,1.1,7.16,,,,,,,,,,,,,,,,,,,,,,,,,,,,,,,,,,,,
2023,7,4,22,0,44.1,1.5,7.45,,,,,,,,,,,,,,,,,,,,,,,,,,,,,,,,,,,,
2023,7,4,23,0,43.5,1.7,7.8,,,,,,,,,,,,,,,,,,,,,,,,,,,,,,,,,,,,
2023,7,5,0,0,42.4,1.6,8.19,,,,,,,,,,,,,,,,,,,,,,,,,,,,,,,,,,,,
2023,7,5,1,0,40.7,1.2,8.73,,,,,,,,,,,,,,,,,,,,,,,,,,,,,,,,,,,,
2023,7,5,2,0,35.9,1.1,11.2,,,,,,,,,,,,,,,,,,,,,,,,,,,,,,,,,,,,
2023,7,5,3,0,33.7,1,12.59,,,,,,,,,,,,,,,,,,,,,,,,,,,,,,,,,,,,
2023,7,5,4,0,32.7,1,13.34,,,,,,,,,,,,,,,,,,,,,,,,,,,,,,,,,,,,
2023,7,5,5,0,31.7,1.2,14.26,,,,,,,,,,,,,,,,,,,,,,,,,,,,,,,,,,,,
2023,7,5,6,0,30.7,1.2,15.07,,,,,,,,,,,,,,,,,,,,,,,,,,,,,,,,,,,,
2023,7,5,7,0,29.7,0.7,15.38,,,,,,,,,,,,,,,,,,,,,,,,,,,,,,,,,,,,
2023,7,5,8,0,28.7,-0.3,15.21,,,,,,,,,,,,,,,,,,,,,,,,,,,,,,,,,,,,
2023,7,5,9,0,28.2,-1,14.84,,,,,,,,,,,,,,,,,,,,,,,,,,,,,,,,,,,,
2023,7,5,10,0,28.4,-1.3,14.42,,,,,,,,,,,,,,,,,,,,,,,,,,,,,,,,,,,,
2023,7,5,11,0,28.6,-0.9,14.69,,,,,,,,,,,,,,,,,,,,,,,,,,,,,,,,,,,,
2023,7,5,12,0,28.2,0.3,16.39,,,,,,,,,,,,,,,,,,,,,,,,,,,,,,,,,,,,
2023,7,5,13,0,29.5,2.3,17.51,,,,,,,,,,,,,,,,,,,,,,,,,,,,,,,,,,,,
2023,7,5,14,0,32.5,0.6,13.06,,,,,,,,,,,,,,,,,,,,,,,,,,,,,,,,,,,,
2023,7,5,15,0,36.2,-5.1,7,,,,,,,,,,,,,,,,,,,,,,,,,,,,,,,,,,,,
2023,7,5,16,0,38.7,-5.7,5.84,,,,,,,,,,,,,,,,,,,,,,,,,,,,,,,,,,,,
2023,7,5,17,0,40.4,-5.4,5.42,,,,,,,,,,,,,,,,,,,,,,,,,,,,,,,,,,,,
2023,7,5,18,0,41.8,-5.1,5.15,,,,,,,,,,,,,,,,,,,,,,,,,,,,,,,,,,,,
2023,7,5,19,0,42.9,-4.5,5.08,,,,,,,,,,,,,,,,,,,,,,,,,,,,,,,,,,,,
2023,7,5,20,0,43.7,-3.7,5.19,,,,,,,,,,,,,,,,,,,,,,,,,,,,,,,,,,,,
2023,7,5,21,0,44,-2.9,5.42,,,,,,,,,,,,,,,,,,,,,,,,,,,,,,,,,,,,
2023,7,5,22,0,43.8,-2.2,5.78,,,,,,,,,,,,,,,,,,,,,,,,,,,,,,,,,,,,
2023,7,5,23,0,43.1,-1.5,6.3,,,,,,,,,,,,,,,,,,,,,,,,,,,,,,,,,,,,
2023,7,6,0,0,42,-0.9,6.97,,,,,,,,,,,,,,,,,,,,,,,,,,,,,,,,,,,,
2023,7,6,1,0,40.1,-0.5,7.97,,,,,,,,,,,,,,,,,,,,,,,,,,,,,,,,,,,,
2023,7,6,2,0,35.3,0,10.66,,,,,,,,,,,,,,,,,,,,,,,,,,,,,,,,,,,,
2023,7,6,3,0,33.4,-0.2,11.76,,,,,,,,,,,,,,,,,,,,,,,,,,,,,,,,,,,,
2023,7,6,4,0,32.4,-0.6,12.06,,,,,,,,,,,,,,,,,,,,,,,,,,,,,,,,,,,,
2023,7,6,5,0,31.5,-1.3,12.08,,,,,,,,,,,,,,,,,,,,,,,,,,,,,,,,,,,,
2023,7,6,6,0,30.6,-2.1,11.92,,,,,,,,,,,,,,,,,,,,,,,,,,,,,,,,,,,,
2023,7,6,7,0,30.2,-3.1,11.31,,,,,,,,,,,,,,,,,,,,,,,,,,,,,,,,,,,,
2023,7,6,8,0,30,-4,10.71,,,,,,,,,,,,,,,,,,,,,,,,,,,,,,,,,,,,
2023,7,6,9,0,29.7,-4.5,10.51,,,,,,,,,,,,,,,,,,,,,,,,,,,,,,,,,,,,
2023,7,6,10,0,29.6,-4.6,10.52,,,,,,,,,,,,,,,,,,,,,,,,,,,,,,,,,,,,
2023,7,6,11,0,29.1,-4.1,11.2,,,,,,,,,,,,,,,,,,,,,,,,,,,,,,,,,,,,
2023,7,6,12,0,28.4,-2.9,12.77,,,,,,,,,,,,,,,,,,,,,,,,,,,,,,,,,,,,
2023,7,6,13,0,30.2,-1,13.28,,,,,,,,,,,,,,,,,,,,,,,,,,,,,,,,,,,,
2023,7,6,14,0,33.5,-0.7,11.23,,,,,,,,,,,,,,,,,,,,,,,,,,,,,,,,,,,,
2023,7,6,15,0,37.4,-1.4,8.63,,,,,,,,,,,,,,,,,,,,,,,,,,,,,,,,,,,,
2023,7,6,16,0,39.7,0.4,8.67,,,,,,,,,,,,,,,,,,,,,,,,,,,,,,,,,,,,
2023,7,6,17,0,41.5,1.5,8.53,,,,,,,,,,,,,,,,,,,,,,,,,,,,,,,,,,,,
2023,7,6,18,0,43.1,2.2,8.26,,,,,,,,,,,,,,,,,,,,,,,,,,,,,,,,,,,,
2023,7,6,19,0,44.3,2.8,8.05,,,,,,,,,,,,,,,,,,,,,,,,,,,,,,,,,,,,
2023,7,6,20,0,45.2,3,7.83,,,,,,,,,,,,,,,,,,,,,,,,,,,,,,,,,,,,
2023,7,6,21,0,45.7,3,7.64,,,,,,,,,,,,,,,,,,,,,,,,,,,,,,,,,,,,
2023,7,6,22,0,45.6,3,7.66,,,,,,,,,,,,,,,,,,,,,,,,,,,,,,,,,,,,
2023,7,6,23,0,44.9,3.1,7.99,,,,,,,,,,,,,,,,,,,,,,,,,,,,,,,,,,,,
2023,7,7,0,0,43.8,3.3,8.6,,,,,,,,,,,,,,,,,,,,,,,,,,,,,,,,,,,,
2023,7,7,1,0,41.9,3.7,9.74,,,,,,,,,,,,,,,,,,,,,,,,,,,,,,,,,,,,
2023,7,7,2,0,37.4,4.3,12.92,,,,,,,,,,,,,,,,,,,,,,,,,,,,,,,,,,,,
2023,7,7,3,0,35.3,4.6,14.84,,,,,,,,,,,,,,,,,,,,,,,,,,,,,,,,,,,,
2023,7,7,4,0,34,4.5,15.82,,,,,,,,,,,,,,,,,,,,,,,,,,,,,,,,,,,,
2023,7,7,5,0,32.8,4,16.32,,,,,,,,,,,,,,,,,,,,,,,,,,,,,,,,,,,,
2023,7,7,6,0,31.7,3,16.27,,,,,,,,,,,,,,,,,,,,,,,,,,,,,,,,,,,,
2023,7,7,7,0,30.6,1.9,15.94,,,,,,,,,,,,,,,,,,,,,,,,,,,,,,,,,,,,
2023,7,7,8,0,29.7,0.8,15.5,,,,,,,,,,,,,,,,,,,,,,,,,,,,,,,,,,,,
2023,7,7,9,0,28.9,-0.1,15.21,,,,,,,,,,,,,,,,,,,,,,,,,,,,,,,,,,,,
2023,7,7,10,0,28.2,-0.7,15.22,,,,,,,,,,,,,,,,,,,,,,,,,,,,,,,,,,,,
2023,7,7,11,0,27.4,-0.7,15.94,,,,,,,,,,,,,,,,,,,,,,,,,,,,,,,,,,,,
2023,7,7,12,0,26.7,-0.2,17.26,,,,,,,,,,,,,,,,,,,,,,,,,,,,,,,,,,,,
2023,7,7,13,0,29.2,1,16.19,,,,,,,,,,,,,,,,,,,,,,,,,,,,,,,,,,,,
2023,7,7,14,0,32.6,0.2,12.61,,,,,,,,,,,,,,,,,,,,,,,,,,,,,,,,,,,,
2023,7,7,15,0,36,-0.8,9.73,,,,,,,,,,,,,,,,,,,,,,,,,,,,,,,,,,,,
2023,7,7,16,0,38.5,-0.5,8.63,,,,,,,,,,,,,,,,,,,,,,,,,,,,,,,,,,,,
2023,7,7,17,0,40.4,-0.1,8.05,,,,,,,,,,,,,,,,,,,,,,,,,,,,,,,,,,,,
2023,7,7,18,0,41.9,0.3,7.67,,,,,,,,,,,,,,,,,,,,,,,,,,,,,,,,,,,,
2023,7,7,19,0,43.1,0.8,7.46,,,,,,,,,,,,,,,,,,,,,,,,,,,,,,,,,,,,
2023,7,7,20,0,44,1.4,7.42,,,,,,,,,,,,,,,,,,,,,,,,,,,,,,,,,,,,
2023,7,7,21,0,44.4,2,7.58,,,,,,,,,,,,,,,,,,,,,,,,,,,,,,,,,,,,
2023,7,7,22,0,44.3,2.6,7.98,,,,,,,,,,,,,,,,,,,,,,,,,,,,,,,,,,,,
2023,7,7,23,0,43.8,3.1,8.44,,,,,,,,,,,,,,,,,,,,,,,,,,,,,,,,,,,,
2023,7,8,0,0,42.7,3.3,9.1,,,,,,,,,,,,,,,,,,,,,,,,,,,,,,,,,,,,
2023,7,8,1,0,41,3.3,9.94,,,,,,,,,,,,,,,,,,,,,,,,,,,,,,,,,,,,
2023,7,8,2,0,36.5,2.7,12.18,,,,,,,,,,,,,,,,,,,,,,,,,,,,,,,,,,,,
2023,7,8,3,0,34.4,1.4,12.44,,,,,,,,,,,,,,,,,,,,,,,,,,,,,,,,,,,,
2023,7,8,4,0,33.2,-0.2,11.86,,,,,,,,,,,,,,,,,,,,,,,,,,,,,,,,,,,,
2023,7,8,5,0,32.1,-1.7,11.31,,,,,,,,,,,,,,,,,,,,,,,,,,,,,,,,,,,,
2023,7,8,6,0,31.1,-2.8,10.99,,,,,,,,,,,,,,,,,,,,,,,,,,,,,,,,,,,,
2023,7,8,7,0,30.2,-3.7,10.88,,,,,,,,,,,,,,,,,,,,,,,,,,,,,,,,,,,,
2023,7,8,8,0,29.3,-4,11.14,,,,,,,,,,,,,,,,,,,,,,,,,,,,,,,,,,,,
2023,7,8,9,0,28.4,-4,11.75,,,,,,,,,,,,,,,,,,,,,,,,,,,,,,,,,,,,
2023,7,8,10,0,27.2,-3.7,12.9,,,,,,,,,,,,,,,,,,,,,,,,,,,,,,,,,,,,
2023,7,8,11,0,26.2,-3.1,14.36,,,,,,,,,,,,,,,,,,,,,,,,,,,,,,,,,,,,
2023,7,8,12,0,25.8,-2.1,15.81,,,,,,,,,,,,,,,,,,,,,,,,,,,,,,,,,,,,
2023,7,8,13,0,29.1,-1.1,14.01,,,,,,,,,,,,,,,,,,,,,,,,,,,,,,,,,,,,
2023,7,8,14,0,32.5,-1.7,11.08,,,,,,,,,,,,,,,,,,,,,,,,,,,,,,,,,,,,
2023,7,8,15,0,35.9,-2.8,8.41,,,,,,,,,,,,,,,,,,,,,,,,,,,,,,,,,,,,
2023,7,8,16,0,38.3,-2.4,7.63,,,,,,,,,,,,,,,,,,,,,,,,,,,,,,,,,,,,
2023,7,8,17,0,40.2,-1,7.6,,,,,,,,,,,,,,,,,,,,,,,,,,,,,,,,,,,,
2023,7,8,18,0,41.9,0.5,7.76,,,,,,,,,,,,,,,,,,,,,,,,,,,,,,,,,,,,
2023,7,8,19,0,43.1,1.7,7.97,,,,,,,,,,,,,,,,,,,,,,,,,,,,,,,,,,,,
2023,7,8,20,0,44,2.5,8.05,,,,,,,,,,,,,,,,,,,,,,,,,,,,,,,,,,,,
2023,7,8,21,0,44.5,2.9,8.07,,,,,,,,,,,,,,,,,,,,,,,,,,,,,,,,,,,,
2023,7,8,22,0,44.4,3.2,8.26,,,,,,,,,,,,,,,,,,,,,,,,,,,,,,,,,,,,
2023,7,8,23,0,43.9,3.4,8.58,,,,,,,,,,,,,,,,,,,,,,,,,,,,,,,,,,,,
2023,7,9,0,0,42.8,3.5,9.19,,,,,,,,,,,,,,,,,,,,,,,,,,,,,,,,,,,,
2023,7,9,1,0,41.1,3.6,10.13,,,,,,,,,,,,,,,,,,,,,,,,,,,,,,,,,,,,
2023,7,9,2,0,36.7,3.5,12.74,,,,,,,,,,,,,,,,,,,,,,,,,,,,,,,,,,,,
2023,7,9,3,0,34.8,2.9,13.56,,,,,,,,,,,,,,,,,,,,,,,,,,,,,,,,,,,,
2023,7,9,4,0,33.8,2.2,13.6,,,,,,,,,,,,,,,,,,,,,,,,,,,,,,,,,,,,
2023,7,9,5,0,32.8,1.4,13.62,,,,,,,,,,,,,,,,,,,,,,,,,,,,,,,,,,,,
2023,7,9,6,0,32,0.7,13.52,,,,,,,,,,,,,,,,,,,,,,,,,,,,,,,,,,,,
2023,7,9,7,0,31.2,0,13.49,,,,,,,,,,,,,,,,,,,,,,,,,,,,,,,,,,,,
2023,7,9,8,0,30.4,-0.5,13.62,,,,,,,,,,,,,,,,,,,,,,,,,,,,,,,,,,,,
2023,7,9,9,0,29.8,-0.7,13.83,,,,,,,,,,,,,,,,,,,,,,,,,,,,,,,,,,,,
2023,7,9,10,0,29.4,-0.8,14.12,,,,,,,,,,,,,,,,,,,,,,,,,,,,,,,,,,,,
2023,7,9,11,0,29.2,-0.8,14.28,,,,,,,,,,,,,,,,,,,,,,,,,,,,,,,,,,,,
2023,7,9,12,0,29,-0.8,14.42,,,,,,,,,,,,,,,,,,,,,,,,,,,,,,,,,,,,
2023,7,9,13,0,30.6,-0.7,13.2,,,,,,,,,,,,,,,,,,,,,,,,,,,,,,,,,,,,
2023,7,9,14,0,33.9,-3,9.3,,,,,,,,,,,,,,,,,,,,,,,,,,,,,,,,,,,,
2023,7,9,15,0,36.8,-6,6.28,,,,,,,,,,,,,,,,,,,,,,,,,,,,,,,,,,,,
2023,7,9,16,0,38.6,-7.2,5.23,,,,,,,,,,,,,,,,,,,,,,,,,,,,,,,,,,,,
2023,7,9,17,0,40,-5.9,5.35,,,,,,,,,,,,,,,,,,,,,,,,,,,,,,,,,,,,
2023,7,9,18,0,41.5,-3.2,6.03,,,,,,,,,,,,,,,,,,,,,,,,,,,,,,,,,,,,
2023,7,9,19,0,42.7,0,7.19,,,,,,,,,,,,,,,,,,,,,,,,,,,,,,,,,,,,
2023,7,9,20,0,43,3,8.76,,,,,,,,,,,,,,,,,,,,,,,,,,,,,,,,,,,,
2023,7,9,21,0,42.7,5.4,10.5,,,,,,,,,,,,,,,,,,,,,,,,,,,,,,,,,,,,
2023,7,9,22,0,42.5,7,11.91,,,,,,,,,,,,,,,,,,,,,,,,,,,,,,,,,,,,
2023,7,9,23,0,42.2,8.1,13.03,,,,,,,,,,,,,,,,,,,,,,,,,,,,,,,,,,,,
2023,7,10,0,0,41.8,8.8,13.9,,,,,,,,,,,,,,,,,,,,,,,,,,,,,,,,,,,,
2023,7,10,1,0,40.6,9.1,15.12,,,,,,,,,,,,,,,,,,,,,,,,,,,,,,,,,,,,
2023,7,10,2,0,37.7,9.3,18,,,,,,,,,,,,,,,,,,,,,,,,,,,,,,,,,,,,
2023,7,10,3,0,36.5,9.3,19.23,,,,,,,,,,,,,,,,,,,,,,,,,,,,,,,,,,,,
2023,7,10,4,0,35.8,9.1,19.72,,,,,,,,,,,,,,,,,,,,,,,,,,,,,,,,,,,,
2023,7,10,5,0,34.1,8.7,21.02,,,,,,,,,,,,,,,,,,,,,,,,,,,,,,,,,,,,
2023,7,10,6,0,32.3,8.1,22.38,,,,,,,,,,,,,,,,,,,,,,,,,,,,,,,,,,,,
2023,7,10,7,0,31.3,7.7,22.96,,,,,,,,,,,,,,,,,,,,,,,,,,,,,,,,,,,,
2023,7,10,8,0,30.5,7.5,23.74,,,,,,,,,,,,,,,,,,,,,,,,,,,,,,,,,,,,
2023,7,10,9,0,29.5,7.6,25.36,,,,,,,,,,,,,,,,,,,,,,,,,,,,,,,,,,,,
2023,7,10,10,0,28.5,7.8,27.24,,,,,,,,,,,,,,,,,,,,,,,,,,,,,,,,,,,,
2023,7,10,11,0,28.1,7.8,27.84,,,,,,,,,,,,,,,,,,,,,,,,,,,,,,,,,,,,
2023,7,10,12,0,28.6,7.7,26.8,,,,,,,,,,,,,,,,,,,,,,,,,,,,,,,,,,,,
2023,7,10,13,0,31.2,7.8,23.27,,,,,,,,,,,,,,,,,,,,,,,,,,,,,,,,,,,,
2023,7,10,14,0,34,8.8,21.26,,,,,,,,,,,,,,,,,,,,,,,,,,,,,,,,,,,,
2023,7,10,15,0,36.4,8.2,17.95,,,,,,,,,,,,,,,,,,,,,,,,,,,,,,,,,,,,
2023,7,10,16,0,38.4,8.2,16.02,,,,,,,,,,,,,,,,,,,,,,,,,,,,,,,,,,,,
2023,7,10,17,0,40.1,9.1,15.56,,,,,,,,,,,,,,,,,,,,,,,,,,,,,,,,,,,,
2023,7,10,18,0,41.6,10.2,15.5,,,,,,,,,,,,,,,,,,,,,,,,,,,,,,,,,,,,
2023,7,10,19,0,42.8,11,15.35,,,,,,,,,,,,,,,,,,,,,,,,,,,,,,,,,,,,
2023,7,10,20,0,43.6,11.5,15.22,,,,,,,,,,,,,,,,,,,,,,,,,,,,,,,,,,,,
2023,7,10,21,0,44,11.9,15.26,,,,,,,,,,,,,,,,,,,,,,,,,,,,,,,,,,,,
2023,7,10,22,0,44,12,15.4,,,,,,,,,,,,,,,,,,,,,,,,,,,,,,,,,,,,
2023,7,10,23,0,43.5,12,15.79,,,,,,,,,,,,,,,,,,,,,,,,,,,,,,,,,,,,
2023,7,11,0,0,42.5,11.9,16.57,,,,,,,,,,,,,,,,,,,,,,,,,,,,,,,,,,,,
2023,7,11,1,0,41.1,11.9,17.81,,,,,,,,,,,,,,,,,,,,,,,,,,,,,,,,,,,,
2023,7,11,2,0,38,12.1,21.27,,,,,,,,,,,,,,,,,,,,,,,,,,,,,,,,,,,,
2023,7,11,3,0,36.3,12.1,23.41,,,,,,,,,,,,,,,,,,,,,,,,,,,,,,,,,,,,
2023,7,11,4,0,35.5,12.1,24.37,,,,,,,,,,,,,,,,,,,,,,,,,,,,,,,,,,,,
2023,7,11,5,0,34.4,12.2,26.07,,,,,,,,,,,,,,,,,,,,,,,,,,,,,,,,,,,,
2023,7,11,6,0,33.2,12.3,28.04,,,,,,,,,,,,,,,,,,,,,,,,,,,,,,,,,,,,
2023,7,11,7,0,32.2,12.2,29.58,,,,,,,,,,,,,,,,,,,,,,,,,,,,,,,,,,,,
2023,7,11,8,0,31.9,12,29.71,,,,,,,,,,,,,,,,,,,,,,,,,,,,,,,,,,,,
2023,7,11,9,0,31.6,12.2,30.55,,,,,,,,,,,,,,,,,,,,,,,,,,,,,,,,,,,,
2023,7,11,10,0,31.2,12.7,32.38,,,,,,,,,,,,,,,,,,,,,,,,,,,,,,,,,,,,
2023,7,11,11,0,31.1,13.2,33.66,,,,,,,,,,,,,,,,,,,,,,,,,,,,,,,,,,,,
2023,7,11,12,0,31.1,13.7,34.66,,,,,,,,,,,,,,,,,,,,,,,,,,,,,,,,,,,,
2023,7,11,13,0,32.6,14.4,33.26,,,,,,,,,,,,,,,,,,,,,,,,,,,,,,,,,,,,
2023,7,11,14,0,35.1,14.3,28.86,,,,,,,,,,,,,,,,,,,,,,,,,,,,,,,,,,,,
2023,7,11,15,0,37.4,13.5,24.15,,,,,,,,,,,,,,,,,,,,,,,,,,,,,,,,,,,,
2023,7,11,16,0,39.2,13.5,21.8,,,,,,,,,,,,,,,,,,,,,,,,,,,,,,,,,,,,
2023,7,11,17,0,40.9,13.8,20.34,,,,,,,,,,,,,,,,,,,,,,,,,,,,,,,,,,,,
2023,7,11,18,0,42.3,14.2,19.39,,,,,,,,,,,,,,,,,,,,,,,,,,,,,,,,,,,,
2023,7,11,19,0,43.3,14.5,18.78,,,,,,,,,,,,,,,,,,,,,,,,,,,,,,,,,,,,
2023,7,11,20,0,44,14.7,18.37,,,,,,,,,,,,,,,,,,,,,,,,,,,,,,,,,,,,
2023,7,11,21,0,44.3,14.7,18.05,,,,,,,,,,,,,,,,,,,,,,,,,,,,,,,,,,,,
2023,7,11,22,0,44.2,14.5,17.91,,,,,,,,,,,,,,,,,,,,,,,,,,,,,,,,,,,,
2023,7,11,23,0,43.6,14.3,18.25,,,,,,,,,,,,,,,,,,,,,,,,,,,,,,,,,,,,
2023,7,12,0,0,42.6,14.1,19.02,,,,,,,,,,,,,,,,,,,,,,,,,,,,,,,,,,,,
2023,7,12,1,0,41.2,14,20.25,,,,,,,,,,,,,,,,,,,,,,,,,,,,,,,,,,,,
2023,7,12,2,0,38.8,13.9,22.95,,,,,,,,,,,,,,,,,,,,,,,,,,,,,,,,,,,,
2023,7,12,3,0,37.2,13.9,24.94,,,,,,,,,,,,,,,,,,,,,,,,,,,,,,,,,,,,
2023,7,12,4,0,36.4,13.7,25.82,,,,,,,,,,,,,,,,,,,,,,,,,,,,,,,,,,,,
2023,7,12,5,0,35.3,13.6,27.24,,,,,,,,,,,,,,,,,,,,,,,,,,,,,,,,,,,,
2023,7,12,6,0,34.2,13.6,28.92,,,,,,,,,,,,,,,,,,,,,,,,,,,,,,,,,,,,
2023,7,12,7,0,33.1,13.6,30.71,,,,,,,,,,,,,,,,,,,,,,,,,,,,,,,,,,,,
2023,7,12,8,0,32.1,13.5,32.36,,,,,,,,,,,,,,,,,,,,,,,,,,,,,,,,,,,,
2023,7,12,9,0,31.3,13.4,33.66,,,,,,,,,,,,,,,,,,,,,,,,,,,,,,,,,,,,
2023,7,12,10,0,30.5,13.3,35.04,,,,,,,,,,,,,,,,,,,,,,,,,,,,,,,,,,,,
2023,7,12,11,0,30,13.2,35.76,,,,,,,,,,,,,,,,,,,,,,,,,,,,,,,,,,,,
2023,7,12,12,0,30.1,13.1,35.32,,,,,,,,,,,,,,,,,,,,,,,,,,,,,,,,,,,,
2023,7,12,13,0,32.4,13.2,31.19,,,,,,,,,,,,,,,,,,,,,,,,,,,,,,,,,,,,
2023,7,12,14,0,35.3,12.8,25.87,,,,,,,,,,,,,,,,,,,,,,,,,,,,,,,,,,,,
2023,7,12,15,0,37.7,11.9,21.29,,,,,,,,,,,,,,,,,,,,,,,,,,,,,,,,,,,,
2023,7,12,16,0,39.7,11.6,18.74,,,,,,,,,,,,,,,,,,,,,,,,,,,,,,,,,,,,
2023,7,12,17,0,41.4,11.7,17.28,,,,,,,,,,,,,,,,,,,,,,,,,,,,,,,,,,,,
2023,7,12,18,0,42.6,12.1,16.64,,,,,,,,,,,,,,,,,,,,,,,,,,,,,,,,,,,,
2023,7,12,19,0,43.6,12.7,16.43,,,,,,,,,,,,,,,,,,,,,,,,,,,,,,,,,,,,
2023,7,12,20,0,44.1,13.3,16.7,,,,,,,,,,,,,,,,,,,,,,,,,,,,,,,,,,,,
2023,7,12,21,0,44.3,13.9,17.09,,,,,,,,,,,,,,,,,,,,,,,,,,,,,,,,,,,,
2023,7,12,22,0,44.1,13.9,17.35,,,,,,,,,,,,,,,,,,,,,,,,,,,,,,,,,,,,
2023,7,12,23,0,43.6,13.7,17.6,,,,,,,,,,,,,,,,,,,,,,,,,,,,,,,,,,,,
2023,7,13,0,0,42.6,13.4,18.09,,,,,,,,,,,,,,,,,,,,,,,,,,,,,,,,,,,,
2023,7,13,1,0,41.3,13,18.92,,,,,,,,,,,,,,,,,,,,,,,,,,,,,,,,,,,,
2023,7,13,2,0,38.5,12.8,21.73,,,,,,,,,,,,,,,,,,,,,,,,,,,,,,,,,,,,
2023,7,13,3,0,37,12.6,23.26,,,,,,,,,,,,,,,,,,,,,,,,,,,,,,,,,,,,
2023,7,13,4,0,36.3,12.1,23.41,,,,,,,,,,,,,,,,,,,,,,,,,,,,,,,,,,,,
2023,7,13,5,0,35.6,11.6,23.55,,,,,,,,,,,,,,,,,,,,,,,,,,,,,,,,,,,,
2023,7,13,6,0,34.9,11.3,23.93,,,,,,,,,,,,,,,,,,,,,,,,,,,,,,,,,,,,
2023,7,13,7,0,33.9,11.2,25.16,,,,,,,,,,,,,,,,,,,,,,,,,,,,,,,,,,,,
2023,7,13,8,0,32.9,11.4,26.89,,,,,,,,,,,,,,,,,,,,,,,,,,,,,,,,,,,,
2023,7,13,9,0,32,11.8,29.12,,,,,,,,,,,,,,,,,,,,,,,,,,,,,,,,,,,,
2023,7,13,10,0,31.1,12.3,31.61,,,,,,,,,,,,,,,,,,,,,,,,,,,,,,,,,,,,
2023,7,13,11,0,30.5,12.6,33.44,,,,,,,,,,,,,,,,,,,,,,,,,,,,,,,,,,,,
2023,7,13,12,0,30.3,12.9,34.39,,,,,,,,,,,,,,,,,,,,,,,,,,,,,,,,,,,,
2023,7,13,13,0,32.3,13.1,31.06,,,,,,,,,,,,,,,,,,,,,,,,,,,,,,,,,,,,
2023,7,13,14,0,35.3,12.5,25.31,,,,,,,,,,,,,,,,,,,,,,,,,,,,,,,,,,,,
2023,7,13,15,0,38.4,11.7,20.27,,,,,,,,,,,,,,,,,,,,,,,,,,,,,,,,,,,,
2023,7,13,16,0,40.7,10.9,17.04,,,,,,,,,,,,,,,,,,,,,,,,,,,,,,,,,,,,
2023,7,13,17,0,42.4,10.5,15.17,,,,,,,,,,,,,,,,,,,,,,,,,,,,,,,,,,,,
2023,7,13,18,0,43.7,10.3,13.98,,,,,,,,,,,,,,,,,,,,,,,,,,,,,,,,,,,,
2023,7,13,19,0,44.6,10.2,13.2,,,,,,,,,,,,,,,,,,,,,,,,,,,,,,,,,,,,
2023,7,13,20,0,45.2,10.1,12.75,,,,,,,,,,,,,,,,,,,,,,,,,,,,,,,,,,,,
2023,7,13,21,0,45.5,10.2,12.66,,,,,,,,,,,,,,,,,,,,,,,,,,,,,,,,,,,,
2023,7,13,22,0,45.4,10.3,12.76,,,,,,,,,,,,,,,,,,,,,,,,,,,,,,,,,,,,
2023,7,13,23,0,44.9,10.2,13.05,,,,,,,,,,,,,,,,,,,,,,,,,,,,,,,,,,,,
2023,7,14,0,0,44,10.1,13.59,,,,,,,,,,,,,,,,,,,,,,,,,,,,,,,,,,,,
2023,7,14,1,0,42.6,10.1,14.57,,,,,,,,,,,,,,,,,,,,,,,,,,,,,,,,,,,,
2023,7,14,2,0,39,10.2,17.81,,,,,,,,,,,,,,,,,,,,,,,,,,,,,,,,,,,,
2023,7,14,3,0,37.3,10.2,19.49,,,,,,,,,,,,,,,,,,,,,,,,,,,,,,,,,,,,
2023,7,14,4,0,36.3,9.9,20.2,,,,,,,,,,,,,,,,,,,,,,,,,,,,,,,,,,,,
2023,7,14,5,0,35.4,9.6,20.75,,,,,,,,,,,,,,,,,,,,,,,,,,,,,,,,,,,,
2023,7,14,6,0,34.5,9.3,21.37,,,,,,,,,,,,,,,,,,,,,,,,,,,,,,,,,,,,
2023,7,14,7,0,33.6,9.1,22.2,,,,,,,,,,,,,,,,,,,,,,,,,,,,,,,,,,,,
2023,7,14,8,0,32.8,9.1,23.24,,,,,,,,,,,,,,,,,,,,,,,,,,,,,,,,,,,,
2023,7,14,9,0,31.8,9.4,25.06,,,,,,,,,,,,,,,,,,,,,,,,,,,,,,,,,,,,
2023,7,14,10,0,30.9,9.8,27.19,,,,,,,,,,,,,,,,,,,,,,,,,,,,,,,,,,,,
2023,7,14,11,0,30.4,10.4,29,,,,,,,,,,,,,,,,,,,,,,,,,,,,,,,,,,,,
2023,7,14,12,0,30.3,11,30.36,,,,,,,,,,,,,,,,,,,,,,,,,,,,,,,,,,,,
2023,7,14,13,0,32.6,11.6,27.7,,,,,,,,,,,,,,,,,,,,,,,,,,,,,,,,,,,,
2023,7,14,14,0,35.7,10.8,22.13,,,,,,,,,,,,,,,,,,,,,,,,,,,,,,,,,,,,
2023,7,14,15,0,38.5,9.9,17.86,,,,,,,,,,,,,,,,,,,,,,,,,,,,,,,,,,,,
2023,7,14,16,0,40.8,9.6,15.54,,,,,,,,,,,,,,,,,,,,,,,,,,,,,,,,,,,,
2023,7,14,17,0,42.6,9.6,14.11,,,,,,,,,,,,,,,,,,,,,,,,,,,,,,,,,,,,
2023,7,14,18,0,44,9.8,13.29,,,,,,,,,,,,,,,,,,,,,,,,,,,,,,,,,,,,
2023,7,14,19,0,44.6,10.4,13.37,,,,,,,,,,,,,,,,,,,,,,,,,,,,,,,,,,,,
2023,7,14,20,0,44.8,11.4,14.19,,,,,,,,,,,,,,,,,,,,,,,,,,,,,,,,,,,,
2023,7,14,21,0,44.8,12.3,15.09,,,,,,,,,,,,,,,,,,,,,,,,,,,,,,,,,,,,
2023,7,14,22,0,44.7,12.7,15.55,,,,,,,,,,,,,,,,,,,,,,,,,,,,,,,,,,,,
2023,7,14,23,0,44.4,12.7,15.8,,,,,,,,,,,,,,,,,,,,,,,,,,,,,,,,,,,,
2023,7,15,0,0,43.7,12.5,16.1,,,,,,,,,,,,,,,,,,,,,,,,,,,,,,,,,,,,
2023,7,15,1,0,42.5,12.2,16.9,,,,,,,,,,,,,,,,,,,,,,,,,,,,,,,,,,,,
2023,7,15,2,0,39.4,12.4,20.15,,,,,,,,,,,,,,,,,,,,,,,,,,,,,,,,,,,,
2023,7,15,3,0,37.9,12.7,22.3,,,,,,,,,,,,,,,,,,,,,,,,,,,,,,,,,,,,
2023,7,15,4,0,37,12.9,23.63,,,,,,,,,,,,,,,,,,,,,,,,,,,,,,,,,,,,
2023,7,15,5,0,36.1,12.7,24.53,,,,,,,,,,,,,,,,,,,,,,,,,,,,,,,,,,,,
2023,7,15,6,0,35,12.1,25.15,,,,,,,,,,,,,,,,,,,,,,,,,,,,,,,,,,,,
2023,7,15,7,0,34.1,11.2,24.78,,,,,,,,,,,,,,,,,,,,,,,,,,,,,,,,,,,,
2023,7,15,8,0,33.3,10.1,24.19,,,,,,,,,,,,,,,,,,,,,,,,,,,,,,,,,,,,
2023,7,15,9,0,32.9,9.4,23.62,,,,,,,,,,,,,,,,,,,,,,,,,,,,,,,,,,,,
2023,7,15,10,0,32.5,9.1,23.57,,,,,,,,,,,,,,,,,,,,,,,,,,,,,,,,,,,,
2023,7,15,11,0,31.9,9,24.32,,,,,,,,,,,,,,,,,,,,,,,,,,,,,,,,,,,,
2023,7,15,12,0,30.4,10,28.34,,,,,,,,,,,,,,,,,,,,,,,,,,,,,,,,,,,,
2023,7,15,13,0,31.9,12.3,30.15,,,,,,,,,,,,,,,,,,,,,,,,,,,,,,,,,,,,
2023,7,15,14,0,33.2,13.2,29.74,,,,,,,,,,,,,,,,,,,,,,,,,,,,,,,,,,,,
2023,7,15,15,0,35.2,12.3,25.15,,,,,,,,,,,,,,,,,,,,,,,,,,,,,,,,,,,,
2023,7,15,16,0,37.8,11,20.05,,,,,,,,,,,,,,,,,,,,,,,,,,,,,,,,,,,,
2023,7,15,17,0,40.2,10.1,16.61,,,,,,,,,,,,,,,,,,,,,,,,,,,,,,,,,,,,
2023,7,15,18,0,42,9.6,14.6,,,,,,,,,,,,,,,,,,,,,,,,,,,,,,,,,,,,
2023,7,15,19,0,43.4,9.3,13.29,,,,,,,,,,,,,,,,,,,,,,,,,,,,,,,,,,,,
2023,7,15,20,0,44.4,9.1,12.43,,,,,,,,,,,,,,,,,,,,,,,,,,,,,,,,,,,,
2023,7,15,21,0,45.1,8.9,11.85,,,,,,,,,,,,,,,,,,,,,,,,,,,,,,,,,,,,
2023,7,15,22,0,45.4,8.6,11.4,,,,,,,,,,,,,,,,,,,,,,,,,,,,,,,,,,,,
2023,7,15,23,0,45.2,8.2,11.22,,,,,,,,,,,,,,,,,,,,,,,,,,,,,,,,,,,,
2023,7,16,0,0,44.4,8,11.56,,,,,,,,,,,,,,,,,,,,,,,,,,,,,,,,,,,,
2023,7,16,1,0,42.6,8.2,12.82,,,,,,,,,,,,,,,,,,,,,,,,,,,,,,,,,,,,
2023,7,16,2,0,39.2,8.6,15.81,,,,,,,,,,,,,,,,,,,,,,,,,,,,,,,,,,,,
2023,7,16,3,0,37.6,9,17.72,,,,,,,,,,,,,,,,,,,,,,,,,,,,,,,,,,,,
2023,7,16,4,0,36.6,9.5,19.27,,,,,,,,,,,,,,,,,,,,,,,,,,,,,,,,,,,,
2023,7,16,5,0,35.7,9.9,20.79,,,,,,,,,,,,,,,,,,,,,,,,,,,,,,,,,,,,
2023,7,16,6,0,34.9,10.1,22.07,,,,,,,,,,,,,,,,,,,,,,,,,,,,,,,,,,,,
2023,7,16,7,0,34.1,10.2,23.32,,,,,,,,,,,,,,,,,,,,,,,,,,,,,,,,,,,,
2023,7,16,8,0,33.2,10.5,25.02,,,,,,,,,,,,,,,,,,,,,,,,,,,,,,,,,,,,
2023,7,16,9,0,32.2,11.2,27.68,,,,,,,,,,,,,,,,,,,,,,,,,,,,,,,,,,,,
2023,7,16,10,0,31.2,11.8,30.55,,,,,,,,,,,,,,,,,,,,,,,,,,,,,,,,,,,,
2023,7,16,11,0,31.1,12,31.05,,,,,,,,,,,,,,,,,,,,,,,,,,,,,,,,,,,,
2023,7,16,12,0,31,12,31.19,,,,,,,,,,,,,,,,,,,,,,,,,,,,,,,,,,,,
2023,7,16,13,0,32.5,12.2,29.09,,,,,,,,,,,,,,,,,,,,,,,,,,,,,,,,,,,,
2023,7,16,14,0,34.9,13.4,27.43,,,,,,,,,,,,,,,,,,,,,,,,,,,,,,,,,,,,
2023,7,16,15,0,37.7,13.9,24.32,,,,,,,,,,,,,,,,,,,,,,,,,,,,,,,,,,,,
2023,7,16,16,0,40.1,14,21.52,,,,,,,,,,,,,,,,,,,,,,,,,,,,,,,,,,,,
2023,7,16,17,0,41.9,14.3,19.93,,,,,,,,,,,,,,,,,,,,,,,,,,,,,,,,,,,,
2023,7,16,18,0,43.2,14.5,18.88,,,,,,,,,,,,,,,,,,,,,,,,,,,,,,,,,,,,
2023,7,16,19,0,44.3,14.6,17.96,,,,,,,,,,,,,,,,,,,,,,,,,,,,,,,,,,,,
2023,7,16,20,0,45.1,14.7,17.31,,,,,,,,,,,,,,,,,,,,,,,,,,,,,,,,,,,,
2023,7,16,21,0,45.6,14.6,16.82,,,,,,,,,,,,,,,,,,,,,,,,,,,,,,,,,,,,
2023,7,16,22,0,45.9,14.1,15.98,,,,,,,,,,,,,,,,,,,,,,,,,,,,,,,,,,,,
2023,7,16,23,0,45.6,13.3,15.37,,,,,,,,,,,,,,,,,,,,,,,,,,,,,,,,,,,,
2023,7,17,0,0,44.7,12.5,15.37,,,,,,,,,,,,,,,,,,,,,,,,,,,,,,,,,,,,
2023,7,17,1,0,43,12.3,16.56,,,,,,,,,,,,,,,,,,,,,,,,,,,,,,,,,,,,
2023,7,17,2,0,39.1,12.7,20.81,,,,,,,,,,,,,,,,,,,,,,,,,,,,,,,,,,,,
2023,7,17,3,0,37.5,13.1,23.28,,,,,,,,,,,,,,,,,,,,,,,,,,,,,,,,,,,,
2023,7,17,4,0,36.7,13.4,24.95,,,,,,,,,,,,,,,,,,,,,,,,,,,,,,,,,,,,
2023,7,17,5,0,35.9,14,27.04,,,,,,,,,,,,,,,,,,,,,,,,,,,,,,,,,,,,
2023,7,17,6,0,34.8,14.5,29.7,,,,,,,,,,,,,,,,,,,,,,,,,,,,,,,,,,,,
2023,7,17,7,0,33.7,14.8,32.18,,,,,,,,,,,,,,,,,,,,,,,,,,,,,,,,,,,,
2023,7,17,8,0,32.7,14.9,34.16,,,,,,,,,,,,,,,,,,,,,,,,,,,,,,,,,,,,
2023,7,17,9,0,32.2,14.8,35.03,,,,,,,,,,,,,,,,,,,,,,,,,,,,,,,,,,,,
2023,7,17,10,0,32.4,14.8,34.52,,,,,,,,,,,,,,,,,,,,,,,,,,,,,,,,,,,,
2023,7,17,11,0,32.2,14.7,34.82,,,,,,,,,,,,,,,,,,,,,,,,,,,,,,,,,,,,
2023,7,17,12,0,31.7,14.7,35.71,,,,,,,,,,,,,,,,,,,,,,,,,,,,,,,,,,,,
2023,7,17,13,0,33.1,14.7,33.01,,,,,,,,,,,,,,,,,,,,,,,,,,,,,,,,,,,,
2023,7,17,14,0,35.8,14.5,28,,,,,,,,,,,,,,,,,,,,,,,,,,,,,,,,,,,,
2023,7,17,15,0,38.3,13.7,23.23,,,,,,,,,,,,,,,,,,,,,,,,,,,,,,,,,,,,
2023,7,17,16,0,40.5,13.2,20.01,,,,,,,,,,,,,,,,,,,,,,,,,,,,,,,,,,,,
2023,7,17,17,0,42.5,13.1,17.91,,,,,,,,,,,,,,,,,,,,,,,,,,,,,,,,,,,,
2023,7,17,18,0,44.3,13.1,16.26,,,,,,,,,,,,,,,,,,,,,,,,,,,,,,,,,,,,
2023,7,17,19,0,45.6,12.8,14.9,,,,,,,,,,,,,,,,,,,,,,,,,,,,,,,,,,,,
2023,7,17,20,0,46.6,12.2,13.62,,,,,,,,,,,,,,,,,,,,,,,,,,,,,,,,,,,,
2023,7,17,21,0,47.1,11.6,12.75,,,,,,,,,,,,,,,,,,,,,,,,,,,,,,,,,,,,
2023,7,17,22,0,47,11.1,12.38,,,,,,,,,,,,,,,,,,,,,,,,,,,,,,,,,,,,
2023,7,17,23,0,46.5,10.7,12.43,,,,,,,,,,,,,,,,,,,,,,,,,,,,,,,,,,,,
2023,7,18,0,0,45.4,10.6,13.08,,,,,,,,,,,,,,,,,,,,,,,,,,,,,,,,,,,,
2023,7,18,1,0,43.7,11,14.61,,,,,,,,,,,,,,,,,,,,,,,,,,,,,,,,,,,,
2023,7,18,2,0,39.9,12.1,19.19,,,,,,,,,,,,,,,,,,,,,,,,,,,,,,,,,,,,
2023,7,18,3,0,38.1,13.5,23.24,,,,,,,,,,,,,,,,,,,,,,,,,,,,,,,,,,,,
2023,7,18,4,0,36.9,15.1,27.44,,,,,,,,,,,,,,,,,,,,,,,,,,,,,,,,,,,,
2023,7,18,5,0,35.7,16,31.03,,,,,,,,,,,,,,,,,,,,,,,,,,,,,,,,,,,,
2023,7,18,6,0,34.4,16.6,34.71,,,,,,,,,,,,,,,,,,,,,,,,,,,,,,,,,,,,
2023,7,18,7,0,33.7,17,37.09,,,,,,,,,,,,,,,,,,,,,,,,,,,,,,,,,,,,
2023,7,18,8,0,33.3,17.6,39.32,,,,,,,,,,,,,,,,,,,,,,,,,,,,,,,,,,,,
2023,7,18,9,0,32.4,18.4,43.55,,,,,,,,,,,,,,,,,,,,,,,,,,,,,,,,,,,,
2023,7,18,10,0,31.7,18.8,46.26,,,,,,,,,,,,,,,,,,,,,,,,,,,,,,,,,,,,
2023,7,18,11,0,31.1,18.8,47.97,,,,,,,,,,,,,,,,,,,,,,,,,,,,,,,,,,,,
2023,7,18,12,0,30.9,18.5,47.66,,,,,,,,,,,,,,,,,,,,,,,,,,,,,,,,,,,,
2023,7,18,13,0,33.2,17.9,40.25,,,,,,,,,,,,,,,,,,,,,,,,,,,,,,,,,,,,
2023,7,18,14,0,36.7,14.7,27.08,,,,,,,,,,,,,,,,,,,,,,,,,,,,,,,,,,,,
2023,7,18,15,0,39.9,14,21.75,,,,,,,,,,,,,,,,,,,,,,,,,,,,,,,,,,,,
2023,7,18,16,0,42.2,14.8,20.23,,,,,,,,,,,,,,,,,,,,,,,,,,,,,,,,,,,,
2023,7,18,17,0,43.9,15,18.74,,,,,,,,,,,,,,,,,,,,,,,,,,,,,,,,,,,,
2023,7,18,18,0,45.3,14.7,17.13,,,,,,,,,,,,,,,,,,,,,,,,,,,,,,,,,,,,
2023,7,18,19,0,46.3,14.1,15.66,,,,,,,,,,,,,,,,,,,,,,,,,,,,,,,,,,,,
2023,7,18,20,0,46.9,13.3,14.41,,,,,,,,,,,,,,,,,,,,,,,,,,,,,,,,,,,,
2023,7,18,21,0,47.2,12.3,13.34,,,,,,,,,,,,,,,,,,,,,,,,,,,,,,,,,,,,
2023,7,18,22,0,47.1,11.4,12.6,,,,,,,,,,,,,,,,,,,,,,,,,,,,,,,,,,,,
2023,7,18,23,0,46.6,10.4,12.11,,,,,,,,,,,,,,,,,,,,,,,,,,,,,,,,,,,,
2023,7,19,0,0,45.6,9.4,11.93,,,,,,,,,,,,,,,,,,,,,,,,,,,,,,,,,,,,
2023,7,19,1,0,44,8.7,12.3,,,,,,,,,,,,,,,,,,,,,,,,,,,,,,,,,,,,
2023,7,19,2,0,39.9,8.6,15.18,,,,,,,,,,,,,,,,,,,,,,,,,,,,,,,,,,,,
2023,7,19,3,0,38,8.8,17.06,,,,,,,,,,,,,,,,,,,,,,,,,,,,,,,,,,,,
2023,7,19,4,0,37.1,9.3,18.53,,,,,,,,,,,,,,,,,,,,,,,,,,,,,,,,,,,,
2023,7,19,5,0,36.2,10.1,20.54,,,,,,,,,,,,,,,,,,,,,,,,,,,,,,,,,,,,
2023,7,19,6,0,35.4,11,22.84,,,,,,,,,,,,,,,,,,,,,,,,,,,,,,,,,,,,
2023,7,19,7,0,34.6,11.8,25.17,,,,,,,,,,,,,,,,,,,,,,,,,,,,,,,,,,,,
2023,7,19,8,0,33.8,12.3,27.21,,,,,,,,,,,,,,,,,,,,,,,,,,,,,,,,,,,,
2023,7,19,9,0,33,12.6,29.02,,,,,,,,,,,,,,,,,,,,,,,,,,,,,,,,,,,,
2023,7,19,10,0,32.3,12.8,30.52,,,,,,,,,,,,,,,,,,,,,,,,,,,,,,,,,,,,
2023,7,19,11,0,32,12.8,31.11,,,,,,,,,,,,,,,,,,,,,,,,,,,,,,,,,,,,
2023,7,19,12,0,32.1,12.9,31.16,,,,,,,,,,,,,,,,,,,,,,,,,,,,,,,,,,,,
2023,7,19,13,0,33.9,13.1,28.52,,,,,,,,,,,,,,,,,,,,,,,,,,,,,,,,,,,,
2023,7,19,14,0,36.8,12.7,23.63,,,,,,,,,,,,,,,,,,,,,,,,,,,,,,,,,,,,
2023,7,19,15,0,40.5,11.3,17.65,,,,,,,,,,,,,,,,,,,,,,,,,,,,,,,,,,,,
2023,7,19,16,0,43.1,11.1,15.15,,,,,,,,,,,,,,,,,,,,,,,,,,,,,,,,,,,,
2023,7,19,17,0,44.7,10.9,13.76,,,,,,,,,,,,,,,,,,,,,,,,,,,,,,,,,,,,
2023,7,19,18,0,46.1,10.4,12.39,,,,,,,,,,,,,,,,,,,,,,,,,,,,,,,,,,,,
2023,7,19,19,0,47.2,9.7,11.22,,,,,,,,,,,,,,,,,,,,,,,,,,,,,,,,,,,,
2023,7,19,20,0,47.9,9.1,10.36,,,,,,,,,,,,,,,,,,,,,,,,,,,,,,,,,,,,
2023,7,19,21,0,48.2,8.7,9.96,,,,,,,,,,,,,,,,,,,,,,,,,,,,,,,,,,,,
2023,7,19,22,0,48,8.6,10.01,,,,,,,,,,,,,,,,,,,,,,,,,,,,,,,,,,,,
2023,7,19,23,0,47.3,8.6,10.31,,,,,,,,,,,,,,,,,,,,,,,,,,,,,,,,,,,,
2023,7,20,0,0,46.1,8.4,10.84,,,,,,,,,,,,,,,,,,,,,,,,,,,,,,,,,,,,
2023,7,20,1,0,44.3,8.3,11.82,,,,,,,,,,,,,,,,,,,,,,,,,,,,,,,,,,,,
2023,7,20,2,0,40.3,8.4,14.67,,,,,,,,,,,,,,,,,,,,,,,,,,,,,,,,,,,,
2023,7,20,3,0,38.5,8.2,15.96,,,,,,,,,,,,,,,,,,,,,,,,,,,,,,,,,,,,
2023,7,20,4,0,37.5,7.9,16.49,,,,,,,,,,,,,,,,,,,,,,,,,,,,,,,,,,,,
2023,7,20,5,0,36.4,7.7,17.31,,,,,,,,,,,,,,,,,,,,,,,,,,,,,,,,,,,,
2023,7,20,6,0,35.4,7.6,18.12,,,,,,,,,,,,,,,,,,,,,,,,,,,,,,,,,,,,
2023,7,20,7,0,34.6,7.4,18.69,,,,,,,,,,,,,,,,,,,,,,,,,,,,,,,,,,,,
2023,7,20,8,0,34.4,7.1,18.57,,,,,,,,,,,,,,,,,,,,,,,,,,,,,,,,,,,,
2023,7,20,9,0,34.1,7.3,19.08,,,,,,,,,,,,,,,,,,,,,,,,,,,,,,,,,,,,
2023,7,20,10,0,33.6,7.9,20.45,,,,,,,,,,,,,,,,,,,,,,,,,,,,,,,,,,,,
2023,7,20,11,0,33.1,8.5,21.91,,,,,,,,,,,,,,,,,,,,,,,,,,,,,,,,,,,,
2023,7,20,12,0,32.6,9.1,23.51,,,,,,,,,,,,,,,,,,,,,,,,,,,,,,,,,,,,
2023,7,20,13,0,34.1,9.8,22.59,,,,,,,,,,,,,,,,,,,,,,,,,,,,,,,,,,,,
2023,7,20,14,0,37.1,10.4,19.92,,,,,,,,,,,,,,,,,,,,,,,,,,,,,,,,,,,,
2023,7,20,15,0,40.3,9.9,16.21,,,,,,,,,,,,,,,,,,,,,,,,,,,,,,,,,,,,
2023,7,20,16,0,42.8,8.8,13.26,,,,,,,,,,,,,,,,,,,,,,,,,,,,,,,,,,,,
2023,7,20,17,0,44.7,8.2,11.48,,,,,,,,,,,,,,,,,,,,,,,,,,,,,,,,,,,,
2023,7,20,18,0,46.1,7.5,10.2,,,,,,,,,,,,,,,,,,,,,,,,,,,,,,,,,,,,
2023,7,20,19,0,47.2,6.8,9.22,,,,,,,,,,,,,,,,,,,,,,,,,,,,,,,,,,,,
2023,7,20,20,0,47.9,6.4,8.61,,,,,,,,,,,,,,,,,,,,,,,,,,,,,,,,,,,,
2023,7,20,21,0,48.2,6.1,8.32,,,,,,,,,,,,,,,,,,,,,,,,,,,,,,,,,,,,
2023,7,20,22,0,48,6,8.33,,,,,,,,,,,,,,,,,,,,,,,,,,,,,,,,,,,,
2023,7,20,23,0,47.3,5.8,8.53,,,,,,,,,,,,,,,,,,,,,,,,,,,,,,,,,,,,
2023,7,21,0,0,46.2,5.6,8.89,,,,,,,,,,,,,,,,,,,,,,,,,,,,,,,,,,,,
2023,7,21,1,0,44.4,5.7,9.88,,,,,,,,,,,,,,,,,,,,,,,,,,,,,,,,,,,,
2023,7,21,2,0,39.8,6.7,13.4,,,,,,,,,,,,,,,,,,,,,,,,,,,,,,,,,,,,
2023,7,21,3,0,38.1,7.2,15.27,,,,,,,,,,,,,,,,,,,,,,,,,,,,,,,,,,,,
2023,7,21,4,0,37.2,7.3,16.07,,,,,,,,,,,,,,,,,,,,,,,,,,,,,,,,,,,,
2023,7,21,5,0,36.3,7.1,16.68,,,,,,,,,,,,,,,,,,,,,,,,,,,,,,,,,,,,
2023,7,21,6,0,35.4,6.8,17.15,,,,,,,,,,,,,,,,,,,,,,,,,,,,,,,,,,,,
2023,7,21,7,0,34.5,6.3,17.5,,,,,,,,,,,,,,,,,,,,,,,,,,,,,,,,,,,,
2023,7,21,8,0,33.8,5.9,17.66,,,,,,,,,,,,,,,,,,,,,,,,,,,,,,,,,,,,
2023,7,21,9,0,33.1,6.3,18.82,,,,,,,,,,,,,,,,,,,,,,,,,,,,,,,,,,,,
2023,7,21,10,0,32.2,7.3,21.33,,,,,,,,,,,,,,,,,,,,,,,,,,,,,,,,,,,,
2023,7,21,11,0,31.3,8.5,24.22,,,,,,,,,,,,,,,,,,,,,,,,,,,,,,,,,,,,
2023,7,21,12,0,30.5,9.5,27.17,,,,,,,,,,,,,,,,,,,,,,,,,,,,,,,,,,,,
2023,7,21,13,0,32.4,10.5,26.11,,,,,,,,,,,,,,,,,,,,,,,,,,,,,,,,,,,,
2023,7,21,14,0,34.6,12,25.47,,,,,,,,,,,,,,,,,,,,,,,,,,,,,,,,,,,,
2023,7,21,15,0,36.6,12.6,23.78,,,,,,,,,,,,,,,,,,,,,,,,,,,,,,,,,,,,
2023,7,21,16,0,38.6,12.5,21.22,,,,,,,,,,,,,,,,,,,,,,,,,,,,,,,,,,,,
2023,7,21,17,0,40.6,12.3,18.77,,,,,,,,,,,,,,,,,,,,,,,,,,,,,,,,,,,,
2023,7,21,18,0,42.6,11.8,16.35,,,,,,,,,,,,,,,,,,,,,,,,,,,,,,,,,,,,
2023,7,21,19,0,44.5,11.1,14.1,,,,,,,,,,,,,,,,,,,,,,,,,,,,,,,,,,,,
2023,7,21,20,0,45.9,10.1,12.31,,,,,,,,,,,,,,,,,,,,,,,,,,,,,,,,,,,,
2023,7,21,21,0,46.7,9.1,11.02,,,,,,,,,,,,,,,,,,,,,,,,,,,,,,,,,,,,
2023,7,21,22,0,47,8.1,10.19,,,,,,,,,,,,,,,,,,,,,,,,,,,,,,,,,,,,
2023,7,21,23,0,46.7,7.4,9.84,,,,,,,,,,,,,,,,,,,,,,,,,,,,,,,,,,,,
2023,7,22,0,0,45.9,6.8,9.81,,,,,,,,,,,,,,,,,,,,,,,,,,,,,,,,,,,,
2023,7,22,1,0,44.1,6.3,10.41,,,,,,,,,,,,,,,,,,,,,,,,,,,,,,,,,,,,
2023,7,22,2,0,40.2,6.1,12.65,,,,,,,,,,,,,,,,,,,,,,,,,,,,,,,,,,,,
2023,7,22,3,0,38.4,6.5,14.28,,,,,,,,,,,,,,,,,,,,,,,,,,,,,,,,,,,,
2023,7,22,4,0,38,9.6,18.05,,,,,,,,,,,,,,,,,,,,,,,,,,,,,,,,,,,,
2023,7,22,5,0,36,12.7,24.65,,,,,,,,,,,,,,,,,,,,,,,,,,,,,,,,,,,,
2023,7,22,6,0,35.1,13.9,27.99,,,,,,,,,,,,,,,,,,,,,,,,,,,,,,,,,,,,
2023,7,22,7,0,34.4,14.5,30.31,,,,,,,,,,,,,,,,,,,,,,,,,,,,,,,,,,,,
2023,7,22,8,0,33.9,15.1,32.41,,,,,,,,,,,,,,,,,,,,,,,,,,,,,,,,,,,,
2023,7,22,9,0,33.4,15.4,33.88,,,,,,,,,,,,,,,,,,,,,,,,,,,,,,,,,,,,
2023,7,22,10,0,32.8,15.1,34.5,,,,,,,,,,,,,,,,,,,,,,,,,,,,,,,,,,,,
2023,7,22,11,0,32.2,14.8,34.98,,,,,,,,,,,,,,,,,,,,,,,,,,,,,,,,,,,,
2023,7,22,12,0,31.9,14.3,34.49,,,,,,,,,,,,,,,,,,,,,,,,,,,,,,,,,,,,
2023,7,22,13,0,32.8,13.8,31.68,,,,,,,,,,,,,,,,,,,,,,,,,,,,,,,,,,,,
2023,7,22,14,0,34.3,12.6,26.91,,,,,,,,,,,,,,,,,,,,,,,,,,,,,,,,,,,,
2023,7,22,15,0,36.3,10.6,21.11,,,,,,,,,,,,,,,,,,,,,,,,,,,,,,,,,,,,
2023,7,22,16,0,38.2,9.2,17.37,,,,,,,,,,,,,,,,,,,,,,,,,,,,,,,,,,,,
2023,7,22,17,0,39.9,8.9,15.47,,,,,,,,,,,,,,,,,,,,,,,,,,,,,,,,,,,,
2023,7,22,18,0,41.6,8.5,13.81,,,,,,,,,,,,,,,,,,,,,,,,,,,,,,,,,,,,
2023,7,22,19,0,42.9,8.1,12.57,,,,,,,,,,,,,,,,,,,,,,,,,,,,,,,,,,,,
2023,7,22,20,0,43.9,7.6,11.51,,,,,,,,,,,,,,,,,,,,,,,,,,,,,,,,,,,,
2023,7,22,21,0,44.5,7.2,10.85,,,,,,,,,,,,,,,,,,,,,,,,,,,,,,,,,,,,
2023,7,22,22,0,44.8,6.9,10.5,,,,,,,,,,,,,,,,,,,,,,,,,,,,,,,,,,,,
2023,7,22,23,0,44.5,6.7,10.51,,,,,,,,,,,,,,,,,,,,,,,,,,,,,,,,,,,,
2023,7,23,0,0,43.8,6.5,10.75,,,,,,,,,,,,,,,,,,,,,,,,,,,,,,,,,,,,
2023,7,23,1,0,42.3,6.4,11.52,,,,,,,,,,,,,,,,,,,,,,,,,,,,,,,,,,,,
2023,7,23,2,0,38.2,6.5,14.43,,,,,,,,,,,,,,,,,,,,,,,,,,,,,,,,,,,,
2023,7,23,3,0,36.6,6.7,15.95,,,,,,,,,,,,,,,,,,,,,,,,,,,,,,,,,,,,
2023,7,23,4,0,35.5,7.1,17.4,,,,,,,,,,,,,,,,,,,,,,,,,,,,,,,,,,,,
2023,7,23,5,0,35.6,7.5,17.77,,,,,,,,,,,,,,,,,,,,,,,,,,,,,,,,,,,,
2023,7,23,6,0,34.1,8.7,21.07,,,,,,,,,,,,,,,,,,,,,,,,,,,,,,,,,,,,
2023,7,23,7,0,33.7,12,26.85,,,,,,,,,,,,,,,,,,,,,,,,,,,,,,,,,,,,
2023,7,23,8,0,32.8,15.9,36.33,,,,,,,,,,,,,,,,,,,,,,,,,,,,,,,,,,,,
2023,7,23,9,0,31.9,17.1,41.18,,,,,,,,,,,,,,,,,,,,,,,,,,,,,,,,,,,,
2023,7,23,10,0,31,17.2,43.58,,,,,,,,,,,,,,,,,,,,,,,,,,,,,,,,,,,,
2023,7,23,11,0,30.3,17,44.74,,,,,,,,,,,,,,,,,,,,,,,,,,,,,,,,,,,,
2023,7,23,12,0,29.9,16.7,45.17,,,,,,,,,,,,,,,,,,,,,,,,,,,,,,,,,,,,
2023,7,23,13,0,31.6,16.4,40.17,,,,,,,,,,,,,,,,,,,,,,,,,,,,,,,,,,,,
2023,7,23,14,0,34.6,14.9,30.69,,,,,,,,,,,,,,,,,,,,,,,,,,,,,,,,,,,,
2023,7,23,15,0,37.5,12.9,23.07,,,,,,,,,,,,,,,,,,,,,,,,,,,,,,,,,,,,
2023,7,23,16,0,39.9,12,19.06,,,,,,,,,,,,,,,,,,,,,,,,,,,,,,,,,,,,
2023,7,23,17,0,41.6,11.5,16.84,,,,,,,,,,,,,,,,,,,,,,,,,,,,,,,,,,,,
2023,7,23,18,0,42.9,11.2,15.45,,,,,,,,,,,,,,,,,,,,,,,,,,,,,,,,,,,,
2023,7,23,19,0,43.6,11.2,14.85,,,,,,,,,,,,,,,,,,,,,,,,,,,,,,,,,,,,
2023,7,23,20,0,44,11.3,14.63,,,,,,,,,,,,,,,,,,,,,,,,,,,,,,,,,,,,
2023,7,23,21,0,44.6,11.2,14.16,,,,,,,,,,,,,,,,,,,,,,,,,,,,,,,,,,,,
2023,7,23,22,0,44.5,10.9,13.92,,,,,,,,,,,,,,,,,,,,,,,,,,,,,,,,,,,,
2023,7,23,23,0,44,10.6,13.97,,,,,,,,,,,,,,,,,,,,,,,,,,,,,,,,,,,,
2023,7,24,0,0,43.2,10.3,14.29,,,,,,,,,,,,,,,,,,,,,,,,,,,,,,,,,,,,
2023,7,24,1,0,41.8,10,15.09,,,,,,,,,,,,,,,,,,,,,,,,,,,,,,,,,,,,
2023,7,24,2,0,38.3,10,18.22,,,,,,,,,,,,,,,,,,,,,,,,,,,,,,,,,,,,
2023,7,24,3,0,36.9,9.9,19.52,,,,,,,,,,,,,,,,,,,,,,,,,,,,,,,,,,,,
2023,7,24,4,0,36,10,20.68,,,,,,,,,,,,,,,,,,,,,,,,,,,,,,,,,,,,
2023,7,24,5,0,35.2,10.3,22.05,,,,,,,,,,,,,,,,,,,,,,,,,,,,,,,,,,,,
2023,7,24,6,0,34.3,10.6,23.61,,,,,,,,,,,,,,,,,,,,,,,,,,,,,,,,,,,,
2023,7,24,7,0,33.5,10.8,24.97,,,,,,,,,,,,,,,,,,,,,,,,,,,,,,,,,,,,
2023,7,24,8,0,32.6,10.8,26.25,,,,,,,,,,,,,,,,,,,,,,,,,,,,,,,,,,,,
2023,7,24,9,0,31.8,10.6,27.23,,,,,,,,,,,,,,,,,,,,,,,,,,,,,,,,,,,,
2023,7,24,10,0,31.7,10.5,27.2,,,,,,,,,,,,,,,,,,,,,,,,,,,,,,,,,,,,
2023,7,24,11,0,31.4,10.4,27.37,,,,,,,,,,,,,,,,,,,,,,,,,,,,,,,,,,,,
2023,7,24,12,0,30.6,10.2,28.38,,,,,,,,,,,,,,,,,,,,,,,,,,,,,,,,,,,,
2023,7,24,13,0,32.9,10.1,24.76,,,,,,,,,,,,,,,,,,,,,,,,,,,,,,,,,,,,
2023,7,24,14,0,35.5,10.3,21.71,,,,,,,,,,,,,,,,,,,,,,,,,,,,,,,,,,,,
2023,7,24,15,0,37.5,11.1,20.52,,,,,,,,,,,,,,,,,,,,,,,,,,,,,,,,,,,,
2023,7,24,16,0,39.1,11.6,19.4,,,,,,,,,,,,,,,,,,,,,,,,,,,,,,,,,,,,
2023,7,24,17,0,40.7,11.6,17.86,,,,,,,,,,,,,,,,,,,,,,,,,,,,,,,,,,,,
2023,7,24,18,0,42.6,11.2,15.65,,,,,,,,,,,,,,,,,,,,,,,,,,,,,,,,,,,,
2023,7,24,19,0,44.2,10.4,13.72,,,,,,,,,,,,,,,,,,,,,,,,,,,,,,,,,,,,
2023,7,24,20,0,45.4,10,12.53,,,,,,,,,,,,,,,,,,,,,,,,,,,,,,,,,,,,
2023,7,24,21,0,46,10.1,12.25,,,,,,,,,,,,,,,,,,,,,,,,,,,,,,,,,,,,
2023,7,24,22,0,46,10.4,12.51,,,,,,,,,,,,,,,,,,,,,,,,,,,,,,,,,,,,
2023,7,24,23,0,45.5,10.7,13.02,,,,,,,,,,,,,,,,,,,,,,,,,,,,,,,,,,,,
2023,7,25,0,0,44.5,10.7,13.74,,,,,,,,,,,,,,,,,,,,,,,,,,,,,,,,,,,,
2023,7,25,1,0,43,10.6,14.79,,,,,,,,,,,,,,,,,,,,,,,,,,,,,,,,,,,,
2023,7,25,2,0,39.4,10.6,17.86,,,,,,,,,,,,,,,,,,,,,,,,,,,,,,,,,,,,
2023,7,25,3,0,37.9,10.3,19.06,,,,,,,,,,,,,,,,,,,,,,,,,,,,,,,,,,,,
2023,7,25,4,0,36.8,10.2,19.97,,,,,,,,,,,,,,,,,,,,,,,,,,,,,,,,,,,,
2023,7,25,5,0,35.7,10.1,21.14,,,,,,,,,,,,,,,,,,,,,,,,,,,,,,,,,,,,
2023,7,25,6,0,34.7,10.3,22.64,,,,,,,,,,,,,,,,,,,,,,,,,,,,,,,,,,,,
2023,7,25,7,0,33.6,10.7,24.78,,,,,,,,,,,,,,,,,,,,,,,,,,,,,,,,,,,,
2023,7,25,8,0,32.8,11.5,27.25,,,,,,,,,,,,,,,,,,,,,,,,,,,,,,,,,,,,
2023,7,25,9,0,32.2,12.9,30.84,,,,,,,,,,,,,,,,,,,,,,,,,,,,,,,,,,,,
2023,7,25,10,0,32,13.7,32.99,,,,,,,,,,,,,,,,,,,,,,,,,,,,,,,,,,,,
2023,7,25,11,0,31.6,14.4,35.24,,,,,,,,,,,,,,,,,,,,,,,,,,,,,,,,,,,,
2023,7,25,12,0,30.8,15,38.36,,,,,,,,,,,,,,,,,,,,,,,,,,,,,,,,,,,,
2023,7,25,13,0,32.2,15.6,36.93,,,,,,,,,,,,,,,,,,,,,,,,,,,,,,,,,,,,
2023,7,25,14,0,35.2,14,28.18,,,,,,,,,,,,,,,,,,,,,,,,,,,,,,,,,,,,
2023,7,25,15,0,38.4,12.1,20.88,,,,,,,,,,,,,,,,,,,,,,,,,,,,,,,,,,,,
2023,7,25,16,0,41.1,10.9,16.68,,,,,,,,,,,,,,,,,,,,,,,,,,,,,,,,,,,,
2023,7,25,17,0,43.4,10.2,14.11,,,,,,,,,,,,,,,,,,,,,,,,,,,,,,,,,,,,
2023,7,25,18,0,45.1,9.7,12.44,,,,,,,,,,,,,,,,,,,,,,,,,,,,,,,,,,,,
2023,7,25,19,0,46.3,9.2,11.36,,,,,,,,,,,,,,,,,,,,,,,,,,,,,,,,,,,,
2023,7,25,20,0,47,8.9,10.7,,,,,,,,,,,,,,,,,,,,,,,,,,,,,,,,,,,,
2023,7,25,21,0,47.4,8.6,10.28,,,,,,,,,,,,,,,,,,,,,,,,,,,,,,,,,,,,
2023,7,25,22,0,47.3,8.5,10.26,,,,,,,,,,,,,,,,,,,,,,,,,,,,,,,,,,,,
2023,7,25,23,0,46.7,8.5,10.57,,,,,,,,,,,,,,,,,,,,,,,,,,,,,,,,,,,,
2023,7,26,0,0,45.7,8.5,11.16,,,,,,,,,,,,,,,,,,,,,,,,,,,,,,,,,,,,
2023,7,26,1,0,43.8,8.7,12.44,,,,,,,,,,,,,,,,,,,,,,,,,,,,,,,,,,,,
2023,7,26,2,0,39.4,9.1,16.12,,,,,,,,,,,,,,,,,,,,,,,,,,,,,,,,,,,,
2023,7,26,3,0,38,9.1,17.39,,,,,,,,,,,,,,,,,,,,,,,,,,,,,,,,,,,,
2023,7,26,4,0,37.2,8.9,17.99,,,,,,,,,,,,,,,,,,,,,,,,,,,,,,,,,,,,
2023,7,26,5,0,36.5,8.8,18.55,,,,,,,,,,,,,,,,,,,,,,,,,,,,,,,,,,,,
2023,7,26,6,0,35.7,8.8,19.39,,,,,,,,,,,,,,,,,,,,,,,,,,,,,,,,,,,,
2023,7,26,7,0,34.8,9,20.66,,,,,,,,,,,,,,,,,,,,,,,,,,,,,,,,,,,,
2023,7,26,8,0,33.9,9.4,22.29,,,,,,,,,,,,,,,,,,,,,,,,,,,,,,,,,,,,
2023,7,26,9,0,33.2,9.9,23.9,,,,,,,,,,,,,,,,,,,,,,,,,,,,,,,,,,,,
2023,7,26,10,0,32.7,10.3,25.24,,,,,,,,,,,,,,,,,,,,,,,,,,,,,,,,,,,,
2023,7,26,11,0,32.8,10.6,25.7,,,,,,,,,,,,,,,,,,,,,,,,,,,,,,,,,,,,
2023,7,26,12,0,31.5,10.9,28.24,,,,,,,,,,,,,,,,,,,,,,,,,,,,,,,,,,,,
2023,7,26,13,0,33.6,11,25.28,,,,,,,,,,,,,,,,,,,,,,,,,,,,,,,,,,,,
2023,7,26,14,0,36.6,10.7,20.91,,,,,,,,,,,,,,,,,,,,,,,,,,,,,,,,,,,,
2023,7,26,15,0,39.2,10.9,18.38,,,,,,,,,,,,,,,,,,,,,,,,,,,,,,,,,,,,
2023,7,26,16,0,40.7,11.2,17.32,,,,,,,,,,,,,,,,,,,,,,,,,,,,,,,,,,,,
2023,7,26,17,0,42.8,11,15.29,,,,,,,,,,,,,,,,,,,,,,,,,,,,,,,,,,,,
2023,7,26,18,0,44.8,10.3,13.18,,,,,,,,,,,,,,,,,,,,,,,,,,,,,,,,,,,,
2023,7,26,19,0,46.5,9.5,11.46,,,,,,,,,,,,,,,,,,,,,,,,,,,,,,,,,,,,
2023,7,26,20,0,47.6,9,10.48,,,,,,,,,,,,,,,,,,,,,,,,,,,,,,,,,,,,
2023,7,26,21,0,48,8.9,10.17,,,,,,,,,,,,,,,,,,,,,,,,,,,,,,,,,,,,
2023,7,26,22,0,47.8,8.9,10.27,,,,,,,,,,,,,,,,,,,,,,,,,,,,,,,,,,,,
2023,7,26,23,0,47.1,8.7,10.52,,,,,,,,,,,,,,,,,,,,,,,,,,,,,,,,,,,,
2023,7,27,0,0,46,8.4,10.91,,,,,,,,,,,,,,,,,,,,,,,,,,,,,,,,,,,,
2023,7,27,1,0,44.1,8.4,12.01,,,,,,,,,,,,,,,,,,,,,,,,,,,,,,,,,,,,
2023,7,27,2,0,40.2,9.1,15.49,,,,,,,,,,,,,,,,,,,,,,,,,,,,,,,,,,,,
2023,7,27,3,0,38.6,9.9,17.85,,,,,,,,,,,,,,,,,,,,,,,,,,,,,,,,,,,,
2023,7,27,4,0,37.5,10.7,19.98,,,,,,,,,,,,,,,,,,,,,,,,,,,,,,,,,,,,
2023,7,27,5,0,36.3,11.6,22.56,,,,,,,,,,,,,,,,,,,,,,,,,,,,,,,,,,,,
2023,7,27,6,0,35.1,12.4,25.43,,,,,,,,,,,,,,,,,,,,,,,,,,,,,,,,,,,,
2023,7,27,7,0,33.9,13,28.36,,,,,,,,,,,,,,,,,,,,,,,,,,,,,,,,,,,,
2023,7,27,8,0,32.8,14.1,32.25,,,,,,,,,,,,,,,,,,,,,,,,,,,,,,,,,,,,
2023,7,27,9,0,31.8,15.4,37.13,,,,,,,,,,,,,,,,,,,,,,,,,,,,,,,,,,,,
2023,7,27,10,0,31.3,15.8,39.37,,,,,,,,,,,,,,,,,,,,,,,,,,,,,,,,,,,,
2023,7,27,11,0,31.4,15.4,38.14,,,,,,,,,,,,,,,,,,,,,,,,,,,,,,,,,,,,
2023,7,27,12,0,31,15.5,39.22,,,,,,,,,,,,,,,,,,,,,,,,,,,,,,,,,,,,
2023,7,27,13,0,32,16.2,38.65,,,,,,,,,,,,,,,,,,,,,,,,,,,,,,,,,,,,
2023,7,27,14,0,35,14.5,29.42,,,,,,,,,,,,,,,,,,,,,,,,,,,,,,,,,,,,
2023,7,27,15,0,37.9,13.6,23.67,,,,,,,,,,,,,,,,,,,,,,,,,,,,,,,,,,,,
2023,7,27,16,0,40.3,13,19.97,,,,,,,,,,,,,,,,,,,,,,,,,,,,,,,,,,,,
2023,7,27,17,0,42.3,12.4,17.29,,,,,,,,,,,,,,,,,,,,,,,,,,,,,,,,,,,,
2023,7,27,18,0,44.1,12,15.34,,,,,,,,,,,,,,,,,,,,,,,,,,,,,,,,,,,,
2023,7,27,19,0,45.3,11.8,14.17,,,,,,,,,,,,,,,,,,,,,,,,,,,,,,,,,,,,
2023,7,27,20,0,46.1,11.6,13.45,,,,,,,,,,,,,,,,,,,,,,,,,,,,,,,,,,,,
2023,7,27,21,0,46.5,11.3,12.94,,,,,,,,,,,,,,,,,,,,,,,,,,,,,,,,,,,,
2023,7,27,22,0,46.4,10.9,12.63,,,,,,,,,,,,,,,,,,,,,,,,,,,,,,,,,,,,
2023,7,27,23,0,45.9,10.3,12.41,,,,,,,,,,,,,,,,,,,,,,,,,,,,,,,,,,,,
2023,7,28,0,0,44.8,9.5,12.52,,,,,,,,,,,,,,,,,,,,,,,,,,,,,,,,,,,,
2023,7,28,1,0,43.2,9.1,13.19,,,,,,,,,,,,,,,,,,,,,,,,,,,,,,,,,,,,
2023,7,28,2,0,39.5,9.6,16.61,,,,,,,,,,,,,,,,,,,,,,,,,,,,,,,,,,,,
2023,7,28,3,0,37.6,10.3,19.3,,,,,,,,,,,,,,,,,,,,,,,,,,,,,,,,,,,,
2023,7,28,4,0,36.3,11.2,21.99,,,,,,,,,,,,,,,,,,,,,,,,,,,,,,,,,,,,
2023,7,28,5,0,35.2,12,24.65,,,,,,,,,,,,,,,,,,,,,,,,,,,,,,,,,,,,
2023,7,28,6,0,34.4,12.5,26.7,,,,,,,,,,,,,,,,,,,,,,,,,,,,,,,,,,,,
2023,7,28,7,0,33.9,12.8,27.92,,,,,,,,,,,,,,,,,,,,,,,,,,,,,,,,,,,,
2023,7,28,8,0,33.4,13,29.1,,,,,,,,,,,,,,,,,,,,,,,,,,,,,,,,,,,,
2023,7,28,9,0,32.7,13.3,30.78,,,,,,,,,,,,,,,,,,,,,,,,,,,,,,,,,,,,
2023,7,28,10,0,32.2,13.4,32.03,,,,,,,,,,,,,,,,,,,,,,,,,,,,,,,,,,,,
2023,7,28,11,0,31.9,13.6,32.89,,,,,,,,,,,,,,,,,,,,,,,,,,,,,,,,,,,,
2023,7,28,12,0,31.9,13.8,33.4,,,,,,,,,,,,,,,,,,,,,,,,,,,,,,,,,,,,
2023,7,28,13,0,33.5,14.3,31.55,,,,,,,,,,,,,,,,,,,,,,,,,,,,,,,,,,,,
2023,7,28,14,0,35.8,13.5,26.25,,,,,,,,,,,,,,,,,,,,,,,,,,,,,,,,,,,,
2023,7,28,15,0,38.1,12.7,22.05,,,,,,,,,,,,,,,,,,,,,,,,,,,,,,,,,,,,
2023,7,28,16,0,39.7,12.1,19.45,,,,,,,,,,,,,,,,,,,,,,,,,,,,,,,,,,,,
2023,7,28,17,0,40.9,11.8,17.82,,,,,,,,,,,,,,,,,,,,,,,,,,,,,,,,,,,,
2023,7,28,18,0,41.9,11.8,16.97,,,,,,,,,,,,,,,,,,,,,,,,,,,,,,,,,,,,
2023,7,28,19,0,42,12.5,17.64,,,,,,,,,,,,,,,,,,,,,,,,,,,,,,,,,,,,
2023,7,28,20,0,41.6,13.5,19.26,,,,,,,,,,,,,,,,,,,,,,,,,,,,,,,,,,,,
2023,7,28,21,0,41.8,14.3,20.07,,,,,,,,,,,,,,,,,,,,,,,,,,,,,,,,,,,,
2023,7,28,22,0,42.9,14.2,18.79,,,,,,,,,,,,,,,,,,,,,,,,,,,,,,,,,,,,
2023,7,28,23,0,43.5,13.4,17.26,,,,,,,,,,,,,,,,,,,,,,,,,,,,,,,,,,,,
2023,7,29,0,0,43.3,12.3,16.3,,,,,,,,,,,,,,,,,,,,,,,,,,,,,,,,,,,,
2023,7,29,1,0,41.6,11.9,17.31,,,,,,,,,,,,,,,,,,,,,,,,,,,,,,,,,,,,
2023,7,29,2,0,37.6,12.4,22.25,,,,,,,,,,,,,,,,,,,,,,,,,,,,,,,,,,,,
2023,7,29,3,0,36,12.8,24.84,,,,,,,,,,,,,,,,,,,,,,,,,,,,,,,,,,,,
2023,7,29,4,0,35.6,13,25.8,,,,,,,,,,,,,,,,,,,,,,,,,,,,,,,,,,,,
2023,7,29,5,0,34.5,13.9,28.97,,,,,,,,,,,,,,,,,,,,,,,,,,,,,,,,,,,,
2023,7,29,6,0,33.7,14.5,31.63,,,,,,,,,,,,,,,,,,,,,,,,,,,,,,,,,,,,
2023,7,29,7,0,32.9,15,34.09,,,,,,,,,,,,,,,,,,,,,,,,,,,,,,,,,,,,
2023,7,29,8,0,32.4,15.4,36.01,,,,,,,,,,,,,,,,,,,,,,,,,,,,,,,,,,,,
2023,7,29,9,0,32.2,15.7,37.14,,,,,,,,,,,,,,,,,,,,,,,,,,,,,,,,,,,,
2023,7,29,10,0,32.2,15.2,35.88,,,,,,,,,,,,,,,,,,,,,,,,,,,,,,,,,,,,
2023,7,29,11,0,31.6,15.4,37.52,,,,,,,,,,,,,,,,,,,,,,,,,,,,,,,,,,,,
2023,7,29,12,0,31.1,15.4,38.6,,,,,,,,,,,,,,,,,,,,,,,,,,,,,,,,,,,,
2023,7,29,13,0,31.4,15.6,38.43,,,,,,,,,,,,,,,,,,,,,,,,,,,,,,,,,,,,
2023,7,29,14,0,32.6,15,34.68,,,,,,,,,,,,,,,,,,,,,,,,,,,,,,,,,,,,
2023,7,29,15,0,34.2,13.6,28.99,,,,,,,,,,,,,,,,,,,,,,,,,,,,,,,,,,,,
2023,7,29,16,0,36.3,12.5,23.94,,,,,,,,,,,,,,,,,,,,,,,,,,,,,,,,,,,,
2023,7,29,17,0,39.2,11.2,18.74,,,,,,,,,,,,,,,,,,,,,,,,,,,,,,,,,,,,
2023,7,29,18,0,42.2,10.6,15.38,,,,,,,,,,,,,,,,,,,,,,,,,,,,,,,,,,,,
2023,7,29,19,0,44.1,10.3,13.63,,,,,,,,,,,,,,,,,,,,,,,,,,,,,,,,,,,,
2023,7,29,20,0,45.2,9.9,12.57,,,,,,,,,,,,,,,,,,,,,,,,,,,,,,,,,,,,
2023,7,29,21,0,45.8,9.4,11.82,,,,,,,,,,,,,,,,,,,,,,,,,,,,,,,,,,,,
2023,7,29,22,0,45.8,8.9,11.39,,,,,,,,,,,,,,,,,,,,,,,,,,,,,,,,,,,,
2023,7,29,23,0,45.4,8.4,11.23,,,,,,,,,,,,,,,,,,,,,,,,,,,,,,,,,,,,
2023,7,30,0,0,44.4,8,11.52,,,,,,,,,,,,,,,,,,,,,,,,,,,,,,,,,,,,
2023,7,30,1,0,42.3,10.4,15.1,,,,,,,,,,,,,,,,,,,,,,,,,,,,,,,,,,,,
2023,7,30,2,0,38.3,12,20.78,,,,,,,,,,,,,,,,,,,,,,,,,,,,,,,,,,,,
2023,7,30,3,0,36.9,13,23.98,,,,,,,,,,,,,,,,,,,,,,,,,,,,,,,,,,,,
2023,7,30,4,0,35.4,13.6,27.06,,,,,,,,,,,,,,,,,,,,,,,,,,,,,,,,,,,,
2023,7,30,5,0,34.4,13.5,28.37,,,,,,,,,,,,,,,,,,,,,,,,,,,,,,,,,,,,
2023,7,30,6,0,33.8,12.9,28.19,,,,,,,,,,,,,,,,,,,,,,,,,,,,,,,,,,,,
2023,7,30,7,0,33.1,11.8,27.33,,,,,,,,,,,,,,,,,,,,,,,,,,,,,,,,,,,,
2023,7,30,8,0,32.7,10.1,25.03,,,,,,,,,,,,,,,,,,,,,,,,,,,,,,,,,,,,
2023,7,30,9,0,32.2,9.5,24.64,,,,,,,,,,,,,,,,,,,,,,,,,,,,,,,,,,,,
2023,7,30,10,0,31.2,10.2,27.46,,,,,,,,,,,,,,,,,,,,,,,,,,,,,,,,,,,,
2023,7,30,11,0,30.7,11.9,31.44,,,,,,,,,,,,,,,,,,,,,,,,,,,,,,,,,,,,
2023,7,30,12,0,30.5,13.6,35.72,,,,,,,,,,,,,,,,,,,,,,,,,,,,,,,,,,,,
2023,7,30,13,0,31.2,15.4,38.39,,,,,,,,,,,,,,,,,,,,,,,,,,,,,,,,,,,,
2023,7,30,14,0,32.8,15.3,34.94,,,,,,,,,,,,,,,,,,,,,,,,,,,,,,,,,,,,
2023,7,30,15,0,34.9,14.6,29.6,,,,,,,,,,,,,,,,,,,,,,,,,,,,,,,,,,,,
2023,7,30,16,0,37,13.7,24.89,,,,,,,,,,,,,,,,,,,,,,,,,,,,,,,,,,,,
2023,7,30,17,0,39.1,13.3,21.63,,,,,,,,,,,,,,,,,,,,,,,,,,,,,,,,,,,,
2023,7,30,18,0,40.9,13.1,19.4,,,,,,,,,,,,,,,,,,,,,,,,,,,,,,,,,,,,
2023,7,30,19,0,42.4,12.8,17.63,,,,,,,,,,,,,,,,,,,,,,,,,,,,,,,,,,,,
2023,7,30,20,0,43.3,12.5,16.43,,,,,,,,,,,,,,,,,,,,,,,,,,,,,,,,,,,,
2023,7,30,21,0,43.8,11.9,15.4,,,,,,,,,,,,,,,,,,,,,,,,,,,,,,,,,,,,
2023,7,30,22,0,43.8,11,14.58,,,,,,,,,,,,,,,,,,,,,,,,,,,,,,,,,,,,
2023,7,30,23,0,43.4,10.1,14.02,,,,,,,,,,,,,,,,,,,,,,,,,,,,,,,,,,,,
2023,7,31,0,0,42.5,9.3,13.87,,,,,,,,,,,,,,,,,,,,,,,,,,,,,,,,,,,,
2023,7,31,1,0,40.8,9.2,15.09,,,,,,,,,,,,,,,,,,,,,,,,,,,,,,,,,,,,
2023,7,31,2,0,37.2,10.2,19.65,,,,,,,,,,,,,,,,,,,,,,,,,,,,,,,,,,,,
2023,7,31,3,0,36.6,10.1,20.11,,,,,,,,,,,,,,,,,,,,,,,,,,,,,,,,,,,,
2023,7,31,4,0,35.9,11,22.13,,,,,,,,,,,,,,,,,,,,,,,,,,,,,,,,,,,,
2023,7,31,5,0,34.3,12,25.89,,,,,,,,,,,,,,,,,,,,,,,,,,,,,,,,,,,,
2023,7,31,6,0,33.2,13,29.39,,,,,,,,,,,,,,,,,,,,,,,,,,,,,,,,,,,,
2023,7,31,7,0,32.2,14,33.14,,,,,,,,,,,,,,,,,,,,,,,,,,,,,,,,,,,,
2023,7,31,8,0,30.6,15.3,39.52,,,,,,,,,,,,,,,,,,,,,,,,,,,,,,,,,,,,
2023,7,31,9,0,29.3,16.3,45.44,,,,,,,,,,,,,,,,,,,,,,,,,,,,,,,,,,,,
2023,7,31,10,0,28.2,17.1,50.83,,,,,,,,,,,,,,,,,,,,,,,,,,,,,,,,,,,,
2023,7,31,11,0,27.4,17.7,55.56,,,,,,,,,,,,,,,,,,,,,,,,,,,,,,,,,,,,
2023,7,31,12,0,26.9,18.2,59.11,,,,,,,,,,,,,,,,,,,,,,,,,,,,,,,,,,,,
2023,7,31,13,0,28,18.5,56.25,,,,,,,,,,,,,,,,,,,,,,,,,,,,,,,,,,,,
2023,7,31,14,0,30.1,17.9,47.97,,,,,,,,,,,,,,,,,,,,,,,,,,,,,,,,,,,,
2023,7,31,15,0,32.6,16.4,37.94,,,,,,,,,,,,,,,,,,,,,,,,,,,,,,,,,,,,
2023,7,31,16,0,35,15.1,30.51,,,,,,,,,,,,,,,,,,,,,,,,,,,,,,,,,,,,
2023,7,31,17,0,37,14.3,25.88,,,,,,,,,,,,,,,,,,,,,,,,,,,,,,,,,,,,
2023,7,31,18,0,38.7,13.7,22.82,,,,,,,,,,,,,,,,,,,,,,,,,,,,,,,,,,,,
2023,7,31,19,0,40,13.4,20.81,,,,,,,,,,,,,,,,,,,,,,,,,,,,,,,,,,,,
2023,7,31,20,0,40.9,13.2,19.58,,,,,,,,,,,,,,,,,,,,,,,,,,,,,,,,,,,,
2023,7,31,21,0,41.4,13,18.79,,,,,,,,,,,,,,,,,,,,,,,,,,,,,,,,,,,,
2023,7,31,22,0,41.4,12.6,18.31,,,,,,,,,,,,,,,,,,,,,,,,,,,,,,,,,,,,
2023,7,31,23,0,41,12.1,18.16,,,,,,,,,,,,,,,,,,,,,,,,,,,,,,,,,,,,
2023,8,1,0,0,40.1,11.6,18.45,,,,,,,,,,,,,,,,,,,,,,,,,,,,,,,,,,,,
2023,8,1,1,0,38.6,12.4,20.96,,,,,,,,,,,,,,,,,,,,,,,,,,,,,,,,,,,,
2023,8,1,2,0,35.4,14.8,29.32,,,,,,,,,,,,,,,,,,,,,,,,,,,,,,,,,,,,
2023,8,1,3,0,34.4,14.2,29.76,,,,,,,,,,,,,,,,,,,,,,,,,,,,,,,,,,,,
2023,8,1,4,0,33.4,14,31,,,,,,,,,,,,,,,,,,,,,,,,,,,,,,,,,,,,
2023,8,1,5,0,32.3,13.9,32.76,,,,,,,,,,,,,,,,,,,,,,,,,,,,,,,,,,,,
2023,8,1,6,0,31.3,13.9,34.85,,,,,,,,,,,,,,,,,,,,,,,,,,,,,,,,,,,,
2023,8,1,7,0,30.4,14.3,37.44,,,,,,,,,,,,,,,,,,,,,,,,,,,,,,,,,,,,
2023,8,1,8,0,29.5,14.7,40.52,,,,,,,,,,,,,,,,,,,,,,,,,,,,,,,,,,,,
2023,8,1,9,0,28.9,15.1,43.21,,,,,,,,,,,,,,,,,,,,,,,,,,,,,,,,,,,,
2023,8,1,10,0,28.6,15.4,44.59,,,,,,,,,,,,,,,,,,,,,,,,,,,,,,,,,,,,
2023,8,1,11,0,28.6,15.5,44.9,,,,,,,,,,,,,,,,,,,,,,,,,,,,,,,,,,,,
2023,8,1,12,0,27.8,15.8,48.01,,,,,,,,,,,,,,,,,,,,,,,,,,,,,,,,,,,,
2023,8,1,13,0,29.1,16.2,45.68,,,,,,,,,,,,,,,,,,,,,,,,,,,,,,,,,,,,
2023,8,1,14,0,31.9,15.9,38.3,,,,,,,,,,,,,,,,,,,,,,,,,,,,,,,,,,,,
2023,8,1,15,0,34.8,15,30.58,,,,,,,,,,,,,,,,,,,,,,,,,,,,,,,,,,,,
2023,8,1,16,0,37.2,13.9,25.04,,,,,,,,,,,,,,,,,,,,,,,,,,,,,,,,,,,,
2023,8,1,17,0,39.1,13.4,21.79,,,,,,,,,,,,,,,,,,,,,,,,,,,,,,,,,,,,
2023,8,1,18,0,40.5,13.1,19.87,,,,,,,,,,,,,,,,,,,,,,,,,,,,,,,,,,,,
2023,8,1,19,0,41.6,12.8,18.38,,,,,,,,,,,,,,,,,,,,,,,,,,,,,,,,,,,,
2023,8,1,20,0,42.2,12.5,17.43,,,,,,,,,,,,,,,,,,,,,,,,,,,,,,,,,,,,
2023,8,1,21,0,42.5,12.2,16.82,,,,,,,,,,,,,,,,,,,,,,,,,,,,,,,,,,,,
2023,8,1,22,0,42.4,11.9,16.65,,,,,,,,,,,,,,,,,,,,,,,,,,,,,,,,,,,,
2023,8,1,23,0,41.8,11.8,16.99,,,,,,,,,,,,,,,,,,,,,,,,,,,,,,,,,,,,
2023,8,2,0,0,40.9,11.7,17.71,,,,,,,,,,,,,,,,,,,,,,,,,,,,,,,,,,,,
2023,8,2,1,0,39.3,12.4,20.19,,,,,,,,,,,,,,,,,,,,,,,,,,,,,,,,,,,,
2023,8,2,2,0,36.8,14.9,27.19,,,,,,,,,,,,,,,,,,,,,,,,,,,,,,,,,,,,
2023,8,2,3,0,35.9,14.4,27.8,,,,,,,,,,,,,,,,,,,,,,,,,,,,,,,,,,,,
2023,8,2,4,0,34.7,13.7,28.39,,,,,,,,,,,,,,,,,,,,,,,,,,,,,,,,,,,,
2023,8,2,5,0,33.7,13.2,29.08,,,,,,,,,,,,,,,,,,,,,,,,,,,,,,,,,,,,
2023,8,2,6,0,32.8,13.1,30.3,,,,,,,,,,,,,,,,,,,,,,,,,,,,,,,,,,,,
2023,8,2,7,0,31.9,13.2,32.04,,,,,,,,,,,,,,,,,,,,,,,,,,,,,,,,,,,,
2023,8,2,8,0,31.2,13.3,33.58,,,,,,,,,,,,,,,,,,,,,,,,,,,,,,,,,,,,
2023,8,2,9,0,30.7,13.4,34.74,,,,,,,,,,,,,,,,,,,,,,,,,,,,,,,,,,,,
2023,8,2,10,0,30.5,13.5,35.4,,,,,,,,,,,,,,,,,,,,,,,,,,,,,,,,,,,,
2023,8,2,11,0,30.4,13.5,35.64,,,,,,,,,,,,,,,,,,,,,,,,,,,,,,,,,,,,
2023,8,2,12,0,30.5,13.4,35.22,,,,,,,,,,,,,,,,,,,,,,,,,,,,,,,,,,,,
2023,8,2,13,0,32,13.9,33.44,,,,,,,,,,,,,,,,,,,,,,,,,,,,,,,,,,,,
2023,8,2,14,0,34.6,13.1,27.46,,,,,,,,,,,,,,,,,,,,,,,,,,,,,,,,,,,,
2023,8,2,15,0,36.7,12.9,24.12,,,,,,,,,,,,,,,,,,,,,,,,,,,,,,,,,,,,
2023,8,2,16,0,38.4,12.6,21.5,,,,,,,,,,,,,,,,,,,,,,,,,,,,,,,,,,,,
2023,8,2,17,0,40,12.4,19.48,,,,,,,,,,,,,,,,,,,,,,,,,,,,,,,,,,,,
2023,8,2,18,0,41.5,12.4,18.05,,,,,,,,,,,,,,,,,,,,,,,,,,,,,,,,,,,,
2023,8,2,19,0,42.6,12.6,17.24,,,,,,,,,,,,,,,,,,,,,,,,,,,,,,,,,,,,
2023,8,2,20,0,43.2,12.6,16.65,,,,,,,,,,,,,,,,,,,,,,,,,,,,,,,,,,,,
2023,8,2,21,0,43.5,12.3,16.08,,,,,,,,,,,,,,,,,,,,,,,,,,,,,,,,,,,,
2023,8,2,22,0,43.3,11.8,15.72,,,,,,,,,,,,,,,,,,,,,,,,,,,,,,,,,,,,
2023,8,2,23,0,42.7,11.2,15.57,,,,,,,,,,,,,,,,,,,,,,,,,,,,,,,,,,,,
2023,8,3,0,0,41.6,10.5,15.8,,,,,,,,,,,,,,,,,,,,,,,,,,,,,,,,,,,,
2023,8,3,1,0,39.9,10.1,16.88,,,,,,,,,,,,,,,,,,,,,,,,,,,,,,,,,,,,
2023,8,3,2,0,36,11.3,22.48,,,,,,,,,,,,,,,,,,,,,,,,,,,,,,,,,,,,
2023,8,3,3,0,34.7,11,23.72,,,,,,,,,,,,,,,,,,,,,,,,,,,,,,,,,,,,
2023,8,3,4,0,33.8,10.8,24.66,,,,,,,,,,,,,,,,,,,,,,,,,,,,,,,,,,,,
2023,8,3,5,0,33,10.9,25.94,,,,,,,,,,,,,,,,,,,,,,,,,,,,,,,,,,,,
2023,8,3,6,0,32.2,11.1,27.53,,,,,,,,,,,,,,,,,,,,,,,,,,,,,,,,,,,,
2023,8,3,7,0,31.5,11.3,29.02,,,,,,,,,,,,,,,,,,,,,,,,,,,,,,,,,,,,
2023,8,3,8,0,30.7,11.4,30.58,,,,,,,,,,,,,,,,,,,,,,,,,,,,,,,,,,,,
2023,8,3,9,0,30,11.3,31.57,,,,,,,,,,,,,,,,,,,,,,,,,,,,,,,,,,,,
2023,8,3,10,0,29.6,11.1,31.78,,,,,,,,,,,,,,,,,,,,,,,,,,,,,,,,,,,,
2023,8,3,11,0,29.5,10.9,31.72,,,,,,,,,,,,,,,,,,,,,,,,,,,,,,,,,,,,
2023,8,3,12,0,29.3,11,32.17,,,,,,,,,,,,,,,,,,,,,,,,,,,,,,,,,,,,
2023,8,3,13,0,30.6,11.3,30.58,,,,,,,,,,,,,,,,,,,,,,,,,,,,,,,,,,,,
2023,8,3,14,0,33.7,9.9,23.35,,,,,,,,,,,,,,,,,,,,,,,,,,,,,,,,,,,,
2023,8,3,15,0,37.4,7.7,16.42,,,,,,,,,,,,,,,,,,,,,,,,,,,,,,,,,,,,
2023,8,3,16,0,39.6,8.1,14.93,,,,,,,,,,,,,,,,,,,,,,,,,,,,,,,,,,,,
2023,8,3,17,0,41.2,8.6,14.23,,,,,,,,,,,,,,,,,,,,,,,,,,,,,,,,,,,,
2023,8,3,18,0,42.4,8.9,13.63,,,,,,,,,,,,,,,,,,,,,,,,,,,,,,,,,,,,
2023,8,3,19,0,43.4,9.1,13.05,,,,,,,,,,,,,,,,,,,,,,,,,,,,,,,,,,,,
2023,8,3,20,0,43.9,9.1,12.78,,,,,,,,,,,,,,,,,,,,,,,,,,,,,,,,,,,,
2023,8,3,21,0,44.1,9.1,12.65,,,,,,,,,,,,,,,,,,,,,,,,,,,,,,,,,,,,
2023,8,3,22,0,43.9,8.8,12.51,,,,,,,,,,,,,,,,,,,,,,,,,,,,,,,,,,,,
2023,8,3,23,0,43.3,8.3,12.45,,,,,,,,,,,,,,,,,,,,,,,,,,,,,,,,,,,,
2023,8,4,0,0,42.3,7.6,12.54,,,,,,,,,,,,,,,,,,,,,,,,,,,,,,,,,,,,
2023,8,4,1,0,40.2,7.6,13.96,,,,,,,,,,,,,,,,,,,,,,,,,,,,,,,,,,,,
2023,8,4,2,0,36.1,8.3,18.36,,,,,,,,,,,,,,,,,,,,,,,,,,,,,,,,,,,,
2023,8,4,3,0,34.7,7.3,18.46,,,,,,,,,,,,,,,,,,,,,,,,,,,,,,,,,,,,
2023,8,4,4,0,33.6,6.1,18.04,,,,,,,,,,,,,,,,,,,,,,,,,,,,,,,,,,,,
2023,8,4,5,0,32.5,4.8,17.58,,,,,,,,,,,,,,,,,,,,,,,,,,,,,,,,,,,,
2023,8,4,6,0,31.4,3.8,17.48,,,,,,,,,,,,,,,,,,,,,,,,,,,,,,,,,,,,
2023,8,4,7,0,30.4,3.3,17.84,,,,,,,,,,,,,,,,,,,,,,,,,,,,,,,,,,,,
2023,8,4,8,0,29.5,3.2,18.69,,,,,,,,,,,,,,,,,,,,,,,,,,,,,,,,,,,,
2023,8,4,9,0,29,3.4,19.46,,,,,,,,,,,,,,,,,,,,,,,,,,,,,,,,,,,,
2023,8,4,10,0,28.8,3.7,20.07,,,,,,,,,,,,,,,,,,,,,,,,,,,,,,,,,,,,
2023,8,4,11,0,28.6,4.1,20.89,,,,,,,,,,,,,,,,,,,,,,,,,,,,,,,,,,,,
2023,8,4,12,0,28.5,4.8,22.15,,,,,,,,,,,,,,,,,,,,,,,,,,,,,,,,,,,,
2023,8,4,13,0,29.8,5.8,22.04,,,,,,,,,,,,,,,,,,,,,,,,,,,,,,,,,,,,
2023,8,4,14,0,33.1,4.6,16.83,,,,,,,,,,,,,,,,,,,,,,,,,,,,,,,,,,,,
2023,8,4,15,0,37.4,2.9,11.72,,,,,,,,,,,,,,,,,,,,,,,,,,,,,,,,,,,,
2023,8,4,16,0,40.4,2.2,9.52,,,,,,,,,,,,,,,,,,,,,,,,,,,,,,,,,,,,
2023,8,4,17,0,42,2.5,8.93,,,,,,,,,,,,,,,,,,,,,,,,,,,,,,,,,,,,
2023,8,4,18,0,43.3,2.8,8.51,,,,,,,,,,,,,,,,,,,,,,,,,,,,,,,,,,,,
2023,8,4,19,0,44.3,3.1,8.23,,,,,,,,,,,,,,,,,,,,,,,,,,,,,,,,,,,,
2023,8,4,20,0,45,3.5,8.17,,,,,,,,,,,,,,,,,,,,,,,,,,,,,,,,,,,,
2023,8,4,21,0,45.3,3.9,8.29,,,,,,,,,,,,,,,,,,,,,,,,,,,,,,,,,,,,
2023,8,4,22,0,45.1,4.2,8.54,,,,,,,,,,,,,,,,,,,,,,,,,,,,,,,,,,,,
2023,8,4,23,0,44.6,4.2,8.8,,,,,,,,,,,,,,,,,,,,,,,,,,,,,,,,,,,,
2023,8,5,0,0,43.5,4.2,9.31,,,,,,,,,,,,,,,,,,,,,,,,,,,,,,,,,,,,
2023,8,5,1,0,41.5,7,12.53,,,,,,,,,,,,,,,,,,,,,,,,,,,,,,,,,,,,
2023,8,5,2,0,38.7,6.8,14.4,,,,,,,,,,,,,,,,,,,,,,,,,,,,,,,,,,,,
2023,8,5,3,0,37.3,6.2,14.87,,,,,,,,,,,,,,,,,,,,,,,,,,,,,,,,,,,,
2023,8,5,4,0,36.5,5.7,15.02,,,,,,,,,,,,,,,,,,,,,,,,,,,,,,,,,,,,
2023,8,5,5,0,35.6,5.2,15.23,,,,,,,,,,,,,,,,,,,,,,,,,,,,,,,,,,,,
2023,8,5,6,0,34.4,4.8,15.85,,,,,,,,,,,,,,,,,,,,,,,,,,,,,,,,,,,,
2023,8,5,7,0,33.1,4.2,16.3,,,,,,,,,,,,,,,,,,,,,,,,,,,,,,,,,,,,
2023,8,5,8,0,32.1,3.8,16.77,,,,,,,,,,,,,,,,,,,,,,,,,,,,,,,,,,,,
2023,8,5,9,0,31.7,3.7,17.06,,,,,,,,,,,,,,,,,,,,,,,,,,,,,,,,,,,,
2023,8,5,10,0,31.2,3.9,17.75,,,,,,,,,,,,,,,,,,,,,,,,,,,,,,,,,,,,
2023,8,5,11,0,30.4,3.5,18.11,,,,,,,,,,,,,,,,,,,,,,,,,,,,,,,,,,,,
2023,8,5,12,0,29.7,3.5,18.88,,,,,,,,,,,,,,,,,,,,,,,,,,,,,,,,,,,,
2023,8,5,13,0,30.8,4,18.32,,,,,,,,,,,,,,,,,,,,,,,,,,,,,,,,,,,,
2023,8,5,14,0,34.1,2.1,13.3,,,,,,,,,,,,,,,,,,,,,,,,,,,,,,,,,,,,
2023,8,5,15,0,37.3,0.6,9.98,,,,,,,,,,,,,,,,,,,,,,,,,,,,,,,,,,,,
2023,8,5,16,0,40,0.6,8.65,,,,,,,,,,,,,,,,,,,,,,,,,,,,,,,,,,,,
2023,8,5,17,0,42.2,1.4,8.15,,,,,,,,,,,,,,,,,,,,,,,,,,,,,,,,,,,,
2023,8,5,18,0,44,2.5,8.06,,,,,,,,,,,,,,,,,,,,,,,,,,,,,,,,,,,,
2023,8,5,19,0,45.4,3.8,8.17,,,,,,,,,,,,,,,,,,,,,,,,,,,,,,,,,,,,
2023,8,5,20,0,46.2,4.7,8.37,,,,,,,,,,,,,,,,,,,,,,,,,,,,,,,,,,,,
2023,8,5,21,0,46.6,5.2,8.49,,,,,,,,,,,,,,,,,,,,,,,,,,,,,,,,,,,,
2023,8,5,22,0,46.5,5.1,8.49,,,,,,,,,,,,,,,,,,,,,,,,,,,,,,,,,,,,
2023,8,5,23,0,45.7,4.8,8.62,,,,,,,,,,,,,,,,,,,,,,,,,,,,,,,,,,,,
2023,8,6,0,0,44.5,4.3,8.88,,,,,,,,,,,,,,,,,,,,,,,,,,,,,,,,,,,,
2023,8,6,1,0,42,4.4,10.16,,,,,,,,,,,,,,,,,,,,,,,,,,,,,,,,,,,,
2023,8,6,2,0,37.4,5,13.6,,,,,,,,,,,,,,,,,,,,,,,,,,,,,,,,,,,,
2023,8,6,3,0,35.8,4.7,14.58,,,,,,,,,,,,,,,,,,,,,,,,,,,,,,,,,,,,
2023,8,6,4,0,34.7,4.5,15.25,,,,,,,,,,,,,,,,,,,,,,,,,,,,,,,,,,,,
2023,8,6,5,0,33.7,4.3,15.93,,,,,,,,,,,,,,,,,,,,,,,,,,,,,,,,,,,,
2023,8,6,6,0,32.6,4.2,16.82,,,,,,,,,,,,,,,,,,,,,,,,,,,,,,,,,,,,
2023,8,6,7,0,31.7,4.2,17.64,,,,,,,,,,,,,,,,,,,,,,,,,,,,,,,,,,,,
2023,8,6,8,0,31.4,4,17.76,,,,,,,,,,,,,,,,,,,,,,,,,,,,,,,,,,,,
2023,8,6,9,0,31.3,3.9,17.73,,,,,,,,,,,,,,,,,,,,,,,,,,,,,,,,,,,,
2023,8,6,10,0,31.3,3.9,17.68,,,,,,,,,,,,,,,,,,,,,,,,,,,,,,,,,,,,
2023,8,6,11,0,31.2,4.1,17.99,,,,,,,,,,,,,,,,,,,,,,,,,,,,,,,,,,,,
2023,8,6,12,0,30.8,4.1,18.49,,,,,,,,,,,,,,,,,,,,,,,,,,,,,,,,,,,,
2023,8,6,13,0,31.1,5.2,19.65,,,,,,,,,,,,,,,,,,,,,,,,,,,,,,,,,,,,
2023,8,6,14,0,34.1,6.4,17.96,,,,,,,,,,,,,,,,,,,,,,,,,,,,,,,,,,,,
2023,8,6,15,0,36.7,9.1,18.67,,,,,,,,,,,,,,,,,,,,,,,,,,,,,,,,,,,,
2023,8,6,16,0,38.9,9.8,17.45,,,,,,,,,,,,,,,,,,,,,,,,,,,,,,,,,,,,
2023,8,6,17,0,40.8,10.1,16.04,,,,,,,,,,,,,,,,,,,,,,,,,,,,,,,,,,,,
2023,8,6,18,0,42.4,10.5,15.15,,,,,,,,,,,,,,,,,,,,,,,,,,,,,,,,,,,,
2023,8,6,19,0,43.7,11.1,14.74,,,,,,,,,,,,,,,,,,,,,,,,,,,,,,,,,,,,
2023,8,6,20,0,44.5,11.9,14.88,,,,,,,,,,,,,,,,,,,,,,,,,,,,,,,,,,,,
2023,8,6,21,0,44.9,12.7,15.35,,,,,,,,,,,,,,,,,,,,,,,,,,,,,,,,,,,,
2023,8,6,22,0,44.7,13.4,16.22,,,,,,,,,,,,,,,,,,,,,,,,,,,,,,,,,,,,
2023,8,6,23,0,44,13.9,17.43,,,,,,,,,,,,,,,,,,,,,,,,,,,,,,,,,,,,
2023,8,7,0,0,42.8,14.3,19.07,,,,,,,,,,,,,,,,,,,,,,,,,,,,,,,,,,,,
2023,8,7,1,0,41.2,14.8,21.32,,,,,,,,,,,,,,,,,,,,,,,,,,,,,,,,,,,,
2023,8,7,2,0,38.8,15.3,25.16,,,,,,,,,,,,,,,,,,,,,,,,,,,,,,,,,,,,
2023,8,7,3,0,37.6,15.7,27.49,,,,,,,,,,,,,,,,,,,,,,,,,,,,,,,,,,,,
2023,8,7,4,0,36.7,15.7,28.9,,,,,,,,,,,,,,,,,,,,,,,,,,,,,,,,,,,,
2023,8,7,5,0,35.7,15.4,29.94,,,,,,,,,,,,,,,,,,,,,,,,,,,,,,,,,,,,
2023,8,7,6,0,34.6,14.7,30.38,,,,,,,,,,,,,,,,,,,,,,,,,,,,,,,,,,,,
2023,8,7,7,0,33.6,13.7,30.03,,,,,,,,,,,,,,,,,,,,,,,,,,,,,,,,,,,,
2023,8,7,8,0,32.8,12.7,29.44,,,,,,,,,,,,,,,,,,,,,,,,,,,,,,,,,,,,
2023,8,7,9,0,32.1,12.4,30.01,,,,,,,,,,,,,,,,,,,,,,,,,,,,,,,,,,,,
2023,8,7,10,0,31.4,12.7,31.85,,,,,,,,,,,,,,,,,,,,,,,,,,,,,,,,,,,,
2023,8,7,11,0,31.2,13.2,33.41,,,,,,,,,,,,,,,,,,,,,,,,,,,,,,,,,,,,
2023,8,7,12,0,31.1,13.9,35.16,,,,,,,,,,,,,,,,,,,,,,,,,,,,,,,,,,,,
2023,8,7,13,0,32.1,15,35.68,,,,,,,,,,,,,,,,,,,,,,,,,,,,,,,,,,,,
2023,8,7,14,0,33.9,17.6,37.98,,,,,,,,,,,,,,,,,,,,,,,,,,,,,,,,,,,,
2023,8,7,15,0,36.2,17.4,33.12,,,,,,,,,,,,,,,,,,,,,,,,,,,,,,,,,,,,
2023,8,7,16,0,38.5,16.4,27.4,,,,,,,,,,,,,,,,,,,,,,,,,,,,,,,,,,,,
2023,8,7,17,0,40.4,15.7,23.64,,,,,,,,,,,,,,,,,,,,,,,,,,,,,,,,,,,,
2023,8,7,18,0,42,15.3,21.13,,,,,,,,,,,,,,,,,,,,,,,,,,,,,,,,,,,,
2023,8,7,19,0,43.1,15,19.61,,,,,,,,,,,,,,,,,,,,,,,,,,,,,,,,,,,,
2023,8,7,20,0,43.8,14.9,18.8,,,,,,,,,,,,,,,,,,,,,,,,,,,,,,,,,,,,
2023,8,7,21,0,44.1,14.9,18.5,,,,,,,,,,,,,,,,,,,,,,,,,,,,,,,,,,,,
2023,8,7,22,0,43.9,14.9,18.66,,,,,,,,,,,,,,,,,,,,,,,,,,,,,,,,,,,,
2023,8,7,23,0,43.3,14.8,19.16,,,,,,,,,,,,,,,,,,,,,,,,,,,,,,,,,,,,
2023,8,8,0,0,42.3,14.6,19.97,,,,,,,,,,,,,,,,,,,,,,,,,,,,,,,,,,,,
2023,8,8,1,0,40.7,14.4,21.4,,,,,,,,,,,,,,,,,,,,,,,,,,,,,,,,,,,,
2023,8,8,2,0,38,14.1,24.31,,,,,,,,,,,,,,,,,,,,,,,,,,,,,,,,,,,,
2023,8,8,3,0,36.8,13.9,25.59,,,,,,,,,,,,,,,,,,,,,,,,,,,,,,,,,,,,
2023,8,8,4,0,36.1,13.9,26.56,,,,,,,,,,,,,,,,,,,,,,,,,,,,,,,,,,,,
2023,8,8,5,0,35.3,14.1,28.06,,,,,,,,,,,,,,,,,,,,,,,,,,,,,,,,,,,,
2023,8,8,6,0,34.4,14.4,30.1,,,,,,,,,,,,,,,,,,,,,,,,,,,,,,,,,,,,
2023,8,8,7,0,33.2,14.7,32.91,,,,,,,,,,,,,,,,,,,,,,,,,,,,,,,,,,,,
2023,8,8,8,0,32.2,15.3,36.17,,,,,,,,,,,,,,,,,,,,,,,,,,,,,,,,,,,,
2023,8,8,9,0,31.6,16.3,39.84,,,,,,,,,,,,,,,,,,,,,,,,,,,,,,,,,,,,
2023,8,8,10,0,31.2,17.1,42.79,,,,,,,,,,,,,,,,,,,,,,,,,,,,,,,,,,,,
2023,8,8,11,0,30.8,17.7,45.6,,,,,,,,,,,,,,,,,,,,,,,,,,,,,,,,,,,,
2023,8,8,12,0,30.5,18.1,47.68,,,,,,,,,,,,,,,,,,,,,,,,,,,,,,,,,,,,
2023,8,8,13,0,31.6,18.5,45.89,,,,,,,,,,,,,,,,,,,,,,,,,,,,,,,,,,,,
2023,8,8,14,0,33.5,17.5,38.68,,,,,,,,,,,,,,,,,,,,,,,,,,,,,,,,,,,,
2023,8,8,15,0,35.8,15.8,30.42,,,,,,,,,,,,,,,,,,,,,,,,,,,,,,,,,,,,
2023,8,8,16,0,37.3,15.2,27.03,,,,,,,,,,,,,,,,,,,,,,,,,,,,,,,,,,,,
2023,8,8,17,0,38.7,14.8,24.47,,,,,,,,,,,,,,,,,,,,,,,,,,,,,,,,,,,,
2023,8,8,18,0,40.2,14.5,22.15,,,,,,,,,,,,,,,,,,,,,,,,,,,,,,,,,,,,
2023,8,8,19,0,41.4,14.4,20.58,,,,,,,,,,,,,,,,,,,,,,,,,,,,,,,,,,,,
2023,8,8,20,0,42.2,14.3,19.64,,,,,,,,,,,,,,,,,,,,,,,,,,,,,,,,,,,,
2023,8,8,21,0,42.6,14.2,19.07,,,,,,,,,,,,,,,,,,,,,,,,,,,,,,,,,,,,
2023,8,8,22,0,42.6,13.8,18.59,,,,,,,,,,,,,,,,,,,,,,,,,,,,,,,,,,,,
2023,8,8,23,0,42.1,13.3,18.51,,,,,,,,,,,,,,,,,,,,,,,,,,,,,,,,,,,,
2023,8,9,0,0,41,12.9,19.1,,,,,,,,,,,,,,,,,,,,,,,,,,,,,,,,,,,,
2023,8,9,1,0,39.4,12.6,20.46,,,,,,,,,,,,,,,,,,,,,,,,,,,,,,,,,,,,
2023,8,9,2,0,36.2,12.9,24.75,,,,,,,,,,,,,,,,,,,,,,,,,,,,,,,,,,,,
2023,8,9,3,0,34.9,13.3,27.27,,,,,,,,,,,,,,,,,,,,,,,,,,,,,,,,,,,,
2023,8,9,4,0,33.8,13.9,30.09,,,,,,,,,,,,,,,,,,,,,,,,,,,,,,,,,,,,
2023,8,9,5,0,32.9,14.4,32.71,,,,,,,,,,,,,,,,,,,,,,,,,,,,,,,,,,,,
2023,8,9,6,0,32,14.8,35.31,,,,,,,,,,,,,,,,,,,,,,,,,,,,,,,,,,,,
2023,8,9,7,0,31.2,15,37.62,,,,,,,,,,,,,,,,,,,,,,,,,,,,,,,,,,,,
2023,8,9,8,0,30.8,15.4,39.45,,,,,,,,,,,,,,,,,,,,,,,,,,,,,,,,,,,,
2023,8,9,9,0,30.6,16,41.4,,,,,,,,,,,,,,,,,,,,,,,,,,,,,,,,,,,,
2023,8,9,10,0,30.3,16.9,44.58,,,,,,,,,,,,,,,,,,,,,,,,,,,,,,,,,,,,
2023,8,9,11,0,29.9,17.8,48.36,,,,,,,,,,,,,,,,,,,,,,,,,,,,,,,,,,,,
2023,8,9,12,0,29.4,18.4,51.57,,,,,,,,,,,,,,,,,,,,,,,,,,,,,,,,,,,,
2023,8,9,13,0,30.1,18.4,49.47,,,,,,,,,,,,,,,,,,,,,,,,,,,,,,,,,,,,
2023,8,9,14,0,32.6,16.6,38.31,,,,,,,,,,,,,,,,,,,,,,,,,,,,,,,,,,,,
2023,8,9,15,0,35.4,15,29.66,,,,,,,,,,,,,,,,,,,,,,,,,,,,,,,,,,,,
2023,8,9,16,0,37.6,14.5,25.45,,,,,,,,,,,,,,,,,,,,,,,,,,,,,,,,,,,,
2023,8,9,17,0,39.4,14.4,22.97,,,,,,,,,,,,,,,,,,,,,,,,,,,,,,,,,,,,
2023,8,9,18,0,40.7,14.5,21.52,,,,,,,,,,,,,,,,,,,,,,,,,,,,,,,,,,,,
2023,8,9,19,0,41.8,14.6,20.48,,,,,,,,,,,,,,,,,,,,,,,,,,,,,,,,,,,,
2023,8,9,20,0,42.4,14.8,20.03,,,,,,,,,,,,,,,,,,,,,,,,,,,,,,,,,,,,
2023,8,9,21,0,42.7,14.7,19.65,,,,,,,,,,,,,,,,,,,,,,,,,,,,,,,,,,,,
2023,8,9,22,0,42.6,14.3,19.26,,,,,,,,,,,,,,,,,,,,,,,,,,,,,,,,,,,,
2023,8,9,23,0,42.1,13.7,19.03,,,,,,,,,,,,,,,,,,,,,,,,,,,,,,,,,,,,
2023,8,10,0,0,41,13.1,19.29,,,,,,,,,,,,,,,,,,,,,,,,,,,,,,,,,,,,
2023,8,10,1,0,39.5,12.4,19.97,,,,,,,,,,,,,,,,,,,,,,,,,,,,,,,,,,,,
2023,8,10,2,0,36.7,12.1,22.91,,,,,,,,,,,,,,,,,,,,,,,,,,,,,,,,,,,,
2023,8,10,3,0,35.5,11.8,23.88,,,,,,,,,,,,,,,,,,,,,,,,,,,,,,,,,,,,
2023,8,10,4,0,34.6,11.4,24.57,,,,,,,,,,,,,,,,,,,,,,,,,,,,,,,,,,,,
2023,8,10,5,0,33.7,11.1,25.3,,,,,,,,,,,,,,,,,,,,,,,,,,,,,,,,,,,,
2023,8,10,6,0,32.9,10.8,25.96,,,,,,,,,,,,,,,,,,,,,,,,,,,,,,,,,,,,
2023,8,10,7,0,32,10.7,26.98,,,,,,,,,,,,,,,,,,,,,,,,,,,,,,,,,,,,
2023,8,10,8,0,31.2,10.8,28.51,,,,,,,,,,,,,,,,,,,,,,,,,,,,,,,,,,,,
2023,8,10,9,0,30.3,11.4,31.2,,,,,,,,,,,,,,,,,,,,,,,,,,,,,,,,,,,,
2023,8,10,10,0,29.5,12,34.07,,,,,,,,,,,,,,,,,,,,,,,,,,,,,,,,,,,,
2023,8,10,11,0,28.9,12.7,36.84,,,,,,,,,,,,,,,,,,,,,,,,,,,,,,,,,,,,
2023,8,10,12,0,28.4,13.3,39.38,,,,,,,,,,,,,,,,,,,,,,,,,,,,,,,,,,,,
2023,8,10,13,0,30.2,13.8,36.77,,,,,,,,,,,,,,,,,,,,,,,,,,,,,,,,,,,,
2023,8,10,14,0,33,14.6,33.05,,,,,,,,,,,,,,,,,,,,,,,,,,,,,,,,,,,,
2023,8,10,15,0,35.6,14.3,27.93,,,,,,,,,,,,,,,,,,,,,,,,,,,,,,,,,,,,
2023,8,10,16,0,37.4,14.2,25.18,,,,,,,,,,,,,,,,,,,,,,,,,,,,,,,,,,,,
2023,8,10,17,0,38.8,14.2,23.42,,,,,,,,,,,,,,,,,,,,,,,,,,,,,,,,,,,,
2023,8,10,18,0,40,14.2,21.89,,,,,,,,,,,,,,,,,,,,,,,,,,,,,,,,,,,,
2023,8,10,19,0,41,13.9,20.39,,,,,,,,,,,,,,,,,,,,,,,,,,,,,,,,,,,,
2023,8,10,20,0,41.6,13.6,19.34,,,,,,,,,,,,,,,,,,,,,,,,,,,,,,,,,,,,
2023,8,10,21,0,42,13.3,18.53,,,,,,,,,,,,,,,,,,,,,,,,,,,,,,,,,,,,
2023,8,10,22,0,42,12.9,18.16,,,,,,,,,,,,,,,,,,,,,,,,,,,,,,,,,,,,
2023,8,10,23,0,41.6,12.7,18.27,,,,,,,,,,,,,,,,,,,,,,,,,,,,,,,,,,,,
2023,8,11,0,0,40.8,12.6,18.93,,,,,,,,,,,,,,,,,,,,,,,,,,,,,,,,,,,,
2023,8,11,1,0,39.3,12.8,20.83,,,,,,,,,,,,,,,,,,,,,,,,,,,,,,,,,,,,
2023,8,11,2,0,37,13.4,24.41,,,,,,,,,,,,,,,,,,,,,,,,,,,,,,,,,,,,
2023,8,11,3,0,36.1,13.3,25.51,,,,,,,,,,,,,,,,,,,,,,,,,,,,,,,,,,,,
2023,8,11,4,0,35,13.3,27.12,,,,,,,,,,,,,,,,,,,,,,,,,,,,,,,,,,,,
2023,8,11,5,0,34,13.4,28.95,,,,,,,,,,,,,,,,,,,,,,,,,,,,,,,,,,,,
2023,8,11,6,0,33.1,13.9,31.44,,,,,,,,,,,,,,,,,,,,,,,,,,,,,,,,,,,,
2023,8,11,7,0,32.1,14.6,34.63,,,,,,,,,,,,,,,,,,,,,,,,,,,,,,,,,,,,
2023,8,11,8,0,31.1,15.1,37.95,,,,,,,,,,,,,,,,,,,,,,,,,,,,,,,,,,,,
2023,8,11,9,0,30.3,15.4,40.57,,,,,,,,,,,,,,,,,,,,,,,,,,,,,,,,,,,,
2023,8,11,10,0,29.8,15.6,42.18,,,,,,,,,,,,,,,,,,,,,,,,,,,,,,,,,,,,
2023,8,11,11,0,29.2,15.8,44.39,,,,,,,,,,,,,,,,,,,,,,,,,,,,,,,,,,,,
2023,8,11,12,0,28.5,16.2,47.46,,,,,,,,,,,,,,,,,,,,,,,,,,,,,,,,,,,,
2023,8,11,13,0,29.8,16.7,45.23,,,,,,,,,,,,,,,,,,,,,,,,,,,,,,,,,,,,
2023,8,11,14,0,31.8,15.3,37.06,,,,,,,,,,,,,,,,,,,,,,,,,,,,,,,,,,,,
2023,8,11,15,0,34.2,13.8,29.31,,,,,,,,,,,,,,,,,,,,,,,,,,,,,,,,,,,,
2023,8,11,16,0,36.1,12.8,24.75,,,,,,,,,,,,,,,,,,,,,,,,,,,,,,,,,,,,
2023,8,11,17,0,37.8,12.2,21.7,,,,,,,,,,,,,,,,,,,,,,,,,,,,,,,,,,,,
2023,8,11,18,0,39.2,11.9,19.74,,,,,,,,,,,,,,,,,,,,,,,,,,,,,,,,,,,,
2023,8,11,19,0,40.3,11.9,18.62,,,,,,,,,,,,,,,,,,,,,,,,,,,,,,,,,,,,
2023,8,11,20,0,41,12.1,18.16,,,,,,,,,,,,,,,,,,,,,,,,,,,,,,,,,,,,
2023,8,11,21,0,41.3,12.3,18.05,,,,,,,,,,,,,,,,,,,,,,,,,,,,,,,,,,,,
2023,8,11,22,0,41.2,12.3,18.16,,,,,,,,,,,,,,,,,,,,,,,,,,,,,,,,,,,,
2023,8,11,23,0,40.7,12.3,18.7,,,,,,,,,,,,,,,,,,,,,,,,,,,,,,,,,,,,
2023,8,12,0,0,39.8,12.4,19.68,,,,,,,,,,,,,,,,,,,,,,,,,,,,,,,,,,,,
2023,8,12,1,0,38.3,12.5,21.52,,,,,,,,,,,,,,,,,,,,,,,,,,,,,,,,,,,,
2023,8,12,2,0,35.6,12.9,25.63,,,,,,,,,,,,,,,,,,,,,,,,,,,,,,,,,,,,
2023,8,12,3,0,34.8,13.1,27.16,,,,,,,,,,,,,,,,,,,,,,,,,,,,,,,,,,,,
2023,8,12,4,0,34.1,13.3,28.57,,,,,,,,,,,,,,,,,,,,,,,,,,,,,,,,,,,,
2023,8,12,5,0,33.2,13.5,30.37,,,,,,,,,,,,,,,,,,,,,,,,,,,,,,,,,,,,
2023,8,12,6,0,32.6,13.7,31.93,,,,,,,,,,,,,,,,,,,,,,,,,,,,,,,,,,,,
2023,8,12,7,0,31.9,14.2,34.16,,,,,,,,,,,,,,,,,,,,,,,,,,,,,,,,,,,,
2023,8,12,8,0,30.8,15,38.25,,,,,,,,,,,,,,,,,,,,,,,,,,,,,,,,,,,,
2023,8,12,9,0,29.8,15.7,42.46,,,,,,,,,,,,,,,,,,,,,,,,,,,,,,,,,,,,
2023,8,12,10,0,28.8,15.9,45.71,,,,,,,,,,,,,,,,,,,,,,,,,,,,,,,,,,,,
2023,8,12,11,0,28.3,15.8,46.56,,,,,,,,,,,,,,,,,,,,,,,,,,,,,,,,,,,,
2023,8,12,12,0,28.2,15.4,45.63,,,,,,,,,,,,,,,,,,,,,,,,,,,,,,,,,,,,
2023,8,12,13,0,29,15.6,44.29,,,,,,,,,,,,,,,,,,,,,,,,,,,,,,,,,,,,
2023,8,12,14,0,31.2,13.6,34.31,,,,,,,,,,,,,,,,,,,,,,,,,,,,,,,,,,,,
2023,8,12,15,0,33.9,10.7,24.29,,,,,,,,,,,,,,,,,,,,,,,,,,,,,,,,,,,,
2023,8,12,16,0,36.1,9.4,19.75,,,,,,,,,,,,,,,,,,,,,,,,,,,,,,,,,,,,
2023,8,12,17,0,37.9,9.1,17.56,,,,,,,,,,,,,,,,,,,,,,,,,,,,,,,,,,,,
2023,8,12,18,0,39.4,8.9,16,,,,,,,,,,,,,,,,,,,,,,,,,,,,,,,,,,,,
2023,8,12,19,0,40.6,8.6,14.62,,,,,,,,,,,,,,,,,,,,,,,,,,,,,,,,,,,,
2023,8,12,20,0,41.5,8,13.38,,,,,,,,,,,,,,,,,,,,,,,,,,,,,,,,,,,,
2023,8,12,21,0,41.9,7.3,12.48,,,,,,,,,,,,,,,,,,,,,,,,,,,,,,,,,,,,
2023,8,12,22,0,41.8,6.6,12,,,,,,,,,,,,,,,,,,,,,,,,,,,,,,,,,,,,
2023,8,12,23,0,41.3,6,11.82,,,,,,,,,,,,,,,,,,,,,,,,,,,,,,,,,,,,
2023,8,13,0,0,40.3,5.5,12.06,,,,,,,,,,,,,,,,,,,,,,,,,,,,,,,,,,,,
2023,8,13,1,0,38.1,6.9,14.91,,,,,,,,,,,,,,,,,,,,,,,,,,,,,,,,,,,,
2023,8,13,2,0,35.3,7.2,17.79,,,,,,,,,,,,,,,,,,,,,,,,,,,,,,,,,,,,
2023,8,13,3,0,34.3,6.9,18.33,,,,,,,,,,,,,,,,,,,,,,,,,,,,,,,,,,,,
2023,8,13,4,0,33,6.9,19.83,,,,,,,,,,,,,,,,,,,,,,,,,,,,,,,,,,,,
2023,8,13,5,0,31.8,7.6,22.16,,,,,,,,,,,,,,,,,,,,,,,,,,,,,,,,,,,,
2023,8,13,6,0,30.8,9,25.9,,,,,,,,,,,,,,,,,,,,,,,,,,,,,,,,,,,,
2023,8,13,7,0,29.9,10.8,30.75,,,,,,,,,,,,,,,,,,,,,,,,,,,,,,,,,,,,
2023,8,13,8,0,29,12.3,35.62,,,,,,,,,,,,,,,,,,,,,,,,,,,,,,,,,,,,
2023,8,13,9,0,28.5,13.1,38.68,,,,,,,,,,,,,,,,,,,,,,,,,,,,,,,,,,,,
2023,8,13,10,0,28.1,13.5,40.8,,,,,,,,,,,,,,,,,,,,,,,,,,,,,,,,,,,,
2023,8,13,11,0,27.7,14,43.06,,,,,,,,,,,,,,,,,,,,,,,,,,,,,,,,,,,,
2023,8,13,12,0,27.2,14.6,45.94,,,,,,,,,,,,,,,,,,,,,,,,,,,,,,,,,,,,
2023,8,13,13,0,28.7,15.2,43.81,,,,,,,,,,,,,,,,,,,,,,,,,,,,,,,,,,,,
2023,8,13,14,0,31.9,13.9,33.51,,,,,,,,,,,,,,,,,,,,,,,,,,,,,,,,,,,,
2023,8,13,15,0,35.2,11.5,23.85,,,,,,,,,,,,,,,,,,,,,,,,,,,,,,,,,,,,
2023,8,13,16,0,37.5,10.7,19.89,,,,,,,,,,,,,,,,,,,,,,,,,,,,,,,,,,,,
2023,8,13,17,0,39.4,10.2,17.35,,,,,,,,,,,,,,,,,,,,,,,,,,,,,,,,,,,,
2023,8,13,18,0,40.8,9.8,15.7,,,,,,,,,,,,,,,,,,,,,,,,,,,,,,,,,,,,
2023,8,13,19,0,41.9,9.6,14.63,,,,,,,,,,,,,,,,,,,,,,,,,,,,,,,,,,,,
2023,8,13,20,0,42.5,9.6,14.13,,,,,,,,,,,,,,,,,,,,,,,,,,,,,,,,,,,,
2023,8,13,21,0,42.7,9.5,13.89,,,,,,,,,,,,,,,,,,,,,,,,,,,,,,,,,,,,
2023,8,13,22,0,42.5,9.2,13.84,,,,,,,,,,,,,,,,,,,,,,,,,,,,,,,,,,,,
2023,8,13,23,0,41.8,9,14.09,,,,,,,,,,,,,,,,,,,,,,,,,,,,,,,,,,,,
2023,8,14,0,0,40.6,8.6,14.67,,,,,,,,,,,,,,,,,,,,,,,,,,,,,,,,,,,,
2023,8,14,1,0,38.5,8.8,16.65,,,,,,,,,,,,,,,,,,,,,,,,,,,,,,,,,,,,
2023,8,14,2,0,35,9.4,20.99,,,,,,,,,,,,,,,,,,,,,,,,,,,,,,,,,,,,
2023,8,14,3,0,34.1,9.1,21.63,,,,,,,,,,,,,,,,,,,,,,,,,,,,,,,,,,,,
2023,8,14,4,0,33.4,9,22.32,,,,,,,,,,,,,,,,,,,,,,,,,,,,,,,,,,,,
2023,8,14,5,0,32.6,9,23.35,,,,,,,,,,,,,,,,,,,,,,,,,,,,,,,,,,,,
2023,8,14,6,0,31.8,9.2,24.73,,,,,,,,,,,,,,,,,,,,,,,,,,,,,,,,,,,,
2023,8,14,7,0,31.1,9.6,26.4,,,,,,,,,,,,,,,,,,,,,,,,,,,,,,,,,,,,
2023,8,14,8,0,30.6,10.2,28.35,,,,,,,,,,,,,,,,,,,,,,,,,,,,,,,,,,,,
2023,8,14,9,0,30,10.9,30.8,,,,,,,,,,,,,,,,,,,,,,,,,,,,,,,,,,,,
2023,8,14,10,0,29.3,11.5,33.29,,,,,,,,,,,,,,,,,,,,,,,,,,,,,,,,,,,,
2023,8,14,11,0,28.6,11.9,35.66,,,,,,,,,,,,,,,,,,,,,,,,,,,,,,,,,,,,
2023,8,14,12,0,28.1,12.3,37.52,,,,,,,,,,,,,,,,,,,,,,,,,,,,,,,,,,,,
2023,8,14,13,0,29.7,12.7,35.2,,,,,,,,,,,,,,,,,,,,,,,,,,,,,,,,,,,,
2023,8,14,14,0,32.8,12.5,29.09,,,,,,,,,,,,,,,,,,,,,,,,,,,,,,,,,,,,
2023,8,14,15,0,35.8,12.4,24.55,,,,,,,,,,,,,,,,,,,,,,,,,,,,,,,,,,,,
2023,8,14,16,0,38,12.5,21.91,,,,,,,,,,,,,,,,,,,,,,,,,,,,,,,,,,,,
2023,8,14,17,0,39.7,12.2,19.6,,,,,,,,,,,,,,,,,,,,,,,,,,,,,,,,,,,,
2023,8,14,18,0,41.1,11.8,17.66,,,,,,,,,,,,,,,,,,,,,,,,,,,,,,,,,,,,
2023,8,14,19,0,42.1,11.3,16.21,,,,,,,,,,,,,,,,,,,,,,,,,,,,,,,,,,,,
2023,8,14,20,0,42.7,10.8,15.18,,,,,,,,,,,,,,,,,,,,,,,,,,,,,,,,,,,,
2023,8,14,21,0,43,10.4,14.58,,,,,,,,,,,,,,,,,,,,,,,,,,,,,,,,,,,,
2023,8,14,22,0,42.8,10.4,14.7,,,,,,,,,,,,,,,,,,,,,,,,,,,,,,,,,,,,
2023,8,14,23,0,42.1,10.5,15.35,,,,,,,,,,,,,,,,,,,,,,,,,,,,,,,,,,,,
2023,8,15,0,0,41.1,10.6,16.37,,,,,,,,,,,,,,,,,,,,,,,,,,,,,,,,,,,,
2023,8,15,1,0,39.4,11.7,19.23,,,,,,,,,,,,,,,,,,,,,,,,,,,,,,,,,,,,
2023,8,15,2,0,36.7,12.2,22.92,,,,,,,,,,,,,,,,,,,,,,,,,,,,,,,,,,,,
2023,8,15,3,0,35.1,12,24.83,,,,,,,,,,,,,,,,,,,,,,,,,,,,,,,,,,,,
2023,8,15,4,0,34.2,12.3,26.65,,,,,,,,,,,,,,,,,,,,,,,,,,,,,,,,,,,,
2023,8,15,5,0,33.5,12.9,28.69,,,,,,,,,,,,,,,,,,,,,,,,,,,,,,,,,,,,
2023,8,15,6,0,32.9,13.4,30.79,,,,,,,,,,,,,,,,,,,,,,,,,,,,,,,,,,,,
2023,8,15,7,0,32.5,14,32.56,,,,,,,,,,,,,,,,,,,,,,,,,,,,,,,,,,,,
2023,8,15,8,0,32.2,14.5,34.34,,,,,,,,,,,,,,,,,,,,,,,,,,,,,,,,,,,,
2023,8,15,9,0,31.9,15.2,36.43,,,,,,,,,,,,,,,,,,,,,,,,,,,,,,,,,,,,
2023,8,15,10,0,31.5,16.1,39.66,,,,,,,,,,,,,,,,,,,,,,,,,,,,,,,,,,,,
2023,8,15,11,0,30.9,17.1,43.65,,,,,,,,,,,,,,,,,,,,,,,,,,,,,,,,,,,,
2023,8,15,12,0,30.4,17.7,46.64,,,,,,,,,,,,,,,,,,,,,,,,,,,,,,,,,,,,
2023,8,15,13,0,31.5,17.9,44.38,,,,,,,,,,,,,,,,,,,,,,,,,,,,,,,,,,,,
2023,8,15,14,0,34,17.5,37.56,,,,,,,,,,,,,,,,,,,,,,,,,,,,,,,,,,,,
2023,8,15,15,0,36.7,16.4,30.11,,,,,,,,,,,,,,,,,,,,,,,,,,,,,,,,,,,,
2023,8,15,16,0,38.8,15.5,25.42,,,,,,,,,,,,,,,,,,,,,,,,,,,,,,,,,,,,
2023,8,15,17,0,40.6,14.8,22.11,,,,,,,,,,,,,,,,,,,,,,,,,,,,,,,,,,,,
2023,8,15,18,0,41.9,14.3,19.93,,,,,,,,,,,,,,,,,,,,,,,,,,,,,,,,,,,,
2023,8,15,19,0,43,13.8,18.27,,,,,,,,,,,,,,,,,,,,,,,,,,,,,,,,,,,,
2023,8,15,20,0,43.6,13.5,17.29,,,,,,,,,,,,,,,,,,,,,,,,,,,,,,,,,,,,
2023,8,15,21,0,43.8,13.1,16.7,,,,,,,,,,,,,,,,,,,,,,,,,,,,,,,,,,,,
2023,8,15,22,0,43.7,12.8,16.46,,,,,,,,,,,,,,,,,,,,,,,,,,,,,,,,,,,,
2023,8,15,23,0,43.1,12.5,16.7,,,,,,,,,,,,,,,,,,,,,,,,,,,,,,,,,,,,
2023,8,16,0,0,42.1,12.3,17.37,,,,,,,,,,,,,,,,,,,,,,,,,,,,,,,,,,,,
2023,8,16,1,0,40.4,12.9,19.67,,,,,,,,,,,,,,,,,,,,,,,,,,,,,,,,,,,,
2023,8,16,2,0,38.4,13.3,22.47,,,,,,,,,,,,,,,,,,,,,,,,,,,,,,,,,,,,
2023,8,16,3,0,37.7,13.1,23.13,,,,,,,,,,,,,,,,,,,,,,,,,,,,,,,,,,,,
2023,8,16,4,0,36.6,13.2,24.66,,,,,,,,,,,,,,,,,,,,,,,,,,,,,,,,,,,,
2023,8,16,5,0,35.1,13.5,27.3,,,,,,,,,,,,,,,,,,,,,,,,,,,,,,,,,,,,
2023,8,16,6,0,34,13.8,29.62,,,,,,,,,,,,,,,,,,,,,,,,,,,,,,,,,,,,
2023,8,16,7,0,33.2,14.1,31.6,,,,,,,,,,,,,,,,,,,,,,,,,,,,,,,,,,,,
2023,8,16,8,0,32.5,14.9,34.52,,,,,,,,,,,,,,,,,,,,,,,,,,,,,,,,,,,,
2023,8,16,9,0,31.7,15.8,38.49,,,,,,,,,,,,,,,,,,,,,,,,,,,,,,,,,,,,
2023,8,16,10,0,30.9,16.5,41.99,,,,,,,,,,,,,,,,,,,,,,,,,,,,,,,,,,,,
2023,8,16,11,0,30.3,16.8,44.19,,,,,,,,,,,,,,,,,,,,,,,,,,,,,,,,,,,,
2023,8,16,12,0,29.9,16.7,44.96,,,,,,,,,,,,,,,,,,,,,,,,,,,,,,,,,,,,
2023,8,16,13,0,31.1,16.6,41.91,,,,,,,,,,,,,,,,,,,,,,,,,,,,,,,,,,,,
2023,8,16,14,0,34.2,15.8,33.31,,,,,,,,,,,,,,,,,,,,,,,,,,,,,,,,,,,,
2023,8,16,15,0,38.2,13.2,22.69,,,,,,,,,,,,,,,,,,,,,,,,,,,,,,,,,,,,
2023,8,16,16,0,40.9,11.9,17.92,,,,,,,,,,,,,,,,,,,,,,,,,,,,,,,,,,,,
2023,8,16,17,0,42.6,11.5,15.99,,,,,,,,,,,,,,,,,,,,,,,,,,,,,,,,,,,,
2023,8,16,18,0,43.9,11.5,14.97,,,,,,,,,,,,,,,,,,,,,,,,,,,,,,,,,,,,
2023,8,16,19,0,44.7,11.6,14.46,,,,,,,,,,,,,,,,,,,,,,,,,,,,,,,,,,,,
2023,8,16,20,0,45.2,11.7,14.16,,,,,,,,,,,,,,,,,,,,,,,,,,,,,,,,,,,,
2023,8,16,21,0,45.3,11.6,14.04,,,,,,,,,,,,,,,,,,,,,,,,,,,,,,,,,,,,
2023,8,16,22,0,44.9,11.4,14.11,,,,,,,,,,,,,,,,,,,,,,,,,,,,,,,,,,,,
2023,8,16,23,0,44.2,11.1,14.34,,,,,,,,,,,,,,,,,,,,,,,,,,,,,,,,,,,,
2023,8,17,0,0,43,10.8,14.93,,,,,,,,,,,,,,,,,,,,,,,,,,,,,,,,,,,,
2023,8,17,1,0,40.9,11.5,17.51,,,,,,,,,,,,,,,,,,,,,,,,,,,,,,,,,,,,
2023,8,17,2,0,38,12,21.2,,,,,,,,,,,,,,,,,,,,,,,,,,,,,,,,,,,,
2023,8,17,3,0,37,12,22.4,,,,,,,,,,,,,,,,,,,,,,,,,,,,,,,,,,,,
2023,8,17,4,0,35.8,12.2,24.22,,,,,,,,,,,,,,,,,,,,,,,,,,,,,,,,,,,,
2023,8,17,5,0,34.7,12.6,26.43,,,,,,,,,,,,,,,,,,,,,,,,,,,,,,,,,,,,
2023,8,17,6,0,33.9,13.3,28.93,,,,,,,,,,,,,,,,,,,,,,,,,,,,,,,,,,,,
2023,8,17,7,0,33.1,14.5,32.52,,,,,,,,,,,,,,,,,,,,,,,,,,,,,,,,,,,,
2023,8,17,8,0,32.6,15.7,36.3,,,,,,,,,,,,,,,,,,,,,,,,,,,,,,,,,,,,
2023,8,17,9,0,32.3,16.2,38.16,,,,,,,,,,,,,,,,,,,,,,,,,,,,,,,,,,,,
2023,8,17,10,0,31.5,16.3,40.03,,,,,,,,,,,,,,,,,,,,,,,,,,,,,,,,,,,,
2023,8,17,11,0,30.8,16.4,41.9,,,,,,,,,,,,,,,,,,,,,,,,,,,,,,,,,,,,
2023,8,17,12,0,30.3,16.3,43.03,,,,,,,,,,,,,,,,,,,,,,,,,,,,,,,,,,,,
2023,8,17,13,0,31.2,16.6,41.45,,,,,,,,,,,,,,,,,,,,,,,,,,,,,,,,,,,,
2023,8,17,14,0,33.7,15.3,33.28,,,,,,,,,,,,,,,,,,,,,,,,,,,,,,,,,,,,
2023,8,17,15,0,37.2,13.2,23.96,,,,,,,,,,,,,,,,,,,,,,,,,,,,,,,,,,,,
2023,8,17,16,0,40,12.1,19.05,,,,,,,,,,,,,,,,,,,,,,,,,,,,,,,,,,,,
2023,8,17,17,0,42.2,11.2,16.04,,,,,,,,,,,,,,,,,,,,,,,,,,,,,,,,,,,,
2023,8,17,18,0,43.8,10.8,14.32,,,,,,,,,,,,,,,,,,,,,,,,,,,,,,,,,,,,
2023,8,17,19,0,44.6,10.5,13.49,,,,,,,,,,,,,,,,,,,,,,,,,,,,,,,,,,,,
2023,8,17,20,0,45,10.4,13.1,,,,,,,,,,,,,,,,,,,,,,,,,,,,,,,,,,,,
2023,8,17,21,0,45,10.2,12.92,,,,,,,,,,,,,,,,,,,,,,,,,,,,,,,,,,,,
2023,8,17,22,0,44.9,9.8,12.66,,,,,,,,,,,,,,,,,,,,,,,,,,,,,,,,,,,,
2023,8,17,23,0,44.2,9.4,12.81,,,,,,,,,,,,,,,,,,,,,,,,,,,,,,,,,,,,
2023,8,18,0,0,43.1,9.1,13.29,,,,,,,,,,,,,,,,,,,,,,,,,,,,,,,,,,,,
2023,8,18,1,0,40.5,11.6,18.03,,,,,,,,,,,,,,,,,,,,,,,,,,,,,,,,,,,,
2023,8,18,2,0,37.9,12.2,21.48,,,,,,,,,,,,,,,,,,,,,,,,,,,,,,,,,,,,
2023,8,18,3,0,37.4,11.5,21.12,,,,,,,,,,,,,,,,,,,,,,,,,,,,,,,,,,,,
2023,8,18,4,0,36.5,11,21.42,,,,,,,,,,,,,,,,,,,,,,,,,,,,,,,,,,,,
2023,8,18,5,0,35,10.8,22.98,,,,,,,,,,,,,,,,,,,,,,,,,,,,,,,,,,,,
2023,8,18,6,0,33.4,11.1,25.64,,,,,,,,,,,,,,,,,,,,,,,,,,,,,,,,,,,,
2023,8,18,7,0,31.8,11.7,29.21,,,,,,,,,,,,,,,,,,,,,,,,,,,,,,,,,,,,
2023,8,18,8,0,30.7,12.5,32.7,,,,,,,,,,,,,,,,,,,,,,,,,,,,,,,,,,,,
2023,8,18,9,0,29.9,13.6,36.82,,,,,,,,,,,,,,,,,,,,,,,,,,,,,,,,,,,,
2023,8,18,10,0,29.5,14.4,39.84,,,,,,,,,,,,,,,,,,,,,,,,,,,,,,,,,,,,
2023,8,18,11,0,29.2,14.8,41.56,,,,,,,,,,,,,,,,,,,,,,,,,,,,,,,,,,,,
2023,8,18,12,0,28.9,14.5,41.57,,,,,,,,,,,,,,,,,,,,,,,,,,,,,,,,,,,,
2023,8,18,13,0,30.1,14.2,37.9,,,,,,,,,,,,,,,,,,,,,,,,,,,,,,,,,,,,
2023,8,18,14,0,32.6,14,32.38,,,,,,,,,,,,,,,,,,,,,,,,,,,,,,,,,,,,
2023,8,18,15,0,34.9,13.5,27.63,,,,,,,,,,,,,,,,,,,,,,,,,,,,,,,,,,,,
2023,8,18,16,0,37.1,12.5,22.95,,,,,,,,,,,,,,,,,,,,,,,,,,,,,,,,,,,,
2023,8,18,17,0,39.3,11.1,18.61,,,,,,,,,,,,,,,,,,,,,,,,,,,,,,,,,,,,
2023,8,18,18,0,40.8,10.3,16.27,,,,,,,,,,,,,,,,,,,,,,,,,,,,,,,,,,,,
2023,8,18,19,0,41.7,10.3,15.45,,,,,,,,,,,,,,,,,,,,,,,,,,,,,,,,,,,,
2023,8,18,20,0,42,10.5,15.47,,,,,,,,,,,,,,,,,,,,,,,,,,,,,,,,,,,,
2023,8,18,21,0,41.9,10.6,15.67,,,,,,,,,,,,,,,,,,,,,,,,,,,,,,,,,,,,
2023,8,18,22,0,41.5,10.8,16.18,,,,,,,,,,,,,,,,,,,,,,,,,,,,,,,,,,,,
2023,8,18,23,0,40.7,11.1,17.29,,,,,,,,,,,,,,,,,,,,,,,,,,,,,,,,,,,,
2023,8,19,0,0,39.6,11.6,18.92,,,,,,,,,,,,,,,,,,,,,,,,,,,,,,,,,,,,
2023,8,19,1,0,37.9,12.5,21.97,,,,,,,,,,,,,,,,,,,,,,,,,,,,,,,,,,,,
2023,8,19,2,0,35.4,13.6,27.1,,,,,,,,,,,,,,,,,,,,,,,,,,,,,,,,,,,,
2023,8,19,3,0,34.5,14.1,29.47,,,,,,,,,,,,,,,,,,,,,,,,,,,,,,,,,,,,
2023,8,19,4,0,33.6,14.7,32.08,,,,,,,,,,,,,,,,,,,,,,,,,,,,,,,,,,,,
2023,8,19,5,0,33.1,15,33.65,,,,,,,,,,,,,,,,,,,,,,,,,,,,,,,,,,,,
2023,8,19,6,0,32.5,15.2,35.37,,,,,,,,,,,,,,,,,,,,,,,,,,,,,,,,,,,,
2023,8,19,7,0,31.7,15.6,37.79,,,,,,,,,,,,,,,,,,,,,,,,,,,,,,,,,,,,
2023,8,19,8,0,31.5,16.4,40.33,,,,,,,,,,,,,,,,,,,,,,,,,,,,,,,,,,,,
2023,8,19,9,0,30.8,17.4,44.72,,,,,,,,,,,,,,,,,,,,,,,,,,,,,,,,,,,,
2023,8,19,10,0,30,18.1,49.07,,,,,,,,,,,,,,,,,,,,,,,,,,,,,,,,,,,,
2023,8,19,11,0,29.4,18.3,51.32,,,,,,,,,,,,,,,,,,,,,,,,,,,,,,,,,,,,
2023,8,19,12,0,28.8,18.1,52.37,,,,,,,,,,,,,,,,,,,,,,,,,,,,,,,,,,,,
2023,8,19,13,0,28.9,17.7,50.71,,,,,,,,,,,,,,,,,,,,,,,,,,,,,,,,,,,,
2023,8,19,14,0,30.2,16.6,43.96,,,,,,,,,,,,,,,,,,,,,,,,,,,,,,,,,,,,
2023,8,19,15,0,31.9,16,38.53,,,,,,,,,,,,,,,,,,,,,,,,,,,,,,,,,,,,
2023,8,19,16,0,33.1,16.4,36.81,,,,,,,,,,,,,,,,,,,,,,,,,,,,,,,,,,,,
2023,8,19,17,0,34.1,16.4,34.83,,,,,,,,,,,,,,,,,,,,,,,,,,,,,,,,,,,,
2023,8,19,18,0,35.1,16.1,32.39,,,,,,,,,,,,,,,,,,,,,,,,,,,,,,,,,,,,
2023,8,19,19,0,36.2,15.8,29.89,,,,,,,,,,,,,,,,,,,,,,,,,,,,,,,,,,,,
2023,8,19,20,0,36.4,15.6,29.14,,,,,,,,,,,,,,,,,,,,,,,,,,,,,,,,,,,,
2023,8,19,21,0,36,15.6,29.74,,,,,,,,,,,,,,,,,,,,,,,,,,,,,,,,,,,,
2023,8,19,22,0,34.6,15.5,31.93,,,,,,,,,,,,,,,,,,,,,,,,,,,,,,,,,,,,
2023,8,19,23,0,33.1,15.4,34.5,,,,,,,,,,,,,,,,,,,,,,,,,,,,,,,,,,,,
2023,8,20,0,0,32,15.2,36.4,,,,,,,,,,,,,,,,,,,,,,,,,,,,,,,,,,,,
2023,8,20,1,0,30.9,15.1,38.48,,,,,,,,,,,,,,,,,,,,,,,,,,,,,,,,,,,,
2023,8,20,2,0,30,15.3,40.97,,,,,,,,,,,,,,,,,,,,,,,,,,,,,,,,,,,,
2023,8,20,3,0,29.3,15.5,43.24,,,,,,,,,,,,,,,,,,,,,,,,,,,,,,,,,,,,
2023,8,20,4,0,28.8,15.7,45.11,,,,,,,,,,,,,,,,,,,,,,,,,,,,,,,,,,,,
2023,8,20,5,0,28.3,15.9,47.09,,,,,,,,,,,,,,,,,,,,,,,,,,,,,,,,,,,,
2023,8,20,6,0,28,16.2,48.6,,,,,,,,,,,,,,,,,,,,,,,,,,,,,,,,,,,,
2023,8,20,7,0,27.6,16.4,50.6,,,,,,,,,,,,,,,,,,,,,,,,,,,,,,,,,,,,
2023,8,20,8,0,27.3,16.7,52.52,,,,,,,,,,,,,,,,,,,,,,,,,,,,,,,,,,,,
2023,8,20,9,0,27,17.2,55.04,,,,,,,,,,,,,,,,,,,,,,,,,,,,,,,,,,,,
2023,8,20,10,0,26.8,17.7,57.47,,,,,,,,,,,,,,,,,,,,,,,,,,,,,,,,,,,,
2023,8,20,11,0,26.6,18.1,59.59,,,,,,,,,,,,,,,,,,,,,,,,,,,,,,,,,,,,
2023,8,20,12,0,26.5,18.5,61.63,,,,,,,,,,,,,,,,,,,,,,,,,,,,,,,,,,,,
2023,8,20,13,0,27,19,61.6,,,,,,,,,,,,,,,,,,,,,,,,,,,,,,,,,,,,
2023,8,20,14,0,28.9,18.8,54.36,,,,,,,,,,,,,,,,,,,,,,,,,,,,,,,,,,,,
2023,8,20,15,0,32,17.7,42.57,,,,,,,,,,,,,,,,,,,,,,,,,,,,,,,,,,,,
2023,8,20,16,0,34.8,17.3,35.46,,,,,,,,,,,,,,,,,,,,,,,,,,,,,,,,,,,,
2023,8,20,17,0,36.5,17.4,32.59,,,,,,,,,,,,,,,,,,,,,,,,,,,,,,,,,,,,
2023,8,20,18,0,37.6,17.6,31.05,,,,,,,,,,,,,,,,,,,,,,,,,,,,,,,,,,,,
2023,8,20,19,0,37.8,17.8,31.13,,,,,,,,,,,,,,,,,,,,,,,,,,,,,,,,,,,,
2023,8,20,20,0,37.9,18.1,31.43,,,,,,,,,,,,,,,,,,,,,,,,,,,,,,,,,,,,
2023,8,20,21,0,38.1,18.2,31.24,,,,,,,,,,,,,,,,,,,,,,,,,,,,,,,,,,,,
2023,8,20,22,0,37.6,18.3,32.32,,,,,,,,,,,,,,,,,,,,,,,,,,,,,,,,,,,,
2023,8,20,23,0,36.4,18.4,34.81,,,,,,,,,,,,,,,,,,,,,,,,,,,,,,,,,,,,
2023,8,21,0,0,34.8,18.3,37.83,,,,,,,,,,,,,,,,,,,,,,,,,,,,,,,,,,,,
2023,8,21,1,0,33,18.1,41.22,,,,,,,,,,,,,,,,,,,,,,,,,,,,,,,,,,,,
2023,8,21,2,0,31.3,17.8,44.68,,,,,,,,,,,,,,,,,,,,,,,,,,,,,,,,,,,,
2023,8,21,3,0,30,17.9,48.28,,,,,,,,,,,,,,,,,,,,,,,,,,,,,,,,,,,,
2023,8,21,4,0,28.7,18.2,53,,,,,,,,,,,,,,,,,,,,,,,,,,,,,,,,,,,,
2023,8,21,5,0,27.7,18.5,57.2,,,,,,,,,,,,,,,,,,,,,,,,,,,,,,,,,,,,
2023,8,21,6,0,27,18.7,60.44,,,,,,,,,,,,,,,,,,,,,,,,,,,,,,,,,,,,
2023,8,21,7,0,26.5,18.9,62.95,,,,,,,,,,,,,,,,,,,,,,,,,,,,,,,,,,,,
2023,8,21,8,0,26.1,19,65.12,,,,,,,,,,,,,,,,,,,,,,,,,,,,,,,,,,,,
2023,8,21,9,0,25.6,19.1,67.55,,,,,,,,,,,,,,,,,,,,,,,,,,,,,,,,,,,,
2023,8,21,10,0,25.3,19.2,69.1,,,,,,,,,,,,,,,,,,,,,,,,,,,,,,,,,,,,
2023,8,21,11,0,25.1,19.3,70.29,,,,,,,,,,,,,,,,,,,,,,,,,,,,,,,,,,,,
2023,8,21,12,0,24.9,19.4,71.66,,,,,,,,,,,,,,,,,,,,,,,,,,,,,,,,,,,,
2023,8,21,13,0,25.2,19.5,70.81,,,,,,,,,,,,,,,,,,,,,,,,,,,,,,,,,,,,
2023,8,21,14,0,26.3,19.5,66.06,,,,,,,,,,,,,,,,,,,,,,,,,,,,,,,,,,,,
2023,8,21,15,0,28.1,19.4,59.17,,,,,,,,,,,,,,,,,,,,,,,,,,,,,,,,,,,,
2023,8,21,16,0,30.7,18.7,48.79,,,,,,,,,,,,,,,,,,,,,,,,,,,,,,,,,,,,
2023,8,21,17,0,33,17.7,40.32,,,,,,,,,,,,,,,,,,,,,,,,,,,,,,,,,,,,
2023,8,21,18,0,34.6,17.3,35.95,,,,,,,,,,,,,,,,,,,,,,,,,,,,,,,,,,,,
2023,8,21,19,0,35.5,17.2,33.85,,,,,,,,,,,,,,,,,,,,,,,,,,,,,,,,,,,,
2023,8,21,20,0,35.9,17.2,33.14,,,,,,,,,,,,,,,,,,,,,,,,,,,,,,,,,,,,
2023,8,21,21,0,35.7,17.1,33.29,,,,,,,,,,,,,,,,,,,,,,,,,,,,,,,,,,,,
2023,8,21,22,0,35.5,16.7,32.85,,,,,,,,,,,,,,,,,,,,,,,,,,,,,,,,,,,,
2023,8,21,23,0,35.1,16.3,32.72,,,,,,,,,,,,,,,,,,,,,,,,,,,,,,,,,,,,
2023,8,22,0,0,34.3,16,33.51,,,,,,,,,,,,,,,,,,,,,,,,,,,,,,,,,,,,
2023,8,22,1,0,32.8,17.1,39.29,,,,,,,,,,,,,,,,,,,,,,,,,,,,,,,,,,,,
2023,8,22,2,0,31.1,17.9,45.48,,,,,,,,,,,,,,,,,,,,,,,,,,,,,,,,,,,,
2023,8,22,3,0,30.1,18,48.33,,,,,,,,,,,,,,,,,,,,,,,,,,,,,,,,,,,,
2023,8,22,4,0,29.5,18.3,51.14,,,,,,,,,,,,,,,,,,,,,,,,,,,,,,,,,,,,
2023,8,22,5,0,28.9,18.9,54.67,,,,,,,,,,,,,,,,,,,,,,,,,,,,,,,,,,,,
2023,8,22,6,0,28.1,19,57.82,,,,,,,,,,,,,,,,,,,,,,,,,,,,,,,,,,,,
2023,8,22,7,0,27.5,19.4,61.3,,,,,,,,,,,,,,,,,,,,,,,,,,,,,,,,,,,,
2023,8,22,8,0,27.1,19.9,64.94,,,,,,,,,,,,,,,,,,,,,,,,,,,,,,,,,,,,
2023,8,22,9,0,26.9,20.3,67.05,,,,,,,,,,,,,,,,,,,,,,,,,,,,,,,,,,,,
2023,8,22,10,0,26.8,20.4,67.89,,,,,,,,,,,,,,,,,,,,,,,,,,,,,,,,,,,,
2023,8,22,11,0,26.7,20.4,68.54,,,,,,,,,,,,,,,,,,,,,,,,,,,,,,,,,,,,
2023,8,22,12,0,26.6,20.5,69.19,,,,,,,,,,,,,,,,,,,,,,,,,,,,,,,,,,,,
2023,8,22,13,0,27,20.6,68.01,,,,,,,,,,,,,,,,,,,,,,,,,,,,,,,,,,,,
2023,8,22,14,0,28.8,19.3,56.42,,,,,,,,,,,,,,,,,,,,,,,,,,,,,,,,,,,,
2023,8,22,15,0,31.7,16.9,41.2,,,,,,,,,,,,,,,,,,,,,,,,,,,,,,,,,,,,
2023,8,22,16,0,34.2,15.8,33.42,,,,,,,,,,,,,,,,,,,,,,,,,,,,,,,,,,,,
2023,8,22,17,0,36.1,15.4,29.31,,,,,,,,,,,,,,,,,,,,,,,,,,,,,,,,,,,,
2023,8,22,18,0,37.7,15,26.14,,,,,,,,,,,,,,,,,,,,,,,,,,,,,,,,,,,,
2023,8,22,19,0,38.9,14.5,23.7,,,,,,,,,,,,,,,,,,,,,,,,,,,,,,,,,,,,
2023,8,22,20,0,39.7,13.9,21.77,,,,,,,,,,,,,,,,,,,,,,,,,,,,,,,,,,,,
2023,8,22,21,0,40.1,13.1,20.25,,,,,,,,,,,,,,,,,,,,,,,,,,,,,,,,,,,,
2023,8,22,22,0,40.1,12.5,19.58,,,,,,,,,,,,,,,,,,,,,,,,,,,,,,,,,,,,
2023,8,22,23,0,39.5,12.1,19.69,,,,,,,,,,,,,,,,,,,,,,,,,,,,,,,,,,,,
2023,8,23,0,0,38.4,11.9,20.6,,,,,,,,,,,,,,,,,,,,,,,,,,,,,,,,,,,,
2023,8,23,1,0,35.4,15,29.68,,,,,,,,,,,,,,,,,,,,,,,,,,,,,,,,,,,,
2023,8,23,2,0,32.4,15.4,35.89,,,,,,,,,,,,,,,,,,,,,,,,,,,,,,,,,,,,
2023,8,23,3,0,31.4,14.9,36.75,,,,,,,,,,,,,,,,,,,,,,,,,,,,,,,,,,,,
2023,8,23,4,0,30.6,14.9,38.52,,,,,,,,,,,,,,,,,,,,,,,,,,,,,,,,,,,,
2023,8,23,5,0,30,15.1,40.44,,,,,,,,,,,,,,,,,,,,,,,,,,,,,,,,,,,,
2023,8,23,6,0,29.5,15.2,41.93,,,,,,,,,,,,,,,,,,,,,,,,,,,,,,,,,,,,
2023,8,23,7,0,29.3,15.1,42.16,,,,,,,,,,,,,,,,,,,,,,,,,,,,,,,,,,,,
2023,8,23,8,0,29,15.3,43.5,,,,,,,,,,,,,,,,,,,,,,,,,,,,,,,,,,,,
2023,8,23,9,0,28.6,15.6,45.4,,,,,,,,,,,,,,,,,,,,,,,,,,,,,,,,,,,,
2023,8,23,10,0,28.2,15.7,46.64,,,,,,,,,,,,,,,,,,,,,,,,,,,,,,,,,,,,
2023,8,23,11,0,28.1,15.8,47.15,,,,,,,,,,,,,,,,,,,,,,,,,,,,,,,,,,,,
2023,8,23,12,0,27.9,15.8,47.82,,,,,,,,,,,,,,,,,,,,,,,,,,,,,,,,,,,,
2023,8,23,13,0,29,15.9,45.06,,,,,,,,,,,,,,,,,,,,,,,,,,,,,,,,,,,,
2023,8,23,14,0,31.4,15.1,37.25,,,,,,,,,,,,,,,,,,,,,,,,,,,,,,,,,,,,
2023,8,23,15,0,33.8,14.2,30.71,,,,,,,,,,,,,,,,,,,,,,,,,,,,,,,,,,,,
2023,8,23,16,0,36,13.6,26.26,,,,,,,,,,,,,,,,,,,,,,,,,,,,,,,,,,,,
2023,8,23,17,0,38.2,13.1,22.46,,,,,,,,,,,,,,,,,,,,,,,,,,,,,,,,,,,,
2023,8,23,18,0,39.9,12.4,19.59,,,,,,,,,,,,,,,,,,,,,,,,,,,,,,,,,,,,
2023,8,23,19,0,40.8,11.7,17.79,,,,,,,,,,,,,,,,,,,,,,,,,,,,,,,,,,,,
2023,8,23,20,0,40.6,11.1,17.3,,,,,,,,,,,,,,,,,,,,,,,,,,,,,,,,,,,,
2023,8,23,21,0,39.8,10.7,17.58,,,,,,,,,,,,,,,,,,,,,,,,,,,,,,,,,,,,
2023,8,23,22,0,39.2,10.5,17.93,,,,,,,,,,,,,,,,,,,,,,,,,,,,,,,,,,,,
2023,8,23,23,0,38.5,10.4,18.57,,,,,,,,,,,,,,,,,,,,,,,,,,,,,,,,,,,,
2023,8,24,0,0,37.4,12,21.81,,,,,,,,,,,,,,,,,,,,,,,,,,,,,,,,,,,,
2023,8,24,1,0,34.9,15.7,31.94,,,,,,,,,,,,,,,,,,,,,,,,,,,,,,,,,,,,
2023,8,24,2,0,32.8,14.6,33.38,,,,,,,,,,,,,,,,,,,,,,,,,,,,,,,,,,,,
2023,8,24,3,0,32.3,14.7,34.53,,,,,,,,,,,,,,,,,,,,,,,,,,,,,,,,,,,,
2023,8,24,4,0,31.7,15.7,38.18,,,,,,,,,,,,,,,,,,,,,,,,,,,,,,,,,,,,
2023,8,24,5,0,30.9,16.4,41.64,,,,,,,,,,,,,,,,,,,,,,,,,,,,,,,,,,,,
2023,8,24,6,0,30.3,16.5,43.58,,,,,,,,,,,,,,,,,,,,,,,,,,,,,,,,,,,,
2023,8,24,7,0,29.8,16.4,44.54,,,,,,,,,,,,,,,,,,,,,,,,,,,,,,,,,,,,
2023,8,24,8,0,29.4,16.2,44.88,,,,,,,,,,,,,,,,,,,,,,,,,,,,,,,,,,,,
2023,8,24,9,0,29.1,16,45.12,,,,,,,,,,,,,,,,,,,,,,,,,,,,,,,,,,,,
2023,8,24,10,0,28.9,16,45.68,,,,,,,,,,,,,,,,,,,,,,,,,,,,,,,,,,,,
2023,8,24,11,0,28.5,16.3,47.47,,,,,,,,,,,,,,,,,,,,,,,,,,,,,,,,,,,,
2023,8,24,12,0,28.2,16.5,49.16,,,,,,,,,,,,,,,,,,,,,,,,,,,,,,,,,,,,
2023,8,24,13,0,28.6,16.5,48.07,,,,,,,,,,,,,,,,,,,,,,,,,,,,,,,,,,,,
2023,8,24,14,0,30.5,15.7,40.87,,,,,,,,,,,,,,,,,,,,,,,,,,,,,,,,,,,,
2023,8,24,15,0,32.9,14.2,32.38,,,,,,,,,,,,,,,,,,,,,,,,,,,,,,,,,,,,
2023,8,24,16,0,35,13.6,27.74,,,,,,,,,,,,,,,,,,,,,,,,,,,,,,,,,,,,
2023,8,24,17,0,36.8,13.5,24.87,,,,,,,,,,,,,,,,,,,,,,,,,,,,,,,,,,,,
2023,8,24,18,0,38.4,13.3,22.53,,,,,,,,,,,,,,,,,,,,,,,,,,,,,,,,,,,,
2023,8,24,19,0,39.6,13,20.78,,,,,,,,,,,,,,,,,,,,,,,,,,,,,,,,,,,,
2023,8,24,20,0,40.4,12.8,19.61,,,,,,,,,,,,,,,,,,,,,,,,,,,,,,,,,,,,
2023,8,24,21,0,40.9,12.8,19.1,,,,,,,,,,,,,,,,,,,,,,,,,,,,,,,,,,,,
2023,8,24,22,0,40.8,13,19.4,,,,,,,,,,,,,,,,,,,,,,,,,,,,,,,,,,,,
2023,8,24,23,0,40.4,13.2,20.07,,,,,,,,,,,,,,,,,,,,,,,,,,,,,,,,,,,,
2023,8,25,0,0,39.4,13.5,21.56,,,,,,,,,,,,,,,,,,,,,,,,,,,,,,,,,,,,
2023,8,25,1,0,37.5,16,28.11,,,,,,,,,,,,,,,,,,,,,,,,,,,,,,,,,,,,
2023,8,25,2,0,35.8,16,30.89,,,,,,,,,,,,,,,,,,,,,,,,,,,,,,,,,,,,
2023,8,25,3,0,35.2,15.7,31.4,,,,,,,,,,,,,,,,,,,,,,,,,,,,,,,,,,,,
2023,8,25,4,0,34.6,15.6,32.23,,,,,,,,,,,,,,,,,,,,,,,,,,,,,,,,,,,,
2023,8,25,5,0,33.8,15.5,33.52,,,,,,,,,,,,,,,,,,,,,,,,,,,,,,,,,,,,
2023,8,25,6,0,32.8,15.4,35.04,,,,,,,,,,,,,,,,,,,,,,,,,,,,,,,,,,,,
2023,8,25,7,0,31.9,15.2,36.43,,,,,,,,,,,,,,,,,,,,,,,,,,,,,,,,,,,,
2023,8,25,8,0,31.1,15.1,37.99,,,,,,,,,,,,,,,,,,,,,,,,,,,,,,,,,,,,
2023,8,25,9,0,30.6,15.2,39.26,,,,,,,,,,,,,,,,,,,,,,,,,,,,,,,,,,,,
2023,8,25,10,0,30.2,15.3,40.6,,,,,,,,,,,,,,,,,,,,,,,,,,,,,,,,,,,,
2023,8,25,11,0,29.8,15.7,42.63,,,,,,,,,,,,,,,,,,,,,,,,,,,,,,,,,,,,
2023,8,25,12,0,29.2,15.7,43.96,,,,,,,,,,,,,,,,,,,,,,,,,,,,,,,,,,,,
2023,8,25,13,0,30.2,15.8,41.89,,,,,,,,,,,,,,,,,,,,,,,,,,,,,,,,,,,,
2023,8,25,14,0,33.3,15.5,34.49,,,,,,,,,,,,,,,,,,,,,,,,,,,,,,,,,,,,
2023,8,25,15,0,37.1,15.5,27.89,,,,,,,,,,,,,,,,,,,,,,,,,,,,,,,,,,,,
2023,8,25,16,0,39.6,15.4,24.14,,,,,,,,,,,,,,,,,,,,,,,,,,,,,,,,,,,,
2023,8,25,17,0,41.2,14.9,21.55,,,,,,,,,,,,,,,,,,,,,,,,,,,,,,,,,,,,
2023,8,25,18,0,42.4,14.5,19.63,,,,,,,,,,,,,,,,,,,,,,,,,,,,,,,,,,,,
2023,8,25,19,0,43.3,14,18.17,,,,,,,,,,,,,,,,,,,,,,,,,,,,,,,,,,,,
2023,8,25,20,0,43.9,13.6,17.17,,,,,,,,,,,,,,,,,,,,,,,,,,,,,,,,,,,,
2023,8,25,21,0,44.1,13.2,16.59,,,,,,,,,,,,,,,,,,,,,,,,,,,,,,,,,,,,
2023,8,25,22,0,44,12.7,16.13,,,,,,,,,,,,,,,,,,,,,,,,,,,,,,,,,,,,
2023,8,25,23,0,43.4,12.1,15.95,,,,,,,,,,,,,,,,,,,,,,,,,,,,,,,,,,,,
2023,8,26,0,0,42.3,11.4,16.15,,,,,,,,,,,,,,,,,,,,,,,,,,,,,,,,,,,,
2023,8,26,1,0,39.2,13.4,21.73,,,,,,,,,,,,,,,,,,,,,,,,,,,,,,,,,,,,
2023,8,26,2,0,36.2,13,24.94,,,,,,,,,,,,,,,,,,,,,,,,,,,,,,,,,,,,
2023,8,26,3,0,35.1,12.3,25.27,,,,,,,,,,,,,,,,,,,,,,,,,,,,,,,,,,,,
2023,8,26,4,0,34.1,11.7,25.62,,,,,,,,,,,,,,,,,,,,,,,,,,,,,,,,,,,,
2023,8,26,5,0,33.3,11.3,26.09,,,,,,,,,,,,,,,,,,,,,,,,,,,,,,,,,,,,
2023,8,26,6,0,32.6,11,26.68,,,,,,,,,,,,,,,,,,,,,,,,,,,,,,,,,,,,
2023,8,26,7,0,32.5,10.9,26.67,,,,,,,,,,,,,,,,,,,,,,,,,,,,,,,,,,,,
2023,8,26,8,0,32,11.1,27.75,,,,,,,,,,,,,,,,,,,,,,,,,,,,,,,,,,,,
2023,8,26,9,0,31.1,11.4,29.82,,,,,,,,,,,,,,,,,,,,,,,,,,,,,,,,,,,,
2023,8,26,10,0,30.5,11.6,31.22,,,,,,,,,,,,,,,,,,,,,,,,,,,,,,,,,,,,
2023,8,26,11,0,30.3,11.7,31.86,,,,,,,,,,,,,,,,,,,,,,,,,,,,,,,,,,,,
2023,8,26,12,0,30,12.5,34.05,,,,,,,,,,,,,,,,,,,,,,,,,,,,,,,,,,,,
2023,8,26,13,0,30.6,14.1,36.74,,,,,,,,,,,,,,,,,,,,,,,,,,,,,,,,,,,,
2023,8,26,14,0,33,15.8,35.63,,,,,,,,,,,,,,,,,,,,,,,,,,,,,,,,,,,,
2023,8,26,15,0,35.7,16.7,32.41,,,,,,,,,,,,,,,,,,,,,,,,,,,,,,,,,,,,
2023,8,26,16,0,38.1,16.4,27.89,,,,,,,,,,,,,,,,,,,,,,,,,,,,,,,,,,,,
2023,8,26,17,0,40.2,15.7,23.91,,,,,,,,,,,,,,,,,,,,,,,,,,,,,,,,,,,,
2023,8,26,18,0,41.8,14.9,20.9,,,,,,,,,,,,,,,,,,,,,,,,,,,,,,,,,,,,
2023,8,26,19,0,43.1,14.1,18.47,,,,,,,,,,,,,,,,,,,,,,,,,,,,,,,,,,,,
2023,8,26,20,0,43.9,13.3,16.84,,,,,,,,,,,,,,,,,,,,,,,,,,,,,,,,,,,,
2023,8,26,21,0,44.3,12.9,16.04,,,,,,,,,,,,,,,,,,,,,,,,,,,,,,,,,,,,
2023,8,26,22,0,44.3,12.7,15.84,,,,,,,,,,,,,,,,,,,,,,,,,,,,,,,,,,,,
2023,8,26,23,0,43.8,12.5,16.08,,,,,,,,,,,,,,,,,,,,,,,,,,,,,,,,,,,,
2023,8,27,0,0,42.8,12.4,16.84,,,,,,,,,,,,,,,,,,,,,,,,,,,,,,,,,,,,
2023,8,27,1,0,40.4,14.7,22.11,,,,,,,,,,,,,,,,,,,,,,,,,,,,,,,,,,,,
2023,8,27,2,0,38.1,14.4,24.61,,,,,,,,,,,,,,,,,,,,,,,,,,,,,,,,,,,,
2023,8,27,3,0,36.8,14.3,26.23,,,,,,,,,,,,,,,,,,,,,,,,,,,,,,,,,,,,
2023,8,27,4,0,35.5,14.6,28.63,,,,,,,,,,,,,,,,,,,,,,,,,,,,,,,,,,,,
2023,8,27,5,0,34.8,15.5,31.66,,,,,,,,,,,,,,,,,,,,,,,,,,,,,,,,,,,,
2023,8,27,6,0,34,17.3,37.13,,,,,,,,,,,,,,,,,,,,,,,,,,,,,,,,,,,,
2023,8,27,7,0,33.1,18.9,43.26,,,,,,,,,,,,,,,,,,,,,,,,,,,,,,,,,,,,
2023,8,27,8,0,32.1,20.1,49.07,,,,,,,,,,,,,,,,,,,,,,,,,,,,,,,,,,,,
2023,8,27,9,0,31.5,20.5,52.04,,,,,,,,,,,,,,,,,,,,,,,,,,,,,,,,,,,,
2023,8,27,10,0,31.2,20.3,52.45,,,,,,,,,,,,,,,,,,,,,,,,,,,,,,,,,,,,
2023,8,27,11,0,30.9,20,52.37,,,,,,,,,,,,,,,,,,,,,,,,,,,,,,,,,,,,
2023,8,27,12,0,30.7,19.6,51.74,,,,,,,,,,,,,,,,,,,,,,,,,,,,,,,,,,,,
2023,8,27,13,0,31.3,19.2,48.59,,,,,,,,,,,,,,,,,,,,,,,,,,,,,,,,,,,,
2023,8,27,14,0,34.1,18.1,38.71,,,,,,,,,,,,,,,,,,,,,,,,,,,,,,,,,,,,
2023,8,27,15,0,37.4,16.1,28.53,,,,,,,,,,,,,,,,,,,,,,,,,,,,,,,,,,,,
2023,8,27,16,0,39.9,14.9,23.11,,,,,,,,,,,,,,,,,,,,,,,,,,,,,,,,,,,,
2023,8,27,17,0,41.8,14.3,20.03,,,,,,,,,,,,,,,,,,,,,,,,,,,,,,,,,,,,
2023,8,27,18,0,43.3,13.7,17.87,,,,,,,,,,,,,,,,,,,,,,,,,,,,,,,,,,,,
2023,8,27,19,0,44.4,13.4,16.48,,,,,,,,,,,,,,,,,,,,,,,,,,,,,,,,,,,,
2023,8,27,20,0,45.1,13.2,15.68,,,,,,,,,,,,,,,,,,,,,,,,,,,,,,,,,,,,
2023,8,27,21,0,45.4,13.1,15.32,,,,,,,,,,,,,,,,,,,,,,,,,,,,,,,,,,,,
2023,8,27,22,0,45.3,13.1,15.44,,,,,,,,,,,,,,,,,,,,,,,,,,,,,,,,,,,,
2023,8,27,23,0,44.5,13.2,16.16,,,,,,,,,,,,,,,,,,,,,,,,,,,,,,,,,,,,
2023,8,28,0,0,43.4,13.3,17.27,,,,,,,,,,,,,,,,,,,,,,,,,,,,,,,,,,,,
2023,8,28,1,0,41.5,15.6,22.1,,,,,,,,,,,,,,,,,,,,,,,,,,,,,,,,,,,,
2023,8,28,2,0,39.7,15.9,24.82,,,,,,,,,,,,,,,,,,,,,,,,,,,,,,,,,,,,
2023,8,28,3,0,38.7,16.1,26.56,,,,,,,,,,,,,,,,,,,,,,,,,,,,,,,,,,,,
2023,8,28,4,0,37.7,16.1,28.09,,,,,,,,,,,,,,,,,,,,,,,,,,,,,,,,,,,,
2023,8,28,5,0,36.7,15.9,29.27,,,,,,,,,,,,,,,,,,,,,,,,,,,,,,,,,,,,
2023,8,28,6,0,35.7,15.8,30.61,,,,,,,,,,,,,,,,,,,,,,,,,,,,,,,,,,,,
2023,8,28,7,0,34.6,15.5,32.09,,,,,,,,,,,,,,,,,,,,,,,,,,,,,,,,,,,,
2023,8,28,8,0,33.4,15.4,33.96,,,,,,,,,,,,,,,,,,,,,,,,,,,,,,,,,,,,
2023,8,28,9,0,32.5,15.1,35.16,,,,,,,,,,,,,,,,,,,,,,,,,,,,,,,,,,,,
2023,8,28,10,0,31.9,14.8,35.49,,,,,,,,,,,,,,,,,,,,,,,,,,,,,,,,,,,,
2023,8,28,11,0,31.4,14.5,35.83,,,,,,,,,,,,,,,,,,,,,,,,,,,,,,,,,,,,
2023,8,28,12,0,31,14.2,35.96,,,,,,,,,,,,,,,,,,,,,,,,,,,,,,,,,,,,
2023,8,28,13,0,32.1,13.9,33.25,,,,,,,,,,,,,,,,,,,,,,,,,,,,,,,,,,,,
2023,8,28,14,0,35.3,13.3,26.65,,,,,,,,,,,,,,,,,,,,,,,,,,,,,,,,,,,,
2023,8,28,15,0,39.1,11.9,19.76,,,,,,,,,,,,,,,,,,,,,,,,,,,,,,,,,,,,
2023,8,28,16,0,41.9,11.3,16.42,,,,,,,,,,,,,,,,,,,,,,,,,,,,,,,,,,,,
2023,8,28,17,0,43.9,11.3,14.76,,,,,,,,,,,,,,,,,,,,,,,,,,,,,,,,,,,,
2023,8,28,18,0,45.3,11.5,13.91,,,,,,,,,,,,,,,,,,,,,,,,,,,,,,,,,,,,
2023,8,28,19,0,46.3,11.7,13.35,,,,,,,,,,,,,,,,,,,,,,,,,,,,,,,,,,,,
2023,8,28,20,0,46.8,11.8,13.13,,,,,,,,,,,,,,,,,,,,,,,,,,,,,,,,,,,,
2023,8,28,21,0,47,11.8,13.04,,,,,,,,,,,,,,,,,,,,,,,,,,,,,,,,,,,,
2023,8,28,22,0,46.7,11.7,13.09,,,,,,,,,,,,,,,,,,,,,,,,,,,,,,,,,,,,
2023,8,28,23,0,46,11.4,13.33,,,,,,,,,,,,,,,,,,,,,,,,,,,,,,,,,,,,
2023,8,29,0,0,44.8,11.2,13.97,,,,,,,,,,,,,,,,,,,,,,,,,,,,,,,,,,,,
2023,8,29,1,0,41.7,13.2,18.77,,,,,,,,,,,,,,,,,,,,,,,,,,,,,,,,,,,,
2023,8,29,2,0,39.1,13.5,21.96,,,,,,,,,,,,,,,,,,,,,,,,,,,,,,,,,,,,
2023,8,29,3,0,38.8,13.4,22.18,,,,,,,,,,,,,,,,,,,,,,,,,,,,,,,,,,,,
2023,8,29,4,0,38.6,13.1,22.03,,,,,,,,,,,,,,,,,,,,,,,,,,,,,,,,,,,,
2023,8,29,5,0,38.1,12.9,22.25,,,,,,,,,,,,,,,,,,,,,,,,,,,,,,,,,,,,
2023,8,29,6,0,37.2,12.7,23.11,,,,,,,,,,,,,,,,,,,,,,,,,,,,,,,,,,,,
2023,8,29,7,0,36.1,12.6,24.45,,,,,,,,,,,,,,,,,,,,,,,,,,,,,,,,,,,,
2023,8,29,8,0,34.8,13,26.92,,,,,,,,,,,,,,,,,,,,,,,,,,,,,,,,,,,,
2023,8,29,9,0,33.5,14,30.97,,,,,,,,,,,,,,,,,,,,,,,,,,,,,,,,,,,,
2023,8,29,10,0,32.1,14.9,35.36,,,,,,,,,,,,,,,,,,,,,,,,,,,,,,,,,,,,
2023,8,29,11,0,31,15.1,38.28,,,,,,,,,,,,,,,,,,,,,,,,,,,,,,,,,,,,
2023,8,29,12,0,30.3,14.7,38.84,,,,,,,,,,,,,,,,,,,,,,,,,,,,,,,,,,,,
2023,8,29,13,0,31,14.5,36.82,,,,,,,,,,,,,,,,,,,,,,,,,,,,,,,,,,,,
2023,8,29,14,0,34.1,13.9,29.65,,,,,,,,,,,,,,,,,,,,,,,,,,,,,,,,,,,,
2023,8,29,15,0,37.6,12.8,22.84,,,,,,,,,,,,,,,,,,,,,,,,,,,,,,,,,,,,
2023,8,29,16,0,40.5,12.3,18.88,,,,,,,,,,,,,,,,,,,,,,,,,,,,,,,,,,,,
2023,8,29,17,0,42.7,11.9,16.37,,,,,,,,,,,,,,,,,,,,,,,,,,,,,,,,,,,,
2023,8,29,18,0,44.3,11.3,14.43,,,,,,,,,,,,,,,,,,,,,,,,,,,,,,,,,,,,
2023,8,29,19,0,45.5,10.5,12.88,,,,,,,,,,,,,,,,,,,,,,,,,,,,,,,,,,,,
2023,8,29,20,0,46.2,9.7,11.81,,,,,,,,,,,,,,,,,,,,,,,,,,,,,,,,,,,,
2023,8,29,21,0,46.4,9.1,11.2,,,,,,,,,,,,,,,,,,,,,,,,,,,,,,,,,,,,
2023,8,29,22,0,46.2,8.4,10.79,,,,,,,,,,,,,,,,,,,,,,,,,,,,,,,,,,,,
2023,8,29,23,0,45.6,7.7,10.59,,,,,,,,,,,,,,,,,,,,,,,,,,,,,,,,,,,,
2023,8,30,0,0,44.4,7,10.79,,,,,,,,,,,,,,,,,,,,,,,,,,,,,,,,,,,,
2023,8,30,1,0,40.9,9.2,15.05,,,,,,,,,,,,,,,,,,,,,,,,,,,,,,,,,,,,
2023,8,30,2,0,38.5,8.7,16.5,,,,,,,,,,,,,,,,,,,,,,,,,,,,,,,,,,,,
2023,8,30,3,0,37.7,8.2,16.68,,,,,,,,,,,,,,,,,,,,,,,,,,,,,,,,,,,,
2023,8,30,4,0,36.6,8.1,17.58,,,,,,,,,,,,,,,,,,,,,,,,,,,,,,,,,,,,
2023,8,30,5,0,35.4,8.5,19.35,,,,,,,,,,,,,,,,,,,,,,,,,,,,,,,,,,,,
2023,8,30,6,0,34.4,9.3,21.48,,,,,,,,,,,,,,,,,,,,,,,,,,,,,,,,,,,,
2023,8,30,7,0,33.8,9.8,23.06,,,,,,,,,,,,,,,,,,,,,,,,,,,,,,,,,,,,
2023,8,30,8,0,33.8,10.2,23.72,,,,,,,,,,,,,,,,,,,,,,,,,,,,,,,,,,,,
2023,8,30,9,0,32.8,10.5,25.52,,,,,,,,,,,,,,,,,,,,,,,,,,,,,,,,,,,,
2023,8,30,10,0,31.3,11.1,28.98,,,,,,,,,,,,,,,,,,,,,,,,,,,,,,,,,,,,
2023,8,30,11,0,30.3,12.2,33.01,,,,,,,,,,,,,,,,,,,,,,,,,,,,,,,,,,,,
2023,8,30,12,0,29.8,13.4,36.56,,,,,,,,,,,,,,,,,,,,,,,,,,,,,,,,,,,,
2023,8,30,13,0,30.6,14.1,36.58,,,,,,,,,,,,,,,,,,,,,,,,,,,,,,,,,,,,
2023,8,30,14,0,34,14.1,30.26,,,,,,,,,,,,,,,,,,,,,,,,,,,,,,,,,,,,
2023,8,30,15,0,36.8,14.4,26.42,,,,,,,,,,,,,,,,,,,,,,,,,,,,,,,,,,,,
2023,8,30,16,0,38.9,14.7,24,,,,,,,,,,,,,,,,,,,,,,,,,,,,,,,,,,,,
2023,8,30,17,0,40.7,14.6,21.72,,,,,,,,,,,,,,,,,,,,,,,,,,,,,,,,,,,,
2023,8,30,18,0,42.3,14.3,19.56,,,,,,,,,,,,,,,,,,,,,,,,,,,,,,,,,,,,
2023,8,30,19,0,43.5,13.9,17.88,,,,,,,,,,,,,,,,,,,,,,,,,,,,,,,,,,,,
2023,8,30,20,0,44.4,13.5,16.63,,,,,,,,,,,,,,,,,,,,,,,,,,,,,,,,,,,,
2023,8,30,21,0,44.8,13.1,15.87,,,,,,,,,,,,,,,,,,,,,,,,,,,,,,,,,,,,
2023,8,30,22,0,44.8,12.4,15.19,,,,,,,,,,,,,,,,,,,,,,,,,,,,,,,,,,,,
2023,8,30,23,0,44.2,11.6,14.82,,,,,,,,,,,,,,,,,,,,,,,,,,,,,,,,,,,,
2023,8,31,0,0,43.1,10.7,14.78,,,,,,,,,,,,,,,,,,,,,,,,,,,,,,,,,,,,
2023,8,31,1,0,39.9,10.7,17.56,,,,,,,,,,,,,,,,,,,,,,,,,,,,,,,,,,,,
2023,8,31,2,0,36.7,10.8,20.91,,,,,,,,,,,,,,,,,,,,,,,,,,,,,,,,,,,,
2023,8,31,3,0,35.6,10.7,22.19,,,,,,,,,,,,,,,,,,,,,,,,,,,,,,,,,,,,
2023,8,31,4,0,34.7,11.1,23.93,,,,,,,,,,,,,,,,,,,,,,,,,,,,,,,,,,,,
2023,8,31,5,0,33.8,11.8,26.38,,,,,,,,,,,,,,,,,,,,,,,,,,,,,,,,,,,,
2023,8,31,6,0,32.9,12.5,29.03,,,,,,,,,,,,,,,,,,,,,,,,,,,,,,,,,,,,
2023,8,31,7,0,32.3,13.3,31.51,,,,,,,,,,,,,,,,,,,,,,,,,,,,,,,,,,,,
2023,8,31,8,0,31.8,14,33.94,,,,,,,,,,,,,,,,,,,,,,,,,,,,,,,,,,,,
2023,8,31,9,0,31.6,14.6,35.72,,,,,,,,,,,,,,,,,,,,,,,,,,,,,,,,,,,,
2023,8,31,10,0,31.2,15,37.58,,,,,,,,,,,,,,,,,,,,,,,,,,,,,,,,,,,,
2023,8,31,11,0,30.9,15.4,39.25,,,,,,,,,,,,,,,,,,,,,,,,,,,,,,,,,,,,
2023,8,31,12,0,30.6,15.6,40.47,,,,,,,,,,,,,,,,,,,,,,,,,,,,,,,,,,,,
2023,8,31,13,0,30.9,15.8,40.18,,,,,,,,,,,,,,,,,,,,,,,,,,,,,,,,,,,,
2023,8,31,14,0,33.3,15,33.38,,,,,,,,,,,,,,,,,,,,,,,,,,,,,,,,,,,,
2023,8,31,15,0,36,13.3,25.62,,,,,,,,,,,,,,,,,,,,,,,,,,,,,,,,,,,,
2023,8,31,16,0,38.3,12.4,21.41,,,,,,,,,,,,,,,,,,,,,,,,,,,,,,,,,,,,
2023,8,31,17,0,40.2,12.4,19.27,,,,,,,,,,,,,,,,,,,,,,,,,,,,,,,,,,,,
2023,8,31,18,0,41.7,12.7,18.12,,,,,,,,,,,,,,,,,,,,,,,,,,,,,,,,,,,,
2023,8,31,19,0,42.6,13,17.71,,,,,,,,,,,,,,,,,,,,,,,,,,,,,,,,,,,,
2023,8,31,20,0,43,13.4,17.75,,,,,,,,,,,,,,,,,,,,,,,,,,,,,,,,,,,,
2023,8,31,21,0,42.8,13.6,18.12,,,,,,,,,,,,,,,,,,,,,,,,,,,,,,,,,,,,
2023,8,31,22,0,42.2,13.5,18.7,,,,,,,,,,,,,,,,,,,,,,,,,,,,,,,,,,,,
2023,8,31,23,0,41.1,13.5,19.8,,,,,,,,,,,,,,,,,,,,,,,,,,,,,,,,,,,,
2023,9,1,0,0,39.3,13.6,21.89,,,,,,,,,,,,,,,,,,,,,,,,,,,,,,,,,,,,
2023,9,1,1,0,37,14.1,25.54,,,,,,,,,,,,,,,,,,,,,,,,,,,,,,,,,,,,
2023,9,1,2,0,34.8,14.5,29.69,,,,,,,,,,,,,,,,,,,,,,,,,,,,,,,,,,,,
2023,9,1,3,0,33.4,15,33.23,,,,,,,,,,,,,,,,,,,,,,,,,,,,,,,,,,,,
2023,9,1,4,0,32.7,15.8,36.22,,,,,,,,,,,,,,,,,,,,,,,,,,,,,,,,,,,,
2023,9,1,5,0,32.1,17.1,40.7,,,,,,,,,,,,,,,,,,,,,,,,,,,,,,,,,,,,
2023,9,1,6,0,31.4,18.6,46.54,,,,,,,,,,,,,,,,,,,,,,,,,,,,,,,,,,,,
2023,9,1,7,0,30.1,19.9,54.55,,,,,,,,,,,,,,,,,,,,,,,,,,,,,,,,,,,,
2023,9,1,8,0,28.2,21.5,67.2,,,,,,,,,,,,,,,,,,,,,,,,,,,,,,,,,,,,
2023,9,1,9,0,27.1,22.4,75.62,,,,,,,,,,,,,,,,,,,,,,,,,,,,,,,,,,,,
2023,9,1,10,0,27,22.7,77.55,,,,,,,,,,,,,,,,,,,,,,,,,,,,,,,,,,,,
2023,9,1,11,0,27,22.8,77.67,,,,,,,,,,,,,,,,,,,,,,,,,,,,,,,,,,,,
2023,9,1,12,0,26.8,22.4,76.72,,,,,,,,,,,,,,,,,,,,,,,,,,,,,,,,,,,,
2023,9,1,13,0,26.9,21.7,73.14,,,,,,,,,,,,,,,,,,,,,,,,,,,,,,,,,,,,
2023,9,1,14,0,27.8,21,66.74,,,,,,,,,,,,,,,,,,,,,,,,,,,,,,,,,,,,
2023,9,1,15,0,29.1,21.1,62.08,,,,,,,,,,,,,,,,,,,,,,,,,,,,,,,,,,,,
2023,9,1,16,0,30,20.9,58.39,,,,,,,,,,,,,,,,,,,,,,,,,,,,,,,,,,,,
2023,9,1,17,0,30.6,20.6,55.19,,,,,,,,,,,,,,,,,,,,,,,,,,,,,,,,,,,,
2023,9,1,18,0,31.4,20.3,51.88,,,,,,,,,,,,,,,,,,,,,,,,,,,,,,,,,,,,
2023,9,1,19,0,32.4,20,48.04,,,,,,,,,,,,,,,,,,,,,,,,,,,,,,,,,,,,
2023,9,1,20,0,33,19.3,44.52,,,,,,,,,,,,,,,,,,,,,,,,,,,,,,,,,,,,
2023,9,1,21,0,32.9,18.5,42.41,,,,,,,,,,,,,,,,,,,,,,,,,,,,,,,,,,,,
2023,9,1,22,0,32.7,17.7,41.04,,,,,,,,,,,,,,,,,,,,,,,,,,,,,,,,,,,,
2023,9,1,23,0,32.4,17.4,40.91,,,,,,,,,,,,,,,,,,,,,,,,,,,,,,,,,,,,
2023,9,2,0,0,31.6,17.4,42.83,,,,,,,,,,,,,,,,,,,,,,,,,,,,,,,,,,,,
2023,9,2,1,0,30.2,19.2,51.67,,,,,,,,,,,,,,,,,,,,,,,,,,,,,,,,,,,,
2023,9,2,2,0,29,20.5,60.26,,,,,,,,,,,,,,,,,,,,,,,,,,,,,,,,,,,,
2023,9,2,3,0,28.6,20,59.59,,,,,,,,,,,,,,,,,,,,,,,,,,,,,,,,,,,,
2023,9,2,4,0,28,19.9,61.58,,,,,,,,,,,,,,,,,,,,,,,,,,,,,,,,,,,,
2023,9,2,5,0,27.5,19.8,62.8,,,,,,,,,,,,,,,,,,,,,,,,,,,,,,,,,,,,
2023,9,2,6,0,27.2,20,64.76,,,,,,,,,,,,,,,,,,,,,,,,,,,,,,,,,,,,
2023,9,2,7,0,27.1,19.8,64.39,,,,,,,,,,,,,,,,,,,,,,,,,,,,,,,,,,,,
2023,9,2,8,0,27,19.3,62.91,,,,,,,,,,,,,,,,,,,,,,,,,,,,,,,,,,,,
2023,9,2,9,0,26.9,19.5,63.9,,,,,,,,,,,,,,,,,,,,,,,,,,,,,,,,,,,,
2023,9,2,10,0,26.7,19.8,65.71,,,,,,,,,,,,,,,,,,,,,,,,,,,,,,,,,,,,
2023,9,2,11,0,26.4,19.9,67.45,,,,,,,,,,,,,,,,,,,,,,,,,,,,,,,,,,,,
2023,9,2,12,0,26.1,19.9,68.85,,,,,,,,,,,,,,,,,,,,,,,,,,,,,,,,,,,,
2023,9,2,13,0,26.2,20.1,68.97,,,,,,,,,,,,,,,,,,,,,,,,,,,,,,,,,,,,
2023,9,2,14,0,27.8,19.6,61.07,,,,,,,,,,,,,,,,,,,,,,,,,,,,,,,,,,,,
2023,9,2,15,0,29.7,19.5,54.19,,,,,,,,,,,,,,,,,,,,,,,,,,,,,,,,,,,,
2023,9,2,16,0,31.5,19.8,49.92,,,,,,,,,,,,,,,,,,,,,,,,,,,,,,,,,,,,
2023,9,2,17,0,32.9,20,46.61,,,,,,,,,,,,,,,,,,,,,,,,,,,,,,,,,,,,
2023,9,2,18,0,34,19.9,43.77,,,,,,,,,,,,,,,,,,,,,,,,,,,,,,,,,,,,
2023,9,2,19,0,35,19.8,41.03,,,,,,,,,,,,,,,,,,,,,,,,,,,,,,,,,,,,
2023,9,2,20,0,35.6,19.7,39.32,,,,,,,,,,,,,,,,,,,,,,,,,,,,,,,,,,,,
2023,9,2,21,0,35.9,19.5,38.24,,,,,,,,,,,,,,,,,,,,,,,,,,,,,,,,,,,,
2023,9,2,22,0,35.7,19.2,38.05,,,,,,,,,,,,,,,,,,,,,,,,,,,,,,,,,,,,
2023,9,2,23,0,35.2,19,38.58,,,,,,,,,,,,,,,,,,,,,,,,,,,,,,,,,,,,
2023,9,3,0,0,34.3,18.9,40.24,,,,,,,,,,,,,,,,,,,,,,,,,,,,,,,,,,,,
2023,9,3,1,0,32.5,19.9,47.57,,,,,,,,,,,,,,,,,,,,,,,,,,,,,,,,,,,,
2023,9,3,2,0,30.7,20.6,55.03,,,,,,,,,,,,,,,,,,,,,,,,,,,,,,,,,,,,
2023,9,3,3,0,29.9,20.5,57.04,,,,,,,,,,,,,,,,,,,,,,,,,,,,,,,,,,,,
2023,9,3,4,0,29.2,20.5,59.61,,,,,,,,,,,,,,,,,,,,,,,,,,,,,,,,,,,,
2023,9,3,5,0,28.6,20.6,62.02,,,,,,,,,,,,,,,,,,,,,,,,,,,,,,,,,,,,
2023,9,3,6,0,28,20.7,64.48,,,,,,,,,,,,,,,,,,,,,,,,,,,,,,,,,,,,
2023,9,3,7,0,27.7,20.7,65.52,,,,,,,,,,,,,,,,,,,,,,,,,,,,,,,,,,,,
2023,9,3,8,0,27.4,20.6,66.46,,,,,,,,,,,,,,,,,,,,,,,,,,,,,,,,,,,,
2023,9,3,9,0,27,20.5,67.76,,,,,,,,,,,,,,,,,,,,,,,,,,,,,,,,,,,,
2023,9,3,10,0,26.5,20.5,69.73,,,,,,,,,,,,,,,,,,,,,,,,,,,,,,,,,,,,
2023,9,3,11,0,25.9,20.5,72.17,,,,,,,,,,,,,,,,,,,,,,,,,,,,,,,,,,,,
2023,9,3,12,0,25.4,20.5,74.22,,,,,,,,,,,,,,,,,,,,,,,,,,,,,,,,,,,,
2023,9,3,13,0,25.9,20.5,72.28,,,,,,,,,,,,,,,,,,,,,,,,,,,,,,,,,,,,
2023,9,3,14,0,28.5,20.1,60.34,,,,,,,,,,,,,,,,,,,,,,,,,,,,,,,,,,,,
2023,9,3,15,0,31.7,18.9,46.68,,,,,,,,,,,,,,,,,,,,,,,,,,,,,,,,,,,,
2023,9,3,16,0,33.9,18.1,39.26,,,,,,,,,,,,,,,,,,,,,,,,,,,,,,,,,,,,
2023,9,3,17,0,35.5,17.6,34.81,,,,,,,,,,,,,,,,,,,,,,,,,,,,,,,,,,,,
2023,9,3,18,0,36.8,17.1,31.46,,,,,,,,,,,,,,,,,,,,,,,,,,,,,,,,,,,,
2023,9,3,19,0,37.9,16.7,28.75,,,,,,,,,,,,,,,,,,,,,,,,,,,,,,,,,,,,
2023,9,3,20,0,38.5,16.1,26.84,,,,,,,,,,,,,,,,,,,,,,,,,,,,,,,,,,,,
2023,9,3,21,0,38.8,15.5,25.48,,,,,,,,,,,,,,,,,,,,,,,,,,,,,,,,,,,,
2023,9,3,22,0,38.7,14.9,24.64,,,,,,,,,,,,,,,,,,,,,,,,,,,,,,,,,,,,
2023,9,3,23,0,38,14.3,24.49,,,,,,,,,,,,,,,,,,,,,,,,,,,,,,,,,,,,
2023,9,4,0,0,36.7,13.7,25.39,,,,,,,,,,,,,,,,,,,,,,,,,,,,,,,,,,,,
2023,9,4,1,0,33.6,15.2,33.27,,,,,,,,,,,,,,,,,,,,,,,,,,,,,,,,,,,,
2023,9,4,2,0,31,16.1,40.65,,,,,,,,,,,,,,,,,,,,,,,,,,,,,,,,,,,,
2023,9,4,3,0,30,16,42.95,,,,,,,,,,,,,,,,,,,,,,,,,,,,,,,,,,,,
2023,9,4,4,0,29.2,16.1,45.06,,,,,,,,,,,,,,,,,,,,,,,,,,,,,,,,,,,,
2023,9,4,5,0,28.5,16.2,47.43,,,,,,,,,,,,,,,,,,,,,,,,,,,,,,,,,,,,
2023,9,4,6,0,27.8,16.5,50.07,,,,,,,,,,,,,,,,,,,,,,,,,,,,,,,,,,,,
2023,9,4,7,0,27.3,16.6,52.08,,,,,,,,,,,,,,,,,,,,,,,,,,,,,,,,,,,,
2023,9,4,8,0,26.9,16.7,53.55,,,,,,,,,,,,,,,,,,,,,,,,,,,,,,,,,,,,
2023,9,4,9,0,26.5,16.7,55.01,,,,,,,,,,,,,,,,,,,,,,,,,,,,,,,,,,,,
2023,9,4,10,0,26.2,16.8,56.16,,,,,,,,,,,,,,,,,,,,,,,,,,,,,,,,,,,,
2023,9,4,11,0,25.8,16.8,57.61,,,,,,,,,,,,,,,,,,,,,,,,,,,,,,,,,,,,
2023,9,4,12,0,25.3,16.8,59.28,,,,,,,,,,,,,,,,,,,,,,,,,,,,,,,,,,,,
2023,9,4,13,0,25.5,16.9,58.99,,,,,,,,,,,,,,,,,,,,,,,,,,,,,,,,,,,,
2023,9,4,14,0,28.2,16.1,47.82,,,,,,,,,,,,,,,,,,,,,,,,,,,,,,,,,,,,
2023,9,4,15,0,31.2,14.5,36.33,,,,,,,,,,,,,,,,,,,,,,,,,,,,,,,,,,,,
2023,9,4,16,0,33.3,14,31.27,,,,,,,,,,,,,,,,,,,,,,,,,,,,,,,,,,,,
2023,9,4,17,0,35,13.7,27.86,,,,,,,,,,,,,,,,,,,,,,,,,,,,,,,,,,,,
2023,9,4,18,0,36.4,13.1,24.82,,,,,,,,,,,,,,,,,,,,,,,,,,,,,,,,,,,,
2023,9,4,19,0,37.6,12.2,21.9,,,,,,,,,,,,,,,,,,,,,,,,,,,,,,,,,,,,
2023,9,4,20,0,38.4,11.2,19.59,,,,,,,,,,,,,,,,,,,,,,,,,,,,,,,,,,,,
2023,9,4,21,0,38.7,10.2,18.08,,,,,,,,,,,,,,,,,,,,,,,,,,,,,,,,,,,,
2023,9,4,22,0,38.6,9.3,17.07,,,,,,,,,,,,,,,,,,,,,,,,,,,,,,,,,,,,
2023,9,4,23,0,37.9,8.5,16.84,,,,,,,,,,,,,,,,,,,,,,,,,,,,,,,,,,,,
2023,9,5,0,0,36.5,8,17.54,,,,,,,,,,,,,,,,,,,,,,,,,,,,,,,,,,,,
2023,9,5,1,0,32.9,10,24.52,,,,,,,,,,,,,,,,,,,,,,,,,,,,,,,,,,,,
2023,9,5,2,0,30,9.9,28.76,,,,,,,,,,,,,,,,,,,,,,,,,,,,,,,,,,,,
2023,9,5,3,0,28.8,9.3,29.58,,,,,,,,,,,,,,,,,,,,,,,,,,,,,,,,,,,,
2023,9,5,4,0,27.8,9.1,30.93,,,,,,,,,,,,,,,,,,,,,,,,,,,,,,,,,,,,
2023,9,5,5,0,27,9,32.21,,,,,,,,,,,,,,,,,,,,,,,,,,,,,,,,,,,,
2023,9,5,6,0,26.6,8.7,32.43,,,,,,,,,,,,,,,,,,,,,,,,,,,,,,,,,,,,
2023,9,5,7,0,26.5,8.4,31.87,,,,,,,,,,,,,,,,,,,,,,,,,,,,,,,,,,,,
2023,9,5,8,0,25.8,8,32.33,,,,,,,,,,,,,,,,,,,,,,,,,,,,,,,,,,,,
2023,9,5,9,0,24.6,8.2,35.22,,,,,,,,,,,,,,,,,,,,,,,,,,,,,,,,,,,,
2023,9,5,10,0,23.3,8.4,38.68,,,,,,,,,,,,,,,,,,,,,,,,,,,,,,,,,,,,
2023,9,5,11,0,22.3,8.7,41.72,,,,,,,,,,,,,,,,,,,,,,,,,,,,,,,,,,,,
2023,9,5,12,0,21.6,8.8,43.99,,,,,,,,,,,,,,,,,,,,,,,,,,,,,,,,,,,,
2023,9,5,13,0,22.1,9.1,43.59,,,,,,,,,,,,,,,,,,,,,,,,,,,,,,,,,,,,
2023,9,5,14,0,26.2,8.7,33.06,,,,,,,,,,,,,,,,,,,,,,,,,,,,,,,,,,,,
2023,9,5,15,0,29.8,7.4,24.58,,,,,,,,,,,,,,,,,,,,,,,,,,,,,,,,,,,,
2023,9,5,16,0,32.9,6.4,19.21,,,,,,,,,,,,,,,,,,,,,,,,,,,,,,,,,,,,
2023,9,5,17,0,35,5.5,16.01,,,,,,,,,,,,,,,,,,,,,,,,,,,,,,,,,,,,
2023,9,5,18,0,36.7,4.4,13.55,,,,,,,,,,,,,,,,,,,,,,,,,,,,,,,,,,,,
2023,9,5,19,0,38,3.3,11.65,,,,,,,,,,,,,,,,,,,,,,,,,,,,,,,,,,,,
2023,9,5,20,0,39,2.2,10.26,,,,,,,,,,,,,,,,,,,,,,,,,,,,,,,,,,,,
2023,9,5,21,0,39.6,1.4,9.34,,,,,,,,,,,,,,,,,,,,,,,,,,,,,,,,,,,,
2023,9,5,22,0,39.6,0.9,9.03,,,,,,,,,,,,,,,,,,,,,,,,,,,,,,,,,,,,
2023,9,5,23,0,39,0.8,9.27,,,,,,,,,,,,,,,,,,,,,,,,,,,,,,,,,,,,
2023,9,6,0,0,37.6,1.6,10.6,,,,,,,,,,,,,,,,,,,,,,,,,,,,,,,,,,,,
2023,9,6,1,0,33.6,7.7,20.2,,,,,,,,,,,,,,,,,,,,,,,,,,,,,,,,,,,,
2023,9,6,2,0,31.6,6.4,20.69,,,,,,,,,,,,,,,,,,,,,,,,,,,,,,,,,,,,
2023,9,6,3,0,30.3,6.5,22.36,,,,,,,,,,,,,,,,,,,,,,,,,,,,,,,,,,,,
2023,9,6,4,0,28.8,6.9,25.09,,,,,,,,,,,,,,,,,,,,,,,,,,,,,,,,,,,,
2023,9,6,5,0,27.2,7.4,28.63,,,,,,,,,,,,,,,,,,,,,,,,,,,,,,,,,,,,
2023,9,6,6,0,26.1,7.9,31.54,,,,,,,,,,,,,,,,,,,,,,,,,,,,,,,,,,,,
2023,9,6,7,0,25.4,8.1,33.43,,,,,,,,,,,,,,,,,,,,,,,,,,,,,,,,,,,,
2023,9,6,8,0,25.1,8.2,34.07,,,,,,,,,,,,,,,,,,,,,,,,,,,,,,,,,,,,
2023,9,6,9,0,25.4,8,32.99,,,,,,,,,,,,,,,,,,,,,,,,,,,,,,,,,,,,
2023,9,6,10,0,25.8,8,32.27,,,,,,,,,,,,,,,,,,,,,,,,,,,,,,,,,,,,
2023,9,6,11,0,26,7.9,31.64,,,,,,,,,,,,,,,,,,,,,,,,,,,,,,,,,,,,
2023,9,6,12,0,25.6,7.6,31.8,,,,,,,,,,,,,,,,,,,,,,,,,,,,,,,,,,,,
2023,9,6,13,0,25.6,7.7,32.06,,,,,,,,,,,,,,,,,,,,,,,,,,,,,,,,,,,,
2023,9,6,14,0,28,7.3,27.07,,,,,,,,,,,,,,,,,,,,,,,,,,,,,,,,,,,,
2023,9,6,15,0,31.9,5.8,19.5,,,,,,,,,,,,,,,,,,,,,,,,,,,,,,,,,,,,
2023,9,6,16,0,34.8,5.1,15.8,,,,,,,,,,,,,,,,,,,,,,,,,,,,,,,,,,,,
2023,9,6,17,0,36.8,5,14.01,,,,,,,,,,,,,,,,,,,,,,,,,,,,,,,,,,,,
2023,9,6,18,0,38.4,4.7,12.61,,,,,,,,,,,,,,,,,,,,,,,,,,,,,,,,,,,,
2023,9,6,19,0,39.6,4.4,11.54,,,,,,,,,,,,,,,,,,,,,,,,,,,,,,,,,,,,
2023,9,6,20,0,40.4,3.9,10.75,,,,,,,,,,,,,,,,,,,,,,,,,,,,,,,,,,,,
2023,9,6,21,0,40.8,3.4,10.1,,,,,,,,,,,,,,,,,,,,,,,,,,,,,,,,,,,,
2023,9,6,22,0,40.6,2.7,9.72,,,,,,,,,,,,,,,,,,,,,,,,,,,,,,,,,,,,
2023,9,6,23,0,39.9,2,9.62,,,,,,,,,,,,,,,,,,,,,,,,,,,,,,,,,,,,
2023,9,7,0,0,38.5,1.9,10.3,,,,,,,,,,,,,,,,,,,,,,,,,,,,,,,,,,,,
2023,9,7,1,0,34.3,6.9,18.45,,,,,,,,,,,,,,,,,,,,,,,,,,,,,,,,,,,,
2023,9,7,2,0,32.6,5.2,18.05,,,,,,,,,,,,,,,,,,,,,,,,,,,,,,,,,,,,
2023,9,7,3,0,31.8,4.5,17.98,,,,,,,,,,,,,,,,,,,,,,,,,,,,,,,,,,,,
2023,9,7,4,0,31.1,4.1,18.15,,,,,,,,,,,,,,,,,,,,,,,,,,,,,,,,,,,,
2023,9,7,5,0,30.3,3.9,18.67,,,,,,,,,,,,,,,,,,,,,,,,,,,,,,,,,,,,
2023,9,7,6,0,29.6,3.7,19.2,,,,,,,,,,,,,,,,,,,,,,,,,,,,,,,,,,,,
2023,9,7,7,0,28.9,3.7,19.98,,,,,,,,,,,,,,,,,,,,,,,,,,,,,,,,,,,,
2023,9,7,8,0,28.3,3.6,20.62,,,,,,,,,,,,,,,,,,,,,,,,,,,,,,,,,,,,
2023,9,7,9,0,27.4,3.9,22.08,,,,,,,,,,,,,,,,,,,,,,,,,,,,,,,,,,,,
2023,9,7,10,0,26.4,4,23.65,,,,,,,,,,,,,,,,,,,,,,,,,,,,,,,,,,,,
2023,9,7,11,0,25.7,4.2,25.04,,,,,,,,,,,,,,,,,,,,,,,,,,,,,,,,,,,,
2023,9,7,12,0,25,4.5,26.6,,,,,,,,,,,,,,,,,,,,,,,,,,,,,,,,,,,,
2023,9,7,13,0,25.1,5.1,27.63,,,,,,,,,,,,,,,,,,,,,,,,,,,,,,,,,,,,
2023,9,7,14,0,29.4,5.2,21.66,,,,,,,,,,,,,,,,,,,,,,,,,,,,,,,,,,,,
2023,9,7,15,0,32.9,3.7,15.92,,,,,,,,,,,,,,,,,,,,,,,,,,,,,,,,,,,,
2023,9,7,16,0,36.6,1.5,11.1,,,,,,,,,,,,,,,,,,,,,,,,,,,,,,,,,,,,
2023,9,7,17,0,38.8,0.5,9.18,,,,,,,,,,,,,,,,,,,,,,,,,,,,,,,,,,,,
2023,9,7,18,0,40.3,0.4,8.38,,,,,,,,,,,,,,,,,,,,,,,,,,,,,,,,,,,,
2023,9,7,19,0,41.5,0.4,7.9,,,,,,,,,,,,,,,,,,,,,,,,,,,,,,,,,,,,
2023,9,7,20,0,42.2,0.7,7.78,,,,,,,,,,,,,,,,,,,,,,,,,,,,,,,,,,,,
2023,9,7,21,0,42.5,1.2,7.89,,,,,,,,,,,,,,,,,,,,,,,,,,,,,,,,,,,,
2023,9,7,22,0,42.3,1.8,8.35,,,,,,,,,,,,,,,,,,,,,,,,,,,,,,,,,,,,
2023,9,7,23,0,41.6,2.5,9.07,,,,,,,,,,,,,,,,,,,,,,,,,,,,,,,,,,,,
2023,9,8,0,0,40.1,2.9,10.18,,,,,,,,,,,,,,,,,,,,,,,,,,,,,,,,,,,,
2023,9,8,1,0,35.6,5.8,15.89,,,,,,,,,,,,,,,,,,,,,,,,,,,,,,,,,,,,
2023,9,8,2,0,33,6,18.61,,,,,,,,,,,,,,,,,,,,,,,,,,,,,,,,,,,,
2023,9,8,3,0,32.1,6,19.52,,,,,,,,,,,,,,,,,,,,,,,,,,,,,,,,,,,,
2023,9,8,4,0,31.2,6.2,20.84,,,,,,,,,,,,,,,,,,,,,,,,,,,,,,,,,,,,
2023,9,8,5,0,30.5,6.7,22.47,,,,,,,,,,,,,,,,,,,,,,,,,,,,,,,,,,,,
2023,9,8,6,0,30.1,7.2,23.82,,,,,,,,,,,,,,,,,,,,,,,,,,,,,,,,,,,,
2023,9,8,7,0,30.1,7.3,24.05,,,,,,,,,,,,,,,,,,,,,,,,,,,,,,,,,,,,
2023,9,8,8,0,30.3,7.2,23.57,,,,,,,,,,,,,,,,,,,,,,,,,,,,,,,,,,,,
2023,9,8,9,0,30.5,7.2,23.21,,,,,,,,,,,,,,,,,,,,,,,,,,,,,,,,,,,,
2023,9,8,10,0,29.9,7.4,24.46,,,,,,,,,,,,,,,,,,,,,,,,,,,,,,,,,,,,
2023,9,8,11,0,29,7.7,26.28,,,,,,,,,,,,,,,,,,,,,,,,,,,,,,,,,,,,
2023,9,8,12,0,28.2,7.9,27.94,,,,,,,,,,,,,,,,,,,,,,,,,,,,,,,,,,,,
2023,9,8,13,0,27.9,8.3,29.1,,,,,,,,,,,,,,,,,,,,,,,,,,,,,,,,,,,,
2023,9,8,14,0,30.4,8.4,25.33,,,,,,,,,,,,,,,,,,,,,,,,,,,,,,,,,,,,
2023,9,8,15,0,32.7,7,20.31,,,,,,,,,,,,,,,,,,,,,,,,,,,,,,,,,,,,
2023,9,8,16,0,35.1,5.9,16.46,,,,,,,,,,,,,,,,,,,,,,,,,,,,,,,,,,,,
2023,9,8,17,0,38.2,4.6,12.68,,,,,,,,,,,,,,,,,,,,,,,,,,,,,,,,,,,,
2023,9,8,18,0,40.6,4.3,10.93,,,,,,,,,,,,,,,,,,,,,,,,,,,,,,,,,,,,
2023,9,8,19,0,41.5,5.4,11.23,,,,,,,,,,,,,,,,,,,,,,,,,,,,,,,,,,,,
2023,9,8,20,0,41.8,6.8,12.15,,,,,,,,,,,,,,,,,,,,,,,,,,,,,,,,,,,,
2023,9,8,21,0,41.9,7.6,12.74,,,,,,,,,,,,,,,,,,,,,,,,,,,,,,,,,,,,
2023,9,8,22,0,42,7.7,12.8,,,,,,,,,,,,,,,,,,,,,,,,,,,,,,,,,,,,
2023,9,8,23,0,41.7,7.4,12.77,,,,,,,,,,,,,,,,,,,,,,,,,,,,,,,,,,,,
2023,9,9,0,0,40.5,7,13.25,,,,,,,,,,,,,,,,,,,,,,,,,,,,,,,,,,,,
2023,9,9,1,0,36.4,8.1,17.72,,,,,,,,,,,,,,,,,,,,,,,,,,,,,,,,,,,,
2023,9,9,2,0,34.1,7.3,19.18,,,,,,,,,,,,,,,,,,,,,,,,,,,,,,,,,,,,
2023,9,9,3,0,33.3,6.8,19.35,,,,,,,,,,,,,,,,,,,,,,,,,,,,,,,,,,,,
2023,9,9,4,0,32.5,6.9,20.3,,,,,,,,,,,,,,,,,,,,,,,,,,,,,,,,,,,,
2023,9,9,5,0,31.8,7.3,21.82,,,,,,,,,,,,,,,,,,,,,,,,,,,,,,,,,,,,
2023,9,9,6,0,31.3,7.9,23.24,,,,,,,,,,,,,,,,,,,,,,,,,,,,,,,,,,,,
2023,9,9,7,0,30.7,8.2,24.62,,,,,,,,,,,,,,,,,,,,,,,,,,,,,,,,,,,,
2023,9,9,8,0,30.4,8.4,25.44,,,,,,,,,,,,,,,,,,,,,,,,,,,,,,,,,,,,
2023,9,9,9,0,30.1,8.6,26.1,,,,,,,,,,,,,,,,,,,,,,,,,,,,,,,,,,,,
2023,9,9,10,0,29.7,8.7,26.95,,,,,,,,,,,,,,,,,,,,,,,,,,,,,,,,,,,,
2023,9,9,11,0,29.3,8.8,27.72,,,,,,,,,,,,,,,,,,,,,,,,,,,,,,,,,,,,
2023,9,9,12,0,29,8.6,27.92,,,,,,,,,,,,,,,,,,,,,,,,,,,,,,,,,,,,
2023,9,9,13,0,29.1,8.6,27.66,,,,,,,,,,,,,,,,,,,,,,,,,,,,,,,,,,,,
2023,9,9,14,0,32.1,8.6,23.29,,,,,,,,,,,,,,,,,,,,,,,,,,,,,,,,,,,,
2023,9,9,15,0,36,8.4,18.56,,,,,,,,,,,,,,,,,,,,,,,,,,,,,,,,,,,,
2023,9,9,16,0,39.5,8.3,15.26,,,,,,,,,,,,,,,,,,,,,,,,,,,,,,,,,,,,
2023,9,9,17,0,42.1,8,12.96,,,,,,,,,,,,,,,,,,,,,,,,,,,,,,,,,,,,
2023,9,9,18,0,43.8,7.7,11.68,,,,,,,,,,,,,,,,,,,,,,,,,,,,,,,,,,,,
2023,9,9,19,0,44.7,7.6,11.06,,,,,,,,,,,,,,,,,,,,,,,,,,,,,,,,,,,,
2023,9,9,20,0,45.2,7.5,10.68,,,,,,,,,,,,,,,,,,,,,,,,,,,,,,,,,,,,
2023,9,9,21,0,45.4,7.2,10.34,,,,,,,,,,,,,,,,,,,,,,,,,,,,,,,,,,,,
2023,9,9,22,0,45.1,6.7,10.16,,,,,,,,,,,,,,,,,,,,,,,,,,,,,,,,,,,,
2023,9,9,23,0,44.4,6.2,10.17,,,,,,,,,,,,,,,,,,,,,,,,,,,,,,,,,,,,
2023,9,10,0,0,43.1,5.8,10.61,,,,,,,,,,,,,,,,,,,,,,,,,,,,,,,,,,,,
2023,9,10,1,0,38.3,7.6,15.45,,,,,,,,,,,,,,,,,,,,,,,,,,,,,,,,,,,,
2023,9,10,2,0,36,7.5,17.4,,,,,,,,,,,,,,,,,,,,,,,,,,,,,,,,,,,,
2023,9,10,3,0,35,7.8,18.85,,,,,,,,,,,,,,,,,,,,,,,,,,,,,,,,,,,,
2023,9,10,4,0,34.1,8.5,20.71,,,,,,,,,,,,,,,,,,,,,,,,,,,,,,,,,,,,
2023,9,10,5,0,33.2,9,22.53,,,,,,,,,,,,,,,,,,,,,,,,,,,,,,,,,,,,
2023,9,10,6,0,32.5,9.2,23.85,,,,,,,,,,,,,,,,,,,,,,,,,,,,,,,,,,,,
2023,9,10,7,0,32.1,9.2,24.41,,,,,,,,,,,,,,,,,,,,,,,,,,,,,,,,,,,,
2023,9,10,8,0,31.7,9.3,25.11,,,,,,,,,,,,,,,,,,,,,,,,,,,,,,,,,,,,
2023,9,10,9,0,31.1,9.1,25.57,,,,,,,,,,,,,,,,,,,,,,,,,,,,,,,,,,,,
2023,9,10,10,0,31,8.8,25.22,,,,,,,,,,,,,,,,,,,,,,,,,,,,,,,,,,,,
2023,9,10,11,0,30.5,8.6,25.66,,,,,,,,,,,,,,,,,,,,,,,,,,,,,,,,,,,,
2023,9,10,12,0,30.2,8.6,26.07,,,,,,,,,,,,,,,,,,,,,,,,,,,,,,,,,,,,
2023,9,10,13,0,30.2,8.7,26.15,,,,,,,,,,,,,,,,,,,,,,,,,,,,,,,,,,,,
2023,9,10,14,0,31.8,8.8,24.1,,,,,,,,,,,,,,,,,,,,,,,,,,,,,,,,,,,,
2023,9,10,15,0,34.1,8.6,20.92,,,,,,,,,,,,,,,,,,,,,,,,,,,,,,,,,,,,
2023,9,10,16,0,36.2,8.2,18.13,,,,,,,,,,,,,,,,,,,,,,,,,,,,,,,,,,,,
2023,9,10,17,0,38.8,7.4,14.92,,,,,,,,,,,,,,,,,,,,,,,,,,,,,,,,,,,,
2023,9,10,18,0,40.9,6.7,12.7,,,,,,,,,,,,,,,,,,,,,,,,,,,,,,,,,,,,
2023,9,10,19,0,42.2,6.2,11.46,,,,,,,,,,,,,,,,,,,,,,,,,,,,,,,,,,,,
2023,9,10,20,0,42.2,6.1,11.39,,,,,,,,,,,,,,,,,,,,,,,,,,,,,,,,,,,,
2023,9,10,21,0,41.9,6.3,11.68,,,,,,,,,,,,,,,,,,,,,,,,,,,,,,,,,,,,
2023,9,10,22,0,41.5,6.4,12.05,,,,,,,,,,,,,,,,,,,,,,,,,,,,,,,,,,,,
2023,9,10,23,0,40.8,6.6,12.67,,,,,,,,,,,,,,,,,,,,,,,,,,,,,,,,,,,,
2023,9,11,0,0,38.5,7.9,15.67,,,,,,,,,,,,,,,,,,,,,,,,,,,,,,,,,,,,
2023,9,11,1,0,35.8,8.2,18.54,,,,,,,,,,,,,,,,,,,,,,,,,,,,,,,,,,,,
2023,9,11,2,0,34.5,8.1,19.78,,,,,,,,,,,,,,,,,,,,,,,,,,,,,,,,,,,,
2023,9,11,3,0,33.8,8.3,20.75,,,,,,,,,,,,,,,,,,,,,,,,,,,,,,,,,,,,
2023,9,11,4,0,33.4,8.5,21.6,,,,,,,,,,,,,,,,,,,,,,,,,,,,,,,,,,,,
2023,9,11,5,0,33.2,8.6,21.96,,,,,,,,,,,,,,,,,,,,,,,,,,,,,,,,,,,,
2023,9,11,6,0,33.1,8.7,22.24,,,,,,,,,,,,,,,,,,,,,,,,,,,,,,,,,,,,
2023,9,11,7,0,32.5,8.7,23.03,,,,,,,,,,,,,,,,,,,,,,,,,,,,,,,,,,,,
2023,9,11,8,0,32,8.8,23.78,,,,,,,,,,,,,,,,,,,,,,,,,,,,,,,,,,,,
2023,9,11,9,0,31.2,8.8,24.93,,,,,,,,,,,,,,,,,,,,,,,,,,,,,,,,,,,,
2023,9,11,10,0,30.5,8.8,25.93,,,,,,,,,,,,,,,,,,,,,,,,,,,,,,,,,,,,
2023,9,11,11,0,29.7,8.9,27.32,,,,,,,,,,,,,,,,,,,,,,,,,,,,,,,,,,,,
2023,9,11,12,0,29,9.2,28.97,,,,,,,,,,,,,,,,,,,,,,,,,,,,,,,,,,,,
2023,9,11,13,0,28.7,9.8,30.76,,,,,,,,,,,,,,,,,,,,,,,,,,,,,,,,,,,,
2023,9,11,14,0,31.2,10.6,28.17,,,,,,,,,,,,,,,,,,,,,,,,,,,,,,,,,,,,
2023,9,11,15,0,34.5,11.2,24.38,,,,,,,,,,,,,,,,,,,,,,,,,,,,,,,,,,,,
2023,9,11,16,0,37.1,11.4,21.28,,,,,,,,,,,,,,,,,,,,,,,,,,,,,,,,,,,,
2023,9,11,17,0,38.7,11.1,19.18,,,,,,,,,,,,,,,,,,,,,,,,,,,,,,,,,,,,
2023,9,11,18,0,39.4,11,18.32,,,,,,,,,,,,,,,,,,,,,,,,,,,,,,,,,,,,
2023,9,11,19,0,39.7,11,18.11,,,,,,,,,,,,,,,,,,,,,,,,,,,,,,,,,,,,
2023,9,11,20,0,39.4,11.2,18.64,,,,,,,,,,,,,,,,,,,,,,,,,,,,,,,,,,,,
2023,9,11,21,0,38.8,11.2,19.22,,,,,,,,,,,,,,,,,,,,,,,,,,,,,,,,,,,,
2023,9,11,22,0,38.2,11,19.55,,,,,,,,,,,,,,,,,,,,,,,,,,,,,,,,,,,,
2023,9,11,23,0,37.6,10.8,19.96,,,,,,,,,,,,,,,,,,,,,,,,,,,,,,,,,,,,
2023,9,12,0,0,36.7,10.8,20.94,,,,,,,,,,,,,,,,,,,,,,,,,,,,,,,,,,,,
2023,9,12,1,0,34.7,11.1,23.96,,,,,,,,,,,,,,,,,,,,,,,,,,,,,,,,,,,,
2023,9,12,2,0,33.5,11.6,26.39,,,,,,,,,,,,,,,,,,,,,,,,,,,,,,,,,,,,
2023,9,12,3,0,32.7,12.1,28.58,,,,,,,,,,,,,,,,,,,,,,,,,,,,,,,,,,,,
2023,9,12,4,0,32,12.5,30.55,,,,,,,,,,,,,,,,,,,,,,,,,,,,,,,,,,,,
2023,9,12,5,0,31.7,12.8,31.52,,,,,,,,,,,,,,,,,,,,,,,,,,,,,,,,,,,,
2023,9,12,6,0,31.8,12.9,31.54,,,,,,,,,,,,,,,,,,,,,,,,,,,,,,,,,,,,
2023,9,12,7,0,31.5,12.9,32.12,,,,,,,,,,,,,,,,,,,,,,,,,,,,,,,,,,,,
2023,9,12,8,0,31.3,12.8,32.38,,,,,,,,,,,,,,,,,,,,,,,,,,,,,,,,,,,,
2023,9,12,9,0,30.9,12.7,32.96,,,,,,,,,,,,,,,,,,,,,,,,,,,,,,,,,,,,
2023,9,12,10,0,30.3,12.7,33.94,,,,,,,,,,,,,,,,,,,,,,,,,,,,,,,,,,,,
2023,9,12,11,0,29.4,12.6,35.7,,,,,,,,,,,,,,,,,,,,,,,,,,,,,,,,,,,,
2023,9,12,12,0,28.8,12.7,36.99,,,,,,,,,,,,,,,,,,,,,,,,,,,,,,,,,,,,
2023,9,12,13,0,28.6,12.7,37.6,,,,,,,,,,,,,,,,,,,,,,,,,,,,,,,,,,,,
2023,9,12,14,0,30.2,12.9,34.6,,,,,,,,,,,,,,,,,,,,,,,,,,,,,,,,,,,,
2023,9,12,15,0,32.3,13.3,31.65,,,,,,,,,,,,,,,,,,,,,,,,,,,,,,,,,,,,
2023,9,12,16,0,34.1,13,28.03,,,,,,,,,,,,,,,,,,,,,,,,,,,,,,,,,,,,
2023,9,12,17,0,35.5,12.5,25.12,,,,,,,,,,,,,,,,,,,,,,,,,,,,,,,,,,,,
2023,9,12,18,0,37.1,12.3,22.67,,,,,,,,,,,,,,,,,,,,,,,,,,,,,,,,,,,,
2023,9,12,19,0,38.2,12.4,21.52,,,,,,,,,,,,,,,,,,,,,,,,,,,,,,,,,,,,
2023,9,12,20,0,38.7,12.8,21.43,,,,,,,,,,,,,,,,,,,,,,,,,,,,,,,,,,,,
2023,9,12,21,0,38.7,13.3,22.12,,,,,,,,,,,,,,,,,,,,,,,,,,,,,,,,,,,,
2023,9,12,22,0,38.2,13.9,23.65,,,,,,,,,,,,,,,,,,,,,,,,,,,,,,,,,,,,
2023,9,12,23,0,37.3,14.6,25.98,,,,,,,,,,,,,,,,,,,,,,,,,,,,,,,,,,,,
2023,9,13,0,0,35.8,15.6,30.06,,,,,,,,,,,,,,,,,,,,,,,,,,,,,,,,,,,,
2023,9,13,1,0,33.5,19.7,44.4,,,,,,,,,,,,,,,,,,,,,,,,,,,,,,,,,,,,
2023,9,13,2,0,31.8,21.9,55.95,,,,,,,,,,,,,,,,,,,,,,,,,,,,,,,,,,,,
2023,9,13,3,0,31,22,58.79,,,,,,,,,,,,,,,,,,,,,,,,,,,,,,,,,,,,
2023,9,13,4,0,30.2,22.1,61.77,,,,,,,,,,,,,,,,,,,,,,,,,,,,,,,,,,,,
2023,9,13,5,0,29.4,21.8,63.85,,,,,,,,,,,,,,,,,,,,,,,,,,,,,,,,,,,,
2023,9,13,6,0,28.6,21.5,65.42,,,,,,,,,,,,,,,,,,,,,,,,,,,,,,,,,,,,
2023,9,13,7,0,27.8,21.3,67.67,,,,,,,,,,,,,,,,,,,,,,,,,,,,,,,,,,,,
2023,9,13,8,0,27,21,69.94,,,,,,,,,,,,,,,,,,,,,,,,,,,,,,,,,,,,
2023,9,13,9,0,26.3,20.7,71.38,,,,,,,,,,,,,,,,,,,,,,,,,,,,,,,,,,,,
2023,9,13,10,0,25.7,20.4,72.58,,,,,,,,,,,,,,,,,,,,,,,,,,,,,,,,,,,,
2023,9,13,11,0,25.3,20.3,74.07,,,,,,,,,,,,,,,,,,,,,,,,,,,,,,,,,,,,
2023,9,13,12,0,24.9,20.4,76.19,,,,,,,,,,,,,,,,,,,,,,,,,,,,,,,,,,,,
2023,9,13,13,0,24.7,20.5,77.72,,,,,,,,,,,,,,,,,,,,,,,,,,,,,,,,,,,,
2023,9,13,14,0,26,20.7,72.43,,,,,,,,,,,,,,,,,,,,,,,,,,,,,,,,,,,,
2023,9,13,15,0,28.9,20.5,60.41,,,,,,,,,,,,,,,,,,,,,,,,,,,,,,,,,,,,
2023,9,13,16,0,31.3,20.5,52.89,,,,,,,,,,,,,,,,,,,,,,,,,,,,,,,,,,,,
2023,9,13,17,0,33,20.4,47.7,,,,,,,,,,,,,,,,,,,,,,,,,,,,,,,,,,,,
2023,9,13,18,0,34.2,20.1,43.64,,,,,,,,,,,,,,,,,,,,,,,,,,,,,,,,,,,,
2023,9,13,19,0,35.1,19.6,40.26,,,,,,,,,,,,,,,,,,,,,,,,,,,,,,,,,,,,
2023,9,13,20,0,35.7,19,37.58,,,,,,,,,,,,,,,,,,,,,,,,,,,,,,,,,,,,
2023,9,13,21,0,36.2,18,34.38,,,,,,,,,,,,,,,,,,,,,,,,,,,,,,,,,,,,
2023,9,13,22,0,36.2,16.8,31.81,,,,,,,,,,,,,,,,,,,,,,,,,,,,,,,,,,,,
2023,9,13,23,0,35.8,15.7,30.29,,,,,,,,,,,,,,,,,,,,,,,,,,,,,,,,,,,,
2023,9,14,0,0,34.8,15.2,30.95,,,,,,,,,,,,,,,,,,,,,,,,,,,,,,,,,,,,
2023,9,14,1,0,32,18.6,45.03,,,,,,,,,,,,,,,,,,,,,,,,,,,,,,,,,,,,
2023,9,14,2,0,29.9,18.1,49.15,,,,,,,,,,,,,,,,,,,,,,,,,,,,,,,,,,,,
2023,9,14,3,0,28.8,17.6,50.69,,,,,,,,,,,,,,,,,,,,,,,,,,,,,,,,,,,,
2023,9,14,4,0,28.2,17.3,51.52,,,,,,,,,,,,,,,,,,,,,,,,,,,,,,,,,,,,
2023,9,14,5,0,27.6,16.9,52.15,,,,,,,,,,,,,,,,,,,,,,,,,,,,,,,,,,,,
2023,9,14,6,0,26.8,16.7,54.06,,,,,,,,,,,,,,,,,,,,,,,,,,,,,,,,,,,,
2023,9,14,7,0,26.1,16.5,55.33,,,,,,,,,,,,,,,,,,,,,,,,,,,,,,,,,,,,
2023,9,14,8,0,25.4,16,55.88,,,,,,,,,,,,,,,,,,,,,,,,,,,,,,,,,,,,
2023,9,14,9,0,24.9,15.6,56.45,,,,,,,,,,,,,,,,,,,,,,,,,,,,,,,,,,,,
2023,9,14,10,0,24.5,15.4,56.85,,,,,,,,,,,,,,,,,,,,,,,,,,,,,,,,,,,,
2023,9,14,11,0,24,15.1,57.57,,,,,,,,,,,,,,,,,,,,,,,,,,,,,,,,,,,,
2023,9,14,12,0,23.6,14.9,58,,,,,,,,,,,,,,,,,,,,,,,,,,,,,,,,,,,,
2023,9,14,13,0,23.5,15,58.93,,,,,,,,,,,,,,,,,,,,,,,,,,,,,,,,,,,,
2023,9,14,14,0,26.3,14,46.58,,,,,,,,,,,,,,,,,,,,,,,,,,,,,,,,,,,,
2023,9,14,15,0,29.4,10.7,31.38,,,,,,,,,,,,,,,,,,,,,,,,,,,,,,,,,,,,
2023,9,14,16,0,32,8.5,23.27,,,,,,,,,,,,,,,,,,,,,,,,,,,,,,,,,,,,
2023,9,14,17,0,33.8,7.8,20.1,,,,,,,,,,,,,,,,,,,,,,,,,,,,,,,,,,,,
2023,9,14,18,0,35.3,7.8,18.45,,,,,,,,,,,,,,,,,,,,,,,,,,,,,,,,,,,,
2023,9,14,19,0,36.4,7.8,17.4,,,,,,,,,,,,,,,,,,,,,,,,,,,,,,,,,,,,
2023,9,14,20,0,37.1,7.4,16.35,,,,,,,,,,,,,,,,,,,,,,,,,,,,,,,,,,,,
2023,9,14,21,0,37.4,6.7,15.3,,,,,,,,,,,,,,,,,,,,,,,,,,,,,,,,,,,,
2023,9,14,22,0,37.3,5.9,14.6,,,,,,,,,,,,,,,,,,,,,,,,,,,,,,,,,,,,
2023,9,14,23,0,36.7,5.3,14.47,,,,,,,,,,,,,,,,,,,,,,,,,,,,,,,,,,,,
2023,9,15,0,0,35.4,6.3,16.59,,,,,,,,,,,,,,,,,,,,,,,,,,,,,,,,,,,,
2023,9,15,1,0,33,10.6,25.37,,,,,,,,,,,,,,,,,,,,,,,,,,,,,,,,,,,,
2023,9,15,2,0,31.6,9.2,25.02,,,,,,,,,,,,,,,,,,,,,,,,,,,,,,,,,,,,
2023,9,15,3,0,30.5,9.1,26.48,,,,,,,,,,,,,,,,,,,,,,,,,,,,,,,,,,,,
2023,9,15,4,0,29.8,8.7,26.75,,,,,,,,,,,,,,,,,,,,,,,,,,,,,,,,,,,,
2023,9,15,5,0,28.8,8.8,28.54,,,,,,,,,,,,,,,,,,,,,,,,,,,,,,,,,,,,
2023,9,15,6,0,27.6,9.2,31.43,,,,,,,,,,,,,,,,,,,,,,,,,,,,,,,,,,,,
2023,9,15,7,0,26.5,9.4,34.11,,,,,,,,,,,,,,,,,,,,,,,,,,,,,,,,,,,,
2023,9,15,8,0,25.6,9.6,36.42,,,,,,,,,,,,,,,,,,,,,,,,,,,,,,,,,,,,
2023,9,15,9,0,24.8,10.2,39.66,,,,,,,,,,,,,,,,,,,,,,,,,,,,,,,,,,,,
2023,9,15,10,0,24,11.2,44.67,,,,,,,,,,,,,,,,,,,,,,,,,,,,,,,,,,,,
2023,9,15,11,0,23.2,11.8,48.59,,,,,,,,,,,,,,,,,,,,,,,,,,,,,,,,,,,,
2023,9,15,12,0,22.6,12,51.29,,,,,,,,,,,,,,,,,,,,,,,,,,,,,,,,,,,,
2023,9,15,13,0,22.6,12.2,51.91,,,,,,,,,,,,,,,,,,,,,,,,,,,,,,,,,,,,
2023,9,15,14,0,26.4,11.9,40.47,,,,,,,,,,,,,,,,,,,,,,,,,,,,,,,,,,,,
2023,9,15,15,0,30,10.7,30.23,,,,,,,,,,,,,,,,,,,,,,,,,,,,,,,,,,,,
2023,9,15,16,0,33,9.3,23.33,,,,,,,,,,,,,,,,,,,,,,,,,,,,,,,,,,,,
2023,9,15,17,0,35.2,8.5,19.46,,,,,,,,,,,,,,,,,,,,,,,,,,,,,,,,,,,,
2023,9,15,18,0,36.9,7.7,16.8,,,,,,,,,,,,,,,,,,,,,,,,,,,,,,,,,,,,
2023,9,15,19,0,37.9,7.2,15.4,,,,,,,,,,,,,,,,,,,,,,,,,,,,,,,,,,,,
2023,9,15,20,0,38.5,6.9,14.58,,,,,,,,,,,,,,,,,,,,,,,,,,,,,,,,,,,,
2023,9,15,21,0,38.7,6.3,13.91,,,,,,,,,,,,,,,,,,,,,,,,,,,,,,,,,,,,
2023,9,15,22,0,38.5,5.7,13.48,,,,,,,,,,,,,,,,,,,,,,,,,,,,,,,,,,,,
2023,9,15,23,0,37.8,5.2,13.51,,,,,,,,,,,,,,,,,,,,,,,,,,,,,,,,,,,,
2023,9,16,0,0,36.5,6.2,15.51,,,,,,,,,,,,,,,,,,,,,,,,,,,,,,,,,,,,
2023,9,16,1,0,33.5,11,25.3,,,,,,,,,,,,,,,,,,,,,,,,,,,,,,,,,,,,
2023,9,16,2,0,32.5,8.9,23.39,,,,,,,,,,,,,,,,,,,,,,,,,,,,,,,,,,,,
2023,9,16,3,0,31.7,7.9,22.83,,,,,,,,,,,,,,,,,,,,,,,,,,,,,,,,,,,,
2023,9,16,4,0,30.4,8.3,25.17,,,,,,,,,,,,,,,,,,,,,,,,,,,,,,,,,,,,
2023,9,16,5,0,28.8,8.7,28.33,,,,,,,,,,,,,,,,,,,,,,,,,,,,,,,,,,,,
2023,9,16,6,0,27,9,32.11,,,,,,,,,,,,,,,,,,,,,,,,,,,,,,,,,,,,
2023,9,16,7,0,25.6,9.3,35.62,,,,,,,,,,,,,,,,,,,,,,,,,,,,,,,,,,,,
2023,9,16,8,0,24.6,10,39.62,,,,,,,,,,,,,,,,,,,,,,,,,,,,,,,,,,,,
2023,9,16,9,0,23.9,10.4,42.48,,,,,,,,,,,,,,,,,,,,,,,,,,,,,,,,,,,,
2023,9,16,10,0,23.3,10.2,43.6,,,,,,,,,,,,,,,,,,,,,,,,,,,,,,,,,,,,
2023,9,16,11,0,22.8,9.8,43.63,,,,,,,,,,,,,,,,,,,,,,,,,,,,,,,,,,,,
2023,9,16,12,0,22.3,9.3,43.59,,,,,,,,,,,,,,,,,,,,,,,,,,,,,,,,,,,,
2023,9,16,13,0,22.4,9,42.31,,,,,,,,,,,,,,,,,,,,,,,,,,,,,,,,,,,,
2023,9,16,14,0,26,8.5,32.97,,,,,,,,,,,,,,,,,,,,,,,,,,,,,,,,,,,,
2023,9,16,15,0,29.7,7.8,25.33,,,,,,,,,,,,,,,,,,,,,,,,,,,,,,,,,,,,
2023,9,16,16,0,33.7,6.2,18.11,,,,,,,,,,,,,,,,,,,,,,,,,,,,,,,,,,,,
2023,9,16,17,0,36.4,5,14.33,,,,,,,,,,,,,,,,,,,,,,,,,,,,,,,,,,,,
2023,9,16,18,0,38.1,4.5,12.64,,,,,,,,,,,,,,,,,,,,,,,,,,,,,,,,,,,,
2023,9,16,19,0,39.2,4.2,11.69,,,,,,,,,,,,,,,,,,,,,,,,,,,,,,,,,,,,
2023,9,16,20,0,39.8,4,11.17,,,,,,,,,,,,,,,,,,,,,,,,,,,,,,,,,,,,
2023,9,16,21,0,40.1,3.8,10.84,,,,,,,,,,,,,,,,,,,,,,,,,,,,,,,,,,,,
2023,9,16,22,0,39.8,3.7,10.87,,,,,,,,,,,,,,,,,,,,,,,,,,,,,,,,,,,,
2023,9,16,23,0,39.1,3.5,11.15,,,,,,,,,,,,,,,,,,,,,,,,,,,,,,,,,,,,
2023,9,17,0,0,37.5,5.8,14.32,,,,,,,,,,,,,,,,,,,,,,,,,,,,,,,,,,,,
2023,9,17,1,0,34.7,9.3,21.11,,,,,,,,,,,,,,,,,,,,,,,,,,,,,,,,,,,,
2023,9,17,2,0,33.6,7.1,19.44,,,,,,,,,,,,,,,,,,,,,,,,,,,,,,,,,,,,
2023,9,17,3,0,32,7.1,21.17,,,,,,,,,,,,,,,,,,,,,,,,,,,,,,,,,,,,
2023,9,17,4,0,30,7.1,23.72,,,,,,,,,,,,,,,,,,,,,,,,,,,,,,,,,,,,
2023,9,17,5,0,27.9,7.6,27.79,,,,,,,,,,,,,,,,,,,,,,,,,,,,,,,,,,,,
2023,9,17,6,0,26.4,8.1,31.31,,,,,,,,,,,,,,,,,,,,,,,,,,,,,,,,,,,,
2023,9,17,7,0,25.6,8.4,33.52,,,,,,,,,,,,,,,,,,,,,,,,,,,,,,,,,,,,
2023,9,17,8,0,25.4,8.4,33.89,,,,,,,,,,,,,,,,,,,,,,,,,,,,,,,,,,,,
2023,9,17,9,0,25.7,7.8,32.03,,,,,,,,,,,,,,,,,,,,,,,,,,,,,,,,,,,,
2023,9,17,10,0,25.9,7.2,30.37,,,,,,,,,,,,,,,,,,,,,,,,,,,,,,,,,,,,
2023,9,17,11,0,25.2,7,31.36,,,,,,,,,,,,,,,,,,,,,,,,,,,,,,,,,,,,
2023,9,17,12,0,24.2,7.5,34.36,,,,,,,,,,,,,,,,,,,,,,,,,,,,,,,,,,,,
2023,9,17,13,0,23.7,8,36.62,,,,,,,,,,,,,,,,,,,,,,,,,,,,,,,,,,,,
2023,9,17,14,0,27,8.4,30.89,,,,,,,,,,,,,,,,,,,,,,,,,,,,,,,,,,,,
2023,9,17,15,0,30.6,6.8,22.47,,,,,,,,,,,,,,,,,,,,,,,,,,,,,,,,,,,,
2023,9,17,16,0,33.6,5.9,17.9,,,,,,,,,,,,,,,,,,,,,,,,,,,,,,,,,,,,
2023,9,17,17,0,35.9,5.6,15.35,,,,,,,,,,,,,,,,,,,,,,,,,,,,,,,,,,,,
2023,9,17,18,0,37.6,5.3,13.75,,,,,,,,,,,,,,,,,,,,,,,,,,,,,,,,,,,,
2023,9,17,19,0,38.9,4.9,12.47,,,,,,,,,,,,,,,,,,,,,,,,,,,,,,,,,,,,
2023,9,17,20,0,39.7,4.4,11.52,,,,,,,,,,,,,,,,,,,,,,,,,,,,,,,,,,,,
2023,9,17,21,0,40,3.8,10.88,,,,,,,,,,,,,,,,,,,,,,,,,,,,,,,,,,,,
2023,9,17,22,0,39.8,3.3,10.57,,,,,,,,,,,,,,,,,,,,,,,,,,,,,,,,,,,,
2023,9,17,23,0,39.1,2.7,10.56,,,,,,,,,,,,,,,,,,,,,,,,,,,,,,,,,,,,
2023,9,18,0,0,37.4,5.4,14,,,,,,,,,,,,,,,,,,,,,,,,,,,,,,,,,,,,
2023,9,18,1,0,34.3,8.1,19.99,,,,,,,,,,,,,,,,,,,,,,,,,,,,,,,,,,,,
2023,9,18,2,0,32.8,5.9,18.65,,,,,,,,,,,,,,,,,,,,,,,,,,,,,,,,,,,,
2023,9,18,3,0,31.3,5.2,19.39,,,,,,,,,,,,,,,,,,,,,,,,,,,,,,,,,,,,
2023,9,18,4,0,29.6,5.1,21.16,,,,,,,,,,,,,,,,,,,,,,,,,,,,,,,,,,,,
2023,9,18,5,0,27.9,5.2,23.58,,,,,,,,,,,,,,,,,,,,,,,,,,,,,,,,,,,,
2023,9,18,6,0,26.4,5.6,26.41,,,,,,,,,,,,,,,,,,,,,,,,,,,,,,,,,,,,
2023,9,18,7,0,25.3,5.9,28.92,,,,,,,,,,,,,,,,,,,,,,,,,,,,,,,,,,,,
2023,9,18,8,0,24.3,6.3,31.41,,,,,,,,,,,,,,,,,,,,,,,,,,,,,,,,,,,,
2023,9,18,9,0,23.7,6.6,33.29,,,,,,,,,,,,,,,,,,,,,,,,,,,,,,,,,,,,
2023,9,18,10,0,23.5,6.7,34,,,,,,,,,,,,,,,,,,,,,,,,,,,,,,,,,,,,
2023,9,18,11,0,23.5,6.7,34,,,,,,,,,,,,,,,,,,,,,,,,,,,,,,,,,,,,
2023,9,18,12,0,23.3,6.7,34.35,,,,,,,,,,,,,,,,,,,,,,,,,,,,,,,,,,,,
2023,9,18,13,0,23.3,6.9,34.87,,,,,,,,,,,,,,,,,,,,,,,,,,,,,,,,,,,,
2023,9,18,14,0,26.1,7.4,30.46,,,,,,,,,,,,,,,,,,,,,,,,,,,,,,,,,,,,
2023,9,18,15,0,29.5,6.9,24.18,,,,,,,,,,,,,,,,,,,,,,,,,,,,,,,,,,,,
2023,9,18,16,0,32.2,6.3,19.91,,,,,,,,,,,,,,,,,,,,,,,,,,,,,,,,,,,,
2023,9,18,17,0,34.5,5.1,16.03,,,,,,,,,,,,,,,,,,,,,,,,,,,,,,,,,,,,
2023,9,18,18,0,36.3,3.9,13.4,,,,,,,,,,,,,,,,,,,,,,,,,,,,,,,,,,,,
2023,9,18,19,0,37.6,3,11.67,,,,,,,,,,,,,,,,,,,,,,,,,,,,,,,,,,,,
2023,9,18,20,0,38.4,2.1,10.51,,,,,,,,,,,,,,,,,,,,,,,,,,,,,,,,,,,,
2023,9,18,21,0,38.6,1.4,9.88,,,,,,,,,,,,,,,,,,,,,,,,,,,,,,,,,,,,
2023,9,18,22,0,38.3,0.9,9.7,,,,,,,,,,,,,,,,,,,,,,,,,,,,,,,,,,,,
2023,9,18,23,0,37.4,0.7,10.01,,,,,,,,,,,,,,,,,,,,,,,,,,,,,,,,,,,,
2023,9,19,0,0,35.5,1.8,12.04,,,,,,,,,,,,,,,,,,,,,,,,,,,,,,,,,,,,
2023,9,19,1,0,30.5,5.9,21.24,,,,,,,,,,,,,,,,,,,,,,,,,,,,,,,,,,,,
2023,9,19,2,0,28.6,5.9,23.7,,,,,,,,,,,,,,,,,,,,,,,,,,,,,,,,,,,,
2023,9,19,3,0,27.9,6.2,25.21,,,,,,,,,,,,,,,,,,,,,,,,,,,,,,,,,,,,
2023,9,19,4,0,27.5,6.3,26.11,,,,,,,,,,,,,,,,,,,,,,,,,,,,,,,,,,,,
2023,9,19,5,0,27.2,6.4,26.65,,,,,,,,,,,,,,,,,,,,,,,,,,,,,,,,,,,,
2023,9,19,6,0,26.8,6.4,27.27,,,,,,,,,,,,,,,,,,,,,,,,,,,,,,,,,,,,
2023,9,19,7,0,26.6,6.2,27.28,,,,,,,,,,,,,,,,,,,,,,,,,,,,,,,,,,,,
2023,9,19,8,0,26,6.6,28.93,,,,,,,,,,,,,,,,,,,,,,,,,,,,,,,,,,,,
2023,9,19,9,0,25.1,6.5,30.3,,,,,,,,,,,,,,,,,,,,,,,,,,,,,,,,,,,,
2023,9,19,10,0,24,6.5,32.56,,,,,,,,,,,,,,,,,,,,,,,,,,,,,,,,,,,,
2023,9,19,11,0,22.9,6.9,35.71,,,,,,,,,,,,,,,,,,,,,,,,,,,,,,,,,,,,
2023,9,19,12,0,22,7.3,38.69,,,,,,,,,,,,,,,,,,,,,,,,,,,,,,,,,,,,
2023,9,19,13,0,21.8,7.6,39.86,,,,,,,,,,,,,,,,,,,,,,,,,,,,,,,,,,,,
2023,9,19,14,0,24.7,7.7,33.9,,,,,,,,,,,,,,,,,,,,,,,,,,,,,,,,,,,,
2023,9,19,15,0,28.5,8.2,27.89,,,,,,,,,,,,,,,,,,,,,,,,,,,,,,,,,,,,
2023,9,19,16,0,31.5,8,23.24,,,,,,,,,,,,,,,,,,,,,,,,,,,,,,,,,,,,
2023,9,19,17,0,33.5,6.8,19.04,,,,,,,,,,,,,,,,,,,,,,,,,,,,,,,,,,,,
2023,9,19,18,0,35.1,5.1,15.53,,,,,,,,,,,,,,,,,,,,,,,,,,,,,,,,,,,,
2023,9,19,19,0,36.4,3.3,12.72,,,,,,,,,,,,,,,,,,,,,,,,,,,,,,,,,,,,
2023,9,19,20,0,37.3,1.6,10.77,,,,,,,,,,,,,,,,,,,,,,,,,,,,,,,,,,,,
2023,9,19,21,0,37.8,0.3,9.55,,,,,,,,,,,,,,,,,,,,,,,,,,,,,,,,,,,,
2023,9,19,22,0,37.7,-0.5,9.02,,,,,,,,,,,,,,,,,,,,,,,,,,,,,,,,,,,,
2023,9,19,23,0,37.1,-1.1,8.96,,,,,,,,,,,,,,,,,,,,,,,,,,,,,,,,,,,,
2023,9,20,0,0,35.3,2.1,12.41,,,,,,,,,,,,,,,,,,,,,,,,,,,,,,,,,,,,
2023,9,20,1,0,31.6,4.4,17.94,,,,,,,,,,,,,,,,,,,,,,,,,,,,,,,,,,,,
2023,9,20,2,0,30.4,2.7,17.07,,,,,,,,,,,,,,,,,,,,,,,,,,,,,,,,,,,,
2023,9,20,3,0,29.4,2.6,18.03,,,,,,,,,,,,,,,,,,,,,,,,,,,,,,,,,,,,
2023,9,20,4,0,28.6,2.7,18.97,,,,,,,,,,,,,,,,,,,,,,,,,,,,,,,,,,,,
2023,9,20,5,0,27.9,2.7,19.76,,,,,,,,,,,,,,,,,,,,,,,,,,,,,,,,,,,,
2023,9,20,6,0,26.9,2.8,21.1,,,,,,,,,,,,,,,,,,,,,,,,,,,,,,,,,,,,
2023,9,20,7,0,25.9,3,22.64,,,,,,,,,,,,,,,,,,,,,,,,,,,,,,,,,,,,
2023,9,20,8,0,24.8,3.1,24.48,,,,,,,,,,,,,,,,,,,,,,,,,,,,,,,,,,,,
2023,9,20,9,0,23.9,3.5,26.42,,,,,,,,,,,,,,,,,,,,,,,,,,,,,,,,,,,,
2023,9,20,10,0,23.1,3.7,28.27,,,,,,,,,,,,,,,,,,,,,,,,,,,,,,,,,,,,
2023,9,20,11,0,22.9,4.4,30.06,,,,,,,,,,,,,,,,,,,,,,,,,,,,,,,,,,,,
2023,9,20,12,0,22.6,5,31.75,,,,,,,,,,,,,,,,,,,,,,,,,,,,,,,,,,,,
2023,9,20,13,0,22.6,5.4,32.81,,,,,,,,,,,,,,,,,,,,,,,,,,,,,,,,,,,,
2023,9,20,14,0,24.8,6,29.99,,,,,,,,,,,,,,,,,,,,,,,,,,,,,,,,,,,,
2023,9,20,15,0,27.4,5,23.92,,,,,,,,,,,,,,,,,,,,,,,,,,,,,,,,,,,,
2023,9,20,16,0,30,5.8,21.71,,,,,,,,,,,,,,,,,,,,,,,,,,,,,,,,,,,,
2023,9,20,17,0,33,5,17.4,,,,,,,,,,,,,,,,,,,,,,,,,,,,,,,,,,,,
2023,9,20,18,0,35.1,3.6,13.96,,,,,,,,,,,,,,,,,,,,,,,,,,,,,,,,,,,,
2023,9,20,19,0,36.6,2,11.52,,,,,,,,,,,,,,,,,,,,,,,,,,,,,,,,,,,,
2023,9,20,20,0,37.5,0.8,10.08,,,,,,,,,,,,,,,,,,,,,,,,,,,,,,,,,,,,
2023,9,20,21,0,38,0.2,9.34,,,,,,,,,,,,,,,,,,,,,,,,,,,,,,,,,,,,
2023,9,20,22,0,37.9,0.1,9.37,,,,,,,,,,,,,,,,,,,,,,,,,,,,,,,,,,,,
2023,9,20,23,0,37.1,0.7,10.23,,,,,,,,,,,,,,,,,,,,,,,,,,,,,,,,,,,,
2023,9,21,0,0,35.4,1.9,12.23,,,,,,,,,,,,,,,,,,,,,,,,,,,,,,,,,,,,
2023,9,21,1,0,30.8,4.1,18.44,,,,,,,,,,,,,,,,,,,,,,,,,,,,,,,,,,,,
2023,9,21,2,0,28.5,4.9,22.34,,,,,,,,,,,,,,,,,,,,,,,,,,,,,,,,,,,,
2023,9,21,3,0,27,5.4,25.18,,,,,,,,,,,,,,,,,,,,,,,,,,,,,,,,,,,,
2023,9,21,4,0,25.6,5.7,27.95,,,,,,,,,,,,,,,,,,,,,,,,,,,,,,,,,,,,
2023,9,21,5,0,24.5,5.8,30.1,,,,,,,,,,,,,,,,,,,,,,,,,,,,,,,,,,,,
2023,9,21,6,0,23.9,5.8,31.03,,,,,,,,,,,,,,,,,,,,,,,,,,,,,,,,,,,,
2023,9,21,7,0,23.3,5.6,31.82,,,,,,,,,,,,,,,,,,,,,,,,,,,,,,,,,,,,
2023,9,21,8,0,22.5,5.4,32.91,,,,,,,,,,,,,,,,,,,,,,,,,,,,,,,,,,,,
2023,9,21,9,0,21.7,5,33.73,,,,,,,,,,,,,,,,,,,,,,,,,,,,,,,,,,,,
2023,9,21,10,0,21.1,4.6,33.91,,,,,,,,,,,,,,,,,,,,,,,,,,,,,,,,,,,,
2023,9,21,11,0,20.6,4.1,33.79,,,,,,,,,,,,,,,,,,,,,,,,,,,,,,,,,,,,
2023,9,21,12,0,20.2,3.5,33.15,,,,,,,,,,,,,,,,,,,,,,,,,,,,,,,,,,,,
2023,9,21,13,0,20.1,2.8,31.81,,,,,,,,,,,,,,,,,,,,,,,,,,,,,,,,,,,,
2023,9,21,14,0,24,1.9,23.55,,,,,,,,,,,,,,,,,,,,,,,,,,,,,,,,,,,,
2023,9,21,15,0,27.8,4.1,21.96,,,,,,,,,,,,,,,,,,,,,,,,,,,,,,,,,,,,
2023,9,21,16,0,30.6,6.2,21.65,,,,,,,,,,,,,,,,,,,,,,,,,,,,,,,,,,,,
2023,9,21,17,0,32.6,6,19.05,,,,,,,,,,,,,,,,,,,,,,,,,,,,,,,,,,,,
2023,9,21,18,0,34.2,5.3,16.53,,,,,,,,,,,,,,,,,,,,,,,,,,,,,,,,,,,,
2023,9,21,19,0,35.6,4.4,14.36,,,,,,,,,,,,,,,,,,,,,,,,,,,,,,,,,,,,
2023,9,21,20,0,36.4,3.6,13.01,,,,,,,,,,,,,,,,,,,,,,,,,,,,,,,,,,,,
2023,9,21,21,0,36.8,3.1,12.28,,,,,,,,,,,,,,,,,,,,,,,,,,,,,,,,,,,,
2023,9,21,22,0,36.6,2.9,12.28,,,,,,,,,,,,,,,,,,,,,,,,,,,,,,,,,,,,
2023,9,21,23,0,35.6,3.1,13.17,,,,,,,,,,,,,,,,,,,,,,,,,,,,,,,,,,,,
2023,9,22,0,0,34,3.8,15.09,,,,,,,,,,,,,,,,,,,,,,,,,,,,,,,,,,,,
2023,9,22,1,0,30.3,5.6,21.03,,,,,,,,,,,,,,,,,,,,,,,,,,,,,,,,,,,,
2023,9,22,2,0,28.7,5.9,23.58,,,,,,,,,,,,,,,,,,,,,,,,,,,,,,,,,,,,
2023,9,22,3,0,27.8,5.6,24.42,,,,,,,,,,,,,,,,,,,,,,,,,,,,,,,,,,,,
2023,9,22,4,0,26.8,5.1,24.95,,,,,,,,,,,,,,,,,,,,,,,,,,,,,,,,,,,,
2023,9,22,5,0,25.7,4.7,25.85,,,,,,,,,,,,,,,,,,,,,,,,,,,,,,,,,,,,
2023,9,22,6,0,24.5,4.2,26.85,,,,,,,,,,,,,,,,,,,,,,,,,,,,,,,,,,,,
2023,9,22,7,0,23.8,3.8,27.29,,,,,,,,,,,,,,,,,,,,,,,,,,,,,,,,,,,,
2023,9,22,8,0,23.7,3.7,27.16,,,,,,,,,,,,,,,,,,,,,,,,,,,,,,,,,,,,
2023,9,22,9,0,24.1,3.9,26.85,,,,,,,,,,,,,,,,,,,,,,,,,,,,,,,,,,,,
2023,9,22,10,0,23.8,4,27.67,,,,,,,,,,,,,,,,,,,,,,,,,,,,,,,,,,,,
2023,9,22,11,0,23.3,4.1,28.63,,,,,,,,,,,,,,,,,,,,,,,,,,,,,,,,,,,,
2023,9,22,12,0,22.5,4.5,30.84,,,,,,,,,,,,,,,,,,,,,,,,,,,,,,,,,,,,
2023,9,22,13,0,21.9,4.9,33.03,,,,,,,,,,,,,,,,,,,,,,,,,,,,,,,,,,,,
2023,9,22,14,0,24.8,5.8,29.59,,,,,,,,,,,,,,,,,,,,,,,,,,,,,,,,,,,,
2023,9,22,15,0,28.5,6.9,25.58,,,,,,,,,,,,,,,,,,,,,,,,,,,,,,,,,,,,
2023,9,22,16,0,31,7.9,23.66,,,,,,,,,,,,,,,,,,,,,,,,,,,,,,,,,,,,
2023,9,22,17,0,32.9,7.5,20.67,,,,,,,,,,,,,,,,,,,,,,,,,,,,,,,,,,,,
2023,9,22,18,0,34.4,6.8,18.15,,,,,,,,,,,,,,,,,,,,,,,,,,,,,,,,,,,,
2023,9,22,19,0,35.1,6.1,16.69,,,,,,,,,,,,,,,,,,,,,,,,,,,,,,,,,,,,
2023,9,22,20,0,35.2,5.6,15.97,,,,,,,,,,,,,,,,,,,,,,,,,,,,,,,,,,,,
2023,9,22,21,0,35.4,5.1,15.24,,,,,,,,,,,,,,,,,,,,,,,,,,,,,,,,,,,,
2023,9,22,22,0,35.7,4.7,14.58,,,,,,,,,,,,,,,,,,,,,,,,,,,,,,,,,,,,
2023,9,22,23,0,35.3,4.4,14.61,,,,,,,,,,,,,,,,,,,,,,,,,,,,,,,,,,,,
2023,9,23,0,0,33.9,4.5,15.9,,,,,,,,,,,,,,,,,,,,,,,,,,,,,,,,,,,,
2023,9,23,1,0,29.9,6.3,22.69,,,,,,,,,,,,,,,,,,,,,,,,,,,,,,,,,,,,
2023,9,23,2,0,29.2,6.1,23.25,,,,,,,,,,,,,,,,,,,,,,,,,,,,,,,,,,,,
2023,9,23,3,0,29,5.9,23.27,,,,,,,,,,,,,,,,,,,,,,,,,,,,,,,,,,,,
2023,9,23,4,0,28.5,6,24.05,,,,,,,,,,,,,,,,,,,,,,,,,,,,,,,,,,,,
2023,9,23,5,0,27.5,6.2,25.86,,,,,,,,,,,,,,,,,,,,,,,,,,,,,,,,,,,,
2023,9,23,6,0,26.8,6.2,26.96,,,,,,,,,,,,,,,,,,,,,,,,,,,,,,,,,,,,
2023,9,23,7,0,26.4,6.1,27.34,,,,,,,,,,,,,,,,,,,,,,,,,,,,,,,,,,,,
2023,9,23,8,0,26,6,27.77,,,,,,,,,,,,,,,,,,,,,,,,,,,,,,,,,,,,
2023,9,23,9,0,25.8,5.9,28.04,,,,,,,,,,,,,,,,,,,,,,,,,,,,,,,,,,,,
2023,9,23,10,0,25.2,5.8,28.85,,,,,,,,,,,,,,,,,,,,,,,,,,,,,,,,,,,,
2023,9,23,11,0,24.4,5.7,30.05,,,,,,,,,,,,,,,,,,,,,,,,,,,,,,,,,,,,
2023,9,23,12,0,23.5,5.6,31.54,,,,,,,,,,,,,,,,,,,,,,,,,,,,,,,,,,,,
2023,9,23,13,0,23.1,5.8,32.62,,,,,,,,,,,,,,,,,,,,,,,,,,,,,,,,,,,,
2023,9,23,14,0,25.7,6.1,28.54,,,,,,,,,,,,,,,,,,,,,,,,,,,,,,,,,,,,
2023,9,23,15,0,28.7,5.6,23.09,,,,,,,,,,,,,,,,,,,,,,,,,,,,,,,,,,,,
2023,9,23,16,0,31.8,5.2,18.88,,,,,,,,,,,,,,,,,,,,,,,,,,,,,,,,,,,,
2023,9,23,17,0,33.5,5.8,17.89,,,,,,,,,,,,,,,,,,,,,,,,,,,,,,,,,,,,
2023,9,23,18,0,34.1,7.4,19.28,,,,,,,,,,,,,,,,,,,,,,,,,,,,,,,,,,,,
2023,9,23,19,0,34.6,9,20.91,,,,,,,,,,,,,,,,,,,,,,,,,,,,,,,,,,,,
2023,9,23,20,0,35.4,10.1,21.55,,,,,,,,,,,,,,,,,,,,,,,,,,,,,,,,,,,,
2023,9,23,21,0,36,10.6,21.49,,,,,,,,,,,,,,,,,,,,,,,,,,,,,,,,,,,,
2023,9,23,22,0,36,10.5,21.39,,,,,,,,,,,,,,,,,,,,,,,,,,,,,,,,,,,,
2023,9,23,23,0,35.5,10.2,21.49,,,,,,,,,,,,,,,,,,,,,,,,,,,,,,,,,,,,
2023,9,24,0,0,34.1,9.8,22.64,,,,,,,,,,,,,,,,,,,,,,,,,,,,,,,,,,,,
2023,9,24,1,0,30.7,10.1,28.06,,,,,,,,,,,,,,,,,,,,,,,,,,,,,,,,,,,,
2023,9,24,2,0,29.7,9.5,28.42,,,,,,,,,,,,,,,,,,,,,,,,,,,,,,,,,,,,
2023,9,24,3,0,29,8.9,28.54,,,,,,,,,,,,,,,,,,,,,,,,,,,,,,,,,,,,
2023,9,24,4,0,28.2,8.5,28.94,,,,,,,,,,,,,,,,,,,,,,,,,,,,,,,,,,,,
2023,9,24,5,0,27.3,8,29.65,,,,,,,,,,,,,,,,,,,,,,,,,,,,,,,,,,,,
2023,9,24,6,0,26.7,7.6,29.86,,,,,,,,,,,,,,,,,,,,,,,,,,,,,,,,,,,,
2023,9,24,7,0,26.4,7.3,29.67,,,,,,,,,,,,,,,,,,,,,,,,,,,,,,,,,,,,
2023,9,24,8,0,26,7,29.88,,,,,,,,,,,,,,,,,,,,,,,,,,,,,,,,,,,,
2023,9,24,9,0,25.4,7,30.81,,,,,,,,,,,,,,,,,,,,,,,,,,,,,,,,,,,,
2023,9,24,10,0,24.5,7,32.67,,,,,,,,,,,,,,,,,,,,,,,,,,,,,,,,,,,,
2023,9,24,11,0,23.7,7.2,34.64,,,,,,,,,,,,,,,,,,,,,,,,,,,,,,,,,,,,
2023,9,24,12,0,22.9,7.4,36.84,,,,,,,,,,,,,,,,,,,,,,,,,,,,,,,,,,,,
2023,9,24,13,0,22.2,7.7,39.19,,,,,,,,,,,,,,,,,,,,,,,,,,,,,,,,,,,,
2023,9,24,14,0,25.2,8.1,33.72,,,,,,,,,,,,,,,,,,,,,,,,,,,,,,,,,,,,
2023,9,24,15,0,29.3,7.5,25.47,,,,,,,,,,,,,,,,,,,,,,,,,,,,,,,,,,,,
2023,9,24,16,0,32.5,5.3,18.16,,,,,,,,,,,,,,,,,,,,,,,,,,,,,,,,,,,,
2023,9,24,17,0,34.4,3.8,14.76,,,,,,,,,,,,,,,,,,,,,,,,,,,,,,,,,,,,
2023,9,24,18,0,35.8,3.1,12.95,,,,,,,,,,,,,,,,,,,,,,,,,,,,,,,,,,,,
2023,9,24,19,0,36.8,2.5,11.76,,,,,,,,,,,,,,,,,,,,,,,,,,,,,,,,,,,,
2023,9,24,20,0,37.5,2,10.94,,,,,,,,,,,,,,,,,,,,,,,,,,,,,,,,,,,,
2023,9,24,21,0,37.8,1.5,10.4,,,,,,,,,,,,,,,,,,,,,,,,,,,,,,,,,,,,
2023,9,24,22,0,37.6,1,10.11,,,,,,,,,,,,,,,,,,,,,,,,,,,,,,,,,,,,
2023,9,24,23,0,36.9,0.4,10.1,,,,,,,,,,,,,,,,,,,,,,,,,,,,,,,,,,,,
2023,9,25,0,0,35.1,1.8,12.27,,,,,,,,,,,,,,,,,,,,,,,,,,,,,,,,,,,,
2023,9,25,1,0,31.5,3,16.44,,,,,,,,,,,,,,,,,,,,,,,,,,,,,,,,,,,,
2023,9,25,2,0,30.5,2,16.15,,,,,,,,,,,,,,,,,,,,,,,,,,,,,,,,,,,,
2023,9,25,3,0,30.4,1.3,15.48,,,,,,,,,,,,,,,,,,,,,,,,,,,,,,,,,,,,
2023,9,25,4,0,30,0.9,15.44,,,,,,,,,,,,,,,,,,,,,,,,,,,,,,,,,,,,
2023,9,25,5,0,28.4,1,17,,,,,,,,,,,,,,,,,,,,,,,,,,,,,,,,,,,,
2023,9,25,6,0,26.7,1.1,18.93,,,,,,,,,,,,,,,,,,,,,,,,,,,,,,,,,,,,
2023,9,25,7,0,25.2,1.5,21.32,,,,,,,,,,,,,,,,,,,,,,,,,,,,,,,,,,,,
2023,9,25,8,0,24.3,2.3,23.75,,,,,,,,,,,,,,,,,,,,,,,,,,,,,,,,,,,,
2023,9,25,9,0,23.4,3.1,26.48,,,,,,,,,,,,,,,,,,,,,,,,,,,,,,,,,,,,
2023,9,25,10,0,22.6,3.7,29.08,,,,,,,,,,,,,,,,,,,,,,,,,,,,,,,,,,,,
2023,9,25,11,0,21.8,4.1,31.44,,,,,,,,,,,,,,,,,,,,,,,,,,,,,,,,,,,,
2023,9,25,12,0,21.2,4.2,32.9,,,,,,,,,,,,,,,,,,,,,,,,,,,,,,,,,,,,
2023,9,25,13,0,21,4,32.84,,,,,,,,,,,,,,,,,,,,,,,,,,,,,,,,,,,,
2023,9,25,14,0,24.9,3.8,25.47,,,,,,,,,,,,,,,,,,,,,,,,,,,,,,,,,,,,
2023,9,25,15,0,29,3,18.94,,,,,,,,,,,,,,,,,,,,,,,,,,,,,,,,,,,,
2023,9,25,16,0,33.1,0.7,12.7,,,,,,,,,,,,,,,,,,,,,,,,,,,,,,,,,,,,
2023,9,25,17,0,35.9,-0.9,9.68,,,,,,,,,,,,,,,,,,,,,,,,,,,,,,,,,,,,
2023,9,25,18,0,37.4,-0.9,8.9,,,,,,,,,,,,,,,,,,,,,,,,,,,,,,,,,,,,
2023,9,25,19,0,38.5,-0.5,8.64,,,,,,,,,,,,,,,,,,,,,,,,,,,,,,,,,,,,
2023,9,25,20,0,39,-0.1,8.65,,,,,,,,,,,,,,,,,,,,,,,,,,,,,,,,,,,,
2023,9,25,21,0,39.2,0,8.64,,,,,,,,,,,,,,,,,,,,,,,,,,,,,,,,,,,,
2023,9,25,22,0,38.9,0,8.76,,,,,,,,,,,,,,,,,,,,,,,,,,,,,,,,,,,,
2023,9,25,23,0,38,-0.1,9.13,,,,,,,,,,,,,,,,,,,,,,,,,,,,,,,,,,,,
2023,9,26,0,0,36,1.9,11.82,,,,,,,,,,,,,,,,,,,,,,,,,,,,,,,,,,,,
2023,9,26,1,0,32.5,2.8,15.24,,,,,,,,,,,,,,,,,,,,,,,,,,,,,,,,,,,,
2023,9,26,2,0,31.7,1.8,14.86,,,,,,,,,,,,,,,,,,,,,,,,,,,,,,,,,,,,
2023,9,26,3,0,30.6,1.4,15.45,,,,,,,,,,,,,,,,,,,,,,,,,,,,,,,,,,,,
2023,9,26,4,0,29.5,1,15.96,,,,,,,,,,,,,,,,,,,,,,,,,,,,,,,,,,,,
2023,9,26,5,0,28.4,0.7,16.7,,,,,,,,,,,,,,,,,,,,,,,,,,,,,,,,,,,,
2023,9,26,6,0,27.3,0.5,17.47,,,,,,,,,,,,,,,,,,,,,,,,,,,,,,,,,,,,
2023,9,26,7,0,26.5,0.2,17.87,,,,,,,,,,,,,,,,,,,,,,,,,,,,,,,,,,,,
2023,9,26,8,0,25.7,-0.2,18.26,,,,,,,,,,,,,,,,,,,,,,,,,,,,,,,,,,,,
2023,9,26,9,0,25,-0.4,18.71,,,,,,,,,,,,,,,,,,,,,,,,,,,,,,,,,,,,
2023,9,26,10,0,24.2,-0.7,19.32,,,,,,,,,,,,,,,,,,,,,,,,,,,,,,,,,,,,
2023,9,26,11,0,23.6,-0.9,19.75,,,,,,,,,,,,,,,,,,,,,,,,,,,,,,,,,,,,
2023,9,26,12,0,23,-1,20.27,,,,,,,,,,,,,,,,,,,,,,,,,,,,,,,,,,,,
2023,9,26,13,0,22.7,-1,20.59,,,,,,,,,,,,,,,,,,,,,,,,,,,,,,,,,,,,
2023,9,26,14,0,26.5,-0.8,16.72,,,,,,,,,,,,,,,,,,,,,,,,,,,,,,,,,,,,
2023,9,26,15,0,30.6,-0.8,13.12,,,,,,,,,,,,,,,,,,,,,,,,,,,,,,,,,,,,
2023,9,26,16,0,34.8,-0.6,10.52,,,,,,,,,,,,,,,,,,,,,,,,,,,,,,,,,,,,
2023,9,26,17,0,37.4,-0.4,9.26,,,,,,,,,,,,,,,,,,,,,,,,,,,,,,,,,,,,
2023,9,26,18,0,39,-0.1,8.66,,,,,,,,,,,,,,,,,,,,,,,,,,,,,,,,,,,,
2023,9,26,19,0,40,0,8.31,,,,,,,,,,,,,,,,,,,,,,,,,,,,,,,,,,,,
2023,9,26,20,0,40.4,0.1,8.19,,,,,,,,,,,,,,,,,,,,,,,,,,,,,,,,,,,,
2023,9,26,21,0,40.5,0,8.09,,,,,,,,,,,,,,,,,,,,,,,,,,,,,,,,,,,,
2023,9,26,22,0,40.1,-0.1,8.17,,,,,,,,,,,,,,,,,,,,,,,,,,,,,,,,,,,,
2023,9,26,23,0,39.1,-0.4,8.44,,,,,,,,,,,,,,,,,,,,,,,,,,,,,,,,,,,,
2023,9,27,0,0,36.8,0.5,10.23,,,,,,,,,,,,,,,,,,,,,,,,,,,,,,,,,,,,
2023,9,27,1,0,32.2,1.5,14.19,,,,,,,,,,,,,,,,,,,,,,,,,,,,,,,,,,,,
2023,9,27,2,0,31.3,0.5,13.9,,,,,,,,,,,,,,,,,,,,,,,,,,,,,,,,,,,,
2023,9,27,3,0,30.8,-0.3,13.51,,,,,,,,,,,,,,,,,,,,,,,,,,,,,,,,,,,,
2023,9,27,4,0,30.3,-1,13.14,,,,,,,,,,,,,,,,,,,,,,,,,,,,,,,,,,,,
2023,9,27,5,0,29.6,-1.6,13.13,,,,,,,,,,,,,,,,,,,,,,,,,,,,,,,,,,,,
2023,9,27,6,0,28.5,-1.8,13.79,,,,,,,,,,,,,,,,,,,,,,,,,,,,,,,,,,,,
2023,9,27,7,0,27.5,-1.7,14.72,,,,,,,,,,,,,,,,,,,,,,,,,,,,,,,,,,,,
2023,9,27,8,0,26.3,-1.5,16.05,,,,,,,,,,,,,,,,,,,,,,,,,,,,,,,,,,,,
2023,9,27,9,0,24.9,-1.3,17.72,,,,,,,,,,,,,,,,,,,,,,,,,,,,,,,,,,,,
2023,9,27,10,0,23.7,-0.9,19.51,,,,,,,,,,,,,,,,,,,,,,,,,,,,,,,,,,,,
2023,9,27,11,0,22.9,-0.7,20.9,,,,,,,,,,,,,,,,,,,,,,,,,,,,,,,,,,,,
2023,9,27,12,0,22.4,-0.5,21.81,,,,,,,,,,,,,,,,,,,,,,,,,,,,,,,,,,,,
2023,9,27,13,0,22.2,-0.3,22.32,,,,,,,,,,,,,,,,,,,,,,,,,,,,,,,,,,,,
2023,9,27,14,0,25.8,0.3,18.89,,,,,,,,,,,,,,,,,,,,,,,,,,,,,,,,,,,,
2023,9,27,15,0,30.2,-0.2,14.06,,,,,,,,,,,,,,,,,,,,,,,,,,,,,,,,,,,,
2023,9,27,16,0,34.2,-1.9,9.9,,,,,,,,,,,,,,,,,,,,,,,,,,,,,,,,,,,,
2023,9,27,17,0,37.1,-2.4,8.13,,,,,,,,,,,,,,,,,,,,,,,,,,,,,,,,,,,,
2023,9,27,18,0,38.7,-1.5,7.97,,,,,,,,,,,,,,,,,,,,,,,,,,,,,,,,,,,,
2023,9,27,19,0,39.7,-1.1,7.77,,,,,,,,,,,,,,,,,,,,,,,,,,,,,,,,,,,,
2023,9,27,20,0,40.3,-1.1,7.5,,,,,,,,,,,,,,,,,,,,,,,,,,,,,,,,,,,,
2023,9,27,21,0,40.5,-1.4,7.29,,,,,,,,,,,,,,,,,,,,,,,,,,,,,,,,,,,,
2023,9,27,22,0,40,-1.5,7.41,,,,,,,,,,,,,,,,,,,,,,,,,,,,,,,,,,,,
2023,9,27,23,0,38.9,-1.5,7.85,,,,,,,,,,,,,,,,,,,,,,,,,,,,,,,,,,,,
2023,9,28,0,0,36.1,1.1,11.1,,,,,,,,,,,,,,,,,,,,,,,,,,,,,,,,,,,,
2023,9,28,1,0,32.5,1.1,13.55,,,,,,,,,,,,,,,,,,,,,,,,,,,,,,,,,,,,
2023,9,28,2,0,31.1,0.4,13.89,,,,,,,,,,,,,,,,,,,,,,,,,,,,,,,,,,,,
2023,9,28,3,0,30.4,-0.1,14,,,,,,,,,,,,,,,,,,,,,,,,,,,,,,,,,,,,
2023,9,28,4,0,30.2,-0.5,13.73,,,,,,,,,,,,,,,,,,,,,,,,,,,,,,,,,,,,
2023,9,28,5,0,30.2,-0.8,13.43,,,,,,,,,,,,,,,,,,,,,,,,,,,,,,,,,,,,
2023,9,28,6,0,30,-1,13.44,,,,,,,,,,,,,,,,,,,,,,,,,,,,,,,,,,,,
2023,9,28,7,0,29.7,-1,13.61,,,,,,,,,,,,,,,,,,,,,,,,,,,,,,,,,,,,
2023,9,28,8,0,28.4,-0.3,15.51,,,,,,,,,,,,,,,,,,,,,,,,,,,,,,,,,,,,
2023,9,28,9,0,26.8,0.9,18.52,,,,,,,,,,,,,,,,,,,,,,,,,,,,,,,,,,,,
2023,9,28,10,0,25.1,2.2,22.57,,,,,,,,,,,,,,,,,,,,,,,,,,,,,,,,,,,,
2023,9,28,11,0,23.9,3.7,26.84,,,,,,,,,,,,,,,,,,,,,,,,,,,,,,,,,,,,
2023,9,28,12,0,23.1,5,30.86,,,,,,,,,,,,,,,,,,,,,,,,,,,,,,,,,,,,
2023,9,28,13,0,22.7,5.9,33.62,,,,,,,,,,,,,,,,,,,,,,,,,,,,,,,,,,,,
2023,9,28,14,0,25.9,6.3,28.58,,,,,,,,,,,,,,,,,,,,,,,,,,,,,,,,,,,,
2023,9,28,15,0,29.8,6.1,22.44,,,,,,,,,,,,,,,,,,,,,,,,,,,,,,,,,,,,
2023,9,28,16,0,33.3,4.9,16.89,,,,,,,,,,,,,,,,,,,,,,,,,,,,,,,,,,,,
2023,9,28,17,0,35.6,4,13.99,,,,,,,,,,,,,,,,,,,,,,,,,,,,,,,,,,,,
2023,9,28,18,0,37.2,3.1,12.03,,,,,,,,,,,,,,,,,,,,,,,,,,,,,,,,,,,,
2023,9,28,19,0,38.4,2,10.42,,,,,,,,,,,,,,,,,,,,,,,,,,,,,,,,,,,,
2023,9,28,20,0,39.1,0.9,9.28,,,,,,,,,,,,,,,,,,,,,,,,,,,,,,,,,,,,
2023,9,28,21,0,39.4,-0.2,8.44,,,,,,,,,,,,,,,,,,,,,,,,,,,,,,,,,,,,
2023,9,28,22,0,39.1,-1.1,8.03,,,,,,,,,,,,,,,,,,,,,,,,,,,,,,,,,,,,
2023,9,28,23,0,38.3,-1.9,7.89,,,,,,,,,,,,,,,,,,,,,,,,,,,,,,,,,,,,
2023,9,29,0,0,36,-0.9,9.62,,,,,,,,,,,,,,,,,,,,,,,,,,,,,,,,,,,,
2023,9,29,1,0,32.1,-0.5,12.33,,,,,,,,,,,,,,,,,,,,,,,,,,,,,,,,,,,,
2023,9,29,2,0,30.7,-1.1,12.82,,,,,,,,,,,,,,,,,,,,,,,,,,,,,,,,,,,,
2023,9,29,3,0,29.5,-1.3,13.47,,,,,,,,,,,,,,,,,,,,,,,,,,,,,,,,,,,,
2023,9,29,4,0,28,-1.3,14.67,,,,,,,,,,,,,,,,,,,,,,,,,,,,,,,,,,,,
2023,9,29,5,0,26.2,-1,16.74,,,,,,,,,,,,,,,,,,,,,,,,,,,,,,,,,,,,
2023,9,29,6,0,24.7,-0.4,19.08,,,,,,,,,,,,,,,,,,,,,,,,,,,,,,,,,,,,
2023,9,29,7,0,23.6,0.2,21.27,,,,,,,,,,,,,,,,,,,,,,,,,,,,,,,,,,,,
2023,9,29,8,0,23.2,0.5,22.34,,,,,,,,,,,,,,,,,,,,,,,,,,,,,,,,,,,,
2023,9,29,9,0,23.5,0.5,21.96,,,,,,,,,,,,,,,,,,,,,,,,,,,,,,,,,,,,
2023,9,29,10,0,23.8,0.3,21.18,,,,,,,,,,,,,,,,,,,,,,,,,,,,,,,,,,,,
2023,9,29,11,0,22.9,-0.2,21.53,,,,,,,,,,,,,,,,,,,,,,,,,,,,,,,,,,,,
2023,9,29,12,0,21.6,-1.2,21.75,,,,,,,,,,,,,,,,,,,,,,,,,,,,,,,,,,,,
2023,9,29,13,0,20.7,-1.9,21.79,,,,,,,,,,,,,,,,,,,,,,,,,,,,,,,,,,,,
2023,9,29,14,0,23.6,-1.8,18.46,,,,,,,,,,,,,,,,,,,,,,,,,,,,,,,,,,,,
2023,9,29,15,0,28,-2.1,13.86,,,,,,,,,,,,,,,,,,,,,,,,,,,,,,,,,,,,
2023,9,29,16,0,31.5,-2.2,11.28,,,,,,,,,,,,,,,,,,,,,,,,,,,,,,,,,,,,
2023,9,29,17,0,34,-3.4,8.95,,,,,,,,,,,,,,,,,,,,,,,,,,,,,,,,,,,,
2023,9,29,18,0,35.8,-4.5,7.45,,,,,,,,,,,,,,,,,,,,,,,,,,,,,,,,,,,,
2023,9,29,19,0,37.3,-5.4,6.44,,,,,,,,,,,,,,,,,,,,,,,,,,,,,,,,,,,,
2023,9,29,20,0,38.3,-5.9,5.86,,,,,,,,,,,,,,,,,,,,,,,,,,,,,,,,,,,,
2023,9,29,21,0,38.9,-6,5.63,,,,,,,,,,,,,,,,,,,,,,,,,,,,,,,,,,,,
2023,9,29,22,0,38.7,-5.8,5.76,,,,,,,,,,,,,,,,,,,,,,,,,,,,,,,,,,,,
2023,9,29,23,0,37.9,-5.4,6.2,,,,,,,,,,,,,,,,,,,,,,,,,,,,,,,,,,,,
2023,9,30,0,0,35.3,-2.5,8.93,,,,,,,,,,,,,,,,,,,,,,,,,,,,,,,,,,,,
2023,9,30,1,0,31.6,-1.5,11.82,,,,,,,,,,,,,,,,,,,,,,,,,,,,,,,,,,,,
2023,9,30,2,0,30.6,-1.2,12.77,,,,,,,,,,,,,,,,,,,,,,,,,,,,,,,,,,,,
2023,9,30,3,0,29.2,-0.3,14.78,,,,,,,,,,,,,,,,,,,,,,,,,,,,,,,,,,,,
2023,9,30,4,0,27.8,0.7,17.18,,,,,,,,,,,,,,,,,,,,,,,,,,,,,,,,,,,,
2023,9,30,5,0,26.4,1.7,20.07,,,,,,,,,,,,,,,,,,,,,,,,,,,,,,,,,,,,
2023,9,30,6,0,25.2,2.5,22.91,,,,,,,,,,,,,,,,,,,,,,,,,,,,,,,,,,,,
2023,9,30,7,0,24.6,3.1,24.77,,,,,,,,,,,,,,,,,,,,,,,,,,,,,,,,,,,,
2023,9,30,8,0,24,3.3,25.94,,,,,,,,,,,,,,,,,,,,,,,,,,,,,,,,,,,,
2023,9,30,9,0,22.9,2.7,26.57,,,,,,,,,,,,,,,,,,,,,,,,,,,,,,,,,,,,
2023,9,30,10,0,21.7,1.4,26.15,,,,,,,,,,,,,,,,,,,,,,,,,,,,,,,,,,,,
2023,9,30,11,0,21.1,-0.2,24.11,,,,,,,,,,,,,,,,,,,,,,,,,,,,,,,,,,,,
2023,9,30,12,0,20.7,-2,21.72,,,,,,,,,,,,,,,,,,,,,,,,,,,,,,,,,,,,
2023,9,30,13,0,20.4,-3.5,19.79,,,,,,,,,,,,,,,,,,,,,,,,,,,,,,,,,,,,
2023,9,30,14,0,24,-4.4,14.83,,,,,,,,,,,,,,,,,,,,,,,,,,,,,,,,,,,,
2023,9,30,15,0,27.5,1.4,18.46,,,,,,,,,,,,,,,,,,,,,,,,,,,,,,,,,,,,
2023,9,30,16,0,30.1,6,21.88,,,,,,,,,,,,,,,,,,,,,,,,,,,,,,,,,,,,
2023,9,30,17,0,32.4,6,19.26,,,,,,,,,,,,,,,,,,,,,,,,,,,,,,,,,,,,
2023,9,30,18,0,34.3,5.1,16.2,,,,,,,,,,,,,,,,,,,,,,,,,,,,,,,,,,,,
2023,9,30,19,0,35.6,4.3,14.29,,,,,,,,,,,,,,,,,,,,,,,,,,,,,,,,,,,,
2023,9,30,20,0,36.2,4.2,13.73,,,,,,,,,,,,,,,,,,,,,,,,,,,,,,,,,,,,
2023,9,30,21,0,36.2,4.5,14.06,,,,,,,,,,,,,,,,,,,,,,,,,,,,,,,,,,,,
2023,9,30,22,0,35.6,4.9,14.88,,,,,,,,,,,,,,,,,,,,,,,,,,,,,,,,,,,,
2023,9,30,23,0,34.3,4.9,16.05,,,,,,,,,,,,,,,,,,,,,,,,,,,,,,,,,,,,
2023,10,1,0,0,32.4,4.8,17.71,,,,,,,,,,,,,,,,,,,,,,,,,,,,,,,,,,,,
2023,10,1,1,0,29.6,4.7,20.65,,,,,,,,,,,,,,,,,,,,,,,,,,,,,,,,,,,,
2023,10,1,2,0,27.3,4.8,23.69,,,,,,,,,,,,,,,,,,,,,,,,,,,,,,,,,,,,
2023,10,1,3,0,25.7,5.3,26.98,,,,,,,,,,,,,,,,,,,,,,,,,,,,,,,,,,,,
2023,10,1,4,0,24.8,6.4,30.65,,,,,,,,,,,,,,,,,,,,,,,,,,,,,,,,,,,,
2023,10,1,5,0,23.9,7.5,35.1,,,,,,,,,,,,,,,,,,,,,,,,,,,,,,,,,,,,
2023,10,1,6,0,22.9,8.5,39.83,,,,,,,,,,,,,,,,,,,,,,,,,,,,,,,,,,,,
2023,10,1,7,0,21.9,9.1,44.1,,,,,,,,,,,,,,,,,,,,,,,,,,,,,,,,,,,,
2023,10,1,8,0,20.9,9.5,47.92,,,,,,,,,,,,,,,,,,,,,,,,,,,,,,,,,,,,
2023,10,1,9,0,20.1,9.7,51.03,,,,,,,,,,,,,,,,,,,,,,,,,,,,,,,,,,,,
2023,10,1,10,0,19.5,9.8,53.52,,,,,,,,,,,,,,,,,,,,,,,,,,,,,,,,,,,,
2023,10,1,11,0,19.1,10,55.51,,,,,,,,,,,,,,,,,,,,,,,,,,,,,,,,,,,,
2023,10,1,12,0,18.7,10.2,57.67,,,,,,,,,,,,,,,,,,,,,,,,,,,,,,,,,,,,
2023,10,1,13,0,18.5,10.4,59.13,,,,,,,,,,,,,,,,,,,,,,,,,,,,,,,,,,,,
2023,10,1,14,0,20.7,10.5,51.96,,,,,,,,,,,,,,,,,,,,,,,,,,,,,,,,,,,,
2023,10,1,15,0,23.8,10.1,41.85,,,,,,,,,,,,,,,,,,,,,,,,,,,,,,,,,,,,
2023,10,1,16,0,26,10.1,36.82,,,,,,,,,,,,,,,,,,,,,,,,,,,,,,,,,,,,
2023,10,1,17,0,27.6,10,33.16,,,,,,,,,,,,,,,,,,,,,,,,,,,,,,,,,,,,
2023,10,1,18,0,29.1,9.4,29.2,,,,,,,,,,,,,,,,,,,,,,,,,,,,,,,,,,,,
2023,10,1,19,0,30.2,8.6,26.07,,,,,,,,,,,,,,,,,,,,,,,,,,,,,,,,,,,,
2023,10,1,20,0,31.1,7.7,23.28,,,,,,,,,,,,,,,,,,,,,,,,,,,,,,,,,,,,
2023,10,1,21,0,31.4,6.9,21.64,,,,,,,,,,,,,,,,,,,,,,,,,,,,,,,,,,,,
2023,10,1,22,0,31.2,6.3,21.07,,,,,,,,,,,,,,,,,,,,,,,,,,,,,,,,,,,,
2023,10,1,23,0,30.4,6.1,21.71,,,,,,,,,,,,,,,,,,,,,,,,,,,,,,,,,,,,
2023,10,2,0,0,28.8,6.2,23.94,,,,,,,,,,,,,,,,,,,,,,,,,,,,,,,,,,,,
2023,10,2,1,0,25.7,6.4,29.08,,,,,,,,,,,,,,,,,,,,,,,,,,,,,,,,,,,,
2023,10,2,2,0,24,6.6,32.62,,,,,,,,,,,,,,,,,,,,,,,,,,,,,,,,,,,,
2023,10,2,3,0,22.8,6.8,35.68,,,,,,,,,,,,,,,,,,,,,,,,,,,,,,,,,,,,
2023,10,2,4,0,21.8,7.1,38.69,,,,,,,,,,,,,,,,,,,,,,,,,,,,,,,,,,,,
2023,10,2,5,0,21,7.4,41.48,,,,,,,,,,,,,,,,,,,,,,,,,,,,,,,,,,,,
2023,10,2,6,0,20.4,7.7,43.97,,,,,,,,,,,,,,,,,,,,,,,,,,,,,,,,,,,,
2023,10,2,7,0,20,8,45.99,,,,,,,,,,,,,,,,,,,,,,,,,,,,,,,,,,,,
2023,10,2,8,0,19.8,8.3,47.47,,,,,,,,,,,,,,,,,,,,,,,,,,,,,,,,,,,,
2023,10,2,9,0,19.8,8.5,48.07,,,,,,,,,,,,,,,,,,,,,,,,,,,,,,,,,,,,
2023,10,2,10,0,19.9,8.6,48.11,,,,,,,,,,,,,,,,,,,,,,,,,,,,,,,,,,,,
2023,10,2,11,0,20.1,8.7,47.87,,,,,,,,,,,,,,,,,,,,,,,,,,,,,,,,,,,,
2023,10,2,12,0,19.7,8.8,49.53,,,,,,,,,,,,,,,,,,,,,,,,,,,,,,,,,,,,
2023,10,2,13,0,19,9.1,52.46,,,,,,,,,,,,,,,,,,,,,,,,,,,,,,,,,,,,
2023,10,2,14,0,20.8,9.3,47.64,,,,,,,,,,,,,,,,,,,,,,,,,,,,,,,,,,,,
2023,10,2,15,0,23.8,9.8,41.18,,,,,,,,,,,,,,,,,,,,,,,,,,,,,,,,,,,,
2023,10,2,16,0,25.8,10,36.87,,,,,,,,,,,,,,,,,,,,,,,,,,,,,,,,,,,,
2023,10,2,17,0,27.2,9.5,32.96,,,,,,,,,,,,,,,,,,,,,,,,,,,,,,,,,,,,
2023,10,2,18,0,28.5,8.9,29.25,,,,,,,,,,,,,,,,,,,,,,,,,,,,,,,,,,,,
2023,10,2,19,0,29.6,8,25.9,,,,,,,,,,,,,,,,,,,,,,,,,,,,,,,,,,,,
2023,10,2,20,0,30.2,7.1,23.51,,,,,,,,,,,,,,,,,,,,,,,,,,,,,,,,,,,,
2023,10,2,21,0,30.4,6.3,21.95,,,,,,,,,,,,,,,,,,,,,,,,,,,,,,,,,,,,
2023,10,2,22,0,30.2,5.5,21.11,,,,,,,,,,,,,,,,,,,,,,,,,,,,,,,,,,,,
2023,10,2,23,0,29.4,5,21.28,,,,,,,,,,,,,,,,,,,,,,,,,,,,,,,,,,,,
2023,10,3,0,0,27.9,4.7,22.76,,,,,,,,,,,,,,,,,,,,,,,,,,,,,,,,,,,,
2023,10,3,1,0,24.3,4.8,28.26,,,,,,,,,,,,,,,,,,,,,,,,,,,,,,,,,,,,
2023,10,3,2,0,22.9,4.9,31.06,,,,,,,,,,,,,,,,,,,,,,,,,,,,,,,,,,,,
2023,10,3,3,0,22.1,5,32.75,,,,,,,,,,,,,,,,,,,,,,,,,,,,,,,,,,,,
2023,10,3,4,0,21.5,4.9,33.9,,,,,,,,,,,,,,,,,,,,,,,,,,,,,,,,,,,,
2023,10,3,5,0,21.1,4.9,34.55,,,,,,,,,,,,,,,,,,,,,,,,,,,,,,,,,,,,
2023,10,3,6,0,20.8,4.8,34.94,,,,,,,,,,,,,,,,,,,,,,,,,,,,,,,,,,,,
2023,10,3,7,0,20.5,4.6,35.32,,,,,,,,,,,,,,,,,,,,,,,,,,,,,,,,,,,,
2023,10,3,8,0,20.1,4.6,36,,,,,,,,,,,,,,,,,,,,,,,,,,,,,,,,,,,,
2023,10,3,9,0,19.8,4.6,36.81,,,,,,,,,,,,,,,,,,,,,,,,,,,,,,,,,,,,
2023,10,3,10,0,19.2,4.8,38.74,,,,,,,,,,,,,,,,,,,,,,,,,,,,,,,,,,,,
2023,10,3,11,0,18.5,5.1,41.15,,,,,,,,,,,,,,,,,,,,,,,,,,,,,,,,,,,,
2023,10,3,12,0,17.9,5.3,43.52,,,,,,,,,,,,,,,,,,,,,,,,,,,,,,,,,,,,
2023,10,3,13,0,17.2,5.6,46.31,,,,,,,,,,,,,,,,,,,,,,,,,,,,,,,,,,,,
2023,10,3,14,0,19.8,5.8,39.97,,,,,,,,,,,,,,,,,,,,,,,,,,,,,,,,,,,,
2023,10,3,15,0,23.6,5.8,31.7,,,,,,,,,,,,,,,,,,,,,,,,,,,,,,,,,,,,
2023,10,3,16,0,26.8,4.8,24.36,,,,,,,,,,,,,,,,,,,,,,,,,,,,,,,,,,,,
2023,10,3,17,0,28.5,3.8,20.64,,,,,,,,,,,,,,,,,,,,,,,,,,,,,,,,,,,,
2023,10,3,18,0,29.8,2.8,17.88,,,,,,,,,,,,,,,,,,,,,,,,,,,,,,,,,,,,
2023,10,3,19,0,30.9,1.8,15.6,,,,,,,,,,,,,,,,,,,,,,,,,,,,,,,,,,,,
2023,10,3,20,0,31.6,0.9,14.07,,,,,,,,,,,,,,,,,,,,,,,,,,,,,,,,,,,,
2023,10,3,21,0,31.9,0.2,13.16,,,,,,,,,,,,,,,,,,,,,,,,,,,,,,,,,,,,
2023,10,3,22,0,31.6,-0.2,12.96,,,,,,,,,,,,,,,,,,,,,,,,,,,,,,,,,,,,
2023,10,3,23,0,30.9,-0.5,13.17,,,,,,,,,,,,,,,,,,,,,,,,,,,,,,,,,,,,
2023,10,4,0,0,29.2,-0.4,14.68,,,,,,,,,,,,,,,,,,,,,,,,,,,,,,,,,,,,
2023,10,4,1,0,25.3,0,18.99,,,,,,,,,,,,,,,,,,,,,,,,,,,,,,,,,,,,
2023,10,4,2,0,24.1,-0.3,20.01,,,,,,,,,,,,,,,,,,,,,,,,,,,,,,,,,,,,
2023,10,4,3,0,23.6,-0.4,20.37,,,,,,,,,,,,,,,,,,,,,,,,,,,,,,,,,,,,
2023,10,4,4,0,23.4,-0.6,20.37,,,,,,,,,,,,,,,,,,,,,,,,,,,,,,,,,,,,
2023,10,4,5,0,23.2,-0.7,20.45,,,,,,,,,,,,,,,,,,,,,,,,,,,,,,,,,,,,
2023,10,4,6,0,23,-0.8,20.62,,,,,,,,,,,,,,,,,,,,,,,,,,,,,,,,,,,,
2023,10,4,7,0,22.1,-0.9,21.62,,,,,,,,,,,,,,,,,,,,,,,,,,,,,,,,,,,,
2023,10,4,8,0,20.9,-0.9,23.23,,,,,,,,,,,,,,,,,,,,,,,,,,,,,,,,,,,,
2023,10,4,9,0,19.7,-0.9,25.04,,,,,,,,,,,,,,,,,,,,,,,,,,,,,,,,,,,,
2023,10,4,10,0,18.7,-0.8,26.83,,,,,,,,,,,,,,,,,,,,,,,,,,,,,,,,,,,,
2023,10,4,11,0,18,-0.6,28.35,,,,,,,,,,,,,,,,,,,,,,,,,,,,,,,,,,,,
2023,10,4,12,0,17.4,-0.5,29.81,,,,,,,,,,,,,,,,,,,,,,,,,,,,,,,,,,,,
2023,10,4,13,0,17,-0.3,30.94,,,,,,,,,,,,,,,,,,,,,,,,,,,,,,,,,,,,
2023,10,4,14,0,20,-0.2,25.79,,,,,,,,,,,,,,,,,,,,,,,,,,,,,,,,,,,,
2023,10,4,15,0,23.7,-0.2,20.65,,,,,,,,,,,,,,,,,,,,,,,,,,,,,,,,,,,,
2023,10,4,16,0,28,0,16.24,,,,,,,,,,,,,,,,,,,,,,,,,,,,,,,,,,,,
2023,10,4,17,0,30.7,-0.5,13.41,,,,,,,,,,,,,,,,,,,,,,,,,,,,,,,,,,,,
2023,10,4,18,0,32.6,-1,11.58,,,,,,,,,,,,,,,,,,,,,,,,,,,,,,,,,,,,
2023,10,4,19,0,33.9,-1.5,10.38,,,,,,,,,,,,,,,,,,,,,,,,,,,,,,,,,,,,
2023,10,4,20,0,34.9,-1.9,9.5,,,,,,,,,,,,,,,,,,,,,,,,,,,,,,,,,,,,
2023,10,4,21,0,35.4,-2.3,8.97,,,,,,,,,,,,,,,,,,,,,,,,,,,,,,,,,,,,
2023,10,4,22,0,35.3,-2.7,8.81,,,,,,,,,,,,,,,,,,,,,,,,,,,,,,,,,,,,
2023,10,4,23,0,34.6,-2.9,8.99,,,,,,,,,,,,,,,,,,,,,,,,,,,,,,,,,,,,
2023,10,5,0,0,32,-2,11.1,,,,,,,,,,,,,,,,,,,,,,,,,,,,,,,,,,,,
2023,10,5,1,0,27.3,-1.9,14.63,,,,,,,,,,,,,,,,,,,,,,,,,,,,,,,,,,,,
2023,10,5,2,0,26.3,-2.2,15.21,,,,,,,,,,,,,,,,,,,,,,,,,,,,,,,,,,,,
2023,10,5,3,0,25.5,-2.3,15.85,,,,,,,,,,,,,,,,,,,,,,,,,,,,,,,,,,,,
2023,10,5,4,0,24.1,-2.1,17.49,,,,,,,,,,,,,,,,,,,,,,,,,,,,,,,,,,,,
2023,10,5,5,0,23,-1.2,19.97,,,,,,,,,,,,,,,,,,,,,,,,,,,,,,,,,,,,
2023,10,5,6,0,22.4,0,22.56,,,,,,,,,,,,,,,,,,,,,,,,,,,,,,,,,,,,
2023,10,5,7,0,21.9,0.8,24.64,,,,,,,,,,,,,,,,,,,,,,,,,,,,,,,,,,,,
2023,10,5,8,0,21.3,1,26.01,,,,,,,,,,,,,,,,,,,,,,,,,,,,,,,,,,,,
2023,10,5,9,0,20.7,0.8,26.53,,,,,,,,,,,,,,,,,,,,,,,,,,,,,,,,,,,,
2023,10,5,10,0,20.4,0.3,26.03,,,,,,,,,,,,,,,,,,,,,,,,,,,,,,,,,,,,
2023,10,5,11,0,20,-0.3,25.63,,,,,,,,,,,,,,,,,,,,,,,,,,,,,,,,,,,,
2023,10,5,12,0,19.6,-0.7,25.45,,,,,,,,,,,,,,,,,,,,,,,,,,,,,,,,,,,,
2023,10,5,13,0,19.2,-1,25.5,,,,,,,,,,,,,,,,,,,,,,,,,,,,,,,,,,,,
2023,10,5,14,0,22.1,-1.2,21.05,,,,,,,,,,,,,,,,,,,,,,,,,,,,,,,,,,,,
2023,10,5,15,0,25.9,-1.2,16.76,,,,,,,,,,,,,,,,,,,,,,,,,,,,,,,,,,,,
2023,10,5,16,0,30.6,-1.3,12.71,,,,,,,,,,,,,,,,,,,,,,,,,,,,,,,,,,,,
2023,10,5,17,0,33.7,-1.7,10.35,,,,,,,,,,,,,,,,,,,,,,,,,,,,,,,,,,,,
2023,10,5,18,0,35.6,-2.5,8.73,,,,,,,,,,,,,,,,,,,,,,,,,,,,,,,,,,,,
2023,10,5,19,0,36.9,-3.5,7.58,,,,,,,,,,,,,,,,,,,,,,,,,,,,,,,,,,,,
2023,10,5,20,0,37.6,-4.3,6.86,,,,,,,,,,,,,,,,,,,,,,,,,,,,,,,,,,,,
2023,10,5,21,0,37.8,-4.9,6.49,,,,,,,,,,,,,,,,,,,,,,,,,,,,,,,,,,,,
2023,10,5,22,0,37.6,-5.3,6.35,,,,,,,,,,,,,,,,,,,,,,,,,,,,,,,,,,,,
2023,10,5,23,0,36.7,-5.6,6.53,,,,,,,,,,,,,,,,,,,,,,,,,,,,,,,,,,,,
2023,10,6,0,0,33.6,-3.6,9.01,,,,,,,,,,,,,,,,,,,,,,,,,,,,,,,,,,,,
2023,10,6,1,0,29,-3.9,11.46,,,,,,,,,,,,,,,,,,,,,,,,,,,,,,,,,,,,
2023,10,6,2,0,27.8,-4.1,12.13,,,,,,,,,,,,,,,,,,,,,,,,,,,,,,,,,,,,
2023,10,6,3,0,26.8,-4.1,12.8,,,,,,,,,,,,,,,,,,,,,,,,,,,,,,,,,,,,
2023,10,6,4,0,25.4,-4.3,13.78,,,,,,,,,,,,,,,,,,,,,,,,,,,,,,,,,,,,
2023,10,6,5,0,24.5,-4.1,14.66,,,,,,,,,,,,,,,,,,,,,,,,,,,,,,,,,,,,
2023,10,6,6,0,23.8,-3.7,15.86,,,,,,,,,,,,,,,,,,,,,,,,,,,,,,,,,,,,
2023,10,6,7,0,23.2,-2.9,17.38,,,,,,,,,,,,,,,,,,,,,,,,,,,,,,,,,,,,
2023,10,6,8,0,23,-2.1,18.68,,,,,,,,,,,,,,,,,,,,,,,,,,,,,,,,,,,,
2023,10,6,9,0,22.7,-1.6,19.79,,,,,,,,,,,,,,,,,,,,,,,,,,,,,,,,,,,,
2023,10,6,10,0,22.4,-1.3,20.48,,,,,,,,,,,,,,,,,,,,,,,,,,,,,,,,,,,,
2023,10,6,11,0,22.1,-1.2,21.03,,,,,,,,,,,,,,,,,,,,,,,,,,,,,,,,,,,,
2023,10,6,12,0,21.6,-1.2,21.72,,,,,,,,,,,,,,,,,,,,,,,,,,,,,,,,,,,,
2023,10,6,13,0,21.3,-1.2,22.07,,,,,,,,,,,,,,,,,,,,,,,,,,,,,,,,,,,,
2023,10,6,14,0,24.3,-1.3,18.27,,,,,,,,,,,,,,,,,,,,,,,,,,,,,,,,,,,,
2023,10,6,15,0,28.5,-0.6,15.06,,,,,,,,,,,,,,,,,,,,,,,,,,,,,,,,,,,,
2023,10,6,16,0,33,4.9,17.26,,,,,,,,,,,,,,,,,,,,,,,,,,,,,,,,,,,,
2023,10,6,17,0,35.8,7.1,17.21,,,,,,,,,,,,,,,,,,,,,,,,,,,,,,,,,,,,
2023,10,6,18,0,37.8,6.9,15.13,,,,,,,,,,,,,,,,,,,,,,,,,,,,,,,,,,,,
2023,10,6,19,0,39.3,5.9,13.07,,,,,,,,,,,,,,,,,,,,,,,,,,,,,,,,,,,,
2023,10,6,20,0,40.1,4.9,11.69,,,,,,,,,,,,,,,,,,,,,,,,,,,,,,,,,,,,
2023,10,6,21,0,40.3,4.1,10.94,,,,,,,,,,,,,,,,,,,,,,,,,,,,,,,,,,,,
2023,10,6,22,0,40.1,3.7,10.76,,,,,,,,,,,,,,,,,,,,,,,,,,,,,,,,,,,,
2023,10,6,23,0,39.3,3.6,11.09,,,,,,,,,,,,,,,,,,,,,,,,,,,,,,,,,,,,
2023,10,7,0,0,37,5.1,14.04,,,,,,,,,,,,,,,,,,,,,,,,,,,,,,,,,,,,
2023,10,7,1,0,33.7,4.2,15.77,,,,,,,,,,,,,,,,,,,,,,,,,,,,,,,,,,,,
2023,10,7,2,0,31.9,3.9,17.05,,,,,,,,,,,,,,,,,,,,,,,,,,,,,,,,,,,,
2023,10,7,3,0,30.1,3.9,18.89,,,,,,,,,,,,,,,,,,,,,,,,,,,,,,,,,,,,
2023,10,7,4,0,28.9,4.4,21.09,,,,,,,,,,,,,,,,,,,,,,,,,,,,,,,,,,,,
2023,10,7,5,0,28.3,5.5,23.54,,,,,,,,,,,,,,,,,,,,,,,,,,,,,,,,,,,,
2023,10,7,6,0,27.6,6.6,26.38,,,,,,,,,,,,,,,,,,,,,,,,,,,,,,,,,,,,
2023,10,7,7,0,26.8,7.1,28.7,,,,,,,,,,,,,,,,,,,,,,,,,,,,,,,,,,,,
2023,10,7,8,0,26.4,7,29.19,,,,,,,,,,,,,,,,,,,,,,,,,,,,,,,,,,,,
2023,10,7,9,0,26.2,6,27.47,,,,,,,,,,,,,,,,,,,,,,,,,,,,,,,,,,,,
2023,10,7,10,0,26.1,4,24.14,,,,,,,,,,,,,,,,,,,,,,,,,,,,,,,,,,,,
2023,10,7,11,0,26.3,2.7,21.77,,,,,,,,,,,,,,,,,,,,,,,,,,,,,,,,,,,,
2023,10,7,12,0,26.3,3.1,22.31,,,,,,,,,,,,,,,,,,,,,,,,,,,,,,,,,,,,
2023,10,7,13,0,26.1,4.7,25.33,,,,,,,,,,,,,,,,,,,,,,,,,,,,,,,,,,,,
2023,10,7,14,0,27.6,6.1,25.51,,,,,,,,,,,,,,,,,,,,,,,,,,,,,,,,,,,,
2023,10,7,15,0,30.5,7.1,23.14,,,,,,,,,,,,,,,,,,,,,,,,,,,,,,,,,,,,
2023,10,7,16,0,33.3,7.4,20.08,,,,,,,,,,,,,,,,,,,,,,,,,,,,,,,,,,,,
2023,10,7,17,0,35.5,7.1,17.44,,,,,,,,,,,,,,,,,,,,,,,,,,,,,,,,,,,,
2023,10,7,18,0,37.2,6.8,15.6,,,,,,,,,,,,,,,,,,,,,,,,,,,,,,,,,,,,
2023,10,7,19,0,38.4,6.7,14.52,,,,,,,,,,,,,,,,,,,,,,,,,,,,,,,,,,,,
2023,10,7,20,0,39,6.8,14.08,,,,,,,,,,,,,,,,,,,,,,,,,,,,,,,,,,,,
2023,10,7,21,0,39.2,6.7,13.86,,,,,,,,,,,,,,,,,,,,,,,,,,,,,,,,,,,,
2023,10,7,22,0,39,6.4,13.77,,,,,,,,,,,,,,,,,,,,,,,,,,,,,,,,,,,,
2023,10,7,23,0,38.2,6.1,14.03,,,,,,,,,,,,,,,,,,,,,,,,,,,,,,,,,,,,
2023,10,8,0,0,35.8,6,15.95,,,,,,,,,,,,,,,,,,,,,,,,,,,,,,,,,,,,
2023,10,8,1,0,31.7,5.9,19.85,,,,,,,,,,,,,,,,,,,,,,,,,,,,,,,,,,,,
2023,10,8,2,0,30.5,5.6,20.88,,,,,,,,,,,,,,,,,,,,,,,,,,,,,,,,,,,,
2023,10,8,3,0,29.7,5.4,21.57,,,,,,,,,,,,,,,,,,,,,,,,,,,,,,,,,,,,
2023,10,8,4,0,29,5.4,22.4,,,,,,,,,,,,,,,,,,,,,,,,,,,,,,,,,,,,
2023,10,8,5,0,28.3,5.5,23.45,,,,,,,,,,,,,,,,,,,,,,,,,,,,,,,,,,,,
2023,10,8,6,0,27.6,5.7,24.75,,,,,,,,,,,,,,,,,,,,,,,,,,,,,,,,,,,,
2023,10,8,7,0,27,5.9,26.01,,,,,,,,,,,,,,,,,,,,,,,,,,,,,,,,,,,,
2023,10,8,8,0,26.6,6,26.94,,,,,,,,,,,,,,,,,,,,,,,,,,,,,,,,,,,,
2023,10,8,9,0,26.4,6.1,27.37,,,,,,,,,,,,,,,,,,,,,,,,,,,,,,,,,,,,
2023,10,8,10,0,26.1,6.1,27.85,,,,,,,,,,,,,,,,,,,,,,,,,,,,,,,,,,,,
2023,10,8,11,0,25.9,6.1,28.15,,,,,,,,,,,,,,,,,,,,,,,,,,,,,,,,,,,,
2023,10,8,12,0,25.6,6,28.51,,,,,,,,,,,,,,,,,,,,,,,,,,,,,,,,,,,,
2023,10,8,13,0,25.3,5.9,28.82,,,,,,,,,,,,,,,,,,,,,,,,,,,,,,,,,,,,
2023,10,8,14,0,27.1,5.8,25.73,,,,,,,,,,,,,,,,,,,,,,,,,,,,,,,,,,,,
2023,10,8,15,0,29.9,6,22.23,,,,,,,,,,,,,,,,,,,,,,,,,,,,,,,,,,,,
2023,10,8,16,0,32.8,6.7,19.73,,,,,,,,,,,,,,,,,,,,,,,,,,,,,,,,,,,,
2023,10,8,17,0,34.9,6.7,17.58,,,,,,,,,,,,,,,,,,,,,,,,,,,,,,,,,,,,
2023,10,8,18,0,36.5,6.7,16.03,,,,,,,,,,,,,,,,,,,,,,,,,,,,,,,,,,,,
2023,10,8,19,0,37.8,6.6,14.89,,,,,,,,,,,,,,,,,,,,,,,,,,,,,,,,,,,,
2023,10,8,20,0,38.5,6.5,14.23,,,,,,,,,,,,,,,,,,,,,,,,,,,,,,,,,,,,
2023,10,8,21,0,38.6,6.3,13.97,,,,,,,,,,,,,,,,,,,,,,,,,,,,,,,,,,,,
2023,10,8,22,0,38.2,6,14,,,,,,,,,,,,,,,,,,,,,,,,,,,,,,,,,,,,
2023,10,8,23,0,37.3,5.8,14.42,,,,,,,,,,,,,,,,,,,,,,,,,,,,,,,,,,,,
2023,10,9,0,0,35.3,6.3,16.69,,,,,,,,,,,,,,,,,,,,,,,,,,,,,,,,,,,,
2023,10,9,1,0,32.5,6.2,19.34,,,,,,,,,,,,,,,,,,,,,,,,,,,,,,,,,,,,
2023,10,9,2,0,31.1,6.2,20.95,,,,,,,,,,,,,,,,,,,,,,,,,,,,,,,,,,,,
2023,10,9,3,0,29.3,6.3,23.41,,,,,,,,,,,,,,,,,,,,,,,,,,,,,,,,,,,,
2023,10,9,4,0,28.2,6.8,25.83,,,,,,,,,,,,,,,,,,,,,,,,,,,,,,,,,,,,
2023,10,9,5,0,27.7,8.1,29.01,,,,,,,,,,,,,,,,,,,,,,,,,,,,,,,,,,,,
2023,10,9,6,0,26.7,9.6,34.08,,,,,,,,,,,,,,,,,,,,,,,,,,,,,,,,,,,,
2023,10,9,7,0,25.9,10.5,37.96,,,,,,,,,,,,,,,,,,,,,,,,,,,,,,,,,,,,
2023,10,9,8,0,25.2,10.8,40.5,,,,,,,,,,,,,,,,,,,,,,,,,,,,,,,,,,,,
2023,10,9,9,0,24.8,10.7,41.21,,,,,,,,,,,,,,,,,,,,,,,,,,,,,,,,,,,,
2023,10,9,10,0,24.6,10.1,40.06,,,,,,,,,,,,,,,,,,,,,,,,,,,,,,,,,,,,
2023,10,9,11,0,24.6,9.2,37.69,,,,,,,,,,,,,,,,,,,,,,,,,,,,,,,,,,,,
2023,10,9,12,0,24.5,8.2,35.32,,,,,,,,,,,,,,,,,,,,,,,,,,,,,,,,,,,,
2023,10,9,13,0,24.5,7.3,33.22,,,,,,,,,,,,,,,,,,,,,,,,,,,,,,,,,,,,
2023,10,9,14,0,26.8,6.5,27.58,,,,,,,,,,,,,,,,,,,,,,,,,,,,,,,,,,,,
2023,10,9,15,0,30.3,6.3,22.07,,,,,,,,,,,,,,,,,,,,,,,,,,,,,,,,,,,,
2023,10,9,16,0,33.5,6.7,18.99,,,,,,,,,,,,,,,,,,,,,,,,,,,,,,,,,,,,
2023,10,9,17,0,35.7,7.1,17.24,,,,,,,,,,,,,,,,,,,,,,,,,,,,,,,,,,,,
2023,10,9,18,0,37.1,7.2,16.07,,,,,,,,,,,,,,,,,,,,,,,,,,,,,,,,,,,,
2023,10,9,19,0,38,7.1,15.18,,,,,,,,,,,,,,,,,,,,,,,,,,,,,,,,,,,,
2023,10,9,20,0,38.4,6.8,14.59,,,,,,,,,,,,,,,,,,,,,,,,,,,,,,,,,,,,
2023,10,9,21,0,38.3,6.4,14.3,,,,,,,,,,,,,,,,,,,,,,,,,,,,,,,,,,,,
2023,10,9,22,0,37.8,6,14.28,,,,,,,,,,,,,,,,,,,,,,,,,,,,,,,,,,,,
2023,10,9,23,0,36.7,5.7,14.87,,,,,,,,,,,,,,,,,,,,,,,,,,,,,,,,,,,,
2023,10,10,0,0,34.5,5.8,16.87,,,,,,,,,,,,,,,,,,,,,,,,,,,,,,,,,,,,
2023,10,10,1,0,30.4,6,21.59,,,,,,,,,,,,,,,,,,,,,,,,,,,,,,,,,,,,
2023,10,10,2,0,29.4,6,22.8,,,,,,,,,,,,,,,,,,,,,,,,,,,,,,,,,,,,
2023,10,10,3,0,29.1,5.9,23.14,,,,,,,,,,,,,,,,,,,,,,,,,,,,,,,,,,,,
2023,10,10,4,0,29.2,5.9,22.99,,,,,,,,,,,,,,,,,,,,,,,,,,,,,,,,,,,,
2023,10,10,5,0,29.4,6,22.75,,,,,,,,,,,,,,,,,,,,,,,,,,,,,,,,,,,,
2023,10,10,6,0,28.4,5.9,24.07,,,,,,,,,,,,,,,,,,,,,,,,,,,,,,,,,,,,
2023,10,10,7,0,26.7,6,26.66,,,,,,,,,,,,,,,,,,,,,,,,,,,,,,,,,,,,
2023,10,10,8,0,24.9,6.2,30.14,,,,,,,,,,,,,,,,,,,,,,,,,,,,,,,,,,,,
2023,10,10,9,0,24,6.7,32.91,,,,,,,,,,,,,,,,,,,,,,,,,,,,,,,,,,,,
2023,10,10,10,0,23.6,7,34.49,,,,,,,,,,,,,,,,,,,,,,,,,,,,,,,,,,,,
2023,10,10,11,0,23.2,7.3,35.95,,,,,,,,,,,,,,,,,,,,,,,,,,,,,,,,,,,,
2023,10,10,12,0,22.7,7.5,37.62,,,,,,,,,,,,,,,,,,,,,,,,,,,,,,,,,,,,
2023,10,10,13,0,22.3,7.9,39.47,,,,,,,,,,,,,,,,,,,,,,,,,,,,,,,,,,,,
2023,10,10,14,0,24,8.7,37.77,,,,,,,,,,,,,,,,,,,,,,,,,,,,,,,,,,,,
2023,10,10,15,0,27.5,8.1,29.35,,,,,,,,,,,,,,,,,,,,,,,,,,,,,,,,,,,,
2023,10,10,16,0,30.8,6.4,21.58,,,,,,,,,,,,,,,,,,,,,,,,,,,,,,,,,,,,
2023,10,10,17,0,33.2,5.8,18.08,,,,,,,,,,,,,,,,,,,,,,,,,,,,,,,,,,,,
2023,10,10,18,0,34.8,5.5,16.22,,,,,,,,,,,,,,,,,,,,,,,,,,,,,,,,,,,,
2023,10,10,19,0,35.9,5.2,14.94,,,,,,,,,,,,,,,,,,,,,,,,,,,,,,,,,,,,
2023,10,10,20,0,36.4,4.7,14.09,,,,,,,,,,,,,,,,,,,,,,,,,,,,,,,,,,,,
2023,10,10,21,0,36.5,4.2,13.54,,,,,,,,,,,,,,,,,,,,,,,,,,,,,,,,,,,,
2023,10,10,22,0,36.1,3.9,13.51,,,,,,,,,,,,,,,,,,,,,,,,,,,,,,,,,,,,
2023,10,10,23,0,35.1,3.7,14.04,,,,,,,,,,,,,,,,,,,,,,,,,,,,,,,,,,,,
2023,10,11,0,0,32.8,3.8,16.14,,,,,,,,,,,,,,,,,,,,,,,,,,,,,,,,,,,,
2023,10,11,1,0,28.7,4.1,20.88,,,,,,,,,,,,,,,,,,,,,,,,,,,,,,,,,,,,
2023,10,11,2,0,27.7,4.4,22.56,,,,,,,,,,,,,,,,,,,,,,,,,,,,,,,,,,,,
2023,10,11,3,0,26.9,4.9,24.46,,,,,,,,,,,,,,,,,,,,,,,,,,,,,,,,,,,,
2023,10,11,4,0,25.9,5.7,27.39,,,,,,,,,,,,,,,,,,,,,,,,,,,,,,,,,,,,
2023,10,11,5,0,25.1,6.7,30.8,,,,,,,,,,,,,,,,,,,,,,,,,,,,,,,,,,,,
2023,10,11,6,0,24.3,7.6,34.41,,,,,,,,,,,,,,,,,,,,,,,,,,,,,,,,,,,,
2023,10,11,7,0,23.4,8.3,38.03,,,,,,,,,,,,,,,,,,,,,,,,,,,,,,,,,,,,
2023,10,11,8,0,22.8,8.7,40.6,,,,,,,,,,,,,,,,,,,,,,,,,,,,,,,,,,,,
2023,10,11,9,0,22.4,8.9,42.09,,,,,,,,,,,,,,,,,,,,,,,,,,,,,,,,,,,,
2023,10,11,10,0,21.7,9,44.14,,,,,,,,,,,,,,,,,,,,,,,,,,,,,,,,,,,,
2023,10,11,11,0,21,9.3,47.04,,,,,,,,,,,,,,,,,,,,,,,,,,,,,,,,,,,,
2023,10,11,12,0,20.5,9.7,49.85,,,,,,,,,,,,,,,,,,,,,,,,,,,,,,,,,,,,
2023,10,11,13,0,20.2,9.9,51.57,,,,,,,,,,,,,,,,,,,,,,,,,,,,,,,,,,,,
2023,10,11,14,0,22.6,9.8,44.32,,,,,,,,,,,,,,,,,,,,,,,,,,,,,,,,,,,,
2023,10,11,15,0,25.8,10.3,37.77,,,,,,,,,,,,,,,,,,,,,,,,,,,,,,,,,,,,
2023,10,11,16,0,28.4,9.8,31.39,,,,,,,,,,,,,,,,,,,,,,,,,,,,,,,,,,,,
2023,10,11,17,0,30.3,8.7,26.14,,,,,,,,,,,,,,,,,,,,,,,,,,,,,,,,,,,,
2023,10,11,18,0,31.7,7.9,22.87,,,,,,,,,,,,,,,,,,,,,,,,,,,,,,,,,,,,
2023,10,11,19,0,32.7,7.1,20.46,,,,,,,,,,,,,,,,,,,,,,,,,,,,,,,,,,,,
2023,10,11,20,0,33.3,6.2,18.5,,,,,,,,,,,,,,,,,,,,,,,,,,,,,,,,,,,,
2023,10,11,21,0,33.4,5.4,17.49,,,,,,,,,,,,,,,,,,,,,,,,,,,,,,,,,,,,
2023,10,11,22,0,33,4.7,17.04,,,,,,,,,,,,,,,,,,,,,,,,,,,,,,,,,,,,
2023,10,11,23,0,32.1,4.2,17.28,,,,,,,,,,,,,,,,,,,,,,,,,,,,,,,,,,,,
2023,10,12,0,0,30.3,4.1,18.94,,,,,,,,,,,,,,,,,,,,,,,,,,,,,,,,,,,,
2023,10,12,1,0,26.3,4.1,24.05,,,,,,,,,,,,,,,,,,,,,,,,,,,,,,,,,,,,
2023,10,12,2,0,24.8,4.1,26.18,,,,,,,,,,,,,,,,,,,,,,,,,,,,,,,,,,,,
2023,10,12,3,0,23.7,3.7,27.13,,,,,,,,,,,,,,,,,,,,,,,,,,,,,,,,,,,,
2023,10,12,4,0,22.7,2.9,27.27,,,,,,,,,,,,,,,,,,,,,,,,,,,,,,,,,,,,
2023,10,12,5,0,21.9,2,26.86,,,,,,,,,,,,,,,,,,,,,,,,,,,,,,,,,,,,
2023,10,12,6,0,21.5,1.3,26.19,,,,,,,,,,,,,,,,,,,,,,,,,,,,,,,,,,,,
2023,10,12,7,0,21.6,1,25.42,,,,,,,,,,,,,,,,,,,,,,,,,,,,,,,,,,,,
2023,10,12,8,0,21.4,1,25.84,,,,,,,,,,,,,,,,,,,,,,,,,,,,,,,,,,,,
2023,10,12,9,0,20.9,1.4,27.43,,,,,,,,,,,,,,,,,,,,,,,,,,,,,,,,,,,,
2023,10,12,10,0,19.9,2.1,30.59,,,,,,,,,,,,,,,,,,,,,,,,,,,,,,,,,,,,
2023,10,12,11,0,19,2.7,33.84,,,,,,,,,,,,,,,,,,,,,,,,,,,,,,,,,,,,
2023,10,12,12,0,18.1,3.3,37.33,,,,,,,,,,,,,,,,,,,,,,,,,,,,,,,,,,,,
2023,10,12,13,0,17.3,4,41.14,,,,,,,,,,,,,,,,,,,,,,,,,,,,,,,,,,,,
2023,10,12,14,0,19.5,4.5,37.32,,,,,,,,,,,,,,,,,,,,,,,,,,,,,,,,,,,,
2023,10,12,15,0,23.2,3.8,28.15,,,,,,,,,,,,,,,,,,,,,,,,,,,,,,,,,,,,
2023,10,12,16,0,26.4,1.2,19.45,,,,,,,,,,,,,,,,,,,,,,,,,,,,,,,,,,,,
2023,10,12,17,0,28.7,-0.1,15.43,,,,,,,,,,,,,,,,,,,,,,,,,,,,,,,,,,,,
2023,10,12,18,0,30.4,-1.1,12.99,,,,,,,,,,,,,,,,,,,,,,,,,,,,,,,,,,,,
2023,10,12,19,0,31.5,-2.2,11.27,,,,,,,,,,,,,,,,,,,,,,,,,,,,,,,,,,,,
2023,10,12,20,0,32,-3.4,10.02,,,,,,,,,,,,,,,,,,,,,,,,,,,,,,,,,,,,
2023,10,12,21,0,32.1,-4.7,9.03,,,,,,,,,,,,,,,,,,,,,,,,,,,,,,,,,,,,
2023,10,12,22,0,31.7,-5.8,8.48,,,,,,,,,,,,,,,,,,,,,,,,,,,,,,,,,,,,
2023,10,12,23,0,30.8,-6.8,8.28,,,,,,,,,,,,,,,,,,,,,,,,,,,,,,,,,,,,
2023,10,13,0,0,28.2,-6.8,9.64,,,,,,,,,,,,,,,,,,,,,,,,,,,,,,,,,,,,
2023,10,13,1,0,23.9,-6.6,12.58,,,,,,,,,,,,,,,,,,,,,,,,,,,,,,,,,,,,
2023,10,13,2,0,22.9,-7,13.03,,,,,,,,,,,,,,,,,,,,,,,,,,,,,,,,,,,,
2023,10,13,3,0,22.2,-7.3,13.25,,,,,,,,,,,,,,,,,,,,,,,,,,,,,,,,,,,,
2023,10,13,4,0,21.8,-7.8,13.09,,,,,,,,,,,,,,,,,,,,,,,,,,,,,,,,,,,,
2023,10,13,5,0,21.7,-8.1,12.81,,,,,,,,,,,,,,,,,,,,,,,,,,,,,,,,,,,,
2023,10,13,6,0,20.8,-8.1,13.54,,,,,,,,,,,,,,,,,,,,,,,,,,,,,,,,,,,,
2023,10,13,7,0,18.6,-7.7,16.05,,,,,,,,,,,,,,,,,,,,,,,,,,,,,,,,,,,,
2023,10,13,8,0,17.7,-7,17.97,,,,,,,,,,,,,,,,,,,,,,,,,,,,,,,,,,,,
2023,10,13,9,0,17.3,-6.6,18.99,,,,,,,,,,,,,,,,,,,,,,,,,,,,,,,,,,,,
2023,10,13,10,0,16.9,-6.8,19.17,,,,,,,,,,,,,,,,,,,,,,,,,,,,,,,,,,,,
2023,10,13,11,0,16.7,-7.2,18.81,,,,,,,,,,,,,,,,,,,,,,,,,,,,,,,,,,,,
2023,10,13,12,0,16.5,-7.6,18.52,,,,,,,,,,,,,,,,,,,,,,,,,,,,,,,,,,,,
2023,10,13,13,0,16.4,-7.7,18.49,,,,,,,,,,,,,,,,,,,,,,,,,,,,,,,,,,,,
2023,10,13,14,0,18.6,-7.3,16.58,,,,,,,,,,,,,,,,,,,,,,,,,,,,,,,,,,,,
2023,10,13,15,0,22.5,-6.6,13.75,,,,,,,,,,,,,,,,,,,,,,,,,,,,,,,,,,,,
2023,10,13,16,0,27.2,-5.4,11.39,,,,,,,,,,,,,,,,,,,,,,,,,,,,,,,,,,,,
2023,10,13,17,0,29.9,-2.9,11.73,,,,,,,,,,,,,,,,,,,,,,,,,,,,,,,,,,,,
2023,10,13,18,0,31.2,-1.3,12.28,,,,,,,,,,,,,,,,,,,,,,,,,,,,,,,,,,,,
2023,10,13,19,0,32.1,-0.5,12.32,,,,,,,,,,,,,,,,,,,,,,,,,,,,,,,,,,,,
2023,10,13,20,0,32.6,-0.2,12.26,,,,,,,,,,,,,,,,,,,,,,,,,,,,,,,,,,,,
2023,10,13,21,0,32.7,-0.1,12.27,,,,,,,,,,,,,,,,,,,,,,,,,,,,,,,,,,,,
2023,10,13,22,0,32.4,-0.2,12.43,,,,,,,,,,,,,,,,,,,,,,,,,,,,,,,,,,,,
2023,10,13,23,0,31.5,-0.3,12.92,,,,,,,,,,,,,,,,,,,,,,,,,,,,,,,,,,,,
2023,10,14,0,0,29,0.2,15.46,,,,,,,,,,,,,,,,,,,,,,,,,,,,,,,,,,,,
2023,10,14,1,0,26.5,-0.7,16.86,,,,,,,,,,,,,,,,,,,,,,,,,,,,,,,,,,,,
2023,10,14,2,0,25.3,-1.5,17.02,,,,,,,,,,,,,,,,,,,,,,,,,,,,,,,,,,,,
2023,10,14,3,0,24.3,-2,17.42,,,,,,,,,,,,,,,,,,,,,,,,,,,,,,,,,,,,
2023,10,14,4,0,23.4,-2.2,18.1,,,,,,,,,,,,,,,,,,,,,,,,,,,,,,,,,,,,
2023,10,14,5,0,22.6,-2.4,18.73,,,,,,,,,,,,,,,,,,,,,,,,,,,,,,,,,,,,
2023,10,14,6,0,22.3,-2.5,18.96,,,,,,,,,,,,,,,,,,,,,,,,,,,,,,,,,,,,
2023,10,14,7,0,22.4,-2.4,18.96,,,,,,,,,,,,,,,,,,,,,,,,,,,,,,,,,,,,
2023,10,14,8,0,22.3,-2.2,19.38,,,,,,,,,,,,,,,,,,,,,,,,,,,,,,,,,,,,
2023,10,14,9,0,21.9,-2.1,19.93,,,,,,,,,,,,,,,,,,,,,,,,,,,,,,,,,,,,
2023,10,14,10,0,21.2,-1.9,21.09,,,,,,,,,,,,,,,,,,,,,,,,,,,,,,,,,,,,
2023,10,14,11,0,20.9,-1.7,21.8,,,,,,,,,,,,,,,,,,,,,,,,,,,,,,,,,,,,
2023,10,14,12,0,20.1,-1.5,23.36,,,,,,,,,,,,,,,,,,,,,,,,,,,,,,,,,,,,
2023,10,14,13,0,19.2,-1,25.53,,,,,,,,,,,,,,,,,,,,,,,,,,,,,,,,,,,,
2023,10,14,14,0,20.4,-0.2,25.09,,,,,,,,,,,,,,,,,,,,,,,,,,,,,,,,,,,,
2023,10,14,15,0,24.7,0.3,20.14,,,,,,,,,,,,,,,,,,,,,,,,,,,,,,,,,,,,
2023,10,14,16,0,28.3,0.5,16.48,,,,,,,,,,,,,,,,,,,,,,,,,,,,,,,,,,,,
2023,10,14,17,0,31.1,2.4,16.14,,,,,,,,,,,,,,,,,,,,,,,,,,,,,,,,,,,,
2023,10,14,18,0,32.6,3.5,15.94,,,,,,,,,,,,,,,,,,,,,,,,,,,,,,,,,,,,
2023,10,14,19,0,33.7,3.5,14.99,,,,,,,,,,,,,,,,,,,,,,,,,,,,,,,,,,,,
2023,10,14,20,0,34.4,3,13.93,,,,,,,,,,,,,,,,,,,,,,,,,,,,,,,,,,,,
2023,10,14,21,0,34.7,2.4,13.16,,,,,,,,,,,,,,,,,,,,,,,,,,,,,,,,,,,,
2023,10,14,22,0,34.4,1.8,12.84,,,,,,,,,,,,,,,,,,,,,,,,,,,,,,,,,,,,
2023,10,14,23,0,33.6,1.4,12.97,,,,,,,,,,,,,,,,,,,,,,,,,,,,,,,,,,,,
2023,10,15,0,0,30.9,2,15.79,,,,,,,,,,,,,,,,,,,,,,,,,,,,,,,,,,,,
2023,10,15,1,0,28,1.5,18.08,,,,,,,,,,,,,,,,,,,,,,,,,,,,,,,,,,,,
2023,10,15,2,0,27.1,1.5,18.95,,,,,,,,,,,,,,,,,,,,,,,,,,,,,,,,,,,,
2023,10,15,3,0,26.2,1.4,19.85,,,,,,,,,,,,,,,,,,,,,,,,,,,,,,,,,,,,
2023,10,15,4,0,24.7,1.2,21.43,,,,,,,,,,,,,,,,,,,,,,,,,,,,,,,,,,,,
2023,10,15,5,0,23.1,1,23.33,,,,,,,,,,,,,,,,,,,,,,,,,,,,,,,,,,,,
2023,10,15,6,0,22.2,0.8,24.32,,,,,,,,,,,,,,,,,,,,,,,,,,,,,,,,,,,,
2023,10,15,7,0,21.7,0.6,24.68,,,,,,,,,,,,,,,,,,,,,,,,,,,,,,,,,,,,
2023,10,15,8,0,21.2,0.4,24.96,,,,,,,,,,,,,,,,,,,,,,,,,,,,,,,,,,,,
2023,10,15,9,0,20.6,0.1,25.49,,,,,,,,,,,,,,,,,,,,,,,,,,,,,,,,,,,,
2023,10,15,10,0,20.2,0,25.83,,,,,,,,,,,,,,,,,,,,,,,,,,,,,,,,,,,,
2023,10,15,11,0,19.9,-0.1,26.07,,,,,,,,,,,,,,,,,,,,,,,,,,,,,,,,,,,,
2023,10,15,12,0,19.8,-0.2,26.11,,,,,,,,,,,,,,,,,,,,,,,,,,,,,,,,,,,,
2023,10,15,13,0,19.7,-0.2,26.35,,,,,,,,,,,,,,,,,,,,,,,,,,,,,,,,,,,,
2023,10,15,14,0,22.1,-0.1,22.93,,,,,,,,,,,,,,,,,,,,,,,,,,,,,,,,,,,,
2023,10,15,15,0,25.9,0.2,18.57,,,,,,,,,,,,,,,,,,,,,,,,,,,,,,,,,,,,
2023,10,15,16,0,30.4,1,15.14,,,,,,,,,,,,,,,,,,,,,,,,,,,,,,,,,,,,
2023,10,15,17,0,34.3,1.8,12.87,,,,,,,,,,,,,,,,,,,,,,,,,,,,,,,,,,,,
2023,10,15,18,0,36.5,2.2,11.7,,,,,,,,,,,,,,,,,,,,,,,,,,,,,,,,,,,,
2023,10,15,19,0,37.8,2.3,10.98,,,,,,,,,,,,,,,,,,,,,,,,,,,,,,,,,,,,
2023,10,15,20,0,38.5,2,10.37,,,,,,,,,,,,,,,,,,,,,,,,,,,,,,,,,,,,
2023,10,15,21,0,38.7,1.5,9.9,,,,,,,,,,,,,,,,,,,,,,,,,,,,,,,,,,,,
2023,10,15,22,0,38.4,0.9,9.67,,,,,,,,,,,,,,,,,,,,,,,,,,,,,,,,,,,,
2023,10,15,23,0,37.5,0.5,9.83,,,,,,,,,,,,,,,,,,,,,,,,,,,,,,,,,,,,
2023,10,16,0,0,33.8,1.4,12.83,,,,,,,,,,,,,,,,,,,,,,,,,,,,,,,,,,,,
2023,10,16,1,0,29.7,0.6,15.37,,,,,,,,,,,,,,,,,,,,,,,,,,,,,,,,,,,,
2023,10,16,2,0,28.2,0.1,16.16,,,,,,,,,,,,,,,,,,,,,,,,,,,,,,,,,,,,
2023,10,16,3,0,27,-0.5,16.52,,,,,,,,,,,,,,,,,,,,,,,,,,,,,,,,,,,,
2023,10,16,4,0,25.9,-1.3,16.67,,,,,,,,,,,,,,,,,,,,,,,,,,,,,,,,,,,,
2023,10,16,5,0,25.1,-2.2,16.41,,,,,,,,,,,,,,,,,,,,,,,,,,,,,,,,,,,,
2023,10,16,6,0,24.6,-3.2,15.59,,,,,,,,,,,,,,,,,,,,,,,,,,,,,,,,,,,,
2023,10,16,7,0,24.3,-4.5,14.48,,,,,,,,,,,,,,,,,,,,,,,,,,,,,,,,,,,,
2023,10,16,8,0,23.7,-5.3,14.13,,,,,,,,,,,,,,,,,,,,,,,,,,,,,,,,,,,,
2023,10,16,9,0,23.2,-5.8,13.98,,,,,,,,,,,,,,,,,,,,,,,,,,,,,,,,,,,,
2023,10,16,10,0,23,-6.3,13.65,,,,,,,,,,,,,,,,,,,,,,,,,,,,,,,,,,,,
2023,10,16,11,0,22.9,-6.6,13.44,,,,,,,,,,,,,,,,,,,,,,,,,,,,,,,,,,,,
2023,10,16,12,0,22.9,-5.9,14.13,,,,,,,,,,,,,,,,,,,,,,,,,,,,,,,,,,,,
2023,10,16,13,0,22.9,-4.3,16,,,,,,,,,,,,,,,,,,,,,,,,,,,,,,,,,,,,
2023,10,16,14,0,25.2,-2.1,16.37,,,,,,,,,,,,,,,,,,,,,,,,,,,,,,,,,,,,
2023,10,16,15,0,29.5,0.1,14.99,,,,,,,,,,,,,,,,,,,,,,,,,,,,,,,,,,,,
2023,10,16,16,0,32.8,3,15.27,,,,,,,,,,,,,,,,,,,,,,,,,,,,,,,,,,,,
2023,10,16,17,0,35.8,4.7,14.5,,,,,,,,,,,,,,,,,,,,,,,,,,,,,,,,,,,,
2023,10,16,18,0,37.9,5.2,13.44,,,,,,,,,,,,,,,,,,,,,,,,,,,,,,,,,,,,
2023,10,16,19,0,39.2,5.3,12.59,,,,,,,,,,,,,,,,,,,,,,,,,,,,,,,,,,,,
2023,10,16,20,0,39.9,5.1,11.99,,,,,,,,,,,,,,,,,,,,,,,,,,,,,,,,,,,,
2023,10,16,21,0,40.1,4.8,11.63,,,,,,,,,,,,,,,,,,,,,,,,,,,,,,,,,,,,
2023,10,16,22,0,39.7,4.4,11.55,,,,,,,,,,,,,,,,,,,,,,,,,,,,,,,,,,,,
2023,10,16,23,0,38.8,4.1,11.8,,,,,,,,,,,,,,,,,,,,,,,,,,,,,,,,,,,,
2023,10,17,0,0,35.7,4.6,14.54,,,,,,,,,,,,,,,,,,,,,,,,,,,,,,,,,,,,
2023,10,17,1,0,32.1,3.9,16.84,,,,,,,,,,,,,,,,,,,,,,,,,,,,,,,,,,,,
2023,10,17,2,0,30.3,3.5,18.17,,,,,,,,,,,,,,,,,,,,,,,,,,,,,,,,,,,,
2023,10,17,3,0,29,3.3,19.29,,,,,,,,,,,,,,,,,,,,,,,,,,,,,,,,,,,,
2023,10,17,4,0,28.1,3.2,20.19,,,,,,,,,,,,,,,,,,,,,,,,,,,,,,,,,,,,
2023,10,17,5,0,27.4,3,20.79,,,,,,,,,,,,,,,,,,,,,,,,,,,,,,,,,,,,
2023,10,17,6,0,27,2.8,20.95,,,,,,,,,,,,,,,,,,,,,,,,,,,,,,,,,,,,
2023,10,17,7,0,26.7,2.6,21.04,,,,,,,,,,,,,,,,,,,,,,,,,,,,,,,,,,,,
2023,10,17,8,0,26,2.5,21.79,,,,,,,,,,,,,,,,,,,,,,,,,,,,,,,,,,,,
2023,10,17,9,0,25,2.4,22.98,,,,,,,,,,,,,,,,,,,,,,,,,,,,,,,,,,,,
2023,10,17,10,0,23.9,2.4,24.49,,,,,,,,,,,,,,,,,,,,,,,,,,,,,,,,,,,,
2023,10,17,11,0,23.1,2.5,25.85,,,,,,,,,,,,,,,,,,,,,,,,,,,,,,,,,,,,
2023,10,17,12,0,22.5,2.6,27.02,,,,,,,,,,,,,,,,,,,,,,,,,,,,,,,,,,,,
2023,10,17,13,0,22.1,2.7,27.91,,,,,,,,,,,,,,,,,,,,,,,,,,,,,,,,,,,,
2023,10,17,14,0,24,2.8,25.01,,,,,,,,,,,,,,,,,,,,,,,,,,,,,,,,,,,,
2023,10,17,15,0,28.3,2.8,19.48,,,,,,,,,,,,,,,,,,,,,,,,,,,,,,,,,,,,
2023,10,17,16,0,31.7,2.8,16.02,,,,,,,,,,,,,,,,,,,,,,,,,,,,,,,,,,,,
2023,10,17,17,0,34.7,2.9,13.66,,,,,,,,,,,,,,,,,,,,,,,,,,,,,,,,,,,,
2023,10,17,18,0,36.7,2.9,12.18,,,,,,,,,,,,,,,,,,,,,,,,,,,,,,,,,,,,
2023,10,17,19,0,37.8,2.9,11.52,,,,,,,,,,,,,,,,,,,,,,,,,,,,,,,,,,,,
2023,10,17,20,0,38.4,2.8,11,,,,,,,,,,,,,,,,,,,,,,,,,,,,,,,,,,,,
2023,10,17,21,0,38.5,1.9,10.33,,,,,,,,,,,,,,,,,,,,,,,,,,,,,,,,,,,,
2023,10,17,22,0,38.1,0.9,9.78,,,,,,,,,,,,,,,,,,,,,,,,,,,,,,,,,,,,
2023,10,17,23,0,37,0,9.71,,,,,,,,,,,,,,,,,,,,,,,,,,,,,,,,,,,,
2023,10,18,0,0,33.4,0.3,12.15,,,,,,,,,,,,,,,,,,,,,,,,,,,,,,,,,,,,
2023,10,18,1,0,30.6,-0.3,13.6,,,,,,,,,,,,,,,,,,,,,,,,,,,,,,,,,,,,
2023,10,18,2,0,29.9,-0.7,13.83,,,,,,,,,,,,,,,,,,,,,,,,,,,,,,,,,,,,
2023,10,18,3,0,29.3,-0.9,14.09,,,,,,,,,,,,,,,,,,,,,,,,,,,,,,,,,,,,
2023,10,18,4,0,28.9,-1,14.28,,,,,,,,,,,,,,,,,,,,,,,,,,,,,,,,,,,,
2023,10,18,5,0,28.3,-1.1,14.63,,,,,,,,,,,,,,,,,,,,,,,,,,,,,,,,,,,,
2023,10,18,6,0,27.2,-1.2,15.56,,,,,,,,,,,,,,,,,,,,,,,,,,,,,,,,,,,,
2023,10,18,7,0,26.2,-1.1,16.57,,,,,,,,,,,,,,,,,,,,,,,,,,,,,,,,,,,,
2023,10,18,8,0,25.2,-1,17.78,,,,,,,,,,,,,,,,,,,,,,,,,,,,,,,,,,,,
2023,10,18,9,0,24.1,-0.6,19.49,,,,,,,,,,,,,,,,,,,,,,,,,,,,,,,,,,,,
2023,10,18,10,0,23.1,-0.1,21.48,,,,,,,,,,,,,,,,,,,,,,,,,,,,,,,,,,,,
2023,10,18,11,0,22.3,0.4,23.47,,,,,,,,,,,,,,,,,,,,,,,,,,,,,,,,,,,,
2023,10,18,12,0,21.7,0.9,25.23,,,,,,,,,,,,,,,,,,,,,,,,,,,,,,,,,,,,
2023,10,18,13,0,21.2,1.3,26.7,,,,,,,,,,,,,,,,,,,,,,,,,,,,,,,,,,,,
2023,10,18,14,0,23,1.6,24.4,,,,,,,,,,,,,,,,,,,,,,,,,,,,,,,,,,,,
2023,10,18,15,0,27.8,1.9,18.71,,,,,,,,,,,,,,,,,,,,,,,,,,,,,,,,,,,,
2023,10,18,16,0,31.5,1.4,14.65,,,,,,,,,,,,,,,,,,,,,,,,,,,,,,,,,,,,
2023,10,18,17,0,35,0.9,11.6,,,,,,,,,,,,,,,,,,,,,,,,,,,,,,,,,,,,
2023,10,18,18,0,36.9,1.1,10.62,,,,,,,,,,,,,,,,,,,,,,,,,,,,,,,,,,,,
2023,10,18,19,0,37.9,0.8,9.83,,,,,,,,,,,,,,,,,,,,,,,,,,,,,,,,,,,,
2023,10,18,20,0,38.5,0.2,9.12,,,,,,,,,,,,,,,,,,,,,,,,,,,,,,,,,,,,
2023,10,18,21,0,38.6,-0.6,8.54,,,,,,,,,,,,,,,,,,,,,,,,,,,,,,,,,,,,
2023,10,18,22,0,38.3,-1.5,8.15,,,,,,,,,,,,,,,,,,,,,,,,,,,,,,,,,,,,
2023,10,18,23,0,37.2,-2.2,8.22,,,,,,,,,,,,,,,,,,,,,,,,,,,,,,,,,,,,
2023,10,19,0,0,33.1,-1.9,10.53,,,,,,,,,,,,,,,,,,,,,,,,,,,,,,,,,,,,
2023,10,19,1,0,29.3,-2.4,12.57,,,,,,,,,,,,,,,,,,,,,,,,,,,,,,,,,,,,
2023,10,19,2,0,28.2,-2.9,12.95,,,,,,,,,,,,,,,,,,,,,,,,,,,,,,,,,,,,
2023,10,19,3,0,27.6,-3.3,12.97,,,,,,,,,,,,,,,,,,,,,,,,,,,,,,,,,,,,
2023,10,19,4,0,27,-3.6,13.14,,,,,,,,,,,,,,,,,,,,,,,,,,,,,,,,,,,,
2023,10,19,5,0,26.1,-3.5,13.97,,,,,,,,,,,,,,,,,,,,,,,,,,,,,,,,,,,,
2023,10,19,6,0,25.3,-2.9,15.34,,,,,,,,,,,,,,,,,,,,,,,,,,,,,,,,,,,,
2023,10,19,7,0,24.6,-2.1,17.02,,,,,,,,,,,,,,,,,,,,,,,,,,,,,,,,,,,,
2023,10,19,8,0,23.8,-1.4,18.71,,,,,,,,,,,,,,,,,,,,,,,,,,,,,,,,,,,,
2023,10,19,9,0,22.9,-1.1,20.23,,,,,,,,,,,,,,,,,,,,,,,,,,,,,,,,,,,,
2023,10,19,10,0,22.3,-1.3,20.73,,,,,,,,,,,,,,,,,,,,,,,,,,,,,,,,,,,,
2023,10,19,11,0,21.9,-1.7,20.52,,,,,,,,,,,,,,,,,,,,,,,,,,,,,,,,,,,,
2023,10,19,12,0,21.7,-2.2,20.1,,,,,,,,,,,,,,,,,,,,,,,,,,,,,,,,,,,,
2023,10,19,13,0,21.4,-2.5,19.94,,,,,,,,,,,,,,,,,,,,,,,,,,,,,,,,,,,,
2023,10,19,14,0,23.3,-2.7,17.5,,,,,,,,,,,,,,,,,,,,,,,,,,,,,,,,,,,,
2023,10,19,15,0,27.1,-2.6,14.1,,,,,,,,,,,,,,,,,,,,,,,,,,,,,,,,,,,,
2023,10,19,16,0,31.1,-2.2,11.5,,,,,,,,,,,,,,,,,,,,,,,,,,,,,,,,,,,,
2023,10,19,17,0,35.5,-2.4,8.85,,,,,,,,,,,,,,,,,,,,,,,,,,,,,,,,,,,,
2023,10,19,18,0,38.1,-2.9,7.4,,,,,,,,,,,,,,,,,,,,,,,,,,,,,,,,,,,,
2023,10,19,19,0,39.6,-3.6,6.52,,,,,,,,,,,,,,,,,,,,,,,,,,,,,,,,,,,,
2023,10,19,20,0,40.3,-3.9,6.12,,,,,,,,,,,,,,,,,,,,,,,,,,,,,,,,,,,,
2023,10,19,21,0,40.5,-4,5.99,,,,,,,,,,,,,,,,,,,,,,,,,,,,,,,,,,,,
2023,10,19,22,0,40.1,-4.1,6.1,,,,,,,,,,,,,,,,,,,,,,,,,,,,,,,,,,,,
2023,10,19,23,0,38.9,-4,6.53,,,,,,,,,,,,,,,,,,,,,,,,,,,,,,,,,,,,
2023,10,20,0,0,34.4,-2.5,9.36,,,,,,,,,,,,,,,,,,,,,,,,,,,,,,,,,,,,
2023,10,20,1,0,31.1,-3.1,10.82,,,,,,,,,,,,,,,,,,,,,,,,,,,,,,,,,,,,
2023,10,20,2,0,30.1,-3.1,11.42,,,,,,,,,,,,,,,,,,,,,,,,,,,,,,,,,,,,
2023,10,20,3,0,29.3,-3.2,11.84,,,,,,,,,,,,,,,,,,,,,,,,,,,,,,,,,,,,
2023,10,20,4,0,27.9,-3.3,12.73,,,,,,,,,,,,,,,,,,,,,,,,,,,,,,,,,,,,
2023,10,20,5,0,26.4,-3.3,13.94,,,,,,,,,,,,,,,,,,,,,,,,,,,,,,,,,,,,
2023,10,20,6,0,25.4,-3,15.1,,,,,,,,,,,,,,,,,,,,,,,,,,,,,,,,,,,,
2023,10,20,7,0,24.6,-2.6,16.4,,,,,,,,,,,,,,,,,,,,,,,,,,,,,,,,,,,,
2023,10,20,8,0,24,-2.2,17.53,,,,,,,,,,,,,,,,,,,,,,,,,,,,,,,,,,,,
2023,10,20,9,0,23.5,-1.7,18.63,,,,,,,,,,,,,,,,,,,,,,,,,,,,,,,,,,,,
2023,10,20,10,0,23.1,-1.4,19.57,,,,,,,,,,,,,,,,,,,,,,,,,,,,,,,,,,,,
2023,10,20,11,0,22.7,-1.3,20.19,,,,,,,,,,,,,,,,,,,,,,,,,,,,,,,,,,,,
2023,10,20,12,0,22.3,-1.4,20.59,,,,,,,,,,,,,,,,,,,,,,,,,,,,,,,,,,,,
2023,10,20,13,0,21.9,-1.4,21,,,,,,,,,,,,,,,,,,,,,,,,,,,,,,,,,,,,
2023,10,20,14,0,23.6,-1.4,19.02,,,,,,,,,,,,,,,,,,,,,,,,,,,,,,,,,,,,
2023,10,20,15,0,28.3,-1.3,14.49,,,,,,,,,,,,,,,,,,,,,,,,,,,,,,,,,,,,
2023,10,20,16,0,32.2,-0.7,12.07,,,,,,,,,,,,,,,,,,,,,,,,,,,,,,,,,,,,
2023,10,20,17,0,35.7,-0.9,9.82,,,,,,,,,,,,,,,,,,,,,,,,,,,,,,,,,,,,
2023,10,20,18,0,38.3,-2.1,7.76,,,,,,,,,,,,,,,,,,,,,,,,,,,,,,,,,,,,
2023,10,20,19,0,39.8,-3.1,6.65,,,,,,,,,,,,,,,,,,,,,,,,,,,,,,,,,,,,
2023,10,20,20,0,40.5,-3.5,6.22,,,,,,,,,,,,,,,,,,,,,,,,,,,,,,,,,,,,
2023,10,20,21,0,40.5,-3.5,6.22,,,,,,,,,,,,,,,,,,,,,,,,,,,,,,,,,,,,
2023,10,20,22,0,40,-3.4,6.44,,,,,,,,,,,,,,,,,,,,,,,,,,,,,,,,,,,,
2023,10,20,23,0,38.8,-3.3,6.91,,,,,,,,,,,,,,,,,,,,,,,,,,,,,,,,,,,,
2023,10,21,0,0,34.1,-2.5,9.55,,,,,,,,,,,,,,,,,,,,,,,,,,,,,,,,,,,,
2023,10,21,1,0,30.2,-2.4,11.94,,,,,,,,,,,,,,,,,,,,,,,,,,,,,,,,,,,,
2023,10,21,2,0,28.9,-2,13.23,,,,,,,,,,,,,,,,,,,,,,,,,,,,,,,,,,,,
2023,10,21,3,0,28,-1.5,14.56,,,,,,,,,,,,,,,,,,,,,,,,,,,,,,,,,,,,
2023,10,21,4,0,27.4,-0.9,15.71,,,,,,,,,,,,,,,,,,,,,,,,,,,,,,,,,,,,
2023,10,21,5,0,27.1,-0.6,16.32,,,,,,,,,,,,,,,,,,,,,,,,,,,,,,,,,,,,
2023,10,21,6,0,26.8,-0.5,16.72,,,,,,,,,,,,,,,,,,,,,,,,,,,,,,,,,,,,
2023,10,21,7,0,26.3,-0.5,17.21,,,,,,,,,,,,,,,,,,,,,,,,,,,,,,,,,,,,
2023,10,21,8,0,25.7,-0.6,17.77,,,,,,,,,,,,,,,,,,,,,,,,,,,,,,,,,,,,
2023,10,21,9,0,24.7,-0.7,18.76,,,,,,,,,,,,,,,,,,,,,,,,,,,,,,,,,,,,
2023,10,21,10,0,23.7,-0.8,19.73,,,,,,,,,,,,,,,,,,,,,,,,,,,,,,,,,,,,
2023,10,21,11,0,22.9,-1,20.41,,,,,,,,,,,,,,,,,,,,,,,,,,,,,,,,,,,,
2023,10,21,12,0,22.3,-1.2,20.87,,,,,,,,,,,,,,,,,,,,,,,,,,,,,,,,,,,,
2023,10,21,13,0,21.9,-1.3,21.17,,,,,,,,,,,,,,,,,,,,,,,,,,,,,,,,,,,,
2023,10,21,14,0,23.3,-1.3,19.42,,,,,,,,,,,,,,,,,,,,,,,,,,,,,,,,,,,,
2023,10,21,15,0,28,-1.2,14.87,,,,,,,,,,,,,,,,,,,,,,,,,,,,,,,,,,,,
2023,10,21,16,0,31.1,-0.9,12.67,,,,,,,,,,,,,,,,,,,,,,,,,,,,,,,,,,,,
2023,10,21,17,0,33.9,-0.6,11.07,,,,,,,,,,,,,,,,,,,,,,,,,,,,,,,,,,,,
2023,10,21,18,0,36.8,-0.2,9.74,,,,,,,,,,,,,,,,,,,,,,,,,,,,,,,,,,,,
2023,10,21,19,0,37.9,0,9.25,,,,,,,,,,,,,,,,,,,,,,,,,,,,,,,,,,,,
2023,10,21,20,0,38.4,-0.3,8.84,,,,,,,,,,,,,,,,,,,,,,,,,,,,,,,,,,,,
2023,10,21,21,0,38.5,-0.7,8.54,,,,,,,,,,,,,,,,,,,,,,,,,,,,,,,,,,,,
2023,10,21,22,0,38,-1.1,8.54,,,,,,,,,,,,,,,,,,,,,,,,,,,,,,,,,,,,
2023,10,21,23,0,37,-1.3,8.83,,,,,,,,,,,,,,,,,,,,,,,,,,,,,,,,,,,,
2023,10,22,0,0,33.1,-0.9,11.35,,,,,,,,,,,,,,,,,,,,,,,,,,,,,,,,,,,,
2023,10,22,1,0,30.3,-1.2,13,,,,,,,,,,,,,,,,,,,,,,,,,,,,,,,,,,,,
2023,10,22,2,0,29.8,-1.4,13.21,,,,,,,,,,,,,,,,,,,,,,,,,,,,,,,,,,,,
2023,10,22,3,0,29.5,-1.5,13.35,,,,,,,,,,,,,,,,,,,,,,,,,,,,,,,,,,,,
2023,10,22,4,0,28.9,-1.7,13.6,,,,,,,,,,,,,,,,,,,,,,,,,,,,,,,,,,,,
2023,10,22,5,0,28.2,-1.8,14,,,,,,,,,,,,,,,,,,,,,,,,,,,,,,,,,,,,
2023,10,22,6,0,26.8,-1.7,15.38,,,,,,,,,,,,,,,,,,,,,,,,,,,,,,,,,,,,
2023,10,22,7,0,25.7,-0.8,17.47,,,,,,,,,,,,,,,,,,,,,,,,,,,,,,,,,,,,
2023,10,22,8,0,24.5,1.3,21.81,,,,,,,,,,,,,,,,,,,,,,,,,,,,,,,,,,,,
2023,10,22,9,0,23.1,3.7,28.15,,,,,,,,,,,,,,,,,,,,,,,,,,,,,,,,,,,,
2023,10,22,10,0,21.9,5.7,34.83,,,,,,,,,,,,,,,,,,,,,,,,,,,,,,,,,,,,
2023,10,22,11,0,21,7.5,41.64,,,,,,,,,,,,,,,,,,,,,,,,,,,,,,,,,,,,
2023,10,22,12,0,20.5,8.9,47.43,,,,,,,,,,,,,,,,,,,,,,,,,,,,,,,,,,,,
2023,10,22,13,0,20,9.6,51.13,,,,,,,,,,,,,,,,,,,,,,,,,,,,,,,,,,,,
2023,10,22,14,0,21.5,9.7,46.91,,,,,,,,,,,,,,,,,,,,,,,,,,,,,,,,,,,,
2023,10,22,15,0,25.8,9.6,35.88,,,,,,,,,,,,,,,,,,,,,,,,,,,,,,,,,,,,
2023,10,22,16,0,29,9.9,30.42,,,,,,,,,,,,,,,,,,,,,,,,,,,,,,,,,,,,
2023,10,22,17,0,31.7,9.2,24.83,,,,,,,,,,,,,,,,,,,,,,,,,,,,,,,,,,,,
2023,10,22,18,0,33.9,7.7,19.93,,,,,,,,,,,,,,,,,,,,,,,,,,,,,,,,,,,,
2023,10,22,19,0,35.5,6.2,16.41,,,,,,,,,,,,,,,,,,,,,,,,,,,,,,,,,,,,
2023,10,22,20,0,36.4,5.2,14.52,,,,,,,,,,,,,,,,,,,,,,,,,,,,,,,,,,,,
2023,10,22,21,0,36.6,4.5,13.77,,,,,,,,,,,,,,,,,,,,,,,,,,,,,,,,,,,,
2023,10,22,22,0,36.3,4.2,13.65,,,,,,,,,,,,,,,,,,,,,,,,,,,,,,,,,,,,
2023,10,22,23,0,35.3,4,14.22,,,,,,,,,,,,,,,,,,,,,,,,,,,,,,,,,,,,
2023,10,23,0,0,32.4,4.3,17.13,,,,,,,,,,,,,,,,,,,,,,,,,,,,,,,,,,,,
2023,10,23,1,0,30.1,4.7,20.1,,,,,,,,,,,,,,,,,,,,,,,,,,,,,,,,,,,,
2023,10,23,2,0,29.2,5.5,22.26,,,,,,,,,,,,,,,,,,,,,,,,,,,,,,,,,,,,
2023,10,23,3,0,28.2,6.3,24.91,,,,,,,,,,,,,,,,,,,,,,,,,,,,,,,,,,,,
2023,10,23,4,0,27.1,7.1,28.14,,,,,,,,,,,,,,,,,,,,,,,,,,,,,,,,,,,,
2023,10,23,5,0,25.4,8.1,33.41,,,,,,,,,,,,,,,,,,,,,,,,,,,,,,,,,,,,
2023,10,23,6,0,24,9.3,39.34,,,,,,,,,,,,,,,,,,,,,,,,,,,,,,,,,,,,
2023,10,23,7,0,23,10.1,43.93,,,,,,,,,,,,,,,,,,,,,,,,,,,,,,,,,,,,
2023,10,23,8,0,22.1,10.5,47.7,,,,,,,,,,,,,,,,,,,,,,,,,,,,,,,,,,,,
2023,10,23,9,0,21.5,10.5,49.55,,,,,,,,,,,,,,,,,,,,,,,,,,,,,,,,,,,,
2023,10,23,10,0,20.8,10.3,50.88,,,,,,,,,,,,,,,,,,,,,,,,,,,,,,,,,,,,
2023,10,23,11,0,20,10.1,53.06,,,,,,,,,,,,,,,,,,,,,,,,,,,,,,,,,,,,
2023,10,23,12,0,19.3,10.2,55.47,,,,,,,,,,,,,,,,,,,,,,,,,,,,,,,,,,,,
2023,10,23,13,0,18.7,10.2,57.73,,,,,,,,,,,,,,,,,,,,,,,,,,,,,,,,,,,,
2023,10,23,14,0,19.9,10.2,53.55,,,,,,,,,,,,,,,,,,,,,,,,,,,,,,,,,,,,
2023,10,23,15,0,23.2,9.7,42.4,,,,,,,,,,,,,,,,,,,,,,,,,,,,,,,,,,,,
2023,10,23,16,0,26,8,31.9,,,,,,,,,,,,,,,,,,,,,,,,,,,,,,,,,,,,
2023,10,23,17,0,28.4,6.3,24.67,,,,,,,,,,,,,,,,,,,,,,,,,,,,,,,,,,,,
2023,10,23,18,0,29.9,6,22.13,,,,,,,,,,,,,,,,,,,,,,,,,,,,,,,,,,,,
2023,10,23,19,0,30.9,6,20.96,,,,,,,,,,,,,,,,,,,,,,,,,,,,,,,,,,,,
2023,10,23,20,0,31.6,6,20.12,,,,,,,,,,,,,,,,,,,,,,,,,,,,,,,,,,,,
2023,10,23,21,0,31.7,5.9,19.86,,,,,,,,,,,,,,,,,,,,,,,,,,,,,,,,,,,,
2023,10,23,22,0,31.3,5.8,20.2,,,,,,,,,,,,,,,,,,,,,,,,,,,,,,,,,,,,
2023,10,23,23,0,30.2,5.7,21.31,,,,,,,,,,,,,,,,,,,,,,,,,,,,,,,,,,,,
2023,10,24,0,0,27.9,5.4,23.83,,,,,,,,,,,,,,,,,,,,,,,,,,,,,,,,,,,,
2023,10,24,1,0,24.7,4.8,27.69,,,,,,,,,,,,,,,,,,,,,,,,,,,,,,,,,,,,
2023,10,24,2,0,23.6,4.3,28.5,,,,,,,,,,,,,,,,,,,,,,,,,,,,,,,,,,,,
2023,10,24,3,0,22.6,3.8,29.29,,,,,,,,,,,,,,,,,,,,,,,,,,,,,,,,,,,,
2023,10,24,4,0,21.9,3.4,29.78,,,,,,,,,,,,,,,,,,,,,,,,,,,,,,,,,,,,
2023,10,24,5,0,21.7,3.2,29.69,,,,,,,,,,,,,,,,,,,,,,,,,,,,,,,,,,,,
2023,10,24,6,0,21.7,3.1,29.55,,,,,,,,,,,,,,,,,,,,,,,,,,,,,,,,,,,,
2023,10,24,7,0,21.6,3.2,29.8,,,,,,,,,,,,,,,,,,,,,,,,,,,,,,,,,,,,
2023,10,24,8,0,21.5,3.3,30.24,,,,,,,,,,,,,,,,,,,,,,,,,,,,,,,,,,,,
2023,10,24,9,0,21.2,3.4,31.09,,,,,,,,,,,,,,,,,,,,,,,,,,,,,,,,,,,,
2023,10,24,10,0,20.4,3.7,33.34,,,,,,,,,,,,,,,,,,,,,,,,,,,,,,,,,,,,
2023,10,24,11,0,19.6,4.1,36.04,,,,,,,,,,,,,,,,,,,,,,,,,,,,,,,,,,,,
2023,10,24,12,0,18.7,4.5,39.24,,,,,,,,,,,,,,,,,,,,,,,,,,,,,,,,,,,,
2023,10,24,13,0,18.1,4.9,41.69,,,,,,,,,,,,,,,,,,,,,,,,,,,,,,,,,,,,
2023,10,24,14,0,18.9,5.5,41.4,,,,,,,,,,,,,,,,,,,,,,,,,,,,,,,,,,,,
2023,10,24,15,0,21.8,5.5,34.74,,,,,,,,,,,,,,,,,,,,,,,,,,,,,,,,,,,,
2023,10,24,16,0,25.1,5.4,28.18,,,,,,,,,,,,,,,,,,,,,,,,,,,,,,,,,,,,
2023,10,24,17,0,27.2,6.3,26.52,,,,,,,,,,,,,,,,,,,,,,,,,,,,,,,,,,,,
2023,10,24,18,0,28.5,6.9,25.6,,,,,,,,,,,,,,,,,,,,,,,,,,,,,,,,,,,,
2023,10,24,19,0,29.4,6.8,24.08,,,,,,,,,,,,,,,,,,,,,,,,,,,,,,,,,,,,
2023,10,24,20,0,29.9,6.4,22.8,,,,,,,,,,,,,,,,,,,,,,,,,,,,,,,,,,,,
2023,10,24,21,0,30,6,22.07,,,,,,,,,,,,,,,,,,,,,,,,,,,,,,,,,,,,
2023,10,24,22,0,29.6,5.8,22.18,,,,,,,,,,,,,,,,,,,,,,,,,,,,,,,,,,,,
2023,10,24,23,0,28.7,5.6,23.07,,,,,,,,,,,,,,,,,,,,,,,,,,,,,,,,,,,,
2023,10,25,0,0,26.4,5.5,26.19,,,,,,,,,,,,,,,,,,,,,,,,,,,,,,,,,,,,
2023,10,25,1,0,23.5,5.3,30.77,,,,,,,,,,,,,,,,,,,,,,,,,,,,,,,,,,,,
2023,10,25,2,0,22.7,5.1,31.81,,,,,,,,,,,,,,,,,,,,,,,,,,,,,,,,,,,,
2023,10,25,3,0,22.3,5,32.37,,,,,,,,,,,,,,,,,,,,,,,,,,,,,,,,,,,,
2023,10,25,4,0,21.7,5.2,34.03,,,,,,,,,,,,,,,,,,,,,,,,,,,,,,,,,,,,
2023,10,25,5,0,20.9,5.6,36.9,,,,,,,,,,,,,,,,,,,,,,,,,,,,,,,,,,,,
2023,10,25,6,0,19.9,6.3,41.23,,,,,,,,,,,,,,,,,,,,,,,,,,,,,,,,,,,,
2023,10,25,7,0,18.6,7.2,47.37,,,,,,,,,,,,,,,,,,,,,,,,,,,,,,,,,,,,
2023,10,25,8,0,17.7,8.1,53.38,,,,,,,,,,,,,,,,,,,,,,,,,,,,,,,,,,,,
2023,10,25,9,0,17,8.9,58.93,,,,,,,,,,,,,,,,,,,,,,,,,,,,,,,,,,,,
2023,10,25,10,0,16.6,9.6,63.14,,,,,,,,,,,,,,,,,,,,,,,,,,,,,,,,,,,,
2023,10,25,11,0,16.3,10.1,66.68,,,,,,,,,,,,,,,,,,,,,,,,,,,,,,,,,,,,
2023,10,25,12,0,16.1,10.5,69.54,,,,,,,,,,,,,,,,,,,,,,,,,,,,,,,,,,,,
2023,10,25,13,0,16,10.9,71.5,,,,,,,,,,,,,,,,,,,,,,,,,,,,,,,,,,,,
2023,10,25,14,0,17.4,11.2,66.74,,,,,,,,,,,,,,,,,,,,,,,,,,,,,,,,,,,,
2023,10,25,15,0,20.7,11.5,55.45,,,,,,,,,,,,,,,,,,,,,,,,,,,,,,,,,,,,
2023,10,25,16,0,23.3,11.4,47.06,,,,,,,,,,,,,,,,,,,,,,,,,,,,,,,,,,,,
2023,10,25,17,0,25.3,10.8,40.3,,,,,,,,,,,,,,,,,,,,,,,,,,,,,,,,,,,,
2023,10,25,18,0,27.1,10,34.31,,,,,,,,,,,,,,,,,,,,,,,,,,,,,,,,,,,,
2023,10,25,19,0,28.4,9.5,30.61,,,,,,,,,,,,,,,,,,,,,,,,,,,,,,,,,,,,
2023,10,25,20,0,29.1,8.9,28.39,,,,,,,,,,,,,,,,,,,,,,,,,,,,,,,,,,,,
2023,10,25,21,0,29.4,8.5,26.99,,,,,,,,,,,,,,,,,,,,,,,,,,,,,,,,,,,,
2023,10,25,22,0,29.1,8,26.72,,,,,,,,,,,,,,,,,,,,,,,,,,,,,,,,,,,,
2023,10,25,23,0,28.2,7.8,27.65,,,,,,,,,,,,,,,,,,,,,,,,,,,,,,,,,,,,
2023,10,26,0,0,26.1,7.8,31.35,,,,,,,,,,,,,,,,,,,,,,,,,,,,,,,,,,,,
2023,10,26,1,0,24.1,8.1,35.95,,,,,,,,,,,,,,,,,,,,,,,,,,,,,,,,,,,,
2023,10,26,2,0,23.7,8.4,37.56,,,,,,,,,,,,,,,,,,,,,,,,,,,,,,,,,,,,
2023,10,26,3,0,23.3,8.6,39.08,,,,,,,,,,,,,,,,,,,,,,,,,,,,,,,,,,,,
2023,10,26,4,0,22.7,8.8,40.95,,,,,,,,,,,,,,,,,,,,,,,,,,,,,,,,,,,,
2023,10,26,5,0,22,8.9,43.29,,,,,,,,,,,,,,,,,,,,,,,,,,,,,,,,,,,,
2023,10,26,6,0,21,9.2,46.74,,,,,,,,,,,,,,,,,,,,,,,,,,,,,,,,,,,,
2023,10,26,7,0,20.2,9.4,49.96,,,,,,,,,,,,,,,,,,,,,,,,,,,,,,,,,,,,
2023,10,26,8,0,19.6,9.7,52.8,,,,,,,,,,,,,,,,,,,,,,,,,,,,,,,,,,,,
2023,10,26,9,0,19.3,9.9,54.69,,,,,,,,,,,,,,,,,,,,,,,,,,,,,,,,,,,,
2023,10,26,10,0,19.3,10.2,55.52,,,,,,,,,,,,,,,,,,,,,,,,,,,,,,,,,,,,
2023,10,26,11,0,19,10.4,57.25,,,,,,,,,,,,,,,,,,,,,,,,,,,,,,,,,,,,
2023,10,26,12,0,18.8,10.5,58.51,,,,,,,,,,,,,,,,,,,,,,,,,,,,,,,,,,,,
2023,10,26,13,0,18.6,10.6,59.72,,,,,,,,,,,,,,,,,,,,,,,,,,,,,,,,,,,,
2023,10,26,14,0,19.1,10.7,58.13,,,,,,,,,,,,,,,,,,,,,,,,,,,,,,,,,,,,
2023,10,26,15,0,21.9,11.2,50.69,,,,,,,,,,,,,,,,,,,,,,,,,,,,,,,,,,,,
2023,10,26,16,0,24.6,11.4,43.72,,,,,,,,,,,,,,,,,,,,,,,,,,,,,,,,,,,,
2023,10,26,17,0,26.5,10.9,37.74,,,,,,,,,,,,,,,,,,,,,,,,,,,,,,,,,,,,
2023,10,26,18,0,27.8,10.1,33.12,,,,,,,,,,,,,,,,,,,,,,,,,,,,,,,,,,,,
2023,10,26,19,0,28.8,9.2,29.42,,,,,,,,,,,,,,,,,,,,,,,,,,,,,,,,,,,,
2023,10,26,20,0,28.6,8.5,28.27,,,,,,,,,,,,,,,,,,,,,,,,,,,,,,,,,,,,
2023,10,26,21,0,28,8,28.3,,,,,,,,,,,,,,,,,,,,,,,,,,,,,,,,,,,,
2023,10,26,22,0,27.6,7.7,28.38,,,,,,,,,,,,,,,,,,,,,,,,,,,,,,,,,,,,
2023,10,26,23,0,26.9,7.5,29.35,,,,,,,,,,,,,,,,,,,,,,,,,,,,,,,,,,,,
2023,10,27,0,0,25.2,7.6,32.64,,,,,,,,,,,,,,,,,,,,,,,,,,,,,,,,,,,,
2023,10,27,1,0,24.3,7.7,34.65,,,,,,,,,,,,,,,,,,,,,,,,,,,,,,,,,,,,
2023,10,27,2,0,23.7,7.8,36.05,,,,,,,,,,,,,,,,,,,,,,,,,,,,,,,,,,,,
2023,10,27,3,0,23.1,7.8,37.56,,,,,,,,,,,,,,,,,,,,,,,,,,,,,,,,,,,,
2023,10,27,4,0,22.3,7.9,39.63,,,,,,,,,,,,,,,,,,,,,,,,,,,,,,,,,,,,
2023,10,27,5,0,21.6,8,41.52,,,,,,,,,,,,,,,,,,,,,,,,,,,,,,,,,,,,
2023,10,27,6,0,20.5,8,44.58,,,,,,,,,,,,,,,,,,,,,,,,,,,,,,,,,,,,
2023,10,27,7,0,19.7,8.1,46.97,,,,,,,,,,,,,,,,,,,,,,,,,,,,,,,,,,,,
2023,10,27,8,0,19,8.1,49.16,,,,,,,,,,,,,,,,,,,,,,,,,,,,,,,,,,,,
2023,10,27,9,0,18.5,8.1,50.72,,,,,,,,,,,,,,,,,,,,,,,,,,,,,,,,,,,,
2023,10,27,10,0,18.1,8.1,51.87,,,,,,,,,,,,,,,,,,,,,,,,,,,,,,,,,,,,
2023,10,27,11,0,17.6,8,53.44,,,,,,,,,,,,,,,,,,,,,,,,,,,,,,,,,,,,
2023,10,27,12,0,17.2,8,54.74,,,,,,,,,,,,,,,,,,,,,,,,,,,,,,,,,,,,
2023,10,27,13,0,16.8,8,56.12,,,,,,,,,,,,,,,,,,,,,,,,,,,,,,,,,,,,
2023,10,27,14,0,17.9,8,52.25,,,,,,,,,,,,,,,,,,,,,,,,,,,,,,,,,,,,
2023,10,27,15,0,21.8,8.1,41.45,,,,,,,,,,,,,,,,,,,,,,,,,,,,,,,,,,,,
2023,10,27,16,0,25.3,7.9,32.99,,,,,,,,,,,,,,,,,,,,,,,,,,,,,,,,,,,,
2023,10,27,17,0,27.8,7.3,27.42,,,,,,,,,,,,,,,,,,,,,,,,,,,,,,,,,,,,
2023,10,27,18,0,29.4,6.7,24.02,,,,,,,,,,,,,,,,,,,,,,,,,,,,,,,,,,,,
2023,10,27,19,0,30.4,6,21.59,,,,,,,,,,,,,,,,,,,,,,,,,,,,,,,,,,,,
2023,10,27,20,0,31,5.2,19.76,,,,,,,,,,,,,,,,,,,,,,,,,,,,,,,,,,,,
2023,10,27,21,0,31.2,4.4,18.45,,,,,,,,,,,,,,,,,,,,,,,,,,,,,,,,,,,,
2023,10,27,22,0,30.9,4,18.17,,,,,,,,,,,,,,,,,,,,,,,,,,,,,,,,,,,,
2023,10,27,23,0,30,3.7,18.84,,,,,,,,,,,,,,,,,,,,,,,,,,,,,,,,,,,,
2023,10,28,0,0,27.4,3.9,22.17,,,,,,,,,,,,,,,,,,,,,,,,,,,,,,,,,,,,
2023,10,28,1,0,25.4,3.9,25,,,,,,,,,,,,,,,,,,,,,,,,,,,,,,,,,,,,
2023,10,28,2,0,24.6,4.2,26.63,,,,,,,,,,,,,,,,,,,,,,,,,,,,,,,,,,,,
2023,10,28,3,0,24,4.4,27.99,,,,,,,,,,,,,,,,,,,,,,,,,,,,,,,,,,,,
2023,10,28,4,0,23.6,4.5,29.03,,,,,,,,,,,,,,,,,,,,,,,,,,,,,,,,,,,,
2023,10,28,5,0,23,4.7,30.52,,,,,,,,,,,,,,,,,,,,,,,,,,,,,,,,,,,,
2023,10,28,6,0,21.8,5,33.45,,,,,,,,,,,,,,,,,,,,,,,,,,,,,,,,,,,,
2023,10,28,7,0,20.5,5.4,37.29,,,,,,,,,,,,,,,,,,,,,,,,,,,,,,,,,,,,
2023,10,28,8,0,19.7,5.9,40.62,,,,,,,,,,,,,,,,,,,,,,,,,,,,,,,,,,,,
2023,10,28,9,0,18.9,6.4,44.16,,,,,,,,,,,,,,,,,,,,,,,,,,,,,,,,,,,,
2023,10,28,10,0,18.4,6.8,46.86,,,,,,,,,,,,,,,,,,,,,,,,,,,,,,,,,,,,
2023,10,28,11,0,18.2,7.2,48.61,,,,,,,,,,,,,,,,,,,,,,,,,,,,,,,,,,,,
2023,10,28,12,0,18,7.6,50.5,,,,,,,,,,,,,,,,,,,,,,,,,,,,,,,,,,,,
2023,10,28,13,0,17.3,8,54.48,,,,,,,,,,,,,,,,,,,,,,,,,,,,,,,,,,,,
2023,10,28,14,0,17.4,8.6,56.17,,,,,,,,,,,,,,,,,,,,,,,,,,,,,,,,,,,,
2023,10,28,15,0,20.9,9,46.36,,,,,,,,,,,,,,,,,,,,,,,,,,,,,,,,,,,,
2023,10,28,16,0,24.2,8.8,37.43,,,,,,,,,,,,,,,,,,,,,,,,,,,,,,,,,,,,
2023,10,28,17,0,26.3,8,31.43,,,,,,,,,,,,,,,,,,,,,,,,,,,,,,,,,,,,
2023,10,28,18,0,27.9,7.2,27.08,,,,,,,,,,,,,,,,,,,,,,,,,,,,,,,,,,,,
2023,10,28,19,0,29,6.6,24.34,,,,,,,,,,,,,,,,,,,,,,,,,,,,,,,,,,,,
2023,10,28,20,0,29.6,6.1,22.68,,,,,,,,,,,,,,,,,,,,,,,,,,,,,,,,,,,,
2023,10,28,21,0,29.8,5.7,21.89,,,,,,,,,,,,,,,,,,,,,,,,,,,,,,,,,,,,
2023,10,28,22,0,29.4,5.4,21.84,,,,,,,,,,,,,,,,,,,,,,,,,,,,,,,,,,,,
2023,10,28,23,0,28.5,4.9,22.32,,,,,,,,,,,,,,,,,,,,,,,,,,,,,,,,,,,,
2023,10,29,0,0,25.5,4.4,25.7,,,,,,,,,,,,,,,,,,,,,,,,,,,,,,,,,,,,
2023,10,29,1,0,22.1,3.5,29.57,,,,,,,,,,,,,,,,,,,,,,,,,,,,,,,,,,,,
2023,10,29,2,0,21,1.8,28.07,,,,,,,,,,,,,,,,,,,,,,,,,,,,,,,,,,,,
2023,10,29,3,0,20,-0.5,25.31,,,,,,,,,,,,,,,,,,,,,,,,,,,,,,,,,,,,
2023,10,29,4,0,19,-2.9,22.49,,,,,,,,,,,,,,,,,,,,,,,,,,,,,,,,,,,,
2023,10,29,5,0,18.1,-4.8,20.67,,,,,,,,,,,,,,,,,,,,,,,,,,,,,,,,,,,,
2023,10,29,6,0,17.3,-5.9,19.94,,,,,,,,,,,,,,,,,,,,,,,,,,,,,,,,,,,,
2023,10,29,7,0,16.8,-6.2,20.11,,,,,,,,,,,,,,,,,,,,,,,,,,,,,,,,,,,,
2023,10,29,8,0,16.4,-5.8,21.28,,,,,,,,,,,,,,,,,,,,,,,,,,,,,,,,,,,,
2023,10,29,9,0,16,-5,23.18,,,,,,,,,,,,,,,,,,,,,,,,,,,,,,,,,,,,
2023,10,29,10,0,15.6,-4.1,25.44,,,,,,,,,,,,,,,,,,,,,,,,,,,,,,,,,,,,
2023,10,29,11,0,14.8,-3.2,28.71,,,,,,,,,,,,,,,,,,,,,,,,,,,,,,,,,,,,
2023,10,29,12,0,13.9,-2.3,32.66,,,,,,,,,,,,,,,,,,,,,,,,,,,,,,,,,,,,
2023,10,29,13,0,13.3,-1.4,36.18,,,,,,,,,,,,,,,,,,,,,,,,,,,,,,,,,,,,
2023,10,29,14,0,14.1,-0.7,36.02,,,,,,,,,,,,,,,,,,,,,,,,,,,,,,,,,,,,
2023,10,29,15,0,17,-0.8,29.88,,,,,,,,,,,,,,,,,,,,,,,,,,,,,,,,,,,,
2023,10,29,16,0,20.9,-2.4,20.76,,,,,,,,,,,,,,,,,,,,,,,,,,,,,,,,,,,,
2023,10,29,17,0,24,-4,15.3,,,,,,,,,,,,,,,,,,,,,,,,,,,,,,,,,,,,
2023,10,29,18,0,25.6,-5.5,12.43,,,,,,,,,,,,,,,,,,,,,,,,,,,,,,,,,,,,
2023,10,29,19,0,26.6,-6.6,10.72,,,,,,,,,,,,,,,,,,,,,,,,,,,,,,,,,,,,
2023,10,29,20,0,27,-7.6,9.69,,,,,,,,,,,,,,,,,,,,,,,,,,,,,,,,,,,,
2023,10,29,21,0,27,-8.6,8.98,,,,,,,,,,,,,,,,,,,,,,,,,,,,,,,,,,,,
2023,10,29,22,0,26.5,-9.4,8.71,,,,,,,,,,,,,,,,,,,,,,,,,,,,,,,,,,,,
2023,10,29,23,0,25.5,-10,8.82,,,,,,,,,,,,,,,,,,,,,,,,,,,,,,,,,,,,
2023,10,30,0,0,21.8,-9.5,11.45,,,,,,,,,,,,,,,,,,,,,,,,,,,,,,,,,,,,
2023,10,30,1,0,19.2,-10.3,12.61,,,,,,,,,,,,,,,,,,,,,,,,,,,,,,,,,,,,
2023,10,30,2,0,18.7,-10.7,12.62,,,,,,,,,,,,,,,,,,,,,,,,,,,,,,,,,,,,
2023,10,30,3,0,16.8,-10.6,14.31,,,,,,,,,,,,,,,,,,,,,,,,,,,,,,,,,,,,
2023,10,30,4,0,16,-10.3,15.49,,,,,,,,,,,,,,,,,,,,,,,,,,,,,,,,,,,,
2023,10,30,5,0,15.3,-9.9,16.67,,,,,,,,,,,,,,,,,,,,,,,,,,,,,,,,,,,,
2023,10,30,6,0,14.6,-9.8,17.61,,,,,,,,,,,,,,,,,,,,,,,,,,,,,,,,,,,,
2023,10,30,7,0,14.2,-9.9,17.87,,,,,,,,,,,,,,,,,,,,,,,,,,,,,,,,,,,,
2023,10,30,8,0,13.6,-10.3,18.07,,,,,,,,,,,,,,,,,,,,,,,,,,,,,,,,,,,,
2023,10,30,9,0,13.3,-10.7,17.79,,,,,,,,,,,,,,,,,,,,,,,,,,,,,,,,,,,,
2023,10,30,10,0,13,-11,17.7,,,,,,,,,,,,,,,,,,,,,,,,,,,,,,,,,,,,
2023,10,30,11,0,12.7,-11.2,17.81,,,,,,,,,,,,,,,,,,,,,,,,,,,,,,,,,,,,
2023,10,30,12,0,12.4,-11.2,18.12,,,,,,,,,,,,,,,,,,,,,,,,,,,,,,,,,,,,
2023,10,30,13,0,12.1,-10.8,19.16,,,,,,,,,,,,,,,,,,,,,,,,,,,,,,,,,,,,
2023,10,30,14,0,12.9,-9.6,19.88,,,,,,,,,,,,,,,,,,,,,,,,,,,,,,,,,,,,
2023,10,30,15,0,16,-7.1,19.75,,,,,,,,,,,,,,,,,,,,,,,,,,,,,,,,,,,,
2023,10,30,16,0,19.9,-1.5,23.55,,,,,,,,,,,,,,,,,,,,,,,,,,,,,,,,,,,,
2023,10,30,17,0,22.5,-0.1,22.36,,,,,,,,,,,,,,,,,,,,,,,,,,,,,,,,,,,,
2023,10,30,18,0,24.7,-0.8,18.6,,,,,,,,,,,,,,,,,,,,,,,,,,,,,,,,,,,,
2023,10,30,19,0,26.4,-1.9,15.42,,,,,,,,,,,,,,,,,,,,,,,,,,,,,,,,,,,,
2023,10,30,20,0,27.4,-3,13.42,,,,,,,,,,,,,,,,,,,,,,,,,,,,,,,,,,,,
2023,10,30,21,0,27.8,-4,12.2,,,,,,,,,,,,,,,,,,,,,,,,,,,,,,,,,,,,
2023,10,30,22,0,27.7,-4.9,11.49,,,,,,,,,,,,,,,,,,,,,,,,,,,,,,,,,,,,
2023,10,30,23,0,26.8,-5.6,11.45,,,,,,,,,,,,,,,,,,,,,,,,,,,,,,,,,,,,
2023,10,31,0,0,23.9,-5.2,14.02,,,,,,,,,,,,,,,,,,,,,,,,,,,,,,,,,,,,
2023,10,31,1,0,21.8,-5.9,15.14,,,,,,,,,,,,,,,,,,,,,,,,,,,,,,,,,,,,
2023,10,31,2,0,19.6,-6.6,16.46,,,,,,,,,,,,,,,,,,,,,,,,,,,,,,,,,,,,
2023,10,31,3,0,17.3,-7.4,17.89,,,,,,,,,,,,,,,,,,,,,,,,,,,,,,,,,,,,
2023,10,31,4,0,16.1,-7.8,18.71,,,,,,,,,,,,,,,,,,,,,,,,,,,,,,,,,,,,
2023,10,31,5,0,15.3,-7.8,19.61,,,,,,,,,,,,,,,,,,,,,,,,,,,,,,,,,,,,
2023,10,31,6,0,14.5,-8,20.28,,,,,,,,,,,,,,,,,,,,,,,,,,,,,,,,,,,,
2023,10,31,7,0,13.7,-8.6,20.43,,,,,,,,,,,,,,,,,,,,,,,,,,,,,,,,,,,,
2023,10,31,8,0,13,-9.3,20.21,,,,,,,,,,,,,,,,,,,,,,,,,,,,,,,,,,,,
2023,10,31,9,0,12.4,-10,19.99,,,,,,,,,,,,,,,,,,,,,,,,,,,,,,,,,,,,
2023,10,31,10,0,12,-10.6,19.56,,,,,,,,,,,,,,,,,,,,,,,,,,,,,,,,,,,,
2023,10,31,11,0,11.7,-11.1,19.22,,,,,,,,,,,,,,,,,,,,,,,,,,,,,,,,,,,,
2023,10,31,12,0,11.6,-11.4,18.84,,,,,,,,,,,,,,,,,,,,,,,,,,,,,,,,,,,,
2023,10,31,13,0,11.5,-11.5,18.81,,,,,,,,,,,,,,,,,,,,,,,,,,,,,,,,,,,,
2023,10,31,14,0,12.6,-11.3,17.79,,,,,,,,,,,,,,,,,,,,,,,,,,,,,,,,,,,,
2023,10,31,15,0,15.6,-10.7,15.39,,,,,,,,,,,,,,,,,,,,,,,,,,,,,,,,,,,,
2023,10,31,16,0,19.7,-8.2,14.42,,,,,,,,,,,,,,,,,,,,,,,,,,,,,,,,,,,,
2023,10,31,17,0,23,-7.6,12.35,,,,,,,,,,,,,,,,,,,,,,,,,,,,,,,,,,,,
2023,10,31,18,0,25.3,-8.4,10.09,,,,,,,,,,,,,,,,,,,,,,,,,,,,,,,,,,,,
2023,10,31,19,0,26.9,-8.7,8.94,,,,,,,,,,,,,,,,,,,,,,,,,,,,,,,,,,,,
2023,10,31,20,0,28,-8.8,8.36,,,,,,,,,,,,,,,,,,,,,,,,,,,,,,,,,,,,
2023,10,31,21,0,28.5,-8.7,8.17,,,,,,,,,,,,,,,,,,,,,,,,,,,,,,,,,,,,
2023,10,31,22,0,28.3,-8.6,8.37,,,,,,,,,,,,,,,,,,,,,,,,,,,,,,,,,,,,
2023,10,31,23,0,27.3,-8.3,9.04,,,,,,,,,,,,,,,,,,,,,,,,,,,,,,,,,,,,
2023,11,1,0,0,22.8,-7.3,12.75,,,,,,,,,,,,,,,,,,,,,,,,,,,,,,,,,,,,
2023,11,1,1,0,20.1,-7.2,15.21,,,,,,,,,,,,,,,,,,,,,,,,,,,,,,,,,,,,
2023,11,1,2,0,18.9,-7.1,16.5,,,,,,,,,,,,,,,,,,,,,,,,,,,,,,,,,,,,
2023,11,1,3,0,17.7,-7.3,17.55,,,,,,,,,,,,,,,,,,,,,,,,,,,,,,,,,,,,
2023,11,1,4,0,16.7,-7.6,18.19,,,,,,,,,,,,,,,,,,,,,,,,,,,,,,,,,,,,
2023,11,1,5,0,15.8,-8,18.69,,,,,,,,,,,,,,,,,,,,,,,,,,,,,,,,,,,,
2023,11,1,6,0,15.1,-8.4,18.95,,,,,,,,,,,,,,,,,,,,,,,,,,,,,,,,,,,,
2023,11,1,7,0,14.5,-8.8,19.17,,,,,,,,,,,,,,,,,,,,,,,,,,,,,,,,,,,,
2023,11,1,8,0,14,-9,19.41,,,,,,,,,,,,,,,,,,,,,,,,,,,,,,,,,,,,
2023,11,1,9,0,13.5,-9.3,19.63,,,,,,,,,,,,,,,,,,,,,,,,,,,,,,,,,,,,
2023,11,1,10,0,13.1,-9.6,19.6,,,,,,,,,,,,,,,,,,,,,,,,,,,,,,,,,,,,
2023,11,1,11,0,13,-9.9,19.33,,,,,,,,,,,,,,,,,,,,,,,,,,,,,,,,,,,,
2023,11,1,12,0,12.8,-10.1,19.27,,,,,,,,,,,,,,,,,,,,,,,,,,,,,,,,,,,,
2023,11,1,13,0,12.5,-10.2,19.49,,,,,,,,,,,,,,,,,,,,,,,,,,,,,,,,,,,,
2023,11,1,14,0,13.4,-10.2,18.44,,,,,,,,,,,,,,,,,,,,,,,,,,,,,,,,,,,,
2023,11,1,15,0,17.8,-9.8,14.35,,,,,,,,,,,,,,,,,,,,,,,,,,,,,,,,,,,,
2023,11,1,16,0,20.8,-7.4,14.29,,,,,,,,,,,,,,,,,,,,,,,,,,,,,,,,,,,,
2023,11,1,17,0,23.5,-6.2,13.34,,,,,,,,,,,,,,,,,,,,,,,,,,,,,,,,,,,,
2023,11,1,18,0,25.8,-6,11.84,,,,,,,,,,,,,,,,,,,,,,,,,,,,,,,,,,,,
2023,11,1,19,0,27.5,-5.7,10.89,,,,,,,,,,,,,,,,,,,,,,,,,,,,,,,,,,,,
2023,11,1,20,0,28.6,-5.6,10.29,,,,,,,,,,,,,,,,,,,,,,,,,,,,,,,,,,,,
2023,11,1,21,0,29,-5.7,9.98,,,,,,,,,,,,,,,,,,,,,,,,,,,,,,,,,,,,
2023,11,1,22,0,28.8,-6,9.92,,,,,,,,,,,,,,,,,,,,,,,,,,,,,,,,,,,,
2023,11,1,23,0,27.7,-6,10.58,,,,,,,,,,,,,,,,,,,,,,,,,,,,,,,,,,,,
2023,11,2,0,0,24.6,-5.1,13.6,,,,,,,,,,,,,,,,,,,,,,,,,,,,,,,,,,,,
2023,11,2,1,0,23.2,-5.5,14.32,,,,,,,,,,,,,,,,,,,,,,,,,,,,,,,,,,,,
2023,11,2,2,0,22.1,-5.5,15.26,,,,,,,,,,,,,,,,,,,,,,,,,,,,,,,,,,,,
2023,11,2,3,0,20.3,-5.6,16.9,,,,,,,,,,,,,,,,,,,,,,,,,,,,,,,,,,,,
2023,11,2,4,0,18.4,-5.9,18.7,,,,,,,,,,,,,,,,,,,,,,,,,,,,,,,,,,,,
2023,11,2,5,0,17,-6,20.22,,,,,,,,,,,,,,,,,,,,,,,,,,,,,,,,,,,,
2023,11,2,6,0,16.2,-6,21.34,,,,,,,,,,,,,,,,,,,,,,,,,,,,,,,,,,,,
2023,11,2,7,0,15.5,-5.8,22.63,,,,,,,,,,,,,,,,,,,,,,,,,,,,,,,,,,,,
2023,11,2,8,0,14.7,-5.6,24.24,,,,,,,,,,,,,,,,,,,,,,,,,,,,,,,,,,,,
2023,11,2,9,0,14.1,-5.4,25.42,,,,,,,,,,,,,,,,,,,,,,,,,,,,,,,,,,,,
2023,11,2,10,0,13.7,-5.5,25.95,,,,,,,,,,,,,,,,,,,,,,,,,,,,,,,,,,,,
2023,11,2,11,0,13.3,-5.7,26.26,,,,,,,,,,,,,,,,,,,,,,,,,,,,,,,,,,,,
2023,11,2,12,0,13,-5.9,26.31,,,,,,,,,,,,,,,,,,,,,,,,,,,,,,,,,,,,
2023,11,2,13,0,12.7,-6.1,26.42,,,,,,,,,,,,,,,,,,,,,,,,,,,,,,,,,,,,
2023,11,2,14,0,13.7,-6.3,24.41,,,,,,,,,,,,,,,,,,,,,,,,,,,,,,,,,,,,
2023,11,2,15,0,18.5,-6.2,18.07,,,,,,,,,,,,,,,,,,,,,,,,,,,,,,,,,,,,
2023,11,2,16,0,22.2,-5.3,15.44,,,,,,,,,,,,,,,,,,,,,,,,,,,,,,,,,,,,
2023,11,2,17,0,25.5,-4.4,13.51,,,,,,,,,,,,,,,,,,,,,,,,,,,,,,,,,,,,
2023,11,2,18,0,27.9,-4.6,11.6,,,,,,,,,,,,,,,,,,,,,,,,,,,,,,,,,,,,
2023,11,2,19,0,29.3,-5.2,10.2,,,,,,,,,,,,,,,,,,,,,,,,,,,,,,,,,,,,
2023,11,2,20,0,30.1,-5.9,9.22,,,,,,,,,,,,,,,,,,,,,,,,,,,,,,,,,,,,
2023,11,2,21,0,30.4,-6.6,8.63,,,,,,,,,,,,,,,,,,,,,,,,,,,,,,,,,,,,
2023,11,2,22,0,30.2,-7,8.42,,,,,,,,,,,,,,,,,,,,,,,,,,,,,,,,,,,,
2023,11,2,23,0,28.9,-7,9.12,,,,,,,,,,,,,,,,,,,,,,,,,,,,,,,,,,,,
2023,11,3,0,0,24.5,-6.2,12.58,,,,,,,,,,,,,,,,,,,,,,,,,,,,,,,,,,,,
2023,11,3,1,0,22.2,-6.8,13.81,,,,,,,,,,,,,,,,,,,,,,,,,,,,,,,,,,,,
2023,11,3,2,0,21.3,-6.9,14.46,,,,,,,,,,,,,,,,,,,,,,,,,,,,,,,,,,,,
2023,11,3,3,0,20.2,-7,15.35,,,,,,,,,,,,,,,,,,,,,,,,,,,,,,,,,,,,
2023,11,3,4,0,19.1,-7.1,16.23,,,,,,,,,,,,,,,,,,,,,,,,,,,,,,,,,,,,
2023,11,3,5,0,18.3,-7.4,16.75,,,,,,,,,,,,,,,,,,,,,,,,,,,,,,,,,,,,
2023,11,3,6,0,17.8,-7.7,16.93,,,,,,,,,,,,,,,,,,,,,,,,,,,,,,,,,,,,
2023,11,3,7,0,17.2,-7.8,17.35,,,,,,,,,,,,,,,,,,,,,,,,,,,,,,,,,,,,
2023,11,3,8,0,16.4,-7.9,18.13,,,,,,,,,,,,,,,,,,,,,,,,,,,,,,,,,,,,
2023,11,3,9,0,15.5,-7.9,19.28,,,,,,,,,,,,,,,,,,,,,,,,,,,,,,,,,,,,
2023,11,3,10,0,14.6,-7.8,20.59,,,,,,,,,,,,,,,,,,,,,,,,,,,,,,,,,,,,
2023,11,3,11,0,14,-7.7,21.47,,,,,,,,,,,,,,,,,,,,,,,,,,,,,,,,,,,,
2023,11,3,12,0,13.6,-7.7,22,,,,,,,,,,,,,,,,,,,,,,,,,,,,,,,,,,,,
2023,11,3,13,0,13.2,-7.8,22.56,,,,,,,,,,,,,,,,,,,,,,,,,,,,,,,,,,,,
2023,11,3,14,0,14.1,-7.6,21.46,,,,,,,,,,,,,,,,,,,,,,,,,,,,,,,,,,,,
2023,11,3,15,0,19.1,-7.4,15.92,,,,,,,,,,,,,,,,,,,,,,,,,,,,,,,,,,,,
2023,11,3,16,0,22.9,-7.2,12.75,,,,,,,,,,,,,,,,,,,,,,,,,,,,,,,,,,,,
2023,11,3,17,0,26.4,-7.3,10.3,,,,,,,,,,,,,,,,,,,,,,,,,,,,,,,,,,,,
2023,11,3,18,0,28.9,-7.6,8.7,,,,,,,,,,,,,,,,,,,,,,,,,,,,,,,,,,,,
2023,11,3,19,0,30.5,-8,7.69,,,,,,,,,,,,,,,,,,,,,,,,,,,,,,,,,,,,
2023,11,3,20,0,31.2,-8.4,7.16,,,,,,,,,,,,,,,,,,,,,,,,,,,,,,,,,,,,
2023,11,3,21,0,31.5,-8.8,6.84,,,,,,,,,,,,,,,,,,,,,,,,,,,,,,,,,,,,
2023,11,3,22,0,31.2,-9,6.84,,,,,,,,,,,,,,,,,,,,,,,,,,,,,,,,,,,,
2023,11,3,23,0,29.7,-8.5,7.76,,,,,,,,,,,,,,,,,,,,,,,,,,,,,,,,,,,,
2023,11,4,0,0,24.9,-7.6,11.02,,,,,,,,,,,,,,,,,,,,,,,,,,,,,,,,,,,,
2023,11,4,1,0,22.6,-8,12.28,,,,,,,,,,,,,,,,,,,,,,,,,,,,,,,,,,,,
2023,11,4,2,0,21.7,-8,12.92,,,,,,,,,,,,,,,,,,,,,,,,,,,,,,,,,,,,
2023,11,4,3,0,20.7,-8.2,13.54,,,,,,,,,,,,,,,,,,,,,,,,,,,,,,,,,,,,
2023,11,4,4,0,19.6,-8.5,14.12,,,,,,,,,,,,,,,,,,,,,,,,,,,,,,,,,,,,
2023,11,4,5,0,19,-8.9,14.22,,,,,,,,,,,,,,,,,,,,,,,,,,,,,,,,,,,,
2023,11,4,6,0,18.9,-9.3,13.94,,,,,,,,,,,,,,,,,,,,,,,,,,,,,,,,,,,,
2023,11,4,7,0,19,-9.4,13.69,,,,,,,,,,,,,,,,,,,,,,,,,,,,,,,,,,,,
2023,11,4,8,0,18.6,-9.4,14.05,,,,,,,,,,,,,,,,,,,,,,,,,,,,,,,,,,,,
2023,11,4,9,0,17.5,-9.3,15.23,,,,,,,,,,,,,,,,,,,,,,,,,,,,,,,,,,,,
2023,11,4,10,0,16.1,-9.1,16.9,,,,,,,,,,,,,,,,,,,,,,,,,,,,,,,,,,,,
2023,11,4,11,0,14.9,-9,18.39,,,,,,,,,,,,,,,,,,,,,,,,,,,,,,,,,,,,
2023,11,4,12,0,14.1,-9,19.28,,,,,,,,,,,,,,,,,,,,,,,,,,,,,,,,,,,,
2023,11,4,13,0,13.6,-9.2,19.66,,,,,,,,,,,,,,,,,,,,,,,,,,,,,,,,,,,,
2023,11,4,14,0,14.4,-9.4,18.38,,,,,,,,,,,,,,,,,,,,,,,,,,,,,,,,,,,,
2023,11,4,15,0,19.5,-9.4,13.24,,,,,,,,,,,,,,,,,,,,,,,,,,,,,,,,,,,,
2023,11,4,16,0,23.1,-9.1,10.95,,,,,,,,,,,,,,,,,,,,,,,,,,,,,,,,,,,,
2023,11,4,17,0,26.8,-8.6,9.07,,,,,,,,,,,,,,,,,,,,,,,,,,,,,,,,,,,,
2023,11,4,18,0,29.7,-8.9,7.53,,,,,,,,,,,,,,,,,,,,,,,,,,,,,,,,,,,,
2023,11,4,19,0,31.8,-9.3,6.44,,,,,,,,,,,,,,,,,,,,,,,,,,,,,,,,,,,,
2023,11,4,20,0,33,-9.7,5.82,,,,,,,,,,,,,,,,,,,,,,,,,,,,,,,,,,,,
2023,11,4,21,0,33.3,-10.1,5.57,,,,,,,,,,,,,,,,,,,,,,,,,,,,,,,,,,,,
2023,11,4,22,0,32.8,-10.3,5.62,,,,,,,,,,,,,,,,,,,,,,,,,,,,,,,,,,,,
2023,11,4,23,0,30.8,-9.7,6.64,,,,,,,,,,,,,,,,,,,,,,,,,,,,,,,,,,,,
2023,11,5,0,0,25.5,-9.2,9.37,,,,,,,,,,,,,,,,,,,,,,,,,,,,,,,,,,,,
2023,11,5,1,0,23.7,-9.6,10.1,,,,,,,,,,,,,,,,,,,,,,,,,,,,,,,,,,,,
2023,11,5,2,0,23.4,-9.7,10.19,,,,,,,,,,,,,,,,,,,,,,,,,,,,,,,,,,,,
2023,11,5,3,0,22,-9.9,10.93,,,,,,,,,,,,,,,,,,,,,,,,,,,,,,,,,,,,
2023,11,5,4,0,20.3,-10.1,11.98,,,,,,,,,,,,,,,,,,,,,,,,,,,,,,,,,,,,
2023,11,5,5,0,19.2,-10.1,12.86,,,,,,,,,,,,,,,,,,,,,,,,,,,,,,,,,,,,
2023,11,5,6,0,18.6,-9.8,13.61,,,,,,,,,,,,,,,,,,,,,,,,,,,,,,,,,,,,
2023,11,5,7,0,18.2,-9.4,14.38,,,,,,,,,,,,,,,,,,,,,,,,,,,,,,,,,,,,
2023,11,5,8,0,17.7,-9,15.34,,,,,,,,,,,,,,,,,,,,,,,,,,,,,,,,,,,,
2023,11,5,9,0,17.1,-8.6,16.45,,,,,,,,,,,,,,,,,,,,,,,,,,,,,,,,,,,,
2023,11,5,10,0,16.6,-8.2,17.47,,,,,,,,,,,,,,,,,,,,,,,,,,,,,,,,,,,,
2023,11,5,11,0,16.2,-7.9,18.38,,,,,,,,,,,,,,,,,,,,,,,,,,,,,,,,,,,,
2023,11,5,12,0,15.9,-7.7,19.09,,,,,,,,,,,,,,,,,,,,,,,,,,,,,,,,,,,,
2023,11,5,13,0,15.7,-7.5,19.54,,,,,,,,,,,,,,,,,,,,,,,,,,,,,,,,,,,,
2023,11,5,14,0,16.5,-7.4,18.75,,,,,,,,,,,,,,,,,,,,,,,,,,,,,,,,,,,,
2023,11,5,15,0,21.4,-7.2,14.05,,,,,,,,,,,,,,,,,,,,,,,,,,,,,,,,,,,,
2023,11,5,16,0,25.1,-6.6,11.77,,,,,,,,,,,,,,,,,,,,,,,,,,,,,,,,,,,,
2023,11,5,17,0,28.8,-5.7,10.15,,,,,,,,,,,,,,,,,,,,,,,,,,,,,,,,,,,,
2023,11,5,18,0,31.5,-5.7,8.69,,,,,,,,,,,,,,,,,,,,,,,,,,,,,,,,,,,,
2023,11,5,19,0,33.3,-5,8.24,,,,,,,,,,,,,,,,,,,,,,,,,,,,,,,,,,,,
2023,11,5,20,0,34.1,-3.9,8.59,,,,,,,,,,,,,,,,,,,,,,,,,,,,,,,,,,,,
2023,11,5,21,0,34.3,-2.8,9.18,,,,,,,,,,,,,,,,,,,,,,,,,,,,,,,,,,,,
2023,11,5,22,0,34,-2,9.91,,,,,,,,,,,,,,,,,,,,,,,,,,,,,,,,,,,,
2023,11,5,23,0,32.6,-1,11.54,,,,,,,,,,,,,,,,,,,,,,,,,,,,,,,,,,,,
2023,11,6,0,0,29.7,-0.9,13.72,,,,,,,,,,,,,,,,,,,,,,,,,,,,,,,,,,,,
2023,11,6,1,0,28,-1.5,14.56,,,,,,,,,,,,,,,,,,,,,,,,,,,,,,,,,,,,
2023,11,6,2,0,26.6,-1.7,15.49,,,,,,,,,,,,,,,,,,,,,,,,,,,,,,,,,,,,
2023,11,6,3,0,25.6,-1.9,16.18,,,,,,,,,,,,,,,,,,,,,,,,,,,,,,,,,,,,
2023,11,6,4,0,25.2,-2.1,16.39,,,,,,,,,,,,,,,,,,,,,,,,,,,,,,,,,,,,
2023,11,6,5,0,24.6,-2.2,16.88,,,,,,,,,,,,,,,,,,,,,,,,,,,,,,,,,,,,
2023,11,6,6,0,24,-2.2,17.47,,,,,,,,,,,,,,,,,,,,,,,,,,,,,,,,,,,,
2023,11,6,7,0,23.4,-2.2,18.13,,,,,,,,,,,,,,,,,,,,,,,,,,,,,,,,,,,,
2023,11,6,8,0,22.6,-2.1,19.12,,,,,,,,,,,,,,,,,,,,,,,,,,,,,,,,,,,,
2023,11,6,9,0,21.8,-2,20.22,,,,,,,,,,,,,,,,,,,,,,,,,,,,,,,,,,,,
2023,11,6,10,0,21,-1.8,21.55,,,,,,,,,,,,,,,,,,,,,,,,,,,,,,,,,,,,
2023,11,6,11,0,19.9,-1.4,23.76,,,,,,,,,,,,,,,,,,,,,,,,,,,,,,,,,,,,
2023,11,6,12,0,19,-0.8,26.36,,,,,,,,,,,,,,,,,,,,,,,,,,,,,,,,,,,,
2023,11,6,13,0,18.3,0,29.02,,,,,,,,,,,,,,,,,,,,,,,,,,,,,,,,,,,,
2023,11,6,14,0,18.1,0.6,30.74,,,,,,,,,,,,,,,,,,,,,,,,,,,,,,,,,,,,
2023,11,6,15,0,22.1,1.3,25.22,,,,,,,,,,,,,,,,,,,,,,,,,,,,,,,,,,,,
2023,11,6,16,0,25.2,1.5,21.26,,,,,,,,,,,,,,,,,,,,,,,,,,,,,,,,,,,,
2023,11,6,17,0,29.2,0.6,15.8,,,,,,,,,,,,,,,,,,,,,,,,,,,,,,,,,,,,
2023,11,6,18,0,31.7,1.5,14.59,,,,,,,,,,,,,,,,,,,,,,,,,,,,,,,,,,,,
2023,11,6,19,0,32.9,1.9,14.03,,,,,,,,,,,,,,,,,,,,,,,,,,,,,,,,,,,,
2023,11,6,20,0,33.7,1.8,13.31,,,,,,,,,,,,,,,,,,,,,,,,,,,,,,,,,,,,
2023,11,6,21,0,33.9,1.4,12.81,,,,,,,,,,,,,,,,,,,,,,,,,,,,,,,,,,,,
2023,11,6,22,0,33.5,1,12.74,,,,,,,,,,,,,,,,,,,,,,,,,,,,,,,,,,,,
2023,11,6,23,0,32.1,0.8,13.58,,,,,,,,,,,,,,,,,,,,,,,,,,,,,,,,,,,,
2023,11,7,0,0,28.8,0.8,16.36,,,,,,,,,,,,,,,,,,,,,,,,,,,,,,,,,,,,
2023,11,7,1,0,27.7,0.6,17.2,,,,,,,,,,,,,,,,,,,,,,,,,,,,,,,,,,,,
2023,11,7,2,0,26.7,0.6,18.26,,,,,,,,,,,,,,,,,,,,,,,,,,,,,,,,,,,,
2023,11,7,3,0,25.6,0.6,19.45,,,,,,,,,,,,,,,,,,,,,,,,,,,,,,,,,,,,
2023,11,7,4,0,24,0.5,21.26,,,,,,,,,,,,,,,,,,,,,,,,,,,,,,,,,,,,
2023,11,7,5,0,22.8,0.4,22.68,,,,,,,,,,,,,,,,,,,,,,,,,,,,,,,,,,,,
2023,11,7,6,0,21.5,0.3,24.44,,,,,,,,,,,,,,,,,,,,,,,,,,,,,,,,,,,,
2023,11,7,7,0,20.4,0.4,26.36,,,,,,,,,,,,,,,,,,,,,,,,,,,,,,,,,,,,
2023,11,7,8,0,19.3,0.7,28.83,,,,,,,,,,,,,,,,,,,,,,,,,,,,,,,,,,,,
2023,11,7,9,0,18.2,1.1,31.67,,,,,,,,,,,,,,,,,,,,,,,,,,,,,,,,,,,,
2023,11,7,10,0,17.3,1.4,34.26,,,,,,,,,,,,,,,,,,,,,,,,,,,,,,,,,,,,
2023,11,7,11,0,16.7,1.6,36.12,,,,,,,,,,,,,,,,,,,,,,,,,,,,,,,,,,,,
2023,11,7,12,0,16.2,1.7,37.48,,,,,,,,,,,,,,,,,,,,,,,,,,,,,,,,,,,,
2023,11,7,13,0,16,1.7,37.98,,,,,,,,,,,,,,,,,,,,,,,,,,,,,,,,,,,,
2023,11,7,14,0,16.6,1.7,36.52,,,,,,,,,,,,,,,,,,,,,,,,,,,,,,,,,,,,
2023,11,7,15,0,21.2,1.9,27.8,,,,,,,,,,,,,,,,,,,,,,,,,,,,,,,,,,,,
2023,11,7,16,0,24.5,2.5,23.8,,,,,,,,,,,,,,,,,,,,,,,,,,,,,,,,,,,,
2023,11,7,17,0,27.3,2.5,20.12,,,,,,,,,,,,,,,,,,,,,,,,,,,,,,,,,,,,
2023,11,7,18,0,29.7,1.7,16.62,,,,,,,,,,,,,,,,,,,,,,,,,,,,,,,,,,,,
2023,11,7,19,0,31.1,0.8,14.34,,,,,,,,,,,,,,,,,,,,,,,,,,,,,,,,,,,,
2023,11,7,20,0,31.8,0,13.03,,,,,,,,,,,,,,,,,,,,,,,,,,,,,,,,,,,,
2023,11,7,21,0,31.9,-0.5,12.52,,,,,,,,,,,,,,,,,,,,,,,,,,,,,,,,,,,,
2023,11,7,22,0,31.4,-0.8,12.59,,,,,,,,,,,,,,,,,,,,,,,,,,,,,,,,,,,,
2023,11,7,23,0,30.2,-1,13.26,,,,,,,,,,,,,,,,,,,,,,,,,,,,,,,,,,,,
2023,11,8,0,0,25.3,-1.1,17.52,,,,,,,,,,,,,,,,,,,,,,,,,,,,,,,,,,,,
2023,11,8,1,0,22.4,-1.4,20.35,,,,,,,,,,,,,,,,,,,,,,,,,,,,,,,,,,,,
2023,11,8,2,0,21.1,-1.8,21.48,,,,,,,,,,,,,,,,,,,,,,,,,,,,,,,,,,,,
2023,11,8,3,0,19.8,-2.2,22.56,,,,,,,,,,,,,,,,,,,,,,,,,,,,,,,,,,,,
2023,11,8,4,0,18.7,-2.6,23.43,,,,,,,,,,,,,,,,,,,,,,,,,,,,,,,,,,,,
2023,11,8,5,0,17.9,-2.8,24.25,,,,,,,,,,,,,,,,,,,,,,,,,,,,,,,,,,,,
2023,11,8,6,0,17.5,-2.9,24.71,,,,,,,,,,,,,,,,,,,,,,,,,,,,,,,,,,,,
2023,11,8,7,0,17.2,-2.9,25.19,,,,,,,,,,,,,,,,,,,,,,,,,,,,,,,,,,,,
2023,11,8,8,0,16.5,-2.7,26.69,,,,,,,,,,,,,,,,,,,,,,,,,,,,,,,,,,,,
2023,11,8,9,0,15.6,-2.3,29.17,,,,,,,,,,,,,,,,,,,,,,,,,,,,,,,,,,,,
2023,11,8,10,0,15.1,-1.6,31.72,,,,,,,,,,,,,,,,,,,,,,,,,,,,,,,,,,,,
2023,11,8,11,0,14.5,-0.9,34.68,,,,,,,,,,,,,,,,,,,,,,,,,,,,,,,,,,,,
2023,11,8,12,0,14,-0.4,37.2,,,,,,,,,,,,,,,,,,,,,,,,,,,,,,,,,,,,
2023,11,8,13,0,13.4,-0.1,39.55,,,,,,,,,,,,,,,,,,,,,,,,,,,,,,,,,,,,
2023,11,8,14,0,13.5,0,39.66,,,,,,,,,,,,,,,,,,,,,,,,,,,,,,,,,,,,
2023,11,8,15,0,17.2,0.2,31.74,,,,,,,,,,,,,,,,,,,,,,,,,,,,,,,,,,,,
2023,11,8,16,0,20.4,-0.1,25.45,,,,,,,,,,,,,,,,,,,,,,,,,,,,,,,,,,,,
2023,11,8,17,0,23.3,-1.1,19.8,,,,,,,,,,,,,,,,,,,,,,,,,,,,,,,,,,,,
2023,11,8,18,0,25.2,-2.3,16.11,,,,,,,,,,,,,,,,,,,,,,,,,,,,,,,,,,,,
2023,11,8,19,0,26.2,-3.7,13.72,,,,,,,,,,,,,,,,,,,,,,,,,,,,,,,,,,,,
2023,11,8,20,0,26.7,-5.1,11.99,,,,,,,,,,,,,,,,,,,,,,,,,,,,,,,,,,,,
2023,11,8,21,0,26.7,-6.5,10.8,,,,,,,,,,,,,,,,,,,,,,,,,,,,,,,,,,,,
2023,11,8,22,0,26.2,-7.6,10.22,,,,,,,,,,,,,,,,,,,,,,,,,,,,,,,,,,,,
2023,11,8,23,0,25,-8.2,10.48,,,,,,,,,,,,,,,,,,,,,,,,,,,,,,,,,,,,
2023,11,9,0,0,20.7,-7.9,13.85,,,,,,,,,,,,,,,,,,,,,,,,,,,,,,,,,,,,
2023,11,9,1,0,18.4,-8,15.89,,,,,,,,,,,,,,,,,,,,,,,,,,,,,,,,,,,,
2023,11,9,2,0,17.7,-7.9,16.66,,,,,,,,,,,,,,,,,,,,,,,,,,,,,,,,,,,,
2023,11,9,3,0,17.4,-7.9,17.05,,,,,,,,,,,,,,,,,,,,,,,,,,,,,,,,,,,,
2023,11,9,4,0,17,-7.8,17.58,,,,,,,,,,,,,,,,,,,,,,,,,,,,,,,,,,,,
2023,11,9,5,0,16,-7.7,18.91,,,,,,,,,,,,,,,,,,,,,,,,,,,,,,,,,,,,
2023,11,9,6,0,14.7,-7.4,20.96,,,,,,,,,,,,,,,,,,,,,,,,,,,,,,,,,,,,
2023,11,9,7,0,13.6,-7.1,23.11,,,,,,,,,,,,,,,,,,,,,,,,,,,,,,,,,,,,
2023,11,9,8,0,13,-6.8,24.62,,,,,,,,,,,,,,,,,,,,,,,,,,,,,,,,,,,,
2023,11,9,9,0,12.5,-6.7,25.62,,,,,,,,,,,,,,,,,,,,,,,,,,,,,,,,,,,,
2023,11,9,10,0,12.2,-6.8,25.83,,,,,,,,,,,,,,,,,,,,,,,,,,,,,,,,,,,,
2023,11,9,11,0,11.9,-7,26,,,,,,,,,,,,,,,,,,,,,,,,,,,,,,,,,,,,
2023,11,9,12,0,11.6,-7.1,26.4,,,,,,,,,,,,,,,,,,,,,,,,,,,,,,,,,,,,
2023,11,9,13,0,11.4,-7.1,26.77,,,,,,,,,,,,,,,,,,,,,,,,,,,,,,,,,,,,
2023,11,9,14,0,12.1,-7,25.76,,,,,,,,,,,,,,,,,,,,,,,,,,,,,,,,,,,,
2023,11,9,15,0,15.1,-6.8,21.51,,,,,,,,,,,,,,,,,,,,,,,,,,,,,,,,,,,,
2023,11,9,16,0,18.9,-6.4,17.46,,,,,,,,,,,,,,,,,,,,,,,,,,,,,,,,,,,,
2023,11,9,17,0,22.5,-6,14.34,,,,,,,,,,,,,,,,,,,,,,,,,,,,,,,,,,,,
2023,11,9,18,0,24.2,-6.1,12.89,,,,,,,,,,,,,,,,,,,,,,,,,,,,,,,,,,,,
2023,11,9,19,0,25.3,-6.3,11.88,,,,,,,,,,,,,,,,,,,,,,,,,,,,,,,,,,,,
2023,11,9,20,0,25.8,-6.6,11.25,,,,,,,,,,,,,,,,,,,,,,,,,,,,,,,,,,,,
2023,11,9,21,0,26,-6.9,10.88,,,,,,,,,,,,,,,,,,,,,,,,,,,,,,,,,,,,
2023,11,9,22,0,25.7,-7.1,10.88,,,,,,,,,,,,,,,,,,,,,,,,,,,,,,,,,,,,
2023,11,9,23,0,24.8,-7.3,11.33,,,,,,,,,,,,,,,,,,,,,,,,,,,,,,,,,,,,
2023,11,10,0,0,20.4,-7.2,14.9,,,,,,,,,,,,,,,,,,,,,,,,,,,,,,,,,,,,
2023,11,10,1,0,17.9,-7.8,16.59,,,,,,,,,,,,,,,,,,,,,,,,,,,,,,,,,,,,
2023,11,10,2,0,16.8,-8.7,16.62,,,,,,,,,,,,,,,,,,,,,,,,,,,,,,,,,,,,
2023,11,10,3,0,16,-9.7,16.18,,,,,,,,,,,,,,,,,,,,,,,,,,,,,,,,,,,,
2023,11,10,4,0,15.7,-10.3,15.77,,,,,,,,,,,,,,,,,,,,,,,,,,,,,,,,,,,,
2023,11,10,5,0,15.4,-10.3,16.06,,,,,,,,,,,,,,,,,,,,,,,,,,,,,,,,,,,,
2023,11,10,6,0,14.5,-10.1,17.27,,,,,,,,,,,,,,,,,,,,,,,,,,,,,,,,,,,,
2023,11,10,7,0,13.7,-10,18.38,,,,,,,,,,,,,,,,,,,,,,,,,,,,,,,,,,,,
2023,11,10,8,0,12.8,-9.9,19.55,,,,,,,,,,,,,,,,,,,,,,,,,,,,,,,,,,,,
2023,11,10,9,0,12.2,-9.9,20.39,,,,,,,,,,,,,,,,,,,,,,,,,,,,,,,,,,,,
2023,11,10,10,0,11.8,-9.4,21.83,,,,,,,,,,,,,,,,,,,,,,,,,,,,,,,,,,,,
2023,11,10,11,0,11.4,-8.1,24.64,,,,,,,,,,,,,,,,,,,,,,,,,,,,,,,,,,,,
2023,11,10,12,0,11,-7,27.54,,,,,,,,,,,,,,,,,,,,,,,,,,,,,,,,,,,,
2023,11,10,13,0,10.6,-6.2,30.17,,,,,,,,,,,,,,,,,,,,,,,,,,,,,,,,,,,,
2023,11,10,14,0,11.1,-5.5,30.89,,,,,,,,,,,,,,,,,,,,,,,,,,,,,,,,,,,,
2023,11,10,15,0,14.7,-4.5,26.25,,,,,,,,,,,,,,,,,,,,,,,,,,,,,,,,,,,,
2023,11,10,16,0,18.5,-2.6,23.71,,,,,,,,,,,,,,,,,,,,,,,,,,,,,,,,,,,,
2023,11,10,17,0,21.7,-1.9,20.48,,,,,,,,,,,,,,,,,,,,,,,,,,,,,,,,,,,,
2023,11,10,18,0,23.4,-2.4,17.82,,,,,,,,,,,,,,,,,,,,,,,,,,,,,,,,,,,,
2023,11,10,19,0,24.5,-3.5,15.38,,,,,,,,,,,,,,,,,,,,,,,,,,,,,,,,,,,,
2023,11,10,20,0,25.2,-4.4,13.76,,,,,,,,,,,,,,,,,,,,,,,,,,,,,,,,,,,,
2023,11,10,21,0,25.4,-5,13.07,,,,,,,,,,,,,,,,,,,,,,,,,,,,,,,,,,,,
2023,11,10,22,0,25.1,-5.3,12.99,,,,,,,,,,,,,,,,,,,,,,,,,,,,,,,,,,,,
2023,11,10,23,0,24.1,-5.4,13.65,,,,,,,,,,,,,,,,,,,,,,,,,,,,,,,,,,,,
2023,11,11,0,0,20.5,-5.4,16.96,,,,,,,,,,,,,,,,,,,,,,,,,,,,,,,,,,,,
2023,11,11,1,0,18.4,-6.2,18.3,,,,,,,,,,,,,,,,,,,,,,,,,,,,,,,,,,,,
2023,11,11,2,0,17.7,-6.7,18.3,,,,,,,,,,,,,,,,,,,,,,,,,,,,,,,,,,,,
2023,11,11,3,0,17,-7.2,18.48,,,,,,,,,,,,,,,,,,,,,,,,,,,,,,,,,,,,
2023,11,11,4,0,16,-7.5,19.25,,,,,,,,,,,,,,,,,,,,,,,,,,,,,,,,,,,,
2023,11,11,5,0,15.3,-7.6,19.97,,,,,,,,,,,,,,,,,,,,,,,,,,,,,,,,,,,,
2023,11,11,6,0,15.1,-7.3,20.7,,,,,,,,,,,,,,,,,,,,,,,,,,,,,,,,,,,,
2023,11,11,7,0,14.5,-6.3,23.22,,,,,,,,,,,,,,,,,,,,,,,,,,,,,,,,,,,,
2023,11,11,8,0,13.5,-4.5,28.35,,,,,,,,,,,,,,,,,,,,,,,,,,,,,,,,,,,,
2023,11,11,9,0,13.1,-2.3,34.33,,,,,,,,,,,,,,,,,,,,,,,,,,,,,,,,,,,,
2023,11,11,10,0,12.9,-0.4,40.07,,,,,,,,,,,,,,,,,,,,,,,,,,,,,,,,,,,,
2023,11,11,11,0,12.8,0.8,43.95,,,,,,,,,,,,,,,,,,,,,,,,,,,,,,,,,,,,
2023,11,11,12,0,12.5,1.3,46.39,,,,,,,,,,,,,,,,,,,,,,,,,,,,,,,,,,,,
2023,11,11,13,0,12.3,1.4,47.33,,,,,,,,,,,,,,,,,,,,,,,,,,,,,,,,,,,,
2023,11,11,14,0,12.9,1.3,45.27,,,,,,,,,,,,,,,,,,,,,,,,,,,,,,,,,,,,
2023,11,11,15,0,17.1,1.1,34.1,,,,,,,,,,,,,,,,,,,,,,,,,,,,,,,,,,,,
2023,11,11,16,0,20.5,3.5,32.63,,,,,,,,,,,,,,,,,,,,,,,,,,,,,,,,,,,,
2023,11,11,17,0,22.9,4.2,29.62,,,,,,,,,,,,,,,,,,,,,,,,,,,,,,,,,,,,
2023,11,11,18,0,24.7,3.5,25.33,,,,,,,,,,,,,,,,,,,,,,,,,,,,,,,,,,,,
2023,11,11,19,0,26,2.5,21.75,,,,,,,,,,,,,,,,,,,,,,,,,,,,,,,,,,,,
2023,11,11,20,0,26.8,1.3,19.13,,,,,,,,,,,,,,,,,,,,,,,,,,,,,,,,,,,,
2023,11,11,21,0,27.2,0.3,17.35,,,,,,,,,,,,,,,,,,,,,,,,,,,,,,,,,,,,
2023,11,11,22,0,27,-0.6,16.4,,,,,,,,,,,,,,,,,,,,,,,,,,,,,,,,,,,,
2023,11,11,23,0,26.1,-1.3,16.5,,,,,,,,,,,,,,,,,,,,,,,,,,,,,,,,,,,,
2023,11,12,0,0,22.4,-1.2,20.67,,,,,,,,,,,,,,,,,,,,,,,,,,,,,,,,,,,,
2023,11,12,1,0,20.7,-1.1,23.21,,,,,,,,,,,,,,,,,,,,,,,,,,,,,,,,,,,,
2023,11,12,2,0,20.1,-1.1,24.07,,,,,,,,,,,,,,,,,,,,,,,,,,,,,,,,,,,,
2023,11,12,3,0,19.5,-1.5,24.15,,,,,,,,,,,,,,,,,,,,,,,,,,,,,,,,,,,,
2023,11,12,4,0,17.4,-2.4,25.85,,,,,,,,,,,,,,,,,,,,,,,,,,,,,,,,,,,,
2023,11,12,5,0,15.8,-3.2,27,,,,,,,,,,,,,,,,,,,,,,,,,,,,,,,,,,,,
2023,11,12,6,0,15,-3.6,27.55,,,,,,,,,,,,,,,,,,,,,,,,,,,,,,,,,,,,
2023,11,12,7,0,14.6,-3.8,27.9,,,,,,,,,,,,,,,,,,,,,,,,,,,,,,,,,,,,
2023,11,12,8,0,14.4,-3.9,28.08,,,,,,,,,,,,,,,,,,,,,,,,,,,,,,,,,,,,
2023,11,12,9,0,14.1,-3.9,28.49,,,,,,,,,,,,,,,,,,,,,,,,,,,,,,,,,,,,
2023,11,12,10,0,13.9,-3.8,29.21,,,,,,,,,,,,,,,,,,,,,,,,,,,,,,,,,,,,
2023,11,12,11,0,13.8,-3.3,30.42,,,,,,,,,,,,,,,,,,,,,,,,,,,,,,,,,,,,
2023,11,12,12,0,13.6,-2.6,32.6,,,,,,,,,,,,,,,,,,,,,,,,,,,,,,,,,,,,
2023,11,12,13,0,13.5,-1.8,34.58,,,,,,,,,,,,,,,,,,,,,,,,,,,,,,,,,,,,
2023,11,12,14,0,14.1,-1.4,34.3,,,,,,,,,,,,,,,,,,,,,,,,,,,,,,,,,,,,
2023,11,12,15,0,18.4,-1.2,26.52,,,,,,,,,,,,,,,,,,,,,,,,,,,,,,,,,,,,
2023,11,12,16,0,21.9,1.7,26.33,,,,,,,,,,,,,,,,,,,,,,,,,,,,,,,,,,,,
2023,11,12,17,0,24.3,3,25.03,,,,,,,,,,,,,,,,,,,,,,,,,,,,,,,,,,,,
2023,11,12,18,0,26.2,2.4,21.42,,,,,,,,,,,,,,,,,,,,,,,,,,,,,,,,,,,,
2023,11,12,19,0,27.6,1.7,18.68,,,,,,,,,,,,,,,,,,,,,,,,,,,,,,,,,,,,
2023,11,12,20,0,28.6,0.9,16.72,,,,,,,,,,,,,,,,,,,,,,,,,,,,,,,,,,,,
2023,11,12,21,0,29,0.3,15.62,,,,,,,,,,,,,,,,,,,,,,,,,,,,,,,,,,,,
2023,11,12,22,0,28.8,-0.2,15.24,,,,,,,,,,,,,,,,,,,,,,,,,,,,,,,,,,,,
2023,11,12,23,0,27.6,-0.4,16.09,,,,,,,,,,,,,,,,,,,,,,,,,,,,,,,,,,,,
2023,11,13,0,0,23.9,-0.5,19.89,,,,,,,,,,,,,,,,,,,,,,,,,,,,,,,,,,,,
2023,11,13,1,0,22,-0.7,22.07,,,,,,,,,,,,,,,,,,,,,,,,,,,,,,,,,,,,
2023,11,13,2,0,20.1,-0.8,24.57,,,,,,,,,,,,,,,,,,,,,,,,,,,,,,,,,,,,
2023,11,13,3,0,19.1,-0.8,26.14,,,,,,,,,,,,,,,,,,,,,,,,,,,,,,,,,,,,
2023,11,13,4,0,18.8,-0.2,27.77,,,,,,,,,,,,,,,,,,,,,,,,,,,,,,,,,,,,
2023,11,13,5,0,18.7,1.1,30.67,,,,,,,,,,,,,,,,,,,,,,,,,,,,,,,,,,,,
2023,11,13,6,0,18,2.3,34.98,,,,,,,,,,,,,,,,,,,,,,,,,,,,,,,,,,,,
2023,11,13,7,0,17.2,3.1,39.07,,,,,,,,,,,,,,,,,,,,,,,,,,,,,,,,,,,,
2023,11,13,8,0,16.8,3.8,41.86,,,,,,,,,,,,,,,,,,,,,,,,,,,,,,,,,,,,
2023,11,13,9,0,16.5,3.9,43.03,,,,,,,,,,,,,,,,,,,,,,,,,,,,,,,,,,,,
2023,11,13,10,0,16.4,3.3,41.47,,,,,,,,,,,,,,,,,,,,,,,,,,,,,,,,,,,,
2023,11,13,11,0,16.5,2.1,37.89,,,,,,,,,,,,,,,,,,,,,,,,,,,,,,,,,,,,
2023,11,13,12,0,16.5,0.9,34.84,,,,,,,,,,,,,,,,,,,,,,,,,,,,,,,,,,,,
2023,11,13,13,0,16.4,0.5,34.03,,,,,,,,,,,,,,,,,,,,,,,,,,,,,,,,,,,,
2023,11,13,14,0,16.9,0.8,33.6,,,,,,,,,,,,,,,,,,,,,,,,,,,,,,,,,,,,
2023,11,13,15,0,20.3,1.8,29.2,,,,,,,,,,,,,,,,,,,,,,,,,,,,,,,,,,,,
2023,11,13,16,0,23.4,5.8,32,,,,,,,,,,,,,,,,,,,,,,,,,,,,,,,,,,,,
2023,11,13,17,0,26.1,7.9,31.58,,,,,,,,,,,,,,,,,,,,,,,,,,,,,,,,,,,,
2023,11,13,18,0,28.3,7.8,27.46,,,,,,,,,,,,,,,,,,,,,,,,,,,,,,,,,,,,
2023,11,13,19,0,29.7,6.9,23.83,,,,,,,,,,,,,,,,,,,,,,,,,,,,,,,,,,,,
2023,11,13,20,0,30.6,5.9,21.11,,,,,,,,,,,,,,,,,,,,,,,,,,,,,,,,,,,,
2023,11,13,21,0,30.8,5,19.64,,,,,,,,,,,,,,,,,,,,,,,,,,,,,,,,,,,,
2023,11,13,22,0,30.3,4.2,19.14,,,,,,,,,,,,,,,,,,,,,,,,,,,,,,,,,,,,
2023,11,13,23,0,29,3.7,19.96,,,,,,,,,,,,,,,,,,,,,,,,,,,,,,,,,,,,
2023,11,14,0,0,26.2,3.6,23.19,,,,,,,,,,,,,,,,,,,,,,,,,,,,,,,,,,,,
2023,11,14,1,0,25,3.5,24.89,,,,,,,,,,,,,,,,,,,,,,,,,,,,,,,,,,,,
2023,11,14,2,0,23.2,3.6,27.86,,,,,,,,,,,,,,,,,,,,,,,,,,,,,,,,,,,,
2023,11,14,3,0,21.8,3.8,30.65,,,,,,,,,,,,,,,,,,,,,,,,,,,,,,,,,,,,
2023,11,14,4,0,21.1,4.1,32.87,,,,,,,,,,,,,,,,,,,,,,,,,,,,,,,,,,,,
2023,11,14,5,0,21,5,35.22,,,,,,,,,,,,,,,,,,,,,,,,,,,,,,,,,,,,
2023,11,14,6,0,21.1,6.2,37.82,,,,,,,,,,,,,,,,,,,,,,,,,,,,,,,,,,,,
2023,11,14,7,0,20.9,7,40.6,,,,,,,,,,,,,,,,,,,,,,,,,,,,,,,,,,,,
2023,11,14,8,0,20.3,7.5,43.59,,,,,,,,,,,,,,,,,,,,,,,,,,,,,,,,,,,,
2023,11,14,9,0,19.6,7.6,45.7,,,,,,,,,,,,,,,,,,,,,,,,,,,,,,,,,,,,
2023,11,14,10,0,18.7,7.4,47.76,,,,,,,,,,,,,,,,,,,,,,,,,,,,,,,,,,,,
2023,11,14,11,0,18.4,7.3,48.33,,,,,,,,,,,,,,,,,,,,,,,,,,,,,,,,,,,,
2023,11,14,12,0,18.9,7.3,46.88,,,,,,,,,,,,,,,,,,,,,,,,,,,,,,,,,,,,
2023,11,14,13,0,18.6,7.4,48.06,,,,,,,,,,,,,,,,,,,,,,,,,,,,,,,,,,,,
2023,11,14,14,0,18.4,7.5,48.97,,,,,,,,,,,,,,,,,,,,,,,,,,,,,,,,,,,,
2023,11,14,15,0,21.4,7.8,41.48,,,,,,,,,,,,,,,,,,,,,,,,,,,,,,,,,,,,
2023,11,14,16,0,24.1,8.4,36.62,,,,,,,,,,,,,,,,,,,,,,,,,,,,,,,,,,,,
2023,11,14,17,0,26.3,8.4,32.22,,,,,,,,,,,,,,,,,,,,,,,,,,,,,,,,,,,,
2023,11,14,18,0,27.6,8.2,29.46,,,,,,,,,,,,,,,,,,,,,,,,,,,,,,,,,,,,
2023,11,14,19,0,28.6,7.9,27.32,,,,,,,,,,,,,,,,,,,,,,,,,,,,,,,,,,,,
2023,11,14,20,0,29.3,7.7,25.72,,,,,,,,,,,,,,,,,,,,,,,,,,,,,,,,,,,,
2023,11,14,21,0,29.8,7.2,24.28,,,,,,,,,,,,,,,,,,,,,,,,,,,,,,,,,,,,
2023,11,14,22,0,29.8,6.7,23.45,,,,,,,,,,,,,,,,,,,,,,,,,,,,,,,,,,,,
2023,11,14,23,0,28.7,6.3,24.35,,,,,,,,,,,,,,,,,,,,,,,,,,,,,,,,,,,,
2023,11,15,0,0,25.9,6.2,28.46,,,,,,,,,,,,,,,,,,,,,,,,,,,,,,,,,,,,
2023,11,15,1,0,25.3,6.1,29.3,,,,,,,,,,,,,,,,,,,,,,,,,,,,,,,,,,,,
2023,11,15,2,0,25.1,6,29.35,,,,,,,,,,,,,,,,,,,,,,,,,,,,,,,,,,,,
2023,11,15,3,0,25,5.9,29.25,,,,,,,,,,,,,,,,,,,,,,,,,,,,,,,,,,,,
2023,11,15,4,0,24.1,5.7,30.6,,,,,,,,,,,,,,,,,,,,,,,,,,,,,,,,,,,,
2023,11,15,5,0,22.6,5.7,33.45,,,,,,,,,,,,,,,,,,,,,,,,,,,,,,,,,,,,
2023,11,15,6,0,20.8,5.9,37.74,,,,,,,,,,,,,,,,,,,,,,,,,,,,,,,,,,,,
2023,11,15,7,0,19.8,6.2,41.13,,,,,,,,,,,,,,,,,,,,,,,,,,,,,,,,,,,,
2023,11,15,8,0,19.2,6.7,44.01,,,,,,,,,,,,,,,,,,,,,,,,,,,,,,,,,,,,
2023,11,15,9,0,18.8,6.9,46,,,,,,,,,,,,,,,,,,,,,,,,,,,,,,,,,,,,
2023,11,15,10,0,18.6,6.9,46.52,,,,,,,,,,,,,,,,,,,,,,,,,,,,,,,,,,,,
2023,11,15,11,0,18.4,6.8,46.81,,,,,,,,,,,,,,,,,,,,,,,,,,,,,,,,,,,,
2023,11,15,12,0,18.4,6.7,46.56,,,,,,,,,,,,,,,,,,,,,,,,,,,,,,,,,,,,
2023,11,15,13,0,18.6,6.7,45.76,,,,,,,,,,,,,,,,,,,,,,,,,,,,,,,,,,,,
2023,11,15,14,0,18.8,6.6,45,,,,,,,,,,,,,,,,,,,,,,,,,,,,,,,,,,,,
2023,11,15,15,0,21.2,6.8,39.17,,,,,,,,,,,,,,,,,,,,,,,,,,,,,,,,,,,,
2023,11,15,16,0,23.6,7.2,34.89,,,,,,,,,,,,,,,,,,,,,,,,,,,,,,,,,,,,
2023,11,15,17,0,26.4,7.3,29.78,,,,,,,,,,,,,,,,,,,,,,,,,,,,,,,,,,,,
2023,11,15,18,0,28.5,6.9,25.55,,,,,,,,,,,,,,,,,,,,,,,,,,,,,,,,,,,,
2023,11,15,19,0,30,6.4,22.59,,,,,,,,,,,,,,,,,,,,,,,,,,,,,,,,,,,,
2023,11,15,20,0,30.5,5.8,21.16,,,,,,,,,,,,,,,,,,,,,,,,,,,,,,,,,,,,
2023,11,15,21,0,29.7,5.3,21.33,,,,,,,,,,,,,,,,,,,,,,,,,,,,,,,,,,,,
2023,11,15,22,0,28.3,5,22.68,,,,,,,,,,,,,,,,,,,,,,,,,,,,,,,,,,,,
2023,11,15,23,0,26.3,4.7,25.08,,,,,,,,,,,,,,,,,,,,,,,,,,,,,,,,,,,,
2023,11,16,0,0,24.3,4.5,27.84,,,,,,,,,,,,,,,,,,,,,,,,,,,,,,,,,,,,
2023,11,16,1,0,23.2,4.4,29.37,,,,,,,,,,,,,,,,,,,,,,,,,,,,,,,,,,,,
2023,11,16,2,0,22.5,4.1,30.14,,,,,,,,,,,,,,,,,,,,,,,,,,,,,,,,,,,,
2023,11,16,3,0,22.2,4,30.4,,,,,,,,,,,,,,,,,,,,,,,,,,,,,,,,,,,,
2023,11,16,4,0,22.1,3.9,30.46,,,,,,,,,,,,,,,,,,,,,,,,,,,,,,,,,,,,
2023,11,16,5,0,21.1,4.3,33.15,,,,,,,,,,,,,,,,,,,,,,,,,,,,,,,,,,,,
2023,11,16,6,0,20.3,5.9,38.96,,,,,,,,,,,,,,,,,,,,,,,,,,,,,,,,,,,,
2023,11,16,7,0,19,6.7,44.68,,,,,,,,,,,,,,,,,,,,,,,,,,,,,,,,,,,,
2023,11,16,8,0,18.8,6.6,45.07,,,,,,,,,,,,,,,,,,,,,,,,,,,,,,,,,,,,
2023,11,16,9,0,19,6.9,45.28,,,,,,,,,,,,,,,,,,,,,,,,,,,,,,,,,,,,
2023,11,16,10,0,18.8,7.2,46.76,,,,,,,,,,,,,,,,,,,,,,,,,,,,,,,,,,,,
2023,11,16,11,0,18.6,7.4,48.12,,,,,,,,,,,,,,,,,,,,,,,,,,,,,,,,,,,,
2023,11,16,12,0,18.7,7.4,47.76,,,,,,,,,,,,,,,,,,,,,,,,,,,,,,,,,,,,
2023,11,16,13,0,19.3,7.3,45.61,,,,,,,,,,,,,,,,,,,,,,,,,,,,,,,,,,,,
2023,11,16,14,0,19.9,7.2,43.76,,,,,,,,,,,,,,,,,,,,,,,,,,,,,,,,,,,,
2023,11,16,15,0,20.8,7.6,42.6,,,,,,,,,,,,,,,,,,,,,,,,,,,,,,,,,,,,
2023,11,16,16,0,21.9,8,40.76,,,,,,,,,,,,,,,,,,,,,,,,,,,,,,,,,,,,
2023,11,16,17,0,23.3,8,37.41,,,,,,,,,,,,,,,,,,,,,,,,,,,,,,,,,,,,
2023,11,16,18,0,24.6,7.7,34.07,,,,,,,,,,,,,,,,,,,,,,,,,,,,,,,,,,,,
2023,11,16,19,0,25.9,7.4,30.85,,,,,,,,,,,,,,,,,,,,,,,,,,,,,,,,,,,,
2023,11,16,20,0,26.7,7.2,29.02,,,,,,,,,,,,,,,,,,,,,,,,,,,,,,,,,,,,
2023,11,16,21,0,26.7,7.6,29.79,,,,,,,,,,,,,,,,,,,,,,,,,,,,,,,,,,,,
2023,11,16,22,0,26,8.4,32.77,,,,,,,,,,,,,,,,,,,,,,,,,,,,,,,,,,,,
2023,11,16,23,0,24.9,9,36.59,,,,,,,,,,,,,,,,,,,,,,,,,,,,,,,,,,,,
2023,11,17,0,0,23,9.6,42.45,,,,,,,,,,,,,,,,,,,,,,,,,,,,,,,,,,,,
2023,11,17,1,0,22.3,10.1,45.85,,,,,,,,,,,,,,,,,,,,,,,,,,,,,,,,,,,,
2023,11,17,2,0,21.6,10.6,49.52,,,,,,,,,,,,,,,,,,,,,,,,,,,,,,,,,,,,
2023,11,17,3,0,20.8,11.1,53.65,,,,,,,,,,,,,,,,,,,,,,,,,,,,,,,,,,,,
2023,11,17,4,0,19.6,11.5,59.55,,,,,,,,,,,,,,,,,,,,,,,,,,,,,,,,,,,,
2023,11,17,5,0,18.8,11.9,64.36,,,,,,,,,,,,,,,,,,,,,,,,,,,,,,,,,,,,
2023,11,17,6,0,17.8,12.4,70.62,,,,,,,,,,,,,,,,,,,,,,,,,,,,,,,,,,,,
2023,11,17,7,0,17.1,12.8,76.04,,,,,,,,,,,,,,,,,,,,,,,,,,,,,,,,,,,,
2023,11,17,8,0,16.6,13.2,80.48,,,,,,,,,,,,,,,,,,,,,,,,,,,,,,,,,,,,
2023,11,17,9,0,16.2,13.4,83.53,,,,,,,,,,,,,,,,,,,,,,,,,,,,,,,,,,,,
2023,11,17,10,0,15.9,13.4,85.14,,,,,,,,,,,,,,,,,,,,,,,,,,,,,,,,,,,,
2023,11,17,11,0,15.8,13.4,85.39,,,,,,,,,,,,,,,,,,,,,,,,,,,,,,,,,,,,
2023,11,17,12,0,15.7,13.3,85.46,,,,,,,,,,,,,,,,,,,,,,,,,,,,,,,,,,,,
2023,11,17,13,0,15.7,13.2,84.97,,,,,,,,,,,,,,,,,,,,,,,,,,,,,,,,,,,,
2023,11,17,14,0,16.1,13.2,82.95,,,,,,,,,,,,,,,,,,,,,,,,,,,,,,,,,,,,
2023,11,17,15,0,18.7,13.5,71.81,,,,,,,,,,,,,,,,,,,,,,,,,,,,,,,,,,,,
2023,11,17,16,0,21.3,13.8,62.34,,,,,,,,,,,,,,,,,,,,,,,,,,,,,,,,,,,,
2023,11,17,17,0,23.8,13.8,53.65,,,,,,,,,,,,,,,,,,,,,,,,,,,,,,,,,,,,
2023,11,17,18,0,25.6,13.5,47.02,,,,,,,,,,,,,,,,,,,,,,,,,,,,,,,,,,,,
2023,11,17,19,0,26.8,12.9,42.21,,,,,,,,,,,,,,,,,,,,,,,,,,,,,,,,,,,,
2023,11,17,20,0,27.4,12.4,39.47,,,,,,,,,,,,,,,,,,,,,,,,,,,,,,,,,,,,
2023,11,17,21,0,27.6,12,37.98,,,,,,,,,,,,,,,,,,,,,,,,,,,,,,,,,,,,
2023,11,17,22,0,27.2,11.7,38.2,,,,,,,,,,,,,,,,,,,,,,,,,,,,,,,,,,,,
2023,11,17,23,0,26.2,11.6,40.14,,,,,,,,,,,,,,,,,,,,,,,,,,,,,,,,,,,,
2023,11,18,0,0,23.3,11.8,48.5,,,,,,,,,,,,,,,,,,,,,,,,,,,,,,,,,,,,
2023,11,18,1,0,22,11.5,51.26,,,,,,,,,,,,,,,,,,,,,,,,,,,,,,,,,,,,
2023,11,18,2,0,21.6,11.3,51.87,,,,,,,,,,,,,,,,,,,,,,,,,,,,,,,,,,,,
2023,11,18,3,0,21.4,11.1,51.93,,,,,,,,,,,,,,,,,,,,,,,,,,,,,,,,,,,,
2023,11,18,4,0,21.1,11,52.41,,,,,,,,,,,,,,,,,,,,,,,,,,,,,,,,,,,,
2023,11,18,5,0,20.5,11,54.31,,,,,,,,,,,,,,,,,,,,,,,,,,,,,,,,,,,,
2023,11,18,6,0,19.8,11.1,57.09,,,,,,,,,,,,,,,,,,,,,,,,,,,,,,,,,,,,
2023,11,18,7,0,19.1,11.3,60.58,,,,,,,,,,,,,,,,,,,,,,,,,,,,,,,,,,,,
2023,11,18,8,0,19,11.6,62.33,,,,,,,,,,,,,,,,,,,,,,,,,,,,,,,,,,,,
2023,11,18,9,0,19.1,12.1,64.05,,,,,,,,,,,,,,,,,,,,,,,,,,,,,,,,,,,,
2023,11,18,10,0,19.1,12.8,66.83,,,,,,,,,,,,,,,,,,,,,,,,,,,,,,,,,,,,
2023,11,18,11,0,18.8,13.6,71.55,,,,,,,,,,,,,,,,,,,,,,,,,,,,,,,,,,,,
2023,11,18,12,0,18.4,14.2,76.45,,,,,,,,,,,,,,,,,,,,,,,,,,,,,,,,,,,,
2023,11,18,13,0,18.1,14.7,80.49,,,,,,,,,,,,,,,,,,,,,,,,,,,,,,,,,,,,
2023,11,18,14,0,17.8,15.1,84.32,,,,,,,,,,,,,,,,,,,,,,,,,,,,,,,,,,,,
2023,11,18,15,0,17.9,15.2,84.49,,,,,,,,,,,,,,,,,,,,,,,,,,,,,,,,,,,,
2023,11,18,16,0,18.9,15.5,80.78,,,,,,,,,,,,,,,,,,,,,,,,,,,,,,,,,,,,
2023,11,18,17,0,20.9,15.6,71.56,,,,,,,,,,,,,,,,,,,,,,,,,,,,,,,,,,,,
2023,11,18,18,0,22.9,15.2,62.04,,,,,,,,,,,,,,,,,,,,,,,,,,,,,,,,,,,,
2023,11,18,19,0,23.9,14.8,56.79,,,,,,,,,,,,,,,,,,,,,,,,,,,,,,,,,,,,
2023,11,18,20,0,24.3,14.4,53.84,,,,,,,,,,,,,,,,,,,,,,,,,,,,,,,,,,,,
2023,11,18,21,0,24.3,13.8,51.89,,,,,,,,,,,,,,,,,,,,,,,,,,,,,,,,,,,,
2023,11,18,22,0,23.9,13.2,51.04,,,,,,,,,,,,,,,,,,,,,,,,,,,,,,,,,,,,
2023,11,18,23,0,23,12.8,52.76,,,,,,,,,,,,,,,,,,,,,,,,,,,,,,,,,,,,
2023,11,19,0,0,20.1,14.3,69.26,,,,,,,,,,,,,,,,,,,,,,,,,,,,,,,,,,,,
2023,11,19,1,0,18.7,13.3,71.04,,,,,,,,,,,,,,,,,,,,,,,,,,,,,,,,,,,,
2023,11,19,2,0,18.1,12.7,70.84,,,,,,,,,,,,,,,,,,,,,,,,,,,,,,,,,,,,
2023,11,19,3,0,17.5,12.3,71.37,,,,,,,,,,,,,,,,,,,,,,,,,,,,,,,,,,,,
2023,11,19,4,0,16.8,11.8,72.22,,,,,,,,,,,,,,,,,,,,,,,,,,,,,,,,,,,,
2023,11,19,5,0,16.1,11.3,73.38,,,,,,,,,,,,,,,,,,,,,,,,,,,,,,,,,,,,
2023,11,19,6,0,15.7,10.9,73.33,,,,,,,,,,,,,,,,,,,,,,,,,,,,,,,,,,,,
2023,11,19,7,0,15.3,10.6,73.5,,,,,,,,,,,,,,,,,,,,,,,,,,,,,,,,,,,,
2023,11,19,8,0,14.6,10.3,75.6,,,,,,,,,,,,,,,,,,,,,,,,,,,,,,,,,,,,
2023,11,19,9,0,14.2,10,76.08,,,,,,,,,,,,,,,,,,,,,,,,,,,,,,,,,,,,
2023,11,19,10,0,13.8,9.8,76.76,,,,,,,,,,,,,,,,,,,,,,,,,,,,,,,,,,,,
2023,11,19,11,0,13.2,9.6,78.99,,,,,,,,,,,,,,,,,,,,,,,,,,,,,,,,,,,,
2023,11,19,12,0,12.8,9.5,80.54,,,,,,,,,,,,,,,,,,,,,,,,,,,,,,,,,,,,
2023,11,19,13,0,12.3,9.5,82.79,,,,,,,,,,,,,,,,,,,,,,,,,,,,,,,,,,,,
2023,11,19,14,0,12.4,9.6,82.97,,,,,,,,,,,,,,,,,,,,,,,,,,,,,,,,,,,,
2023,11,19,15,0,15,10.3,73.3,,,,,,,,,,,,,,,,,,,,,,,,,,,,,,,,,,,,
2023,11,19,16,0,17.7,10.5,62.9,,,,,,,,,,,,,,,,,,,,,,,,,,,,,,,,,,,,
2023,11,19,17,0,20.2,10.4,53.2,,,,,,,,,,,,,,,,,,,,,,,,,,,,,,,,,,,,
2023,11,19,18,0,21.4,9.8,47.58,,,,,,,,,,,,,,,,,,,,,,,,,,,,,,,,,,,,
2023,11,19,19,0,22.2,9.1,43.24,,,,,,,,,,,,,,,,,,,,,,,,,,,,,,,,,,,,
2023,11,19,20,0,22.6,8.2,39.78,,,,,,,,,,,,,,,,,,,,,,,,,,,,,,,,,,,,
2023,11,19,21,0,22.8,7.1,36.39,,,,,,,,,,,,,,,,,,,,,,,,,,,,,,,,,,,,
2023,11,19,22,0,22.6,5.6,33.27,,,,,,,,,,,,,,,,,,,,,,,,,,,,,,,,,,,,
2023,11,19,23,0,22,4,30.74,,,,,,,,,,,,,,,,,,,,,,,,,,,,,,,,,,,,
2023,11,20,0,0,18.5,3.8,37.63,,,,,,,,,,,,,,,,,,,,,,,,,,,,,,,,,,,,
2023,11,20,1,0,16.6,2.2,38.05,,,,,,,,,,,,,,,,,,,,,,,,,,,,,,,,,,,,
2023,11,20,2,0,15.5,-0.2,34.22,,,,,,,,,,,,,,,,,,,,,,,,,,,,,,,,,,,,
2023,11,20,3,0,14,-1.8,33.58,,,,,,,,,,,,,,,,,,,,,,,,,,,,,,,,,,,,
2023,11,20,4,0,12.7,-1.5,37.22,,,,,,,,,,,,,,,,,,,,,,,,,,,,,,,,,,,,
2023,11,20,5,0,11.9,-0.7,41.61,,,,,,,,,,,,,,,,,,,,,,,,,,,,,,,,,,,,
2023,11,20,6,0,11.5,-0.3,44.15,,,,,,,,,,,,,,,,,,,,,,,,,,,,,,,,,,,,
2023,11,20,7,0,11.2,0,46.03,,,,,,,,,,,,,,,,,,,,,,,,,,,,,,,,,,,,
2023,11,20,8,0,10.9,0.4,48.42,,,,,,,,,,,,,,,,,,,,,,,,,,,,,,,,,,,,
2023,11,20,9,0,10.6,0.7,50.22,,,,,,,,,,,,,,,,,,,,,,,,,,,,,,,,,,,,
2023,11,20,10,0,10.2,0.8,52.13,,,,,,,,,,,,,,,,,,,,,,,,,,,,,,,,,,,,
2023,11,20,11,0,9.8,0.9,53.89,,,,,,,,,,,,,,,,,,,,,,,,,,,,,,,,,,,,
2023,11,20,12,0,9.5,0.8,54.56,,,,,,,,,,,,,,,,,,,,,,,,,,,,,,,,,,,,
2023,11,20,13,0,9.3,0.6,54.58,,,,,,,,,,,,,,,,,,,,,,,,,,,,,,,,,,,,
2023,11,20,14,0,9.4,0.6,54.11,,,,,,,,,,,,,,,,,,,,,,,,,,,,,,,,,,,,
2023,11,20,15,0,12.8,0.5,43.08,,,,,,,,,,,,,,,,,,,,,,,,,,,,,,,,,,,,
2023,11,20,16,0,15.8,-0.9,32.05,,,,,,,,,,,,,,,,,,,,,,,,,,,,,,,,,,,,
2023,11,20,17,0,18.5,-0.8,27.17,,,,,,,,,,,,,,,,,,,,,,,,,,,,,,,,,,,,
2023,11,20,18,0,20.8,-0.4,24.21,,,,,,,,,,,,,,,,,,,,,,,,,,,,,,,,,,,,
2023,11,20,19,0,22.5,-0.3,21.92,,,,,,,,,,,,,,,,,,,,,,,,,,,,,,,,,,,,
2023,11,20,20,0,23.6,-0.5,20.21,,,,,,,,,,,,,,,,,,,,,,,,,,,,,,,,,,,,
2023,11,20,21,0,24.1,-0.8,19.19,,,,,,,,,,,,,,,,,,,,,,,,,,,,,,,,,,,,
2023,11,20,22,0,24,-1.1,18.96,,,,,,,,,,,,,,,,,,,,,,,,,,,,,,,,,,,,
2023,11,20,23,0,22.4,2.9,27.83,,,,,,,,,,,,,,,,,,,,,,,,,,,,,,,,,,,,
2023,11,21,0,0,18.2,3.9,38.62,,,,,,,,,,,,,,,,,,,,,,,,,,,,,,,,,,,,
2023,11,21,1,0,16.3,2.6,39.84,,,,,,,,,,,,,,,,,,,,,,,,,,,,,,,,,,,,
2023,11,21,2,0,15.1,2.2,41.69,,,,,,,,,,,,,,,,,,,,,,,,,,,,,,,,,,,,
2023,11,21,3,0,14.2,1.6,42.47,,,,,,,,,,,,,,,,,,,,,,,,,,,,,,,,,,,,
2023,11,21,4,0,13.5,1,42.58,,,,,,,,,,,,,,,,,,,,,,,,,,,,,,,,,,,,
2023,11,21,5,0,12.9,0.5,42.67,,,,,,,,,,,,,,,,,,,,,,,,,,,,,,,,,,,,
2023,11,21,6,0,12.3,0.2,43.56,,,,,,,,,,,,,,,,,,,,,,,,,,,,,,,,,,,,
2023,11,21,7,0,11.9,0.2,44.47,,,,,,,,,,,,,,,,,,,,,,,,,,,,,,,,,,,,
2023,11,21,8,0,11.5,0.2,45.76,,,,,,,,,,,,,,,,,,,,,,,,,,,,,,,,,,,,
2023,11,21,9,0,11.6,0.1,45.23,,,,,,,,,,,,,,,,,,,,,,,,,,,,,,,,,,,,
2023,11,21,10,0,11.8,0,44.14,,,,,,,,,,,,,,,,,,,,,,,,,,,,,,,,,,,,
2023,11,21,11,0,11.8,-0.1,43.77,,,,,,,,,,,,,,,,,,,,,,,,,,,,,,,,,,,,
2023,11,21,12,0,11.6,-0.2,44.14,,,,,,,,,,,,,,,,,,,,,,,,,,,,,,,,,,,,
2023,11,21,13,0,11.4,-0.3,44.52,,,,,,,,,,,,,,,,,,,,,,,,,,,,,,,,,,,,
2023,11,21,14,0,11.6,-0.4,43.63,,,,,,,,,,,,,,,,,,,,,,,,,,,,,,,,,,,,
2023,11,21,15,0,13.8,-0.3,37.91,,,,,,,,,,,,,,,,,,,,,,,,,,,,,,,,,,,,
2023,11,21,16,0,17.4,0,30.83,,,,,,,,,,,,,,,,,,,,,,,,,,,,,,,,,,,,
2023,11,21,17,0,22,-0.7,22.02,,,,,,,,,,,,,,,,,,,,,,,,,,,,,,,,,,,,
2023,11,21,18,0,24,-0.7,19.49,,,,,,,,,,,,,,,,,,,,,,,,,,,,,,,,,,,,
2023,11,21,19,0,25.1,-0.8,18.08,,,,,,,,,,,,,,,,,,,,,,,,,,,,,,,,,,,,
2023,11,21,20,0,25.8,-1.1,16.98,,,,,,,,,,,,,,,,,,,,,,,,,,,,,,,,,,,,
2023,11,21,21,0,26.1,-1.5,16.21,,,,,,,,,,,,,,,,,,,,,,,,,,,,,,,,,,,,
2023,11,21,22,0,25.8,-1.8,16.11,,,,,,,,,,,,,,,,,,,,,,,,,,,,,,,,,,,,
2023,11,21,23,0,24.2,3.1,25.33,,,,,,,,,,,,,,,,,,,,,,,,,,,,,,,,,,,,
2023,11,22,0,0,21,2.5,29.45,,,,,,,,,,,,,,,,,,,,,,,,,,,,,,,,,,,,
2023,11,22,1,0,18.9,1.6,31.35,,,,,,,,,,,,,,,,,,,,,,,,,,,,,,,,,,,,
2023,11,22,2,0,17.4,1.3,33.81,,,,,,,,,,,,,,,,,,,,,,,,,,,,,,,,,,,,
2023,11,22,3,0,16.1,0.9,35.69,,,,,,,,,,,,,,,,,,,,,,,,,,,,,,,,,,,,
2023,11,22,4,0,14.9,0.4,37.15,,,,,,,,,,,,,,,,,,,,,,,,,,,,,,,,,,,,
2023,11,22,5,0,13.8,0,38.67,,,,,,,,,,,,,,,,,,,,,,,,,,,,,,,,,,,,
2023,11,22,6,0,13.1,-0.5,39.14,,,,,,,,,,,,,,,,,,,,,,,,,,,,,,,,,,,,
2023,11,22,7,0,12.6,-0.9,39.43,,,,,,,,,,,,,,,,,,,,,,,,,,,,,,,,,,,,
2023,11,22,8,0,12.1,-1,40.2,,,,,,,,,,,,,,,,,,,,,,,,,,,,,,,,,,,,
2023,11,22,9,0,11.6,-1.2,40.91,,,,,,,,,,,,,,,,,,,,,,,,,,,,,,,,,,,,
2023,11,22,10,0,11.3,-1.4,41.13,,,,,,,,,,,,,,,,,,,,,,,,,,,,,,,,,,,,
2023,11,22,11,0,10.9,-1.6,41.86,,,,,,,,,,,,,,,,,,,,,,,,,,,,,,,,,,,,
2023,11,22,12,0,10.7,-1.8,41.79,,,,,,,,,,,,,,,,,,,,,,,,,,,,,,,,,,,,
2023,11,22,13,0,10.4,-1.8,42.55,,,,,,,,,,,,,,,,,,,,,,,,,,,,,,,,,,,,
2023,11,22,14,0,10.6,-1.8,42.09,,,,,,,,,,,,,,,,,,,,,,,,,,,,,,,,,,,,
2023,11,22,15,0,14.3,-1.8,32.81,,,,,,,,,,,,,,,,,,,,,,,,,,,,,,,,,,,,
2023,11,22,16,0,17.4,-1.9,26.74,,,,,,,,,,,,,,,,,,,,,,,,,,,,,,,,,,,,
2023,11,22,17,0,21.1,-2.6,20.16,,,,,,,,,,,,,,,,,,,,,,,,,,,,,,,,,,,,
2023,11,22,18,0,22.8,-2.8,17.97,,,,,,,,,,,,,,,,,,,,,,,,,,,,,,,,,,,,
2023,11,22,19,0,23.8,-2.9,16.78,,,,,,,,,,,,,,,,,,,,,,,,,,,,,,,,,,,,
2023,11,22,20,0,24.5,-3.1,15.91,,,,,,,,,,,,,,,,,,,,,,,,,,,,,,,,,,,,
2023,11,22,21,0,24.8,-3.3,15.36,,,,,,,,,,,,,,,,,,,,,,,,,,,,,,,,,,,,
2023,11,22,22,0,24.6,-3.4,15.38,,,,,,,,,,,,,,,,,,,,,,,,,,,,,,,,,,,,
2023,11,22,23,0,23.2,0.9,22.95,,,,,,,,,,,,,,,,,,,,,,,,,,,,,,,,,,,,
2023,11,23,0,0,20.2,0.7,27.29,,,,,,,,,,,,,,,,,,,,,,,,,,,,,,,,,,,,
2023,11,23,1,0,18.6,-0.4,27.66,,,,,,,,,,,,,,,,,,,,,,,,,,,,,,,,,,,,
2023,11,23,2,0,17.4,-0.4,29.92,,,,,,,,,,,,,,,,,,,,,,,,,,,,,,,,,,,,
2023,11,23,3,0,16.5,-0.6,31.29,,,,,,,,,,,,,,,,,,,,,,,,,,,,,,,,,,,,
2023,11,23,4,0,15.4,-0.6,33.5,,,,,,,,,,,,,,,,,,,,,,,,,,,,,,,,,,,,
2023,11,23,5,0,14.2,-0.6,36.3,,,,,,,,,,,,,,,,,,,,,,,,,,,,,,,,,,,,
2023,11,23,6,0,13.2,-0.9,37.89,,,,,,,,,,,,,,,,,,,,,,,,,,,,,,,,,,,,
2023,11,23,7,0,12.5,-1.3,38.44,,,,,,,,,,,,,,,,,,,,,,,,,,,,,,,,,,,,
2023,11,23,8,0,11.8,-1.6,39.24,,,,,,,,,,,,,,,,,,,,,,,,,,,,,,,,,,,,
2023,11,23,9,0,11.3,-1.9,39.67,,,,,,,,,,,,,,,,,,,,,,,,,,,,,,,,,,,,
2023,11,23,10,0,10.9,-2.2,39.97,,,,,,,,,,,,,,,,,,,,,,,,,,,,,,,,,,,,
2023,11,23,11,0,10.6,-2.3,40.36,,,,,,,,,,,,,,,,,,,,,,,,,,,,,,,,,,,,
2023,11,23,12,0,10.8,-2.4,39.76,,,,,,,,,,,,,,,,,,,,,,,,,,,,,,,,,,,,
2023,11,23,13,0,11.1,-2.3,39.18,,,,,,,,,,,,,,,,,,,,,,,,,,,,,,,,,,,,
2023,11,23,14,0,11.5,-2,39,,,,,,,,,,,,,,,,,,,,,,,,,,,,,,,,,,,,
2023,11,23,15,0,12.7,-1.4,37.75,,,,,,,,,,,,,,,,,,,,,,,,,,,,,,,,,,,,
2023,11,23,16,0,14.6,-1.6,32.84,,,,,,,,,,,,,,,,,,,,,,,,,,,,,,,,,,,,
2023,11,23,17,0,16.7,-3.7,24.54,,,,,,,,,,,,,,,,,,,,,,,,,,,,,,,,,,,,
2023,11,23,18,0,18.5,-5,19.91,,,,,,,,,,,,,,,,,,,,,,,,,,,,,,,,,,,,
2023,11,23,19,0,20.1,-5.5,17.34,,,,,,,,,,,,,,,,,,,,,,,,,,,,,,,,,,,,
2023,11,23,20,0,20.8,-5.3,16.78,,,,,,,,,,,,,,,,,,,,,,,,,,,,,,,,,,,,
2023,11,23,21,0,20.9,-4.8,17.32,,,,,,,,,,,,,,,,,,,,,,,,,,,,,,,,,,,,
2023,11,23,22,0,20.6,-4,18.72,,,,,,,,,,,,,,,,,,,,,,,,,,,,,,,,,,,,
2023,11,23,23,0,18.8,1.8,32.22,,,,,,,,,,,,,,,,,,,,,,,,,,,,,,,,,,,,
2023,11,24,0,0,17.1,0.1,31.66,,,,,,,,,,,,,,,,,,,,,,,,,,,,,,,,,,,,
2023,11,24,1,0,16.4,-1.6,29.25,,,,,,,,,,,,,,,,,,,,,,,,,,,,,,,,,,,,
2023,11,24,2,0,15.8,-2,29.52,,,,,,,,,,,,,,,,,,,,,,,,,,,,,,,,,,,,
2023,11,24,3,0,15.1,-2.1,30.67,,,,,,,,,,,,,,,,,,,,,,,,,,,,,,,,,,,,
2023,11,24,4,0,13.7,-1.7,34.43,,,,,,,,,,,,,,,,,,,,,,,,,,,,,,,,,,,,
2023,11,24,5,0,12.3,-1.4,38.72,,,,,,,,,,,,,,,,,,,,,,,,,,,,,,,,,,,,
2023,11,24,6,0,11.4,-0.8,42.97,,,,,,,,,,,,,,,,,,,,,,,,,,,,,,,,,,,,
2023,11,24,7,0,10.4,0.3,49.44,,,,,,,,,,,,,,,,,,,,,,,,,,,,,,,,,,,,
2023,11,24,8,0,9.8,1.3,55.3,,,,,,,,,,,,,,,,,,,,,,,,,,,,,,,,,,,,
2023,11,24,9,0,9.5,2,59.63,,,,,,,,,,,,,,,,,,,,,,,,,,,,,,,,,,,,
2023,11,24,10,0,9.4,2.2,60.97,,,,,,,,,,,,,,,,,,,,,,,,,,,,,,,,,,,,
2023,11,24,11,0,9.4,2,60,,,,,,,,,,,,,,,,,,,,,,,,,,,,,,,,,,,,
2023,11,24,12,0,9.4,2,60.02,,,,,,,,,,,,,,,,,,,,,,,,,,,,,,,,,,,,
2023,11,24,13,0,9.4,2.2,60.82,,,,,,,,,,,,,,,,,,,,,,,,,,,,,,,,,,,,
2023,11,24,14,0,9.6,2.6,61.52,,,,,,,,,,,,,,,,,,,,,,,,,,,,,,,,,,,,
2023,11,24,15,0,12.9,3.4,52.33,,,,,,,,,,,,,,,,,,,,,,,,,,,,,,,,,,,,
2023,11,24,16,0,15.9,6.7,54.39,,,,,,,,,,,,,,,,,,,,,,,,,,,,,,,,,,,,
2023,11,24,17,0,18.8,8.4,50.93,,,,,,,,,,,,,,,,,,,,,,,,,,,,,,,,,,,,
2023,11,24,18,0,20.3,7.7,44.13,,,,,,,,,,,,,,,,,,,,,,,,,,,,,,,,,,,,
2023,11,24,19,0,21.3,6.9,39.33,,,,,,,,,,,,,,,,,,,,,,,,,,,,,,,,,,,,
2023,11,24,20,0,21.7,6.2,36.57,,,,,,,,,,,,,,,,,,,,,,,,,,,,,,,,,,,,
2023,11,24,21,0,21.5,6,36.4,,,,,,,,,,,,,,,,,,,,,,,,,,,,,,,,,,,,
2023,11,24,22,0,21,6,37.57,,,,,,,,,,,,,,,,,,,,,,,,,,,,,,,,,,,,
2023,11,24,23,0,20.1,6.2,40.42,,,,,,,,,,,,,,,,,,,,,,,,,,,,,,,,,,,,
2023,11,25,0,0,17.6,7,49.93,,,,,,,,,,,,,,,,,,,,,,,,,,,,,,,,,,,,
2023,11,25,1,0,16.5,7,53.35,,,,,,,,,,,,,,,,,,,,,,,,,,,,,,,,,,,,
2023,11,25,2,0,15.6,6.8,55.99,,,,,,,,,,,,,,,,,,,,,,,,,,,,,,,,,,,,
2023,11,25,3,0,14.8,6.7,58.45,,,,,,,,,,,,,,,,,,,,,,,,,,,,,,,,,,,,
2023,11,25,4,0,14.3,6.7,60.2,,,,,,,,,,,,,,,,,,,,,,,,,,,,,,,,,,,,
2023,11,25,5,0,14,6.6,61.22,,,,,,,,,,,,,,,,,,,,,,,,,,,,,,,,,,,,
2023,11,25,6,0,13.9,6.6,61.38,,,,,,,,,,,,,,,,,,,,,,,,,,,,,,,,,,,,
2023,11,25,7,0,13.8,6.5,61.33,,,,,,,,,,,,,,,,,,,,,,,,,,,,,,,,,,,,
2023,11,25,8,0,13.8,6.3,60.7,,,,,,,,,,,,,,,,,,,,,,,,,,,,,,,,,,,,
2023,11,25,9,0,13.6,6.2,60.84,,,,,,,,,,,,,,,,,,,,,,,,,,,,,,,,,,,,
2023,11,25,10,0,13.2,6,61.82,,,,,,,,,,,,,,,,,,,,,,,,,,,,,,,,,,,,
2023,11,25,11,0,12.6,6,63.99,,,,,,,,,,,,,,,,,,,,,,,,,,,,,,,,,,,,
2023,11,25,12,0,12,6,66.62,,,,,,,,,,,,,,,,,,,,,,,,,,,,,,,,,,,,
2023,11,25,13,0,11.4,6,69.65,,,,,,,,,,,,,,,,,,,,,,,,,,,,,,,,,,,,
2023,11,25,14,0,11,6.1,71.8,,,,,,,,,,,,,,,,,,,,,,,,,,,,,,,,,,,,
2023,11,25,15,0,13.3,6.8,64.56,,,,,,,,,,,,,,,,,,,,,,,,,,,,,,,,,,,,
2023,11,25,16,0,16.1,5.2,48.32,,,,,,,,,,,,,,,,,,,,,,,,,,,,,,,,,,,,
2023,11,25,17,0,18.4,1.9,33.08,,,,,,,,,,,,,,,,,,,,,,,,,,,,,,,,,,,,
2023,11,25,18,0,19.6,0.1,27.01,,,,,,,,,,,,,,,,,,,,,,,,,,,,,,,,,,,,
2023,11,25,19,0,20.3,-1.2,23.51,,,,,,,,,,,,,,,,,,,,,,,,,,,,,,,,,,,,
2023,11,25,20,0,20.6,-2.4,21.24,,,,,,,,,,,,,,,,,,,,,,,,,,,,,,,,,,,,
2023,11,25,21,0,20.6,-3.4,19.71,,,,,,,,,,,,,,,,,,,,,,,,,,,,,,,,,,,,
2023,11,25,22,0,20.1,-4.2,19.07,,,,,,,,,,,,,,,,,,,,,,,,,,,,,,,,,,,,
2023,11,25,23,0,18.7,-2.4,23.82,,,,,,,,,,,,,,,,,,,,,,,,,,,,,,,,,,,,
2023,11,26,0,0,15.1,-0.4,34.7,,,,,,,,,,,,,,,,,,,,,,,,,,,,,,,,,,,,
2023,11,26,1,0,13.8,-2.2,33.08,,,,,,,,,,,,,,,,,,,,,,,,,,,,,,,,,,,,
2023,11,26,2,0,13.4,-3.2,31.4,,,,,,,,,,,,,,,,,,,,,,,,,,,,,,,,,,,,
2023,11,26,3,0,13.3,-4,29.78,,,,,,,,,,,,,,,,,,,,,,,,,,,,,,,,,,,,
2023,11,26,4,0,12.7,-4.3,30.25,,,,,,,,,,,,,,,,,,,,,,,,,,,,,,,,,,,,
2023,11,26,5,0,11.1,-3.8,34.96,,,,,,,,,,,,,,,,,,,,,,,,,,,,,,,,,,,,
2023,11,26,6,0,9.7,-3.3,39.81,,,,,,,,,,,,,,,,,,,,,,,,,,,,,,,,,,,,
2023,11,26,7,0,9,-3.3,41.97,,,,,,,,,,,,,,,,,,,,,,,,,,,,,,,,,,,,
2023,11,26,8,0,8.6,-3.3,43.11,,,,,,,,,,,,,,,,,,,,,,,,,,,,,,,,,,,,
2023,11,26,9,0,8.4,-3.5,42.78,,,,,,,,,,,,,,,,,,,,,,,,,,,,,,,,,,,,
2023,11,26,10,0,8,-3.9,42.65,,,,,,,,,,,,,,,,,,,,,,,,,,,,,,,,,,,,
2023,11,26,11,0,7.7,-4.3,42.35,,,,,,,,,,,,,,,,,,,,,,,,,,,,,,,,,,,,
2023,11,26,12,0,7.5,-4.6,42.13,,,,,,,,,,,,,,,,,,,,,,,,,,,,,,,,,,,,
2023,11,26,13,0,7.4,-4.7,41.82,,,,,,,,,,,,,,,,,,,,,,,,,,,,,,,,,,,,
2023,11,26,14,0,7.5,-4.9,41.08,,,,,,,,,,,,,,,,,,,,,,,,,,,,,,,,,,,,
2023,11,26,15,0,9.7,-5,35.19,,,,,,,,,,,,,,,,,,,,,,,,,,,,,,,,,,,,
2023,11,26,16,0,13.2,-5,27.84,,,,,,,,,,,,,,,,,,,,,,,,,,,,,,,,,,,,
2023,11,26,17,0,17.5,-5.3,20.7,,,,,,,,,,,,,,,,,,,,,,,,,,,,,,,,,,,,
2023,11,26,18,0,20,-3.8,19.83,,,,,,,,,,,,,,,,,,,,,,,,,,,,,,,,,,,,
2023,11,26,19,0,21.3,-2.9,19.58,,,,,,,,,,,,,,,,,,,,,,,,,,,,,,,,,,,,
2023,11,26,20,0,21.9,-2.7,19.12,,,,,,,,,,,,,,,,,,,,,,,,,,,,,,,,,,,,
2023,11,26,21,0,22.1,-2.6,18.95,,,,,,,,,,,,,,,,,,,,,,,,,,,,,,,,,,,,
2023,11,26,22,0,21.7,-2.5,19.62,,,,,,,,,,,,,,,,,,,,,,,,,,,,,,,,,,,,
2023,11,26,23,0,20,2.5,31.25,,,,,,,,,,,,,,,,,,,,,,,,,,,,,,,,,,,,
2023,11,27,0,0,18.3,0.3,29.66,,,,,,,,,,,,,,,,,,,,,,,,,,,,,,,,,,,,
2023,11,27,1,0,16.7,0.4,33.24,,,,,,,,,,,,,,,,,,,,,,,,,,,,,,,,,,,,
2023,11,27,2,0,15.4,0.3,35.64,,,,,,,,,,,,,,,,,,,,,,,,,,,,,,,,,,,,
2023,11,27,3,0,14.7,-0.7,34.86,,,,,,,,,,,,,,,,,,,,,,,,,,,,,,,,,,,,
2023,11,27,4,0,14.2,-1.4,34.07,,,,,,,,,,,,,,,,,,,,,,,,,,,,,,,,,,,,
2023,11,27,5,0,13.7,-2.1,33.58,,,,,,,,,,,,,,,,,,,,,,,,,,,,,,,,,,,,
2023,11,27,6,0,13.5,-2.8,32.16,,,,,,,,,,,,,,,,,,,,,,,,,,,,,,,,,,,,
2023,11,27,7,0,13.3,-3.4,31.19,,,,,,,,,,,,,,,,,,,,,,,,,,,,,,,,,,,,
2023,11,27,8,0,13,-3.8,30.89,,,,,,,,,,,,,,,,,,,,,,,,,,,,,,,,,,,,
2023,11,27,9,0,12.7,-4,31.11,,,,,,,,,,,,,,,,,,,,,,,,,,,,,,,,,,,,
2023,11,27,10,0,12.7,-3.9,31.31,,,,,,,,,,,,,,,,,,,,,,,,,,,,,,,,,,,,
2023,11,27,11,0,12.6,-3.7,32.02,,,,,,,,,,,,,,,,,,,,,,,,,,,,,,,,,,,,
2023,11,27,12,0,12.5,-3.3,33.02,,,,,,,,,,,,,,,,,,,,,,,,,,,,,,,,,,,,
2023,11,27,13,0,12.2,-3,34.67,,,,,,,,,,,,,,,,,,,,,,,,,,,,,,,,,,,,
2023,11,27,14,0,12.2,-2.7,35.32,,,,,,,,,,,,,,,,,,,,,,,,,,,,,,,,,,,,
2023,11,27,15,0,14.1,-2.9,30.67,,,,,,,,,,,,,,,,,,,,,,,,,,,,,,,,,,,,
2023,11,27,16,0,16.3,-2.9,26.79,,,,,,,,,,,,,,,,,,,,,,,,,,,,,,,,,,,,
2023,11,27,17,0,19.1,-1.3,25.22,,,,,,,,,,,,,,,,,,,,,,,,,,,,,,,,,,,,
2023,11,27,18,0,21,0.1,24.88,,,,,,,,,,,,,,,,,,,,,,,,,,,,,,,,,,,,
2023,11,27,19,0,22.1,0.9,24.59,,,,,,,,,,,,,,,,,,,,,,,,,,,,,,,,,,,,
2023,11,27,20,0,22.8,1.4,24.34,,,,,,,,,,,,,,,,,,,,,,,,,,,,,,,,,,,,
2023,11,27,21,0,23.3,1.7,24.18,,,,,,,,,,,,,,,,,,,,,,,,,,,,,,,,,,,,
2023,11,27,22,0,23.4,1.9,24.47,,,,,,,,,,,,,,,,,,,,,,,,,,,,,,,,,,,,
2023,11,27,23,0,21.9,4.7,32.5,,,,,,,,,,,,,,,,,,,,,,,,,,,,,,,,,,,,
2023,11,28,0,0,19,3.6,36.03,,,,,,,,,,,,,,,,,,,,,,,,,,,,,,,,,,,,
2023,11,28,1,0,16.8,3,39.53,,,,,,,,,,,,,,,,,,,,,,,,,,,,,,,,,,,,
2023,11,28,2,0,15.1,2.3,42.17,,,,,,,,,,,,,,,,,,,,,,,,,,,,,,,,,,,,
2023,11,28,3,0,14.4,1.4,41.24,,,,,,,,,,,,,,,,,,,,,,,,,,,,,,,,,,,,
2023,11,28,4,0,14.2,0.5,39.2,,,,,,,,,,,,,,,,,,,,,,,,,,,,,,,,,,,,
2023,11,28,5,0,13.9,-0.1,38.22,,,,,,,,,,,,,,,,,,,,,,,,,,,,,,,,,,,,
2023,11,28,6,0,13.4,-0.5,38.48,,,,,,,,,,,,,,,,,,,,,,,,,,,,,,,,,,,,
2023,11,28,7,0,12.9,-0.8,38.8,,,,,,,,,,,,,,,,,,,,,,,,,,,,,,,,,,,,
2023,11,28,8,0,12.6,-0.9,39.15,,,,,,,,,,,,,,,,,,,,,,,,,,,,,,,,,,,,
2023,11,28,9,0,12.3,-0.8,40.46,,,,,,,,,,,,,,,,,,,,,,,,,,,,,,,,,,,,
2023,11,28,10,0,12.4,-0.4,41.3,,,,,,,,,,,,,,,,,,,,,,,,,,,,,,,,,,,,
2023,11,28,11,0,12.8,-0.1,41.24,,,,,,,,,,,,,,,,,,,,,,,,,,,,,,,,,,,,
2023,11,28,12,0,13.2,0.1,40.77,,,,,,,,,,,,,,,,,,,,,,,,,,,,,,,,,,,,
2023,11,28,13,0,13.3,0.2,40.69,,,,,,,,,,,,,,,,,,,,,,,,,,,,,,,,,,,,
2023,11,28,14,0,13.3,0.3,40.86,,,,,,,,,,,,,,,,,,,,,,,,,,,,,,,,,,,,
2023,11,28,15,0,15,0.1,36.14,,,,,,,,,,,,,,,,,,,,,,,,,,,,,,,,,,,,
2023,11,28,16,0,17.1,-0.3,30.79,,,,,,,,,,,,,,,,,,,,,,,,,,,,,,,,,,,,
2023,11,28,17,0,19.6,-0.3,26.28,,,,,,,,,,,,,,,,,,,,,,,,,,,,,,,,,,,,
2023,11,28,18,0,21.7,0.4,24.21,,,,,,,,,,,,,,,,,,,,,,,,,,,,,,,,,,,,
2023,11,28,19,0,23.2,1,23.19,,,,,,,,,,,,,,,,,,,,,,,,,,,,,,,,,,,,
2023,11,28,20,0,24.3,1.5,22.44,,,,,,,,,,,,,,,,,,,,,,,,,,,,,,,,,,,,
2023,11,28,21,0,24.5,1.8,22.62,,,,,,,,,,,,,,,,,,,,,,,,,,,,,,,,,,,,
2023,11,28,22,0,24.2,2,23.42,,,,,,,,,,,,,,,,,,,,,,,,,,,,,,,,,,,,
2023,11,28,23,0,22.8,4.4,30.18,,,,,,,,,,,,,,,,,,,,,,,,,,,,,,,,,,,,
2023,11,29,0,0,20.3,3.8,33.67,,,,,,,,,,,,,,,,,,,,,,,,,,,,,,,,,,,,
2023,11,29,1,0,19.4,3.1,34.03,,,,,,,,,,,,,,,,,,,,,,,,,,,,,,,,,,,,
2023,11,29,2,0,18.4,3,35.93,,,,,,,,,,,,,,,,,,,,,,,,,,,,,,,,,,,,
2023,11,29,3,0,17.1,2.8,38.44,,,,,,,,,,,,,,,,,,,,,,,,,,,,,,,,,,,,
2023,11,29,4,0,16,2.6,40.66,,,,,,,,,,,,,,,,,,,,,,,,,,,,,,,,,,,,
2023,11,29,5,0,15.2,2.5,42.3,,,,,,,,,,,,,,,,,,,,,,,,,,,,,,,,,,,,
2023,11,29,6,0,14.8,2.4,43.06,,,,,,,,,,,,,,,,,,,,,,,,,,,,,,,,,,,,
2023,11,29,7,0,14.4,2.2,43.69,,,,,,,,,,,,,,,,,,,,,,,,,,,,,,,,,,,,
2023,11,29,8,0,13.6,2.2,45.94,,,,,,,,,,,,,,,,,,,,,,,,,,,,,,,,,,,,
2023,11,29,9,0,12.7,2.2,48.81,,,,,,,,,,,,,,,,,,,,,,,,,,,,,,,,,,,,
2023,11,29,10,0,11.8,2.2,51.72,,,,,,,,,,,,,,,,,,,,,,,,,,,,,,,,,,,,
2023,11,29,11,0,11,2.1,54.19,,,,,,,,,,,,,,,,,,,,,,,,,,,,,,,,,,,,
2023,11,29,12,0,10.6,1.9,54.81,,,,,,,,,,,,,,,,,,,,,,,,,,,,,,,,,,,,
2023,11,29,13,0,10.2,1.6,55.03,,,,,,,,,,,,,,,,,,,,,,,,,,,,,,,,,,,,
2023,11,29,14,0,10.2,1.2,53.55,,,,,,,,,,,,,,,,,,,,,,,,,,,,,,,,,,,,
2023,11,29,15,0,13.5,1.4,43.72,,,,,,,,,,,,,,,,,,,,,,,,,,,,,,,,,,,,
2023,11,29,16,0,16.5,1.3,35.69,,,,,,,,,,,,,,,,,,,,,,,,,,,,,,,,,,,,
2023,11,29,17,0,18.8,1.5,31.33,,,,,,,,,,,,,,,,,,,,,,,,,,,,,,,,,,,,
2023,11,29,18,0,20.7,1.5,27.97,,,,,,,,,,,,,,,,,,,,,,,,,,,,,,,,,,,,
2023,11,29,19,0,21.7,1.6,26.44,,,,,,,,,,,,,,,,,,,,,,,,,,,,,,,,,,,,
2023,11,29,20,0,22,1.8,26.34,,,,,,,,,,,,,,,,,,,,,,,,,,,,,,,,,,,,
2023,11,29,21,0,22.1,2.1,26.82,,,,,,,,,,,,,,,,,,,,,,,,,,,,,,,,,,,,
2023,11,29,22,0,21.7,2.5,28.15,,,,,,,,,,,,,,,,,,,,,,,,,,,,,,,,,,,,
2023,11,29,23,0,20.4,2.9,31.55,,,,,,,,,,,,,,,,,,,,,,,,,,,,,,,,,,,,
2023,11,30,0,0,16.3,3.6,42.84,,,,,,,,,,,,,,,,,,,,,,,,,,,,,,,,,,,,
2023,11,30,1,0,15.5,3.2,43.72,,,,,,,,,,,,,,,,,,,,,,,,,,,,,,,,,,,,
2023,11,30,2,0,15.4,2.9,43.19,,,,,,,,,,,,,,,,,,,,,,,,,,,,,,,,,,,,
2023,11,30,3,0,15,2.5,42.93,,,,,,,,,,,,,,,,,,,,,,,,,,,,,,,,,,,,
2023,11,30,4,0,14.4,2.1,43.27,,,,,,,,,,,,,,,,,,,,,,,,,,,,,,,,,,,,
2023,11,30,5,0,13.9,1.7,43.57,,,,,,,,,,,,,,,,,,,,,,,,,,,,,,,,,,,,
2023,11,30,6,0,13.3,1.7,45.27,,,,,,,,,,,,,,,,,,,,,,,,,,,,,,,,,,,,
2023,11,30,7,0,12.5,2,48.85,,,,,,,,,,,,,,,,,,,,,,,,,,,,,,,,,,,,
2023,11,30,8,0,11.7,2.6,53.51,,,,,,,,,,,,,,,,,,,,,,,,,,,,,,,,,,,,
2023,11,30,9,0,11.1,3.3,58.57,,,,,,,,,,,,,,,,,,,,,,,,,,,,,,,,,,,,
2023,11,30,10,0,10.7,4.1,63.72,,,,,,,,,,,,,,,,,,,,,,,,,,,,,,,,,,,,
2023,11,30,11,0,10.3,4.8,68.95,,,,,,,,,,,,,,,,,,,,,,,,,,,,,,,,,,,,
2023,11,30,12,0,9.8,5.5,74.35,,,,,,,,,,,,,,,,,,,,,,,,,,,,,,,,,,,,
2023,11,30,13,0,9.4,5.8,78.5,,,,,,,,,,,,,,,,,,,,,,,,,,,,,,,,,,,,
2023,11,30,14,0,9,6.1,81.94,,,,,,,,,,,,,,,,,,,,,,,,,,,,,,,,,,,,
2023,11,30,15,0,11.4,6.5,71.99,,,,,,,,,,,,,,,,,,,,,,,,,,,,,,,,,,,,
2023,11,30,16,0,14,6,58.71,,,,,,,,,,,,,,,,,,,,,,,,,,,,,,,,,,,,
2023,11,30,17,0,16.7,4,42.85,,,,,,,,,,,,,,,,,,,,,,,,,,,,,,,,,,,,
2023,11,30,18,0,18.2,2.6,35.34,,,,,,,,,,,,,,,,,,,,,,,,,,,,,,,,,,,,
2023,11,30,19,0,18.4,2.1,33.67,,,,,,,,,,,,,,,,,,,,,,,,,,,,,,,,,,,,
2023,11,30,20,0,18.5,2,33.2,,,,,,,,,,,,,,,,,,,,,,,,,,,,,,,,,,,,
2023,11,30,21,0,18.1,2.1,34.23,,,,,,,,,,,,,,,,,,,,,,,,,,,,,,,,,,,,
2023,11,30,22,0,17.4,2.4,36.59,,,,,,,,,,,,,,,,,,,,,,,,,,,,,,,,,,,,
2023,11,30,23,0,16.4,3.1,40.91,,,,,,,,,,,,,,,,,,,,,,,,,,,,,,,,,,,,
2023,12,1,0,0,14.7,4.1,49.14,,,,,,,,,,,,,,,,,,,,,,,,,,,,,,,,,,,,
2023,12,1,1,0,13.8,5.3,56.58,,,,,,,,,,,,,,,,,,,,,,,,,,,,,,,,,,,,
2023,12,1,2,0,13,7,66.98,,,,,,,,,,,,,,,,,,,,,,,,,,,,,,,,,,,,
2023,12,1,3,0,12.3,8.4,76.99,,,,,,,,,,,,,,,,,,,,,,,,,,,,,,,,,,,,
2023,12,1,4,0,11.9,8.7,80.93,,,,,,,,,,,,,,,,,,,,,,,,,,,,,,,,,,,,
2023,12,1,5,0,11.4,8.8,83.89,,,,,,,,,,,,,,,,,,,,,,,,,,,,,,,,,,,,
2023,12,1,6,0,11.3,8.6,83.46,,,,,,,,,,,,,,,,,,,,,,,,,,,,,,,,,,,,
2023,12,1,7,0,11.2,8.4,82.86,,,,,,,,,,,,,,,,,,,,,,,,,,,,,,,,,,,,
2023,12,1,8,0,10.9,8,82.2,,,,,,,,,,,,,,,,,,,,,,,,,,,,,,,,,,,,
2023,12,1,9,0,10.4,7.4,81.61,,,,,,,,,,,,,,,,,,,,,,,,,,,,,,,,,,,,
2023,12,1,10,0,9.9,6.9,81.78,,,,,,,,,,,,,,,,,,,,,,,,,,,,,,,,,,,,
2023,12,1,11,0,9.6,6.6,81.56,,,,,,,,,,,,,,,,,,,,,,,,,,,,,,,,,,,,
2023,12,1,12,0,9.4,6.4,81.68,,,,,,,,,,,,,,,,,,,,,,,,,,,,,,,,,,,,
2023,12,1,13,0,9.2,6.3,82.1,,,,,,,,,,,,,,,,,,,,,,,,,,,,,,,,,,,,
2023,12,1,14,0,9,6.1,82.26,,,,,,,,,,,,,,,,,,,,,,,,,,,,,,,,,,,,
2023,12,1,15,0,10.9,6.7,75.19,,,,,,,,,,,,,,,,,,,,,,,,,,,,,,,,,,,,
2023,12,1,16,0,13,7.7,70.12,,,,,,,,,,,,,,,,,,,,,,,,,,,,,,,,,,,,
2023,12,1,17,0,15.3,7.2,58.65,,,,,,,,,,,,,,,,,,,,,,,,,,,,,,,,,,,,
2023,12,1,18,0,16.7,5.9,48.88,,,,,,,,,,,,,,,,,,,,,,,,,,,,,,,,,,,,
2023,12,1,19,0,17.4,4.9,43.76,,,,,,,,,,,,,,,,,,,,,,,,,,,,,,,,,,,,
2023,12,1,20,0,17.7,4.3,41.06,,,,,,,,,,,,,,,,,,,,,,,,,,,,,,,,,,,,
2023,12,1,21,0,17.7,3.9,39.81,,,,,,,,,,,,,,,,,,,,,,,,,,,,,,,,,,,,
2023,12,1,22,0,17.4,3.6,39.76,,,,,,,,,,,,,,,,,,,,,,,,,,,,,,,,,,,,
2023,12,1,23,0,16.3,4.6,45.77,,,,,,,,,,,,,,,,,,,,,,,,,,,,,,,,,,,,
2023,12,2,0,0,13.5,5.7,59.14,,,,,,,,,,,,,,,,,,,,,,,,,,,,,,,,,,,,
2023,12,2,1,0,12.8,4.5,57.05,,,,,,,,,,,,,,,,,,,,,,,,,,,,,,,,,,,,
2023,12,2,2,0,12.1,4.2,58.5,,,,,,,,,,,,,,,,,,,,,,,,,,,,,,,,,,,,
2023,12,2,3,0,11.7,4,59.29,,,,,,,,,,,,,,,,,,,,,,,,,,,,,,,,,,,,
2023,12,2,4,0,11.5,3.8,59.07,,,,,,,,,,,,,,,,,,,,,,,,,,,,,,,,,,,,
2023,12,2,5,0,11.3,3.5,58.7,,,,,,,,,,,,,,,,,,,,,,,,,,,,,,,,,,,,
2023,12,2,6,0,11.1,3.3,58.83,,,,,,,,,,,,,,,,,,,,,,,,,,,,,,,,,,,,
2023,12,2,7,0,10.8,3.2,59.58,,,,,,,,,,,,,,,,,,,,,,,,,,,,,,,,,,,,
2023,12,2,8,0,10.3,3.2,61.45,,,,,,,,,,,,,,,,,,,,,,,,,,,,,,,,,,,,
2023,12,2,9,0,9.4,3.2,65.34,,,,,,,,,,,,,,,,,,,,,,,,,,,,,,,,,,,,
2023,12,2,10,0,8.6,3.4,69.59,,,,,,,,,,,,,,,,,,,,,,,,,,,,,,,,,,,,
2023,12,2,11,0,7.8,3.5,74.45,,,,,,,,,,,,,,,,,,,,,,,,,,,,,,,,,,,,
2023,12,2,12,0,7.2,3.7,78.51,,,,,,,,,,,,,,,,,,,,,,,,,,,,,,,,,,,,
2023,12,2,13,0,6.6,3.8,82.48,,,,,,,,,,,,,,,,,,,,,,,,,,,,,,,,,,,,
2023,12,2,14,0,6.2,3.9,85.16,,,,,,,,,,,,,,,,,,,,,,,,,,,,,,,,,,,,
2023,12,2,15,0,9.2,4.2,70.87,,,,,,,,,,,,,,,,,,,,,,,,,,,,,,,,,,,,
2023,12,2,16,0,12.2,4.2,58.09,,,,,,,,,,,,,,,,,,,,,,,,,,,,,,,,,,,,
2023,12,2,17,0,15.2,2.7,42.93,,,,,,,,,,,,,,,,,,,,,,,,,,,,,,,,,,,,
2023,12,2,18,0,17.1,1.3,34.47,,,,,,,,,,,,,,,,,,,,,,,,,,,,,,,,,,,,
2023,12,2,19,0,18.2,0.6,30.58,,,,,,,,,,,,,,,,,,,,,,,,,,,,,,,,,,,,
2023,12,2,20,0,18.8,0.2,28.54,,,,,,,,,,,,,,,,,,,,,,,,,,,,,,,,,,,,
2023,12,2,21,0,19.1,-0.2,27.32,,,,,,,,,,,,,,,,,,,,,,,,,,,,,,,,,,,,
2023,12,2,22,0,18.8,-0.5,27.26,,,,,,,,,,,,,,,,,,,,,,,,,,,,,,,,,,,,
2023,12,2,23,0,17.3,2.3,36.64,,,,,,,,,,,,,,,,,,,,,,,,,,,,,,,,,,,,
2023,12,3,0,0,14,2.4,45.57,,,,,,,,,,,,,,,,,,,,,,,,,,,,,,,,,,,,
2023,12,3,1,0,12.8,1.4,45.86,,,,,,,,,,,,,,,,,,,,,,,,,,,,,,,,,,,,
2023,12,3,2,0,12.3,1.2,46.54,,,,,,,,,,,,,,,,,,,,,,,,,,,,,,,,,,,,
2023,12,3,3,0,12.2,0.9,46.02,,,,,,,,,,,,,,,,,,,,,,,,,,,,,,,,,,,,
2023,12,3,4,0,11.8,0.8,46.8,,,,,,,,,,,,,,,,,,,,,,,,,,,,,,,,,,,,
2023,12,3,5,0,11.1,0.6,48.46,,,,,,,,,,,,,,,,,,,,,,,,,,,,,,,,,,,,
2023,12,3,6,0,10.1,0.4,51.1,,,,,,,,,,,,,,,,,,,,,,,,,,,,,,,,,,,,
2023,12,3,7,0,9.1,0.2,53.74,,,,,,,,,,,,,,,,,,,,,,,,,,,,,,,,,,,,
2023,12,3,8,0,8.5,-0.1,54.84,,,,,,,,,,,,,,,,,,,,,,,,,,,,,,,,,,,,
2023,12,3,9,0,7.9,-0.3,56.01,,,,,,,,,,,,,,,,,,,,,,,,,,,,,,,,,,,,
2023,12,3,10,0,7.4,-0.6,56.81,,,,,,,,,,,,,,,,,,,,,,,,,,,,,,,,,,,,
2023,12,3,11,0,6.9,-0.9,57.62,,,,,,,,,,,,,,,,,,,,,,,,,,,,,,,,,,,,
2023,12,3,12,0,6.4,-1.1,58.56,,,,,,,,,,,,,,,,,,,,,,,,,,,,,,,,,,,,
2023,12,3,13,0,6.1,-1.4,58.82,,,,,,,,,,,,,,,,,,,,,,,,,,,,,,,,,,,,
2023,12,3,14,0,6.1,-1.5,58.28,,,,,,,,,,,,,,,,,,,,,,,,,,,,,,,,,,,,
2023,12,3,15,0,9.6,-0.8,48.18,,,,,,,,,,,,,,,,,,,,,,,,,,,,,,,,,,,,
2023,12,3,16,0,12.9,-1.3,37.52,,,,,,,,,,,,,,,,,,,,,,,,,,,,,,,,,,,,
2023,12,3,17,0,16.3,-1.6,29.38,,,,,,,,,,,,,,,,,,,,,,,,,,,,,,,,,,,,
2023,12,3,18,0,18.4,-2.2,24.55,,,,,,,,,,,,,,,,,,,,,,,,,,,,,,,,,,,,
2023,12,3,19,0,19.8,-2.6,21.94,,,,,,,,,,,,,,,,,,,,,,,,,,,,,,,,,,,,
2023,12,3,20,0,20.7,-2.8,20.49,,,,,,,,,,,,,,,,,,,,,,,,,,,,,,,,,,,,
2023,12,3,21,0,21.1,-2.9,19.78,,,,,,,,,,,,,,,,,,,,,,,,,,,,,,,,,,,,
2023,12,3,22,0,20.8,-2.8,20.31,,,,,,,,,,,,,,,,,,,,,,,,,,,,,,,,,,,,
2023,12,3,23,0,18.7,1.8,32.23,,,,,,,,,,,,,,,,,,,,,,,,,,,,,,,,,,,,
2023,12,4,0,0,14.9,1.4,39.96,,,,,,,,,,,,,,,,,,,,,,,,,,,,,,,,,,,,
2023,12,4,1,0,14,0.4,39.48,,,,,,,,,,,,,,,,,,,,,,,,,,,,,,,,,,,,
2023,12,4,2,0,14,-0.2,37.62,,,,,,,,,,,,,,,,,,,,,,,,,,,,,,,,,,,,
2023,12,4,3,0,14.2,-0.8,35.64,,,,,,,,,,,,,,,,,,,,,,,,,,,,,,,,,,,,
2023,12,4,4,0,13.8,-1,35.95,,,,,,,,,,,,,,,,,,,,,,,,,,,,,,,,,,,,
2023,12,4,5,0,12.8,-1.1,38.27,,,,,,,,,,,,,,,,,,,,,,,,,,,,,,,,,,,,
2023,12,4,6,0,12,-1,40.64,,,,,,,,,,,,,,,,,,,,,,,,,,,,,,,,,,,,
2023,12,4,7,0,11.3,-0.9,42.76,,,,,,,,,,,,,,,,,,,,,,,,,,,,,,,,,,,,
2023,12,4,8,0,10.4,-0.9,45.54,,,,,,,,,,,,,,,,,,,,,,,,,,,,,,,,,,,,
2023,12,4,9,0,9.6,-0.8,48.18,,,,,,,,,,,,,,,,,,,,,,,,,,,,,,,,,,,,
2023,12,4,10,0,8.9,-0.8,50.64,,,,,,,,,,,,,,,,,,,,,,,,,,,,,,,,,,,,
2023,12,4,11,0,8.3,-0.8,52.79,,,,,,,,,,,,,,,,,,,,,,,,,,,,,,,,,,,,
2023,12,4,12,0,7.9,-0.8,54.01,,,,,,,,,,,,,,,,,,,,,,,,,,,,,,,,,,,,
2023,12,4,13,0,7.6,-0.9,54.88,,,,,,,,,,,,,,,,,,,,,,,,,,,,,,,,,,,,
2023,12,4,14,0,7.8,-0.8,54.43,,,,,,,,,,,,,,,,,,,,,,,,,,,,,,,,,,,,
2023,12,4,15,0,11,-0.4,45.32,,,,,,,,,,,,,,,,,,,,,,,,,,,,,,,,,,,,
2023,12,4,16,0,13.9,-0.3,37.63,,,,,,,,,,,,,,,,,,,,,,,,,,,,,,,,,,,,
2023,12,4,17,0,17.2,-0.1,30.99,,,,,,,,,,,,,,,,,,,,,,,,,,,,,,,,,,,,
2023,12,4,18,0,19.8,-0.3,25.94,,,,,,,,,,,,,,,,,,,,,,,,,,,,,,,,,,,,
2023,12,4,19,0,20.8,-0.2,24.49,,,,,,,,,,,,,,,,,,,,,,,,,,,,,,,,,,,,
2023,12,4,20,0,21.4,-0.1,23.81,,,,,,,,,,,,,,,,,,,,,,,,,,,,,,,,,,,,
2023,12,4,21,0,21.9,-0.1,23.2,,,,,,,,,,,,,,,,,,,,,,,,,,,,,,,,,,,,
2023,12,4,22,0,21.7,0.2,23.9,,,,,,,,,,,,,,,,,,,,,,,,,,,,,,,,,,,,
2023,12,4,23,0,19.3,4.5,37.59,,,,,,,,,,,,,,,,,,,,,,,,,,,,,,,,,,,,
2023,12,5,0,0,16.4,3.9,43.26,,,,,,,,,,,,,,,,,,,,,,,,,,,,,,,,,,,,
2023,12,5,1,0,15.7,3.4,43.82,,,,,,,,,,,,,,,,,,,,,,,,,,,,,,,,,,,,
2023,12,5,2,0,15.1,3.3,45.17,,,,,,,,,,,,,,,,,,,,,,,,,,,,,,,,,,,,
2023,12,5,3,0,14.4,3.2,46.9,,,,,,,,,,,,,,,,,,,,,,,,,,,,,,,,,,,,
2023,12,5,4,0,14,3,47.63,,,,,,,,,,,,,,,,,,,,,,,,,,,,,,,,,,,,
2023,12,5,5,0,13.6,2.9,48.22,,,,,,,,,,,,,,,,,,,,,,,,,,,,,,,,,,,,
2023,12,5,6,0,13.2,2.8,49.24,,,,,,,,,,,,,,,,,,,,,,,,,,,,,,,,,,,,
2023,12,5,7,0,12.6,2.8,51.27,,,,,,,,,,,,,,,,,,,,,,,,,,,,,,,,,,,,
2023,12,5,8,0,12,2.8,53.28,,,,,,,,,,,,,,,,,,,,,,,,,,,,,,,,,,,,
2023,12,5,9,0,11.6,2.6,53.98,,,,,,,,,,,,,,,,,,,,,,,,,,,,,,,,,,,,
2023,12,5,10,0,11.5,2.3,53.33,,,,,,,,,,,,,,,,,,,,,,,,,,,,,,,,,,,,
2023,12,5,11,0,11.4,2.1,52.81,,,,,,,,,,,,,,,,,,,,,,,,,,,,,,,,,,,,
2023,12,5,12,0,11.2,1.9,52.88,,,,,,,,,,,,,,,,,,,,,,,,,,,,,,,,,,,,
2023,12,5,13,0,11.1,1.8,52.82,,,,,,,,,,,,,,,,,,,,,,,,,,,,,,,,,,,,
2023,12,5,14,0,11.2,1.7,52.1,,,,,,,,,,,,,,,,,,,,,,,,,,,,,,,,,,,,
2023,12,5,15,0,13.8,1.9,44.59,,,,,,,,,,,,,,,,,,,,,,,,,,,,,,,,,,,,
2023,12,5,16,0,17.1,2.3,36.95,,,,,,,,,,,,,,,,,,,,,,,,,,,,,,,,,,,,
2023,12,5,17,0,21.3,1.9,27.68,,,,,,,,,,,,,,,,,,,,,,,,,,,,,,,,,,,,
2023,12,5,18,0,24.9,0.8,20.53,,,,,,,,,,,,,,,,,,,,,,,,,,,,,,,,,,,,
2023,12,5,19,0,26.9,0.2,17.5,,,,,,,,,,,,,,,,,,,,,,,,,,,,,,,,,,,,
2023,12,5,20,0,27.9,-0.2,16.1,,,,,,,,,,,,,,,,,,,,,,,,,,,,,,,,,,,,
2023,12,5,21,0,28.3,-0.4,15.5,,,,,,,,,,,,,,,,,,,,,,,,,,,,,,,,,,,,
2023,12,5,22,0,27.7,0.7,17.28,,,,,,,,,,,,,,,,,,,,,,,,,,,,,,,,,,,,
2023,12,5,23,0,24.8,7,32.06,,,,,,,,,,,,,,,,,,,,,,,,,,,,,,,,,,,,
2023,12,6,0,0,22.8,2.7,26.84,,,,,,,,,,,,,,,,,,,,,,,,,,,,,,,,,,,,
2023,12,6,1,0,21.7,1.8,26.81,,,,,,,,,,,,,,,,,,,,,,,,,,,,,,,,,,,,
2023,12,6,2,0,18.8,2.4,33.55,,,,,,,,,,,,,,,,,,,,,,,,,,,,,,,,,,,,
2023,12,6,3,0,16.2,2.3,39.34,,,,,,,,,,,,,,,,,,,,,,,,,,,,,,,,,,,,
2023,12,6,4,0,15.4,1.7,39.64,,,,,,,,,,,,,,,,,,,,,,,,,,,,,,,,,,,,
2023,12,6,5,0,15.1,1.1,38.67,,,,,,,,,,,,,,,,,,,,,,,,,,,,,,,,,,,,
2023,12,6,6,0,14.7,0.5,38.05,,,,,,,,,,,,,,,,,,,,,,,,,,,,,,,,,,,,
2023,12,6,7,0,14.3,0.1,37.71,,,,,,,,,,,,,,,,,,,,,,,,,,,,,,,,,,,,
2023,12,6,8,0,13.9,-0.2,37.87,,,,,,,,,,,,,,,,,,,,,,,,,,,,,,,,,,,,
2023,12,6,9,0,13.5,-0.4,38.38,,,,,,,,,,,,,,,,,,,,,,,,,,,,,,,,,,,,
2023,12,6,10,0,13.1,-0.6,38.98,,,,,,,,,,,,,,,,,,,,,,,,,,,,,,,,,,,,
2023,12,6,11,0,12.9,-0.6,39.3,,,,,,,,,,,,,,,,,,,,,,,,,,,,,,,,,,,,
2023,12,6,12,0,12.7,-0.6,39.87,,,,,,,,,,,,,,,,,,,,,,,,,,,,,,,,,,,,
2023,12,6,13,0,12.4,-0.6,40.78,,,,,,,,,,,,,,,,,,,,,,,,,,,,,,,,,,,,
2023,12,6,14,0,12.4,-0.5,40.9,,,,,,,,,,,,,,,,,,,,,,,,,,,,,,,,,,,,
2023,12,6,15,0,15.8,0.8,36.23,,,,,,,,,,,,,,,,,,,,,,,,,,,,,,,,,,,,
2023,12,6,16,0,20.4,-0.4,24.73,,,,,,,,,,,,,,,,,,,,,,,,,,,,,,,,,,,,
2023,12,6,17,0,23.2,-1.9,18.71,,,,,,,,,,,,,,,,,,,,,,,,,,,,,,,,,,,,
2023,12,6,18,0,25.3,-2.1,16.3,,,,,,,,,,,,,,,,,,,,,,,,,,,,,,,,,,,,
2023,12,6,19,0,26.8,-2.2,14.75,,,,,,,,,,,,,,,,,,,,,,,,,,,,,,,,,,,,
2023,12,6,20,0,27.6,-2.5,13.78,,,,,,,,,,,,,,,,,,,,,,,,,,,,,,,,,,,,
2023,12,6,21,0,27.9,-2.8,13.25,,,,,,,,,,,,,,,,,,,,,,,,,,,,,,,,,,,,
2023,12,6,22,0,27.3,-2.3,14.27,,,,,,,,,,,,,,,,,,,,,,,,,,,,,,,,,,,,
2023,12,6,23,0,24.4,4.7,28.01,,,,,,,,,,,,,,,,,,,,,,,,,,,,,,,,,,,,
2023,12,7,0,0,21.9,1.2,25.37,,,,,,,,,,,,,,,,,,,,,,,,,,,,,,,,,,,,
2023,12,7,1,0,20.8,0,24.91,,,,,,,,,,,,,,,,,,,,,,,,,,,,,,,,,,,,
2023,12,7,2,0,20.2,-0.5,24.87,,,,,,,,,,,,,,,,,,,,,,,,,,,,,,,,,,,,
2023,12,7,3,0,19.6,-0.7,25.58,,,,,,,,,,,,,,,,,,,,,,,,,,,,,,,,,,,,
2023,12,7,4,0,18.9,-0.8,26.41,,,,,,,,,,,,,,,,,,,,,,,,,,,,,,,,,,,,
2023,12,7,5,0,18.3,-1.1,26.93,,,,,,,,,,,,,,,,,,,,,,,,,,,,,,,,,,,,
2023,12,7,6,0,17.3,-0.9,29,,,,,,,,,,,,,,,,,,,,,,,,,,,,,,,,,,,,
2023,12,7,7,0,16.2,-0.7,31.64,,,,,,,,,,,,,,,,,,,,,,,,,,,,,,,,,,,,
2023,12,7,8,0,14.7,-0.4,35.43,,,,,,,,,,,,,,,,,,,,,,,,,,,,,,,,,,,,
2023,12,7,9,0,13.4,-0.4,38.64,,,,,,,,,,,,,,,,,,,,,,,,,,,,,,,,,,,,
2023,12,7,10,0,12.7,-0.4,40.37,,,,,,,,,,,,,,,,,,,,,,,,,,,,,,,,,,,,
2023,12,7,11,0,12.7,-0.3,40.73,,,,,,,,,,,,,,,,,,,,,,,,,,,,,,,,,,,,
2023,12,7,12,0,12.5,-0.3,41.34,,,,,,,,,,,,,,,,,,,,,,,,,,,,,,,,,,,,
2023,12,7,13,0,11.9,-0.6,42.03,,,,,,,,,,,,,,,,,,,,,,,,,,,,,,,,,,,,
2023,12,7,14,0,11.1,-1.1,42.89,,,,,,,,,,,,,,,,,,,,,,,,,,,,,,,,,,,,
2023,12,7,15,0,13.9,0.4,39.66,,,,,,,,,,,,,,,,,,,,,,,,,,,,,,,,,,,,
2023,12,7,16,0,17.5,-1.2,27.96,,,,,,,,,,,,,,,,,,,,,,,,,,,,,,,,,,,,
2023,12,7,17,0,20.1,-1,24.18,,,,,,,,,,,,,,,,,,,,,,,,,,,,,,,,,,,,
2023,12,7,18,0,22.4,-0.7,21.41,,,,,,,,,,,,,,,,,,,,,,,,,,,,,,,,,,,,
2023,12,7,19,0,23.5,-0.6,20.29,,,,,,,,,,,,,,,,,,,,,,,,,,,,,,,,,,,,
2023,12,7,20,0,23.4,-0.4,20.71,,,,,,,,,,,,,,,,,,,,,,,,,,,,,,,,,,,,
2023,12,7,21,0,23.7,-0.3,20.39,,,,,,,,,,,,,,,,,,,,,,,,,,,,,,,,,,,,
2023,12,7,22,0,23.6,-0.4,20.36,,,,,,,,,,,,,,,,,,,,,,,,,,,,,,,,,,,,
2023,12,7,23,0,21.3,4,32.13,,,,,,,,,,,,,,,,,,,,,,,,,,,,,,,,,,,,
2023,12,8,0,0,18.9,1.6,31.36,,,,,,,,,,,,,,,,,,,,,,,,,,,,,,,,,,,,
2023,12,8,1,0,18.4,0.6,30.28,,,,,,,,,,,,,,,,,,,,,,,,,,,,,,,,,,,,
2023,12,8,2,0,17.9,0.3,30.55,,,,,,,,,,,,,,,,,,,,,,,,,,,,,,,,,,,,
2023,12,8,3,0,17.5,0.1,30.74,,,,,,,,,,,,,,,,,,,,,,,,,,,,,,,,,,,,
2023,12,8,4,0,16.9,0.1,32.13,,,,,,,,,,,,,,,,,,,,,,,,,,,,,,,,,,,,
2023,12,8,5,0,15.8,-0.1,33.87,,,,,,,,,,,,,,,,,,,,,,,,,,,,,,,,,,,,
2023,12,8,6,0,15.1,-0.1,35.43,,,,,,,,,,,,,,,,,,,,,,,,,,,,,,,,,,,,
2023,12,8,7,0,14.2,-0.2,37.16,,,,,,,,,,,,,,,,,,,,,,,,,,,,,,,,,,,,
2023,12,8,8,0,13,-0.4,39.72,,,,,,,,,,,,,,,,,,,,,,,,,,,,,,,,,,,,
2023,12,8,9,0,11.8,-0.4,43,,,,,,,,,,,,,,,,,,,,,,,,,,,,,,,,,,,,
2023,12,8,10,0,11.2,-0.3,44.97,,,,,,,,,,,,,,,,,,,,,,,,,,,,,,,,,,,,
2023,12,8,11,0,10.7,-0.2,46.95,,,,,,,,,,,,,,,,,,,,,,,,,,,,,,,,,,,,
2023,12,8,12,0,10,0.2,50.41,,,,,,,,,,,,,,,,,,,,,,,,,,,,,,,,,,,,
2023,12,8,13,0,9.9,0.7,52.61,,,,,,,,,,,,,,,,,,,,,,,,,,,,,,,,,,,,
2023,12,8,14,0,9.6,1,54.86,,,,,,,,,,,,,,,,,,,,,,,,,,,,,,,,,,,,
2023,12,8,15,0,11.5,1.8,51.51,,,,,,,,,,,,,,,,,,,,,,,,,,,,,,,,,,,,
2023,12,8,16,0,14.6,1.6,41.35,,,,,,,,,,,,,,,,,,,,,,,,,,,,,,,,,,,,
2023,12,8,17,0,18,0.6,31.06,,,,,,,,,,,,,,,,,,,,,,,,,,,,,,,,,,,,
2023,12,8,18,0,20.4,-1.3,23.27,,,,,,,,,,,,,,,,,,,,,,,,,,,,,,,,,,,,
2023,12,8,19,0,22,-2.9,18.72,,,,,,,,,,,,,,,,,,,,,,,,,,,,,,,,,,,,
2023,12,8,20,0,22.7,-3.6,16.97,,,,,,,,,,,,,,,,,,,,,,,,,,,,,,,,,,,,
2023,12,8,21,0,22.8,-4.3,16.04,,,,,,,,,,,,,,,,,,,,,,,,,,,,,,,,,,,,
2023,12,8,22,0,22.4,-4.7,15.93,,,,,,,,,,,,,,,,,,,,,,,,,,,,,,,,,,,,
2023,12,8,23,0,19.9,0.1,26.46,,,,,,,,,,,,,,,,,,,,,,,,,,,,,,,,,,,,
2023,12,9,0,0,15.9,-1.1,31.24,,,,,,,,,,,,,,,,,,,,,,,,,,,,,,,,,,,,
2023,12,9,1,0,14.5,-1.7,32.85,,,,,,,,,,,,,,,,,,,,,,,,,,,,,,,,,,,,
2023,12,9,2,0,14,-2.1,32.93,,,,,,,,,,,,,,,,,,,,,,,,,,,,,,,,,,,,
2023,12,9,3,0,13.8,-2.8,31.66,,,,,,,,,,,,,,,,,,,,,,,,,,,,,,,,,,,,
2023,12,9,4,0,13.4,-3.7,30.41,,,,,,,,,,,,,,,,,,,,,,,,,,,,,,,,,,,,
2023,12,9,5,0,12.5,-4.4,30.62,,,,,,,,,,,,,,,,,,,,,,,,,,,,,,,,,,,,
2023,12,9,6,0,11,-4.8,32.64,,,,,,,,,,,,,,,,,,,,,,,,,,,,,,,,,,,,
2023,12,9,7,0,9.7,-5.5,33.86,,,,,,,,,,,,,,,,,,,,,,,,,,,,,,,,,,,,
2023,12,9,8,0,8.9,-6.2,33.85,,,,,,,,,,,,,,,,,,,,,,,,,,,,,,,,,,,,
2023,12,9,9,0,7.9,-7,33.99,,,,,,,,,,,,,,,,,,,,,,,,,,,,,,,,,,,,
2023,12,9,10,0,7.1,-7.9,33.54,,,,,,,,,,,,,,,,,,,,,,,,,,,,,,,,,,,,
2023,12,9,11,0,6.6,-8.9,32.21,,,,,,,,,,,,,,,,,,,,,,,,,,,,,,,,,,,,
2023,12,9,12,0,5.8,-9.7,31.97,,,,,,,,,,,,,,,,,,,,,,,,,,,,,,,,,,,,
2023,12,9,13,0,5.2,-10.2,32.01,,,,,,,,,,,,,,,,,,,,,,,,,,,,,,,,,,,,
2023,12,9,14,0,5,-10.7,31.15,,,,,,,,,,,,,,,,,,,,,,,,,,,,,,,,,,,,
2023,12,9,15,0,8.2,-11.3,23.9,,,,,,,,,,,,,,,,,,,,,,,,,,,,,,,,,,,,
2023,12,9,16,0,11.7,-12.5,17.05,,,,,,,,,,,,,,,,,,,,,,,,,,,,,,,,,,,,
2023,12,9,17,0,14.7,-13.6,12.86,,,,,,,,,,,,,,,,,,,,,,,,,,,,,,,,,,,,
2023,12,9,18,0,17.1,-14.3,10.4,,,,,,,,,,,,,,,,,,,,,,,,,,,,,,,,,,,,
2023,12,9,19,0,18.6,-14.8,9.13,,,,,,,,,,,,,,,,,,,,,,,,,,,,,,,,,,,,
2023,12,9,20,0,19.5,-14.9,8.52,,,,,,,,,,,,,,,,,,,,,,,,,,,,,,,,,,,,
2023,12,9,21,0,19.9,-15,8.3,,,,,,,,,,,,,,,,,,,,,,,,,,,,,,,,,,,,
2023,12,9,22,0,19.6,-14.8,8.53,,,,,,,,,,,,,,,,,,,,,,,,,,,,,,,,,,,,
2023,12,9,23,0,17,-9.4,15.58,,,,,,,,,,,,,,,,,,,,,,,,,,,,,,,,,,,,
2023,12,10,0,0,12.1,-8.7,22.54,,,,,,,,,,,,,,,,,,,,,,,,,,,,,,,,,,,,
2023,12,10,1,0,10.8,-10.3,21.69,,,,,,,,,,,,,,,,,,,,,,,,,,,,,,,,,,,,
2023,12,10,2,0,10.1,-11.2,21.09,,,,,,,,,,,,,,,,,,,,,,,,,,,,,,,,,,,,
2023,12,10,3,0,9.2,-11.6,21.67,,,,,,,,,,,,,,,,,,,,,,,,,,,,,,,,,,,,
2023,12,10,4,0,8.5,-11.8,22.4,,,,,,,,,,,,,,,,,,,,,,,,,,,,,,,,,,,,
2023,12,10,5,0,8,-11.9,23.05,,,,,,,,,,,,,,,,,,,,,,,,,,,,,,,,,,,,
2023,12,10,6,0,7.6,-12,23.51,,,,,,,,,,,,,,,,,,,,,,,,,,,,,,,,,,,,
2023,12,10,7,0,7.1,-11.9,24.51,,,,,,,,,,,,,,,,,,,,,,,,,,,,,,,,,,,,
2023,12,10,8,0,6.5,-11.6,26.12,,,,,,,,,,,,,,,,,,,,,,,,,,,,,,,,,,,,
2023,12,10,9,0,6.1,-11.2,27.68,,,,,,,,,,,,,,,,,,,,,,,,,,,,,,,,,,,,
2023,12,10,10,0,5.8,-10.9,28.96,,,,,,,,,,,,,,,,,,,,,,,,,,,,,,,,,,,,
2023,12,10,11,0,5.6,-10.9,29.45,,,,,,,,,,,,,,,,,,,,,,,,,,,,,,,,,,,,
2023,12,10,12,0,5.6,-11,29.27,,,,,,,,,,,,,,,,,,,,,,,,,,,,,,,,,,,,
2023,12,10,13,0,5.6,-11,29.19,,,,,,,,,,,,,,,,,,,,,,,,,,,,,,,,,,,,
2023,12,10,14,0,5.7,-11,29.03,,,,,,,,,,,,,,,,,,,,,,,,,,,,,,,,,,,,
2023,12,10,15,0,9.5,-10.7,22.84,,,,,,,,,,,,,,,,,,,,,,,,,,,,,,,,,,,,
2023,12,10,16,0,13.2,-11.1,17.39,,,,,,,,,,,,,,,,,,,,,,,,,,,,,,,,,,,,
2023,12,10,17,0,16.3,-10.7,14.66,,,,,,,,,,,,,,,,,,,,,,,,,,,,,,,,,,,,
2023,12,10,18,0,19.1,-11.6,11.41,,,,,,,,,,,,,,,,,,,,,,,,,,,,,,,,,,,,
2023,12,10,19,0,21.3,-12.6,9.2,,,,,,,,,,,,,,,,,,,,,,,,,,,,,,,,,,,,
2023,12,10,20,0,22.7,-13.3,7.99,,,,,,,,,,,,,,,,,,,,,,,,,,,,,,,,,,,,
2023,12,10,21,0,23.2,-13.6,7.54,,,,,,,,,,,,,,,,,,,,,,,,,,,,,,,,,,,,
2023,12,10,22,0,22.8,-13.1,8.06,,,,,,,,,,,,,,,,,,,,,,,,,,,,,,,,,,,,
2023,12,10,23,0,19.5,-3.5,20.86,,,,,,,,,,,,,,,,,,,,,,,,,,,,,,,,,,,,
2023,12,11,0,0,16.2,-6.6,20.3,,,,,,,,,,,,,,,,,,,,,,,,,,,,,,,,,,,,
2023,12,11,1,0,15.7,-7.9,19,,,,,,,,,,,,,,,,,,,,,,,,,,,,,,,,,,,,
2023,12,11,2,0,14.3,-8.5,19.88,,,,,,,,,,,,,,,,,,,,,,,,,,,,,,,,,,,,
2023,12,11,3,0,11.9,-7.8,24.47,,,,,,,,,,,,,,,,,,,,,,,,,,,,,,,,,,,,
2023,12,11,4,0,10.2,-8,27.06,,,,,,,,,,,,,,,,,,,,,,,,,,,,,,,,,,,,
2023,12,11,5,0,9.2,-8.4,27.89,,,,,,,,,,,,,,,,,,,,,,,,,,,,,,,,,,,,
2023,12,11,6,0,8.5,-9.1,27.77,,,,,,,,,,,,,,,,,,,,,,,,,,,,,,,,,,,,
2023,12,11,7,0,8.1,-9.6,27.51,,,,,,,,,,,,,,,,,,,,,,,,,,,,,,,,,,,,
2023,12,11,8,0,7.7,-9.7,28.07,,,,,,,,,,,,,,,,,,,,,,,,,,,,,,,,,,,,
2023,12,11,9,0,7.4,-9.6,28.77,,,,,,,,,,,,,,,,,,,,,,,,,,,,,,,,,,,,
2023,12,11,10,0,7.4,-9.5,29.02,,,,,,,,,,,,,,,,,,,,,,,,,,,,,,,,,,,,
2023,12,11,11,0,7.4,-9.4,29.33,,,,,,,,,,,,,,,,,,,,,,,,,,,,,,,,,,,,
2023,12,11,12,0,7.5,-9.2,29.56,,,,,,,,,,,,,,,,,,,,,,,,,,,,,,,,,,,,
2023,12,11,13,0,7.6,-8.9,29.95,,,,,,,,,,,,,,,,,,,,,,,,,,,,,,,,,,,,
2023,12,11,14,0,7.9,-8.6,30.03,,,,,,,,,,,,,,,,,,,,,,,,,,,,,,,,,,,,
2023,12,11,15,0,10.3,-7.6,27.65,,,,,,,,,,,,,,,,,,,,,,,,,,,,,,,,,,,,
2023,12,11,16,0,13.9,-8.9,19.71,,,,,,,,,,,,,,,,,,,,,,,,,,,,,,,,,,,,
2023,12,11,17,0,16.4,-9.6,15.96,,,,,,,,,,,,,,,,,,,,,,,,,,,,,,,,,,,,
2023,12,11,18,0,19.5,-10,12.64,,,,,,,,,,,,,,,,,,,,,,,,,,,,,,,,,,,,
2023,12,11,19,0,21.5,-10.3,10.94,,,,,,,,,,,,,,,,,,,,,,,,,,,,,,,,,,,,
2023,12,11,20,0,22.5,-10.2,10.36,,,,,,,,,,,,,,,,,,,,,,,,,,,,,,,,,,,,
2023,12,11,21,0,22.7,-9.8,10.56,,,,,,,,,,,,,,,,,,,,,,,,,,,,,,,,,,,,
2023,12,11,22,0,21.5,-1.3,21.71,,,,,,,,,,,,,,,,,,,,,,,,,,,,,,,,,,,,
2023,12,11,23,0,20,-2.6,21.67,,,,,,,,,,,,,,,,,,,,,,,,,,,,,,,,,,,,
2023,12,12,0,0,18.9,-5.5,18.71,,,,,,,,,,,,,,,,,,,,,,,,,,,,,,,,,,,,
2023,12,12,1,0,17.3,-5.3,20.95,,,,,,,,,,,,,,,,,,,,,,,,,,,,,,,,,,,,
2023,12,12,2,0,15.3,-4.4,25.37,,,,,,,,,,,,,,,,,,,,,,,,,,,,,,,,,,,,
2023,12,12,3,0,13.8,-4.5,27.73,,,,,,,,,,,,,,,,,,,,,,,,,,,,,,,,,,,,
2023,12,12,4,0,13.4,-4.5,28.47,,,,,,,,,,,,,,,,,,,,,,,,,,,,,,,,,,,,
2023,12,12,5,0,13.2,-4.6,28.71,,,,,,,,,,,,,,,,,,,,,,,,,,,,,,,,,,,,
2023,12,12,6,0,12.8,-4.7,29.22,,,,,,,,,,,,,,,,,,,,,,,,,,,,,,,,,,,,
2023,12,12,7,0,12.4,-5,29.45,,,,,,,,,,,,,,,,,,,,,,,,,,,,,,,,,,,,
2023,12,12,8,0,12,-5.3,29.43,,,,,,,,,,,,,,,,,,,,,,,,,,,,,,,,,,,,
2023,12,12,9,0,11.9,-5.8,28.6,,,,,,,,,,,,,,,,,,,,,,,,,,,,,,,,,,,,
2023,12,12,10,0,11.7,-6.1,28.21,,,,,,,,,,,,,,,,,,,,,,,,,,,,,,,,,,,,
2023,12,12,11,0,11.6,-6.3,28.08,,,,,,,,,,,,,,,,,,,,,,,,,,,,,,,,,,,,
2023,12,12,12,0,11.4,-6.3,28.38,,,,,,,,,,,,,,,,,,,,,,,,,,,,,,,,,,,,
2023,12,12,13,0,11,-6.3,29.24,,,,,,,,,,,,,,,,,,,,,,,,,,,,,,,,,,,,
2023,12,12,14,0,10.2,-6.4,30.62,,,,,,,,,,,,,,,,,,,,,,,,,,,,,,,,,,,,
2023,12,12,15,0,12.3,-5.8,27.79,,,,,,,,,,,,,,,,,,,,,,,,,,,,,,,,,,,,
2023,12,12,16,0,16.2,-7.7,18.66,,,,,,,,,,,,,,,,,,,,,,,,,,,,,,,,,,,,
2023,12,12,17,0,18.8,-8.9,14.48,,,,,,,,,,,,,,,,,,,,,,,,,,,,,,,,,,,,
2023,12,12,18,0,20.1,-9.7,12.46,,,,,,,,,,,,,,,,,,,,,,,,,,,,,,,,,,,,
2023,12,12,19,0,20.3,-10.2,11.85,,,,,,,,,,,,,,,,,,,,,,,,,,,,,,,,,,,,
2023,12,12,20,0,20.3,-10.4,11.65,,,,,,,,,,,,,,,,,,,,,,,,,,,,,,,,,,,,
2023,12,12,21,0,20.6,-10.7,11.21,,,,,,,,,,,,,,,,,,,,,,,,,,,,,,,,,,,,
2023,12,12,22,0,20.2,-10.2,11.91,,,,,,,,,,,,,,,,,,,,,,,,,,,,,,,,,,,,
2023,12,12,23,0,17.7,-3,24.25,,,,,,,,,,,,,,,,,,,,,,,,,,,,,,,,,,,,
2023,12,13,0,0,16,-5.4,22.56,,,,,,,,,,,,,,,,,,,,,,,,,,,,,,,,,,,,
2023,12,13,1,0,15.6,-6.6,21.07,,,,,,,,,,,,,,,,,,,,,,,,,,,,,,,,,,,,
2023,12,13,2,0,15.1,-7.5,20.28,,,,,,,,,,,,,,,,,,,,,,,,,,,,,,,,,,,,
2023,12,13,3,0,14.5,-8.1,20.16,,,,,,,,,,,,,,,,,,,,,,,,,,,,,,,,,,,,
2023,12,13,4,0,14.6,-9,18.76,,,,,,,,,,,,,,,,,,,,,,,,,,,,,,,,,,,,
2023,12,13,5,0,14.2,-9.1,19.04,,,,,,,,,,,,,,,,,,,,,,,,,,,,,,,,,,,,
2023,12,13,6,0,12.7,-8.5,21.93,,,,,,,,,,,,,,,,,,,,,,,,,,,,,,,,,,,,
2023,12,13,7,0,11.2,-8,25.21,,,,,,,,,,,,,,,,,,,,,,,,,,,,,,,,,,,,
2023,12,13,8,0,10.1,-7.5,28.27,,,,,,,,,,,,,,,,,,,,,,,,,,,,,,,,,,,,
2023,12,13,9,0,9.6,-6.8,30.85,,,,,,,,,,,,,,,,,,,,,,,,,,,,,,,,,,,,
2023,12,13,10,0,9.3,-6,33.33,,,,,,,,,,,,,,,,,,,,,,,,,,,,,,,,,,,,
2023,12,13,11,0,8.8,-5.5,36.03,,,,,,,,,,,,,,,,,,,,,,,,,,,,,,,,,,,,
2023,12,13,12,0,8.3,-5.1,38.42,,,,,,,,,,,,,,,,,,,,,,,,,,,,,,,,,,,,
2023,12,13,13,0,7.7,-4.8,40.71,,,,,,,,,,,,,,,,,,,,,,,,,,,,,,,,,,,,
2023,12,13,14,0,7.4,-4.7,42.08,,,,,,,,,,,,,,,,,,,,,,,,,,,,,,,,,,,,
2023,12,13,15,0,9.6,-3.1,40.64,,,,,,,,,,,,,,,,,,,,,,,,,,,,,,,,,,,,
2023,12,13,16,0,13.6,-3.2,31.02,,,,,,,,,,,,,,,,,,,,,,,,,,,,,,,,,,,,
2023,12,13,17,0,16.4,-3.4,25.56,,,,,,,,,,,,,,,,,,,,,,,,,,,,,,,,,,,,
2023,12,13,18,0,19,-4.9,19.33,,,,,,,,,,,,,,,,,,,,,,,,,,,,,,,,,,,,
2023,12,13,19,0,20.3,-5.9,16.55,,,,,,,,,,,,,,,,,,,,,,,,,,,,,,,,,,,,
2023,12,13,20,0,20.8,-7,14.82,,,,,,,,,,,,,,,,,,,,,,,,,,,,,,,,,,,,
2023,12,13,21,0,20.8,-8,13.69,,,,,,,,,,,,,,,,,,,,,,,,,,,,,,,,,,,,
2023,12,13,22,0,20.2,-8.7,13.45,,,,,,,,,,,,,,,,,,,,,,,,,,,,,,,,,,,,
2023,12,13,23,0,17.6,-4.4,21.92,,,,,,,,,,,,,,,,,,,,,,,,,,,,,,,,,,,,
2023,12,14,0,0,13.9,-5.6,25.42,,,,,,,,,,,,,,,,,,,,,,,,,,,,,,,,,,,,
2023,12,14,1,0,12.9,-6.6,25.08,,,,,,,,,,,,,,,,,,,,,,,,,,,,,,,,,,,,
2023,12,14,2,0,12.1,-7,25.7,,,,,,,,,,,,,,,,,,,,,,,,,,,,,,,,,,,,
2023,12,14,3,0,11.5,-7.2,26.25,,,,,,,,,,,,,,,,,,,,,,,,,,,,,,,,,,,,
2023,12,14,4,0,11.2,-7.5,26.27,,,,,,,,,,,,,,,,,,,,,,,,,,,,,,,,,,,,
2023,12,14,5,0,11.2,-7.9,25.44,,,,,,,,,,,,,,,,,,,,,,,,,,,,,,,,,,,,
2023,12,14,6,0,10.9,-8.1,25.56,,,,,,,,,,,,,,,,,,,,,,,,,,,,,,,,,,,,
2023,12,14,7,0,10.1,-8,27.16,,,,,,,,,,,,,,,,,,,,,,,,,,,,,,,,,,,,
2023,12,14,8,0,8.9,-7.7,30.23,,,,,,,,,,,,,,,,,,,,,,,,,,,,,,,,,,,,
2023,12,14,9,0,7.7,-7.2,33.95,,,,,,,,,,,,,,,,,,,,,,,,,,,,,,,,,,,,
2023,12,14,10,0,6.7,-6.7,37.84,,,,,,,,,,,,,,,,,,,,,,,,,,,,,,,,,,,,
2023,12,14,11,0,6,-6.2,41.28,,,,,,,,,,,,,,,,,,,,,,,,,,,,,,,,,,,,
2023,12,14,12,0,5.5,-5.7,44.2,,,,,,,,,,,,,,,,,,,,,,,,,,,,,,,,,,,,
2023,12,14,13,0,5.2,-5.5,46.03,,,,,,,,,,,,,,,,,,,,,,,,,,,,,,,,,,,,
2023,12,14,14,0,5.1,-5.4,46.72,,,,,,,,,,,,,,,,,,,,,,,,,,,,,,,,,,,,
2023,12,14,15,0,8.4,-4.6,39.39,,,,,,,,,,,,,,,,,,,,,,,,,,,,,,,,,,,,
2023,12,14,16,0,12.5,-5,29.09,,,,,,,,,,,,,,,,,,,,,,,,,,,,,,,,,,,,
2023,12,14,17,0,15.7,-6.1,21.77,,,,,,,,,,,,,,,,,,,,,,,,,,,,,,,,,,,,
2023,12,14,18,0,18.3,-7.5,16.62,,,,,,,,,,,,,,,,,,,,,,,,,,,,,,,,,,,,
2023,12,14,19,0,20.2,-8.4,13.8,,,,,,,,,,,,,,,,,,,,,,,,,,,,,,,,,,,,
2023,12,14,20,0,21.1,-8.7,12.73,,,,,,,,,,,,,,,,,,,,,,,,,,,,,,,,,,,,
2023,12,14,21,0,21.4,-8.8,12.35,,,,,,,,,,,,,,,,,,,,,,,,,,,,,,,,,,,,
2023,12,14,22,0,21.1,-8.8,12.61,,,,,,,,,,,,,,,,,,,,,,,,,,,,,,,,,,,,
2023,12,14,23,0,18.5,-3.6,22.09,,,,,,,,,,,,,,,,,,,,,,,,,,,,,,,,,,,,
2023,12,15,0,0,14.9,-5.6,23.93,,,,,,,,,,,,,,,,,,,,,,,,,,,,,,,,,,,,
2023,12,15,1,0,14.1,-6.5,23.47,,,,,,,,,,,,,,,,,,,,,,,,,,,,,,,,,,,,
2023,12,15,2,0,14.4,-7,22.04,,,,,,,,,,,,,,,,,,,,,,,,,,,,,,,,,,,,
2023,12,15,3,0,13.2,-6.9,24.13,,,,,,,,,,,,,,,,,,,,,,,,,,,,,,,,,,,,
2023,12,15,4,0,11.1,-6,29.62,,,,,,,,,,,,,,,,,,,,,,,,,,,,,,,,,,,,
2023,12,15,5,0,9.6,-4.6,36.5,,,,,,,,,,,,,,,,,,,,,,,,,,,,,,,,,,,,
2023,12,15,6,0,9,-2.3,45.18,,,,,,,,,,,,,,,,,,,,,,,,,,,,,,,,,,,,
2023,12,15,7,0,8.8,-0.3,52.85,,,,,,,,,,,,,,,,,,,,,,,,,,,,,,,,,,,,
2023,12,15,8,0,8.8,0.6,56.48,,,,,,,,,,,,,,,,,,,,,,,,,,,,,,,,,,,,
2023,12,15,9,0,8.5,0.7,57.79,,,,,,,,,,,,,,,,,,,,,,,,,,,,,,,,,,,,
2023,12,15,10,0,8.2,0.3,57.46,,,,,,,,,,,,,,,,,,,,,,,,,,,,,,,,,,,,
2023,12,15,11,0,8,0,56.85,,,,,,,,,,,,,,,,,,,,,,,,,,,,,,,,,,,,
2023,12,15,12,0,7.9,-0.3,56.18,,,,,,,,,,,,,,,,,,,,,,,,,,,,,,,,,,,,
2023,12,15,13,0,7.9,-0.6,55.11,,,,,,,,,,,,,,,,,,,,,,,,,,,,,,,,,,,,
2023,12,15,14,0,7.8,-0.9,54.24,,,,,,,,,,,,,,,,,,,,,,,,,,,,,,,,,,,,
2023,12,15,15,0,11,-1,43.27,,,,,,,,,,,,,,,,,,,,,,,,,,,,,,,,,,,,
2023,12,15,16,0,14.3,-1.1,34.68,,,,,,,,,,,,,,,,,,,,,,,,,,,,,,,,,,,,
2023,12,15,17,0,18.6,-2.4,23.98,,,,,,,,,,,,,,,,,,,,,,,,,,,,,,,,,,,,
2023,12,15,18,0,22.1,-4.8,16.12,,,,,,,,,,,,,,,,,,,,,,,,,,,,,,,,,,,,
2023,12,15,19,0,24.1,-6.2,12.83,,,,,,,,,,,,,,,,,,,,,,,,,,,,,,,,,,,,
2023,12,15,20,0,25.3,-7.3,11,,,,,,,,,,,,,,,,,,,,,,,,,,,,,,,,,,,,
2023,12,15,21,0,25.8,-8.1,10.01,,,,,,,,,,,,,,,,,,,,,,,,,,,,,,,,,,,,
2023,12,15,22,0,25.5,-7.1,11.02,,,,,,,,,,,,,,,,,,,,,,,,,,,,,,,,,,,,
2023,12,15,23,0,23.5,-2.8,17.23,,,,,,,,,,,,,,,,,,,,,,,,,,,,,,,,,,,,
2023,12,16,0,0,20.2,-5,17.81,,,,,,,,,,,,,,,,,,,,,,,,,,,,,,,,,,,,
2023,12,16,1,0,17,-5.4,21.11,,,,,,,,,,,,,,,,,,,,,,,,,,,,,,,,,,,,
2023,12,16,2,0,14.9,-5.4,24.16,,,,,,,,,,,,,,,,,,,,,,,,,,,,,,,,,,,,
2023,12,16,3,0,13.7,-5.3,26.39,,,,,,,,,,,,,,,,,,,,,,,,,,,,,,,,,,,,
2023,12,16,4,0,13.3,-4.9,27.82,,,,,,,,,,,,,,,,,,,,,,,,,,,,,,,,,,,,
2023,12,16,5,0,12.7,-4.7,29.52,,,,,,,,,,,,,,,,,,,,,,,,,,,,,,,,,,,,
2023,12,16,6,0,12.2,-4.5,30.79,,,,,,,,,,,,,,,,,,,,,,,,,,,,,,,,,,,,
2023,12,16,7,0,11.8,-4.5,31.62,,,,,,,,,,,,,,,,,,,,,,,,,,,,,,,,,,,,
2023,12,16,8,0,11.5,-4.8,31.73,,,,,,,,,,,,,,,,,,,,,,,,,,,,,,,,,,,,
2023,12,16,9,0,11.1,-5.1,31.64,,,,,,,,,,,,,,,,,,,,,,,,,,,,,,,,,,,,
2023,12,16,10,0,10.6,-5.7,31.42,,,,,,,,,,,,,,,,,,,,,,,,,,,,,,,,,,,,
2023,12,16,11,0,10.5,-6.1,30.54,,,,,,,,,,,,,,,,,,,,,,,,,,,,,,,,,,,,
2023,12,16,12,0,10.4,-6.5,29.93,,,,,,,,,,,,,,,,,,,,,,,,,,,,,,,,,,,,
2023,12,16,13,0,10.4,-6.9,28.98,,,,,,,,,,,,,,,,,,,,,,,,,,,,,,,,,,,,
2023,12,16,14,0,10.3,-7.4,28.04,,,,,,,,,,,,,,,,,,,,,,,,,,,,,,,,,,,,
2023,12,16,15,0,13.7,-7.8,21.82,,,,,,,,,,,,,,,,,,,,,,,,,,,,,,,,,,,,
2023,12,16,16,0,17.3,-7.9,17.14,,,,,,,,,,,,,,,,,,,,,,,,,,,,,,,,,,,,
2023,12,16,17,0,21,-7.4,14.2,,,,,,,,,,,,,,,,,,,,,,,,,,,,,,,,,,,,
2023,12,16,18,0,23.9,-7.6,11.73,,,,,,,,,,,,,,,,,,,,,,,,,,,,,,,,,,,,
2023,12,16,19,0,25.7,-8.2,9.99,,,,,,,,,,,,,,,,,,,,,,,,,,,,,,,,,,,,
2023,12,16,20,0,26.8,-8.8,8.94,,,,,,,,,,,,,,,,,,,,,,,,,,,,,,,,,,,,
2023,12,16,21,0,27.1,-9.1,8.57,,,,,,,,,,,,,,,,,,,,,,,,,,,,,,,,,,,,
2023,12,16,22,0,26.4,-6.7,10.78,,,,,,,,,,,,,,,,,,,,,,,,,,,,,,,,,,,,
2023,12,16,23,0,23,-1.4,19.62,,,,,,,,,,,,,,,,,,,,,,,,,,,,,,,,,,,,
2023,12,17,0,0,20.5,-5.1,17.41,,,,,,,,,,,,,,,,,,,,,,,,,,,,,,,,,,,,
2023,12,17,1,0,18.9,-5.8,18.21,,,,,,,,,,,,,,,,,,,,,,,,,,,,,,,,,,,,
2023,12,17,2,0,16.7,-5.9,20.75,,,,,,,,,,,,,,,,,,,,,,,,,,,,,,,,,,,,
2023,12,17,3,0,14.4,-6.1,23.77,,,,,,,,,,,,,,,,,,,,,,,,,,,,,,,,,,,,
2023,12,17,4,0,13.3,-6.2,25.22,,,,,,,,,,,,,,,,,,,,,,,,,,,,,,,,,,,,
2023,12,17,5,0,12.5,-6.2,26.54,,,,,,,,,,,,,,,,,,,,,,,,,,,,,,,,,,,,
2023,12,17,6,0,11.9,-6.4,27.32,,,,,,,,,,,,,,,,,,,,,,,,,,,,,,,,,,,,
2023,12,17,7,0,11.5,-6.7,27.33,,,,,,,,,,,,,,,,,,,,,,,,,,,,,,,,,,,,
2023,12,17,8,0,11,-7.1,27.43,,,,,,,,,,,,,,,,,,,,,,,,,,,,,,,,,,,,
2023,12,17,9,0,10.5,-7.4,27.77,,,,,,,,,,,,,,,,,,,,,,,,,,,,,,,,,,,,
2023,12,17,10,0,10.1,-7.5,28.16,,,,,,,,,,,,,,,,,,,,,,,,,,,,,,,,,,,,
2023,12,17,11,0,9.8,-7.7,28.4,,,,,,,,,,,,,,,,,,,,,,,,,,,,,,,,,,,,
2023,12,17,12,0,9.5,-7.9,28.44,,,,,,,,,,,,,,,,,,,,,,,,,,,,,,,,,,,,
2023,12,17,13,0,9.2,-8.3,28.3,,,,,,,,,,,,,,,,,,,,,,,,,,,,,,,,,,,,
2023,12,17,14,0,8.9,-8.6,28.05,,,,,,,,,,,,,,,,,,,,,,,,,,,,,,,,,,,,
2023,12,17,15,0,12.2,-8.4,22.89,,,,,,,,,,,,,,,,,,,,,,,,,,,,,,,,,,,,
2023,12,17,16,0,16.6,-9.2,16.17,,,,,,,,,,,,,,,,,,,,,,,,,,,,,,,,,,,,
2023,12,17,17,0,20.3,-8.1,14.01,,,,,,,,,,,,,,,,,,,,,,,,,,,,,,,,,,,,
2023,12,17,18,0,23.5,-8.1,11.51,,,,,,,,,,,,,,,,,,,,,,,,,,,,,,,,,,,,
2023,12,17,19,0,25.6,-8.8,9.6,,,,,,,,,,,,,,,,,,,,,,,,,,,,,,,,,,,,
2023,12,17,20,0,26.9,-9.5,8.46,,,,,,,,,,,,,,,,,,,,,,,,,,,,,,,,,,,,
2023,12,17,21,0,27.3,-9.8,8.05,,,,,,,,,,,,,,,,,,,,,,,,,,,,,,,,,,,,
2023,12,17,22,0,26.7,-8.2,9.41,,,,,,,,,,,,,,,,,,,,,,,,,,,,,,,,,,,,
2023,12,17,23,0,23.5,-2.5,17.64,,,,,,,,,,,,,,,,,,,,,,,,,,,,,,,,,,,,
2023,12,18,0,0,20.6,-5.7,16.49,,,,,,,,,,,,,,,,,,,,,,,,,,,,,,,,,,,,
2023,12,18,1,0,19.3,-6.6,16.7,,,,,,,,,,,,,,,,,,,,,,,,,,,,,,,,,,,,
2023,12,18,2,0,16.7,-6.5,19.82,,,,,,,,,,,,,,,,,,,,,,,,,,,,,,,,,,,,
2023,12,18,3,0,14.5,-6.5,22.91,,,,,,,,,,,,,,,,,,,,,,,,,,,,,,,,,,,,
2023,12,18,4,0,13.9,-6.5,23.76,,,,,,,,,,,,,,,,,,,,,,,,,,,,,,,,,,,,
2023,12,18,5,0,13.9,-6.4,23.84,,,,,,,,,,,,,,,,,,,,,,,,,,,,,,,,,,,,
2023,12,18,6,0,13.7,-6.4,24.22,,,,,,,,,,,,,,,,,,,,,,,,,,,,,,,,,,,,
2023,12,18,7,0,13.4,-6.3,24.93,,,,,,,,,,,,,,,,,,,,,,,,,,,,,,,,,,,,
2023,12,18,8,0,13.4,-6.2,25.16,,,,,,,,,,,,,,,,,,,,,,,,,,,,,,,,,,,,
2023,12,18,9,0,13.5,-6.1,25.08,,,,,,,,,,,,,,,,,,,,,,,,,,,,,,,,,,,,
2023,12,18,10,0,13.4,-6.3,24.98,,,,,,,,,,,,,,,,,,,,,,,,,,,,,,,,,,,,
2023,12,18,11,0,13.2,-6.5,24.89,,,,,,,,,,,,,,,,,,,,,,,,,,,,,,,,,,,,
2023,12,18,12,0,13,-6.7,24.77,,,,,,,,,,,,,,,,,,,,,,,,,,,,,,,,,,,,
2023,12,18,13,0,12.8,-7,24.5,,,,,,,,,,,,,,,,,,,,,,,,,,,,,,,,,,,,
2023,12,18,14,0,12.8,-7.3,23.92,,,,,,,,,,,,,,,,,,,,,,,,,,,,,,,,,,,,
2023,12,18,15,0,15.2,-7.4,20.33,,,,,,,,,,,,,,,,,,,,,,,,,,,,,,,,,,,,
2023,12,18,16,0,18.5,-8.1,15.71,,,,,,,,,,,,,,,,,,,,,,,,,,,,,,,,,,,,
2023,12,18,17,0,21,-8.1,13.37,,,,,,,,,,,,,,,,,,,,,,,,,,,,,,,,,,,,
2023,12,18,18,0,23.1,-8,11.89,,,,,,,,,,,,,,,,,,,,,,,,,,,,,,,,,,,,
2023,12,18,19,0,24.3,-7.9,11.16,,,,,,,,,,,,,,,,,,,,,,,,,,,,,,,,,,,,
2023,12,18,20,0,25,-7.8,10.79,,,,,,,,,,,,,,,,,,,,,,,,,,,,,,,,,,,,
2023,12,18,21,0,25.6,-7.8,10.42,,,,,,,,,,,,,,,,,,,,,,,,,,,,,,,,,,,,
2023,12,18,22,0,25.4,-6.7,11.44,,,,,,,,,,,,,,,,,,,,,,,,,,,,,,,,,,,,
2023,12,18,23,0,22.8,-2.4,18.47,,,,,,,,,,,,,,,,,,,,,,,,,,,,,,,,,,,,
2023,12,19,0,0,21.4,-4.6,17.05,,,,,,,,,,,,,,,,,,,,,,,,,,,,,,,,,,,,
2023,12,19,1,0,20.5,-5.4,17.06,,,,,,,,,,,,,,,,,,,,,,,,,,,,,,,,,,,,
2023,12,19,2,0,18.9,-5,19.4,,,,,,,,,,,,,,,,,,,,,,,,,,,,,,,,,,,,
2023,12,19,3,0,17,-4.8,22.19,,,,,,,,,,,,,,,,,,,,,,,,,,,,,,,,,,,,
2023,12,19,4,0,16,-4.8,23.67,,,,,,,,,,,,,,,,,,,,,,,,,,,,,,,,,,,,
2023,12,19,5,0,15.2,-4.7,25.03,,,,,,,,,,,,,,,,,,,,,,,,,,,,,,,,,,,,
2023,12,19,6,0,14.5,-4.7,26.24,,,,,,,,,,,,,,,,,,,,,,,,,,,,,,,,,,,,
2023,12,19,7,0,13.9,-4.7,27.13,,,,,,,,,,,,,,,,,,,,,,,,,,,,,,,,,,,,
2023,12,19,8,0,13.4,-4.8,27.86,,,,,,,,,,,,,,,,,,,,,,,,,,,,,,,,,,,,
2023,12,19,9,0,12.9,-4.9,28.66,,,,,,,,,,,,,,,,,,,,,,,,,,,,,,,,,,,,
2023,12,19,10,0,12.4,-4.9,29.48,,,,,,,,,,,,,,,,,,,,,,,,,,,,,,,,,,,,
2023,12,19,11,0,12.2,-5.1,29.56,,,,,,,,,,,,,,,,,,,,,,,,,,,,,,,,,,,,
2023,12,19,12,0,12.1,-5.3,29.34,,,,,,,,,,,,,,,,,,,,,,,,,,,,,,,,,,,,
2023,12,19,13,0,12,-5.4,29.18,,,,,,,,,,,,,,,,,,,,,,,,,,,,,,,,,,,,
2023,12,19,14,0,12.2,-5.5,28.62,,,,,,,,,,,,,,,,,,,,,,,,,,,,,,,,,,,,
2023,12,19,15,0,14.3,-4.6,26.65,,,,,,,,,,,,,,,,,,,,,,,,,,,,,,,,,,,,
2023,12,19,16,0,17.8,-5.7,19.72,,,,,,,,,,,,,,,,,,,,,,,,,,,,,,,,,,,,
2023,12,19,17,0,20,-6.2,16.57,,,,,,,,,,,,,,,,,,,,,,,,,,,,,,,,,,,,
2023,12,19,18,0,21.9,-6.3,14.62,,,,,,,,,,,,,,,,,,,,,,,,,,,,,,,,,,,,
2023,12,19,19,0,23.4,-6.4,13.22,,,,,,,,,,,,,,,,,,,,,,,,,,,,,,,,,,,,
2023,12,19,20,0,24.2,-6.3,12.68,,,,,,,,,,,,,,,,,,,,,,,,,,,,,,,,,,,,
2023,12,19,21,0,24.4,-6.1,12.69,,,,,,,,,,,,,,,,,,,,,,,,,,,,,,,,,,,,
2023,12,19,22,0,24,-6.1,13.04,,,,,,,,,,,,,,,,,,,,,,,,,,,,,,,,,,,,
2023,12,19,23,0,22.1,-1.8,20.14,,,,,,,,,,,,,,,,,,,,,,,,,,,,,,,,,,,,
2023,12,20,0,0,20.5,-4.4,18.38,,,,,,,,,,,,,,,,,,,,,,,,,,,,,,,,,,,,
2023,12,20,1,0,19.3,-4.8,19.24,,,,,,,,,,,,,,,,,,,,,,,,,,,,,,,,,,,,
2023,12,20,2,0,17.6,-4.5,21.79,,,,,,,,,,,,,,,,,,,,,,,,,,,,,,,,,,,,
2023,12,20,3,0,16.1,-3.8,25.3,,,,,,,,,,,,,,,,,,,,,,,,,,,,,,,,,,,,
2023,12,20,4,0,15.2,-3,28.35,,,,,,,,,,,,,,,,,,,,,,,,,,,,,,,,,,,,
2023,12,20,5,0,14.8,-2.5,30.31,,,,,,,,,,,,,,,,,,,,,,,,,,,,,,,,,,,,
2023,12,20,6,0,14.8,-2.1,31.2,,,,,,,,,,,,,,,,,,,,,,,,,,,,,,,,,,,,
2023,12,20,7,0,15.1,-1.8,31.34,,,,,,,,,,,,,,,,,,,,,,,,,,,,,,,,,,,,
2023,12,20,8,0,15.1,-1.3,32.37,,,,,,,,,,,,,,,,,,,,,,,,,,,,,,,,,,,,
2023,12,20,9,0,15,-0.7,34.15,,,,,,,,,,,,,,,,,,,,,,,,,,,,,,,,,,,,
2023,12,20,10,0,14.8,0.1,36.54,,,,,,,,,,,,,,,,,,,,,,,,,,,,,,,,,,,,
2023,12,20,11,0,14.6,1.3,40.56,,,,,,,,,,,,,,,,,,,,,,,,,,,,,,,,,,,,
2023,12,20,12,0,14.5,3.4,47.21,,,,,,,,,,,,,,,,,,,,,,,,,,,,,,,,,,,,
2023,12,20,13,0,14.2,5.4,55.39,,,,,,,,,,,,,,,,,,,,,,,,,,,,,,,,,,,,
2023,12,20,14,0,13.9,6.4,60.43,,,,,,,,,,,,,,,,,,,,,,,,,,,,,,,,,,,,
2023,12,20,15,0,14.4,6.7,59.69,,,,,,,,,,,,,,,,,,,,,,,,,,,,,,,,,,,,
2023,12,20,16,0,15.6,6.8,55.72,,,,,,,,,,,,,,,,,,,,,,,,,,,,,,,,,,,,
2023,12,20,17,0,17.1,7.3,52.66,,,,,,,,,,,,,,,,,,,,,,,,,,,,,,,,,,,,
2023,12,20,18,0,18.6,8.2,50.72,,,,,,,,,,,,,,,,,,,,,,,,,,,,,,,,,,,,
2023,12,20,19,0,19.4,9,50.95,,,,,,,,,,,,,,,,,,,,,,,,,,,,,,,,,,,,
2023,12,20,20,0,19.5,9.6,52.86,,,,,,,,,,,,,,,,,,,,,,,,,,,,,,,,,,,,
2023,12,20,21,0,19.9,9.9,52.52,,,,,,,,,,,,,,,,,,,,,,,,,,,,,,,,,,,,
2023,12,20,22,0,20.4,9.9,50.79,,,,,,,,,,,,,,,,,,,,,,,,,,,,,,,,,,,,
2023,12,20,23,0,19.7,10.2,54.42,,,,,,,,,,,,,,,,,,,,,,,,,,,,,,,,,,,,
2023,12,21,0,0,16.2,9.7,65.35,,,,,,,,,,,,,,,,,,,,,,,,,,,,,,,,,,,,
2023,12,21,1,0,15.4,9.1,66.13,,,,,,,,,,,,,,,,,,,,,,,,,,,,,,,,,,,,
2023,12,21,2,0,15.4,8.5,63.53,,,,,,,,,,,,,,,,,,,,,,,,,,,,,,,,,,,,
2023,12,21,3,0,15.4,8.1,61.79,,,,,,,,,,,,,,,,,,,,,,,,,,,,,,,,,,,,
2023,12,21,4,0,14.8,8,63.75,,,,,,,,,,,,,,,,,,,,,,,,,,,,,,,,,,,,
2023,12,21,5,0,14.2,8,66.5,,,,,,,,,,,,,,,,,,,,,,,,,,,,,,,,,,,,
2023,12,21,6,0,13.9,8.3,68.85,,,,,,,,,,,,,,,,,,,,,,,,,,,,,,,,,,,,
2023,12,21,7,0,14.1,8.7,69.97,,,,,,,,,,,,,,,,,,,,,,,,,,,,,,,,,,,,
2023,12,21,8,0,14.6,9.3,70.36,,,,,,,,,,,,,,,,,,,,,,,,,,,,,,,,,,,,
2023,12,21,9,0,14.8,9.8,72.04,,,,,,,,,,,,,,,,,,,,,,,,,,,,,,,,,,,,
2023,12,21,10,0,14.7,10.3,74.71,,,,,,,,,,,,,,,,,,,,,,,,,,,,,,,,,,,,
2023,12,21,11,0,14.2,10.6,78.86,,,,,,,,,,,,,,,,,,,,,,,,,,,,,,,,,,,,
2023,12,21,12,0,13.3,10.8,84.68,,,,,,,,,,,,,,,,,,,,,,,,,,,,,,,,,,,,
2023,12,21,13,0,12.8,10.8,87.56,,,,,,,,,,,,,,,,,,,,,,,,,,,,,,,,,,,,
2023,12,21,14,0,12.7,10.4,86.13,,,,,,,,,,,,,,,,,,,,,,,,,,,,,,,,,,,,
2023,12,21,15,0,15.4,10.2,71.05,,,,,,,,,,,,,,,,,,,,,,,,,,,,,,,,,,,,
2023,12,21,16,0,18.3,10.5,60.44,,,,,,,,,,,,,,,,,,,,,,,,,,,,,,,,,,,,
2023,12,21,17,0,21.1,11.5,54.11,,,,,,,,,,,,,,,,,,,,,,,,,,,,,,,,,,,,
2023,12,21,18,0,22.9,11.3,48.12,,,,,,,,,,,,,,,,,,,,,,,,,,,,,,,,,,,,
2023,12,21,19,0,23.9,10.8,43.75,,,,,,,,,,,,,,,,,,,,,,,,,,,,,,,,,,,,
2023,12,21,20,0,24.5,10.1,40.35,,,,,,,,,,,,,,,,,,,,,,,,,,,,,,,,,,,,
2023,12,21,21,0,24.6,9.3,38.02,,,,,,,,,,,,,,,,,,,,,,,,,,,,,,,,,,,,
2023,12,21,22,0,24.3,8.7,37.15,,,,,,,,,,,,,,,,,,,,,,,,,,,,,,,,,,,,
2023,12,21,23,0,22.6,10.1,44.96,,,,,,,,,,,,,,,,,,,,,,,,,,,,,,,,,,,,
2023,12,22,0,0,19.6,8.9,50.06,,,,,,,,,,,,,,,,,,,,,,,,,,,,,,,,,,,,
2023,12,22,1,0,18.1,8.4,53.02,,,,,,,,,,,,,,,,,,,,,,,,,,,,,,,,,,,,
2023,12,22,2,0,17.1,8.1,55.58,,,,,,,,,,,,,,,,,,,,,,,,,,,,,,,,,,,,
2023,12,22,3,0,16.7,7.9,56.18,,,,,,,,,,,,,,,,,,,,,,,,,,,,,,,,,,,,
2023,12,22,4,0,17,7.8,54.47,,,,,,,,,,,,,,,,,,,,,,,,,,,,,,,,,,,,
2023,12,22,5,0,17.4,7.5,52.24,,,,,,,,,,,,,,,,,,,,,,,,,,,,,,,,,,,,
2023,12,22,6,0,16.5,7.2,53.99,,,,,,,,,,,,,,,,,,,,,,,,,,,,,,,,,,,,
2023,12,22,7,0,15.4,6.8,56.53,,,,,,,,,,,,,,,,,,,,,,,,,,,,,,,,,,,,
2023,12,22,8,0,14.8,6.4,57.32,,,,,,,,,,,,,,,,,,,,,,,,,,,,,,,,,,,,
2023,12,22,9,0,14,6.3,59.68,,,,,,,,,,,,,,,,,,,,,,,,,,,,,,,,,,,,
2023,12,22,10,0,12.6,5.9,63.77,,,,,,,,,,,,,,,,,,,,,,,,,,,,,,,,,,,,
2023,12,22,11,0,12.3,5.7,64.21,,,,,,,,,,,,,,,,,,,,,,,,,,,,,,,,,,,,
2023,12,22,12,0,12.2,6.1,66.12,,,,,,,,,,,,,,,,,,,,,,,,,,,,,,,,,,,,
2023,12,22,13,0,12.6,6.7,67.44,,,,,,,,,,,,,,,,,,,,,,,,,,,,,,,,,,,,
2023,12,22,14,0,12.4,7.3,71.2,,,,,,,,,,,,,,,,,,,,,,,,,,,,,,,,,,,,
2023,12,22,15,0,12.8,8.6,75.66,,,,,,,,,,,,,,,,,,,,,,,,,,,,,,,,,,,,
2023,12,22,16,0,13.4,9.2,75.68,,,,,,,,,,,,,,,,,,,,,,,,,,,,,,,,,,,,
2023,12,22,17,0,13.7,10,78.41,,,,,,,,,,,,,,,,,,,,,,,,,,,,,,,,,,,,
2023,12,22,18,0,14.1,10.8,80.5,,,,,,,,,,,,,,,,,,,,,,,,,,,,,,,,,,,,
2023,12,22,19,0,14.6,11.3,80.44,,,,,,,,,,,,,,,,,,,,,,,,,,,,,,,,,,,,
2023,12,22,20,0,15,11.4,79.07,,,,,,,,,,,,,,,,,,,,,,,,,,,,,,,,,,,,
2023,12,22,21,0,14.9,11.3,79.14,,,,,,,,,,,,,,,,,,,,,,,,,,,,,,,,,,,,
2023,12,22,22,0,14.4,11.5,82.54,,,,,,,,,,,,,,,,,,,,,,,,,,,,,,,,,,,,
2023,12,22,23,0,13.5,11.6,88.23,,,,,,,,,,,,,,,,,,,,,,,,,,,,,,,,,,,,
2023,12,23,0,0,12.5,11.1,91.42,,,,,,,,,,,,,,,,,,,,,,,,,,,,,,,,,,,,
2023,12,23,1,0,12.2,10.9,91.93,,,,,,,,,,,,,,,,,,,,,,,,,,,,,,,,,,,,
2023,12,23,2,0,12.4,11,90.91,,,,,,,,,,,,,,,,,,,,,,,,,,,,,,,,,,,,
2023,12,23,3,0,12.4,11,90.9,,,,,,,,,,,,,,,,,,,,,,,,,,,,,,,,,,,,
2023,12,23,4,0,12.2,11,92.57,,,,,,,,,,,,,,,,,,,,,,,,,,,,,,,,,,,,
2023,12,23,5,0,12,11.3,95.44,,,,,,,,,,,,,,,,,,,,,,,,,,,,,,,,,,,,
2023,12,23,6,0,11.8,11.5,97.96,,,,,,,,,,,,,,,,,,,,,,,,,,,,,,,,,,,,
2023,12,23,7,0,11.6,11.5,99.3,,,,,,,,,,,,,,,,,,,,,,,,,,,,,,,,,,,,
2023,12,23,8,0,11.1,11.1,100,,,,,,,,,,,,,,,,,,,,,,,,,,,,,,,,,,,,
2023,12,23,9,0,10.6,10.6,100,,,,,,,,,,,,,,,,,,,,,,,,,,,,,,,,,,,,
2023,12,23,10,0,10.8,10.8,100,,,,,,,,,,,,,,,,,,,,,,,,,,,,,,,,,,,,
2023,12,23,11,0,11,10.8,98.4,,,,,,,,,,,,,,,,,,,,,,,,,,,,,,,,,,,,
2023,12,23,12,0,10.9,10.6,97.77,,,,,,,,,,,,,,,,,,,,,,,,,,,,,,,,,,,,
2023,12,23,13,0,10.7,10.3,97.65,,,,,,,,,,,,,,,,,,,,,,,,,,,,,,,,,,,,
2023,12,23,14,0,10.7,10.2,96.82,,,,,,,,,,,,,,,,,,,,,,,,,,,,,,,,,,,,
2023,12,23,15,0,11.5,10.2,91.75,,,,,,,,,,,,,,,,,,,,,,,,,,,,,,,,,,,,
2023,12,23,16,0,11.9,9.9,87.6,,,,,,,,,,,,,,,,,,,,,,,,,,,,,,,,,,,,
2023,12,23,17,0,12.7,9.5,81.07,,,,,,,,,,,,,,,,,,,,,,,,,,,,,,,,,,,,
2023,12,23,18,0,13.8,9,72.67,,,,,,,,,,,,,,,,,,,,,,,,,,,,,,,,,,,,
2023,12,23,19,0,15,8.3,64.27,,,,,,,,,,,,,,,,,,,,,,,,,,,,,,,,,,,,
2023,12,23,20,0,15.8,7.8,58.81,,,,,,,,,,,,,,,,,,,,,,,,,,,,,,,,,,,,
2023,12,23,21,0,16,7.4,56.62,,,,,,,,,,,,,,,,,,,,,,,,,,,,,,,,,,,,
2023,12,23,22,0,15.6,7.2,57.53,,,,,,,,,,,,,,,,,,,,,,,,,,,,,,,,,,,,
2023,12,23,23,0,14.7,7.7,62.68,,,,,,,,,,,,,,,,,,,,,,,,,,,,,,,,,,,,
2023,12,24,0,0,12.3,8,74.87,,,,,,,,,,,,,,,,,,,,,,,,,,,,,,,,,,,,
2023,12,24,1,0,11.4,7.5,76.7,,,,,,,,,,,,,,,,,,,,,,,,,,,,,,,,,,,,
2023,12,24,2,0,11.1,7.4,77.83,,,,,,,,,,,,,,,,,,,,,,,,,,,,,,,,,,,,
2023,12,24,3,0,11,7.4,78.31,,,,,,,,,,,,,,,,,,,,,,,,,,,,,,,,,,,,
2023,12,24,4,0,10.9,7.4,78.81,,,,,,,,,,,,,,,,,,,,,,,,,,,,,,,,,,,,
2023,12,24,5,0,10.6,7.4,80.38,,,,,,,,,,,,,,,,,,,,,,,,,,,,,,,,,,,,
2023,12,24,6,0,9.9,7.3,83.79,,,,,,,,,,,,,,,,,,,,,,,,,,,,,,,,,,,,
2023,12,24,7,0,9,7.1,88.1,,,,,,,,,,,,,,,,,,,,,,,,,,,,,,,,,,,,
2023,12,24,8,0,8.3,7,91.22,,,,,,,,,,,,,,,,,,,,,,,,,,,,,,,,,,,,
2023,12,24,9,0,8.1,6.7,91.17,,,,,,,,,,,,,,,,,,,,,,,,,,,,,,,,,,,,
2023,12,24,10,0,8,6.5,90.33,,,,,,,,,,,,,,,,,,,,,,,,,,,,,,,,,,,,
2023,12,24,11,0,7.8,6.2,89.86,,,,,,,,,,,,,,,,,,,,,,,,,,,,,,,,,,,,
2023,12,24,12,0,7.7,5.9,88.5,,,,,,,,,,,,,,,,,,,,,,,,,,,,,,,,,,,,
2023,12,24,13,0,7.6,5.6,87.26,,,,,,,,,,,,,,,,,,,,,,,,,,,,,,,,,,,,
2023,12,24,14,0,7.5,5.3,85.99,,,,,,,,,,,,,,,,,,,,,,,,,,,,,,,,,,,,
2023,12,24,15,0,9.3,5.4,76.67,,,,,,,,,,,,,,,,,,,,,,,,,,,,,,,,,,,,
2023,12,24,16,0,11.5,5.3,65.56,,,,,,,,,,,,,,,,,,,,,,,,,,,,,,,,,,,,
2023,12,24,17,0,13.7,5.4,57.15,,,,,,,,,,,,,,,,,,,,,,,,,,,,,,,,,,,,
2023,12,24,18,0,15.3,5.4,51.62,,,,,,,,,,,,,,,,,,,,,,,,,,,,,,,,,,,,
2023,12,24,19,0,16.6,5,46.26,,,,,,,,,,,,,,,,,,,,,,,,,,,,,,,,,,,,
2023,12,24,20,0,17.4,4.6,42.64,,,,,,,,,,,,,,,,,,,,,,,,,,,,,,,,,,,,
2023,12,24,21,0,17.9,4,39.78,,,,,,,,,,,,,,,,,,,,,,,,,,,,,,,,,,,,
2023,12,24,22,0,17.7,3.5,38.81,,,,,,,,,,,,,,,,,,,,,,,,,,,,,,,,,,,,
2023,12,24,23,0,16.1,4.9,47.43,,,,,,,,,,,,,,,,,,,,,,,,,,,,,,,,,,,,
2023,12,25,0,0,12.5,4.9,59.99,,,,,,,,,,,,,,,,,,,,,,,,,,,,,,,,,,,,
2023,12,25,1,0,11.2,4.8,64.94,,,,,,,,,,,,,,,,,,,,,,,,,,,,,,,,,,,,
2023,12,25,2,0,10.7,5.1,68.45,,,,,,,,,,,,,,,,,,,,,,,,,,,,,,,,,,,,
2023,12,25,3,0,10.9,5.2,68.08,,,,,,,,,,,,,,,,,,,,,,,,,,,,,,,,,,,,
2023,12,25,4,0,10.6,5.2,69.16,,,,,,,,,,,,,,,,,,,,,,,,,,,,,,,,,,,,
2023,12,25,5,0,9.7,4.8,71.76,,,,,,,,,,,,,,,,,,,,,,,,,,,,,,,,,,,,
2023,12,25,6,0,8.8,4.1,72.18,,,,,,,,,,,,,,,,,,,,,,,,,,,,,,,,,,,,
2023,12,25,7,0,7.5,2.6,70.86,,,,,,,,,,,,,,,,,,,,,,,,,,,,,,,,,,,,
2023,12,25,8,0,6.4,0.4,65.6,,,,,,,,,,,,,,,,,,,,,,,,,,,,,,,,,,,,
2023,12,25,9,0,5.7,-2.1,57.2,,,,,,,,,,,,,,,,,,,,,,,,,,,,,,,,,,,,
2023,12,25,10,0,5.1,-4.1,51.47,,,,,,,,,,,,,,,,,,,,,,,,,,,,,,,,,,,,
2023,12,25,11,0,4.6,-5.5,48.09,,,,,,,,,,,,,,,,,,,,,,,,,,,,,,,,,,,,
2023,12,25,12,0,4.2,-6.2,46.82,,,,,,,,,,,,,,,,,,,,,,,,,,,,,,,,,,,,
2023,12,25,13,0,3.9,-6.5,46.52,,,,,,,,,,,,,,,,,,,,,,,,,,,,,,,,,,,,
2023,12,25,14,0,3.7,-6.7,46.47,,,,,,,,,,,,,,,,,,,,,,,,,,,,,,,,,,,,
2023,12,25,15,0,6.6,-7.4,36.19,,,,,,,,,,,,,,,,,,,,,,,,,,,,,,,,,,,,
2023,12,25,16,0,9.4,-7.6,29.35,,,,,,,,,,,,,,,,,,,,,,,,,,,,,,,,,,,,
2023,12,25,17,0,13.5,-9.3,19.58,,,,,,,,,,,,,,,,,,,,,,,,,,,,,,,,,,,,
2023,12,25,18,0,16.1,-10.3,15.32,,,,,,,,,,,,,,,,,,,,,,,,,,,,,,,,,,,,
2023,12,25,19,0,17.3,-10.5,14.03,,,,,,,,,,,,,,,,,,,,,,,,,,,,,,,,,,,,
2023,12,25,20,0,18.1,-10.6,13.23,,,,,,,,,,,,,,,,,,,,,,,,,,,,,,,,,,,,
2023,12,25,21,0,18.3,-10.4,13.25,,,,,,,,,,,,,,,,,,,,,,,,,,,,,,,,,,,,
2023,12,25,22,0,17.9,-9.8,14.21,,,,,,,,,,,,,,,,,,,,,,,,,,,,,,,,,,,,
2023,12,25,23,0,15.4,-3.4,27.26,,,,,,,,,,,,,,,,,,,,,,,,,,,,,,,,,,,,
2023,12,26,0,0,11.3,-3,36.55,,,,,,,,,,,,,,,,,,,,,,,,,,,,,,,,,,,,
2023,12,26,1,0,10.3,-3.6,37.49,,,,,,,,,,,,,,,,,,,,,,,,,,,,,,,,,,,,
2023,12,26,2,0,10.3,-4.3,35.68,,,,,,,,,,,,,,,,,,,,,,,,,,,,,,,,,,,,
2023,12,26,3,0,10.3,-4.8,34.11,,,,,,,,,,,,,,,,,,,,,,,,,,,,,,,,,,,,
2023,12,26,4,0,9.3,-4.8,36.71,,,,,,,,,,,,,,,,,,,,,,,,,,,,,,,,,,,,
2023,12,26,5,0,7.7,-4.6,41.35,,,,,,,,,,,,,,,,,,,,,,,,,,,,,,,,,,,,
2023,12,26,6,0,6.3,-4.9,44.45,,,,,,,,,,,,,,,,,,,,,,,,,,,,,,,,,,,,
2023,12,26,7,0,5.5,-5.8,43.96,,,,,,,,,,,,,,,,,,,,,,,,,,,,,,,,,,,,
2023,12,26,8,0,5,-6.9,42.01,,,,,,,,,,,,,,,,,,,,,,,,,,,,,,,,,,,,
2023,12,26,9,0,4.4,-7.3,42.36,,,,,,,,,,,,,,,,,,,,,,,,,,,,,,,,,,,,
2023,12,26,10,0,3.8,-7.4,43.99,,,,,,,,,,,,,,,,,,,,,,,,,,,,,,,,,,,,
2023,12,26,11,0,3.3,-7.5,45.12,,,,,,,,,,,,,,,,,,,,,,,,,,,,,,,,,,,,
2023,12,26,12,0,2.8,-7.8,45.62,,,,,,,,,,,,,,,,,,,,,,,,,,,,,,,,,,,,
2023,12,26,13,0,2.3,-8.2,45.8,,,,,,,,,,,,,,,,,,,,,,,,,,,,,,,,,,,,
2023,12,26,14,0,2,-8.5,45.73,,,,,,,,,,,,,,,,,,,,,,,,,,,,,,,,,,,,
2023,12,26,15,0,5.2,-8.5,36.52,,,,,,,,,,,,,,,,,,,,,,,,,,,,,,,,,,,,
2023,12,26,16,0,8.4,-9.8,26.42,,,,,,,,,,,,,,,,,,,,,,,,,,,,,,,,,,,,
2023,12,26,17,0,12.2,-11.3,18.19,,,,,,,,,,,,,,,,,,,,,,,,,,,,,,,,,,,,
2023,12,26,18,0,15.4,-13.3,12.61,,,,,,,,,,,,,,,,,,,,,,,,,,,,,,,,,,,,
2023,12,26,19,0,17.3,-14,10.58,,,,,,,,,,,,,,,,,,,,,,,,,,,,,,,,,,,,
2023,12,26,20,0,18.3,-13.7,10.17,,,,,,,,,,,,,,,,,,,,,,,,,,,,,,,,,,,,
2023,12,26,21,0,18.6,-13.3,10.29,,,,,,,,,,,,,,,,,,,,,,,,,,,,,,,,,,,,
2023,12,26,22,0,18.3,-12.5,11.16,,,,,,,,,,,,,,,,,,,,,,,,,,,,,,,,,,,,
2023,12,26,23,0,15.4,-2.6,29.02,,,,,,,,,,,,,,,,,,,,,,,,,,,,,,,,,,,,
2023,12,27,0,0,11.7,-5.2,30.24,,,,,,,,,,,,,,,,,,,,,,,,,,,,,,,,,,,,
2023,12,27,1,0,10.9,-6.7,28.47,,,,,,,,,,,,,,,,,,,,,,,,,,,,,,,,,,,,
2023,12,27,2,0,11.4,-8.3,24.41,,,,,,,,,,,,,,,,,,,,,,,,,,,,,,,,,,,,
2023,12,27,3,0,11,-9.1,23.49,,,,,,,,,,,,,,,,,,,,,,,,,,,,,,,,,,,,
2023,12,27,4,0,9.8,-8.4,26.79,,,,,,,,,,,,,,,,,,,,,,,,,,,,,,,,,,,,
2023,12,27,5,0,8,-7.9,31.53,,,,,,,,,,,,,,,,,,,,,,,,,,,,,,,,,,,,
2023,12,27,6,0,6,-7.3,38.03,,,,,,,,,,,,,,,,,,,,,,,,,,,,,,,,,,,,
2023,12,27,7,0,4.7,-7.3,41.58,,,,,,,,,,,,,,,,,,,,,,,,,,,,,,,,,,,,
2023,12,27,8,0,4.1,-7.7,41.98,,,,,,,,,,,,,,,,,,,,,,,,,,,,,,,,,,,,
2023,12,27,9,0,3.5,-8.1,42.47,,,,,,,,,,,,,,,,,,,,,,,,,,,,,,,,,,,,
2023,12,27,10,0,3.1,-8.3,43.07,,,,,,,,,,,,,,,,,,,,,,,,,,,,,,,,,,,,
2023,12,27,11,0,2.7,-8.3,44.26,,,,,,,,,,,,,,,,,,,,,,,,,,,,,,,,,,,,
2023,12,27,12,0,2.4,-8.3,45.2,,,,,,,,,,,,,,,,,,,,,,,,,,,,,,,,,,,,
2023,12,27,13,0,2.3,-8.3,45.3,,,,,,,,,,,,,,,,,,,,,,,,,,,,,,,,,,,,
2023,12,27,14,0,2.3,-8.4,45.14,,,,,,,,,,,,,,,,,,,,,,,,,,,,,,,,,,,,
2023,12,27,15,0,5.9,-7.6,37.22,,,,,,,,,,,,,,,,,,,,,,,,,,,,,,,,,,,,
2023,12,27,16,0,9.5,-9.3,25.61,,,,,,,,,,,,,,,,,,,,,,,,,,,,,,,,,,,,
2023,12,27,17,0,13,-10.2,18.93,,,,,,,,,,,,,,,,,,,,,,,,,,,,,,,,,,,,
2023,12,27,18,0,16.1,-12.1,13.3,,,,,,,,,,,,,,,,,,,,,,,,,,,,,,,,,,,,
2023,12,27,19,0,18.2,-13.3,10.52,,,,,,,,,,,,,,,,,,,,,,,,,,,,,,,,,,,,
2023,12,27,20,0,19.1,-13.1,10.15,,,,,,,,,,,,,,,,,,,,,,,,,,,,,,,,,,,,
2023,12,27,21,0,19.3,-12.4,10.64,,,,,,,,,,,,,,,,,,,,,,,,,,,,,,,,,,,,
2023,12,27,22,0,18.8,-11,12.26,,,,,,,,,,,,,,,,,,,,,,,,,,,,,,,,,,,,
2023,12,27,23,0,16,-2.4,28.23,,,,,,,,,,,,,,,,,,,,,,,,,,,,,,,,,,,,
2023,12,28,0,0,12.9,-3.3,32.24,,,,,,,,,,,,,,,,,,,,,,,,,,,,,,,,,,,,
2023,12,28,1,0,12.9,-4.1,30.45,,,,,,,,,,,,,,,,,,,,,,,,,,,,,,,,,,,,
2023,12,28,2,0,13,-5.6,26.91,,,,,,,,,,,,,,,,,,,,,,,,,,,,,,,,,,,,
2023,12,28,3,0,12.2,-6.1,27.35,,,,,,,,,,,,,,,,,,,,,,,,,,,,,,,,,,,,
2023,12,28,4,0,11.3,-5.4,30.58,,,,,,,,,,,,,,,,,,,,,,,,,,,,,,,,,,,,
2023,12,28,5,0,10.4,-3.7,36.81,,,,,,,,,,,,,,,,,,,,,,,,,,,,,,,,,,,,
2023,12,28,6,0,9.6,-3.4,39.78,,,,,,,,,,,,,,,,,,,,,,,,,,,,,,,,,,,,
2023,12,28,7,0,8.7,-3.8,41.02,,,,,,,,,,,,,,,,,,,,,,,,,,,,,,,,,,,,
2023,12,28,8,0,7.2,-4.6,42.84,,,,,,,,,,,,,,,,,,,,,,,,,,,,,,,,,,,,
2023,12,28,9,0,6.9,-5.1,41.99,,,,,,,,,,,,,,,,,,,,,,,,,,,,,,,,,,,,
2023,12,28,10,0,6.6,-5.4,41.9,,,,,,,,,,,,,,,,,,,,,,,,,,,,,,,,,,,,
2023,12,28,11,0,6,-5.4,43.89,,,,,,,,,,,,,,,,,,,,,,,,,,,,,,,,,,,,
2023,12,28,12,0,5.6,-5.2,45.69,,,,,,,,,,,,,,,,,,,,,,,,,,,,,,,,,,,,
2023,12,28,13,0,5.4,-5.1,46.79,,,,,,,,,,,,,,,,,,,,,,,,,,,,,,,,,,,,
2023,12,28,14,0,5.6,-5.1,46.12,,,,,,,,,,,,,,,,,,,,,,,,,,,,,,,,,,,,
2023,12,28,15,0,8.2,-5.1,38.54,,,,,,,,,,,,,,,,,,,,,,,,,,,,,,,,,,,,
2023,12,28,16,0,11.2,-5.8,30.01,,,,,,,,,,,,,,,,,,,,,,,,,,,,,,,,,,,,
2023,12,28,17,0,14.9,-6.8,21.67,,,,,,,,,,,,,,,,,,,,,,,,,,,,,,,,,,,,
2023,12,28,18,0,18.1,-8.5,15.55,,,,,,,,,,,,,,,,,,,,,,,,,,,,,,,,,,,,
2023,12,28,19,0,19.9,-9.1,13.26,,,,,,,,,,,,,,,,,,,,,,,,,,,,,,,,,,,,
2023,12,28,20,0,20.9,-9,12.59,,,,,,,,,,,,,,,,,,,,,,,,,,,,,,,,,,,,
2023,12,28,21,0,21.5,-8.8,12.32,,,,,,,,,,,,,,,,,,,,,,,,,,,,,,,,,,,,
2023,12,28,22,0,21.3,-8.1,13.21,,,,,,,,,,,,,,,,,,,,,,,,,,,,,,,,,,,,
2023,12,28,23,0,18.4,1.5,32.18,,,,,,,,,,,,,,,,,,,,,,,,,,,,,,,,,,,,
2023,12,29,0,0,14.9,-2,31.22,,,,,,,,,,,,,,,,,,,,,,,,,,,,,,,,,,,,
2023,12,29,1,0,13.4,-3.1,31.6,,,,,,,,,,,,,,,,,,,,,,,,,,,,,,,,,,,,
2023,12,29,2,0,11.3,-3.3,35.92,,,,,,,,,,,,,,,,,,,,,,,,,,,,,,,,,,,,
2023,12,29,3,0,9.7,-3.9,38.15,,,,,,,,,,,,,,,,,,,,,,,,,,,,,,,,,,,,
2023,12,29,4,0,8.6,-4.5,39.33,,,,,,,,,,,,,,,,,,,,,,,,,,,,,,,,,,,,
2023,12,29,5,0,7.6,-5,40.37,,,,,,,,,,,,,,,,,,,,,,,,,,,,,,,,,,,,
2023,12,29,6,0,6.9,-5.6,40.57,,,,,,,,,,,,,,,,,,,,,,,,,,,,,,,,,,,,
2023,12,29,7,0,6.5,-6.2,39.98,,,,,,,,,,,,,,,,,,,,,,,,,,,,,,,,,,,,
2023,12,29,8,0,6.3,-6.4,39.62,,,,,,,,,,,,,,,,,,,,,,,,,,,,,,,,,,,,
2023,12,29,9,0,6.4,-6.7,38.52,,,,,,,,,,,,,,,,,,,,,,,,,,,,,,,,,,,,
2023,12,29,10,0,6.5,-7,37.46,,,,,,,,,,,,,,,,,,,,,,,,,,,,,,,,,,,,
2023,12,29,11,0,6.5,-7.1,37.11,,,,,,,,,,,,,,,,,,,,,,,,,,,,,,,,,,,,
2023,12,29,12,0,6.5,-7.2,36.94,,,,,,,,,,,,,,,,,,,,,,,,,,,,,,,,,,,,
2023,12,29,13,0,6.5,-7.1,37.11,,,,,,,,,,,,,,,,,,,,,,,,,,,,,,,,,,,,
2023,12,29,14,0,6.6,-7,37.15,,,,,,,,,,,,,,,,,,,,,,,,,,,,,,,,,,,,
2023,12,29,15,0,9.9,-6.9,30.07,,,,,,,,,,,,,,,,,,,,,,,,,,,,,,,,,,,,
2023,12,29,16,0,13.4,-6.7,24.22,,,,,,,,,,,,,,,,,,,,,,,,,,,,,,,,,,,,
2023,12,29,17,0,17.1,-7.2,18.27,,,,,,,,,,,,,,,,,,,,,,,,,,,,,,,,,,,,
2023,12,29,18,0,20.1,-8.5,13.7,,,,,,,,,,,,,,,,,,,,,,,,,,,,,,,,,,,,
2023,12,29,19,0,21.8,-9,11.9,,,,,,,,,,,,,,,,,,,,,,,,,,,,,,,,,,,,
2023,12,29,20,0,22.8,-9.1,11.12,,,,,,,,,,,,,,,,,,,,,,,,,,,,,,,,,,,,
2023,12,29,21,0,23.1,-9,11.01,,,,,,,,,,,,,,,,,,,,,,,,,,,,,,,,,,,,
2023,12,29,22,0,22.1,-4.3,16.81,,,,,,,,,,,,,,,,,,,,,,,,,,,,,,,,,,,,
2023,12,29,23,0,18.9,1.9,32.14,,,,,,,,,,,,,,,,,,,,,,,,,,,,,,,,,,,,
2023,12,30,0,0,17.6,-2.5,25.4,,,,,,,,,,,,,,,,,,,,,,,,,,,,,,,,,,,,
2023,12,30,1,0,16.3,-3.7,25.15,,,,,,,,,,,,,,,,,,,,,,,,,,,,,,,,,,,,
2023,12,30,2,0,14.3,-2.9,30.34,,,,,,,,,,,,,,,,,,,,,,,,,,,,,,,,,,,,
2023,12,30,3,0,12.8,-2.1,35.39,,,,,,,,,,,,,,,,,,,,,,,,,,,,,,,,,,,,
2023,12,30,4,0,12.6,-2.1,36.07,,,,,,,,,,,,,,,,,,,,,,,,,,,,,,,,,,,,
2023,12,30,5,0,12.3,-2.3,36.25,,,,,,,,,,,,,,,,,,,,,,,,,,,,,,,,,,,,
2023,12,30,6,0,12.1,-2.5,36.1,,,,,,,,,,,,,,,,,,,,,,,,,,,,,,,,,,,,
2023,12,30,7,0,11.7,-2.8,36.13,,,,,,,,,,,,,,,,,,,,,,,,,,,,,,,,,,,,
2023,12,30,8,0,11.3,-3.1,36.28,,,,,,,,,,,,,,,,,,,,,,,,,,,,,,,,,,,,
2023,12,30,9,0,10.9,-3.5,36.22,,,,,,,,,,,,,,,,,,,,,,,,,,,,,,,,,,,,
2023,12,30,10,0,10.1,-4,36.93,,,,,,,,,,,,,,,,,,,,,,,,,,,,,,,,,,,,
2023,12,30,11,0,9,-4.4,38.43,,,,,,,,,,,,,,,,,,,,,,,,,,,,,,,,,,,,
2023,12,30,12,0,8.8,-4.5,38.66,,,,,,,,,,,,,,,,,,,,,,,,,,,,,,,,,,,,
2023,12,30,13,0,8.8,-4.5,38.88,,,,,,,,,,,,,,,,,,,,,,,,,,,,,,,,,,,,
2023,12,30,14,0,8.8,-4.4,39.14,,,,,,,,,,,,,,,,,,,,,,,,,,,,,,,,,,,,
2023,12,30,15,0,11.3,-3.7,34.69,,,,,,,,,,,,,,,,,,,,,,,,,,,,,,,,,,,,
2023,12,30,16,0,14.6,-5.2,25,,,,,,,,,,,,,,,,,,,,,,,,,,,,,,,,,,,,
2023,12,30,17,0,17.6,-6.7,18.51,,,,,,,,,,,,,,,,,,,,,,,,,,,,,,,,,,,,
2023,12,30,18,0,20.3,-7.6,14.6,,,,,,,,,,,,,,,,,,,,,,,,,,,,,,,,,,,,
2023,12,30,19,0,22,-7.6,13.07,,,,,,,,,,,,,,,,,,,,,,,,,,,,,,,,,,,,
2023,12,30,20,0,22.7,-7.2,12.95,,,,,,,,,,,,,,,,,,,,,,,,,,,,,,,,,,,,
2023,12,30,21,0,22.7,-6.6,13.61,,,,,,,,,,,,,,,,,,,,,,,,,,,,,,,,,,,,
2023,12,30,22,0,21.8,-5.6,15.43,,,,,,,,,,,,,,,,,,,,,,,,,,,,,,,,,,,,
2023,12,30,23,0,18.4,-1.2,26.47,,,,,,,,,,,,,,,,,,,,,,,,,,,,,,,,,,,,
2023,12,31,0,0,13.5,-0.8,37.26,,,,,,,,,,,,,,,,,,,,,,,,,,,,,,,,,,,,
2023,12,31,1,0,11.8,-1.1,40.69,,,,,,,,,,,,,,,,,,,,,,,,,,,,,,,,,,,,
2023,12,31,2,0,10.8,-1,43.78,,,,,,,,,,,,,,,,,,,,,,,,,,,,,,,,,,,,
2023,12,31,3,0,10.2,-0.8,46.51,,,,,,,,,,,,,,,,,,,,,,,,,,,,,,,,,,,,
2023,12,31,4,0,9.6,-0.2,50.58,,,,,,,,,,,,,,,,,,,,,,,,,,,,,,,,,,,,
2023,12,31,5,0,9.2,0.6,54.8,,,,,,,,,,,,,,,,,,,,,,,,,,,,,,,,,,,,
2023,12,31,6,0,9.2,1.2,57.46,,,,,,,,,,,,,,,,,,,,,,,,,,,,,,,,,,,,
2023,12,31,7,0,8.8,1.6,60.8,,,,,,,,,,,,,,,,,,,,,,,,,,,,,,,,,,,,
2023,12,31,8,0,8.2,2,64.75,,,,,,,,,,,,,,,,,,,,,,,,,,,,,,,,,,,,
2023,12,31,9,0,7.8,2.2,67.48,,,,,,,,,,,,,,,,,,,,,,,,,,,,,,,,,,,,
2023,12,31,10,0,7.6,2.4,69.51,,,,,,,,,,,,,,,,,,,,,,,,,,,,,,,,,,,,
2023,12,31,11,0,7.3,2.6,71.98,,,,,,,,,,,,,,,,,,,,,,,,,,,,,,,,,,,,
2023,12,31,12,0,6.9,2.8,75.05,,,,,,,,,,,,,,,,,,,,,,,,,,,,,,,,,,,,
2023,12,31,13,0,6.8,3,76.96,,,,,,,,,,,,,,,,,,,,,,,,,,,,,,,,,,,,
2023,12,31,14,0,6.8,3.4,78.66,,,,,,,,,,,,,,,,,,,,,,,,,,,,,,,,,,,,
2023,12,31,15,0,9.1,4.1,71.11,,,,,,,,,,,,,,,,,,,,,,,,,,,,,,,,,,,,
2023,12,31,16,0,11.7,5.2,64.35,,,,,,,,,,,,,,,,,,,,,,,,,,,,,,,,,,,,
2023,12,31,17,0,14.7,6,55.97,,,,,,,,,,,,,,,,,,,,,,,,,,,,,,,,,,,,
2023,12,31,18,0,16.9,5.2,46.08,,,,,,,,,,,,,,,,,,,,,,,,,,,,,,,,,,,,
2023,12,31,19,0,17.8,4.6,41.77,,,,,,,,,,,,,,,,,,,,,,,,,,,,,,,,,,,,
2023,12,31,20,0,17.9,4.3,40.47,,,,,,,,,,,,,,,,,,,,,,,,,,,,,,,,,,,,
2023,12,31,21,0,17.3,4.1,41.43,,,,,,,,,,,,,,,,,,,,,,,,,,,,,,,,,,,,
2023,12,31,22,0,16.6,4.7,45.31,,,,,,,,,,,,,,,,,,,,,,,,,,,,,,,,,,,,
2023,12,31,23,0,15.3,6.4,55.17,,,,,,,,,,,,,,,,,,,,,,,,,,,,,,,,,,,,
