Source,Location ID,City,State,Country,Latitude,Longitude,Time Zone,Clearsky DHI Units,Clearsky DNI Units,Clearsky GHI Units,Dew Point Units,DHI Units,DNI Units,GHI Units,Solar Zenith Angle Units,Temperature Units,Pressure Units,Relative Humidity Units,Precipitable Water Units,Wind Direction Units,Wind Speed Units,Cloud Type -15,Cloud Type 0,Cloud Type 1,Cloud Type 2,Cloud Type 3,Cloud Type 4,Cloud Type 5,Cloud Type 6,Cloud Type 7,Cloud Type 8,Cloud Type 9,Cloud Type 10,Cloud Type 11,Cloud Type 12,Fill Flag 0,Fill Flag 1,Fill Flag 2,Fill Flag 3,Fill Flag 4,Fill Flag 5,Surface Albedo Units,Version
NSRDB,3894480,-,-,-,33.74,-84.39,0,w/m2,w/m2,w/m2,c,w/m2,w/m2,w/m2,Degree,c,mbar,%,cm,Degrees,m/s,N/A,Clear,Probably Clear,Fog,Water,Super-Cooled Water,Mixed,Opaque Ice,Cirrus,Overlapping,Overshooting,Unknown,Dust,Smoke,N/A,Missing Image,Low Irradiance,Exceeds Clearsky,Missing CLoud Properties,Rayleigh Violation,N/A,4.0.1
Year,Month,Day,Hour,Minute,Temperature,Dew Point,Relative Humidity,,,,,,,,,,,,,,,,,,,,,,,,,,,,,,,,,,,,
2023,1,1,0,0,10.2,10.2,100,,,,,,,,,,,,,,,,,,,,,,,,,,,,,,,,,,,,
2023,1,1,1,0,10,10,100,,,,,,,,,,,,,,,,,,,,,,,,,,,,,,,,,,,,
2023,1,1,2,0,9.8,9.8,100,,,,,,,,,,,,,,,,,,,,,,,,,,,,,,,,,,,,
2023,1,1,3,0,9.4,9.4,100,,,,,,,,,,,,,,,,,,,,,,,,,,,,,,,,,,,,
2023,1,1,4,0,8.8,8.8,100,,,,,,,,,,,,,,,,,,,,,,,,,,,,,,,,,,,,
2023,1,1,5,0,8.4,8.4,100,,,,,,,,,,,,,,,,,,,,,,,,,,,,,,,,,,,,
2023,1,1,6,0,8.1,8.1,100,,,,,,,,,,,,,,,,,,,,,,,,,,,,,,,,,,,,
2023,1,1,7,0,7.9,7.9,100,,,,,,,,,,,,,,,,,,,,,,,,,,,,,,,,,,,,
2023,1,1,8,0,8,8,100,,,,,,,,,,,,,,,,,,,,,,,,,,,,,,,,,,,,
2023,1,1,9,0,8.5,8.5,100,,,,,,,,,,,,,,,,,,,,,,,,,,,,,,,,,,,,
2023,1,1,10,0,8.9,8.9,100,,,,,,,,,,,,,,,,,,,,,,,,,,,,,,,,,,,,
2023,1,1,11,0,8.9,8.9,100,,,,,,,,,,,,,,,,,,,,,,,,,,,,,,,,,,,,
2023,1,1,12,0,8.7,8.7,100,,,,,,,,,,,,,,,,,,,,,,,,,,,,,,,,,,,,
2023,1,1,13,0,9.9,9.9,100,,,,,,,,,,,,,,,,,,,,,,,,,,,,,,,,,,,,
2023,1,1,14,0,12,11.8,98.75,,,,,,,,,,,,,,,,,,,,,,,,,,,,,,,,,,,,
2023,1,1,15,0,13.9,13.3,96.13,,,,,,,,,,,,,,,,,,,,,,,,,,,,,,,,,,,,
2023,1,1,16,0,16.1,14,87.48,,,,,,,,,,,,,,,,,,,,,,,,,,,,,,,,,,,,
2023,1,1,17,0,17.6,13.6,77.57,,,,,,,,,,,,,,,,,,,,,,,,,,,,,,,,,,,,
2023,1,1,18,0,18.6,13.3,71.49,,,,,,,,,,,,,,,,,,,,,,,,,,,,,,,,,,,,
2023,1,1,19,0,19,13.2,69.09,,,,,,,,,,,,,,,,,,,,,,,,,,,,,,,,,,,,
2023,1,1,20,0,18.7,13.3,70.95,,,,,,,,,,,,,,,,,,,,,,,,,,,,,,,,,,,,
2023,1,1,21,0,17.7,14.6,82.27,,,,,,,,,,,,,,,,,,,,,,,,,,,,,,,,,,,,
2023,1,1,22,0,16.5,11.9,74.37,,,,,,,,,,,,,,,,,,,,,,,,,,,,,,,,,,,,
2023,1,1,23,0,15.1,11.3,77.87,,,,,,,,,,,,,,,,,,,,,,,,,,,,,,,,,,,,
2023,1,2,0,0,12.8,10.9,88.51,,,,,,,,,,,,,,,,,,,,,,,,,,,,,,,,,,,,
2023,1,2,1,0,10.9,10.8,99.04,,,,,,,,,,,,,,,,,,,,,,,,,,,,,,,,,,,,
2023,1,2,2,0,10,10,100,,,,,,,,,,,,,,,,,,,,,,,,,,,,,,,,,,,,
2023,1,2,3,0,9.5,9.5,100,,,,,,,,,,,,,,,,,,,,,,,,,,,,,,,,,,,,
2023,1,2,4,0,9,9,100,,,,,,,,,,,,,,,,,,,,,,,,,,,,,,,,,,,,
2023,1,2,5,0,8.5,8.5,100,,,,,,,,,,,,,,,,,,,,,,,,,,,,,,,,,,,,
2023,1,2,6,0,8.1,8.1,100,,,,,,,,,,,,,,,,,,,,,,,,,,,,,,,,,,,,
2023,1,2,7,0,7.7,7.7,100,,,,,,,,,,,,,,,,,,,,,,,,,,,,,,,,,,,,
2023,1,2,8,0,7.4,7.4,100,,,,,,,,,,,,,,,,,,,,,,,,,,,,,,,,,,,,
2023,1,2,9,0,7.3,7.3,100,,,,,,,,,,,,,,,,,,,,,,,,,,,,,,,,,,,,
2023,1,2,10,0,7.2,7.2,100,,,,,,,,,,,,,,,,,,,,,,,,,,,,,,,,,,,,
2023,1,2,11,0,7.3,7.3,100,,,,,,,,,,,,,,,,,,,,,,,,,,,,,,,,,,,,
2023,1,2,12,0,7.7,7.7,100,,,,,,,,,,,,,,,,,,,,,,,,,,,,,,,,,,,,
2023,1,2,13,0,9.9,9.9,100,,,,,,,,,,,,,,,,,,,,,,,,,,,,,,,,,,,,
2023,1,2,14,0,12.8,11.8,93.53,,,,,,,,,,,,,,,,,,,,,,,,,,,,,,,,,,,,
2023,1,2,15,0,15.3,13.2,87.43,,,,,,,,,,,,,,,,,,,,,,,,,,,,,,,,,,,,
2023,1,2,16,0,18.3,14.3,77.37,,,,,,,,,,,,,,,,,,,,,,,,,,,,,,,,,,,,
2023,1,2,17,0,20.2,15.1,72.45,,,,,,,,,,,,,,,,,,,,,,,,,,,,,,,,,,,,
2023,1,2,18,0,20.8,15.9,73.59,,,,,,,,,,,,,,,,,,,,,,,,,,,,,,,,,,,,
2023,1,2,19,0,21,16.6,75.87,,,,,,,,,,,,,,,,,,,,,,,,,,,,,,,,,,,,
2023,1,2,20,0,20.5,17.3,81.71,,,,,,,,,,,,,,,,,,,,,,,,,,,,,,,,,,,,
2023,1,2,21,0,19,17.8,92.74,,,,,,,,,,,,,,,,,,,,,,,,,,,,,,,,,,,,
2023,1,2,22,0,16.6,16.4,98.73,,,,,,,,,,,,,,,,,,,,,,,,,,,,,,,,,,,,
2023,1,2,23,0,15.7,15.7,100,,,,,,,,,,,,,,,,,,,,,,,,,,,,,,,,,,,,
2023,1,3,0,0,15.2,15.2,100,,,,,,,,,,,,,,,,,,,,,,,,,,,,,,,,,,,,
2023,1,3,1,0,14.6,14.6,100,,,,,,,,,,,,,,,,,,,,,,,,,,,,,,,,,,,,
2023,1,3,2,0,14.2,14.2,100,,,,,,,,,,,,,,,,,,,,,,,,,,,,,,,,,,,,
2023,1,3,3,0,14.1,14.1,100,,,,,,,,,,,,,,,,,,,,,,,,,,,,,,,,,,,,
2023,1,3,4,0,14,14,100,,,,,,,,,,,,,,,,,,,,,,,,,,,,,,,,,,,,
2023,1,3,5,0,13.8,13.8,100,,,,,,,,,,,,,,,,,,,,,,,,,,,,,,,,,,,,
2023,1,3,6,0,13.5,13.5,100,,,,,,,,,,,,,,,,,,,,,,,,,,,,,,,,,,,,
2023,1,3,7,0,13.3,13.3,100,,,,,,,,,,,,,,,,,,,,,,,,,,,,,,,,,,,,
2023,1,3,8,0,13.1,13.1,100,,,,,,,,,,,,,,,,,,,,,,,,,,,,,,,,,,,,
2023,1,3,9,0,13,13,100,,,,,,,,,,,,,,,,,,,,,,,,,,,,,,,,,,,,
2023,1,3,10,0,12.9,12.9,100,,,,,,,,,,,,,,,,,,,,,,,,,,,,,,,,,,,,
2023,1,3,11,0,12.8,12.8,100,,,,,,,,,,,,,,,,,,,,,,,,,,,,,,,,,,,,
2023,1,3,12,0,13,13,100,,,,,,,,,,,,,,,,,,,,,,,,,,,,,,,,,,,,
2023,1,3,13,0,14.4,14.2,98.43,,,,,,,,,,,,,,,,,,,,,,,,,,,,,,,,,,,,
2023,1,3,14,0,16.1,15.5,96.45,,,,,,,,,,,,,,,,,,,,,,,,,,,,,,,,,,,,
2023,1,3,15,0,17.7,16.8,94.54,,,,,,,,,,,,,,,,,,,,,,,,,,,,,,,,,,,,
2023,1,3,16,0,19.2,17.9,92.03,,,,,,,,,,,,,,,,,,,,,,,,,,,,,,,,,,,,
2023,1,3,17,0,20.1,18.6,91.28,,,,,,,,,,,,,,,,,,,,,,,,,,,,,,,,,,,,
2023,1,3,18,0,20.2,19,93.06,,,,,,,,,,,,,,,,,,,,,,,,,,,,,,,,,,,,
2023,1,3,19,0,20,19.3,95.5,,,,,,,,,,,,,,,,,,,,,,,,,,,,,,,,,,,,
2023,1,3,20,0,19.6,19.3,98.16,,,,,,,,,,,,,,,,,,,,,,,,,,,,,,,,,,,,
2023,1,3,21,0,19,19,100,,,,,,,,,,,,,,,,,,,,,,,,,,,,,,,,,,,,
2023,1,3,22,0,18.3,18.3,100,,,,,,,,,,,,,,,,,,,,,,,,,,,,,,,,,,,,
2023,1,3,23,0,18,18,100,,,,,,,,,,,,,,,,,,,,,,,,,,,,,,,,,,,,
2023,1,4,0,0,17.7,17.7,100,,,,,,,,,,,,,,,,,,,,,,,,,,,,,,,,,,,,
2023,1,4,1,0,17.7,17.7,100,,,,,,,,,,,,,,,,,,,,,,,,,,,,,,,,,,,,
2023,1,4,2,0,17.6,17.6,100,,,,,,,,,,,,,,,,,,,,,,,,,,,,,,,,,,,,
2023,1,4,3,0,17.3,17.3,100,,,,,,,,,,,,,,,,,,,,,,,,,,,,,,,,,,,,
2023,1,4,4,0,17.1,17.1,100,,,,,,,,,,,,,,,,,,,,,,,,,,,,,,,,,,,,
2023,1,4,5,0,17,17,100,,,,,,,,,,,,,,,,,,,,,,,,,,,,,,,,,,,,
2023,1,4,6,0,17,17,100,,,,,,,,,,,,,,,,,,,,,,,,,,,,,,,,,,,,
2023,1,4,7,0,17.2,17.2,100,,,,,,,,,,,,,,,,,,,,,,,,,,,,,,,,,,,,
2023,1,4,8,0,17.5,17.5,100,,,,,,,,,,,,,,,,,,,,,,,,,,,,,,,,,,,,
2023,1,4,9,0,17.8,17.8,100,,,,,,,,,,,,,,,,,,,,,,,,,,,,,,,,,,,,
2023,1,4,10,0,18,18,100,,,,,,,,,,,,,,,,,,,,,,,,,,,,,,,,,,,,
2023,1,4,11,0,18.1,18.1,100,,,,,,,,,,,,,,,,,,,,,,,,,,,,,,,,,,,,
2023,1,4,12,0,18.1,18.1,100,,,,,,,,,,,,,,,,,,,,,,,,,,,,,,,,,,,,
2023,1,4,13,0,18.2,18.2,100,,,,,,,,,,,,,,,,,,,,,,,,,,,,,,,,,,,,
2023,1,4,14,0,18.5,18.5,100,,,,,,,,,,,,,,,,,,,,,,,,,,,,,,,,,,,,
2023,1,4,15,0,18.8,18.8,100,,,,,,,,,,,,,,,,,,,,,,,,,,,,,,,,,,,,
2023,1,4,16,0,19.4,19.1,98.12,,,,,,,,,,,,,,,,,,,,,,,,,,,,,,,,,,,,
2023,1,4,17,0,19.8,18.1,90.07,,,,,,,,,,,,,,,,,,,,,,,,,,,,,,,,,,,,
2023,1,4,18,0,19.5,15.9,79.5,,,,,,,,,,,,,,,,,,,,,,,,,,,,,,,,,,,,
2023,1,4,19,0,18.6,13.2,70.61,,,,,,,,,,,,,,,,,,,,,,,,,,,,,,,,,,,,
2023,1,4,20,0,17.6,11.1,65.74,,,,,,,,,,,,,,,,,,,,,,,,,,,,,,,,,,,,
2023,1,4,21,0,16.1,11.4,73.53,,,,,,,,,,,,,,,,,,,,,,,,,,,,,,,,,,,,
2023,1,4,22,0,12.4,10.7,89.4,,,,,,,,,,,,,,,,,,,,,,,,,,,,,,,,,,,,
2023,1,4,23,0,10.8,9.3,90.49,,,,,,,,,,,,,,,,,,,,,,,,,,,,,,,,,,,,
2023,1,5,0,0,10.1,8.6,90.4,,,,,,,,,,,,,,,,,,,,,,,,,,,,,,,,,,,,
2023,1,5,1,0,9.6,8.1,90.31,,,,,,,,,,,,,,,,,,,,,,,,,,,,,,,,,,,,
2023,1,5,2,0,9.3,7.8,90.17,,,,,,,,,,,,,,,,,,,,,,,,,,,,,,,,,,,,
2023,1,5,3,0,9,7.4,89.87,,,,,,,,,,,,,,,,,,,,,,,,,,,,,,,,,,,,
2023,1,5,4,0,8.3,7,91.76,,,,,,,,,,,,,,,,,,,,,,,,,,,,,,,,,,,,
2023,1,5,5,0,7.7,6.8,94,,,,,,,,,,,,,,,,,,,,,,,,,,,,,,,,,,,,
2023,1,5,6,0,7.2,6.7,96.41,,,,,,,,,,,,,,,,,,,,,,,,,,,,,,,,,,,,
2023,1,5,7,0,6.7,6.6,99.52,,,,,,,,,,,,,,,,,,,,,,,,,,,,,,,,,,,,
2023,1,5,8,0,6.2,6.2,100,,,,,,,,,,,,,,,,,,,,,,,,,,,,,,,,,,,,
2023,1,5,9,0,6,6,100,,,,,,,,,,,,,,,,,,,,,,,,,,,,,,,,,,,,
2023,1,5,10,0,5.8,5.8,100,,,,,,,,,,,,,,,,,,,,,,,,,,,,,,,,,,,,
2023,1,5,11,0,5.4,5.4,100,,,,,,,,,,,,,,,,,,,,,,,,,,,,,,,,,,,,
2023,1,5,12,0,5.1,5.1,100,,,,,,,,,,,,,,,,,,,,,,,,,,,,,,,,,,,,
2023,1,5,13,0,7.2,6.4,94.49,,,,,,,,,,,,,,,,,,,,,,,,,,,,,,,,,,,,
2023,1,5,14,0,9.8,6.7,80.91,,,,,,,,,,,,,,,,,,,,,,,,,,,,,,,,,,,,
2023,1,5,15,0,12.5,5.6,62.91,,,,,,,,,,,,,,,,,,,,,,,,,,,,,,,,,,,,
2023,1,5,16,0,13.7,4.6,54.33,,,,,,,,,,,,,,,,,,,,,,,,,,,,,,,,,,,,
2023,1,5,17,0,14.4,4.1,49.99,,,,,,,,,,,,,,,,,,,,,,,,,,,,,,,,,,,,
2023,1,5,18,0,14.6,3.9,48.49,,,,,,,,,,,,,,,,,,,,,,,,,,,,,,,,,,,,
2023,1,5,19,0,14.5,3.9,48.88,,,,,,,,,,,,,,,,,,,,,,,,,,,,,,,,,,,,
2023,1,5,20,0,13.8,4.2,52.16,,,,,,,,,,,,,,,,,,,,,,,,,,,,,,,,,,,,
2023,1,5,21,0,12.3,5.5,63.24,,,,,,,,,,,,,,,,,,,,,,,,,,,,,,,,,,,,
2023,1,5,22,0,9,5.7,79.76,,,,,,,,,,,,,,,,,,,,,,,,,,,,,,,,,,,,
2023,1,5,23,0,7.8,5,82.36,,,,,,,,,,,,,,,,,,,,,,,,,,,,,,,,,,,,
2023,1,6,0,0,7.3,4.7,83.52,,,,,,,,,,,,,,,,,,,,,,,,,,,,,,,,,,,,
2023,1,6,1,0,6.7,4.5,85.68,,,,,,,,,,,,,,,,,,,,,,,,,,,,,,,,,,,,
2023,1,6,2,0,6.3,4.2,86.42,,,,,,,,,,,,,,,,,,,,,,,,,,,,,,,,,,,,
2023,1,6,3,0,5.6,3.9,88.97,,,,,,,,,,,,,,,,,,,,,,,,,,,,,,,,,,,,
2023,1,6,4,0,4.4,3.7,95.22,,,,,,,,,,,,,,,,,,,,,,,,,,,,,,,,,,,,
2023,1,6,5,0,3.9,3.2,95.05,,,,,,,,,,,,,,,,,,,,,,,,,,,,,,,,,,,,
2023,1,6,6,0,3.2,2.8,97.03,,,,,,,,,,,,,,,,,,,,,,,,,,,,,,,,,,,,
2023,1,6,7,0,2.7,2.4,97.85,,,,,,,,,,,,,,,,,,,,,,,,,,,,,,,,,,,,
2023,1,6,8,0,2.3,2.1,98.68,,,,,,,,,,,,,,,,,,,,,,,,,,,,,,,,,,,,
2023,1,6,9,0,1.9,1.9,100,,,,,,,,,,,,,,,,,,,,,,,,,,,,,,,,,,,,
2023,1,6,10,0,1.4,1.4,100,,,,,,,,,,,,,,,,,,,,,,,,,,,,,,,,,,,,
2023,1,6,11,0,1,1,100,,,,,,,,,,,,,,,,,,,,,,,,,,,,,,,,,,,,
2023,1,6,12,0,0.9,0.9,100,,,,,,,,,,,,,,,,,,,,,,,,,,,,,,,,,,,,
2023,1,6,13,0,2.8,1.9,93.61,,,,,,,,,,,,,,,,,,,,,,,,,,,,,,,,,,,,
2023,1,6,14,0,5.5,2.4,80.44,,,,,,,,,,,,,,,,,,,,,,,,,,,,,,,,,,,,
2023,1,6,15,0,8.7,0.7,57.03,,,,,,,,,,,,,,,,,,,,,,,,,,,,,,,,,,,,
2023,1,6,16,0,10.3,0.5,50.56,,,,,,,,,,,,,,,,,,,,,,,,,,,,,,,,,,,,
2023,1,6,17,0,11.4,1.1,49.02,,,,,,,,,,,,,,,,,,,,,,,,,,,,,,,,,,,,
2023,1,6,18,0,12.1,1.6,48.79,,,,,,,,,,,,,,,,,,,,,,,,,,,,,,,,,,,,
2023,1,6,19,0,12.2,2.1,50.02,,,,,,,,,,,,,,,,,,,,,,,,,,,,,,,,,,,,
2023,1,6,20,0,11.8,2.6,53.16,,,,,,,,,,,,,,,,,,,,,,,,,,,,,,,,,,,,
2023,1,6,21,0,10.4,4.3,65.92,,,,,,,,,,,,,,,,,,,,,,,,,,,,,,,,,,,,
2023,1,6,22,0,7,4.8,85.69,,,,,,,,,,,,,,,,,,,,,,,,,,,,,,,,,,,,
2023,1,6,23,0,6.1,4.3,88.24,,,,,,,,,,,,,,,,,,,,,,,,,,,,,,,,,,,,
2023,1,7,0,0,5.9,4.3,89.75,,,,,,,,,,,,,,,,,,,,,,,,,,,,,,,,,,,,
2023,1,7,1,0,4.5,3.2,91.25,,,,,,,,,,,,,,,,,,,,,,,,,,,,,,,,,,,,
2023,1,7,2,0,3.8,2.6,91.83,,,,,,,,,,,,,,,,,,,,,,,,,,,,,,,,,,,,
2023,1,7,3,0,3.4,2.2,91.98,,,,,,,,,,,,,,,,,,,,,,,,,,,,,,,,,,,,
2023,1,7,4,0,3.1,2.1,92.87,,,,,,,,,,,,,,,,,,,,,,,,,,,,,,,,,,,,
2023,1,7,5,0,3.4,2.2,92.02,,,,,,,,,,,,,,,,,,,,,,,,,,,,,,,,,,,,
2023,1,7,6,0,3.2,1.8,90.56,,,,,,,,,,,,,,,,,,,,,,,,,,,,,,,,,,,,
2023,1,7,7,0,3.5,1.6,87.14,,,,,,,,,,,,,,,,,,,,,,,,,,,,,,,,,,,,
2023,1,7,8,0,3.9,1.6,84.69,,,,,,,,,,,,,,,,,,,,,,,,,,,,,,,,,,,,
2023,1,7,9,0,4.1,1.1,80.79,,,,,,,,,,,,,,,,,,,,,,,,,,,,,,,,,,,,
2023,1,7,10,0,3.8,0.6,79.66,,,,,,,,,,,,,,,,,,,,,,,,,,,,,,,,,,,,
2023,1,7,11,0,3.5,0.3,79.65,,,,,,,,,,,,,,,,,,,,,,,,,,,,,,,,,,,,
2023,1,7,12,0,3.6,0,77.35,,,,,,,,,,,,,,,,,,,,,,,,,,,,,,,,,,,,
2023,1,7,13,0,5.2,1.9,79.29,,,,,,,,,,,,,,,,,,,,,,,,,,,,,,,,,,,,
2023,1,7,14,0,7.7,2,67.34,,,,,,,,,,,,,,,,,,,,,,,,,,,,,,,,,,,,
2023,1,7,15,0,10.5,2.8,59.05,,,,,,,,,,,,,,,,,,,,,,,,,,,,,,,,,,,,
2023,1,7,16,0,13.4,2.5,47.6,,,,,,,,,,,,,,,,,,,,,,,,,,,,,,,,,,,,
2023,1,7,17,0,14.7,3,45.42,,,,,,,,,,,,,,,,,,,,,,,,,,,,,,,,,,,,
2023,1,7,18,0,15.5,3.6,45.08,,,,,,,,,,,,,,,,,,,,,,,,,,,,,,,,,,,,
2023,1,7,19,0,15.8,4.6,47.25,,,,,,,,,,,,,,,,,,,,,,,,,,,,,,,,,,,,
2023,1,7,20,0,15.8,6.1,52.43,,,,,,,,,,,,,,,,,,,,,,,,,,,,,,,,,,,,
2023,1,7,21,0,15.1,8,62.52,,,,,,,,,,,,,,,,,,,,,,,,,,,,,,,,,,,,
2023,1,7,22,0,13.1,5.5,59.81,,,,,,,,,,,,,,,,,,,,,,,,,,,,,,,,,,,,
2023,1,7,23,0,10.7,5.2,68.96,,,,,,,,,,,,,,,,,,,,,,,,,,,,,,,,,,,,
2023,1,8,0,0,8.9,5.6,79.84,,,,,,,,,,,,,,,,,,,,,,,,,,,,,,,,,,,,
2023,1,8,1,0,8.1,5.9,85.79,,,,,,,,,,,,,,,,,,,,,,,,,,,,,,,,,,,,
2023,1,8,2,0,7.8,6,88.41,,,,,,,,,,,,,,,,,,,,,,,,,,,,,,,,,,,,
2023,1,8,3,0,7.4,5.9,90.26,,,,,,,,,,,,,,,,,,,,,,,,,,,,,,,,,,,,
2023,1,8,4,0,7,5.8,91.94,,,,,,,,,,,,,,,,,,,,,,,,,,,,,,,,,,,,
2023,1,8,5,0,6.6,5.6,93.58,,,,,,,,,,,,,,,,,,,,,,,,,,,,,,,,,,,,
2023,1,8,6,0,6.4,5.7,94.97,,,,,,,,,,,,,,,,,,,,,,,,,,,,,,,,,,,,
2023,1,8,7,0,6.3,5.7,95.9,,,,,,,,,,,,,,,,,,,,,,,,,,,,,,,,,,,,
2023,1,8,8,0,6.2,5.7,96.49,,,,,,,,,,,,,,,,,,,,,,,,,,,,,,,,,,,,
2023,1,8,9,0,6.1,5.6,96.78,,,,,,,,,,,,,,,,,,,,,,,,,,,,,,,,,,,,
2023,1,8,10,0,6,5.4,96.24,,,,,,,,,,,,,,,,,,,,,,,,,,,,,,,,,,,,
2023,1,8,11,0,5.8,5.2,95.74,,,,,,,,,,,,,,,,,,,,,,,,,,,,,,,,,,,,
2023,1,8,12,0,6.1,5.1,92.99,,,,,,,,,,,,,,,,,,,,,,,,,,,,,,,,,,,,
2023,1,8,13,0,6.8,6.1,95.5,,,,,,,,,,,,,,,,,,,,,,,,,,,,,,,,,,,,
2023,1,8,14,0,8.4,7.3,92.96,,,,,,,,,,,,,,,,,,,,,,,,,,,,,,,,,,,,
2023,1,8,15,0,9.4,7.9,90.64,,,,,,,,,,,,,,,,,,,,,,,,,,,,,,,,,,,,
2023,1,8,16,0,10.6,8.7,88.31,,,,,,,,,,,,,,,,,,,,,,,,,,,,,,,,,,,,
2023,1,8,17,0,11.5,9.2,85.64,,,,,,,,,,,,,,,,,,,,,,,,,,,,,,,,,,,,
2023,1,8,18,0,12.1,9.7,85.3,,,,,,,,,,,,,,,,,,,,,,,,,,,,,,,,,,,,
2023,1,8,19,0,12.2,10.3,88.43,,,,,,,,,,,,,,,,,,,,,,,,,,,,,,,,,,,,
2023,1,8,20,0,11.8,10.8,93.31,,,,,,,,,,,,,,,,,,,,,,,,,,,,,,,,,,,,
2023,1,8,21,0,11.3,10.7,95.86,,,,,,,,,,,,,,,,,,,,,,,,,,,,,,,,,,,,
2023,1,8,22,0,10.6,10.2,97.66,,,,,,,,,,,,,,,,,,,,,,,,,,,,,,,,,,,,
2023,1,8,23,0,10.3,10.1,98.37,,,,,,,,,,,,,,,,,,,,,,,,,,,,,,,,,,,,
2023,1,9,0,0,10.1,9.9,98.81,,,,,,,,,,,,,,,,,,,,,,,,,,,,,,,,,,,,
2023,1,9,1,0,10.1,10,99.66,,,,,,,,,,,,,,,,,,,,,,,,,,,,,,,,,,,,
2023,1,9,2,0,10.3,10.3,99.87,,,,,,,,,,,,,,,,,,,,,,,,,,,,,,,,,,,,
2023,1,9,3,0,10.4,10.4,99.98,,,,,,,,,,,,,,,,,,,,,,,,,,,,,,,,,,,,
2023,1,9,4,0,10,10,100,,,,,,,,,,,,,,,,,,,,,,,,,,,,,,,,,,,,
2023,1,9,5,0,9.4,9.4,100,,,,,,,,,,,,,,,,,,,,,,,,,,,,,,,,,,,,
2023,1,9,6,0,8.5,8.4,99.66,,,,,,,,,,,,,,,,,,,,,,,,,,,,,,,,,,,,
2023,1,9,7,0,7.6,7.6,99.76,,,,,,,,,,,,,,,,,,,,,,,,,,,,,,,,,,,,
2023,1,9,8,0,6.6,6.6,100,,,,,,,,,,,,,,,,,,,,,,,,,,,,,,,,,,,,
2023,1,9,9,0,5.6,5.6,100,,,,,,,,,,,,,,,,,,,,,,,,,,,,,,,,,,,,
2023,1,9,10,0,5.2,5.2,100,,,,,,,,,,,,,,,,,,,,,,,,,,,,,,,,,,,,
2023,1,9,11,0,5.2,5.2,100,,,,,,,,,,,,,,,,,,,,,,,,,,,,,,,,,,,,
2023,1,9,12,0,5,4.9,99.46,,,,,,,,,,,,,,,,,,,,,,,,,,,,,,,,,,,,
2023,1,9,13,0,5.1,4.7,97.22,,,,,,,,,,,,,,,,,,,,,,,,,,,,,,,,,,,,
2023,1,9,14,0,6,4.7,91.41,,,,,,,,,,,,,,,,,,,,,,,,,,,,,,,,,,,,
2023,1,9,15,0,7.8,4.5,79.84,,,,,,,,,,,,,,,,,,,,,,,,,,,,,,,,,,,,
2023,1,9,16,0,9.6,4,68.02,,,,,,,,,,,,,,,,,,,,,,,,,,,,,,,,,,,,
2023,1,9,17,0,11,3.7,60.8,,,,,,,,,,,,,,,,,,,,,,,,,,,,,,,,,,,,
2023,1,9,18,0,11.8,3.8,57.8,,,,,,,,,,,,,,,,,,,,,,,,,,,,,,,,,,,,
2023,1,9,19,0,12.1,3.7,56.63,,,,,,,,,,,,,,,,,,,,,,,,,,,,,,,,,,,,
2023,1,9,20,0,11.8,3.7,57.69,,,,,,,,,,,,,,,,,,,,,,,,,,,,,,,,,,,,
2023,1,9,21,0,10.4,4.7,67.65,,,,,,,,,,,,,,,,,,,,,,,,,,,,,,,,,,,,
2023,1,9,22,0,6.5,4.9,89.48,,,,,,,,,,,,,,,,,,,,,,,,,,,,,,,,,,,,
2023,1,9,23,0,4.6,3.6,92.96,,,,,,,,,,,,,,,,,,,,,,,,,,,,,,,,,,,,
2023,1,10,0,0,4.3,3.3,93.45,,,,,,,,,,,,,,,,,,,,,,,,,,,,,,,,,,,,
2023,1,10,1,0,4.2,3.2,93.21,,,,,,,,,,,,,,,,,,,,,,,,,,,,,,,,,,,,
2023,1,10,2,0,4.1,3.1,92.92,,,,,,,,,,,,,,,,,,,,,,,,,,,,,,,,,,,,
2023,1,10,3,0,3.9,2.9,93.24,,,,,,,,,,,,,,,,,,,,,,,,,,,,,,,,,,,,
2023,1,10,4,0,3.8,2.7,92.65,,,,,,,,,,,,,,,,,,,,,,,,,,,,,,,,,,,,
2023,1,10,5,0,3.7,2.5,91.63,,,,,,,,,,,,,,,,,,,,,,,,,,,,,,,,,,,,
2023,1,10,6,0,3.7,2.2,89.75,,,,,,,,,,,,,,,,,,,,,,,,,,,,,,,,,,,,
2023,1,10,7,0,3,1.7,91.36,,,,,,,,,,,,,,,,,,,,,,,,,,,,,,,,,,,,
2023,1,10,8,0,1.5,1.1,97.35,,,,,,,,,,,,,,,,,,,,,,,,,,,,,,,,,,,,
2023,1,10,9,0,0.8,0.8,99.83,,,,,,,,,,,,,,,,,,,,,,,,,,,,,,,,,,,,
2023,1,10,10,0,0.2,0.2,100,,,,,,,,,,,,,,,,,,,,,,,,,,,,,,,,,,,,
2023,1,10,11,0,0.1,0.1,100,,,,,,,,,,,,,,,,,,,,,,,,,,,,,,,,,,,,
2023,1,10,12,0,0.4,-0.1,96.22,,,,,,,,,,,,,,,,,,,,,,,,,,,,,,,,,,,,
2023,1,10,13,0,2.5,1.2,90.89,,,,,,,,,,,,,,,,,,,,,,,,,,,,,,,,,,,,
2023,1,10,14,0,5.4,1.6,76.53,,,,,,,,,,,,,,,,,,,,,,,,,,,,,,,,,,,,
2023,1,10,15,0,8.9,1.8,61.12,,,,,,,,,,,,,,,,,,,,,,,,,,,,,,,,,,,,
2023,1,10,16,0,11.3,2,52.74,,,,,,,,,,,,,,,,,,,,,,,,,,,,,,,,,,,,
2023,1,10,17,0,12.8,2.7,50.24,,,,,,,,,,,,,,,,,,,,,,,,,,,,,,,,,,,,
2023,1,10,18,0,13.9,3.3,48.96,,,,,,,,,,,,,,,,,,,,,,,,,,,,,,,,,,,,
2023,1,10,19,0,14.4,3.9,49.42,,,,,,,,,,,,,,,,,,,,,,,,,,,,,,,,,,,,
2023,1,10,20,0,14.2,5.1,54.38,,,,,,,,,,,,,,,,,,,,,,,,,,,,,,,,,,,,
2023,1,10,21,0,12.4,8.5,77.27,,,,,,,,,,,,,,,,,,,,,,,,,,,,,,,,,,,,
2023,1,10,22,0,8.8,6.9,87.57,,,,,,,,,,,,,,,,,,,,,,,,,,,,,,,,,,,,
2023,1,10,23,0,7.4,5.8,89.78,,,,,,,,,,,,,,,,,,,,,,,,,,,,,,,,,,,,
2023,1,11,0,0,6.8,5.7,92.73,,,,,,,,,,,,,,,,,,,,,,,,,,,,,,,,,,,,
2023,1,11,1,0,6.8,5.9,93.87,,,,,,,,,,,,,,,,,,,,,,,,,,,,,,,,,,,,
2023,1,11,2,0,6.6,5.8,94.85,,,,,,,,,,,,,,,,,,,,,,,,,,,,,,,,,,,,
2023,1,11,3,0,6.5,5.9,95.63,,,,,,,,,,,,,,,,,,,,,,,,,,,,,,,,,,,,
2023,1,11,4,0,6.3,5.8,96.65,,,,,,,,,,,,,,,,,,,,,,,,,,,,,,,,,,,,
2023,1,11,5,0,4.9,4.9,100,,,,,,,,,,,,,,,,,,,,,,,,,,,,,,,,,,,,
2023,1,11,6,0,4.3,4.3,100,,,,,,,,,,,,,,,,,,,,,,,,,,,,,,,,,,,,
2023,1,11,7,0,4,4,100,,,,,,,,,,,,,,,,,,,,,,,,,,,,,,,,,,,,
2023,1,11,8,0,3.9,3.9,100,,,,,,,,,,,,,,,,,,,,,,,,,,,,,,,,,,,,
2023,1,11,9,0,3.9,3.9,100,,,,,,,,,,,,,,,,,,,,,,,,,,,,,,,,,,,,
2023,1,11,10,0,4.1,4.1,100,,,,,,,,,,,,,,,,,,,,,,,,,,,,,,,,,,,,
2023,1,11,11,0,4.2,4.2,100,,,,,,,,,,,,,,,,,,,,,,,,,,,,,,,,,,,,
2023,1,11,12,0,4.2,4.2,100,,,,,,,,,,,,,,,,,,,,,,,,,,,,,,,,,,,,
2023,1,11,13,0,6.8,6.5,98.08,,,,,,,,,,,,,,,,,,,,,,,,,,,,,,,,,,,,
2023,1,11,14,0,9.4,7.5,88.16,,,,,,,,,,,,,,,,,,,,,,,,,,,,,,,,,,,,
2023,1,11,15,0,12.1,8.8,80.45,,,,,,,,,,,,,,,,,,,,,,,,,,,,,,,,,,,,
2023,1,11,16,0,14.5,10.1,75.11,,,,,,,,,,,,,,,,,,,,,,,,,,,,,,,,,,,,
2023,1,11,17,0,16.2,11.7,74.53,,,,,,,,,,,,,,,,,,,,,,,,,,,,,,,,,,,,
2023,1,11,18,0,17.2,12.9,75.89,,,,,,,,,,,,,,,,,,,,,,,,,,,,,,,,,,,,
2023,1,11,19,0,17.9,13.7,76.22,,,,,,,,,,,,,,,,,,,,,,,,,,,,,,,,,,,,
2023,1,11,20,0,17.7,14.2,79.74,,,,,,,,,,,,,,,,,,,,,,,,,,,,,,,,,,,,
2023,1,11,21,0,16.8,14.7,87.21,,,,,,,,,,,,,,,,,,,,,,,,,,,,,,,,,,,,
2023,1,11,22,0,14.6,14.2,97.21,,,,,,,,,,,,,,,,,,,,,,,,,,,,,,,,,,,,
2023,1,11,23,0,13.8,13.8,100,,,,,,,,,,,,,,,,,,,,,,,,,,,,,,,,,,,,
2023,1,12,0,0,13.5,13.5,100,,,,,,,,,,,,,,,,,,,,,,,,,,,,,,,,,,,,
2023,1,12,1,0,13.3,13.3,100,,,,,,,,,,,,,,,,,,,,,,,,,,,,,,,,,,,,
2023,1,12,2,0,13.4,13.4,100,,,,,,,,,,,,,,,,,,,,,,,,,,,,,,,,,,,,
2023,1,12,3,0,13.6,13.6,100,,,,,,,,,,,,,,,,,,,,,,,,,,,,,,,,,,,,
2023,1,12,4,0,13.5,13.5,100,,,,,,,,,,,,,,,,,,,,,,,,,,,,,,,,,,,,
2023,1,12,5,0,13.7,13.7,100,,,,,,,,,,,,,,,,,,,,,,,,,,,,,,,,,,,,
2023,1,12,6,0,13.7,13.7,100,,,,,,,,,,,,,,,,,,,,,,,,,,,,,,,,,,,,
2023,1,12,7,0,13.8,13.8,100,,,,,,,,,,,,,,,,,,,,,,,,,,,,,,,,,,,,
2023,1,12,8,0,13.8,13.8,100,,,,,,,,,,,,,,,,,,,,,,,,,,,,,,,,,,,,
2023,1,12,9,0,14,14,100,,,,,,,,,,,,,,,,,,,,,,,,,,,,,,,,,,,,
2023,1,12,10,0,14.1,14.1,100,,,,,,,,,,,,,,,,,,,,,,,,,,,,,,,,,,,,
2023,1,12,11,0,14.2,14.2,100,,,,,,,,,,,,,,,,,,,,,,,,,,,,,,,,,,,,
2023,1,12,12,0,14.3,14.3,100,,,,,,,,,,,,,,,,,,,,,,,,,,,,,,,,,,,,
2023,1,12,13,0,15.5,15.5,99.94,,,,,,,,,,,,,,,,,,,,,,,,,,,,,,,,,,,,
2023,1,12,14,0,16.6,16.3,98.12,,,,,,,,,,,,,,,,,,,,,,,,,,,,,,,,,,,,
2023,1,12,15,0,17.7,16.8,94.59,,,,,,,,,,,,,,,,,,,,,,,,,,,,,,,,,,,,
2023,1,12,16,0,18.7,16.8,88.6,,,,,,,,,,,,,,,,,,,,,,,,,,,,,,,,,,,,
2023,1,12,17,0,19.3,16.5,84.09,,,,,,,,,,,,,,,,,,,,,,,,,,,,,,,,,,,,
2023,1,12,18,0,19.5,16.3,81.98,,,,,,,,,,,,,,,,,,,,,,,,,,,,,,,,,,,,
2023,1,12,19,0,19.3,16.2,82.06,,,,,,,,,,,,,,,,,,,,,,,,,,,,,,,,,,,,
2023,1,12,20,0,18.6,16.2,85.69,,,,,,,,,,,,,,,,,,,,,,,,,,,,,,,,,,,,
2023,1,12,21,0,17.8,16.2,90.25,,,,,,,,,,,,,,,,,,,,,,,,,,,,,,,,,,,,
2023,1,12,22,0,17.1,16.2,94.29,,,,,,,,,,,,,,,,,,,,,,,,,,,,,,,,,,,,
2023,1,12,23,0,16.7,16.2,96.72,,,,,,,,,,,,,,,,,,,,,,,,,,,,,,,,,,,,
2023,1,13,0,0,15.9,15.4,96.79,,,,,,,,,,,,,,,,,,,,,,,,,,,,,,,,,,,,
2023,1,13,1,0,13,11.3,89.61,,,,,,,,,,,,,,,,,,,,,,,,,,,,,,,,,,,,
2023,1,13,2,0,10.1,8.3,88.79,,,,,,,,,,,,,,,,,,,,,,,,,,,,,,,,,,,,
2023,1,13,3,0,9.4,8.1,91.8,,,,,,,,,,,,,,,,,,,,,,,,,,,,,,,,,,,,
2023,1,13,4,0,9.7,8.5,92.04,,,,,,,,,,,,,,,,,,,,,,,,,,,,,,,,,,,,
2023,1,13,5,0,9.5,7.9,89.9,,,,,,,,,,,,,,,,,,,,,,,,,,,,,,,,,,,,
2023,1,13,6,0,8.6,6.5,86.49,,,,,,,,,,,,,,,,,,,,,,,,,,,,,,,,,,,,
2023,1,13,7,0,7.5,5.3,85.97,,,,,,,,,,,,,,,,,,,,,,,,,,,,,,,,,,,,
2023,1,13,8,0,6.7,4.5,85.65,,,,,,,,,,,,,,,,,,,,,,,,,,,,,,,,,,,,
2023,1,13,9,0,6.1,3.7,84.65,,,,,,,,,,,,,,,,,,,,,,,,,,,,,,,,,,,,
2023,1,13,10,0,5.4,2.9,84.12,,,,,,,,,,,,,,,,,,,,,,,,,,,,,,,,,,,,
2023,1,13,11,0,4.4,2.2,85.8,,,,,,,,,,,,,,,,,,,,,,,,,,,,,,,,,,,,
2023,1,13,12,0,3.5,1.8,88.34,,,,,,,,,,,,,,,,,,,,,,,,,,,,,,,,,,,,
2023,1,13,13,0,3.7,1.6,86.06,,,,,,,,,,,,,,,,,,,,,,,,,,,,,,,,,,,,
2023,1,13,14,0,4.7,1.1,77.57,,,,,,,,,,,,,,,,,,,,,,,,,,,,,,,,,,,,
2023,1,13,15,0,5.8,0.5,68.51,,,,,,,,,,,,,,,,,,,,,,,,,,,,,,,,,,,,
2023,1,13,16,0,6.2,0.1,64.84,,,,,,,,,,,,,,,,,,,,,,,,,,,,,,,,,,,,
2023,1,13,17,0,6.1,-0.1,64.43,,,,,,,,,,,,,,,,,,,,,,,,,,,,,,,,,,,,
2023,1,13,18,0,6,-0.3,64,,,,,,,,,,,,,,,,,,,,,,,,,,,,,,,,,,,,
2023,1,13,19,0,5.6,-0.5,64.84,,,,,,,,,,,,,,,,,,,,,,,,,,,,,,,,,,,,
2023,1,13,20,0,4.9,-0.7,67.22,,,,,,,,,,,,,,,,,,,,,,,,,,,,,,,,,,,,
2023,1,13,21,0,4.2,-0.8,70.1,,,,,,,,,,,,,,,,,,,,,,,,,,,,,,,,,,,,
2023,1,13,22,0,3.1,-0.8,75.55,,,,,,,,,,,,,,,,,,,,,,,,,,,,,,,,,,,,
2023,1,13,23,0,2.2,-0.8,80.46,,,,,,,,,,,,,,,,,,,,,,,,,,,,,,,,,,,,
2023,1,14,0,0,1.7,-1,82.43,,,,,,,,,,,,,,,,,,,,,,,,,,,,,,,,,,,,
2023,1,14,1,0,1.2,-1.3,83.45,,,,,,,,,,,,,,,,,,,,,,,,,,,,,,,,,,,,
2023,1,14,2,0,0.7,-1.6,84.51,,,,,,,,,,,,,,,,,,,,,,,,,,,,,,,,,,,,
2023,1,14,3,0,0.3,-1.9,85.4,,,,,,,,,,,,,,,,,,,,,,,,,,,,,,,,,,,,
2023,1,14,4,0,0,-2,86.32,,,,,,,,,,,,,,,,,,,,,,,,,,,,,,,,,,,,
2023,1,14,5,0,-0.2,-2.1,86.7,,,,,,,,,,,,,,,,,,,,,,,,,,,,,,,,,,,,
2023,1,14,6,0,-0.4,-2.3,86.85,,,,,,,,,,,,,,,,,,,,,,,,,,,,,,,,,,,,
2023,1,14,7,0,-0.6,-2.6,86.12,,,,,,,,,,,,,,,,,,,,,,,,,,,,,,,,,,,,
2023,1,14,8,0,-0.8,-2.9,85.42,,,,,,,,,,,,,,,,,,,,,,,,,,,,,,,,,,,,
2023,1,14,9,0,-1,-3.3,84.21,,,,,,,,,,,,,,,,,,,,,,,,,,,,,,,,,,,,
2023,1,14,10,0,-1.1,-3.7,82.3,,,,,,,,,,,,,,,,,,,,,,,,,,,,,,,,,,,,
2023,1,14,11,0,-1.3,-4.1,81.08,,,,,,,,,,,,,,,,,,,,,,,,,,,,,,,,,,,,
2023,1,14,12,0,-1.4,-4.4,79.99,,,,,,,,,,,,,,,,,,,,,,,,,,,,,,,,,,,,
2023,1,14,13,0,-0.8,-4.3,76.91,,,,,,,,,,,,,,,,,,,,,,,,,,,,,,,,,,,,
2023,1,14,14,0,0.5,-4.5,68.92,,,,,,,,,,,,,,,,,,,,,,,,,,,,,,,,,,,,
2023,1,14,15,0,1.9,-4.7,61.42,,,,,,,,,,,,,,,,,,,,,,,,,,,,,,,,,,,,
2023,1,14,16,0,3.4,-4.7,55.57,,,,,,,,,,,,,,,,,,,,,,,,,,,,,,,,,,,,
2023,1,14,17,0,4.6,-4.5,51.82,,,,,,,,,,,,,,,,,,,,,,,,,,,,,,,,,,,,
2023,1,14,18,0,5.4,-4.3,49.79,,,,,,,,,,,,,,,,,,,,,,,,,,,,,,,,,,,,
2023,1,14,19,0,5.6,-4,49.89,,,,,,,,,,,,,,,,,,,,,,,,,,,,,,,,,,,,
2023,1,14,20,0,5.4,-3.8,51.34,,,,,,,,,,,,,,,,,,,,,,,,,,,,,,,,,,,,
2023,1,14,21,0,4.5,-3.6,55.66,,,,,,,,,,,,,,,,,,,,,,,,,,,,,,,,,,,,
2023,1,14,22,0,2.2,-3.1,68.23,,,,,,,,,,,,,,,,,,,,,,,,,,,,,,,,,,,,
2023,1,14,23,0,0.4,-3,77.96,,,,,,,,,,,,,,,,,,,,,,,,,,,,,,,,,,,,
2023,1,15,0,0,-0.5,-3.1,82.57,,,,,,,,,,,,,,,,,,,,,,,,,,,,,,,,,,,,
2023,1,15,1,0,-1.5,-3.3,87.77,,,,,,,,,,,,,,,,,,,,,,,,,,,,,,,,,,,,
2023,1,15,2,0,-2.4,-3.5,92.45,,,,,,,,,,,,,,,,,,,,,,,,,,,,,,,,,,,,
2023,1,15,3,0,-2.8,-3.6,94.17,,,,,,,,,,,,,,,,,,,,,,,,,,,,,,,,,,,,
2023,1,15,4,0,-3.4,-3.8,96.88,,,,,,,,,,,,,,,,,,,,,,,,,,,,,,,,,,,,
2023,1,15,5,0,-3.9,-4.1,98.61,,,,,,,,,,,,,,,,,,,,,,,,,,,,,,,,,,,,
2023,1,15,6,0,-4.3,-4.4,99.58,,,,,,,,,,,,,,,,,,,,,,,,,,,,,,,,,,,,
2023,1,15,7,0,-4.6,-4.6,99.86,,,,,,,,,,,,,,,,,,,,,,,,,,,,,,,,,,,,
2023,1,15,8,0,-4.8,-4.8,99.89,,,,,,,,,,,,,,,,,,,,,,,,,,,,,,,,,,,,
2023,1,15,9,0,-5,-5,100,,,,,,,,,,,,,,,,,,,,,,,,,,,,,,,,,,,,
2023,1,15,10,0,-5.3,-5.3,100,,,,,,,,,,,,,,,,,,,,,,,,,,,,,,,,,,,,
2023,1,15,11,0,-5.4,-5.4,100,,,,,,,,,,,,,,,,,,,,,,,,,,,,,,,,,,,,
2023,1,15,12,0,-5.3,-5.3,100,,,,,,,,,,,,,,,,,,,,,,,,,,,,,,,,,,,,
2023,1,15,13,0,-2.9,-4.8,86.57,,,,,,,,,,,,,,,,,,,,,,,,,,,,,,,,,,,,
2023,1,15,14,0,0.2,-4.2,72.46,,,,,,,,,,,,,,,,,,,,,,,,,,,,,,,,,,,,
2023,1,15,15,0,4.1,-4.4,53.83,,,,,,,,,,,,,,,,,,,,,,,,,,,,,,,,,,,,
2023,1,15,16,0,7.1,-4.6,43.03,,,,,,,,,,,,,,,,,,,,,,,,,,,,,,,,,,,,
2023,1,15,17,0,9,-4,39.81,,,,,,,,,,,,,,,,,,,,,,,,,,,,,,,,,,,,
2023,1,15,18,0,10.4,-3.3,37.94,,,,,,,,,,,,,,,,,,,,,,,,,,,,,,,,,,,,
2023,1,15,19,0,11.2,-2.9,37.2,,,,,,,,,,,,,,,,,,,,,,,,,,,,,,,,,,,,
2023,1,15,20,0,11.3,-1.9,39.87,,,,,,,,,,,,,,,,,,,,,,,,,,,,,,,,,,,,
2023,1,15,21,0,10.7,0.4,48.99,,,,,,,,,,,,,,,,,,,,,,,,,,,,,,,,,,,,
2023,1,15,22,0,9.2,-3.1,41.78,,,,,,,,,,,,,,,,,,,,,,,,,,,,,,,,,,,,
2023,1,15,23,0,8.4,-4.3,40.43,,,,,,,,,,,,,,,,,,,,,,,,,,,,,,,,,,,,
2023,1,16,0,0,7.7,-4.4,41.95,,,,,,,,,,,,,,,,,,,,,,,,,,,,,,,,,,,,
2023,1,16,1,0,7,-4.5,43.65,,,,,,,,,,,,,,,,,,,,,,,,,,,,,,,,,,,,
2023,1,16,2,0,6.6,-4.8,43.89,,,,,,,,,,,,,,,,,,,,,,,,,,,,,,,,,,,,
2023,1,16,3,0,6.1,-5,44.79,,,,,,,,,,,,,,,,,,,,,,,,,,,,,,,,,,,,
2023,1,16,4,0,4.6,-4.9,50.12,,,,,,,,,,,,,,,,,,,,,,,,,,,,,,,,,,,,
2023,1,16,5,0,3.4,-4.9,54.57,,,,,,,,,,,,,,,,,,,,,,,,,,,,,,,,,,,,
2023,1,16,6,0,2.8,-5,56.64,,,,,,,,,,,,,,,,,,,,,,,,,,,,,,,,,,,,
2023,1,16,7,0,2.4,-5.1,57.79,,,,,,,,,,,,,,,,,,,,,,,,,,,,,,,,,,,,
2023,1,16,8,0,2,-5.3,58.41,,,,,,,,,,,,,,,,,,,,,,,,,,,,,,,,,,,,
2023,1,16,9,0,1.8,-5.4,59.05,,,,,,,,,,,,,,,,,,,,,,,,,,,,,,,,,,,,
2023,1,16,10,0,1.9,-5.1,59.92,,,,,,,,,,,,,,,,,,,,,,,,,,,,,,,,,,,,
2023,1,16,11,0,1.9,-5.3,58.82,,,,,,,,,,,,,,,,,,,,,,,,,,,,,,,,,,,,
2023,1,16,12,0,1.5,-5.2,61.17,,,,,,,,,,,,,,,,,,,,,,,,,,,,,,,,,,,,
2023,1,16,13,0,2.5,-1.2,76.82,,,,,,,,,,,,,,,,,,,,,,,,,,,,,,,,,,,,
2023,1,16,14,0,5.3,-0.6,65.74,,,,,,,,,,,,,,,,,,,,,,,,,,,,,,,,,,,,
2023,1,16,15,0,7.1,-0.6,58.24,,,,,,,,,,,,,,,,,,,,,,,,,,,,,,,,,,,,
2023,1,16,16,0,9,1.3,58.58,,,,,,,,,,,,,,,,,,,,,,,,,,,,,,,,,,,,
2023,1,16,17,0,9.9,3.5,64.52,,,,,,,,,,,,,,,,,,,,,,,,,,,,,,,,,,,,
2023,1,16,18,0,9.9,5.2,72.67,,,,,,,,,,,,,,,,,,,,,,,,,,,,,,,,,,,,
2023,1,16,19,0,11,4.9,65.86,,,,,,,,,,,,,,,,,,,,,,,,,,,,,,,,,,,,
2023,1,16,20,0,11.6,5.1,64.44,,,,,,,,,,,,,,,,,,,,,,,,,,,,,,,,,,,,
2023,1,16,21,0,10.4,7.1,80.17,,,,,,,,,,,,,,,,,,,,,,,,,,,,,,,,,,,,
2023,1,16,22,0,6.6,5.2,91,,,,,,,,,,,,,,,,,,,,,,,,,,,,,,,,,,,,
2023,1,16,23,0,5.7,4.5,92.03,,,,,,,,,,,,,,,,,,,,,,,,,,,,,,,,,,,,
2023,1,17,0,0,6,4.6,90.66,,,,,,,,,,,,,,,,,,,,,,,,,,,,,,,,,,,,
2023,1,17,1,0,6.1,4.7,90.63,,,,,,,,,,,,,,,,,,,,,,,,,,,,,,,,,,,,
2023,1,17,2,0,6.4,4.7,88.62,,,,,,,,,,,,,,,,,,,,,,,,,,,,,,,,,,,,
2023,1,17,3,0,6.3,4.6,88.93,,,,,,,,,,,,,,,,,,,,,,,,,,,,,,,,,,,,
2023,1,17,4,0,6.2,4.5,88.94,,,,,,,,,,,,,,,,,,,,,,,,,,,,,,,,,,,,
2023,1,17,5,0,6.1,4.3,87.97,,,,,,,,,,,,,,,,,,,,,,,,,,,,,,,,,,,,
2023,1,17,6,0,6.1,4.1,86.84,,,,,,,,,,,,,,,,,,,,,,,,,,,,,,,,,,,,
2023,1,17,7,0,5.6,3.8,88.36,,,,,,,,,,,,,,,,,,,,,,,,,,,,,,,,,,,,
2023,1,17,8,0,5.2,3.7,90.34,,,,,,,,,,,,,,,,,,,,,,,,,,,,,,,,,,,,
2023,1,17,9,0,5.2,4,92.13,,,,,,,,,,,,,,,,,,,,,,,,,,,,,,,,,,,,
2023,1,17,10,0,5.5,4.6,93.96,,,,,,,,,,,,,,,,,,,,,,,,,,,,,,,,,,,,
2023,1,17,11,0,5.6,5.2,97.59,,,,,,,,,,,,,,,,,,,,,,,,,,,,,,,,,,,,
2023,1,17,12,0,6.1,6,99.3,,,,,,,,,,,,,,,,,,,,,,,,,,,,,,,,,,,,
2023,1,17,13,0,7.5,7.2,98.03,,,,,,,,,,,,,,,,,,,,,,,,,,,,,,,,,,,,
2023,1,17,14,0,9,8.5,96.55,,,,,,,,,,,,,,,,,,,,,,,,,,,,,,,,,,,,
2023,1,17,15,0,10.2,9.7,96.41,,,,,,,,,,,,,,,,,,,,,,,,,,,,,,,,,,,,
2023,1,17,16,0,11.4,10.9,96.55,,,,,,,,,,,,,,,,,,,,,,,,,,,,,,,,,,,,
2023,1,17,17,0,12.8,12,95.17,,,,,,,,,,,,,,,,,,,,,,,,,,,,,,,,,,,,
2023,1,17,18,0,14.2,13.2,93.76,,,,,,,,,,,,,,,,,,,,,,,,,,,,,,,,,,,,
2023,1,17,19,0,15.5,14.1,91.5,,,,,,,,,,,,,,,,,,,,,,,,,,,,,,,,,,,,
2023,1,17,20,0,16.3,14.6,89.59,,,,,,,,,,,,,,,,,,,,,,,,,,,,,,,,,,,,
2023,1,17,21,0,15.7,14.9,94.92,,,,,,,,,,,,,,,,,,,,,,,,,,,,,,,,,,,,
2023,1,17,22,0,13.1,13.1,100,,,,,,,,,,,,,,,,,,,,,,,,,,,,,,,,,,,,
2023,1,17,23,0,11.7,11.7,100,,,,,,,,,,,,,,,,,,,,,,,,,,,,,,,,,,,,
2023,1,18,0,0,10.7,10.7,100,,,,,,,,,,,,,,,,,,,,,,,,,,,,,,,,,,,,
2023,1,18,1,0,10,10,100,,,,,,,,,,,,,,,,,,,,,,,,,,,,,,,,,,,,
2023,1,18,2,0,9.5,9.5,100,,,,,,,,,,,,,,,,,,,,,,,,,,,,,,,,,,,,
2023,1,18,3,0,9.3,9.3,100,,,,,,,,,,,,,,,,,,,,,,,,,,,,,,,,,,,,
2023,1,18,4,0,9.1,9.1,100,,,,,,,,,,,,,,,,,,,,,,,,,,,,,,,,,,,,
2023,1,18,5,0,9,9,100,,,,,,,,,,,,,,,,,,,,,,,,,,,,,,,,,,,,
2023,1,18,6,0,8.8,8.8,100,,,,,,,,,,,,,,,,,,,,,,,,,,,,,,,,,,,,
2023,1,18,7,0,8.6,8.6,100,,,,,,,,,,,,,,,,,,,,,,,,,,,,,,,,,,,,
2023,1,18,8,0,8.5,8.5,100,,,,,,,,,,,,,,,,,,,,,,,,,,,,,,,,,,,,
2023,1,18,9,0,9,9,100,,,,,,,,,,,,,,,,,,,,,,,,,,,,,,,,,,,,
2023,1,18,10,0,9.6,9.6,100,,,,,,,,,,,,,,,,,,,,,,,,,,,,,,,,,,,,
2023,1,18,11,0,10.2,10.2,100,,,,,,,,,,,,,,,,,,,,,,,,,,,,,,,,,,,,
2023,1,18,12,0,11,10.9,99.33,,,,,,,,,,,,,,,,,,,,,,,,,,,,,,,,,,,,
2023,1,18,13,0,12.1,11.9,98.69,,,,,,,,,,,,,,,,,,,,,,,,,,,,,,,,,,,,
2023,1,18,14,0,13.6,13.5,99.66,,,,,,,,,,,,,,,,,,,,,,,,,,,,,,,,,,,,
2023,1,18,15,0,14.8,14.6,98.53,,,,,,,,,,,,,,,,,,,,,,,,,,,,,,,,,,,,
2023,1,18,16,0,16.5,15.6,94.72,,,,,,,,,,,,,,,,,,,,,,,,,,,,,,,,,,,,
2023,1,18,17,0,18,16.1,88.89,,,,,,,,,,,,,,,,,,,,,,,,,,,,,,,,,,,,
2023,1,18,18,0,19.2,16.3,83.46,,,,,,,,,,,,,,,,,,,,,,,,,,,,,,,,,,,,
2023,1,18,19,0,19.6,16.6,82.58,,,,,,,,,,,,,,,,,,,,,,,,,,,,,,,,,,,,
2023,1,18,20,0,19.2,16.9,86.42,,,,,,,,,,,,,,,,,,,,,,,,,,,,,,,,,,,,
2023,1,18,21,0,18.2,17.2,94.07,,,,,,,,,,,,,,,,,,,,,,,,,,,,,,,,,,,,
2023,1,18,22,0,16.1,16.1,100,,,,,,,,,,,,,,,,,,,,,,,,,,,,,,,,,,,,
2023,1,18,23,0,15.6,15.6,100,,,,,,,,,,,,,,,,,,,,,,,,,,,,,,,,,,,,
2023,1,19,0,0,15.4,15.4,100,,,,,,,,,,,,,,,,,,,,,,,,,,,,,,,,,,,,
2023,1,19,1,0,15.5,15.5,100,,,,,,,,,,,,,,,,,,,,,,,,,,,,,,,,,,,,
2023,1,19,2,0,15.9,15.9,100,,,,,,,,,,,,,,,,,,,,,,,,,,,,,,,,,,,,
2023,1,19,3,0,15.9,15.9,100,,,,,,,,,,,,,,,,,,,,,,,,,,,,,,,,,,,,
2023,1,19,4,0,15.7,15.7,100,,,,,,,,,,,,,,,,,,,,,,,,,,,,,,,,,,,,
2023,1,19,5,0,15.6,15.6,100,,,,,,,,,,,,,,,,,,,,,,,,,,,,,,,,,,,,
2023,1,19,6,0,15.2,15.2,100,,,,,,,,,,,,,,,,,,,,,,,,,,,,,,,,,,,,
2023,1,19,7,0,14.9,14.9,100,,,,,,,,,,,,,,,,,,,,,,,,,,,,,,,,,,,,
2023,1,19,8,0,14.8,14.8,100,,,,,,,,,,,,,,,,,,,,,,,,,,,,,,,,,,,,
2023,1,19,9,0,14.7,14.7,100,,,,,,,,,,,,,,,,,,,,,,,,,,,,,,,,,,,,
2023,1,19,10,0,14.7,14.7,100,,,,,,,,,,,,,,,,,,,,,,,,,,,,,,,,,,,,
2023,1,19,11,0,14.9,14.9,100,,,,,,,,,,,,,,,,,,,,,,,,,,,,,,,,,,,,
2023,1,19,12,0,15,15,100,,,,,,,,,,,,,,,,,,,,,,,,,,,,,,,,,,,,
2023,1,19,13,0,15.5,15.5,100,,,,,,,,,,,,,,,,,,,,,,,,,,,,,,,,,,,,
2023,1,19,14,0,16.5,16.3,98.86,,,,,,,,,,,,,,,,,,,,,,,,,,,,,,,,,,,,
2023,1,19,15,0,17.6,16.9,95.57,,,,,,,,,,,,,,,,,,,,,,,,,,,,,,,,,,,,
2023,1,19,16,0,19.1,16.2,83.53,,,,,,,,,,,,,,,,,,,,,,,,,,,,,,,,,,,,
2023,1,19,17,0,20,14.1,68.62,,,,,,,,,,,,,,,,,,,,,,,,,,,,,,,,,,,,
2023,1,19,18,0,19.8,11.4,58.27,,,,,,,,,,,,,,,,,,,,,,,,,,,,,,,,,,,,
2023,1,19,19,0,19.2,9.3,52.62,,,,,,,,,,,,,,,,,,,,,,,,,,,,,,,,,,,,
2023,1,19,20,0,18.1,8.5,53.52,,,,,,,,,,,,,,,,,,,,,,,,,,,,,,,,,,,,
2023,1,19,21,0,16.5,8.9,60.6,,,,,,,,,,,,,,,,,,,,,,,,,,,,,,,,,,,,
2023,1,19,22,0,13.8,8.5,70.19,,,,,,,,,,,,,,,,,,,,,,,,,,,,,,,,,,,,
2023,1,19,23,0,12.1,7.9,75.29,,,,,,,,,,,,,,,,,,,,,,,,,,,,,,,,,,,,
2023,1,20,0,0,11.2,7.6,78.54,,,,,,,,,,,,,,,,,,,,,,,,,,,,,,,,,,,,
2023,1,20,1,0,10.5,7.5,81.41,,,,,,,,,,,,,,,,,,,,,,,,,,,,,,,,,,,,
2023,1,20,2,0,9.8,7.3,84.43,,,,,,,,,,,,,,,,,,,,,,,,,,,,,,,,,,,,
2023,1,20,3,0,9.2,7.2,87.55,,,,,,,,,,,,,,,,,,,,,,,,,,,,,,,,,,,,
2023,1,20,4,0,8.2,7.2,93.42,,,,,,,,,,,,,,,,,,,,,,,,,,,,,,,,,,,,
2023,1,20,5,0,7.5,6.9,95.81,,,,,,,,,,,,,,,,,,,,,,,,,,,,,,,,,,,,
2023,1,20,6,0,6.8,6,94.93,,,,,,,,,,,,,,,,,,,,,,,,,,,,,,,,,,,,
2023,1,20,7,0,5.9,5.2,94.99,,,,,,,,,,,,,,,,,,,,,,,,,,,,,,,,,,,,
2023,1,20,8,0,5.2,4.4,94.52,,,,,,,,,,,,,,,,,,,,,,,,,,,,,,,,,,,,
2023,1,20,9,0,4.4,3.8,95.72,,,,,,,,,,,,,,,,,,,,,,,,,,,,,,,,,,,,
2023,1,20,10,0,3.6,3.3,98.2,,,,,,,,,,,,,,,,,,,,,,,,,,,,,,,,,,,,
2023,1,20,11,0,3,2.9,99.61,,,,,,,,,,,,,,,,,,,,,,,,,,,,,,,,,,,,
2023,1,20,12,0,2.6,2.5,99.33,,,,,,,,,,,,,,,,,,,,,,,,,,,,,,,,,,,,
2023,1,20,13,0,4.4,2.5,87.7,,,,,,,,,,,,,,,,,,,,,,,,,,,,,,,,,,,,
2023,1,20,14,0,6.4,1.3,69.72,,,,,,,,,,,,,,,,,,,,,,,,,,,,,,,,,,,,
2023,1,20,15,0,8.3,1,59.95,,,,,,,,,,,,,,,,,,,,,,,,,,,,,,,,,,,,
2023,1,20,16,0,10.2,1.6,55.13,,,,,,,,,,,,,,,,,,,,,,,,,,,,,,,,,,,,
2023,1,20,17,0,11.6,2.3,52.75,,,,,,,,,,,,,,,,,,,,,,,,,,,,,,,,,,,,
2023,1,20,18,0,12.4,2.7,51.7,,,,,,,,,,,,,,,,,,,,,,,,,,,,,,,,,,,,
2023,1,20,19,0,12.6,3.1,52.23,,,,,,,,,,,,,,,,,,,,,,,,,,,,,,,,,,,,
2023,1,20,20,0,12.1,3.4,55.34,,,,,,,,,,,,,,,,,,,,,,,,,,,,,,,,,,,,
2023,1,20,21,0,10.8,4.4,64.57,,,,,,,,,,,,,,,,,,,,,,,,,,,,,,,,,,,,
2023,1,20,22,0,8.3,5.1,80.24,,,,,,,,,,,,,,,,,,,,,,,,,,,,,,,,,,,,
2023,1,20,23,0,6.4,4.4,86.85,,,,,,,,,,,,,,,,,,,,,,,,,,,,,,,,,,,,
2023,1,21,0,0,5.3,3.9,90.53,,,,,,,,,,,,,,,,,,,,,,,,,,,,,,,,,,,,
2023,1,21,1,0,5.6,3.6,86.74,,,,,,,,,,,,,,,,,,,,,,,,,,,,,,,,,,,,
2023,1,21,2,0,5.4,3.7,89.01,,,,,,,,,,,,,,,,,,,,,,,,,,,,,,,,,,,,
2023,1,21,3,0,4.8,3.4,90.95,,,,,,,,,,,,,,,,,,,,,,,,,,,,,,,,,,,,
2023,1,21,4,0,4.6,3.1,90.06,,,,,,,,,,,,,,,,,,,,,,,,,,,,,,,,,,,,
2023,1,21,5,0,4.3,2.7,89.16,,,,,,,,,,,,,,,,,,,,,,,,,,,,,,,,,,,,
2023,1,21,6,0,4.4,2.3,86.47,,,,,,,,,,,,,,,,,,,,,,,,,,,,,,,,,,,,
2023,1,21,7,0,4.1,2.5,89.12,,,,,,,,,,,,,,,,,,,,,,,,,,,,,,,,,,,,
2023,1,21,8,0,3.7,2.3,90.79,,,,,,,,,,,,,,,,,,,,,,,,,,,,,,,,,,,,
2023,1,21,9,0,3.3,2,91.02,,,,,,,,,,,,,,,,,,,,,,,,,,,,,,,,,,,,
2023,1,21,10,0,2.7,1.6,92.47,,,,,,,,,,,,,,,,,,,,,,,,,,,,,,,,,,,,
2023,1,21,11,0,2.3,1.2,92.57,,,,,,,,,,,,,,,,,,,,,,,,,,,,,,,,,,,,
2023,1,21,12,0,2,1,93.33,,,,,,,,,,,,,,,,,,,,,,,,,,,,,,,,,,,,
2023,1,21,13,0,3.3,1.2,86.09,,,,,,,,,,,,,,,,,,,,,,,,,,,,,,,,,,,,
2023,1,21,14,0,5.2,1.4,76.72,,,,,,,,,,,,,,,,,,,,,,,,,,,,,,,,,,,,
2023,1,21,15,0,7.2,1.5,66.99,,,,,,,,,,,,,,,,,,,,,,,,,,,,,,,,,,,,
2023,1,21,16,0,8.6,1.7,61.66,,,,,,,,,,,,,,,,,,,,,,,,,,,,,,,,,,,,
2023,1,21,17,0,9.5,1.9,59.07,,,,,,,,,,,,,,,,,,,,,,,,,,,,,,,,,,,,
2023,1,21,18,0,10,2.2,58.19,,,,,,,,,,,,,,,,,,,,,,,,,,,,,,,,,,,,
2023,1,21,19,0,10,2.4,59.22,,,,,,,,,,,,,,,,,,,,,,,,,,,,,,,,,,,,
2023,1,21,20,0,9.6,2.8,62.39,,,,,,,,,,,,,,,,,,,,,,,,,,,,,,,,,,,,
2023,1,21,21,0,8.7,3.7,70.78,,,,,,,,,,,,,,,,,,,,,,,,,,,,,,,,,,,,
2023,1,21,22,0,6.9,4.5,84.98,,,,,,,,,,,,,,,,,,,,,,,,,,,,,,,,,,,,
2023,1,21,23,0,6.1,4.4,88.86,,,,,,,,,,,,,,,,,,,,,,,,,,,,,,,,,,,,
2023,1,22,0,0,5.7,4.3,90.46,,,,,,,,,,,,,,,,,,,,,,,,,,,,,,,,,,,,
2023,1,22,1,0,5.3,4.3,93.18,,,,,,,,,,,,,,,,,,,,,,,,,,,,,,,,,,,,
2023,1,22,2,0,5,4.1,93.74,,,,,,,,,,,,,,,,,,,,,,,,,,,,,,,,,,,,
2023,1,22,3,0,4.7,4,94.96,,,,,,,,,,,,,,,,,,,,,,,,,,,,,,,,,,,,
2023,1,22,4,0,4.3,3.9,97.07,,,,,,,,,,,,,,,,,,,,,,,,,,,,,,,,,,,,
2023,1,22,5,0,4.1,3.8,97.98,,,,,,,,,,,,,,,,,,,,,,,,,,,,,,,,,,,,
2023,1,22,6,0,4.1,3.8,98.07,,,,,,,,,,,,,,,,,,,,,,,,,,,,,,,,,,,,
2023,1,22,7,0,4.1,3.9,98.66,,,,,,,,,,,,,,,,,,,,,,,,,,,,,,,,,,,,
2023,1,22,8,0,4,3.9,99.14,,,,,,,,,,,,,,,,,,,,,,,,,,,,,,,,,,,,
2023,1,22,9,0,4.3,4.1,98.54,,,,,,,,,,,,,,,,,,,,,,,,,,,,,,,,,,,,
2023,1,22,10,0,4.7,4.4,97.79,,,,,,,,,,,,,,,,,,,,,,,,,,,,,,,,,,,,
2023,1,22,11,0,4.7,4.5,98.81,,,,,,,,,,,,,,,,,,,,,,,,,,,,,,,,,,,,
2023,1,22,12,0,4.7,4.6,99.42,,,,,,,,,,,,,,,,,,,,,,,,,,,,,,,,,,,,
2023,1,22,13,0,5,4.8,98.9,,,,,,,,,,,,,,,,,,,,,,,,,,,,,,,,,,,,
2023,1,22,14,0,5.9,5.6,97.77,,,,,,,,,,,,,,,,,,,,,,,,,,,,,,,,,,,,
2023,1,22,15,0,7.2,6.6,96.03,,,,,,,,,,,,,,,,,,,,,,,,,,,,,,,,,,,,
2023,1,22,16,0,8.1,7.4,95.38,,,,,,,,,,,,,,,,,,,,,,,,,,,,,,,,,,,,
2023,1,22,17,0,8.6,7.9,95.08,,,,,,,,,,,,,,,,,,,,,,,,,,,,,,,,,,,,
2023,1,22,18,0,8.9,8.2,95.1,,,,,,,,,,,,,,,,,,,,,,,,,,,,,,,,,,,,
2023,1,22,19,0,9.1,8.3,95,,,,,,,,,,,,,,,,,,,,,,,,,,,,,,,,,,,,
2023,1,22,20,0,9,8.4,96.13,,,,,,,,,,,,,,,,,,,,,,,,,,,,,,,,,,,,
2023,1,22,21,0,8.8,8.5,97.78,,,,,,,,,,,,,,,,,,,,,,,,,,,,,,,,,,,,
2023,1,22,22,0,8.2,8.2,100,,,,,,,,,,,,,,,,,,,,,,,,,,,,,,,,,,,,
2023,1,22,23,0,7.4,7.4,100,,,,,,,,,,,,,,,,,,,,,,,,,,,,,,,,,,,,
2023,1,23,0,0,6.8,6.8,100,,,,,,,,,,,,,,,,,,,,,,,,,,,,,,,,,,,,
2023,1,23,1,0,6.5,6.5,100,,,,,,,,,,,,,,,,,,,,,,,,,,,,,,,,,,,,
2023,1,23,2,0,7,7,100,,,,,,,,,,,,,,,,,,,,,,,,,,,,,,,,,,,,
2023,1,23,3,0,7.2,7.2,100,,,,,,,,,,,,,,,,,,,,,,,,,,,,,,,,,,,,
2023,1,23,4,0,7,7,100,,,,,,,,,,,,,,,,,,,,,,,,,,,,,,,,,,,,
2023,1,23,5,0,6.6,6.6,100,,,,,,,,,,,,,,,,,,,,,,,,,,,,,,,,,,,,
2023,1,23,6,0,6.2,6.1,99.34,,,,,,,,,,,,,,,,,,,,,,,,,,,,,,,,,,,,
2023,1,23,7,0,5.7,5.6,99.32,,,,,,,,,,,,,,,,,,,,,,,,,,,,,,,,,,,,
2023,1,23,8,0,5.3,5.1,98.53,,,,,,,,,,,,,,,,,,,,,,,,,,,,,,,,,,,,
2023,1,23,9,0,4.8,4.6,98.57,,,,,,,,,,,,,,,,,,,,,,,,,,,,,,,,,,,,
2023,1,23,10,0,4.4,4.1,97.85,,,,,,,,,,,,,,,,,,,,,,,,,,,,,,,,,,,,
2023,1,23,11,0,3.9,3.5,97.53,,,,,,,,,,,,,,,,,,,,,,,,,,,,,,,,,,,,
2023,1,23,12,0,3.5,3,96.39,,,,,,,,,,,,,,,,,,,,,,,,,,,,,,,,,,,,
2023,1,23,13,0,3.5,2.5,93.26,,,,,,,,,,,,,,,,,,,,,,,,,,,,,,,,,,,,
2023,1,23,14,0,4.4,1.9,84.07,,,,,,,,,,,,,,,,,,,,,,,,,,,,,,,,,,,,
2023,1,23,15,0,6,0.9,69.76,,,,,,,,,,,,,,,,,,,,,,,,,,,,,,,,,,,,
2023,1,23,16,0,7.2,0.2,61.19,,,,,,,,,,,,,,,,,,,,,,,,,,,,,,,,,,,,
2023,1,23,17,0,8.1,0.1,57.1,,,,,,,,,,,,,,,,,,,,,,,,,,,,,,,,,,,,
2023,1,23,18,0,8.6,0.2,55.54,,,,,,,,,,,,,,,,,,,,,,,,,,,,,,,,,,,,
2023,1,23,19,0,8.7,0.3,55.58,,,,,,,,,,,,,,,,,,,,,,,,,,,,,,,,,,,,
2023,1,23,20,0,8.3,0.3,57.15,,,,,,,,,,,,,,,,,,,,,,,,,,,,,,,,,,,,
2023,1,23,21,0,7.4,0.4,61.36,,,,,,,,,,,,,,,,,,,,,,,,,,,,,,,,,,,,
2023,1,23,22,0,4.5,1.3,79.71,,,,,,,,,,,,,,,,,,,,,,,,,,,,,,,,,,,,
2023,1,23,23,0,2,0.7,90.88,,,,,,,,,,,,,,,,,,,,,,,,,,,,,,,,,,,,
2023,1,24,0,0,1.2,0.1,92.21,,,,,,,,,,,,,,,,,,,,,,,,,,,,,,,,,,,,
2023,1,24,1,0,0.4,-0.6,93.28,,,,,,,,,,,,,,,,,,,,,,,,,,,,,,,,,,,,
2023,1,24,2,0,-0.2,-1.2,93.21,,,,,,,,,,,,,,,,,,,,,,,,,,,,,,,,,,,,
2023,1,24,3,0,-0.7,-1.6,93.73,,,,,,,,,,,,,,,,,,,,,,,,,,,,,,,,,,,,
2023,1,24,4,0,-1.2,-1.9,95.01,,,,,,,,,,,,,,,,,,,,,,,,,,,,,,,,,,,,
2023,1,24,5,0,-1.8,-2.1,97.58,,,,,,,,,,,,,,,,,,,,,,,,,,,,,,,,,,,,
2023,1,24,6,0,-2.3,-2.3,100,,,,,,,,,,,,,,,,,,,,,,,,,,,,,,,,,,,,
2023,1,24,7,0,-2.7,-2.7,100,,,,,,,,,,,,,,,,,,,,,,,,,,,,,,,,,,,,
2023,1,24,8,0,-3.1,-3.1,100,,,,,,,,,,,,,,,,,,,,,,,,,,,,,,,,,,,,
2023,1,24,9,0,-3.6,-3.6,100,,,,,,,,,,,,,,,,,,,,,,,,,,,,,,,,,,,,
2023,1,24,10,0,-3.9,-3.9,100,,,,,,,,,,,,,,,,,,,,,,,,,,,,,,,,,,,,
2023,1,24,11,0,-4,-4,100,,,,,,,,,,,,,,,,,,,,,,,,,,,,,,,,,,,,
2023,1,24,12,0,-4,-4,100,,,,,,,,,,,,,,,,,,,,,,,,,,,,,,,,,,,,
2023,1,24,13,0,-0.4,-1.9,89.72,,,,,,,,,,,,,,,,,,,,,,,,,,,,,,,,,,,,
2023,1,24,14,0,2.6,-0.9,77.6,,,,,,,,,,,,,,,,,,,,,,,,,,,,,,,,,,,,
2023,1,24,15,0,6.5,-1,58.87,,,,,,,,,,,,,,,,,,,,,,,,,,,,,,,,,,,,
2023,1,24,16,0,8.8,-0.4,52.31,,,,,,,,,,,,,,,,,,,,,,,,,,,,,,,,,,,,
2023,1,24,17,0,10.2,0.3,50.13,,,,,,,,,,,,,,,,,,,,,,,,,,,,,,,,,,,,
2023,1,24,18,0,11.2,0.8,48.73,,,,,,,,,,,,,,,,,,,,,,,,,,,,,,,,,,,,
2023,1,24,19,0,11.6,1.3,49.28,,,,,,,,,,,,,,,,,,,,,,,,,,,,,,,,,,,,
2023,1,24,20,0,11.5,2.1,52.38,,,,,,,,,,,,,,,,,,,,,,,,,,,,,,,,,,,,
2023,1,24,21,0,10.1,4.4,67.64,,,,,,,,,,,,,,,,,,,,,,,,,,,,,,,,,,,,
2023,1,24,22,0,7.2,4.3,81.61,,,,,,,,,,,,,,,,,,,,,,,,,,,,,,,,,,,,
2023,1,24,23,0,5.2,3.3,87.45,,,,,,,,,,,,,,,,,,,,,,,,,,,,,,,,,,,,
2023,1,25,0,0,5.4,3.3,86.56,,,,,,,,,,,,,,,,,,,,,,,,,,,,,,,,,,,,
2023,1,25,1,0,5.2,3.5,88.97,,,,,,,,,,,,,,,,,,,,,,,,,,,,,,,,,,,,
2023,1,25,2,0,4.8,3.4,90.91,,,,,,,,,,,,,,,,,,,,,,,,,,,,,,,,,,,,
2023,1,25,3,0,4.6,3.3,91.11,,,,,,,,,,,,,,,,,,,,,,,,,,,,,,,,,,,,
2023,1,25,4,0,4.6,3.3,91.56,,,,,,,,,,,,,,,,,,,,,,,,,,,,,,,,,,,,
2023,1,25,5,0,4.9,3.8,92.86,,,,,,,,,,,,,,,,,,,,,,,,,,,,,,,,,,,,
2023,1,25,6,0,5.2,4.5,95.3,,,,,,,,,,,,,,,,,,,,,,,,,,,,,,,,,,,,
2023,1,25,7,0,5.5,5.2,97.62,,,,,,,,,,,,,,,,,,,,,,,,,,,,,,,,,,,,
2023,1,25,8,0,6.1,6,99.09,,,,,,,,,,,,,,,,,,,,,,,,,,,,,,,,,,,,
2023,1,25,9,0,7.6,7.6,99.76,,,,,,,,,,,,,,,,,,,,,,,,,,,,,,,,,,,,
2023,1,25,10,0,9.7,9.7,99.92,,,,,,,,,,,,,,,,,,,,,,,,,,,,,,,,,,,,
2023,1,25,11,0,11.1,11.1,100,,,,,,,,,,,,,,,,,,,,,,,,,,,,,,,,,,,,
2023,1,25,12,0,12.2,12.2,99.97,,,,,,,,,,,,,,,,,,,,,,,,,,,,,,,,,,,,
2023,1,25,13,0,13.1,13,99.55,,,,,,,,,,,,,,,,,,,,,,,,,,,,,,,,,,,,
2023,1,25,14,0,14.1,13.9,98.79,,,,,,,,,,,,,,,,,,,,,,,,,,,,,,,,,,,,
2023,1,25,15,0,15.8,14.8,93.89,,,,,,,,,,,,,,,,,,,,,,,,,,,,,,,,,,,,
2023,1,25,16,0,17.2,14.1,82.06,,,,,,,,,,,,,,,,,,,,,,,,,,,,,,,,,,,,
2023,1,25,17,0,17.4,11.3,67.58,,,,,,,,,,,,,,,,,,,,,,,,,,,,,,,,,,,,
2023,1,25,18,0,16.9,9.4,61.31,,,,,,,,,,,,,,,,,,,,,,,,,,,,,,,,,,,,
2023,1,25,19,0,16,8.2,59.82,,,,,,,,,,,,,,,,,,,,,,,,,,,,,,,,,,,,
2023,1,25,20,0,14.7,7.3,61.22,,,,,,,,,,,,,,,,,,,,,,,,,,,,,,,,,,,,
2023,1,25,21,0,12.9,6.6,65.54,,,,,,,,,,,,,,,,,,,,,,,,,,,,,,,,,,,,
2023,1,25,22,0,10.4,6,74.24,,,,,,,,,,,,,,,,,,,,,,,,,,,,,,,,,,,,
2023,1,25,23,0,8.3,5.4,81.76,,,,,,,,,,,,,,,,,,,,,,,,,,,,,,,,,,,,
2023,1,26,0,0,7.2,4.7,84.02,,,,,,,,,,,,,,,,,,,,,,,,,,,,,,,,,,,,
2023,1,26,1,0,6.2,3.9,85.38,,,,,,,,,,,,,,,,,,,,,,,,,,,,,,,,,,,,
2023,1,26,2,0,5.2,3.3,87.65,,,,,,,,,,,,,,,,,,,,,,,,,,,,,,,,,,,,
2023,1,26,3,0,4.5,2.7,88.38,,,,,,,,,,,,,,,,,,,,,,,,,,,,,,,,,,,,
2023,1,26,4,0,3.8,2.3,89.87,,,,,,,,,,,,,,,,,,,,,,,,,,,,,,,,,,,,
2023,1,26,5,0,3.1,2,92.36,,,,,,,,,,,,,,,,,,,,,,,,,,,,,,,,,,,,
2023,1,26,6,0,2.9,1.8,92.73,,,,,,,,,,,,,,,,,,,,,,,,,,,,,,,,,,,,
2023,1,26,7,0,2.7,1.7,92.8,,,,,,,,,,,,,,,,,,,,,,,,,,,,,,,,,,,,
2023,1,26,8,0,2.5,1.4,92.38,,,,,,,,,,,,,,,,,,,,,,,,,,,,,,,,,,,,
2023,1,26,9,0,2.3,1.1,91.88,,,,,,,,,,,,,,,,,,,,,,,,,,,,,,,,,,,,
2023,1,26,10,0,2.1,0.9,91.86,,,,,,,,,,,,,,,,,,,,,,,,,,,,,,,,,,,,
2023,1,26,11,0,1.9,0.7,91.72,,,,,,,,,,,,,,,,,,,,,,,,,,,,,,,,,,,,
2023,1,26,12,0,1.8,0.5,91.21,,,,,,,,,,,,,,,,,,,,,,,,,,,,,,,,,,,,
2023,1,26,13,0,2.5,0.7,87.69,,,,,,,,,,,,,,,,,,,,,,,,,,,,,,,,,,,,
2023,1,26,14,0,3.9,0.5,78.66,,,,,,,,,,,,,,,,,,,,,,,,,,,,,,,,,,,,
2023,1,26,15,0,5.5,-0.1,67.02,,,,,,,,,,,,,,,,,,,,,,,,,,,,,,,,,,,,
2023,1,26,16,0,6.7,-0.4,60.63,,,,,,,,,,,,,,,,,,,,,,,,,,,,,,,,,,,,
2023,1,26,17,0,7.5,-0.3,57.55,,,,,,,,,,,,,,,,,,,,,,,,,,,,,,,,,,,,
2023,1,26,18,0,8,-0.2,56.24,,,,,,,,,,,,,,,,,,,,,,,,,,,,,,,,,,,,
2023,1,26,19,0,7.8,-0.1,57.33,,,,,,,,,,,,,,,,,,,,,,,,,,,,,,,,,,,,
2023,1,26,20,0,7.4,0,59.3,,,,,,,,,,,,,,,,,,,,,,,,,,,,,,,,,,,,
2023,1,26,21,0,6.6,0.2,63.74,,,,,,,,,,,,,,,,,,,,,,,,,,,,,,,,,,,,
2023,1,26,22,0,4.7,1.1,77.65,,,,,,,,,,,,,,,,,,,,,,,,,,,,,,,,,,,,
2023,1,26,23,0,3,1.2,87.83,,,,,,,,,,,,,,,,,,,,,,,,,,,,,,,,,,,,
2023,1,27,0,0,2,0.7,91.03,,,,,,,,,,,,,,,,,,,,,,,,,,,,,,,,,,,,
2023,1,27,1,0,1.1,0.2,93.69,,,,,,,,,,,,,,,,,,,,,,,,,,,,,,,,,,,,
2023,1,27,2,0,0.7,-0.1,94.61,,,,,,,,,,,,,,,,,,,,,,,,,,,,,,,,,,,,
2023,1,27,3,0,0.5,-0.1,95.59,,,,,,,,,,,,,,,,,,,,,,,,,,,,,,,,,,,,
2023,1,27,4,0,0.3,-0.2,96.33,,,,,,,,,,,,,,,,,,,,,,,,,,,,,,,,,,,,
2023,1,27,5,0,-0.4,-0.4,100,,,,,,,,,,,,,,,,,,,,,,,,,,,,,,,,,,,,
2023,1,27,6,0,-1.1,-1.1,100,,,,,,,,,,,,,,,,,,,,,,,,,,,,,,,,,,,,
2023,1,27,7,0,-1.6,-1.6,100,,,,,,,,,,,,,,,,,,,,,,,,,,,,,,,,,,,,
2023,1,27,8,0,-2.1,-2.1,100,,,,,,,,,,,,,,,,,,,,,,,,,,,,,,,,,,,,
2023,1,27,9,0,-2.7,-2.7,100,,,,,,,,,,,,,,,,,,,,,,,,,,,,,,,,,,,,
2023,1,27,10,0,-3.5,-3.5,100,,,,,,,,,,,,,,,,,,,,,,,,,,,,,,,,,,,,
2023,1,27,11,0,-3.8,-3.8,100,,,,,,,,,,,,,,,,,,,,,,,,,,,,,,,,,,,,
2023,1,27,12,0,-3.7,-3.7,100,,,,,,,,,,,,,,,,,,,,,,,,,,,,,,,,,,,,
2023,1,27,13,0,-1.4,-2.9,89.23,,,,,,,,,,,,,,,,,,,,,,,,,,,,,,,,,,,,
2023,1,27,14,0,1.6,-3.1,70.9,,,,,,,,,,,,,,,,,,,,,,,,,,,,,,,,,,,,
2023,1,27,15,0,4.7,-3.2,56.5,,,,,,,,,,,,,,,,,,,,,,,,,,,,,,,,,,,,
2023,1,27,16,0,6.8,-2,53.54,,,,,,,,,,,,,,,,,,,,,,,,,,,,,,,,,,,,
2023,1,27,17,0,8.2,-1.2,51.7,,,,,,,,,,,,,,,,,,,,,,,,,,,,,,,,,,,,
2023,1,27,18,0,9.1,-0.7,50.35,,,,,,,,,,,,,,,,,,,,,,,,,,,,,,,,,,,,
2023,1,27,19,0,9.4,-0.4,50.47,,,,,,,,,,,,,,,,,,,,,,,,,,,,,,,,,,,,
2023,1,27,20,0,9.2,-0.1,52.15,,,,,,,,,,,,,,,,,,,,,,,,,,,,,,,,,,,,
2023,1,27,21,0,8.4,1,59.52,,,,,,,,,,,,,,,,,,,,,,,,,,,,,,,,,,,,
2023,1,27,22,0,4.7,2.4,84.78,,,,,,,,,,,,,,,,,,,,,,,,,,,,,,,,,,,,
2023,1,27,23,0,2.3,0.6,88.36,,,,,,,,,,,,,,,,,,,,,,,,,,,,,,,,,,,,
2023,1,28,0,0,1.7,0.2,89.91,,,,,,,,,,,,,,,,,,,,,,,,,,,,,,,,,,,,
2023,1,28,1,0,1.2,-0.1,90.92,,,,,,,,,,,,,,,,,,,,,,,,,,,,,,,,,,,,
2023,1,28,2,0,0.6,-0.5,92.56,,,,,,,,,,,,,,,,,,,,,,,,,,,,,,,,,,,,
2023,1,28,3,0,0.2,-0.7,93.75,,,,,,,,,,,,,,,,,,,,,,,,,,,,,,,,,,,,
2023,1,28,4,0,-0.4,-0.9,96.52,,,,,,,,,,,,,,,,,,,,,,,,,,,,,,,,,,,,
2023,1,28,5,0,-1,-1.2,98.86,,,,,,,,,,,,,,,,,,,,,,,,,,,,,,,,,,,,
2023,1,28,6,0,-1.5,-1.5,100,,,,,,,,,,,,,,,,,,,,,,,,,,,,,,,,,,,,
2023,1,28,7,0,-1.9,-1.9,100,,,,,,,,,,,,,,,,,,,,,,,,,,,,,,,,,,,,
2023,1,28,8,0,-2.4,-2.4,100,,,,,,,,,,,,,,,,,,,,,,,,,,,,,,,,,,,,
2023,1,28,9,0,-2.7,-2.7,100,,,,,,,,,,,,,,,,,,,,,,,,,,,,,,,,,,,,
2023,1,28,10,0,-2.8,-2.8,100,,,,,,,,,,,,,,,,,,,,,,,,,,,,,,,,,,,,
2023,1,28,11,0,-2.8,-2.8,100,,,,,,,,,,,,,,,,,,,,,,,,,,,,,,,,,,,,
2023,1,28,12,0,-2.4,-2.4,100,,,,,,,,,,,,,,,,,,,,,,,,,,,,,,,,,,,,
2023,1,28,13,0,1.4,-0.5,87.05,,,,,,,,,,,,,,,,,,,,,,,,,,,,,,,,,,,,
2023,1,28,14,0,4.4,0.1,73.42,,,,,,,,,,,,,,,,,,,,,,,,,,,,,,,,,,,,
2023,1,28,15,0,8.3,1.3,61.39,,,,,,,,,,,,,,,,,,,,,,,,,,,,,,,,,,,,
2023,1,28,16,0,11.5,-1.2,41.25,,,,,,,,,,,,,,,,,,,,,,,,,,,,,,,,,,,,
2023,1,28,17,0,12,-1.2,40.04,,,,,,,,,,,,,,,,,,,,,,,,,,,,,,,,,,,,
2023,1,28,18,0,12.5,-0.6,40.37,,,,,,,,,,,,,,,,,,,,,,,,,,,,,,,,,,,,
2023,1,28,19,0,12.8,0.1,41.74,,,,,,,,,,,,,,,,,,,,,,,,,,,,,,,,,,,,
2023,1,28,20,0,12.2,1.4,47.58,,,,,,,,,,,,,,,,,,,,,,,,,,,,,,,,,,,,
2023,1,28,21,0,11.3,4.2,61.72,,,,,,,,,,,,,,,,,,,,,,,,,,,,,,,,,,,,
2023,1,28,22,0,7.5,4.9,83.43,,,,,,,,,,,,,,,,,,,,,,,,,,,,,,,,,,,,
2023,1,28,23,0,6.1,3.5,83.42,,,,,,,,,,,,,,,,,,,,,,,,,,,,,,,,,,,,
2023,1,29,0,0,5.8,3.1,82.95,,,,,,,,,,,,,,,,,,,,,,,,,,,,,,,,,,,,
2023,1,29,1,0,5.2,2.6,83.17,,,,,,,,,,,,,,,,,,,,,,,,,,,,,,,,,,,,
2023,1,29,2,0,4.9,2.5,84.22,,,,,,,,,,,,,,,,,,,,,,,,,,,,,,,,,,,,
2023,1,29,3,0,4.7,2.5,85.61,,,,,,,,,,,,,,,,,,,,,,,,,,,,,,,,,,,,
2023,1,29,4,0,4.5,2.5,86.61,,,,,,,,,,,,,,,,,,,,,,,,,,,,,,,,,,,,
2023,1,29,5,0,3.9,2.3,89.04,,,,,,,,,,,,,,,,,,,,,,,,,,,,,,,,,,,,
2023,1,29,6,0,3.6,2.1,89.7,,,,,,,,,,,,,,,,,,,,,,,,,,,,,,,,,,,,
2023,1,29,7,0,3.3,1.9,90.32,,,,,,,,,,,,,,,,,,,,,,,,,,,,,,,,,,,,
2023,1,29,8,0,3.2,1.9,90.87,,,,,,,,,,,,,,,,,,,,,,,,,,,,,,,,,,,,
2023,1,29,9,0,2.7,1.7,93.22,,,,,,,,,,,,,,,,,,,,,,,,,,,,,,,,,,,,
2023,1,29,10,0,2.5,1.6,93.51,,,,,,,,,,,,,,,,,,,,,,,,,,,,,,,,,,,,
2023,1,29,11,0,2.3,1.5,94.25,,,,,,,,,,,,,,,,,,,,,,,,,,,,,,,,,,,,
2023,1,29,12,0,2.6,1.7,93.92,,,,,,,,,,,,,,,,,,,,,,,,,,,,,,,,,,,,
2023,1,29,13,0,4.3,2.5,87.91,,,,,,,,,,,,,,,,,,,,,,,,,,,,,,,,,,,,
2023,1,29,14,0,6.8,3.8,81.38,,,,,,,,,,,,,,,,,,,,,,,,,,,,,,,,,,,,
2023,1,29,15,0,10,6.2,77.33,,,,,,,,,,,,,,,,,,,,,,,,,,,,,,,,,,,,
2023,1,29,16,0,12.2,8.5,78.12,,,,,,,,,,,,,,,,,,,,,,,,,,,,,,,,,,,,
2023,1,29,17,0,13.6,9.8,77.74,,,,,,,,,,,,,,,,,,,,,,,,,,,,,,,,,,,,
2023,1,29,18,0,14.4,10.3,76.18,,,,,,,,,,,,,,,,,,,,,,,,,,,,,,,,,,,,
2023,1,29,19,0,14.5,10.3,75.79,,,,,,,,,,,,,,,,,,,,,,,,,,,,,,,,,,,,
2023,1,29,20,0,14.2,10.5,78.31,,,,,,,,,,,,,,,,,,,,,,,,,,,,,,,,,,,,
2023,1,29,21,0,12.8,11.4,91.41,,,,,,,,,,,,,,,,,,,,,,,,,,,,,,,,,,,,
2023,1,29,22,0,11,10.8,98.51,,,,,,,,,,,,,,,,,,,,,,,,,,,,,,,,,,,,
2023,1,29,23,0,10.4,10.4,100,,,,,,,,,,,,,,,,,,,,,,,,,,,,,,,,,,,,
2023,1,30,0,0,9.9,9.9,100,,,,,,,,,,,,,,,,,,,,,,,,,,,,,,,,,,,,
2023,1,30,1,0,9.8,9.8,100,,,,,,,,,,,,,,,,,,,,,,,,,,,,,,,,,,,,
2023,1,30,2,0,9.2,9.2,100,,,,,,,,,,,,,,,,,,,,,,,,,,,,,,,,,,,,
2023,1,30,3,0,9.3,9.3,100,,,,,,,,,,,,,,,,,,,,,,,,,,,,,,,,,,,,
2023,1,30,4,0,9.3,9.3,100,,,,,,,,,,,,,,,,,,,,,,,,,,,,,,,,,,,,
2023,1,30,5,0,9.2,9.2,100,,,,,,,,,,,,,,,,,,,,,,,,,,,,,,,,,,,,
2023,1,30,6,0,9.1,9.1,100,,,,,,,,,,,,,,,,,,,,,,,,,,,,,,,,,,,,
2023,1,30,7,0,9,9,100,,,,,,,,,,,,,,,,,,,,,,,,,,,,,,,,,,,,
2023,1,30,8,0,8.9,8.9,100,,,,,,,,,,,,,,,,,,,,,,,,,,,,,,,,,,,,
2023,1,30,9,0,8.7,8.7,100,,,,,,,,,,,,,,,,,,,,,,,,,,,,,,,,,,,,
2023,1,30,10,0,8.6,8.6,100,,,,,,,,,,,,,,,,,,,,,,,,,,,,,,,,,,,,
2023,1,30,11,0,8.6,8.6,100,,,,,,,,,,,,,,,,,,,,,,,,,,,,,,,,,,,,
2023,1,30,12,0,8.5,8.5,100,,,,,,,,,,,,,,,,,,,,,,,,,,,,,,,,,,,,
2023,1,30,13,0,9.4,9.4,100,,,,,,,,,,,,,,,,,,,,,,,,,,,,,,,,,,,,
2023,1,30,14,0,10.3,10.3,100,,,,,,,,,,,,,,,,,,,,,,,,,,,,,,,,,,,,
2023,1,30,15,0,11.8,11.4,97.37,,,,,,,,,,,,,,,,,,,,,,,,,,,,,,,,,,,,
2023,1,30,16,0,13.4,12.2,92.6,,,,,,,,,,,,,,,,,,,,,,,,,,,,,,,,,,,,
2023,1,30,17,0,14.7,12.6,87.43,,,,,,,,,,,,,,,,,,,,,,,,,,,,,,,,,,,,
2023,1,30,18,0,15.6,12.9,84.22,,,,,,,,,,,,,,,,,,,,,,,,,,,,,,,,,,,,
2023,1,30,19,0,16.2,13.2,82.28,,,,,,,,,,,,,,,,,,,,,,,,,,,,,,,,,,,,
2023,1,30,20,0,16.3,13.3,82.36,,,,,,,,,,,,,,,,,,,,,,,,,,,,,,,,,,,,
2023,1,30,21,0,16,13.6,85.67,,,,,,,,,,,,,,,,,,,,,,,,,,,,,,,,,,,,
2023,1,30,22,0,14.5,12.6,88.13,,,,,,,,,,,,,,,,,,,,,,,,,,,,,,,,,,,,
2023,1,30,23,0,12.7,11.8,94.14,,,,,,,,,,,,,,,,,,,,,,,,,,,,,,,,,,,,
2023,1,31,0,0,11.7,11.6,99.66,,,,,,,,,,,,,,,,,,,,,,,,,,,,,,,,,,,,
2023,1,31,1,0,11.2,11.2,100,,,,,,,,,,,,,,,,,,,,,,,,,,,,,,,,,,,,
2023,1,31,2,0,10.6,10.6,100,,,,,,,,,,,,,,,,,,,,,,,,,,,,,,,,,,,,
2023,1,31,3,0,10.3,10.3,100,,,,,,,,,,,,,,,,,,,,,,,,,,,,,,,,,,,,
2023,1,31,4,0,10.4,10.4,100,,,,,,,,,,,,,,,,,,,,,,,,,,,,,,,,,,,,
2023,1,31,5,0,10.5,10.5,100,,,,,,,,,,,,,,,,,,,,,,,,,,,,,,,,,,,,
2023,1,31,6,0,10.9,10.7,98.95,,,,,,,,,,,,,,,,,,,,,,,,,,,,,,,,,,,,
2023,1,31,7,0,10.9,10.7,98.59,,,,,,,,,,,,,,,,,,,,,,,,,,,,,,,,,,,,
2023,1,31,8,0,10.6,10.6,99.83,,,,,,,,,,,,,,,,,,,,,,,,,,,,,,,,,,,,
2023,1,31,9,0,10.8,10.6,98.74,,,,,,,,,,,,,,,,,,,,,,,,,,,,,,,,,,,,
2023,1,31,10,0,10.9,10.6,98.17,,,,,,,,,,,,,,,,,,,,,,,,,,,,,,,,,,,,
2023,1,31,11,0,10,10,100,,,,,,,,,,,,,,,,,,,,,,,,,,,,,,,,,,,,
2023,1,31,12,0,9.8,9.8,100,,,,,,,,,,,,,,,,,,,,,,,,,,,,,,,,,,,,
2023,1,31,13,0,11.7,11.6,99.14,,,,,,,,,,,,,,,,,,,,,,,,,,,,,,,,,,,,
2023,1,31,14,0,13,12.7,97.89,,,,,,,,,,,,,,,,,,,,,,,,,,,,,,,,,,,,
2023,1,31,15,0,14.5,13.9,96.45,,,,,,,,,,,,,,,,,,,,,,,,,,,,,,,,,,,,
2023,1,31,16,0,15.9,14.7,92.46,,,,,,,,,,,,,,,,,,,,,,,,,,,,,,,,,,,,
2023,1,31,17,0,17.1,14.8,86.44,,,,,,,,,,,,,,,,,,,,,,,,,,,,,,,,,,,,
2023,1,31,18,0,17.9,14.8,81.85,,,,,,,,,,,,,,,,,,,,,,,,,,,,,,,,,,,,
2023,1,31,19,0,18.2,14.8,80.74,,,,,,,,,,,,,,,,,,,,,,,,,,,,,,,,,,,,
2023,1,31,20,0,17.8,15.1,84.09,,,,,,,,,,,,,,,,,,,,,,,,,,,,,,,,,,,,
2023,1,31,21,0,16.9,15.5,91.31,,,,,,,,,,,,,,,,,,,,,,,,,,,,,,,,,,,,
2023,1,31,22,0,15.1,14.5,96.44,,,,,,,,,,,,,,,,,,,,,,,,,,,,,,,,,,,,
2023,1,31,23,0,13.8,13.5,97.96,,,,,,,,,,,,,,,,,,,,,,,,,,,,,,,,,,,,
2023,2,1,0,0,12.7,12.6,99.02,,,,,,,,,,,,,,,,,,,,,,,,,,,,,,,,,,,,
2023,2,1,1,0,11.9,11.8,99.34,,,,,,,,,,,,,,,,,,,,,,,,,,,,,,,,,,,,
2023,2,1,2,0,11.7,11.5,98.43,,,,,,,,,,,,,,,,,,,,,,,,,,,,,,,,,,,,
2023,2,1,3,0,11.5,11.2,98.07,,,,,,,,,,,,,,,,,,,,,,,,,,,,,,,,,,,,
2023,2,1,4,0,11.3,10.9,97.4,,,,,,,,,,,,,,,,,,,,,,,,,,,,,,,,,,,,
2023,2,1,5,0,10.7,10.2,96.97,,,,,,,,,,,,,,,,,,,,,,,,,,,,,,,,,,,,
2023,2,1,6,0,10,9.6,97.11,,,,,,,,,,,,,,,,,,,,,,,,,,,,,,,,,,,,
2023,2,1,7,0,9.5,9,96.42,,,,,,,,,,,,,,,,,,,,,,,,,,,,,,,,,,,,
2023,2,1,8,0,9,8.5,96.43,,,,,,,,,,,,,,,,,,,,,,,,,,,,,,,,,,,,
2023,2,1,9,0,8.6,8.1,96.82,,,,,,,,,,,,,,,,,,,,,,,,,,,,,,,,,,,,
2023,2,1,10,0,8.2,7.7,96.83,,,,,,,,,,,,,,,,,,,,,,,,,,,,,,,,,,,,
2023,2,1,11,0,7.8,7.3,96.33,,,,,,,,,,,,,,,,,,,,,,,,,,,,,,,,,,,,
2023,2,1,12,0,7.5,6.9,95.73,,,,,,,,,,,,,,,,,,,,,,,,,,,,,,,,,,,,
2023,2,1,13,0,8,6.8,91.89,,,,,,,,,,,,,,,,,,,,,,,,,,,,,,,,,,,,
2023,2,1,14,0,9.4,6.7,82.99,,,,,,,,,,,,,,,,,,,,,,,,,,,,,,,,,,,,
2023,2,1,15,0,11,6.9,75.62,,,,,,,,,,,,,,,,,,,,,,,,,,,,,,,,,,,,
2023,2,1,16,0,12.2,7.4,72.38,,,,,,,,,,,,,,,,,,,,,,,,,,,,,,,,,,,,
2023,2,1,17,0,12.6,7.8,72.74,,,,,,,,,,,,,,,,,,,,,,,,,,,,,,,,,,,,
2023,2,1,18,0,12.5,8,74.06,,,,,,,,,,,,,,,,,,,,,,,,,,,,,,,,,,,,
2023,2,1,19,0,12.2,7.9,75.25,,,,,,,,,,,,,,,,,,,,,,,,,,,,,,,,,,,,
2023,2,1,20,0,11.7,7.8,77.1,,,,,,,,,,,,,,,,,,,,,,,,,,,,,,,,,,,,
2023,2,1,21,0,11.1,7.8,80.2,,,,,,,,,,,,,,,,,,,,,,,,,,,,,,,,,,,,
2023,2,1,22,0,9.9,8.6,91.51,,,,,,,,,,,,,,,,,,,,,,,,,,,,,,,,,,,,
2023,2,1,23,0,8.3,7.7,96.01,,,,,,,,,,,,,,,,,,,,,,,,,,,,,,,,,,,,
2023,2,2,0,0,7.9,7.2,95.53,,,,,,,,,,,,,,,,,,,,,,,,,,,,,,,,,,,,
2023,2,2,1,0,7.8,6.9,93.91,,,,,,,,,,,,,,,,,,,,,,,,,,,,,,,,,,,,
2023,2,2,2,0,7.2,6.5,95.26,,,,,,,,,,,,,,,,,,,,,,,,,,,,,,,,,,,,
2023,2,2,3,0,6.9,6.2,95.24,,,,,,,,,,,,,,,,,,,,,,,,,,,,,,,,,,,,
2023,2,2,4,0,6.7,6,95.3,,,,,,,,,,,,,,,,,,,,,,,,,,,,,,,,,,,,
2023,2,2,5,0,6.6,6,96.24,,,,,,,,,,,,,,,,,,,,,,,,,,,,,,,,,,,,
2023,2,2,6,0,6.6,6.1,96.91,,,,,,,,,,,,,,,,,,,,,,,,,,,,,,,,,,,,
2023,2,2,7,0,6.6,6.3,97.81,,,,,,,,,,,,,,,,,,,,,,,,,,,,,,,,,,,,
2023,2,2,8,0,6.6,6.3,98.09,,,,,,,,,,,,,,,,,,,,,,,,,,,,,,,,,,,,
2023,2,2,9,0,6.5,6.3,98.57,,,,,,,,,,,,,,,,,,,,,,,,,,,,,,,,,,,,
2023,2,2,10,0,6.3,6.2,99.29,,,,,,,,,,,,,,,,,,,,,,,,,,,,,,,,,,,,
2023,2,2,11,0,6.3,6.2,99.07,,,,,,,,,,,,,,,,,,,,,,,,,,,,,,,,,,,,
2023,2,2,12,0,6.3,6.2,99.1,,,,,,,,,,,,,,,,,,,,,,,,,,,,,,,,,,,,
2023,2,2,13,0,6.6,6.4,98.76,,,,,,,,,,,,,,,,,,,,,,,,,,,,,,,,,,,,
2023,2,2,14,0,7.6,7.1,96.86,,,,,,,,,,,,,,,,,,,,,,,,,,,,,,,,,,,,
2023,2,2,15,0,9.1,8.1,93.52,,,,,,,,,,,,,,,,,,,,,,,,,,,,,,,,,,,,
2023,2,2,16,0,10.4,8.7,89.34,,,,,,,,,,,,,,,,,,,,,,,,,,,,,,,,,,,,
2023,2,2,17,0,11,9,87.67,,,,,,,,,,,,,,,,,,,,,,,,,,,,,,,,,,,,
2023,2,2,18,0,11.4,9.3,86.89,,,,,,,,,,,,,,,,,,,,,,,,,,,,,,,,,,,,
2023,2,2,19,0,11.6,9.5,86.66,,,,,,,,,,,,,,,,,,,,,,,,,,,,,,,,,,,,
2023,2,2,20,0,11.3,9.6,89.34,,,,,,,,,,,,,,,,,,,,,,,,,,,,,,,,,,,,
2023,2,2,21,0,10.7,9.8,94.39,,,,,,,,,,,,,,,,,,,,,,,,,,,,,,,,,,,,
2023,2,2,22,0,9.9,9.8,99.15,,,,,,,,,,,,,,,,,,,,,,,,,,,,,,,,,,,,
2023,2,2,23,0,9.3,9.2,99.5,,,,,,,,,,,,,,,,,,,,,,,,,,,,,,,,,,,,
2023,2,3,0,0,8.4,8.2,98.88,,,,,,,,,,,,,,,,,,,,,,,,,,,,,,,,,,,,
2023,2,3,1,0,7.3,7.1,98.84,,,,,,,,,,,,,,,,,,,,,,,,,,,,,,,,,,,,
2023,2,3,2,0,6.3,6,98.25,,,,,,,,,,,,,,,,,,,,,,,,,,,,,,,,,,,,
2023,2,3,3,0,5.7,5.4,97.83,,,,,,,,,,,,,,,,,,,,,,,,,,,,,,,,,,,,
2023,2,3,4,0,5.5,5.2,97.63,,,,,,,,,,,,,,,,,,,,,,,,,,,,,,,,,,,,
2023,2,3,5,0,5.3,5,97.72,,,,,,,,,,,,,,,,,,,,,,,,,,,,,,,,,,,,
2023,2,3,6,0,4.5,4.2,97.7,,,,,,,,,,,,,,,,,,,,,,,,,,,,,,,,,,,,
2023,2,3,7,0,3.7,3.3,97.21,,,,,,,,,,,,,,,,,,,,,,,,,,,,,,,,,,,,
2023,2,3,8,0,3.7,3.2,96.84,,,,,,,,,,,,,,,,,,,,,,,,,,,,,,,,,,,,
2023,2,3,9,0,3.5,3.1,97.18,,,,,,,,,,,,,,,,,,,,,,,,,,,,,,,,,,,,
2023,2,3,10,0,3.1,2.6,96.83,,,,,,,,,,,,,,,,,,,,,,,,,,,,,,,,,,,,
2023,2,3,11,0,2.5,1.7,94.56,,,,,,,,,,,,,,,,,,,,,,,,,,,,,,,,,,,,
2023,2,3,12,0,1.8,0.5,91.29,,,,,,,,,,,,,,,,,,,,,,,,,,,,,,,,,,,,
2023,2,3,13,0,2.2,0,85.61,,,,,,,,,,,,,,,,,,,,,,,,,,,,,,,,,,,,
2023,2,3,14,0,3.9,-0.4,73.45,,,,,,,,,,,,,,,,,,,,,,,,,,,,,,,,,,,,
2023,2,3,15,0,5.8,-1.1,61.08,,,,,,,,,,,,,,,,,,,,,,,,,,,,,,,,,,,,
2023,2,3,16,0,7.2,-2.2,51.29,,,,,,,,,,,,,,,,,,,,,,,,,,,,,,,,,,,,
2023,2,3,17,0,8,-3.1,45.32,,,,,,,,,,,,,,,,,,,,,,,,,,,,,,,,,,,,
2023,2,3,18,0,8.2,-3.8,42.5,,,,,,,,,,,,,,,,,,,,,,,,,,,,,,,,,,,,
2023,2,3,19,0,8.1,-4.2,41.7,,,,,,,,,,,,,,,,,,,,,,,,,,,,,,,,,,,,
2023,2,3,20,0,7.4,-4.2,43.52,,,,,,,,,,,,,,,,,,,,,,,,,,,,,,,,,,,,
2023,2,3,21,0,6.3,-4,47.63,,,,,,,,,,,,,,,,,,,,,,,,,,,,,,,,,,,,
2023,2,3,22,0,4.2,-3.5,57.44,,,,,,,,,,,,,,,,,,,,,,,,,,,,,,,,,,,,
2023,2,3,23,0,2.1,-3.2,68.14,,,,,,,,,,,,,,,,,,,,,,,,,,,,,,,,,,,,
2023,2,4,0,0,1.2,-3.3,72.12,,,,,,,,,,,,,,,,,,,,,,,,,,,,,,,,,,,,
2023,2,4,1,0,0.4,-3.5,74.89,,,,,,,,,,,,,,,,,,,,,,,,,,,,,,,,,,,,
2023,2,4,2,0,-0.4,-3.8,77.7,,,,,,,,,,,,,,,,,,,,,,,,,,,,,,,,,,,,
2023,2,4,3,0,-1.2,-4.1,80.49,,,,,,,,,,,,,,,,,,,,,,,,,,,,,,,,,,,,
2023,2,4,4,0,-2.1,-4.4,84.18,,,,,,,,,,,,,,,,,,,,,,,,,,,,,,,,,,,,
2023,2,4,5,0,-2.9,-4.8,87.02,,,,,,,,,,,,,,,,,,,,,,,,,,,,,,,,,,,,
2023,2,4,6,0,-3.6,-5.1,89.65,,,,,,,,,,,,,,,,,,,,,,,,,,,,,,,,,,,,
2023,2,4,7,0,-4.1,-5.3,91.31,,,,,,,,,,,,,,,,,,,,,,,,,,,,,,,,,,,,
2023,2,4,8,0,-4.3,-5.5,91.14,,,,,,,,,,,,,,,,,,,,,,,,,,,,,,,,,,,,
2023,2,4,9,0,-4.4,-5.6,91.04,,,,,,,,,,,,,,,,,,,,,,,,,,,,,,,,,,,,
2023,2,4,10,0,-4.4,-5.7,90.58,,,,,,,,,,,,,,,,,,,,,,,,,,,,,,,,,,,,
2023,2,4,11,0,-4.3,-5.8,89.58,,,,,,,,,,,,,,,,,,,,,,,,,,,,,,,,,,,,
2023,2,4,12,0,-3.7,-5.5,87.22,,,,,,,,,,,,,,,,,,,,,,,,,,,,,,,,,,,,
2023,2,4,13,0,-1.1,-4.7,76.68,,,,,,,,,,,,,,,,,,,,,,,,,,,,,,,,,,,,
2023,2,4,14,0,1.4,-5.1,61.8,,,,,,,,,,,,,,,,,,,,,,,,,,,,,,,,,,,,
2023,2,4,15,0,3.8,-5,52.83,,,,,,,,,,,,,,,,,,,,,,,,,,,,,,,,,,,,
2023,2,4,16,0,5.9,-4,49.18,,,,,,,,,,,,,,,,,,,,,,,,,,,,,,,,,,,,
2023,2,4,17,0,7.6,-2.9,47.26,,,,,,,,,,,,,,,,,,,,,,,,,,,,,,,,,,,,
2023,2,4,18,0,8.9,-2,46.32,,,,,,,,,,,,,,,,,,,,,,,,,,,,,,,,,,,,
2023,2,4,19,0,9.3,-1.3,47.43,,,,,,,,,,,,,,,,,,,,,,,,,,,,,,,,,,,,
2023,2,4,20,0,8.7,-0.2,53.63,,,,,,,,,,,,,,,,,,,,,,,,,,,,,,,,,,,,
2023,2,4,21,0,7.6,2.5,69.92,,,,,,,,,,,,,,,,,,,,,,,,,,,,,,,,,,,,
2023,2,4,22,0,5.2,3,85.98,,,,,,,,,,,,,,,,,,,,,,,,,,,,,,,,,,,,
2023,2,4,23,0,4,1.9,86.16,,,,,,,,,,,,,,,,,,,,,,,,,,,,,,,,,,,,
2023,2,5,0,0,4.1,1.6,83.56,,,,,,,,,,,,,,,,,,,,,,,,,,,,,,,,,,,,
2023,2,5,1,0,3.7,1.4,85.21,,,,,,,,,,,,,,,,,,,,,,,,,,,,,,,,,,,,
2023,2,5,2,0,3.3,1.3,86.97,,,,,,,,,,,,,,,,,,,,,,,,,,,,,,,,,,,,
2023,2,5,3,0,3,1.2,87.73,,,,,,,,,,,,,,,,,,,,,,,,,,,,,,,,,,,,
2023,2,5,4,0,2.4,0.9,90.01,,,,,,,,,,,,,,,,,,,,,,,,,,,,,,,,,,,,
2023,2,5,5,0,1.3,0.3,93.2,,,,,,,,,,,,,,,,,,,,,,,,,,,,,,,,,,,,
2023,2,5,6,0,0.5,-0.1,95.85,,,,,,,,,,,,,,,,,,,,,,,,,,,,,,,,,,,,
2023,2,5,7,0,0.1,-0.3,96.92,,,,,,,,,,,,,,,,,,,,,,,,,,,,,,,,,,,,
2023,2,5,8,0,0.2,-0.5,95.33,,,,,,,,,,,,,,,,,,,,,,,,,,,,,,,,,,,,
2023,2,5,9,0,0.2,-0.6,94.68,,,,,,,,,,,,,,,,,,,,,,,,,,,,,,,,,,,,
2023,2,5,10,0,0.2,-0.7,93.76,,,,,,,,,,,,,,,,,,,,,,,,,,,,,,,,,,,,
2023,2,5,11,0,0.3,-0.6,93.57,,,,,,,,,,,,,,,,,,,,,,,,,,,,,,,,,,,,
2023,2,5,12,0,0.7,-0.3,93.15,,,,,,,,,,,,,,,,,,,,,,,,,,,,,,,,,,,,
2023,2,5,13,0,2.7,0.3,84.32,,,,,,,,,,,,,,,,,,,,,,,,,,,,,,,,,,,,
2023,2,5,14,0,5.4,1.8,77.72,,,,,,,,,,,,,,,,,,,,,,,,,,,,,,,,,,,,
2023,2,5,15,0,8.4,3.6,71.83,,,,,,,,,,,,,,,,,,,,,,,,,,,,,,,,,,,,
2023,2,5,16,0,10.6,5.7,71.59,,,,,,,,,,,,,,,,,,,,,,,,,,,,,,,,,,,,
2023,2,5,17,0,12.9,7.9,71.52,,,,,,,,,,,,,,,,,,,,,,,,,,,,,,,,,,,,
2023,2,5,18,0,14.3,9.1,71.15,,,,,,,,,,,,,,,,,,,,,,,,,,,,,,,,,,,,
2023,2,5,19,0,14.7,9.5,71.14,,,,,,,,,,,,,,,,,,,,,,,,,,,,,,,,,,,,
2023,2,5,20,0,14.6,9.9,73.19,,,,,,,,,,,,,,,,,,,,,,,,,,,,,,,,,,,,
2023,2,5,21,0,14,10.6,79.76,,,,,,,,,,,,,,,,,,,,,,,,,,,,,,,,,,,,
2023,2,5,22,0,11.4,10.1,91.95,,,,,,,,,,,,,,,,,,,,,,,,,,,,,,,,,,,,
2023,2,5,23,0,8.6,8.2,97.4,,,,,,,,,,,,,,,,,,,,,,,,,,,,,,,,,,,,
2023,2,6,0,0,7.7,7.7,100,,,,,,,,,,,,,,,,,,,,,,,,,,,,,,,,,,,,
2023,2,6,1,0,7.1,7.1,100,,,,,,,,,,,,,,,,,,,,,,,,,,,,,,,,,,,,
2023,2,6,2,0,6.3,6.3,100,,,,,,,,,,,,,,,,,,,,,,,,,,,,,,,,,,,,
2023,2,6,3,0,5.4,5.4,100,,,,,,,,,,,,,,,,,,,,,,,,,,,,,,,,,,,,
2023,2,6,4,0,4.7,4.7,100,,,,,,,,,,,,,,,,,,,,,,,,,,,,,,,,,,,,
2023,2,6,5,0,4.3,4.3,100,,,,,,,,,,,,,,,,,,,,,,,,,,,,,,,,,,,,
2023,2,6,6,0,3.9,3.9,100,,,,,,,,,,,,,,,,,,,,,,,,,,,,,,,,,,,,
2023,2,6,7,0,3.5,3.5,100,,,,,,,,,,,,,,,,,,,,,,,,,,,,,,,,,,,,
2023,2,6,8,0,3.5,3.5,100,,,,,,,,,,,,,,,,,,,,,,,,,,,,,,,,,,,,
2023,2,6,9,0,3.7,3.7,100,,,,,,,,,,,,,,,,,,,,,,,,,,,,,,,,,,,,
2023,2,6,10,0,4.5,4.5,100,,,,,,,,,,,,,,,,,,,,,,,,,,,,,,,,,,,,
2023,2,6,11,0,4.3,4.3,100,,,,,,,,,,,,,,,,,,,,,,,,,,,,,,,,,,,,
2023,2,6,12,0,4.4,4.4,100,,,,,,,,,,,,,,,,,,,,,,,,,,,,,,,,,,,,
2023,2,6,13,0,5.7,4.8,93.71,,,,,,,,,,,,,,,,,,,,,,,,,,,,,,,,,,,,
2023,2,6,14,0,8.3,5.4,82.18,,,,,,,,,,,,,,,,,,,,,,,,,,,,,,,,,,,,
2023,2,6,15,0,11.9,5.3,63.9,,,,,,,,,,,,,,,,,,,,,,,,,,,,,,,,,,,,
2023,2,6,16,0,14.2,3.8,49.53,,,,,,,,,,,,,,,,,,,,,,,,,,,,,,,,,,,,
2023,2,6,17,0,15.4,3.7,45.48,,,,,,,,,,,,,,,,,,,,,,,,,,,,,,,,,,,,
2023,2,6,18,0,16.2,3.8,43.71,,,,,,,,,,,,,,,,,,,,,,,,,,,,,,,,,,,,
2023,2,6,19,0,16.5,4.1,43.56,,,,,,,,,,,,,,,,,,,,,,,,,,,,,,,,,,,,
2023,2,6,20,0,16.3,4.5,45.61,,,,,,,,,,,,,,,,,,,,,,,,,,,,,,,,,,,,
2023,2,6,21,0,16.1,6.2,52,,,,,,,,,,,,,,,,,,,,,,,,,,,,,,,,,,,,
2023,2,6,22,0,14.1,4.8,53.46,,,,,,,,,,,,,,,,,,,,,,,,,,,,,,,,,,,,
2023,2,6,23,0,13,2.1,47.52,,,,,,,,,,,,,,,,,,,,,,,,,,,,,,,,,,,,
2023,2,7,0,0,12.6,1.5,46.81,,,,,,,,,,,,,,,,,,,,,,,,,,,,,,,,,,,,
2023,2,7,1,0,11.8,1.5,49.21,,,,,,,,,,,,,,,,,,,,,,,,,,,,,,,,,,,,
2023,2,7,2,0,10,1.9,57.1,,,,,,,,,,,,,,,,,,,,,,,,,,,,,,,,,,,,
2023,2,7,3,0,7.9,1.9,66.03,,,,,,,,,,,,,,,,,,,,,,,,,,,,,,,,,,,,
2023,2,7,4,0,5.9,2.1,76.6,,,,,,,,,,,,,,,,,,,,,,,,,,,,,,,,,,,,
2023,2,7,5,0,5,2.5,84.12,,,,,,,,,,,,,,,,,,,,,,,,,,,,,,,,,,,,
2023,2,7,6,0,4.8,2.8,87.03,,,,,,,,,,,,,,,,,,,,,,,,,,,,,,,,,,,,
2023,2,7,7,0,4.4,2.7,88.91,,,,,,,,,,,,,,,,,,,,,,,,,,,,,,,,,,,,
2023,2,7,8,0,4,2.6,90.67,,,,,,,,,,,,,,,,,,,,,,,,,,,,,,,,,,,,
2023,2,7,9,0,3.4,2.5,93.58,,,,,,,,,,,,,,,,,,,,,,,,,,,,,,,,,,,,
2023,2,7,10,0,2.8,2.4,97.03,,,,,,,,,,,,,,,,,,,,,,,,,,,,,,,,,,,,
2023,2,7,11,0,2.4,2.4,100,,,,,,,,,,,,,,,,,,,,,,,,,,,,,,,,,,,,
2023,2,7,12,0,2.6,2.6,100,,,,,,,,,,,,,,,,,,,,,,,,,,,,,,,,,,,,
2023,2,7,13,0,5.8,4.3,89.86,,,,,,,,,,,,,,,,,,,,,,,,,,,,,,,,,,,,
2023,2,7,14,0,8.4,5.3,80.98,,,,,,,,,,,,,,,,,,,,,,,,,,,,,,,,,,,,
2023,2,7,15,0,11.8,6.9,72.13,,,,,,,,,,,,,,,,,,,,,,,,,,,,,,,,,,,,
2023,2,7,16,0,14.7,7.3,61.37,,,,,,,,,,,,,,,,,,,,,,,,,,,,,,,,,,,,
2023,2,7,17,0,16.2,7.6,56.72,,,,,,,,,,,,,,,,,,,,,,,,,,,,,,,,,,,,
2023,2,7,18,0,16.9,8,55.93,,,,,,,,,,,,,,,,,,,,,,,,,,,,,,,,,,,,
2023,2,7,19,0,17.4,8.6,56.22,,,,,,,,,,,,,,,,,,,,,,,,,,,,,,,,,,,,
2023,2,7,20,0,17.3,9.4,59.7,,,,,,,,,,,,,,,,,,,,,,,,,,,,,,,,,,,,
2023,2,7,21,0,16.2,11.3,72.94,,,,,,,,,,,,,,,,,,,,,,,,,,,,,,,,,,,,
2023,2,7,22,0,12.8,11.3,90.4,,,,,,,,,,,,,,,,,,,,,,,,,,,,,,,,,,,,
2023,2,7,23,0,10.6,9.3,91.63,,,,,,,,,,,,,,,,,,,,,,,,,,,,,,,,,,,,
2023,2,8,0,0,9.8,8.7,92.95,,,,,,,,,,,,,,,,,,,,,,,,,,,,,,,,,,,,
2023,2,8,1,0,9.4,8.3,92.99,,,,,,,,,,,,,,,,,,,,,,,,,,,,,,,,,,,,
2023,2,8,2,0,9.2,8.2,93.23,,,,,,,,,,,,,,,,,,,,,,,,,,,,,,,,,,,,
2023,2,8,3,0,8.9,8,93.78,,,,,,,,,,,,,,,,,,,,,,,,,,,,,,,,,,,,
2023,2,8,4,0,8.5,7.8,95.66,,,,,,,,,,,,,,,,,,,,,,,,,,,,,,,,,,,,
2023,2,8,5,0,8.3,7.8,96.98,,,,,,,,,,,,,,,,,,,,,,,,,,,,,,,,,,,,
2023,2,8,6,0,8.1,8,99.15,,,,,,,,,,,,,,,,,,,,,,,,,,,,,,,,,,,,
2023,2,8,7,0,7.8,7.8,100,,,,,,,,,,,,,,,,,,,,,,,,,,,,,,,,,,,,
2023,2,8,8,0,7.7,7.7,100,,,,,,,,,,,,,,,,,,,,,,,,,,,,,,,,,,,,
2023,2,8,9,0,7.6,7.6,100,,,,,,,,,,,,,,,,,,,,,,,,,,,,,,,,,,,,
2023,2,8,10,0,7.7,7.7,100,,,,,,,,,,,,,,,,,,,,,,,,,,,,,,,,,,,,
2023,2,8,11,0,7.8,7.8,100,,,,,,,,,,,,,,,,,,,,,,,,,,,,,,,,,,,,
2023,2,8,12,0,8.2,8.2,100,,,,,,,,,,,,,,,,,,,,,,,,,,,,,,,,,,,,
2023,2,8,13,0,11.1,10.6,96.84,,,,,,,,,,,,,,,,,,,,,,,,,,,,,,,,,,,,
2023,2,8,14,0,13.7,11.8,88.54,,,,,,,,,,,,,,,,,,,,,,,,,,,,,,,,,,,,
2023,2,8,15,0,17.2,13.2,77.32,,,,,,,,,,,,,,,,,,,,,,,,,,,,,,,,,,,,
2023,2,8,16,0,19.8,14.3,70.57,,,,,,,,,,,,,,,,,,,,,,,,,,,,,,,,,,,,
2023,2,8,17,0,20.7,15.1,70.15,,,,,,,,,,,,,,,,,,,,,,,,,,,,,,,,,,,,
2023,2,8,18,0,20.5,15.5,72.91,,,,,,,,,,,,,,,,,,,,,,,,,,,,,,,,,,,,
2023,2,8,19,0,19.8,16.1,79.18,,,,,,,,,,,,,,,,,,,,,,,,,,,,,,,,,,,,
2023,2,8,20,0,19.1,16.9,86.87,,,,,,,,,,,,,,,,,,,,,,,,,,,,,,,,,,,,
2023,2,8,21,0,18,17.1,94.49,,,,,,,,,,,,,,,,,,,,,,,,,,,,,,,,,,,,
2023,2,8,22,0,16.8,16.2,96.53,,,,,,,,,,,,,,,,,,,,,,,,,,,,,,,,,,,,
2023,2,8,23,0,16.1,15.6,96.78,,,,,,,,,,,,,,,,,,,,,,,,,,,,,,,,,,,,
2023,2,9,0,0,15.8,15.2,96.42,,,,,,,,,,,,,,,,,,,,,,,,,,,,,,,,,,,,
2023,2,9,1,0,15.1,14.7,97.54,,,,,,,,,,,,,,,,,,,,,,,,,,,,,,,,,,,,
2023,2,9,2,0,14.6,14.3,97.77,,,,,,,,,,,,,,,,,,,,,,,,,,,,,,,,,,,,
2023,2,9,3,0,14,13.8,98.98,,,,,,,,,,,,,,,,,,,,,,,,,,,,,,,,,,,,
2023,2,9,4,0,13.1,13.1,100,,,,,,,,,,,,,,,,,,,,,,,,,,,,,,,,,,,,
2023,2,9,5,0,12.4,12.4,100,,,,,,,,,,,,,,,,,,,,,,,,,,,,,,,,,,,,
2023,2,9,6,0,11.8,11.8,100,,,,,,,,,,,,,,,,,,,,,,,,,,,,,,,,,,,,
2023,2,9,7,0,11.8,11.8,100,,,,,,,,,,,,,,,,,,,,,,,,,,,,,,,,,,,,
2023,2,9,8,0,11.6,11.6,100,,,,,,,,,,,,,,,,,,,,,,,,,,,,,,,,,,,,
2023,2,9,9,0,11.6,11.6,100,,,,,,,,,,,,,,,,,,,,,,,,,,,,,,,,,,,,
2023,2,9,10,0,11.5,11.5,100,,,,,,,,,,,,,,,,,,,,,,,,,,,,,,,,,,,,
2023,2,9,11,0,11.5,11.5,100,,,,,,,,,,,,,,,,,,,,,,,,,,,,,,,,,,,,
2023,2,9,12,0,11.7,11.7,100,,,,,,,,,,,,,,,,,,,,,,,,,,,,,,,,,,,,
2023,2,9,13,0,12.8,12.6,98.49,,,,,,,,,,,,,,,,,,,,,,,,,,,,,,,,,,,,
2023,2,9,14,0,13.9,13.4,96.79,,,,,,,,,,,,,,,,,,,,,,,,,,,,,,,,,,,,
2023,2,9,15,0,15.2,14.2,93.95,,,,,,,,,,,,,,,,,,,,,,,,,,,,,,,,,,,,
2023,2,9,16,0,16.6,14.9,89.74,,,,,,,,,,,,,,,,,,,,,,,,,,,,,,,,,,,,
2023,2,9,17,0,17.6,15.5,87.7,,,,,,,,,,,,,,,,,,,,,,,,,,,,,,,,,,,,
2023,2,9,18,0,18.1,16.1,88.11,,,,,,,,,,,,,,,,,,,,,,,,,,,,,,,,,,,,
2023,2,9,19,0,18.3,16.5,89.17,,,,,,,,,,,,,,,,,,,,,,,,,,,,,,,,,,,,
2023,2,9,20,0,18,16.8,92.72,,,,,,,,,,,,,,,,,,,,,,,,,,,,,,,,,,,,
2023,2,9,21,0,17.4,16.9,96.95,,,,,,,,,,,,,,,,,,,,,,,,,,,,,,,,,,,,
2023,2,9,22,0,16.4,16.4,100,,,,,,,,,,,,,,,,,,,,,,,,,,,,,,,,,,,,
2023,2,9,23,0,15.3,15.3,100,,,,,,,,,,,,,,,,,,,,,,,,,,,,,,,,,,,,
2023,2,10,0,0,15.4,15.4,100,,,,,,,,,,,,,,,,,,,,,,,,,,,,,,,,,,,,
2023,2,10,1,0,15.3,15.3,100,,,,,,,,,,,,,,,,,,,,,,,,,,,,,,,,,,,,
2023,2,10,2,0,14.7,14.7,99.95,,,,,,,,,,,,,,,,,,,,,,,,,,,,,,,,,,,,
2023,2,10,3,0,13.5,13.2,98.3,,,,,,,,,,,,,,,,,,,,,,,,,,,,,,,,,,,,
2023,2,10,4,0,12.5,12.3,98.83,,,,,,,,,,,,,,,,,,,,,,,,,,,,,,,,,,,,
2023,2,10,5,0,11.7,11.6,99.35,,,,,,,,,,,,,,,,,,,,,,,,,,,,,,,,,,,,
2023,2,10,6,0,11,11,100,,,,,,,,,,,,,,,,,,,,,,,,,,,,,,,,,,,,
2023,2,10,7,0,10.4,10.4,100,,,,,,,,,,,,,,,,,,,,,,,,,,,,,,,,,,,,
2023,2,10,8,0,9.8,9.8,100,,,,,,,,,,,,,,,,,,,,,,,,,,,,,,,,,,,,
2023,2,10,9,0,9.4,9.4,100,,,,,,,,,,,,,,,,,,,,,,,,,,,,,,,,,,,,
2023,2,10,10,0,8.9,8.9,100,,,,,,,,,,,,,,,,,,,,,,,,,,,,,,,,,,,,
2023,2,10,11,0,8.6,8.6,99.81,,,,,,,,,,,,,,,,,,,,,,,,,,,,,,,,,,,,
2023,2,10,12,0,8.3,8.2,99.11,,,,,,,,,,,,,,,,,,,,,,,,,,,,,,,,,,,,
2023,2,10,13,0,8.5,7.9,96.22,,,,,,,,,,,,,,,,,,,,,,,,,,,,,,,,,,,,
2023,2,10,14,0,9.3,7.9,90.68,,,,,,,,,,,,,,,,,,,,,,,,,,,,,,,,,,,,
2023,2,10,15,0,10.6,7.5,81.21,,,,,,,,,,,,,,,,,,,,,,,,,,,,,,,,,,,,
2023,2,10,16,0,12.3,6.7,68.72,,,,,,,,,,,,,,,,,,,,,,,,,,,,,,,,,,,,
2023,2,10,17,0,14,6.3,59.83,,,,,,,,,,,,,,,,,,,,,,,,,,,,,,,,,,,,
2023,2,10,18,0,15.3,6.1,54.28,,,,,,,,,,,,,,,,,,,,,,,,,,,,,,,,,,,,
2023,2,10,19,0,15.5,6.3,54.09,,,,,,,,,,,,,,,,,,,,,,,,,,,,,,,,,,,,
2023,2,10,20,0,14.3,7.2,62.56,,,,,,,,,,,,,,,,,,,,,,,,,,,,,,,,,,,,
2023,2,10,21,0,12.7,8.4,75.29,,,,,,,,,,,,,,,,,,,,,,,,,,,,,,,,,,,,
2023,2,10,22,0,11.3,7.6,77.74,,,,,,,,,,,,,,,,,,,,,,,,,,,,,,,,,,,,
2023,2,10,23,0,10.1,7.3,82.48,,,,,,,,,,,,,,,,,,,,,,,,,,,,,,,,,,,,
2023,2,11,0,0,9.4,7.5,87.79,,,,,,,,,,,,,,,,,,,,,,,,,,,,,,,,,,,,
2023,2,11,1,0,9,7.3,89.08,,,,,,,,,,,,,,,,,,,,,,,,,,,,,,,,,,,,
2023,2,11,2,0,8.6,7,89.84,,,,,,,,,,,,,,,,,,,,,,,,,,,,,,,,,,,,
2023,2,11,3,0,8.1,6.8,91.79,,,,,,,,,,,,,,,,,,,,,,,,,,,,,,,,,,,,
2023,2,11,4,0,7.7,6.6,92.66,,,,,,,,,,,,,,,,,,,,,,,,,,,,,,,,,,,,
2023,2,11,5,0,7.1,6.4,95.01,,,,,,,,,,,,,,,,,,,,,,,,,,,,,,,,,,,,
2023,2,11,6,0,6.6,6,96.02,,,,,,,,,,,,,,,,,,,,,,,,,,,,,,,,,,,,
2023,2,11,7,0,6.5,5.9,95.66,,,,,,,,,,,,,,,,,,,,,,,,,,,,,,,,,,,,
2023,2,11,8,0,6.4,5.7,95.5,,,,,,,,,,,,,,,,,,,,,,,,,,,,,,,,,,,,
2023,2,11,9,0,5.9,5.6,97.75,,,,,,,,,,,,,,,,,,,,,,,,,,,,,,,,,,,,
2023,2,11,10,0,5.7,5.5,98.93,,,,,,,,,,,,,,,,,,,,,,,,,,,,,,,,,,,,
2023,2,11,11,0,6.8,5.8,93.42,,,,,,,,,,,,,,,,,,,,,,,,,,,,,,,,,,,,
2023,2,11,12,0,7.3,5.9,91.08,,,,,,,,,,,,,,,,,,,,,,,,,,,,,,,,,,,,
2023,2,11,13,0,8.3,6.2,86.72,,,,,,,,,,,,,,,,,,,,,,,,,,,,,,,,,,,,
2023,2,11,14,0,9.5,6.6,82.01,,,,,,,,,,,,,,,,,,,,,,,,,,,,,,,,,,,,
2023,2,11,15,0,10.2,6.9,80.25,,,,,,,,,,,,,,,,,,,,,,,,,,,,,,,,,,,,
2023,2,11,16,0,10.6,7,78.68,,,,,,,,,,,,,,,,,,,,,,,,,,,,,,,,,,,,
2023,2,11,17,0,12.1,6.8,69.87,,,,,,,,,,,,,,,,,,,,,,,,,,,,,,,,,,,,
2023,2,11,18,0,11,6.6,74.09,,,,,,,,,,,,,,,,,,,,,,,,,,,,,,,,,,,,
2023,2,11,19,0,10.1,7.1,81.68,,,,,,,,,,,,,,,,,,,,,,,,,,,,,,,,,,,,
2023,2,11,20,0,9.5,7.2,85.51,,,,,,,,,,,,,,,,,,,,,,,,,,,,,,,,,,,,
2023,2,11,21,0,8.9,7,87.86,,,,,,,,,,,,,,,,,,,,,,,,,,,,,,,,,,,,
2023,2,11,22,0,8,6.4,89.72,,,,,,,,,,,,,,,,,,,,,,,,,,,,,,,,,,,,
2023,2,11,23,0,6.7,5.6,92.76,,,,,,,,,,,,,,,,,,,,,,,,,,,,,,,,,,,,
2023,2,12,0,0,6.1,5.2,93.75,,,,,,,,,,,,,,,,,,,,,,,,,,,,,,,,,,,,
2023,2,12,1,0,5.9,5,94.05,,,,,,,,,,,,,,,,,,,,,,,,,,,,,,,,,,,,
2023,2,12,2,0,5.6,4.8,94.44,,,,,,,,,,,,,,,,,,,,,,,,,,,,,,,,,,,,
2023,2,12,3,0,5.4,4.7,95.36,,,,,,,,,,,,,,,,,,,,,,,,,,,,,,,,,,,,
2023,2,12,4,0,5.3,4.7,96.2,,,,,,,,,,,,,,,,,,,,,,,,,,,,,,,,,,,,
2023,2,12,5,0,4.9,4.5,97.4,,,,,,,,,,,,,,,,,,,,,,,,,,,,,,,,,,,,
2023,2,12,6,0,4.6,4.3,97.87,,,,,,,,,,,,,,,,,,,,,,,,,,,,,,,,,,,,
2023,2,12,7,0,4.3,4,98.12,,,,,,,,,,,,,,,,,,,,,,,,,,,,,,,,,,,,
2023,2,12,8,0,4.1,3.9,98.31,,,,,,,,,,,,,,,,,,,,,,,,,,,,,,,,,,,,
2023,2,12,9,0,4.1,3.9,98.66,,,,,,,,,,,,,,,,,,,,,,,,,,,,,,,,,,,,
2023,2,12,10,0,4.2,4,98.57,,,,,,,,,,,,,,,,,,,,,,,,,,,,,,,,,,,,
2023,2,12,11,0,4.2,4,98.54,,,,,,,,,,,,,,,,,,,,,,,,,,,,,,,,,,,,
2023,2,12,12,0,4,3.9,99.32,,,,,,,,,,,,,,,,,,,,,,,,,,,,,,,,,,,,
2023,2,12,13,0,4.1,3.8,97.8,,,,,,,,,,,,,,,,,,,,,,,,,,,,,,,,,,,,
2023,2,12,14,0,4.3,3.7,95.56,,,,,,,,,,,,,,,,,,,,,,,,,,,,,,,,,,,,
2023,2,12,15,0,4.8,3.5,91.33,,,,,,,,,,,,,,,,,,,,,,,,,,,,,,,,,,,,
2023,2,12,16,0,5.8,3.5,85.09,,,,,,,,,,,,,,,,,,,,,,,,,,,,,,,,,,,,
2023,2,12,17,0,6.7,3.4,79.62,,,,,,,,,,,,,,,,,,,,,,,,,,,,,,,,,,,,
2023,2,12,18,0,7.2,3.4,76.59,,,,,,,,,,,,,,,,,,,,,,,,,,,,,,,,,,,,
2023,2,12,19,0,7.6,3.6,75.62,,,,,,,,,,,,,,,,,,,,,,,,,,,,,,,,,,,,
2023,2,12,20,0,8.2,4.1,75.4,,,,,,,,,,,,,,,,,,,,,,,,,,,,,,,,,,,,
2023,2,12,21,0,8.2,4.7,78.53,,,,,,,,,,,,,,,,,,,,,,,,,,,,,,,,,,,,
2023,2,12,22,0,7.3,5.3,87.16,,,,,,,,,,,,,,,,,,,,,,,,,,,,,,,,,,,,
2023,2,12,23,0,5.7,5.3,97.27,,,,,,,,,,,,,,,,,,,,,,,,,,,,,,,,,,,,
2023,2,13,0,0,5.2,5.2,100,,,,,,,,,,,,,,,,,,,,,,,,,,,,,,,,,,,,
2023,2,13,1,0,5.3,5.3,100,,,,,,,,,,,,,,,,,,,,,,,,,,,,,,,,,,,,
2023,2,13,2,0,5.1,5.1,100,,,,,,,,,,,,,,,,,,,,,,,,,,,,,,,,,,,,
2023,2,13,3,0,4.9,4.9,100,,,,,,,,,,,,,,,,,,,,,,,,,,,,,,,,,,,,
2023,2,13,4,0,4.6,4.6,99.81,,,,,,,,,,,,,,,,,,,,,,,,,,,,,,,,,,,,
2023,2,13,5,0,3.6,3.6,100,,,,,,,,,,,,,,,,,,,,,,,,,,,,,,,,,,,,
2023,2,13,6,0,3.5,3.4,99.29,,,,,,,,,,,,,,,,,,,,,,,,,,,,,,,,,,,,
2023,2,13,7,0,2.6,2.6,99.8,,,,,,,,,,,,,,,,,,,,,,,,,,,,,,,,,,,,
2023,2,13,8,0,1.6,1.6,100,,,,,,,,,,,,,,,,,,,,,,,,,,,,,,,,,,,,
2023,2,13,9,0,1.4,1.4,100,,,,,,,,,,,,,,,,,,,,,,,,,,,,,,,,,,,,
2023,2,13,10,0,1.4,1.3,99.08,,,,,,,,,,,,,,,,,,,,,,,,,,,,,,,,,,,,
2023,2,13,11,0,1,0.8,98.47,,,,,,,,,,,,,,,,,,,,,,,,,,,,,,,,,,,,
2023,2,13,12,0,0.7,0.5,98.5,,,,,,,,,,,,,,,,,,,,,,,,,,,,,,,,,,,,
2023,2,13,13,0,2.8,1.4,90.49,,,,,,,,,,,,,,,,,,,,,,,,,,,,,,,,,,,,
2023,2,13,14,0,6.2,2.7,78.12,,,,,,,,,,,,,,,,,,,,,,,,,,,,,,,,,,,,
2023,2,13,15,0,9.7,3,62.92,,,,,,,,,,,,,,,,,,,,,,,,,,,,,,,,,,,,
2023,2,13,16,0,12.4,2.2,49.85,,,,,,,,,,,,,,,,,,,,,,,,,,,,,,,,,,,,
2023,2,13,17,0,14,2.2,44.76,,,,,,,,,,,,,,,,,,,,,,,,,,,,,,,,,,,,
2023,2,13,18,0,15,2.7,43.61,,,,,,,,,,,,,,,,,,,,,,,,,,,,,,,,,,,,
2023,2,13,19,0,15.4,3.6,45.11,,,,,,,,,,,,,,,,,,,,,,,,,,,,,,,,,,,,
2023,2,13,20,0,15.1,4.7,49.7,,,,,,,,,,,,,,,,,,,,,,,,,,,,,,,,,,,,
2023,2,13,21,0,14.1,6.7,60.89,,,,,,,,,,,,,,,,,,,,,,,,,,,,,,,,,,,,
2023,2,13,22,0,10.8,8.1,83.61,,,,,,,,,,,,,,,,,,,,,,,,,,,,,,,,,,,,
2023,2,13,23,0,7.6,5.9,88.82,,,,,,,,,,,,,,,,,,,,,,,,,,,,,,,,,,,,
2023,2,14,0,0,7,5.4,89.72,,,,,,,,,,,,,,,,,,,,,,,,,,,,,,,,,,,,
2023,2,14,1,0,6.4,5,90.73,,,,,,,,,,,,,,,,,,,,,,,,,,,,,,,,,,,,
2023,2,14,2,0,5.9,4.5,90.88,,,,,,,,,,,,,,,,,,,,,,,,,,,,,,,,,,,,
2023,2,14,3,0,5.6,4.1,89.93,,,,,,,,,,,,,,,,,,,,,,,,,,,,,,,,,,,,
2023,2,14,4,0,5.1,3.8,91.19,,,,,,,,,,,,,,,,,,,,,,,,,,,,,,,,,,,,
2023,2,14,5,0,4.5,3.5,93.51,,,,,,,,,,,,,,,,,,,,,,,,,,,,,,,,,,,,
2023,2,14,6,0,4.1,3.3,94.23,,,,,,,,,,,,,,,,,,,,,,,,,,,,,,,,,,,,
2023,2,14,7,0,4,2.8,92.02,,,,,,,,,,,,,,,,,,,,,,,,,,,,,,,,,,,,
2023,2,14,8,0,4.4,2.4,87.12,,,,,,,,,,,,,,,,,,,,,,,,,,,,,,,,,,,,
2023,2,14,9,0,4.9,2.2,82.77,,,,,,,,,,,,,,,,,,,,,,,,,,,,,,,,,,,,
2023,2,14,10,0,5.4,2.1,79.22,,,,,,,,,,,,,,,,,,,,,,,,,,,,,,,,,,,,
2023,2,14,11,0,5.9,2,76.27,,,,,,,,,,,,,,,,,,,,,,,,,,,,,,,,,,,,
2023,2,14,12,0,5.2,2.3,81.32,,,,,,,,,,,,,,,,,,,,,,,,,,,,,,,,,,,,
2023,2,14,13,0,7.6,5.2,84.89,,,,,,,,,,,,,,,,,,,,,,,,,,,,,,,,,,,,
2023,2,14,14,0,10.3,6,74.85,,,,,,,,,,,,,,,,,,,,,,,,,,,,,,,,,,,,
2023,2,14,15,0,13.6,7.5,66.74,,,,,,,,,,,,,,,,,,,,,,,,,,,,,,,,,,,,
2023,2,14,16,0,16.1,7.1,55.09,,,,,,,,,,,,,,,,,,,,,,,,,,,,,,,,,,,,
2023,2,14,17,0,17.2,7.2,51.67,,,,,,,,,,,,,,,,,,,,,,,,,,,,,,,,,,,,
2023,2,14,18,0,17.9,7.4,50.14,,,,,,,,,,,,,,,,,,,,,,,,,,,,,,,,,,,,
2023,2,14,19,0,17.9,7.8,51.57,,,,,,,,,,,,,,,,,,,,,,,,,,,,,,,,,,,,
2023,2,14,20,0,17.4,8.3,55.18,,,,,,,,,,,,,,,,,,,,,,,,,,,,,,,,,,,,
2023,2,14,21,0,16.1,9.5,64.74,,,,,,,,,,,,,,,,,,,,,,,,,,,,,,,,,,,,
2023,2,14,22,0,13.8,10,77.89,,,,,,,,,,,,,,,,,,,,,,,,,,,,,,,,,,,,
2023,2,14,23,0,11.3,9.2,87.02,,,,,,,,,,,,,,,,,,,,,,,,,,,,,,,,,,,,
2023,2,15,0,0,10.5,9.1,90.79,,,,,,,,,,,,,,,,,,,,,,,,,,,,,,,,,,,,
2023,2,15,1,0,10.2,9,92.53,,,,,,,,,,,,,,,,,,,,,,,,,,,,,,,,,,,,
2023,2,15,2,0,10,9,93.6,,,,,,,,,,,,,,,,,,,,,,,,,,,,,,,,,,,,
2023,2,15,3,0,9.7,8.9,94.84,,,,,,,,,,,,,,,,,,,,,,,,,,,,,,,,,,,,
2023,2,15,4,0,9.3,8.8,96.87,,,,,,,,,,,,,,,,,,,,,,,,,,,,,,,,,,,,
2023,2,15,5,0,8.7,8.7,100,,,,,,,,,,,,,,,,,,,,,,,,,,,,,,,,,,,,
2023,2,15,6,0,8.1,8.1,100,,,,,,,,,,,,,,,,,,,,,,,,,,,,,,,,,,,,
2023,2,15,7,0,7.7,7.7,100,,,,,,,,,,,,,,,,,,,,,,,,,,,,,,,,,,,,
2023,2,15,8,0,8,8,100,,,,,,,,,,,,,,,,,,,,,,,,,,,,,,,,,,,,
2023,2,15,9,0,8.3,8,97.69,,,,,,,,,,,,,,,,,,,,,,,,,,,,,,,,,,,,
2023,2,15,10,0,8.7,8.1,96.15,,,,,,,,,,,,,,,,,,,,,,,,,,,,,,,,,,,,
2023,2,15,11,0,9.2,8.5,95.55,,,,,,,,,,,,,,,,,,,,,,,,,,,,,,,,,,,,
2023,2,15,12,0,9.6,9.1,96.59,,,,,,,,,,,,,,,,,,,,,,,,,,,,,,,,,,,,
2023,2,15,13,0,10.9,10.2,95.5,,,,,,,,,,,,,,,,,,,,,,,,,,,,,,,,,,,,
2023,2,15,14,0,12,11.3,95.2,,,,,,,,,,,,,,,,,,,,,,,,,,,,,,,,,,,,
2023,2,15,15,0,13.2,12.3,94.12,,,,,,,,,,,,,,,,,,,,,,,,,,,,,,,,,,,,
2023,2,15,16,0,14.7,13.4,91.75,,,,,,,,,,,,,,,,,,,,,,,,,,,,,,,,,,,,
2023,2,15,17,0,15.8,14.2,90.35,,,,,,,,,,,,,,,,,,,,,,,,,,,,,,,,,,,,
2023,2,15,18,0,16.5,14.8,89.57,,,,,,,,,,,,,,,,,,,,,,,,,,,,,,,,,,,,
2023,2,15,19,0,17.2,15.3,88.68,,,,,,,,,,,,,,,,,,,,,,,,,,,,,,,,,,,,
2023,2,15,20,0,17.7,15.8,88.74,,,,,,,,,,,,,,,,,,,,,,,,,,,,,,,,,,,,
2023,2,15,21,0,17.6,16.4,92.68,,,,,,,,,,,,,,,,,,,,,,,,,,,,,,,,,,,,
2023,2,15,22,0,16.1,16,99.64,,,,,,,,,,,,,,,,,,,,,,,,,,,,,,,,,,,,
2023,2,15,23,0,14.6,14.6,100,,,,,,,,,,,,,,,,,,,,,,,,,,,,,,,,,,,,
2023,2,16,0,0,14.6,14.6,100,,,,,,,,,,,,,,,,,,,,,,,,,,,,,,,,,,,,
2023,2,16,1,0,13.9,13.9,100,,,,,,,,,,,,,,,,,,,,,,,,,,,,,,,,,,,,
2023,2,16,2,0,13.3,13.3,100,,,,,,,,,,,,,,,,,,,,,,,,,,,,,,,,,,,,
2023,2,16,3,0,12.8,12.8,100,,,,,,,,,,,,,,,,,,,,,,,,,,,,,,,,,,,,
2023,2,16,4,0,12.6,12.6,100,,,,,,,,,,,,,,,,,,,,,,,,,,,,,,,,,,,,
2023,2,16,5,0,12.4,12.4,100,,,,,,,,,,,,,,,,,,,,,,,,,,,,,,,,,,,,
2023,2,16,6,0,12.2,12.2,100,,,,,,,,,,,,,,,,,,,,,,,,,,,,,,,,,,,,
2023,2,16,7,0,11.7,11.7,100,,,,,,,,,,,,,,,,,,,,,,,,,,,,,,,,,,,,
2023,2,16,8,0,11.4,11.4,100,,,,,,,,,,,,,,,,,,,,,,,,,,,,,,,,,,,,
2023,2,16,9,0,11.3,11.3,100,,,,,,,,,,,,,,,,,,,,,,,,,,,,,,,,,,,,
2023,2,16,10,0,11.3,11.3,100,,,,,,,,,,,,,,,,,,,,,,,,,,,,,,,,,,,,
2023,2,16,11,0,11.2,11.2,100,,,,,,,,,,,,,,,,,,,,,,,,,,,,,,,,,,,,
2023,2,16,12,0,11.7,11.7,100,,,,,,,,,,,,,,,,,,,,,,,,,,,,,,,,,,,,
2023,2,16,13,0,13.5,13.4,99.35,,,,,,,,,,,,,,,,,,,,,,,,,,,,,,,,,,,,
2023,2,16,14,0,15.5,14.8,95.9,,,,,,,,,,,,,,,,,,,,,,,,,,,,,,,,,,,,
2023,2,16,15,0,17.6,16,90.34,,,,,,,,,,,,,,,,,,,,,,,,,,,,,,,,,,,,
2023,2,16,16,0,19.5,16.5,82.91,,,,,,,,,,,,,,,,,,,,,,,,,,,,,,,,,,,,
2023,2,16,17,0,20.8,16.8,77.71,,,,,,,,,,,,,,,,,,,,,,,,,,,,,,,,,,,,
2023,2,16,18,0,21.4,16.9,75.49,,,,,,,,,,,,,,,,,,,,,,,,,,,,,,,,,,,,
2023,2,16,19,0,21.9,16.9,73.33,,,,,,,,,,,,,,,,,,,,,,,,,,,,,,,,,,,,
2023,2,16,20,0,21.5,17.2,76.33,,,,,,,,,,,,,,,,,,,,,,,,,,,,,,,,,,,,
2023,2,16,21,0,20,17.9,87.67,,,,,,,,,,,,,,,,,,,,,,,,,,,,,,,,,,,,
2023,2,16,22,0,18.3,17.5,94.92,,,,,,,,,,,,,,,,,,,,,,,,,,,,,,,,,,,,
2023,2,16,23,0,17.6,17.2,97.26,,,,,,,,,,,,,,,,,,,,,,,,,,,,,,,,,,,,
2023,2,17,0,0,17.6,17.3,98.37,,,,,,,,,,,,,,,,,,,,,,,,,,,,,,,,,,,,
2023,2,17,1,0,17.8,17.5,98.43,,,,,,,,,,,,,,,,,,,,,,,,,,,,,,,,,,,,
2023,2,17,2,0,17.9,17.8,99.07,,,,,,,,,,,,,,,,,,,,,,,,,,,,,,,,,,,,
2023,2,17,3,0,17.8,17.8,100,,,,,,,,,,,,,,,,,,,,,,,,,,,,,,,,,,,,
2023,2,17,4,0,17.9,17.9,99.79,,,,,,,,,,,,,,,,,,,,,,,,,,,,,,,,,,,,
2023,2,17,5,0,17.9,17.9,99.77,,,,,,,,,,,,,,,,,,,,,,,,,,,,,,,,,,,,
2023,2,17,6,0,17.9,17.8,99.56,,,,,,,,,,,,,,,,,,,,,,,,,,,,,,,,,,,,
2023,2,17,7,0,17.8,17.8,100,,,,,,,,,,,,,,,,,,,,,,,,,,,,,,,,,,,,
2023,2,17,8,0,17.4,17.4,100,,,,,,,,,,,,,,,,,,,,,,,,,,,,,,,,,,,,
2023,2,17,9,0,16.3,16.3,100,,,,,,,,,,,,,,,,,,,,,,,,,,,,,,,,,,,,
2023,2,17,10,0,13.3,13,98,,,,,,,,,,,,,,,,,,,,,,,,,,,,,,,,,,,,
2023,2,17,11,0,10,9.2,94.69,,,,,,,,,,,,,,,,,,,,,,,,,,,,,,,,,,,,
2023,2,17,12,0,8.8,7.6,92,,,,,,,,,,,,,,,,,,,,,,,,,,,,,,,,,,,,
2023,2,17,13,0,8.6,7.1,90.29,,,,,,,,,,,,,,,,,,,,,,,,,,,,,,,,,,,,
2023,2,17,14,0,8.5,6.2,85.58,,,,,,,,,,,,,,,,,,,,,,,,,,,,,,,,,,,,
2023,2,17,15,0,8.7,5.2,78.45,,,,,,,,,,,,,,,,,,,,,,,,,,,,,,,,,,,,
2023,2,17,16,0,9.6,4.2,68.86,,,,,,,,,,,,,,,,,,,,,,,,,,,,,,,,,,,,
2023,2,17,17,0,10.1,2.9,60.9,,,,,,,,,,,,,,,,,,,,,,,,,,,,,,,,,,,,
2023,2,17,18,0,9.7,1.7,57.54,,,,,,,,,,,,,,,,,,,,,,,,,,,,,,,,,,,,
2023,2,17,19,0,9,0.8,56.39,,,,,,,,,,,,,,,,,,,,,,,,,,,,,,,,,,,,
2023,2,17,20,0,7.9,0,57.27,,,,,,,,,,,,,,,,,,,,,,,,,,,,,,,,,,,,
2023,2,17,21,0,6.5,-0.8,59.65,,,,,,,,,,,,,,,,,,,,,,,,,,,,,,,,,,,,
2023,2,17,22,0,4.6,-1.5,64.79,,,,,,,,,,,,,,,,,,,,,,,,,,,,,,,,,,,,
2023,2,17,23,0,2.8,-1.9,70.97,,,,,,,,,,,,,,,,,,,,,,,,,,,,,,,,,,,,
2023,2,18,0,0,2,-2.4,72.78,,,,,,,,,,,,,,,,,,,,,,,,,,,,,,,,,,,,
2023,2,18,1,0,1.3,-3,73.19,,,,,,,,,,,,,,,,,,,,,,,,,,,,,,,,,,,,
2023,2,18,2,0,0.5,-3.5,74.69,,,,,,,,,,,,,,,,,,,,,,,,,,,,,,,,,,,,
2023,2,18,3,0,-0.3,-3.8,77.3,,,,,,,,,,,,,,,,,,,,,,,,,,,,,,,,,,,,
2023,2,18,4,0,-0.9,-4,79.28,,,,,,,,,,,,,,,,,,,,,,,,,,,,,,,,,,,,
2023,2,18,5,0,-1.5,-4.2,81.59,,,,,,,,,,,,,,,,,,,,,,,,,,,,,,,,,,,,
2023,2,18,6,0,-2.1,-4.4,83.98,,,,,,,,,,,,,,,,,,,,,,,,,,,,,,,,,,,,
2023,2,18,7,0,-2.7,-4.6,86.52,,,,,,,,,,,,,,,,,,,,,,,,,,,,,,,,,,,,
2023,2,18,8,0,-3.1,-4.7,88.51,,,,,,,,,,,,,,,,,,,,,,,,,,,,,,,,,,,,
2023,2,18,9,0,-3.7,-4.8,92.21,,,,,,,,,,,,,,,,,,,,,,,,,,,,,,,,,,,,
2023,2,18,10,0,-4.2,-4.8,95.42,,,,,,,,,,,,,,,,,,,,,,,,,,,,,,,,,,,,
2023,2,18,11,0,-4.6,-4.9,97.92,,,,,,,,,,,,,,,,,,,,,,,,,,,,,,,,,,,,
2023,2,18,12,0,-4.1,-4.8,95.15,,,,,,,,,,,,,,,,,,,,,,,,,,,,,,,,,,,,
2023,2,18,13,0,-1.3,-4.1,80.99,,,,,,,,,,,,,,,,,,,,,,,,,,,,,,,,,,,,
2023,2,18,14,0,2.2,-3.9,64.11,,,,,,,,,,,,,,,,,,,,,,,,,,,,,,,,,,,,
2023,2,18,15,0,5.4,-4,50.79,,,,,,,,,,,,,,,,,,,,,,,,,,,,,,,,,,,,
2023,2,18,16,0,7.9,-3.3,45.16,,,,,,,,,,,,,,,,,,,,,,,,,,,,,,,,,,,,
2023,2,18,17,0,9.9,-2.3,42.38,,,,,,,,,,,,,,,,,,,,,,,,,,,,,,,,,,,,
2023,2,18,18,0,11.4,-1.4,41.12,,,,,,,,,,,,,,,,,,,,,,,,,,,,,,,,,,,,
2023,2,18,19,0,12.3,-0.4,41.57,,,,,,,,,,,,,,,,,,,,,,,,,,,,,,,,,,,,
2023,2,18,20,0,12.4,0.5,44.13,,,,,,,,,,,,,,,,,,,,,,,,,,,,,,,,,,,,
2023,2,18,21,0,11.9,2.3,51.92,,,,,,,,,,,,,,,,,,,,,,,,,,,,,,,,,,,,
2023,2,18,22,0,9.2,5.3,76.65,,,,,,,,,,,,,,,,,,,,,,,,,,,,,,,,,,,,
2023,2,18,23,0,5.5,1.8,76.83,,,,,,,,,,,,,,,,,,,,,,,,,,,,,,,,,,,,
2023,2,19,0,0,3.9,1.4,83.78,,,,,,,,,,,,,,,,,,,,,,,,,,,,,,,,,,,,
2023,2,19,1,0,3.4,1.1,84.93,,,,,,,,,,,,,,,,,,,,,,,,,,,,,,,,,,,,
2023,2,19,2,0,2.7,0.8,87.15,,,,,,,,,,,,,,,,,,,,,,,,,,,,,,,,,,,,
2023,2,19,3,0,2.7,0.8,87.45,,,,,,,,,,,,,,,,,,,,,,,,,,,,,,,,,,,,
2023,2,19,4,0,2.9,1.1,88.18,,,,,,,,,,,,,,,,,,,,,,,,,,,,,,,,,,,,
2023,2,19,5,0,3.4,1.5,87.13,,,,,,,,,,,,,,,,,,,,,,,,,,,,,,,,,,,,
2023,2,19,6,0,2.5,1.3,91.53,,,,,,,,,,,,,,,,,,,,,,,,,,,,,,,,,,,,
2023,2,19,7,0,1.5,1.1,97.16,,,,,,,,,,,,,,,,,,,,,,,,,,,,,,,,,,,,
2023,2,19,8,0,1.2,1,98.75,,,,,,,,,,,,,,,,,,,,,,,,,,,,,,,,,,,,
2023,2,19,9,0,0.7,0.7,100,,,,,,,,,,,,,,,,,,,,,,,,,,,,,,,,,,,,
2023,2,19,10,0,0.8,0.7,99.09,,,,,,,,,,,,,,,,,,,,,,,,,,,,,,,,,,,,
2023,2,19,11,0,1,0.4,96.11,,,,,,,,,,,,,,,,,,,,,,,,,,,,,,,,,,,,
2023,2,19,12,0,1.6,1.2,97.34,,,,,,,,,,,,,,,,,,,,,,,,,,,,,,,,,,,,
2023,2,19,13,0,4.5,2.2,85,,,,,,,,,,,,,,,,,,,,,,,,,,,,,,,,,,,,
2023,2,19,14,0,8,3.3,72.03,,,,,,,,,,,,,,,,,,,,,,,,,,,,,,,,,,,,
2023,2,19,15,0,11.8,4.5,60.85,,,,,,,,,,,,,,,,,,,,,,,,,,,,,,,,,,,,
2023,2,19,16,0,13.8,5.3,56.35,,,,,,,,,,,,,,,,,,,,,,,,,,,,,,,,,,,,
2023,2,19,17,0,15,5.5,53.12,,,,,,,,,,,,,,,,,,,,,,,,,,,,,,,,,,,,
2023,2,19,18,0,15.5,5.7,51.88,,,,,,,,,,,,,,,,,,,,,,,,,,,,,,,,,,,,
2023,2,19,19,0,15,6.3,55.94,,,,,,,,,,,,,,,,,,,,,,,,,,,,,,,,,,,,
2023,2,19,20,0,14.3,7.8,64.76,,,,,,,,,,,,,,,,,,,,,,,,,,,,,,,,,,,,
2023,2,19,21,0,13.1,9.9,81.16,,,,,,,,,,,,,,,,,,,,,,,,,,,,,,,,,,,,
2023,2,19,22,0,11.2,9.4,88.46,,,,,,,,,,,,,,,,,,,,,,,,,,,,,,,,,,,,
2023,2,19,23,0,8.9,7.3,89.6,,,,,,,,,,,,,,,,,,,,,,,,,,,,,,,,,,,,
2023,2,20,0,0,7.9,6.6,91.64,,,,,,,,,,,,,,,,,,,,,,,,,,,,,,,,,,,,
2023,2,20,1,0,7.3,6.2,92.49,,,,,,,,,,,,,,,,,,,,,,,,,,,,,,,,,,,,
2023,2,20,2,0,6.8,5.8,93.5,,,,,,,,,,,,,,,,,,,,,,,,,,,,,,,,,,,,
2023,2,20,3,0,6.6,5.7,94.19,,,,,,,,,,,,,,,,,,,,,,,,,,,,,,,,,,,,
2023,2,20,4,0,6.9,5.9,93.21,,,,,,,,,,,,,,,,,,,,,,,,,,,,,,,,,,,,
2023,2,20,5,0,6.6,5.8,94.53,,,,,,,,,,,,,,,,,,,,,,,,,,,,,,,,,,,,
2023,2,20,6,0,5.7,5.4,98.07,,,,,,,,,,,,,,,,,,,,,,,,,,,,,,,,,,,,
2023,2,20,7,0,5.3,5.3,100,,,,,,,,,,,,,,,,,,,,,,,,,,,,,,,,,,,,
2023,2,20,8,0,5,5,100,,,,,,,,,,,,,,,,,,,,,,,,,,,,,,,,,,,,
2023,2,20,9,0,4.7,4.7,100,,,,,,,,,,,,,,,,,,,,,,,,,,,,,,,,,,,,
2023,2,20,10,0,4.7,4.7,100,,,,,,,,,,,,,,,,,,,,,,,,,,,,,,,,,,,,
2023,2,20,11,0,5,5,100,,,,,,,,,,,,,,,,,,,,,,,,,,,,,,,,,,,,
2023,2,20,12,0,6.3,5.7,95.98,,,,,,,,,,,,,,,,,,,,,,,,,,,,,,,,,,,,
2023,2,20,13,0,9.2,7.4,88.25,,,,,,,,,,,,,,,,,,,,,,,,,,,,,,,,,,,,
2023,2,20,14,0,11.6,9.3,85.66,,,,,,,,,,,,,,,,,,,,,,,,,,,,,,,,,,,,
2023,2,20,15,0,14.3,11.2,81.47,,,,,,,,,,,,,,,,,,,,,,,,,,,,,,,,,,,,
2023,2,20,16,0,16.7,12.4,75.75,,,,,,,,,,,,,,,,,,,,,,,,,,,,,,,,,,,,
2023,2,20,17,0,18.4,12.9,70.22,,,,,,,,,,,,,,,,,,,,,,,,,,,,,,,,,,,,
2023,2,20,18,0,19.4,13.1,67,,,,,,,,,,,,,,,,,,,,,,,,,,,,,,,,,,,,
2023,2,20,19,0,19.6,13.4,67.49,,,,,,,,,,,,,,,,,,,,,,,,,,,,,,,,,,,,
2023,2,20,20,0,19.1,14,72.11,,,,,,,,,,,,,,,,,,,,,,,,,,,,,,,,,,,,
2023,2,20,21,0,17.8,14.3,80.22,,,,,,,,,,,,,,,,,,,,,,,,,,,,,,,,,,,,
2023,2,20,22,0,16.3,14.2,87.12,,,,,,,,,,,,,,,,,,,,,,,,,,,,,,,,,,,,
2023,2,20,23,0,15,13.8,92.81,,,,,,,,,,,,,,,,,,,,,,,,,,,,,,,,,,,,
2023,2,21,0,0,14.6,13.9,95.55,,,,,,,,,,,,,,,,,,,,,,,,,,,,,,,,,,,,
2023,2,21,1,0,14.3,14,98.28,,,,,,,,,,,,,,,,,,,,,,,,,,,,,,,,,,,,
2023,2,21,2,0,14,14,100,,,,,,,,,,,,,,,,,,,,,,,,,,,,,,,,,,,,
2023,2,21,3,0,13.8,13.8,100,,,,,,,,,,,,,,,,,,,,,,,,,,,,,,,,,,,,
2023,2,21,4,0,14,14,100,,,,,,,,,,,,,,,,,,,,,,,,,,,,,,,,,,,,
2023,2,21,5,0,14.5,14.5,100,,,,,,,,,,,,,,,,,,,,,,,,,,,,,,,,,,,,
2023,2,21,6,0,15.4,15.4,100,,,,,,,,,,,,,,,,,,,,,,,,,,,,,,,,,,,,
2023,2,21,7,0,15.8,15.8,100,,,,,,,,,,,,,,,,,,,,,,,,,,,,,,,,,,,,
2023,2,21,8,0,15.9,15.9,100,,,,,,,,,,,,,,,,,,,,,,,,,,,,,,,,,,,,
2023,2,21,9,0,16,16,99.76,,,,,,,,,,,,,,,,,,,,,,,,,,,,,,,,,,,,
2023,2,21,10,0,15.8,15.8,100,,,,,,,,,,,,,,,,,,,,,,,,,,,,,,,,,,,,
2023,2,21,11,0,15.6,15.6,100,,,,,,,,,,,,,,,,,,,,,,,,,,,,,,,,,,,,
2023,2,21,12,0,15.6,15.6,100,,,,,,,,,,,,,,,,,,,,,,,,,,,,,,,,,,,,
2023,2,21,13,0,17,16.5,97.03,,,,,,,,,,,,,,,,,,,,,,,,,,,,,,,,,,,,
2023,2,21,14,0,18.8,17.3,91.2,,,,,,,,,,,,,,,,,,,,,,,,,,,,,,,,,,,,
2023,2,21,15,0,20.3,17.4,83.58,,,,,,,,,,,,,,,,,,,,,,,,,,,,,,,,,,,,
2023,2,21,16,0,21.2,17.1,77.48,,,,,,,,,,,,,,,,,,,,,,,,,,,,,,,,,,,,
2023,2,21,17,0,21.6,16.9,74.78,,,,,,,,,,,,,,,,,,,,,,,,,,,,,,,,,,,,
2023,2,21,18,0,21.4,16.9,75.57,,,,,,,,,,,,,,,,,,,,,,,,,,,,,,,,,,,,
2023,2,21,19,0,21.2,17.2,77.92,,,,,,,,,,,,,,,,,,,,,,,,,,,,,,,,,,,,
2023,2,21,20,0,21,17.6,80.71,,,,,,,,,,,,,,,,,,,,,,,,,,,,,,,,,,,,
2023,2,21,21,0,20.6,18.2,86.08,,,,,,,,,,,,,,,,,,,,,,,,,,,,,,,,,,,,
2023,2,21,22,0,19.3,18.5,95.02,,,,,,,,,,,,,,,,,,,,,,,,,,,,,,,,,,,,
2023,2,21,23,0,17.2,16.8,97.52,,,,,,,,,,,,,,,,,,,,,,,,,,,,,,,,,,,,
2023,2,22,0,0,16.3,16.3,100,,,,,,,,,,,,,,,,,,,,,,,,,,,,,,,,,,,,
2023,2,22,1,0,16,16,100,,,,,,,,,,,,,,,,,,,,,,,,,,,,,,,,,,,,
2023,2,22,2,0,16,16,100,,,,,,,,,,,,,,,,,,,,,,,,,,,,,,,,,,,,
2023,2,22,3,0,15.9,15.9,100,,,,,,,,,,,,,,,,,,,,,,,,,,,,,,,,,,,,
2023,2,22,4,0,15.5,15.5,100,,,,,,,,,,,,,,,,,,,,,,,,,,,,,,,,,,,,
2023,2,22,5,0,15.2,15.2,100,,,,,,,,,,,,,,,,,,,,,,,,,,,,,,,,,,,,
2023,2,22,6,0,14.9,14.9,100,,,,,,,,,,,,,,,,,,,,,,,,,,,,,,,,,,,,
2023,2,22,7,0,14.9,14.9,100,,,,,,,,,,,,,,,,,,,,,,,,,,,,,,,,,,,,
2023,2,22,8,0,14.9,14.9,100,,,,,,,,,,,,,,,,,,,,,,,,,,,,,,,,,,,,
2023,2,22,9,0,14.8,14.8,100,,,,,,,,,,,,,,,,,,,,,,,,,,,,,,,,,,,,
2023,2,22,10,0,14.6,14.6,100,,,,,,,,,,,,,,,,,,,,,,,,,,,,,,,,,,,,
2023,2,22,11,0,14.3,14.3,100,,,,,,,,,,,,,,,,,,,,,,,,,,,,,,,,,,,,
2023,2,22,12,0,14.7,14.7,100,,,,,,,,,,,,,,,,,,,,,,,,,,,,,,,,,,,,
2023,2,22,13,0,16.6,16.3,98.28,,,,,,,,,,,,,,,,,,,,,,,,,,,,,,,,,,,,
2023,2,22,14,0,18.2,16.9,91.97,,,,,,,,,,,,,,,,,,,,,,,,,,,,,,,,,,,,
2023,2,22,15,0,20.1,16.6,80.07,,,,,,,,,,,,,,,,,,,,,,,,,,,,,,,,,,,,
2023,2,22,16,0,21.7,16.5,72.43,,,,,,,,,,,,,,,,,,,,,,,,,,,,,,,,,,,,
2023,2,22,17,0,22.9,16.8,68.38,,,,,,,,,,,,,,,,,,,,,,,,,,,,,,,,,,,,
2023,2,22,18,0,23.5,17,66.95,,,,,,,,,,,,,,,,,,,,,,,,,,,,,,,,,,,,
2023,2,22,19,0,23.7,17.3,67.34,,,,,,,,,,,,,,,,,,,,,,,,,,,,,,,,,,,,
2023,2,22,20,0,23.4,17.7,70.25,,,,,,,,,,,,,,,,,,,,,,,,,,,,,,,,,,,,
2023,2,22,21,0,22.5,18.2,76.59,,,,,,,,,,,,,,,,,,,,,,,,,,,,,,,,,,,,
2023,2,22,22,0,21.1,18.2,83.77,,,,,,,,,,,,,,,,,,,,,,,,,,,,,,,,,,,,
2023,2,22,23,0,20,17.9,87.95,,,,,,,,,,,,,,,,,,,,,,,,,,,,,,,,,,,,
2023,2,23,0,0,19.6,17.8,89.14,,,,,,,,,,,,,,,,,,,,,,,,,,,,,,,,,,,,
2023,2,23,1,0,19.1,17.5,90.55,,,,,,,,,,,,,,,,,,,,,,,,,,,,,,,,,,,,
2023,2,23,2,0,18.5,17.2,92.31,,,,,,,,,,,,,,,,,,,,,,,,,,,,,,,,,,,,
2023,2,23,3,0,17.9,17.2,95.65,,,,,,,,,,,,,,,,,,,,,,,,,,,,,,,,,,,,
2023,2,23,4,0,17.5,17.4,99.44,,,,,,,,,,,,,,,,,,,,,,,,,,,,,,,,,,,,
2023,2,23,5,0,17.3,17.3,100,,,,,,,,,,,,,,,,,,,,,,,,,,,,,,,,,,,,
2023,2,23,6,0,17.1,17.1,100,,,,,,,,,,,,,,,,,,,,,,,,,,,,,,,,,,,,
2023,2,23,7,0,17,17,100,,,,,,,,,,,,,,,,,,,,,,,,,,,,,,,,,,,,
2023,2,23,8,0,17.3,17.3,100,,,,,,,,,,,,,,,,,,,,,,,,,,,,,,,,,,,,
2023,2,23,9,0,17.4,17.4,100,,,,,,,,,,,,,,,,,,,,,,,,,,,,,,,,,,,,
2023,2,23,10,0,17.4,17.4,100,,,,,,,,,,,,,,,,,,,,,,,,,,,,,,,,,,,,
2023,2,23,11,0,17.5,17.5,100,,,,,,,,,,,,,,,,,,,,,,,,,,,,,,,,,,,,
2023,2,23,12,0,17.9,17.9,100,,,,,,,,,,,,,,,,,,,,,,,,,,,,,,,,,,,,
2023,2,23,13,0,19.4,19,97.38,,,,,,,,,,,,,,,,,,,,,,,,,,,,,,,,,,,,
2023,2,23,14,0,21.2,19.7,91.24,,,,,,,,,,,,,,,,,,,,,,,,,,,,,,,,,,,,
2023,2,23,15,0,22.8,19.8,83.04,,,,,,,,,,,,,,,,,,,,,,,,,,,,,,,,,,,,
2023,2,23,16,0,24,19.6,76.33,,,,,,,,,,,,,,,,,,,,,,,,,,,,,,,,,,,,
2023,2,23,17,0,24.7,19.5,72.98,,,,,,,,,,,,,,,,,,,,,,,,,,,,,,,,,,,,
2023,2,23,18,0,25.1,19.6,71.49,,,,,,,,,,,,,,,,,,,,,,,,,,,,,,,,,,,,
2023,2,23,19,0,24.9,19.8,73.28,,,,,,,,,,,,,,,,,,,,,,,,,,,,,,,,,,,,
2023,2,23,20,0,24.3,20.2,77.78,,,,,,,,,,,,,,,,,,,,,,,,,,,,,,,,,,,,
2023,2,23,21,0,23.6,20.8,84.37,,,,,,,,,,,,,,,,,,,,,,,,,,,,,,,,,,,,
2023,2,23,22,0,22.2,21.1,93.45,,,,,,,,,,,,,,,,,,,,,,,,,,,,,,,,,,,,
2023,2,23,23,0,20.2,20.2,99.79,,,,,,,,,,,,,,,,,,,,,,,,,,,,,,,,,,,,
2023,2,24,0,0,19.7,19.7,100,,,,,,,,,,,,,,,,,,,,,,,,,,,,,,,,,,,,
2023,2,24,1,0,19.3,19.3,100,,,,,,,,,,,,,,,,,,,,,,,,,,,,,,,,,,,,
2023,2,24,2,0,19.1,19.1,100,,,,,,,,,,,,,,,,,,,,,,,,,,,,,,,,,,,,
2023,2,24,3,0,18.9,18.9,100,,,,,,,,,,,,,,,,,,,,,,,,,,,,,,,,,,,,
2023,2,24,4,0,18.8,18.8,100,,,,,,,,,,,,,,,,,,,,,,,,,,,,,,,,,,,,
2023,2,24,5,0,18.8,18.8,100,,,,,,,,,,,,,,,,,,,,,,,,,,,,,,,,,,,,
2023,2,24,6,0,18.7,18.7,100,,,,,,,,,,,,,,,,,,,,,,,,,,,,,,,,,,,,
2023,2,24,7,0,18.7,18.7,100,,,,,,,,,,,,,,,,,,,,,,,,,,,,,,,,,,,,
2023,2,24,8,0,18.5,18.5,100,,,,,,,,,,,,,,,,,,,,,,,,,,,,,,,,,,,,
2023,2,24,9,0,18.3,18.3,100,,,,,,,,,,,,,,,,,,,,,,,,,,,,,,,,,,,,
2023,2,24,10,0,18,18,100,,,,,,,,,,,,,,,,,,,,,,,,,,,,,,,,,,,,
2023,2,24,11,0,17.3,17.3,100,,,,,,,,,,,,,,,,,,,,,,,,,,,,,,,,,,,,
2023,2,24,12,0,16.9,16.9,100,,,,,,,,,,,,,,,,,,,,,,,,,,,,,,,,,,,,
2023,2,24,13,0,17.1,16.5,96.3,,,,,,,,,,,,,,,,,,,,,,,,,,,,,,,,,,,,
2023,2,24,14,0,17.6,15.3,86.37,,,,,,,,,,,,,,,,,,,,,,,,,,,,,,,,,,,,
2023,2,24,15,0,19.2,13.7,70.59,,,,,,,,,,,,,,,,,,,,,,,,,,,,,,,,,,,,
2023,2,24,16,0,21,12.8,59.35,,,,,,,,,,,,,,,,,,,,,,,,,,,,,,,,,,,,
2023,2,24,17,0,22.9,12.7,52.5,,,,,,,,,,,,,,,,,,,,,,,,,,,,,,,,,,,,
2023,2,24,18,0,24.2,13.3,50.57,,,,,,,,,,,,,,,,,,,,,,,,,,,,,,,,,,,,
2023,2,24,19,0,24.4,14.4,53.69,,,,,,,,,,,,,,,,,,,,,,,,,,,,,,,,,,,,
2023,2,24,20,0,23.9,16,61.21,,,,,,,,,,,,,,,,,,,,,,,,,,,,,,,,,,,,
2023,2,24,21,0,22.1,17.2,73.77,,,,,,,,,,,,,,,,,,,,,,,,,,,,,,,,,,,,
2023,2,24,22,0,19.2,17.1,87.44,,,,,,,,,,,,,,,,,,,,,,,,,,,,,,,,,,,,
2023,2,24,23,0,16.3,15.1,92.72,,,,,,,,,,,,,,,,,,,,,,,,,,,,,,,,,,,,
2023,2,25,0,0,14.3,13.5,94.65,,,,,,,,,,,,,,,,,,,,,,,,,,,,,,,,,,,,
2023,2,25,1,0,13.2,12.6,96.08,,,,,,,,,,,,,,,,,,,,,,,,,,,,,,,,,,,,
2023,2,25,2,0,12.8,12.4,97.6,,,,,,,,,,,,,,,,,,,,,,,,,,,,,,,,,,,,
2023,2,25,3,0,12.9,12.6,98.13,,,,,,,,,,,,,,,,,,,,,,,,,,,,,,,,,,,,
2023,2,25,4,0,13.1,12.9,98.73,,,,,,,,,,,,,,,,,,,,,,,,,,,,,,,,,,,,
2023,2,25,5,0,13.3,13.1,98.95,,,,,,,,,,,,,,,,,,,,,,,,,,,,,,,,,,,,
2023,2,25,6,0,13.6,13.6,100,,,,,,,,,,,,,,,,,,,,,,,,,,,,,,,,,,,,
2023,2,25,7,0,13.8,13.8,100,,,,,,,,,,,,,,,,,,,,,,,,,,,,,,,,,,,,
2023,2,25,8,0,13.9,13.9,100,,,,,,,,,,,,,,,,,,,,,,,,,,,,,,,,,,,,
2023,2,25,9,0,13.6,13.6,100,,,,,,,,,,,,,,,,,,,,,,,,,,,,,,,,,,,,
2023,2,25,10,0,13,13,100,,,,,,,,,,,,,,,,,,,,,,,,,,,,,,,,,,,,
2023,2,25,11,0,12.3,12.3,100,,,,,,,,,,,,,,,,,,,,,,,,,,,,,,,,,,,,
2023,2,25,12,0,11.8,11.8,99.83,,,,,,,,,,,,,,,,,,,,,,,,,,,,,,,,,,,,
2023,2,25,13,0,12.2,11.8,97.57,,,,,,,,,,,,,,,,,,,,,,,,,,,,,,,,,,,,
2023,2,25,14,0,13.3,12.3,93.93,,,,,,,,,,,,,,,,,,,,,,,,,,,,,,,,,,,,
2023,2,25,15,0,14.5,13,90.63,,,,,,,,,,,,,,,,,,,,,,,,,,,,,,,,,,,,
2023,2,25,16,0,15.8,13.9,88.41,,,,,,,,,,,,,,,,,,,,,,,,,,,,,,,,,,,,
2023,2,25,17,0,17.1,14.9,87.13,,,,,,,,,,,,,,,,,,,,,,,,,,,,,,,,,,,,
2023,2,25,18,0,18.4,16,86.14,,,,,,,,,,,,,,,,,,,,,,,,,,,,,,,,,,,,
2023,2,25,19,0,19.4,16.9,85.67,,,,,,,,,,,,,,,,,,,,,,,,,,,,,,,,,,,,
2023,2,25,20,0,19.7,17.5,87.37,,,,,,,,,,,,,,,,,,,,,,,,,,,,,,,,,,,,
2023,2,25,21,0,19.4,17.8,90.68,,,,,,,,,,,,,,,,,,,,,,,,,,,,,,,,,,,,
2023,2,25,22,0,18.3,17.9,97.57,,,,,,,,,,,,,,,,,,,,,,,,,,,,,,,,,,,,
2023,2,25,23,0,16.2,16.2,100,,,,,,,,,,,,,,,,,,,,,,,,,,,,,,,,,,,,
2023,2,26,0,0,15.7,15.7,100,,,,,,,,,,,,,,,,,,,,,,,,,,,,,,,,,,,,
2023,2,26,1,0,15.3,15.3,100,,,,,,,,,,,,,,,,,,,,,,,,,,,,,,,,,,,,
2023,2,26,2,0,14.8,14.8,100,,,,,,,,,,,,,,,,,,,,,,,,,,,,,,,,,,,,
2023,2,26,3,0,14.4,14.4,100,,,,,,,,,,,,,,,,,,,,,,,,,,,,,,,,,,,,
2023,2,26,4,0,14,14,100,,,,,,,,,,,,,,,,,,,,,,,,,,,,,,,,,,,,
2023,2,26,5,0,13.7,13.7,100,,,,,,,,,,,,,,,,,,,,,,,,,,,,,,,,,,,,
2023,2,26,6,0,13.5,13.5,100,,,,,,,,,,,,,,,,,,,,,,,,,,,,,,,,,,,,
2023,2,26,7,0,13.3,13.3,100,,,,,,,,,,,,,,,,,,,,,,,,,,,,,,,,,,,,
2023,2,26,8,0,13.1,13,99.44,,,,,,,,,,,,,,,,,,,,,,,,,,,,,,,,,,,,
2023,2,26,9,0,12.8,12.7,99.32,,,,,,,,,,,,,,,,,,,,,,,,,,,,,,,,,,,,
2023,2,26,10,0,12.7,12.4,98.23,,,,,,,,,,,,,,,,,,,,,,,,,,,,,,,,,,,,
2023,2,26,11,0,12.5,12.2,98.05,,,,,,,,,,,,,,,,,,,,,,,,,,,,,,,,,,,,
2023,2,26,12,0,12.7,12.2,97.06,,,,,,,,,,,,,,,,,,,,,,,,,,,,,,,,,,,,
2023,2,26,13,0,14.2,12.7,90.72,,,,,,,,,,,,,,,,,,,,,,,,,,,,,,,,,,,,
2023,2,26,14,0,16.1,13.2,83.2,,,,,,,,,,,,,,,,,,,,,,,,,,,,,,,,,,,,
2023,2,26,15,0,18.2,14.3,77.79,,,,,,,,,,,,,,,,,,,,,,,,,,,,,,,,,,,,
2023,2,26,16,0,19.9,15.4,75.19,,,,,,,,,,,,,,,,,,,,,,,,,,,,,,,,,,,,
2023,2,26,17,0,21,16.2,74.08,,,,,,,,,,,,,,,,,,,,,,,,,,,,,,,,,,,,
2023,2,26,18,0,21.4,16.6,73.91,,,,,,,,,,,,,,,,,,,,,,,,,,,,,,,,,,,,
2023,2,26,19,0,21.5,16.7,74.21,,,,,,,,,,,,,,,,,,,,,,,,,,,,,,,,,,,,
2023,2,26,20,0,21.4,16.9,75.47,,,,,,,,,,,,,,,,,,,,,,,,,,,,,,,,,,,,
2023,2,26,21,0,20.8,17.2,80.03,,,,,,,,,,,,,,,,,,,,,,,,,,,,,,,,,,,,
2023,2,26,22,0,19.2,18,92.69,,,,,,,,,,,,,,,,,,,,,,,,,,,,,,,,,,,,
2023,2,26,23,0,17,16.7,97.94,,,,,,,,,,,,,,,,,,,,,,,,,,,,,,,,,,,,
2023,2,27,0,0,16,15.9,99.05,,,,,,,,,,,,,,,,,,,,,,,,,,,,,,,,,,,,
2023,2,27,1,0,15.3,15.3,100,,,,,,,,,,,,,,,,,,,,,,,,,,,,,,,,,,,,
2023,2,27,2,0,15.2,15,98.92,,,,,,,,,,,,,,,,,,,,,,,,,,,,,,,,,,,,
2023,2,27,3,0,15.6,14.9,95.47,,,,,,,,,,,,,,,,,,,,,,,,,,,,,,,,,,,,
2023,2,27,4,0,15.7,14.8,94.14,,,,,,,,,,,,,,,,,,,,,,,,,,,,,,,,,,,,
2023,2,27,5,0,14.5,14.5,100,,,,,,,,,,,,,,,,,,,,,,,,,,,,,,,,,,,,
2023,2,27,6,0,13.1,13.1,100,,,,,,,,,,,,,,,,,,,,,,,,,,,,,,,,,,,,
2023,2,27,7,0,12.7,12.7,100,,,,,,,,,,,,,,,,,,,,,,,,,,,,,,,,,,,,
2023,2,27,8,0,12.7,12.7,100,,,,,,,,,,,,,,,,,,,,,,,,,,,,,,,,,,,,
2023,2,27,9,0,12.9,12.9,100,,,,,,,,,,,,,,,,,,,,,,,,,,,,,,,,,,,,
2023,2,27,10,0,13.3,13.3,100,,,,,,,,,,,,,,,,,,,,,,,,,,,,,,,,,,,,
2023,2,27,11,0,13.5,13.5,100,,,,,,,,,,,,,,,,,,,,,,,,,,,,,,,,,,,,
2023,2,27,12,0,14.5,14.5,100,,,,,,,,,,,,,,,,,,,,,,,,,,,,,,,,,,,,
2023,2,27,13,0,16.5,15.7,95.19,,,,,,,,,,,,,,,,,,,,,,,,,,,,,,,,,,,,
2023,2,27,14,0,18.3,16.1,87.17,,,,,,,,,,,,,,,,,,,,,,,,,,,,,,,,,,,,
2023,2,27,15,0,20,16.4,80.02,,,,,,,,,,,,,,,,,,,,,,,,,,,,,,,,,,,,
2023,2,27,16,0,21.2,16.8,75.9,,,,,,,,,,,,,,,,,,,,,,,,,,,,,,,,,,,,
2023,2,27,17,0,21.8,17.2,74.92,,,,,,,,,,,,,,,,,,,,,,,,,,,,,,,,,,,,
2023,2,27,18,0,21.8,17.7,77.43,,,,,,,,,,,,,,,,,,,,,,,,,,,,,,,,,,,,
2023,2,27,19,0,21.8,18.3,80.56,,,,,,,,,,,,,,,,,,,,,,,,,,,,,,,,,,,,
2023,2,27,20,0,21.9,18.8,82.71,,,,,,,,,,,,,,,,,,,,,,,,,,,,,,,,,,,,
2023,2,27,21,0,21.8,19.1,84.62,,,,,,,,,,,,,,,,,,,,,,,,,,,,,,,,,,,,
2023,2,27,22,0,21.3,19.1,87.33,,,,,,,,,,,,,,,,,,,,,,,,,,,,,,,,,,,,
2023,2,27,23,0,20.4,18.9,91.02,,,,,,,,,,,,,,,,,,,,,,,,,,,,,,,,,,,,
2023,2,28,0,0,20.1,18.8,92.48,,,,,,,,,,,,,,,,,,,,,,,,,,,,,,,,,,,,
2023,2,28,1,0,19.8,18.7,93.44,,,,,,,,,,,,,,,,,,,,,,,,,,,,,,,,,,,,
2023,2,28,2,0,19.4,18.5,94.81,,,,,,,,,,,,,,,,,,,,,,,,,,,,,,,,,,,,
2023,2,28,3,0,18.9,18.4,97.21,,,,,,,,,,,,,,,,,,,,,,,,,,,,,,,,,,,,
2023,2,28,4,0,18.4,18.3,99.63,,,,,,,,,,,,,,,,,,,,,,,,,,,,,,,,,,,,
2023,2,28,5,0,17.7,17.7,100,,,,,,,,,,,,,,,,,,,,,,,,,,,,,,,,,,,,
2023,2,28,6,0,16.6,16.6,100,,,,,,,,,,,,,,,,,,,,,,,,,,,,,,,,,,,,
2023,2,28,7,0,15.3,15.3,100,,,,,,,,,,,,,,,,,,,,,,,,,,,,,,,,,,,,
2023,2,28,8,0,14.4,14.4,100,,,,,,,,,,,,,,,,,,,,,,,,,,,,,,,,,,,,
2023,2,28,9,0,13.5,13.5,100,,,,,,,,,,,,,,,,,,,,,,,,,,,,,,,,,,,,
2023,2,28,10,0,12.7,12.7,100,,,,,,,,,,,,,,,,,,,,,,,,,,,,,,,,,,,,
2023,2,28,11,0,12.1,12.1,100,,,,,,,,,,,,,,,,,,,,,,,,,,,,,,,,,,,,
2023,2,28,12,0,13,13,100,,,,,,,,,,,,,,,,,,,,,,,,,,,,,,,,,,,,
2023,2,28,13,0,15.4,14.2,92.82,,,,,,,,,,,,,,,,,,,,,,,,,,,,,,,,,,,,
2023,2,28,14,0,18.1,14.3,78.58,,,,,,,,,,,,,,,,,,,,,,,,,,,,,,,,,,,,
2023,2,28,15,0,20.4,13.2,63.29,,,,,,,,,,,,,,,,,,,,,,,,,,,,,,,,,,,,
2023,2,28,16,0,21.8,12.3,54.65,,,,,,,,,,,,,,,,,,,,,,,,,,,,,,,,,,,,
2023,2,28,17,0,22.6,12.1,51.44,,,,,,,,,,,,,,,,,,,,,,,,,,,,,,,,,,,,
2023,2,28,18,0,23.1,12.2,50.34,,,,,,,,,,,,,,,,,,,,,,,,,,,,,,,,,,,,
2023,2,28,19,0,23.2,12.5,51.11,,,,,,,,,,,,,,,,,,,,,,,,,,,,,,,,,,,,
2023,2,28,20,0,22.9,13.1,54.06,,,,,,,,,,,,,,,,,,,,,,,,,,,,,,,,,,,,
2023,2,28,21,0,22.1,14.5,62.04,,,,,,,,,,,,,,,,,,,,,,,,,,,,,,,,,,,,
2023,2,28,22,0,19.8,16.4,80.86,,,,,,,,,,,,,,,,,,,,,,,,,,,,,,,,,,,,
2023,2,28,23,0,16.5,13.8,83.95,,,,,,,,,,,,,,,,,,,,,,,,,,,,,,,,,,,,
2023,3,1,0,0,15.6,12.8,83.33,,,,,,,,,,,,,,,,,,,,,,,,,,,,,,,,,,,,
2023,3,1,1,0,14.9,12.2,84.01,,,,,,,,,,,,,,,,,,,,,,,,,,,,,,,,,,,,
2023,3,1,2,0,14.2,11.7,85.04,,,,,,,,,,,,,,,,,,,,,,,,,,,,,,,,,,,,
2023,3,1,3,0,13.7,11.5,86.42,,,,,,,,,,,,,,,,,,,,,,,,,,,,,,,,,,,,
2023,3,1,4,0,13.4,11.3,87.24,,,,,,,,,,,,,,,,,,,,,,,,,,,,,,,,,,,,
2023,3,1,5,0,13.3,11.3,87.88,,,,,,,,,,,,,,,,,,,,,,,,,,,,,,,,,,,,
2023,3,1,6,0,13.3,11.4,88.47,,,,,,,,,,,,,,,,,,,,,,,,,,,,,,,,,,,,
2023,3,1,7,0,13,11.5,90.38,,,,,,,,,,,,,,,,,,,,,,,,,,,,,,,,,,,,
2023,3,1,8,0,12.9,11.7,92.22,,,,,,,,,,,,,,,,,,,,,,,,,,,,,,,,,,,,
2023,3,1,9,0,12.8,12,95.09,,,,,,,,,,,,,,,,,,,,,,,,,,,,,,,,,,,,
2023,3,1,10,0,12.7,12.4,98.35,,,,,,,,,,,,,,,,,,,,,,,,,,,,,,,,,,,,
2023,3,1,11,0,12.6,12.6,100,,,,,,,,,,,,,,,,,,,,,,,,,,,,,,,,,,,,
2023,3,1,12,0,13.6,13.6,100,,,,,,,,,,,,,,,,,,,,,,,,,,,,,,,,,,,,
2023,3,1,13,0,16.1,15.8,97.8,,,,,,,,,,,,,,,,,,,,,,,,,,,,,,,,,,,,
2023,3,1,14,0,18.5,17.4,93.36,,,,,,,,,,,,,,,,,,,,,,,,,,,,,,,,,,,,
2023,3,1,15,0,20.9,18.7,87.06,,,,,,,,,,,,,,,,,,,,,,,,,,,,,,,,,,,,
2023,3,1,16,0,22,19,83.25,,,,,,,,,,,,,,,,,,,,,,,,,,,,,,,,,,,,
2023,3,1,17,0,22.3,19,81.41,,,,,,,,,,,,,,,,,,,,,,,,,,,,,,,,,,,,
2023,3,1,18,0,22.2,18.9,81.62,,,,,,,,,,,,,,,,,,,,,,,,,,,,,,,,,,,,
2023,3,1,19,0,21.8,19.1,84.85,,,,,,,,,,,,,,,,,,,,,,,,,,,,,,,,,,,,
2023,3,1,20,0,21.3,19.4,88.85,,,,,,,,,,,,,,,,,,,,,,,,,,,,,,,,,,,,
2023,3,1,21,0,21,19.7,92.41,,,,,,,,,,,,,,,,,,,,,,,,,,,,,,,,,,,,
2023,3,1,22,0,20.4,19.8,96.51,,,,,,,,,,,,,,,,,,,,,,,,,,,,,,,,,,,,
2023,3,1,23,0,18.1,18.1,100,,,,,,,,,,,,,,,,,,,,,,,,,,,,,,,,,,,,
2023,3,2,0,0,18.1,18.1,100,,,,,,,,,,,,,,,,,,,,,,,,,,,,,,,,,,,,
2023,3,2,1,0,18.1,18.1,100,,,,,,,,,,,,,,,,,,,,,,,,,,,,,,,,,,,,
2023,3,2,2,0,18,18,100,,,,,,,,,,,,,,,,,,,,,,,,,,,,,,,,,,,,
2023,3,2,3,0,18.2,18.2,100,,,,,,,,,,,,,,,,,,,,,,,,,,,,,,,,,,,,
2023,3,2,4,0,18.3,18.3,100,,,,,,,,,,,,,,,,,,,,,,,,,,,,,,,,,,,,
2023,3,2,5,0,18.1,18.1,100,,,,,,,,,,,,,,,,,,,,,,,,,,,,,,,,,,,,
2023,3,2,6,0,17.9,17.9,100,,,,,,,,,,,,,,,,,,,,,,,,,,,,,,,,,,,,
2023,3,2,7,0,17.7,17.7,100,,,,,,,,,,,,,,,,,,,,,,,,,,,,,,,,,,,,
2023,3,2,8,0,17.7,17.7,100,,,,,,,,,,,,,,,,,,,,,,,,,,,,,,,,,,,,
2023,3,2,9,0,17.7,17.7,100,,,,,,,,,,,,,,,,,,,,,,,,,,,,,,,,,,,,
2023,3,2,10,0,17.4,17.4,100,,,,,,,,,,,,,,,,,,,,,,,,,,,,,,,,,,,,
2023,3,2,11,0,17.5,17.5,100,,,,,,,,,,,,,,,,,,,,,,,,,,,,,,,,,,,,
2023,3,2,12,0,18,18,100,,,,,,,,,,,,,,,,,,,,,,,,,,,,,,,,,,,,
2023,3,2,13,0,18.6,18.6,99.88,,,,,,,,,,,,,,,,,,,,,,,,,,,,,,,,,,,,
2023,3,2,14,0,19.1,18.3,95.34,,,,,,,,,,,,,,,,,,,,,,,,,,,,,,,,,,,,
2023,3,2,15,0,19.2,17.3,88.88,,,,,,,,,,,,,,,,,,,,,,,,,,,,,,,,,,,,
2023,3,2,16,0,19.3,16.2,82.35,,,,,,,,,,,,,,,,,,,,,,,,,,,,,,,,,,,,
2023,3,2,17,0,19.3,15.5,78.52,,,,,,,,,,,,,,,,,,,,,,,,,,,,,,,,,,,,
2023,3,2,18,0,19,14.9,77.36,,,,,,,,,,,,,,,,,,,,,,,,,,,,,,,,,,,,
2023,3,2,19,0,18.5,14.7,78.39,,,,,,,,,,,,,,,,,,,,,,,,,,,,,,,,,,,,
2023,3,2,20,0,17.8,14.6,81.4,,,,,,,,,,,,,,,,,,,,,,,,,,,,,,,,,,,,
2023,3,2,21,0,17.3,15,86.12,,,,,,,,,,,,,,,,,,,,,,,,,,,,,,,,,,,,
2023,3,2,22,0,16.8,15.5,92,,,,,,,,,,,,,,,,,,,,,,,,,,,,,,,,,,,,
2023,3,2,23,0,15.8,15,94.73,,,,,,,,,,,,,,,,,,,,,,,,,,,,,,,,,,,,
2023,3,3,0,0,15.4,14.8,96.18,,,,,,,,,,,,,,,,,,,,,,,,,,,,,,,,,,,,
2023,3,3,1,0,15.1,14.9,98.42,,,,,,,,,,,,,,,,,,,,,,,,,,,,,,,,,,,,
2023,3,3,2,0,14.9,14.8,99.19,,,,,,,,,,,,,,,,,,,,,,,,,,,,,,,,,,,,
2023,3,3,3,0,14.8,14.7,99.06,,,,,,,,,,,,,,,,,,,,,,,,,,,,,,,,,,,,
2023,3,3,4,0,14.6,14.6,99.7,,,,,,,,,,,,,,,,,,,,,,,,,,,,,,,,,,,,
2023,3,3,5,0,14.6,14.6,100,,,,,,,,,,,,,,,,,,,,,,,,,,,,,,,,,,,,
2023,3,3,6,0,14.8,14.8,100,,,,,,,,,,,,,,,,,,,,,,,,,,,,,,,,,,,,
2023,3,3,7,0,14.9,14.9,100,,,,,,,,,,,,,,,,,,,,,,,,,,,,,,,,,,,,
2023,3,3,8,0,15.2,15.2,100,,,,,,,,,,,,,,,,,,,,,,,,,,,,,,,,,,,,
2023,3,3,9,0,15.7,15.7,100,,,,,,,,,,,,,,,,,,,,,,,,,,,,,,,,,,,,
2023,3,3,10,0,16.2,16.2,100,,,,,,,,,,,,,,,,,,,,,,,,,,,,,,,,,,,,
2023,3,3,11,0,16.4,16.4,100,,,,,,,,,,,,,,,,,,,,,,,,,,,,,,,,,,,,
2023,3,3,12,0,16.8,16.8,100,,,,,,,,,,,,,,,,,,,,,,,,,,,,,,,,,,,,
2023,3,3,13,0,17.6,17.6,99.85,,,,,,,,,,,,,,,,,,,,,,,,,,,,,,,,,,,,
2023,3,3,14,0,18.6,18.2,97.38,,,,,,,,,,,,,,,,,,,,,,,,,,,,,,,,,,,,
2023,3,3,15,0,20.2,18.7,91.08,,,,,,,,,,,,,,,,,,,,,,,,,,,,,,,,,,,,
2023,3,3,16,0,21.5,19,85.62,,,,,,,,,,,,,,,,,,,,,,,,,,,,,,,,,,,,
2023,3,3,17,0,23,19.6,81.3,,,,,,,,,,,,,,,,,,,,,,,,,,,,,,,,,,,,
2023,3,3,18,0,23.7,20.3,81.49,,,,,,,,,,,,,,,,,,,,,,,,,,,,,,,,,,,,
2023,3,3,19,0,24.1,21.1,83.51,,,,,,,,,,,,,,,,,,,,,,,,,,,,,,,,,,,,
2023,3,3,20,0,24,21.6,86.56,,,,,,,,,,,,,,,,,,,,,,,,,,,,,,,,,,,,
2023,3,3,21,0,23.6,21.8,89.57,,,,,,,,,,,,,,,,,,,,,,,,,,,,,,,,,,,,
2023,3,3,22,0,22.6,21.4,93.2,,,,,,,,,,,,,,,,,,,,,,,,,,,,,,,,,,,,
2023,3,3,23,0,20.9,19.8,93.47,,,,,,,,,,,,,,,,,,,,,,,,,,,,,,,,,,,,
2023,3,4,0,0,18.2,16.5,89.78,,,,,,,,,,,,,,,,,,,,,,,,,,,,,,,,,,,,
2023,3,4,1,0,15.5,14.1,91.13,,,,,,,,,,,,,,,,,,,,,,,,,,,,,,,,,,,,
2023,3,4,2,0,13.9,12.8,92.81,,,,,,,,,,,,,,,,,,,,,,,,,,,,,,,,,,,,
2023,3,4,3,0,13.2,12,92.64,,,,,,,,,,,,,,,,,,,,,,,,,,,,,,,,,,,,
2023,3,4,4,0,12.3,11.6,95.36,,,,,,,,,,,,,,,,,,,,,,,,,,,,,,,,,,,,
2023,3,4,5,0,11.3,11.1,98.62,,,,,,,,,,,,,,,,,,,,,,,,,,,,,,,,,,,,
2023,3,4,6,0,10.5,10.5,99.96,,,,,,,,,,,,,,,,,,,,,,,,,,,,,,,,,,,,
2023,3,4,7,0,9.7,9.7,100,,,,,,,,,,,,,,,,,,,,,,,,,,,,,,,,,,,,
2023,3,4,8,0,8.9,8.9,100,,,,,,,,,,,,,,,,,,,,,,,,,,,,,,,,,,,,
2023,3,4,9,0,8.2,8.2,100,,,,,,,,,,,,,,,,,,,,,,,,,,,,,,,,,,,,
2023,3,4,10,0,7.6,7.6,99.97,,,,,,,,,,,,,,,,,,,,,,,,,,,,,,,,,,,,
2023,3,4,11,0,7.1,7,99.27,,,,,,,,,,,,,,,,,,,,,,,,,,,,,,,,,,,,
2023,3,4,12,0,8.1,7.1,93.17,,,,,,,,,,,,,,,,,,,,,,,,,,,,,,,,,,,,
2023,3,4,13,0,10.4,7,79.5,,,,,,,,,,,,,,,,,,,,,,,,,,,,,,,,,,,,
2023,3,4,14,0,13,6.9,66.55,,,,,,,,,,,,,,,,,,,,,,,,,,,,,,,,,,,,
2023,3,4,15,0,15.4,6.8,56.61,,,,,,,,,,,,,,,,,,,,,,,,,,,,,,,,,,,,
2023,3,4,16,0,17.3,6.8,50.15,,,,,,,,,,,,,,,,,,,,,,,,,,,,,,,,,,,,
2023,3,4,17,0,18.6,7.4,48.14,,,,,,,,,,,,,,,,,,,,,,,,,,,,,,,,,,,,
2023,3,4,18,0,19.3,8,47.95,,,,,,,,,,,,,,,,,,,,,,,,,,,,,,,,,,,,
2023,3,4,19,0,19.5,8.4,48.74,,,,,,,,,,,,,,,,,,,,,,,,,,,,,,,,,,,,
2023,3,4,20,0,19.2,8.8,51.02,,,,,,,,,,,,,,,,,,,,,,,,,,,,,,,,,,,,
2023,3,4,21,0,18.3,9.8,57.72,,,,,,,,,,,,,,,,,,,,,,,,,,,,,,,,,,,,
2023,3,4,22,0,16.3,12.1,76.12,,,,,,,,,,,,,,,,,,,,,,,,,,,,,,,,,,,,
2023,3,4,23,0,12.4,10.7,89.5,,,,,,,,,,,,,,,,,,,,,,,,,,,,,,,,,,,,
2023,3,5,0,0,11.2,9.5,89.48,,,,,,,,,,,,,,,,,,,,,,,,,,,,,,,,,,,,
2023,3,5,1,0,10.5,8.6,88.11,,,,,,,,,,,,,,,,,,,,,,,,,,,,,,,,,,,,
2023,3,5,2,0,9.6,7.8,88.34,,,,,,,,,,,,,,,,,,,,,,,,,,,,,,,,,,,,
2023,3,5,3,0,8.7,7,89.33,,,,,,,,,,,,,,,,,,,,,,,,,,,,,,,,,,,,
2023,3,5,4,0,7.9,6.4,90.02,,,,,,,,,,,,,,,,,,,,,,,,,,,,,,,,,,,,
2023,3,5,5,0,7.2,5.8,90.52,,,,,,,,,,,,,,,,,,,,,,,,,,,,,,,,,,,,
2023,3,5,6,0,6.5,5.2,91.49,,,,,,,,,,,,,,,,,,,,,,,,,,,,,,,,,,,,
2023,3,5,7,0,5.9,4.7,92.32,,,,,,,,,,,,,,,,,,,,,,,,,,,,,,,,,,,,
2023,3,5,8,0,5.4,4.4,93,,,,,,,,,,,,,,,,,,,,,,,,,,,,,,,,,,,,
2023,3,5,9,0,5,4,93.26,,,,,,,,,,,,,,,,,,,,,,,,,,,,,,,,,,,,
2023,3,5,10,0,4.7,3.7,93.46,,,,,,,,,,,,,,,,,,,,,,,,,,,,,,,,,,,,
2023,3,5,11,0,4.5,3.6,93.68,,,,,,,,,,,,,,,,,,,,,,,,,,,,,,,,,,,,
2023,3,5,12,0,6,4.3,89.1,,,,,,,,,,,,,,,,,,,,,,,,,,,,,,,,,,,,
2023,3,5,13,0,9,5.5,78.63,,,,,,,,,,,,,,,,,,,,,,,,,,,,,,,,,,,,
2023,3,5,14,0,12.2,6.7,69.03,,,,,,,,,,,,,,,,,,,,,,,,,,,,,,,,,,,,
2023,3,5,15,0,14.9,7.3,60.29,,,,,,,,,,,,,,,,,,,,,,,,,,,,,,,,,,,,
2023,3,5,16,0,17.1,7.7,53.77,,,,,,,,,,,,,,,,,,,,,,,,,,,,,,,,,,,,
2023,3,5,17,0,18.6,8.2,50.61,,,,,,,,,,,,,,,,,,,,,,,,,,,,,,,,,,,,
2023,3,5,18,0,19.6,8.6,49.05,,,,,,,,,,,,,,,,,,,,,,,,,,,,,,,,,,,,
2023,3,5,19,0,20,9,49.2,,,,,,,,,,,,,,,,,,,,,,,,,,,,,,,,,,,,
2023,3,5,20,0,19.9,9.5,51.09,,,,,,,,,,,,,,,,,,,,,,,,,,,,,,,,,,,,
2023,3,5,21,0,19.3,10.8,57.78,,,,,,,,,,,,,,,,,,,,,,,,,,,,,,,,,,,,
2023,3,5,22,0,17.2,13.4,78.5,,,,,,,,,,,,,,,,,,,,,,,,,,,,,,,,,,,,
2023,3,5,23,0,13.1,10.9,86.52,,,,,,,,,,,,,,,,,,,,,,,,,,,,,,,,,,,,
2023,3,6,0,0,11.8,10.1,89.03,,,,,,,,,,,,,,,,,,,,,,,,,,,,,,,,,,,,
2023,3,6,1,0,11.2,9.7,90.78,,,,,,,,,,,,,,,,,,,,,,,,,,,,,,,,,,,,
2023,3,6,2,0,10.7,9.5,92.23,,,,,,,,,,,,,,,,,,,,,,,,,,,,,,,,,,,,
2023,3,6,3,0,10.1,9.3,94.6,,,,,,,,,,,,,,,,,,,,,,,,,,,,,,,,,,,,
2023,3,6,4,0,9.6,9.1,96.88,,,,,,,,,,,,,,,,,,,,,,,,,,,,,,,,,,,,
2023,3,6,5,0,9.1,9,99.47,,,,,,,,,,,,,,,,,,,,,,,,,,,,,,,,,,,,
2023,3,6,6,0,8.5,8.5,100,,,,,,,,,,,,,,,,,,,,,,,,,,,,,,,,,,,,
2023,3,6,7,0,8,8,100,,,,,,,,,,,,,,,,,,,,,,,,,,,,,,,,,,,,
2023,3,6,8,0,7.6,7.6,100,,,,,,,,,,,,,,,,,,,,,,,,,,,,,,,,,,,,
2023,3,6,9,0,7.3,7.3,100,,,,,,,,,,,,,,,,,,,,,,,,,,,,,,,,,,,,
2023,3,6,10,0,7.1,7.1,100,,,,,,,,,,,,,,,,,,,,,,,,,,,,,,,,,,,,
2023,3,6,11,0,7.1,7.1,100,,,,,,,,,,,,,,,,,,,,,,,,,,,,,,,,,,,,
2023,3,6,12,0,8.7,8.7,100,,,,,,,,,,,,,,,,,,,,,,,,,,,,,,,,,,,,
2023,3,6,13,0,11.4,10.5,94.25,,,,,,,,,,,,,,,,,,,,,,,,,,,,,,,,,,,,
2023,3,6,14,0,14.6,12.5,87.04,,,,,,,,,,,,,,,,,,,,,,,,,,,,,,,,,,,,
2023,3,6,15,0,17.3,13.8,79.86,,,,,,,,,,,,,,,,,,,,,,,,,,,,,,,,,,,,
2023,3,6,16,0,20.2,14,67.51,,,,,,,,,,,,,,,,,,,,,,,,,,,,,,,,,,,,
2023,3,6,17,0,22.3,13.7,58.24,,,,,,,,,,,,,,,,,,,,,,,,,,,,,,,,,,,,
2023,3,6,18,0,23.1,13.9,56.05,,,,,,,,,,,,,,,,,,,,,,,,,,,,,,,,,,,,
2023,3,6,19,0,23.3,14.1,56.42,,,,,,,,,,,,,,,,,,,,,,,,,,,,,,,,,,,,
2023,3,6,20,0,23.1,14.7,59.12,,,,,,,,,,,,,,,,,,,,,,,,,,,,,,,,,,,,
2023,3,6,21,0,22.4,16,67.28,,,,,,,,,,,,,,,,,,,,,,,,,,,,,,,,,,,,
2023,3,6,22,0,20.1,17.6,85.39,,,,,,,,,,,,,,,,,,,,,,,,,,,,,,,,,,,,
2023,3,6,23,0,17.1,15.8,91.92,,,,,,,,,,,,,,,,,,,,,,,,,,,,,,,,,,,,
2023,3,7,0,0,16.3,15.2,93.32,,,,,,,,,,,,,,,,,,,,,,,,,,,,,,,,,,,,
2023,3,7,1,0,15.9,14.9,93.99,,,,,,,,,,,,,,,,,,,,,,,,,,,,,,,,,,,,
2023,3,7,2,0,15.5,14.7,95.17,,,,,,,,,,,,,,,,,,,,,,,,,,,,,,,,,,,,
2023,3,7,3,0,15,14.5,96.71,,,,,,,,,,,,,,,,,,,,,,,,,,,,,,,,,,,,
2023,3,7,4,0,14.7,14.5,98.65,,,,,,,,,,,,,,,,,,,,,,,,,,,,,,,,,,,,
2023,3,7,5,0,14.6,14.6,100,,,,,,,,,,,,,,,,,,,,,,,,,,,,,,,,,,,,
2023,3,7,6,0,15,15,99.74,,,,,,,,,,,,,,,,,,,,,,,,,,,,,,,,,,,,
2023,3,7,7,0,15.3,15.3,100,,,,,,,,,,,,,,,,,,,,,,,,,,,,,,,,,,,,
2023,3,7,8,0,15.4,15.4,100,,,,,,,,,,,,,,,,,,,,,,,,,,,,,,,,,,,,
2023,3,7,9,0,15.6,15.6,100,,,,,,,,,,,,,,,,,,,,,,,,,,,,,,,,,,,,
2023,3,7,10,0,15.7,15.7,100,,,,,,,,,,,,,,,,,,,,,,,,,,,,,,,,,,,,
2023,3,7,11,0,14.9,14.9,100,,,,,,,,,,,,,,,,,,,,,,,,,,,,,,,,,,,,
2023,3,7,12,0,15.5,15.5,100,,,,,,,,,,,,,,,,,,,,,,,,,,,,,,,,,,,,
2023,3,7,13,0,17.4,17,97.63,,,,,,,,,,,,,,,,,,,,,,,,,,,,,,,,,,,,
2023,3,7,14,0,19.6,17.5,87.46,,,,,,,,,,,,,,,,,,,,,,,,,,,,,,,,,,,,
2023,3,7,15,0,21.4,16.3,72.68,,,,,,,,,,,,,,,,,,,,,,,,,,,,,,,,,,,,
2023,3,7,16,0,22.5,15.6,64.93,,,,,,,,,,,,,,,,,,,,,,,,,,,,,,,,,,,,
2023,3,7,17,0,23.3,15.2,60.35,,,,,,,,,,,,,,,,,,,,,,,,,,,,,,,,,,,,
2023,3,7,18,0,23.5,14.8,58,,,,,,,,,,,,,,,,,,,,,,,,,,,,,,,,,,,,
2023,3,7,19,0,23.4,14.3,56.54,,,,,,,,,,,,,,,,,,,,,,,,,,,,,,,,,,,,
2023,3,7,20,0,22.7,13.9,57.56,,,,,,,,,,,,,,,,,,,,,,,,,,,,,,,,,,,,
2023,3,7,21,0,21.6,14,61.89,,,,,,,,,,,,,,,,,,,,,,,,,,,,,,,,,,,,
2023,3,7,22,0,19.4,14.6,73.96,,,,,,,,,,,,,,,,,,,,,,,,,,,,,,,,,,,,
2023,3,7,23,0,16.2,13.3,82.78,,,,,,,,,,,,,,,,,,,,,,,,,,,,,,,,,,,,
2023,3,8,0,0,14.9,12.1,83.28,,,,,,,,,,,,,,,,,,,,,,,,,,,,,,,,,,,,
2023,3,8,1,0,13.6,11.1,84.99,,,,,,,,,,,,,,,,,,,,,,,,,,,,,,,,,,,,
2023,3,8,2,0,12.4,10.2,86.47,,,,,,,,,,,,,,,,,,,,,,,,,,,,,,,,,,,,
2023,3,8,3,0,11,9.2,88.8,,,,,,,,,,,,,,,,,,,,,,,,,,,,,,,,,,,,
2023,3,8,4,0,10.2,8.6,89.52,,,,,,,,,,,,,,,,,,,,,,,,,,,,,,,,,,,,
2023,3,8,5,0,9.6,8.2,90.75,,,,,,,,,,,,,,,,,,,,,,,,,,,,,,,,,,,,
2023,3,8,6,0,9.2,8,92.17,,,,,,,,,,,,,,,,,,,,,,,,,,,,,,,,,,,,
2023,3,8,7,0,8.7,7.5,92.25,,,,,,,,,,,,,,,,,,,,,,,,,,,,,,,,,,,,
2023,3,8,8,0,8.4,7.2,92.39,,,,,,,,,,,,,,,,,,,,,,,,,,,,,,,,,,,,
2023,3,8,9,0,7.4,6.4,93.37,,,,,,,,,,,,,,,,,,,,,,,,,,,,,,,,,,,,
2023,3,8,10,0,6.8,5.5,91.14,,,,,,,,,,,,,,,,,,,,,,,,,,,,,,,,,,,,
2023,3,8,11,0,6.1,4.6,90.09,,,,,,,,,,,,,,,,,,,,,,,,,,,,,,,,,,,,
2023,3,8,12,0,7,4.3,82.94,,,,,,,,,,,,,,,,,,,,,,,,,,,,,,,,,,,,
2023,3,8,13,0,9.3,2.5,62.59,,,,,,,,,,,,,,,,,,,,,,,,,,,,,,,,,,,,
2023,3,8,14,0,11,0,46.59,,,,,,,,,,,,,,,,,,,,,,,,,,,,,,,,,,,,
2023,3,8,15,0,12.7,-0.5,40.33,,,,,,,,,,,,,,,,,,,,,,,,,,,,,,,,,,,,
2023,3,8,16,0,14.3,0.3,38.35,,,,,,,,,,,,,,,,,,,,,,,,,,,,,,,,,,,,
2023,3,8,17,0,15.8,1.3,37.58,,,,,,,,,,,,,,,,,,,,,,,,,,,,,,,,,,,,
2023,3,8,18,0,16.6,2.3,38.23,,,,,,,,,,,,,,,,,,,,,,,,,,,,,,,,,,,,
2023,3,8,19,0,16.1,3.3,42.48,,,,,,,,,,,,,,,,,,,,,,,,,,,,,,,,,,,,
2023,3,8,20,0,15.9,4.6,47.06,,,,,,,,,,,,,,,,,,,,,,,,,,,,,,,,,,,,
2023,3,8,21,0,14.5,7.3,62.18,,,,,,,,,,,,,,,,,,,,,,,,,,,,,,,,,,,,
2023,3,8,22,0,13.6,9.5,76.26,,,,,,,,,,,,,,,,,,,,,,,,,,,,,,,,,,,,
2023,3,8,23,0,12.4,6.9,68.93,,,,,,,,,,,,,,,,,,,,,,,,,,,,,,,,,,,,
2023,3,9,0,0,11.2,5.4,67.36,,,,,,,,,,,,,,,,,,,,,,,,,,,,,,,,,,,,
2023,3,9,1,0,10.2,4.5,67.58,,,,,,,,,,,,,,,,,,,,,,,,,,,,,,,,,,,,
2023,3,9,2,0,9.6,4.1,68.61,,,,,,,,,,,,,,,,,,,,,,,,,,,,,,,,,,,,
2023,3,9,3,0,9.9,3.3,63.63,,,,,,,,,,,,,,,,,,,,,,,,,,,,,,,,,,,,
2023,3,9,4,0,10.2,3.1,61.23,,,,,,,,,,,,,,,,,,,,,,,,,,,,,,,,,,,,
2023,3,9,5,0,10.1,4,65.93,,,,,,,,,,,,,,,,,,,,,,,,,,,,,,,,,,,,
2023,3,9,6,0,10.2,4.8,68.97,,,,,,,,,,,,,,,,,,,,,,,,,,,,,,,,,,,,
2023,3,9,7,0,10.1,5.3,72.12,,,,,,,,,,,,,,,,,,,,,,,,,,,,,,,,,,,,
2023,3,9,8,0,9.7,6,77.98,,,,,,,,,,,,,,,,,,,,,,,,,,,,,,,,,,,,
2023,3,9,9,0,9,6.7,85.68,,,,,,,,,,,,,,,,,,,,,,,,,,,,,,,,,,,,
2023,3,9,10,0,8.6,6.2,84.8,,,,,,,,,,,,,,,,,,,,,,,,,,,,,,,,,,,,
2023,3,9,11,0,8.3,5.7,83.43,,,,,,,,,,,,,,,,,,,,,,,,,,,,,,,,,,,,
2023,3,9,12,0,8.7,6,83.28,,,,,,,,,,,,,,,,,,,,,,,,,,,,,,,,,,,,
2023,3,9,13,0,10.1,6.3,77.29,,,,,,,,,,,,,,,,,,,,,,,,,,,,,,,,,,,,
2023,3,9,14,0,12.1,6.4,68.13,,,,,,,,,,,,,,,,,,,,,,,,,,,,,,,,,,,,
2023,3,9,15,0,14,6.4,60.04,,,,,,,,,,,,,,,,,,,,,,,,,,,,,,,,,,,,
2023,3,9,16,0,14.3,7.4,63.29,,,,,,,,,,,,,,,,,,,,,,,,,,,,,,,,,,,,
2023,3,9,17,0,12.9,8.3,73.5,,,,,,,,,,,,,,,,,,,,,,,,,,,,,,,,,,,,
2023,3,9,18,0,11.5,8.5,82.09,,,,,,,,,,,,,,,,,,,,,,,,,,,,,,,,,,,,
2023,3,9,19,0,11.4,8.9,84.76,,,,,,,,,,,,,,,,,,,,,,,,,,,,,,,,,,,,
2023,3,9,20,0,11.9,9.3,83.98,,,,,,,,,,,,,,,,,,,,,,,,,,,,,,,,,,,,
2023,3,9,21,0,11.9,9.5,85.47,,,,,,,,,,,,,,,,,,,,,,,,,,,,,,,,,,,,
2023,3,9,22,0,11.3,9.9,90.94,,,,,,,,,,,,,,,,,,,,,,,,,,,,,,,,,,,,
2023,3,9,23,0,10.4,10,97.52,,,,,,,,,,,,,,,,,,,,,,,,,,,,,,,,,,,,
2023,3,10,0,0,10.1,9.9,98.63,,,,,,,,,,,,,,,,,,,,,,,,,,,,,,,,,,,,
2023,3,10,1,0,9.9,9.8,99.31,,,,,,,,,,,,,,,,,,,,,,,,,,,,,,,,,,,,
2023,3,10,2,0,9.7,9.6,99.52,,,,,,,,,,,,,,,,,,,,,,,,,,,,,,,,,,,,
2023,3,10,3,0,9.3,9.3,100,,,,,,,,,,,,,,,,,,,,,,,,,,,,,,,,,,,,
2023,3,10,4,0,9.2,9.2,100,,,,,,,,,,,,,,,,,,,,,,,,,,,,,,,,,,,,
2023,3,10,5,0,9.3,9.3,100,,,,,,,,,,,,,,,,,,,,,,,,,,,,,,,,,,,,
2023,3,10,6,0,9.4,9.4,100,,,,,,,,,,,,,,,,,,,,,,,,,,,,,,,,,,,,
2023,3,10,7,0,9.5,9.5,100,,,,,,,,,,,,,,,,,,,,,,,,,,,,,,,,,,,,
2023,3,10,8,0,9.5,9.5,100,,,,,,,,,,,,,,,,,,,,,,,,,,,,,,,,,,,,
2023,3,10,9,0,9.6,9.6,100,,,,,,,,,,,,,,,,,,,,,,,,,,,,,,,,,,,,
2023,3,10,10,0,9.8,9.8,100,,,,,,,,,,,,,,,,,,,,,,,,,,,,,,,,,,,,
2023,3,10,11,0,10.4,10.4,100,,,,,,,,,,,,,,,,,,,,,,,,,,,,,,,,,,,,
2023,3,10,12,0,11.4,11.4,100,,,,,,,,,,,,,,,,,,,,,,,,,,,,,,,,,,,,
2023,3,10,13,0,12.9,12.9,100,,,,,,,,,,,,,,,,,,,,,,,,,,,,,,,,,,,,
2023,3,10,14,0,14,14,99.69,,,,,,,,,,,,,,,,,,,,,,,,,,,,,,,,,,,,
2023,3,10,15,0,14.9,14.3,95.93,,,,,,,,,,,,,,,,,,,,,,,,,,,,,,,,,,,,
2023,3,10,16,0,15.7,13.7,87.84,,,,,,,,,,,,,,,,,,,,,,,,,,,,,,,,,,,,
2023,3,10,17,0,16.3,13.1,81.22,,,,,,,,,,,,,,,,,,,,,,,,,,,,,,,,,,,,
2023,3,10,18,0,16.4,12.5,77.65,,,,,,,,,,,,,,,,,,,,,,,,,,,,,,,,,,,,
2023,3,10,19,0,16.4,11.7,73.73,,,,,,,,,,,,,,,,,,,,,,,,,,,,,,,,,,,,
2023,3,10,20,0,16.2,10.5,69.1,,,,,,,,,,,,,,,,,,,,,,,,,,,,,,,,,,,,
2023,3,10,21,0,15.6,9.2,65.91,,,,,,,,,,,,,,,,,,,,,,,,,,,,,,,,,,,,
2023,3,10,22,0,14,8.5,69.5,,,,,,,,,,,,,,,,,,,,,,,,,,,,,,,,,,,,
2023,3,10,23,0,11.1,7.6,79.26,,,,,,,,,,,,,,,,,,,,,,,,,,,,,,,,,,,,
2023,3,11,0,0,9.6,6.8,82.84,,,,,,,,,,,,,,,,,,,,,,,,,,,,,,,,,,,,
2023,3,11,1,0,8.5,6.2,85.43,,,,,,,,,,,,,,,,,,,,,,,,,,,,,,,,,,,,
2023,3,11,2,0,7.5,5.6,87.75,,,,,,,,,,,,,,,,,,,,,,,,,,,,,,,,,,,,
2023,3,11,3,0,6.7,5,89.11,,,,,,,,,,,,,,,,,,,,,,,,,,,,,,,,,,,,
2023,3,11,4,0,6,4.5,89.93,,,,,,,,,,,,,,,,,,,,,,,,,,,,,,,,,,,,
2023,3,11,5,0,5.1,3.9,92.14,,,,,,,,,,,,,,,,,,,,,,,,,,,,,,,,,,,,
2023,3,11,6,0,4.6,3.5,92.64,,,,,,,,,,,,,,,,,,,,,,,,,,,,,,,,,,,,
2023,3,11,7,0,4,3.1,93.72,,,,,,,,,,,,,,,,,,,,,,,,,,,,,,,,,,,,
2023,3,11,8,0,3.2,2.5,94.88,,,,,,,,,,,,,,,,,,,,,,,,,,,,,,,,,,,,
2023,3,11,9,0,2.5,2,96.5,,,,,,,,,,,,,,,,,,,,,,,,,,,,,,,,,,,,
2023,3,11,10,0,2.1,1.7,97.38,,,,,,,,,,,,,,,,,,,,,,,,,,,,,,,,,,,,
2023,3,11,11,0,1.4,1.4,100,,,,,,,,,,,,,,,,,,,,,,,,,,,,,,,,,,,,
2023,3,11,12,0,2.8,1.5,91.28,,,,,,,,,,,,,,,,,,,,,,,,,,,,,,,,,,,,
2023,3,11,13,0,5,1.1,75.73,,,,,,,,,,,,,,,,,,,,,,,,,,,,,,,,,,,,
2023,3,11,14,0,7.4,0.9,63.26,,,,,,,,,,,,,,,,,,,,,,,,,,,,,,,,,,,,
2023,3,11,15,0,9.5,1.3,56.71,,,,,,,,,,,,,,,,,,,,,,,,,,,,,,,,,,,,
2023,3,11,16,0,12,1.9,50,,,,,,,,,,,,,,,,,,,,,,,,,,,,,,,,,,,,
2023,3,11,17,0,13.4,2.3,47.03,,,,,,,,,,,,,,,,,,,,,,,,,,,,,,,,,,,,
2023,3,11,18,0,14.3,2.8,46.03,,,,,,,,,,,,,,,,,,,,,,,,,,,,,,,,,,,,
2023,3,11,19,0,15.3,3.6,45.4,,,,,,,,,,,,,,,,,,,,,,,,,,,,,,,,,,,,
2023,3,11,20,0,15.7,3.9,45.47,,,,,,,,,,,,,,,,,,,,,,,,,,,,,,,,,,,,
2023,3,11,21,0,15.6,5.1,49.6,,,,,,,,,,,,,,,,,,,,,,,,,,,,,,,,,,,,
2023,3,11,22,0,14.8,6.4,57.01,,,,,,,,,,,,,,,,,,,,,,,,,,,,,,,,,,,,
2023,3,11,23,0,13.7,3.5,50.2,,,,,,,,,,,,,,,,,,,,,,,,,,,,,,,,,,,,
2023,3,12,0,0,12.8,3.5,53.18,,,,,,,,,,,,,,,,,,,,,,,,,,,,,,,,,,,,
2023,3,12,1,0,11.9,4.2,59.06,,,,,,,,,,,,,,,,,,,,,,,,,,,,,,,,,,,,
2023,3,12,2,0,11.2,4.8,64.89,,,,,,,,,,,,,,,,,,,,,,,,,,,,,,,,,,,,
2023,3,12,3,0,10,5.5,73.41,,,,,,,,,,,,,,,,,,,,,,,,,,,,,,,,,,,,
2023,3,12,4,0,9.5,6.6,82.15,,,,,,,,,,,,,,,,,,,,,,,,,,,,,,,,,,,,
2023,3,12,5,0,9.7,6.8,82.05,,,,,,,,,,,,,,,,,,,,,,,,,,,,,,,,,,,,
2023,3,12,6,0,9.8,7,82.63,,,,,,,,,,,,,,,,,,,,,,,,,,,,,,,,,,,,
2023,3,12,7,0,9.7,7.7,87.24,,,,,,,,,,,,,,,,,,,,,,,,,,,,,,,,,,,,
2023,3,12,8,0,10,8.6,91,,,,,,,,,,,,,,,,,,,,,,,,,,,,,,,,,,,,
2023,3,12,9,0,10.6,10,95.86,,,,,,,,,,,,,,,,,,,,,,,,,,,,,,,,,,,,
2023,3,12,10,0,11.1,11.1,100,,,,,,,,,,,,,,,,,,,,,,,,,,,,,,,,,,,,
2023,3,12,11,0,11.7,11.7,100,,,,,,,,,,,,,,,,,,,,,,,,,,,,,,,,,,,,
2023,3,12,12,0,12.5,12.5,100,,,,,,,,,,,,,,,,,,,,,,,,,,,,,,,,,,,,
2023,3,12,13,0,13.1,13.1,100,,,,,,,,,,,,,,,,,,,,,,,,,,,,,,,,,,,,
2023,3,12,14,0,13.5,13.5,100,,,,,,,,,,,,,,,,,,,,,,,,,,,,,,,,,,,,
2023,3,12,15,0,13.9,13.8,99.56,,,,,,,,,,,,,,,,,,,,,,,,,,,,,,,,,,,,
2023,3,12,16,0,14.2,14.1,99.12,,,,,,,,,,,,,,,,,,,,,,,,,,,,,,,,,,,,
2023,3,12,17,0,14.6,14.3,98.14,,,,,,,,,,,,,,,,,,,,,,,,,,,,,,,,,,,,
2023,3,12,18,0,14.7,14.3,97.42,,,,,,,,,,,,,,,,,,,,,,,,,,,,,,,,,,,,
2023,3,12,19,0,14,13.7,98.25,,,,,,,,,,,,,,,,,,,,,,,,,,,,,,,,,,,,
2023,3,12,20,0,13.4,13.1,98,,,,,,,,,,,,,,,,,,,,,,,,,,,,,,,,,,,,
2023,3,12,21,0,12.9,12.6,97.83,,,,,,,,,,,,,,,,,,,,,,,,,,,,,,,,,,,,
2023,3,12,22,0,12.2,12.2,99.82,,,,,,,,,,,,,,,,,,,,,,,,,,,,,,,,,,,,
2023,3,12,23,0,11.5,11.5,100,,,,,,,,,,,,,,,,,,,,,,,,,,,,,,,,,,,,
2023,3,13,0,0,10.9,10.9,100,,,,,,,,,,,,,,,,,,,,,,,,,,,,,,,,,,,,
2023,3,13,1,0,10.4,10.3,99.62,,,,,,,,,,,,,,,,,,,,,,,,,,,,,,,,,,,,
2023,3,13,2,0,9.6,9.6,99.79,,,,,,,,,,,,,,,,,,,,,,,,,,,,,,,,,,,,
2023,3,13,3,0,9.1,8.9,98.63,,,,,,,,,,,,,,,,,,,,,,,,,,,,,,,,,,,,
2023,3,13,4,0,8.6,8.2,97.35,,,,,,,,,,,,,,,,,,,,,,,,,,,,,,,,,,,,
2023,3,13,5,0,7.8,7.3,96.48,,,,,,,,,,,,,,,,,,,,,,,,,,,,,,,,,,,,
2023,3,13,6,0,7,6.3,95.07,,,,,,,,,,,,,,,,,,,,,,,,,,,,,,,,,,,,
2023,3,13,7,0,6.2,5.3,94.16,,,,,,,,,,,,,,,,,,,,,,,,,,,,,,,,,,,,
2023,3,13,8,0,5.6,4.5,92.9,,,,,,,,,,,,,,,,,,,,,,,,,,,,,,,,,,,,
2023,3,13,9,0,5.1,3.9,92.1,,,,,,,,,,,,,,,,,,,,,,,,,,,,,,,,,,,,
2023,3,13,10,0,4.7,3.4,91.57,,,,,,,,,,,,,,,,,,,,,,,,,,,,,,,,,,,,
2023,3,13,11,0,4.3,3,91.44,,,,,,,,,,,,,,,,,,,,,,,,,,,,,,,,,,,,
2023,3,13,12,0,4.6,2.9,88.42,,,,,,,,,,,,,,,,,,,,,,,,,,,,,,,,,,,,
2023,3,13,13,0,6,2.7,79.49,,,,,,,,,,,,,,,,,,,,,,,,,,,,,,,,,,,,
2023,3,13,14,0,8.1,2.4,67.46,,,,,,,,,,,,,,,,,,,,,,,,,,,,,,,,,,,,
2023,3,13,15,0,10,2.2,58.51,,,,,,,,,,,,,,,,,,,,,,,,,,,,,,,,,,,,
2023,3,13,16,0,11.4,2.4,54.11,,,,,,,,,,,,,,,,,,,,,,,,,,,,,,,,,,,,
2023,3,13,17,0,12.4,2.7,51.76,,,,,,,,,,,,,,,,,,,,,,,,,,,,,,,,,,,,
2023,3,13,18,0,13,3,50.66,,,,,,,,,,,,,,,,,,,,,,,,,,,,,,,,,,,,
2023,3,13,19,0,13.1,3.2,50.9,,,,,,,,,,,,,,,,,,,,,,,,,,,,,,,,,,,,
2023,3,13,20,0,12.6,3.2,52.68,,,,,,,,,,,,,,,,,,,,,,,,,,,,,,,,,,,,
2023,3,13,21,0,11.7,3,55.33,,,,,,,,,,,,,,,,,,,,,,,,,,,,,,,,,,,,
2023,3,13,22,0,10,2.6,59.92,,,,,,,,,,,,,,,,,,,,,,,,,,,,,,,,,,,,
2023,3,13,23,0,7.5,2.2,68.94,,,,,,,,,,,,,,,,,,,,,,,,,,,,,,,,,,,,
2023,3,14,0,0,5.7,1.6,75.02,,,,,,,,,,,,,,,,,,,,,,,,,,,,,,,,,,,,
2023,3,14,1,0,4.4,1.2,79.56,,,,,,,,,,,,,,,,,,,,,,,,,,,,,,,,,,,,
2023,3,14,2,0,3.1,0.9,85.4,,,,,,,,,,,,,,,,,,,,,,,,,,,,,,,,,,,,
2023,3,14,3,0,2.1,0.4,88.66,,,,,,,,,,,,,,,,,,,,,,,,,,,,,,,,,,,,
2023,3,14,4,0,1.3,-0.1,90.59,,,,,,,,,,,,,,,,,,,,,,,,,,,,,,,,,,,,
2023,3,14,5,0,0.5,-0.6,92.2,,,,,,,,,,,,,,,,,,,,,,,,,,,,,,,,,,,,
2023,3,14,6,0,-0.1,-1.2,92.29,,,,,,,,,,,,,,,,,,,,,,,,,,,,,,,,,,,,
2023,3,14,7,0,-0.8,-1.7,93.47,,,,,,,,,,,,,,,,,,,,,,,,,,,,,,,,,,,,
2023,3,14,8,0,-1.5,-2.2,94.64,,,,,,,,,,,,,,,,,,,,,,,,,,,,,,,,,,,,
2023,3,14,9,0,-2.1,-2.7,95.37,,,,,,,,,,,,,,,,,,,,,,,,,,,,,,,,,,,,
2023,3,14,10,0,-2.6,-3.2,95.87,,,,,,,,,,,,,,,,,,,,,,,,,,,,,,,,,,,,
2023,3,14,11,0,-3.1,-3.6,96.7,,,,,,,,,,,,,,,,,,,,,,,,,,,,,,,,,,,,
2023,3,14,12,0,-1.6,-3.5,86.83,,,,,,,,,,,,,,,,,,,,,,,,,,,,,,,,,,,,
2023,3,14,13,0,0.8,-3.9,70.97,,,,,,,,,,,,,,,,,,,,,,,,,,,,,,,,,,,,
2023,3,14,14,0,3.2,-4,59.3,,,,,,,,,,,,,,,,,,,,,,,,,,,,,,,,,,,,
2023,3,14,15,0,5.4,-3.7,51.81,,,,,,,,,,,,,,,,,,,,,,,,,,,,,,,,,,,,
2023,3,14,16,0,7.2,-3.3,47.22,,,,,,,,,,,,,,,,,,,,,,,,,,,,,,,,,,,,
2023,3,14,17,0,8.4,-2.7,45.54,,,,,,,,,,,,,,,,,,,,,,,,,,,,,,,,,,,,
2023,3,14,18,0,9.2,-2.2,44.91,,,,,,,,,,,,,,,,,,,,,,,,,,,,,,,,,,,,
2023,3,14,19,0,9.5,-1.8,45.31,,,,,,,,,,,,,,,,,,,,,,,,,,,,,,,,,,,,
2023,3,14,20,0,9.4,-1.5,46.46,,,,,,,,,,,,,,,,,,,,,,,,,,,,,,,,,,,,
2023,3,14,21,0,8.8,-1.3,49.07,,,,,,,,,,,,,,,,,,,,,,,,,,,,,,,,,,,,
2023,3,14,22,0,7.5,-0.8,55.65,,,,,,,,,,,,,,,,,,,,,,,,,,,,,,,,,,,,
2023,3,14,23,0,4.6,0,72,,,,,,,,,,,,,,,,,,,,,,,,,,,,,,,,,,,,
2023,3,15,0,0,3,-0.3,79.01,,,,,,,,,,,,,,,,,,,,,,,,,,,,,,,,,,,,
2023,3,15,1,0,2,-0.6,83.1,,,,,,,,,,,,,,,,,,,,,,,,,,,,,,,,,,,,
2023,3,15,2,0,0.8,-0.9,88.21,,,,,,,,,,,,,,,,,,,,,,,,,,,,,,,,,,,,
2023,3,15,3,0,-0.2,-1.4,91.67,,,,,,,,,,,,,,,,,,,,,,,,,,,,,,,,,,,,
2023,3,15,4,0,-1,-1.8,94.47,,,,,,,,,,,,,,,,,,,,,,,,,,,,,,,,,,,,
2023,3,15,5,0,-1.4,-2.1,94.88,,,,,,,,,,,,,,,,,,,,,,,,,,,,,,,,,,,,
2023,3,15,6,0,-1.9,-2.5,95.38,,,,,,,,,,,,,,,,,,,,,,,,,,,,,,,,,,,,
2023,3,15,7,0,-2.6,-3,97.13,,,,,,,,,,,,,,,,,,,,,,,,,,,,,,,,,,,,
2023,3,15,8,0,-3.2,-3.4,98.41,,,,,,,,,,,,,,,,,,,,,,,,,,,,,,,,,,,,
2023,3,15,9,0,-4,-4,100,,,,,,,,,,,,,,,,,,,,,,,,,,,,,,,,,,,,
2023,3,15,10,0,-4.5,-4.5,100,,,,,,,,,,,,,,,,,,,,,,,,,,,,,,,,,,,,
2023,3,15,11,0,-4.8,-4.8,100,,,,,,,,,,,,,,,,,,,,,,,,,,,,,,,,,,,,
2023,3,15,12,0,-1.9,-3.7,87.44,,,,,,,,,,,,,,,,,,,,,,,,,,,,,,,,,,,,
2023,3,15,13,0,1.8,-4,65.23,,,,,,,,,,,,,,,,,,,,,,,,,,,,,,,,,,,,
2023,3,15,14,0,5.4,-4.8,47.89,,,,,,,,,,,,,,,,,,,,,,,,,,,,,,,,,,,,
2023,3,15,15,0,8.5,-4.8,38.78,,,,,,,,,,,,,,,,,,,,,,,,,,,,,,,,,,,,
2023,3,15,16,0,10.8,-3.9,35.5,,,,,,,,,,,,,,,,,,,,,,,,,,,,,,,,,,,,
2023,3,15,17,0,12.7,-3,33.51,,,,,,,,,,,,,,,,,,,,,,,,,,,,,,,,,,,,
2023,3,15,18,0,14.1,-2.2,32.34,,,,,,,,,,,,,,,,,,,,,,,,,,,,,,,,,,,,
2023,3,15,19,0,14.9,-1.6,32.11,,,,,,,,,,,,,,,,,,,,,,,,,,,,,,,,,,,,
2023,3,15,20,0,15.1,-1,33.1,,,,,,,,,,,,,,,,,,,,,,,,,,,,,,,,,,,,
2023,3,15,21,0,14.6,0.5,38.2,,,,,,,,,,,,,,,,,,,,,,,,,,,,,,,,,,,,
2023,3,15,22,0,13.6,3.8,51.55,,,,,,,,,,,,,,,,,,,,,,,,,,,,,,,,,,,,
2023,3,15,23,0,11,0.4,48.12,,,,,,,,,,,,,,,,,,,,,,,,,,,,,,,,,,,,
2023,3,16,0,0,9.8,-1.1,46.69,,,,,,,,,,,,,,,,,,,,,,,,,,,,,,,,,,,,
2023,3,16,1,0,8.8,-1.3,49.13,,,,,,,,,,,,,,,,,,,,,,,,,,,,,,,,,,,,
2023,3,16,2,0,7.9,-1.6,51.1,,,,,,,,,,,,,,,,,,,,,,,,,,,,,,,,,,,,
2023,3,16,3,0,7.1,-1.9,52.86,,,,,,,,,,,,,,,,,,,,,,,,,,,,,,,,,,,,
2023,3,16,4,0,6.1,-2.1,55.5,,,,,,,,,,,,,,,,,,,,,,,,,,,,,,,,,,,,
2023,3,16,5,0,5.2,-2.3,58.29,,,,,,,,,,,,,,,,,,,,,,,,,,,,,,,,,,,,
2023,3,16,6,0,3.8,-2.3,64.6,,,,,,,,,,,,,,,,,,,,,,,,,,,,,,,,,,,,
2023,3,16,7,0,3.2,-2.5,66.45,,,,,,,,,,,,,,,,,,,,,,,,,,,,,,,,,,,,
2023,3,16,8,0,2.6,-2.5,68.93,,,,,,,,,,,,,,,,,,,,,,,,,,,,,,,,,,,,
2023,3,16,9,0,1.9,-2.4,73.38,,,,,,,,,,,,,,,,,,,,,,,,,,,,,,,,,,,,
2023,3,16,10,0,1.3,-2.1,78.07,,,,,,,,,,,,,,,,,,,,,,,,,,,,,,,,,,,,
2023,3,16,11,0,0.5,-2.2,82.39,,,,,,,,,,,,,,,,,,,,,,,,,,,,,,,,,,,,
2023,3,16,12,0,2.8,0.8,86.46,,,,,,,,,,,,,,,,,,,,,,,,,,,,,,,,,,,,
2023,3,16,13,0,6.6,1.2,68.25,,,,,,,,,,,,,,,,,,,,,,,,,,,,,,,,,,,,
2023,3,16,14,0,10.5,2.6,58,,,,,,,,,,,,,,,,,,,,,,,,,,,,,,,,,,,,
2023,3,16,15,0,13.8,2.3,45.71,,,,,,,,,,,,,,,,,,,,,,,,,,,,,,,,,,,,
2023,3,16,16,0,15.6,2.9,42.65,,,,,,,,,,,,,,,,,,,,,,,,,,,,,,,,,,,,
2023,3,16,17,0,16.8,3.7,41.65,,,,,,,,,,,,,,,,,,,,,,,,,,,,,,,,,,,,
2023,3,16,18,0,17.4,4.3,41.78,,,,,,,,,,,,,,,,,,,,,,,,,,,,,,,,,,,,
2023,3,16,19,0,17.5,4.9,43.34,,,,,,,,,,,,,,,,,,,,,,,,,,,,,,,,,,,,
2023,3,16,20,0,17.4,5.7,46.02,,,,,,,,,,,,,,,,,,,,,,,,,,,,,,,,,,,,
2023,3,16,21,0,16.7,6.8,52.07,,,,,,,,,,,,,,,,,,,,,,,,,,,,,,,,,,,,
2023,3,16,22,0,14.6,9.3,70.59,,,,,,,,,,,,,,,,,,,,,,,,,,,,,,,,,,,,
2023,3,16,23,0,10.8,8.2,84.04,,,,,,,,,,,,,,,,,,,,,,,,,,,,,,,,,,,,
2023,3,17,0,0,9.8,7.3,84.49,,,,,,,,,,,,,,,,,,,,,,,,,,,,,,,,,,,,
2023,3,17,1,0,9.4,6.8,84.02,,,,,,,,,,,,,,,,,,,,,,,,,,,,,,,,,,,,
2023,3,17,2,0,8.9,6.5,84.75,,,,,,,,,,,,,,,,,,,,,,,,,,,,,,,,,,,,
2023,3,17,3,0,8.4,6.3,86.38,,,,,,,,,,,,,,,,,,,,,,,,,,,,,,,,,,,,
2023,3,17,4,0,8.3,6.4,87.82,,,,,,,,,,,,,,,,,,,,,,,,,,,,,,,,,,,,
2023,3,17,5,0,8.4,6.9,90.42,,,,,,,,,,,,,,,,,,,,,,,,,,,,,,,,,,,,
2023,3,17,6,0,8.1,7.5,96.25,,,,,,,,,,,,,,,,,,,,,,,,,,,,,,,,,,,,
2023,3,17,7,0,8.4,8.3,99,,,,,,,,,,,,,,,,,,,,,,,,,,,,,,,,,,,,
2023,3,17,8,0,8.3,8.3,100,,,,,,,,,,,,,,,,,,,,,,,,,,,,,,,,,,,,
2023,3,17,9,0,9.2,9.2,100,,,,,,,,,,,,,,,,,,,,,,,,,,,,,,,,,,,,
2023,3,17,10,0,9.4,9.4,100,,,,,,,,,,,,,,,,,,,,,,,,,,,,,,,,,,,,
2023,3,17,11,0,10.1,10.1,100,,,,,,,,,,,,,,,,,,,,,,,,,,,,,,,,,,,,
2023,3,17,12,0,11.4,11.2,98.9,,,,,,,,,,,,,,,,,,,,,,,,,,,,,,,,,,,,
2023,3,17,13,0,12.9,12.5,97.1,,,,,,,,,,,,,,,,,,,,,,,,,,,,,,,,,,,,
2023,3,17,14,0,14.5,13.7,94.97,,,,,,,,,,,,,,,,,,,,,,,,,,,,,,,,,,,,
2023,3,17,15,0,16,14.8,92.31,,,,,,,,,,,,,,,,,,,,,,,,,,,,,,,,,,,,
2023,3,17,16,0,17.3,15.7,90.21,,,,,,,,,,,,,,,,,,,,,,,,,,,,,,,,,,,,
2023,3,17,17,0,18.2,16.2,87.92,,,,,,,,,,,,,,,,,,,,,,,,,,,,,,,,,,,,
2023,3,17,18,0,18.2,16.4,89.03,,,,,,,,,,,,,,,,,,,,,,,,,,,,,,,,,,,,
2023,3,17,19,0,17.7,16.6,93.26,,,,,,,,,,,,,,,,,,,,,,,,,,,,,,,,,,,,
2023,3,17,20,0,17.2,16.6,96.54,,,,,,,,,,,,,,,,,,,,,,,,,,,,,,,,,,,,
2023,3,17,21,0,16.4,16.2,98.64,,,,,,,,,,,,,,,,,,,,,,,,,,,,,,,,,,,,
2023,3,17,22,0,14.2,13.9,98.26,,,,,,,,,,,,,,,,,,,,,,,,,,,,,,,,,,,,
2023,3,17,23,0,10.9,10.3,95.87,,,,,,,,,,,,,,,,,,,,,,,,,,,,,,,,,,,,
2023,3,18,0,0,8.9,8,93.84,,,,,,,,,,,,,,,,,,,,,,,,,,,,,,,,,,,,
2023,3,18,1,0,8.2,7.1,92.86,,,,,,,,,,,,,,,,,,,,,,,,,,,,,,,,,,,,
2023,3,18,2,0,7.8,6.4,91.03,,,,,,,,,,,,,,,,,,,,,,,,,,,,,,,,,,,,
2023,3,18,3,0,7.2,5.5,89.16,,,,,,,,,,,,,,,,,,,,,,,,,,,,,,,,,,,,
2023,3,18,4,0,6.4,4.7,88.73,,,,,,,,,,,,,,,,,,,,,,,,,,,,,,,,,,,,
2023,3,18,5,0,5.1,3.8,91.44,,,,,,,,,,,,,,,,,,,,,,,,,,,,,,,,,,,,
2023,3,18,6,0,4.2,2.9,91.48,,,,,,,,,,,,,,,,,,,,,,,,,,,,,,,,,,,,
2023,3,18,7,0,3.4,2,90.66,,,,,,,,,,,,,,,,,,,,,,,,,,,,,,,,,,,,
2023,3,18,8,0,2.6,1,89.11,,,,,,,,,,,,,,,,,,,,,,,,,,,,,,,,,,,,
2023,3,18,9,0,1.7,-0.2,87.3,,,,,,,,,,,,,,,,,,,,,,,,,,,,,,,,,,,,
2023,3,18,10,0,0.9,-1.2,85.99,,,,,,,,,,,,,,,,,,,,,,,,,,,,,,,,,,,,
2023,3,18,11,0,0.3,-1.9,85.07,,,,,,,,,,,,,,,,,,,,,,,,,,,,,,,,,,,,
2023,3,18,12,0,1.2,-2,79.38,,,,,,,,,,,,,,,,,,,,,,,,,,,,,,,,,,,,
2023,3,18,13,0,2.8,-2.5,68.11,,,,,,,,,,,,,,,,,,,,,,,,,,,,,,,,,,,,
2023,3,18,14,0,4.9,-3.5,54.59,,,,,,,,,,,,,,,,,,,,,,,,,,,,,,,,,,,,
2023,3,18,15,0,7,-4.1,45.12,,,,,,,,,,,,,,,,,,,,,,,,,,,,,,,,,,,,
2023,3,18,16,0,8.6,-3.9,41.09,,,,,,,,,,,,,,,,,,,,,,,,,,,,,,,,,,,,
2023,3,18,17,0,9.6,-3.4,39.85,,,,,,,,,,,,,,,,,,,,,,,,,,,,,,,,,,,,
2023,3,18,18,0,10.4,-2.7,39.66,,,,,,,,,,,,,,,,,,,,,,,,,,,,,,,,,,,,
2023,3,18,19,0,10.7,-2.2,40.44,,,,,,,,,,,,,,,,,,,,,,,,,,,,,,,,,,,,
2023,3,18,20,0,10.5,-1.8,42.27,,,,,,,,,,,,,,,,,,,,,,,,,,,,,,,,,,,,
2023,3,18,21,0,9.8,-1.4,45.61,,,,,,,,,,,,,,,,,,,,,,,,,,,,,,,,,,,,
2023,3,18,22,0,8.3,-0.3,54.78,,,,,,,,,,,,,,,,,,,,,,,,,,,,,,,,,,,,
2023,3,18,23,0,6.1,1.4,72.02,,,,,,,,,,,,,,,,,,,,,,,,,,,,,,,,,,,,
2023,3,19,0,0,4.9,1.4,77.92,,,,,,,,,,,,,,,,,,,,,,,,,,,,,,,,,,,,
2023,3,19,1,0,4.4,1.2,79.94,,,,,,,,,,,,,,,,,,,,,,,,,,,,,,,,,,,,
2023,3,19,2,0,3.6,1.1,83.48,,,,,,,,,,,,,,,,,,,,,,,,,,,,,,,,,,,,
2023,3,19,3,0,3.5,1.1,84.04,,,,,,,,,,,,,,,,,,,,,,,,,,,,,,,,,,,,
2023,3,19,4,0,3.4,1,84.07,,,,,,,,,,,,,,,,,,,,,,,,,,,,,,,,,,,,
2023,3,19,5,0,3.1,0.6,83.42,,,,,,,,,,,,,,,,,,,,,,,,,,,,,,,,,,,,
2023,3,19,6,0,2.4,-0.3,82.57,,,,,,,,,,,,,,,,,,,,,,,,,,,,,,,,,,,,
2023,3,19,7,0,1,-1.5,83.32,,,,,,,,,,,,,,,,,,,,,,,,,,,,,,,,,,,,
2023,3,19,8,0,-0.3,-2.7,83.69,,,,,,,,,,,,,,,,,,,,,,,,,,,,,,,,,,,,
2023,3,19,9,0,-1.4,-3.8,83.62,,,,,,,,,,,,,,,,,,,,,,,,,,,,,,,,,,,,
2023,3,19,10,0,-2.3,-4.8,83.02,,,,,,,,,,,,,,,,,,,,,,,,,,,,,,,,,,,,
2023,3,19,11,0,-3.2,-5.4,84.47,,,,,,,,,,,,,,,,,,,,,,,,,,,,,,,,,,,,
2023,3,19,12,0,-2.2,-5.9,75.85,,,,,,,,,,,,,,,,,,,,,,,,,,,,,,,,,,,,
2023,3,19,13,0,-0.3,-7.3,59.06,,,,,,,,,,,,,,,,,,,,,,,,,,,,,,,,,,,,
2023,3,19,14,0,1.5,-7.7,50.44,,,,,,,,,,,,,,,,,,,,,,,,,,,,,,,,,,,,
2023,3,19,15,0,3.3,-7.4,45.38,,,,,,,,,,,,,,,,,,,,,,,,,,,,,,,,,,,,
2023,3,19,16,0,4.8,-6.9,42.38,,,,,,,,,,,,,,,,,,,,,,,,,,,,,,,,,,,,
2023,3,19,17,0,6,-6.4,40.59,,,,,,,,,,,,,,,,,,,,,,,,,,,,,,,,,,,,
2023,3,19,18,0,6.7,-6,39.86,,,,,,,,,,,,,,,,,,,,,,,,,,,,,,,,,,,,
2023,3,19,19,0,7,-5.8,39.73,,,,,,,,,,,,,,,,,,,,,,,,,,,,,,,,,,,,
2023,3,19,20,0,6.8,-5.7,40.45,,,,,,,,,,,,,,,,,,,,,,,,,,,,,,,,,,,,
2023,3,19,21,0,6.1,-5.7,42.55,,,,,,,,,,,,,,,,,,,,,,,,,,,,,,,,,,,,
2023,3,19,22,0,4.9,-5.2,48.03,,,,,,,,,,,,,,,,,,,,,,,,,,,,,,,,,,,,
2023,3,19,23,0,2.3,-3.3,66.29,,,,,,,,,,,,,,,,,,,,,,,,,,,,,,,,,,,,
2023,3,20,0,0,1,-3,74.62,,,,,,,,,,,,,,,,,,,,,,,,,,,,,,,,,,,,
2023,3,20,1,0,0.1,-3,79.8,,,,,,,,,,,,,,,,,,,,,,,,,,,,,,,,,,,,
2023,3,20,2,0,-1.1,-3.5,84.02,,,,,,,,,,,,,,,,,,,,,,,,,,,,,,,,,,,,
2023,3,20,3,0,-2,-4,85.89,,,,,,,,,,,,,,,,,,,,,,,,,,,,,,,,,,,,
2023,3,20,4,0,-2.8,-4.5,88.15,,,,,,,,,,,,,,,,,,,,,,,,,,,,,,,,,,,,
2023,3,20,5,0,-3.4,-4.9,89.61,,,,,,,,,,,,,,,,,,,,,,,,,,,,,,,,,,,,
2023,3,20,6,0,-4,-5.1,92.05,,,,,,,,,,,,,,,,,,,,,,,,,,,,,,,,,,,,
2023,3,20,7,0,-4.4,-5.3,93.18,,,,,,,,,,,,,,,,,,,,,,,,,,,,,,,,,,,,
2023,3,20,8,0,-4.8,-5.5,94.57,,,,,,,,,,,,,,,,,,,,,,,,,,,,,,,,,,,,
2023,3,20,9,0,-5,-5.7,94.63,,,,,,,,,,,,,,,,,,,,,,,,,,,,,,,,,,,,
2023,3,20,10,0,-5.2,-5.9,94.74,,,,,,,,,,,,,,,,,,,,,,,,,,,,,,,,,,,,
2023,3,20,11,0,-5.3,-6.1,94.39,,,,,,,,,,,,,,,,,,,,,,,,,,,,,,,,,,,,
2023,3,20,12,0,-3.2,-5.7,83.02,,,,,,,,,,,,,,,,,,,,,,,,,,,,,,,,,,,,
2023,3,20,13,0,0.6,-6.2,60.25,,,,,,,,,,,,,,,,,,,,,,,,,,,,,,,,,,,,
2023,3,20,14,0,3.7,-6.7,46.74,,,,,,,,,,,,,,,,,,,,,,,,,,,,,,,,,,,,
2023,3,20,15,0,6.1,-5.9,41.87,,,,,,,,,,,,,,,,,,,,,,,,,,,,,,,,,,,,
2023,3,20,16,0,8.1,-4.9,39.39,,,,,,,,,,,,,,,,,,,,,,,,,,,,,,,,,,,,
2023,3,20,17,0,9.6,-4,38,,,,,,,,,,,,,,,,,,,,,,,,,,,,,,,,,,,,
2023,3,20,18,0,10.8,-3.4,36.75,,,,,,,,,,,,,,,,,,,,,,,,,,,,,,,,,,,,
2023,3,20,19,0,11.5,-3,36.26,,,,,,,,,,,,,,,,,,,,,,,,,,,,,,,,,,,,
2023,3,20,20,0,11.7,-2.7,36.48,,,,,,,,,,,,,,,,,,,,,,,,,,,,,,,,,,,,
2023,3,20,21,0,11.2,-2.4,38.67,,,,,,,,,,,,,,,,,,,,,,,,,,,,,,,,,,,,
2023,3,20,22,0,10.3,0,49.01,,,,,,,,,,,,,,,,,,,,,,,,,,,,,,,,,,,,
2023,3,20,23,0,8.5,-0.9,51.74,,,,,,,,,,,,,,,,,,,,,,,,,,,,,,,,,,,,
2023,3,21,0,0,7.8,-2.6,47.8,,,,,,,,,,,,,,,,,,,,,,,,,,,,,,,,,,,,
2023,3,21,1,0,7,-1.7,53.78,,,,,,,,,,,,,,,,,,,,,,,,,,,,,,,,,,,,
2023,3,21,2,0,6.4,-1.4,57.65,,,,,,,,,,,,,,,,,,,,,,,,,,,,,,,,,,,,
2023,3,21,3,0,5.7,-1.3,60.81,,,,,,,,,,,,,,,,,,,,,,,,,,,,,,,,,,,,
2023,3,21,4,0,4.8,-1,66.07,,,,,,,,,,,,,,,,,,,,,,,,,,,,,,,,,,,,
2023,3,21,5,0,3.6,-0.5,74.6,,,,,,,,,,,,,,,,,,,,,,,,,,,,,,,,,,,,
2023,3,21,6,0,2.4,-0.3,82.47,,,,,,,,,,,,,,,,,,,,,,,,,,,,,,,,,,,,
2023,3,21,7,0,1.3,-0.8,85.94,,,,,,,,,,,,,,,,,,,,,,,,,,,,,,,,,,,,
2023,3,21,8,0,0,-1.9,87.03,,,,,,,,,,,,,,,,,,,,,,,,,,,,,,,,,,,,
2023,3,21,9,0,-0.6,-2.4,87.71,,,,,,,,,,,,,,,,,,,,,,,,,,,,,,,,,,,,
2023,3,21,10,0,-0.9,-2.5,88.71,,,,,,,,,,,,,,,,,,,,,,,,,,,,,,,,,,,,
2023,3,21,11,0,-1.4,-2.8,90.04,,,,,,,,,,,,,,,,,,,,,,,,,,,,,,,,,,,,
2023,3,21,12,0,1.6,-0.3,87.14,,,,,,,,,,,,,,,,,,,,,,,,,,,,,,,,,,,,
2023,3,21,13,0,4.7,1,76.99,,,,,,,,,,,,,,,,,,,,,,,,,,,,,,,,,,,,
2023,3,21,14,0,8.8,0.8,57.2,,,,,,,,,,,,,,,,,,,,,,,,,,,,,,,,,,,,
2023,3,21,15,0,11.2,-0.4,44.85,,,,,,,,,,,,,,,,,,,,,,,,,,,,,,,,,,,,
2023,3,21,16,0,12.5,0.1,42.41,,,,,,,,,,,,,,,,,,,,,,,,,,,,,,,,,,,,
2023,3,21,17,0,13.1,0.6,42.48,,,,,,,,,,,,,,,,,,,,,,,,,,,,,,,,,,,,
2023,3,21,18,0,12.7,1.6,46.64,,,,,,,,,,,,,,,,,,,,,,,,,,,,,,,,,,,,
2023,3,21,19,0,12.6,2.3,49.47,,,,,,,,,,,,,,,,,,,,,,,,,,,,,,,,,,,,
2023,3,21,20,0,13.6,2.5,47.09,,,,,,,,,,,,,,,,,,,,,,,,,,,,,,,,,,,,
2023,3,21,21,0,13.3,3.1,50,,,,,,,,,,,,,,,,,,,,,,,,,,,,,,,,,,,,
2023,3,21,22,0,12,6.1,67.18,,,,,,,,,,,,,,,,,,,,,,,,,,,,,,,,,,,,
2023,3,21,23,0,8.5,6.1,84.73,,,,,,,,,,,,,,,,,,,,,,,,,,,,,,,,,,,,
2023,3,22,0,0,7,4.7,85.04,,,,,,,,,,,,,,,,,,,,,,,,,,,,,,,,,,,,
2023,3,22,1,0,6.7,4.3,84.71,,,,,,,,,,,,,,,,,,,,,,,,,,,,,,,,,,,,
2023,3,22,2,0,6.4,3.9,84.29,,,,,,,,,,,,,,,,,,,,,,,,,,,,,,,,,,,,
2023,3,22,3,0,6,3.7,85.28,,,,,,,,,,,,,,,,,,,,,,,,,,,,,,,,,,,,
2023,3,22,4,0,5.3,3.4,87.62,,,,,,,,,,,,,,,,,,,,,,,,,,,,,,,,,,,,
2023,3,22,5,0,4.7,3.3,90.94,,,,,,,,,,,,,,,,,,,,,,,,,,,,,,,,,,,,
2023,3,22,6,0,4.8,3.5,91.33,,,,,,,,,,,,,,,,,,,,,,,,,,,,,,,,,,,,
2023,3,22,7,0,5,3.8,91.74,,,,,,,,,,,,,,,,,,,,,,,,,,,,,,,,,,,,
2023,3,22,8,0,4.6,3.8,94.28,,,,,,,,,,,,,,,,,,,,,,,,,,,,,,,,,,,,
2023,3,22,9,0,5,4.4,95.58,,,,,,,,,,,,,,,,,,,,,,,,,,,,,,,,,,,,
2023,3,22,10,0,5,4.7,98.02,,,,,,,,,,,,,,,,,,,,,,,,,,,,,,,,,,,,
2023,3,22,11,0,4.9,4.9,100,,,,,,,,,,,,,,,,,,,,,,,,,,,,,,,,,,,,
2023,3,22,12,0,6.9,6.2,95.24,,,,,,,,,,,,,,,,,,,,,,,,,,,,,,,,,,,,
2023,3,22,13,0,9.7,8,89.33,,,,,,,,,,,,,,,,,,,,,,,,,,,,,,,,,,,,
2023,3,22,14,0,12.8,10,82.85,,,,,,,,,,,,,,,,,,,,,,,,,,,,,,,,,,,,
2023,3,22,15,0,15.7,11.4,75.41,,,,,,,,,,,,,,,,,,,,,,,,,,,,,,,,,,,,
2023,3,22,16,0,17.7,11.9,68.9,,,,,,,,,,,,,,,,,,,,,,,,,,,,,,,,,,,,
2023,3,22,17,0,18.9,12.1,64.66,,,,,,,,,,,,,,,,,,,,,,,,,,,,,,,,,,,,
2023,3,22,18,0,19.6,12.3,62.66,,,,,,,,,,,,,,,,,,,,,,,,,,,,,,,,,,,,
2023,3,22,19,0,20,12.5,62.11,,,,,,,,,,,,,,,,,,,,,,,,,,,,,,,,,,,,
2023,3,22,20,0,19.9,12.8,63.76,,,,,,,,,,,,,,,,,,,,,,,,,,,,,,,,,,,,
2023,3,22,21,0,19.6,13.6,68.27,,,,,,,,,,,,,,,,,,,,,,,,,,,,,,,,,,,,
2023,3,22,22,0,18.5,15,80.23,,,,,,,,,,,,,,,,,,,,,,,,,,,,,,,,,,,,
2023,3,22,23,0,14.7,13.8,94.47,,,,,,,,,,,,,,,,,,,,,,,,,,,,,,,,,,,,
2023,3,23,0,0,13,12.6,97.27,,,,,,,,,,,,,,,,,,,,,,,,,,,,,,,,,,,,
2023,3,23,1,0,12.7,12.5,99,,,,,,,,,,,,,,,,,,,,,,,,,,,,,,,,,,,,
2023,3,23,2,0,12.2,12.2,100,,,,,,,,,,,,,,,,,,,,,,,,,,,,,,,,,,,,
2023,3,23,3,0,11.6,11.6,100,,,,,,,,,,,,,,,,,,,,,,,,,,,,,,,,,,,,
2023,3,23,4,0,11,11,100,,,,,,,,,,,,,,,,,,,,,,,,,,,,,,,,,,,,
2023,3,23,5,0,10.3,10.3,100,,,,,,,,,,,,,,,,,,,,,,,,,,,,,,,,,,,,
2023,3,23,6,0,10,10,100,,,,,,,,,,,,,,,,,,,,,,,,,,,,,,,,,,,,
2023,3,23,7,0,9.6,9.6,100,,,,,,,,,,,,,,,,,,,,,,,,,,,,,,,,,,,,
2023,3,23,8,0,9,9,100,,,,,,,,,,,,,,,,,,,,,,,,,,,,,,,,,,,,
2023,3,23,9,0,8.6,8.6,100,,,,,,,,,,,,,,,,,,,,,,,,,,,,,,,,,,,,
2023,3,23,10,0,8.3,8.3,100,,,,,,,,,,,,,,,,,,,,,,,,,,,,,,,,,,,,
2023,3,23,11,0,8.1,8.1,100,,,,,,,,,,,,,,,,,,,,,,,,,,,,,,,,,,,,
2023,3,23,12,0,10.9,10.9,100,,,,,,,,,,,,,,,,,,,,,,,,,,,,,,,,,,,,
2023,3,23,13,0,13.5,12.5,93.59,,,,,,,,,,,,,,,,,,,,,,,,,,,,,,,,,,,,
2023,3,23,14,0,17.1,13.6,79.98,,,,,,,,,,,,,,,,,,,,,,,,,,,,,,,,,,,,
2023,3,23,15,0,20,13.2,64.86,,,,,,,,,,,,,,,,,,,,,,,,,,,,,,,,,,,,
2023,3,23,16,0,21.8,12.7,56.23,,,,,,,,,,,,,,,,,,,,,,,,,,,,,,,,,,,,
2023,3,23,17,0,23.1,12.8,52.19,,,,,,,,,,,,,,,,,,,,,,,,,,,,,,,,,,,,
2023,3,23,18,0,23.9,13.2,51.16,,,,,,,,,,,,,,,,,,,,,,,,,,,,,,,,,,,,
2023,3,23,19,0,24.2,13.8,52.12,,,,,,,,,,,,,,,,,,,,,,,,,,,,,,,,,,,,
2023,3,23,20,0,24.1,14.5,54.84,,,,,,,,,,,,,,,,,,,,,,,,,,,,,,,,,,,,
2023,3,23,21,0,23.4,15.6,61.71,,,,,,,,,,,,,,,,,,,,,,,,,,,,,,,,,,,,
2023,3,23,22,0,21.6,17.6,77.93,,,,,,,,,,,,,,,,,,,,,,,,,,,,,,,,,,,,
2023,3,23,23,0,17.7,16.4,91.9,,,,,,,,,,,,,,,,,,,,,,,,,,,,,,,,,,,,
2023,3,24,0,0,16.1,15.2,94.7,,,,,,,,,,,,,,,,,,,,,,,,,,,,,,,,,,,,
2023,3,24,1,0,15.6,15,96.36,,,,,,,,,,,,,,,,,,,,,,,,,,,,,,,,,,,,
2023,3,24,2,0,14.9,14.9,99.8,,,,,,,,,,,,,,,,,,,,,,,,,,,,,,,,,,,,
2023,3,24,3,0,14.4,14.4,100,,,,,,,,,,,,,,,,,,,,,,,,,,,,,,,,,,,,
2023,3,24,4,0,13.8,13.8,100,,,,,,,,,,,,,,,,,,,,,,,,,,,,,,,,,,,,
2023,3,24,5,0,13.3,13.3,100,,,,,,,,,,,,,,,,,,,,,,,,,,,,,,,,,,,,
2023,3,24,6,0,13,13,100,,,,,,,,,,,,,,,,,,,,,,,,,,,,,,,,,,,,
2023,3,24,7,0,12.8,12.8,100,,,,,,,,,,,,,,,,,,,,,,,,,,,,,,,,,,,,
2023,3,24,8,0,12.7,12.7,100,,,,,,,,,,,,,,,,,,,,,,,,,,,,,,,,,,,,
2023,3,24,9,0,12.4,12.4,100,,,,,,,,,,,,,,,,,,,,,,,,,,,,,,,,,,,,
2023,3,24,10,0,12,12,100,,,,,,,,,,,,,,,,,,,,,,,,,,,,,,,,,,,,
2023,3,24,11,0,11.9,11.9,100,,,,,,,,,,,,,,,,,,,,,,,,,,,,,,,,,,,,
2023,3,24,12,0,14.7,14.7,100,,,,,,,,,,,,,,,,,,,,,,,,,,,,,,,,,,,,
2023,3,24,13,0,17.3,16.3,93.61,,,,,,,,,,,,,,,,,,,,,,,,,,,,,,,,,,,,
2023,3,24,14,0,19.8,16.9,83.55,,,,,,,,,,,,,,,,,,,,,,,,,,,,,,,,,,,,
2023,3,24,15,0,21.9,16.7,72.14,,,,,,,,,,,,,,,,,,,,,,,,,,,,,,,,,,,,
2023,3,24,16,0,23.3,16.3,64.6,,,,,,,,,,,,,,,,,,,,,,,,,,,,,,,,,,,,
2023,3,24,17,0,24.1,15.8,59.68,,,,,,,,,,,,,,,,,,,,,,,,,,,,,,,,,,,,
2023,3,24,18,0,24.5,15.4,56.97,,,,,,,,,,,,,,,,,,,,,,,,,,,,,,,,,,,,
2023,3,24,19,0,24.5,15.3,56.62,,,,,,,,,,,,,,,,,,,,,,,,,,,,,,,,,,,,
2023,3,24,20,0,24,15.5,59.16,,,,,,,,,,,,,,,,,,,,,,,,,,,,,,,,,,,,
2023,3,24,21,0,23.3,16.1,63.97,,,,,,,,,,,,,,,,,,,,,,,,,,,,,,,,,,,,
2023,3,24,22,0,21.8,17.1,74.88,,,,,,,,,,,,,,,,,,,,,,,,,,,,,,,,,,,,
2023,3,24,23,0,19.1,16.8,86.8,,,,,,,,,,,,,,,,,,,,,,,,,,,,,,,,,,,,
2023,3,25,0,0,17.9,16.3,90.62,,,,,,,,,,,,,,,,,,,,,,,,,,,,,,,,,,,,
2023,3,25,1,0,17.7,16.4,92.15,,,,,,,,,,,,,,,,,,,,,,,,,,,,,,,,,,,,
2023,3,25,2,0,17.5,16.4,93.49,,,,,,,,,,,,,,,,,,,,,,,,,,,,,,,,,,,,
2023,3,25,3,0,16.9,16.5,97.34,,,,,,,,,,,,,,,,,,,,,,,,,,,,,,,,,,,,
2023,3,25,4,0,16.3,16.3,100,,,,,,,,,,,,,,,,,,,,,,,,,,,,,,,,,,,,
2023,3,25,5,0,16.1,16.1,100,,,,,,,,,,,,,,,,,,,,,,,,,,,,,,,,,,,,
2023,3,25,6,0,16.1,16.1,100,,,,,,,,,,,,,,,,,,,,,,,,,,,,,,,,,,,,
2023,3,25,7,0,16.3,16.3,100,,,,,,,,,,,,,,,,,,,,,,,,,,,,,,,,,,,,
2023,3,25,8,0,16.5,16.5,100,,,,,,,,,,,,,,,,,,,,,,,,,,,,,,,,,,,,
2023,3,25,9,0,16.5,16.5,100,,,,,,,,,,,,,,,,,,,,,,,,,,,,,,,,,,,,
2023,3,25,10,0,16.5,16.5,100,,,,,,,,,,,,,,,,,,,,,,,,,,,,,,,,,,,,
2023,3,25,11,0,16.5,16.5,100,,,,,,,,,,,,,,,,,,,,,,,,,,,,,,,,,,,,
2023,3,25,12,0,16.6,16.6,100,,,,,,,,,,,,,,,,,,,,,,,,,,,,,,,,,,,,
2023,3,25,13,0,17.7,17.6,99.1,,,,,,,,,,,,,,,,,,,,,,,,,,,,,,,,,,,,
2023,3,25,14,0,19.7,17.1,84.92,,,,,,,,,,,,,,,,,,,,,,,,,,,,,,,,,,,,
2023,3,25,15,0,21.8,15.3,66.75,,,,,,,,,,,,,,,,,,,,,,,,,,,,,,,,,,,,
2023,3,25,16,0,23.5,14.3,56.32,,,,,,,,,,,,,,,,,,,,,,,,,,,,,,,,,,,,
2023,3,25,17,0,24.6,14.3,52.65,,,,,,,,,,,,,,,,,,,,,,,,,,,,,,,,,,,,
2023,3,25,18,0,25.2,14.7,52.25,,,,,,,,,,,,,,,,,,,,,,,,,,,,,,,,,,,,
2023,3,25,19,0,25.4,15.4,53.86,,,,,,,,,,,,,,,,,,,,,,,,,,,,,,,,,,,,
2023,3,25,20,0,25.2,16.1,57.18,,,,,,,,,,,,,,,,,,,,,,,,,,,,,,,,,,,,
2023,3,25,21,0,24.5,17.2,63.86,,,,,,,,,,,,,,,,,,,,,,,,,,,,,,,,,,,,
2023,3,25,22,0,22.9,18.5,76.17,,,,,,,,,,,,,,,,,,,,,,,,,,,,,,,,,,,,
2023,3,25,23,0,19.9,18.2,89.77,,,,,,,,,,,,,,,,,,,,,,,,,,,,,,,,,,,,
2023,3,26,0,0,18.5,17.5,94.01,,,,,,,,,,,,,,,,,,,,,,,,,,,,,,,,,,,,
2023,3,26,1,0,18.2,17.5,95.51,,,,,,,,,,,,,,,,,,,,,,,,,,,,,,,,,,,,
2023,3,26,2,0,17.9,17.4,97.06,,,,,,,,,,,,,,,,,,,,,,,,,,,,,,,,,,,,
2023,3,26,3,0,17.5,17.3,98.69,,,,,,,,,,,,,,,,,,,,,,,,,,,,,,,,,,,,
2023,3,26,4,0,16.7,16.7,100,,,,,,,,,,,,,,,,,,,,,,,,,,,,,,,,,,,,
2023,3,26,5,0,15.7,15.7,100,,,,,,,,,,,,,,,,,,,,,,,,,,,,,,,,,,,,
2023,3,26,6,0,15,15,100,,,,,,,,,,,,,,,,,,,,,,,,,,,,,,,,,,,,
2023,3,26,7,0,14.4,14.4,100,,,,,,,,,,,,,,,,,,,,,,,,,,,,,,,,,,,,
2023,3,26,8,0,14.4,14.4,100,,,,,,,,,,,,,,,,,,,,,,,,,,,,,,,,,,,,
2023,3,26,9,0,14.6,14.6,100,,,,,,,,,,,,,,,,,,,,,,,,,,,,,,,,,,,,
2023,3,26,10,0,14.7,14.7,100,,,,,,,,,,,,,,,,,,,,,,,,,,,,,,,,,,,,
2023,3,26,11,0,14.8,14.8,99.86,,,,,,,,,,,,,,,,,,,,,,,,,,,,,,,,,,,,
2023,3,26,12,0,15.5,15.4,99.61,,,,,,,,,,,,,,,,,,,,,,,,,,,,,,,,,,,,
2023,3,26,13,0,16.4,16.3,99.32,,,,,,,,,,,,,,,,,,,,,,,,,,,,,,,,,,,,
2023,3,26,14,0,17.6,17.3,98.16,,,,,,,,,,,,,,,,,,,,,,,,,,,,,,,,,,,,
2023,3,26,15,0,18.6,17.7,94.51,,,,,,,,,,,,,,,,,,,,,,,,,,,,,,,,,,,,
2023,3,26,16,0,19.5,17.7,89.31,,,,,,,,,,,,,,,,,,,,,,,,,,,,,,,,,,,,
2023,3,26,17,0,20.5,17.9,84.89,,,,,,,,,,,,,,,,,,,,,,,,,,,,,,,,,,,,
2023,3,26,18,0,20.6,17.9,84.74,,,,,,,,,,,,,,,,,,,,,,,,,,,,,,,,,,,,
2023,3,26,19,0,20.5,18.1,86.27,,,,,,,,,,,,,,,,,,,,,,,,,,,,,,,,,,,,
2023,3,26,20,0,20.5,18.5,88.14,,,,,,,,,,,,,,,,,,,,,,,,,,,,,,,,,,,,
2023,3,26,21,0,20.2,18.8,91.56,,,,,,,,,,,,,,,,,,,,,,,,,,,,,,,,,,,,
2023,3,26,22,0,19.5,19,96.87,,,,,,,,,,,,,,,,,,,,,,,,,,,,,,,,,,,,
2023,3,26,23,0,18.2,18.2,100,,,,,,,,,,,,,,,,,,,,,,,,,,,,,,,,,,,,
2023,3,27,0,0,17.8,17.8,100,,,,,,,,,,,,,,,,,,,,,,,,,,,,,,,,,,,,
2023,3,27,1,0,17.7,17.7,100,,,,,,,,,,,,,,,,,,,,,,,,,,,,,,,,,,,,
2023,3,27,2,0,17.7,17.7,100,,,,,,,,,,,,,,,,,,,,,,,,,,,,,,,,,,,,
2023,3,27,3,0,17.9,17.9,100,,,,,,,,,,,,,,,,,,,,,,,,,,,,,,,,,,,,
2023,3,27,4,0,18.5,18.5,100,,,,,,,,,,,,,,,,,,,,,,,,,,,,,,,,,,,,
2023,3,27,5,0,19,19,100,,,,,,,,,,,,,,,,,,,,,,,,,,,,,,,,,,,,
2023,3,27,6,0,18.9,18.9,100,,,,,,,,,,,,,,,,,,,,,,,,,,,,,,,,,,,,
2023,3,27,7,0,19.1,19.1,100,,,,,,,,,,,,,,,,,,,,,,,,,,,,,,,,,,,,
2023,3,27,8,0,19.8,19.8,99.86,,,,,,,,,,,,,,,,,,,,,,,,,,,,,,,,,,,,
2023,3,27,9,0,19.7,19.7,100,,,,,,,,,,,,,,,,,,,,,,,,,,,,,,,,,,,,
2023,3,27,10,0,19.3,19.3,100,,,,,,,,,,,,,,,,,,,,,,,,,,,,,,,,,,,,
2023,3,27,11,0,18.7,18.7,100,,,,,,,,,,,,,,,,,,,,,,,,,,,,,,,,,,,,
2023,3,27,12,0,19.3,19.3,100,,,,,,,,,,,,,,,,,,,,,,,,,,,,,,,,,,,,
2023,3,27,13,0,19.9,19.7,98.97,,,,,,,,,,,,,,,,,,,,,,,,,,,,,,,,,,,,
2023,3,27,14,0,20.2,19.2,94.13,,,,,,,,,,,,,,,,,,,,,,,,,,,,,,,,,,,,
2023,3,27,15,0,20.5,18.5,88.37,,,,,,,,,,,,,,,,,,,,,,,,,,,,,,,,,,,,
2023,3,27,16,0,21.3,17.6,79.53,,,,,,,,,,,,,,,,,,,,,,,,,,,,,,,,,,,,
2023,3,27,17,0,22,16.3,70.03,,,,,,,,,,,,,,,,,,,,,,,,,,,,,,,,,,,,
2023,3,27,18,0,22.6,15.4,63.94,,,,,,,,,,,,,,,,,,,,,,,,,,,,,,,,,,,,
2023,3,27,19,0,23.2,15,59.92,,,,,,,,,,,,,,,,,,,,,,,,,,,,,,,,,,,,
2023,3,27,20,0,23.2,14.7,58.78,,,,,,,,,,,,,,,,,,,,,,,,,,,,,,,,,,,,
2023,3,27,21,0,23.5,15,58.89,,,,,,,,,,,,,,,,,,,,,,,,,,,,,,,,,,,,
2023,3,27,22,0,22,15.5,66.82,,,,,,,,,,,,,,,,,,,,,,,,,,,,,,,,,,,,
2023,3,27,23,0,18.3,15.9,86.17,,,,,,,,,,,,,,,,,,,,,,,,,,,,,,,,,,,,
2023,3,28,0,0,16.3,14.3,87.85,,,,,,,,,,,,,,,,,,,,,,,,,,,,,,,,,,,,
2023,3,28,1,0,15.4,13.9,90.85,,,,,,,,,,,,,,,,,,,,,,,,,,,,,,,,,,,,
2023,3,28,2,0,14.4,13.5,94.47,,,,,,,,,,,,,,,,,,,,,,,,,,,,,,,,,,,,
2023,3,28,3,0,13.7,13.1,96.31,,,,,,,,,,,,,,,,,,,,,,,,,,,,,,,,,,,,
2023,3,28,4,0,12.8,12.8,99.84,,,,,,,,,,,,,,,,,,,,,,,,,,,,,,,,,,,,
2023,3,28,5,0,12.1,12.1,100,,,,,,,,,,,,,,,,,,,,,,,,,,,,,,,,,,,,
2023,3,28,6,0,11.5,11.5,100,,,,,,,,,,,,,,,,,,,,,,,,,,,,,,,,,,,,
2023,3,28,7,0,11,11,100,,,,,,,,,,,,,,,,,,,,,,,,,,,,,,,,,,,,
2023,3,28,8,0,10.5,10.5,100,,,,,,,,,,,,,,,,,,,,,,,,,,,,,,,,,,,,
2023,3,28,9,0,9.9,9.9,100,,,,,,,,,,,,,,,,,,,,,,,,,,,,,,,,,,,,
2023,3,28,10,0,9.3,9.3,100,,,,,,,,,,,,,,,,,,,,,,,,,,,,,,,,,,,,
2023,3,28,11,0,9.3,9.3,100,,,,,,,,,,,,,,,,,,,,,,,,,,,,,,,,,,,,
2023,3,28,12,0,12.1,11.4,95.7,,,,,,,,,,,,,,,,,,,,,,,,,,,,,,,,,,,,
2023,3,28,13,0,13.9,12.3,89.86,,,,,,,,,,,,,,,,,,,,,,,,,,,,,,,,,,,,
2023,3,28,14,0,16.5,13.2,80.82,,,,,,,,,,,,,,,,,,,,,,,,,,,,,,,,,,,,
2023,3,28,15,0,19.5,12.8,65.03,,,,,,,,,,,,,,,,,,,,,,,,,,,,,,,,,,,,
2023,3,28,16,0,21,12.5,58.44,,,,,,,,,,,,,,,,,,,,,,,,,,,,,,,,,,,,
2023,3,28,17,0,21.6,12.7,56.99,,,,,,,,,,,,,,,,,,,,,,,,,,,,,,,,,,,,
2023,3,28,18,0,22.2,13.1,56.25,,,,,,,,,,,,,,,,,,,,,,,,,,,,,,,,,,,,
2023,3,28,19,0,21.3,13.6,61.58,,,,,,,,,,,,,,,,,,,,,,,,,,,,,,,,,,,,
2023,3,28,20,0,19.2,14.5,74.2,,,,,,,,,,,,,,,,,,,,,,,,,,,,,,,,,,,,
2023,3,28,21,0,18.4,15.1,81.36,,,,,,,,,,,,,,,,,,,,,,,,,,,,,,,,,,,,
2023,3,28,22,0,18,14.8,81.75,,,,,,,,,,,,,,,,,,,,,,,,,,,,,,,,,,,,
2023,3,28,23,0,16.1,13.6,85.19,,,,,,,,,,,,,,,,,,,,,,,,,,,,,,,,,,,,
2023,3,29,0,0,14.6,11.8,83.57,,,,,,,,,,,,,,,,,,,,,,,,,,,,,,,,,,,,
2023,3,29,1,0,13.5,10.2,80.69,,,,,,,,,,,,,,,,,,,,,,,,,,,,,,,,,,,,
2023,3,29,2,0,11.8,8.6,80.6,,,,,,,,,,,,,,,,,,,,,,,,,,,,,,,,,,,,
2023,3,29,3,0,10.2,7.3,82.11,,,,,,,,,,,,,,,,,,,,,,,,,,,,,,,,,,,,
2023,3,29,4,0,8.8,6.5,85.3,,,,,,,,,,,,,,,,,,,,,,,,,,,,,,,,,,,,
2023,3,29,5,0,7.7,5.8,88.02,,,,,,,,,,,,,,,,,,,,,,,,,,,,,,,,,,,,
2023,3,29,6,0,6.7,5.4,91.2,,,,,,,,,,,,,,,,,,,,,,,,,,,,,,,,,,,,
2023,3,29,7,0,5.9,5,93.72,,,,,,,,,,,,,,,,,,,,,,,,,,,,,,,,,,,,
2023,3,29,8,0,5.2,4.6,96.02,,,,,,,,,,,,,,,,,,,,,,,,,,,,,,,,,,,,
2023,3,29,9,0,4.8,4.4,96.97,,,,,,,,,,,,,,,,,,,,,,,,,,,,,,,,,,,,
2023,3,29,10,0,4.7,4.2,96.78,,,,,,,,,,,,,,,,,,,,,,,,,,,,,,,,,,,,
2023,3,29,11,0,4.5,4.1,97.51,,,,,,,,,,,,,,,,,,,,,,,,,,,,,,,,,,,,
2023,3,29,12,0,6.2,4.5,89.17,,,,,,,,,,,,,,,,,,,,,,,,,,,,,,,,,,,,
2023,3,29,13,0,8.4,4.7,77.54,,,,,,,,,,,,,,,,,,,,,,,,,,,,,,,,,,,,
2023,3,29,14,0,10.6,4.2,64.65,,,,,,,,,,,,,,,,,,,,,,,,,,,,,,,,,,,,
2023,3,29,15,0,12.8,4,54.91,,,,,,,,,,,,,,,,,,,,,,,,,,,,,,,,,,,,
2023,3,29,16,0,14.8,4.1,48.73,,,,,,,,,,,,,,,,,,,,,,,,,,,,,,,,,,,,
2023,3,29,17,0,16.4,4.2,44.37,,,,,,,,,,,,,,,,,,,,,,,,,,,,,,,,,,,,
2023,3,29,18,0,17.5,4.3,41.54,,,,,,,,,,,,,,,,,,,,,,,,,,,,,,,,,,,,
2023,3,29,19,0,18,4.5,40.81,,,,,,,,,,,,,,,,,,,,,,,,,,,,,,,,,,,,
2023,3,29,20,0,18,4.7,41.37,,,,,,,,,,,,,,,,,,,,,,,,,,,,,,,,,,,,
2023,3,29,21,0,17.5,5.2,44.3,,,,,,,,,,,,,,,,,,,,,,,,,,,,,,,,,,,,
2023,3,29,22,0,17.1,7.2,51.97,,,,,,,,,,,,,,,,,,,,,,,,,,,,,,,,,,,,
2023,3,29,23,0,14.4,6.7,59.69,,,,,,,,,,,,,,,,,,,,,,,,,,,,,,,,,,,,
2023,3,30,0,0,13.3,4.1,53.74,,,,,,,,,,,,,,,,,,,,,,,,,,,,,,,,,,,,
2023,3,30,1,0,12.8,3.4,52.84,,,,,,,,,,,,,,,,,,,,,,,,,,,,,,,,,,,,
2023,3,30,2,0,11.9,3.2,55.14,,,,,,,,,,,,,,,,,,,,,,,,,,,,,,,,,,,,
2023,3,30,3,0,10.9,3.1,58.53,,,,,,,,,,,,,,,,,,,,,,,,,,,,,,,,,,,,
2023,3,30,4,0,9.9,3,62.2,,,,,,,,,,,,,,,,,,,,,,,,,,,,,,,,,,,,
2023,3,30,5,0,9.1,2.8,64.86,,,,,,,,,,,,,,,,,,,,,,,,,,,,,,,,,,,,
2023,3,30,6,0,8.4,2.6,67.12,,,,,,,,,,,,,,,,,,,,,,,,,,,,,,,,,,,,
2023,3,30,7,0,7.6,2.5,70.17,,,,,,,,,,,,,,,,,,,,,,,,,,,,,,,,,,,,
2023,3,30,8,0,6.7,2.5,74.31,,,,,,,,,,,,,,,,,,,,,,,,,,,,,,,,,,,,
2023,3,30,9,0,6.3,2.3,75.61,,,,,,,,,,,,,,,,,,,,,,,,,,,,,,,,,,,,
2023,3,30,10,0,5.9,2.1,76.51,,,,,,,,,,,,,,,,,,,,,,,,,,,,,,,,,,,,
2023,3,30,11,0,5.6,2.2,78.55,,,,,,,,,,,,,,,,,,,,,,,,,,,,,,,,,,,,
2023,3,30,12,0,8.5,5.4,80.87,,,,,,,,,,,,,,,,,,,,,,,,,,,,,,,,,,,,
2023,3,30,13,0,11.4,4.8,63.97,,,,,,,,,,,,,,,,,,,,,,,,,,,,,,,,,,,,
2023,3,30,14,0,15.3,4.9,49.72,,,,,,,,,,,,,,,,,,,,,,,,,,,,,,,,,,,,
2023,3,30,15,0,18,4.1,39.72,,,,,,,,,,,,,,,,,,,,,,,,,,,,,,,,,,,,
2023,3,30,16,0,19.4,4.6,37.66,,,,,,,,,,,,,,,,,,,,,,,,,,,,,,,,,,,,
2023,3,30,17,0,20.5,5.1,36.51,,,,,,,,,,,,,,,,,,,,,,,,,,,,,,,,,,,,
2023,3,30,18,0,21,5.7,36.8,,,,,,,,,,,,,,,,,,,,,,,,,,,,,,,,,,,,
2023,3,30,19,0,21.2,6.3,37.89,,,,,,,,,,,,,,,,,,,,,,,,,,,,,,,,,,,,
2023,3,30,20,0,20.8,7.1,41.19,,,,,,,,,,,,,,,,,,,,,,,,,,,,,,,,,,,,
2023,3,30,21,0,20.2,8.8,47.87,,,,,,,,,,,,,,,,,,,,,,,,,,,,,,,,,,,,
2023,3,30,22,0,18.9,10.2,57.09,,,,,,,,,,,,,,,,,,,,,,,,,,,,,,,,,,,,
2023,3,30,23,0,14.5,11.7,83.08,,,,,,,,,,,,,,,,,,,,,,,,,,,,,,,,,,,,
2023,3,31,0,0,12.2,9.8,85.53,,,,,,,,,,,,,,,,,,,,,,,,,,,,,,,,,,,,
2023,3,31,1,0,11.7,9.6,87.25,,,,,,,,,,,,,,,,,,,,,,,,,,,,,,,,,,,,
2023,3,31,2,0,11.2,9.5,89.04,,,,,,,,,,,,,,,,,,,,,,,,,,,,,,,,,,,,
2023,3,31,3,0,10.8,9.2,89.63,,,,,,,,,,,,,,,,,,,,,,,,,,,,,,,,,,,,
2023,3,31,4,0,10.2,8.8,90.82,,,,,,,,,,,,,,,,,,,,,,,,,,,,,,,,,,,,
2023,3,31,5,0,9.8,8.4,90.94,,,,,,,,,,,,,,,,,,,,,,,,,,,,,,,,,,,,
2023,3,31,6,0,9.5,8.2,91.74,,,,,,,,,,,,,,,,,,,,,,,,,,,,,,,,,,,,
2023,3,31,7,0,8.9,8.3,95.89,,,,,,,,,,,,,,,,,,,,,,,,,,,,,,,,,,,,
2023,3,31,8,0,8.4,8.4,100,,,,,,,,,,,,,,,,,,,,,,,,,,,,,,,,,,,,
2023,3,31,9,0,8.3,8.3,100,,,,,,,,,,,,,,,,,,,,,,,,,,,,,,,,,,,,
2023,3,31,10,0,7.9,7.9,100,,,,,,,,,,,,,,,,,,,,,,,,,,,,,,,,,,,,
2023,3,31,11,0,8,8,100,,,,,,,,,,,,,,,,,,,,,,,,,,,,,,,,,,,,
2023,3,31,12,0,10.3,9.7,95.88,,,,,,,,,,,,,,,,,,,,,,,,,,,,,,,,,,,,
2023,3,31,13,0,12.7,11.2,90.65,,,,,,,,,,,,,,,,,,,,,,,,,,,,,,,,,,,,
2023,3,31,14,0,15.4,12.5,83.05,,,,,,,,,,,,,,,,,,,,,,,,,,,,,,,,,,,,
2023,3,31,15,0,17.7,13.4,75.73,,,,,,,,,,,,,,,,,,,,,,,,,,,,,,,,,,,,
2023,3,31,16,0,18.7,13.9,73.45,,,,,,,,,,,,,,,,,,,,,,,,,,,,,,,,,,,,
2023,3,31,17,0,19.6,14.4,71.87,,,,,,,,,,,,,,,,,,,,,,,,,,,,,,,,,,,,
2023,3,31,18,0,21.6,14.9,65.88,,,,,,,,,,,,,,,,,,,,,,,,,,,,,,,,,,,,
2023,3,31,19,0,21.9,15.2,65.55,,,,,,,,,,,,,,,,,,,,,,,,,,,,,,,,,,,,
2023,3,31,20,0,20.5,15.7,74.08,,,,,,,,,,,,,,,,,,,,,,,,,,,,,,,,,,,,
2023,3,31,21,0,19.6,16.2,80.99,,,,,,,,,,,,,,,,,,,,,,,,,,,,,,,,,,,,
2023,3,31,22,0,19.2,16.8,86.01,,,,,,,,,,,,,,,,,,,,,,,,,,,,,,,,,,,,
2023,3,31,23,0,17.8,16.8,93.61,,,,,,,,,,,,,,,,,,,,,,,,,,,,,,,,,,,,
2023,4,1,0,0,16.7,16.3,97.32,,,,,,,,,,,,,,,,,,,,,,,,,,,,,,,,,,,,
2023,4,1,1,0,17.1,16.6,97,,,,,,,,,,,,,,,,,,,,,,,,,,,,,,,,,,,,
2023,4,1,2,0,17.5,17,97,,,,,,,,,,,,,,,,,,,,,,,,,,,,,,,,,,,,
2023,4,1,3,0,17.3,17.1,98.97,,,,,,,,,,,,,,,,,,,,,,,,,,,,,,,,,,,,
2023,4,1,4,0,17,17,100,,,,,,,,,,,,,,,,,,,,,,,,,,,,,,,,,,,,
2023,4,1,5,0,17.1,17.1,100,,,,,,,,,,,,,,,,,,,,,,,,,,,,,,,,,,,,
2023,4,1,6,0,17.4,17.4,100,,,,,,,,,,,,,,,,,,,,,,,,,,,,,,,,,,,,
2023,4,1,7,0,17.7,17.7,100,,,,,,,,,,,,,,,,,,,,,,,,,,,,,,,,,,,,
2023,4,1,8,0,17.9,17.9,100,,,,,,,,,,,,,,,,,,,,,,,,,,,,,,,,,,,,
2023,4,1,9,0,17.9,17.9,100,,,,,,,,,,,,,,,,,,,,,,,,,,,,,,,,,,,,
2023,4,1,10,0,17.9,17.9,100,,,,,,,,,,,,,,,,,,,,,,,,,,,,,,,,,,,,
2023,4,1,11,0,17.9,17.9,100,,,,,,,,,,,,,,,,,,,,,,,,,,,,,,,,,,,,
2023,4,1,12,0,18.2,18.2,100,,,,,,,,,,,,,,,,,,,,,,,,,,,,,,,,,,,,
2023,4,1,13,0,18.9,18.9,99.99,,,,,,,,,,,,,,,,,,,,,,,,,,,,,,,,,,,,
2023,4,1,14,0,19.8,19.4,97.76,,,,,,,,,,,,,,,,,,,,,,,,,,,,,,,,,,,,
2023,4,1,15,0,21,19.3,90.27,,,,,,,,,,,,,,,,,,,,,,,,,,,,,,,,,,,,
2023,4,1,16,0,22.7,18,74.61,,,,,,,,,,,,,,,,,,,,,,,,,,,,,,,,,,,,
2023,4,1,17,0,23.9,16,61.2,,,,,,,,,,,,,,,,,,,,,,,,,,,,,,,,,,,,
2023,4,1,18,0,24.4,14.5,54,,,,,,,,,,,,,,,,,,,,,,,,,,,,,,,,,,,,
2023,4,1,19,0,24.2,13.6,51.48,,,,,,,,,,,,,,,,,,,,,,,,,,,,,,,,,,,,
2023,4,1,20,0,23.5,13.3,52.86,,,,,,,,,,,,,,,,,,,,,,,,,,,,,,,,,,,,
2023,4,1,21,0,22.5,13.4,56.4,,,,,,,,,,,,,,,,,,,,,,,,,,,,,,,,,,,,
2023,4,1,22,0,20.8,13,61.02,,,,,,,,,,,,,,,,,,,,,,,,,,,,,,,,,,,,
2023,4,1,23,0,18.3,12.6,69.29,,,,,,,,,,,,,,,,,,,,,,,,,,,,,,,,,,,,
2023,4,2,0,0,16.3,12,75.8,,,,,,,,,,,,,,,,,,,,,,,,,,,,,,,,,,,,
2023,4,2,1,0,15.1,11.8,80.69,,,,,,,,,,,,,,,,,,,,,,,,,,,,,,,,,,,,
2023,4,2,2,0,14.1,11.3,83.43,,,,,,,,,,,,,,,,,,,,,,,,,,,,,,,,,,,,
2023,4,2,3,0,13,10.8,86.22,,,,,,,,,,,,,,,,,,,,,,,,,,,,,,,,,,,,
2023,4,2,4,0,11.7,10.1,90.05,,,,,,,,,,,,,,,,,,,,,,,,,,,,,,,,,,,,
2023,4,2,5,0,10.7,8.9,88.5,,,,,,,,,,,,,,,,,,,,,,,,,,,,,,,,,,,,
2023,4,2,6,0,9.6,7.8,88.7,,,,,,,,,,,,,,,,,,,,,,,,,,,,,,,,,,,,
2023,4,2,7,0,8.5,7,90.19,,,,,,,,,,,,,,,,,,,,,,,,,,,,,,,,,,,,
2023,4,2,8,0,7.5,6.2,91.64,,,,,,,,,,,,,,,,,,,,,,,,,,,,,,,,,,,,
2023,4,2,9,0,6.7,5.6,92.41,,,,,,,,,,,,,,,,,,,,,,,,,,,,,,,,,,,,
2023,4,2,10,0,5.8,5,94.32,,,,,,,,,,,,,,,,,,,,,,,,,,,,,,,,,,,,
2023,4,2,11,0,5.4,4.6,94.41,,,,,,,,,,,,,,,,,,,,,,,,,,,,,,,,,,,,
2023,4,2,12,0,7.3,4.5,82.37,,,,,,,,,,,,,,,,,,,,,,,,,,,,,,,,,,,,
2023,4,2,13,0,9.6,3.7,66.71,,,,,,,,,,,,,,,,,,,,,,,,,,,,,,,,,,,,
2023,4,2,14,0,12.1,3.8,56.91,,,,,,,,,,,,,,,,,,,,,,,,,,,,,,,,,,,,
2023,4,2,15,0,14.6,4.5,50.67,,,,,,,,,,,,,,,,,,,,,,,,,,,,,,,,,,,,
2023,4,2,16,0,16.9,5.2,45.97,,,,,,,,,,,,,,,,,,,,,,,,,,,,,,,,,,,,
2023,4,2,17,0,18.8,5.9,42.78,,,,,,,,,,,,,,,,,,,,,,,,,,,,,,,,,,,,
2023,4,2,18,0,19.7,6.5,42.34,,,,,,,,,,,,,,,,,,,,,,,,,,,,,,,,,,,,
2023,4,2,19,0,19.8,7.1,43.61,,,,,,,,,,,,,,,,,,,,,,,,,,,,,,,,,,,,
2023,4,2,20,0,19.9,7.6,44.81,,,,,,,,,,,,,,,,,,,,,,,,,,,,,,,,,,,,
2023,4,2,21,0,20,8.3,46.79,,,,,,,,,,,,,,,,,,,,,,,,,,,,,,,,,,,,
2023,4,2,22,0,19.6,8.4,48.37,,,,,,,,,,,,,,,,,,,,,,,,,,,,,,,,,,,,
2023,4,2,23,0,16.8,8.9,59.58,,,,,,,,,,,,,,,,,,,,,,,,,,,,,,,,,,,,
2023,4,3,0,0,15.7,7,56.17,,,,,,,,,,,,,,,,,,,,,,,,,,,,,,,,,,,,
2023,4,3,1,0,15.6,6.6,55.15,,,,,,,,,,,,,,,,,,,,,,,,,,,,,,,,,,,,
2023,4,3,2,0,15.5,6.1,53.43,,,,,,,,,,,,,,,,,,,,,,,,,,,,,,,,,,,,
2023,4,3,3,0,14.4,6.3,58.22,,,,,,,,,,,,,,,,,,,,,,,,,,,,,,,,,,,,
2023,4,3,4,0,13.4,6.5,62.98,,,,,,,,,,,,,,,,,,,,,,,,,,,,,,,,,,,,
2023,4,3,5,0,12.1,6.7,69.54,,,,,,,,,,,,,,,,,,,,,,,,,,,,,,,,,,,,
2023,4,3,6,0,11.3,6.9,74.28,,,,,,,,,,,,,,,,,,,,,,,,,,,,,,,,,,,,
2023,4,3,7,0,10.7,6.9,77.58,,,,,,,,,,,,,,,,,,,,,,,,,,,,,,,,,,,,
2023,4,3,8,0,10.1,7.1,81.52,,,,,,,,,,,,,,,,,,,,,,,,,,,,,,,,,,,,
2023,4,3,9,0,9.8,7.4,84.83,,,,,,,,,,,,,,,,,,,,,,,,,,,,,,,,,,,,
2023,4,3,10,0,9.8,7.9,87.71,,,,,,,,,,,,,,,,,,,,,,,,,,,,,,,,,,,,
2023,4,3,11,0,9.8,8.4,91.03,,,,,,,,,,,,,,,,,,,,,,,,,,,,,,,,,,,,
2023,4,3,12,0,10.7,9.7,93.55,,,,,,,,,,,,,,,,,,,,,,,,,,,,,,,,,,,,
2023,4,3,13,0,12.2,10.5,89.09,,,,,,,,,,,,,,,,,,,,,,,,,,,,,,,,,,,,
2023,4,3,14,0,13,11,87.68,,,,,,,,,,,,,,,,,,,,,,,,,,,,,,,,,,,,
2023,4,3,15,0,14.2,12.2,87.63,,,,,,,,,,,,,,,,,,,,,,,,,,,,,,,,,,,,
2023,4,3,16,0,15.4,12.6,83.38,,,,,,,,,,,,,,,,,,,,,,,,,,,,,,,,,,,,
2023,4,3,17,0,15.7,13,83.92,,,,,,,,,,,,,,,,,,,,,,,,,,,,,,,,,,,,
2023,4,3,18,0,16,13.5,85.37,,,,,,,,,,,,,,,,,,,,,,,,,,,,,,,,,,,,
2023,4,3,19,0,16.9,14.6,86.07,,,,,,,,,,,,,,,,,,,,,,,,,,,,,,,,,,,,
2023,4,3,20,0,18.1,15.7,86,,,,,,,,,,,,,,,,,,,,,,,,,,,,,,,,,,,,
2023,4,3,21,0,18.4,16.6,89.11,,,,,,,,,,,,,,,,,,,,,,,,,,,,,,,,,,,,
2023,4,3,22,0,18,17,93.92,,,,,,,,,,,,,,,,,,,,,,,,,,,,,,,,,,,,
2023,4,3,23,0,16.6,16.6,100,,,,,,,,,,,,,,,,,,,,,,,,,,,,,,,,,,,,
2023,4,4,0,0,15.3,15.3,100,,,,,,,,,,,,,,,,,,,,,,,,,,,,,,,,,,,,
2023,4,4,1,0,15.1,15.1,100,,,,,,,,,,,,,,,,,,,,,,,,,,,,,,,,,,,,
2023,4,4,2,0,14.9,14.9,100,,,,,,,,,,,,,,,,,,,,,,,,,,,,,,,,,,,,
2023,4,4,3,0,14.7,14.7,100,,,,,,,,,,,,,,,,,,,,,,,,,,,,,,,,,,,,
2023,4,4,4,0,14.7,14.7,100,,,,,,,,,,,,,,,,,,,,,,,,,,,,,,,,,,,,
2023,4,4,5,0,14.7,14.7,100,,,,,,,,,,,,,,,,,,,,,,,,,,,,,,,,,,,,
2023,4,4,6,0,14.6,14.6,100,,,,,,,,,,,,,,,,,,,,,,,,,,,,,,,,,,,,
2023,4,4,7,0,14.5,14.5,100,,,,,,,,,,,,,,,,,,,,,,,,,,,,,,,,,,,,
2023,4,4,8,0,14.4,14.4,100,,,,,,,,,,,,,,,,,,,,,,,,,,,,,,,,,,,,
2023,4,4,9,0,14.3,14.3,100,,,,,,,,,,,,,,,,,,,,,,,,,,,,,,,,,,,,
2023,4,4,10,0,14.1,14.1,100,,,,,,,,,,,,,,,,,,,,,,,,,,,,,,,,,,,,
2023,4,4,11,0,14.2,14.2,100,,,,,,,,,,,,,,,,,,,,,,,,,,,,,,,,,,,,
2023,4,4,12,0,16,16,100,,,,,,,,,,,,,,,,,,,,,,,,,,,,,,,,,,,,
2023,4,4,13,0,17.6,17.3,98.18,,,,,,,,,,,,,,,,,,,,,,,,,,,,,,,,,,,,
2023,4,4,14,0,20.2,19,92.93,,,,,,,,,,,,,,,,,,,,,,,,,,,,,,,,,,,,
2023,4,4,15,0,22.9,19.8,82.46,,,,,,,,,,,,,,,,,,,,,,,,,,,,,,,,,,,,
2023,4,4,16,0,24.5,20,76.11,,,,,,,,,,,,,,,,,,,,,,,,,,,,,,,,,,,,
2023,4,4,17,0,25.5,20.2,72.32,,,,,,,,,,,,,,,,,,,,,,,,,,,,,,,,,,,,
2023,4,4,18,0,26,20.1,69.82,,,,,,,,,,,,,,,,,,,,,,,,,,,,,,,,,,,,
2023,4,4,19,0,26.3,20,68.34,,,,,,,,,,,,,,,,,,,,,,,,,,,,,,,,,,,,
2023,4,4,20,0,26,19.9,69.27,,,,,,,,,,,,,,,,,,,,,,,,,,,,,,,,,,,,
2023,4,4,21,0,25.5,20.2,72.39,,,,,,,,,,,,,,,,,,,,,,,,,,,,,,,,,,,,
2023,4,4,22,0,24.4,20.9,80.99,,,,,,,,,,,,,,,,,,,,,,,,,,,,,,,,,,,,
2023,4,4,23,0,21.9,21,94.39,,,,,,,,,,,,,,,,,,,,,,,,,,,,,,,,,,,,
2023,4,5,0,0,20.2,20.1,99.38,,,,,,,,,,,,,,,,,,,,,,,,,,,,,,,,,,,,
2023,4,5,1,0,19.8,19.8,100,,,,,,,,,,,,,,,,,,,,,,,,,,,,,,,,,,,,
2023,4,5,2,0,19.4,19.4,100,,,,,,,,,,,,,,,,,,,,,,,,,,,,,,,,,,,,
2023,4,5,3,0,19.2,19.2,100,,,,,,,,,,,,,,,,,,,,,,,,,,,,,,,,,,,,
2023,4,5,4,0,18.9,18.9,100,,,,,,,,,,,,,,,,,,,,,,,,,,,,,,,,,,,,
2023,4,5,5,0,18.6,18.6,100,,,,,,,,,,,,,,,,,,,,,,,,,,,,,,,,,,,,
2023,4,5,6,0,18.3,18.3,100,,,,,,,,,,,,,,,,,,,,,,,,,,,,,,,,,,,,
2023,4,5,7,0,18.1,18.1,100,,,,,,,,,,,,,,,,,,,,,,,,,,,,,,,,,,,,
2023,4,5,8,0,18,18,100,,,,,,,,,,,,,,,,,,,,,,,,,,,,,,,,,,,,
2023,4,5,9,0,17.7,17.7,100,,,,,,,,,,,,,,,,,,,,,,,,,,,,,,,,,,,,
2023,4,5,10,0,17.3,17.3,100,,,,,,,,,,,,,,,,,,,,,,,,,,,,,,,,,,,,
2023,4,5,11,0,17.1,17.1,100,,,,,,,,,,,,,,,,,,,,,,,,,,,,,,,,,,,,
2023,4,5,12,0,18.6,18.6,100,,,,,,,,,,,,,,,,,,,,,,,,,,,,,,,,,,,,
2023,4,5,13,0,20.1,19.2,94.85,,,,,,,,,,,,,,,,,,,,,,,,,,,,,,,,,,,,
2023,4,5,14,0,22,19.1,83.7,,,,,,,,,,,,,,,,,,,,,,,,,,,,,,,,,,,,
2023,4,5,15,0,24.1,18.8,72.13,,,,,,,,,,,,,,,,,,,,,,,,,,,,,,,,,,,,
2023,4,5,16,0,26,19,65.26,,,,,,,,,,,,,,,,,,,,,,,,,,,,,,,,,,,,
2023,4,5,17,0,27.1,19.4,62.67,,,,,,,,,,,,,,,,,,,,,,,,,,,,,,,,,,,,
2023,4,5,18,0,27.6,19.6,61.92,,,,,,,,,,,,,,,,,,,,,,,,,,,,,,,,,,,,
2023,4,5,19,0,27.9,20,62.01,,,,,,,,,,,,,,,,,,,,,,,,,,,,,,,,,,,,
2023,4,5,20,0,27.6,20.3,64.53,,,,,,,,,,,,,,,,,,,,,,,,,,,,,,,,,,,,
2023,4,5,21,0,27,21,69.79,,,,,,,,,,,,,,,,,,,,,,,,,,,,,,,,,,,,
2023,4,5,22,0,26,21.9,78.28,,,,,,,,,,,,,,,,,,,,,,,,,,,,,,,,,,,,
2023,4,5,23,0,23.2,21.9,92.67,,,,,,,,,,,,,,,,,,,,,,,,,,,,,,,,,,,,
2023,4,6,0,0,21.2,20.5,95.7,,,,,,,,,,,,,,,,,,,,,,,,,,,,,,,,,,,,
2023,4,6,1,0,20.9,20.3,96.51,,,,,,,,,,,,,,,,,,,,,,,,,,,,,,,,,,,,
2023,4,6,2,0,20.4,20.1,97.93,,,,,,,,,,,,,,,,,,,,,,,,,,,,,,,,,,,,
2023,4,6,3,0,19.8,19.7,99.5,,,,,,,,,,,,,,,,,,,,,,,,,,,,,,,,,,,,
2023,4,6,4,0,19.5,19.5,100,,,,,,,,,,,,,,,,,,,,,,,,,,,,,,,,,,,,
2023,4,6,5,0,19.1,19.1,100,,,,,,,,,,,,,,,,,,,,,,,,,,,,,,,,,,,,
2023,4,6,6,0,18.4,18.4,100,,,,,,,,,,,,,,,,,,,,,,,,,,,,,,,,,,,,
2023,4,6,7,0,17.6,17.6,100,,,,,,,,,,,,,,,,,,,,,,,,,,,,,,,,,,,,
2023,4,6,8,0,17.4,17.4,100,,,,,,,,,,,,,,,,,,,,,,,,,,,,,,,,,,,,
2023,4,6,9,0,17.6,17.6,100,,,,,,,,,,,,,,,,,,,,,,,,,,,,,,,,,,,,
2023,4,6,10,0,18,18,100,,,,,,,,,,,,,,,,,,,,,,,,,,,,,,,,,,,,
2023,4,6,11,0,18.7,18.5,98.84,,,,,,,,,,,,,,,,,,,,,,,,,,,,,,,,,,,,
2023,4,6,12,0,19.2,19.1,99.23,,,,,,,,,,,,,,,,,,,,,,,,,,,,,,,,,,,,
2023,4,6,13,0,20.5,20,97.22,,,,,,,,,,,,,,,,,,,,,,,,,,,,,,,,,,,,
2023,4,6,14,0,22,20.3,90.26,,,,,,,,,,,,,,,,,,,,,,,,,,,,,,,,,,,,
2023,4,6,15,0,24.1,19.6,76.21,,,,,,,,,,,,,,,,,,,,,,,,,,,,,,,,,,,,
2023,4,6,16,0,25.7,18.4,64.15,,,,,,,,,,,,,,,,,,,,,,,,,,,,,,,,,,,,
2023,4,6,17,0,26.8,17.8,57.88,,,,,,,,,,,,,,,,,,,,,,,,,,,,,,,,,,,,
2023,4,6,18,0,27.6,17.9,55.41,,,,,,,,,,,,,,,,,,,,,,,,,,,,,,,,,,,,
2023,4,6,19,0,27.4,18.1,56.74,,,,,,,,,,,,,,,,,,,,,,,,,,,,,,,,,,,,
2023,4,6,20,0,26.8,18.9,61.95,,,,,,,,,,,,,,,,,,,,,,,,,,,,,,,,,,,,
2023,4,6,21,0,26,19.6,67.92,,,,,,,,,,,,,,,,,,,,,,,,,,,,,,,,,,,,
2023,4,6,22,0,24.7,20.4,76.83,,,,,,,,,,,,,,,,,,,,,,,,,,,,,,,,,,,,
2023,4,6,23,0,23.3,20.6,84.79,,,,,,,,,,,,,,,,,,,,,,,,,,,,,,,,,,,,
2023,4,7,0,0,22.8,18.8,78.39,,,,,,,,,,,,,,,,,,,,,,,,,,,,,,,,,,,,
2023,4,7,1,0,22.1,18.5,79.97,,,,,,,,,,,,,,,,,,,,,,,,,,,,,,,,,,,,
2023,4,7,2,0,21.4,18.6,84.03,,,,,,,,,,,,,,,,,,,,,,,,,,,,,,,,,,,,
2023,4,7,3,0,20.8,18.6,87.29,,,,,,,,,,,,,,,,,,,,,,,,,,,,,,,,,,,,
2023,4,7,4,0,20.1,18.6,90.94,,,,,,,,,,,,,,,,,,,,,,,,,,,,,,,,,,,,
2023,4,7,5,0,19.8,18.5,92.3,,,,,,,,,,,,,,,,,,,,,,,,,,,,,,,,,,,,
2023,4,7,6,0,19.7,18.5,92.85,,,,,,,,,,,,,,,,,,,,,,,,,,,,,,,,,,,,
2023,4,7,7,0,19.5,18.5,94.06,,,,,,,,,,,,,,,,,,,,,,,,,,,,,,,,,,,,
2023,4,7,8,0,19,18.6,97.36,,,,,,,,,,,,,,,,,,,,,,,,,,,,,,,,,,,,
2023,4,7,9,0,18.4,18.4,100,,,,,,,,,,,,,,,,,,,,,,,,,,,,,,,,,,,,
2023,4,7,10,0,18,18,100,,,,,,,,,,,,,,,,,,,,,,,,,,,,,,,,,,,,
2023,4,7,11,0,17.6,17.6,100,,,,,,,,,,,,,,,,,,,,,,,,,,,,,,,,,,,,
2023,4,7,12,0,17.7,17.7,100,,,,,,,,,,,,,,,,,,,,,,,,,,,,,,,,,,,,
2023,4,7,13,0,17.9,17.7,98.94,,,,,,,,,,,,,,,,,,,,,,,,,,,,,,,,,,,,
2023,4,7,14,0,18.5,17.4,93.12,,,,,,,,,,,,,,,,,,,,,,,,,,,,,,,,,,,,
2023,4,7,15,0,19.6,17,85.2,,,,,,,,,,,,,,,,,,,,,,,,,,,,,,,,,,,,
2023,4,7,16,0,20.7,17,79.5,,,,,,,,,,,,,,,,,,,,,,,,,,,,,,,,,,,,
2023,4,7,17,0,21.5,16.9,74.95,,,,,,,,,,,,,,,,,,,,,,,,,,,,,,,,,,,,
2023,4,7,18,0,22.1,16.8,72,,,,,,,,,,,,,,,,,,,,,,,,,,,,,,,,,,,,
2023,4,7,19,0,22.6,16.9,70.3,,,,,,,,,,,,,,,,,,,,,,,,,,,,,,,,,,,,
2023,4,7,20,0,22.4,17,71.71,,,,,,,,,,,,,,,,,,,,,,,,,,,,,,,,,,,,
2023,4,7,21,0,21.3,17,76.69,,,,,,,,,,,,,,,,,,,,,,,,,,,,,,,,,,,,
2023,4,7,22,0,19.8,17.3,85.39,,,,,,,,,,,,,,,,,,,,,,,,,,,,,,,,,,,,
2023,4,7,23,0,18.3,17.2,93.26,,,,,,,,,,,,,,,,,,,,,,,,,,,,,,,,,,,,
2023,4,8,0,0,17.3,16.8,96.98,,,,,,,,,,,,,,,,,,,,,,,,,,,,,,,,,,,,
2023,4,8,1,0,16.3,16.1,98.58,,,,,,,,,,,,,,,,,,,,,,,,,,,,,,,,,,,,
2023,4,8,2,0,14.4,13.9,96.93,,,,,,,,,,,,,,,,,,,,,,,,,,,,,,,,,,,,
2023,4,8,3,0,11.6,10.8,95.05,,,,,,,,,,,,,,,,,,,,,,,,,,,,,,,,,,,,
2023,4,8,4,0,10,9,93.62,,,,,,,,,,,,,,,,,,,,,,,,,,,,,,,,,,,,
2023,4,8,5,0,9.3,8.2,93.13,,,,,,,,,,,,,,,,,,,,,,,,,,,,,,,,,,,,
2023,4,8,6,0,8.9,7.9,93.48,,,,,,,,,,,,,,,,,,,,,,,,,,,,,,,,,,,,
2023,4,8,7,0,8.6,7.7,93.92,,,,,,,,,,,,,,,,,,,,,,,,,,,,,,,,,,,,
2023,4,8,8,0,8.3,7.4,94.09,,,,,,,,,,,,,,,,,,,,,,,,,,,,,,,,,,,,
2023,4,8,9,0,7.9,7.2,95.04,,,,,,,,,,,,,,,,,,,,,,,,,,,,,,,,,,,,
2023,4,8,10,0,7.7,6.9,94.96,,,,,,,,,,,,,,,,,,,,,,,,,,,,,,,,,,,,
2023,4,8,11,0,7.5,6.8,95.13,,,,,,,,,,,,,,,,,,,,,,,,,,,,,,,,,,,,
2023,4,8,12,0,7.6,6.8,94.41,,,,,,,,,,,,,,,,,,,,,,,,,,,,,,,,,,,,
2023,4,8,13,0,7.9,6.9,93.36,,,,,,,,,,,,,,,,,,,,,,,,,,,,,,,,,,,,
2023,4,8,14,0,8.3,7.1,91.96,,,,,,,,,,,,,,,,,,,,,,,,,,,,,,,,,,,,
2023,4,8,15,0,8.6,7.1,90.31,,,,,,,,,,,,,,,,,,,,,,,,,,,,,,,,,,,,
2023,4,8,16,0,8.8,7.1,88.87,,,,,,,,,,,,,,,,,,,,,,,,,,,,,,,,,,,,
2023,4,8,17,0,9,7.1,87.92,,,,,,,,,,,,,,,,,,,,,,,,,,,,,,,,,,,,
2023,4,8,18,0,9.3,7.2,86.74,,,,,,,,,,,,,,,,,,,,,,,,,,,,,,,,,,,,
2023,4,8,19,0,9.6,7.3,85.38,,,,,,,,,,,,,,,,,,,,,,,,,,,,,,,,,,,,
2023,4,8,20,0,9.5,7.2,85.45,,,,,,,,,,,,,,,,,,,,,,,,,,,,,,,,,,,,
2023,4,8,21,0,9,7,87.15,,,,,,,,,,,,,,,,,,,,,,,,,,,,,,,,,,,,
2023,4,8,22,0,8.5,6.8,89.01,,,,,,,,,,,,,,,,,,,,,,,,,,,,,,,,,,,,
2023,4,8,23,0,7.8,6.5,91.7,,,,,,,,,,,,,,,,,,,,,,,,,,,,,,,,,,,,
2023,4,9,0,0,7.1,6.1,93.33,,,,,,,,,,,,,,,,,,,,,,,,,,,,,,,,,,,,
2023,4,9,1,0,6.6,5.6,93.31,,,,,,,,,,,,,,,,,,,,,,,,,,,,,,,,,,,,
2023,4,9,2,0,6.1,5.1,93.47,,,,,,,,,,,,,,,,,,,,,,,,,,,,,,,,,,,,
2023,4,9,3,0,5.6,4.8,94.41,,,,,,,,,,,,,,,,,,,,,,,,,,,,,,,,,,,,
2023,4,9,4,0,5.4,4.6,94.32,,,,,,,,,,,,,,,,,,,,,,,,,,,,,,,,,,,,
2023,4,9,5,0,5.2,4.4,94.6,,,,,,,,,,,,,,,,,,,,,,,,,,,,,,,,,,,,
2023,4,9,6,0,5,4.3,95.53,,,,,,,,,,,,,,,,,,,,,,,,,,,,,,,,,,,,
2023,4,9,7,0,5,4.3,95.46,,,,,,,,,,,,,,,,,,,,,,,,,,,,,,,,,,,,
2023,4,9,8,0,4.9,4.3,96.06,,,,,,,,,,,,,,,,,,,,,,,,,,,,,,,,,,,,
2023,4,9,9,0,4.9,4.3,96.03,,,,,,,,,,,,,,,,,,,,,,,,,,,,,,,,,,,,
2023,4,9,10,0,4.8,4.3,96.55,,,,,,,,,,,,,,,,,,,,,,,,,,,,,,,,,,,,
2023,4,9,11,0,4.9,4.4,96.29,,,,,,,,,,,,,,,,,,,,,,,,,,,,,,,,,,,,
2023,4,9,12,0,6.4,4.7,88.99,,,,,,,,,,,,,,,,,,,,,,,,,,,,,,,,,,,,
2023,4,9,13,0,8.4,5.1,79.91,,,,,,,,,,,,,,,,,,,,,,,,,,,,,,,,,,,,
2023,4,9,14,0,10.8,5.7,70.52,,,,,,,,,,,,,,,,,,,,,,,,,,,,,,,,,,,,
2023,4,9,15,0,13,6.4,64.42,,,,,,,,,,,,,,,,,,,,,,,,,,,,,,,,,,,,
2023,4,9,16,0,14.9,7.2,59.97,,,,,,,,,,,,,,,,,,,,,,,,,,,,,,,,,,,,
2023,4,9,17,0,16.3,7.7,56.73,,,,,,,,,,,,,,,,,,,,,,,,,,,,,,,,,,,,
2023,4,9,18,0,17.2,7.9,54.43,,,,,,,,,,,,,,,,,,,,,,,,,,,,,,,,,,,,
2023,4,9,19,0,17.5,7.9,53.34,,,,,,,,,,,,,,,,,,,,,,,,,,,,,,,,,,,,
2023,4,9,20,0,17.3,7.7,53.22,,,,,,,,,,,,,,,,,,,,,,,,,,,,,,,,,,,,
2023,4,9,21,0,16.7,7.4,54.33,,,,,,,,,,,,,,,,,,,,,,,,,,,,,,,,,,,,
2023,4,9,22,0,15.4,7.8,60.49,,,,,,,,,,,,,,,,,,,,,,,,,,,,,,,,,,,,
2023,4,9,23,0,12.6,8.5,75.98,,,,,,,,,,,,,,,,,,,,,,,,,,,,,,,,,,,,
2023,4,10,0,0,10,7.3,83.51,,,,,,,,,,,,,,,,,,,,,,,,,,,,,,,,,,,,
2023,4,10,1,0,9.2,6.8,84.67,,,,,,,,,,,,,,,,,,,,,,,,,,,,,,,,,,,,
2023,4,10,2,0,8.4,6.3,86.49,,,,,,,,,,,,,,,,,,,,,,,,,,,,,,,,,,,,
2023,4,10,3,0,7.7,5.9,88.26,,,,,,,,,,,,,,,,,,,,,,,,,,,,,,,,,,,,
2023,4,10,4,0,6.8,5.6,91.9,,,,,,,,,,,,,,,,,,,,,,,,,,,,,,,,,,,,
2023,4,10,5,0,6.1,5.3,94.71,,,,,,,,,,,,,,,,,,,,,,,,,,,,,,,,,,,,
2023,4,10,6,0,5.6,5.1,96.81,,,,,,,,,,,,,,,,,,,,,,,,,,,,,,,,,,,,
2023,4,10,7,0,5.3,5.1,98.31,,,,,,,,,,,,,,,,,,,,,,,,,,,,,,,,,,,,
2023,4,10,8,0,5.1,5,99.22,,,,,,,,,,,,,,,,,,,,,,,,,,,,,,,,,,,,
2023,4,10,9,0,4.8,4.7,99.36,,,,,,,,,,,,,,,,,,,,,,,,,,,,,,,,,,,,
2023,4,10,10,0,4.6,4.2,97.21,,,,,,,,,,,,,,,,,,,,,,,,,,,,,,,,,,,,
2023,4,10,11,0,4.9,3.7,92.16,,,,,,,,,,,,,,,,,,,,,,,,,,,,,,,,,,,,
2023,4,10,12,0,6.5,3.6,81.58,,,,,,,,,,,,,,,,,,,,,,,,,,,,,,,,,,,,
2023,4,10,13,0,8.3,2.5,66.68,,,,,,,,,,,,,,,,,,,,,,,,,,,,,,,,,,,,
2023,4,10,14,0,10.4,1.2,53.05,,,,,,,,,,,,,,,,,,,,,,,,,,,,,,,,,,,,
2023,4,10,15,0,12.5,1.5,47,,,,,,,,,,,,,,,,,,,,,,,,,,,,,,,,,,,,
2023,4,10,16,0,14.3,2.1,43.59,,,,,,,,,,,,,,,,,,,,,,,,,,,,,,,,,,,,
2023,4,10,17,0,15.7,2.7,41.77,,,,,,,,,,,,,,,,,,,,,,,,,,,,,,,,,,,,
2023,4,10,18,0,16.7,3.4,41.16,,,,,,,,,,,,,,,,,,,,,,,,,,,,,,,,,,,,
2023,4,10,19,0,17.3,4,41.26,,,,,,,,,,,,,,,,,,,,,,,,,,,,,,,,,,,,
2023,4,10,20,0,17.3,4.6,42.89,,,,,,,,,,,,,,,,,,,,,,,,,,,,,,,,,,,,
2023,4,10,21,0,16.7,5.3,46.96,,,,,,,,,,,,,,,,,,,,,,,,,,,,,,,,,,,,
2023,4,10,22,0,15.6,7.5,58.54,,,,,,,,,,,,,,,,,,,,,,,,,,,,,,,,,,,,
2023,4,10,23,0,12.3,9.2,81.5,,,,,,,,,,,,,,,,,,,,,,,,,,,,,,,,,,,,
2023,4,11,0,0,9.2,6.9,85.73,,,,,,,,,,,,,,,,,,,,,,,,,,,,,,,,,,,,
2023,4,11,1,0,8.4,6.3,86.86,,,,,,,,,,,,,,,,,,,,,,,,,,,,,,,,,,,,
2023,4,11,2,0,7.7,5.9,88.1,,,,,,,,,,,,,,,,,,,,,,,,,,,,,,,,,,,,
2023,4,11,3,0,6.9,5.5,90.7,,,,,,,,,,,,,,,,,,,,,,,,,,,,,,,,,,,,
2023,4,11,4,0,6.2,5.1,92.74,,,,,,,,,,,,,,,,,,,,,,,,,,,,,,,,,,,,
2023,4,11,5,0,5.5,4.7,94.47,,,,,,,,,,,,,,,,,,,,,,,,,,,,,,,,,,,,
2023,4,11,6,0,4.8,4.2,96.15,,,,,,,,,,,,,,,,,,,,,,,,,,,,,,,,,,,,
2023,4,11,7,0,4.3,3.8,96.4,,,,,,,,,,,,,,,,,,,,,,,,,,,,,,,,,,,,
2023,4,11,8,0,3.9,3.3,95.85,,,,,,,,,,,,,,,,,,,,,,,,,,,,,,,,,,,,
2023,4,11,9,0,3.5,2.8,95.45,,,,,,,,,,,,,,,,,,,,,,,,,,,,,,,,,,,,
2023,4,11,10,0,3.2,2.4,94.71,,,,,,,,,,,,,,,,,,,,,,,,,,,,,,,,,,,,
2023,4,11,11,0,3.6,2.7,93.67,,,,,,,,,,,,,,,,,,,,,,,,,,,,,,,,,,,,
2023,4,11,12,0,7.6,4.9,82.74,,,,,,,,,,,,,,,,,,,,,,,,,,,,,,,,,,,,
2023,4,11,13,0,10.5,6.2,74.7,,,,,,,,,,,,,,,,,,,,,,,,,,,,,,,,,,,,
2023,4,11,14,0,14.3,5.7,56.06,,,,,,,,,,,,,,,,,,,,,,,,,,,,,,,,,,,,
2023,4,11,15,0,16.6,5.1,46.41,,,,,,,,,,,,,,,,,,,,,,,,,,,,,,,,,,,,
2023,4,11,16,0,18.3,5.8,43.82,,,,,,,,,,,,,,,,,,,,,,,,,,,,,,,,,,,,
2023,4,11,17,0,19.5,6.3,42.2,,,,,,,,,,,,,,,,,,,,,,,,,,,,,,,,,,,,
2023,4,11,18,0,20.3,6.7,41.13,,,,,,,,,,,,,,,,,,,,,,,,,,,,,,,,,,,,
2023,4,11,19,0,20.6,6.9,41.1,,,,,,,,,,,,,,,,,,,,,,,,,,,,,,,,,,,,
2023,4,11,20,0,20.5,7.3,42.37,,,,,,,,,,,,,,,,,,,,,,,,,,,,,,,,,,,,
2023,4,11,21,0,20,8.4,47.08,,,,,,,,,,,,,,,,,,,,,,,,,,,,,,,,,,,,
2023,4,11,22,0,19.6,8.3,48.04,,,,,,,,,,,,,,,,,,,,,,,,,,,,,,,,,,,,
2023,4,11,23,0,16.2,9.4,64.26,,,,,,,,,,,,,,,,,,,,,,,,,,,,,,,,,,,,
2023,4,12,0,0,14,6.2,59.52,,,,,,,,,,,,,,,,,,,,,,,,,,,,,,,,,,,,
2023,4,12,1,0,13.1,5.3,59.29,,,,,,,,,,,,,,,,,,,,,,,,,,,,,,,,,,,,
2023,4,12,2,0,12.4,4.5,58.51,,,,,,,,,,,,,,,,,,,,,,,,,,,,,,,,,,,,
2023,4,12,3,0,11.8,3.8,57.85,,,,,,,,,,,,,,,,,,,,,,,,,,,,,,,,,,,,
2023,4,12,4,0,11,3.3,59.14,,,,,,,,,,,,,,,,,,,,,,,,,,,,,,,,,,,,
2023,4,12,5,0,10.1,3.1,61.72,,,,,,,,,,,,,,,,,,,,,,,,,,,,,,,,,,,,
2023,4,12,6,0,9.3,3,64.53,,,,,,,,,,,,,,,,,,,,,,,,,,,,,,,,,,,,
2023,4,12,7,0,8.9,2.8,65.7,,,,,,,,,,,,,,,,,,,,,,,,,,,,,,,,,,,,
2023,4,12,8,0,8.8,2.7,65.46,,,,,,,,,,,,,,,,,,,,,,,,,,,,,,,,,,,,
2023,4,12,9,0,8.8,2.6,65.23,,,,,,,,,,,,,,,,,,,,,,,,,,,,,,,,,,,,
2023,4,12,10,0,9.2,2.6,63.39,,,,,,,,,,,,,,,,,,,,,,,,,,,,,,,,,,,,
2023,4,12,11,0,9.5,2.8,63,,,,,,,,,,,,,,,,,,,,,,,,,,,,,,,,,,,,
2023,4,12,12,0,11.5,6.4,70.83,,,,,,,,,,,,,,,,,,,,,,,,,,,,,,,,,,,,
2023,4,12,13,0,13.8,6.5,61.21,,,,,,,,,,,,,,,,,,,,,,,,,,,,,,,,,,,,
2023,4,12,14,0,17.3,7.4,52.13,,,,,,,,,,,,,,,,,,,,,,,,,,,,,,,,,,,,
2023,4,12,15,0,20.4,5.6,38.07,,,,,,,,,,,,,,,,,,,,,,,,,,,,,,,,,,,,
2023,4,12,16,0,21.7,6.2,36.64,,,,,,,,,,,,,,,,,,,,,,,,,,,,,,,,,,,,
2023,4,12,17,0,22.6,6.9,36.23,,,,,,,,,,,,,,,,,,,,,,,,,,,,,,,,,,,,
2023,4,12,18,0,23,7.5,36.85,,,,,,,,,,,,,,,,,,,,,,,,,,,,,,,,,,,,
2023,4,12,19,0,22.9,8.2,38.85,,,,,,,,,,,,,,,,,,,,,,,,,,,,,,,,,,,,
2023,4,12,20,0,22.8,9,41.41,,,,,,,,,,,,,,,,,,,,,,,,,,,,,,,,,,,,
2023,4,12,21,0,23.5,8.8,39.13,,,,,,,,,,,,,,,,,,,,,,,,,,,,,,,,,,,,
2023,4,12,22,0,21.4,8.4,43.2,,,,,,,,,,,,,,,,,,,,,,,,,,,,,,,,,,,,
2023,4,12,23,0,16.8,12.9,78.03,,,,,,,,,,,,,,,,,,,,,,,,,,,,,,,,,,,,
2023,4,13,0,0,13.4,9.7,78.32,,,,,,,,,,,,,,,,,,,,,,,,,,,,,,,,,,,,
2023,4,13,1,0,12,8.8,80.78,,,,,,,,,,,,,,,,,,,,,,,,,,,,,,,,,,,,
2023,4,13,2,0,11.2,8.3,82.3,,,,,,,,,,,,,,,,,,,,,,,,,,,,,,,,,,,,
2023,4,13,3,0,10.6,8,84.17,,,,,,,,,,,,,,,,,,,,,,,,,,,,,,,,,,,,
2023,4,13,4,0,10,7.9,86.53,,,,,,,,,,,,,,,,,,,,,,,,,,,,,,,,,,,,
2023,4,13,5,0,9.5,7.8,88.84,,,,,,,,,,,,,,,,,,,,,,,,,,,,,,,,,,,,
2023,4,13,6,0,9.1,7.8,91.77,,,,,,,,,,,,,,,,,,,,,,,,,,,,,,,,,,,,
2023,4,13,7,0,9,8.2,94.58,,,,,,,,,,,,,,,,,,,,,,,,,,,,,,,,,,,,
2023,4,13,8,0,9.3,8.8,96.76,,,,,,,,,,,,,,,,,,,,,,,,,,,,,,,,,,,,
2023,4,13,9,0,9.8,9.5,98.24,,,,,,,,,,,,,,,,,,,,,,,,,,,,,,,,,,,,
2023,4,13,10,0,10.3,10.2,99.18,,,,,,,,,,,,,,,,,,,,,,,,,,,,,,,,,,,,
2023,4,13,11,0,10.9,10.8,99.47,,,,,,,,,,,,,,,,,,,,,,,,,,,,,,,,,,,,
2023,4,13,12,0,12.5,12,97.08,,,,,,,,,,,,,,,,,,,,,,,,,,,,,,,,,,,,
2023,4,13,13,0,13.9,13.2,95.63,,,,,,,,,,,,,,,,,,,,,,,,,,,,,,,,,,,,
2023,4,13,14,0,15.3,14.3,93.94,,,,,,,,,,,,,,,,,,,,,,,,,,,,,,,,,,,,
2023,4,13,15,0,16.7,15,89.43,,,,,,,,,,,,,,,,,,,,,,,,,,,,,,,,,,,,
2023,4,13,16,0,17.4,15.1,86.38,,,,,,,,,,,,,,,,,,,,,,,,,,,,,,,,,,,,
2023,4,13,17,0,18.3,15.4,83.23,,,,,,,,,,,,,,,,,,,,,,,,,,,,,,,,,,,,
2023,4,13,18,0,18.9,15.8,82.3,,,,,,,,,,,,,,,,,,,,,,,,,,,,,,,,,,,,
2023,4,13,19,0,19.3,16.2,82.34,,,,,,,,,,,,,,,,,,,,,,,,,,,,,,,,,,,,
2023,4,13,20,0,19.5,16.6,83.48,,,,,,,,,,,,,,,,,,,,,,,,,,,,,,,,,,,,
2023,4,13,21,0,19.2,17,87.09,,,,,,,,,,,,,,,,,,,,,,,,,,,,,,,,,,,,
2023,4,13,22,0,18.5,17.3,92.69,,,,,,,,,,,,,,,,,,,,,,,,,,,,,,,,,,,,
2023,4,13,23,0,17.6,17.2,97.61,,,,,,,,,,,,,,,,,,,,,,,,,,,,,,,,,,,,
2023,4,14,0,0,16.8,16.8,100,,,,,,,,,,,,,,,,,,,,,,,,,,,,,,,,,,,,
2023,4,14,1,0,16.4,16.4,100,,,,,,,,,,,,,,,,,,,,,,,,,,,,,,,,,,,,
2023,4,14,2,0,15.9,15.9,100,,,,,,,,,,,,,,,,,,,,,,,,,,,,,,,,,,,,
2023,4,14,3,0,15.5,15.5,100,,,,,,,,,,,,,,,,,,,,,,,,,,,,,,,,,,,,
2023,4,14,4,0,15.1,15.1,100,,,,,,,,,,,,,,,,,,,,,,,,,,,,,,,,,,,,
2023,4,14,5,0,14.7,14.7,100,,,,,,,,,,,,,,,,,,,,,,,,,,,,,,,,,,,,
2023,4,14,6,0,14.3,14.3,100,,,,,,,,,,,,,,,,,,,,,,,,,,,,,,,,,,,,
2023,4,14,7,0,14,14,100,,,,,,,,,,,,,,,,,,,,,,,,,,,,,,,,,,,,
2023,4,14,8,0,13.5,13.5,100,,,,,,,,,,,,,,,,,,,,,,,,,,,,,,,,,,,,
2023,4,14,9,0,13.3,13.3,100,,,,,,,,,,,,,,,,,,,,,,,,,,,,,,,,,,,,
2023,4,14,10,0,13,13,100,,,,,,,,,,,,,,,,,,,,,,,,,,,,,,,,,,,,
2023,4,14,11,0,13.2,13.2,100,,,,,,,,,,,,,,,,,,,,,,,,,,,,,,,,,,,,
2023,4,14,12,0,14.9,14.9,100,,,,,,,,,,,,,,,,,,,,,,,,,,,,,,,,,,,,
2023,4,14,13,0,16.2,16,98.58,,,,,,,,,,,,,,,,,,,,,,,,,,,,,,,,,,,,
2023,4,14,14,0,17.4,16.3,93.44,,,,,,,,,,,,,,,,,,,,,,,,,,,,,,,,,,,,
2023,4,14,15,0,18.3,15.9,85.78,,,,,,,,,,,,,,,,,,,,,,,,,,,,,,,,,,,,
2023,4,14,16,0,19,15.2,78.47,,,,,,,,,,,,,,,,,,,,,,,,,,,,,,,,,,,,
2023,4,14,17,0,19.5,14.9,74.6,,,,,,,,,,,,,,,,,,,,,,,,,,,,,,,,,,,,
2023,4,14,18,0,19.7,15,74.28,,,,,,,,,,,,,,,,,,,,,,,,,,,,,,,,,,,,
2023,4,14,19,0,19.9,15.1,73.99,,,,,,,,,,,,,,,,,,,,,,,,,,,,,,,,,,,,
2023,4,14,20,0,20.1,15.1,73.04,,,,,,,,,,,,,,,,,,,,,,,,,,,,,,,,,,,,
2023,4,14,21,0,19.9,15.2,74.43,,,,,,,,,,,,,,,,,,,,,,,,,,,,,,,,,,,,
2023,4,14,22,0,19.4,15.9,80.27,,,,,,,,,,,,,,,,,,,,,,,,,,,,,,,,,,,,
2023,4,14,23,0,17.7,16.5,92.84,,,,,,,,,,,,,,,,,,,,,,,,,,,,,,,,,,,,
2023,4,15,0,0,15.4,14.9,97.11,,,,,,,,,,,,,,,,,,,,,,,,,,,,,,,,,,,,
2023,4,15,1,0,14.8,14.5,97.95,,,,,,,,,,,,,,,,,,,,,,,,,,,,,,,,,,,,
2023,4,15,2,0,14.3,14.2,99.25,,,,,,,,,,,,,,,,,,,,,,,,,,,,,,,,,,,,
2023,4,15,3,0,13.9,13.9,100,,,,,,,,,,,,,,,,,,,,,,,,,,,,,,,,,,,,
2023,4,15,4,0,13.7,13.7,100,,,,,,,,,,,,,,,,,,,,,,,,,,,,,,,,,,,,
2023,4,15,5,0,13.3,13.3,100,,,,,,,,,,,,,,,,,,,,,,,,,,,,,,,,,,,,
2023,4,15,6,0,12.7,12.7,100,,,,,,,,,,,,,,,,,,,,,,,,,,,,,,,,,,,,
2023,4,15,7,0,12.5,12.5,100,,,,,,,,,,,,,,,,,,,,,,,,,,,,,,,,,,,,
2023,4,15,8,0,12.5,12.5,100,,,,,,,,,,,,,,,,,,,,,,,,,,,,,,,,,,,,
2023,4,15,9,0,12.6,12.6,100,,,,,,,,,,,,,,,,,,,,,,,,,,,,,,,,,,,,
2023,4,15,10,0,12.5,12.5,100,,,,,,,,,,,,,,,,,,,,,,,,,,,,,,,,,,,,
2023,4,15,11,0,12.8,12.8,100,,,,,,,,,,,,,,,,,,,,,,,,,,,,,,,,,,,,
2023,4,15,12,0,15.3,14.8,96.79,,,,,,,,,,,,,,,,,,,,,,,,,,,,,,,,,,,,
2023,4,15,13,0,17.9,15.9,88.21,,,,,,,,,,,,,,,,,,,,,,,,,,,,,,,,,,,,
2023,4,15,14,0,20.8,16.1,74.45,,,,,,,,,,,,,,,,,,,,,,,,,,,,,,,,,,,,
2023,4,15,15,0,22.7,16.1,66.25,,,,,,,,,,,,,,,,,,,,,,,,,,,,,,,,,,,,
2023,4,15,16,0,24.1,16,60.45,,,,,,,,,,,,,,,,,,,,,,,,,,,,,,,,,,,,
2023,4,15,17,0,24.9,16,57.78,,,,,,,,,,,,,,,,,,,,,,,,,,,,,,,,,,,,
2023,4,15,18,0,25.6,16.2,56.01,,,,,,,,,,,,,,,,,,,,,,,,,,,,,,,,,,,,
2023,4,15,19,0,25.6,16.4,56.65,,,,,,,,,,,,,,,,,,,,,,,,,,,,,,,,,,,,
2023,4,15,20,0,25.6,16.6,57.61,,,,,,,,,,,,,,,,,,,,,,,,,,,,,,,,,,,,
2023,4,15,21,0,25.2,17.1,60.63,,,,,,,,,,,,,,,,,,,,,,,,,,,,,,,,,,,,
2023,4,15,22,0,24.5,18.3,68.51,,,,,,,,,,,,,,,,,,,,,,,,,,,,,,,,,,,,
2023,4,15,23,0,21.6,19.2,86.31,,,,,,,,,,,,,,,,,,,,,,,,,,,,,,,,,,,,
2023,4,16,0,0,19.8,18.2,90.24,,,,,,,,,,,,,,,,,,,,,,,,,,,,,,,,,,,,
2023,4,16,1,0,19.1,17.6,91.22,,,,,,,,,,,,,,,,,,,,,,,,,,,,,,,,,,,,
2023,4,16,2,0,18.7,17.4,92.27,,,,,,,,,,,,,,,,,,,,,,,,,,,,,,,,,,,,
2023,4,16,3,0,17.8,17.2,96.05,,,,,,,,,,,,,,,,,,,,,,,,,,,,,,,,,,,,
2023,4,16,4,0,17,16.8,98.72,,,,,,,,,,,,,,,,,,,,,,,,,,,,,,,,,,,,
2023,4,16,5,0,16.6,16.5,99.33,,,,,,,,,,,,,,,,,,,,,,,,,,,,,,,,,,,,
2023,4,16,6,0,16.3,16.3,100,,,,,,,,,,,,,,,,,,,,,,,,,,,,,,,,,,,,
2023,4,16,7,0,16,16,100,,,,,,,,,,,,,,,,,,,,,,,,,,,,,,,,,,,,
2023,4,16,8,0,15.8,15.8,100,,,,,,,,,,,,,,,,,,,,,,,,,,,,,,,,,,,,
2023,4,16,9,0,15.6,15.6,100,,,,,,,,,,,,,,,,,,,,,,,,,,,,,,,,,,,,
2023,4,16,10,0,15.1,15.1,100,,,,,,,,,,,,,,,,,,,,,,,,,,,,,,,,,,,,
2023,4,16,11,0,15.4,15.4,100,,,,,,,,,,,,,,,,,,,,,,,,,,,,,,,,,,,,
2023,4,16,12,0,16.5,16.4,99.35,,,,,,,,,,,,,,,,,,,,,,,,,,,,,,,,,,,,
2023,4,16,13,0,18.1,17.4,95.41,,,,,,,,,,,,,,,,,,,,,,,,,,,,,,,,,,,,
2023,4,16,14,0,19.9,17.8,87.75,,,,,,,,,,,,,,,,,,,,,,,,,,,,,,,,,,,,
2023,4,16,15,0,21.9,18.1,79.03,,,,,,,,,,,,,,,,,,,,,,,,,,,,,,,,,,,,
2023,4,16,16,0,23.1,18,73.04,,,,,,,,,,,,,,,,,,,,,,,,,,,,,,,,,,,,
2023,4,16,17,0,23.8,17.9,69.44,,,,,,,,,,,,,,,,,,,,,,,,,,,,,,,,,,,,
2023,4,16,18,0,24.1,17.3,65.68,,,,,,,,,,,,,,,,,,,,,,,,,,,,,,,,,,,,
2023,4,16,19,0,23.4,16.1,63.54,,,,,,,,,,,,,,,,,,,,,,,,,,,,,,,,,,,,
2023,4,16,20,0,22.2,14.5,61.78,,,,,,,,,,,,,,,,,,,,,,,,,,,,,,,,,,,,
2023,4,16,21,0,20.4,12.3,59.81,,,,,,,,,,,,,,,,,,,,,,,,,,,,,,,,,,,,
2023,4,16,22,0,18.2,10.4,60.19,,,,,,,,,,,,,,,,,,,,,,,,,,,,,,,,,,,,
2023,4,16,23,0,15.6,9.8,68.46,,,,,,,,,,,,,,,,,,,,,,,,,,,,,,,,,,,,
2023,4,17,0,0,13.1,9.4,78.32,,,,,,,,,,,,,,,,,,,,,,,,,,,,,,,,,,,,
2023,4,17,1,0,12.1,8.9,80.95,,,,,,,,,,,,,,,,,,,,,,,,,,,,,,,,,,,,
2023,4,17,2,0,11.4,8.5,82.59,,,,,,,,,,,,,,,,,,,,,,,,,,,,,,,,,,,,
2023,4,17,3,0,10.7,8.2,84.67,,,,,,,,,,,,,,,,,,,,,,,,,,,,,,,,,,,,
2023,4,17,4,0,10.1,8,86.59,,,,,,,,,,,,,,,,,,,,,,,,,,,,,,,,,,,,
2023,4,17,5,0,9.2,7.8,91.04,,,,,,,,,,,,,,,,,,,,,,,,,,,,,,,,,,,,
2023,4,17,6,0,8.4,7.5,94.17,,,,,,,,,,,,,,,,,,,,,,,,,,,,,,,,,,,,
2023,4,17,7,0,7.6,7.3,97.66,,,,,,,,,,,,,,,,,,,,,,,,,,,,,,,,,,,,
2023,4,17,8,0,6.7,6.7,100,,,,,,,,,,,,,,,,,,,,,,,,,,,,,,,,,,,,
2023,4,17,9,0,6.2,6.2,100,,,,,,,,,,,,,,,,,,,,,,,,,,,,,,,,,,,,
2023,4,17,10,0,5.9,5.9,100,,,,,,,,,,,,,,,,,,,,,,,,,,,,,,,,,,,,
2023,4,17,11,0,6.6,6.1,96.63,,,,,,,,,,,,,,,,,,,,,,,,,,,,,,,,,,,,
2023,4,17,12,0,9.3,6.3,81.46,,,,,,,,,,,,,,,,,,,,,,,,,,,,,,,,,,,,
2023,4,17,13,0,12.2,6,65.7,,,,,,,,,,,,,,,,,,,,,,,,,,,,,,,,,,,,
2023,4,17,14,0,14.3,4.9,53.05,,,,,,,,,,,,,,,,,,,,,,,,,,,,,,,,,,,,
2023,4,17,15,0,15.7,3.6,44.45,,,,,,,,,,,,,,,,,,,,,,,,,,,,,,,,,,,,
2023,4,17,16,0,16.8,3.5,41.15,,,,,,,,,,,,,,,,,,,,,,,,,,,,,,,,,,,,
2023,4,17,17,0,17.8,3.8,39.3,,,,,,,,,,,,,,,,,,,,,,,,,,,,,,,,,,,,
2023,4,17,18,0,18.5,4.1,38.54,,,,,,,,,,,,,,,,,,,,,,,,,,,,,,,,,,,,
2023,4,17,19,0,18.7,4.5,39.19,,,,,,,,,,,,,,,,,,,,,,,,,,,,,,,,,,,,
2023,4,17,20,0,18.6,5.1,41.05,,,,,,,,,,,,,,,,,,,,,,,,,,,,,,,,,,,,
2023,4,17,21,0,18,5.7,44.51,,,,,,,,,,,,,,,,,,,,,,,,,,,,,,,,,,,,
2023,4,17,22,0,16.7,7.2,53.38,,,,,,,,,,,,,,,,,,,,,,,,,,,,,,,,,,,,
2023,4,17,23,0,14,8.8,70.72,,,,,,,,,,,,,,,,,,,,,,,,,,,,,,,,,,,,
2023,4,18,0,0,11.2,7.9,80.34,,,,,,,,,,,,,,,,,,,,,,,,,,,,,,,,,,,,
2023,4,18,1,0,10.3,7.5,83.06,,,,,,,,,,,,,,,,,,,,,,,,,,,,,,,,,,,,
2023,4,18,2,0,9.4,7.3,86.47,,,,,,,,,,,,,,,,,,,,,,,,,,,,,,,,,,,,
2023,4,18,3,0,8.6,7,89.59,,,,,,,,,,,,,,,,,,,,,,,,,,,,,,,,,,,,
2023,4,18,4,0,8,6.7,91.51,,,,,,,,,,,,,,,,,,,,,,,,,,,,,,,,,,,,
2023,4,18,5,0,7.4,6.4,93.46,,,,,,,,,,,,,,,,,,,,,,,,,,,,,,,,,,,,
2023,4,18,6,0,6.8,6.1,95.46,,,,,,,,,,,,,,,,,,,,,,,,,,,,,,,,,,,,
2023,4,18,7,0,6.2,5.8,97.38,,,,,,,,,,,,,,,,,,,,,,,,,,,,,,,,,,,,
2023,4,18,8,0,5.9,5.5,97.24,,,,,,,,,,,,,,,,,,,,,,,,,,,,,,,,,,,,
2023,4,18,9,0,5.6,5.1,96.75,,,,,,,,,,,,,,,,,,,,,,,,,,,,,,,,,,,,
2023,4,18,10,0,5.3,4.8,96.27,,,,,,,,,,,,,,,,,,,,,,,,,,,,,,,,,,,,
2023,4,18,11,0,6.1,5.2,94.22,,,,,,,,,,,,,,,,,,,,,,,,,,,,,,,,,,,,
2023,4,18,12,0,10.3,6.5,77.49,,,,,,,,,,,,,,,,,,,,,,,,,,,,,,,,,,,,
2023,4,18,13,0,13.4,7.9,69.5,,,,,,,,,,,,,,,,,,,,,,,,,,,,,,,,,,,,
2023,4,18,14,0,17.5,8.6,56.08,,,,,,,,,,,,,,,,,,,,,,,,,,,,,,,,,,,,
2023,4,18,15,0,20.2,6.7,41.5,,,,,,,,,,,,,,,,,,,,,,,,,,,,,,,,,,,,
2023,4,18,16,0,21.7,6.8,38.13,,,,,,,,,,,,,,,,,,,,,,,,,,,,,,,,,,,,
2023,4,18,17,0,22.8,7.3,36.91,,,,,,,,,,,,,,,,,,,,,,,,,,,,,,,,,,,,
2023,4,18,18,0,23.6,7.9,36.65,,,,,,,,,,,,,,,,,,,,,,,,,,,,,,,,,,,,
2023,4,18,19,0,23.8,8.6,37.93,,,,,,,,,,,,,,,,,,,,,,,,,,,,,,,,,,,,
2023,4,18,20,0,23.5,9.6,41.25,,,,,,,,,,,,,,,,,,,,,,,,,,,,,,,,,,,,
2023,4,18,21,0,23.4,11.1,45.81,,,,,,,,,,,,,,,,,,,,,,,,,,,,,,,,,,,,
2023,4,18,22,0,22.8,10.7,46.28,,,,,,,,,,,,,,,,,,,,,,,,,,,,,,,,,,,,
2023,4,18,23,0,18.6,13.8,73.54,,,,,,,,,,,,,,,,,,,,,,,,,,,,,,,,,,,,
2023,4,19,0,0,15.6,11,74.02,,,,,,,,,,,,,,,,,,,,,,,,,,,,,,,,,,,,
2023,4,19,1,0,14.6,10.2,74.84,,,,,,,,,,,,,,,,,,,,,,,,,,,,,,,,,,,,
2023,4,19,2,0,13.8,9.6,75.65,,,,,,,,,,,,,,,,,,,,,,,,,,,,,,,,,,,,
2023,4,19,3,0,13.1,9,76.26,,,,,,,,,,,,,,,,,,,,,,,,,,,,,,,,,,,,
2023,4,19,4,0,12.6,8.4,75.56,,,,,,,,,,,,,,,,,,,,,,,,,,,,,,,,,,,,
2023,4,19,5,0,12.4,7.7,73.05,,,,,,,,,,,,,,,,,,,,,,,,,,,,,,,,,,,,
2023,4,19,6,0,12.3,7,70.24,,,,,,,,,,,,,,,,,,,,,,,,,,,,,,,,,,,,
2023,4,19,7,0,12.3,6.4,67.25,,,,,,,,,,,,,,,,,,,,,,,,,,,,,,,,,,,,
2023,4,19,8,0,12.4,5.8,64.04,,,,,,,,,,,,,,,,,,,,,,,,,,,,,,,,,,,,
2023,4,19,9,0,12.5,5.3,61.42,,,,,,,,,,,,,,,,,,,,,,,,,,,,,,,,,,,,
2023,4,19,10,0,12.1,4.9,61.61,,,,,,,,,,,,,,,,,,,,,,,,,,,,,,,,,,,,
2023,4,19,11,0,12.4,5.5,62.68,,,,,,,,,,,,,,,,,,,,,,,,,,,,,,,,,,,,
2023,4,19,12,0,14.8,10.3,74.57,,,,,,,,,,,,,,,,,,,,,,,,,,,,,,,,,,,,
2023,4,19,13,0,18.1,10.8,62.39,,,,,,,,,,,,,,,,,,,,,,,,,,,,,,,,,,,,
2023,4,19,14,0,20.9,12.7,59.4,,,,,,,,,,,,,,,,,,,,,,,,,,,,,,,,,,,,
2023,4,19,15,0,24.1,10.5,42.37,,,,,,,,,,,,,,,,,,,,,,,,,,,,,,,,,,,,
2023,4,19,16,0,25,9.3,37.12,,,,,,,,,,,,,,,,,,,,,,,,,,,,,,,,,,,,
2023,4,19,17,0,25.8,10,36.88,,,,,,,,,,,,,,,,,,,,,,,,,,,,,,,,,,,,
2023,4,19,18,0,26.3,10.6,37.37,,,,,,,,,,,,,,,,,,,,,,,,,,,,,,,,,,,,
2023,4,19,19,0,26.3,11.3,39.24,,,,,,,,,,,,,,,,,,,,,,,,,,,,,,,,,,,,
2023,4,19,20,0,26.1,12.4,42.5,,,,,,,,,,,,,,,,,,,,,,,,,,,,,,,,,,,,
2023,4,19,21,0,26.1,13.3,45.05,,,,,,,,,,,,,,,,,,,,,,,,,,,,,,,,,,,,
2023,4,19,22,0,25,11.8,43.59,,,,,,,,,,,,,,,,,,,,,,,,,,,,,,,,,,,,
2023,4,19,23,0,20.4,15.8,74.71,,,,,,,,,,,,,,,,,,,,,,,,,,,,,,,,,,,,
2023,4,20,0,0,16.7,13.4,81.1,,,,,,,,,,,,,,,,,,,,,,,,,,,,,,,,,,,,
2023,4,20,1,0,15.4,12.8,84.25,,,,,,,,,,,,,,,,,,,,,,,,,,,,,,,,,,,,
2023,4,20,2,0,14.6,12.3,85.92,,,,,,,,,,,,,,,,,,,,,,,,,,,,,,,,,,,,
2023,4,20,3,0,14,11.8,86.83,,,,,,,,,,,,,,,,,,,,,,,,,,,,,,,,,,,,
2023,4,20,4,0,13.5,11.5,87.43,,,,,,,,,,,,,,,,,,,,,,,,,,,,,,,,,,,,
2023,4,20,5,0,13,11.1,88.05,,,,,,,,,,,,,,,,,,,,,,,,,,,,,,,,,,,,
2023,4,20,6,0,12.6,10.7,88.11,,,,,,,,,,,,,,,,,,,,,,,,,,,,,,,,,,,,
2023,4,20,7,0,12.3,10.3,87.47,,,,,,,,,,,,,,,,,,,,,,,,,,,,,,,,,,,,
2023,4,20,8,0,12,9.9,87.16,,,,,,,,,,,,,,,,,,,,,,,,,,,,,,,,,,,,
2023,4,20,9,0,11.7,9.6,86.96,,,,,,,,,,,,,,,,,,,,,,,,,,,,,,,,,,,,
2023,4,20,10,0,11.6,9.2,85.44,,,,,,,,,,,,,,,,,,,,,,,,,,,,,,,,,,,,
2023,4,20,11,0,12.1,9.7,85.41,,,,,,,,,,,,,,,,,,,,,,,,,,,,,,,,,,,,
2023,4,20,12,0,15.3,12.1,81.44,,,,,,,,,,,,,,,,,,,,,,,,,,,,,,,,,,,,
2023,4,20,13,0,17.5,12.3,71.4,,,,,,,,,,,,,,,,,,,,,,,,,,,,,,,,,,,,
2023,4,20,14,0,21,13.3,61.62,,,,,,,,,,,,,,,,,,,,,,,,,,,,,,,,,,,,
2023,4,20,15,0,23.6,12.4,49.55,,,,,,,,,,,,,,,,,,,,,,,,,,,,,,,,,,,,
2023,4,20,16,0,24.8,12.5,46.42,,,,,,,,,,,,,,,,,,,,,,,,,,,,,,,,,,,,
2023,4,20,17,0,25.4,12.8,45.47,,,,,,,,,,,,,,,,,,,,,,,,,,,,,,,,,,,,
2023,4,20,18,0,25.8,13.1,45.46,,,,,,,,,,,,,,,,,,,,,,,,,,,,,,,,,,,,
2023,4,20,19,0,25.8,13.6,46.99,,,,,,,,,,,,,,,,,,,,,,,,,,,,,,,,,,,,
2023,4,20,20,0,25.6,14.3,49.57,,,,,,,,,,,,,,,,,,,,,,,,,,,,,,,,,,,,
2023,4,20,21,0,24.9,15.2,54.73,,,,,,,,,,,,,,,,,,,,,,,,,,,,,,,,,,,,
2023,4,20,22,0,23.5,16.7,65.58,,,,,,,,,,,,,,,,,,,,,,,,,,,,,,,,,,,,
2023,4,20,23,0,20.4,17.6,84.09,,,,,,,,,,,,,,,,,,,,,,,,,,,,,,,,,,,,
2023,4,21,0,0,17.4,15.4,87.89,,,,,,,,,,,,,,,,,,,,,,,,,,,,,,,,,,,,
2023,4,21,1,0,16.6,14.5,87.6,,,,,,,,,,,,,,,,,,,,,,,,,,,,,,,,,,,,
2023,4,21,2,0,15.9,13.9,87.7,,,,,,,,,,,,,,,,,,,,,,,,,,,,,,,,,,,,
2023,4,21,3,0,15.1,13.4,89.45,,,,,,,,,,,,,,,,,,,,,,,,,,,,,,,,,,,,
2023,4,21,4,0,14.4,13.1,91.76,,,,,,,,,,,,,,,,,,,,,,,,,,,,,,,,,,,,
2023,4,21,5,0,14.1,12.9,92.4,,,,,,,,,,,,,,,,,,,,,,,,,,,,,,,,,,,,
2023,4,21,6,0,14,12.8,92.63,,,,,,,,,,,,,,,,,,,,,,,,,,,,,,,,,,,,
2023,4,21,7,0,13.5,12.9,95.93,,,,,,,,,,,,,,,,,,,,,,,,,,,,,,,,,,,,
2023,4,21,8,0,12.8,12.8,100,,,,,,,,,,,,,,,,,,,,,,,,,,,,,,,,,,,,
2023,4,21,9,0,12.3,12.3,100,,,,,,,,,,,,,,,,,,,,,,,,,,,,,,,,,,,,
2023,4,21,10,0,11.8,11.8,100,,,,,,,,,,,,,,,,,,,,,,,,,,,,,,,,,,,,
2023,4,21,11,0,12.4,12.4,100,,,,,,,,,,,,,,,,,,,,,,,,,,,,,,,,,,,,
2023,4,21,12,0,15.2,14.2,93.77,,,,,,,,,,,,,,,,,,,,,,,,,,,,,,,,,,,,
2023,4,21,13,0,17.8,15.1,84.08,,,,,,,,,,,,,,,,,,,,,,,,,,,,,,,,,,,,
2023,4,21,14,0,20.2,14.5,69.82,,,,,,,,,,,,,,,,,,,,,,,,,,,,,,,,,,,,
2023,4,21,15,0,21.9,13.6,59.3,,,,,,,,,,,,,,,,,,,,,,,,,,,,,,,,,,,,
2023,4,21,16,0,23.1,12.9,52.67,,,,,,,,,,,,,,,,,,,,,,,,,,,,,,,,,,,,
2023,4,21,17,0,24,12.9,49.83,,,,,,,,,,,,,,,,,,,,,,,,,,,,,,,,,,,,
2023,4,21,18,0,24.4,13.2,49.7,,,,,,,,,,,,,,,,,,,,,,,,,,,,,,,,,,,,
2023,4,21,19,0,24.2,13.7,51.84,,,,,,,,,,,,,,,,,,,,,,,,,,,,,,,,,,,,
2023,4,21,20,0,23.2,14.6,58.56,,,,,,,,,,,,,,,,,,,,,,,,,,,,,,,,,,,,
2023,4,21,21,0,21.9,16,69.39,,,,,,,,,,,,,,,,,,,,,,,,,,,,,,,,,,,,
2023,4,21,22,0,20.3,17.4,83.35,,,,,,,,,,,,,,,,,,,,,,,,,,,,,,,,,,,,
2023,4,21,23,0,18.6,16.8,89.31,,,,,,,,,,,,,,,,,,,,,,,,,,,,,,,,,,,,
2023,4,22,0,0,17.4,15.8,90.46,,,,,,,,,,,,,,,,,,,,,,,,,,,,,,,,,,,,
2023,4,22,1,0,17,15.4,90.25,,,,,,,,,,,,,,,,,,,,,,,,,,,,,,,,,,,,
2023,4,22,2,0,16.8,15,89.26,,,,,,,,,,,,,,,,,,,,,,,,,,,,,,,,,,,,
2023,4,22,3,0,16.4,14.8,90.08,,,,,,,,,,,,,,,,,,,,,,,,,,,,,,,,,,,,
2023,4,22,4,0,15.9,14.9,93.7,,,,,,,,,,,,,,,,,,,,,,,,,,,,,,,,,,,,
2023,4,22,5,0,16,15.1,94.38,,,,,,,,,,,,,,,,,,,,,,,,,,,,,,,,,,,,
2023,4,22,6,0,16.1,15.5,96.24,,,,,,,,,,,,,,,,,,,,,,,,,,,,,,,,,,,,
2023,4,22,7,0,16.2,16,98.59,,,,,,,,,,,,,,,,,,,,,,,,,,,,,,,,,,,,
2023,4,22,8,0,15.7,15.7,100,,,,,,,,,,,,,,,,,,,,,,,,,,,,,,,,,,,,
2023,4,22,9,0,15.1,15.1,100,,,,,,,,,,,,,,,,,,,,,,,,,,,,,,,,,,,,
2023,4,22,10,0,13.8,13.8,100,,,,,,,,,,,,,,,,,,,,,,,,,,,,,,,,,,,,
2023,4,22,11,0,13.1,12.9,98.72,,,,,,,,,,,,,,,,,,,,,,,,,,,,,,,,,,,,
2023,4,22,12,0,12.8,11.9,94.56,,,,,,,,,,,,,,,,,,,,,,,,,,,,,,,,,,,,
2023,4,22,13,0,13.7,10.9,83.17,,,,,,,,,,,,,,,,,,,,,,,,,,,,,,,,,,,,
2023,4,22,14,0,15.6,9.5,66.88,,,,,,,,,,,,,,,,,,,,,,,,,,,,,,,,,,,,
2023,4,22,15,0,17.3,8.4,55.77,,,,,,,,,,,,,,,,,,,,,,,,,,,,,,,,,,,,
2023,4,22,16,0,18.4,7.8,49.89,,,,,,,,,,,,,,,,,,,,,,,,,,,,,,,,,,,,
2023,4,22,17,0,19.1,7,45.41,,,,,,,,,,,,,,,,,,,,,,,,,,,,,,,,,,,,
2023,4,22,18,0,19.5,6.5,42.65,,,,,,,,,,,,,,,,,,,,,,,,,,,,,,,,,,,,
2023,4,22,19,0,19.5,6.2,41.81,,,,,,,,,,,,,,,,,,,,,,,,,,,,,,,,,,,,
2023,4,22,20,0,19.1,6.1,42.49,,,,,,,,,,,,,,,,,,,,,,,,,,,,,,,,,,,,
2023,4,22,21,0,18.5,6.3,44.8,,,,,,,,,,,,,,,,,,,,,,,,,,,,,,,,,,,,
2023,4,22,22,0,17.3,7.6,52.83,,,,,,,,,,,,,,,,,,,,,,,,,,,,,,,,,,,,
2023,4,22,23,0,14.8,10,73.11,,,,,,,,,,,,,,,,,,,,,,,,,,,,,,,,,,,,
2023,4,23,0,0,11.5,9.2,85.6,,,,,,,,,,,,,,,,,,,,,,,,,,,,,,,,,,,,
2023,4,23,1,0,10.6,8.6,87.52,,,,,,,,,,,,,,,,,,,,,,,,,,,,,,,,,,,,
2023,4,23,2,0,10,8.1,88.27,,,,,,,,,,,,,,,,,,,,,,,,,,,,,,,,,,,,
2023,4,23,3,0,9.5,7.7,88.76,,,,,,,,,,,,,,,,,,,,,,,,,,,,,,,,,,,,
2023,4,23,4,0,8.9,7.4,90.56,,,,,,,,,,,,,,,,,,,,,,,,,,,,,,,,,,,,
2023,4,23,5,0,8.7,7.4,91.6,,,,,,,,,,,,,,,,,,,,,,,,,,,,,,,,,,,,
2023,4,23,6,0,8.2,7.2,93.27,,,,,,,,,,,,,,,,,,,,,,,,,,,,,,,,,,,,
2023,4,23,7,0,7.7,7,95.2,,,,,,,,,,,,,,,,,,,,,,,,,,,,,,,,,,,,
2023,4,23,8,0,7.4,6.8,96.18,,,,,,,,,,,,,,,,,,,,,,,,,,,,,,,,,,,,
2023,4,23,9,0,7.2,6.8,97.23,,,,,,,,,,,,,,,,,,,,,,,,,,,,,,,,,,,,
2023,4,23,10,0,7,6.7,98.11,,,,,,,,,,,,,,,,,,,,,,,,,,,,,,,,,,,,
2023,4,23,11,0,7.8,7.1,95.39,,,,,,,,,,,,,,,,,,,,,,,,,,,,,,,,,,,,
2023,4,23,12,0,9.8,7.9,88.08,,,,,,,,,,,,,,,,,,,,,,,,,,,,,,,,,,,,
2023,4,23,13,0,12.1,8.4,78.03,,,,,,,,,,,,,,,,,,,,,,,,,,,,,,,,,,,,
2023,4,23,14,0,15.2,7.5,60.15,,,,,,,,,,,,,,,,,,,,,,,,,,,,,,,,,,,,
2023,4,23,15,0,17.1,6.7,50.33,,,,,,,,,,,,,,,,,,,,,,,,,,,,,,,,,,,,
2023,4,23,16,0,18.2,6.8,47.3,,,,,,,,,,,,,,,,,,,,,,,,,,,,,,,,,,,,
2023,4,23,17,0,19.1,7.2,46.02,,,,,,,,,,,,,,,,,,,,,,,,,,,,,,,,,,,,
2023,4,23,18,0,19.6,7.7,46.04,,,,,,,,,,,,,,,,,,,,,,,,,,,,,,,,,,,,
2023,4,23,19,0,19.7,8.1,46.96,,,,,,,,,,,,,,,,,,,,,,,,,,,,,,,,,,,,
2023,4,23,20,0,18.9,8.3,50.04,,,,,,,,,,,,,,,,,,,,,,,,,,,,,,,,,,,,
2023,4,23,21,0,18.2,8.8,54.07,,,,,,,,,,,,,,,,,,,,,,,,,,,,,,,,,,,,
2023,4,23,22,0,16.7,9.9,64.37,,,,,,,,,,,,,,,,,,,,,,,,,,,,,,,,,,,,
2023,4,23,23,0,14.6,10.9,78.74,,,,,,,,,,,,,,,,,,,,,,,,,,,,,,,,,,,,
2023,4,24,0,0,13.1,10.3,82.88,,,,,,,,,,,,,,,,,,,,,,,,,,,,,,,,,,,,
2023,4,24,1,0,12.4,9.8,84.03,,,,,,,,,,,,,,,,,,,,,,,,,,,,,,,,,,,,
2023,4,24,2,0,11.8,9.4,85.31,,,,,,,,,,,,,,,,,,,,,,,,,,,,,,,,,,,,
2023,4,24,3,0,11.2,8.9,86.01,,,,,,,,,,,,,,,,,,,,,,,,,,,,,,,,,,,,
2023,4,24,4,0,10.6,8.5,86.76,,,,,,,,,,,,,,,,,,,,,,,,,,,,,,,,,,,,
2023,4,24,5,0,9.9,8,88.23,,,,,,,,,,,,,,,,,,,,,,,,,,,,,,,,,,,,
2023,4,24,6,0,9.1,7.6,90.31,,,,,,,,,,,,,,,,,,,,,,,,,,,,,,,,,,,,
2023,4,24,7,0,8.5,7.2,91.5,,,,,,,,,,,,,,,,,,,,,,,,,,,,,,,,,,,,
2023,4,24,8,0,8.1,6.9,92.01,,,,,,,,,,,,,,,,,,,,,,,,,,,,,,,,,,,,
2023,4,24,9,0,7.8,6.4,90.93,,,,,,,,,,,,,,,,,,,,,,,,,,,,,,,,,,,,
2023,4,24,10,0,7.2,5.9,91.13,,,,,,,,,,,,,,,,,,,,,,,,,,,,,,,,,,,,
2023,4,24,11,0,7.1,5.4,89.23,,,,,,,,,,,,,,,,,,,,,,,,,,,,,,,,,,,,
2023,4,24,12,0,8.8,5,77.11,,,,,,,,,,,,,,,,,,,,,,,,,,,,,,,,,,,,
2023,4,24,13,0,11,4,61.97,,,,,,,,,,,,,,,,,,,,,,,,,,,,,,,,,,,,
2023,4,24,14,0,13,3.5,52.51,,,,,,,,,,,,,,,,,,,,,,,,,,,,,,,,,,,,
2023,4,24,15,0,14.8,3.6,46.9,,,,,,,,,,,,,,,,,,,,,,,,,,,,,,,,,,,,
2023,4,24,16,0,16.3,4,43.82,,,,,,,,,,,,,,,,,,,,,,,,,,,,,,,,,,,,
2023,4,24,17,0,17.4,4.5,42.4,,,,,,,,,,,,,,,,,,,,,,,,,,,,,,,,,,,,
2023,4,24,18,0,18,5,42.22,,,,,,,,,,,,,,,,,,,,,,,,,,,,,,,,,,,,
2023,4,24,19,0,18.2,5.3,42.64,,,,,,,,,,,,,,,,,,,,,,,,,,,,,,,,,,,,
2023,4,24,20,0,18.2,5.5,43.36,,,,,,,,,,,,,,,,,,,,,,,,,,,,,,,,,,,,
2023,4,24,21,0,17.6,5.7,45.66,,,,,,,,,,,,,,,,,,,,,,,,,,,,,,,,,,,,
2023,4,24,22,0,16.5,6.9,53.19,,,,,,,,,,,,,,,,,,,,,,,,,,,,,,,,,,,,
2023,4,24,23,0,13.8,9.6,75.76,,,,,,,,,,,,,,,,,,,,,,,,,,,,,,,,,,,,
2023,4,25,0,0,10.5,7.9,83.99,,,,,,,,,,,,,,,,,,,,,,,,,,,,,,,,,,,,
2023,4,25,1,0,9.6,6.7,82.15,,,,,,,,,,,,,,,,,,,,,,,,,,,,,,,,,,,,
2023,4,25,2,0,8.7,5.8,82.17,,,,,,,,,,,,,,,,,,,,,,,,,,,,,,,,,,,,
2023,4,25,3,0,7.8,5.3,84.17,,,,,,,,,,,,,,,,,,,,,,,,,,,,,,,,,,,,
2023,4,25,4,0,7.1,4.8,85.44,,,,,,,,,,,,,,,,,,,,,,,,,,,,,,,,,,,,
2023,4,25,5,0,6.4,4.4,87.23,,,,,,,,,,,,,,,,,,,,,,,,,,,,,,,,,,,,
2023,4,25,6,0,5.8,4.1,88.78,,,,,,,,,,,,,,,,,,,,,,,,,,,,,,,,,,,,
2023,4,25,7,0,5.4,4,90.79,,,,,,,,,,,,,,,,,,,,,,,,,,,,,,,,,,,,
2023,4,25,8,0,5.5,4.3,91.87,,,,,,,,,,,,,,,,,,,,,,,,,,,,,,,,,,,,
2023,4,25,9,0,5.4,4.5,93.62,,,,,,,,,,,,,,,,,,,,,,,,,,,,,,,,,,,,
2023,4,25,10,0,5,4.3,95.19,,,,,,,,,,,,,,,,,,,,,,,,,,,,,,,,,,,,
2023,4,25,11,0,5.3,4.4,93.88,,,,,,,,,,,,,,,,,,,,,,,,,,,,,,,,,,,,
2023,4,25,12,0,7.5,5.6,87.54,,,,,,,,,,,,,,,,,,,,,,,,,,,,,,,,,,,,
2023,4,25,13,0,11.1,7.7,79.54,,,,,,,,,,,,,,,,,,,,,,,,,,,,,,,,,,,,
2023,4,25,14,0,14.4,9,70.1,,,,,,,,,,,,,,,,,,,,,,,,,,,,,,,,,,,,
2023,4,25,15,0,17.4,7.9,53.76,,,,,,,,,,,,,,,,,,,,,,,,,,,,,,,,,,,,
2023,4,25,16,0,19.5,8.1,47.63,,,,,,,,,,,,,,,,,,,,,,,,,,,,,,,,,,,,
2023,4,25,17,0,20.5,8.5,46.09,,,,,,,,,,,,,,,,,,,,,,,,,,,,,,,,,,,,
2023,4,25,18,0,20.8,8.9,46.41,,,,,,,,,,,,,,,,,,,,,,,,,,,,,,,,,,,,
2023,4,25,19,0,21.3,9.3,46.23,,,,,,,,,,,,,,,,,,,,,,,,,,,,,,,,,,,,
2023,4,25,20,0,21.4,9.6,46.9,,,,,,,,,,,,,,,,,,,,,,,,,,,,,,,,,,,,
2023,4,25,21,0,21,10.1,49.8,,,,,,,,,,,,,,,,,,,,,,,,,,,,,,,,,,,,
2023,4,25,22,0,21.1,11.6,54.54,,,,,,,,,,,,,,,,,,,,,,,,,,,,,,,,,,,,
2023,4,25,23,0,18.4,13.5,72.89,,,,,,,,,,,,,,,,,,,,,,,,,,,,,,,,,,,,
2023,4,26,0,0,15.1,12.4,83.7,,,,,,,,,,,,,,,,,,,,,,,,,,,,,,,,,,,,
2023,4,26,1,0,13.8,12,88.76,,,,,,,,,,,,,,,,,,,,,,,,,,,,,,,,,,,,
2023,4,26,2,0,12.5,11.7,94.82,,,,,,,,,,,,,,,,,,,,,,,,,,,,,,,,,,,,
2023,4,26,3,0,11.7,11.2,97.04,,,,,,,,,,,,,,,,,,,,,,,,,,,,,,,,,,,,
2023,4,26,4,0,11.2,10.9,97.81,,,,,,,,,,,,,,,,,,,,,,,,,,,,,,,,,,,,
2023,4,26,5,0,11,10.6,97.48,,,,,,,,,,,,,,,,,,,,,,,,,,,,,,,,,,,,
2023,4,26,6,0,10.9,10.5,97.63,,,,,,,,,,,,,,,,,,,,,,,,,,,,,,,,,,,,
2023,4,26,7,0,11.1,10.8,97.79,,,,,,,,,,,,,,,,,,,,,,,,,,,,,,,,,,,,
2023,4,26,8,0,11.4,11.2,98.6,,,,,,,,,,,,,,,,,,,,,,,,,,,,,,,,,,,,
2023,4,26,9,0,11.5,11.5,99.85,,,,,,,,,,,,,,,,,,,,,,,,,,,,,,,,,,,,
2023,4,26,10,0,11.5,11.5,100,,,,,,,,,,,,,,,,,,,,,,,,,,,,,,,,,,,,
2023,4,26,11,0,12,11.8,98.67,,,,,,,,,,,,,,,,,,,,,,,,,,,,,,,,,,,,
2023,4,26,12,0,12.7,12.3,97.13,,,,,,,,,,,,,,,,,,,,,,,,,,,,,,,,,,,,
2023,4,26,13,0,13.9,12.9,93.99,,,,,,,,,,,,,,,,,,,,,,,,,,,,,,,,,,,,
2023,4,26,14,0,15.2,13.6,90.29,,,,,,,,,,,,,,,,,,,,,,,,,,,,,,,,,,,,
2023,4,26,15,0,16.2,14,86.87,,,,,,,,,,,,,,,,,,,,,,,,,,,,,,,,,,,,
2023,4,26,16,0,17.1,14.4,84.23,,,,,,,,,,,,,,,,,,,,,,,,,,,,,,,,,,,,
2023,4,26,17,0,18.2,14.9,80.94,,,,,,,,,,,,,,,,,,,,,,,,,,,,,,,,,,,,
2023,4,26,18,0,19,15.1,78.3,,,,,,,,,,,,,,,,,,,,,,,,,,,,,,,,,,,,
2023,4,26,19,0,19,15.1,78.22,,,,,,,,,,,,,,,,,,,,,,,,,,,,,,,,,,,,
2023,4,26,20,0,18.5,15.2,81.31,,,,,,,,,,,,,,,,,,,,,,,,,,,,,,,,,,,,
2023,4,26,21,0,18.1,15.4,84.43,,,,,,,,,,,,,,,,,,,,,,,,,,,,,,,,,,,,
2023,4,26,22,0,17.4,15.6,89.19,,,,,,,,,,,,,,,,,,,,,,,,,,,,,,,,,,,,
2023,4,26,23,0,16,15.4,96.1,,,,,,,,,,,,,,,,,,,,,,,,,,,,,,,,,,,,
2023,4,27,0,0,14.7,14.6,99.64,,,,,,,,,,,,,,,,,,,,,,,,,,,,,,,,,,,,
2023,4,27,1,0,14.1,14.1,100,,,,,,,,,,,,,,,,,,,,,,,,,,,,,,,,,,,,
2023,4,27,2,0,13.7,13.7,100,,,,,,,,,,,,,,,,,,,,,,,,,,,,,,,,,,,,
2023,4,27,3,0,13.4,13.4,100,,,,,,,,,,,,,,,,,,,,,,,,,,,,,,,,,,,,
2023,4,27,4,0,13.1,13.1,100,,,,,,,,,,,,,,,,,,,,,,,,,,,,,,,,,,,,
2023,4,27,5,0,12.9,12.9,100,,,,,,,,,,,,,,,,,,,,,,,,,,,,,,,,,,,,
2023,4,27,6,0,12.8,12.8,100,,,,,,,,,,,,,,,,,,,,,,,,,,,,,,,,,,,,
2023,4,27,7,0,12.7,12.7,100,,,,,,,,,,,,,,,,,,,,,,,,,,,,,,,,,,,,
2023,4,27,8,0,12.5,12.5,100,,,,,,,,,,,,,,,,,,,,,,,,,,,,,,,,,,,,
2023,4,27,9,0,12.5,12.5,100,,,,,,,,,,,,,,,,,,,,,,,,,,,,,,,,,,,,
2023,4,27,10,0,12.4,12.4,100,,,,,,,,,,,,,,,,,,,,,,,,,,,,,,,,,,,,
2023,4,27,11,0,12.6,12.6,100,,,,,,,,,,,,,,,,,,,,,,,,,,,,,,,,,,,,
2023,4,27,12,0,13,13,99.93,,,,,,,,,,,,,,,,,,,,,,,,,,,,,,,,,,,,
2023,4,27,13,0,13.6,13.5,99.47,,,,,,,,,,,,,,,,,,,,,,,,,,,,,,,,,,,,
2023,4,27,14,0,14.8,14.5,98.22,,,,,,,,,,,,,,,,,,,,,,,,,,,,,,,,,,,,
2023,4,27,15,0,16.3,15.7,96.05,,,,,,,,,,,,,,,,,,,,,,,,,,,,,,,,,,,,
2023,4,27,16,0,17.9,16.6,92.03,,,,,,,,,,,,,,,,,,,,,,,,,,,,,,,,,,,,
2023,4,27,17,0,19.3,17.3,88.3,,,,,,,,,,,,,,,,,,,,,,,,,,,,,,,,,,,,
2023,4,27,18,0,20,17.9,87.55,,,,,,,,,,,,,,,,,,,,,,,,,,,,,,,,,,,,
2023,4,27,19,0,19.7,18.4,92.04,,,,,,,,,,,,,,,,,,,,,,,,,,,,,,,,,,,,
2023,4,27,20,0,19.2,18.7,96.82,,,,,,,,,,,,,,,,,,,,,,,,,,,,,,,,,,,,
2023,4,27,21,0,18.9,18.8,99.64,,,,,,,,,,,,,,,,,,,,,,,,,,,,,,,,,,,,
2023,4,27,22,0,18.6,18.6,100,,,,,,,,,,,,,,,,,,,,,,,,,,,,,,,,,,,,
2023,4,27,23,0,18,18,100,,,,,,,,,,,,,,,,,,,,,,,,,,,,,,,,,,,,
2023,4,28,0,0,17,17,100,,,,,,,,,,,,,,,,,,,,,,,,,,,,,,,,,,,,
2023,4,28,1,0,16.3,16.3,100,,,,,,,,,,,,,,,,,,,,,,,,,,,,,,,,,,,,
2023,4,28,2,0,16,16,100,,,,,,,,,,,,,,,,,,,,,,,,,,,,,,,,,,,,
2023,4,28,3,0,15.6,15.6,100,,,,,,,,,,,,,,,,,,,,,,,,,,,,,,,,,,,,
2023,4,28,4,0,15.5,15.5,100,,,,,,,,,,,,,,,,,,,,,,,,,,,,,,,,,,,,
2023,4,28,5,0,15.3,15.3,100,,,,,,,,,,,,,,,,,,,,,,,,,,,,,,,,,,,,
2023,4,28,6,0,15,15,100,,,,,,,,,,,,,,,,,,,,,,,,,,,,,,,,,,,,
2023,4,28,7,0,14.8,14.8,100,,,,,,,,,,,,,,,,,,,,,,,,,,,,,,,,,,,,
2023,4,28,8,0,14.6,14.6,100,,,,,,,,,,,,,,,,,,,,,,,,,,,,,,,,,,,,
2023,4,28,9,0,14.2,14.2,100,,,,,,,,,,,,,,,,,,,,,,,,,,,,,,,,,,,,
2023,4,28,10,0,14,14,100,,,,,,,,,,,,,,,,,,,,,,,,,,,,,,,,,,,,
2023,4,28,11,0,14.9,14.9,100,,,,,,,,,,,,,,,,,,,,,,,,,,,,,,,,,,,,
2023,4,28,12,0,16.6,16.6,100,,,,,,,,,,,,,,,,,,,,,,,,,,,,,,,,,,,,
2023,4,28,13,0,18.3,17.9,97.32,,,,,,,,,,,,,,,,,,,,,,,,,,,,,,,,,,,,
2023,4,28,14,0,20.1,17.9,87.26,,,,,,,,,,,,,,,,,,,,,,,,,,,,,,,,,,,,
2023,4,28,15,0,22.1,17.2,73.89,,,,,,,,,,,,,,,,,,,,,,,,,,,,,,,,,,,,
2023,4,28,16,0,23.3,16.8,66.89,,,,,,,,,,,,,,,,,,,,,,,,,,,,,,,,,,,,
2023,4,28,17,0,24,16.4,62.37,,,,,,,,,,,,,,,,,,,,,,,,,,,,,,,,,,,,
2023,4,28,18,0,24.2,15.8,59.6,,,,,,,,,,,,,,,,,,,,,,,,,,,,,,,,,,,,
2023,4,28,19,0,24,15.4,58.56,,,,,,,,,,,,,,,,,,,,,,,,,,,,,,,,,,,,
2023,4,28,20,0,23.7,15.1,58.46,,,,,,,,,,,,,,,,,,,,,,,,,,,,,,,,,,,,
2023,4,28,21,0,23.1,15.1,60.74,,,,,,,,,,,,,,,,,,,,,,,,,,,,,,,,,,,,
2023,4,28,22,0,22,15.8,68.09,,,,,,,,,,,,,,,,,,,,,,,,,,,,,,,,,,,,
2023,4,28,23,0,20,16.8,82.01,,,,,,,,,,,,,,,,,,,,,,,,,,,,,,,,,,,,
2023,4,29,0,0,17.3,16,92.02,,,,,,,,,,,,,,,,,,,,,,,,,,,,,,,,,,,,
2023,4,29,1,0,16.5,15.6,94.45,,,,,,,,,,,,,,,,,,,,,,,,,,,,,,,,,,,,
2023,4,29,2,0,15.6,15.3,97.95,,,,,,,,,,,,,,,,,,,,,,,,,,,,,,,,,,,,
2023,4,29,3,0,14.8,14.8,100,,,,,,,,,,,,,,,,,,,,,,,,,,,,,,,,,,,,
2023,4,29,4,0,13.9,13.9,100,,,,,,,,,,,,,,,,,,,,,,,,,,,,,,,,,,,,
2023,4,29,5,0,13.4,13.4,100,,,,,,,,,,,,,,,,,,,,,,,,,,,,,,,,,,,,
2023,4,29,6,0,13.1,13.1,100,,,,,,,,,,,,,,,,,,,,,,,,,,,,,,,,,,,,
2023,4,29,7,0,12.6,12.6,100,,,,,,,,,,,,,,,,,,,,,,,,,,,,,,,,,,,,
2023,4,29,8,0,11.9,11.9,100,,,,,,,,,,,,,,,,,,,,,,,,,,,,,,,,,,,,
2023,4,29,9,0,11.5,11.5,100,,,,,,,,,,,,,,,,,,,,,,,,,,,,,,,,,,,,
2023,4,29,10,0,11.2,11.2,100,,,,,,,,,,,,,,,,,,,,,,,,,,,,,,,,,,,,
2023,4,29,11,0,12.4,12.4,100,,,,,,,,,,,,,,,,,,,,,,,,,,,,,,,,,,,,
2023,4,29,12,0,15.2,14,92.66,,,,,,,,,,,,,,,,,,,,,,,,,,,,,,,,,,,,
2023,4,29,13,0,18.4,14.8,79.73,,,,,,,,,,,,,,,,,,,,,,,,,,,,,,,,,,,,
2023,4,29,14,0,21,14.6,66.78,,,,,,,,,,,,,,,,,,,,,,,,,,,,,,,,,,,,
2023,4,29,15,0,22.4,14.9,62.67,,,,,,,,,,,,,,,,,,,,,,,,,,,,,,,,,,,,
2023,4,29,16,0,23.5,15.3,59.98,,,,,,,,,,,,,,,,,,,,,,,,,,,,,,,,,,,,
2023,4,29,17,0,24.4,15.6,57.86,,,,,,,,,,,,,,,,,,,,,,,,,,,,,,,,,,,,
2023,4,29,18,0,24.4,15.6,58.13,,,,,,,,,,,,,,,,,,,,,,,,,,,,,,,,,,,,
2023,4,29,19,0,24.4,15.9,58.98,,,,,,,,,,,,,,,,,,,,,,,,,,,,,,,,,,,,
2023,4,29,20,0,23.4,16.6,65.77,,,,,,,,,,,,,,,,,,,,,,,,,,,,,,,,,,,,
2023,4,29,21,0,22.2,18,77.08,,,,,,,,,,,,,,,,,,,,,,,,,,,,,,,,,,,,
2023,4,29,22,0,21.1,18.3,84.05,,,,,,,,,,,,,,,,,,,,,,,,,,,,,,,,,,,,
2023,4,29,23,0,20,18.7,92.22,,,,,,,,,,,,,,,,,,,,,,,,,,,,,,,,,,,,
2023,4,30,0,0,18.4,16.8,90.42,,,,,,,,,,,,,,,,,,,,,,,,,,,,,,,,,,,,
2023,4,30,1,0,17.7,16.3,91.3,,,,,,,,,,,,,,,,,,,,,,,,,,,,,,,,,,,,
2023,4,30,2,0,17.5,15.9,90.49,,,,,,,,,,,,,,,,,,,,,,,,,,,,,,,,,,,,
2023,4,30,3,0,17.2,15.8,91.34,,,,,,,,,,,,,,,,,,,,,,,,,,,,,,,,,,,,
2023,4,30,4,0,16.9,15.7,92.39,,,,,,,,,,,,,,,,,,,,,,,,,,,,,,,,,,,,
2023,4,30,5,0,15.8,15.3,96.7,,,,,,,,,,,,,,,,,,,,,,,,,,,,,,,,,,,,
2023,4,30,6,0,14.8,14.8,100,,,,,,,,,,,,,,,,,,,,,,,,,,,,,,,,,,,,
2023,4,30,7,0,14.7,14.7,100,,,,,,,,,,,,,,,,,,,,,,,,,,,,,,,,,,,,
2023,4,30,8,0,14.6,14.6,100,,,,,,,,,,,,,,,,,,,,,,,,,,,,,,,,,,,,
2023,4,30,9,0,14.3,14.3,100,,,,,,,,,,,,,,,,,,,,,,,,,,,,,,,,,,,,
2023,4,30,10,0,14.1,14.1,100,,,,,,,,,,,,,,,,,,,,,,,,,,,,,,,,,,,,
2023,4,30,11,0,14.1,14.1,100,,,,,,,,,,,,,,,,,,,,,,,,,,,,,,,,,,,,
2023,4,30,12,0,14.4,14.4,100,,,,,,,,,,,,,,,,,,,,,,,,,,,,,,,,,,,,
2023,4,30,13,0,15,14.9,99.36,,,,,,,,,,,,,,,,,,,,,,,,,,,,,,,,,,,,
2023,4,30,14,0,16.3,15.2,93.25,,,,,,,,,,,,,,,,,,,,,,,,,,,,,,,,,,,,
2023,4,30,15,0,18.1,14.4,78.99,,,,,,,,,,,,,,,,,,,,,,,,,,,,,,,,,,,,
2023,4,30,16,0,19.6,13.1,66.16,,,,,,,,,,,,,,,,,,,,,,,,,,,,,,,,,,,,
2023,4,30,17,0,20.4,12,58.71,,,,,,,,,,,,,,,,,,,,,,,,,,,,,,,,,,,,
2023,4,30,18,0,20.7,11.4,55.3,,,,,,,,,,,,,,,,,,,,,,,,,,,,,,,,,,,,
2023,4,30,19,0,20.5,10.8,53.59,,,,,,,,,,,,,,,,,,,,,,,,,,,,,,,,,,,,
2023,4,30,20,0,19.7,9.8,52.88,,,,,,,,,,,,,,,,,,,,,,,,,,,,,,,,,,,,
2023,4,30,21,0,18.5,8.7,52.99,,,,,,,,,,,,,,,,,,,,,,,,,,,,,,,,,,,,
2023,4,30,22,0,17,7.7,54.44,,,,,,,,,,,,,,,,,,,,,,,,,,,,,,,,,,,,
2023,4,30,23,0,15,7.2,59.58,,,,,,,,,,,,,,,,,,,,,,,,,,,,,,,,,,,,
2023,5,1,0,0,12.6,7.3,69.91,,,,,,,,,,,,,,,,,,,,,,,,,,,,,,,,,,,,
2023,5,1,1,0,11.2,7.5,77.99,,,,,,,,,,,,,,,,,,,,,,,,,,,,,,,,,,,,
2023,5,1,2,0,10.6,7.7,82.14,,,,,,,,,,,,,,,,,,,,,,,,,,,,,,,,,,,,
2023,5,1,3,0,10.4,8,84.85,,,,,,,,,,,,,,,,,,,,,,,,,,,,,,,,,,,,
2023,5,1,4,0,9.7,8.2,90.07,,,,,,,,,,,,,,,,,,,,,,,,,,,,,,,,,,,,
2023,5,1,5,0,9,8.2,94.81,,,,,,,,,,,,,,,,,,,,,,,,,,,,,,,,,,,,
2023,5,1,6,0,8.2,8.2,99.73,,,,,,,,,,,,,,,,,,,,,,,,,,,,,,,,,,,,
2023,5,1,7,0,7.6,7.6,100,,,,,,,,,,,,,,,,,,,,,,,,,,,,,,,,,,,,
2023,5,1,8,0,7.1,7.1,100,,,,,,,,,,,,,,,,,,,,,,,,,,,,,,,,,,,,
2023,5,1,9,0,6.8,6.8,100,,,,,,,,,,,,,,,,,,,,,,,,,,,,,,,,,,,,
2023,5,1,10,0,6.5,6.5,100,,,,,,,,,,,,,,,,,,,,,,,,,,,,,,,,,,,,
2023,5,1,11,0,7.8,7.6,98.73,,,,,,,,,,,,,,,,,,,,,,,,,,,,,,,,,,,,
2023,5,1,12,0,10.5,7.8,83.54,,,,,,,,,,,,,,,,,,,,,,,,,,,,,,,,,,,,
2023,5,1,13,0,13.1,6.1,62.57,,,,,,,,,,,,,,,,,,,,,,,,,,,,,,,,,,,,
2023,5,1,14,0,14.5,4.4,50.76,,,,,,,,,,,,,,,,,,,,,,,,,,,,,,,,,,,,
2023,5,1,15,0,15.5,4.1,46.68,,,,,,,,,,,,,,,,,,,,,,,,,,,,,,,,,,,,
2023,5,1,16,0,16.4,4.5,45.28,,,,,,,,,,,,,,,,,,,,,,,,,,,,,,,,,,,,
2023,5,1,17,0,17.2,4.7,43.63,,,,,,,,,,,,,,,,,,,,,,,,,,,,,,,,,,,,
2023,5,1,18,0,17.7,4.9,42.74,,,,,,,,,,,,,,,,,,,,,,,,,,,,,,,,,,,,
2023,5,1,19,0,17.9,5.1,42.86,,,,,,,,,,,,,,,,,,,,,,,,,,,,,,,,,,,,
2023,5,1,20,0,17.8,5.4,44.05,,,,,,,,,,,,,,,,,,,,,,,,,,,,,,,,,,,,
2023,5,1,21,0,17.3,5.6,46.07,,,,,,,,,,,,,,,,,,,,,,,,,,,,,,,,,,,,
2023,5,1,22,0,16.3,6,50.37,,,,,,,,,,,,,,,,,,,,,,,,,,,,,,,,,,,,
2023,5,1,23,0,14.5,6.9,60.45,,,,,,,,,,,,,,,,,,,,,,,,,,,,,,,,,,,,
2023,5,2,0,0,11.9,7.1,72.25,,,,,,,,,,,,,,,,,,,,,,,,,,,,,,,,,,,,
2023,5,2,1,0,10.7,6.9,77.46,,,,,,,,,,,,,,,,,,,,,,,,,,,,,,,,,,,,
2023,5,2,2,0,9.8,6.8,81.84,,,,,,,,,,,,,,,,,,,,,,,,,,,,,,,,,,,,
2023,5,2,3,0,9.1,6.7,85.03,,,,,,,,,,,,,,,,,,,,,,,,,,,,,,,,,,,,
2023,5,2,4,0,8.6,6.6,87.12,,,,,,,,,,,,,,,,,,,,,,,,,,,,,,,,,,,,
2023,5,2,5,0,8.1,6.4,89.28,,,,,,,,,,,,,,,,,,,,,,,,,,,,,,,,,,,,
2023,5,2,6,0,7.8,6.3,90.15,,,,,,,,,,,,,,,,,,,,,,,,,,,,,,,,,,,,
2023,5,2,7,0,7.4,6.2,91.78,,,,,,,,,,,,,,,,,,,,,,,,,,,,,,,,,,,,
2023,5,2,8,0,7,6,93.44,,,,,,,,,,,,,,,,,,,,,,,,,,,,,,,,,,,,
2023,5,2,9,0,6.6,5.9,95.23,,,,,,,,,,,,,,,,,,,,,,,,,,,,,,,,,,,,
2023,5,2,10,0,6.3,5.7,95.81,,,,,,,,,,,,,,,,,,,,,,,,,,,,,,,,,,,,
2023,5,2,11,0,7.1,6,92.66,,,,,,,,,,,,,,,,,,,,,,,,,,,,,,,,,,,,
2023,5,2,12,0,9.6,6.9,83.19,,,,,,,,,,,,,,,,,,,,,,,,,,,,,,,,,,,,
2023,5,2,13,0,12.8,7.4,69.73,,,,,,,,,,,,,,,,,,,,,,,,,,,,,,,,,,,,
2023,5,2,14,0,15.6,6.5,54.7,,,,,,,,,,,,,,,,,,,,,,,,,,,,,,,,,,,,
2023,5,2,15,0,17.3,5.6,46.18,,,,,,,,,,,,,,,,,,,,,,,,,,,,,,,,,,,,
2023,5,2,16,0,18.4,5.5,42.65,,,,,,,,,,,,,,,,,,,,,,,,,,,,,,,,,,,,
2023,5,2,17,0,19.2,5.8,41.52,,,,,,,,,,,,,,,,,,,,,,,,,,,,,,,,,,,,
2023,5,2,18,0,19.7,6.2,41.47,,,,,,,,,,,,,,,,,,,,,,,,,,,,,,,,,,,,
2023,5,2,19,0,19.8,6.5,42.07,,,,,,,,,,,,,,,,,,,,,,,,,,,,,,,,,,,,
2023,5,2,20,0,19.5,6.7,43.28,,,,,,,,,,,,,,,,,,,,,,,,,,,,,,,,,,,,
2023,5,2,21,0,18.8,6.7,45.39,,,,,,,,,,,,,,,,,,,,,,,,,,,,,,,,,,,,
2023,5,2,22,0,17.7,7.1,49.97,,,,,,,,,,,,,,,,,,,,,,,,,,,,,,,,,,,,
2023,5,2,23,0,15.6,8,60.51,,,,,,,,,,,,,,,,,,,,,,,,,,,,,,,,,,,,
2023,5,3,0,0,12.8,7.9,72.27,,,,,,,,,,,,,,,,,,,,,,,,,,,,,,,,,,,,
2023,5,3,1,0,11.4,7.7,77.92,,,,,,,,,,,,,,,,,,,,,,,,,,,,,,,,,,,,
2023,5,3,2,0,10.3,7.4,82.28,,,,,,,,,,,,,,,,,,,,,,,,,,,,,,,,,,,,
2023,5,3,3,0,9.3,7.1,86.03,,,,,,,,,,,,,,,,,,,,,,,,,,,,,,,,,,,,
2023,5,3,4,0,8.6,6.8,88.19,,,,,,,,,,,,,,,,,,,,,,,,,,,,,,,,,,,,
2023,5,3,5,0,7.7,6.4,91.8,,,,,,,,,,,,,,,,,,,,,,,,,,,,,,,,,,,,
2023,5,3,6,0,6.9,6.1,94.89,,,,,,,,,,,,,,,,,,,,,,,,,,,,,,,,,,,,
2023,5,3,7,0,6.4,5.9,96.3,,,,,,,,,,,,,,,,,,,,,,,,,,,,,,,,,,,,
2023,5,3,8,0,6,5.6,97.13,,,,,,,,,,,,,,,,,,,,,,,,,,,,,,,,,,,,
2023,5,3,9,0,5.7,5.4,97.84,,,,,,,,,,,,,,,,,,,,,,,,,,,,,,,,,,,,
2023,5,3,10,0,5.3,5.3,99.76,,,,,,,,,,,,,,,,,,,,,,,,,,,,,,,,,,,,
2023,5,3,11,0,6.5,5.6,93.85,,,,,,,,,,,,,,,,,,,,,,,,,,,,,,,,,,,,
2023,5,3,12,0,9.2,6.4,82.64,,,,,,,,,,,,,,,,,,,,,,,,,,,,,,,,,,,,
2023,5,3,13,0,13,7.1,67.41,,,,,,,,,,,,,,,,,,,,,,,,,,,,,,,,,,,,
2023,5,3,14,0,15.7,5.6,51.21,,,,,,,,,,,,,,,,,,,,,,,,,,,,,,,,,,,,
2023,5,3,15,0,17,4.5,43.49,,,,,,,,,,,,,,,,,,,,,,,,,,,,,,,,,,,,
2023,5,3,16,0,17.9,4.4,40.98,,,,,,,,,,,,,,,,,,,,,,,,,,,,,,,,,,,,
2023,5,3,17,0,18.7,5.1,40.74,,,,,,,,,,,,,,,,,,,,,,,,,,,,,,,,,,,,
2023,5,3,18,0,19.2,5.8,41.62,,,,,,,,,,,,,,,,,,,,,,,,,,,,,,,,,,,,
2023,5,3,19,0,19.5,6.5,42.75,,,,,,,,,,,,,,,,,,,,,,,,,,,,,,,,,,,,
2023,5,3,20,0,19.4,7.1,44.77,,,,,,,,,,,,,,,,,,,,,,,,,,,,,,,,,,,,
2023,5,3,21,0,18.9,7.6,47.89,,,,,,,,,,,,,,,,,,,,,,,,,,,,,,,,,,,,
2023,5,3,22,0,17.9,8.6,54.47,,,,,,,,,,,,,,,,,,,,,,,,,,,,,,,,,,,,
2023,5,3,23,0,15.7,10.4,70.88,,,,,,,,,,,,,,,,,,,,,,,,,,,,,,,,,,,,
2023,5,4,0,0,12.2,9.8,85.14,,,,,,,,,,,,,,,,,,,,,,,,,,,,,,,,,,,,
2023,5,4,1,0,11,9.2,88.39,,,,,,,,,,,,,,,,,,,,,,,,,,,,,,,,,,,,
2023,5,4,2,0,10.2,8.6,90.03,,,,,,,,,,,,,,,,,,,,,,,,,,,,,,,,,,,,
2023,5,4,3,0,9.4,8,91.22,,,,,,,,,,,,,,,,,,,,,,,,,,,,,,,,,,,,
2023,5,4,4,0,8.6,7.4,92.17,,,,,,,,,,,,,,,,,,,,,,,,,,,,,,,,,,,,
2023,5,4,5,0,7.8,6.7,92.78,,,,,,,,,,,,,,,,,,,,,,,,,,,,,,,,,,,,
2023,5,4,6,0,7.2,6,92.19,,,,,,,,,,,,,,,,,,,,,,,,,,,,,,,,,,,,
2023,5,4,7,0,6.6,5.4,91.9,,,,,,,,,,,,,,,,,,,,,,,,,,,,,,,,,,,,
2023,5,4,8,0,6.2,4.8,90.89,,,,,,,,,,,,,,,,,,,,,,,,,,,,,,,,,,,,
2023,5,4,9,0,6,4.3,89.08,,,,,,,,,,,,,,,,,,,,,,,,,,,,,,,,,,,,
2023,5,4,10,0,6,3.8,85.95,,,,,,,,,,,,,,,,,,,,,,,,,,,,,,,,,,,,
2023,5,4,11,0,7.5,5.4,86.83,,,,,,,,,,,,,,,,,,,,,,,,,,,,,,,,,,,,
2023,5,4,12,0,11,6.1,71.97,,,,,,,,,,,,,,,,,,,,,,,,,,,,,,,,,,,,
2023,5,4,13,0,13.6,6.7,63.25,,,,,,,,,,,,,,,,,,,,,,,,,,,,,,,,,,,,
2023,5,4,14,0,17.3,5.6,46.23,,,,,,,,,,,,,,,,,,,,,,,,,,,,,,,,,,,,
2023,5,4,15,0,19,5.6,41.51,,,,,,,,,,,,,,,,,,,,,,,,,,,,,,,,,,,,
2023,5,4,16,0,20.1,6.5,41.22,,,,,,,,,,,,,,,,,,,,,,,,,,,,,,,,,,,,
2023,5,4,17,0,21.1,7.3,40.84,,,,,,,,,,,,,,,,,,,,,,,,,,,,,,,,,,,,
2023,5,4,18,0,21.7,8,41.31,,,,,,,,,,,,,,,,,,,,,,,,,,,,,,,,,,,,
2023,5,4,19,0,22,8.6,42.4,,,,,,,,,,,,,,,,,,,,,,,,,,,,,,,,,,,,
2023,5,4,20,0,21.9,9.2,44.34,,,,,,,,,,,,,,,,,,,,,,,,,,,,,,,,,,,,
2023,5,4,21,0,21.3,10,48.58,,,,,,,,,,,,,,,,,,,,,,,,,,,,,,,,,,,,
2023,5,4,22,0,20.8,11.3,54.7,,,,,,,,,,,,,,,,,,,,,,,,,,,,,,,,,,,,
2023,5,4,23,0,18.4,13.4,72.44,,,,,,,,,,,,,,,,,,,,,,,,,,,,,,,,,,,,
2023,5,5,0,0,15.3,11.5,78.3,,,,,,,,,,,,,,,,,,,,,,,,,,,,,,,,,,,,
2023,5,5,1,0,14.1,10.5,79,,,,,,,,,,,,,,,,,,,,,,,,,,,,,,,,,,,,
2023,5,5,2,0,13.5,10.1,79.95,,,,,,,,,,,,,,,,,,,,,,,,,,,,,,,,,,,,
2023,5,5,3,0,13.2,9.6,78.72,,,,,,,,,,,,,,,,,,,,,,,,,,,,,,,,,,,,
2023,5,5,4,0,12.9,9.4,79.08,,,,,,,,,,,,,,,,,,,,,,,,,,,,,,,,,,,,
2023,5,5,5,0,12.9,9.5,80.01,,,,,,,,,,,,,,,,,,,,,,,,,,,,,,,,,,,,
2023,5,5,6,0,12.4,9.7,83.87,,,,,,,,,,,,,,,,,,,,,,,,,,,,,,,,,,,,
2023,5,5,7,0,12.1,9.9,86.45,,,,,,,,,,,,,,,,,,,,,,,,,,,,,,,,,,,,
2023,5,5,8,0,12.1,9.8,85.78,,,,,,,,,,,,,,,,,,,,,,,,,,,,,,,,,,,,
2023,5,5,9,0,11.9,9.8,87.1,,,,,,,,,,,,,,,,,,,,,,,,,,,,,,,,,,,,
2023,5,5,10,0,11.6,10,89.9,,,,,,,,,,,,,,,,,,,,,,,,,,,,,,,,,,,,
2023,5,5,11,0,11.7,10.8,93.91,,,,,,,,,,,,,,,,,,,,,,,,,,,,,,,,,,,,
2023,5,5,12,0,13.4,12.1,92,,,,,,,,,,,,,,,,,,,,,,,,,,,,,,,,,,,,
2023,5,5,13,0,14.5,12.7,89.06,,,,,,,,,,,,,,,,,,,,,,,,,,,,,,,,,,,,
2023,5,5,14,0,15.1,13.1,87.96,,,,,,,,,,,,,,,,,,,,,,,,,,,,,,,,,,,,
2023,5,5,15,0,15.9,12.4,79.62,,,,,,,,,,,,,,,,,,,,,,,,,,,,,,,,,,,,
2023,5,5,16,0,16.4,11.8,74.33,,,,,,,,,,,,,,,,,,,,,,,,,,,,,,,,,,,,
2023,5,5,17,0,16.9,11.8,71.91,,,,,,,,,,,,,,,,,,,,,,,,,,,,,,,,,,,,
2023,5,5,18,0,17.6,12.2,70.53,,,,,,,,,,,,,,,,,,,,,,,,,,,,,,,,,,,,
2023,5,5,19,0,17.9,12.6,71.28,,,,,,,,,,,,,,,,,,,,,,,,,,,,,,,,,,,,
2023,5,5,20,0,17.9,13,73.27,,,,,,,,,,,,,,,,,,,,,,,,,,,,,,,,,,,,
2023,5,5,21,0,17.5,13.5,77.37,,,,,,,,,,,,,,,,,,,,,,,,,,,,,,,,,,,,
2023,5,5,22,0,16.8,14.1,84.03,,,,,,,,,,,,,,,,,,,,,,,,,,,,,,,,,,,,
2023,5,5,23,0,15.8,14.5,91.8,,,,,,,,,,,,,,,,,,,,,,,,,,,,,,,,,,,,
2023,5,6,0,0,14.4,14,97.35,,,,,,,,,,,,,,,,,,,,,,,,,,,,,,,,,,,,
2023,5,6,1,0,13.9,13.5,97.65,,,,,,,,,,,,,,,,,,,,,,,,,,,,,,,,,,,,
2023,5,6,2,0,13.6,13.2,97.62,,,,,,,,,,,,,,,,,,,,,,,,,,,,,,,,,,,,
2023,5,6,3,0,13.4,13,97.59,,,,,,,,,,,,,,,,,,,,,,,,,,,,,,,,,,,,
2023,5,6,4,0,13.1,12.9,98.56,,,,,,,,,,,,,,,,,,,,,,,,,,,,,,,,,,,,
2023,5,6,5,0,12.9,12.8,99.35,,,,,,,,,,,,,,,,,,,,,,,,,,,,,,,,,,,,
2023,5,6,6,0,12.8,12.7,99.63,,,,,,,,,,,,,,,,,,,,,,,,,,,,,,,,,,,,
2023,5,6,7,0,12.7,12.7,100,,,,,,,,,,,,,,,,,,,,,,,,,,,,,,,,,,,,
2023,5,6,8,0,12.7,12.7,100,,,,,,,,,,,,,,,,,,,,,,,,,,,,,,,,,,,,
2023,5,6,9,0,12.6,12.6,100,,,,,,,,,,,,,,,,,,,,,,,,,,,,,,,,,,,,
2023,5,6,10,0,12.6,12.6,100,,,,,,,,,,,,,,,,,,,,,,,,,,,,,,,,,,,,
2023,5,6,11,0,13,12.9,99.63,,,,,,,,,,,,,,,,,,,,,,,,,,,,,,,,,,,,
2023,5,6,12,0,14.2,13.7,96.75,,,,,,,,,,,,,,,,,,,,,,,,,,,,,,,,,,,,
2023,5,6,13,0,15.9,14.6,91.95,,,,,,,,,,,,,,,,,,,,,,,,,,,,,,,,,,,,
2023,5,6,14,0,18,14.9,82.16,,,,,,,,,,,,,,,,,,,,,,,,,,,,,,,,,,,,
2023,5,6,15,0,19.9,14.9,72.69,,,,,,,,,,,,,,,,,,,,,,,,,,,,,,,,,,,,
2023,5,6,16,0,21.4,15,66.94,,,,,,,,,,,,,,,,,,,,,,,,,,,,,,,,,,,,
2023,5,6,17,0,22.8,15.4,63.21,,,,,,,,,,,,,,,,,,,,,,,,,,,,,,,,,,,,
2023,5,6,18,0,23.6,15.8,61.78,,,,,,,,,,,,,,,,,,,,,,,,,,,,,,,,,,,,
2023,5,6,19,0,23.8,16.2,62.32,,,,,,,,,,,,,,,,,,,,,,,,,,,,,,,,,,,,
2023,5,6,20,0,23.6,16.4,64.03,,,,,,,,,,,,,,,,,,,,,,,,,,,,,,,,,,,,
2023,5,6,21,0,23.1,16.7,67.22,,,,,,,,,,,,,,,,,,,,,,,,,,,,,,,,,,,,
2023,5,6,22,0,22.2,17.3,73.76,,,,,,,,,,,,,,,,,,,,,,,,,,,,,,,,,,,,
2023,5,6,23,0,20.5,18.1,86.2,,,,,,,,,,,,,,,,,,,,,,,,,,,,,,,,,,,,
2023,5,7,0,0,18.1,17.2,94.71,,,,,,,,,,,,,,,,,,,,,,,,,,,,,,,,,,,,
2023,5,7,1,0,17.5,16.7,95.25,,,,,,,,,,,,,,,,,,,,,,,,,,,,,,,,,,,,
2023,5,7,2,0,16.8,16.4,97.8,,,,,,,,,,,,,,,,,,,,,,,,,,,,,,,,,,,,
2023,5,7,3,0,16.2,16.2,100,,,,,,,,,,,,,,,,,,,,,,,,,,,,,,,,,,,,
2023,5,7,4,0,15.7,15.7,100,,,,,,,,,,,,,,,,,,,,,,,,,,,,,,,,,,,,
2023,5,7,5,0,15.2,15.2,100,,,,,,,,,,,,,,,,,,,,,,,,,,,,,,,,,,,,
2023,5,7,6,0,14.9,14.9,100,,,,,,,,,,,,,,,,,,,,,,,,,,,,,,,,,,,,
2023,5,7,7,0,14.7,14.7,100,,,,,,,,,,,,,,,,,,,,,,,,,,,,,,,,,,,,
2023,5,7,8,0,14.6,14.6,100,,,,,,,,,,,,,,,,,,,,,,,,,,,,,,,,,,,,
2023,5,7,9,0,14.5,14.5,100,,,,,,,,,,,,,,,,,,,,,,,,,,,,,,,,,,,,
2023,5,7,10,0,14,14,100,,,,,,,,,,,,,,,,,,,,,,,,,,,,,,,,,,,,
2023,5,7,11,0,15.2,15.2,100,,,,,,,,,,,,,,,,,,,,,,,,,,,,,,,,,,,,
2023,5,7,12,0,17.4,16.1,92.07,,,,,,,,,,,,,,,,,,,,,,,,,,,,,,,,,,,,
2023,5,7,13,0,20,17,83.06,,,,,,,,,,,,,,,,,,,,,,,,,,,,,,,,,,,,
2023,5,7,14,0,22.3,17.7,75,,,,,,,,,,,,,,,,,,,,,,,,,,,,,,,,,,,,
2023,5,7,15,0,24.3,18.2,68.9,,,,,,,,,,,,,,,,,,,,,,,,,,,,,,,,,,,,
2023,5,7,16,0,25.5,18.8,66.54,,,,,,,,,,,,,,,,,,,,,,,,,,,,,,,,,,,,
2023,5,7,17,0,26.2,19.1,65,,,,,,,,,,,,,,,,,,,,,,,,,,,,,,,,,,,,
2023,5,7,18,0,26.8,19.2,63.22,,,,,,,,,,,,,,,,,,,,,,,,,,,,,,,,,,,,
2023,5,7,19,0,27.1,19.2,62.15,,,,,,,,,,,,,,,,,,,,,,,,,,,,,,,,,,,,
2023,5,7,20,0,26.9,19.4,63.37,,,,,,,,,,,,,,,,,,,,,,,,,,,,,,,,,,,,
2023,5,7,21,0,26.4,19.9,67.69,,,,,,,,,,,,,,,,,,,,,,,,,,,,,,,,,,,,
2023,5,7,22,0,25.8,20.8,73.99,,,,,,,,,,,,,,,,,,,,,,,,,,,,,,,,,,,,
2023,5,7,23,0,23.6,21.4,87.65,,,,,,,,,,,,,,,,,,,,,,,,,,,,,,,,,,,,
2023,5,8,0,0,20.8,19.8,93.82,,,,,,,,,,,,,,,,,,,,,,,,,,,,,,,,,,,,
2023,5,8,1,0,19.9,19.1,95.12,,,,,,,,,,,,,,,,,,,,,,,,,,,,,,,,,,,,
2023,5,8,2,0,19.5,18.8,95.92,,,,,,,,,,,,,,,,,,,,,,,,,,,,,,,,,,,,
2023,5,8,3,0,19,18.6,97.44,,,,,,,,,,,,,,,,,,,,,,,,,,,,,,,,,,,,
2023,5,8,4,0,18.6,18.3,98.32,,,,,,,,,,,,,,,,,,,,,,,,,,,,,,,,,,,,
2023,5,8,5,0,18.4,18.2,98.83,,,,,,,,,,,,,,,,,,,,,,,,,,,,,,,,,,,,
2023,5,8,6,0,17.7,17.7,100,,,,,,,,,,,,,,,,,,,,,,,,,,,,,,,,,,,,
2023,5,8,7,0,17.6,17.6,100,,,,,,,,,,,,,,,,,,,,,,,,,,,,,,,,,,,,
2023,5,8,8,0,17.6,17.6,100,,,,,,,,,,,,,,,,,,,,,,,,,,,,,,,,,,,,
2023,5,8,9,0,17.2,17.2,100,,,,,,,,,,,,,,,,,,,,,,,,,,,,,,,,,,,,
2023,5,8,10,0,17,17,100,,,,,,,,,,,,,,,,,,,,,,,,,,,,,,,,,,,,
2023,5,8,11,0,17.7,17.7,100,,,,,,,,,,,,,,,,,,,,,,,,,,,,,,,,,,,,
2023,5,8,12,0,18.8,18.6,98.84,,,,,,,,,,,,,,,,,,,,,,,,,,,,,,,,,,,,
2023,5,8,13,0,19.9,19.1,94.95,,,,,,,,,,,,,,,,,,,,,,,,,,,,,,,,,,,,
2023,5,8,14,0,21.7,19.2,85.53,,,,,,,,,,,,,,,,,,,,,,,,,,,,,,,,,,,,
2023,5,8,15,0,24,18.8,72.75,,,,,,,,,,,,,,,,,,,,,,,,,,,,,,,,,,,,
2023,5,8,16,0,25.9,18.9,65.28,,,,,,,,,,,,,,,,,,,,,,,,,,,,,,,,,,,,
2023,5,8,17,0,27.1,19.2,62.19,,,,,,,,,,,,,,,,,,,,,,,,,,,,,,,,,,,,
2023,5,8,18,0,27.6,19.5,61.36,,,,,,,,,,,,,,,,,,,,,,,,,,,,,,,,,,,,
2023,5,8,19,0,27.7,19.6,61.32,,,,,,,,,,,,,,,,,,,,,,,,,,,,,,,,,,,,
2023,5,8,20,0,27.4,19.7,62.93,,,,,,,,,,,,,,,,,,,,,,,,,,,,,,,,,,,,
2023,5,8,21,0,26.6,20.3,68.49,,,,,,,,,,,,,,,,,,,,,,,,,,,,,,,,,,,,
2023,5,8,22,0,25.6,21.1,76.13,,,,,,,,,,,,,,,,,,,,,,,,,,,,,,,,,,,,
2023,5,8,23,0,23.8,22,89.64,,,,,,,,,,,,,,,,,,,,,,,,,,,,,,,,,,,,
2023,5,9,0,0,21.6,21,96.28,,,,,,,,,,,,,,,,,,,,,,,,,,,,,,,,,,,,
2023,5,9,1,0,21.1,20.7,97.56,,,,,,,,,,,,,,,,,,,,,,,,,,,,,,,,,,,,
2023,5,9,2,0,20.6,20.5,99.48,,,,,,,,,,,,,,,,,,,,,,,,,,,,,,,,,,,,
2023,5,9,3,0,20.2,20.2,100,,,,,,,,,,,,,,,,,,,,,,,,,,,,,,,,,,,,
2023,5,9,4,0,19.8,19.8,100,,,,,,,,,,,,,,,,,,,,,,,,,,,,,,,,,,,,
2023,5,9,5,0,19.4,19.4,100,,,,,,,,,,,,,,,,,,,,,,,,,,,,,,,,,,,,
2023,5,9,6,0,18.9,18.9,100,,,,,,,,,,,,,,,,,,,,,,,,,,,,,,,,,,,,
2023,5,9,7,0,18.7,18.7,100,,,,,,,,,,,,,,,,,,,,,,,,,,,,,,,,,,,,
2023,5,9,8,0,18.6,18.6,100,,,,,,,,,,,,,,,,,,,,,,,,,,,,,,,,,,,,
2023,5,9,9,0,18.3,18.3,100,,,,,,,,,,,,,,,,,,,,,,,,,,,,,,,,,,,,
2023,5,9,10,0,17.9,17.9,100,,,,,,,,,,,,,,,,,,,,,,,,,,,,,,,,,,,,
2023,5,9,11,0,18.8,18.8,100,,,,,,,,,,,,,,,,,,,,,,,,,,,,,,,,,,,,
2023,5,9,12,0,20.1,19.7,97.81,,,,,,,,,,,,,,,,,,,,,,,,,,,,,,,,,,,,
2023,5,9,13,0,21.6,20.5,93.57,,,,,,,,,,,,,,,,,,,,,,,,,,,,,,,,,,,,
2023,5,9,14,0,23.3,20.9,86.65,,,,,,,,,,,,,,,,,,,,,,,,,,,,,,,,,,,,
2023,5,9,15,0,25,21.3,79.76,,,,,,,,,,,,,,,,,,,,,,,,,,,,,,,,,,,,
2023,5,9,16,0,26.4,21.4,74.26,,,,,,,,,,,,,,,,,,,,,,,,,,,,,,,,,,,,
2023,5,9,17,0,27.2,21.4,70.85,,,,,,,,,,,,,,,,,,,,,,,,,,,,,,,,,,,,
2023,5,9,18,0,27.5,21.3,68.99,,,,,,,,,,,,,,,,,,,,,,,,,,,,,,,,,,,,
2023,5,9,19,0,27.5,21.2,68.49,,,,,,,,,,,,,,,,,,,,,,,,,,,,,,,,,,,,
2023,5,9,20,0,27.2,21.3,70.01,,,,,,,,,,,,,,,,,,,,,,,,,,,,,,,,,,,,
2023,5,9,21,0,26.7,21.7,74.2,,,,,,,,,,,,,,,,,,,,,,,,,,,,,,,,,,,,
2023,5,9,22,0,25.9,22.4,80.82,,,,,,,,,,,,,,,,,,,,,,,,,,,,,,,,,,,,
2023,5,9,23,0,24.2,22.8,91.87,,,,,,,,,,,,,,,,,,,,,,,,,,,,,,,,,,,,
2023,5,10,0,0,21.8,21.5,97.98,,,,,,,,,,,,,,,,,,,,,,,,,,,,,,,,,,,,
2023,5,10,1,0,21,20.8,99.01,,,,,,,,,,,,,,,,,,,,,,,,,,,,,,,,,,,,
2023,5,10,2,0,20.5,20.5,99.91,,,,,,,,,,,,,,,,,,,,,,,,,,,,,,,,,,,,
2023,5,10,3,0,20.1,20.1,100,,,,,,,,,,,,,,,,,,,,,,,,,,,,,,,,,,,,
2023,5,10,4,0,19.6,19.6,100,,,,,,,,,,,,,,,,,,,,,,,,,,,,,,,,,,,,
2023,5,10,5,0,19.2,19.2,100,,,,,,,,,,,,,,,,,,,,,,,,,,,,,,,,,,,,
2023,5,10,6,0,18.6,18.6,100,,,,,,,,,,,,,,,,,,,,,,,,,,,,,,,,,,,,
2023,5,10,7,0,17.9,17.9,100,,,,,,,,,,,,,,,,,,,,,,,,,,,,,,,,,,,,
2023,5,10,8,0,17.4,17.4,100,,,,,,,,,,,,,,,,,,,,,,,,,,,,,,,,,,,,
2023,5,10,9,0,16.9,16.9,100,,,,,,,,,,,,,,,,,,,,,,,,,,,,,,,,,,,,
2023,5,10,10,0,16.6,16.6,100,,,,,,,,,,,,,,,,,,,,,,,,,,,,,,,,,,,,
2023,5,10,11,0,17.6,17.6,100,,,,,,,,,,,,,,,,,,,,,,,,,,,,,,,,,,,,
2023,5,10,12,0,19.1,18.2,94.63,,,,,,,,,,,,,,,,,,,,,,,,,,,,,,,,,,,,
2023,5,10,13,0,21,18,82.82,,,,,,,,,,,,,,,,,,,,,,,,,,,,,,,,,,,,
2023,5,10,14,0,23,17.7,72.2,,,,,,,,,,,,,,,,,,,,,,,,,,,,,,,,,,,,
2023,5,10,15,0,24.8,17.9,65.52,,,,,,,,,,,,,,,,,,,,,,,,,,,,,,,,,,,,
2023,5,10,16,0,26.2,18.3,61.72,,,,,,,,,,,,,,,,,,,,,,,,,,,,,,,,,,,,
2023,5,10,17,0,27.2,18.6,59.32,,,,,,,,,,,,,,,,,,,,,,,,,,,,,,,,,,,,
2023,5,10,18,0,27.8,18.8,57.98,,,,,,,,,,,,,,,,,,,,,,,,,,,,,,,,,,,,
2023,5,10,19,0,28,18.9,57.87,,,,,,,,,,,,,,,,,,,,,,,,,,,,,,,,,,,,
2023,5,10,20,0,27.7,19.1,59.53,,,,,,,,,,,,,,,,,,,,,,,,,,,,,,,,,,,,
2023,5,10,21,0,27,19.5,63.53,,,,,,,,,,,,,,,,,,,,,,,,,,,,,,,,,,,,
2023,5,10,22,0,26,20.3,70.92,,,,,,,,,,,,,,,,,,,,,,,,,,,,,,,,,,,,
2023,5,10,23,0,23.8,20.9,84.06,,,,,,,,,,,,,,,,,,,,,,,,,,,,,,,,,,,,
2023,5,11,0,0,21.4,19.8,90.59,,,,,,,,,,,,,,,,,,,,,,,,,,,,,,,,,,,,
2023,5,11,1,0,20.6,19.1,91.08,,,,,,,,,,,,,,,,,,,,,,,,,,,,,,,,,,,,
2023,5,11,2,0,19.9,18.8,93.42,,,,,,,,,,,,,,,,,,,,,,,,,,,,,,,,,,,,
2023,5,11,3,0,19.3,18.6,95.79,,,,,,,,,,,,,,,,,,,,,,,,,,,,,,,,,,,,
2023,5,11,4,0,18.9,18.5,97.55,,,,,,,,,,,,,,,,,,,,,,,,,,,,,,,,,,,,
2023,5,11,5,0,18.6,18.3,98.36,,,,,,,,,,,,,,,,,,,,,,,,,,,,,,,,,,,,
2023,5,11,6,0,18.3,18.1,98.93,,,,,,,,,,,,,,,,,,,,,,,,,,,,,,,,,,,,
2023,5,11,7,0,18.1,17.9,98.83,,,,,,,,,,,,,,,,,,,,,,,,,,,,,,,,,,,,
2023,5,11,8,0,18.1,17.5,96.37,,,,,,,,,,,,,,,,,,,,,,,,,,,,,,,,,,,,
2023,5,11,9,0,17.9,17.4,96.93,,,,,,,,,,,,,,,,,,,,,,,,,,,,,,,,,,,,
2023,5,11,10,0,17.6,17.3,98.17,,,,,,,,,,,,,,,,,,,,,,,,,,,,,,,,,,,,
2023,5,11,11,0,17.9,17.5,97.58,,,,,,,,,,,,,,,,,,,,,,,,,,,,,,,,,,,,
2023,5,11,12,0,19.1,18.1,93.98,,,,,,,,,,,,,,,,,,,,,,,,,,,,,,,,,,,,
2023,5,11,13,0,20.6,18.2,86.09,,,,,,,,,,,,,,,,,,,,,,,,,,,,,,,,,,,,
2023,5,11,14,0,22.5,17.8,74.72,,,,,,,,,,,,,,,,,,,,,,,,,,,,,,,,,,,,
2023,5,11,15,0,23.9,17.7,68.2,,,,,,,,,,,,,,,,,,,,,,,,,,,,,,,,,,,,
2023,5,11,16,0,25,17.7,63.77,,,,,,,,,,,,,,,,,,,,,,,,,,,,,,,,,,,,
2023,5,11,17,0,25.6,17.7,61.59,,,,,,,,,,,,,,,,,,,,,,,,,,,,,,,,,,,,
2023,5,11,18,0,25.2,17.7,63.03,,,,,,,,,,,,,,,,,,,,,,,,,,,,,,,,,,,,
2023,5,11,19,0,24.4,17.9,67.3,,,,,,,,,,,,,,,,,,,,,,,,,,,,,,,,,,,,
2023,5,11,20,0,23.5,18.3,72.78,,,,,,,,,,,,,,,,,,,,,,,,,,,,,,,,,,,,
2023,5,11,21,0,23.1,18.7,76.21,,,,,,,,,,,,,,,,,,,,,,,,,,,,,,,,,,,,
2023,5,11,22,0,22.9,19.1,79.01,,,,,,,,,,,,,,,,,,,,,,,,,,,,,,,,,,,,
2023,5,11,23,0,22,19.8,87.27,,,,,,,,,,,,,,,,,,,,,,,,,,,,,,,,,,,,
2023,5,12,0,0,19.9,19.2,95.78,,,,,,,,,,,,,,,,,,,,,,,,,,,,,,,,,,,,
2023,5,12,1,0,19.4,18.7,95.56,,,,,,,,,,,,,,,,,,,,,,,,,,,,,,,,,,,,
2023,5,12,2,0,19.1,18.4,95.49,,,,,,,,,,,,,,,,,,,,,,,,,,,,,,,,,,,,
2023,5,12,3,0,18.7,18,95.93,,,,,,,,,,,,,,,,,,,,,,,,,,,,,,,,,,,,
2023,5,12,4,0,18.2,17.7,97.15,,,,,,,,,,,,,,,,,,,,,,,,,,,,,,,,,,,,
2023,5,12,5,0,17.9,17.5,97.22,,,,,,,,,,,,,,,,,,,,,,,,,,,,,,,,,,,,
2023,5,12,6,0,17.5,17.3,98.97,,,,,,,,,,,,,,,,,,,,,,,,,,,,,,,,,,,,
2023,5,12,7,0,17.3,17.3,100,,,,,,,,,,,,,,,,,,,,,,,,,,,,,,,,,,,,
2023,5,12,8,0,17.2,17.2,100,,,,,,,,,,,,,,,,,,,,,,,,,,,,,,,,,,,,
2023,5,12,9,0,17.1,17.1,100,,,,,,,,,,,,,,,,,,,,,,,,,,,,,,,,,,,,
2023,5,12,10,0,17.1,17.1,100,,,,,,,,,,,,,,,,,,,,,,,,,,,,,,,,,,,,
2023,5,12,11,0,17.9,17.9,100,,,,,,,,,,,,,,,,,,,,,,,,,,,,,,,,,,,,
2023,5,12,12,0,19.3,18.9,97.62,,,,,,,,,,,,,,,,,,,,,,,,,,,,,,,,,,,,
2023,5,12,13,0,21.1,20,93.42,,,,,,,,,,,,,,,,,,,,,,,,,,,,,,,,,,,,
2023,5,12,14,0,22.9,20.3,85.46,,,,,,,,,,,,,,,,,,,,,,,,,,,,,,,,,,,,
2023,5,12,15,0,24.4,20.6,79.36,,,,,,,,,,,,,,,,,,,,,,,,,,,,,,,,,,,,
2023,5,12,16,0,25.2,20.8,76.85,,,,,,,,,,,,,,,,,,,,,,,,,,,,,,,,,,,,
2023,5,12,17,0,25.6,20.8,75,,,,,,,,,,,,,,,,,,,,,,,,,,,,,,,,,,,,
2023,5,12,18,0,25.8,20.7,73.68,,,,,,,,,,,,,,,,,,,,,,,,,,,,,,,,,,,,
2023,5,12,19,0,25.3,20.9,76.81,,,,,,,,,,,,,,,,,,,,,,,,,,,,,,,,,,,,
2023,5,12,20,0,24.5,21.2,81.95,,,,,,,,,,,,,,,,,,,,,,,,,,,,,,,,,,,,
2023,5,12,21,0,23.9,21.4,86.16,,,,,,,,,,,,,,,,,,,,,,,,,,,,,,,,,,,,
2023,5,12,22,0,23.4,21.7,90.2,,,,,,,,,,,,,,,,,,,,,,,,,,,,,,,,,,,,
2023,5,12,23,0,22.5,21.7,95.16,,,,,,,,,,,,,,,,,,,,,,,,,,,,,,,,,,,,
2023,5,13,0,0,20.9,20.8,99.33,,,,,,,,,,,,,,,,,,,,,,,,,,,,,,,,,,,,
2023,5,13,1,0,20.1,20.1,100,,,,,,,,,,,,,,,,,,,,,,,,,,,,,,,,,,,,
2023,5,13,2,0,19.7,19.7,100,,,,,,,,,,,,,,,,,,,,,,,,,,,,,,,,,,,,
2023,5,13,3,0,19.4,19.4,100,,,,,,,,,,,,,,,,,,,,,,,,,,,,,,,,,,,,
2023,5,13,4,0,18.9,18.9,100,,,,,,,,,,,,,,,,,,,,,,,,,,,,,,,,,,,,
2023,5,13,5,0,18.5,18.5,100,,,,,,,,,,,,,,,,,,,,,,,,,,,,,,,,,,,,
2023,5,13,6,0,18.2,18.2,100,,,,,,,,,,,,,,,,,,,,,,,,,,,,,,,,,,,,
2023,5,13,7,0,18.2,18.2,100,,,,,,,,,,,,,,,,,,,,,,,,,,,,,,,,,,,,
2023,5,13,8,0,18.2,18.2,100,,,,,,,,,,,,,,,,,,,,,,,,,,,,,,,,,,,,
2023,5,13,9,0,17.9,17.9,100,,,,,,,,,,,,,,,,,,,,,,,,,,,,,,,,,,,,
2023,5,13,10,0,18,18,99.74,,,,,,,,,,,,,,,,,,,,,,,,,,,,,,,,,,,,
2023,5,13,11,0,18.8,18.8,99.94,,,,,,,,,,,,,,,,,,,,,,,,,,,,,,,,,,,,
2023,5,13,12,0,21.4,19.8,90.76,,,,,,,,,,,,,,,,,,,,,,,,,,,,,,,,,,,,
2023,5,13,13,0,24,19.2,74.63,,,,,,,,,,,,,,,,,,,,,,,,,,,,,,,,,,,,
2023,5,13,14,0,24.4,18.5,69.66,,,,,,,,,,,,,,,,,,,,,,,,,,,,,,,,,,,,
2023,5,13,15,0,25.3,18.3,65.01,,,,,,,,,,,,,,,,,,,,,,,,,,,,,,,,,,,,
2023,5,13,16,0,26.6,18.5,61.32,,,,,,,,,,,,,,,,,,,,,,,,,,,,,,,,,,,,
2023,5,13,17,0,27.6,18.9,59.25,,,,,,,,,,,,,,,,,,,,,,,,,,,,,,,,,,,,
2023,5,13,18,0,28.1,19.3,58.82,,,,,,,,,,,,,,,,,,,,,,,,,,,,,,,,,,,,
2023,5,13,19,0,28.5,19.6,58.46,,,,,,,,,,,,,,,,,,,,,,,,,,,,,,,,,,,,
2023,5,13,20,0,28.5,19.7,58.94,,,,,,,,,,,,,,,,,,,,,,,,,,,,,,,,,,,,
2023,5,13,21,0,28.2,20.2,61.76,,,,,,,,,,,,,,,,,,,,,,,,,,,,,,,,,,,,
2023,5,13,22,0,28.1,21.3,66.72,,,,,,,,,,,,,,,,,,,,,,,,,,,,,,,,,,,,
2023,5,13,23,0,26.2,22.1,78.39,,,,,,,,,,,,,,,,,,,,,,,,,,,,,,,,,,,,
2023,5,14,0,0,23.8,21.4,86.46,,,,,,,,,,,,,,,,,,,,,,,,,,,,,,,,,,,,
2023,5,14,1,0,22.6,20.7,88.98,,,,,,,,,,,,,,,,,,,,,,,,,,,,,,,,,,,,
2023,5,14,2,0,21.7,20.5,92.63,,,,,,,,,,,,,,,,,,,,,,,,,,,,,,,,,,,,
2023,5,14,3,0,21,20.2,94.92,,,,,,,,,,,,,,,,,,,,,,,,,,,,,,,,,,,,
2023,5,14,4,0,20.4,19.9,96.95,,,,,,,,,,,,,,,,,,,,,,,,,,,,,,,,,,,,
2023,5,14,5,0,20,19.7,98.39,,,,,,,,,,,,,,,,,,,,,,,,,,,,,,,,,,,,
2023,5,14,6,0,19.6,19.6,100,,,,,,,,,,,,,,,,,,,,,,,,,,,,,,,,,,,,
2023,5,14,7,0,19.1,19.1,100,,,,,,,,,,,,,,,,,,,,,,,,,,,,,,,,,,,,
2023,5,14,8,0,18.7,18.7,100,,,,,,,,,,,,,,,,,,,,,,,,,,,,,,,,,,,,
2023,5,14,9,0,18.3,18.3,100,,,,,,,,,,,,,,,,,,,,,,,,,,,,,,,,,,,,
2023,5,14,10,0,18,18,100,,,,,,,,,,,,,,,,,,,,,,,,,,,,,,,,,,,,
2023,5,14,11,0,19.3,19.1,99.06,,,,,,,,,,,,,,,,,,,,,,,,,,,,,,,,,,,,
2023,5,14,12,0,21.2,19.9,92.12,,,,,,,,,,,,,,,,,,,,,,,,,,,,,,,,,,,,
2023,5,14,13,0,24.1,20.5,80.19,,,,,,,,,,,,,,,,,,,,,,,,,,,,,,,,,,,,
2023,5,14,14,0,26.4,20.4,69.66,,,,,,,,,,,,,,,,,,,,,,,,,,,,,,,,,,,,
2023,5,14,15,0,28,20.4,63.24,,,,,,,,,,,,,,,,,,,,,,,,,,,,,,,,,,,,
2023,5,14,16,0,29.4,20,57.15,,,,,,,,,,,,,,,,,,,,,,,,,,,,,,,,,,,,
2023,5,14,17,0,30.3,19.6,52.88,,,,,,,,,,,,,,,,,,,,,,,,,,,,,,,,,,,,
2023,5,14,18,0,30.8,19.4,50.54,,,,,,,,,,,,,,,,,,,,,,,,,,,,,,,,,,,,
2023,5,14,19,0,30.8,19.3,50.41,,,,,,,,,,,,,,,,,,,,,,,,,,,,,,,,,,,,
2023,5,14,20,0,30.3,19.5,52.57,,,,,,,,,,,,,,,,,,,,,,,,,,,,,,,,,,,,
2023,5,14,21,0,29.7,20.3,57.04,,,,,,,,,,,,,,,,,,,,,,,,,,,,,,,,,,,,
2023,5,14,22,0,29,21.1,62.3,,,,,,,,,,,,,,,,,,,,,,,,,,,,,,,,,,,,
2023,5,14,23,0,26.7,22.1,75.77,,,,,,,,,,,,,,,,,,,,,,,,,,,,,,,,,,,,
2023,5,15,0,0,23.6,22,90.64,,,,,,,,,,,,,,,,,,,,,,,,,,,,,,,,,,,,
2023,5,15,1,0,22.3,21.2,93.56,,,,,,,,,,,,,,,,,,,,,,,,,,,,,,,,,,,,
2023,5,15,2,0,21.7,21,95.72,,,,,,,,,,,,,,,,,,,,,,,,,,,,,,,,,,,,
2023,5,15,3,0,21.2,20.7,97.19,,,,,,,,,,,,,,,,,,,,,,,,,,,,,,,,,,,,
2023,5,15,4,0,20.7,20.4,98.36,,,,,,,,,,,,,,,,,,,,,,,,,,,,,,,,,,,,
2023,5,15,5,0,20.1,20.1,99.94,,,,,,,,,,,,,,,,,,,,,,,,,,,,,,,,,,,,
2023,5,15,6,0,19.6,19.6,100,,,,,,,,,,,,,,,,,,,,,,,,,,,,,,,,,,,,
2023,5,15,7,0,19.2,19.2,100,,,,,,,,,,,,,,,,,,,,,,,,,,,,,,,,,,,,
2023,5,15,8,0,18.9,18.9,100,,,,,,,,,,,,,,,,,,,,,,,,,,,,,,,,,,,,
2023,5,15,9,0,18.6,18.6,100,,,,,,,,,,,,,,,,,,,,,,,,,,,,,,,,,,,,
2023,5,15,10,0,18.5,18.5,100,,,,,,,,,,,,,,,,,,,,,,,,,,,,,,,,,,,,
2023,5,15,11,0,19.7,19.7,100,,,,,,,,,,,,,,,,,,,,,,,,,,,,,,,,,,,,
2023,5,15,12,0,21.3,20.6,95.7,,,,,,,,,,,,,,,,,,,,,,,,,,,,,,,,,,,,
2023,5,15,13,0,22.9,20.8,88.13,,,,,,,,,,,,,,,,,,,,,,,,,,,,,,,,,,,,
2023,5,15,14,0,24.7,20.4,76.95,,,,,,,,,,,,,,,,,,,,,,,,,,,,,,,,,,,,
2023,5,15,15,0,26.2,20.2,69.61,,,,,,,,,,,,,,,,,,,,,,,,,,,,,,,,,,,,
2023,5,15,16,0,27.3,20.3,65.43,,,,,,,,,,,,,,,,,,,,,,,,,,,,,,,,,,,,
2023,5,15,17,0,28.2,20.3,62.3,,,,,,,,,,,,,,,,,,,,,,,,,,,,,,,,,,,,
2023,5,15,18,0,28.6,20.3,60.88,,,,,,,,,,,,,,,,,,,,,,,,,,,,,,,,,,,,
2023,5,15,19,0,28.7,20.3,60.62,,,,,,,,,,,,,,,,,,,,,,,,,,,,,,,,,,,,
2023,5,15,20,0,28.4,20.4,62.06,,,,,,,,,,,,,,,,,,,,,,,,,,,,,,,,,,,,
2023,5,15,21,0,27.8,20.6,65.02,,,,,,,,,,,,,,,,,,,,,,,,,,,,,,,,,,,,
2023,5,15,22,0,27.6,21.7,70.16,,,,,,,,,,,,,,,,,,,,,,,,,,,,,,,,,,,,
2023,5,15,23,0,26.5,21.8,75.37,,,,,,,,,,,,,,,,,,,,,,,,,,,,,,,,,,,,
2023,5,16,0,0,23.8,21.8,88.5,,,,,,,,,,,,,,,,,,,,,,,,,,,,,,,,,,,,
2023,5,16,1,0,22.2,21,93.11,,,,,,,,,,,,,,,,,,,,,,,,,,,,,,,,,,,,
2023,5,16,2,0,21.3,20.6,95.81,,,,,,,,,,,,,,,,,,,,,,,,,,,,,,,,,,,,
2023,5,16,3,0,20.8,20.2,96.55,,,,,,,,,,,,,,,,,,,,,,,,,,,,,,,,,,,,
2023,5,16,4,0,20.2,19.9,98.19,,,,,,,,,,,,,,,,,,,,,,,,,,,,,,,,,,,,
2023,5,16,5,0,19.7,19.7,99.86,,,,,,,,,,,,,,,,,,,,,,,,,,,,,,,,,,,,
2023,5,16,6,0,19.2,19.2,100,,,,,,,,,,,,,,,,,,,,,,,,,,,,,,,,,,,,
2023,5,16,7,0,18.8,18.8,100,,,,,,,,,,,,,,,,,,,,,,,,,,,,,,,,,,,,
2023,5,16,8,0,18.5,18.5,100,,,,,,,,,,,,,,,,,,,,,,,,,,,,,,,,,,,,
2023,5,16,9,0,18.4,18.4,100,,,,,,,,,,,,,,,,,,,,,,,,,,,,,,,,,,,,
2023,5,16,10,0,18.4,18.4,100,,,,,,,,,,,,,,,,,,,,,,,,,,,,,,,,,,,,
2023,5,16,11,0,19.5,19.5,100,,,,,,,,,,,,,,,,,,,,,,,,,,,,,,,,,,,,
2023,5,16,12,0,20.7,20.6,99.55,,,,,,,,,,,,,,,,,,,,,,,,,,,,,,,,,,,,
2023,5,16,13,0,22.3,21.7,96.54,,,,,,,,,,,,,,,,,,,,,,,,,,,,,,,,,,,,
2023,5,16,14,0,23.8,22.1,90.26,,,,,,,,,,,,,,,,,,,,,,,,,,,,,,,,,,,,
2023,5,16,15,0,25.5,21.9,80.29,,,,,,,,,,,,,,,,,,,,,,,,,,,,,,,,,,,,
2023,5,16,16,0,26.6,21.6,73.91,,,,,,,,,,,,,,,,,,,,,,,,,,,,,,,,,,,,
2023,5,16,17,0,27.5,21.4,69.45,,,,,,,,,,,,,,,,,,,,,,,,,,,,,,,,,,,,
2023,5,16,18,0,28.1,21.3,66.55,,,,,,,,,,,,,,,,,,,,,,,,,,,,,,,,,,,,
2023,5,16,19,0,28.2,21.3,66.13,,,,,,,,,,,,,,,,,,,,,,,,,,,,,,,,,,,,
2023,5,16,20,0,28,21.5,67.78,,,,,,,,,,,,,,,,,,,,,,,,,,,,,,,,,,,,
2023,5,16,21,0,27.2,22,73.12,,,,,,,,,,,,,,,,,,,,,,,,,,,,,,,,,,,,
2023,5,16,22,0,26.2,22.5,80.12,,,,,,,,,,,,,,,,,,,,,,,,,,,,,,,,,,,,
2023,5,16,23,0,24.3,22.5,89.86,,,,,,,,,,,,,,,,,,,,,,,,,,,,,,,,,,,,
2023,5,17,0,0,22.3,22,97.9,,,,,,,,,,,,,,,,,,,,,,,,,,,,,,,,,,,,
2023,5,17,1,0,21.4,21.4,100,,,,,,,,,,,,,,,,,,,,,,,,,,,,,,,,,,,,
2023,5,17,2,0,20.9,20.9,100,,,,,,,,,,,,,,,,,,,,,,,,,,,,,,,,,,,,
2023,5,17,3,0,20.5,20.5,100,,,,,,,,,,,,,,,,,,,,,,,,,,,,,,,,,,,,
2023,5,17,4,0,20.2,20.2,100,,,,,,,,,,,,,,,,,,,,,,,,,,,,,,,,,,,,
2023,5,17,5,0,20,20,100,,,,,,,,,,,,,,,,,,,,,,,,,,,,,,,,,,,,
2023,5,17,6,0,19.7,19.7,100,,,,,,,,,,,,,,,,,,,,,,,,,,,,,,,,,,,,
2023,5,17,7,0,19.3,19.3,100,,,,,,,,,,,,,,,,,,,,,,,,,,,,,,,,,,,,
2023,5,17,8,0,19,19,100,,,,,,,,,,,,,,,,,,,,,,,,,,,,,,,,,,,,
2023,5,17,9,0,18.7,18.7,100,,,,,,,,,,,,,,,,,,,,,,,,,,,,,,,,,,,,
2023,5,17,10,0,18.6,18.6,100,,,,,,,,,,,,,,,,,,,,,,,,,,,,,,,,,,,,
2023,5,17,11,0,19.3,19.3,100,,,,,,,,,,,,,,,,,,,,,,,,,,,,,,,,,,,,
2023,5,17,12,0,20.2,20.2,100,,,,,,,,,,,,,,,,,,,,,,,,,,,,,,,,,,,,
2023,5,17,13,0,21,20.7,98.08,,,,,,,,,,,,,,,,,,,,,,,,,,,,,,,,,,,,
2023,5,17,14,0,21.5,20.4,93.51,,,,,,,,,,,,,,,,,,,,,,,,,,,,,,,,,,,,
2023,5,17,15,0,22.6,20,85.1,,,,,,,,,,,,,,,,,,,,,,,,,,,,,,,,,,,,
2023,5,17,16,0,23.8,19.4,76.64,,,,,,,,,,,,,,,,,,,,,,,,,,,,,,,,,,,,
2023,5,17,17,0,24.3,19.4,73.96,,,,,,,,,,,,,,,,,,,,,,,,,,,,,,,,,,,,
2023,5,17,18,0,24.3,19.4,74.12,,,,,,,,,,,,,,,,,,,,,,,,,,,,,,,,,,,,
2023,5,17,19,0,24,19.7,76.7,,,,,,,,,,,,,,,,,,,,,,,,,,,,,,,,,,,,
2023,5,17,20,0,23.9,20.3,80.21,,,,,,,,,,,,,,,,,,,,,,,,,,,,,,,,,,,,
2023,5,17,21,0,23.6,20.9,84.68,,,,,,,,,,,,,,,,,,,,,,,,,,,,,,,,,,,,
2023,5,17,22,0,22.9,20.7,87.61,,,,,,,,,,,,,,,,,,,,,,,,,,,,,,,,,,,,
2023,5,17,23,0,21.8,20.4,92.04,,,,,,,,,,,,,,,,,,,,,,,,,,,,,,,,,,,,
2023,5,18,0,0,20.6,20,96.58,,,,,,,,,,,,,,,,,,,,,,,,,,,,,,,,,,,,
2023,5,18,1,0,20.1,19.6,97.12,,,,,,,,,,,,,,,,,,,,,,,,,,,,,,,,,,,,
2023,5,18,2,0,19.8,19.3,97.1,,,,,,,,,,,,,,,,,,,,,,,,,,,,,,,,,,,,
2023,5,18,3,0,19.6,19.1,97.09,,,,,,,,,,,,,,,,,,,,,,,,,,,,,,,,,,,,
2023,5,18,4,0,19.3,19,98.3,,,,,,,,,,,,,,,,,,,,,,,,,,,,,,,,,,,,
2023,5,18,5,0,19.1,18.9,98.82,,,,,,,,,,,,,,,,,,,,,,,,,,,,,,,,,,,,
2023,5,18,6,0,18.9,18.9,99.83,,,,,,,,,,,,,,,,,,,,,,,,,,,,,,,,,,,,
2023,5,18,7,0,18.8,18.8,100,,,,,,,,,,,,,,,,,,,,,,,,,,,,,,,,,,,,
2023,5,18,8,0,18.7,18.7,100,,,,,,,,,,,,,,,,,,,,,,,,,,,,,,,,,,,,
2023,5,18,9,0,18.4,18.4,100,,,,,,,,,,,,,,,,,,,,,,,,,,,,,,,,,,,,
2023,5,18,10,0,18,18,100,,,,,,,,,,,,,,,,,,,,,,,,,,,,,,,,,,,,
2023,5,18,11,0,18.1,18.1,99.87,,,,,,,,,,,,,,,,,,,,,,,,,,,,,,,,,,,,
2023,5,18,12,0,18.5,18.2,98.29,,,,,,,,,,,,,,,,,,,,,,,,,,,,,,,,,,,,
2023,5,18,13,0,19.1,18.4,95.44,,,,,,,,,,,,,,,,,,,,,,,,,,,,,,,,,,,,
2023,5,18,14,0,19.9,18.3,90.73,,,,,,,,,,,,,,,,,,,,,,,,,,,,,,,,,,,,
2023,5,18,15,0,20.8,18.4,86.35,,,,,,,,,,,,,,,,,,,,,,,,,,,,,,,,,,,,
2023,5,18,16,0,21.6,18.6,82.97,,,,,,,,,,,,,,,,,,,,,,,,,,,,,,,,,,,,
2023,5,18,17,0,22.1,18.8,81.54,,,,,,,,,,,,,,,,,,,,,,,,,,,,,,,,,,,,
2023,5,18,18,0,22.1,18.9,82.34,,,,,,,,,,,,,,,,,,,,,,,,,,,,,,,,,,,,
2023,5,18,19,0,22.4,19.1,81.53,,,,,,,,,,,,,,,,,,,,,,,,,,,,,,,,,,,,
2023,5,18,20,0,22.9,19.3,80.09,,,,,,,,,,,,,,,,,,,,,,,,,,,,,,,,,,,,
2023,5,18,21,0,22.7,19.3,81.1,,,,,,,,,,,,,,,,,,,,,,,,,,,,,,,,,,,,
2023,5,18,22,0,21.7,19.4,86.77,,,,,,,,,,,,,,,,,,,,,,,,,,,,,,,,,,,,
2023,5,18,23,0,20.4,19.4,93.79,,,,,,,,,,,,,,,,,,,,,,,,,,,,,,,,,,,,
2023,5,19,0,0,19,18.6,97.82,,,,,,,,,,,,,,,,,,,,,,,,,,,,,,,,,,,,
2023,5,19,1,0,17.8,17.6,98.49,,,,,,,,,,,,,,,,,,,,,,,,,,,,,,,,,,,,
2023,5,19,2,0,16.9,16.6,98.04,,,,,,,,,,,,,,,,,,,,,,,,,,,,,,,,,,,,
2023,5,19,3,0,16.4,15.9,96.88,,,,,,,,,,,,,,,,,,,,,,,,,,,,,,,,,,,,
2023,5,19,4,0,16,15.5,96.93,,,,,,,,,,,,,,,,,,,,,,,,,,,,,,,,,,,,
2023,5,19,5,0,15.7,15.3,97.26,,,,,,,,,,,,,,,,,,,,,,,,,,,,,,,,,,,,
2023,5,19,6,0,15.5,15.1,97.37,,,,,,,,,,,,,,,,,,,,,,,,,,,,,,,,,,,,
2023,5,19,7,0,15.3,14.9,97.39,,,,,,,,,,,,,,,,,,,,,,,,,,,,,,,,,,,,
2023,5,19,8,0,15,14.7,98.06,,,,,,,,,,,,,,,,,,,,,,,,,,,,,,,,,,,,
2023,5,19,9,0,14.7,14.5,98.57,,,,,,,,,,,,,,,,,,,,,,,,,,,,,,,,,,,,
2023,5,19,10,0,14.4,14.2,98.93,,,,,,,,,,,,,,,,,,,,,,,,,,,,,,,,,,,,
2023,5,19,11,0,15,14.2,95.26,,,,,,,,,,,,,,,,,,,,,,,,,,,,,,,,,,,,
2023,5,19,12,0,16.2,14.5,89.49,,,,,,,,,,,,,,,,,,,,,,,,,,,,,,,,,,,,
2023,5,19,13,0,17.8,15.1,84.29,,,,,,,,,,,,,,,,,,,,,,,,,,,,,,,,,,,,
2023,5,19,14,0,19.6,15.8,78.66,,,,,,,,,,,,,,,,,,,,,,,,,,,,,,,,,,,,
2023,5,19,15,0,21.3,16.5,74,,,,,,,,,,,,,,,,,,,,,,,,,,,,,,,,,,,,
2023,5,19,16,0,22.6,16.9,70.4,,,,,,,,,,,,,,,,,,,,,,,,,,,,,,,,,,,,
2023,5,19,17,0,23.9,17.4,67,,,,,,,,,,,,,,,,,,,,,,,,,,,,,,,,,,,,
2023,5,19,18,0,24.8,17.6,64.48,,,,,,,,,,,,,,,,,,,,,,,,,,,,,,,,,,,,
2023,5,19,19,0,25.3,17.8,63.2,,,,,,,,,,,,,,,,,,,,,,,,,,,,,,,,,,,,
2023,5,19,20,0,25.3,17.9,63.41,,,,,,,,,,,,,,,,,,,,,,,,,,,,,,,,,,,,
2023,5,19,21,0,24.8,17.8,65.26,,,,,,,,,,,,,,,,,,,,,,,,,,,,,,,,,,,,
2023,5,19,22,0,23.9,17.9,68.98,,,,,,,,,,,,,,,,,,,,,,,,,,,,,,,,,,,,
2023,5,19,23,0,22.7,18.9,78.98,,,,,,,,,,,,,,,,,,,,,,,,,,,,,,,,,,,,
2023,5,20,0,0,20.2,18.4,89.23,,,,,,,,,,,,,,,,,,,,,,,,,,,,,,,,,,,,
2023,5,20,1,0,18.6,17.4,92.63,,,,,,,,,,,,,,,,,,,,,,,,,,,,,,,,,,,,
2023,5,20,2,0,17.6,17,96.46,,,,,,,,,,,,,,,,,,,,,,,,,,,,,,,,,,,,
2023,5,20,3,0,16.9,16.7,98.83,,,,,,,,,,,,,,,,,,,,,,,,,,,,,,,,,,,,
2023,5,20,4,0,16.5,16.5,100,,,,,,,,,,,,,,,,,,,,,,,,,,,,,,,,,,,,
2023,5,20,5,0,16,16,100,,,,,,,,,,,,,,,,,,,,,,,,,,,,,,,,,,,,
2023,5,20,6,0,15.6,15.6,100,,,,,,,,,,,,,,,,,,,,,,,,,,,,,,,,,,,,
2023,5,20,7,0,15.2,15.2,100,,,,,,,,,,,,,,,,,,,,,,,,,,,,,,,,,,,,
2023,5,20,8,0,15,15,100,,,,,,,,,,,,,,,,,,,,,,,,,,,,,,,,,,,,
2023,5,20,9,0,15.1,15.1,100,,,,,,,,,,,,,,,,,,,,,,,,,,,,,,,,,,,,
2023,5,20,10,0,15.1,15.1,100,,,,,,,,,,,,,,,,,,,,,,,,,,,,,,,,,,,,
2023,5,20,11,0,16.7,16.4,97.93,,,,,,,,,,,,,,,,,,,,,,,,,,,,,,,,,,,,
2023,5,20,12,0,18.8,16.9,88.68,,,,,,,,,,,,,,,,,,,,,,,,,,,,,,,,,,,,
2023,5,20,13,0,20.5,17.3,81.73,,,,,,,,,,,,,,,,,,,,,,,,,,,,,,,,,,,,
2023,5,20,14,0,21.9,17.7,77.24,,,,,,,,,,,,,,,,,,,,,,,,,,,,,,,,,,,,
2023,5,20,15,0,22.9,18.4,75.64,,,,,,,,,,,,,,,,,,,,,,,,,,,,,,,,,,,,
2023,5,20,16,0,24,19,73.57,,,,,,,,,,,,,,,,,,,,,,,,,,,,,,,,,,,,
2023,5,20,17,0,25.4,19.5,69.84,,,,,,,,,,,,,,,,,,,,,,,,,,,,,,,,,,,,
2023,5,20,18,0,26.3,19.7,67.1,,,,,,,,,,,,,,,,,,,,,,,,,,,,,,,,,,,,
2023,5,20,19,0,26.6,19.8,66.45,,,,,,,,,,,,,,,,,,,,,,,,,,,,,,,,,,,,
2023,5,20,20,0,26.4,20,67.87,,,,,,,,,,,,,,,,,,,,,,,,,,,,,,,,,,,,
2023,5,20,21,0,25.7,20.3,72.25,,,,,,,,,,,,,,,,,,,,,,,,,,,,,,,,,,,,
2023,5,20,22,0,25,21.1,78.79,,,,,,,,,,,,,,,,,,,,,,,,,,,,,,,,,,,,
2023,5,20,23,0,23.9,21.4,86.18,,,,,,,,,,,,,,,,,,,,,,,,,,,,,,,,,,,,
2023,5,21,0,0,21.7,21.1,96.53,,,,,,,,,,,,,,,,,,,,,,,,,,,,,,,,,,,,
2023,5,21,1,0,20.9,20.7,98.54,,,,,,,,,,,,,,,,,,,,,,,,,,,,,,,,,,,,
2023,5,21,2,0,20.7,20.6,99.47,,,,,,,,,,,,,,,,,,,,,,,,,,,,,,,,,,,,
2023,5,21,3,0,20.5,20.5,100,,,,,,,,,,,,,,,,,,,,,,,,,,,,,,,,,,,,
2023,5,21,4,0,20.2,20.2,100,,,,,,,,,,,,,,,,,,,,,,,,,,,,,,,,,,,,
2023,5,21,5,0,19.6,19.6,100,,,,,,,,,,,,,,,,,,,,,,,,,,,,,,,,,,,,
2023,5,21,6,0,19.2,19.2,100,,,,,,,,,,,,,,,,,,,,,,,,,,,,,,,,,,,,
2023,5,21,7,0,18.8,18.8,100,,,,,,,,,,,,,,,,,,,,,,,,,,,,,,,,,,,,
2023,5,21,8,0,18.3,18.3,100,,,,,,,,,,,,,,,,,,,,,,,,,,,,,,,,,,,,
2023,5,21,9,0,17.9,17.9,100,,,,,,,,,,,,,,,,,,,,,,,,,,,,,,,,,,,,
2023,5,21,10,0,17.5,17.5,100,,,,,,,,,,,,,,,,,,,,,,,,,,,,,,,,,,,,
2023,5,21,11,0,17.7,17.7,100,,,,,,,,,,,,,,,,,,,,,,,,,,,,,,,,,,,,
2023,5,21,12,0,18.6,18.3,98.43,,,,,,,,,,,,,,,,,,,,,,,,,,,,,,,,,,,,
2023,5,21,13,0,19.9,18.7,92.88,,,,,,,,,,,,,,,,,,,,,,,,,,,,,,,,,,,,
2023,5,21,14,0,21.6,18.6,83.23,,,,,,,,,,,,,,,,,,,,,,,,,,,,,,,,,,,,
2023,5,21,15,0,23,18.6,76.45,,,,,,,,,,,,,,,,,,,,,,,,,,,,,,,,,,,,
2023,5,21,16,0,24.1,18.8,72.3,,,,,,,,,,,,,,,,,,,,,,,,,,,,,,,,,,,,
2023,5,21,17,0,24.9,19,69.87,,,,,,,,,,,,,,,,,,,,,,,,,,,,,,,,,,,,
2023,5,21,18,0,25.6,19.2,67.86,,,,,,,,,,,,,,,,,,,,,,,,,,,,,,,,,,,,
2023,5,21,19,0,26,19.4,67,,,,,,,,,,,,,,,,,,,,,,,,,,,,,,,,,,,,
2023,5,21,20,0,26,19.5,67.5,,,,,,,,,,,,,,,,,,,,,,,,,,,,,,,,,,,,
2023,5,21,21,0,25.5,19.6,69.8,,,,,,,,,,,,,,,,,,,,,,,,,,,,,,,,,,,,
2023,5,21,22,0,24.8,20,74.71,,,,,,,,,,,,,,,,,,,,,,,,,,,,,,,,,,,,
2023,5,21,23,0,23.8,20.7,82.87,,,,,,,,,,,,,,,,,,,,,,,,,,,,,,,,,,,,
2023,5,22,0,0,21.8,20.1,90.29,,,,,,,,,,,,,,,,,,,,,,,,,,,,,,,,,,,,
2023,5,22,1,0,20.7,19.5,92.97,,,,,,,,,,,,,,,,,,,,,,,,,,,,,,,,,,,,
2023,5,22,2,0,20,19.3,96.04,,,,,,,,,,,,,,,,,,,,,,,,,,,,,,,,,,,,
2023,5,22,3,0,19.5,19.2,98.09,,,,,,,,,,,,,,,,,,,,,,,,,,,,,,,,,,,,
2023,5,22,4,0,19.1,19.1,99.75,,,,,,,,,,,,,,,,,,,,,,,,,,,,,,,,,,,,
2023,5,22,5,0,18.8,18.8,100,,,,,,,,,,,,,,,,,,,,,,,,,,,,,,,,,,,,
2023,5,22,6,0,18.4,18.4,100,,,,,,,,,,,,,,,,,,,,,,,,,,,,,,,,,,,,
2023,5,22,7,0,18.2,18.2,100,,,,,,,,,,,,,,,,,,,,,,,,,,,,,,,,,,,,
2023,5,22,8,0,18.1,18.1,100,,,,,,,,,,,,,,,,,,,,,,,,,,,,,,,,,,,,
2023,5,22,9,0,18.1,18.1,100,,,,,,,,,,,,,,,,,,,,,,,,,,,,,,,,,,,,
2023,5,22,10,0,18.1,18.1,100,,,,,,,,,,,,,,,,,,,,,,,,,,,,,,,,,,,,
2023,5,22,11,0,18.6,18.6,99.88,,,,,,,,,,,,,,,,,,,,,,,,,,,,,,,,,,,,
2023,5,22,12,0,19.4,19,97.36,,,,,,,,,,,,,,,,,,,,,,,,,,,,,,,,,,,,
2023,5,22,13,0,20.1,19.3,95.13,,,,,,,,,,,,,,,,,,,,,,,,,,,,,,,,,,,,
2023,5,22,14,0,20.6,19.2,91.46,,,,,,,,,,,,,,,,,,,,,,,,,,,,,,,,,,,,
2023,5,22,15,0,21,18.7,86.69,,,,,,,,,,,,,,,,,,,,,,,,,,,,,,,,,,,,
2023,5,22,16,0,21,18.1,83.33,,,,,,,,,,,,,,,,,,,,,,,,,,,,,,,,,,,,
2023,5,22,17,0,20.9,17.5,80.72,,,,,,,,,,,,,,,,,,,,,,,,,,,,,,,,,,,,
2023,5,22,18,0,20.8,17,78.93,,,,,,,,,,,,,,,,,,,,,,,,,,,,,,,,,,,,
2023,5,22,19,0,20.7,16.8,78.23,,,,,,,,,,,,,,,,,,,,,,,,,,,,,,,,,,,,
2023,5,22,20,0,20.5,16.7,79.07,,,,,,,,,,,,,,,,,,,,,,,,,,,,,,,,,,,,
2023,5,22,21,0,20.1,16.9,81.88,,,,,,,,,,,,,,,,,,,,,,,,,,,,,,,,,,,,
2023,5,22,22,0,19.4,17.2,87.29,,,,,,,,,,,,,,,,,,,,,,,,,,,,,,,,,,,,
2023,5,22,23,0,18.5,17.1,91.55,,,,,,,,,,,,,,,,,,,,,,,,,,,,,,,,,,,,
2023,5,23,0,0,17.4,16.6,95.34,,,,,,,,,,,,,,,,,,,,,,,,,,,,,,,,,,,,
2023,5,23,1,0,16.8,16.4,97.37,,,,,,,,,,,,,,,,,,,,,,,,,,,,,,,,,,,,
2023,5,23,2,0,16.2,16.1,99.14,,,,,,,,,,,,,,,,,,,,,,,,,,,,,,,,,,,,
2023,5,23,3,0,16.2,15.9,98.3,,,,,,,,,,,,,,,,,,,,,,,,,,,,,,,,,,,,
2023,5,23,4,0,16.1,15.9,98.42,,,,,,,,,,,,,,,,,,,,,,,,,,,,,,,,,,,,
2023,5,23,5,0,16,15.7,98.23,,,,,,,,,,,,,,,,,,,,,,,,,,,,,,,,,,,,
2023,5,23,6,0,16,15.6,97.51,,,,,,,,,,,,,,,,,,,,,,,,,,,,,,,,,,,,
2023,5,23,7,0,16,15.6,97.63,,,,,,,,,,,,,,,,,,,,,,,,,,,,,,,,,,,,
2023,5,23,8,0,15.9,15.6,98.14,,,,,,,,,,,,,,,,,,,,,,,,,,,,,,,,,,,,
2023,5,23,9,0,15.8,15.6,98.7,,,,,,,,,,,,,,,,,,,,,,,,,,,,,,,,,,,,
2023,5,23,10,0,15.8,15.6,98.93,,,,,,,,,,,,,,,,,,,,,,,,,,,,,,,,,,,,
2023,5,23,11,0,15.9,15.6,98.41,,,,,,,,,,,,,,,,,,,,,,,,,,,,,,,,,,,,
2023,5,23,12,0,16.2,15.8,97.59,,,,,,,,,,,,,,,,,,,,,,,,,,,,,,,,,,,,
2023,5,23,13,0,16.8,16,95.09,,,,,,,,,,,,,,,,,,,,,,,,,,,,,,,,,,,,
2023,5,23,14,0,17.4,15.6,89.4,,,,,,,,,,,,,,,,,,,,,,,,,,,,,,,,,,,,
2023,5,23,15,0,18.1,15.2,83,,,,,,,,,,,,,,,,,,,,,,,,,,,,,,,,,,,,
2023,5,23,16,0,19.2,14.8,75.81,,,,,,,,,,,,,,,,,,,,,,,,,,,,,,,,,,,,
2023,5,23,17,0,20.7,14.5,67.61,,,,,,,,,,,,,,,,,,,,,,,,,,,,,,,,,,,,
2023,5,23,18,0,21.7,14,61.63,,,,,,,,,,,,,,,,,,,,,,,,,,,,,,,,,,,,
2023,5,23,19,0,22,13.8,59.56,,,,,,,,,,,,,,,,,,,,,,,,,,,,,,,,,,,,
2023,5,23,20,0,21.7,13.6,59.95,,,,,,,,,,,,,,,,,,,,,,,,,,,,,,,,,,,,
2023,5,23,21,0,21,13.5,62.3,,,,,,,,,,,,,,,,,,,,,,,,,,,,,,,,,,,,
2023,5,23,22,0,20.1,13.7,66.44,,,,,,,,,,,,,,,,,,,,,,,,,,,,,,,,,,,,
2023,5,23,23,0,18.6,14.3,76,,,,,,,,,,,,,,,,,,,,,,,,,,,,,,,,,,,,
2023,5,24,0,0,16.4,14.3,87.58,,,,,,,,,,,,,,,,,,,,,,,,,,,,,,,,,,,,
2023,5,24,1,0,15.5,14.1,91.27,,,,,,,,,,,,,,,,,,,,,,,,,,,,,,,,,,,,
2023,5,24,2,0,15,14.1,94.16,,,,,,,,,,,,,,,,,,,,,,,,,,,,,,,,,,,,
2023,5,24,3,0,14.7,14.1,95.89,,,,,,,,,,,,,,,,,,,,,,,,,,,,,,,,,,,,
2023,5,24,4,0,14.7,14.2,96.94,,,,,,,,,,,,,,,,,,,,,,,,,,,,,,,,,,,,
2023,5,24,5,0,14.6,14.4,98.66,,,,,,,,,,,,,,,,,,,,,,,,,,,,,,,,,,,,
2023,5,24,6,0,14.7,14.5,98.85,,,,,,,,,,,,,,,,,,,,,,,,,,,,,,,,,,,,
2023,5,24,7,0,14.7,14.6,99.36,,,,,,,,,,,,,,,,,,,,,,,,,,,,,,,,,,,,
2023,5,24,8,0,14.7,14.7,99.73,,,,,,,,,,,,,,,,,,,,,,,,,,,,,,,,,,,,
2023,5,24,9,0,14.6,14.6,100,,,,,,,,,,,,,,,,,,,,,,,,,,,,,,,,,,,,
2023,5,24,10,0,14.5,14.5,100,,,,,,,,,,,,,,,,,,,,,,,,,,,,,,,,,,,,
2023,5,24,11,0,15.5,15.2,98.09,,,,,,,,,,,,,,,,,,,,,,,,,,,,,,,,,,,,
2023,5,24,12,0,17,15.9,93.35,,,,,,,,,,,,,,,,,,,,,,,,,,,,,,,,,,,,
2023,5,24,13,0,18.8,15.4,80.74,,,,,,,,,,,,,,,,,,,,,,,,,,,,,,,,,,,,
2023,5,24,14,0,20.7,14.3,66.98,,,,,,,,,,,,,,,,,,,,,,,,,,,,,,,,,,,,
2023,5,24,15,0,22.2,14.3,60.82,,,,,,,,,,,,,,,,,,,,,,,,,,,,,,,,,,,,
2023,5,24,16,0,23.4,14.5,57.3,,,,,,,,,,,,,,,,,,,,,,,,,,,,,,,,,,,,
2023,5,24,17,0,24.3,14.7,54.97,,,,,,,,,,,,,,,,,,,,,,,,,,,,,,,,,,,,
2023,5,24,18,0,24.9,14.9,53.69,,,,,,,,,,,,,,,,,,,,,,,,,,,,,,,,,,,,
2023,5,24,19,0,25.1,15,53.46,,,,,,,,,,,,,,,,,,,,,,,,,,,,,,,,,,,,
2023,5,24,20,0,25,15,53.96,,,,,,,,,,,,,,,,,,,,,,,,,,,,,,,,,,,,
2023,5,24,21,0,24.6,15.4,56.43,,,,,,,,,,,,,,,,,,,,,,,,,,,,,,,,,,,,
2023,5,24,22,0,24.3,16.2,60.58,,,,,,,,,,,,,,,,,,,,,,,,,,,,,,,,,,,,
2023,5,24,23,0,22.6,17.7,73.64,,,,,,,,,,,,,,,,,,,,,,,,,,,,,,,,,,,,
2023,5,25,0,0,20.7,17,79.33,,,,,,,,,,,,,,,,,,,,,,,,,,,,,,,,,,,,
2023,5,25,1,0,19.4,16.2,81.67,,,,,,,,,,,,,,,,,,,,,,,,,,,,,,,,,,,,
2023,5,25,2,0,18.2,16,86.9,,,,,,,,,,,,,,,,,,,,,,,,,,,,,,,,,,,,
2023,5,25,3,0,17.1,15.4,89.98,,,,,,,,,,,,,,,,,,,,,,,,,,,,,,,,,,,,
2023,5,25,4,0,16.3,14.9,91.51,,,,,,,,,,,,,,,,,,,,,,,,,,,,,,,,,,,,
2023,5,25,5,0,15.4,14.3,93.15,,,,,,,,,,,,,,,,,,,,,,,,,,,,,,,,,,,,
2023,5,25,6,0,14.6,13.6,93.94,,,,,,,,,,,,,,,,,,,,,,,,,,,,,,,,,,,,
2023,5,25,7,0,13.9,12.9,93.71,,,,,,,,,,,,,,,,,,,,,,,,,,,,,,,,,,,,
2023,5,25,8,0,13.1,12.2,94.16,,,,,,,,,,,,,,,,,,,,,,,,,,,,,,,,,,,,
2023,5,25,9,0,12.5,11.6,93.98,,,,,,,,,,,,,,,,,,,,,,,,,,,,,,,,,,,,
2023,5,25,10,0,12.1,11,93.17,,,,,,,,,,,,,,,,,,,,,,,,,,,,,,,,,,,,
2023,5,25,11,0,13.9,11.6,85.89,,,,,,,,,,,,,,,,,,,,,,,,,,,,,,,,,,,,
2023,5,25,12,0,16.2,11.9,75.47,,,,,,,,,,,,,,,,,,,,,,,,,,,,,,,,,,,,
2023,5,25,13,0,18.9,12.4,65.91,,,,,,,,,,,,,,,,,,,,,,,,,,,,,,,,,,,,
2023,5,25,14,0,21.1,11.2,53.33,,,,,,,,,,,,,,,,,,,,,,,,,,,,,,,,,,,,
2023,5,25,15,0,22.4,11.2,49.08,,,,,,,,,,,,,,,,,,,,,,,,,,,,,,,,,,,,
2023,5,25,16,0,23.5,11.2,45.81,,,,,,,,,,,,,,,,,,,,,,,,,,,,,,,,,,,,
2023,5,25,17,0,24.3,11.3,44.12,,,,,,,,,,,,,,,,,,,,,,,,,,,,,,,,,,,,
2023,5,25,18,0,24.8,11.7,43.91,,,,,,,,,,,,,,,,,,,,,,,,,,,,,,,,,,,,
2023,5,25,19,0,24.9,12.2,45.27,,,,,,,,,,,,,,,,,,,,,,,,,,,,,,,,,,,,
2023,5,25,20,0,24.7,12.8,47.66,,,,,,,,,,,,,,,,,,,,,,,,,,,,,,,,,,,,
2023,5,25,21,0,24.2,13.6,51.44,,,,,,,,,,,,,,,,,,,,,,,,,,,,,,,,,,,,
2023,5,25,22,0,23.2,14.7,58.81,,,,,,,,,,,,,,,,,,,,,,,,,,,,,,,,,,,,
2023,5,25,23,0,21.1,16.5,75.16,,,,,,,,,,,,,,,,,,,,,,,,,,,,,,,,,,,,
2023,5,26,0,0,17.9,15.7,87.18,,,,,,,,,,,,,,,,,,,,,,,,,,,,,,,,,,,,
2023,5,26,1,0,16.7,14.6,87.52,,,,,,,,,,,,,,,,,,,,,,,,,,,,,,,,,,,,
2023,5,26,2,0,16.2,14.3,88.25,,,,,,,,,,,,,,,,,,,,,,,,,,,,,,,,,,,,
2023,5,26,3,0,16.2,14.3,88.23,,,,,,,,,,,,,,,,,,,,,,,,,,,,,,,,,,,,
2023,5,26,4,0,15.7,14.3,91.25,,,,,,,,,,,,,,,,,,,,,,,,,,,,,,,,,,,,
2023,5,26,5,0,15.3,14.4,94.59,,,,,,,,,,,,,,,,,,,,,,,,,,,,,,,,,,,,
2023,5,26,6,0,15.3,14.6,95.8,,,,,,,,,,,,,,,,,,,,,,,,,,,,,,,,,,,,
2023,5,26,7,0,15.1,14.7,97.69,,,,,,,,,,,,,,,,,,,,,,,,,,,,,,,,,,,,
2023,5,26,8,0,14.9,14.8,99.37,,,,,,,,,,,,,,,,,,,,,,,,,,,,,,,,,,,,
2023,5,26,9,0,14.7,14.7,100,,,,,,,,,,,,,,,,,,,,,,,,,,,,,,,,,,,,
2023,5,26,10,0,14.2,14.2,100,,,,,,,,,,,,,,,,,,,,,,,,,,,,,,,,,,,,
2023,5,26,11,0,15.6,15.2,97.52,,,,,,,,,,,,,,,,,,,,,,,,,,,,,,,,,,,,
2023,5,26,12,0,17,15.2,89.26,,,,,,,,,,,,,,,,,,,,,,,,,,,,,,,,,,,,
2023,5,26,13,0,18.4,14.8,79.4,,,,,,,,,,,,,,,,,,,,,,,,,,,,,,,,,,,,
2023,5,26,14,0,19.8,14.5,71.35,,,,,,,,,,,,,,,,,,,,,,,,,,,,,,,,,,,,
2023,5,26,15,0,21.3,14.5,65.08,,,,,,,,,,,,,,,,,,,,,,,,,,,,,,,,,,,,
2023,5,26,16,0,22.6,14.7,61.07,,,,,,,,,,,,,,,,,,,,,,,,,,,,,,,,,,,,
2023,5,26,17,0,23.7,15,58.28,,,,,,,,,,,,,,,,,,,,,,,,,,,,,,,,,,,,
2023,5,26,18,0,24.4,15.3,56.79,,,,,,,,,,,,,,,,,,,,,,,,,,,,,,,,,,,,
2023,5,26,19,0,24.6,15.4,56.58,,,,,,,,,,,,,,,,,,,,,,,,,,,,,,,,,,,,
2023,5,26,20,0,24.4,15.4,57.38,,,,,,,,,,,,,,,,,,,,,,,,,,,,,,,,,,,,
2023,5,26,21,0,23.9,15.3,58.76,,,,,,,,,,,,,,,,,,,,,,,,,,,,,,,,,,,,
2023,5,26,22,0,22.9,15.4,62.51,,,,,,,,,,,,,,,,,,,,,,,,,,,,,,,,,,,,
2023,5,26,23,0,21,15.9,72.73,,,,,,,,,,,,,,,,,,,,,,,,,,,,,,,,,,,,
2023,5,27,0,0,18.1,15.1,82.41,,,,,,,,,,,,,,,,,,,,,,,,,,,,,,,,,,,,
2023,5,27,1,0,16.4,13.7,84.02,,,,,,,,,,,,,,,,,,,,,,,,,,,,,,,,,,,,
2023,5,27,2,0,15,13,87.96,,,,,,,,,,,,,,,,,,,,,,,,,,,,,,,,,,,,
2023,5,27,3,0,14.1,12.4,89.44,,,,,,,,,,,,,,,,,,,,,,,,,,,,,,,,,,,,
2023,5,27,4,0,13.9,11.6,86.09,,,,,,,,,,,,,,,,,,,,,,,,,,,,,,,,,,,,
2023,5,27,5,0,13.6,10.7,82.72,,,,,,,,,,,,,,,,,,,,,,,,,,,,,,,,,,,,
2023,5,27,6,0,13,10.1,82.63,,,,,,,,,,,,,,,,,,,,,,,,,,,,,,,,,,,,
2023,5,27,7,0,12.5,9.7,82.97,,,,,,,,,,,,,,,,,,,,,,,,,,,,,,,,,,,,
2023,5,27,8,0,11.8,9.3,84.62,,,,,,,,,,,,,,,,,,,,,,,,,,,,,,,,,,,,
2023,5,27,9,0,11.3,8.8,84.68,,,,,,,,,,,,,,,,,,,,,,,,,,,,,,,,,,,,
2023,5,27,10,0,10.7,8.4,85.59,,,,,,,,,,,,,,,,,,,,,,,,,,,,,,,,,,,,
2023,5,27,11,0,12.1,8.6,78.93,,,,,,,,,,,,,,,,,,,,,,,,,,,,,,,,,,,,
2023,5,27,12,0,14.4,8.3,66.69,,,,,,,,,,,,,,,,,,,,,,,,,,,,,,,,,,,,
2023,5,27,13,0,16.4,7.4,55.4,,,,,,,,,,,,,,,,,,,,,,,,,,,,,,,,,,,,
2023,5,27,14,0,18,6.9,48.41,,,,,,,,,,,,,,,,,,,,,,,,,,,,,,,,,,,,
2023,5,27,15,0,19.5,6.9,43.95,,,,,,,,,,,,,,,,,,,,,,,,,,,,,,,,,,,,
2023,5,27,16,0,20.7,7.3,41.91,,,,,,,,,,,,,,,,,,,,,,,,,,,,,,,,,,,,
2023,5,27,17,0,21.7,7.9,41.18,,,,,,,,,,,,,,,,,,,,,,,,,,,,,,,,,,,,
2023,5,27,18,0,22.4,8.6,41.2,,,,,,,,,,,,,,,,,,,,,,,,,,,,,,,,,,,,
2023,5,27,19,0,22.7,9.1,42.02,,,,,,,,,,,,,,,,,,,,,,,,,,,,,,,,,,,,
2023,5,27,20,0,22.5,9.7,44.11,,,,,,,,,,,,,,,,,,,,,,,,,,,,,,,,,,,,
2023,5,27,21,0,22,10.4,47.65,,,,,,,,,,,,,,,,,,,,,,,,,,,,,,,,,,,,
2023,5,27,22,0,20.9,11.4,54.42,,,,,,,,,,,,,,,,,,,,,,,,,,,,,,,,,,,,
2023,5,27,23,0,18.9,12.7,67.36,,,,,,,,,,,,,,,,,,,,,,,,,,,,,,,,,,,,
2023,5,28,0,0,15.7,12.3,80.37,,,,,,,,,,,,,,,,,,,,,,,,,,,,,,,,,,,,
2023,5,28,1,0,14.2,11.3,82.69,,,,,,,,,,,,,,,,,,,,,,,,,,,,,,,,,,,,
2023,5,28,2,0,13.2,10.9,85.95,,,,,,,,,,,,,,,,,,,,,,,,,,,,,,,,,,,,
2023,5,28,3,0,12.2,10.7,90.79,,,,,,,,,,,,,,,,,,,,,,,,,,,,,,,,,,,,
2023,5,28,4,0,11.4,10.6,95.04,,,,,,,,,,,,,,,,,,,,,,,,,,,,,,,,,,,,
2023,5,28,5,0,10.8,10.5,98.06,,,,,,,,,,,,,,,,,,,,,,,,,,,,,,,,,,,,
2023,5,28,6,0,10.3,10.3,100,,,,,,,,,,,,,,,,,,,,,,,,,,,,,,,,,,,,
2023,5,28,7,0,10.1,10.1,100,,,,,,,,,,,,,,,,,,,,,,,,,,,,,,,,,,,,
2023,5,28,8,0,9.9,9.9,100,,,,,,,,,,,,,,,,,,,,,,,,,,,,,,,,,,,,
2023,5,28,9,0,9.5,9.5,100,,,,,,,,,,,,,,,,,,,,,,,,,,,,,,,,,,,,
2023,5,28,10,0,9.2,9.2,100,,,,,,,,,,,,,,,,,,,,,,,,,,,,,,,,,,,,
2023,5,28,11,0,11.6,10.8,95.12,,,,,,,,,,,,,,,,,,,,,,,,,,,,,,,,,,,,
2023,5,28,12,0,14.3,11.4,82.82,,,,,,,,,,,,,,,,,,,,,,,,,,,,,,,,,,,,
2023,5,28,13,0,17,12.2,73.27,,,,,,,,,,,,,,,,,,,,,,,,,,,,,,,,,,,,
2023,5,28,14,0,19.2,12.6,65.75,,,,,,,,,,,,,,,,,,,,,,,,,,,,,,,,,,,,
2023,5,28,15,0,20.8,13,60.84,,,,,,,,,,,,,,,,,,,,,,,,,,,,,,,,,,,,
2023,5,28,16,0,22.2,13.2,56.62,,,,,,,,,,,,,,,,,,,,,,,,,,,,,,,,,,,,
2023,5,28,17,0,23.3,13.3,53.35,,,,,,,,,,,,,,,,,,,,,,,,,,,,,,,,,,,,
2023,5,28,18,0,24,13.2,50.95,,,,,,,,,,,,,,,,,,,,,,,,,,,,,,,,,,,,
2023,5,28,19,0,24.3,13.1,49.69,,,,,,,,,,,,,,,,,,,,,,,,,,,,,,,,,,,,
2023,5,28,20,0,24.3,13.1,49.48,,,,,,,,,,,,,,,,,,,,,,,,,,,,,,,,,,,,
2023,5,28,21,0,23.8,13.3,51.65,,,,,,,,,,,,,,,,,,,,,,,,,,,,,,,,,,,,
2023,5,28,22,0,22.9,14.4,58.61,,,,,,,,,,,,,,,,,,,,,,,,,,,,,,,,,,,,
2023,5,28,23,0,21.2,16.5,74.75,,,,,,,,,,,,,,,,,,,,,,,,,,,,,,,,,,,,
2023,5,29,0,0,18.2,15.8,85.83,,,,,,,,,,,,,,,,,,,,,,,,,,,,,,,,,,,,
2023,5,29,1,0,16.9,14.6,86.6,,,,,,,,,,,,,,,,,,,,,,,,,,,,,,,,,,,,
2023,5,29,2,0,15.9,14.3,90.04,,,,,,,,,,,,,,,,,,,,,,,,,,,,,,,,,,,,
2023,5,29,3,0,14.9,14,94.06,,,,,,,,,,,,,,,,,,,,,,,,,,,,,,,,,,,,
2023,5,29,4,0,14.2,13.7,96.69,,,,,,,,,,,,,,,,,,,,,,,,,,,,,,,,,,,,
2023,5,29,5,0,13.5,13.4,99.66,,,,,,,,,,,,,,,,,,,,,,,,,,,,,,,,,,,,
2023,5,29,6,0,12.7,12.7,100,,,,,,,,,,,,,,,,,,,,,,,,,,,,,,,,,,,,
2023,5,29,7,0,11.9,11.9,100,,,,,,,,,,,,,,,,,,,,,,,,,,,,,,,,,,,,
2023,5,29,8,0,11.4,11.4,100,,,,,,,,,,,,,,,,,,,,,,,,,,,,,,,,,,,,
2023,5,29,9,0,11,11,100,,,,,,,,,,,,,,,,,,,,,,,,,,,,,,,,,,,,
2023,5,29,10,0,11,11,100,,,,,,,,,,,,,,,,,,,,,,,,,,,,,,,,,,,,
2023,5,29,11,0,13.2,12.6,95.88,,,,,,,,,,,,,,,,,,,,,,,,,,,,,,,,,,,,
2023,5,29,12,0,15.6,13.1,84.8,,,,,,,,,,,,,,,,,,,,,,,,,,,,,,,,,,,,
2023,5,29,13,0,18,13.3,74.13,,,,,,,,,,,,,,,,,,,,,,,,,,,,,,,,,,,,
2023,5,29,14,0,19.5,13.6,68.88,,,,,,,,,,,,,,,,,,,,,,,,,,,,,,,,,,,,
2023,5,29,15,0,20.8,14,65.03,,,,,,,,,,,,,,,,,,,,,,,,,,,,,,,,,,,,
2023,5,29,16,0,22,14.4,61.89,,,,,,,,,,,,,,,,,,,,,,,,,,,,,,,,,,,,
2023,5,29,17,0,23,14.8,59.78,,,,,,,,,,,,,,,,,,,,,,,,,,,,,,,,,,,,
2023,5,29,18,0,23.8,15.2,58.46,,,,,,,,,,,,,,,,,,,,,,,,,,,,,,,,,,,,
2023,5,29,19,0,24.1,15.5,58.51,,,,,,,,,,,,,,,,,,,,,,,,,,,,,,,,,,,,
2023,5,29,20,0,24.1,15.7,59.5,,,,,,,,,,,,,,,,,,,,,,,,,,,,,,,,,,,,
2023,5,29,21,0,23.6,15.9,62.1,,,,,,,,,,,,,,,,,,,,,,,,,,,,,,,,,,,,
2023,5,29,22,0,22.8,16.2,66.5,,,,,,,,,,,,,,,,,,,,,,,,,,,,,,,,,,,,
2023,5,29,23,0,21.5,17.2,76.7,,,,,,,,,,,,,,,,,,,,,,,,,,,,,,,,,,,,
2023,5,30,0,0,18.6,17.4,92.58,,,,,,,,,,,,,,,,,,,,,,,,,,,,,,,,,,,,
2023,5,30,1,0,17,16.4,96.35,,,,,,,,,,,,,,,,,,,,,,,,,,,,,,,,,,,,
2023,5,30,2,0,16.4,16,97.77,,,,,,,,,,,,,,,,,,,,,,,,,,,,,,,,,,,,
2023,5,30,3,0,15.8,15.8,99.83,,,,,,,,,,,,,,,,,,,,,,,,,,,,,,,,,,,,
2023,5,30,4,0,15.2,15.2,100,,,,,,,,,,,,,,,,,,,,,,,,,,,,,,,,,,,,
2023,5,30,5,0,14.7,14.7,100,,,,,,,,,,,,,,,,,,,,,,,,,,,,,,,,,,,,
2023,5,30,6,0,14.3,14.3,100,,,,,,,,,,,,,,,,,,,,,,,,,,,,,,,,,,,,
2023,5,30,7,0,13.9,13.9,100,,,,,,,,,,,,,,,,,,,,,,,,,,,,,,,,,,,,
2023,5,30,8,0,13.7,13.7,100,,,,,,,,,,,,,,,,,,,,,,,,,,,,,,,,,,,,
2023,5,30,9,0,13.6,13.6,100,,,,,,,,,,,,,,,,,,,,,,,,,,,,,,,,,,,,
2023,5,30,10,0,13.6,13.6,100,,,,,,,,,,,,,,,,,,,,,,,,,,,,,,,,,,,,
2023,5,30,11,0,16.2,16,98.43,,,,,,,,,,,,,,,,,,,,,,,,,,,,,,,,,,,,
2023,5,30,12,0,18.7,16.8,88.76,,,,,,,,,,,,,,,,,,,,,,,,,,,,,,,,,,,,
2023,5,30,13,0,21.2,17.1,77.3,,,,,,,,,,,,,,,,,,,,,,,,,,,,,,,,,,,,
2023,5,30,14,0,22.9,17,69.38,,,,,,,,,,,,,,,,,,,,,,,,,,,,,,,,,,,,
2023,5,30,15,0,24.2,16.9,63.61,,,,,,,,,,,,,,,,,,,,,,,,,,,,,,,,,,,,
2023,5,30,16,0,25,16.8,60.36,,,,,,,,,,,,,,,,,,,,,,,,,,,,,,,,,,,,
2023,5,30,17,0,25.7,17,58.51,,,,,,,,,,,,,,,,,,,,,,,,,,,,,,,,,,,,
2023,5,30,18,0,26.2,17.1,57.2,,,,,,,,,,,,,,,,,,,,,,,,,,,,,,,,,,,,
2023,5,30,19,0,26.4,17.1,56.64,,,,,,,,,,,,,,,,,,,,,,,,,,,,,,,,,,,,
2023,5,30,20,0,26.3,17.1,56.84,,,,,,,,,,,,,,,,,,,,,,,,,,,,,,,,,,,,
2023,5,30,21,0,25.8,17.3,59.45,,,,,,,,,,,,,,,,,,,,,,,,,,,,,,,,,,,,
2023,5,30,22,0,25,18,65.01,,,,,,,,,,,,,,,,,,,,,,,,,,,,,,,,,,,,
2023,5,30,23,0,23.5,19.4,77.94,,,,,,,,,,,,,,,,,,,,,,,,,,,,,,,,,,,,
2023,5,31,0,0,20.5,18.9,90.61,,,,,,,,,,,,,,,,,,,,,,,,,,,,,,,,,,,,
2023,5,31,1,0,19.2,17.9,92.08,,,,,,,,,,,,,,,,,,,,,,,,,,,,,,,,,,,,
2023,5,31,2,0,18.9,17.6,92.44,,,,,,,,,,,,,,,,,,,,,,,,,,,,,,,,,,,,
2023,5,31,3,0,18.3,17.6,95.86,,,,,,,,,,,,,,,,,,,,,,,,,,,,,,,,,,,,
2023,5,31,4,0,17.7,17.7,100,,,,,,,,,,,,,,,,,,,,,,,,,,,,,,,,,,,,
2023,5,31,5,0,17.3,17.3,100,,,,,,,,,,,,,,,,,,,,,,,,,,,,,,,,,,,,
2023,5,31,6,0,17,17,100,,,,,,,,,,,,,,,,,,,,,,,,,,,,,,,,,,,,
2023,5,31,7,0,16.9,16.9,100,,,,,,,,,,,,,,,,,,,,,,,,,,,,,,,,,,,,
2023,5,31,8,0,16.8,16.8,100,,,,,,,,,,,,,,,,,,,,,,,,,,,,,,,,,,,,
2023,5,31,9,0,16.7,16.7,100,,,,,,,,,,,,,,,,,,,,,,,,,,,,,,,,,,,,
2023,5,31,10,0,16.7,16.7,100,,,,,,,,,,,,,,,,,,,,,,,,,,,,,,,,,,,,
2023,5,31,11,0,17.9,17.8,99.54,,,,,,,,,,,,,,,,,,,,,,,,,,,,,,,,,,,,
2023,5,31,12,0,19.1,18.6,96.62,,,,,,,,,,,,,,,,,,,,,,,,,,,,,,,,,,,,
2023,5,31,13,0,20.6,18.9,89.98,,,,,,,,,,,,,,,,,,,,,,,,,,,,,,,,,,,,
2023,5,31,14,0,22.5,18.8,79.6,,,,,,,,,,,,,,,,,,,,,,,,,,,,,,,,,,,,
2023,5,31,15,0,24.1,18.7,71.64,,,,,,,,,,,,,,,,,,,,,,,,,,,,,,,,,,,,
2023,5,31,16,0,25.2,18.7,67.16,,,,,,,,,,,,,,,,,,,,,,,,,,,,,,,,,,,,
2023,5,31,17,0,25.7,18.6,65.08,,,,,,,,,,,,,,,,,,,,,,,,,,,,,,,,,,,,
2023,5,31,18,0,25.7,18.5,64.6,,,,,,,,,,,,,,,,,,,,,,,,,,,,,,,,,,,,
2023,5,31,19,0,25.5,18.5,65.22,,,,,,,,,,,,,,,,,,,,,,,,,,,,,,,,,,,,
2023,5,31,20,0,25,18.6,67.59,,,,,,,,,,,,,,,,,,,,,,,,,,,,,,,,,,,,
2023,5,31,21,0,24.4,18.8,70.88,,,,,,,,,,,,,,,,,,,,,,,,,,,,,,,,,,,,
2023,5,31,22,0,23.7,19.1,75.39,,,,,,,,,,,,,,,,,,,,,,,,,,,,,,,,,,,,
2023,5,31,23,0,22.7,19.8,83.62,,,,,,,,,,,,,,,,,,,,,,,,,,,,,,,,,,,,
2023,6,1,0,0,20.7,19.8,94.61,,,,,,,,,,,,,,,,,,,,,,,,,,,,,,,,,,,,
2023,6,1,1,0,19.7,19.1,96.12,,,,,,,,,,,,,,,,,,,,,,,,,,,,,,,,,,,,
2023,6,1,2,0,19.3,18.8,96.67,,,,,,,,,,,,,,,,,,,,,,,,,,,,,,,,,,,,
2023,6,1,3,0,18.7,18.6,99.36,,,,,,,,,,,,,,,,,,,,,,,,,,,,,,,,,,,,
2023,6,1,4,0,18.1,18.1,100,,,,,,,,,,,,,,,,,,,,,,,,,,,,,,,,,,,,
2023,6,1,5,0,17.6,17.6,100,,,,,,,,,,,,,,,,,,,,,,,,,,,,,,,,,,,,
2023,6,1,6,0,17.2,17.2,100,,,,,,,,,,,,,,,,,,,,,,,,,,,,,,,,,,,,
2023,6,1,7,0,16.8,16.8,100,,,,,,,,,,,,,,,,,,,,,,,,,,,,,,,,,,,,
2023,6,1,8,0,16.5,16.5,100,,,,,,,,,,,,,,,,,,,,,,,,,,,,,,,,,,,,
2023,6,1,9,0,16.2,16.2,100,,,,,,,,,,,,,,,,,,,,,,,,,,,,,,,,,,,,
2023,6,1,10,0,16.1,16.1,100,,,,,,,,,,,,,,,,,,,,,,,,,,,,,,,,,,,,
2023,6,1,11,0,18,17.7,98.33,,,,,,,,,,,,,,,,,,,,,,,,,,,,,,,,,,,,
2023,6,1,12,0,20.1,18.3,89.34,,,,,,,,,,,,,,,,,,,,,,,,,,,,,,,,,,,,
2023,6,1,13,0,22.1,18.3,78.89,,,,,,,,,,,,,,,,,,,,,,,,,,,,,,,,,,,,
2023,6,1,14,0,23.5,18.1,71.84,,,,,,,,,,,,,,,,,,,,,,,,,,,,,,,,,,,,
2023,6,1,15,0,24.6,18.2,67.46,,,,,,,,,,,,,,,,,,,,,,,,,,,,,,,,,,,,
2023,6,1,16,0,25.5,18.2,64.17,,,,,,,,,,,,,,,,,,,,,,,,,,,,,,,,,,,,
2023,6,1,17,0,26.2,18.3,61.85,,,,,,,,,,,,,,,,,,,,,,,,,,,,,,,,,,,,
2023,6,1,18,0,26.8,18.5,60.38,,,,,,,,,,,,,,,,,,,,,,,,,,,,,,,,,,,,
2023,6,1,19,0,27.1,18.6,59.72,,,,,,,,,,,,,,,,,,,,,,,,,,,,,,,,,,,,
2023,6,1,20,0,27.1,18.6,59.71,,,,,,,,,,,,,,,,,,,,,,,,,,,,,,,,,,,,
2023,6,1,21,0,26.7,18.6,61.19,,,,,,,,,,,,,,,,,,,,,,,,,,,,,,,,,,,,
2023,6,1,22,0,26.1,19.2,65.67,,,,,,,,,,,,,,,,,,,,,,,,,,,,,,,,,,,,
2023,6,1,23,0,25,20.2,74.82,,,,,,,,,,,,,,,,,,,,,,,,,,,,,,,,,,,,
2023,6,2,0,0,22.1,20.1,88.56,,,,,,,,,,,,,,,,,,,,,,,,,,,,,,,,,,,,
2023,6,2,1,0,20.6,19,90.56,,,,,,,,,,,,,,,,,,,,,,,,,,,,,,,,,,,,
2023,6,2,2,0,19.9,18.6,92.22,,,,,,,,,,,,,,,,,,,,,,,,,,,,,,,,,,,,
2023,6,2,3,0,19.4,18.3,93.41,,,,,,,,,,,,,,,,,,,,,,,,,,,,,,,,,,,,
2023,6,2,4,0,18.9,18.1,95.16,,,,,,,,,,,,,,,,,,,,,,,,,,,,,,,,,,,,
2023,6,2,5,0,18.6,17.9,95.93,,,,,,,,,,,,,,,,,,,,,,,,,,,,,,,,,,,,
2023,6,2,6,0,18.3,17.7,96.22,,,,,,,,,,,,,,,,,,,,,,,,,,,,,,,,,,,,
2023,6,2,7,0,17.8,17.5,98.27,,,,,,,,,,,,,,,,,,,,,,,,,,,,,,,,,,,,
2023,6,2,8,0,17.3,17.3,100,,,,,,,,,,,,,,,,,,,,,,,,,,,,,,,,,,,,
2023,6,2,9,0,16.9,16.9,100,,,,,,,,,,,,,,,,,,,,,,,,,,,,,,,,,,,,
2023,6,2,10,0,16.5,16.5,100,,,,,,,,,,,,,,,,,,,,,,,,,,,,,,,,,,,,
2023,6,2,11,0,18.5,17.7,95.17,,,,,,,,,,,,,,,,,,,,,,,,,,,,,,,,,,,,
2023,6,2,12,0,20.4,18.1,86.54,,,,,,,,,,,,,,,,,,,,,,,,,,,,,,,,,,,,
2023,6,2,13,0,23,16.6,67.37,,,,,,,,,,,,,,,,,,,,,,,,,,,,,,,,,,,,
2023,6,2,14,0,24.5,16.3,60.17,,,,,,,,,,,,,,,,,,,,,,,,,,,,,,,,,,,,
2023,6,2,15,0,25.9,16.5,56.19,,,,,,,,,,,,,,,,,,,,,,,,,,,,,,,,,,,,
2023,6,2,16,0,27,16.9,53.97,,,,,,,,,,,,,,,,,,,,,,,,,,,,,,,,,,,,
2023,6,2,17,0,28,17.2,51.87,,,,,,,,,,,,,,,,,,,,,,,,,,,,,,,,,,,,
2023,6,2,18,0,28.6,17.4,50.69,,,,,,,,,,,,,,,,,,,,,,,,,,,,,,,,,,,,
2023,6,2,19,0,28.8,17.6,50.69,,,,,,,,,,,,,,,,,,,,,,,,,,,,,,,,,,,,
2023,6,2,20,0,28.7,17.8,51.76,,,,,,,,,,,,,,,,,,,,,,,,,,,,,,,,,,,,
2023,6,2,21,0,28.4,18.3,54.3,,,,,,,,,,,,,,,,,,,,,,,,,,,,,,,,,,,,
2023,6,2,22,0,28.3,18.8,56.52,,,,,,,,,,,,,,,,,,,,,,,,,,,,,,,,,,,,
2023,6,2,23,0,26.4,19.6,66.19,,,,,,,,,,,,,,,,,,,,,,,,,,,,,,,,,,,,
2023,6,3,0,0,23,20,83.19,,,,,,,,,,,,,,,,,,,,,,,,,,,,,,,,,,,,
2023,6,3,1,0,21.3,18.5,84.07,,,,,,,,,,,,,,,,,,,,,,,,,,,,,,,,,,,,
2023,6,3,2,0,20.2,17.9,86.39,,,,,,,,,,,,,,,,,,,,,,,,,,,,,,,,,,,,
2023,6,3,3,0,19,17.3,89.81,,,,,,,,,,,,,,,,,,,,,,,,,,,,,,,,,,,,
2023,6,3,4,0,18.1,16.8,91.95,,,,,,,,,,,,,,,,,,,,,,,,,,,,,,,,,,,,
2023,6,3,5,0,17.4,16.2,92.55,,,,,,,,,,,,,,,,,,,,,,,,,,,,,,,,,,,,
2023,6,3,6,0,16.8,15.6,92.67,,,,,,,,,,,,,,,,,,,,,,,,,,,,,,,,,,,,
2023,6,3,7,0,16.1,15.1,93.61,,,,,,,,,,,,,,,,,,,,,,,,,,,,,,,,,,,,
2023,6,3,8,0,15.6,14.6,93.64,,,,,,,,,,,,,,,,,,,,,,,,,,,,,,,,,,,,
2023,6,3,9,0,15.1,14.1,93.96,,,,,,,,,,,,,,,,,,,,,,,,,,,,,,,,,,,,
2023,6,3,10,0,14.8,13.8,93.71,,,,,,,,,,,,,,,,,,,,,,,,,,,,,,,,,,,,
2023,6,3,11,0,17.1,14.7,85.56,,,,,,,,,,,,,,,,,,,,,,,,,,,,,,,,,,,,
2023,6,3,12,0,19.5,15,75.04,,,,,,,,,,,,,,,,,,,,,,,,,,,,,,,,,,,,
2023,6,3,13,0,22.4,16,67.3,,,,,,,,,,,,,,,,,,,,,,,,,,,,,,,,,,,,
2023,6,3,14,0,25.3,15.2,53.69,,,,,,,,,,,,,,,,,,,,,,,,,,,,,,,,,,,,
2023,6,3,15,0,26.7,14.7,47.75,,,,,,,,,,,,,,,,,,,,,,,,,,,,,,,,,,,,
2023,6,3,16,0,27.8,14.3,43.6,,,,,,,,,,,,,,,,,,,,,,,,,,,,,,,,,,,,
2023,6,3,17,0,28.5,14.4,42.13,,,,,,,,,,,,,,,,,,,,,,,,,,,,,,,,,,,,
2023,6,3,18,0,29,14.6,41.61,,,,,,,,,,,,,,,,,,,,,,,,,,,,,,,,,,,,
2023,6,3,19,0,29.1,14.9,42.08,,,,,,,,,,,,,,,,,,,,,,,,,,,,,,,,,,,,
2023,6,3,20,0,28.8,15.2,43.66,,,,,,,,,,,,,,,,,,,,,,,,,,,,,,,,,,,,
2023,6,3,21,0,28.3,15.6,46.19,,,,,,,,,,,,,,,,,,,,,,,,,,,,,,,,,,,,
2023,6,3,22,0,27.3,16.8,52.82,,,,,,,,,,,,,,,,,,,,,,,,,,,,,,,,,,,,
2023,6,3,23,0,25.1,18.7,67.49,,,,,,,,,,,,,,,,,,,,,,,,,,,,,,,,,,,,
2023,6,4,0,0,21.6,18,80.12,,,,,,,,,,,,,,,,,,,,,,,,,,,,,,,,,,,,
2023,6,4,1,0,19.9,16.6,81.38,,,,,,,,,,,,,,,,,,,,,,,,,,,,,,,,,,,,
2023,6,4,2,0,19.2,16.1,82.44,,,,,,,,,,,,,,,,,,,,,,,,,,,,,,,,,,,,
2023,6,4,3,0,18.5,15.9,84.58,,,,,,,,,,,,,,,,,,,,,,,,,,,,,,,,,,,,
2023,6,4,4,0,17.9,15.8,87.36,,,,,,,,,,,,,,,,,,,,,,,,,,,,,,,,,,,,
2023,6,4,5,0,17.4,15.8,90.24,,,,,,,,,,,,,,,,,,,,,,,,,,,,,,,,,,,,
2023,6,4,6,0,17,15.8,92.94,,,,,,,,,,,,,,,,,,,,,,,,,,,,,,,,,,,,
2023,6,4,7,0,16.7,16,95.35,,,,,,,,,,,,,,,,,,,,,,,,,,,,,,,,,,,,
2023,6,4,8,0,16.2,16.1,99.14,,,,,,,,,,,,,,,,,,,,,,,,,,,,,,,,,,,,
2023,6,4,9,0,15.9,15.9,100,,,,,,,,,,,,,,,,,,,,,,,,,,,,,,,,,,,,
2023,6,4,10,0,16,16,100,,,,,,,,,,,,,,,,,,,,,,,,,,,,,,,,,,,,
2023,6,4,11,0,17.6,17,96.4,,,,,,,,,,,,,,,,,,,,,,,,,,,,,,,,,,,,
2023,6,4,12,0,19.8,18.1,89.84,,,,,,,,,,,,,,,,,,,,,,,,,,,,,,,,,,,,
2023,6,4,13,0,22.2,19.3,83.41,,,,,,,,,,,,,,,,,,,,,,,,,,,,,,,,,,,,
2023,6,4,14,0,23.7,19.5,77.11,,,,,,,,,,,,,,,,,,,,,,,,,,,,,,,,,,,,
2023,6,4,15,0,24.7,19.4,72.46,,,,,,,,,,,,,,,,,,,,,,,,,,,,,,,,,,,,
2023,6,4,16,0,25.4,19.4,69.29,,,,,,,,,,,,,,,,,,,,,,,,,,,,,,,,,,,,
2023,6,4,17,0,25.5,19.3,68.63,,,,,,,,,,,,,,,,,,,,,,,,,,,,,,,,,,,,
2023,6,4,18,0,25.4,19.4,69.29,,,,,,,,,,,,,,,,,,,,,,,,,,,,,,,,,,,,
2023,6,4,19,0,25.1,19.5,71.17,,,,,,,,,,,,,,,,,,,,,,,,,,,,,,,,,,,,
2023,6,4,20,0,24.5,19.7,74.74,,,,,,,,,,,,,,,,,,,,,,,,,,,,,,,,,,,,
2023,6,4,21,0,23.9,20.1,79.31,,,,,,,,,,,,,,,,,,,,,,,,,,,,,,,,,,,,
2023,6,4,22,0,23.2,20.5,85.02,,,,,,,,,,,,,,,,,,,,,,,,,,,,,,,,,,,,
2023,6,4,23,0,22.1,20.9,93.05,,,,,,,,,,,,,,,,,,,,,,,,,,,,,,,,,,,,
2023,6,5,0,0,20.5,20.2,98.01,,,,,,,,,,,,,,,,,,,,,,,,,,,,,,,,,,,,
2023,6,5,1,0,19.7,19.5,98.85,,,,,,,,,,,,,,,,,,,,,,,,,,,,,,,,,,,,
2023,6,5,2,0,19.2,19.2,100,,,,,,,,,,,,,,,,,,,,,,,,,,,,,,,,,,,,
2023,6,5,3,0,18.8,18.8,100,,,,,,,,,,,,,,,,,,,,,,,,,,,,,,,,,,,,
2023,6,5,4,0,18.3,18.3,100,,,,,,,,,,,,,,,,,,,,,,,,,,,,,,,,,,,,
2023,6,5,5,0,17.7,17.7,100,,,,,,,,,,,,,,,,,,,,,,,,,,,,,,,,,,,,
2023,6,5,6,0,17.1,17.1,100,,,,,,,,,,,,,,,,,,,,,,,,,,,,,,,,,,,,
2023,6,5,7,0,16.6,16.6,100,,,,,,,,,,,,,,,,,,,,,,,,,,,,,,,,,,,,
2023,6,5,8,0,16.1,16.1,100,,,,,,,,,,,,,,,,,,,,,,,,,,,,,,,,,,,,
2023,6,5,9,0,15.6,15.6,100,,,,,,,,,,,,,,,,,,,,,,,,,,,,,,,,,,,,
2023,6,5,10,0,15.2,15.2,100,,,,,,,,,,,,,,,,,,,,,,,,,,,,,,,,,,,,
2023,6,5,11,0,16.8,16.7,99.13,,,,,,,,,,,,,,,,,,,,,,,,,,,,,,,,,,,,
2023,6,5,12,0,18.4,17,91.45,,,,,,,,,,,,,,,,,,,,,,,,,,,,,,,,,,,,
2023,6,5,13,0,20.3,17,81.36,,,,,,,,,,,,,,,,,,,,,,,,,,,,,,,,,,,,
2023,6,5,14,0,22.7,17.2,71.32,,,,,,,,,,,,,,,,,,,,,,,,,,,,,,,,,,,,
2023,6,5,15,0,24.8,17.7,64.65,,,,,,,,,,,,,,,,,,,,,,,,,,,,,,,,,,,,
2023,6,5,16,0,26.2,18,60.71,,,,,,,,,,,,,,,,,,,,,,,,,,,,,,,,,,,,
2023,6,5,17,0,27.1,18.2,58.34,,,,,,,,,,,,,,,,,,,,,,,,,,,,,,,,,,,,
2023,6,5,18,0,27.6,18.3,57.06,,,,,,,,,,,,,,,,,,,,,,,,,,,,,,,,,,,,
2023,6,5,19,0,27.8,18.5,56.85,,,,,,,,,,,,,,,,,,,,,,,,,,,,,,,,,,,,
2023,6,5,20,0,27.7,18.6,57.59,,,,,,,,,,,,,,,,,,,,,,,,,,,,,,,,,,,,
2023,6,5,21,0,27.4,18.8,59.4,,,,,,,,,,,,,,,,,,,,,,,,,,,,,,,,,,,,
2023,6,5,22,0,27.5,19.8,62.71,,,,,,,,,,,,,,,,,,,,,,,,,,,,,,,,,,,,
2023,6,5,23,0,26,20.2,70.27,,,,,,,,,,,,,,,,,,,,,,,,,,,,,,,,,,,,
2023,6,6,0,0,23.2,19.7,80.76,,,,,,,,,,,,,,,,,,,,,,,,,,,,,,,,,,,,
2023,6,6,1,0,21.9,18.3,79.94,,,,,,,,,,,,,,,,,,,,,,,,,,,,,,,,,,,,
2023,6,6,2,0,21,17.7,81.65,,,,,,,,,,,,,,,,,,,,,,,,,,,,,,,,,,,,
2023,6,6,3,0,20.1,17.4,84.47,,,,,,,,,,,,,,,,,,,,,,,,,,,,,,,,,,,,
2023,6,6,4,0,19.2,17.2,88.26,,,,,,,,,,,,,,,,,,,,,,,,,,,,,,,,,,,,
2023,6,6,5,0,18.7,17.1,90.22,,,,,,,,,,,,,,,,,,,,,,,,,,,,,,,,,,,,
2023,6,6,6,0,18.5,17.1,91.41,,,,,,,,,,,,,,,,,,,,,,,,,,,,,,,,,,,,
2023,6,6,7,0,18.3,17.2,93.23,,,,,,,,,,,,,,,,,,,,,,,,,,,,,,,,,,,,
2023,6,6,8,0,18.3,17.3,94.08,,,,,,,,,,,,,,,,,,,,,,,,,,,,,,,,,,,,
2023,6,6,9,0,18,17.4,96.47,,,,,,,,,,,,,,,,,,,,,,,,,,,,,,,,,,,,
2023,6,6,10,0,17.5,17.4,99.29,,,,,,,,,,,,,,,,,,,,,,,,,,,,,,,,,,,,
2023,6,6,11,0,19,18.1,94.24,,,,,,,,,,,,,,,,,,,,,,,,,,,,,,,,,,,,
2023,6,6,12,0,20.8,19,89.19,,,,,,,,,,,,,,,,,,,,,,,,,,,,,,,,,,,,
2023,6,6,13,0,23.6,19.6,78.47,,,,,,,,,,,,,,,,,,,,,,,,,,,,,,,,,,,,
2023,6,6,14,0,25.8,19.4,67.98,,,,,,,,,,,,,,,,,,,,,,,,,,,,,,,,,,,,
2023,6,6,15,0,27.4,19,60.08,,,,,,,,,,,,,,,,,,,,,,,,,,,,,,,,,,,,
2023,6,6,16,0,28.5,18.7,55.37,,,,,,,,,,,,,,,,,,,,,,,,,,,,,,,,,,,,
2023,6,6,17,0,29.4,18.6,52.4,,,,,,,,,,,,,,,,,,,,,,,,,,,,,,,,,,,,
2023,6,6,18,0,29.9,18.6,50.81,,,,,,,,,,,,,,,,,,,,,,,,,,,,,,,,,,,,
2023,6,6,19,0,30,18.6,50.37,,,,,,,,,,,,,,,,,,,,,,,,,,,,,,,,,,,,
2023,6,6,20,0,29.9,18.6,50.85,,,,,,,,,,,,,,,,,,,,,,,,,,,,,,,,,,,,
2023,6,6,21,0,29.4,19,53.53,,,,,,,,,,,,,,,,,,,,,,,,,,,,,,,,,,,,
2023,6,6,22,0,28.2,19.7,60.02,,,,,,,,,,,,,,,,,,,,,,,,,,,,,,,,,,,,
2023,6,6,23,0,26.1,21.1,74.1,,,,,,,,,,,,,,,,,,,,,,,,,,,,,,,,,,,,
2023,6,7,0,0,23.4,20.9,85.9,,,,,,,,,,,,,,,,,,,,,,,,,,,,,,,,,,,,
2023,6,7,1,0,22,20.1,88.72,,,,,,,,,,,,,,,,,,,,,,,,,,,,,,,,,,,,
2023,6,7,2,0,21.2,19.6,90.77,,,,,,,,,,,,,,,,,,,,,,,,,,,,,,,,,,,,
2023,6,7,3,0,20.5,19.4,93.37,,,,,,,,,,,,,,,,,,,,,,,,,,,,,,,,,,,,
2023,6,7,4,0,20,19.2,95.27,,,,,,,,,,,,,,,,,,,,,,,,,,,,,,,,,,,,
2023,6,7,5,0,19.6,19,96.48,,,,,,,,,,,,,,,,,,,,,,,,,,,,,,,,,,,,
2023,6,7,6,0,19.2,18.8,97.57,,,,,,,,,,,,,,,,,,,,,,,,,,,,,,,,,,,,
2023,6,7,7,0,18.9,18.6,98.02,,,,,,,,,,,,,,,,,,,,,,,,,,,,,,,,,,,,
2023,6,7,8,0,18.7,18.4,97.89,,,,,,,,,,,,,,,,,,,,,,,,,,,,,,,,,,,,
2023,6,7,9,0,18.5,18.2,98.2,,,,,,,,,,,,,,,,,,,,,,,,,,,,,,,,,,,,
2023,6,7,10,0,18.2,18.2,99.7,,,,,,,,,,,,,,,,,,,,,,,,,,,,,,,,,,,,
2023,6,7,11,0,19.4,19.3,99.2,,,,,,,,,,,,,,,,,,,,,,,,,,,,,,,,,,,,
2023,6,7,12,0,21.2,20.3,94.75,,,,,,,,,,,,,,,,,,,,,,,,,,,,,,,,,,,,
2023,6,7,13,0,23.8,20.9,83.7,,,,,,,,,,,,,,,,,,,,,,,,,,,,,,,,,,,,
2023,6,7,14,0,26.6,20.1,67.34,,,,,,,,,,,,,,,,,,,,,,,,,,,,,,,,,,,,
2023,6,7,15,0,28.2,19.2,57.98,,,,,,,,,,,,,,,,,,,,,,,,,,,,,,,,,,,,
2023,6,7,16,0,29.2,18.4,52.3,,,,,,,,,,,,,,,,,,,,,,,,,,,,,,,,,,,,
2023,6,7,17,0,29.9,17.8,48.19,,,,,,,,,,,,,,,,,,,,,,,,,,,,,,,,,,,,
2023,6,7,18,0,30.3,17.2,45.57,,,,,,,,,,,,,,,,,,,,,,,,,,,,,,,,,,,,
2023,6,7,19,0,30.4,17,44.5,,,,,,,,,,,,,,,,,,,,,,,,,,,,,,,,,,,,
2023,6,7,20,0,30.2,16.9,44.83,,,,,,,,,,,,,,,,,,,,,,,,,,,,,,,,,,,,
2023,6,7,21,0,29.6,17.1,47.08,,,,,,,,,,,,,,,,,,,,,,,,,,,,,,,,,,,,
2023,6,7,22,0,28.6,17.9,52.23,,,,,,,,,,,,,,,,,,,,,,,,,,,,,,,,,,,,
2023,6,7,23,0,26.5,19.9,67.05,,,,,,,,,,,,,,,,,,,,,,,,,,,,,,,,,,,,
2023,6,8,0,0,23.7,20.1,80.23,,,,,,,,,,,,,,,,,,,,,,,,,,,,,,,,,,,,
2023,6,8,1,0,22,18.8,82.17,,,,,,,,,,,,,,,,,,,,,,,,,,,,,,,,,,,,
2023,6,8,2,0,21.1,18.3,83.93,,,,,,,,,,,,,,,,,,,,,,,,,,,,,,,,,,,,
2023,6,8,3,0,20.2,17.8,86.35,,,,,,,,,,,,,,,,,,,,,,,,,,,,,,,,,,,,
2023,6,8,4,0,19.6,17.8,89.27,,,,,,,,,,,,,,,,,,,,,,,,,,,,,,,,,,,,
2023,6,8,5,0,19.3,17.8,91.24,,,,,,,,,,,,,,,,,,,,,,,,,,,,,,,,,,,,
2023,6,8,6,0,19,17.8,92.71,,,,,,,,,,,,,,,,,,,,,,,,,,,,,,,,,,,,
2023,6,8,7,0,18.8,17.8,94.17,,,,,,,,,,,,,,,,,,,,,,,,,,,,,,,,,,,,
2023,6,8,8,0,18.5,17.9,96.53,,,,,,,,,,,,,,,,,,,,,,,,,,,,,,,,,,,,
2023,6,8,9,0,18.1,17.8,98.01,,,,,,,,,,,,,,,,,,,,,,,,,,,,,,,,,,,,
2023,6,8,10,0,17.5,17.4,99.13,,,,,,,,,,,,,,,,,,,,,,,,,,,,,,,,,,,,
2023,6,8,11,0,19,18,94.07,,,,,,,,,,,,,,,,,,,,,,,,,,,,,,,,,,,,
2023,6,8,12,0,21.1,17.8,81.45,,,,,,,,,,,,,,,,,,,,,,,,,,,,,,,,,,,,
2023,6,8,13,0,23.4,17.4,68.98,,,,,,,,,,,,,,,,,,,,,,,,,,,,,,,,,,,,
2023,6,8,14,0,25,17.4,62.78,,,,,,,,,,,,,,,,,,,,,,,,,,,,,,,,,,,,
2023,6,8,15,0,26.2,17.4,58.53,,,,,,,,,,,,,,,,,,,,,,,,,,,,,,,,,,,,
2023,6,8,16,0,27,17.3,55.49,,,,,,,,,,,,,,,,,,,,,,,,,,,,,,,,,,,,
2023,6,8,17,0,27.6,17,52.61,,,,,,,,,,,,,,,,,,,,,,,,,,,,,,,,,,,,
2023,6,8,18,0,28,16.6,49.9,,,,,,,,,,,,,,,,,,,,,,,,,,,,,,,,,,,,
2023,6,8,19,0,28.1,15.9,47.64,,,,,,,,,,,,,,,,,,,,,,,,,,,,,,,,,,,,
2023,6,8,20,0,27.8,15.3,46.65,,,,,,,,,,,,,,,,,,,,,,,,,,,,,,,,,,,,
2023,6,8,21,0,27.1,14.8,47.07,,,,,,,,,,,,,,,,,,,,,,,,,,,,,,,,,,,,
2023,6,8,22,0,26.1,14.7,49.51,,,,,,,,,,,,,,,,,,,,,,,,,,,,,,,,,,,,
2023,6,8,23,0,24.1,16.1,60.98,,,,,,,,,,,,,,,,,,,,,,,,,,,,,,,,,,,,
2023,6,9,0,0,20.7,16.4,76.26,,,,,,,,,,,,,,,,,,,,,,,,,,,,,,,,,,,,
2023,6,9,1,0,19.2,15.2,77.59,,,,,,,,,,,,,,,,,,,,,,,,,,,,,,,,,,,,
2023,6,9,2,0,18.6,14.7,78.11,,,,,,,,,,,,,,,,,,,,,,,,,,,,,,,,,,,,
2023,6,9,3,0,17.9,14.4,80.16,,,,,,,,,,,,,,,,,,,,,,,,,,,,,,,,,,,,
2023,6,9,4,0,17.3,14.1,81.42,,,,,,,,,,,,,,,,,,,,,,,,,,,,,,,,,,,,
2023,6,9,5,0,16.6,13.6,82.45,,,,,,,,,,,,,,,,,,,,,,,,,,,,,,,,,,,,
2023,6,9,6,0,15.4,12.8,84.64,,,,,,,,,,,,,,,,,,,,,,,,,,,,,,,,,,,,
2023,6,9,7,0,14.7,12.2,85.17,,,,,,,,,,,,,,,,,,,,,,,,,,,,,,,,,,,,
2023,6,9,8,0,14.3,11.8,84.76,,,,,,,,,,,,,,,,,,,,,,,,,,,,,,,,,,,,
2023,6,9,9,0,13.9,11.4,85.1,,,,,,,,,,,,,,,,,,,,,,,,,,,,,,,,,,,,
2023,6,9,10,0,13.5,11.2,85.89,,,,,,,,,,,,,,,,,,,,,,,,,,,,,,,,,,,,
2023,6,9,11,0,15.3,11.1,76.14,,,,,,,,,,,,,,,,,,,,,,,,,,,,,,,,,,,,
2023,6,9,12,0,17.4,11.2,66.93,,,,,,,,,,,,,,,,,,,,,,,,,,,,,,,,,,,,
2023,6,9,13,0,20.8,11.1,53.85,,,,,,,,,,,,,,,,,,,,,,,,,,,,,,,,,,,,
2023,6,9,14,0,23.6,9.6,41.02,,,,,,,,,,,,,,,,,,,,,,,,,,,,,,,,,,,,
2023,6,9,15,0,25,9,36.3,,,,,,,,,,,,,,,,,,,,,,,,,,,,,,,,,,,,
2023,6,9,16,0,26,8.9,34.02,,,,,,,,,,,,,,,,,,,,,,,,,,,,,,,,,,,,
2023,6,9,17,0,26.8,9.1,32.8,,,,,,,,,,,,,,,,,,,,,,,,,,,,,,,,,,,,
2023,6,9,18,0,27.3,9.3,32.2,,,,,,,,,,,,,,,,,,,,,,,,,,,,,,,,,,,,
2023,6,9,19,0,27.5,9.4,32.15,,,,,,,,,,,,,,,,,,,,,,,,,,,,,,,,,,,,
2023,6,9,20,0,27.4,9.6,32.73,,,,,,,,,,,,,,,,,,,,,,,,,,,,,,,,,,,,
2023,6,9,21,0,27.1,9.8,33.75,,,,,,,,,,,,,,,,,,,,,,,,,,,,,,,,,,,,
2023,6,9,22,0,26.9,10.3,35.28,,,,,,,,,,,,,,,,,,,,,,,,,,,,,,,,,,,,
2023,6,9,23,0,25.1,10.4,39.7,,,,,,,,,,,,,,,,,,,,,,,,,,,,,,,,,,,,
2023,6,10,0,0,21.9,13,57.19,,,,,,,,,,,,,,,,,,,,,,,,,,,,,,,,,,,,
2023,6,10,1,0,20.6,10.7,53.14,,,,,,,,,,,,,,,,,,,,,,,,,,,,,,,,,,,,
2023,6,10,2,0,19.6,10.4,55.19,,,,,,,,,,,,,,,,,,,,,,,,,,,,,,,,,,,,
2023,6,10,3,0,18.4,10.2,58.87,,,,,,,,,,,,,,,,,,,,,,,,,,,,,,,,,,,,
2023,6,10,4,0,17.1,10.3,64.17,,,,,,,,,,,,,,,,,,,,,,,,,,,,,,,,,,,,
2023,6,10,5,0,15.7,10.4,70.79,,,,,,,,,,,,,,,,,,,,,,,,,,,,,,,,,,,,
2023,6,10,6,0,14.6,10.6,76.87,,,,,,,,,,,,,,,,,,,,,,,,,,,,,,,,,,,,
2023,6,10,7,0,13.6,10.7,82.9,,,,,,,,,,,,,,,,,,,,,,,,,,,,,,,,,,,,
2023,6,10,8,0,13,10.9,86.96,,,,,,,,,,,,,,,,,,,,,,,,,,,,,,,,,,,,
2023,6,10,9,0,12.4,11,91.41,,,,,,,,,,,,,,,,,,,,,,,,,,,,,,,,,,,,
2023,6,10,10,0,12.2,11.3,94.16,,,,,,,,,,,,,,,,,,,,,,,,,,,,,,,,,,,,
2023,6,10,11,0,15,12.8,86.65,,,,,,,,,,,,,,,,,,,,,,,,,,,,,,,,,,,,
2023,6,10,12,0,17.9,13.4,74.95,,,,,,,,,,,,,,,,,,,,,,,,,,,,,,,,,,,,
2023,6,10,13,0,21.9,14.5,62.89,,,,,,,,,,,,,,,,,,,,,,,,,,,,,,,,,,,,
2023,6,10,14,0,25.4,12.8,45.7,,,,,,,,,,,,,,,,,,,,,,,,,,,,,,,,,,,,
2023,6,10,15,0,27,11.5,38.12,,,,,,,,,,,,,,,,,,,,,,,,,,,,,,,,,,,,
2023,6,10,16,0,28.2,11.3,35.03,,,,,,,,,,,,,,,,,,,,,,,,,,,,,,,,,,,,
2023,6,10,17,0,29.1,11.5,33.6,,,,,,,,,,,,,,,,,,,,,,,,,,,,,,,,,,,,
2023,6,10,18,0,29.7,11.6,32.81,,,,,,,,,,,,,,,,,,,,,,,,,,,,,,,,,,,,
2023,6,10,19,0,30,11.8,32.66,,,,,,,,,,,,,,,,,,,,,,,,,,,,,,,,,,,,
2023,6,10,20,0,30,12,33.13,,,,,,,,,,,,,,,,,,,,,,,,,,,,,,,,,,,,
2023,6,10,21,0,29.7,12.5,34.64,,,,,,,,,,,,,,,,,,,,,,,,,,,,,,,,,,,,
2023,6,10,22,0,29.7,13.1,36.05,,,,,,,,,,,,,,,,,,,,,,,,,,,,,,,,,,,,
2023,6,10,23,0,27.9,13.6,41.5,,,,,,,,,,,,,,,,,,,,,,,,,,,,,,,,,,,,
2023,6,11,0,0,24,17.7,67.86,,,,,,,,,,,,,,,,,,,,,,,,,,,,,,,,,,,,
2023,6,11,1,0,22.3,16.4,69.38,,,,,,,,,,,,,,,,,,,,,,,,,,,,,,,,,,,,
2023,6,11,2,0,21.6,16.3,72.05,,,,,,,,,,,,,,,,,,,,,,,,,,,,,,,,,,,,
2023,6,11,3,0,20.9,16.3,75.12,,,,,,,,,,,,,,,,,,,,,,,,,,,,,,,,,,,,
2023,6,11,4,0,20.3,16.3,77.85,,,,,,,,,,,,,,,,,,,,,,,,,,,,,,,,,,,,
2023,6,11,5,0,19.9,16.5,80.74,,,,,,,,,,,,,,,,,,,,,,,,,,,,,,,,,,,,
2023,6,11,6,0,19.5,16.7,83.71,,,,,,,,,,,,,,,,,,,,,,,,,,,,,,,,,,,,
2023,6,11,7,0,19.2,16.9,86.71,,,,,,,,,,,,,,,,,,,,,,,,,,,,,,,,,,,,
2023,6,11,8,0,19,17.3,89.63,,,,,,,,,,,,,,,,,,,,,,,,,,,,,,,,,,,,
2023,6,11,9,0,18.7,17.6,93.12,,,,,,,,,,,,,,,,,,,,,,,,,,,,,,,,,,,,
2023,6,11,10,0,18.3,17.7,96.56,,,,,,,,,,,,,,,,,,,,,,,,,,,,,,,,,,,,
2023,6,11,11,0,19.5,18.4,93.15,,,,,,,,,,,,,,,,,,,,,,,,,,,,,,,,,,,,
2023,6,11,12,0,20.6,19.1,91.4,,,,,,,,,,,,,,,,,,,,,,,,,,,,,,,,,,,,
2023,6,11,13,0,22.3,20.1,87.15,,,,,,,,,,,,,,,,,,,,,,,,,,,,,,,,,,,,
2023,6,11,14,0,23.4,20.6,84.15,,,,,,,,,,,,,,,,,,,,,,,,,,,,,,,,,,,,
2023,6,11,15,0,23.7,20.9,84.2,,,,,,,,,,,,,,,,,,,,,,,,,,,,,,,,,,,,
2023,6,11,16,0,23.9,21.2,85,,,,,,,,,,,,,,,,,,,,,,,,,,,,,,,,,,,,
2023,6,11,17,0,24.4,21.4,83.47,,,,,,,,,,,,,,,,,,,,,,,,,,,,,,,,,,,,
2023,6,11,18,0,25,21.5,80.85,,,,,,,,,,,,,,,,,,,,,,,,,,,,,,,,,,,,
2023,6,11,19,0,25.5,21.4,78.1,,,,,,,,,,,,,,,,,,,,,,,,,,,,,,,,,,,,
2023,6,11,20,0,25.8,21.4,76.6,,,,,,,,,,,,,,,,,,,,,,,,,,,,,,,,,,,,
2023,6,11,21,0,25.8,21.4,76.9,,,,,,,,,,,,,,,,,,,,,,,,,,,,,,,,,,,,
2023,6,11,22,0,25.6,21.7,78.86,,,,,,,,,,,,,,,,,,,,,,,,,,,,,,,,,,,,
2023,6,11,23,0,24.4,21.9,86.05,,,,,,,,,,,,,,,,,,,,,,,,,,,,,,,,,,,,
2023,6,12,0,0,23,21.6,92.04,,,,,,,,,,,,,,,,,,,,,,,,,,,,,,,,,,,,
2023,6,12,1,0,22.3,21.3,93.95,,,,,,,,,,,,,,,,,,,,,,,,,,,,,,,,,,,,
2023,6,12,2,0,21.7,21,95.77,,,,,,,,,,,,,,,,,,,,,,,,,,,,,,,,,,,,
2023,6,12,3,0,21.3,20.8,96.74,,,,,,,,,,,,,,,,,,,,,,,,,,,,,,,,,,,,
2023,6,12,4,0,20.7,20.7,99.82,,,,,,,,,,,,,,,,,,,,,,,,,,,,,,,,,,,,
2023,6,12,5,0,20.4,20.4,100,,,,,,,,,,,,,,,,,,,,,,,,,,,,,,,,,,,,
2023,6,12,6,0,20.3,20.3,100,,,,,,,,,,,,,,,,,,,,,,,,,,,,,,,,,,,,
2023,6,12,7,0,20.3,20.3,100,,,,,,,,,,,,,,,,,,,,,,,,,,,,,,,,,,,,
2023,6,12,8,0,20.4,20.4,100,,,,,,,,,,,,,,,,,,,,,,,,,,,,,,,,,,,,
2023,6,12,9,0,20.2,20.2,100,,,,,,,,,,,,,,,,,,,,,,,,,,,,,,,,,,,,
2023,6,12,10,0,20,20,100,,,,,,,,,,,,,,,,,,,,,,,,,,,,,,,,,,,,
2023,6,12,11,0,20.7,20.7,100,,,,,,,,,,,,,,,,,,,,,,,,,,,,,,,,,,,,
2023,6,12,12,0,21.2,21.1,99.3,,,,,,,,,,,,,,,,,,,,,,,,,,,,,,,,,,,,
2023,6,12,13,0,21.8,20.8,94.33,,,,,,,,,,,,,,,,,,,,,,,,,,,,,,,,,,,,
2023,6,12,14,0,23.3,20.1,82.26,,,,,,,,,,,,,,,,,,,,,,,,,,,,,,,,,,,,
2023,6,12,15,0,25.1,19.4,70.49,,,,,,,,,,,,,,,,,,,,,,,,,,,,,,,,,,,,
2023,6,12,16,0,26.4,19.2,64.65,,,,,,,,,,,,,,,,,,,,,,,,,,,,,,,,,,,,
2023,6,12,17,0,27.2,19.2,61.48,,,,,,,,,,,,,,,,,,,,,,,,,,,,,,,,,,,,
2023,6,12,18,0,27.7,19,58.97,,,,,,,,,,,,,,,,,,,,,,,,,,,,,,,,,,,,
2023,6,12,19,0,28,18.7,56.87,,,,,,,,,,,,,,,,,,,,,,,,,,,,,,,,,,,,
2023,6,12,20,0,27.9,18.3,56,,,,,,,,,,,,,,,,,,,,,,,,,,,,,,,,,,,,
2023,6,12,21,0,27.3,18.1,57.2,,,,,,,,,,,,,,,,,,,,,,,,,,,,,,,,,,,,
2023,6,12,22,0,26.4,18,60.07,,,,,,,,,,,,,,,,,,,,,,,,,,,,,,,,,,,,
2023,6,12,23,0,24.9,18.6,67.94,,,,,,,,,,,,,,,,,,,,,,,,,,,,,,,,,,,,
2023,6,13,0,0,22.2,19,82.29,,,,,,,,,,,,,,,,,,,,,,,,,,,,,,,,,,,,
2023,6,13,1,0,20.5,18.2,86.64,,,,,,,,,,,,,,,,,,,,,,,,,,,,,,,,,,,,
2023,6,13,2,0,19.3,17.7,90.2,,,,,,,,,,,,,,,,,,,,,,,,,,,,,,,,,,,,
2023,6,13,3,0,18.2,17.1,93.43,,,,,,,,,,,,,,,,,,,,,,,,,,,,,,,,,,,,
2023,6,13,4,0,17.5,16.6,94.66,,,,,,,,,,,,,,,,,,,,,,,,,,,,,,,,,,,,
2023,6,13,5,0,16.8,16.1,95.93,,,,,,,,,,,,,,,,,,,,,,,,,,,,,,,,,,,,
2023,6,13,6,0,16.4,15.7,95.89,,,,,,,,,,,,,,,,,,,,,,,,,,,,,,,,,,,,
2023,6,13,7,0,15.9,15.4,96.86,,,,,,,,,,,,,,,,,,,,,,,,,,,,,,,,,,,,
2023,6,13,8,0,15.4,15.1,97.98,,,,,,,,,,,,,,,,,,,,,,,,,,,,,,,,,,,,
2023,6,13,9,0,15,14.8,99.03,,,,,,,,,,,,,,,,,,,,,,,,,,,,,,,,,,,,
2023,6,13,10,0,15,14.7,98.1,,,,,,,,,,,,,,,,,,,,,,,,,,,,,,,,,,,,
2023,6,13,11,0,16.7,15,89.83,,,,,,,,,,,,,,,,,,,,,,,,,,,,,,,,,,,,
2023,6,13,12,0,19,15,77.47,,,,,,,,,,,,,,,,,,,,,,,,,,,,,,,,,,,,
2023,6,13,13,0,21.6,14.8,65.45,,,,,,,,,,,,,,,,,,,,,,,,,,,,,,,,,,,,
2023,6,13,14,0,23.1,15.4,61.71,,,,,,,,,,,,,,,,,,,,,,,,,,,,,,,,,,,,
2023,6,13,15,0,24,15.9,60.65,,,,,,,,,,,,,,,,,,,,,,,,,,,,,,,,,,,,
2023,6,13,16,0,21.9,16,69.08,,,,,,,,,,,,,,,,,,,,,,,,,,,,,,,,,,,,
2023,6,13,17,0,20.8,16.1,74.42,,,,,,,,,,,,,,,,,,,,,,,,,,,,,,,,,,,,
2023,6,13,18,0,21.7,15.6,68.28,,,,,,,,,,,,,,,,,,,,,,,,,,,,,,,,,,,,
2023,6,13,19,0,23.5,15.7,61.49,,,,,,,,,,,,,,,,,,,,,,,,,,,,,,,,,,,,
2023,6,13,20,0,24.5,15.4,56.75,,,,,,,,,,,,,,,,,,,,,,,,,,,,,,,,,,,,
2023,6,13,21,0,24.4,15,55.88,,,,,,,,,,,,,,,,,,,,,,,,,,,,,,,,,,,,
2023,6,13,22,0,23.8,15.4,59.17,,,,,,,,,,,,,,,,,,,,,,,,,,,,,,,,,,,,
2023,6,13,23,0,22.3,16.9,71.47,,,,,,,,,,,,,,,,,,,,,,,,,,,,,,,,,,,,
2023,6,14,0,0,20.3,16.7,79.82,,,,,,,,,,,,,,,,,,,,,,,,,,,,,,,,,,,,
2023,6,14,1,0,19.4,16.3,82.26,,,,,,,,,,,,,,,,,,,,,,,,,,,,,,,,,,,,
2023,6,14,2,0,18.7,16.5,86.89,,,,,,,,,,,,,,,,,,,,,,,,,,,,,,,,,,,,
2023,6,14,3,0,17.8,16.4,91.62,,,,,,,,,,,,,,,,,,,,,,,,,,,,,,,,,,,,
2023,6,14,4,0,17.5,16.5,94.03,,,,,,,,,,,,,,,,,,,,,,,,,,,,,,,,,,,,
2023,6,14,5,0,17.4,16.7,95.54,,,,,,,,,,,,,,,,,,,,,,,,,,,,,,,,,,,,
2023,6,14,6,0,17.7,17,95.7,,,,,,,,,,,,,,,,,,,,,,,,,,,,,,,,,,,,
2023,6,14,7,0,17.7,17.2,97.05,,,,,,,,,,,,,,,,,,,,,,,,,,,,,,,,,,,,
2023,6,14,8,0,17.4,17.4,99.84,,,,,,,,,,,,,,,,,,,,,,,,,,,,,,,,,,,,
2023,6,14,9,0,17.4,17.4,100,,,,,,,,,,,,,,,,,,,,,,,,,,,,,,,,,,,,
2023,6,14,10,0,17.7,17.7,100,,,,,,,,,,,,,,,,,,,,,,,,,,,,,,,,,,,,
2023,6,14,11,0,18.7,18.4,98.35,,,,,,,,,,,,,,,,,,,,,,,,,,,,,,,,,,,,
2023,6,14,12,0,20.2,19.5,95.7,,,,,,,,,,,,,,,,,,,,,,,,,,,,,,,,,,,,
2023,6,14,13,0,21.4,20.7,95.66,,,,,,,,,,,,,,,,,,,,,,,,,,,,,,,,,,,,
2023,6,14,14,0,22.2,21.6,96.38,,,,,,,,,,,,,,,,,,,,,,,,,,,,,,,,,,,,
2023,6,14,15,0,23.7,22.4,92.51,,,,,,,,,,,,,,,,,,,,,,,,,,,,,,,,,,,,
2023,6,14,16,0,25.9,22.6,82.04,,,,,,,,,,,,,,,,,,,,,,,,,,,,,,,,,,,,
2023,6,14,17,0,26.9,22,74.35,,,,,,,,,,,,,,,,,,,,,,,,,,,,,,,,,,,,
2023,6,14,18,0,27.4,21.7,71.17,,,,,,,,,,,,,,,,,,,,,,,,,,,,,,,,,,,,
2023,6,14,19,0,27,21.6,72.3,,,,,,,,,,,,,,,,,,,,,,,,,,,,,,,,,,,,
2023,6,14,20,0,25.9,21.7,77.8,,,,,,,,,,,,,,,,,,,,,,,,,,,,,,,,,,,,
2023,6,14,21,0,24.7,22.1,85.56,,,,,,,,,,,,,,,,,,,,,,,,,,,,,,,,,,,,
2023,6,14,22,0,23.8,22.5,92.39,,,,,,,,,,,,,,,,,,,,,,,,,,,,,,,,,,,,
2023,6,14,23,0,23.2,22.6,96.55,,,,,,,,,,,,,,,,,,,,,,,,,,,,,,,,,,,,
2023,6,15,0,0,22.6,22.4,98.96,,,,,,,,,,,,,,,,,,,,,,,,,,,,,,,,,,,,
2023,6,15,1,0,21.9,21.9,100,,,,,,,,,,,,,,,,,,,,,,,,,,,,,,,,,,,,
2023,6,15,2,0,21.2,21.2,100,,,,,,,,,,,,,,,,,,,,,,,,,,,,,,,,,,,,
2023,6,15,3,0,20.6,20.6,100,,,,,,,,,,,,,,,,,,,,,,,,,,,,,,,,,,,,
2023,6,15,4,0,20.4,20.4,100,,,,,,,,,,,,,,,,,,,,,,,,,,,,,,,,,,,,
2023,6,15,5,0,20.1,20.1,100,,,,,,,,,,,,,,,,,,,,,,,,,,,,,,,,,,,,
2023,6,15,6,0,19.8,19.8,100,,,,,,,,,,,,,,,,,,,,,,,,,,,,,,,,,,,,
2023,6,15,7,0,20.6,20.6,100,,,,,,,,,,,,,,,,,,,,,,,,,,,,,,,,,,,,
2023,6,15,8,0,20.5,20.5,100,,,,,,,,,,,,,,,,,,,,,,,,,,,,,,,,,,,,
2023,6,15,9,0,19.9,19.9,100,,,,,,,,,,,,,,,,,,,,,,,,,,,,,,,,,,,,
2023,6,15,10,0,19.2,19.2,100,,,,,,,,,,,,,,,,,,,,,,,,,,,,,,,,,,,,
2023,6,15,11,0,19.9,19.9,100,,,,,,,,,,,,,,,,,,,,,,,,,,,,,,,,,,,,
2023,6,15,12,0,20.7,20.7,100,,,,,,,,,,,,,,,,,,,,,,,,,,,,,,,,,,,,
2023,6,15,13,0,21.3,21.3,100,,,,,,,,,,,,,,,,,,,,,,,,,,,,,,,,,,,,
2023,6,15,14,0,22,21.9,99.34,,,,,,,,,,,,,,,,,,,,,,,,,,,,,,,,,,,,
2023,6,15,15,0,23,21.9,93.36,,,,,,,,,,,,,,,,,,,,,,,,,,,,,,,,,,,,
2023,6,15,16,0,25.3,21.2,77.97,,,,,,,,,,,,,,,,,,,,,,,,,,,,,,,,,,,,
2023,6,15,17,0,26.8,20.4,67.84,,,,,,,,,,,,,,,,,,,,,,,,,,,,,,,,,,,,
2023,6,15,18,0,27.3,20.4,66.05,,,,,,,,,,,,,,,,,,,,,,,,,,,,,,,,,,,,
2023,6,15,19,0,26.8,20.4,68.12,,,,,,,,,,,,,,,,,,,,,,,,,,,,,,,,,,,,
2023,6,15,20,0,24.8,20.4,76.41,,,,,,,,,,,,,,,,,,,,,,,,,,,,,,,,,,,,
2023,6,15,21,0,24.2,20.7,80.87,,,,,,,,,,,,,,,,,,,,,,,,,,,,,,,,,,,,
2023,6,15,22,0,23.9,20.3,80.24,,,,,,,,,,,,,,,,,,,,,,,,,,,,,,,,,,,,
2023,6,15,23,0,22.7,19.8,83.78,,,,,,,,,,,,,,,,,,,,,,,,,,,,,,,,,,,,
2023,6,16,0,0,21.6,19.2,86.37,,,,,,,,,,,,,,,,,,,,,,,,,,,,,,,,,,,,
2023,6,16,1,0,20.8,18.9,88.78,,,,,,,,,,,,,,,,,,,,,,,,,,,,,,,,,,,,
2023,6,16,2,0,19.5,18.7,95.06,,,,,,,,,,,,,,,,,,,,,,,,,,,,,,,,,,,,
2023,6,16,3,0,18.9,18.3,96.36,,,,,,,,,,,,,,,,,,,,,,,,,,,,,,,,,,,,
2023,6,16,4,0,18.5,17.9,96.15,,,,,,,,,,,,,,,,,,,,,,,,,,,,,,,,,,,,
2023,6,16,5,0,18.2,17.6,96.41,,,,,,,,,,,,,,,,,,,,,,,,,,,,,,,,,,,,
2023,6,16,6,0,18,17.6,97.74,,,,,,,,,,,,,,,,,,,,,,,,,,,,,,,,,,,,
2023,6,16,7,0,17.8,17.8,99.88,,,,,,,,,,,,,,,,,,,,,,,,,,,,,,,,,,,,
2023,6,16,8,0,17.6,17.6,100,,,,,,,,,,,,,,,,,,,,,,,,,,,,,,,,,,,,
2023,6,16,9,0,17.3,17.3,100,,,,,,,,,,,,,,,,,,,,,,,,,,,,,,,,,,,,
2023,6,16,10,0,17.1,17.1,100,,,,,,,,,,,,,,,,,,,,,,,,,,,,,,,,,,,,
2023,6,16,11,0,18.8,18.3,96.99,,,,,,,,,,,,,,,,,,,,,,,,,,,,,,,,,,,,
2023,6,16,12,0,20.9,19.2,89.99,,,,,,,,,,,,,,,,,,,,,,,,,,,,,,,,,,,,
2023,6,16,13,0,23.8,19.7,78.01,,,,,,,,,,,,,,,,,,,,,,,,,,,,,,,,,,,,
2023,6,16,14,0,25.8,19.5,68.14,,,,,,,,,,,,,,,,,,,,,,,,,,,,,,,,,,,,
2023,6,16,15,0,27.4,19,60.26,,,,,,,,,,,,,,,,,,,,,,,,,,,,,,,,,,,,
2023,6,16,16,0,28.6,18.7,54.91,,,,,,,,,,,,,,,,,,,,,,,,,,,,,,,,,,,,
2023,6,16,17,0,29.5,18.3,51.06,,,,,,,,,,,,,,,,,,,,,,,,,,,,,,,,,,,,
2023,6,16,18,0,29.9,17.9,48.65,,,,,,,,,,,,,,,,,,,,,,,,,,,,,,,,,,,,
2023,6,16,19,0,29.7,17.6,48.2,,,,,,,,,,,,,,,,,,,,,,,,,,,,,,,,,,,,
2023,6,16,20,0,29.5,17.4,48.17,,,,,,,,,,,,,,,,,,,,,,,,,,,,,,,,,,,,
2023,6,16,21,0,29.4,17.6,49.2,,,,,,,,,,,,,,,,,,,,,,,,,,,,,,,,,,,,
2023,6,16,22,0,28.7,18.2,53.01,,,,,,,,,,,,,,,,,,,,,,,,,,,,,,,,,,,,
2023,6,16,23,0,26.6,20.1,67.43,,,,,,,,,,,,,,,,,,,,,,,,,,,,,,,,,,,,
2023,6,17,0,0,23.2,19.8,81.43,,,,,,,,,,,,,,,,,,,,,,,,,,,,,,,,,,,,
2023,6,17,1,0,21.6,18.7,83.64,,,,,,,,,,,,,,,,,,,,,,,,,,,,,,,,,,,,
2023,6,17,2,0,21,18.4,84.92,,,,,,,,,,,,,,,,,,,,,,,,,,,,,,,,,,,,
2023,6,17,3,0,20.2,18.2,88.24,,,,,,,,,,,,,,,,,,,,,,,,,,,,,,,,,,,,
2023,6,17,4,0,19.4,18.1,92.01,,,,,,,,,,,,,,,,,,,,,,,,,,,,,,,,,,,,
2023,6,17,5,0,19,17.9,93.63,,,,,,,,,,,,,,,,,,,,,,,,,,,,,,,,,,,,
2023,6,17,6,0,18.7,17.8,94.78,,,,,,,,,,,,,,,,,,,,,,,,,,,,,,,,,,,,
2023,6,17,7,0,18.3,17.7,96.47,,,,,,,,,,,,,,,,,,,,,,,,,,,,,,,,,,,,
2023,6,17,8,0,17.9,17.6,98.29,,,,,,,,,,,,,,,,,,,,,,,,,,,,,,,,,,,,
2023,6,17,9,0,17.6,17.5,99.57,,,,,,,,,,,,,,,,,,,,,,,,,,,,,,,,,,,,
2023,6,17,10,0,17.4,17.4,100,,,,,,,,,,,,,,,,,,,,,,,,,,,,,,,,,,,,
2023,6,17,11,0,19.2,18.3,94.54,,,,,,,,,,,,,,,,,,,,,,,,,,,,,,,,,,,,
2023,6,17,12,0,21.2,18.9,86.49,,,,,,,,,,,,,,,,,,,,,,,,,,,,,,,,,,,,
2023,6,17,13,0,24.7,19.1,71.27,,,,,,,,,,,,,,,,,,,,,,,,,,,,,,,,,,,,
2023,6,17,14,0,27.6,18.3,57.1,,,,,,,,,,,,,,,,,,,,,,,,,,,,,,,,,,,,
2023,6,17,15,0,29.5,17.5,48.41,,,,,,,,,,,,,,,,,,,,,,,,,,,,,,,,,,,,
2023,6,17,16,0,30.8,16.9,43.25,,,,,,,,,,,,,,,,,,,,,,,,,,,,,,,,,,,,
2023,6,17,17,0,31.6,16.5,40.46,,,,,,,,,,,,,,,,,,,,,,,,,,,,,,,,,,,,
2023,6,17,18,0,32,16.4,39.08,,,,,,,,,,,,,,,,,,,,,,,,,,,,,,,,,,,,
2023,6,17,19,0,32.2,16.4,38.67,,,,,,,,,,,,,,,,,,,,,,,,,,,,,,,,,,,,
2023,6,17,20,0,31.9,16.6,39.86,,,,,,,,,,,,,,,,,,,,,,,,,,,,,,,,,,,,
2023,6,17,21,0,31.5,17,42,,,,,,,,,,,,,,,,,,,,,,,,,,,,,,,,,,,,
2023,6,17,22,0,31.2,17.4,43.66,,,,,,,,,,,,,,,,,,,,,,,,,,,,,,,,,,,,
2023,6,17,23,0,28.9,18.3,52.9,,,,,,,,,,,,,,,,,,,,,,,,,,,,,,,,,,,,
2023,6,18,0,0,25.1,20.7,76.37,,,,,,,,,,,,,,,,,,,,,,,,,,,,,,,,,,,,
2023,6,18,1,0,22.7,18.8,78.86,,,,,,,,,,,,,,,,,,,,,,,,,,,,,,,,,,,,
2023,6,18,2,0,21.4,17.7,79.61,,,,,,,,,,,,,,,,,,,,,,,,,,,,,,,,,,,,
2023,6,18,3,0,20.5,17.2,81.31,,,,,,,,,,,,,,,,,,,,,,,,,,,,,,,,,,,,
2023,6,18,4,0,19.7,16.9,84,,,,,,,,,,,,,,,,,,,,,,,,,,,,,,,,,,,,
2023,6,18,5,0,19,16.5,85.57,,,,,,,,,,,,,,,,,,,,,,,,,,,,,,,,,,,,
2023,6,18,6,0,18.4,16.1,86.39,,,,,,,,,,,,,,,,,,,,,,,,,,,,,,,,,,,,
2023,6,18,7,0,18,15.7,86.37,,,,,,,,,,,,,,,,,,,,,,,,,,,,,,,,,,,,
2023,6,18,8,0,17.1,15.4,89.5,,,,,,,,,,,,,,,,,,,,,,,,,,,,,,,,,,,,
2023,6,18,9,0,16.7,15.1,90.17,,,,,,,,,,,,,,,,,,,,,,,,,,,,,,,,,,,,
2023,6,18,10,0,16.5,15.2,92.25,,,,,,,,,,,,,,,,,,,,,,,,,,,,,,,,,,,,
2023,6,18,11,0,18.5,16.2,86.28,,,,,,,,,,,,,,,,,,,,,,,,,,,,,,,,,,,,
2023,6,18,12,0,20.4,16.4,77.91,,,,,,,,,,,,,,,,,,,,,,,,,,,,,,,,,,,,
2023,6,18,13,0,23.4,17.6,69.89,,,,,,,,,,,,,,,,,,,,,,,,,,,,,,,,,,,,
2023,6,18,14,0,27.9,16.6,50.15,,,,,,,,,,,,,,,,,,,,,,,,,,,,,,,,,,,,
2023,6,18,15,0,29.5,16.8,46.36,,,,,,,,,,,,,,,,,,,,,,,,,,,,,,,,,,,,
2023,6,18,16,0,30.3,17.3,45.83,,,,,,,,,,,,,,,,,,,,,,,,,,,,,,,,,,,,
2023,6,18,17,0,30.9,18,46.06,,,,,,,,,,,,,,,,,,,,,,,,,,,,,,,,,,,,
2023,6,18,18,0,31.2,18.4,46.68,,,,,,,,,,,,,,,,,,,,,,,,,,,,,,,,,,,,
2023,6,18,19,0,31.2,18.8,47.87,,,,,,,,,,,,,,,,,,,,,,,,,,,,,,,,,,,,
2023,6,18,20,0,30.8,19.3,50.35,,,,,,,,,,,,,,,,,,,,,,,,,,,,,,,,,,,,
2023,6,18,21,0,30.4,20.1,54.2,,,,,,,,,,,,,,,,,,,,,,,,,,,,,,,,,,,,
2023,6,18,22,0,29.5,20.8,59.56,,,,,,,,,,,,,,,,,,,,,,,,,,,,,,,,,,,,
2023,6,18,23,0,27.6,20.9,66.86,,,,,,,,,,,,,,,,,,,,,,,,,,,,,,,,,,,,
2023,6,19,0,0,24.4,21.9,85.99,,,,,,,,,,,,,,,,,,,,,,,,,,,,,,,,,,,,
2023,6,19,1,0,22.6,21,90.69,,,,,,,,,,,,,,,,,,,,,,,,,,,,,,,,,,,,
2023,6,19,2,0,21.8,20.6,93.02,,,,,,,,,,,,,,,,,,,,,,,,,,,,,,,,,,,,
2023,6,19,3,0,21.1,20.3,95.29,,,,,,,,,,,,,,,,,,,,,,,,,,,,,,,,,,,,
2023,6,19,4,0,20.6,19.9,96,,,,,,,,,,,,,,,,,,,,,,,,,,,,,,,,,,,,
2023,6,19,5,0,19.8,19.7,99.19,,,,,,,,,,,,,,,,,,,,,,,,,,,,,,,,,,,,
2023,6,19,6,0,19.5,19.5,100,,,,,,,,,,,,,,,,,,,,,,,,,,,,,,,,,,,,
2023,6,19,7,0,19.5,19.5,100,,,,,,,,,,,,,,,,,,,,,,,,,,,,,,,,,,,,
2023,6,19,8,0,19.9,19.9,100,,,,,,,,,,,,,,,,,,,,,,,,,,,,,,,,,,,,
2023,6,19,9,0,20,20,100,,,,,,,,,,,,,,,,,,,,,,,,,,,,,,,,,,,,
2023,6,19,10,0,20.1,20.1,100,,,,,,,,,,,,,,,,,,,,,,,,,,,,,,,,,,,,
2023,6,19,11,0,20.5,20.5,100,,,,,,,,,,,,,,,,,,,,,,,,,,,,,,,,,,,,
2023,6,19,12,0,21.3,21.3,100,,,,,,,,,,,,,,,,,,,,,,,,,,,,,,,,,,,,
2023,6,19,13,0,22,22,100,,,,,,,,,,,,,,,,,,,,,,,,,,,,,,,,,,,,
2023,6,19,14,0,22.9,22.7,98.53,,,,,,,,,,,,,,,,,,,,,,,,,,,,,,,,,,,,
2023,6,19,15,0,23.7,23.1,96.57,,,,,,,,,,,,,,,,,,,,,,,,,,,,,,,,,,,,
2023,6,19,16,0,24.6,23.3,92.43,,,,,,,,,,,,,,,,,,,,,,,,,,,,,,,,,,,,
2023,6,19,17,0,25.7,23.3,86.45,,,,,,,,,,,,,,,,,,,,,,,,,,,,,,,,,,,,
2023,6,19,18,0,26.7,23.1,80.64,,,,,,,,,,,,,,,,,,,,,,,,,,,,,,,,,,,,
2023,6,19,19,0,27.4,22.8,75.85,,,,,,,,,,,,,,,,,,,,,,,,,,,,,,,,,,,,
2023,6,19,20,0,27.7,22.5,73.25,,,,,,,,,,,,,,,,,,,,,,,,,,,,,,,,,,,,
2023,6,19,21,0,27.5,22.4,73.71,,,,,,,,,,,,,,,,,,,,,,,,,,,,,,,,,,,,
2023,6,19,22,0,26.9,22.5,77.05,,,,,,,,,,,,,,,,,,,,,,,,,,,,,,,,,,,,
2023,6,19,23,0,26,23,83.79,,,,,,,,,,,,,,,,,,,,,,,,,,,,,,,,,,,,
2023,6,20,0,0,23.7,22.9,95.12,,,,,,,,,,,,,,,,,,,,,,,,,,,,,,,,,,,,
2023,6,20,1,0,22.2,21.9,98.14,,,,,,,,,,,,,,,,,,,,,,,,,,,,,,,,,,,,
2023,6,20,2,0,21.4,21.4,100,,,,,,,,,,,,,,,,,,,,,,,,,,,,,,,,,,,,
2023,6,20,3,0,20.7,20.7,100,,,,,,,,,,,,,,,,,,,,,,,,,,,,,,,,,,,,
2023,6,20,4,0,20.2,20.2,100,,,,,,,,,,,,,,,,,,,,,,,,,,,,,,,,,,,,
2023,6,20,5,0,19.8,19.8,100,,,,,,,,,,,,,,,,,,,,,,,,,,,,,,,,,,,,
2023,6,20,6,0,19.5,19.5,100,,,,,,,,,,,,,,,,,,,,,,,,,,,,,,,,,,,,
2023,6,20,7,0,19.4,19.4,100,,,,,,,,,,,,,,,,,,,,,,,,,,,,,,,,,,,,
2023,6,20,8,0,19.8,19.7,99.44,,,,,,,,,,,,,,,,,,,,,,,,,,,,,,,,,,,,
2023,6,20,9,0,19.6,19.6,100,,,,,,,,,,,,,,,,,,,,,,,,,,,,,,,,,,,,
2023,6,20,10,0,19.3,19.3,100,,,,,,,,,,,,,,,,,,,,,,,,,,,,,,,,,,,,
2023,6,20,11,0,20.5,20.5,100,,,,,,,,,,,,,,,,,,,,,,,,,,,,,,,,,,,,
2023,6,20,12,0,23,21.7,92.64,,,,,,,,,,,,,,,,,,,,,,,,,,,,,,,,,,,,
2023,6,20,13,0,25.4,21.4,78.43,,,,,,,,,,,,,,,,,,,,,,,,,,,,,,,,,,,,
2023,6,20,14,0,25.9,20.5,72.23,,,,,,,,,,,,,,,,,,,,,,,,,,,,,,,,,,,,
2023,6,20,15,0,26.4,19.8,66.97,,,,,,,,,,,,,,,,,,,,,,,,,,,,,,,,,,,,
2023,6,20,16,0,27.6,19.5,61.5,,,,,,,,,,,,,,,,,,,,,,,,,,,,,,,,,,,,
2023,6,20,17,0,28.5,19.4,57.84,,,,,,,,,,,,,,,,,,,,,,,,,,,,,,,,,,,,
2023,6,20,18,0,29,19.3,55.96,,,,,,,,,,,,,,,,,,,,,,,,,,,,,,,,,,,,
2023,6,20,19,0,29.2,19.3,55.08,,,,,,,,,,,,,,,,,,,,,,,,,,,,,,,,,,,,
2023,6,20,20,0,28.9,19.3,56.19,,,,,,,,,,,,,,,,,,,,,,,,,,,,,,,,,,,,
2023,6,20,21,0,28.3,20.1,60.98,,,,,,,,,,,,,,,,,,,,,,,,,,,,,,,,,,,,
2023,6,20,22,0,27.9,21.1,66.63,,,,,,,,,,,,,,,,,,,,,,,,,,,,,,,,,,,,
2023,6,20,23,0,25.9,21.2,75.33,,,,,,,,,,,,,,,,,,,,,,,,,,,,,,,,,,,,
2023,6,21,0,0,23.5,22.2,92.57,,,,,,,,,,,,,,,,,,,,,,,,,,,,,,,,,,,,
2023,6,21,1,0,22.3,21.8,96.91,,,,,,,,,,,,,,,,,,,,,,,,,,,,,,,,,,,,
2023,6,21,2,0,21.6,21.4,98.65,,,,,,,,,,,,,,,,,,,,,,,,,,,,,,,,,,,,
2023,6,21,3,0,21.4,21.4,100,,,,,,,,,,,,,,,,,,,,,,,,,,,,,,,,,,,,
2023,6,21,4,0,21.2,21.2,100,,,,,,,,,,,,,,,,,,,,,,,,,,,,,,,,,,,,
2023,6,21,5,0,21.2,21.2,100,,,,,,,,,,,,,,,,,,,,,,,,,,,,,,,,,,,,
2023,6,21,6,0,21.1,21.1,100,,,,,,,,,,,,,,,,,,,,,,,,,,,,,,,,,,,,
2023,6,21,7,0,21,21,100,,,,,,,,,,,,,,,,,,,,,,,,,,,,,,,,,,,,
2023,6,21,8,0,20.7,20.7,100,,,,,,,,,,,,,,,,,,,,,,,,,,,,,,,,,,,,
2023,6,21,9,0,20.5,20.5,100,,,,,,,,,,,,,,,,,,,,,,,,,,,,,,,,,,,,
2023,6,21,10,0,20.3,20.3,100,,,,,,,,,,,,,,,,,,,,,,,,,,,,,,,,,,,,
2023,6,21,11,0,20.3,20.3,100,,,,,,,,,,,,,,,,,,,,,,,,,,,,,,,,,,,,
2023,6,21,12,0,20.5,20.5,100,,,,,,,,,,,,,,,,,,,,,,,,,,,,,,,,,,,,
2023,6,21,13,0,20.9,20.8,99.61,,,,,,,,,,,,,,,,,,,,,,,,,,,,,,,,,,,,
2023,6,21,14,0,21.6,21.1,97,,,,,,,,,,,,,,,,,,,,,,,,,,,,,,,,,,,,
2023,6,21,15,0,22.8,21.3,91.47,,,,,,,,,,,,,,,,,,,,,,,,,,,,,,,,,,,,
2023,6,21,16,0,23.8,21.2,85.24,,,,,,,,,,,,,,,,,,,,,,,,,,,,,,,,,,,,
2023,6,21,17,0,23.9,21.1,84.5,,,,,,,,,,,,,,,,,,,,,,,,,,,,,,,,,,,,
2023,6,21,18,0,23.8,21.2,85.18,,,,,,,,,,,,,,,,,,,,,,,,,,,,,,,,,,,,
2023,6,21,19,0,23.7,21.1,85.64,,,,,,,,,,,,,,,,,,,,,,,,,,,,,,,,,,,,
2023,6,21,20,0,23.3,21.2,87.99,,,,,,,,,,,,,,,,,,,,,,,,,,,,,,,,,,,,
2023,6,21,21,0,22.6,21.6,93.95,,,,,,,,,,,,,,,,,,,,,,,,,,,,,,,,,,,,
2023,6,21,22,0,21.8,21,95.23,,,,,,,,,,,,,,,,,,,,,,,,,,,,,,,,,,,,
2023,6,21,23,0,21,20.5,97.13,,,,,,,,,,,,,,,,,,,,,,,,,,,,,,,,,,,,
2023,6,22,0,0,20.1,20,99.2,,,,,,,,,,,,,,,,,,,,,,,,,,,,,,,,,,,,
2023,6,22,1,0,19.5,19.5,100,,,,,,,,,,,,,,,,,,,,,,,,,,,,,,,,,,,,
2023,6,22,2,0,19.1,19.1,100,,,,,,,,,,,,,,,,,,,,,,,,,,,,,,,,,,,,
2023,6,22,3,0,18.8,18.8,100,,,,,,,,,,,,,,,,,,,,,,,,,,,,,,,,,,,,
2023,6,22,4,0,18.5,18.5,100,,,,,,,,,,,,,,,,,,,,,,,,,,,,,,,,,,,,
2023,6,22,5,0,18.1,18.1,100,,,,,,,,,,,,,,,,,,,,,,,,,,,,,,,,,,,,
2023,6,22,6,0,17.8,17.8,100,,,,,,,,,,,,,,,,,,,,,,,,,,,,,,,,,,,,
2023,6,22,7,0,17.6,17.6,100,,,,,,,,,,,,,,,,,,,,,,,,,,,,,,,,,,,,
2023,6,22,8,0,17.4,17.4,100,,,,,,,,,,,,,,,,,,,,,,,,,,,,,,,,,,,,
2023,6,22,9,0,17.3,17.3,100,,,,,,,,,,,,,,,,,,,,,,,,,,,,,,,,,,,,
2023,6,22,10,0,17.4,17.4,100,,,,,,,,,,,,,,,,,,,,,,,,,,,,,,,,,,,,
2023,6,22,11,0,17.8,17.8,100,,,,,,,,,,,,,,,,,,,,,,,,,,,,,,,,,,,,
2023,6,22,12,0,18.8,18.5,98.18,,,,,,,,,,,,,,,,,,,,,,,,,,,,,,,,,,,,
2023,6,22,13,0,20.2,19.2,93.85,,,,,,,,,,,,,,,,,,,,,,,,,,,,,,,,,,,,
2023,6,22,14,0,21.7,19.3,86.22,,,,,,,,,,,,,,,,,,,,,,,,,,,,,,,,,,,,
2023,6,22,15,0,23,19.5,80.53,,,,,,,,,,,,,,,,,,,,,,,,,,,,,,,,,,,,
2023,6,22,16,0,24.7,19.6,73.35,,,,,,,,,,,,,,,,,,,,,,,,,,,,,,,,,,,,
2023,6,22,17,0,26.1,19.8,68.15,,,,,,,,,,,,,,,,,,,,,,,,,,,,,,,,,,,,
2023,6,22,18,0,26.8,19.6,64.73,,,,,,,,,,,,,,,,,,,,,,,,,,,,,,,,,,,,
2023,6,22,19,0,27.1,19.8,64.4,,,,,,,,,,,,,,,,,,,,,,,,,,,,,,,,,,,,
2023,6,22,20,0,26.8,20,66.42,,,,,,,,,,,,,,,,,,,,,,,,,,,,,,,,,,,,
2023,6,22,21,0,26.7,20.4,68.59,,,,,,,,,,,,,,,,,,,,,,,,,,,,,,,,,,,,
2023,6,22,22,0,26.2,20.8,72.41,,,,,,,,,,,,,,,,,,,,,,,,,,,,,,,,,,,,
2023,6,22,23,0,25.1,21.4,80,,,,,,,,,,,,,,,,,,,,,,,,,,,,,,,,,,,,
2023,6,23,0,0,23.1,21.3,89.36,,,,,,,,,,,,,,,,,,,,,,,,,,,,,,,,,,,,
2023,6,23,1,0,21.8,20,89.63,,,,,,,,,,,,,,,,,,,,,,,,,,,,,,,,,,,,
2023,6,23,2,0,21,19.4,90.79,,,,,,,,,,,,,,,,,,,,,,,,,,,,,,,,,,,,
2023,6,23,3,0,20.5,18.9,90.7,,,,,,,,,,,,,,,,,,,,,,,,,,,,,,,,,,,,
2023,6,23,4,0,20.3,18.4,89.1,,,,,,,,,,,,,,,,,,,,,,,,,,,,,,,,,,,,
2023,6,23,5,0,20.1,18.1,88.19,,,,,,,,,,,,,,,,,,,,,,,,,,,,,,,,,,,,
2023,6,23,6,0,19.8,17.8,88.3,,,,,,,,,,,,,,,,,,,,,,,,,,,,,,,,,,,,
2023,6,23,7,0,19.4,17.6,89.34,,,,,,,,,,,,,,,,,,,,,,,,,,,,,,,,,,,,
2023,6,23,8,0,19.1,17.4,90.07,,,,,,,,,,,,,,,,,,,,,,,,,,,,,,,,,,,,
2023,6,23,9,0,18.8,17.3,91.16,,,,,,,,,,,,,,,,,,,,,,,,,,,,,,,,,,,,
2023,6,23,10,0,18.5,17.3,92.77,,,,,,,,,,,,,,,,,,,,,,,,,,,,,,,,,,,,
2023,6,23,11,0,19.5,18.9,96.45,,,,,,,,,,,,,,,,,,,,,,,,,,,,,,,,,,,,
2023,6,23,12,0,21,19.3,90.12,,,,,,,,,,,,,,,,,,,,,,,,,,,,,,,,,,,,
2023,6,23,13,0,23.4,19.4,78.3,,,,,,,,,,,,,,,,,,,,,,,,,,,,,,,,,,,,
2023,6,23,14,0,25.2,19,68.43,,,,,,,,,,,,,,,,,,,,,,,,,,,,,,,,,,,,
2023,6,23,15,0,26.6,18.4,60.94,,,,,,,,,,,,,,,,,,,,,,,,,,,,,,,,,,,,
2023,6,23,16,0,27.6,18,55.8,,,,,,,,,,,,,,,,,,,,,,,,,,,,,,,,,,,,
2023,6,23,17,0,28.2,17.7,52.98,,,,,,,,,,,,,,,,,,,,,,,,,,,,,,,,,,,,
2023,6,23,18,0,28.6,17.6,51.44,,,,,,,,,,,,,,,,,,,,,,,,,,,,,,,,,,,,
2023,6,23,19,0,28.7,17.6,51.01,,,,,,,,,,,,,,,,,,,,,,,,,,,,,,,,,,,,
2023,6,23,20,0,28.5,17.7,52,,,,,,,,,,,,,,,,,,,,,,,,,,,,,,,,,,,,
2023,6,23,21,0,27.8,17.9,55.01,,,,,,,,,,,,,,,,,,,,,,,,,,,,,,,,,,,,
2023,6,23,22,0,26.9,18.6,60.49,,,,,,,,,,,,,,,,,,,,,,,,,,,,,,,,,,,,
2023,6,23,23,0,25.7,19.4,68.38,,,,,,,,,,,,,,,,,,,,,,,,,,,,,,,,,,,,
2023,6,24,0,0,22.8,20.3,85.68,,,,,,,,,,,,,,,,,,,,,,,,,,,,,,,,,,,,
2023,6,24,1,0,21,19.2,89.54,,,,,,,,,,,,,,,,,,,,,,,,,,,,,,,,,,,,
2023,6,24,2,0,20.1,18.8,91.98,,,,,,,,,,,,,,,,,,,,,,,,,,,,,,,,,,,,
2023,6,24,3,0,19.5,18.3,92.97,,,,,,,,,,,,,,,,,,,,,,,,,,,,,,,,,,,,
2023,6,24,4,0,19,18,93.66,,,,,,,,,,,,,,,,,,,,,,,,,,,,,,,,,,,,
2023,6,24,5,0,18.4,17.6,95.08,,,,,,,,,,,,,,,,,,,,,,,,,,,,,,,,,,,,
2023,6,24,6,0,18,17.3,95.55,,,,,,,,,,,,,,,,,,,,,,,,,,,,,,,,,,,,
2023,6,24,7,0,17.5,17,96.85,,,,,,,,,,,,,,,,,,,,,,,,,,,,,,,,,,,,
2023,6,24,8,0,17.2,16.8,97.37,,,,,,,,,,,,,,,,,,,,,,,,,,,,,,,,,,,,
2023,6,24,9,0,16.9,16.6,98.3,,,,,,,,,,,,,,,,,,,,,,,,,,,,,,,,,,,,
2023,6,24,10,0,16.9,16.7,98.43,,,,,,,,,,,,,,,,,,,,,,,,,,,,,,,,,,,,
2023,6,24,11,0,19,17.5,90.81,,,,,,,,,,,,,,,,,,,,,,,,,,,,,,,,,,,,
2023,6,24,12,0,20.9,18.1,84.08,,,,,,,,,,,,,,,,,,,,,,,,,,,,,,,,,,,,
2023,6,24,13,0,23.7,18.4,72.33,,,,,,,,,,,,,,,,,,,,,,,,,,,,,,,,,,,,
2023,6,24,14,0,25.7,18.4,63.88,,,,,,,,,,,,,,,,,,,,,,,,,,,,,,,,,,,,
2023,6,24,15,0,26.9,18.3,59.35,,,,,,,,,,,,,,,,,,,,,,,,,,,,,,,,,,,,
2023,6,24,16,0,27.9,18.1,55.19,,,,,,,,,,,,,,,,,,,,,,,,,,,,,,,,,,,,
2023,6,24,17,0,28.9,17.8,51.17,,,,,,,,,,,,,,,,,,,,,,,,,,,,,,,,,,,,
2023,6,24,18,0,29.6,17.6,48.47,,,,,,,,,,,,,,,,,,,,,,,,,,,,,,,,,,,,
2023,6,24,19,0,30.2,17.5,46.58,,,,,,,,,,,,,,,,,,,,,,,,,,,,,,,,,,,,
2023,6,24,20,0,30.2,17.3,46.09,,,,,,,,,,,,,,,,,,,,,,,,,,,,,,,,,,,,
2023,6,24,21,0,29.8,17.3,47.19,,,,,,,,,,,,,,,,,,,,,,,,,,,,,,,,,,,,
2023,6,24,22,0,28.9,18.2,52.5,,,,,,,,,,,,,,,,,,,,,,,,,,,,,,,,,,,,
2023,6,24,23,0,27.1,19.6,63.5,,,,,,,,,,,,,,,,,,,,,,,,,,,,,,,,,,,,
2023,6,25,0,0,24.1,20.5,80.16,,,,,,,,,,,,,,,,,,,,,,,,,,,,,,,,,,,,
2023,6,25,1,0,22.9,18.8,77.8,,,,,,,,,,,,,,,,,,,,,,,,,,,,,,,,,,,,
2023,6,25,2,0,22.7,18.2,75.71,,,,,,,,,,,,,,,,,,,,,,,,,,,,,,,,,,,,
2023,6,25,3,0,22.5,17.7,74.25,,,,,,,,,,,,,,,,,,,,,,,,,,,,,,,,,,,,
2023,6,25,4,0,22.2,17.4,74.11,,,,,,,,,,,,,,,,,,,,,,,,,,,,,,,,,,,,
2023,6,25,5,0,22.1,17.1,73.12,,,,,,,,,,,,,,,,,,,,,,,,,,,,,,,,,,,,
2023,6,25,6,0,21.3,17,76.53,,,,,,,,,,,,,,,,,,,,,,,,,,,,,,,,,,,,
2023,6,25,7,0,20.4,17,80.8,,,,,,,,,,,,,,,,,,,,,,,,,,,,,,,,,,,,
2023,6,25,8,0,19.4,17,85.96,,,,,,,,,,,,,,,,,,,,,,,,,,,,,,,,,,,,
2023,6,25,9,0,18.6,17,90.67,,,,,,,,,,,,,,,,,,,,,,,,,,,,,,,,,,,,
2023,6,25,10,0,18.1,17.3,94.97,,,,,,,,,,,,,,,,,,,,,,,,,,,,,,,,,,,,
2023,6,25,11,0,20.5,18.8,89.73,,,,,,,,,,,,,,,,,,,,,,,,,,,,,,,,,,,,
2023,6,25,12,0,22.8,19.3,80.67,,,,,,,,,,,,,,,,,,,,,,,,,,,,,,,,,,,,
2023,6,25,13,0,25.5,20.8,75.41,,,,,,,,,,,,,,,,,,,,,,,,,,,,,,,,,,,,
2023,6,25,14,0,28.2,20.6,63.45,,,,,,,,,,,,,,,,,,,,,,,,,,,,,,,,,,,,
2023,6,25,15,0,29.9,19.7,54.51,,,,,,,,,,,,,,,,,,,,,,,,,,,,,,,,,,,,
2023,6,25,16,0,31.2,19.2,49.08,,,,,,,,,,,,,,,,,,,,,,,,,,,,,,,,,,,,
2023,6,25,17,0,32.2,18.9,45.48,,,,,,,,,,,,,,,,,,,,,,,,,,,,,,,,,,,,
2023,6,25,18,0,33,18.6,42.69,,,,,,,,,,,,,,,,,,,,,,,,,,,,,,,,,,,,
2023,6,25,19,0,33.3,18.5,41.61,,,,,,,,,,,,,,,,,,,,,,,,,,,,,,,,,,,,
2023,6,25,20,0,33,18.7,42.79,,,,,,,,,,,,,,,,,,,,,,,,,,,,,,,,,,,,
2023,6,25,21,0,32,19.2,46.72,,,,,,,,,,,,,,,,,,,,,,,,,,,,,,,,,,,,
2023,6,25,22,0,30.5,19.8,52.89,,,,,,,,,,,,,,,,,,,,,,,,,,,,,,,,,,,,
2023,6,25,23,0,27.8,21.2,67.47,,,,,,,,,,,,,,,,,,,,,,,,,,,,,,,,,,,,
2023,6,26,0,0,24.8,22.4,86.74,,,,,,,,,,,,,,,,,,,,,,,,,,,,,,,,,,,,
2023,6,26,1,0,23.1,22.1,94.26,,,,,,,,,,,,,,,,,,,,,,,,,,,,,,,,,,,,
2023,6,26,2,0,22.4,22,97.81,,,,,,,,,,,,,,,,,,,,,,,,,,,,,,,,,,,,
2023,6,26,3,0,21.9,21.9,100,,,,,,,,,,,,,,,,,,,,,,,,,,,,,,,,,,,,
2023,6,26,4,0,21.7,21.7,100,,,,,,,,,,,,,,,,,,,,,,,,,,,,,,,,,,,,
2023,6,26,5,0,21.4,21.4,100,,,,,,,,,,,,,,,,,,,,,,,,,,,,,,,,,,,,
2023,6,26,6,0,21.2,21.2,100,,,,,,,,,,,,,,,,,,,,,,,,,,,,,,,,,,,,
2023,6,26,7,0,21,21,100,,,,,,,,,,,,,,,,,,,,,,,,,,,,,,,,,,,,
2023,6,26,8,0,20.9,20.9,100,,,,,,,,,,,,,,,,,,,,,,,,,,,,,,,,,,,,
2023,6,26,9,0,20.8,20.8,100,,,,,,,,,,,,,,,,,,,,,,,,,,,,,,,,,,,,
2023,6,26,10,0,20.6,20.6,100,,,,,,,,,,,,,,,,,,,,,,,,,,,,,,,,,,,,
2023,6,26,11,0,21.5,21.5,100,,,,,,,,,,,,,,,,,,,,,,,,,,,,,,,,,,,,
2023,6,26,12,0,22.9,22.9,100,,,,,,,,,,,,,,,,,,,,,,,,,,,,,,,,,,,,
2023,6,26,13,0,24.6,23.6,94.38,,,,,,,,,,,,,,,,,,,,,,,,,,,,,,,,,,,,
2023,6,26,14,0,26.8,22.9,79.46,,,,,,,,,,,,,,,,,,,,,,,,,,,,,,,,,,,,
2023,6,26,15,0,28.8,21.9,66.51,,,,,,,,,,,,,,,,,,,,,,,,,,,,,,,,,,,,
2023,6,26,16,0,30.1,21.5,60.23,,,,,,,,,,,,,,,,,,,,,,,,,,,,,,,,,,,,
2023,6,26,17,0,31.1,21.5,56.69,,,,,,,,,,,,,,,,,,,,,,,,,,,,,,,,,,,,
2023,6,26,18,0,31.9,21.6,54.45,,,,,,,,,,,,,,,,,,,,,,,,,,,,,,,,,,,,
2023,6,26,19,0,32.3,21.7,53.8,,,,,,,,,,,,,,,,,,,,,,,,,,,,,,,,,,,,
2023,6,26,20,0,32.4,21.8,53.82,,,,,,,,,,,,,,,,,,,,,,,,,,,,,,,,,,,,
2023,6,26,21,0,32,21.8,54.9,,,,,,,,,,,,,,,,,,,,,,,,,,,,,,,,,,,,
2023,6,26,22,0,30.8,22,59.45,,,,,,,,,,,,,,,,,,,,,,,,,,,,,,,,,,,,
2023,6,26,23,0,29,22.7,68.73,,,,,,,,,,,,,,,,,,,,,,,,,,,,,,,,,,,,
2023,6,27,0,0,26,22.6,81.77,,,,,,,,,,,,,,,,,,,,,,,,,,,,,,,,,,,,
2023,6,27,1,0,24.4,21.7,84.96,,,,,,,,,,,,,,,,,,,,,,,,,,,,,,,,,,,,
2023,6,27,2,0,23.5,21.1,86.56,,,,,,,,,,,,,,,,,,,,,,,,,,,,,,,,,,,,
2023,6,27,3,0,22.6,20.7,88.84,,,,,,,,,,,,,,,,,,,,,,,,,,,,,,,,,,,,
2023,6,27,4,0,21.9,20.3,90.73,,,,,,,,,,,,,,,,,,,,,,,,,,,,,,,,,,,,
2023,6,27,5,0,21.1,20,93.5,,,,,,,,,,,,,,,,,,,,,,,,,,,,,,,,,,,,
2023,6,27,6,0,20.4,19.7,95.56,,,,,,,,,,,,,,,,,,,,,,,,,,,,,,,,,,,,
2023,6,27,7,0,19.7,19.3,97.58,,,,,,,,,,,,,,,,,,,,,,,,,,,,,,,,,,,,
2023,6,27,8,0,19,19,99.77,,,,,,,,,,,,,,,,,,,,,,,,,,,,,,,,,,,,
2023,6,27,9,0,18.5,18.5,100,,,,,,,,,,,,,,,,,,,,,,,,,,,,,,,,,,,,
2023,6,27,10,0,18.3,18.3,100,,,,,,,,,,,,,,,,,,,,,,,,,,,,,,,,,,,,
2023,6,27,11,0,20,19.2,95.32,,,,,,,,,,,,,,,,,,,,,,,,,,,,,,,,,,,,
2023,6,27,12,0,21.9,20.2,90.2,,,,,,,,,,,,,,,,,,,,,,,,,,,,,,,,,,,,
2023,6,27,13,0,25.2,20.6,75.69,,,,,,,,,,,,,,,,,,,,,,,,,,,,,,,,,,,,
2023,6,27,14,0,27.6,19.3,60.69,,,,,,,,,,,,,,,,,,,,,,,,,,,,,,,,,,,,
2023,6,27,15,0,29,18.2,52.32,,,,,,,,,,,,,,,,,,,,,,,,,,,,,,,,,,,,
2023,6,27,16,0,30,17.5,47.08,,,,,,,,,,,,,,,,,,,,,,,,,,,,,,,,,,,,
2023,6,27,17,0,30.8,17.2,44.09,,,,,,,,,,,,,,,,,,,,,,,,,,,,,,,,,,,,
2023,6,27,18,0,31.3,17,42.3,,,,,,,,,,,,,,,,,,,,,,,,,,,,,,,,,,,,
2023,6,27,19,0,31.5,16.8,41.46,,,,,,,,,,,,,,,,,,,,,,,,,,,,,,,,,,,,
2023,6,27,20,0,31.4,16.7,41.23,,,,,,,,,,,,,,,,,,,,,,,,,,,,,,,,,,,,
2023,6,27,21,0,30.8,16.6,42.49,,,,,,,,,,,,,,,,,,,,,,,,,,,,,,,,,,,,
2023,6,27,22,0,29.5,17.1,47.24,,,,,,,,,,,,,,,,,,,,,,,,,,,,,,,,,,,,
2023,6,27,23,0,27.2,18.9,60.61,,,,,,,,,,,,,,,,,,,,,,,,,,,,,,,,,,,,
2023,6,28,0,0,23.6,19,75.37,,,,,,,,,,,,,,,,,,,,,,,,,,,,,,,,,,,,
2023,6,28,1,0,21.6,17.9,79.49,,,,,,,,,,,,,,,,,,,,,,,,,,,,,,,,,,,,
2023,6,28,2,0,20.6,17.4,81.68,,,,,,,,,,,,,,,,,,,,,,,,,,,,,,,,,,,,
2023,6,28,3,0,19.9,16.9,83.07,,,,,,,,,,,,,,,,,,,,,,,,,,,,,,,,,,,,
2023,6,28,4,0,19.3,16.6,84.64,,,,,,,,,,,,,,,,,,,,,,,,,,,,,,,,,,,,
2023,6,28,5,0,19,16.4,84.64,,,,,,,,,,,,,,,,,,,,,,,,,,,,,,,,,,,,
2023,6,28,6,0,18.8,16.1,84.56,,,,,,,,,,,,,,,,,,,,,,,,,,,,,,,,,,,,
2023,6,28,7,0,18.6,16,85.03,,,,,,,,,,,,,,,,,,,,,,,,,,,,,,,,,,,,
2023,6,28,8,0,18.2,16,87.15,,,,,,,,,,,,,,,,,,,,,,,,,,,,,,,,,,,,
2023,6,28,9,0,17.9,16.1,89.37,,,,,,,,,,,,,,,,,,,,,,,,,,,,,,,,,,,,
2023,6,28,10,0,17.7,16.3,91.23,,,,,,,,,,,,,,,,,,,,,,,,,,,,,,,,,,,,
2023,6,28,11,0,20.2,17.9,86.38,,,,,,,,,,,,,,,,,,,,,,,,,,,,,,,,,,,,
2023,6,28,12,0,22.8,18,74.2,,,,,,,,,,,,,,,,,,,,,,,,,,,,,,,,,,,,
2023,6,28,13,0,26.1,18.3,62.04,,,,,,,,,,,,,,,,,,,,,,,,,,,,,,,,,,,,
2023,6,28,14,0,28.5,16.8,49.26,,,,,,,,,,,,,,,,,,,,,,,,,,,,,,,,,,,,
2023,6,28,15,0,29.7,16.5,45.05,,,,,,,,,,,,,,,,,,,,,,,,,,,,,,,,,,,,
2023,6,28,16,0,30.8,16.4,41.98,,,,,,,,,,,,,,,,,,,,,,,,,,,,,,,,,,,,
2023,6,28,17,0,31.7,16.3,39.6,,,,,,,,,,,,,,,,,,,,,,,,,,,,,,,,,,,,
2023,6,28,18,0,32.2,16.2,38.15,,,,,,,,,,,,,,,,,,,,,,,,,,,,,,,,,,,,
2023,6,28,19,0,32.5,16,37.26,,,,,,,,,,,,,,,,,,,,,,,,,,,,,,,,,,,,
2023,6,28,20,0,32.3,16.1,37.82,,,,,,,,,,,,,,,,,,,,,,,,,,,,,,,,,,,,
2023,6,28,21,0,31.9,16.2,39.02,,,,,,,,,,,,,,,,,,,,,,,,,,,,,,,,,,,,
2023,6,28,22,0,30.9,17.4,44.4,,,,,,,,,,,,,,,,,,,,,,,,,,,,,,,,,,,,
2023,6,28,23,0,29.1,18.2,51.93,,,,,,,,,,,,,,,,,,,,,,,,,,,,,,,,,,,,
2023,6,29,0,0,25.2,20.5,75.36,,,,,,,,,,,,,,,,,,,,,,,,,,,,,,,,,,,,
2023,6,29,1,0,23.3,19.2,77.77,,,,,,,,,,,,,,,,,,,,,,,,,,,,,,,,,,,,
2023,6,29,2,0,22.3,18.8,80.82,,,,,,,,,,,,,,,,,,,,,,,,,,,,,,,,,,,,
2023,6,29,3,0,21.6,18.5,82.75,,,,,,,,,,,,,,,,,,,,,,,,,,,,,,,,,,,,
2023,6,29,4,0,21,18.3,84.81,,,,,,,,,,,,,,,,,,,,,,,,,,,,,,,,,,,,
2023,6,29,5,0,20.5,18.2,86.89,,,,,,,,,,,,,,,,,,,,,,,,,,,,,,,,,,,,
2023,6,29,6,0,20.1,18.2,89.02,,,,,,,,,,,,,,,,,,,,,,,,,,,,,,,,,,,,
2023,6,29,7,0,19.8,18.4,91.4,,,,,,,,,,,,,,,,,,,,,,,,,,,,,,,,,,,,
2023,6,29,8,0,19.5,18.6,94.28,,,,,,,,,,,,,,,,,,,,,,,,,,,,,,,,,,,,
2023,6,29,9,0,19.1,18.5,96.41,,,,,,,,,,,,,,,,,,,,,,,,,,,,,,,,,,,,
2023,6,29,10,0,18.8,18.6,98.49,,,,,,,,,,,,,,,,,,,,,,,,,,,,,,,,,,,,
2023,6,29,11,0,20.7,20,95.67,,,,,,,,,,,,,,,,,,,,,,,,,,,,,,,,,,,,
2023,6,29,12,0,22.7,20.8,89.31,,,,,,,,,,,,,,,,,,,,,,,,,,,,,,,,,,,,
2023,6,29,13,0,25.9,20.8,73.71,,,,,,,,,,,,,,,,,,,,,,,,,,,,,,,,,,,,
2023,6,29,14,0,29.3,18.6,52.71,,,,,,,,,,,,,,,,,,,,,,,,,,,,,,,,,,,,
2023,6,29,15,0,31.2,17.3,43.36,,,,,,,,,,,,,,,,,,,,,,,,,,,,,,,,,,,,
2023,6,29,16,0,32.6,16.2,37.42,,,,,,,,,,,,,,,,,,,,,,,,,,,,,,,,,,,,
2023,6,29,17,0,33.8,15.3,33.1,,,,,,,,,,,,,,,,,,,,,,,,,,,,,,,,,,,,
2023,6,29,18,0,34.5,14.7,30.51,,,,,,,,,,,,,,,,,,,,,,,,,,,,,,,,,,,,
2023,6,29,19,0,34.9,14.2,28.95,,,,,,,,,,,,,,,,,,,,,,,,,,,,,,,,,,,,
2023,6,29,20,0,34.8,14,28.75,,,,,,,,,,,,,,,,,,,,,,,,,,,,,,,,,,,,
2023,6,29,21,0,34.4,14.7,30.82,,,,,,,,,,,,,,,,,,,,,,,,,,,,,,,,,,,,
2023,6,29,22,0,34,16.2,34.65,,,,,,,,,,,,,,,,,,,,,,,,,,,,,,,,,,,,
2023,6,29,23,0,31.5,17.5,43.2,,,,,,,,,,,,,,,,,,,,,,,,,,,,,,,,,,,,
2023,6,30,0,0,28.1,20.7,64.18,,,,,,,,,,,,,,,,,,,,,,,,,,,,,,,,,,,,
2023,6,30,1,0,26.4,19.7,66.7,,,,,,,,,,,,,,,,,,,,,,,,,,,,,,,,,,,,
2023,6,30,2,0,25.1,20,73.23,,,,,,,,,,,,,,,,,,,,,,,,,,,,,,,,,,,,
2023,6,30,3,0,23.9,20.1,79.4,,,,,,,,,,,,,,,,,,,,,,,,,,,,,,,,,,,,
2023,6,30,4,0,23,20.3,84.85,,,,,,,,,,,,,,,,,,,,,,,,,,,,,,,,,,,,
2023,6,30,5,0,22.1,20.5,90.8,,,,,,,,,,,,,,,,,,,,,,,,,,,,,,,,,,,,
2023,6,30,6,0,21.3,20.3,94.12,,,,,,,,,,,,,,,,,,,,,,,,,,,,,,,,,,,,
2023,6,30,7,0,21.3,20,92.44,,,,,,,,,,,,,,,,,,,,,,,,,,,,,,,,,,,,
2023,6,30,8,0,21.3,19.9,91.92,,,,,,,,,,,,,,,,,,,,,,,,,,,,,,,,,,,,
2023,6,30,9,0,21.1,20.1,93.98,,,,,,,,,,,,,,,,,,,,,,,,,,,,,,,,,,,,
2023,6,30,10,0,20.9,20.3,96.34,,,,,,,,,,,,,,,,,,,,,,,,,,,,,,,,,,,,
2023,6,30,11,0,22.4,21.4,94.09,,,,,,,,,,,,,,,,,,,,,,,,,,,,,,,,,,,,
2023,6,30,12,0,24.6,21.6,83.41,,,,,,,,,,,,,,,,,,,,,,,,,,,,,,,,,,,,
2023,6,30,13,0,28.1,20.7,64.22,,,,,,,,,,,,,,,,,,,,,,,,,,,,,,,,,,,,
2023,6,30,14,0,30.6,19.7,52.35,,,,,,,,,,,,,,,,,,,,,,,,,,,,,,,,,,,,
2023,6,30,15,0,32,19.6,48.05,,,,,,,,,,,,,,,,,,,,,,,,,,,,,,,,,,,,
2023,6,30,16,0,33.1,20.1,46.58,,,,,,,,,,,,,,,,,,,,,,,,,,,,,,,,,,,,
2023,6,30,17,0,33.8,20.7,46.25,,,,,,,,,,,,,,,,,,,,,,,,,,,,,,,,,,,,
2023,6,30,18,0,34.1,21,46.44,,,,,,,,,,,,,,,,,,,,,,,,,,,,,,,,,,,,
2023,6,30,19,0,34.1,21.2,47,,,,,,,,,,,,,,,,,,,,,,,,,,,,,,,,,,,,
2023,6,30,20,0,33.6,21.4,48.89,,,,,,,,,,,,,,,,,,,,,,,,,,,,,,,,,,,,
2023,6,30,21,0,32.6,21.7,52.65,,,,,,,,,,,,,,,,,,,,,,,,,,,,,,,,,,,,
2023,6,30,22,0,31.3,22.4,59.19,,,,,,,,,,,,,,,,,,,,,,,,,,,,,,,,,,,,
2023,6,30,23,0,29.3,23.5,71.01,,,,,,,,,,,,,,,,,,,,,,,,,,,,,,,,,,,,
2023,7,1,0,0,26.6,24.6,89,,,,,,,,,,,,,,,,,,,,,,,,,,,,,,,,,,,,
2023,7,1,1,0,25.1,24.3,95.34,,,,,,,,,,,,,,,,,,,,,,,,,,,,,,,,,,,,
2023,7,1,2,0,24.4,24.1,98.4,,,,,,,,,,,,,,,,,,,,,,,,,,,,,,,,,,,,
2023,7,1,3,0,24,23.9,99.27,,,,,,,,,,,,,,,,,,,,,,,,,,,,,,,,,,,,
2023,7,1,4,0,23.7,23.7,100,,,,,,,,,,,,,,,,,,,,,,,,,,,,,,,,,,,,
2023,7,1,5,0,23.4,23.4,100,,,,,,,,,,,,,,,,,,,,,,,,,,,,,,,,,,,,
2023,7,1,6,0,23,23,100,,,,,,,,,,,,,,,,,,,,,,,,,,,,,,,,,,,,
2023,7,1,7,0,22.7,22.7,100,,,,,,,,,,,,,,,,,,,,,,,,,,,,,,,,,,,,
2023,7,1,8,0,22.4,22.4,100,,,,,,,,,,,,,,,,,,,,,,,,,,,,,,,,,,,,
2023,7,1,9,0,22.2,22.2,100,,,,,,,,,,,,,,,,,,,,,,,,,,,,,,,,,,,,
2023,7,1,10,0,22,22,100,,,,,,,,,,,,,,,,,,,,,,,,,,,,,,,,,,,,
2023,7,1,11,0,23.3,23.3,100,,,,,,,,,,,,,,,,,,,,,,,,,,,,,,,,,,,,
2023,7,1,12,0,25.2,24.6,96.6,,,,,,,,,,,,,,,,,,,,,,,,,,,,,,,,,,,,
2023,7,1,13,0,27.9,24.2,80.37,,,,,,,,,,,,,,,,,,,,,,,,,,,,,,,,,,,,
2023,7,1,14,0,30,22.9,65.59,,,,,,,,,,,,,,,,,,,,,,,,,,,,,,,,,,,,
2023,7,1,15,0,31.9,22.5,57.49,,,,,,,,,,,,,,,,,,,,,,,,,,,,,,,,,,,,
2023,7,1,16,0,33.4,22.2,52.13,,,,,,,,,,,,,,,,,,,,,,,,,,,,,,,,,,,,
2023,7,1,17,0,34.4,21.9,48.27,,,,,,,,,,,,,,,,,,,,,,,,,,,,,,,,,,,,
2023,7,1,18,0,35.1,21.4,45.12,,,,,,,,,,,,,,,,,,,,,,,,,,,,,,,,,,,,
2023,7,1,19,0,35.4,21,43.26,,,,,,,,,,,,,,,,,,,,,,,,,,,,,,,,,,,,
2023,7,1,20,0,35.3,20.9,43.1,,,,,,,,,,,,,,,,,,,,,,,,,,,,,,,,,,,,
2023,7,1,21,0,34.5,21.1,45.79,,,,,,,,,,,,,,,,,,,,,,,,,,,,,,,,,,,,
2023,7,1,22,0,33.1,21.7,51.3,,,,,,,,,,,,,,,,,,,,,,,,,,,,,,,,,,,,
2023,7,1,23,0,30.8,22.7,62.18,,,,,,,,,,,,,,,,,,,,,,,,,,,,,,,,,,,,
2023,7,2,0,0,27.5,24.3,82.58,,,,,,,,,,,,,,,,,,,,,,,,,,,,,,,,,,,,
2023,7,2,1,0,25.7,24,90.5,,,,,,,,,,,,,,,,,,,,,,,,,,,,,,,,,,,,
2023,7,2,2,0,24.8,23.8,94.4,,,,,,,,,,,,,,,,,,,,,,,,,,,,,,,,,,,,
2023,7,2,3,0,24.4,23.5,94.64,,,,,,,,,,,,,,,,,,,,,,,,,,,,,,,,,,,,
2023,7,2,4,0,24,23.3,95.64,,,,,,,,,,,,,,,,,,,,,,,,,,,,,,,,,,,,
2023,7,2,5,0,23.2,23,98.91,,,,,,,,,,,,,,,,,,,,,,,,,,,,,,,,,,,,
2023,7,2,6,0,22.5,22.5,100,,,,,,,,,,,,,,,,,,,,,,,,,,,,,,,,,,,,
2023,7,2,7,0,22.1,22.1,100,,,,,,,,,,,,,,,,,,,,,,,,,,,,,,,,,,,,
2023,7,2,8,0,21.7,21.7,100,,,,,,,,,,,,,,,,,,,,,,,,,,,,,,,,,,,,
2023,7,2,9,0,21.4,21.4,100,,,,,,,,,,,,,,,,,,,,,,,,,,,,,,,,,,,,
2023,7,2,10,0,21.5,21.5,100,,,,,,,,,,,,,,,,,,,,,,,,,,,,,,,,,,,,
2023,7,2,11,0,23.3,23.2,99.21,,,,,,,,,,,,,,,,,,,,,,,,,,,,,,,,,,,,
2023,7,2,12,0,25.7,23.9,89.78,,,,,,,,,,,,,,,,,,,,,,,,,,,,,,,,,,,,
2023,7,2,13,0,28.1,23.3,75.09,,,,,,,,,,,,,,,,,,,,,,,,,,,,,,,,,,,,
2023,7,2,14,0,30.2,22.6,63.82,,,,,,,,,,,,,,,,,,,,,,,,,,,,,,,,,,,,
2023,7,2,15,0,31.9,22.2,56.62,,,,,,,,,,,,,,,,,,,,,,,,,,,,,,,,,,,,
2023,7,2,16,0,33,22.1,52.7,,,,,,,,,,,,,,,,,,,,,,,,,,,,,,,,,,,,
2023,7,2,17,0,33.6,22,50.8,,,,,,,,,,,,,,,,,,,,,,,,,,,,,,,,,,,,
2023,7,2,18,0,33.6,22.1,50.99,,,,,,,,,,,,,,,,,,,,,,,,,,,,,,,,,,,,
2023,7,2,19,0,33.4,22.2,51.96,,,,,,,,,,,,,,,,,,,,,,,,,,,,,,,,,,,,
2023,7,2,20,0,32.9,22.7,55.01,,,,,,,,,,,,,,,,,,,,,,,,,,,,,,,,,,,,
2023,7,2,21,0,32.6,23.3,58.16,,,,,,,,,,,,,,,,,,,,,,,,,,,,,,,,,,,,
2023,7,2,22,0,31.5,23.8,63.75,,,,,,,,,,,,,,,,,,,,,,,,,,,,,,,,,,,,
2023,7,2,23,0,30,24.6,72.67,,,,,,,,,,,,,,,,,,,,,,,,,,,,,,,,,,,,
2023,7,3,0,0,28.4,25.3,83.12,,,,,,,,,,,,,,,,,,,,,,,,,,,,,,,,,,,,
2023,7,3,1,0,27.3,24.7,85.61,,,,,,,,,,,,,,,,,,,,,,,,,,,,,,,,,,,,
2023,7,3,2,0,26.4,24.7,90.5,,,,,,,,,,,,,,,,,,,,,,,,,,,,,,,,,,,,
2023,7,3,3,0,25.3,24.7,96.25,,,,,,,,,,,,,,,,,,,,,,,,,,,,,,,,,,,,
2023,7,3,4,0,24.5,24.3,98.75,,,,,,,,,,,,,,,,,,,,,,,,,,,,,,,,,,,,
2023,7,3,5,0,23.9,23.9,100,,,,,,,,,,,,,,,,,,,,,,,,,,,,,,,,,,,,
2023,7,3,6,0,23.4,23.4,100,,,,,,,,,,,,,,,,,,,,,,,,,,,,,,,,,,,,
2023,7,3,7,0,22.9,22.9,100,,,,,,,,,,,,,,,,,,,,,,,,,,,,,,,,,,,,
2023,7,3,8,0,22.6,22.6,100,,,,,,,,,,,,,,,,,,,,,,,,,,,,,,,,,,,,
2023,7,3,9,0,22.4,22.4,100,,,,,,,,,,,,,,,,,,,,,,,,,,,,,,,,,,,,
2023,7,3,10,0,22.3,22.3,100,,,,,,,,,,,,,,,,,,,,,,,,,,,,,,,,,,,,
2023,7,3,11,0,23.1,23.1,100,,,,,,,,,,,,,,,,,,,,,,,,,,,,,,,,,,,,
2023,7,3,12,0,23.9,23.6,98.1,,,,,,,,,,,,,,,,,,,,,,,,,,,,,,,,,,,,
2023,7,3,13,0,25.1,23.7,91.98,,,,,,,,,,,,,,,,,,,,,,,,,,,,,,,,,,,,
2023,7,3,14,0,26.9,23.2,80.28,,,,,,,,,,,,,,,,,,,,,,,,,,,,,,,,,,,,
2023,7,3,15,0,28.1,22.6,72.17,,,,,,,,,,,,,,,,,,,,,,,,,,,,,,,,,,,,
2023,7,3,16,0,28.8,22.6,69.04,,,,,,,,,,,,,,,,,,,,,,,,,,,,,,,,,,,,
2023,7,3,17,0,29.5,22.5,66.26,,,,,,,,,,,,,,,,,,,,,,,,,,,,,,,,,,,,
2023,7,3,18,0,30.4,22.5,62.71,,,,,,,,,,,,,,,,,,,,,,,,,,,,,,,,,,,,
2023,7,3,19,0,30.8,22.4,60.97,,,,,,,,,,,,,,,,,,,,,,,,,,,,,,,,,,,,
2023,7,3,20,0,30.9,22.4,60.72,,,,,,,,,,,,,,,,,,,,,,,,,,,,,,,,,,,,
2023,7,3,21,0,30.7,22.9,63.21,,,,,,,,,,,,,,,,,,,,,,,,,,,,,,,,,,,,
2023,7,3,22,0,29.7,23.6,69.61,,,,,,,,,,,,,,,,,,,,,,,,,,,,,,,,,,,,
2023,7,3,23,0,28,24.5,81.31,,,,,,,,,,,,,,,,,,,,,,,,,,,,,,,,,,,,
2023,7,4,0,0,26.1,24.7,92.28,,,,,,,,,,,,,,,,,,,,,,,,,,,,,,,,,,,,
2023,7,4,1,0,25.1,24.4,95.66,,,,,,,,,,,,,,,,,,,,,,,,,,,,,,,,,,,,
2023,7,4,2,0,24.5,24.3,98.86,,,,,,,,,,,,,,,,,,,,,,,,,,,,,,,,,,,,
2023,7,4,3,0,24,24,100,,,,,,,,,,,,,,,,,,,,,,,,,,,,,,,,,,,,
2023,7,4,4,0,23.6,23.6,100,,,,,,,,,,,,,,,,,,,,,,,,,,,,,,,,,,,,
2023,7,4,5,0,23.3,23.3,100,,,,,,,,,,,,,,,,,,,,,,,,,,,,,,,,,,,,
2023,7,4,6,0,23,23,100,,,,,,,,,,,,,,,,,,,,,,,,,,,,,,,,,,,,
2023,7,4,7,0,22.8,22.8,100,,,,,,,,,,,,,,,,,,,,,,,,,,,,,,,,,,,,
2023,7,4,8,0,22.5,22.5,100,,,,,,,,,,,,,,,,,,,,,,,,,,,,,,,,,,,,
2023,7,4,9,0,22.2,22.2,100,,,,,,,,,,,,,,,,,,,,,,,,,,,,,,,,,,,,
2023,7,4,10,0,22.1,22.1,100,,,,,,,,,,,,,,,,,,,,,,,,,,,,,,,,,,,,
2023,7,4,11,0,23.4,23.4,99.87,,,,,,,,,,,,,,,,,,,,,,,,,,,,,,,,,,,,
2023,7,4,12,0,25.4,24,92.21,,,,,,,,,,,,,,,,,,,,,,,,,,,,,,,,,,,,
2023,7,4,13,0,27.3,23.2,78.56,,,,,,,,,,,,,,,,,,,,,,,,,,,,,,,,,,,,
2023,7,4,14,0,28.4,21.8,67.61,,,,,,,,,,,,,,,,,,,,,,,,,,,,,,,,,,,,
2023,7,4,15,0,29.6,21.3,61.04,,,,,,,,,,,,,,,,,,,,,,,,,,,,,,,,,,,,
2023,7,4,16,0,30.4,21,57.43,,,,,,,,,,,,,,,,,,,,,,,,,,,,,,,,,,,,
2023,7,4,17,0,30.8,20.9,55.78,,,,,,,,,,,,,,,,,,,,,,,,,,,,,,,,,,,,
2023,7,4,18,0,31,20.9,54.89,,,,,,,,,,,,,,,,,,,,,,,,,,,,,,,,,,,,
2023,7,4,19,0,31.2,20.8,54.11,,,,,,,,,,,,,,,,,,,,,,,,,,,,,,,,,,,,
2023,7,4,20,0,31.4,20.9,53.59,,,,,,,,,,,,,,,,,,,,,,,,,,,,,,,,,,,,
2023,7,4,21,0,31.3,20.9,54.09,,,,,,,,,,,,,,,,,,,,,,,,,,,,,,,,,,,,
2023,7,4,22,0,31.4,21.6,56.26,,,,,,,,,,,,,,,,,,,,,,,,,,,,,,,,,,,,
2023,7,4,23,0,30.1,21.7,60.73,,,,,,,,,,,,,,,,,,,,,,,,,,,,,,,,,,,,
2023,7,5,0,0,28,22.7,73.03,,,,,,,,,,,,,,,,,,,,,,,,,,,,,,,,,,,,
2023,7,5,1,0,26.6,22.4,77.54,,,,,,,,,,,,,,,,,,,,,,,,,,,,,,,,,,,,
2023,7,5,2,0,25.4,22.4,83.7,,,,,,,,,,,,,,,,,,,,,,,,,,,,,,,,,,,,
2023,7,5,3,0,24.4,22.4,88.36,,,,,,,,,,,,,,,,,,,,,,,,,,,,,,,,,,,,
2023,7,5,4,0,23.8,22.3,91.14,,,,,,,,,,,,,,,,,,,,,,,,,,,,,,,,,,,,
2023,7,5,5,0,23.3,22.2,93.28,,,,,,,,,,,,,,,,,,,,,,,,,,,,,,,,,,,,
2023,7,5,6,0,22.8,22,95.26,,,,,,,,,,,,,,,,,,,,,,,,,,,,,,,,,,,,
2023,7,5,7,0,22.4,21.7,96.11,,,,,,,,,,,,,,,,,,,,,,,,,,,,,,,,,,,,
2023,7,5,8,0,21.9,21.5,97.72,,,,,,,,,,,,,,,,,,,,,,,,,,,,,,,,,,,,
2023,7,5,9,0,21.5,21.4,99.51,,,,,,,,,,,,,,,,,,,,,,,,,,,,,,,,,,,,
2023,7,5,10,0,21.3,21.3,100,,,,,,,,,,,,,,,,,,,,,,,,,,,,,,,,,,,,
2023,7,5,11,0,22.6,22.3,97.92,,,,,,,,,,,,,,,,,,,,,,,,,,,,,,,,,,,,
2023,7,5,12,0,24,22.8,92.86,,,,,,,,,,,,,,,,,,,,,,,,,,,,,,,,,,,,
2023,7,5,13,0,26.3,22.5,79.56,,,,,,,,,,,,,,,,,,,,,,,,,,,,,,,,,,,,
2023,7,5,14,0,27.9,21.7,69.13,,,,,,,,,,,,,,,,,,,,,,,,,,,,,,,,,,,,
2023,7,5,15,0,29.3,21,61.12,,,,,,,,,,,,,,,,,,,,,,,,,,,,,,,,,,,,
2023,7,5,16,0,30.3,20.6,56.04,,,,,,,,,,,,,,,,,,,,,,,,,,,,,,,,,,,,
2023,7,5,17,0,30.9,20.4,53.72,,,,,,,,,,,,,,,,,,,,,,,,,,,,,,,,,,,,
2023,7,5,18,0,31.4,20.5,52.45,,,,,,,,,,,,,,,,,,,,,,,,,,,,,,,,,,,,
2023,7,5,19,0,31.5,20.8,52.97,,,,,,,,,,,,,,,,,,,,,,,,,,,,,,,,,,,,
2023,7,5,20,0,31.2,20.9,54.49,,,,,,,,,,,,,,,,,,,,,,,,,,,,,,,,,,,,
2023,7,5,21,0,31,21.3,56.48,,,,,,,,,,,,,,,,,,,,,,,,,,,,,,,,,,,,
2023,7,5,22,0,31.1,21.8,57.85,,,,,,,,,,,,,,,,,,,,,,,,,,,,,,,,,,,,
2023,7,5,23,0,29.5,21.7,62.96,,,,,,,,,,,,,,,,,,,,,,,,,,,,,,,,,,,,
2023,7,6,0,0,27.5,23.1,77.07,,,,,,,,,,,,,,,,,,,,,,,,,,,,,,,,,,,,
2023,7,6,1,0,26.3,22.2,78.11,,,,,,,,,,,,,,,,,,,,,,,,,,,,,,,,,,,,
2023,7,6,2,0,25.7,21.4,77.29,,,,,,,,,,,,,,,,,,,,,,,,,,,,,,,,,,,,
2023,7,6,3,0,25.1,20.8,76.96,,,,,,,,,,,,,,,,,,,,,,,,,,,,,,,,,,,,
2023,7,6,4,0,24.5,20.5,78.42,,,,,,,,,,,,,,,,,,,,,,,,,,,,,,,,,,,,
2023,7,6,5,0,23.8,20.4,81.16,,,,,,,,,,,,,,,,,,,,,,,,,,,,,,,,,,,,
2023,7,6,6,0,23.2,20.3,83.86,,,,,,,,,,,,,,,,,,,,,,,,,,,,,,,,,,,,
2023,7,6,7,0,22.6,20.3,86.84,,,,,,,,,,,,,,,,,,,,,,,,,,,,,,,,,,,,
2023,7,6,8,0,22,20.3,89.82,,,,,,,,,,,,,,,,,,,,,,,,,,,,,,,,,,,,
2023,7,6,9,0,21.4,20.3,93.31,,,,,,,,,,,,,,,,,,,,,,,,,,,,,,,,,,,,
2023,7,6,10,0,21,20.4,96.38,,,,,,,,,,,,,,,,,,,,,,,,,,,,,,,,,,,,
2023,7,6,11,0,22.5,21.2,92.19,,,,,,,,,,,,,,,,,,,,,,,,,,,,,,,,,,,,
2023,7,6,12,0,24.4,21.9,85.74,,,,,,,,,,,,,,,,,,,,,,,,,,,,,,,,,,,,
2023,7,6,13,0,27.4,21.7,71.23,,,,,,,,,,,,,,,,,,,,,,,,,,,,,,,,,,,,
2023,7,6,14,0,29.4,21.6,63.06,,,,,,,,,,,,,,,,,,,,,,,,,,,,,,,,,,,,
2023,7,6,15,0,30.9,21.5,57.54,,,,,,,,,,,,,,,,,,,,,,,,,,,,,,,,,,,,
2023,7,6,16,0,32,21.3,53.35,,,,,,,,,,,,,,,,,,,,,,,,,,,,,,,,,,,,
2023,7,6,17,0,32.4,21.1,51.47,,,,,,,,,,,,,,,,,,,,,,,,,,,,,,,,,,,,
2023,7,6,18,0,32.6,20.9,50.29,,,,,,,,,,,,,,,,,,,,,,,,,,,,,,,,,,,,
2023,7,6,19,0,32.7,20.8,49.71,,,,,,,,,,,,,,,,,,,,,,,,,,,,,,,,,,,,
2023,7,6,20,0,32.5,20.9,50.55,,,,,,,,,,,,,,,,,,,,,,,,,,,,,,,,,,,,
2023,7,6,21,0,32,21.1,52.67,,,,,,,,,,,,,,,,,,,,,,,,,,,,,,,,,,,,
2023,7,6,22,0,31.1,21.8,57.62,,,,,,,,,,,,,,,,,,,,,,,,,,,,,,,,,,,,
2023,7,6,23,0,29.5,22.5,66.22,,,,,,,,,,,,,,,,,,,,,,,,,,,,,,,,,,,,
2023,7,7,0,0,26.8,23.8,83.84,,,,,,,,,,,,,,,,,,,,,,,,,,,,,,,,,,,,
2023,7,7,1,0,25.3,23.3,88.65,,,,,,,,,,,,,,,,,,,,,,,,,,,,,,,,,,,,
2023,7,7,2,0,24.5,22.9,90.88,,,,,,,,,,,,,,,,,,,,,,,,,,,,,,,,,,,,
2023,7,7,3,0,23.9,22.7,93.24,,,,,,,,,,,,,,,,,,,,,,,,,,,,,,,,,,,,
2023,7,7,4,0,23.5,22.7,95.38,,,,,,,,,,,,,,,,,,,,,,,,,,,,,,,,,,,,
2023,7,7,5,0,23.1,22.7,97.77,,,,,,,,,,,,,,,,,,,,,,,,,,,,,,,,,,,,
2023,7,7,6,0,22.8,22.7,99.57,,,,,,,,,,,,,,,,,,,,,,,,,,,,,,,,,,,,
2023,7,7,7,0,22.6,22.6,100,,,,,,,,,,,,,,,,,,,,,,,,,,,,,,,,,,,,
2023,7,7,8,0,22.4,22.4,100,,,,,,,,,,,,,,,,,,,,,,,,,,,,,,,,,,,,
2023,7,7,9,0,22.3,22.3,100,,,,,,,,,,,,,,,,,,,,,,,,,,,,,,,,,,,,
2023,7,7,10,0,22.2,22.2,100,,,,,,,,,,,,,,,,,,,,,,,,,,,,,,,,,,,,
2023,7,7,11,0,22.9,22.9,100,,,,,,,,,,,,,,,,,,,,,,,,,,,,,,,,,,,,
2023,7,7,12,0,24.1,23.5,96.67,,,,,,,,,,,,,,,,,,,,,,,,,,,,,,,,,,,,
2023,7,7,13,0,25.8,23.9,89.44,,,,,,,,,,,,,,,,,,,,,,,,,,,,,,,,,,,,
2023,7,7,14,0,27.9,23.2,75.66,,,,,,,,,,,,,,,,,,,,,,,,,,,,,,,,,,,,
2023,7,7,15,0,29.9,22,62.48,,,,,,,,,,,,,,,,,,,,,,,,,,,,,,,,,,,,
2023,7,7,16,0,31.3,20.8,53.87,,,,,,,,,,,,,,,,,,,,,,,,,,,,,,,,,,,,
2023,7,7,17,0,32.3,20.3,49.16,,,,,,,,,,,,,,,,,,,,,,,,,,,,,,,,,,,,
2023,7,7,18,0,33,20.1,46.62,,,,,,,,,,,,,,,,,,,,,,,,,,,,,,,,,,,,
2023,7,7,19,0,33,20,46.42,,,,,,,,,,,,,,,,,,,,,,,,,,,,,,,,,,,,
2023,7,7,20,0,32.6,20.1,47.81,,,,,,,,,,,,,,,,,,,,,,,,,,,,,,,,,,,,
2023,7,7,21,0,31.7,20.3,50.98,,,,,,,,,,,,,,,,,,,,,,,,,,,,,,,,,,,,
2023,7,7,22,0,30.8,21,55.82,,,,,,,,,,,,,,,,,,,,,,,,,,,,,,,,,,,,
2023,7,7,23,0,29.4,21.7,63.16,,,,,,,,,,,,,,,,,,,,,,,,,,,,,,,,,,,,
2023,7,8,0,0,26.8,23.1,80.23,,,,,,,,,,,,,,,,,,,,,,,,,,,,,,,,,,,,
2023,7,8,1,0,25.4,22.3,83.03,,,,,,,,,,,,,,,,,,,,,,,,,,,,,,,,,,,,
2023,7,8,2,0,24.2,22,87.31,,,,,,,,,,,,,,,,,,,,,,,,,,,,,,,,,,,,
2023,7,8,3,0,23,21.4,90.97,,,,,,,,,,,,,,,,,,,,,,,,,,,,,,,,,,,,
2023,7,8,4,0,22.3,20.8,91.4,,,,,,,,,,,,,,,,,,,,,,,,,,,,,,,,,,,,
2023,7,8,5,0,21.8,20.4,91.68,,,,,,,,,,,,,,,,,,,,,,,,,,,,,,,,,,,,
2023,7,8,6,0,21.4,20.1,92.27,,,,,,,,,,,,,,,,,,,,,,,,,,,,,,,,,,,,
2023,7,8,7,0,20.9,19.9,94.21,,,,,,,,,,,,,,,,,,,,,,,,,,,,,,,,,,,,
2023,7,8,8,0,20.4,19.8,96.49,,,,,,,,,,,,,,,,,,,,,,,,,,,,,,,,,,,,
2023,7,8,9,0,20,19.8,98.62,,,,,,,,,,,,,,,,,,,,,,,,,,,,,,,,,,,,
2023,7,8,10,0,19.8,19.8,100,,,,,,,,,,,,,,,,,,,,,,,,,,,,,,,,,,,,
2023,7,8,11,0,21.1,20.5,96.14,,,,,,,,,,,,,,,,,,,,,,,,,,,,,,,,,,,,
2023,7,8,12,0,23,21.4,90.93,,,,,,,,,,,,,,,,,,,,,,,,,,,,,,,,,,,,
2023,7,8,13,0,26.5,21.4,73.48,,,,,,,,,,,,,,,,,,,,,,,,,,,,,,,,,,,,
2023,7,8,14,0,29.6,20.5,58.29,,,,,,,,,,,,,,,,,,,,,,,,,,,,,,,,,,,,
2023,7,8,15,0,31.3,20.2,51.7,,,,,,,,,,,,,,,,,,,,,,,,,,,,,,,,,,,,
2023,7,8,16,0,32.6,19.9,47.28,,,,,,,,,,,,,,,,,,,,,,,,,,,,,,,,,,,,
2023,7,8,17,0,33.5,19.8,44.56,,,,,,,,,,,,,,,,,,,,,,,,,,,,,,,,,,,,
2023,7,8,18,0,34,19.8,43.33,,,,,,,,,,,,,,,,,,,,,,,,,,,,,,,,,,,,
2023,7,8,19,0,33.8,19.9,44.09,,,,,,,,,,,,,,,,,,,,,,,,,,,,,,,,,,,,
2023,7,8,20,0,33,20.2,47.01,,,,,,,,,,,,,,,,,,,,,,,,,,,,,,,,,,,,
2023,7,8,21,0,31.9,20.5,51.12,,,,,,,,,,,,,,,,,,,,,,,,,,,,,,,,,,,,
2023,7,8,22,0,30.7,21.2,56.8,,,,,,,,,,,,,,,,,,,,,,,,,,,,,,,,,,,,
2023,7,8,23,0,28.9,22.2,67.16,,,,,,,,,,,,,,,,,,,,,,,,,,,,,,,,,,,,
2023,7,9,0,0,26.4,22.8,80.67,,,,,,,,,,,,,,,,,,,,,,,,,,,,,,,,,,,,
2023,7,9,1,0,25.2,22.3,84.23,,,,,,,,,,,,,,,,,,,,,,,,,,,,,,,,,,,,
2023,7,9,2,0,24.6,22.2,86.61,,,,,,,,,,,,,,,,,,,,,,,,,,,,,,,,,,,,
2023,7,9,3,0,24,22.3,90.43,,,,,,,,,,,,,,,,,,,,,,,,,,,,,,,,,,,,
2023,7,9,4,0,23.5,22.5,94.25,,,,,,,,,,,,,,,,,,,,,,,,,,,,,,,,,,,,
2023,7,9,5,0,23,22.6,97.79,,,,,,,,,,,,,,,,,,,,,,,,,,,,,,,,,,,,
2023,7,9,6,0,22.7,22.7,99.84,,,,,,,,,,,,,,,,,,,,,,,,,,,,,,,,,,,,
2023,7,9,7,0,22.3,22.3,100,,,,,,,,,,,,,,,,,,,,,,,,,,,,,,,,,,,,
2023,7,9,8,0,22.1,22.1,100,,,,,,,,,,,,,,,,,,,,,,,,,,,,,,,,,,,,
2023,7,9,9,0,22,22,100,,,,,,,,,,,,,,,,,,,,,,,,,,,,,,,,,,,,
2023,7,9,10,0,21.9,21.9,100,,,,,,,,,,,,,,,,,,,,,,,,,,,,,,,,,,,,
2023,7,9,11,0,22.8,22.6,98.81,,,,,,,,,,,,,,,,,,,,,,,,,,,,,,,,,,,,
2023,7,9,12,0,23.8,22.8,94.28,,,,,,,,,,,,,,,,,,,,,,,,,,,,,,,,,,,,
2023,7,9,13,0,25.2,22.6,85.36,,,,,,,,,,,,,,,,,,,,,,,,,,,,,,,,,,,,
2023,7,9,14,0,26.9,21.5,72.31,,,,,,,,,,,,,,,,,,,,,,,,,,,,,,,,,,,,
2023,7,9,15,0,28.6,20.4,61.03,,,,,,,,,,,,,,,,,,,,,,,,,,,,,,,,,,,,
2023,7,9,16,0,29.8,19.8,55.03,,,,,,,,,,,,,,,,,,,,,,,,,,,,,,,,,,,,
2023,7,9,17,0,30.7,19.6,51.78,,,,,,,,,,,,,,,,,,,,,,,,,,,,,,,,,,,,
2023,7,9,18,0,31.3,19.5,49.6,,,,,,,,,,,,,,,,,,,,,,,,,,,,,,,,,,,,
2023,7,9,19,0,31.3,19.4,49.23,,,,,,,,,,,,,,,,,,,,,,,,,,,,,,,,,,,,
2023,7,9,20,0,31.1,19.4,49.74,,,,,,,,,,,,,,,,,,,,,,,,,,,,,,,,,,,,
2023,7,9,21,0,30.5,19.5,52.02,,,,,,,,,,,,,,,,,,,,,,,,,,,,,,,,,,,,
2023,7,9,22,0,29.9,20.1,55.82,,,,,,,,,,,,,,,,,,,,,,,,,,,,,,,,,,,,
2023,7,9,23,0,28.3,21.6,66.88,,,,,,,,,,,,,,,,,,,,,,,,,,,,,,,,,,,,
2023,7,10,0,0,25.6,23.1,86.17,,,,,,,,,,,,,,,,,,,,,,,,,,,,,,,,,,,,
2023,7,10,1,0,24.5,22.9,90.57,,,,,,,,,,,,,,,,,,,,,,,,,,,,,,,,,,,,
2023,7,10,2,0,23.9,22.6,92.47,,,,,,,,,,,,,,,,,,,,,,,,,,,,,,,,,,,,
2023,7,10,3,0,23.3,22.4,94.78,,,,,,,,,,,,,,,,,,,,,,,,,,,,,,,,,,,,
2023,7,10,4,0,22.6,22.2,97.83,,,,,,,,,,,,,,,,,,,,,,,,,,,,,,,,,,,,
2023,7,10,5,0,22.1,22.1,100,,,,,,,,,,,,,,,,,,,,,,,,,,,,,,,,,,,,
2023,7,10,6,0,21.7,21.7,100,,,,,,,,,,,,,,,,,,,,,,,,,,,,,,,,,,,,
2023,7,10,7,0,21.4,21.4,100,,,,,,,,,,,,,,,,,,,,,,,,,,,,,,,,,,,,
2023,7,10,8,0,21,21,100,,,,,,,,,,,,,,,,,,,,,,,,,,,,,,,,,,,,
2023,7,10,9,0,20.9,20.9,100,,,,,,,,,,,,,,,,,,,,,,,,,,,,,,,,,,,,
2023,7,10,10,0,20.8,20.8,100,,,,,,,,,,,,,,,,,,,,,,,,,,,,,,,,,,,,
2023,7,10,11,0,21.5,21.5,100,,,,,,,,,,,,,,,,,,,,,,,,,,,,,,,,,,,,
2023,7,10,12,0,23.1,22.5,96.62,,,,,,,,,,,,,,,,,,,,,,,,,,,,,,,,,,,,
2023,7,10,13,0,25.2,22.5,85,,,,,,,,,,,,,,,,,,,,,,,,,,,,,,,,,,,,
2023,7,10,14,0,26.8,21.5,72.89,,,,,,,,,,,,,,,,,,,,,,,,,,,,,,,,,,,,
2023,7,10,15,0,27.3,20.7,67.27,,,,,,,,,,,,,,,,,,,,,,,,,,,,,,,,,,,,
2023,7,10,16,0,28.4,20.5,62.31,,,,,,,,,,,,,,,,,,,,,,,,,,,,,,,,,,,,
2023,7,10,17,0,29.2,20.4,59.01,,,,,,,,,,,,,,,,,,,,,,,,,,,,,,,,,,,,
2023,7,10,18,0,29.8,20.3,56.78,,,,,,,,,,,,,,,,,,,,,,,,,,,,,,,,,,,,
2023,7,10,19,0,29.9,20.3,56.43,,,,,,,,,,,,,,,,,,,,,,,,,,,,,,,,,,,,
2023,7,10,20,0,29.6,20.4,57.77,,,,,,,,,,,,,,,,,,,,,,,,,,,,,,,,,,,,
2023,7,10,21,0,29.2,20.6,59.8,,,,,,,,,,,,,,,,,,,,,,,,,,,,,,,,,,,,
2023,7,10,22,0,28.7,21,63.17,,,,,,,,,,,,,,,,,,,,,,,,,,,,,,,,,,,,
2023,7,10,23,0,27.6,21.8,70.9,,,,,,,,,,,,,,,,,,,,,,,,,,,,,,,,,,,,
2023,7,11,0,0,25.3,22.6,85.25,,,,,,,,,,,,,,,,,,,,,,,,,,,,,,,,,,,,
2023,7,11,1,0,23.9,21.8,88.3,,,,,,,,,,,,,,,,,,,,,,,,,,,,,,,,,,,,
2023,7,11,2,0,23.1,21.2,89.31,,,,,,,,,,,,,,,,,,,,,,,,,,,,,,,,,,,,
2023,7,11,3,0,22.3,20.7,90.39,,,,,,,,,,,,,,,,,,,,,,,,,,,,,,,,,,,,
2023,7,11,4,0,21.4,20.1,92.37,,,,,,,,,,,,,,,,,,,,,,,,,,,,,,,,,,,,
2023,7,11,5,0,20.6,19.6,93.73,,,,,,,,,,,,,,,,,,,,,,,,,,,,,,,,,,,,
2023,7,11,6,0,20,19,93.95,,,,,,,,,,,,,,,,,,,,,,,,,,,,,,,,,,,,
2023,7,11,7,0,19.4,18.4,94,,,,,,,,,,,,,,,,,,,,,,,,,,,,,,,,,,,,
2023,7,11,8,0,18.9,17.7,93.03,,,,,,,,,,,,,,,,,,,,,,,,,,,,,,,,,,,,
2023,7,11,9,0,18.4,17.2,92.46,,,,,,,,,,,,,,,,,,,,,,,,,,,,,,,,,,,,
2023,7,11,10,0,18.1,16.7,91.8,,,,,,,,,,,,,,,,,,,,,,,,,,,,,,,,,,,,
2023,7,11,11,0,20.2,17.2,82.71,,,,,,,,,,,,,,,,,,,,,,,,,,,,,,,,,,,,
2023,7,11,12,0,22.4,16.8,70.47,,,,,,,,,,,,,,,,,,,,,,,,,,,,,,,,,,,,
2023,7,11,13,0,25.7,17.2,59.47,,,,,,,,,,,,,,,,,,,,,,,,,,,,,,,,,,,,
2023,7,11,14,0,28.3,16.8,49.76,,,,,,,,,,,,,,,,,,,,,,,,,,,,,,,,,,,,
2023,7,11,15,0,29.6,17.1,46.97,,,,,,,,,,,,,,,,,,,,,,,,,,,,,,,,,,,,
2023,7,11,16,0,30.7,17.1,44.01,,,,,,,,,,,,,,,,,,,,,,,,,,,,,,,,,,,,
2023,7,11,17,0,31.7,16.8,40.78,,,,,,,,,,,,,,,,,,,,,,,,,,,,,,,,,,,,
2023,7,11,18,0,32.3,16.4,38.43,,,,,,,,,,,,,,,,,,,,,,,,,,,,,,,,,,,,
2023,7,11,19,0,32.6,16,36.85,,,,,,,,,,,,,,,,,,,,,,,,,,,,,,,,,,,,
2023,7,11,20,0,32.5,15.7,36.51,,,,,,,,,,,,,,,,,,,,,,,,,,,,,,,,,,,,
2023,7,11,21,0,32.1,15.9,37.84,,,,,,,,,,,,,,,,,,,,,,,,,,,,,,,,,,,,
2023,7,11,22,0,31.5,16.8,41.33,,,,,,,,,,,,,,,,,,,,,,,,,,,,,,,,,,,,
2023,7,11,23,0,30.2,17,45.03,,,,,,,,,,,,,,,,,,,,,,,,,,,,,,,,,,,,
2023,7,12,0,0,27.2,18.6,59.23,,,,,,,,,,,,,,,,,,,,,,,,,,,,,,,,,,,,
2023,7,12,1,0,25.7,17.7,61.2,,,,,,,,,,,,,,,,,,,,,,,,,,,,,,,,,,,,
2023,7,12,2,0,24.8,17.3,63.23,,,,,,,,,,,,,,,,,,,,,,,,,,,,,,,,,,,,
2023,7,12,3,0,24.1,16.9,64.12,,,,,,,,,,,,,,,,,,,,,,,,,,,,,,,,,,,,
2023,7,12,4,0,23.4,16.7,65.94,,,,,,,,,,,,,,,,,,,,,,,,,,,,,,,,,,,,
2023,7,12,5,0,22.6,16.6,68.83,,,,,,,,,,,,,,,,,,,,,,,,,,,,,,,,,,,,
2023,7,12,6,0,21.8,16.6,72.11,,,,,,,,,,,,,,,,,,,,,,,,,,,,,,,,,,,,
2023,7,12,7,0,21.5,16.4,72.97,,,,,,,,,,,,,,,,,,,,,,,,,,,,,,,,,,,,
2023,7,12,8,0,21.3,16.4,73.54,,,,,,,,,,,,,,,,,,,,,,,,,,,,,,,,,,,,
2023,7,12,9,0,20.9,16.6,76.58,,,,,,,,,,,,,,,,,,,,,,,,,,,,,,,,,,,,
2023,7,12,10,0,20.3,16.8,80.22,,,,,,,,,,,,,,,,,,,,,,,,,,,,,,,,,,,,
2023,7,12,11,0,21.6,18.5,82.54,,,,,,,,,,,,,,,,,,,,,,,,,,,,,,,,,,,,
2023,7,12,12,0,24,17.4,66.68,,,,,,,,,,,,,,,,,,,,,,,,,,,,,,,,,,,,
2023,7,12,13,0,27.3,18.3,57.9,,,,,,,,,,,,,,,,,,,,,,,,,,,,,,,,,,,,
2023,7,12,14,0,29.6,19,52.88,,,,,,,,,,,,,,,,,,,,,,,,,,,,,,,,,,,,
2023,7,12,15,0,31,19.1,49.22,,,,,,,,,,,,,,,,,,,,,,,,,,,,,,,,,,,,
2023,7,12,16,0,32.3,19,45.37,,,,,,,,,,,,,,,,,,,,,,,,,,,,,,,,,,,,
2023,7,12,17,0,33.4,18.8,42.11,,,,,,,,,,,,,,,,,,,,,,,,,,,,,,,,,,,,
2023,7,12,18,0,34.2,18.5,39.51,,,,,,,,,,,,,,,,,,,,,,,,,,,,,,,,,,,,
2023,7,12,19,0,34.6,18.3,38.19,,,,,,,,,,,,,,,,,,,,,,,,,,,,,,,,,,,,
2023,7,12,20,0,34.5,18.3,38.42,,,,,,,,,,,,,,,,,,,,,,,,,,,,,,,,,,,,
2023,7,12,21,0,34,18.7,40.45,,,,,,,,,,,,,,,,,,,,,,,,,,,,,,,,,,,,
2023,7,12,22,0,33.2,19.6,44.78,,,,,,,,,,,,,,,,,,,,,,,,,,,,,,,,,,,,
2023,7,12,23,0,31.4,20.9,53.76,,,,,,,,,,,,,,,,,,,,,,,,,,,,,,,,,,,,
2023,7,13,0,0,28,23.2,75.26,,,,,,,,,,,,,,,,,,,,,,,,,,,,,,,,,,,,
2023,7,13,1,0,26.1,22.8,82.31,,,,,,,,,,,,,,,,,,,,,,,,,,,,,,,,,,,,
2023,7,13,2,0,25.1,22.6,86.22,,,,,,,,,,,,,,,,,,,,,,,,,,,,,,,,,,,,
2023,7,13,3,0,24.4,22.7,90.3,,,,,,,,,,,,,,,,,,,,,,,,,,,,,,,,,,,,
2023,7,13,4,0,23.9,22.7,93.23,,,,,,,,,,,,,,,,,,,,,,,,,,,,,,,,,,,,
2023,7,13,5,0,23.5,22.7,95.05,,,,,,,,,,,,,,,,,,,,,,,,,,,,,,,,,,,,
2023,7,13,6,0,23.1,22.5,96.72,,,,,,,,,,,,,,,,,,,,,,,,,,,,,,,,,,,,
2023,7,13,7,0,22.7,22.4,98.48,,,,,,,,,,,,,,,,,,,,,,,,,,,,,,,,,,,,
2023,7,13,8,0,22.4,22.4,100,,,,,,,,,,,,,,,,,,,,,,,,,,,,,,,,,,,,
2023,7,13,9,0,22.1,22.1,100,,,,,,,,,,,,,,,,,,,,,,,,,,,,,,,,,,,,
2023,7,13,10,0,21.9,21.9,100,,,,,,,,,,,,,,,,,,,,,,,,,,,,,,,,,,,,
2023,7,13,11,0,23.5,22.8,95.97,,,,,,,,,,,,,,,,,,,,,,,,,,,,,,,,,,,,
2023,7,13,12,0,25.5,23,86.3,,,,,,,,,,,,,,,,,,,,,,,,,,,,,,,,,,,,
2023,7,13,13,0,27.5,22.5,74.08,,,,,,,,,,,,,,,,,,,,,,,,,,,,,,,,,,,,
2023,7,13,14,0,29.5,21.7,62.83,,,,,,,,,,,,,,,,,,,,,,,,,,,,,,,,,,,,
2023,7,13,15,0,31.3,20.9,53.94,,,,,,,,,,,,,,,,,,,,,,,,,,,,,,,,,,,,
2023,7,13,16,0,32.8,20.2,47.44,,,,,,,,,,,,,,,,,,,,,,,,,,,,,,,,,,,,
2023,7,13,17,0,33.9,19.8,43.65,,,,,,,,,,,,,,,,,,,,,,,,,,,,,,,,,,,,
2023,7,13,18,0,34.7,19.7,41.53,,,,,,,,,,,,,,,,,,,,,,,,,,,,,,,,,,,,
2023,7,13,19,0,34.9,19.8,41.37,,,,,,,,,,,,,,,,,,,,,,,,,,,,,,,,,,,,
2023,7,13,20,0,34.6,20.1,42.81,,,,,,,,,,,,,,,,,,,,,,,,,,,,,,,,,,,,
2023,7,13,21,0,33.8,20.3,45.32,,,,,,,,,,,,,,,,,,,,,,,,,,,,,,,,,,,,
2023,7,13,22,0,32.4,20.9,50.75,,,,,,,,,,,,,,,,,,,,,,,,,,,,,,,,,,,,
2023,7,13,23,0,30.3,22.1,61.58,,,,,,,,,,,,,,,,,,,,,,,,,,,,,,,,,,,,
2023,7,14,0,0,27.5,23.1,77.12,,,,,,,,,,,,,,,,,,,,,,,,,,,,,,,,,,,,
2023,7,14,1,0,26,22.9,82.97,,,,,,,,,,,,,,,,,,,,,,,,,,,,,,,,,,,,
2023,7,14,2,0,25.1,22.8,87.22,,,,,,,,,,,,,,,,,,,,,,,,,,,,,,,,,,,,
2023,7,14,3,0,24.3,23,92.19,,,,,,,,,,,,,,,,,,,,,,,,,,,,,,,,,,,,
2023,7,14,4,0,23.9,23.1,95.27,,,,,,,,,,,,,,,,,,,,,,,,,,,,,,,,,,,,
2023,7,14,5,0,23.5,23.1,97.88,,,,,,,,,,,,,,,,,,,,,,,,,,,,,,,,,,,,
2023,7,14,6,0,23.3,23.2,99.1,,,,,,,,,,,,,,,,,,,,,,,,,,,,,,,,,,,,
2023,7,14,7,0,23,23,100,,,,,,,,,,,,,,,,,,,,,,,,,,,,,,,,,,,,
2023,7,14,8,0,22.9,22.9,100,,,,,,,,,,,,,,,,,,,,,,,,,,,,,,,,,,,,
2023,7,14,9,0,22.6,22.6,100,,,,,,,,,,,,,,,,,,,,,,,,,,,,,,,,,,,,
2023,7,14,10,0,22.5,22.5,100,,,,,,,,,,,,,,,,,,,,,,,,,,,,,,,,,,,,
2023,7,14,11,0,23.6,23.3,97.94,,,,,,,,,,,,,,,,,,,,,,,,,,,,,,,,,,,,
2023,7,14,12,0,25,23.2,90.01,,,,,,,,,,,,,,,,,,,,,,,,,,,,,,,,,,,,
2023,7,14,13,0,26.9,22.9,78.99,,,,,,,,,,,,,,,,,,,,,,,,,,,,,,,,,,,,
2023,7,14,14,0,28.9,22.6,68.83,,,,,,,,,,,,,,,,,,,,,,,,,,,,,,,,,,,,
2023,7,14,15,0,30.6,22.1,60.62,,,,,,,,,,,,,,,,,,,,,,,,,,,,,,,,,,,,
2023,7,14,16,0,31.7,21.7,55.49,,,,,,,,,,,,,,,,,,,,,,,,,,,,,,,,,,,,
2023,7,14,17,0,32.5,21.5,52.36,,,,,,,,,,,,,,,,,,,,,,,,,,,,,,,,,,,,
2023,7,14,18,0,33,21.4,50.55,,,,,,,,,,,,,,,,,,,,,,,,,,,,,,,,,,,,
2023,7,14,19,0,33.1,21.3,50.12,,,,,,,,,,,,,,,,,,,,,,,,,,,,,,,,,,,,
2023,7,14,20,0,32.9,21.4,50.94,,,,,,,,,,,,,,,,,,,,,,,,,,,,,,,,,,,,
2023,7,14,21,0,32.4,21.6,53.15,,,,,,,,,,,,,,,,,,,,,,,,,,,,,,,,,,,,
2023,7,14,22,0,31.7,22.4,58,,,,,,,,,,,,,,,,,,,,,,,,,,,,,,,,,,,,
2023,7,14,23,0,30.4,23.4,66.25,,,,,,,,,,,,,,,,,,,,,,,,,,,,,,,,,,,,
2023,7,15,0,0,28.4,24.6,79.85,,,,,,,,,,,,,,,,,,,,,,,,,,,,,,,,,,,,
2023,7,15,1,0,27.9,23.8,78.52,,,,,,,,,,,,,,,,,,,,,,,,,,,,,,,,,,,,
2023,7,15,2,0,27.2,23.6,80.68,,,,,,,,,,,,,,,,,,,,,,,,,,,,,,,,,,,,
2023,7,15,3,0,25.9,23.6,87.19,,,,,,,,,,,,,,,,,,,,,,,,,,,,,,,,,,,,
2023,7,15,4,0,25,23.3,90.34,,,,,,,,,,,,,,,,,,,,,,,,,,,,,,,,,,,,
2023,7,15,5,0,24.4,23,91.95,,,,,,,,,,,,,,,,,,,,,,,,,,,,,,,,,,,,
2023,7,15,6,0,24,22.7,92.56,,,,,,,,,,,,,,,,,,,,,,,,,,,,,,,,,,,,
2023,7,15,7,0,23.7,22.5,92.89,,,,,,,,,,,,,,,,,,,,,,,,,,,,,,,,,,,,
2023,7,15,8,0,23.1,22.3,95.49,,,,,,,,,,,,,,,,,,,,,,,,,,,,,,,,,,,,
2023,7,15,9,0,22.4,22.2,99.01,,,,,,,,,,,,,,,,,,,,,,,,,,,,,,,,,,,,
2023,7,15,10,0,22.2,22.2,100,,,,,,,,,,,,,,,,,,,,,,,,,,,,,,,,,,,,
2023,7,15,11,0,23.5,22.7,95.23,,,,,,,,,,,,,,,,,,,,,,,,,,,,,,,,,,,,
2023,7,15,12,0,25.2,22.9,87.16,,,,,,,,,,,,,,,,,,,,,,,,,,,,,,,,,,,,
2023,7,15,13,0,27.9,22.5,72.58,,,,,,,,,,,,,,,,,,,,,,,,,,,,,,,,,,,,
2023,7,15,14,0,30.8,21.6,58.1,,,,,,,,,,,,,,,,,,,,,,,,,,,,,,,,,,,,
2023,7,15,15,0,32.8,20.8,49.45,,,,,,,,,,,,,,,,,,,,,,,,,,,,,,,,,,,,
2023,7,15,16,0,34.1,20.8,45.82,,,,,,,,,,,,,,,,,,,,,,,,,,,,,,,,,,,,
2023,7,15,17,0,34.9,21,44.32,,,,,,,,,,,,,,,,,,,,,,,,,,,,,,,,,,,,
2023,7,15,18,0,35.2,21.2,44.15,,,,,,,,,,,,,,,,,,,,,,,,,,,,,,,,,,,,
2023,7,15,19,0,35,21.3,45.05,,,,,,,,,,,,,,,,,,,,,,,,,,,,,,,,,,,,
2023,7,15,20,0,34.6,21.5,46.45,,,,,,,,,,,,,,,,,,,,,,,,,,,,,,,,,,,,
2023,7,15,21,0,33.9,21.6,48.61,,,,,,,,,,,,,,,,,,,,,,,,,,,,,,,,,,,,
2023,7,15,22,0,32.6,21.8,53.14,,,,,,,,,,,,,,,,,,,,,,,,,,,,,,,,,,,,
2023,7,15,23,0,30.9,22.5,60.95,,,,,,,,,,,,,,,,,,,,,,,,,,,,,,,,,,,,
2023,7,16,0,0,28.4,23.4,74.49,,,,,,,,,,,,,,,,,,,,,,,,,,,,,,,,,,,,
2023,7,16,1,0,27,23.3,80.2,,,,,,,,,,,,,,,,,,,,,,,,,,,,,,,,,,,,
2023,7,16,2,0,26.4,23.2,82.42,,,,,,,,,,,,,,,,,,,,,,,,,,,,,,,,,,,,
2023,7,16,3,0,25.6,23.2,86.49,,,,,,,,,,,,,,,,,,,,,,,,,,,,,,,,,,,,
2023,7,16,4,0,24.8,23.3,91.4,,,,,,,,,,,,,,,,,,,,,,,,,,,,,,,,,,,,
2023,7,16,5,0,24.2,23.4,95.09,,,,,,,,,,,,,,,,,,,,,,,,,,,,,,,,,,,,
2023,7,16,6,0,23.8,23.4,97.84,,,,,,,,,,,,,,,,,,,,,,,,,,,,,,,,,,,,
2023,7,16,7,0,23.5,23.5,99.91,,,,,,,,,,,,,,,,,,,,,,,,,,,,,,,,,,,,
2023,7,16,8,0,23.3,23.3,100,,,,,,,,,,,,,,,,,,,,,,,,,,,,,,,,,,,,
2023,7,16,9,0,23,23,100,,,,,,,,,,,,,,,,,,,,,,,,,,,,,,,,,,,,
2023,7,16,10,0,23,23,100,,,,,,,,,,,,,,,,,,,,,,,,,,,,,,,,,,,,
2023,7,16,11,0,24,23.3,95.83,,,,,,,,,,,,,,,,,,,,,,,,,,,,,,,,,,,,
2023,7,16,12,0,25.7,22.8,84.23,,,,,,,,,,,,,,,,,,,,,,,,,,,,,,,,,,,,
2023,7,16,13,0,27.8,22.2,71.72,,,,,,,,,,,,,,,,,,,,,,,,,,,,,,,,,,,,
2023,7,16,14,0,29.8,21.7,61.88,,,,,,,,,,,,,,,,,,,,,,,,,,,,,,,,,,,,
2023,7,16,15,0,31.5,21,53.7,,,,,,,,,,,,,,,,,,,,,,,,,,,,,,,,,,,,
2023,7,16,16,0,32.8,20.1,47.38,,,,,,,,,,,,,,,,,,,,,,,,,,,,,,,,,,,,
2023,7,16,17,0,33.9,19.3,42.32,,,,,,,,,,,,,,,,,,,,,,,,,,,,,,,,,,,,
2023,7,16,18,0,34.5,18.5,38.92,,,,,,,,,,,,,,,,,,,,,,,,,,,,,,,,,,,,
2023,7,16,19,0,34.8,17.8,36.58,,,,,,,,,,,,,,,,,,,,,,,,,,,,,,,,,,,,
2023,7,16,20,0,34.5,17.1,35.71,,,,,,,,,,,,,,,,,,,,,,,,,,,,,,,,,,,,
2023,7,16,21,0,33.9,16.6,35.75,,,,,,,,,,,,,,,,,,,,,,,,,,,,,,,,,,,,
2023,7,16,22,0,32.5,16.8,39.13,,,,,,,,,,,,,,,,,,,,,,,,,,,,,,,,,,,,
2023,7,16,23,0,29.9,18.8,51.55,,,,,,,,,,,,,,,,,,,,,,,,,,,,,,,,,,,,
2023,7,17,0,0,26.1,19.9,68.52,,,,,,,,,,,,,,,,,,,,,,,,,,,,,,,,,,,,
2023,7,17,1,0,24.3,18.9,71.67,,,,,,,,,,,,,,,,,,,,,,,,,,,,,,,,,,,,
2023,7,17,2,0,23.5,18.3,72.61,,,,,,,,,,,,,,,,,,,,,,,,,,,,,,,,,,,,
2023,7,17,3,0,22.5,18,75.64,,,,,,,,,,,,,,,,,,,,,,,,,,,,,,,,,,,,
2023,7,17,4,0,21.7,17.7,77.86,,,,,,,,,,,,,,,,,,,,,,,,,,,,,,,,,,,,
2023,7,17,5,0,20.9,17.4,80.39,,,,,,,,,,,,,,,,,,,,,,,,,,,,,,,,,,,,
2023,7,17,6,0,20.3,17.1,82.01,,,,,,,,,,,,,,,,,,,,,,,,,,,,,,,,,,,,
2023,7,17,7,0,20,16.9,82.37,,,,,,,,,,,,,,,,,,,,,,,,,,,,,,,,,,,,
2023,7,17,8,0,19.8,16.7,82.34,,,,,,,,,,,,,,,,,,,,,,,,,,,,,,,,,,,,
2023,7,17,9,0,19.6,16.7,83.53,,,,,,,,,,,,,,,,,,,,,,,,,,,,,,,,,,,,
2023,7,17,10,0,19.1,16.8,86.8,,,,,,,,,,,,,,,,,,,,,,,,,,,,,,,,,,,,
2023,7,17,11,0,20.2,17.3,83.46,,,,,,,,,,,,,,,,,,,,,,,,,,,,,,,,,,,,
2023,7,17,12,0,22.2,17.2,73.42,,,,,,,,,,,,,,,,,,,,,,,,,,,,,,,,,,,,
2023,7,17,13,0,24.4,18.1,68.12,,,,,,,,,,,,,,,,,,,,,,,,,,,,,,,,,,,,
2023,7,17,14,0,28.5,16.6,48.58,,,,,,,,,,,,,,,,,,,,,,,,,,,,,,,,,,,,
2023,7,17,15,0,30.6,14.9,38.55,,,,,,,,,,,,,,,,,,,,,,,,,,,,,,,,,,,,
2023,7,17,16,0,31.9,14,33.72,,,,,,,,,,,,,,,,,,,,,,,,,,,,,,,,,,,,
2023,7,17,17,0,32.9,13.6,31.11,,,,,,,,,,,,,,,,,,,,,,,,,,,,,,,,,,,,
2023,7,17,18,0,33.6,13.6,29.87,,,,,,,,,,,,,,,,,,,,,,,,,,,,,,,,,,,,
2023,7,17,19,0,34.1,13.6,29.03,,,,,,,,,,,,,,,,,,,,,,,,,,,,,,,,,,,,
2023,7,17,20,0,34.1,13.6,29.11,,,,,,,,,,,,,,,,,,,,,,,,,,,,,,,,,,,,
2023,7,17,21,0,33.6,13.8,30.26,,,,,,,,,,,,,,,,,,,,,,,,,,,,,,,,,,,,
2023,7,17,22,0,33.2,14.6,32.61,,,,,,,,,,,,,,,,,,,,,,,,,,,,,,,,,,,,
2023,7,17,23,0,31.1,17.2,43.48,,,,,,,,,,,,,,,,,,,,,,,,,,,,,,,,,,,,
2023,7,18,0,0,29.7,16.5,45.1,,,,,,,,,,,,,,,,,,,,,,,,,,,,,,,,,,,,
2023,7,18,1,0,28.4,15.8,46.3,,,,,,,,,,,,,,,,,,,,,,,,,,,,,,,,,,,,
2023,7,18,2,0,26.3,17,56.62,,,,,,,,,,,,,,,,,,,,,,,,,,,,,,,,,,,,
2023,7,18,3,0,25.3,16.8,59.35,,,,,,,,,,,,,,,,,,,,,,,,,,,,,,,,,,,,
2023,7,18,4,0,24.4,16.6,61.95,,,,,,,,,,,,,,,,,,,,,,,,,,,,,,,,,,,,
2023,7,18,5,0,23.1,16.8,67.57,,,,,,,,,,,,,,,,,,,,,,,,,,,,,,,,,,,,
2023,7,18,6,0,22.2,16.6,70.39,,,,,,,,,,,,,,,,,,,,,,,,,,,,,,,,,,,,
2023,7,18,7,0,21.2,16.5,74.61,,,,,,,,,,,,,,,,,,,,,,,,,,,,,,,,,,,,
2023,7,18,8,0,20.1,16.5,79.84,,,,,,,,,,,,,,,,,,,,,,,,,,,,,,,,,,,,
2023,7,18,9,0,19.6,16.5,82.05,,,,,,,,,,,,,,,,,,,,,,,,,,,,,,,,,,,,
2023,7,18,10,0,19.2,16.6,85,,,,,,,,,,,,,,,,,,,,,,,,,,,,,,,,,,,,
2023,7,18,11,0,20.9,18.3,85.2,,,,,,,,,,,,,,,,,,,,,,,,,,,,,,,,,,,,
2023,7,18,12,0,23.7,18.8,73.82,,,,,,,,,,,,,,,,,,,,,,,,,,,,,,,,,,,,
2023,7,18,13,0,26.7,19.4,64.23,,,,,,,,,,,,,,,,,,,,,,,,,,,,,,,,,,,,
2023,7,18,14,0,30,18.7,50.75,,,,,,,,,,,,,,,,,,,,,,,,,,,,,,,,,,,,
2023,7,18,15,0,31.7,18.1,44.4,,,,,,,,,,,,,,,,,,,,,,,,,,,,,,,,,,,,
2023,7,18,16,0,33,17.8,40.43,,,,,,,,,,,,,,,,,,,,,,,,,,,,,,,,,,,,
2023,7,18,17,0,34.2,17.5,37.17,,,,,,,,,,,,,,,,,,,,,,,,,,,,,,,,,,,,
2023,7,18,18,0,34.8,17.2,35.33,,,,,,,,,,,,,,,,,,,,,,,,,,,,,,,,,,,,
2023,7,18,19,0,35.2,17,34.15,,,,,,,,,,,,,,,,,,,,,,,,,,,,,,,,,,,,
2023,7,18,20,0,35.2,17,33.97,,,,,,,,,,,,,,,,,,,,,,,,,,,,,,,,,,,,
2023,7,18,21,0,34.7,17,34.92,,,,,,,,,,,,,,,,,,,,,,,,,,,,,,,,,,,,
2023,7,18,22,0,33.6,17.7,39.01,,,,,,,,,,,,,,,,,,,,,,,,,,,,,,,,,,,,
2023,7,18,23,0,31.2,20.2,52.05,,,,,,,,,,,,,,,,,,,,,,,,,,,,,,,,,,,,
2023,7,19,0,0,27.6,22,71.56,,,,,,,,,,,,,,,,,,,,,,,,,,,,,,,,,,,,
2023,7,19,1,0,25.8,20.6,72.82,,,,,,,,,,,,,,,,,,,,,,,,,,,,,,,,,,,,
2023,7,19,2,0,25.1,20.1,73.74,,,,,,,,,,,,,,,,,,,,,,,,,,,,,,,,,,,,
2023,7,19,3,0,24.5,20.4,77.77,,,,,,,,,,,,,,,,,,,,,,,,,,,,,,,,,,,,
2023,7,19,4,0,23.8,20.9,83.7,,,,,,,,,,,,,,,,,,,,,,,,,,,,,,,,,,,,
2023,7,19,5,0,23.3,21.3,88.53,,,,,,,,,,,,,,,,,,,,,,,,,,,,,,,,,,,,
2023,7,19,6,0,22.9,21.7,93.08,,,,,,,,,,,,,,,,,,,,,,,,,,,,,,,,,,,,
2023,7,19,7,0,22.8,22,95.5,,,,,,,,,,,,,,,,,,,,,,,,,,,,,,,,,,,,
2023,7,19,8,0,22.6,22.3,98.35,,,,,,,,,,,,,,,,,,,,,,,,,,,,,,,,,,,,
2023,7,19,9,0,22.5,22.4,99.49,,,,,,,,,,,,,,,,,,,,,,,,,,,,,,,,,,,,
2023,7,19,10,0,22.1,22.1,100,,,,,,,,,,,,,,,,,,,,,,,,,,,,,,,,,,,,
2023,7,19,11,0,23,22.6,97.87,,,,,,,,,,,,,,,,,,,,,,,,,,,,,,,,,,,,
2023,7,19,12,0,24.6,23.1,91.4,,,,,,,,,,,,,,,,,,,,,,,,,,,,,,,,,,,,
2023,7,19,13,0,27.9,22.3,71.57,,,,,,,,,,,,,,,,,,,,,,,,,,,,,,,,,,,,
2023,7,19,14,0,30.9,21.4,57.02,,,,,,,,,,,,,,,,,,,,,,,,,,,,,,,,,,,,
2023,7,19,15,0,32.9,20.6,48.49,,,,,,,,,,,,,,,,,,,,,,,,,,,,,,,,,,,,
2023,7,19,16,0,34.2,19.9,43.17,,,,,,,,,,,,,,,,,,,,,,,,,,,,,,,,,,,,
2023,7,19,17,0,34.9,19.6,40.77,,,,,,,,,,,,,,,,,,,,,,,,,,,,,,,,,,,,
2023,7,19,18,0,35.3,19.4,39.44,,,,,,,,,,,,,,,,,,,,,,,,,,,,,,,,,,,,
2023,7,19,19,0,35.5,19.3,38.61,,,,,,,,,,,,,,,,,,,,,,,,,,,,,,,,,,,,
2023,7,19,20,0,35.1,19.2,39.41,,,,,,,,,,,,,,,,,,,,,,,,,,,,,,,,,,,,
2023,7,19,21,0,34.2,19.3,41.67,,,,,,,,,,,,,,,,,,,,,,,,,,,,,,,,,,,,
2023,7,19,22,0,32.8,19.8,46.37,,,,,,,,,,,,,,,,,,,,,,,,,,,,,,,,,,,,
2023,7,19,23,0,30.7,21.7,58.72,,,,,,,,,,,,,,,,,,,,,,,,,,,,,,,,,,,,
2023,7,20,0,0,28.8,23.5,73,,,,,,,,,,,,,,,,,,,,,,,,,,,,,,,,,,,,
2023,7,20,1,0,28.2,22.6,71.58,,,,,,,,,,,,,,,,,,,,,,,,,,,,,,,,,,,,
2023,7,20,2,0,26.4,22.3,78.06,,,,,,,,,,,,,,,,,,,,,,,,,,,,,,,,,,,,
2023,7,20,3,0,25.3,21.3,78.45,,,,,,,,,,,,,,,,,,,,,,,,,,,,,,,,,,,,
2023,7,20,4,0,24.8,20.9,79.07,,,,,,,,,,,,,,,,,,,,,,,,,,,,,,,,,,,,
2023,7,20,5,0,24.1,20.6,80.86,,,,,,,,,,,,,,,,,,,,,,,,,,,,,,,,,,,,
2023,7,20,6,0,23.2,20.3,83.79,,,,,,,,,,,,,,,,,,,,,,,,,,,,,,,,,,,,
2023,7,20,7,0,22.6,20.2,86.07,,,,,,,,,,,,,,,,,,,,,,,,,,,,,,,,,,,,
2023,7,20,8,0,22.3,20.1,87.46,,,,,,,,,,,,,,,,,,,,,,,,,,,,,,,,,,,,
2023,7,20,9,0,22,20.2,89.29,,,,,,,,,,,,,,,,,,,,,,,,,,,,,,,,,,,,
2023,7,20,10,0,21.9,20.4,90.94,,,,,,,,,,,,,,,,,,,,,,,,,,,,,,,,,,,,
2023,7,20,11,0,23.6,20.8,84.44,,,,,,,,,,,,,,,,,,,,,,,,,,,,,,,,,,,,
2023,7,20,12,0,25.7,21.4,77.39,,,,,,,,,,,,,,,,,,,,,,,,,,,,,,,,,,,,
2023,7,20,13,0,29.2,22,65.25,,,,,,,,,,,,,,,,,,,,,,,,,,,,,,,,,,,,
2023,7,20,14,0,31.5,22.1,57.54,,,,,,,,,,,,,,,,,,,,,,,,,,,,,,,,,,,,
2023,7,20,15,0,32.7,22,53.36,,,,,,,,,,,,,,,,,,,,,,,,,,,,,,,,,,,,
2023,7,20,16,0,33.4,21.6,50.23,,,,,,,,,,,,,,,,,,,,,,,,,,,,,,,,,,,,
2023,7,20,17,0,34.3,21.3,46.81,,,,,,,,,,,,,,,,,,,,,,,,,,,,,,,,,,,,
2023,7,20,18,0,35,20.9,43.9,,,,,,,,,,,,,,,,,,,,,,,,,,,,,,,,,,,,
2023,7,20,19,0,35.1,20.6,42.88,,,,,,,,,,,,,,,,,,,,,,,,,,,,,,,,,,,,
2023,7,20,20,0,34.7,20.6,43.85,,,,,,,,,,,,,,,,,,,,,,,,,,,,,,,,,,,,
2023,7,20,21,0,33.7,21.2,48.15,,,,,,,,,,,,,,,,,,,,,,,,,,,,,,,,,,,,
2023,7,20,22,0,31.9,22.4,57.34,,,,,,,,,,,,,,,,,,,,,,,,,,,,,,,,,,,,
2023,7,20,23,0,29.7,24.1,72.09,,,,,,,,,,,,,,,,,,,,,,,,,,,,,,,,,,,,
2023,7,21,0,0,27.5,25.4,88.26,,,,,,,,,,,,,,,,,,,,,,,,,,,,,,,,,,,,
2023,7,21,1,0,26.4,25.6,95.31,,,,,,,,,,,,,,,,,,,,,,,,,,,,,,,,,,,,
2023,7,21,2,0,25.7,25.7,100,,,,,,,,,,,,,,,,,,,,,,,,,,,,,,,,,,,,
2023,7,21,3,0,25.4,25.4,100,,,,,,,,,,,,,,,,,,,,,,,,,,,,,,,,,,,,
2023,7,21,4,0,25.1,25.1,100,,,,,,,,,,,,,,,,,,,,,,,,,,,,,,,,,,,,
2023,7,21,5,0,24.9,24.9,100,,,,,,,,,,,,,,,,,,,,,,,,,,,,,,,,,,,,
2023,7,21,6,0,24.7,24.7,100,,,,,,,,,,,,,,,,,,,,,,,,,,,,,,,,,,,,
2023,7,21,7,0,24.4,24.4,100,,,,,,,,,,,,,,,,,,,,,,,,,,,,,,,,,,,,
2023,7,21,8,0,24.1,24.1,100,,,,,,,,,,,,,,,,,,,,,,,,,,,,,,,,,,,,
2023,7,21,9,0,23.8,23.8,100,,,,,,,,,,,,,,,,,,,,,,,,,,,,,,,,,,,,
2023,7,21,10,0,23.7,23.7,100,,,,,,,,,,,,,,,,,,,,,,,,,,,,,,,,,,,,
2023,7,21,11,0,24.4,24.4,100,,,,,,,,,,,,,,,,,,,,,,,,,,,,,,,,,,,,
2023,7,21,12,0,25.3,25.3,100,,,,,,,,,,,,,,,,,,,,,,,,,,,,,,,,,,,,
2023,7,21,13,0,26.3,25.8,97.28,,,,,,,,,,,,,,,,,,,,,,,,,,,,,,,,,,,,
2023,7,21,14,0,27.4,25.5,89.52,,,,,,,,,,,,,,,,,,,,,,,,,,,,,,,,,,,,
2023,7,21,15,0,29.3,24.4,75,,,,,,,,,,,,,,,,,,,,,,,,,,,,,,,,,,,,
2023,7,21,16,0,30.9,23.3,63.9,,,,,,,,,,,,,,,,,,,,,,,,,,,,,,,,,,,,
2023,7,21,17,0,31.8,22.5,57.86,,,,,,,,,,,,,,,,,,,,,,,,,,,,,,,,,,,,
2023,7,21,18,0,32.6,21.9,53.49,,,,,,,,,,,,,,,,,,,,,,,,,,,,,,,,,,,,
2023,7,21,19,0,33,21.7,51.46,,,,,,,,,,,,,,,,,,,,,,,,,,,,,,,,,,,,
2023,7,21,20,0,32.8,21.8,52.48,,,,,,,,,,,,,,,,,,,,,,,,,,,,,,,,,,,,
2023,7,21,21,0,31.9,22.5,57.63,,,,,,,,,,,,,,,,,,,,,,,,,,,,,,,,,,,,
2023,7,21,22,0,30.3,23.5,67.03,,,,,,,,,,,,,,,,,,,,,,,,,,,,,,,,,,,,
2023,7,21,23,0,28.4,24.6,79.86,,,,,,,,,,,,,,,,,,,,,,,,,,,,,,,,,,,,
2023,7,22,0,0,26.5,25.6,94.56,,,,,,,,,,,,,,,,,,,,,,,,,,,,,,,,,,,,
2023,7,22,1,0,25.5,25.5,100,,,,,,,,,,,,,,,,,,,,,,,,,,,,,,,,,,,,
2023,7,22,2,0,25,25,100,,,,,,,,,,,,,,,,,,,,,,,,,,,,,,,,,,,,
2023,7,22,3,0,24.6,24.6,100,,,,,,,,,,,,,,,,,,,,,,,,,,,,,,,,,,,,
2023,7,22,4,0,24.1,24.1,100,,,,,,,,,,,,,,,,,,,,,,,,,,,,,,,,,,,,
2023,7,22,5,0,23.5,23.5,100,,,,,,,,,,,,,,,,,,,,,,,,,,,,,,,,,,,,
2023,7,22,6,0,23,23,100,,,,,,,,,,,,,,,,,,,,,,,,,,,,,,,,,,,,
2023,7,22,7,0,22.7,22.7,100,,,,,,,,,,,,,,,,,,,,,,,,,,,,,,,,,,,,
2023,7,22,8,0,22.4,22.4,100,,,,,,,,,,,,,,,,,,,,,,,,,,,,,,,,,,,,
2023,7,22,9,0,22.1,22.1,100,,,,,,,,,,,,,,,,,,,,,,,,,,,,,,,,,,,,
2023,7,22,10,0,22.1,22.1,100,,,,,,,,,,,,,,,,,,,,,,,,,,,,,,,,,,,,
2023,7,22,11,0,22.6,22.6,100,,,,,,,,,,,,,,,,,,,,,,,,,,,,,,,,,,,,
2023,7,22,12,0,23.3,23.3,100,,,,,,,,,,,,,,,,,,,,,,,,,,,,,,,,,,,,
2023,7,22,13,0,24.4,23.6,95.33,,,,,,,,,,,,,,,,,,,,,,,,,,,,,,,,,,,,
2023,7,22,14,0,26.1,22.9,82.7,,,,,,,,,,,,,,,,,,,,,,,,,,,,,,,,,,,,
2023,7,22,15,0,27.9,21.7,69.05,,,,,,,,,,,,,,,,,,,,,,,,,,,,,,,,,,,,
2023,7,22,16,0,29.1,21,61.6,,,,,,,,,,,,,,,,,,,,,,,,,,,,,,,,,,,,
2023,7,22,17,0,30,20.6,57.07,,,,,,,,,,,,,,,,,,,,,,,,,,,,,,,,,,,,
2023,7,22,18,0,30.8,20.3,53.64,,,,,,,,,,,,,,,,,,,,,,,,,,,,,,,,,,,,
2023,7,22,19,0,31.2,20.1,51.72,,,,,,,,,,,,,,,,,,,,,,,,,,,,,,,,,,,,
2023,7,22,20,0,31.1,19.9,51.55,,,,,,,,,,,,,,,,,,,,,,,,,,,,,,,,,,,,
2023,7,22,21,0,30.7,19.7,52.01,,,,,,,,,,,,,,,,,,,,,,,,,,,,,,,,,,,,
2023,7,22,22,0,29.7,19.7,55.1,,,,,,,,,,,,,,,,,,,,,,,,,,,,,,,,,,,,
2023,7,22,23,0,28.2,20.6,63.53,,,,,,,,,,,,,,,,,,,,,,,,,,,,,,,,,,,,
2023,7,23,0,0,25.1,21.8,81.92,,,,,,,,,,,,,,,,,,,,,,,,,,,,,,,,,,,,
2023,7,23,1,0,23.6,21.2,86.36,,,,,,,,,,,,,,,,,,,,,,,,,,,,,,,,,,,,
2023,7,23,2,0,22.7,20.7,88.51,,,,,,,,,,,,,,,,,,,,,,,,,,,,,,,,,,,,
2023,7,23,3,0,22,20.3,89.98,,,,,,,,,,,,,,,,,,,,,,,,,,,,,,,,,,,,
2023,7,23,4,0,21.4,19.9,91.13,,,,,,,,,,,,,,,,,,,,,,,,,,,,,,,,,,,,
2023,7,23,5,0,20.8,19.5,92.46,,,,,,,,,,,,,,,,,,,,,,,,,,,,,,,,,,,,
2023,7,23,6,0,20.3,19.2,93.42,,,,,,,,,,,,,,,,,,,,,,,,,,,,,,,,,,,,
2023,7,23,7,0,19.8,18.9,94.45,,,,,,,,,,,,,,,,,,,,,,,,,,,,,,,,,,,,
2023,7,23,8,0,19.4,18.6,95.41,,,,,,,,,,,,,,,,,,,,,,,,,,,,,,,,,,,,
2023,7,23,9,0,19.1,18.5,96.49,,,,,,,,,,,,,,,,,,,,,,,,,,,,,,,,,,,,
2023,7,23,10,0,19,18.5,96.87,,,,,,,,,,,,,,,,,,,,,,,,,,,,,,,,,,,,
2023,7,23,11,0,20.7,19.6,93.15,,,,,,,,,,,,,,,,,,,,,,,,,,,,,,,,,,,,
2023,7,23,12,0,22.6,20.1,86.02,,,,,,,,,,,,,,,,,,,,,,,,,,,,,,,,,,,,
2023,7,23,13,0,26.8,18.5,60.46,,,,,,,,,,,,,,,,,,,,,,,,,,,,,,,,,,,,
2023,7,23,14,0,29.2,17.5,49.4,,,,,,,,,,,,,,,,,,,,,,,,,,,,,,,,,,,,
2023,7,23,15,0,30.7,17.3,44.72,,,,,,,,,,,,,,,,,,,,,,,,,,,,,,,,,,,,
2023,7,23,16,0,31.7,17.2,42.03,,,,,,,,,,,,,,,,,,,,,,,,,,,,,,,,,,,,
2023,7,23,17,0,32.6,17.2,39.82,,,,,,,,,,,,,,,,,,,,,,,,,,,,,,,,,,,,
2023,7,23,18,0,33.2,17.1,38.24,,,,,,,,,,,,,,,,,,,,,,,,,,,,,,,,,,,,
2023,7,23,19,0,33.6,17,37.17,,,,,,,,,,,,,,,,,,,,,,,,,,,,,,,,,,,,
2023,7,23,20,0,33.4,16.9,37.3,,,,,,,,,,,,,,,,,,,,,,,,,,,,,,,,,,,,
2023,7,23,21,0,32.7,16.8,38.75,,,,,,,,,,,,,,,,,,,,,,,,,,,,,,,,,,,,
2023,7,23,22,0,31.4,17.3,43.06,,,,,,,,,,,,,,,,,,,,,,,,,,,,,,,,,,,,
2023,7,23,23,0,29.4,19,53.44,,,,,,,,,,,,,,,,,,,,,,,,,,,,,,,,,,,,
2023,7,24,0,0,26.5,20,67.7,,,,,,,,,,,,,,,,,,,,,,,,,,,,,,,,,,,,
2023,7,24,1,0,25.2,19.7,71.49,,,,,,,,,,,,,,,,,,,,,,,,,,,,,,,,,,,,
2023,7,24,2,0,24.3,19.8,75.79,,,,,,,,,,,,,,,,,,,,,,,,,,,,,,,,,,,,
2023,7,24,3,0,23.2,19.7,80.95,,,,,,,,,,,,,,,,,,,,,,,,,,,,,,,,,,,,
2023,7,24,4,0,22.2,19.6,85.41,,,,,,,,,,,,,,,,,,,,,,,,,,,,,,,,,,,,
2023,7,24,5,0,21.5,19.5,88.24,,,,,,,,,,,,,,,,,,,,,,,,,,,,,,,,,,,,
2023,7,24,6,0,21.1,19.3,89.54,,,,,,,,,,,,,,,,,,,,,,,,,,,,,,,,,,,,
2023,7,24,7,0,20.6,19.2,91.85,,,,,,,,,,,,,,,,,,,,,,,,,,,,,,,,,,,,
2023,7,24,8,0,20.1,19.1,94.11,,,,,,,,,,,,,,,,,,,,,,,,,,,,,,,,,,,,
2023,7,24,9,0,19.7,19,95.96,,,,,,,,,,,,,,,,,,,,,,,,,,,,,,,,,,,,
2023,7,24,10,0,19.3,18.9,97.78,,,,,,,,,,,,,,,,,,,,,,,,,,,,,,,,,,,,
2023,7,24,11,0,20.5,19.2,92,,,,,,,,,,,,,,,,,,,,,,,,,,,,,,,,,,,,
2023,7,24,12,0,22.6,19.7,83.59,,,,,,,,,,,,,,,,,,,,,,,,,,,,,,,,,,,,
2023,7,24,13,0,25.8,19.5,68.43,,,,,,,,,,,,,,,,,,,,,,,,,,,,,,,,,,,,
2023,7,24,14,0,28.3,18.6,55.66,,,,,,,,,,,,,,,,,,,,,,,,,,,,,,,,,,,,
2023,7,24,15,0,30.3,17.6,46.72,,,,,,,,,,,,,,,,,,,,,,,,,,,,,,,,,,,,
2023,7,24,16,0,31.8,16.9,40.96,,,,,,,,,,,,,,,,,,,,,,,,,,,,,,,,,,,,
2023,7,24,17,0,33,16.3,36.88,,,,,,,,,,,,,,,,,,,,,,,,,,,,,,,,,,,,
2023,7,24,18,0,33.7,15.8,34.2,,,,,,,,,,,,,,,,,,,,,,,,,,,,,,,,,,,,
2023,7,24,19,0,34.1,15.2,32.27,,,,,,,,,,,,,,,,,,,,,,,,,,,,,,,,,,,,
2023,7,24,20,0,33.9,14.7,31.62,,,,,,,,,,,,,,,,,,,,,,,,,,,,,,,,,,,,
2023,7,24,21,0,33.4,14.5,32.07,,,,,,,,,,,,,,,,,,,,,,,,,,,,,,,,,,,,
2023,7,24,22,0,32.5,15,34.94,,,,,,,,,,,,,,,,,,,,,,,,,,,,,,,,,,,,
2023,7,24,23,0,30.2,16.5,43.73,,,,,,,,,,,,,,,,,,,,,,,,,,,,,,,,,,,,
2023,7,25,0,0,25.8,19.6,68.66,,,,,,,,,,,,,,,,,,,,,,,,,,,,,,,,,,,,
2023,7,25,1,0,23.7,18.5,72.44,,,,,,,,,,,,,,,,,,,,,,,,,,,,,,,,,,,,
2023,7,25,2,0,22.6,17.9,74.75,,,,,,,,,,,,,,,,,,,,,,,,,,,,,,,,,,,,
2023,7,25,3,0,21.7,17.5,77.09,,,,,,,,,,,,,,,,,,,,,,,,,,,,,,,,,,,,
2023,7,25,4,0,20.9,17.1,79.08,,,,,,,,,,,,,,,,,,,,,,,,,,,,,,,,,,,,
2023,7,25,5,0,20.2,16.7,80.52,,,,,,,,,,,,,,,,,,,,,,,,,,,,,,,,,,,,
2023,7,25,6,0,19.6,16.4,81.61,,,,,,,,,,,,,,,,,,,,,,,,,,,,,,,,,,,,
2023,7,25,7,0,19.1,16.1,82.53,,,,,,,,,,,,,,,,,,,,,,,,,,,,,,,,,,,,
2023,7,25,8,0,18.7,15.8,83.26,,,,,,,,,,,,,,,,,,,,,,,,,,,,,,,,,,,,
2023,7,25,9,0,18.3,15.8,85.15,,,,,,,,,,,,,,,,,,,,,,,,,,,,,,,,,,,,
2023,7,25,10,0,18,15.9,87.79,,,,,,,,,,,,,,,,,,,,,,,,,,,,,,,,,,,,
2023,7,25,11,0,20.2,17,81.69,,,,,,,,,,,,,,,,,,,,,,,,,,,,,,,,,,,,
2023,7,25,12,0,23.2,17.2,69,,,,,,,,,,,,,,,,,,,,,,,,,,,,,,,,,,,,
2023,7,25,13,0,27,17.7,56.74,,,,,,,,,,,,,,,,,,,,,,,,,,,,,,,,,,,,
2023,7,25,14,0,30.4,17.3,45.52,,,,,,,,,,,,,,,,,,,,,,,,,,,,,,,,,,,,
2023,7,25,15,0,32.2,17,40.25,,,,,,,,,,,,,,,,,,,,,,,,,,,,,,,,,,,,
2023,7,25,16,0,33.6,16.5,36.06,,,,,,,,,,,,,,,,,,,,,,,,,,,,,,,,,,,,
2023,7,25,17,0,34.6,16.2,33.42,,,,,,,,,,,,,,,,,,,,,,,,,,,,,,,,,,,,
2023,7,25,18,0,35.3,15.9,31.63,,,,,,,,,,,,,,,,,,,,,,,,,,,,,,,,,,,,
2023,7,25,19,0,35.6,15.7,30.7,,,,,,,,,,,,,,,,,,,,,,,,,,,,,,,,,,,,
2023,7,25,20,0,35.4,15.6,30.87,,,,,,,,,,,,,,,,,,,,,,,,,,,,,,,,,,,,
2023,7,25,21,0,34.9,15.6,31.7,,,,,,,,,,,,,,,,,,,,,,,,,,,,,,,,,,,,
2023,7,25,22,0,33.7,16.5,35.77,,,,,,,,,,,,,,,,,,,,,,,,,,,,,,,,,,,,
2023,7,25,23,0,31.5,18.4,45.87,,,,,,,,,,,,,,,,,,,,,,,,,,,,,,,,,,,,
2023,7,26,0,0,27.8,21,66.41,,,,,,,,,,,,,,,,,,,,,,,,,,,,,,,,,,,,
2023,7,26,1,0,26.3,20,68.2,,,,,,,,,,,,,,,,,,,,,,,,,,,,,,,,,,,,
2023,7,26,2,0,25.3,19.5,70.44,,,,,,,,,,,,,,,,,,,,,,,,,,,,,,,,,,,,
2023,7,26,3,0,24.4,19.3,73.04,,,,,,,,,,,,,,,,,,,,,,,,,,,,,,,,,,,,
2023,7,26,4,0,23.4,19,76.56,,,,,,,,,,,,,,,,,,,,,,,,,,,,,,,,,,,,
2023,7,26,5,0,22.6,18.9,79.41,,,,,,,,,,,,,,,,,,,,,,,,,,,,,,,,,,,,
2023,7,26,6,0,22,18.7,81.69,,,,,,,,,,,,,,,,,,,,,,,,,,,,,,,,,,,,
2023,7,26,7,0,21.5,18.7,84.19,,,,,,,,,,,,,,,,,,,,,,,,,,,,,,,,,,,,
2023,7,26,8,0,21,18.7,86.66,,,,,,,,,,,,,,,,,,,,,,,,,,,,,,,,,,,,
2023,7,26,9,0,20.7,18.7,88.5,,,,,,,,,,,,,,,,,,,,,,,,,,,,,,,,,,,,
2023,7,26,10,0,20.6,18.9,89.91,,,,,,,,,,,,,,,,,,,,,,,,,,,,,,,,,,,,
2023,7,26,11,0,22.6,20,85.24,,,,,,,,,,,,,,,,,,,,,,,,,,,,,,,,,,,,
2023,7,26,12,0,25.5,20.3,72.95,,,,,,,,,,,,,,,,,,,,,,,,,,,,,,,,,,,,
2023,7,26,13,0,29.4,19.7,56.1,,,,,,,,,,,,,,,,,,,,,,,,,,,,,,,,,,,,
2023,7,26,14,0,32,18,43.42,,,,,,,,,,,,,,,,,,,,,,,,,,,,,,,,,,,,
2023,7,26,15,0,33.7,17.5,38.25,,,,,,,,,,,,,,,,,,,,,,,,,,,,,,,,,,,,
2023,7,26,16,0,35.1,17.2,34.66,,,,,,,,,,,,,,,,,,,,,,,,,,,,,,,,,,,,
2023,7,26,17,0,36.2,16.9,31.96,,,,,,,,,,,,,,,,,,,,,,,,,,,,,,,,,,,,
2023,7,26,18,0,36.8,16.5,30.18,,,,,,,,,,,,,,,,,,,,,,,,,,,,,,,,,,,,
2023,7,26,19,0,37.1,16.1,28.99,,,,,,,,,,,,,,,,,,,,,,,,,,,,,,,,,,,,
2023,7,26,20,0,36.9,15.9,28.85,,,,,,,,,,,,,,,,,,,,,,,,,,,,,,,,,,,,
2023,7,26,21,0,36.2,15.7,29.71,,,,,,,,,,,,,,,,,,,,,,,,,,,,,,,,,,,,
2023,7,26,22,0,35.1,16.4,33.04,,,,,,,,,,,,,,,,,,,,,,,,,,,,,,,,,,,,
2023,7,26,23,0,33,18.4,42.02,,,,,,,,,,,,,,,,,,,,,,,,,,,,,,,,,,,,
2023,7,27,0,0,29.3,21.1,61.55,,,,,,,,,,,,,,,,,,,,,,,,,,,,,,,,,,,,
2023,7,27,1,0,27.3,20.4,66.18,,,,,,,,,,,,,,,,,,,,,,,,,,,,,,,,,,,,
2023,7,27,2,0,25.8,20.3,71.51,,,,,,,,,,,,,,,,,,,,,,,,,,,,,,,,,,,,
2023,7,27,3,0,24.6,20,75.62,,,,,,,,,,,,,,,,,,,,,,,,,,,,,,,,,,,,
2023,7,27,4,0,23.6,19.8,79.32,,,,,,,,,,,,,,,,,,,,,,,,,,,,,,,,,,,,
2023,7,27,5,0,22.8,19.7,82.49,,,,,,,,,,,,,,,,,,,,,,,,,,,,,,,,,,,,
2023,7,27,6,0,22.3,19.5,84.35,,,,,,,,,,,,,,,,,,,,,,,,,,,,,,,,,,,,
2023,7,27,7,0,22.3,19.2,82.59,,,,,,,,,,,,,,,,,,,,,,,,,,,,,,,,,,,,
2023,7,27,8,0,22.8,18.7,77.5,,,,,,,,,,,,,,,,,,,,,,,,,,,,,,,,,,,,
2023,7,27,9,0,23.1,18.4,74.74,,,,,,,,,,,,,,,,,,,,,,,,,,,,,,,,,,,,
2023,7,27,10,0,22.9,18.5,76.28,,,,,,,,,,,,,,,,,,,,,,,,,,,,,,,,,,,,
2023,7,27,11,0,23.2,20,82.46,,,,,,,,,,,,,,,,,,,,,,,,,,,,,,,,,,,,
2023,7,27,12,0,25.3,19.8,71.62,,,,,,,,,,,,,,,,,,,,,,,,,,,,,,,,,,,,
2023,7,27,13,0,29.3,19,53.81,,,,,,,,,,,,,,,,,,,,,,,,,,,,,,,,,,,,
2023,7,27,14,0,32.8,16.5,37.69,,,,,,,,,,,,,,,,,,,,,,,,,,,,,,,,,,,,
2023,7,27,15,0,34.6,15.6,32.29,,,,,,,,,,,,,,,,,,,,,,,,,,,,,,,,,,,,
2023,7,27,16,0,36,15,28.61,,,,,,,,,,,,,,,,,,,,,,,,,,,,,,,,,,,,
2023,7,27,17,0,37,14.5,26.34,,,,,,,,,,,,,,,,,,,,,,,,,,,,,,,,,,,,
2023,7,27,18,0,37.7,14.2,24.85,,,,,,,,,,,,,,,,,,,,,,,,,,,,,,,,,,,,
2023,7,27,19,0,37.9,14.1,24.35,,,,,,,,,,,,,,,,,,,,,,,,,,,,,,,,,,,,
2023,7,27,20,0,37.6,14,24.69,,,,,,,,,,,,,,,,,,,,,,,,,,,,,,,,,,,,
2023,7,27,21,0,36.9,14.2,25.86,,,,,,,,,,,,,,,,,,,,,,,,,,,,,,,,,,,,
2023,7,27,22,0,35.8,14.8,28.58,,,,,,,,,,,,,,,,,,,,,,,,,,,,,,,,,,,,
2023,7,27,23,0,33.6,17.5,38.46,,,,,,,,,,,,,,,,,,,,,,,,,,,,,,,,,,,,
2023,7,28,0,0,29.9,20.2,56.01,,,,,,,,,,,,,,,,,,,,,,,,,,,,,,,,,,,,
2023,7,28,1,0,28,19.3,59.3,,,,,,,,,,,,,,,,,,,,,,,,,,,,,,,,,,,,
2023,7,28,2,0,26.4,19.4,65.42,,,,,,,,,,,,,,,,,,,,,,,,,,,,,,,,,,,,
2023,7,28,3,0,25,19.5,71.63,,,,,,,,,,,,,,,,,,,,,,,,,,,,,,,,,,,,
2023,7,28,4,0,24,19.7,77.11,,,,,,,,,,,,,,,,,,,,,,,,,,,,,,,,,,,,
2023,7,28,5,0,23.3,20,81.7,,,,,,,,,,,,,,,,,,,,,,,,,,,,,,,,,,,,
2023,7,28,6,0,22.8,20.2,85.37,,,,,,,,,,,,,,,,,,,,,,,,,,,,,,,,,,,,
2023,7,28,7,0,22.5,20.3,87.56,,,,,,,,,,,,,,,,,,,,,,,,,,,,,,,,,,,,
2023,7,28,8,0,22.5,20.4,87.91,,,,,,,,,,,,,,,,,,,,,,,,,,,,,,,,,,,,
2023,7,28,9,0,22.7,20.3,86.43,,,,,,,,,,,,,,,,,,,,,,,,,,,,,,,,,,,,
2023,7,28,10,0,22.9,20.2,84.95,,,,,,,,,,,,,,,,,,,,,,,,,,,,,,,,,,,,
2023,7,28,11,0,23.7,21.4,87.2,,,,,,,,,,,,,,,,,,,,,,,,,,,,,,,,,,,,
2023,7,28,12,0,25.3,21.9,81.49,,,,,,,,,,,,,,,,,,,,,,,,,,,,,,,,,,,,
2023,7,28,13,0,28.4,20.9,64.05,,,,,,,,,,,,,,,,,,,,,,,,,,,,,,,,,,,,
2023,7,28,14,0,31.7,18.8,46.5,,,,,,,,,,,,,,,,,,,,,,,,,,,,,,,,,,,,
2023,7,28,15,0,33.1,17.3,38.98,,,,,,,,,,,,,,,,,,,,,,,,,,,,,,,,,,,,
2023,7,28,16,0,33.8,16.5,35.63,,,,,,,,,,,,,,,,,,,,,,,,,,,,,,,,,,,,
2023,7,28,17,0,34.4,16,33.5,,,,,,,,,,,,,,,,,,,,,,,,,,,,,,,,,,,,
2023,7,28,18,0,34.8,15.9,32.43,,,,,,,,,,,,,,,,,,,,,,,,,,,,,,,,,,,,
2023,7,28,19,0,35.1,15.8,31.64,,,,,,,,,,,,,,,,,,,,,,,,,,,,,,,,,,,,
2023,7,28,20,0,35.2,15.8,31.49,,,,,,,,,,,,,,,,,,,,,,,,,,,,,,,,,,,,
2023,7,28,21,0,34.8,16,32.63,,,,,,,,,,,,,,,,,,,,,,,,,,,,,,,,,,,,
2023,7,28,22,0,34,17,36.28,,,,,,,,,,,,,,,,,,,,,,,,,,,,,,,,,,,,
2023,7,28,23,0,32.2,18.8,45.12,,,,,,,,,,,,,,,,,,,,,,,,,,,,,,,,,,,,
2023,7,29,0,0,28.9,22.1,66.74,,,,,,,,,,,,,,,,,,,,,,,,,,,,,,,,,,,,
2023,7,29,1,0,27,21.6,72.22,,,,,,,,,,,,,,,,,,,,,,,,,,,,,,,,,,,,
2023,7,29,2,0,25.9,21.2,75.44,,,,,,,,,,,,,,,,,,,,,,,,,,,,,,,,,,,,
2023,7,29,3,0,25,21.3,79.92,,,,,,,,,,,,,,,,,,,,,,,,,,,,,,,,,,,,
2023,7,29,4,0,24.4,21.5,83.69,,,,,,,,,,,,,,,,,,,,,,,,,,,,,,,,,,,,
2023,7,29,5,0,23.9,21.7,87.35,,,,,,,,,,,,,,,,,,,,,,,,,,,,,,,,,,,,
2023,7,29,6,0,23.5,21.9,90.59,,,,,,,,,,,,,,,,,,,,,,,,,,,,,,,,,,,,
2023,7,29,7,0,23.2,22,93.21,,,,,,,,,,,,,,,,,,,,,,,,,,,,,,,,,,,,
2023,7,29,8,0,22.9,22.2,95.98,,,,,,,,,,,,,,,,,,,,,,,,,,,,,,,,,,,,
2023,7,29,9,0,22.9,22.5,97.5,,,,,,,,,,,,,,,,,,,,,,,,,,,,,,,,,,,,
2023,7,29,10,0,23,22.7,98.06,,,,,,,,,,,,,,,,,,,,,,,,,,,,,,,,,,,,
2023,7,29,11,0,23.4,23.2,98.78,,,,,,,,,,,,,,,,,,,,,,,,,,,,,,,,,,,,
2023,7,29,12,0,24.3,23.5,95.3,,,,,,,,,,,,,,,,,,,,,,,,,,,,,,,,,,,,
2023,7,29,13,0,25.8,23.9,89.15,,,,,,,,,,,,,,,,,,,,,,,,,,,,,,,,,,,,
2023,7,29,14,0,28.3,22.9,72.45,,,,,,,,,,,,,,,,,,,,,,,,,,,,,,,,,,,,
2023,7,29,15,0,30.6,21.6,58.57,,,,,,,,,,,,,,,,,,,,,,,,,,,,,,,,,,,,
2023,7,29,16,0,32.1,20.5,50.25,,,,,,,,,,,,,,,,,,,,,,,,,,,,,,,,,,,,
2023,7,29,17,0,33.3,19.6,44.53,,,,,,,,,,,,,,,,,,,,,,,,,,,,,,,,,,,,
2023,7,29,18,0,34.1,18.7,40.32,,,,,,,,,,,,,,,,,,,,,,,,,,,,,,,,,,,,
2023,7,29,19,0,34.4,17.9,37.55,,,,,,,,,,,,,,,,,,,,,,,,,,,,,,,,,,,,
2023,7,29,20,0,34.3,17.4,36.61,,,,,,,,,,,,,,,,,,,,,,,,,,,,,,,,,,,,
2023,7,29,21,0,33.9,17.4,37.58,,,,,,,,,,,,,,,,,,,,,,,,,,,,,,,,,,,,
2023,7,29,22,0,32.5,18.7,44.12,,,,,,,,,,,,,,,,,,,,,,,,,,,,,,,,,,,,
2023,7,29,23,0,29.8,22.1,63.23,,,,,,,,,,,,,,,,,,,,,,,,,,,,,,,,,,,,
2023,7,30,0,0,27.6,21.2,68.15,,,,,,,,,,,,,,,,,,,,,,,,,,,,,,,,,,,,
2023,7,30,1,0,26.7,20.7,69.47,,,,,,,,,,,,,,,,,,,,,,,,,,,,,,,,,,,,
2023,7,30,2,0,26,20.5,71.51,,,,,,,,,,,,,,,,,,,,,,,,,,,,,,,,,,,,
2023,7,30,3,0,25.3,20.3,73.94,,,,,,,,,,,,,,,,,,,,,,,,,,,,,,,,,,,,
2023,7,30,4,0,24.7,20.2,76.1,,,,,,,,,,,,,,,,,,,,,,,,,,,,,,,,,,,,
2023,7,30,5,0,24.1,19.8,76.83,,,,,,,,,,,,,,,,,,,,,,,,,,,,,,,,,,,,
2023,7,30,6,0,23.5,19.2,76.85,,,,,,,,,,,,,,,,,,,,,,,,,,,,,,,,,,,,
2023,7,30,7,0,23,18.9,77.75,,,,,,,,,,,,,,,,,,,,,,,,,,,,,,,,,,,,
2023,7,30,8,0,22.5,18.9,80.11,,,,,,,,,,,,,,,,,,,,,,,,,,,,,,,,,,,,
2023,7,30,9,0,22.2,19.2,83.12,,,,,,,,,,,,,,,,,,,,,,,,,,,,,,,,,,,,
2023,7,30,10,0,22,19.6,86.35,,,,,,,,,,,,,,,,,,,,,,,,,,,,,,,,,,,,
2023,7,30,11,0,23.1,20.1,83.07,,,,,,,,,,,,,,,,,,,,,,,,,,,,,,,,,,,,
2023,7,30,12,0,24.8,20.3,75.9,,,,,,,,,,,,,,,,,,,,,,,,,,,,,,,,,,,,
2023,7,30,13,0,28.5,19.8,59.37,,,,,,,,,,,,,,,,,,,,,,,,,,,,,,,,,,,,
2023,7,30,14,0,31.8,18.8,46.08,,,,,,,,,,,,,,,,,,,,,,,,,,,,,,,,,,,,
2023,7,30,15,0,33.3,18.4,41.43,,,,,,,,,,,,,,,,,,,,,,,,,,,,,,,,,,,,
2023,7,30,16,0,34.4,18.3,38.55,,,,,,,,,,,,,,,,,,,,,,,,,,,,,,,,,,,,
2023,7,30,17,0,35.1,18.2,36.96,,,,,,,,,,,,,,,,,,,,,,,,,,,,,,,,,,,,
2023,7,30,18,0,35.5,18.1,35.87,,,,,,,,,,,,,,,,,,,,,,,,,,,,,,,,,,,,
2023,7,30,19,0,35.6,17.9,35.18,,,,,,,,,,,,,,,,,,,,,,,,,,,,,,,,,,,,
2023,7,30,20,0,35.2,17.7,35.52,,,,,,,,,,,,,,,,,,,,,,,,,,,,,,,,,,,,
2023,7,30,21,0,34.4,17.4,36.56,,,,,,,,,,,,,,,,,,,,,,,,,,,,,,,,,,,,
2023,7,30,22,0,33.2,17.3,38.72,,,,,,,,,,,,,,,,,,,,,,,,,,,,,,,,,,,,
2023,7,30,23,0,30.9,18.9,48.74,,,,,,,,,,,,,,,,,,,,,,,,,,,,,,,,,,,,
2023,7,31,0,0,26.9,20.9,69.61,,,,,,,,,,,,,,,,,,,,,,,,,,,,,,,,,,,,
2023,7,31,1,0,25.3,20.2,73.51,,,,,,,,,,,,,,,,,,,,,,,,,,,,,,,,,,,,
2023,7,31,2,0,24.6,19.9,75.2,,,,,,,,,,,,,,,,,,,,,,,,,,,,,,,,,,,,
2023,7,31,3,0,23.9,20,78.92,,,,,,,,,,,,,,,,,,,,,,,,,,,,,,,,,,,,
2023,7,31,4,0,23.3,20.3,83.18,,,,,,,,,,,,,,,,,,,,,,,,,,,,,,,,,,,,
2023,7,31,5,0,22.9,20.5,86.19,,,,,,,,,,,,,,,,,,,,,,,,,,,,,,,,,,,,
2023,7,31,6,0,22.6,20.6,88.48,,,,,,,,,,,,,,,,,,,,,,,,,,,,,,,,,,,,
2023,7,31,7,0,22.3,20.7,90.74,,,,,,,,,,,,,,,,,,,,,,,,,,,,,,,,,,,,
2023,7,31,8,0,22,20.9,93.24,,,,,,,,,,,,,,,,,,,,,,,,,,,,,,,,,,,,
2023,7,31,9,0,21.6,21,96.47,,,,,,,,,,,,,,,,,,,,,,,,,,,,,,,,,,,,
2023,7,31,10,0,21.1,21.1,100,,,,,,,,,,,,,,,,,,,,,,,,,,,,,,,,,,,,
2023,7,31,11,0,22.1,21.5,96.38,,,,,,,,,,,,,,,,,,,,,,,,,,,,,,,,,,,,
2023,7,31,12,0,24.4,21.9,86.2,,,,,,,,,,,,,,,,,,,,,,,,,,,,,,,,,,,,
2023,7,31,13,0,28.1,21.1,65.69,,,,,,,,,,,,,,,,,,,,,,,,,,,,,,,,,,,,
2023,7,31,14,0,30.8,20.1,52.78,,,,,,,,,,,,,,,,,,,,,,,,,,,,,,,,,,,,
2023,7,31,15,0,32.9,18.9,43.75,,,,,,,,,,,,,,,,,,,,,,,,,,,,,,,,,,,,
2023,7,31,16,0,34.4,17.6,36.94,,,,,,,,,,,,,,,,,,,,,,,,,,,,,,,,,,,,
2023,7,31,17,0,35.5,16.3,31.94,,,,,,,,,,,,,,,,,,,,,,,,,,,,,,,,,,,,
2023,7,31,18,0,36.3,15.2,28.5,,,,,,,,,,,,,,,,,,,,,,,,,,,,,,,,,,,,
2023,7,31,19,0,36.6,14.3,26.58,,,,,,,,,,,,,,,,,,,,,,,,,,,,,,,,,,,,
2023,7,31,20,0,36.4,13.8,25.93,,,,,,,,,,,,,,,,,,,,,,,,,,,,,,,,,,,,
2023,7,31,21,0,35.6,13.3,26.34,,,,,,,,,,,,,,,,,,,,,,,,,,,,,,,,,,,,
2023,7,31,22,0,34.1,13.5,28.83,,,,,,,,,,,,,,,,,,,,,,,,,,,,,,,,,,,,
2023,7,31,23,0,31.3,15.9,39.42,,,,,,,,,,,,,,,,,,,,,,,,,,,,,,,,,,,,
2023,8,1,0,0,26.7,17.6,57.36,,,,,,,,,,,,,,,,,,,,,,,,,,,,,,,,,,,,
2023,8,1,1,0,25.2,17.1,60.74,,,,,,,,,,,,,,,,,,,,,,,,,,,,,,,,,,,,
2023,8,1,2,0,24.5,17.1,63.6,,,,,,,,,,,,,,,,,,,,,,,,,,,,,,,,,,,,
2023,8,1,3,0,23.3,17.5,70.08,,,,,,,,,,,,,,,,,,,,,,,,,,,,,,,,,,,,
2023,8,1,4,0,22.5,17.7,74.47,,,,,,,,,,,,,,,,,,,,,,,,,,,,,,,,,,,,
2023,8,1,5,0,22,17.8,77.18,,,,,,,,,,,,,,,,,,,,,,,,,,,,,,,,,,,,
2023,8,1,6,0,21.5,17.9,79.81,,,,,,,,,,,,,,,,,,,,,,,,,,,,,,,,,,,,
2023,8,1,7,0,21,17.9,82.59,,,,,,,,,,,,,,,,,,,,,,,,,,,,,,,,,,,,
2023,8,1,8,0,20.6,18,84.85,,,,,,,,,,,,,,,,,,,,,,,,,,,,,,,,,,,,
2023,8,1,9,0,20.2,18.1,87.61,,,,,,,,,,,,,,,,,,,,,,,,,,,,,,,,,,,,
2023,8,1,10,0,19.8,18.4,91.36,,,,,,,,,,,,,,,,,,,,,,,,,,,,,,,,,,,,
2023,8,1,11,0,20.9,19,88.68,,,,,,,,,,,,,,,,,,,,,,,,,,,,,,,,,,,,
2023,8,1,12,0,22.9,19.9,83.31,,,,,,,,,,,,,,,,,,,,,,,,,,,,,,,,,,,,
2023,8,1,13,0,27.2,20,64.84,,,,,,,,,,,,,,,,,,,,,,,,,,,,,,,,,,,,
2023,8,1,14,0,30.2,19,51.07,,,,,,,,,,,,,,,,,,,,,,,,,,,,,,,,,,,,
2023,8,1,15,0,32.2,17.8,42.44,,,,,,,,,,,,,,,,,,,,,,,,,,,,,,,,,,,,
2023,8,1,16,0,33.6,16.9,36.97,,,,,,,,,,,,,,,,,,,,,,,,,,,,,,,,,,,,
2023,8,1,17,0,34.7,16,32.8,,,,,,,,,,,,,,,,,,,,,,,,,,,,,,,,,,,,
2023,8,1,18,0,35.4,15.1,29.85,,,,,,,,,,,,,,,,,,,,,,,,,,,,,,,,,,,,
2023,8,1,19,0,35.6,14.3,28.01,,,,,,,,,,,,,,,,,,,,,,,,,,,,,,,,,,,,
2023,8,1,20,0,35.4,13.6,27.07,,,,,,,,,,,,,,,,,,,,,,,,,,,,,,,,,,,,
2023,8,1,21,0,34.7,13,27.09,,,,,,,,,,,,,,,,,,,,,,,,,,,,,,,,,,,,
2023,8,1,22,0,33.4,12.9,28.97,,,,,,,,,,,,,,,,,,,,,,,,,,,,,,,,,,,,
2023,8,1,23,0,30.6,15.6,40.46,,,,,,,,,,,,,,,,,,,,,,,,,,,,,,,,,,,,
2023,8,2,0,0,25.9,17.4,59.64,,,,,,,,,,,,,,,,,,,,,,,,,,,,,,,,,,,,
2023,8,2,1,0,24.4,16.6,61.8,,,,,,,,,,,,,,,,,,,,,,,,,,,,,,,,,,,,
2023,8,2,2,0,23.4,16.7,66.2,,,,,,,,,,,,,,,,,,,,,,,,,,,,,,,,,,,,
2023,8,2,3,0,22.4,17.4,73.14,,,,,,,,,,,,,,,,,,,,,,,,,,,,,,,,,,,,
2023,8,2,4,0,21.8,18,79.03,,,,,,,,,,,,,,,,,,,,,,,,,,,,,,,,,,,,
2023,8,2,5,0,21.7,18.7,82.94,,,,,,,,,,,,,,,,,,,,,,,,,,,,,,,,,,,,
2023,8,2,6,0,21.5,19.3,87.47,,,,,,,,,,,,,,,,,,,,,,,,,,,,,,,,,,,,
2023,8,2,7,0,21.5,20,91.19,,,,,,,,,,,,,,,,,,,,,,,,,,,,,,,,,,,,
2023,8,2,8,0,21.4,20.6,95.31,,,,,,,,,,,,,,,,,,,,,,,,,,,,,,,,,,,,
2023,8,2,9,0,21.3,21.2,99.22,,,,,,,,,,,,,,,,,,,,,,,,,,,,,,,,,,,,
2023,8,2,10,0,21.1,21.1,100,,,,,,,,,,,,,,,,,,,,,,,,,,,,,,,,,,,,
2023,8,2,11,0,22.4,21.8,96.44,,,,,,,,,,,,,,,,,,,,,,,,,,,,,,,,,,,,
2023,8,2,12,0,25,21.5,80.82,,,,,,,,,,,,,,,,,,,,,,,,,,,,,,,,,,,,
2023,8,2,13,0,27.3,20.6,66.93,,,,,,,,,,,,,,,,,,,,,,,,,,,,,,,,,,,,
2023,8,2,14,0,29.5,20,56.67,,,,,,,,,,,,,,,,,,,,,,,,,,,,,,,,,,,,
2023,8,2,15,0,31.4,19.4,48.87,,,,,,,,,,,,,,,,,,,,,,,,,,,,,,,,,,,,
2023,8,2,16,0,32.9,18.6,42.68,,,,,,,,,,,,,,,,,,,,,,,,,,,,,,,,,,,,
2023,8,2,17,0,34.1,17.6,37.69,,,,,,,,,,,,,,,,,,,,,,,,,,,,,,,,,,,,
2023,8,2,18,0,34.7,16.7,34.43,,,,,,,,,,,,,,,,,,,,,,,,,,,,,,,,,,,,
2023,8,2,19,0,35,15.9,32.19,,,,,,,,,,,,,,,,,,,,,,,,,,,,,,,,,,,,
2023,8,2,20,0,34.8,15.4,31.38,,,,,,,,,,,,,,,,,,,,,,,,,,,,,,,,,,,,
2023,8,2,21,0,34.1,15,31.83,,,,,,,,,,,,,,,,,,,,,,,,,,,,,,,,,,,,
2023,8,2,22,0,33,15.3,34.46,,,,,,,,,,,,,,,,,,,,,,,,,,,,,,,,,,,,
2023,8,2,23,0,30.7,18.2,47.41,,,,,,,,,,,,,,,,,,,,,,,,,,,,,,,,,,,,
2023,8,3,0,0,27.1,20.1,65.62,,,,,,,,,,,,,,,,,,,,,,,,,,,,,,,,,,,,
2023,8,3,1,0,26.2,18.4,62.4,,,,,,,,,,,,,,,,,,,,,,,,,,,,,,,,,,,,
2023,8,3,2,0,25.3,19.2,68.96,,,,,,,,,,,,,,,,,,,,,,,,,,,,,,,,,,,,
2023,8,3,3,0,24.5,19.8,75.29,,,,,,,,,,,,,,,,,,,,,,,,,,,,,,,,,,,,
2023,8,3,4,0,24.4,19.9,76.17,,,,,,,,,,,,,,,,,,,,,,,,,,,,,,,,,,,,
2023,8,3,5,0,24.1,20.4,79.67,,,,,,,,,,,,,,,,,,,,,,,,,,,,,,,,,,,,
2023,8,3,6,0,23.8,20.9,83.77,,,,,,,,,,,,,,,,,,,,,,,,,,,,,,,,,,,,
2023,8,3,7,0,23.3,21.5,89.64,,,,,,,,,,,,,,,,,,,,,,,,,,,,,,,,,,,,
2023,8,3,8,0,23,22,94.1,,,,,,,,,,,,,,,,,,,,,,,,,,,,,,,,,,,,
2023,8,3,9,0,22.7,22.3,97.45,,,,,,,,,,,,,,,,,,,,,,,,,,,,,,,,,,,,
2023,8,3,10,0,22.4,22.4,99.93,,,,,,,,,,,,,,,,,,,,,,,,,,,,,,,,,,,,
2023,8,3,11,0,22.9,22.7,98.71,,,,,,,,,,,,,,,,,,,,,,,,,,,,,,,,,,,,
2023,8,3,12,0,24.1,23.1,94.26,,,,,,,,,,,,,,,,,,,,,,,,,,,,,,,,,,,,
2023,8,3,13,0,25.5,23.2,87.25,,,,,,,,,,,,,,,,,,,,,,,,,,,,,,,,,,,,
2023,8,3,14,0,27.7,22.7,74.35,,,,,,,,,,,,,,,,,,,,,,,,,,,,,,,,,,,,
2023,8,3,15,0,29.7,21.7,62.05,,,,,,,,,,,,,,,,,,,,,,,,,,,,,,,,,,,,
2023,8,3,16,0,31.2,20.5,53.09,,,,,,,,,,,,,,,,,,,,,,,,,,,,,,,,,,,,
2023,8,3,17,0,32.5,19.7,46.95,,,,,,,,,,,,,,,,,,,,,,,,,,,,,,,,,,,,
2023,8,3,18,0,33.4,19.5,43.99,,,,,,,,,,,,,,,,,,,,,,,,,,,,,,,,,,,,
2023,8,3,19,0,33.7,19.4,43.13,,,,,,,,,,,,,,,,,,,,,,,,,,,,,,,,,,,,
2023,8,3,20,0,34,19.2,41.71,,,,,,,,,,,,,,,,,,,,,,,,,,,,,,,,,,,,
2023,8,3,21,0,33.3,19,43.02,,,,,,,,,,,,,,,,,,,,,,,,,,,,,,,,,,,,
2023,8,3,22,0,31.3,19.9,50.83,,,,,,,,,,,,,,,,,,,,,,,,,,,,,,,,,,,,
2023,8,3,23,0,28.8,22,66.65,,,,,,,,,,,,,,,,,,,,,,,,,,,,,,,,,,,,
2023,8,4,0,0,26.4,23.3,82.94,,,,,,,,,,,,,,,,,,,,,,,,,,,,,,,,,,,,
2023,8,4,1,0,25.5,23,85.92,,,,,,,,,,,,,,,,,,,,,,,,,,,,,,,,,,,,
2023,8,4,2,0,24.6,22.4,87.46,,,,,,,,,,,,,,,,,,,,,,,,,,,,,,,,,,,,
2023,8,4,3,0,23.7,22.3,91.97,,,,,,,,,,,,,,,,,,,,,,,,,,,,,,,,,,,,
2023,8,4,4,0,23.2,22.3,94.63,,,,,,,,,,,,,,,,,,,,,,,,,,,,,,,,,,,,
2023,8,4,5,0,22.9,22.2,96.01,,,,,,,,,,,,,,,,,,,,,,,,,,,,,,,,,,,,
2023,8,4,6,0,22.5,22.2,98.37,,,,,,,,,,,,,,,,,,,,,,,,,,,,,,,,,,,,
2023,8,4,7,0,22.3,22.2,99.66,,,,,,,,,,,,,,,,,,,,,,,,,,,,,,,,,,,,
2023,8,4,8,0,22.1,22.1,100,,,,,,,,,,,,,,,,,,,,,,,,,,,,,,,,,,,,
2023,8,4,9,0,22,22,100,,,,,,,,,,,,,,,,,,,,,,,,,,,,,,,,,,,,
2023,8,4,10,0,21.9,21.9,100,,,,,,,,,,,,,,,,,,,,,,,,,,,,,,,,,,,,
2023,8,4,11,0,22.2,22.2,100,,,,,,,,,,,,,,,,,,,,,,,,,,,,,,,,,,,,
2023,8,4,12,0,23.3,22.8,96.95,,,,,,,,,,,,,,,,,,,,,,,,,,,,,,,,,,,,
2023,8,4,13,0,25,22.6,86.44,,,,,,,,,,,,,,,,,,,,,,,,,,,,,,,,,,,,
2023,8,4,14,0,27.8,21.7,69.48,,,,,,,,,,,,,,,,,,,,,,,,,,,,,,,,,,,,
2023,8,4,15,0,30.2,21.6,60.1,,,,,,,,,,,,,,,,,,,,,,,,,,,,,,,,,,,,
2023,8,4,16,0,31.7,21.7,55.53,,,,,,,,,,,,,,,,,,,,,,,,,,,,,,,,,,,,
2023,8,4,17,0,32.7,21.7,52.32,,,,,,,,,,,,,,,,,,,,,,,,,,,,,,,,,,,,
2023,8,4,18,0,33,21.6,51.1,,,,,,,,,,,,,,,,,,,,,,,,,,,,,,,,,,,,
2023,8,4,19,0,32.9,21.5,51.27,,,,,,,,,,,,,,,,,,,,,,,,,,,,,,,,,,,,
2023,8,4,20,0,32,21.5,54,,,,,,,,,,,,,,,,,,,,,,,,,,,,,,,,,,,,
2023,8,4,21,0,30.8,21.6,58.07,,,,,,,,,,,,,,,,,,,,,,,,,,,,,,,,,,,,
2023,8,4,22,0,29.9,21.7,61.41,,,,,,,,,,,,,,,,,,,,,,,,,,,,,,,,,,,,
2023,8,4,23,0,28.6,22.3,68.56,,,,,,,,,,,,,,,,,,,,,,,,,,,,,,,,,,,,
2023,8,5,0,0,26.3,23,81.91,,,,,,,,,,,,,,,,,,,,,,,,,,,,,,,,,,,,
2023,8,5,1,0,25.3,22.4,84.21,,,,,,,,,,,,,,,,,,,,,,,,,,,,,,,,,,,,
2023,8,5,2,0,24.8,22.2,85.29,,,,,,,,,,,,,,,,,,,,,,,,,,,,,,,,,,,,
2023,8,5,3,0,24.1,22.1,88.34,,,,,,,,,,,,,,,,,,,,,,,,,,,,,,,,,,,,
2023,8,5,4,0,23.5,22,91.16,,,,,,,,,,,,,,,,,,,,,,,,,,,,,,,,,,,,
2023,8,5,5,0,22.9,21.9,93.92,,,,,,,,,,,,,,,,,,,,,,,,,,,,,,,,,,,,
2023,8,5,6,0,22.4,21.7,95.87,,,,,,,,,,,,,,,,,,,,,,,,,,,,,,,,,,,,
2023,8,5,7,0,21.9,21.5,97.6,,,,,,,,,,,,,,,,,,,,,,,,,,,,,,,,,,,,
2023,8,5,8,0,21.5,21.3,98.73,,,,,,,,,,,,,,,,,,,,,,,,,,,,,,,,,,,,
2023,8,5,9,0,21.1,21.1,100,,,,,,,,,,,,,,,,,,,,,,,,,,,,,,,,,,,,
2023,8,5,10,0,20.6,20.6,100,,,,,,,,,,,,,,,,,,,,,,,,,,,,,,,,,,,,
2023,8,5,11,0,21.8,20.8,94.02,,,,,,,,,,,,,,,,,,,,,,,,,,,,,,,,,,,,
2023,8,5,12,0,24.3,20.6,79.96,,,,,,,,,,,,,,,,,,,,,,,,,,,,,,,,,,,,
2023,8,5,13,0,27.9,19.8,61.57,,,,,,,,,,,,,,,,,,,,,,,,,,,,,,,,,,,,
2023,8,5,14,0,30.4,19.3,51.4,,,,,,,,,,,,,,,,,,,,,,,,,,,,,,,,,,,,
2023,8,5,15,0,32.3,18.9,45.05,,,,,,,,,,,,,,,,,,,,,,,,,,,,,,,,,,,,
2023,8,5,16,0,33.9,18.4,39.96,,,,,,,,,,,,,,,,,,,,,,,,,,,,,,,,,,,,
2023,8,5,17,0,35.3,17.9,35.87,,,,,,,,,,,,,,,,,,,,,,,,,,,,,,,,,,,,
2023,8,5,18,0,36.1,17.5,33.52,,,,,,,,,,,,,,,,,,,,,,,,,,,,,,,,,,,,
2023,8,5,19,0,36.4,17.3,32.45,,,,,,,,,,,,,,,,,,,,,,,,,,,,,,,,,,,,
2023,8,5,20,0,36.3,17.1,32.33,,,,,,,,,,,,,,,,,,,,,,,,,,,,,,,,,,,,
2023,8,5,21,0,35.5,17.1,33.77,,,,,,,,,,,,,,,,,,,,,,,,,,,,,,,,,,,,
2023,8,5,22,0,34.4,17.4,36.61,,,,,,,,,,,,,,,,,,,,,,,,,,,,,,,,,,,,
2023,8,5,23,0,32.8,19.4,45.12,,,,,,,,,,,,,,,,,,,,,,,,,,,,,,,,,,,,
2023,8,6,0,0,30.9,20.3,53.32,,,,,,,,,,,,,,,,,,,,,,,,,,,,,,,,,,,,
2023,8,6,1,0,29.9,19.6,54.05,,,,,,,,,,,,,,,,,,,,,,,,,,,,,,,,,,,,
2023,8,6,2,0,28,20.5,63.67,,,,,,,,,,,,,,,,,,,,,,,,,,,,,,,,,,,,
2023,8,6,3,0,26.4,20.9,71.87,,,,,,,,,,,,,,,,,,,,,,,,,,,,,,,,,,,,
2023,8,6,4,0,25.5,20.9,75.82,,,,,,,,,,,,,,,,,,,,,,,,,,,,,,,,,,,,
2023,8,6,5,0,25,20.9,78.13,,,,,,,,,,,,,,,,,,,,,,,,,,,,,,,,,,,,
2023,8,6,6,0,24.6,20.9,80.11,,,,,,,,,,,,,,,,,,,,,,,,,,,,,,,,,,,,
2023,8,6,7,0,24.1,21,83.06,,,,,,,,,,,,,,,,,,,,,,,,,,,,,,,,,,,,
2023,8,6,8,0,23.5,21.2,86.8,,,,,,,,,,,,,,,,,,,,,,,,,,,,,,,,,,,,
2023,8,6,9,0,23,21.3,90.05,,,,,,,,,,,,,,,,,,,,,,,,,,,,,,,,,,,,
2023,8,6,10,0,22.7,21.4,92.1,,,,,,,,,,,,,,,,,,,,,,,,,,,,,,,,,,,,
2023,8,6,11,0,24,21.8,87.72,,,,,,,,,,,,,,,,,,,,,,,,,,,,,,,,,,,,
2023,8,6,12,0,26.3,22.3,78.5,,,,,,,,,,,,,,,,,,,,,,,,,,,,,,,,,,,,
2023,8,6,13,0,29.8,22.7,65.78,,,,,,,,,,,,,,,,,,,,,,,,,,,,,,,,,,,,
2023,8,6,14,0,31.9,22.7,58.3,,,,,,,,,,,,,,,,,,,,,,,,,,,,,,,,,,,,
2023,8,6,15,0,33.3,22.4,52.91,,,,,,,,,,,,,,,,,,,,,,,,,,,,,,,,,,,,
2023,8,6,16,0,34.3,22,48.69,,,,,,,,,,,,,,,,,,,,,,,,,,,,,,,,,,,,
2023,8,6,17,0,34.9,21.6,46.03,,,,,,,,,,,,,,,,,,,,,,,,,,,,,,,,,,,,
2023,8,6,18,0,35.3,21.3,44.28,,,,,,,,,,,,,,,,,,,,,,,,,,,,,,,,,,,,
2023,8,6,19,0,35.2,21.3,44.39,,,,,,,,,,,,,,,,,,,,,,,,,,,,,,,,,,,,
2023,8,6,20,0,34.8,21.4,45.65,,,,,,,,,,,,,,,,,,,,,,,,,,,,,,,,,,,,
2023,8,6,21,0,33.7,21.3,48.52,,,,,,,,,,,,,,,,,,,,,,,,,,,,,,,,,,,,
2023,8,6,22,0,32.4,21.5,52.74,,,,,,,,,,,,,,,,,,,,,,,,,,,,,,,,,,,,
2023,8,6,23,0,30.1,22.5,63.94,,,,,,,,,,,,,,,,,,,,,,,,,,,,,,,,,,,,
2023,8,7,0,0,26.9,23.9,83.91,,,,,,,,,,,,,,,,,,,,,,,,,,,,,,,,,,,,
2023,8,7,1,0,25.2,23.3,89.19,,,,,,,,,,,,,,,,,,,,,,,,,,,,,,,,,,,,
2023,8,7,2,0,24,22.5,91.51,,,,,,,,,,,,,,,,,,,,,,,,,,,,,,,,,,,,
2023,8,7,3,0,23.1,22.1,94.2,,,,,,,,,,,,,,,,,,,,,,,,,,,,,,,,,,,,
2023,8,7,4,0,22.5,22.1,97.43,,,,,,,,,,,,,,,,,,,,,,,,,,,,,,,,,,,,
2023,8,7,5,0,22.2,22.1,99.62,,,,,,,,,,,,,,,,,,,,,,,,,,,,,,,,,,,,
2023,8,7,6,0,22,22,100,,,,,,,,,,,,,,,,,,,,,,,,,,,,,,,,,,,,
2023,8,7,7,0,21.9,21.9,100,,,,,,,,,,,,,,,,,,,,,,,,,,,,,,,,,,,,
2023,8,7,8,0,21.9,21.9,100,,,,,,,,,,,,,,,,,,,,,,,,,,,,,,,,,,,,
2023,8,7,9,0,21.8,21.8,100,,,,,,,,,,,,,,,,,,,,,,,,,,,,,,,,,,,,
2023,8,7,10,0,21.9,21.9,100,,,,,,,,,,,,,,,,,,,,,,,,,,,,,,,,,,,,
2023,8,7,11,0,22.5,22.5,100,,,,,,,,,,,,,,,,,,,,,,,,,,,,,,,,,,,,
2023,8,7,12,0,23.7,23.6,99.33,,,,,,,,,,,,,,,,,,,,,,,,,,,,,,,,,,,,
2023,8,7,13,0,25.6,24.6,94.21,,,,,,,,,,,,,,,,,,,,,,,,,,,,,,,,,,,,
2023,8,7,14,0,29,24.5,76.76,,,,,,,,,,,,,,,,,,,,,,,,,,,,,,,,,,,,
2023,8,7,15,0,32.4,23.3,58.69,,,,,,,,,,,,,,,,,,,,,,,,,,,,,,,,,,,,
2023,8,7,16,0,34,22.9,52.31,,,,,,,,,,,,,,,,,,,,,,,,,,,,,,,,,,,,
2023,8,7,17,0,34.8,22.6,49.36,,,,,,,,,,,,,,,,,,,,,,,,,,,,,,,,,,,,
2023,8,7,18,0,35.2,22.5,47.76,,,,,,,,,,,,,,,,,,,,,,,,,,,,,,,,,,,,
2023,8,7,19,0,35.4,22.2,46.6,,,,,,,,,,,,,,,,,,,,,,,,,,,,,,,,,,,,
2023,8,7,20,0,35.3,22.1,46.39,,,,,,,,,,,,,,,,,,,,,,,,,,,,,,,,,,,,
2023,8,7,21,0,34.4,22,48.53,,,,,,,,,,,,,,,,,,,,,,,,,,,,,,,,,,,,
2023,8,7,22,0,32.6,22.3,54.72,,,,,,,,,,,,,,,,,,,,,,,,,,,,,,,,,,,,
2023,8,7,23,0,30.2,23.7,68.09,,,,,,,,,,,,,,,,,,,,,,,,,,,,,,,,,,,,
2023,8,8,0,0,27.2,25.1,88.24,,,,,,,,,,,,,,,,,,,,,,,,,,,,,,,,,,,,
2023,8,8,1,0,25.7,24.9,95.25,,,,,,,,,,,,,,,,,,,,,,,,,,,,,,,,,,,,
2023,8,8,2,0,24.7,24.5,98.68,,,,,,,,,,,,,,,,,,,,,,,,,,,,,,,,,,,,
2023,8,8,3,0,24.1,24.1,100,,,,,,,,,,,,,,,,,,,,,,,,,,,,,,,,,,,,
2023,8,8,4,0,23.8,23.8,100,,,,,,,,,,,,,,,,,,,,,,,,,,,,,,,,,,,,
2023,8,8,5,0,23.5,23.5,100,,,,,,,,,,,,,,,,,,,,,,,,,,,,,,,,,,,,
2023,8,8,6,0,23.2,23.2,100,,,,,,,,,,,,,,,,,,,,,,,,,,,,,,,,,,,,
2023,8,8,7,0,22.9,22.9,100,,,,,,,,,,,,,,,,,,,,,,,,,,,,,,,,,,,,
2023,8,8,8,0,22.5,22.5,100,,,,,,,,,,,,,,,,,,,,,,,,,,,,,,,,,,,,
2023,8,8,9,0,22.2,22.2,100,,,,,,,,,,,,,,,,,,,,,,,,,,,,,,,,,,,,
2023,8,8,10,0,22.1,22.1,100,,,,,,,,,,,,,,,,,,,,,,,,,,,,,,,,,,,,
2023,8,8,11,0,22.6,22.6,100,,,,,,,,,,,,,,,,,,,,,,,,,,,,,,,,,,,,
2023,8,8,12,0,23.6,23.3,98.25,,,,,,,,,,,,,,,,,,,,,,,,,,,,,,,,,,,,
2023,8,8,13,0,25.1,22.9,87.59,,,,,,,,,,,,,,,,,,,,,,,,,,,,,,,,,,,,
2023,8,8,14,0,27.8,21.3,67.91,,,,,,,,,,,,,,,,,,,,,,,,,,,,,,,,,,,,
2023,8,8,15,0,29.7,20.1,56.39,,,,,,,,,,,,,,,,,,,,,,,,,,,,,,,,,,,,
2023,8,8,16,0,31.1,19.2,49.13,,,,,,,,,,,,,,,,,,,,,,,,,,,,,,,,,,,,
2023,8,8,17,0,32.1,18.7,45.01,,,,,,,,,,,,,,,,,,,,,,,,,,,,,,,,,,,,
2023,8,8,18,0,32.3,18.6,44.15,,,,,,,,,,,,,,,,,,,,,,,,,,,,,,,,,,,,
2023,8,8,19,0,32.1,18.6,44.86,,,,,,,,,,,,,,,,,,,,,,,,,,,,,,,,,,,,
2023,8,8,20,0,31.5,18.9,47.17,,,,,,,,,,,,,,,,,,,,,,,,,,,,,,,,,,,,
2023,8,8,21,0,30.3,19.3,51.77,,,,,,,,,,,,,,,,,,,,,,,,,,,,,,,,,,,,
2023,8,8,22,0,28.7,19.9,58.91,,,,,,,,,,,,,,,,,,,,,,,,,,,,,,,,,,,,
2023,8,8,23,0,27.4,20.5,65.91,,,,,,,,,,,,,,,,,,,,,,,,,,,,,,,,,,,,
2023,8,9,0,0,24.7,21.5,82.35,,,,,,,,,,,,,,,,,,,,,,,,,,,,,,,,,,,,
2023,8,9,1,0,23.4,21.2,87.5,,,,,,,,,,,,,,,,,,,,,,,,,,,,,,,,,,,,
2023,8,9,2,0,22.8,20.8,88.32,,,,,,,,,,,,,,,,,,,,,,,,,,,,,,,,,,,,
2023,8,9,3,0,22,20.4,90.77,,,,,,,,,,,,,,,,,,,,,,,,,,,,,,,,,,,,
2023,8,9,4,0,21.5,20.2,92.07,,,,,,,,,,,,,,,,,,,,,,,,,,,,,,,,,,,,
2023,8,9,5,0,21.1,19.9,92.89,,,,,,,,,,,,,,,,,,,,,,,,,,,,,,,,,,,,
2023,8,9,6,0,20.7,19.7,93.93,,,,,,,,,,,,,,,,,,,,,,,,,,,,,,,,,,,,
2023,8,9,7,0,20.2,19.5,95.77,,,,,,,,,,,,,,,,,,,,,,,,,,,,,,,,,,,,
2023,8,9,8,0,19.8,19.3,97.09,,,,,,,,,,,,,,,,,,,,,,,,,,,,,,,,,,,,
2023,8,9,9,0,19.4,19.2,98.65,,,,,,,,,,,,,,,,,,,,,,,,,,,,,,,,,,,,
2023,8,9,10,0,19,19,100,,,,,,,,,,,,,,,,,,,,,,,,,,,,,,,,,,,,
2023,8,9,11,0,19.9,19.3,96.31,,,,,,,,,,,,,,,,,,,,,,,,,,,,,,,,,,,,
2023,8,9,12,0,22.1,19.4,84.88,,,,,,,,,,,,,,,,,,,,,,,,,,,,,,,,,,,,
2023,8,9,13,0,25,18.9,68.86,,,,,,,,,,,,,,,,,,,,,,,,,,,,,,,,,,,,
2023,8,9,14,0,27.3,18.8,59.8,,,,,,,,,,,,,,,,,,,,,,,,,,,,,,,,,,,,
2023,8,9,15,0,29.3,18.7,53.03,,,,,,,,,,,,,,,,,,,,,,,,,,,,,,,,,,,,
2023,8,9,16,0,31,18.6,47.57,,,,,,,,,,,,,,,,,,,,,,,,,,,,,,,,,,,,
2023,8,9,17,0,32.6,18.4,42.9,,,,,,,,,,,,,,,,,,,,,,,,,,,,,,,,,,,,
2023,8,9,18,0,33.7,18.1,39.71,,,,,,,,,,,,,,,,,,,,,,,,,,,,,,,,,,,,
2023,8,9,19,0,34.3,17.9,37.83,,,,,,,,,,,,,,,,,,,,,,,,,,,,,,,,,,,,
2023,8,9,20,0,34.1,17.8,38.06,,,,,,,,,,,,,,,,,,,,,,,,,,,,,,,,,,,,
2023,8,9,21,0,33.7,17.8,39.04,,,,,,,,,,,,,,,,,,,,,,,,,,,,,,,,,,,,
2023,8,9,22,0,32.6,18.7,43.86,,,,,,,,,,,,,,,,,,,,,,,,,,,,,,,,,,,,
2023,8,9,23,0,30.6,20.6,55.34,,,,,,,,,,,,,,,,,,,,,,,,,,,,,,,,,,,,
2023,8,10,0,0,27.9,21.9,69.73,,,,,,,,,,,,,,,,,,,,,,,,,,,,,,,,,,,,
2023,8,10,1,0,26.2,21.6,75.94,,,,,,,,,,,,,,,,,,,,,,,,,,,,,,,,,,,,
2023,8,10,2,0,25,21.4,80.24,,,,,,,,,,,,,,,,,,,,,,,,,,,,,,,,,,,,
2023,8,10,3,0,24.2,20.9,81.8,,,,,,,,,,,,,,,,,,,,,,,,,,,,,,,,,,,,
2023,8,10,4,0,23.7,20.6,82.86,,,,,,,,,,,,,,,,,,,,,,,,,,,,,,,,,,,,
2023,8,10,5,0,23.7,20.7,83.15,,,,,,,,,,,,,,,,,,,,,,,,,,,,,,,,,,,,
2023,8,10,6,0,23.1,21.2,89.05,,,,,,,,,,,,,,,,,,,,,,,,,,,,,,,,,,,,
2023,8,10,7,0,22.6,21.9,95.6,,,,,,,,,,,,,,,,,,,,,,,,,,,,,,,,,,,,
2023,8,10,8,0,22.8,22.6,99.03,,,,,,,,,,,,,,,,,,,,,,,,,,,,,,,,,,,,
2023,8,10,9,0,23.5,23.5,100,,,,,,,,,,,,,,,,,,,,,,,,,,,,,,,,,,,,
2023,8,10,10,0,23.5,23.5,100,,,,,,,,,,,,,,,,,,,,,,,,,,,,,,,,,,,,
2023,8,10,11,0,23.6,23.6,100,,,,,,,,,,,,,,,,,,,,,,,,,,,,,,,,,,,,
2023,8,10,12,0,24.1,24.1,100,,,,,,,,,,,,,,,,,,,,,,,,,,,,,,,,,,,,
2023,8,10,13,0,25.2,24.5,95.78,,,,,,,,,,,,,,,,,,,,,,,,,,,,,,,,,,,,
2023,8,10,14,0,26.8,24.4,86.47,,,,,,,,,,,,,,,,,,,,,,,,,,,,,,,,,,,,
2023,8,10,15,0,28.2,23.8,76.91,,,,,,,,,,,,,,,,,,,,,,,,,,,,,,,,,,,,
2023,8,10,16,0,29.8,23.3,68.05,,,,,,,,,,,,,,,,,,,,,,,,,,,,,,,,,,,,
2023,8,10,17,0,30.8,22.9,62.82,,,,,,,,,,,,,,,,,,,,,,,,,,,,,,,,,,,,
2023,8,10,18,0,31.2,22.6,60.31,,,,,,,,,,,,,,,,,,,,,,,,,,,,,,,,,,,,
2023,8,10,19,0,31.2,22.4,59.69,,,,,,,,,,,,,,,,,,,,,,,,,,,,,,,,,,,,
2023,8,10,20,0,30.6,22.5,61.92,,,,,,,,,,,,,,,,,,,,,,,,,,,,,,,,,,,,
2023,8,10,21,0,29.9,22.7,65.46,,,,,,,,,,,,,,,,,,,,,,,,,,,,,,,,,,,,
2023,8,10,22,0,28.8,23.2,71.6,,,,,,,,,,,,,,,,,,,,,,,,,,,,,,,,,,,,
2023,8,10,23,0,27.2,23.8,81.7,,,,,,,,,,,,,,,,,,,,,,,,,,,,,,,,,,,,
2023,8,11,0,0,25.5,24.1,91.72,,,,,,,,,,,,,,,,,,,,,,,,,,,,,,,,,,,,
2023,8,11,1,0,24.8,24,95.34,,,,,,,,,,,,,,,,,,,,,,,,,,,,,,,,,,,,
2023,8,11,2,0,24.4,23.9,96.92,,,,,,,,,,,,,,,,,,,,,,,,,,,,,,,,,,,,
2023,8,11,3,0,24.1,23.7,97.6,,,,,,,,,,,,,,,,,,,,,,,,,,,,,,,,,,,,
2023,8,11,4,0,23.7,23.5,98.6,,,,,,,,,,,,,,,,,,,,,,,,,,,,,,,,,,,,
2023,8,11,5,0,23.4,23.3,99.22,,,,,,,,,,,,,,,,,,,,,,,,,,,,,,,,,,,,
2023,8,11,6,0,23.3,23.1,99.07,,,,,,,,,,,,,,,,,,,,,,,,,,,,,,,,,,,,
2023,8,11,7,0,23.3,23,98.38,,,,,,,,,,,,,,,,,,,,,,,,,,,,,,,,,,,,
2023,8,11,8,0,23.2,22.9,98.17,,,,,,,,,,,,,,,,,,,,,,,,,,,,,,,,,,,,
2023,8,11,9,0,22.7,22.6,99.57,,,,,,,,,,,,,,,,,,,,,,,,,,,,,,,,,,,,
2023,8,11,10,0,22.3,22.3,100,,,,,,,,,,,,,,,,,,,,,,,,,,,,,,,,,,,,
2023,8,11,11,0,22.8,22.8,99.86,,,,,,,,,,,,,,,,,,,,,,,,,,,,,,,,,,,,
2023,8,11,12,0,23.8,23.5,98.39,,,,,,,,,,,,,,,,,,,,,,,,,,,,,,,,,,,,
2023,8,11,13,0,25.8,24.3,91.29,,,,,,,,,,,,,,,,,,,,,,,,,,,,,,,,,,,,
2023,8,11,14,0,28.3,24.3,78.74,,,,,,,,,,,,,,,,,,,,,,,,,,,,,,,,,,,,
2023,8,11,15,0,30.5,24.2,68.97,,,,,,,,,,,,,,,,,,,,,,,,,,,,,,,,,,,,
2023,8,11,16,0,31.9,23.9,62.55,,,,,,,,,,,,,,,,,,,,,,,,,,,,,,,,,,,,
2023,8,11,17,0,32.8,23.6,58.69,,,,,,,,,,,,,,,,,,,,,,,,,,,,,,,,,,,,
2023,8,11,18,0,33.2,23.4,56.44,,,,,,,,,,,,,,,,,,,,,,,,,,,,,,,,,,,,
2023,8,11,19,0,33.3,22.9,54.58,,,,,,,,,,,,,,,,,,,,,,,,,,,,,,,,,,,,
2023,8,11,20,0,33.1,22.5,53.88,,,,,,,,,,,,,,,,,,,,,,,,,,,,,,,,,,,,
2023,8,11,21,0,32.6,22.3,54.58,,,,,,,,,,,,,,,,,,,,,,,,,,,,,,,,,,,,
2023,8,11,22,0,31.6,22.6,59.07,,,,,,,,,,,,,,,,,,,,,,,,,,,,,,,,,,,,
2023,8,11,23,0,29.5,24.2,73.24,,,,,,,,,,,,,,,,,,,,,,,,,,,,,,,,,,,,
2023,8,12,0,0,26.8,24.7,88.13,,,,,,,,,,,,,,,,,,,,,,,,,,,,,,,,,,,,
2023,8,12,1,0,25.8,24.4,91.86,,,,,,,,,,,,,,,,,,,,,,,,,,,,,,,,,,,,
2023,8,12,2,0,25.1,24.4,95.85,,,,,,,,,,,,,,,,,,,,,,,,,,,,,,,,,,,,
2023,8,12,3,0,24.6,24.5,99.13,,,,,,,,,,,,,,,,,,,,,,,,,,,,,,,,,,,,
2023,8,12,4,0,24.2,24.2,100,,,,,,,,,,,,,,,,,,,,,,,,,,,,,,,,,,,,
2023,8,12,5,0,23.9,23.9,100,,,,,,,,,,,,,,,,,,,,,,,,,,,,,,,,,,,,
2023,8,12,6,0,23.8,23.8,100,,,,,,,,,,,,,,,,,,,,,,,,,,,,,,,,,,,,
2023,8,12,7,0,23.6,23.6,100,,,,,,,,,,,,,,,,,,,,,,,,,,,,,,,,,,,,
2023,8,12,8,0,23.5,23.5,100,,,,,,,,,,,,,,,,,,,,,,,,,,,,,,,,,,,,
2023,8,12,9,0,23.4,23.4,100,,,,,,,,,,,,,,,,,,,,,,,,,,,,,,,,,,,,
2023,8,12,10,0,23.2,23.2,100,,,,,,,,,,,,,,,,,,,,,,,,,,,,,,,,,,,,
2023,8,12,11,0,24,24,100,,,,,,,,,,,,,,,,,,,,,,,,,,,,,,,,,,,,
2023,8,12,12,0,25.9,25.5,97.54,,,,,,,,,,,,,,,,,,,,,,,,,,,,,,,,,,,,
2023,8,12,13,0,28.4,25.5,84.19,,,,,,,,,,,,,,,,,,,,,,,,,,,,,,,,,,,,
2023,8,12,14,0,30.2,23.7,68.28,,,,,,,,,,,,,,,,,,,,,,,,,,,,,,,,,,,,
2023,8,12,15,0,32,22.6,57.58,,,,,,,,,,,,,,,,,,,,,,,,,,,,,,,,,,,,
2023,8,12,16,0,33.3,21.8,50.86,,,,,,,,,,,,,,,,,,,,,,,,,,,,,,,,,,,,
2023,8,12,17,0,34.3,21,46,,,,,,,,,,,,,,,,,,,,,,,,,,,,,,,,,,,,
2023,8,12,18,0,34.8,20.5,43.36,,,,,,,,,,,,,,,,,,,,,,,,,,,,,,,,,,,,
2023,8,12,19,0,34.8,20.2,42.64,,,,,,,,,,,,,,,,,,,,,,,,,,,,,,,,,,,,
2023,8,12,20,0,34.3,20.3,44.05,,,,,,,,,,,,,,,,,,,,,,,,,,,,,,,,,,,,
2023,8,12,21,0,33.4,20.7,47.3,,,,,,,,,,,,,,,,,,,,,,,,,,,,,,,,,,,,
2023,8,12,22,0,31.9,21.3,53.57,,,,,,,,,,,,,,,,,,,,,,,,,,,,,,,,,,,,
2023,8,12,23,0,29.3,23.1,69.51,,,,,,,,,,,,,,,,,,,,,,,,,,,,,,,,,,,,
2023,8,13,0,0,26.7,24.3,86.57,,,,,,,,,,,,,,,,,,,,,,,,,,,,,,,,,,,,
2023,8,13,1,0,25.6,23.7,89.26,,,,,,,,,,,,,,,,,,,,,,,,,,,,,,,,,,,,
2023,8,13,2,0,24.7,23.5,92.94,,,,,,,,,,,,,,,,,,,,,,,,,,,,,,,,,,,,
2023,8,13,3,0,24.1,23.4,95.61,,,,,,,,,,,,,,,,,,,,,,,,,,,,,,,,,,,,
2023,8,13,4,0,23.5,23.2,98.27,,,,,,,,,,,,,,,,,,,,,,,,,,,,,,,,,,,,
2023,8,13,5,0,23.1,23.1,99.75,,,,,,,,,,,,,,,,,,,,,,,,,,,,,,,,,,,,
2023,8,13,6,0,22.8,22.8,100,,,,,,,,,,,,,,,,,,,,,,,,,,,,,,,,,,,,
2023,8,13,7,0,22.5,22.5,100,,,,,,,,,,,,,,,,,,,,,,,,,,,,,,,,,,,,
2023,8,13,8,0,22.3,22.3,100,,,,,,,,,,,,,,,,,,,,,,,,,,,,,,,,,,,,
2023,8,13,9,0,22.2,22.2,100,,,,,,,,,,,,,,,,,,,,,,,,,,,,,,,,,,,,
2023,8,13,10,0,22.2,22.2,100,,,,,,,,,,,,,,,,,,,,,,,,,,,,,,,,,,,,
2023,8,13,11,0,22.9,22.9,100,,,,,,,,,,,,,,,,,,,,,,,,,,,,,,,,,,,,
2023,8,13,12,0,25,24.3,96.07,,,,,,,,,,,,,,,,,,,,,,,,,,,,,,,,,,,,
2023,8,13,13,0,28.2,23.6,75.99,,,,,,,,,,,,,,,,,,,,,,,,,,,,,,,,,,,,
2023,8,13,14,0,30.1,21.2,58.98,,,,,,,,,,,,,,,,,,,,,,,,,,,,,,,,,,,,
2023,8,13,15,0,31.9,20.8,51.81,,,,,,,,,,,,,,,,,,,,,,,,,,,,,,,,,,,,
2023,8,13,16,0,33.3,20.4,46.84,,,,,,,,,,,,,,,,,,,,,,,,,,,,,,,,,,,,
2023,8,13,17,0,34.6,20.3,43.26,,,,,,,,,,,,,,,,,,,,,,,,,,,,,,,,,,,,
2023,8,13,18,0,35.3,20.4,41.88,,,,,,,,,,,,,,,,,,,,,,,,,,,,,,,,,,,,
2023,8,13,19,0,35.7,20.6,41.36,,,,,,,,,,,,,,,,,,,,,,,,,,,,,,,,,,,,
2023,8,13,20,0,35.6,20.8,42.09,,,,,,,,,,,,,,,,,,,,,,,,,,,,,,,,,,,,
2023,8,13,21,0,34.9,21.1,44.79,,,,,,,,,,,,,,,,,,,,,,,,,,,,,,,,,,,,
2023,8,13,22,0,34,22.3,50.53,,,,,,,,,,,,,,,,,,,,,,,,,,,,,,,,,,,,
2023,8,13,23,0,31.9,23.2,60.26,,,,,,,,,,,,,,,,,,,,,,,,,,,,,,,,,,,,
2023,8,14,0,0,28.7,25.1,80.78,,,,,,,,,,,,,,,,,,,,,,,,,,,,,,,,,,,,
2023,8,14,1,0,27.4,24.7,85.15,,,,,,,,,,,,,,,,,,,,,,,,,,,,,,,,,,,,
2023,8,14,2,0,26.6,24.3,87.44,,,,,,,,,,,,,,,,,,,,,,,,,,,,,,,,,,,,
2023,8,14,3,0,26.2,23.8,86.41,,,,,,,,,,,,,,,,,,,,,,,,,,,,,,,,,,,,
2023,8,14,4,0,26,23.2,84.54,,,,,,,,,,,,,,,,,,,,,,,,,,,,,,,,,,,,
2023,8,14,5,0,25.8,23,84.77,,,,,,,,,,,,,,,,,,,,,,,,,,,,,,,,,,,,
2023,8,14,6,0,25.4,23,86.68,,,,,,,,,,,,,,,,,,,,,,,,,,,,,,,,,,,,
2023,8,14,7,0,24.8,23,89.85,,,,,,,,,,,,,,,,,,,,,,,,,,,,,,,,,,,,
2023,8,14,8,0,24.1,23.1,94.14,,,,,,,,,,,,,,,,,,,,,,,,,,,,,,,,,,,,
2023,8,14,9,0,23.6,23.1,96.99,,,,,,,,,,,,,,,,,,,,,,,,,,,,,,,,,,,,
2023,8,14,10,0,23,23,100,,,,,,,,,,,,,,,,,,,,,,,,,,,,,,,,,,,,
2023,8,14,11,0,23.7,23.7,100,,,,,,,,,,,,,,,,,,,,,,,,,,,,,,,,,,,,
2023,8,14,12,0,25.4,24.7,96.18,,,,,,,,,,,,,,,,,,,,,,,,,,,,,,,,,,,,
2023,8,14,13,0,28.1,24.7,81.68,,,,,,,,,,,,,,,,,,,,,,,,,,,,,,,,,,,,
2023,8,14,14,0,31.3,23.5,63.14,,,,,,,,,,,,,,,,,,,,,,,,,,,,,,,,,,,,
2023,8,14,15,0,33.3,22.6,53.47,,,,,,,,,,,,,,,,,,,,,,,,,,,,,,,,,,,,
2023,8,14,16,0,34.9,22,47.21,,,,,,,,,,,,,,,,,,,,,,,,,,,,,,,,,,,,
2023,8,14,17,0,36.1,21.8,43.71,,,,,,,,,,,,,,,,,,,,,,,,,,,,,,,,,,,,
2023,8,14,18,0,36.7,21.7,42.1,,,,,,,,,,,,,,,,,,,,,,,,,,,,,,,,,,,,
2023,8,14,19,0,36.8,21.8,42.06,,,,,,,,,,,,,,,,,,,,,,,,,,,,,,,,,,,,
2023,8,14,20,0,36.4,22,43.51,,,,,,,,,,,,,,,,,,,,,,,,,,,,,,,,,,,,
2023,8,14,21,0,35.6,22.3,46.17,,,,,,,,,,,,,,,,,,,,,,,,,,,,,,,,,,,,
2023,8,14,22,0,34.2,23.2,52.66,,,,,,,,,,,,,,,,,,,,,,,,,,,,,,,,,,,,
2023,8,14,23,0,31.8,24.9,66.8,,,,,,,,,,,,,,,,,,,,,,,,,,,,,,,,,,,,
2023,8,15,0,0,28.5,25.3,82.89,,,,,,,,,,,,,,,,,,,,,,,,,,,,,,,,,,,,
2023,8,15,1,0,27.4,24.8,85.63,,,,,,,,,,,,,,,,,,,,,,,,,,,,,,,,,,,,
2023,8,15,2,0,26.7,24.6,88.06,,,,,,,,,,,,,,,,,,,,,,,,,,,,,,,,,,,,
2023,8,15,3,0,25.9,24.4,91.2,,,,,,,,,,,,,,,,,,,,,,,,,,,,,,,,,,,,
2023,8,15,4,0,25.2,24.2,94.15,,,,,,,,,,,,,,,,,,,,,,,,,,,,,,,,,,,,
2023,8,15,5,0,24.6,24.1,96.78,,,,,,,,,,,,,,,,,,,,,,,,,,,,,,,,,,,,
2023,8,15,6,0,24.1,23.9,98.85,,,,,,,,,,,,,,,,,,,,,,,,,,,,,,,,,,,,
2023,8,15,7,0,23.7,23.7,100,,,,,,,,,,,,,,,,,,,,,,,,,,,,,,,,,,,,
2023,8,15,8,0,23.3,23.3,100,,,,,,,,,,,,,,,,,,,,,,,,,,,,,,,,,,,,
2023,8,15,9,0,23.1,23.1,100,,,,,,,,,,,,,,,,,,,,,,,,,,,,,,,,,,,,
2023,8,15,10,0,23.1,23.1,100,,,,,,,,,,,,,,,,,,,,,,,,,,,,,,,,,,,,
2023,8,15,11,0,23.6,23.6,100,,,,,,,,,,,,,,,,,,,,,,,,,,,,,,,,,,,,
2023,8,15,12,0,24.7,24.3,97.69,,,,,,,,,,,,,,,,,,,,,,,,,,,,,,,,,,,,
2023,8,15,13,0,26.5,24.6,89.58,,,,,,,,,,,,,,,,,,,,,,,,,,,,,,,,,,,,
2023,8,15,14,0,28.7,24.1,76.24,,,,,,,,,,,,,,,,,,,,,,,,,,,,,,,,,,,,
2023,8,15,15,0,30.3,23.4,66.78,,,,,,,,,,,,,,,,,,,,,,,,,,,,,,,,,,,,
2023,8,15,16,0,30.9,23,62.82,,,,,,,,,,,,,,,,,,,,,,,,,,,,,,,,,,,,
2023,8,15,17,0,31,22.8,61.82,,,,,,,,,,,,,,,,,,,,,,,,,,,,,,,,,,,,
2023,8,15,18,0,30.7,22.8,62.62,,,,,,,,,,,,,,,,,,,,,,,,,,,,,,,,,,,,
2023,8,15,19,0,29.9,22.8,65.59,,,,,,,,,,,,,,,,,,,,,,,,,,,,,,,,,,,,
2023,8,15,20,0,29.2,22.8,68.49,,,,,,,,,,,,,,,,,,,,,,,,,,,,,,,,,,,,
2023,8,15,21,0,28.5,22.8,71.38,,,,,,,,,,,,,,,,,,,,,,,,,,,,,,,,,,,,
2023,8,15,22,0,27.9,22.8,73.77,,,,,,,,,,,,,,,,,,,,,,,,,,,,,,,,,,,,
2023,8,15,23,0,26.4,22.9,81.27,,,,,,,,,,,,,,,,,,,,,,,,,,,,,,,,,,,,
2023,8,16,0,0,24.1,22.6,91.54,,,,,,,,,,,,,,,,,,,,,,,,,,,,,,,,,,,,
2023,8,16,1,0,23.2,21.7,91.49,,,,,,,,,,,,,,,,,,,,,,,,,,,,,,,,,,,,
2023,8,16,2,0,22.3,20.9,91.85,,,,,,,,,,,,,,,,,,,,,,,,,,,,,,,,,,,,
2023,8,16,3,0,21.4,20.1,92.59,,,,,,,,,,,,,,,,,,,,,,,,,,,,,,,,,,,,
2023,8,16,4,0,20.6,19.5,93.48,,,,,,,,,,,,,,,,,,,,,,,,,,,,,,,,,,,,
2023,8,16,5,0,19.9,19,94.54,,,,,,,,,,,,,,,,,,,,,,,,,,,,,,,,,,,,
2023,8,16,6,0,19.4,18.6,95.32,,,,,,,,,,,,,,,,,,,,,,,,,,,,,,,,,,,,
2023,8,16,7,0,18.8,18.4,97.28,,,,,,,,,,,,,,,,,,,,,,,,,,,,,,,,,,,,
2023,8,16,8,0,18.4,18.1,98.37,,,,,,,,,,,,,,,,,,,,,,,,,,,,,,,,,,,,
2023,8,16,9,0,18.1,17.9,99.05,,,,,,,,,,,,,,,,,,,,,,,,,,,,,,,,,,,,
2023,8,16,10,0,17.7,17.7,100,,,,,,,,,,,,,,,,,,,,,,,,,,,,,,,,,,,,
2023,8,16,11,0,18.4,18,97.59,,,,,,,,,,,,,,,,,,,,,,,,,,,,,,,,,,,,
2023,8,16,12,0,20.1,18.7,91.58,,,,,,,,,,,,,,,,,,,,,,,,,,,,,,,,,,,,
2023,8,16,13,0,23.6,18.2,71.56,,,,,,,,,,,,,,,,,,,,,,,,,,,,,,,,,,,,
2023,8,16,14,0,26.4,17.1,56.48,,,,,,,,,,,,,,,,,,,,,,,,,,,,,,,,,,,,
2023,8,16,15,0,28.2,16.6,49.28,,,,,,,,,,,,,,,,,,,,,,,,,,,,,,,,,,,,
2023,8,16,16,0,29.5,16.2,44.61,,,,,,,,,,,,,,,,,,,,,,,,,,,,,,,,,,,,
2023,8,16,17,0,30.5,15.9,41.31,,,,,,,,,,,,,,,,,,,,,,,,,,,,,,,,,,,,
2023,8,16,18,0,31.2,15.6,38.91,,,,,,,,,,,,,,,,,,,,,,,,,,,,,,,,,,,,
2023,8,16,19,0,31.5,15.4,37.74,,,,,,,,,,,,,,,,,,,,,,,,,,,,,,,,,,,,
2023,8,16,20,0,31.4,15.2,37.57,,,,,,,,,,,,,,,,,,,,,,,,,,,,,,,,,,,,
2023,8,16,21,0,30.8,15.2,38.95,,,,,,,,,,,,,,,,,,,,,,,,,,,,,,,,,,,,
2023,8,16,22,0,30.2,15.8,41.9,,,,,,,,,,,,,,,,,,,,,,,,,,,,,,,,,,,,
2023,8,16,23,0,28.2,17,50.62,,,,,,,,,,,,,,,,,,,,,,,,,,,,,,,,,,,,
2023,8,17,0,0,25.2,18.1,64.92,,,,,,,,,,,,,,,,,,,,,,,,,,,,,,,,,,,,
2023,8,17,1,0,23.4,17.9,71.27,,,,,,,,,,,,,,,,,,,,,,,,,,,,,,,,,,,,
2023,8,17,2,0,22,17.8,77.04,,,,,,,,,,,,,,,,,,,,,,,,,,,,,,,,,,,,
2023,8,17,3,0,20.9,17.6,81.39,,,,,,,,,,,,,,,,,,,,,,,,,,,,,,,,,,,,
2023,8,17,4,0,20.2,17.5,84.58,,,,,,,,,,,,,,,,,,,,,,,,,,,,,,,,,,,,
2023,8,17,5,0,19.7,17.4,86.8,,,,,,,,,,,,,,,,,,,,,,,,,,,,,,,,,,,,
2023,8,17,6,0,19.4,17.3,87.58,,,,,,,,,,,,,,,,,,,,,,,,,,,,,,,,,,,,
2023,8,17,7,0,19.1,17.1,88.17,,,,,,,,,,,,,,,,,,,,,,,,,,,,,,,,,,,,
2023,8,17,8,0,19,16.9,87.85,,,,,,,,,,,,,,,,,,,,,,,,,,,,,,,,,,,,
2023,8,17,9,0,18.8,16.8,88.31,,,,,,,,,,,,,,,,,,,,,,,,,,,,,,,,,,,,
2023,8,17,10,0,18.7,16.7,88.23,,,,,,,,,,,,,,,,,,,,,,,,,,,,,,,,,,,,
2023,8,17,11,0,19.2,17.7,91.05,,,,,,,,,,,,,,,,,,,,,,,,,,,,,,,,,,,,
2023,8,17,12,0,21.5,18.5,82.97,,,,,,,,,,,,,,,,,,,,,,,,,,,,,,,,,,,,
2023,8,17,13,0,24.6,17.2,63.51,,,,,,,,,,,,,,,,,,,,,,,,,,,,,,,,,,,,
2023,8,17,14,0,27.1,15.8,50.06,,,,,,,,,,,,,,,,,,,,,,,,,,,,,,,,,,,,
2023,8,17,15,0,28.5,15.5,45.37,,,,,,,,,,,,,,,,,,,,,,,,,,,,,,,,,,,,
2023,8,17,16,0,29.7,15.6,42.44,,,,,,,,,,,,,,,,,,,,,,,,,,,,,,,,,,,,
2023,8,17,17,0,30.7,15.6,40,,,,,,,,,,,,,,,,,,,,,,,,,,,,,,,,,,,,
2023,8,17,18,0,31.5,15.5,38.04,,,,,,,,,,,,,,,,,,,,,,,,,,,,,,,,,,,,
2023,8,17,19,0,31.9,15.5,37.11,,,,,,,,,,,,,,,,,,,,,,,,,,,,,,,,,,,,
2023,8,17,20,0,31.8,15.5,37.49,,,,,,,,,,,,,,,,,,,,,,,,,,,,,,,,,,,,
2023,8,17,21,0,31.3,15.6,38.64,,,,,,,,,,,,,,,,,,,,,,,,,,,,,,,,,,,,
2023,8,17,22,0,30,16.1,43.24,,,,,,,,,,,,,,,,,,,,,,,,,,,,,,,,,,,,
2023,8,17,23,0,27.3,18.4,58.31,,,,,,,,,,,,,,,,,,,,,,,,,,,,,,,,,,,,
2023,8,18,0,0,23.4,18.6,74.6,,,,,,,,,,,,,,,,,,,,,,,,,,,,,,,,,,,,
2023,8,18,1,0,22,18,77.85,,,,,,,,,,,,,,,,,,,,,,,,,,,,,,,,,,,,
2023,8,18,2,0,21,17.6,80.8,,,,,,,,,,,,,,,,,,,,,,,,,,,,,,,,,,,,
2023,8,18,3,0,20.3,17.4,83.21,,,,,,,,,,,,,,,,,,,,,,,,,,,,,,,,,,,,
2023,8,18,4,0,19.8,17.2,85.08,,,,,,,,,,,,,,,,,,,,,,,,,,,,,,,,,,,,
2023,8,18,5,0,19.3,17.1,86.96,,,,,,,,,,,,,,,,,,,,,,,,,,,,,,,,,,,,
2023,8,18,6,0,18.9,17,88.61,,,,,,,,,,,,,,,,,,,,,,,,,,,,,,,,,,,,
2023,8,18,7,0,18.6,16.9,90.05,,,,,,,,,,,,,,,,,,,,,,,,,,,,,,,,,,,,
2023,8,18,8,0,18.4,16.9,91.22,,,,,,,,,,,,,,,,,,,,,,,,,,,,,,,,,,,,
2023,8,18,9,0,18.2,17.1,93.03,,,,,,,,,,,,,,,,,,,,,,,,,,,,,,,,,,,,
2023,8,18,10,0,18.1,17.3,94.88,,,,,,,,,,,,,,,,,,,,,,,,,,,,,,,,,,,,
2023,8,18,11,0,19.2,17.9,92.11,,,,,,,,,,,,,,,,,,,,,,,,,,,,,,,,,,,,
2023,8,18,12,0,21.8,18.5,81.59,,,,,,,,,,,,,,,,,,,,,,,,,,,,,,,,,,,,
2023,8,18,13,0,25.3,18.7,66.91,,,,,,,,,,,,,,,,,,,,,,,,,,,,,,,,,,,,
2023,8,18,14,0,27.8,18.4,56.61,,,,,,,,,,,,,,,,,,,,,,,,,,,,,,,,,,,,
2023,8,18,15,0,29.7,18.2,50.19,,,,,,,,,,,,,,,,,,,,,,,,,,,,,,,,,,,,
2023,8,18,16,0,31.2,18.1,45.72,,,,,,,,,,,,,,,,,,,,,,,,,,,,,,,,,,,,
2023,8,18,17,0,32.2,18.3,43.66,,,,,,,,,,,,,,,,,,,,,,,,,,,,,,,,,,,,
2023,8,18,18,0,32.8,18.4,42.54,,,,,,,,,,,,,,,,,,,,,,,,,,,,,,,,,,,,
2023,8,18,19,0,33.1,18.3,41.44,,,,,,,,,,,,,,,,,,,,,,,,,,,,,,,,,,,,
2023,8,18,20,0,32.9,18,41.18,,,,,,,,,,,,,,,,,,,,,,,,,,,,,,,,,,,,
2023,8,18,21,0,32.3,17.7,41.94,,,,,,,,,,,,,,,,,,,,,,,,,,,,,,,,,,,,
2023,8,18,22,0,31.1,18.2,46.21,,,,,,,,,,,,,,,,,,,,,,,,,,,,,,,,,,,,
2023,8,18,23,0,28.5,20.5,61.86,,,,,,,,,,,,,,,,,,,,,,,,,,,,,,,,,,,,
2023,8,19,0,0,25.3,20.5,74.64,,,,,,,,,,,,,,,,,,,,,,,,,,,,,,,,,,,,
2023,8,19,1,0,24.2,19.7,75.79,,,,,,,,,,,,,,,,,,,,,,,,,,,,,,,,,,,,
2023,8,19,2,0,23.1,19.1,78.16,,,,,,,,,,,,,,,,,,,,,,,,,,,,,,,,,,,,
2023,8,19,3,0,22,18.6,80.83,,,,,,,,,,,,,,,,,,,,,,,,,,,,,,,,,,,,
2023,8,19,4,0,21.1,18.2,83.52,,,,,,,,,,,,,,,,,,,,,,,,,,,,,,,,,,,,
2023,8,19,5,0,20.3,17.9,85.95,,,,,,,,,,,,,,,,,,,,,,,,,,,,,,,,,,,,
2023,8,19,6,0,19.7,17.6,87.78,,,,,,,,,,,,,,,,,,,,,,,,,,,,,,,,,,,,
2023,8,19,7,0,19.2,17.4,89.6,,,,,,,,,,,,,,,,,,,,,,,,,,,,,,,,,,,,
2023,8,19,8,0,18.8,17.3,91.04,,,,,,,,,,,,,,,,,,,,,,,,,,,,,,,,,,,,
2023,8,19,9,0,18.5,17.2,92.43,,,,,,,,,,,,,,,,,,,,,,,,,,,,,,,,,,,,
2023,8,19,10,0,18.3,17.3,93.97,,,,,,,,,,,,,,,,,,,,,,,,,,,,,,,,,,,,
2023,8,19,11,0,19.1,17.6,91.3,,,,,,,,,,,,,,,,,,,,,,,,,,,,,,,,,,,,
2023,8,19,12,0,21.3,18.2,82.27,,,,,,,,,,,,,,,,,,,,,,,,,,,,,,,,,,,,
2023,8,19,13,0,25,18.3,66.21,,,,,,,,,,,,,,,,,,,,,,,,,,,,,,,,,,,,
2023,8,19,14,0,28.6,17.1,49.73,,,,,,,,,,,,,,,,,,,,,,,,,,,,,,,,,,,,
2023,8,19,15,0,30.4,16.6,43.44,,,,,,,,,,,,,,,,,,,,,,,,,,,,,,,,,,,,
2023,8,19,16,0,31.7,16.1,39.17,,,,,,,,,,,,,,,,,,,,,,,,,,,,,,,,,,,,
2023,8,19,17,0,32.7,15.5,35.61,,,,,,,,,,,,,,,,,,,,,,,,,,,,,,,,,,,,
2023,8,19,18,0,33.2,14.9,33.24,,,,,,,,,,,,,,,,,,,,,,,,,,,,,,,,,,,,
2023,8,19,19,0,33.3,14.4,32,,,,,,,,,,,,,,,,,,,,,,,,,,,,,,,,,,,,
2023,8,19,20,0,33,14.1,31.87,,,,,,,,,,,,,,,,,,,,,,,,,,,,,,,,,,,,
2023,8,19,21,0,32.4,13.8,32.46,,,,,,,,,,,,,,,,,,,,,,,,,,,,,,,,,,,,
2023,8,19,22,0,31.5,14.5,35.72,,,,,,,,,,,,,,,,,,,,,,,,,,,,,,,,,,,,
2023,8,19,23,0,28,18.3,55.7,,,,,,,,,,,,,,,,,,,,,,,,,,,,,,,,,,,,
2023,8,20,0,0,24.5,18,66.94,,,,,,,,,,,,,,,,,,,,,,,,,,,,,,,,,,,,
2023,8,20,1,0,23.1,17,68.73,,,,,,,,,,,,,,,,,,,,,,,,,,,,,,,,,,,,
2023,8,20,2,0,22.2,16.4,69.84,,,,,,,,,,,,,,,,,,,,,,,,,,,,,,,,,,,,
2023,8,20,3,0,21.2,16,72.3,,,,,,,,,,,,,,,,,,,,,,,,,,,,,,,,,,,,
2023,8,20,4,0,20.1,15.7,75.99,,,,,,,,,,,,,,,,,,,,,,,,,,,,,,,,,,,,
2023,8,20,5,0,19.3,15.5,78.68,,,,,,,,,,,,,,,,,,,,,,,,,,,,,,,,,,,,
2023,8,20,6,0,18.9,15.6,81.21,,,,,,,,,,,,,,,,,,,,,,,,,,,,,,,,,,,,
2023,8,20,7,0,18.7,16,84.23,,,,,,,,,,,,,,,,,,,,,,,,,,,,,,,,,,,,
2023,8,20,8,0,18.3,16.4,88.85,,,,,,,,,,,,,,,,,,,,,,,,,,,,,,,,,,,,
2023,8,20,9,0,17.9,16.9,94.13,,,,,,,,,,,,,,,,,,,,,,,,,,,,,,,,,,,,
2023,8,20,10,0,17.6,17.4,99.01,,,,,,,,,,,,,,,,,,,,,,,,,,,,,,,,,,,,
2023,8,20,11,0,18.5,17.9,96.5,,,,,,,,,,,,,,,,,,,,,,,,,,,,,,,,,,,,
2023,8,20,12,0,20.9,18.5,86.2,,,,,,,,,,,,,,,,,,,,,,,,,,,,,,,,,,,,
2023,8,20,13,0,24.7,19.4,72.26,,,,,,,,,,,,,,,,,,,,,,,,,,,,,,,,,,,,
2023,8,20,14,0,29.3,17.6,49.35,,,,,,,,,,,,,,,,,,,,,,,,,,,,,,,,,,,,
2023,8,20,15,0,31.4,16.4,40.44,,,,,,,,,,,,,,,,,,,,,,,,,,,,,,,,,,,,
2023,8,20,16,0,32.7,16.1,36.89,,,,,,,,,,,,,,,,,,,,,,,,,,,,,,,,,,,,
2023,8,20,17,0,33.8,16,34.48,,,,,,,,,,,,,,,,,,,,,,,,,,,,,,,,,,,,
2023,8,20,18,0,34.4,16,33.35,,,,,,,,,,,,,,,,,,,,,,,,,,,,,,,,,,,,
2023,8,20,19,0,34.7,16,32.83,,,,,,,,,,,,,,,,,,,,,,,,,,,,,,,,,,,,
2023,8,20,20,0,34.6,16.1,33.29,,,,,,,,,,,,,,,,,,,,,,,,,,,,,,,,,,,,
2023,8,20,21,0,34,16.2,34.48,,,,,,,,,,,,,,,,,,,,,,,,,,,,,,,,,,,,
2023,8,20,22,0,33,17.2,39.03,,,,,,,,,,,,,,,,,,,,,,,,,,,,,,,,,,,,
2023,8,20,23,0,30.1,20.6,56.73,,,,,,,,,,,,,,,,,,,,,,,,,,,,,,,,,,,,
2023,8,21,0,0,27.5,20.1,64,,,,,,,,,,,,,,,,,,,,,,,,,,,,,,,,,,,,
2023,8,21,1,0,26.2,19.6,67.13,,,,,,,,,,,,,,,,,,,,,,,,,,,,,,,,,,,,
2023,8,21,2,0,25,19.4,70.89,,,,,,,,,,,,,,,,,,,,,,,,,,,,,,,,,,,,
2023,8,21,3,0,24.2,19.1,73.43,,,,,,,,,,,,,,,,,,,,,,,,,,,,,,,,,,,,
2023,8,21,4,0,23.5,19.2,76.93,,,,,,,,,,,,,,,,,,,,,,,,,,,,,,,,,,,,
2023,8,21,5,0,22.9,19.4,80.53,,,,,,,,,,,,,,,,,,,,,,,,,,,,,,,,,,,,
2023,8,21,6,0,22.5,19.5,83.35,,,,,,,,,,,,,,,,,,,,,,,,,,,,,,,,,,,,
2023,8,21,7,0,22.2,19.7,85.54,,,,,,,,,,,,,,,,,,,,,,,,,,,,,,,,,,,,
2023,8,21,8,0,22.1,19.7,86.33,,,,,,,,,,,,,,,,,,,,,,,,,,,,,,,,,,,,
2023,8,21,9,0,22.1,19.8,86.64,,,,,,,,,,,,,,,,,,,,,,,,,,,,,,,,,,,,
2023,8,21,10,0,22.1,19.9,87.26,,,,,,,,,,,,,,,,,,,,,,,,,,,,,,,,,,,,
2023,8,21,11,0,22.5,20.7,89.57,,,,,,,,,,,,,,,,,,,,,,,,,,,,,,,,,,,,
2023,8,21,12,0,24.6,21.2,81.45,,,,,,,,,,,,,,,,,,,,,,,,,,,,,,,,,,,,
2023,8,21,13,0,28.1,21.6,67.63,,,,,,,,,,,,,,,,,,,,,,,,,,,,,,,,,,,,
2023,8,21,14,0,31.6,19.6,49.1,,,,,,,,,,,,,,,,,,,,,,,,,,,,,,,,,,,,
2023,8,21,15,0,33.6,18.4,40.55,,,,,,,,,,,,,,,,,,,,,,,,,,,,,,,,,,,,
2023,8,21,16,0,35,17.3,35.14,,,,,,,,,,,,,,,,,,,,,,,,,,,,,,,,,,,,
2023,8,21,17,0,36.2,16.5,31.27,,,,,,,,,,,,,,,,,,,,,,,,,,,,,,,,,,,,
2023,8,21,18,0,37,15.8,28.56,,,,,,,,,,,,,,,,,,,,,,,,,,,,,,,,,,,,
2023,8,21,19,0,37.3,15.2,26.97,,,,,,,,,,,,,,,,,,,,,,,,,,,,,,,,,,,,
2023,8,21,20,0,37.1,14.6,26.33,,,,,,,,,,,,,,,,,,,,,,,,,,,,,,,,,,,,
2023,8,21,21,0,36.4,14.5,27.17,,,,,,,,,,,,,,,,,,,,,,,,,,,,,,,,,,,,
2023,8,21,22,0,35.3,15.4,30.65,,,,,,,,,,,,,,,,,,,,,,,,,,,,,,,,,,,,
2023,8,21,23,0,31.8,20.8,52.13,,,,,,,,,,,,,,,,,,,,,,,,,,,,,,,,,,,,
2023,8,22,0,0,29,21,61.9,,,,,,,,,,,,,,,,,,,,,,,,,,,,,,,,,,,,
2023,8,22,1,0,27.5,20.2,64.63,,,,,,,,,,,,,,,,,,,,,,,,,,,,,,,,,,,,
2023,8,22,2,0,26.3,19.8,67.55,,,,,,,,,,,,,,,,,,,,,,,,,,,,,,,,,,,,
2023,8,22,3,0,25,19.5,71.55,,,,,,,,,,,,,,,,,,,,,,,,,,,,,,,,,,,,
2023,8,22,4,0,23.9,19.5,76.41,,,,,,,,,,,,,,,,,,,,,,,,,,,,,,,,,,,,
2023,8,22,5,0,23,19.6,81.12,,,,,,,,,,,,,,,,,,,,,,,,,,,,,,,,,,,,
2023,8,22,6,0,22.2,19.6,85.12,,,,,,,,,,,,,,,,,,,,,,,,,,,,,,,,,,,,
2023,8,22,7,0,21.7,19.5,87.38,,,,,,,,,,,,,,,,,,,,,,,,,,,,,,,,,,,,
2023,8,22,8,0,21.2,19.5,90.03,,,,,,,,,,,,,,,,,,,,,,,,,,,,,,,,,,,,
2023,8,22,9,0,20.9,19.6,92.18,,,,,,,,,,,,,,,,,,,,,,,,,,,,,,,,,,,,
2023,8,22,10,0,20.6,19.8,94.99,,,,,,,,,,,,,,,,,,,,,,,,,,,,,,,,,,,,
2023,8,22,11,0,21.4,20.2,92.84,,,,,,,,,,,,,,,,,,,,,,,,,,,,,,,,,,,,
2023,8,22,12,0,24,20.7,81.9,,,,,,,,,,,,,,,,,,,,,,,,,,,,,,,,,,,,
2023,8,22,13,0,27.7,21.1,67.16,,,,,,,,,,,,,,,,,,,,,,,,,,,,,,,,,,,,
2023,8,22,14,0,31.3,20.1,51.32,,,,,,,,,,,,,,,,,,,,,,,,,,,,,,,,,,,,
2023,8,22,15,0,33.4,19,42.59,,,,,,,,,,,,,,,,,,,,,,,,,,,,,,,,,,,,
2023,8,22,16,0,35.1,18.1,36.74,,,,,,,,,,,,,,,,,,,,,,,,,,,,,,,,,,,,
2023,8,22,17,0,36.4,17.6,33.16,,,,,,,,,,,,,,,,,,,,,,,,,,,,,,,,,,,,
2023,8,22,18,0,37.3,17.2,30.72,,,,,,,,,,,,,,,,,,,,,,,,,,,,,,,,,,,,
2023,8,22,19,0,37.7,16.7,29.11,,,,,,,,,,,,,,,,,,,,,,,,,,,,,,,,,,,,
2023,8,22,20,0,37.6,16.3,28.6,,,,,,,,,,,,,,,,,,,,,,,,,,,,,,,,,,,,
2023,8,22,21,0,36.9,16.3,29.62,,,,,,,,,,,,,,,,,,,,,,,,,,,,,,,,,,,,
2023,8,22,22,0,35.6,17.7,34.71,,,,,,,,,,,,,,,,,,,,,,,,,,,,,,,,,,,,
2023,8,22,23,0,32.1,21.7,54.34,,,,,,,,,,,,,,,,,,,,,,,,,,,,,,,,,,,,
2023,8,23,0,0,29.2,21.4,62.72,,,,,,,,,,,,,,,,,,,,,,,,,,,,,,,,,,,,
2023,8,23,1,0,27.7,21.3,68.36,,,,,,,,,,,,,,,,,,,,,,,,,,,,,,,,,,,,
2023,8,23,2,0,26.6,21.5,73.63,,,,,,,,,,,,,,,,,,,,,,,,,,,,,,,,,,,,
2023,8,23,3,0,25.7,21.7,78.73,,,,,,,,,,,,,,,,,,,,,,,,,,,,,,,,,,,,
2023,8,23,4,0,25,21.9,82.71,,,,,,,,,,,,,,,,,,,,,,,,,,,,,,,,,,,,
2023,8,23,5,0,24.4,22,86.32,,,,,,,,,,,,,,,,,,,,,,,,,,,,,,,,,,,,
2023,8,23,6,0,24,22,88.38,,,,,,,,,,,,,,,,,,,,,,,,,,,,,,,,,,,,
2023,8,23,7,0,23.5,21.8,90.28,,,,,,,,,,,,,,,,,,,,,,,,,,,,,,,,,,,,
2023,8,23,8,0,23.2,21.6,90.87,,,,,,,,,,,,,,,,,,,,,,,,,,,,,,,,,,,,
2023,8,23,9,0,23,21.5,91.17,,,,,,,,,,,,,,,,,,,,,,,,,,,,,,,,,,,,
2023,8,23,10,0,22.9,21.4,91.35,,,,,,,,,,,,,,,,,,,,,,,,,,,,,,,,,,,,
2023,8,23,11,0,23.6,21.5,87.95,,,,,,,,,,,,,,,,,,,,,,,,,,,,,,,,,,,,
2023,8,23,12,0,25.9,21.6,77.15,,,,,,,,,,,,,,,,,,,,,,,,,,,,,,,,,,,,
2023,8,23,13,0,28.6,21,63.41,,,,,,,,,,,,,,,,,,,,,,,,,,,,,,,,,,,,
2023,8,23,14,0,30.8,20.1,53.03,,,,,,,,,,,,,,,,,,,,,,,,,,,,,,,,,,,,
2023,8,23,15,0,32.8,19.2,44.61,,,,,,,,,,,,,,,,,,,,,,,,,,,,,,,,,,,,
2023,8,23,16,0,34.3,18.6,39.52,,,,,,,,,,,,,,,,,,,,,,,,,,,,,,,,,,,,
2023,8,23,17,0,35.4,18.2,36.35,,,,,,,,,,,,,,,,,,,,,,,,,,,,,,,,,,,,
2023,8,23,18,0,36.1,18,34.48,,,,,,,,,,,,,,,,,,,,,,,,,,,,,,,,,,,,
2023,8,23,19,0,36.4,17.9,33.74,,,,,,,,,,,,,,,,,,,,,,,,,,,,,,,,,,,,
2023,8,23,20,0,36.2,18,34.28,,,,,,,,,,,,,,,,,,,,,,,,,,,,,,,,,,,,
2023,8,23,21,0,35.5,18,35.76,,,,,,,,,,,,,,,,,,,,,,,,,,,,,,,,,,,,
2023,8,23,22,0,34,18.5,40.02,,,,,,,,,,,,,,,,,,,,,,,,,,,,,,,,,,,,
2023,8,23,23,0,30.9,21.1,56.1,,,,,,,,,,,,,,,,,,,,,,,,,,,,,,,,,,,,
2023,8,24,0,0,27.2,21.4,70.45,,,,,,,,,,,,,,,,,,,,,,,,,,,,,,,,,,,,
2023,8,24,1,0,26.2,20.6,71.48,,,,,,,,,,,,,,,,,,,,,,,,,,,,,,,,,,,,
2023,8,24,2,0,25.4,20.3,73.5,,,,,,,,,,,,,,,,,,,,,,,,,,,,,,,,,,,,
2023,8,24,3,0,24.5,20.3,77.69,,,,,,,,,,,,,,,,,,,,,,,,,,,,,,,,,,,,
2023,8,24,4,0,23.9,20.5,81.48,,,,,,,,,,,,,,,,,,,,,,,,,,,,,,,,,,,,
2023,8,24,5,0,23.3,20.7,85.41,,,,,,,,,,,,,,,,,,,,,,,,,,,,,,,,,,,,
2023,8,24,6,0,22.7,20.8,88.91,,,,,,,,,,,,,,,,,,,,,,,,,,,,,,,,,,,,
2023,8,24,7,0,22.3,20.8,91,,,,,,,,,,,,,,,,,,,,,,,,,,,,,,,,,,,,
2023,8,24,8,0,22.1,20.8,92.09,,,,,,,,,,,,,,,,,,,,,,,,,,,,,,,,,,,,
2023,8,24,9,0,22,20.8,93.19,,,,,,,,,,,,,,,,,,,,,,,,,,,,,,,,,,,,
2023,8,24,10,0,21.9,20.9,94.31,,,,,,,,,,,,,,,,,,,,,,,,,,,,,,,,,,,,
2023,8,24,11,0,22.4,21.5,94.41,,,,,,,,,,,,,,,,,,,,,,,,,,,,,,,,,,,,
2023,8,24,12,0,24.4,21.6,84.32,,,,,,,,,,,,,,,,,,,,,,,,,,,,,,,,,,,,
2023,8,24,13,0,27.3,21,68.53,,,,,,,,,,,,,,,,,,,,,,,,,,,,,,,,,,,,
2023,8,24,14,0,30.3,19.6,52.88,,,,,,,,,,,,,,,,,,,,,,,,,,,,,,,,,,,,
2023,8,24,15,0,32.9,18.7,42.97,,,,,,,,,,,,,,,,,,,,,,,,,,,,,,,,,,,,
2023,8,24,16,0,34.7,18.1,37.44,,,,,,,,,,,,,,,,,,,,,,,,,,,,,,,,,,,,
2023,8,24,17,0,36.2,17.4,33.11,,,,,,,,,,,,,,,,,,,,,,,,,,,,,,,,,,,,
2023,8,24,18,0,37.2,16.7,29.95,,,,,,,,,,,,,,,,,,,,,,,,,,,,,,,,,,,,
2023,8,24,19,0,37.8,16,27.75,,,,,,,,,,,,,,,,,,,,,,,,,,,,,,,,,,,,
2023,8,24,20,0,37.7,15.5,26.94,,,,,,,,,,,,,,,,,,,,,,,,,,,,,,,,,,,,
2023,8,24,21,0,37.1,15.3,27.59,,,,,,,,,,,,,,,,,,,,,,,,,,,,,,,,,,,,
2023,8,24,22,0,36,16.3,31.1,,,,,,,,,,,,,,,,,,,,,,,,,,,,,,,,,,,,
2023,8,24,23,0,33.1,20.8,48.51,,,,,,,,,,,,,,,,,,,,,,,,,,,,,,,,,,,,
2023,8,25,0,0,30.3,20.5,55.67,,,,,,,,,,,,,,,,,,,,,,,,,,,,,,,,,,,,
2023,8,25,1,0,28.1,21,65.32,,,,,,,,,,,,,,,,,,,,,,,,,,,,,,,,,,,,
2023,8,25,2,0,26.5,20.9,71.51,,,,,,,,,,,,,,,,,,,,,,,,,,,,,,,,,,,,
2023,8,25,3,0,25.4,20.6,74.77,,,,,,,,,,,,,,,,,,,,,,,,,,,,,,,,,,,,
2023,8,25,4,0,24.7,20.5,77.36,,,,,,,,,,,,,,,,,,,,,,,,,,,,,,,,,,,,
2023,8,25,5,0,24.1,20.5,80.24,,,,,,,,,,,,,,,,,,,,,,,,,,,,,,,,,,,,
2023,8,25,6,0,23.6,20.5,82.93,,,,,,,,,,,,,,,,,,,,,,,,,,,,,,,,,,,,
2023,8,25,7,0,23.1,20.6,85.74,,,,,,,,,,,,,,,,,,,,,,,,,,,,,,,,,,,,
2023,8,25,8,0,22.7,20.6,88.03,,,,,,,,,,,,,,,,,,,,,,,,,,,,,,,,,,,,
2023,8,25,9,0,22.6,20.8,89.55,,,,,,,,,,,,,,,,,,,,,,,,,,,,,,,,,,,,
2023,8,25,10,0,22.5,21.1,91.93,,,,,,,,,,,,,,,,,,,,,,,,,,,,,,,,,,,,
2023,8,25,11,0,23.3,21.6,90.21,,,,,,,,,,,,,,,,,,,,,,,,,,,,,,,,,,,,
2023,8,25,12,0,25.6,22,80.47,,,,,,,,,,,,,,,,,,,,,,,,,,,,,,,,,,,,
2023,8,25,13,0,29.3,22.5,66.68,,,,,,,,,,,,,,,,,,,,,,,,,,,,,,,,,,,,
2023,8,25,14,0,32.4,22.3,55.23,,,,,,,,,,,,,,,,,,,,,,,,,,,,,,,,,,,,
2023,8,25,15,0,34.1,21.9,49.14,,,,,,,,,,,,,,,,,,,,,,,,,,,,,,,,,,,,
2023,8,25,16,0,35.6,21.3,43.66,,,,,,,,,,,,,,,,,,,,,,,,,,,,,,,,,,,,
2023,8,25,17,0,36.8,20.7,39.31,,,,,,,,,,,,,,,,,,,,,,,,,,,,,,,,,,,,
2023,8,25,18,0,37.7,20,35.77,,,,,,,,,,,,,,,,,,,,,,,,,,,,,,,,,,,,
2023,8,25,19,0,38.1,19.3,33.58,,,,,,,,,,,,,,,,,,,,,,,,,,,,,,,,,,,,
2023,8,25,20,0,38,18.8,32.63,,,,,,,,,,,,,,,,,,,,,,,,,,,,,,,,,,,,
2023,8,25,21,0,37.4,18.4,32.89,,,,,,,,,,,,,,,,,,,,,,,,,,,,,,,,,,,,
2023,8,25,22,0,35.9,18.7,36.5,,,,,,,,,,,,,,,,,,,,,,,,,,,,,,,,,,,,
2023,8,25,23,0,32.4,22.3,55.24,,,,,,,,,,,,,,,,,,,,,,,,,,,,,,,,,,,,
2023,8,26,0,0,28.8,22.2,67.43,,,,,,,,,,,,,,,,,,,,,,,,,,,,,,,,,,,,
2023,8,26,1,0,27.6,21.6,69.93,,,,,,,,,,,,,,,,,,,,,,,,,,,,,,,,,,,,
2023,8,26,2,0,26.5,21.3,73.21,,,,,,,,,,,,,,,,,,,,,,,,,,,,,,,,,,,,
2023,8,26,3,0,25.5,21,76.2,,,,,,,,,,,,,,,,,,,,,,,,,,,,,,,,,,,,
2023,8,26,4,0,24.8,20.8,78.51,,,,,,,,,,,,,,,,,,,,,,,,,,,,,,,,,,,,
2023,8,26,5,0,24.2,20.6,80.24,,,,,,,,,,,,,,,,,,,,,,,,,,,,,,,,,,,,
2023,8,26,6,0,23.7,20.3,81.49,,,,,,,,,,,,,,,,,,,,,,,,,,,,,,,,,,,,
2023,8,26,7,0,23.3,20.1,82.45,,,,,,,,,,,,,,,,,,,,,,,,,,,,,,,,,,,,
2023,8,26,8,0,22.9,20,83.72,,,,,,,,,,,,,,,,,,,,,,,,,,,,,,,,,,,,
2023,8,26,9,0,22.5,20,85.55,,,,,,,,,,,,,,,,,,,,,,,,,,,,,,,,,,,,
2023,8,26,10,0,22.2,20,87.45,,,,,,,,,,,,,,,,,,,,,,,,,,,,,,,,,,,,
2023,8,26,11,0,22.8,20.2,85.45,,,,,,,,,,,,,,,,,,,,,,,,,,,,,,,,,,,,
2023,8,26,12,0,25.4,20.4,73.74,,,,,,,,,,,,,,,,,,,,,,,,,,,,,,,,,,,,
2023,8,26,13,0,29.1,21.1,62.23,,,,,,,,,,,,,,,,,,,,,,,,,,,,,,,,,,,,
2023,8,26,14,0,33.4,21,48.44,,,,,,,,,,,,,,,,,,,,,,,,,,,,,,,,,,,,
2023,8,26,15,0,35.5,20.2,41,,,,,,,,,,,,,,,,,,,,,,,,,,,,,,,,,,,,
2023,8,26,16,0,37,19.3,35.73,,,,,,,,,,,,,,,,,,,,,,,,,,,,,,,,,,,,
2023,8,26,17,0,38.1,18.7,32.32,,,,,,,,,,,,,,,,,,,,,,,,,,,,,,,,,,,,
2023,8,26,18,0,38.6,18.3,30.61,,,,,,,,,,,,,,,,,,,,,,,,,,,,,,,,,,,,
2023,8,26,19,0,38.7,18.1,30.05,,,,,,,,,,,,,,,,,,,,,,,,,,,,,,,,,,,,
2023,8,26,20,0,38.1,18.1,31.13,,,,,,,,,,,,,,,,,,,,,,,,,,,,,,,,,,,,
2023,8,26,21,0,36.9,18.3,33.69,,,,,,,,,,,,,,,,,,,,,,,,,,,,,,,,,,,,
2023,8,26,22,0,35.4,19.1,38.3,,,,,,,,,,,,,,,,,,,,,,,,,,,,,,,,,,,,
2023,8,26,23,0,32.2,21.9,54.53,,,,,,,,,,,,,,,,,,,,,,,,,,,,,,,,,,,,
2023,8,27,0,0,29.2,22.3,66.53,,,,,,,,,,,,,,,,,,,,,,,,,,,,,,,,,,,,
2023,8,27,1,0,28.2,22.3,70.23,,,,,,,,,,,,,,,,,,,,,,,,,,,,,,,,,,,,
2023,8,27,2,0,27.1,22.4,75.66,,,,,,,,,,,,,,,,,,,,,,,,,,,,,,,,,,,,
2023,8,27,3,0,26,22.5,81.17,,,,,,,,,,,,,,,,,,,,,,,,,,,,,,,,,,,,
2023,8,27,4,0,25.5,22.4,83.15,,,,,,,,,,,,,,,,,,,,,,,,,,,,,,,,,,,,
2023,8,27,5,0,25.1,22.4,85.17,,,,,,,,,,,,,,,,,,,,,,,,,,,,,,,,,,,,
2023,8,27,6,0,24.5,22.5,88.64,,,,,,,,,,,,,,,,,,,,,,,,,,,,,,,,,,,,
2023,8,27,7,0,23.9,22.5,92.08,,,,,,,,,,,,,,,,,,,,,,,,,,,,,,,,,,,,
2023,8,27,8,0,23.4,22.5,94.7,,,,,,,,,,,,,,,,,,,,,,,,,,,,,,,,,,,,
2023,8,27,9,0,23,22.4,96.65,,,,,,,,,,,,,,,,,,,,,,,,,,,,,,,,,,,,
2023,8,27,10,0,22.6,22.4,98.69,,,,,,,,,,,,,,,,,,,,,,,,,,,,,,,,,,,,
2023,8,27,11,0,23.1,22.6,96.74,,,,,,,,,,,,,,,,,,,,,,,,,,,,,,,,,,,,
2023,8,27,12,0,25.3,22.8,86.18,,,,,,,,,,,,,,,,,,,,,,,,,,,,,,,,,,,,
2023,8,27,13,0,29,22.2,66.98,,,,,,,,,,,,,,,,,,,,,,,,,,,,,,,,,,,,
2023,8,27,14,0,32.9,20.1,46.98,,,,,,,,,,,,,,,,,,,,,,,,,,,,,,,,,,,,
2023,8,27,15,0,35.2,18.7,37.98,,,,,,,,,,,,,,,,,,,,,,,,,,,,,,,,,,,,
2023,8,27,16,0,36.7,18.1,33.66,,,,,,,,,,,,,,,,,,,,,,,,,,,,,,,,,,,,
2023,8,27,17,0,37.8,17.9,31.18,,,,,,,,,,,,,,,,,,,,,,,,,,,,,,,,,,,,
2023,8,27,18,0,38.3,17.8,30.16,,,,,,,,,,,,,,,,,,,,,,,,,,,,,,,,,,,,
2023,8,27,19,0,38.3,17.8,30.19,,,,,,,,,,,,,,,,,,,,,,,,,,,,,,,,,,,,
2023,8,27,20,0,37.8,17.9,31.28,,,,,,,,,,,,,,,,,,,,,,,,,,,,,,,,,,,,
2023,8,27,21,0,36.6,18.2,34.05,,,,,,,,,,,,,,,,,,,,,,,,,,,,,,,,,,,,
2023,8,27,22,0,35.1,19.5,40.11,,,,,,,,,,,,,,,,,,,,,,,,,,,,,,,,,,,,
2023,8,27,23,0,32.7,22.4,54.62,,,,,,,,,,,,,,,,,,,,,,,,,,,,,,,,,,,,
2023,8,28,0,0,30,24.7,73.16,,,,,,,,,,,,,,,,,,,,,,,,,,,,,,,,,,,,
2023,8,28,1,0,28.3,24.8,81.33,,,,,,,,,,,,,,,,,,,,,,,,,,,,,,,,,,,,
2023,8,28,2,0,26.7,24.5,87.86,,,,,,,,,,,,,,,,,,,,,,,,,,,,,,,,,,,,
2023,8,28,3,0,25.4,24.1,92.72,,,,,,,,,,,,,,,,,,,,,,,,,,,,,,,,,,,,
2023,8,28,4,0,24.6,24,96.31,,,,,,,,,,,,,,,,,,,,,,,,,,,,,,,,,,,,
2023,8,28,5,0,24.1,23.9,98.95,,,,,,,,,,,,,,,,,,,,,,,,,,,,,,,,,,,,
2023,8,28,6,0,23.8,23.8,100,,,,,,,,,,,,,,,,,,,,,,,,,,,,,,,,,,,,
2023,8,28,7,0,23.7,23.7,100,,,,,,,,,,,,,,,,,,,,,,,,,,,,,,,,,,,,
2023,8,28,8,0,23.6,23.6,100,,,,,,,,,,,,,,,,,,,,,,,,,,,,,,,,,,,,
2023,8,28,9,0,23.5,23.5,100,,,,,,,,,,,,,,,,,,,,,,,,,,,,,,,,,,,,
2023,8,28,10,0,23.3,23.3,100,,,,,,,,,,,,,,,,,,,,,,,,,,,,,,,,,,,,
2023,8,28,11,0,23.3,23.3,100,,,,,,,,,,,,,,,,,,,,,,,,,,,,,,,,,,,,
2023,8,28,12,0,24.1,24.1,99.81,,,,,,,,,,,,,,,,,,,,,,,,,,,,,,,,,,,,
2023,8,28,13,0,25.5,24.4,93.56,,,,,,,,,,,,,,,,,,,,,,,,,,,,,,,,,,,,
2023,8,28,14,0,27.5,23.8,80.51,,,,,,,,,,,,,,,,,,,,,,,,,,,,,,,,,,,,
2023,8,28,15,0,30.1,22.6,64.2,,,,,,,,,,,,,,,,,,,,,,,,,,,,,,,,,,,,
2023,8,28,16,0,31.9,21.8,55.3,,,,,,,,,,,,,,,,,,,,,,,,,,,,,,,,,,,,
2023,8,28,17,0,32.7,21.6,52.03,,,,,,,,,,,,,,,,,,,,,,,,,,,,,,,,,,,,
2023,8,28,18,0,32.9,21.5,51.31,,,,,,,,,,,,,,,,,,,,,,,,,,,,,,,,,,,,
2023,8,28,19,0,32.8,21.6,51.81,,,,,,,,,,,,,,,,,,,,,,,,,,,,,,,,,,,,
2023,8,28,20,0,32.4,21.7,53.34,,,,,,,,,,,,,,,,,,,,,,,,,,,,,,,,,,,,
2023,8,28,21,0,31.5,22.2,57.77,,,,,,,,,,,,,,,,,,,,,,,,,,,,,,,,,,,,
2023,8,28,22,0,30.1,23.2,66.47,,,,,,,,,,,,,,,,,,,,,,,,,,,,,,,,,,,,
2023,8,28,23,0,27.9,24,79.46,,,,,,,,,,,,,,,,,,,,,,,,,,,,,,,,,,,,
2023,8,29,0,0,26,24.6,91.93,,,,,,,,,,,,,,,,,,,,,,,,,,,,,,,,,,,,
2023,8,29,1,0,25.2,24.3,95.03,,,,,,,,,,,,,,,,,,,,,,,,,,,,,,,,,,,,
2023,8,29,2,0,24.5,23.9,96.62,,,,,,,,,,,,,,,,,,,,,,,,,,,,,,,,,,,,
2023,8,29,3,0,24,23.4,96.45,,,,,,,,,,,,,,,,,,,,,,,,,,,,,,,,,,,,
2023,8,29,4,0,23.6,23.4,98.73,,,,,,,,,,,,,,,,,,,,,,,,,,,,,,,,,,,,
2023,8,29,5,0,23.2,23.2,100,,,,,,,,,,,,,,,,,,,,,,,,,,,,,,,,,,,,
2023,8,29,6,0,22.8,22.8,100,,,,,,,,,,,,,,,,,,,,,,,,,,,,,,,,,,,,
2023,8,29,7,0,22.4,22.4,100,,,,,,,,,,,,,,,,,,,,,,,,,,,,,,,,,,,,
2023,8,29,8,0,22.2,22.2,100,,,,,,,,,,,,,,,,,,,,,,,,,,,,,,,,,,,,
2023,8,29,9,0,22,22,100,,,,,,,,,,,,,,,,,,,,,,,,,,,,,,,,,,,,
2023,8,29,10,0,21.8,21.8,100,,,,,,,,,,,,,,,,,,,,,,,,,,,,,,,,,,,,
2023,8,29,11,0,22.2,22.2,100,,,,,,,,,,,,,,,,,,,,,,,,,,,,,,,,,,,,
2023,8,29,12,0,23.6,23.6,100,,,,,,,,,,,,,,,,,,,,,,,,,,,,,,,,,,,,
2023,8,29,13,0,26,24.4,91.01,,,,,,,,,,,,,,,,,,,,,,,,,,,,,,,,,,,,
2023,8,29,14,0,28,23.5,76.68,,,,,,,,,,,,,,,,,,,,,,,,,,,,,,,,,,,,
2023,8,29,15,0,30.3,21.9,60.84,,,,,,,,,,,,,,,,,,,,,,,,,,,,,,,,,,,,
2023,8,29,16,0,31.9,21.2,53.08,,,,,,,,,,,,,,,,,,,,,,,,,,,,,,,,,,,,
2023,8,29,17,0,32.8,21,50.08,,,,,,,,,,,,,,,,,,,,,,,,,,,,,,,,,,,,
2023,8,29,18,0,33.1,21,49.13,,,,,,,,,,,,,,,,,,,,,,,,,,,,,,,,,,,,
2023,8,29,19,0,32.9,21,49.78,,,,,,,,,,,,,,,,,,,,,,,,,,,,,,,,,,,,
2023,8,29,20,0,32.4,21.2,51.72,,,,,,,,,,,,,,,,,,,,,,,,,,,,,,,,,,,,
2023,8,29,21,0,31.3,21.9,57.58,,,,,,,,,,,,,,,,,,,,,,,,,,,,,,,,,,,,
2023,8,29,22,0,29.4,23.3,69.9,,,,,,,,,,,,,,,,,,,,,,,,,,,,,,,,,,,,
2023,8,29,23,0,27.2,24.2,83.83,,,,,,,,,,,,,,,,,,,,,,,,,,,,,,,,,,,,
2023,8,30,0,0,25.7,24.5,93.15,,,,,,,,,,,,,,,,,,,,,,,,,,,,,,,,,,,,
2023,8,30,1,0,25,24.5,97.27,,,,,,,,,,,,,,,,,,,,,,,,,,,,,,,,,,,,
2023,8,30,2,0,24.5,24.5,100,,,,,,,,,,,,,,,,,,,,,,,,,,,,,,,,,,,,
2023,8,30,3,0,24.2,24.2,100,,,,,,,,,,,,,,,,,,,,,,,,,,,,,,,,,,,,
2023,8,30,4,0,24,24,100,,,,,,,,,,,,,,,,,,,,,,,,,,,,,,,,,,,,
2023,8,30,5,0,23.8,23.8,100,,,,,,,,,,,,,,,,,,,,,,,,,,,,,,,,,,,,
2023,8,30,6,0,23.4,23.4,100,,,,,,,,,,,,,,,,,,,,,,,,,,,,,,,,,,,,
2023,8,30,7,0,23.2,23.2,100,,,,,,,,,,,,,,,,,,,,,,,,,,,,,,,,,,,,
2023,8,30,8,0,23.1,23.1,100,,,,,,,,,,,,,,,,,,,,,,,,,,,,,,,,,,,,
2023,8,30,9,0,23,23,100,,,,,,,,,,,,,,,,,,,,,,,,,,,,,,,,,,,,
2023,8,30,10,0,22.9,22.9,100,,,,,,,,,,,,,,,,,,,,,,,,,,,,,,,,,,,,
2023,8,30,11,0,22.9,22.9,100,,,,,,,,,,,,,,,,,,,,,,,,,,,,,,,,,,,,
2023,8,30,12,0,23.4,23.4,100,,,,,,,,,,,,,,,,,,,,,,,,,,,,,,,,,,,,
2023,8,30,13,0,24.1,24,99.55,,,,,,,,,,,,,,,,,,,,,,,,,,,,,,,,,,,,
2023,8,30,14,0,24.6,24,96.7,,,,,,,,,,,,,,,,,,,,,,,,,,,,,,,,,,,,
2023,8,30,15,0,25.2,23.8,92.08,,,,,,,,,,,,,,,,,,,,,,,,,,,,,,,,,,,,
2023,8,30,16,0,26.1,23.5,85.38,,,,,,,,,,,,,,,,,,,,,,,,,,,,,,,,,,,,
2023,8,30,17,0,26.9,22.9,78.96,,,,,,,,,,,,,,,,,,,,,,,,,,,,,,,,,,,,
2023,8,30,18,0,27.4,22.4,74.23,,,,,,,,,,,,,,,,,,,,,,,,,,,,,,,,,,,,
2023,8,30,19,0,27.8,22.1,71.2,,,,,,,,,,,,,,,,,,,,,,,,,,,,,,,,,,,,
2023,8,30,20,0,28.1,21.9,69.22,,,,,,,,,,,,,,,,,,,,,,,,,,,,,,,,,,,,
2023,8,30,21,0,27.8,22,70.57,,,,,,,,,,,,,,,,,,,,,,,,,,,,,,,,,,,,
2023,8,30,22,0,26.9,22.3,76.08,,,,,,,,,,,,,,,,,,,,,,,,,,,,,,,,,,,,
2023,8,30,23,0,25.4,22.7,85.26,,,,,,,,,,,,,,,,,,,,,,,,,,,,,,,,,,,,
2023,8,31,0,0,23.5,22.6,94.58,,,,,,,,,,,,,,,,,,,,,,,,,,,,,,,,,,,,
2023,8,31,1,0,22.8,22.1,95.91,,,,,,,,,,,,,,,,,,,,,,,,,,,,,,,,,,,,
2023,8,31,2,0,21.9,21.3,96.65,,,,,,,,,,,,,,,,,,,,,,,,,,,,,,,,,,,,
2023,8,31,3,0,21.1,20.4,95.93,,,,,,,,,,,,,,,,,,,,,,,,,,,,,,,,,,,,
2023,8,31,4,0,20.4,19.6,95.12,,,,,,,,,,,,,,,,,,,,,,,,,,,,,,,,,,,,
2023,8,31,5,0,19.7,19,95.57,,,,,,,,,,,,,,,,,,,,,,,,,,,,,,,,,,,,
2023,8,31,6,0,19.2,18.5,95.6,,,,,,,,,,,,,,,,,,,,,,,,,,,,,,,,,,,,
2023,8,31,7,0,18.8,18.1,95.94,,,,,,,,,,,,,,,,,,,,,,,,,,,,,,,,,,,,
2023,8,31,8,0,18.4,17.9,97.14,,,,,,,,,,,,,,,,,,,,,,,,,,,,,,,,,,,,
2023,8,31,9,0,18,17.8,98.61,,,,,,,,,,,,,,,,,,,,,,,,,,,,,,,,,,,,
2023,8,31,10,0,17.7,17.6,99.39,,,,,,,,,,,,,,,,,,,,,,,,,,,,,,,,,,,,
2023,8,31,11,0,17.8,17.6,98.71,,,,,,,,,,,,,,,,,,,,,,,,,,,,,,,,,,,,
2023,8,31,12,0,19.5,18.1,91.75,,,,,,,,,,,,,,,,,,,,,,,,,,,,,,,,,,,,
2023,8,31,13,0,22.7,18.2,75.99,,,,,,,,,,,,,,,,,,,,,,,,,,,,,,,,,,,,
2023,8,31,14,0,26.5,17.6,58,,,,,,,,,,,,,,,,,,,,,,,,,,,,,,,,,,,,
2023,8,31,15,0,28.8,17.5,50.4,,,,,,,,,,,,,,,,,,,,,,,,,,,,,,,,,,,,
2023,8,31,16,0,30.4,17.4,45.8,,,,,,,,,,,,,,,,,,,,,,,,,,,,,,,,,,,,
2023,8,31,17,0,31.7,17.4,42.35,,,,,,,,,,,,,,,,,,,,,,,,,,,,,,,,,,,,
2023,8,31,18,0,32.5,17.3,40.28,,,,,,,,,,,,,,,,,,,,,,,,,,,,,,,,,,,,
2023,8,31,19,0,32.8,17.2,39.41,,,,,,,,,,,,,,,,,,,,,,,,,,,,,,,,,,,,
2023,8,31,20,0,32.6,17.2,39.95,,,,,,,,,,,,,,,,,,,,,,,,,,,,,,,,,,,,
2023,8,31,21,0,31.9,17.4,42.11,,,,,,,,,,,,,,,,,,,,,,,,,,,,,,,,,,,,
2023,8,31,22,0,31.3,18.2,45.77,,,,,,,,,,,,,,,,,,,,,,,,,,,,,,,,,,,,
2023,8,31,23,0,28.3,20.4,62.44,,,,,,,,,,,,,,,,,,,,,,,,,,,,,,,,,,,,
2023,9,1,0,0,24.9,20.4,76.18,,,,,,,,,,,,,,,,,,,,,,,,,,,,,,,,,,,,
2023,9,1,1,0,23.6,19.7,78.8,,,,,,,,,,,,,,,,,,,,,,,,,,,,,,,,,,,,
2023,9,1,2,0,23,19.4,80.34,,,,,,,,,,,,,,,,,,,,,,,,,,,,,,,,,,,,
2023,9,1,3,0,22.7,19.7,83.34,,,,,,,,,,,,,,,,,,,,,,,,,,,,,,,,,,,,
2023,9,1,4,0,22.5,20.3,87.62,,,,,,,,,,,,,,,,,,,,,,,,,,,,,,,,,,,,
2023,9,1,5,0,22.1,20.9,93.03,,,,,,,,,,,,,,,,,,,,,,,,,,,,,,,,,,,,
2023,9,1,6,0,21.8,21.3,96.83,,,,,,,,,,,,,,,,,,,,,,,,,,,,,,,,,,,,
2023,9,1,7,0,21.7,21.4,97.99,,,,,,,,,,,,,,,,,,,,,,,,,,,,,,,,,,,,
2023,9,1,8,0,21.6,21.3,98.31,,,,,,,,,,,,,,,,,,,,,,,,,,,,,,,,,,,,
2023,9,1,9,0,21.4,21.2,98.67,,,,,,,,,,,,,,,,,,,,,,,,,,,,,,,,,,,,
2023,9,1,10,0,21.2,20.9,98.43,,,,,,,,,,,,,,,,,,,,,,,,,,,,,,,,,,,,
2023,9,1,11,0,21.2,20.7,97.1,,,,,,,,,,,,,,,,,,,,,,,,,,,,,,,,,,,,
2023,9,1,12,0,22.3,20.7,90.7,,,,,,,,,,,,,,,,,,,,,,,,,,,,,,,,,,,,
2023,9,1,13,0,23.9,20.7,82.33,,,,,,,,,,,,,,,,,,,,,,,,,,,,,,,,,,,,
2023,9,1,14,0,25.4,20.6,74.58,,,,,,,,,,,,,,,,,,,,,,,,,,,,,,,,,,,,
2023,9,1,15,0,26.6,20,67,,,,,,,,,,,,,,,,,,,,,,,,,,,,,,,,,,,,
2023,9,1,16,0,27.3,19.2,61.43,,,,,,,,,,,,,,,,,,,,,,,,,,,,,,,,,,,,
2023,9,1,17,0,27.6,18.6,57.97,,,,,,,,,,,,,,,,,,,,,,,,,,,,,,,,,,,,
2023,9,1,18,0,27.6,18,55.95,,,,,,,,,,,,,,,,,,,,,,,,,,,,,,,,,,,,
2023,9,1,19,0,27.4,17.5,54.94,,,,,,,,,,,,,,,,,,,,,,,,,,,,,,,,,,,,
2023,9,1,20,0,26.8,17.2,55.7,,,,,,,,,,,,,,,,,,,,,,,,,,,,,,,,,,,,
2023,9,1,21,0,25.9,17.2,58.53,,,,,,,,,,,,,,,,,,,,,,,,,,,,,,,,,,,,
2023,9,1,22,0,24.9,17.5,63.34,,,,,,,,,,,,,,,,,,,,,,,,,,,,,,,,,,,,
2023,9,1,23,0,23.4,17.8,70.88,,,,,,,,,,,,,,,,,,,,,,,,,,,,,,,,,,,,
2023,9,2,0,0,22.3,17.6,74.55,,,,,,,,,,,,,,,,,,,,,,,,,,,,,,,,,,,,
2023,9,2,1,0,21.8,17.3,75.8,,,,,,,,,,,,,,,,,,,,,,,,,,,,,,,,,,,,
2023,9,2,2,0,21.1,17.2,78.37,,,,,,,,,,,,,,,,,,,,,,,,,,,,,,,,,,,,
2023,9,2,3,0,20.5,16.9,80.05,,,,,,,,,,,,,,,,,,,,,,,,,,,,,,,,,,,,
2023,9,2,4,0,20.1,16.5,79.61,,,,,,,,,,,,,,,,,,,,,,,,,,,,,,,,,,,,
2023,9,2,5,0,19.7,16.1,79.59,,,,,,,,,,,,,,,,,,,,,,,,,,,,,,,,,,,,
2023,9,2,6,0,19.4,15.7,79.3,,,,,,,,,,,,,,,,,,,,,,,,,,,,,,,,,,,,
2023,9,2,7,0,19.1,15.5,79.54,,,,,,,,,,,,,,,,,,,,,,,,,,,,,,,,,,,,
2023,9,2,8,0,18.8,15.5,81.25,,,,,,,,,,,,,,,,,,,,,,,,,,,,,,,,,,,,
2023,9,2,9,0,18.4,15.6,84,,,,,,,,,,,,,,,,,,,,,,,,,,,,,,,,,,,,
2023,9,2,10,0,18.2,15.8,85.63,,,,,,,,,,,,,,,,,,,,,,,,,,,,,,,,,,,,
2023,9,2,11,0,18.2,15.9,86.38,,,,,,,,,,,,,,,,,,,,,,,,,,,,,,,,,,,,
2023,9,2,12,0,19.6,15.9,79.07,,,,,,,,,,,,,,,,,,,,,,,,,,,,,,,,,,,,
2023,9,2,13,0,22.1,15.5,66.29,,,,,,,,,,,,,,,,,,,,,,,,,,,,,,,,,,,,
2023,9,2,14,0,24.4,13.7,51.36,,,,,,,,,,,,,,,,,,,,,,,,,,,,,,,,,,,,
2023,9,2,15,0,26,12.6,43.39,,,,,,,,,,,,,,,,,,,,,,,,,,,,,,,,,,,,
2023,9,2,16,0,27.3,12.6,40.24,,,,,,,,,,,,,,,,,,,,,,,,,,,,,,,,,,,,
2023,9,2,17,0,28.4,13,38.63,,,,,,,,,,,,,,,,,,,,,,,,,,,,,,,,,,,,
2023,9,2,18,0,29,13.3,38.05,,,,,,,,,,,,,,,,,,,,,,,,,,,,,,,,,,,,
2023,9,2,19,0,29.4,13.5,37.66,,,,,,,,,,,,,,,,,,,,,,,,,,,,,,,,,,,,
2023,9,2,20,0,29.5,13.7,37.99,,,,,,,,,,,,,,,,,,,,,,,,,,,,,,,,,,,,
2023,9,2,21,0,29.1,13.8,39.22,,,,,,,,,,,,,,,,,,,,,,,,,,,,,,,,,,,,
2023,9,2,22,0,28.1,14.8,44.16,,,,,,,,,,,,,,,,,,,,,,,,,,,,,,,,,,,,
2023,9,2,23,0,25.3,17.7,62.65,,,,,,,,,,,,,,,,,,,,,,,,,,,,,,,,,,,,
2023,9,3,0,0,22.5,17.5,73.25,,,,,,,,,,,,,,,,,,,,,,,,,,,,,,,,,,,,
2023,9,3,1,0,21.6,16.9,74.79,,,,,,,,,,,,,,,,,,,,,,,,,,,,,,,,,,,,
2023,9,3,2,0,20.8,16.6,76.73,,,,,,,,,,,,,,,,,,,,,,,,,,,,,,,,,,,,
2023,9,3,3,0,20.1,16.3,78.79,,,,,,,,,,,,,,,,,,,,,,,,,,,,,,,,,,,,
2023,9,3,4,0,19.5,16.2,81.45,,,,,,,,,,,,,,,,,,,,,,,,,,,,,,,,,,,,
2023,9,3,5,0,19,16.2,83.91,,,,,,,,,,,,,,,,,,,,,,,,,,,,,,,,,,,,
2023,9,3,6,0,18.5,16.2,86.52,,,,,,,,,,,,,,,,,,,,,,,,,,,,,,,,,,,,
2023,9,3,7,0,18.4,16.2,87.13,,,,,,,,,,,,,,,,,,,,,,,,,,,,,,,,,,,,
2023,9,3,8,0,18.4,16.2,86.87,,,,,,,,,,,,,,,,,,,,,,,,,,,,,,,,,,,,
2023,9,3,9,0,18.6,16.2,86.15,,,,,,,,,,,,,,,,,,,,,,,,,,,,,,,,,,,,
2023,9,3,10,0,18.5,16.3,86.88,,,,,,,,,,,,,,,,,,,,,,,,,,,,,,,,,,,,
2023,9,3,11,0,18.7,16.7,88.25,,,,,,,,,,,,,,,,,,,,,,,,,,,,,,,,,,,,
2023,9,3,12,0,20,17.6,86.27,,,,,,,,,,,,,,,,,,,,,,,,,,,,,,,,,,,,
2023,9,3,13,0,23.1,16.4,66.2,,,,,,,,,,,,,,,,,,,,,,,,,,,,,,,,,,,,
2023,9,3,14,0,26.6,15.3,49.93,,,,,,,,,,,,,,,,,,,,,,,,,,,,,,,,,,,,
2023,9,3,15,0,28.5,15.1,43.97,,,,,,,,,,,,,,,,,,,,,,,,,,,,,,,,,,,,
2023,9,3,16,0,30.1,14.6,39.05,,,,,,,,,,,,,,,,,,,,,,,,,,,,,,,,,,,,
2023,9,3,17,0,31.4,14.1,34.9,,,,,,,,,,,,,,,,,,,,,,,,,,,,,,,,,,,,
2023,9,3,18,0,32.3,13.4,31.72,,,,,,,,,,,,,,,,,,,,,,,,,,,,,,,,,,,,
2023,9,3,19,0,32.8,12.7,29.59,,,,,,,,,,,,,,,,,,,,,,,,,,,,,,,,,,,,
2023,9,3,20,0,32.7,12.2,28.81,,,,,,,,,,,,,,,,,,,,,,,,,,,,,,,,,,,,
2023,9,3,21,0,32.1,12.1,29.6,,,,,,,,,,,,,,,,,,,,,,,,,,,,,,,,,,,,
2023,9,3,22,0,31.5,13,32.4,,,,,,,,,,,,,,,,,,,,,,,,,,,,,,,,,,,,
2023,9,3,23,0,28.6,16.4,47.59,,,,,,,,,,,,,,,,,,,,,,,,,,,,,,,,,,,,
2023,9,4,0,0,27,14.3,45.65,,,,,,,,,,,,,,,,,,,,,,,,,,,,,,,,,,,,
2023,9,4,1,0,25.6,14.7,51.08,,,,,,,,,,,,,,,,,,,,,,,,,,,,,,,,,,,,
2023,9,4,2,0,24.2,15.5,58.32,,,,,,,,,,,,,,,,,,,,,,,,,,,,,,,,,,,,
2023,9,4,3,0,23.1,15.7,62.95,,,,,,,,,,,,,,,,,,,,,,,,,,,,,,,,,,,,
2023,9,4,4,0,22.1,15.8,67.67,,,,,,,,,,,,,,,,,,,,,,,,,,,,,,,,,,,,
2023,9,4,5,0,21.2,16,72.43,,,,,,,,,,,,,,,,,,,,,,,,,,,,,,,,,,,,
2023,9,4,6,0,20.4,16.1,76.33,,,,,,,,,,,,,,,,,,,,,,,,,,,,,,,,,,,,
2023,9,4,7,0,19.8,16.2,79.53,,,,,,,,,,,,,,,,,,,,,,,,,,,,,,,,,,,,
2023,9,4,8,0,19.3,16.1,81.97,,,,,,,,,,,,,,,,,,,,,,,,,,,,,,,,,,,,
2023,9,4,9,0,19,16.3,84.13,,,,,,,,,,,,,,,,,,,,,,,,,,,,,,,,,,,,
2023,9,4,10,0,18.7,16.5,87.07,,,,,,,,,,,,,,,,,,,,,,,,,,,,,,,,,,,,
2023,9,4,11,0,18.9,17,88.58,,,,,,,,,,,,,,,,,,,,,,,,,,,,,,,,,,,,
2023,9,4,12,0,21.2,18.4,84.32,,,,,,,,,,,,,,,,,,,,,,,,,,,,,,,,,,,,
2023,9,4,13,0,24.2,18.5,70.47,,,,,,,,,,,,,,,,,,,,,,,,,,,,,,,,,,,,
2023,9,4,14,0,28.4,16.3,47.91,,,,,,,,,,,,,,,,,,,,,,,,,,,,,,,,,,,,
2023,9,4,15,0,30.4,15.4,40.24,,,,,,,,,,,,,,,,,,,,,,,,,,,,,,,,,,,,
2023,9,4,16,0,31.9,14.9,35.78,,,,,,,,,,,,,,,,,,,,,,,,,,,,,,,,,,,,
2023,9,4,17,0,33,14.4,32.67,,,,,,,,,,,,,,,,,,,,,,,,,,,,,,,,,,,,
2023,9,4,18,0,33.8,14,30.32,,,,,,,,,,,,,,,,,,,,,,,,,,,,,,,,,,,,
2023,9,4,19,0,34,13.6,29.32,,,,,,,,,,,,,,,,,,,,,,,,,,,,,,,,,,,,
2023,9,4,20,0,33.7,13.5,29.62,,,,,,,,,,,,,,,,,,,,,,,,,,,,,,,,,,,,
2023,9,4,21,0,33,13.8,31.43,,,,,,,,,,,,,,,,,,,,,,,,,,,,,,,,,,,,
2023,9,4,22,0,31.8,14.5,35.1,,,,,,,,,,,,,,,,,,,,,,,,,,,,,,,,,,,,
2023,9,4,23,0,28.5,19.4,57.78,,,,,,,,,,,,,,,,,,,,,,,,,,,,,,,,,,,,
2023,9,5,0,0,26.2,18,60.69,,,,,,,,,,,,,,,,,,,,,,,,,,,,,,,,,,,,
2023,9,5,1,0,24.6,17.8,65.8,,,,,,,,,,,,,,,,,,,,,,,,,,,,,,,,,,,,
2023,9,5,2,0,23.1,17.7,71.46,,,,,,,,,,,,,,,,,,,,,,,,,,,,,,,,,,,,
2023,9,5,3,0,22.1,17.6,75.68,,,,,,,,,,,,,,,,,,,,,,,,,,,,,,,,,,,,
2023,9,5,4,0,21.5,17.8,79.42,,,,,,,,,,,,,,,,,,,,,,,,,,,,,,,,,,,,
2023,9,5,5,0,21,18,82.77,,,,,,,,,,,,,,,,,,,,,,,,,,,,,,,,,,,,
2023,9,5,6,0,20.7,18.1,84.84,,,,,,,,,,,,,,,,,,,,,,,,,,,,,,,,,,,,
2023,9,5,7,0,20.6,18.1,85.62,,,,,,,,,,,,,,,,,,,,,,,,,,,,,,,,,,,,
2023,9,5,8,0,20.5,18.1,86.2,,,,,,,,,,,,,,,,,,,,,,,,,,,,,,,,,,,,
2023,9,5,9,0,20.5,18.1,86.37,,,,,,,,,,,,,,,,,,,,,,,,,,,,,,,,,,,,
2023,9,5,10,0,20.5,18.2,86.43,,,,,,,,,,,,,,,,,,,,,,,,,,,,,,,,,,,,
2023,9,5,11,0,20.7,18.4,86.5,,,,,,,,,,,,,,,,,,,,,,,,,,,,,,,,,,,,
2023,9,5,12,0,22.2,19.5,84.57,,,,,,,,,,,,,,,,,,,,,,,,,,,,,,,,,,,,
2023,9,5,13,0,24.2,19.2,73.68,,,,,,,,,,,,,,,,,,,,,,,,,,,,,,,,,,,,
2023,9,5,14,0,28.1,17.9,54,,,,,,,,,,,,,,,,,,,,,,,,,,,,,,,,,,,,
2023,9,5,15,0,29.9,16.2,43.57,,,,,,,,,,,,,,,,,,,,,,,,,,,,,,,,,,,,
2023,9,5,16,0,30.6,15.1,39.15,,,,,,,,,,,,,,,,,,,,,,,,,,,,,,,,,,,,
2023,9,5,17,0,31,14.4,36.38,,,,,,,,,,,,,,,,,,,,,,,,,,,,,,,,,,,,
2023,9,5,18,0,31.2,13.8,34.64,,,,,,,,,,,,,,,,,,,,,,,,,,,,,,,,,,,,
2023,9,5,19,0,31,13.4,34.14,,,,,,,,,,,,,,,,,,,,,,,,,,,,,,,,,,,,
2023,9,5,20,0,30.9,13.7,35.18,,,,,,,,,,,,,,,,,,,,,,,,,,,,,,,,,,,,
2023,9,5,21,0,30.6,13.9,36.04,,,,,,,,,,,,,,,,,,,,,,,,,,,,,,,,,,,,
2023,9,5,22,0,29.5,14.1,39.05,,,,,,,,,,,,,,,,,,,,,,,,,,,,,,,,,,,,
2023,9,5,23,0,27.5,17.3,53.85,,,,,,,,,,,,,,,,,,,,,,,,,,,,,,,,,,,,
2023,9,6,0,0,26.7,14.6,47.43,,,,,,,,,,,,,,,,,,,,,,,,,,,,,,,,,,,,
2023,9,6,1,0,26,13.8,46.9,,,,,,,,,,,,,,,,,,,,,,,,,,,,,,,,,,,,
2023,9,6,2,0,25.3,13.4,47.62,,,,,,,,,,,,,,,,,,,,,,,,,,,,,,,,,,,,
2023,9,6,3,0,24.7,13.1,48.58,,,,,,,,,,,,,,,,,,,,,,,,,,,,,,,,,,,,
2023,9,6,4,0,24.1,12.8,49.33,,,,,,,,,,,,,,,,,,,,,,,,,,,,,,,,,,,,
2023,9,6,5,0,23.6,12.6,50.13,,,,,,,,,,,,,,,,,,,,,,,,,,,,,,,,,,,,
2023,9,6,6,0,22.8,12.7,53.08,,,,,,,,,,,,,,,,,,,,,,,,,,,,,,,,,,,,
2023,9,6,7,0,21.9,13.1,57.51,,,,,,,,,,,,,,,,,,,,,,,,,,,,,,,,,,,,
2023,9,6,8,0,20.7,13.6,63.62,,,,,,,,,,,,,,,,,,,,,,,,,,,,,,,,,,,,
2023,9,6,9,0,19.5,14.1,71.03,,,,,,,,,,,,,,,,,,,,,,,,,,,,,,,,,,,,
2023,9,6,10,0,18.3,14.5,78.71,,,,,,,,,,,,,,,,,,,,,,,,,,,,,,,,,,,,
2023,9,6,11,0,18.2,15.3,83.12,,,,,,,,,,,,,,,,,,,,,,,,,,,,,,,,,,,,
2023,9,6,12,0,21.7,15.9,69.7,,,,,,,,,,,,,,,,,,,,,,,,,,,,,,,,,,,,
2023,9,6,13,0,24.9,16.8,60.94,,,,,,,,,,,,,,,,,,,,,,,,,,,,,,,,,,,,
2023,9,6,14,0,29.4,18.2,50.81,,,,,,,,,,,,,,,,,,,,,,,,,,,,,,,,,,,,
2023,9,6,15,0,31.4,17.9,44.74,,,,,,,,,,,,,,,,,,,,,,,,,,,,,,,,,,,,
2023,9,6,16,0,32.6,17.5,40.53,,,,,,,,,,,,,,,,,,,,,,,,,,,,,,,,,,,,
2023,9,6,17,0,33.4,16.9,37.35,,,,,,,,,,,,,,,,,,,,,,,,,,,,,,,,,,,,
2023,9,6,18,0,33.9,16.1,34.66,,,,,,,,,,,,,,,,,,,,,,,,,,,,,,,,,,,,
2023,9,6,19,0,34.1,15.5,32.94,,,,,,,,,,,,,,,,,,,,,,,,,,,,,,,,,,,,
2023,9,6,20,0,33.9,15,32.13,,,,,,,,,,,,,,,,,,,,,,,,,,,,,,,,,,,,
2023,9,6,21,0,33.1,14.9,33.38,,,,,,,,,,,,,,,,,,,,,,,,,,,,,,,,,,,,
2023,9,6,22,0,32.3,15.7,36.76,,,,,,,,,,,,,,,,,,,,,,,,,,,,,,,,,,,,
2023,9,6,23,0,29.8,19.1,52.67,,,,,,,,,,,,,,,,,,,,,,,,,,,,,,,,,,,,
2023,9,7,0,0,28.4,17.1,50.47,,,,,,,,,,,,,,,,,,,,,,,,,,,,,,,,,,,,
2023,9,7,1,0,26.8,17.9,58.07,,,,,,,,,,,,,,,,,,,,,,,,,,,,,,,,,,,,
2023,9,7,2,0,25.3,18.5,65.89,,,,,,,,,,,,,,,,,,,,,,,,,,,,,,,,,,,,
2023,9,7,3,0,23.9,18.5,71.74,,,,,,,,,,,,,,,,,,,,,,,,,,,,,,,,,,,,
2023,9,7,4,0,22.9,18.1,74.42,,,,,,,,,,,,,,,,,,,,,,,,,,,,,,,,,,,,
2023,9,7,5,0,22.2,17.8,76.06,,,,,,,,,,,,,,,,,,,,,,,,,,,,,,,,,,,,
2023,9,7,6,0,21.6,17.7,78.29,,,,,,,,,,,,,,,,,,,,,,,,,,,,,,,,,,,,
2023,9,7,7,0,21.1,17.8,81.29,,,,,,,,,,,,,,,,,,,,,,,,,,,,,,,,,,,,
2023,9,7,8,0,20.8,18.2,85.12,,,,,,,,,,,,,,,,,,,,,,,,,,,,,,,,,,,,
2023,9,7,9,0,20.7,18.8,89.08,,,,,,,,,,,,,,,,,,,,,,,,,,,,,,,,,,,,
2023,9,7,10,0,20.5,19.4,93.54,,,,,,,,,,,,,,,,,,,,,,,,,,,,,,,,,,,,
2023,9,7,11,0,20.8,19.9,94.74,,,,,,,,,,,,,,,,,,,,,,,,,,,,,,,,,,,,
2023,9,7,12,0,23.4,20.5,83.58,,,,,,,,,,,,,,,,,,,,,,,,,,,,,,,,,,,,
2023,9,7,13,0,26.8,20.9,70.09,,,,,,,,,,,,,,,,,,,,,,,,,,,,,,,,,,,,
2023,9,7,14,0,29.6,20.7,58.93,,,,,,,,,,,,,,,,,,,,,,,,,,,,,,,,,,,,
2023,9,7,15,0,31.3,20.5,52.72,,,,,,,,,,,,,,,,,,,,,,,,,,,,,,,,,,,,
2023,9,7,16,0,32.5,20.1,48.09,,,,,,,,,,,,,,,,,,,,,,,,,,,,,,,,,,,,
2023,9,7,17,0,33.3,19.5,44.2,,,,,,,,,,,,,,,,,,,,,,,,,,,,,,,,,,,,
2023,9,7,18,0,33.8,18.7,41.03,,,,,,,,,,,,,,,,,,,,,,,,,,,,,,,,,,,,
2023,9,7,19,0,33.8,18,39.26,,,,,,,,,,,,,,,,,,,,,,,,,,,,,,,,,,,,
2023,9,7,20,0,33.4,17.5,38.75,,,,,,,,,,,,,,,,,,,,,,,,,,,,,,,,,,,,
2023,9,7,21,0,32.6,16.8,38.93,,,,,,,,,,,,,,,,,,,,,,,,,,,,,,,,,,,,
2023,9,7,22,0,30.9,16.7,42.47,,,,,,,,,,,,,,,,,,,,,,,,,,,,,,,,,,,,
2023,9,7,23,0,27.1,18.6,59.72,,,,,,,,,,,,,,,,,,,,,,,,,,,,,,,,,,,,
2023,9,8,0,0,23.9,17.9,69.33,,,,,,,,,,,,,,,,,,,,,,,,,,,,,,,,,,,,
2023,9,8,1,0,22.7,17.1,70.74,,,,,,,,,,,,,,,,,,,,,,,,,,,,,,,,,,,,
2023,9,8,2,0,21.7,16.5,72.18,,,,,,,,,,,,,,,,,,,,,,,,,,,,,,,,,,,,
2023,9,8,3,0,20.6,16.2,75.72,,,,,,,,,,,,,,,,,,,,,,,,,,,,,,,,,,,,
2023,9,8,4,0,19.7,16,79.37,,,,,,,,,,,,,,,,,,,,,,,,,,,,,,,,,,,,
2023,9,8,5,0,18.9,15.9,82.79,,,,,,,,,,,,,,,,,,,,,,,,,,,,,,,,,,,,
2023,9,8,6,0,18.4,15.8,84.86,,,,,,,,,,,,,,,,,,,,,,,,,,,,,,,,,,,,
2023,9,8,7,0,17.9,15.8,87.31,,,,,,,,,,,,,,,,,,,,,,,,,,,,,,,,,,,,
2023,9,8,8,0,17.4,15.8,90.12,,,,,,,,,,,,,,,,,,,,,,,,,,,,,,,,,,,,
2023,9,8,9,0,17.1,15.9,92.56,,,,,,,,,,,,,,,,,,,,,,,,,,,,,,,,,,,,
2023,9,8,10,0,16.7,16.1,96.28,,,,,,,,,,,,,,,,,,,,,,,,,,,,,,,,,,,,
2023,9,8,11,0,16.8,16.5,97.89,,,,,,,,,,,,,,,,,,,,,,,,,,,,,,,,,,,,
2023,9,8,12,0,19.4,17,86.12,,,,,,,,,,,,,,,,,,,,,,,,,,,,,,,,,,,,
2023,9,8,13,0,22.9,16.9,69.04,,,,,,,,,,,,,,,,,,,,,,,,,,,,,,,,,,,,
2023,9,8,14,0,26.7,14.1,45.88,,,,,,,,,,,,,,,,,,,,,,,,,,,,,,,,,,,,
2023,9,8,15,0,28.4,12.4,37.1,,,,,,,,,,,,,,,,,,,,,,,,,,,,,,,,,,,,
2023,9,8,16,0,29.8,11.5,32.26,,,,,,,,,,,,,,,,,,,,,,,,,,,,,,,,,,,,
2023,9,8,17,0,30.9,10.9,29.17,,,,,,,,,,,,,,,,,,,,,,,,,,,,,,,,,,,,
2023,9,8,18,0,31.6,10.4,27.13,,,,,,,,,,,,,,,,,,,,,,,,,,,,,,,,,,,,
2023,9,8,19,0,31.9,10.1,26.16,,,,,,,,,,,,,,,,,,,,,,,,,,,,,,,,,,,,
2023,9,8,20,0,31.7,10,26.23,,,,,,,,,,,,,,,,,,,,,,,,,,,,,,,,,,,,
2023,9,8,21,0,31.1,10.1,27.42,,,,,,,,,,,,,,,,,,,,,,,,,,,,,,,,,,,,
2023,9,8,22,0,30,11,30.9,,,,,,,,,,,,,,,,,,,,,,,,,,,,,,,,,,,,
2023,9,8,23,0,26.6,15.3,49.95,,,,,,,,,,,,,,,,,,,,,,,,,,,,,,,,,,,,
2023,9,9,0,0,23.9,14.4,55.38,,,,,,,,,,,,,,,,,,,,,,,,,,,,,,,,,,,,
2023,9,9,1,0,22.3,14,59.32,,,,,,,,,,,,,,,,,,,,,,,,,,,,,,,,,,,,
2023,9,9,2,0,21.2,13.6,62,,,,,,,,,,,,,,,,,,,,,,,,,,,,,,,,,,,,
2023,9,9,3,0,20.3,13.6,65.27,,,,,,,,,,,,,,,,,,,,,,,,,,,,,,,,,,,,
2023,9,9,4,0,19.5,13.7,69.13,,,,,,,,,,,,,,,,,,,,,,,,,,,,,,,,,,,,
2023,9,9,5,0,18.8,14,73.59,,,,,,,,,,,,,,,,,,,,,,,,,,,,,,,,,,,,
2023,9,9,6,0,18.4,14.3,77.23,,,,,,,,,,,,,,,,,,,,,,,,,,,,,,,,,,,,
2023,9,9,7,0,18.2,14.9,81.31,,,,,,,,,,,,,,,,,,,,,,,,,,,,,,,,,,,,
2023,9,9,8,0,18.2,15.7,85.08,,,,,,,,,,,,,,,,,,,,,,,,,,,,,,,,,,,,
2023,9,9,9,0,18.4,16.5,88.64,,,,,,,,,,,,,,,,,,,,,,,,,,,,,,,,,,,,
2023,9,9,10,0,18.2,17.4,95,,,,,,,,,,,,,,,,,,,,,,,,,,,,,,,,,,,,
2023,9,9,11,0,18.5,18.2,97.93,,,,,,,,,,,,,,,,,,,,,,,,,,,,,,,,,,,,
2023,9,9,12,0,20.8,19,89.67,,,,,,,,,,,,,,,,,,,,,,,,,,,,,,,,,,,,
2023,9,9,13,0,23.8,20.3,80.55,,,,,,,,,,,,,,,,,,,,,,,,,,,,,,,,,,,,
2023,9,9,14,0,26.7,20.1,67.15,,,,,,,,,,,,,,,,,,,,,,,,,,,,,,,,,,,,
2023,9,9,15,0,28.7,19.3,56.85,,,,,,,,,,,,,,,,,,,,,,,,,,,,,,,,,,,,
2023,9,9,16,0,30,18.5,50.13,,,,,,,,,,,,,,,,,,,,,,,,,,,,,,,,,,,,
2023,9,9,17,0,30.8,17.7,45.59,,,,,,,,,,,,,,,,,,,,,,,,,,,,,,,,,,,,
2023,9,9,18,0,31.2,17.2,43.24,,,,,,,,,,,,,,,,,,,,,,,,,,,,,,,,,,,,
2023,9,9,19,0,31.2,17.1,42.93,,,,,,,,,,,,,,,,,,,,,,,,,,,,,,,,,,,,
2023,9,9,20,0,30.8,17.2,44.16,,,,,,,,,,,,,,,,,,,,,,,,,,,,,,,,,,,,
2023,9,9,21,0,29.9,17.5,47.3,,,,,,,,,,,,,,,,,,,,,,,,,,,,,,,,,,,,
2023,9,9,22,0,28.9,18.4,52.96,,,,,,,,,,,,,,,,,,,,,,,,,,,,,,,,,,,,
2023,9,9,23,0,26.4,21.1,72.77,,,,,,,,,,,,,,,,,,,,,,,,,,,,,,,,,,,,
2023,9,10,0,0,24.3,21.1,82.47,,,,,,,,,,,,,,,,,,,,,,,,,,,,,,,,,,,,
2023,9,10,1,0,23.2,20.9,86.74,,,,,,,,,,,,,,,,,,,,,,,,,,,,,,,,,,,,
2023,9,10,2,0,22.4,20.8,90.93,,,,,,,,,,,,,,,,,,,,,,,,,,,,,,,,,,,,
2023,9,10,3,0,21.7,20.9,95.22,,,,,,,,,,,,,,,,,,,,,,,,,,,,,,,,,,,,
2023,9,10,4,0,21.2,20.9,98.07,,,,,,,,,,,,,,,,,,,,,,,,,,,,,,,,,,,,
2023,9,10,5,0,20.8,20.8,100,,,,,,,,,,,,,,,,,,,,,,,,,,,,,,,,,,,,
2023,9,10,6,0,20.4,20.4,100,,,,,,,,,,,,,,,,,,,,,,,,,,,,,,,,,,,,
2023,9,10,7,0,20.1,20.1,100,,,,,,,,,,,,,,,,,,,,,,,,,,,,,,,,,,,,
2023,9,10,8,0,19.8,19.8,100,,,,,,,,,,,,,,,,,,,,,,,,,,,,,,,,,,,,
2023,9,10,9,0,19.5,19.5,100,,,,,,,,,,,,,,,,,,,,,,,,,,,,,,,,,,,,
2023,9,10,10,0,19.3,19.3,100,,,,,,,,,,,,,,,,,,,,,,,,,,,,,,,,,,,,
2023,9,10,11,0,19.4,19.4,100,,,,,,,,,,,,,,,,,,,,,,,,,,,,,,,,,,,,
2023,9,10,12,0,21.1,20.9,98.69,,,,,,,,,,,,,,,,,,,,,,,,,,,,,,,,,,,,
2023,9,10,13,0,23.3,21.2,88.19,,,,,,,,,,,,,,,,,,,,,,,,,,,,,,,,,,,,
2023,9,10,14,0,26.4,19.6,66.31,,,,,,,,,,,,,,,,,,,,,,,,,,,,,,,,,,,,
2023,9,10,15,0,29,18.2,52.23,,,,,,,,,,,,,,,,,,,,,,,,,,,,,,,,,,,,
2023,9,10,16,0,30.6,17.5,45.53,,,,,,,,,,,,,,,,,,,,,,,,,,,,,,,,,,,,
2023,9,10,17,0,31.7,17,41.46,,,,,,,,,,,,,,,,,,,,,,,,,,,,,,,,,,,,
2023,9,10,18,0,32.4,16.6,38.83,,,,,,,,,,,,,,,,,,,,,,,,,,,,,,,,,,,,
2023,9,10,19,0,32.7,16.2,37.23,,,,,,,,,,,,,,,,,,,,,,,,,,,,,,,,,,,,
2023,9,10,20,0,32.4,16,37.24,,,,,,,,,,,,,,,,,,,,,,,,,,,,,,,,,,,,
2023,9,10,21,0,31.6,16.2,39.5,,,,,,,,,,,,,,,,,,,,,,,,,,,,,,,,,,,,
2023,9,10,22,0,30.5,17.8,46.63,,,,,,,,,,,,,,,,,,,,,,,,,,,,,,,,,,,,
2023,9,10,23,0,27.8,20.3,63.92,,,,,,,,,,,,,,,,,,,,,,,,,,,,,,,,,,,,
2023,9,11,0,0,25.6,20.1,71.74,,,,,,,,,,,,,,,,,,,,,,,,,,,,,,,,,,,,
2023,9,11,1,0,24.1,19.8,76.81,,,,,,,,,,,,,,,,,,,,,,,,,,,,,,,,,,,,
2023,9,11,2,0,23,19.2,79.4,,,,,,,,,,,,,,,,,,,,,,,,,,,,,,,,,,,,
2023,9,11,3,0,22.1,19,82.65,,,,,,,,,,,,,,,,,,,,,,,,,,,,,,,,,,,,
2023,9,11,4,0,21.5,19,85.88,,,,,,,,,,,,,,,,,,,,,,,,,,,,,,,,,,,,
2023,9,11,5,0,20.9,19.2,89.95,,,,,,,,,,,,,,,,,,,,,,,,,,,,,,,,,,,,
2023,9,11,6,0,20.4,19.3,93.6,,,,,,,,,,,,,,,,,,,,,,,,,,,,,,,,,,,,
2023,9,11,7,0,20.1,19.4,95.89,,,,,,,,,,,,,,,,,,,,,,,,,,,,,,,,,,,,
2023,9,11,8,0,19.8,19.6,98.65,,,,,,,,,,,,,,,,,,,,,,,,,,,,,,,,,,,,
2023,9,11,9,0,19.5,19.5,100,,,,,,,,,,,,,,,,,,,,,,,,,,,,,,,,,,,,
2023,9,11,10,0,19.1,19.1,100,,,,,,,,,,,,,,,,,,,,,,,,,,,,,,,,,,,,
2023,9,11,11,0,19.2,19.2,100,,,,,,,,,,,,,,,,,,,,,,,,,,,,,,,,,,,,
2023,9,11,12,0,21.7,20.4,92.34,,,,,,,,,,,,,,,,,,,,,,,,,,,,,,,,,,,,
2023,9,11,13,0,24.8,20.2,75.65,,,,,,,,,,,,,,,,,,,,,,,,,,,,,,,,,,,,
2023,9,11,14,0,28.6,18.1,53.08,,,,,,,,,,,,,,,,,,,,,,,,,,,,,,,,,,,,
2023,9,11,15,0,31,16.8,42.58,,,,,,,,,,,,,,,,,,,,,,,,,,,,,,,,,,,,
2023,9,11,16,0,32.7,16,36.68,,,,,,,,,,,,,,,,,,,,,,,,,,,,,,,,,,,,
2023,9,11,17,0,33.9,15.4,33,,,,,,,,,,,,,,,,,,,,,,,,,,,,,,,,,,,,
2023,9,11,18,0,34.3,15,31.4,,,,,,,,,,,,,,,,,,,,,,,,,,,,,,,,,,,,
2023,9,11,19,0,34.2,14.7,31.01,,,,,,,,,,,,,,,,,,,,,,,,,,,,,,,,,,,,
2023,9,11,20,0,34,14.6,31.18,,,,,,,,,,,,,,,,,,,,,,,,,,,,,,,,,,,,
2023,9,11,21,0,32.9,15,33.98,,,,,,,,,,,,,,,,,,,,,,,,,,,,,,,,,,,,
2023,9,11,22,0,31.9,16.5,39.68,,,,,,,,,,,,,,,,,,,,,,,,,,,,,,,,,,,,
2023,9,11,23,0,29.7,19,52.61,,,,,,,,,,,,,,,,,,,,,,,,,,,,,,,,,,,,
2023,9,12,0,0,28,18,54.7,,,,,,,,,,,,,,,,,,,,,,,,,,,,,,,,,,,,
2023,9,12,1,0,26.1,18.9,64.61,,,,,,,,,,,,,,,,,,,,,,,,,,,,,,,,,,,,
2023,9,12,2,0,24.6,19.3,72.36,,,,,,,,,,,,,,,,,,,,,,,,,,,,,,,,,,,,
2023,9,12,3,0,23.6,19.4,77.14,,,,,,,,,,,,,,,,,,,,,,,,,,,,,,,,,,,,
2023,9,12,4,0,23,19.4,79.98,,,,,,,,,,,,,,,,,,,,,,,,,,,,,,,,,,,,
2023,9,12,5,0,22.7,19.6,82.65,,,,,,,,,,,,,,,,,,,,,,,,,,,,,,,,,,,,
2023,9,12,6,0,22.3,20,86.79,,,,,,,,,,,,,,,,,,,,,,,,,,,,,,,,,,,,
2023,9,12,7,0,21.8,20.3,91.29,,,,,,,,,,,,,,,,,,,,,,,,,,,,,,,,,,,,
2023,9,12,8,0,21.3,20.5,95.29,,,,,,,,,,,,,,,,,,,,,,,,,,,,,,,,,,,,
2023,9,12,9,0,20.8,20.7,99.13,,,,,,,,,,,,,,,,,,,,,,,,,,,,,,,,,,,,
2023,9,12,10,0,20.3,20.3,100,,,,,,,,,,,,,,,,,,,,,,,,,,,,,,,,,,,,
2023,9,12,11,0,20.3,20.3,100,,,,,,,,,,,,,,,,,,,,,,,,,,,,,,,,,,,,
2023,9,12,12,0,22.3,21.9,97.5,,,,,,,,,,,,,,,,,,,,,,,,,,,,,,,,,,,,
2023,9,12,13,0,24.2,22.6,90.65,,,,,,,,,,,,,,,,,,,,,,,,,,,,,,,,,,,,
2023,9,12,14,0,27.5,20.6,66,,,,,,,,,,,,,,,,,,,,,,,,,,,,,,,,,,,,
2023,9,12,15,0,30,18,48.7,,,,,,,,,,,,,,,,,,,,,,,,,,,,,,,,,,,,
2023,9,12,16,0,31.4,17.2,42.79,,,,,,,,,,,,,,,,,,,,,,,,,,,,,,,,,,,,
2023,9,12,17,0,32.6,16.8,38.92,,,,,,,,,,,,,,,,,,,,,,,,,,,,,,,,,,,,
2023,9,12,18,0,33.4,16.6,36.74,,,,,,,,,,,,,,,,,,,,,,,,,,,,,,,,,,,,
2023,9,12,19,0,33.6,16.4,35.75,,,,,,,,,,,,,,,,,,,,,,,,,,,,,,,,,,,,
2023,9,12,20,0,33.3,16.1,35.67,,,,,,,,,,,,,,,,,,,,,,,,,,,,,,,,,,,,
2023,9,12,21,0,32.4,16.3,38.08,,,,,,,,,,,,,,,,,,,,,,,,,,,,,,,,,,,,
2023,9,12,22,0,31.1,18.2,46.24,,,,,,,,,,,,,,,,,,,,,,,,,,,,,,,,,,,,
2023,9,12,23,0,28.4,21,64.29,,,,,,,,,,,,,,,,,,,,,,,,,,,,,,,,,,,,
2023,9,13,0,0,26.2,21.5,75.42,,,,,,,,,,,,,,,,,,,,,,,,,,,,,,,,,,,,
2023,9,13,1,0,24.7,21.5,82.6,,,,,,,,,,,,,,,,,,,,,,,,,,,,,,,,,,,,
2023,9,13,2,0,23.6,21.2,86.51,,,,,,,,,,,,,,,,,,,,,,,,,,,,,,,,,,,,
2023,9,13,3,0,22.9,21.2,90.15,,,,,,,,,,,,,,,,,,,,,,,,,,,,,,,,,,,,
2023,9,13,4,0,22.6,21.4,93.04,,,,,,,,,,,,,,,,,,,,,,,,,,,,,,,,,,,,
2023,9,13,5,0,22.2,21.4,94.99,,,,,,,,,,,,,,,,,,,,,,,,,,,,,,,,,,,,
2023,9,13,6,0,21.8,20.7,93.67,,,,,,,,,,,,,,,,,,,,,,,,,,,,,,,,,,,,
2023,9,13,7,0,21,20.5,96.68,,,,,,,,,,,,,,,,,,,,,,,,,,,,,,,,,,,,
2023,9,13,8,0,20.4,20.3,99.53,,,,,,,,,,,,,,,,,,,,,,,,,,,,,,,,,,,,
2023,9,13,9,0,20.1,20.1,100,,,,,,,,,,,,,,,,,,,,,,,,,,,,,,,,,,,,
2023,9,13,10,0,19.9,19.9,100,,,,,,,,,,,,,,,,,,,,,,,,,,,,,,,,,,,,
2023,9,13,11,0,20,20,100,,,,,,,,,,,,,,,,,,,,,,,,,,,,,,,,,,,,
2023,9,13,12,0,21.5,21.3,98.94,,,,,,,,,,,,,,,,,,,,,,,,,,,,,,,,,,,,
2023,9,13,13,0,26.4,21.1,72.63,,,,,,,,,,,,,,,,,,,,,,,,,,,,,,,,,,,,
2023,9,13,14,0,27.8,18.6,57.5,,,,,,,,,,,,,,,,,,,,,,,,,,,,,,,,,,,,
2023,9,13,15,0,29.5,17.7,49.24,,,,,,,,,,,,,,,,,,,,,,,,,,,,,,,,,,,,
2023,9,13,16,0,30.3,17.4,46,,,,,,,,,,,,,,,,,,,,,,,,,,,,,,,,,,,,
2023,9,13,17,0,30.5,17.3,45.11,,,,,,,,,,,,,,,,,,,,,,,,,,,,,,,,,,,,
2023,9,13,18,0,30.6,17.3,44.82,,,,,,,,,,,,,,,,,,,,,,,,,,,,,,,,,,,,
2023,9,13,19,0,30.3,17.3,45.67,,,,,,,,,,,,,,,,,,,,,,,,,,,,,,,,,,,,
2023,9,13,20,0,29.7,17.4,47.52,,,,,,,,,,,,,,,,,,,,,,,,,,,,,,,,,,,,
2023,9,13,21,0,29.4,17.6,48.95,,,,,,,,,,,,,,,,,,,,,,,,,,,,,,,,,,,,
2023,9,13,22,0,28.6,18.2,53.22,,,,,,,,,,,,,,,,,,,,,,,,,,,,,,,,,,,,
2023,9,13,23,0,25.8,20.5,72.48,,,,,,,,,,,,,,,,,,,,,,,,,,,,,,,,,,,,
2023,9,14,0,0,23.8,20.1,79.97,,,,,,,,,,,,,,,,,,,,,,,,,,,,,,,,,,,,
2023,9,14,1,0,22.9,19.5,81.35,,,,,,,,,,,,,,,,,,,,,,,,,,,,,,,,,,,,
2023,9,14,2,0,22.3,19.1,82.06,,,,,,,,,,,,,,,,,,,,,,,,,,,,,,,,,,,,
2023,9,14,3,0,21.6,18.9,84.67,,,,,,,,,,,,,,,,,,,,,,,,,,,,,,,,,,,,
2023,9,14,4,0,21,18.7,86.96,,,,,,,,,,,,,,,,,,,,,,,,,,,,,,,,,,,,
2023,9,14,5,0,20.4,18.6,89.56,,,,,,,,,,,,,,,,,,,,,,,,,,,,,,,,,,,,
2023,9,14,6,0,19.9,18.5,91.83,,,,,,,,,,,,,,,,,,,,,,,,,,,,,,,,,,,,
2023,9,14,7,0,19.5,18.5,93.77,,,,,,,,,,,,,,,,,,,,,,,,,,,,,,,,,,,,
2023,9,14,8,0,19.3,18.5,94.99,,,,,,,,,,,,,,,,,,,,,,,,,,,,,,,,,,,,
2023,9,14,9,0,19,18.5,96.97,,,,,,,,,,,,,,,,,,,,,,,,,,,,,,,,,,,,
2023,9,14,10,0,18.8,18.5,98.34,,,,,,,,,,,,,,,,,,,,,,,,,,,,,,,,,,,,
2023,9,14,11,0,18.9,18.6,97.94,,,,,,,,,,,,,,,,,,,,,,,,,,,,,,,,,,,,
2023,9,14,12,0,20.4,18.8,90.48,,,,,,,,,,,,,,,,,,,,,,,,,,,,,,,,,,,,
2023,9,14,13,0,22.3,19.3,83.03,,,,,,,,,,,,,,,,,,,,,,,,,,,,,,,,,,,,
2023,9,14,14,0,24.2,19.7,75.98,,,,,,,,,,,,,,,,,,,,,,,,,,,,,,,,,,,,
2023,9,14,15,0,25.4,19.6,70.47,,,,,,,,,,,,,,,,,,,,,,,,,,,,,,,,,,,,
2023,9,14,16,0,26.5,19.4,65.25,,,,,,,,,,,,,,,,,,,,,,,,,,,,,,,,,,,,
2023,9,14,17,0,27.7,19.1,59.65,,,,,,,,,,,,,,,,,,,,,,,,,,,,,,,,,,,,
2023,9,14,18,0,28.2,18.8,56.9,,,,,,,,,,,,,,,,,,,,,,,,,,,,,,,,,,,,
2023,9,14,19,0,28.5,18.8,55.63,,,,,,,,,,,,,,,,,,,,,,,,,,,,,,,,,,,,
2023,9,14,20,0,28.5,18.7,55.33,,,,,,,,,,,,,,,,,,,,,,,,,,,,,,,,,,,,
2023,9,14,21,0,28,18.6,56.84,,,,,,,,,,,,,,,,,,,,,,,,,,,,,,,,,,,,
2023,9,14,22,0,27,19.2,62.56,,,,,,,,,,,,,,,,,,,,,,,,,,,,,,,,,,,,
2023,9,14,23,0,24.7,20.9,79.31,,,,,,,,,,,,,,,,,,,,,,,,,,,,,,,,,,,,
2023,9,15,0,0,23.1,20.9,87.7,,,,,,,,,,,,,,,,,,,,,,,,,,,,,,,,,,,,
2023,9,15,1,0,22.4,20.9,91.22,,,,,,,,,,,,,,,,,,,,,,,,,,,,,,,,,,,,
2023,9,15,2,0,21.7,20.8,94.91,,,,,,,,,,,,,,,,,,,,,,,,,,,,,,,,,,,,
2023,9,15,3,0,21.2,20.8,97.43,,,,,,,,,,,,,,,,,,,,,,,,,,,,,,,,,,,,
2023,9,15,4,0,21,20.8,99.03,,,,,,,,,,,,,,,,,,,,,,,,,,,,,,,,,,,,
2023,9,15,5,0,20.9,20.9,100,,,,,,,,,,,,,,,,,,,,,,,,,,,,,,,,,,,,
2023,9,15,6,0,20.7,20.7,100,,,,,,,,,,,,,,,,,,,,,,,,,,,,,,,,,,,,
2023,9,15,7,0,20.6,20.6,100,,,,,,,,,,,,,,,,,,,,,,,,,,,,,,,,,,,,
2023,9,15,8,0,20.4,20.4,100,,,,,,,,,,,,,,,,,,,,,,,,,,,,,,,,,,,,
2023,9,15,9,0,20.2,20.2,100,,,,,,,,,,,,,,,,,,,,,,,,,,,,,,,,,,,,
2023,9,15,10,0,20.1,20.1,100,,,,,,,,,,,,,,,,,,,,,,,,,,,,,,,,,,,,
2023,9,15,11,0,20,20,100,,,,,,,,,,,,,,,,,,,,,,,,,,,,,,,,,,,,
2023,9,15,12,0,20.6,20.6,100,,,,,,,,,,,,,,,,,,,,,,,,,,,,,,,,,,,,
2023,9,15,13,0,21.7,21.2,96.85,,,,,,,,,,,,,,,,,,,,,,,,,,,,,,,,,,,,
2023,9,15,14,0,23,20.9,88.08,,,,,,,,,,,,,,,,,,,,,,,,,,,,,,,,,,,,
2023,9,15,15,0,25,20,73.97,,,,,,,,,,,,,,,,,,,,,,,,,,,,,,,,,,,,
2023,9,15,16,0,26.3,19.6,66.62,,,,,,,,,,,,,,,,,,,,,,,,,,,,,,,,,,,,
2023,9,15,17,0,27.3,19.3,61.64,,,,,,,,,,,,,,,,,,,,,,,,,,,,,,,,,,,,
2023,9,15,18,0,27.9,19.1,58.76,,,,,,,,,,,,,,,,,,,,,,,,,,,,,,,,,,,,
2023,9,15,19,0,28,19,57.94,,,,,,,,,,,,,,,,,,,,,,,,,,,,,,,,,,,,
2023,9,15,20,0,27.7,18.9,58.68,,,,,,,,,,,,,,,,,,,,,,,,,,,,,,,,,,,,
2023,9,15,21,0,27.2,18.6,59.27,,,,,,,,,,,,,,,,,,,,,,,,,,,,,,,,,,,,
2023,9,15,22,0,26.1,18.4,62.67,,,,,,,,,,,,,,,,,,,,,,,,,,,,,,,,,,,,
2023,9,15,23,0,23.7,19.5,77.31,,,,,,,,,,,,,,,,,,,,,,,,,,,,,,,,,,,,
2023,9,16,0,0,21.7,19.5,87.29,,,,,,,,,,,,,,,,,,,,,,,,,,,,,,,,,,,,
2023,9,16,1,0,21,19.1,89.01,,,,,,,,,,,,,,,,,,,,,,,,,,,,,,,,,,,,
2023,9,16,2,0,20.3,18.9,91.88,,,,,,,,,,,,,,,,,,,,,,,,,,,,,,,,,,,,
2023,9,16,3,0,19.6,18.8,95.17,,,,,,,,,,,,,,,,,,,,,,,,,,,,,,,,,,,,
2023,9,16,4,0,19.2,18.7,96.69,,,,,,,,,,,,,,,,,,,,,,,,,,,,,,,,,,,,
2023,9,16,5,0,18.8,18.5,98.11,,,,,,,,,,,,,,,,,,,,,,,,,,,,,,,,,,,,
2023,9,16,6,0,18.5,18.3,98.63,,,,,,,,,,,,,,,,,,,,,,,,,,,,,,,,,,,,
2023,9,16,7,0,18.2,18.1,99.35,,,,,,,,,,,,,,,,,,,,,,,,,,,,,,,,,,,,
2023,9,16,8,0,18,17.9,99.65,,,,,,,,,,,,,,,,,,,,,,,,,,,,,,,,,,,,
2023,9,16,9,0,17.8,17.8,100,,,,,,,,,,,,,,,,,,,,,,,,,,,,,,,,,,,,
2023,9,16,10,0,17.9,17.7,98.99,,,,,,,,,,,,,,,,,,,,,,,,,,,,,,,,,,,,
2023,9,16,11,0,18.1,17.7,97.43,,,,,,,,,,,,,,,,,,,,,,,,,,,,,,,,,,,,
2023,9,16,12,0,19,18,93.66,,,,,,,,,,,,,,,,,,,,,,,,,,,,,,,,,,,,
2023,9,16,13,0,20.4,18.1,86.58,,,,,,,,,,,,,,,,,,,,,,,,,,,,,,,,,,,,
2023,9,16,14,0,21.5,17.7,79.07,,,,,,,,,,,,,,,,,,,,,,,,,,,,,,,,,,,,
2023,9,16,15,0,22,17.3,74.65,,,,,,,,,,,,,,,,,,,,,,,,,,,,,,,,,,,,
2023,9,16,16,0,22,17.4,75.34,,,,,,,,,,,,,,,,,,,,,,,,,,,,,,,,,,,,
2023,9,16,17,0,22,17.9,77.4,,,,,,,,,,,,,,,,,,,,,,,,,,,,,,,,,,,,
2023,9,16,18,0,22.3,18.3,78.31,,,,,,,,,,,,,,,,,,,,,,,,,,,,,,,,,,,,
2023,9,16,19,0,22.8,18.8,78.18,,,,,,,,,,,,,,,,,,,,,,,,,,,,,,,,,,,,
2023,9,16,20,0,23.3,19.2,77.81,,,,,,,,,,,,,,,,,,,,,,,,,,,,,,,,,,,,
2023,9,16,21,0,23.4,19.5,78.64,,,,,,,,,,,,,,,,,,,,,,,,,,,,,,,,,,,,
2023,9,16,22,0,22.7,19.8,83.61,,,,,,,,,,,,,,,,,,,,,,,,,,,,,,,,,,,,
2023,9,16,23,0,21.1,20,93.31,,,,,,,,,,,,,,,,,,,,,,,,,,,,,,,,,,,,
2023,9,17,0,0,19.9,19.6,98.06,,,,,,,,,,,,,,,,,,,,,,,,,,,,,,,,,,,,
2023,9,17,1,0,19.4,19.3,99.49,,,,,,,,,,,,,,,,,,,,,,,,,,,,,,,,,,,,
2023,9,17,2,0,18.9,18.9,100,,,,,,,,,,,,,,,,,,,,,,,,,,,,,,,,,,,,
2023,9,17,3,0,18.6,18.6,100,,,,,,,,,,,,,,,,,,,,,,,,,,,,,,,,,,,,
2023,9,17,4,0,18.3,18.3,100,,,,,,,,,,,,,,,,,,,,,,,,,,,,,,,,,,,,
2023,9,17,5,0,18.2,18.2,100,,,,,,,,,,,,,,,,,,,,,,,,,,,,,,,,,,,,
2023,9,17,6,0,18.1,18.1,100,,,,,,,,,,,,,,,,,,,,,,,,,,,,,,,,,,,,
2023,9,17,7,0,18.1,18.1,100,,,,,,,,,,,,,,,,,,,,,,,,,,,,,,,,,,,,
2023,9,17,8,0,18.1,18.1,100,,,,,,,,,,,,,,,,,,,,,,,,,,,,,,,,,,,,
2023,9,17,9,0,18.1,18.1,100,,,,,,,,,,,,,,,,,,,,,,,,,,,,,,,,,,,,
2023,9,17,10,0,18,18,100,,,,,,,,,,,,,,,,,,,,,,,,,,,,,,,,,,,,
2023,9,17,11,0,18.3,18.3,100,,,,,,,,,,,,,,,,,,,,,,,,,,,,,,,,,,,,
2023,9,17,12,0,19.2,19.2,100,,,,,,,,,,,,,,,,,,,,,,,,,,,,,,,,,,,,
2023,9,17,13,0,20.6,20.3,98.32,,,,,,,,,,,,,,,,,,,,,,,,,,,,,,,,,,,,
2023,9,17,14,0,22.2,20.8,91.61,,,,,,,,,,,,,,,,,,,,,,,,,,,,,,,,,,,,
2023,9,17,15,0,24.3,20,77.16,,,,,,,,,,,,,,,,,,,,,,,,,,,,,,,,,,,,
2023,9,17,16,0,26.2,18.7,63.27,,,,,,,,,,,,,,,,,,,,,,,,,,,,,,,,,,,,
2023,9,17,17,0,27.3,17.8,56.26,,,,,,,,,,,,,,,,,,,,,,,,,,,,,,,,,,,,
2023,9,17,18,0,27.9,16.9,51.33,,,,,,,,,,,,,,,,,,,,,,,,,,,,,,,,,,,,
2023,9,17,19,0,28.2,16,47.38,,,,,,,,,,,,,,,,,,,,,,,,,,,,,,,,,,,,
2023,9,17,20,0,27.9,15,45.41,,,,,,,,,,,,,,,,,,,,,,,,,,,,,,,,,,,,
2023,9,17,21,0,27.2,14.1,44.52,,,,,,,,,,,,,,,,,,,,,,,,,,,,,,,,,,,,
2023,9,17,22,0,25.6,14,48.81,,,,,,,,,,,,,,,,,,,,,,,,,,,,,,,,,,,,
2023,9,17,23,0,21.7,15.6,68.08,,,,,,,,,,,,,,,,,,,,,,,,,,,,,,,,,,,,
2023,9,18,0,0,19.1,14.5,74.77,,,,,,,,,,,,,,,,,,,,,,,,,,,,,,,,,,,,
2023,9,18,1,0,18.1,13.7,75.73,,,,,,,,,,,,,,,,,,,,,,,,,,,,,,,,,,,,
2023,9,18,2,0,17.3,13.1,76.53,,,,,,,,,,,,,,,,,,,,,,,,,,,,,,,,,,,,
2023,9,18,3,0,16.6,12.7,77.97,,,,,,,,,,,,,,,,,,,,,,,,,,,,,,,,,,,,
2023,9,18,4,0,16.1,12.6,79.7,,,,,,,,,,,,,,,,,,,,,,,,,,,,,,,,,,,,
2023,9,18,5,0,15.5,12.6,82.92,,,,,,,,,,,,,,,,,,,,,,,,,,,,,,,,,,,,
2023,9,18,6,0,15,12.6,85.83,,,,,,,,,,,,,,,,,,,,,,,,,,,,,,,,,,,,
2023,9,18,7,0,14.6,12.7,88.34,,,,,,,,,,,,,,,,,,,,,,,,,,,,,,,,,,,,
2023,9,18,8,0,14.2,12.7,90.8,,,,,,,,,,,,,,,,,,,,,,,,,,,,,,,,,,,,
2023,9,18,9,0,13.9,12.7,92.72,,,,,,,,,,,,,,,,,,,,,,,,,,,,,,,,,,,,
2023,9,18,10,0,13.5,12.8,95.24,,,,,,,,,,,,,,,,,,,,,,,,,,,,,,,,,,,,
2023,9,18,11,0,13.3,12.8,96.99,,,,,,,,,,,,,,,,,,,,,,,,,,,,,,,,,,,,
2023,9,18,12,0,15.9,13.5,85.59,,,,,,,,,,,,,,,,,,,,,,,,,,,,,,,,,,,,
2023,9,18,13,0,18.6,14.3,75.93,,,,,,,,,,,,,,,,,,,,,,,,,,,,,,,,,,,,
2023,9,18,14,0,22.4,12.6,53.8,,,,,,,,,,,,,,,,,,,,,,,,,,,,,,,,,,,,
2023,9,18,15,0,24.5,11.1,43.05,,,,,,,,,,,,,,,,,,,,,,,,,,,,,,,,,,,,
2023,9,18,16,0,25.8,10.7,38.65,,,,,,,,,,,,,,,,,,,,,,,,,,,,,,,,,,,,
2023,9,18,17,0,26.7,10.5,36.25,,,,,,,,,,,,,,,,,,,,,,,,,,,,,,,,,,,,
2023,9,18,18,0,27.4,10.5,34.73,,,,,,,,,,,,,,,,,,,,,,,,,,,,,,,,,,,,
2023,9,18,19,0,27.6,10.5,34.47,,,,,,,,,,,,,,,,,,,,,,,,,,,,,,,,,,,,
2023,9,18,20,0,27.4,10.7,35.2,,,,,,,,,,,,,,,,,,,,,,,,,,,,,,,,,,,,
2023,9,18,21,0,26.7,10.7,36.79,,,,,,,,,,,,,,,,,,,,,,,,,,,,,,,,,,,,
2023,9,18,22,0,25.1,12.2,44.69,,,,,,,,,,,,,,,,,,,,,,,,,,,,,,,,,,,,
2023,9,18,23,0,21.2,14.8,66.68,,,,,,,,,,,,,,,,,,,,,,,,,,,,,,,,,,,,
2023,9,19,0,0,19.4,13.6,69.1,,,,,,,,,,,,,,,,,,,,,,,,,,,,,,,,,,,,
2023,9,19,1,0,18.9,12.9,68.38,,,,,,,,,,,,,,,,,,,,,,,,,,,,,,,,,,,,
2023,9,19,2,0,18.5,12.3,67.37,,,,,,,,,,,,,,,,,,,,,,,,,,,,,,,,,,,,
2023,9,19,3,0,18,11.9,67.63,,,,,,,,,,,,,,,,,,,,,,,,,,,,,,,,,,,,
2023,9,19,4,0,17.2,11.7,70.04,,,,,,,,,,,,,,,,,,,,,,,,,,,,,,,,,,,,
2023,9,19,5,0,16.4,11.5,72.86,,,,,,,,,,,,,,,,,,,,,,,,,,,,,,,,,,,,
2023,9,19,6,0,15.7,11.4,75.47,,,,,,,,,,,,,,,,,,,,,,,,,,,,,,,,,,,,
2023,9,19,7,0,15,11.3,78.32,,,,,,,,,,,,,,,,,,,,,,,,,,,,,,,,,,,,
2023,9,19,8,0,14.4,11.1,80.83,,,,,,,,,,,,,,,,,,,,,,,,,,,,,,,,,,,,
2023,9,19,9,0,14,11.1,82.75,,,,,,,,,,,,,,,,,,,,,,,,,,,,,,,,,,,,
2023,9,19,10,0,13.6,11.2,85.25,,,,,,,,,,,,,,,,,,,,,,,,,,,,,,,,,,,,
2023,9,19,11,0,13.2,11.4,88.82,,,,,,,,,,,,,,,,,,,,,,,,,,,,,,,,,,,,
2023,9,19,12,0,16,12.9,81.61,,,,,,,,,,,,,,,,,,,,,,,,,,,,,,,,,,,,
2023,9,19,13,0,19.2,13.1,67.57,,,,,,,,,,,,,,,,,,,,,,,,,,,,,,,,,,,,
2023,9,19,14,0,23.9,11.6,45.95,,,,,,,,,,,,,,,,,,,,,,,,,,,,,,,,,,,,
2023,9,19,15,0,25.8,10.7,38.87,,,,,,,,,,,,,,,,,,,,,,,,,,,,,,,,,,,,
2023,9,19,16,0,27.1,10.4,35.17,,,,,,,,,,,,,,,,,,,,,,,,,,,,,,,,,,,,
2023,9,19,17,0,28.2,10.1,32.39,,,,,,,,,,,,,,,,,,,,,,,,,,,,,,,,,,,,
2023,9,19,18,0,28.9,10,30.78,,,,,,,,,,,,,,,,,,,,,,,,,,,,,,,,,,,,
2023,9,19,19,0,29.2,9.8,29.89,,,,,,,,,,,,,,,,,,,,,,,,,,,,,,,,,,,,
2023,9,19,20,0,29.1,9.7,29.92,,,,,,,,,,,,,,,,,,,,,,,,,,,,,,,,,,,,
2023,9,19,21,0,28.4,10,31.72,,,,,,,,,,,,,,,,,,,,,,,,,,,,,,,,,,,,
2023,9,19,22,0,27.3,11.4,37.08,,,,,,,,,,,,,,,,,,,,,,,,,,,,,,,,,,,,
2023,9,19,23,0,24.1,12.9,49.44,,,,,,,,,,,,,,,,,,,,,,,,,,,,,,,,,,,,
2023,9,20,0,0,21.7,12.8,56.77,,,,,,,,,,,,,,,,,,,,,,,,,,,,,,,,,,,,
2023,9,20,1,0,19.9,12.9,64.21,,,,,,,,,,,,,,,,,,,,,,,,,,,,,,,,,,,,
2023,9,20,2,0,18.5,12.8,69.59,,,,,,,,,,,,,,,,,,,,,,,,,,,,,,,,,,,,
2023,9,20,3,0,17.5,12.8,74.16,,,,,,,,,,,,,,,,,,,,,,,,,,,,,,,,,,,,
2023,9,20,4,0,16.7,13.1,79.3,,,,,,,,,,,,,,,,,,,,,,,,,,,,,,,,,,,,
2023,9,20,5,0,16.1,13.4,84.2,,,,,,,,,,,,,,,,,,,,,,,,,,,,,,,,,,,,
2023,9,20,6,0,15.7,13.8,88.2,,,,,,,,,,,,,,,,,,,,,,,,,,,,,,,,,,,,
2023,9,20,7,0,15.4,14,91.59,,,,,,,,,,,,,,,,,,,,,,,,,,,,,,,,,,,,
2023,9,20,8,0,15.3,14.2,92.94,,,,,,,,,,,,,,,,,,,,,,,,,,,,,,,,,,,,
2023,9,20,9,0,15,14.2,94.89,,,,,,,,,,,,,,,,,,,,,,,,,,,,,,,,,,,,
2023,9,20,10,0,14.9,14.3,95.97,,,,,,,,,,,,,,,,,,,,,,,,,,,,,,,,,,,,
2023,9,20,11,0,15.1,14.4,95.66,,,,,,,,,,,,,,,,,,,,,,,,,,,,,,,,,,,,
2023,9,20,12,0,17,15.1,88.67,,,,,,,,,,,,,,,,,,,,,,,,,,,,,,,,,,,,
2023,9,20,13,0,18.9,15.1,78.61,,,,,,,,,,,,,,,,,,,,,,,,,,,,,,,,,,,,
2023,9,20,14,0,21.3,15.5,69.6,,,,,,,,,,,,,,,,,,,,,,,,,,,,,,,,,,,,
2023,9,20,15,0,24.6,13,48.33,,,,,,,,,,,,,,,,,,,,,,,,,,,,,,,,,,,,
2023,9,20,16,0,26,11.8,41.24,,,,,,,,,,,,,,,,,,,,,,,,,,,,,,,,,,,,
2023,9,20,17,0,27,11.4,37.73,,,,,,,,,,,,,,,,,,,,,,,,,,,,,,,,,,,,
2023,9,20,18,0,27.2,10.9,36.26,,,,,,,,,,,,,,,,,,,,,,,,,,,,,,,,,,,,
2023,9,20,19,0,26.6,10.7,36.99,,,,,,,,,,,,,,,,,,,,,,,,,,,,,,,,,,,,
2023,9,20,20,0,26.2,11,38.69,,,,,,,,,,,,,,,,,,,,,,,,,,,,,,,,,,,,
2023,9,20,21,0,26.1,11,38.85,,,,,,,,,,,,,,,,,,,,,,,,,,,,,,,,,,,,
2023,9,20,22,0,24.5,12.8,48.09,,,,,,,,,,,,,,,,,,,,,,,,,,,,,,,,,,,,
2023,9,20,23,0,20.9,14.8,68.22,,,,,,,,,,,,,,,,,,,,,,,,,,,,,,,,,,,,
2023,9,21,0,0,19.3,13.8,70.32,,,,,,,,,,,,,,,,,,,,,,,,,,,,,,,,,,,,
2023,9,21,1,0,18.5,13.6,72.93,,,,,,,,,,,,,,,,,,,,,,,,,,,,,,,,,,,,
2023,9,21,2,0,17.4,13.5,78.08,,,,,,,,,,,,,,,,,,,,,,,,,,,,,,,,,,,,
2023,9,21,3,0,16.6,13.6,82.65,,,,,,,,,,,,,,,,,,,,,,,,,,,,,,,,,,,,
2023,9,21,4,0,16.2,13.8,85.91,,,,,,,,,,,,,,,,,,,,,,,,,,,,,,,,,,,,
2023,9,21,5,0,15.8,14.1,89.37,,,,,,,,,,,,,,,,,,,,,,,,,,,,,,,,,,,,
2023,9,21,6,0,15.5,14.2,92.02,,,,,,,,,,,,,,,,,,,,,,,,,,,,,,,,,,,,
2023,9,21,7,0,15.4,14.4,93.49,,,,,,,,,,,,,,,,,,,,,,,,,,,,,,,,,,,,
2023,9,21,8,0,15.4,14.6,94.79,,,,,,,,,,,,,,,,,,,,,,,,,,,,,,,,,,,,
2023,9,21,9,0,15.6,14.9,95.54,,,,,,,,,,,,,,,,,,,,,,,,,,,,,,,,,,,,
2023,9,21,10,0,15.9,15.2,95.82,,,,,,,,,,,,,,,,,,,,,,,,,,,,,,,,,,,,
2023,9,21,11,0,16.2,15.5,95.66,,,,,,,,,,,,,,,,,,,,,,,,,,,,,,,,,,,,
2023,9,21,12,0,17.5,15.9,90.15,,,,,,,,,,,,,,,,,,,,,,,,,,,,,,,,,,,,
2023,9,21,13,0,19.3,16.2,82.49,,,,,,,,,,,,,,,,,,,,,,,,,,,,,,,,,,,,
2023,9,21,14,0,22.7,15.9,65.36,,,,,,,,,,,,,,,,,,,,,,,,,,,,,,,,,,,,
2023,9,21,15,0,25.4,14.9,52.12,,,,,,,,,,,,,,,,,,,,,,,,,,,,,,,,,,,,
2023,9,21,16,0,27,14.4,45.91,,,,,,,,,,,,,,,,,,,,,,,,,,,,,,,,,,,,
2023,9,21,17,0,27.9,14.1,42.67,,,,,,,,,,,,,,,,,,,,,,,,,,,,,,,,,,,,
2023,9,21,18,0,28.3,13.9,41.22,,,,,,,,,,,,,,,,,,,,,,,,,,,,,,,,,,,,
2023,9,21,19,0,28.5,13.8,40.64,,,,,,,,,,,,,,,,,,,,,,,,,,,,,,,,,,,,
2023,9,21,20,0,28.3,13.9,41.37,,,,,,,,,,,,,,,,,,,,,,,,,,,,,,,,,,,,
2023,9,21,21,0,27.6,14.1,43.58,,,,,,,,,,,,,,,,,,,,,,,,,,,,,,,,,,,,
2023,9,21,22,0,26,15.3,51.72,,,,,,,,,,,,,,,,,,,,,,,,,,,,,,,,,,,,
2023,9,21,23,0,22.7,17.3,71.78,,,,,,,,,,,,,,,,,,,,,,,,,,,,,,,,,,,,
2023,9,22,0,0,20.9,16.8,77.29,,,,,,,,,,,,,,,,,,,,,,,,,,,,,,,,,,,,
2023,9,22,1,0,20.4,16.6,79.05,,,,,,,,,,,,,,,,,,,,,,,,,,,,,,,,,,,,
2023,9,22,2,0,19.8,16.8,82.8,,,,,,,,,,,,,,,,,,,,,,,,,,,,,,,,,,,,
2023,9,22,3,0,19.1,16.9,87.17,,,,,,,,,,,,,,,,,,,,,,,,,,,,,,,,,,,,
2023,9,22,4,0,18.3,16.9,91.79,,,,,,,,,,,,,,,,,,,,,,,,,,,,,,,,,,,,
2023,9,22,5,0,17.6,16.9,95.38,,,,,,,,,,,,,,,,,,,,,,,,,,,,,,,,,,,,
2023,9,22,6,0,17.2,16.7,96.97,,,,,,,,,,,,,,,,,,,,,,,,,,,,,,,,,,,,
2023,9,22,7,0,16.9,16.5,97.65,,,,,,,,,,,,,,,,,,,,,,,,,,,,,,,,,,,,
2023,9,22,8,0,16.5,16.3,98.65,,,,,,,,,,,,,,,,,,,,,,,,,,,,,,,,,,,,
2023,9,22,9,0,16,16,100,,,,,,,,,,,,,,,,,,,,,,,,,,,,,,,,,,,,
2023,9,22,10,0,15.4,15.4,100,,,,,,,,,,,,,,,,,,,,,,,,,,,,,,,,,,,,
2023,9,22,11,0,15.1,15.1,100,,,,,,,,,,,,,,,,,,,,,,,,,,,,,,,,,,,,
2023,9,22,12,0,17.4,15.7,90.04,,,,,,,,,,,,,,,,,,,,,,,,,,,,,,,,,,,,
2023,9,22,13,0,20.4,15.7,74.38,,,,,,,,,,,,,,,,,,,,,,,,,,,,,,,,,,,,
2023,9,22,14,0,23.9,13.7,52.95,,,,,,,,,,,,,,,,,,,,,,,,,,,,,,,,,,,,
2023,9,22,15,0,25.7,12.7,44.54,,,,,,,,,,,,,,,,,,,,,,,,,,,,,,,,,,,,
2023,9,22,16,0,27,12.3,40.12,,,,,,,,,,,,,,,,,,,,,,,,,,,,,,,,,,,,
2023,9,22,17,0,28,12.1,37.42,,,,,,,,,,,,,,,,,,,,,,,,,,,,,,,,,,,,
2023,9,22,18,0,28.6,12,35.95,,,,,,,,,,,,,,,,,,,,,,,,,,,,,,,,,,,,
2023,9,22,19,0,28.9,12,35.22,,,,,,,,,,,,,,,,,,,,,,,,,,,,,,,,,,,,
2023,9,22,20,0,28.7,12,35.56,,,,,,,,,,,,,,,,,,,,,,,,,,,,,,,,,,,,
2023,9,22,21,0,28.1,11.9,36.76,,,,,,,,,,,,,,,,,,,,,,,,,,,,,,,,,,,,
2023,9,22,22,0,26.8,13,42.57,,,,,,,,,,,,,,,,,,,,,,,,,,,,,,,,,,,,
2023,9,22,23,0,23.8,14.9,57.51,,,,,,,,,,,,,,,,,,,,,,,,,,,,,,,,,,,,
2023,9,23,0,0,22.7,14.1,58.36,,,,,,,,,,,,,,,,,,,,,,,,,,,,,,,,,,,,
2023,9,23,1,0,22.3,13.7,58.37,,,,,,,,,,,,,,,,,,,,,,,,,,,,,,,,,,,,
2023,9,23,2,0,22,13.2,57.52,,,,,,,,,,,,,,,,,,,,,,,,,,,,,,,,,,,,
2023,9,23,3,0,21.6,13.1,58.43,,,,,,,,,,,,,,,,,,,,,,,,,,,,,,,,,,,,
2023,9,23,4,0,20.8,12.9,60.65,,,,,,,,,,,,,,,,,,,,,,,,,,,,,,,,,,,,
2023,9,23,5,0,19.9,12.8,63.67,,,,,,,,,,,,,,,,,,,,,,,,,,,,,,,,,,,,
2023,9,23,6,0,18.8,12.7,67.68,,,,,,,,,,,,,,,,,,,,,,,,,,,,,,,,,,,,
2023,9,23,7,0,17.5,12.8,73.99,,,,,,,,,,,,,,,,,,,,,,,,,,,,,,,,,,,,
2023,9,23,8,0,16.8,12.6,76.21,,,,,,,,,,,,,,,,,,,,,,,,,,,,,,,,,,,,
2023,9,23,9,0,16.9,12.2,73.6,,,,,,,,,,,,,,,,,,,,,,,,,,,,,,,,,,,,
2023,9,23,10,0,16.7,11.9,73.5,,,,,,,,,,,,,,,,,,,,,,,,,,,,,,,,,,,,
2023,9,23,11,0,15.5,12.2,80.91,,,,,,,,,,,,,,,,,,,,,,,,,,,,,,,,,,,,
2023,9,23,12,0,17.2,13.4,78.25,,,,,,,,,,,,,,,,,,,,,,,,,,,,,,,,,,,,
2023,9,23,13,0,20.2,13.5,65.27,,,,,,,,,,,,,,,,,,,,,,,,,,,,,,,,,,,,
2023,9,23,14,0,24.2,13.6,51.44,,,,,,,,,,,,,,,,,,,,,,,,,,,,,,,,,,,,
2023,9,23,15,0,26.8,13.1,42.71,,,,,,,,,,,,,,,,,,,,,,,,,,,,,,,,,,,,
2023,9,23,16,0,28.2,12.5,37.97,,,,,,,,,,,,,,,,,,,,,,,,,,,,,,,,,,,,
2023,9,23,17,0,29.2,12,34.71,,,,,,,,,,,,,,,,,,,,,,,,,,,,,,,,,,,,
2023,9,23,18,0,29.8,11.7,32.7,,,,,,,,,,,,,,,,,,,,,,,,,,,,,,,,,,,,
2023,9,23,19,0,30.1,11.4,31.6,,,,,,,,,,,,,,,,,,,,,,,,,,,,,,,,,,,,
2023,9,23,20,0,29.8,11.2,31.73,,,,,,,,,,,,,,,,,,,,,,,,,,,,,,,,,,,,
2023,9,23,21,0,29,11.1,32.99,,,,,,,,,,,,,,,,,,,,,,,,,,,,,,,,,,,,
2023,9,23,22,0,27.1,12.6,40.63,,,,,,,,,,,,,,,,,,,,,,,,,,,,,,,,,,,,
2023,9,23,23,0,22.1,14.8,63.09,,,,,,,,,,,,,,,,,,,,,,,,,,,,,,,,,,,,
2023,9,24,0,0,19.7,14,69.68,,,,,,,,,,,,,,,,,,,,,,,,,,,,,,,,,,,,
2023,9,24,1,0,18.6,13.4,71.62,,,,,,,,,,,,,,,,,,,,,,,,,,,,,,,,,,,,
2023,9,24,2,0,17.5,12.7,73.58,,,,,,,,,,,,,,,,,,,,,,,,,,,,,,,,,,,,
2023,9,24,3,0,16.5,12.1,75.31,,,,,,,,,,,,,,,,,,,,,,,,,,,,,,,,,,,,
2023,9,24,4,0,15.7,11.6,76.42,,,,,,,,,,,,,,,,,,,,,,,,,,,,,,,,,,,,
2023,9,24,5,0,15,11.1,77.53,,,,,,,,,,,,,,,,,,,,,,,,,,,,,,,,,,,,
2023,9,24,6,0,14.4,10.8,78.79,,,,,,,,,,,,,,,,,,,,,,,,,,,,,,,,,,,,
2023,9,24,7,0,13.8,10.5,80.58,,,,,,,,,,,,,,,,,,,,,,,,,,,,,,,,,,,,
2023,9,24,8,0,13.3,10.4,82.43,,,,,,,,,,,,,,,,,,,,,,,,,,,,,,,,,,,,
2023,9,24,9,0,12.9,10.3,84.13,,,,,,,,,,,,,,,,,,,,,,,,,,,,,,,,,,,,
2023,9,24,10,0,12.6,10.2,85.5,,,,,,,,,,,,,,,,,,,,,,,,,,,,,,,,,,,,
2023,9,24,11,0,12.2,10.3,88.22,,,,,,,,,,,,,,,,,,,,,,,,,,,,,,,,,,,,
2023,9,24,12,0,14.9,10.7,76.11,,,,,,,,,,,,,,,,,,,,,,,,,,,,,,,,,,,,
2023,9,24,13,0,18.1,11.3,64.47,,,,,,,,,,,,,,,,,,,,,,,,,,,,,,,,,,,,
2023,9,24,14,0,23.2,10.7,45.34,,,,,,,,,,,,,,,,,,,,,,,,,,,,,,,,,,,,
2023,9,24,15,0,26.5,8.9,32.89,,,,,,,,,,,,,,,,,,,,,,,,,,,,,,,,,,,,
2023,9,24,16,0,28.2,8,28.06,,,,,,,,,,,,,,,,,,,,,,,,,,,,,,,,,,,,
2023,9,24,17,0,29.4,7.5,25.31,,,,,,,,,,,,,,,,,,,,,,,,,,,,,,,,,,,,
2023,9,24,18,0,30.3,7.1,23.36,,,,,,,,,,,,,,,,,,,,,,,,,,,,,,,,,,,,
2023,9,24,19,0,30.7,6.8,22.31,,,,,,,,,,,,,,,,,,,,,,,,,,,,,,,,,,,,
2023,9,24,20,0,30.5,6.5,22.15,,,,,,,,,,,,,,,,,,,,,,,,,,,,,,,,,,,,
2023,9,24,21,0,29.6,7,24.2,,,,,,,,,,,,,,,,,,,,,,,,,,,,,,,,,,,,
2023,9,24,22,0,27.4,10.3,34.25,,,,,,,,,,,,,,,,,,,,,,,,,,,,,,,,,,,,
2023,9,24,23,0,22.7,13.3,55.25,,,,,,,,,,,,,,,,,,,,,,,,,,,,,,,,,,,,
2023,9,25,0,0,21.3,11.6,54.01,,,,,,,,,,,,,,,,,,,,,,,,,,,,,,,,,,,,
2023,9,25,1,0,21.1,11,52.61,,,,,,,,,,,,,,,,,,,,,,,,,,,,,,,,,,,,
2023,9,25,2,0,20.8,10.4,51.45,,,,,,,,,,,,,,,,,,,,,,,,,,,,,,,,,,,,
2023,9,25,3,0,20.4,10,51.38,,,,,,,,,,,,,,,,,,,,,,,,,,,,,,,,,,,,
2023,9,25,4,0,20.3,9.6,50.21,,,,,,,,,,,,,,,,,,,,,,,,,,,,,,,,,,,,
2023,9,25,5,0,20.3,9.3,49.23,,,,,,,,,,,,,,,,,,,,,,,,,,,,,,,,,,,,
2023,9,25,6,0,20.1,9,48.74,,,,,,,,,,,,,,,,,,,,,,,,,,,,,,,,,,,,
2023,9,25,7,0,19.6,9,50.28,,,,,,,,,,,,,,,,,,,,,,,,,,,,,,,,,,,,
2023,9,25,8,0,19,8.9,51.86,,,,,,,,,,,,,,,,,,,,,,,,,,,,,,,,,,,,
2023,9,25,9,0,18.1,8.9,54.76,,,,,,,,,,,,,,,,,,,,,,,,,,,,,,,,,,,,
2023,9,25,10,0,17.7,9,56.72,,,,,,,,,,,,,,,,,,,,,,,,,,,,,,,,,,,,
2023,9,25,11,0,17.5,9.3,58.42,,,,,,,,,,,,,,,,,,,,,,,,,,,,,,,,,,,,
2023,9,25,12,0,18.4,12.3,67.67,,,,,,,,,,,,,,,,,,,,,,,,,,,,,,,,,,,,
2023,9,25,13,0,21.2,12.6,57.83,,,,,,,,,,,,,,,,,,,,,,,,,,,,,,,,,,,,
2023,9,25,14,0,25,11.5,42.92,,,,,,,,,,,,,,,,,,,,,,,,,,,,,,,,,,,,
2023,9,25,15,0,28.3,9,29.91,,,,,,,,,,,,,,,,,,,,,,,,,,,,,,,,,,,,
2023,9,25,16,0,30.3,8.9,26.5,,,,,,,,,,,,,,,,,,,,,,,,,,,,,,,,,,,,
2023,9,25,17,0,31.4,9.5,25.91,,,,,,,,,,,,,,,,,,,,,,,,,,,,,,,,,,,,
2023,9,25,18,0,32.1,9.9,25.49,,,,,,,,,,,,,,,,,,,,,,,,,,,,,,,,,,,,
2023,9,25,19,0,32.4,10.1,25.48,,,,,,,,,,,,,,,,,,,,,,,,,,,,,,,,,,,,
2023,9,25,20,0,32.1,10.4,26.44,,,,,,,,,,,,,,,,,,,,,,,,,,,,,,,,,,,,
2023,9,25,21,0,31.1,11.1,29.28,,,,,,,,,,,,,,,,,,,,,,,,,,,,,,,,,,,,
2023,9,25,22,0,29.4,13.2,37.04,,,,,,,,,,,,,,,,,,,,,,,,,,,,,,,,,,,,
2023,9,25,23,0,25.5,16.4,56.99,,,,,,,,,,,,,,,,,,,,,,,,,,,,,,,,,,,,
2023,9,26,0,0,23.4,15.4,60.61,,,,,,,,,,,,,,,,,,,,,,,,,,,,,,,,,,,,
2023,9,26,1,0,22.3,15.5,65.22,,,,,,,,,,,,,,,,,,,,,,,,,,,,,,,,,,,,
2023,9,26,2,0,21.5,15.6,69.28,,,,,,,,,,,,,,,,,,,,,,,,,,,,,,,,,,,,
2023,9,26,3,0,20.8,15.7,72.46,,,,,,,,,,,,,,,,,,,,,,,,,,,,,,,,,,,,
2023,9,26,4,0,20,15.6,75.98,,,,,,,,,,,,,,,,,,,,,,,,,,,,,,,,,,,,
2023,9,26,5,0,19.5,15.8,79.08,,,,,,,,,,,,,,,,,,,,,,,,,,,,,,,,,,,,
2023,9,26,6,0,19.1,15.9,81.76,,,,,,,,,,,,,,,,,,,,,,,,,,,,,,,,,,,,
2023,9,26,7,0,18.7,15.9,83.81,,,,,,,,,,,,,,,,,,,,,,,,,,,,,,,,,,,,
2023,9,26,8,0,18.4,15.9,85.46,,,,,,,,,,,,,,,,,,,,,,,,,,,,,,,,,,,,
2023,9,26,9,0,18.2,16.1,87.38,,,,,,,,,,,,,,,,,,,,,,,,,,,,,,,,,,,,
2023,9,26,10,0,18.1,16.4,89.84,,,,,,,,,,,,,,,,,,,,,,,,,,,,,,,,,,,,
2023,9,26,11,0,17.8,16.8,93.79,,,,,,,,,,,,,,,,,,,,,,,,,,,,,,,,,,,,
2023,9,26,12,0,18.6,17.3,91.95,,,,,,,,,,,,,,,,,,,,,,,,,,,,,,,,,,,,
2023,9,26,13,0,20,18,88.17,,,,,,,,,,,,,,,,,,,,,,,,,,,,,,,,,,,,
2023,9,26,14,0,22.6,18.4,77.41,,,,,,,,,,,,,,,,,,,,,,,,,,,,,,,,,,,,
2023,9,26,15,0,25.8,17.3,59.54,,,,,,,,,,,,,,,,,,,,,,,,,,,,,,,,,,,,
2023,9,26,16,0,27.7,16,48.96,,,,,,,,,,,,,,,,,,,,,,,,,,,,,,,,,,,,
2023,9,26,17,0,28.7,15.3,44.2,,,,,,,,,,,,,,,,,,,,,,,,,,,,,,,,,,,,
2023,9,26,18,0,29.3,15.1,41.96,,,,,,,,,,,,,,,,,,,,,,,,,,,,,,,,,,,,
2023,9,26,19,0,29.4,15.1,41.82,,,,,,,,,,,,,,,,,,,,,,,,,,,,,,,,,,,,
2023,9,26,20,0,29,15.3,43.37,,,,,,,,,,,,,,,,,,,,,,,,,,,,,,,,,,,,
2023,9,26,21,0,28.1,15.9,47.45,,,,,,,,,,,,,,,,,,,,,,,,,,,,,,,,,,,,
2023,9,26,22,0,26.3,17.9,59.77,,,,,,,,,,,,,,,,,,,,,,,,,,,,,,,,,,,,
2023,9,26,23,0,23.7,18.9,74.35,,,,,,,,,,,,,,,,,,,,,,,,,,,,,,,,,,,,
2023,9,27,0,0,22.8,18.5,76.82,,,,,,,,,,,,,,,,,,,,,,,,,,,,,,,,,,,,
2023,9,27,1,0,22.2,18.8,80.95,,,,,,,,,,,,,,,,,,,,,,,,,,,,,,,,,,,,
2023,9,27,2,0,21.5,19.1,86.06,,,,,,,,,,,,,,,,,,,,,,,,,,,,,,,,,,,,
2023,9,27,3,0,21,19.3,90.17,,,,,,,,,,,,,,,,,,,,,,,,,,,,,,,,,,,,
2023,9,27,4,0,20.5,19.5,94.09,,,,,,,,,,,,,,,,,,,,,,,,,,,,,,,,,,,,
2023,9,27,5,0,20,19.6,97.52,,,,,,,,,,,,,,,,,,,,,,,,,,,,,,,,,,,,
2023,9,27,6,0,19.7,19.6,99.16,,,,,,,,,,,,,,,,,,,,,,,,,,,,,,,,,,,,
2023,9,27,7,0,19.3,19.3,100,,,,,,,,,,,,,,,,,,,,,,,,,,,,,,,,,,,,
2023,9,27,8,0,18.9,18.9,100,,,,,,,,,,,,,,,,,,,,,,,,,,,,,,,,,,,,
2023,9,27,9,0,18.5,18.5,100,,,,,,,,,,,,,,,,,,,,,,,,,,,,,,,,,,,,
2023,9,27,10,0,18.1,18.1,100,,,,,,,,,,,,,,,,,,,,,,,,,,,,,,,,,,,,
2023,9,27,11,0,17.8,17.8,100,,,,,,,,,,,,,,,,,,,,,,,,,,,,,,,,,,,,
2023,9,27,12,0,18.8,18.1,95.55,,,,,,,,,,,,,,,,,,,,,,,,,,,,,,,,,,,,
2023,9,27,13,0,20.9,18,83.46,,,,,,,,,,,,,,,,,,,,,,,,,,,,,,,,,,,,
2023,9,27,14,0,23.2,17.6,70.97,,,,,,,,,,,,,,,,,,,,,,,,,,,,,,,,,,,,
2023,9,27,15,0,25.1,17.4,62.52,,,,,,,,,,,,,,,,,,,,,,,,,,,,,,,,,,,,
2023,9,27,16,0,26.5,17.3,57.06,,,,,,,,,,,,,,,,,,,,,,,,,,,,,,,,,,,,
2023,9,27,17,0,27.5,17.1,53.02,,,,,,,,,,,,,,,,,,,,,,,,,,,,,,,,,,,,
2023,9,27,18,0,28,16.8,50.76,,,,,,,,,,,,,,,,,,,,,,,,,,,,,,,,,,,,
2023,9,27,19,0,28,16.7,50.32,,,,,,,,,,,,,,,,,,,,,,,,,,,,,,,,,,,,
2023,9,27,20,0,27.2,16.7,52.57,,,,,,,,,,,,,,,,,,,,,,,,,,,,,,,,,,,,
2023,9,27,21,0,26.1,16.7,56.05,,,,,,,,,,,,,,,,,,,,,,,,,,,,,,,,,,,,
2023,9,27,22,0,24.6,16.9,62.23,,,,,,,,,,,,,,,,,,,,,,,,,,,,,,,,,,,,
2023,9,27,23,0,22.3,17.6,74.79,,,,,,,,,,,,,,,,,,,,,,,,,,,,,,,,,,,,
2023,9,28,0,0,21.1,17.5,79.74,,,,,,,,,,,,,,,,,,,,,,,,,,,,,,,,,,,,
2023,9,28,1,0,20.3,17.4,83.33,,,,,,,,,,,,,,,,,,,,,,,,,,,,,,,,,,,,
2023,9,28,2,0,19.4,17.3,87.66,,,,,,,,,,,,,,,,,,,,,,,,,,,,,,,,,,,,
2023,9,28,3,0,18.7,17.2,90.87,,,,,,,,,,,,,,,,,,,,,,,,,,,,,,,,,,,,
2023,9,28,4,0,18.1,17,93.42,,,,,,,,,,,,,,,,,,,,,,,,,,,,,,,,,,,,
2023,9,28,5,0,17.5,16.8,95.6,,,,,,,,,,,,,,,,,,,,,,,,,,,,,,,,,,,,
2023,9,28,6,0,16.9,16.6,97.89,,,,,,,,,,,,,,,,,,,,,,,,,,,,,,,,,,,,
2023,9,28,7,0,16.4,16.3,99.48,,,,,,,,,,,,,,,,,,,,,,,,,,,,,,,,,,,,
2023,9,28,8,0,16.1,16,99.67,,,,,,,,,,,,,,,,,,,,,,,,,,,,,,,,,,,,
2023,9,28,9,0,15.8,15.7,99.64,,,,,,,,,,,,,,,,,,,,,,,,,,,,,,,,,,,,
2023,9,28,10,0,15.4,15.4,99.81,,,,,,,,,,,,,,,,,,,,,,,,,,,,,,,,,,,,
2023,9,28,11,0,15,15,99.81,,,,,,,,,,,,,,,,,,,,,,,,,,,,,,,,,,,,
2023,9,28,12,0,16.1,14.6,90.83,,,,,,,,,,,,,,,,,,,,,,,,,,,,,,,,,,,,
2023,9,28,13,0,17.7,14.2,79.95,,,,,,,,,,,,,,,,,,,,,,,,,,,,,,,,,,,,
2023,9,28,14,0,20.1,13.9,67.5,,,,,,,,,,,,,,,,,,,,,,,,,,,,,,,,,,,,
2023,9,28,15,0,22.3,13.8,58.5,,,,,,,,,,,,,,,,,,,,,,,,,,,,,,,,,,,,
2023,9,28,16,0,24.3,13.9,52.14,,,,,,,,,,,,,,,,,,,,,,,,,,,,,,,,,,,,
2023,9,28,17,0,26,13.9,47.21,,,,,,,,,,,,,,,,,,,,,,,,,,,,,,,,,,,,
2023,9,28,18,0,27.2,13.8,43.76,,,,,,,,,,,,,,,,,,,,,,,,,,,,,,,,,,,,
2023,9,28,19,0,28,13.6,41.23,,,,,,,,,,,,,,,,,,,,,,,,,,,,,,,,,,,,
2023,9,28,20,0,28,13.4,40.74,,,,,,,,,,,,,,,,,,,,,,,,,,,,,,,,,,,,
2023,9,28,21,0,27.4,13.2,41.63,,,,,,,,,,,,,,,,,,,,,,,,,,,,,,,,,,,,
2023,9,28,22,0,25.8,14.2,48.64,,,,,,,,,,,,,,,,,,,,,,,,,,,,,,,,,,,,
2023,9,28,23,0,21.8,16.3,71.06,,,,,,,,,,,,,,,,,,,,,,,,,,,,,,,,,,,,
2023,9,29,0,0,19.9,15.3,74.94,,,,,,,,,,,,,,,,,,,,,,,,,,,,,,,,,,,,
2023,9,29,1,0,18.9,14.7,76.7,,,,,,,,,,,,,,,,,,,,,,,,,,,,,,,,,,,,
2023,9,29,2,0,18,14.3,78.8,,,,,,,,,,,,,,,,,,,,,,,,,,,,,,,,,,,,
2023,9,29,3,0,17.1,13.8,81.01,,,,,,,,,,,,,,,,,,,,,,,,,,,,,,,,,,,,
2023,9,29,4,0,16.4,13.4,82.45,,,,,,,,,,,,,,,,,,,,,,,,,,,,,,,,,,,,
2023,9,29,5,0,15.7,13.1,84.37,,,,,,,,,,,,,,,,,,,,,,,,,,,,,,,,,,,,
2023,9,29,6,0,15.2,12.8,85.66,,,,,,,,,,,,,,,,,,,,,,,,,,,,,,,,,,,,
2023,9,29,7,0,14.7,12.6,87.18,,,,,,,,,,,,,,,,,,,,,,,,,,,,,,,,,,,,
2023,9,29,8,0,14.4,12.4,87.97,,,,,,,,,,,,,,,,,,,,,,,,,,,,,,,,,,,,
2023,9,29,9,0,14.1,12.4,89.43,,,,,,,,,,,,,,,,,,,,,,,,,,,,,,,,,,,,
2023,9,29,10,0,13.8,12.4,91.45,,,,,,,,,,,,,,,,,,,,,,,,,,,,,,,,,,,,
2023,9,29,11,0,13.6,12.5,93.12,,,,,,,,,,,,,,,,,,,,,,,,,,,,,,,,,,,,
2023,9,29,12,0,16.1,13.1,82.21,,,,,,,,,,,,,,,,,,,,,,,,,,,,,,,,,,,,
2023,9,29,13,0,19.4,13.5,68.76,,,,,,,,,,,,,,,,,,,,,,,,,,,,,,,,,,,,
2023,9,29,14,0,23.5,13.4,53.16,,,,,,,,,,,,,,,,,,,,,,,,,,,,,,,,,,,,
2023,9,29,15,0,26.1,12.9,43.95,,,,,,,,,,,,,,,,,,,,,,,,,,,,,,,,,,,,
2023,9,29,16,0,28.2,12.7,38.3,,,,,,,,,,,,,,,,,,,,,,,,,,,,,,,,,,,,
2023,9,29,17,0,29.6,12.7,35.47,,,,,,,,,,,,,,,,,,,,,,,,,,,,,,,,,,,,
2023,9,29,18,0,30.5,12.7,33.65,,,,,,,,,,,,,,,,,,,,,,,,,,,,,,,,,,,,
2023,9,29,19,0,30.8,12.7,32.96,,,,,,,,,,,,,,,,,,,,,,,,,,,,,,,,,,,,
2023,9,29,20,0,30.7,12.6,32.99,,,,,,,,,,,,,,,,,,,,,,,,,,,,,,,,,,,,
2023,9,29,21,0,29.8,12.8,35.17,,,,,,,,,,,,,,,,,,,,,,,,,,,,,,,,,,,,
2023,9,29,22,0,27.9,15.5,46.82,,,,,,,,,,,,,,,,,,,,,,,,,,,,,,,,,,,,
2023,9,29,23,0,25.4,16.8,59.07,,,,,,,,,,,,,,,,,,,,,,,,,,,,,,,,,,,,
2023,9,30,0,0,24.5,15.4,56.85,,,,,,,,,,,,,,,,,,,,,,,,,,,,,,,,,,,,
2023,9,30,1,0,23.5,15.2,59.84,,,,,,,,,,,,,,,,,,,,,,,,,,,,,,,,,,,,
2023,9,30,2,0,22.6,15.1,62.61,,,,,,,,,,,,,,,,,,,,,,,,,,,,,,,,,,,,
2023,9,30,3,0,21.8,14.9,65.06,,,,,,,,,,,,,,,,,,,,,,,,,,,,,,,,,,,,
2023,9,30,4,0,21.1,14.8,67.27,,,,,,,,,,,,,,,,,,,,,,,,,,,,,,,,,,,,
2023,9,30,5,0,20.5,14.6,68.96,,,,,,,,,,,,,,,,,,,,,,,,,,,,,,,,,,,,
2023,9,30,6,0,19.9,14.4,70.57,,,,,,,,,,,,,,,,,,,,,,,,,,,,,,,,,,,,
2023,9,30,7,0,19.5,14.2,71.39,,,,,,,,,,,,,,,,,,,,,,,,,,,,,,,,,,,,
2023,9,30,8,0,19,13.9,72.4,,,,,,,,,,,,,,,,,,,,,,,,,,,,,,,,,,,,
2023,9,30,9,0,18.3,13.9,75.35,,,,,,,,,,,,,,,,,,,,,,,,,,,,,,,,,,,,
2023,9,30,10,0,17.3,14,80.92,,,,,,,,,,,,,,,,,,,,,,,,,,,,,,,,,,,,
2023,9,30,11,0,16.4,14.1,86.26,,,,,,,,,,,,,,,,,,,,,,,,,,,,,,,,,,,,
2023,9,30,12,0,18.3,15,81,,,,,,,,,,,,,,,,,,,,,,,,,,,,,,,,,,,,
2023,9,30,13,0,21.6,14.9,65.73,,,,,,,,,,,,,,,,,,,,,,,,,,,,,,,,,,,,
2023,9,30,14,0,26.3,14.1,47.01,,,,,,,,,,,,,,,,,,,,,,,,,,,,,,,,,,,,
2023,9,30,15,0,28.8,13.3,38.56,,,,,,,,,,,,,,,,,,,,,,,,,,,,,,,,,,,,
2023,9,30,16,0,30.2,12.9,34.56,,,,,,,,,,,,,,,,,,,,,,,,,,,,,,,,,,,,
2023,9,30,17,0,31.2,12.6,32,,,,,,,,,,,,,,,,,,,,,,,,,,,,,,,,,,,,
2023,9,30,18,0,31.8,12.2,30.29,,,,,,,,,,,,,,,,,,,,,,,,,,,,,,,,,,,,
2023,9,30,19,0,32,11.9,29.36,,,,,,,,,,,,,,,,,,,,,,,,,,,,,,,,,,,,
2023,9,30,20,0,31.8,11.8,29.38,,,,,,,,,,,,,,,,,,,,,,,,,,,,,,,,,,,,
2023,9,30,21,0,30.9,11.9,31.13,,,,,,,,,,,,,,,,,,,,,,,,,,,,,,,,,,,,
2023,9,30,22,0,29.1,13.9,39.34,,,,,,,,,,,,,,,,,,,,,,,,,,,,,,,,,,,,
2023,9,30,23,0,25.6,16.6,57.58,,,,,,,,,,,,,,,,,,,,,,,,,,,,,,,,,,,,
2023,10,1,0,0,23.6,15.8,61.51,,,,,,,,,,,,,,,,,,,,,,,,,,,,,,,,,,,,
2023,10,1,1,0,22.2,15.7,66.66,,,,,,,,,,,,,,,,,,,,,,,,,,,,,,,,,,,,
2023,10,1,2,0,20.9,15.7,72.35,,,,,,,,,,,,,,,,,,,,,,,,,,,,,,,,,,,,
2023,10,1,3,0,19.8,15.8,77.86,,,,,,,,,,,,,,,,,,,,,,,,,,,,,,,,,,,,
2023,10,1,4,0,18.7,15.9,83.65,,,,,,,,,,,,,,,,,,,,,,,,,,,,,,,,,,,,
2023,10,1,5,0,18,15.9,87.64,,,,,,,,,,,,,,,,,,,,,,,,,,,,,,,,,,,,
2023,10,1,6,0,17.4,16,91.22,,,,,,,,,,,,,,,,,,,,,,,,,,,,,,,,,,,,
2023,10,1,7,0,17,16,93.66,,,,,,,,,,,,,,,,,,,,,,,,,,,,,,,,,,,,
2023,10,1,8,0,16.6,16.1,96.75,,,,,,,,,,,,,,,,,,,,,,,,,,,,,,,,,,,,
2023,10,1,9,0,16.4,16.3,99.4,,,,,,,,,,,,,,,,,,,,,,,,,,,,,,,,,,,,
2023,10,1,10,0,16.3,16.3,100,,,,,,,,,,,,,,,,,,,,,,,,,,,,,,,,,,,,
2023,10,1,11,0,16.1,16.1,100,,,,,,,,,,,,,,,,,,,,,,,,,,,,,,,,,,,,
2023,10,1,12,0,17.5,16.9,96.47,,,,,,,,,,,,,,,,,,,,,,,,,,,,,,,,,,,,
2023,10,1,13,0,19.9,17.5,86.02,,,,,,,,,,,,,,,,,,,,,,,,,,,,,,,,,,,,
2023,10,1,14,0,22.9,17,69.41,,,,,,,,,,,,,,,,,,,,,,,,,,,,,,,,,,,,
2023,10,1,15,0,25.5,16.1,56.22,,,,,,,,,,,,,,,,,,,,,,,,,,,,,,,,,,,,
2023,10,1,16,0,27.4,15.5,48.36,,,,,,,,,,,,,,,,,,,,,,,,,,,,,,,,,,,,
2023,10,1,17,0,28.6,15.2,44.08,,,,,,,,,,,,,,,,,,,,,,,,,,,,,,,,,,,,
2023,10,1,18,0,29.2,14.9,41.72,,,,,,,,,,,,,,,,,,,,,,,,,,,,,,,,,,,,
2023,10,1,19,0,29.4,14.5,40.24,,,,,,,,,,,,,,,,,,,,,,,,,,,,,,,,,,,,
2023,10,1,20,0,29.2,14.3,40.11,,,,,,,,,,,,,,,,,,,,,,,,,,,,,,,,,,,,
2023,10,1,21,0,28.6,14.1,41.03,,,,,,,,,,,,,,,,,,,,,,,,,,,,,,,,,,,,
2023,10,1,22,0,27,14.8,47.13,,,,,,,,,,,,,,,,,,,,,,,,,,,,,,,,,,,,
2023,10,1,23,0,22.8,16.9,69.42,,,,,,,,,,,,,,,,,,,,,,,,,,,,,,,,,,,,
2023,10,2,0,0,21.2,16.2,73.12,,,,,,,,,,,,,,,,,,,,,,,,,,,,,,,,,,,,
2023,10,2,1,0,20.2,15.9,76.1,,,,,,,,,,,,,,,,,,,,,,,,,,,,,,,,,,,,
2023,10,2,2,0,19.3,15.6,79.01,,,,,,,,,,,,,,,,,,,,,,,,,,,,,,,,,,,,
2023,10,2,3,0,18.4,15.4,82.47,,,,,,,,,,,,,,,,,,,,,,,,,,,,,,,,,,,,
2023,10,2,4,0,17.8,15.3,85.08,,,,,,,,,,,,,,,,,,,,,,,,,,,,,,,,,,,,
2023,10,2,5,0,17.2,15.2,87.87,,,,,,,,,,,,,,,,,,,,,,,,,,,,,,,,,,,,
2023,10,2,6,0,16.7,15.1,90.06,,,,,,,,,,,,,,,,,,,,,,,,,,,,,,,,,,,,
2023,10,2,7,0,16.3,15,91.83,,,,,,,,,,,,,,,,,,,,,,,,,,,,,,,,,,,,
2023,10,2,8,0,15.8,14.9,94.56,,,,,,,,,,,,,,,,,,,,,,,,,,,,,,,,,,,,
2023,10,2,9,0,15.5,15,96.66,,,,,,,,,,,,,,,,,,,,,,,,,,,,,,,,,,,,
2023,10,2,10,0,15.1,15,99.54,,,,,,,,,,,,,,,,,,,,,,,,,,,,,,,,,,,,
2023,10,2,11,0,14.7,14.7,100,,,,,,,,,,,,,,,,,,,,,,,,,,,,,,,,,,,,
2023,10,2,12,0,17,15.2,89.4,,,,,,,,,,,,,,,,,,,,,,,,,,,,,,,,,,,,
2023,10,2,13,0,20.4,15.3,72.52,,,,,,,,,,,,,,,,,,,,,,,,,,,,,,,,,,,,
2023,10,2,14,0,24.2,14,52.94,,,,,,,,,,,,,,,,,,,,,,,,,,,,,,,,,,,,
2023,10,2,15,0,26.2,13.2,44.74,,,,,,,,,,,,,,,,,,,,,,,,,,,,,,,,,,,,
2023,10,2,16,0,27.7,12.7,39.55,,,,,,,,,,,,,,,,,,,,,,,,,,,,,,,,,,,,
2023,10,2,17,0,29,12.2,35.5,,,,,,,,,,,,,,,,,,,,,,,,,,,,,,,,,,,,
2023,10,2,18,0,29.8,11.8,32.92,,,,,,,,,,,,,,,,,,,,,,,,,,,,,,,,,,,,
2023,10,2,19,0,30.1,11.4,31.57,,,,,,,,,,,,,,,,,,,,,,,,,,,,,,,,,,,,
2023,10,2,20,0,30.1,11.1,31.04,,,,,,,,,,,,,,,,,,,,,,,,,,,,,,,,,,,,
2023,10,2,21,0,29.2,11,32.37,,,,,,,,,,,,,,,,,,,,,,,,,,,,,,,,,,,,
2023,10,2,22,0,27,13.1,42.27,,,,,,,,,,,,,,,,,,,,,,,,,,,,,,,,,,,,
2023,10,2,23,0,22.2,15.3,64.95,,,,,,,,,,,,,,,,,,,,,,,,,,,,,,,,,,,,
2023,10,3,0,0,20.2,14.3,68.84,,,,,,,,,,,,,,,,,,,,,,,,,,,,,,,,,,,,
2023,10,3,1,0,19.1,13.8,71.18,,,,,,,,,,,,,,,,,,,,,,,,,,,,,,,,,,,,
2023,10,3,2,0,18.1,13.4,74.14,,,,,,,,,,,,,,,,,,,,,,,,,,,,,,,,,,,,
2023,10,3,3,0,17.3,13.2,76.66,,,,,,,,,,,,,,,,,,,,,,,,,,,,,,,,,,,,
2023,10,3,4,0,16.7,13,78.56,,,,,,,,,,,,,,,,,,,,,,,,,,,,,,,,,,,,
2023,10,3,5,0,16.2,12.8,80.39,,,,,,,,,,,,,,,,,,,,,,,,,,,,,,,,,,,,
2023,10,3,6,0,15.8,12.8,82.11,,,,,,,,,,,,,,,,,,,,,,,,,,,,,,,,,,,,
2023,10,3,7,0,15.3,12.8,84.87,,,,,,,,,,,,,,,,,,,,,,,,,,,,,,,,,,,,
2023,10,3,8,0,14.8,12.9,88.14,,,,,,,,,,,,,,,,,,,,,,,,,,,,,,,,,,,,
2023,10,3,9,0,14.3,13,92.05,,,,,,,,,,,,,,,,,,,,,,,,,,,,,,,,,,,,
2023,10,3,10,0,13.9,13.3,96.25,,,,,,,,,,,,,,,,,,,,,,,,,,,,,,,,,,,,
2023,10,3,11,0,13.6,13.6,99.76,,,,,,,,,,,,,,,,,,,,,,,,,,,,,,,,,,,,
2023,10,3,12,0,15.6,14,90.16,,,,,,,,,,,,,,,,,,,,,,,,,,,,,,,,,,,,
2023,10,3,13,0,18.7,14.5,76.47,,,,,,,,,,,,,,,,,,,,,,,,,,,,,,,,,,,,
2023,10,3,14,0,23.6,13,51.43,,,,,,,,,,,,,,,,,,,,,,,,,,,,,,,,,,,,
2023,10,3,15,0,26.3,11.3,39.23,,,,,,,,,,,,,,,,,,,,,,,,,,,,,,,,,,,,
2023,10,3,16,0,27.8,10.6,34.24,,,,,,,,,,,,,,,,,,,,,,,,,,,,,,,,,,,,
2023,10,3,17,0,29,10,30.6,,,,,,,,,,,,,,,,,,,,,,,,,,,,,,,,,,,,
2023,10,3,18,0,29.9,9.5,28.12,,,,,,,,,,,,,,,,,,,,,,,,,,,,,,,,,,,,
2023,10,3,19,0,30.2,9.2,27.15,,,,,,,,,,,,,,,,,,,,,,,,,,,,,,,,,,,,
2023,10,3,20,0,30,9.2,27.43,,,,,,,,,,,,,,,,,,,,,,,,,,,,,,,,,,,,
2023,10,3,21,0,29.2,9.4,29.05,,,,,,,,,,,,,,,,,,,,,,,,,,,,,,,,,,,,
2023,10,3,22,0,26.8,12.8,41.83,,,,,,,,,,,,,,,,,,,,,,,,,,,,,,,,,,,,
2023,10,3,23,0,22.5,14.5,60.74,,,,,,,,,,,,,,,,,,,,,,,,,,,,,,,,,,,,
2023,10,4,0,0,20.6,13.7,64.79,,,,,,,,,,,,,,,,,,,,,,,,,,,,,,,,,,,,
2023,10,4,1,0,19.3,13.6,69.57,,,,,,,,,,,,,,,,,,,,,,,,,,,,,,,,,,,,
2023,10,4,2,0,18.5,13.5,72.88,,,,,,,,,,,,,,,,,,,,,,,,,,,,,,,,,,,,
2023,10,4,3,0,17.9,13.8,76.88,,,,,,,,,,,,,,,,,,,,,,,,,,,,,,,,,,,,
2023,10,4,4,0,17.3,14.1,81.35,,,,,,,,,,,,,,,,,,,,,,,,,,,,,,,,,,,,
2023,10,4,5,0,16.8,14.2,84.71,,,,,,,,,,,,,,,,,,,,,,,,,,,,,,,,,,,,
2023,10,4,6,0,16.3,14.2,87.5,,,,,,,,,,,,,,,,,,,,,,,,,,,,,,,,,,,,
2023,10,4,7,0,15.9,14.2,89.39,,,,,,,,,,,,,,,,,,,,,,,,,,,,,,,,,,,,
2023,10,4,8,0,15.5,14.1,91.24,,,,,,,,,,,,,,,,,,,,,,,,,,,,,,,,,,,,
2023,10,4,9,0,15.1,14.1,93.73,,,,,,,,,,,,,,,,,,,,,,,,,,,,,,,,,,,,
2023,10,4,10,0,14.6,14.3,98.08,,,,,,,,,,,,,,,,,,,,,,,,,,,,,,,,,,,,
2023,10,4,11,0,14.3,14.3,100,,,,,,,,,,,,,,,,,,,,,,,,,,,,,,,,,,,,
2023,10,4,12,0,16.6,15,90.33,,,,,,,,,,,,,,,,,,,,,,,,,,,,,,,,,,,,
2023,10,4,13,0,19.7,15.6,77.24,,,,,,,,,,,,,,,,,,,,,,,,,,,,,,,,,,,,
2023,10,4,14,0,24.1,14.7,55.85,,,,,,,,,,,,,,,,,,,,,,,,,,,,,,,,,,,,
2023,10,4,15,0,26.5,13.7,45.3,,,,,,,,,,,,,,,,,,,,,,,,,,,,,,,,,,,,
2023,10,4,16,0,28.2,13.1,39.48,,,,,,,,,,,,,,,,,,,,,,,,,,,,,,,,,,,,
2023,10,4,17,0,29.4,12.7,35.83,,,,,,,,,,,,,,,,,,,,,,,,,,,,,,,,,,,,
2023,10,4,18,0,30.1,12.4,33.8,,,,,,,,,,,,,,,,,,,,,,,,,,,,,,,,,,,,
2023,10,4,19,0,30.4,12.3,32.85,,,,,,,,,,,,,,,,,,,,,,,,,,,,,,,,,,,,
2023,10,4,20,0,30.2,12.1,32.95,,,,,,,,,,,,,,,,,,,,,,,,,,,,,,,,,,,,
2023,10,4,21,0,29.1,12.1,35.14,,,,,,,,,,,,,,,,,,,,,,,,,,,,,,,,,,,,
2023,10,4,22,0,26.4,14.6,48.37,,,,,,,,,,,,,,,,,,,,,,,,,,,,,,,,,,,,
2023,10,4,23,0,22.4,15.9,66.86,,,,,,,,,,,,,,,,,,,,,,,,,,,,,,,,,,,,
2023,10,5,0,0,20.8,15.2,70.12,,,,,,,,,,,,,,,,,,,,,,,,,,,,,,,,,,,,
2023,10,5,1,0,20,14.9,72.43,,,,,,,,,,,,,,,,,,,,,,,,,,,,,,,,,,,,
2023,10,5,2,0,19.1,14.7,75.75,,,,,,,,,,,,,,,,,,,,,,,,,,,,,,,,,,,,
2023,10,5,3,0,18.2,14.6,79.5,,,,,,,,,,,,,,,,,,,,,,,,,,,,,,,,,,,,
2023,10,5,4,0,17.5,14.5,82.46,,,,,,,,,,,,,,,,,,,,,,,,,,,,,,,,,,,,
2023,10,5,5,0,17,14.3,84.22,,,,,,,,,,,,,,,,,,,,,,,,,,,,,,,,,,,,
2023,10,5,6,0,16.4,14.2,87.05,,,,,,,,,,,,,,,,,,,,,,,,,,,,,,,,,,,,
2023,10,5,7,0,15.8,14.2,90.12,,,,,,,,,,,,,,,,,,,,,,,,,,,,,,,,,,,,
2023,10,5,8,0,15.2,14,92.81,,,,,,,,,,,,,,,,,,,,,,,,,,,,,,,,,,,,
2023,10,5,9,0,14.6,14.1,96.64,,,,,,,,,,,,,,,,,,,,,,,,,,,,,,,,,,,,
2023,10,5,10,0,14.2,14.2,100,,,,,,,,,,,,,,,,,,,,,,,,,,,,,,,,,,,,
2023,10,5,11,0,14.2,14.2,100,,,,,,,,,,,,,,,,,,,,,,,,,,,,,,,,,,,,
2023,10,5,12,0,15.7,14.8,94.66,,,,,,,,,,,,,,,,,,,,,,,,,,,,,,,,,,,,
2023,10,5,13,0,17.8,15.5,86.35,,,,,,,,,,,,,,,,,,,,,,,,,,,,,,,,,,,,
2023,10,5,14,0,20.6,15,70.28,,,,,,,,,,,,,,,,,,,,,,,,,,,,,,,,,,,,
2023,10,5,15,0,22.9,13.4,55.2,,,,,,,,,,,,,,,,,,,,,,,,,,,,,,,,,,,,
2023,10,5,16,0,25,12.1,44.45,,,,,,,,,,,,,,,,,,,,,,,,,,,,,,,,,,,,
2023,10,5,17,0,27.2,11.1,36.6,,,,,,,,,,,,,,,,,,,,,,,,,,,,,,,,,,,,
2023,10,5,18,0,28.4,10,31.77,,,,,,,,,,,,,,,,,,,,,,,,,,,,,,,,,,,,
2023,10,5,19,0,28.6,8.9,29.21,,,,,,,,,,,,,,,,,,,,,,,,,,,,,,,,,,,,
2023,10,5,20,0,28.3,8.2,28.27,,,,,,,,,,,,,,,,,,,,,,,,,,,,,,,,,,,,
2023,10,5,21,0,27.2,8.8,31.33,,,,,,,,,,,,,,,,,,,,,,,,,,,,,,,,,,,,
2023,10,5,22,0,25.3,14.4,50.87,,,,,,,,,,,,,,,,,,,,,,,,,,,,,,,,,,,,
2023,10,5,23,0,22.7,13.7,56.91,,,,,,,,,,,,,,,,,,,,,,,,,,,,,,,,,,,,
2023,10,6,0,0,20.6,13.3,62.85,,,,,,,,,,,,,,,,,,,,,,,,,,,,,,,,,,,,
2023,10,6,1,0,19.5,12.5,64.08,,,,,,,,,,,,,,,,,,,,,,,,,,,,,,,,,,,,
2023,10,6,2,0,18.6,12,65.5,,,,,,,,,,,,,,,,,,,,,,,,,,,,,,,,,,,,
2023,10,6,3,0,17.7,11.7,67.83,,,,,,,,,,,,,,,,,,,,,,,,,,,,,,,,,,,,
2023,10,6,4,0,17.8,11.8,67.84,,,,,,,,,,,,,,,,,,,,,,,,,,,,,,,,,,,,
2023,10,6,5,0,17.7,12.1,69.7,,,,,,,,,,,,,,,,,,,,,,,,,,,,,,,,,,,,
2023,10,6,6,0,17.4,12.5,72.72,,,,,,,,,,,,,,,,,,,,,,,,,,,,,,,,,,,,
2023,10,6,7,0,17.2,12.9,75.79,,,,,,,,,,,,,,,,,,,,,,,,,,,,,,,,,,,,
2023,10,6,8,0,16.6,13.2,80.36,,,,,,,,,,,,,,,,,,,,,,,,,,,,,,,,,,,,
2023,10,6,9,0,16.1,13.6,85.03,,,,,,,,,,,,,,,,,,,,,,,,,,,,,,,,,,,,
2023,10,6,10,0,15.7,14,89.76,,,,,,,,,,,,,,,,,,,,,,,,,,,,,,,,,,,,
2023,10,6,11,0,15.4,14.4,93.83,,,,,,,,,,,,,,,,,,,,,,,,,,,,,,,,,,,,
2023,10,6,12,0,17,15.2,88.96,,,,,,,,,,,,,,,,,,,,,,,,,,,,,,,,,,,,
2023,10,6,13,0,19.5,15.8,78.97,,,,,,,,,,,,,,,,,,,,,,,,,,,,,,,,,,,,
2023,10,6,14,0,24.3,13.6,51.41,,,,,,,,,,,,,,,,,,,,,,,,,,,,,,,,,,,,
2023,10,6,15,0,27,11.7,38.67,,,,,,,,,,,,,,,,,,,,,,,,,,,,,,,,,,,,
2023,10,6,16,0,28.3,11.8,35.9,,,,,,,,,,,,,,,,,,,,,,,,,,,,,,,,,,,,
2023,10,6,17,0,29.2,12.2,34.97,,,,,,,,,,,,,,,,,,,,,,,,,,,,,,,,,,,,
2023,10,6,18,0,29.5,12.6,35.49,,,,,,,,,,,,,,,,,,,,,,,,,,,,,,,,,,,,
2023,10,6,19,0,28.9,13.2,38.19,,,,,,,,,,,,,,,,,,,,,,,,,,,,,,,,,,,,
2023,10,6,20,0,27.7,14,42.94,,,,,,,,,,,,,,,,,,,,,,,,,,,,,,,,,,,,
2023,10,6,21,0,26.2,14.7,49.14,,,,,,,,,,,,,,,,,,,,,,,,,,,,,,,,,,,,
2023,10,6,22,0,23.9,16,61.15,,,,,,,,,,,,,,,,,,,,,,,,,,,,,,,,,,,,
2023,10,6,23,0,21.3,16.8,75.53,,,,,,,,,,,,,,,,,,,,,,,,,,,,,,,,,,,,
2023,10,7,0,0,19.9,17.2,84.55,,,,,,,,,,,,,,,,,,,,,,,,,,,,,,,,,,,,
2023,10,7,1,0,19,17.5,91,,,,,,,,,,,,,,,,,,,,,,,,,,,,,,,,,,,,
2023,10,7,2,0,18.5,17.6,94.66,,,,,,,,,,,,,,,,,,,,,,,,,,,,,,,,,,,,
2023,10,7,3,0,18.1,17.6,96.85,,,,,,,,,,,,,,,,,,,,,,,,,,,,,,,,,,,,
2023,10,7,4,0,17.6,17.5,99.13,,,,,,,,,,,,,,,,,,,,,,,,,,,,,,,,,,,,
2023,10,7,5,0,16.8,16.8,100,,,,,,,,,,,,,,,,,,,,,,,,,,,,,,,,,,,,
2023,10,7,6,0,16,16,100,,,,,,,,,,,,,,,,,,,,,,,,,,,,,,,,,,,,
2023,10,7,7,0,14.8,14.6,99.02,,,,,,,,,,,,,,,,,,,,,,,,,,,,,,,,,,,,
2023,10,7,8,0,13.4,12.7,95.55,,,,,,,,,,,,,,,,,,,,,,,,,,,,,,,,,,,,
2023,10,7,9,0,12.3,11.2,92.74,,,,,,,,,,,,,,,,,,,,,,,,,,,,,,,,,,,,
2023,10,7,10,0,11.6,10.2,90.83,,,,,,,,,,,,,,,,,,,,,,,,,,,,,,,,,,,,
2023,10,7,11,0,11,9.4,89.97,,,,,,,,,,,,,,,,,,,,,,,,,,,,,,,,,,,,
2023,10,7,12,0,11.5,9,84.64,,,,,,,,,,,,,,,,,,,,,,,,,,,,,,,,,,,,
2023,10,7,13,0,13.6,7.8,67.83,,,,,,,,,,,,,,,,,,,,,,,,,,,,,,,,,,,,
2023,10,7,14,0,16.4,5.3,47.8,,,,,,,,,,,,,,,,,,,,,,,,,,,,,,,,,,,,
2023,10,7,15,0,18.6,1.9,32.78,,,,,,,,,,,,,,,,,,,,,,,,,,,,,,,,,,,,
2023,10,7,16,0,20,-1,24.37,,,,,,,,,,,,,,,,,,,,,,,,,,,,,,,,,,,,
2023,10,7,17,0,21,-2.9,19.85,,,,,,,,,,,,,,,,,,,,,,,,,,,,,,,,,,,,
2023,10,7,18,0,21.7,-3.8,17.86,,,,,,,,,,,,,,,,,,,,,,,,,,,,,,,,,,,,
2023,10,7,19,0,21.9,-4.1,17.28,,,,,,,,,,,,,,,,,,,,,,,,,,,,,,,,,,,,
2023,10,7,20,0,21.5,-3.9,17.92,,,,,,,,,,,,,,,,,,,,,,,,,,,,,,,,,,,,
2023,10,7,21,0,20.6,-3.5,19.57,,,,,,,,,,,,,,,,,,,,,,,,,,,,,,,,,,,,
2023,10,7,22,0,18.9,-2.4,23.49,,,,,,,,,,,,,,,,,,,,,,,,,,,,,,,,,,,,
2023,10,7,23,0,15,0.5,37.27,,,,,,,,,,,,,,,,,,,,,,,,,,,,,,,,,,,,
2023,10,8,0,0,13,1.6,45.76,,,,,,,,,,,,,,,,,,,,,,,,,,,,,,,,,,,,
2023,10,8,1,0,11.9,2,50.8,,,,,,,,,,,,,,,,,,,,,,,,,,,,,,,,,,,,
2023,10,8,2,0,10.8,2.4,56.07,,,,,,,,,,,,,,,,,,,,,,,,,,,,,,,,,,,,
2023,10,8,3,0,9.9,2.6,60.6,,,,,,,,,,,,,,,,,,,,,,,,,,,,,,,,,,,,
2023,10,8,4,0,9.2,2.8,64.15,,,,,,,,,,,,,,,,,,,,,,,,,,,,,,,,,,,,
2023,10,8,5,0,8.6,2.9,67.24,,,,,,,,,,,,,,,,,,,,,,,,,,,,,,,,,,,,
2023,10,8,6,0,7.9,3,71.03,,,,,,,,,,,,,,,,,,,,,,,,,,,,,,,,,,,,
2023,10,8,7,0,7.4,3,73.9,,,,,,,,,,,,,,,,,,,,,,,,,,,,,,,,,,,,
2023,10,8,8,0,6.7,3.1,77.82,,,,,,,,,,,,,,,,,,,,,,,,,,,,,,,,,,,,
2023,10,8,9,0,6.1,3.2,81.42,,,,,,,,,,,,,,,,,,,,,,,,,,,,,,,,,,,,
2023,10,8,10,0,5.5,3.2,85.03,,,,,,,,,,,,,,,,,,,,,,,,,,,,,,,,,,,,
2023,10,8,11,0,5,3.2,87.93,,,,,,,,,,,,,,,,,,,,,,,,,,,,,,,,,,,,
2023,10,8,12,0,6.9,3.3,77.88,,,,,,,,,,,,,,,,,,,,,,,,,,,,,,,,,,,,
2023,10,8,13,0,10.5,3,59.79,,,,,,,,,,,,,,,,,,,,,,,,,,,,,,,,,,,,
2023,10,8,14,0,14.8,-0.1,36.15,,,,,,,,,,,,,,,,,,,,,,,,,,,,,,,,,,,,
2023,10,8,15,0,17,-1.4,28.51,,,,,,,,,,,,,,,,,,,,,,,,,,,,,,,,,,,,
2023,10,8,16,0,18.6,-2.4,23.98,,,,,,,,,,,,,,,,,,,,,,,,,,,,,,,,,,,,
2023,10,8,17,0,19.9,-3.2,20.88,,,,,,,,,,,,,,,,,,,,,,,,,,,,,,,,,,,,
2023,10,8,18,0,20.8,-3.6,19.08,,,,,,,,,,,,,,,,,,,,,,,,,,,,,,,,,,,,
2023,10,8,19,0,21.2,-3.9,18.3,,,,,,,,,,,,,,,,,,,,,,,,,,,,,,,,,,,,
2023,10,8,20,0,21.1,-3.7,18.61,,,,,,,,,,,,,,,,,,,,,,,,,,,,,,,,,,,,
2023,10,8,21,0,20.4,-3.4,19.91,,,,,,,,,,,,,,,,,,,,,,,,,,,,,,,,,,,,
2023,10,8,22,0,18.4,-0.7,27.41,,,,,,,,,,,,,,,,,,,,,,,,,,,,,,,,,,,,
2023,10,8,23,0,13.1,3.8,53.18,,,,,,,,,,,,,,,,,,,,,,,,,,,,,,,,,,,,
2023,10,9,0,0,11.5,3.3,57.08,,,,,,,,,,,,,,,,,,,,,,,,,,,,,,,,,,,,
2023,10,9,1,0,10.7,3,59.15,,,,,,,,,,,,,,,,,,,,,,,,,,,,,,,,,,,,
2023,10,9,2,0,10,3.1,62.35,,,,,,,,,,,,,,,,,,,,,,,,,,,,,,,,,,,,
2023,10,9,3,0,9.4,3.1,64.7,,,,,,,,,,,,,,,,,,,,,,,,,,,,,,,,,,,,
2023,10,9,4,0,8.9,3,66.38,,,,,,,,,,,,,,,,,,,,,,,,,,,,,,,,,,,,
2023,10,9,5,0,8.5,2.8,67.6,,,,,,,,,,,,,,,,,,,,,,,,,,,,,,,,,,,,
2023,10,9,6,0,8.2,2.8,68.54,,,,,,,,,,,,,,,,,,,,,,,,,,,,,,,,,,,,
2023,10,9,7,0,8,2.8,69.71,,,,,,,,,,,,,,,,,,,,,,,,,,,,,,,,,,,,
2023,10,9,8,0,7.7,2.7,70.87,,,,,,,,,,,,,,,,,,,,,,,,,,,,,,,,,,,,
2023,10,9,9,0,7.6,2.6,70.73,,,,,,,,,,,,,,,,,,,,,,,,,,,,,,,,,,,,
2023,10,9,10,0,7.4,2.5,71.22,,,,,,,,,,,,,,,,,,,,,,,,,,,,,,,,,,,,
2023,10,9,11,0,7,2.5,73.14,,,,,,,,,,,,,,,,,,,,,,,,,,,,,,,,,,,,
2023,10,9,12,0,8.3,4.4,76.3,,,,,,,,,,,,,,,,,,,,,,,,,,,,,,,,,,,,
2023,10,9,13,0,11.5,4.4,61.92,,,,,,,,,,,,,,,,,,,,,,,,,,,,,,,,,,,,
2023,10,9,14,0,15.6,4.4,47.24,,,,,,,,,,,,,,,,,,,,,,,,,,,,,,,,,,,,
2023,10,9,15,0,20.3,0.7,27.01,,,,,,,,,,,,,,,,,,,,,,,,,,,,,,,,,,,,
2023,10,9,16,0,22.3,0.3,23.21,,,,,,,,,,,,,,,,,,,,,,,,,,,,,,,,,,,,
2023,10,9,17,0,23.8,0.9,22.11,,,,,,,,,,,,,,,,,,,,,,,,,,,,,,,,,,,,
2023,10,9,18,0,24.9,1.6,21.87,,,,,,,,,,,,,,,,,,,,,,,,,,,,,,,,,,,,
2023,10,9,19,0,25.4,2.4,22.37,,,,,,,,,,,,,,,,,,,,,,,,,,,,,,,,,,,,
2023,10,9,20,0,25.4,3,23.4,,,,,,,,,,,,,,,,,,,,,,,,,,,,,,,,,,,,
2023,10,9,21,0,24.6,3.5,25.44,,,,,,,,,,,,,,,,,,,,,,,,,,,,,,,,,,,,
2023,10,9,22,0,22.1,6,35.12,,,,,,,,,,,,,,,,,,,,,,,,,,,,,,,,,,,,
2023,10,9,23,0,16.6,7.7,55.8,,,,,,,,,,,,,,,,,,,,,,,,,,,,,,,,,,,,
2023,10,10,0,0,15.3,7,57.75,,,,,,,,,,,,,,,,,,,,,,,,,,,,,,,,,,,,
2023,10,10,1,0,14.8,6.7,58.32,,,,,,,,,,,,,,,,,,,,,,,,,,,,,,,,,,,,
2023,10,10,2,0,14,6.6,61.08,,,,,,,,,,,,,,,,,,,,,,,,,,,,,,,,,,,,
2023,10,10,3,0,13.1,6.6,64.65,,,,,,,,,,,,,,,,,,,,,,,,,,,,,,,,,,,,
2023,10,10,4,0,12.3,6.6,68.17,,,,,,,,,,,,,,,,,,,,,,,,,,,,,,,,,,,,
2023,10,10,5,0,11.5,6.6,72.09,,,,,,,,,,,,,,,,,,,,,,,,,,,,,,,,,,,,
2023,10,10,6,0,10.9,6.7,75.37,,,,,,,,,,,,,,,,,,,,,,,,,,,,,,,,,,,,
2023,10,10,7,0,10.6,6.9,77.65,,,,,,,,,,,,,,,,,,,,,,,,,,,,,,,,,,,,
2023,10,10,8,0,10.3,7,79.81,,,,,,,,,,,,,,,,,,,,,,,,,,,,,,,,,,,,
2023,10,10,9,0,10,7,81.85,,,,,,,,,,,,,,,,,,,,,,,,,,,,,,,,,,,,
2023,10,10,10,0,9.8,7,82.91,,,,,,,,,,,,,,,,,,,,,,,,,,,,,,,,,,,,
2023,10,10,11,0,9.9,7.1,82.57,,,,,,,,,,,,,,,,,,,,,,,,,,,,,,,,,,,,
2023,10,10,12,0,11.3,7.9,79.56,,,,,,,,,,,,,,,,,,,,,,,,,,,,,,,,,,,,
2023,10,10,13,0,14.1,8.6,69.57,,,,,,,,,,,,,,,,,,,,,,,,,,,,,,,,,,,,
2023,10,10,14,0,17.4,9,57.69,,,,,,,,,,,,,,,,,,,,,,,,,,,,,,,,,,,,
2023,10,10,15,0,22.2,8.3,41.02,,,,,,,,,,,,,,,,,,,,,,,,,,,,,,,,,,,,
2023,10,10,16,0,25.6,7.9,32.48,,,,,,,,,,,,,,,,,,,,,,,,,,,,,,,,,,,,
2023,10,10,17,0,27.1,8.4,30.75,,,,,,,,,,,,,,,,,,,,,,,,,,,,,,,,,,,,
2023,10,10,18,0,27.8,8.9,30.54,,,,,,,,,,,,,,,,,,,,,,,,,,,,,,,,,,,,
2023,10,10,19,0,28,9.3,31.07,,,,,,,,,,,,,,,,,,,,,,,,,,,,,,,,,,,,
2023,10,10,20,0,27.6,9.7,32.64,,,,,,,,,,,,,,,,,,,,,,,,,,,,,,,,,,,,
2023,10,10,21,0,26.6,10.3,35.92,,,,,,,,,,,,,,,,,,,,,,,,,,,,,,,,,,,,
2023,10,10,22,0,24.2,11.9,46.14,,,,,,,,,,,,,,,,,,,,,,,,,,,,,,,,,,,,
2023,10,10,23,0,20.7,12.7,60.02,,,,,,,,,,,,,,,,,,,,,,,,,,,,,,,,,,,,
2023,10,11,0,0,19.8,12.5,62.83,,,,,,,,,,,,,,,,,,,,,,,,,,,,,,,,,,,,
2023,10,11,1,0,18.9,12.6,66.89,,,,,,,,,,,,,,,,,,,,,,,,,,,,,,,,,,,,
2023,10,11,2,0,18.2,12.8,70.64,,,,,,,,,,,,,,,,,,,,,,,,,,,,,,,,,,,,
2023,10,11,3,0,17.5,12.9,74.55,,,,,,,,,,,,,,,,,,,,,,,,,,,,,,,,,,,,
2023,10,11,4,0,16.8,13.1,79.04,,,,,,,,,,,,,,,,,,,,,,,,,,,,,,,,,,,,
2023,10,11,5,0,16.4,13.2,81.4,,,,,,,,,,,,,,,,,,,,,,,,,,,,,,,,,,,,
2023,10,11,6,0,16,13.2,83.59,,,,,,,,,,,,,,,,,,,,,,,,,,,,,,,,,,,,
2023,10,11,7,0,15.6,13.2,85.71,,,,,,,,,,,,,,,,,,,,,,,,,,,,,,,,,,,,
2023,10,11,8,0,15.1,13.1,87.91,,,,,,,,,,,,,,,,,,,,,,,,,,,,,,,,,,,,
2023,10,11,9,0,15,13.1,88.53,,,,,,,,,,,,,,,,,,,,,,,,,,,,,,,,,,,,
2023,10,11,10,0,15,13.1,88.26,,,,,,,,,,,,,,,,,,,,,,,,,,,,,,,,,,,,
2023,10,11,11,0,15.1,13,87.44,,,,,,,,,,,,,,,,,,,,,,,,,,,,,,,,,,,,
2023,10,11,12,0,15.8,13.4,85.67,,,,,,,,,,,,,,,,,,,,,,,,,,,,,,,,,,,,
2023,10,11,13,0,17.7,13.9,78.32,,,,,,,,,,,,,,,,,,,,,,,,,,,,,,,,,,,,
2023,10,11,14,0,19.1,13.5,69.85,,,,,,,,,,,,,,,,,,,,,,,,,,,,,,,,,,,,
2023,10,11,15,0,20.8,13.2,61.98,,,,,,,,,,,,,,,,,,,,,,,,,,,,,,,,,,,,
2023,10,11,16,0,23.8,11.1,44.82,,,,,,,,,,,,,,,,,,,,,,,,,,,,,,,,,,,,
2023,10,11,17,0,24.8,9.9,38.99,,,,,,,,,,,,,,,,,,,,,,,,,,,,,,,,,,,,
2023,10,11,18,0,25,9.4,37.29,,,,,,,,,,,,,,,,,,,,,,,,,,,,,,,,,,,,
2023,10,11,19,0,25.5,9.4,36.15,,,,,,,,,,,,,,,,,,,,,,,,,,,,,,,,,,,,
2023,10,11,20,0,23.5,12.2,49.08,,,,,,,,,,,,,,,,,,,,,,,,,,,,,,,,,,,,
2023,10,11,21,0,21.3,15.2,68.06,,,,,,,,,,,,,,,,,,,,,,,,,,,,,,,,,,,,
2023,10,11,22,0,19.2,15,76.62,,,,,,,,,,,,,,,,,,,,,,,,,,,,,,,,,,,,
2023,10,11,23,0,17.5,14.8,84.3,,,,,,,,,,,,,,,,,,,,,,,,,,,,,,,,,,,,
2023,10,12,0,0,16.6,14.6,88.22,,,,,,,,,,,,,,,,,,,,,,,,,,,,,,,,,,,,
2023,10,12,1,0,15.9,14.8,93.13,,,,,,,,,,,,,,,,,,,,,,,,,,,,,,,,,,,,
2023,10,12,2,0,15.5,15.1,97.41,,,,,,,,,,,,,,,,,,,,,,,,,,,,,,,,,,,,
2023,10,12,3,0,15.2,15.2,99.71,,,,,,,,,,,,,,,,,,,,,,,,,,,,,,,,,,,,
2023,10,12,4,0,15.1,15.1,99.93,,,,,,,,,,,,,,,,,,,,,,,,,,,,,,,,,,,,
2023,10,12,5,0,15,14.8,98.58,,,,,,,,,,,,,,,,,,,,,,,,,,,,,,,,,,,,
2023,10,12,6,0,14.8,14.6,98.96,,,,,,,,,,,,,,,,,,,,,,,,,,,,,,,,,,,,
2023,10,12,7,0,14.7,14.6,99.1,,,,,,,,,,,,,,,,,,,,,,,,,,,,,,,,,,,,
2023,10,12,8,0,14.6,14.5,99.39,,,,,,,,,,,,,,,,,,,,,,,,,,,,,,,,,,,,
2023,10,12,9,0,14.5,14.4,99.62,,,,,,,,,,,,,,,,,,,,,,,,,,,,,,,,,,,,
2023,10,12,10,0,14.4,14.3,99.59,,,,,,,,,,,,,,,,,,,,,,,,,,,,,,,,,,,,
2023,10,12,11,0,14.3,14.2,99.2,,,,,,,,,,,,,,,,,,,,,,,,,,,,,,,,,,,,
2023,10,12,12,0,14.3,14.2,99.24,,,,,,,,,,,,,,,,,,,,,,,,,,,,,,,,,,,,
2023,10,12,13,0,15.2,14.7,96.85,,,,,,,,,,,,,,,,,,,,,,,,,,,,,,,,,,,,
2023,10,12,14,0,16.5,15.2,91.74,,,,,,,,,,,,,,,,,,,,,,,,,,,,,,,,,,,,
2023,10,12,15,0,18.3,15.1,81.48,,,,,,,,,,,,,,,,,,,,,,,,,,,,,,,,,,,,
2023,10,12,16,0,20.1,14.7,71.19,,,,,,,,,,,,,,,,,,,,,,,,,,,,,,,,,,,,
2023,10,12,17,0,21.4,14.5,64.82,,,,,,,,,,,,,,,,,,,,,,,,,,,,,,,,,,,,
2023,10,12,18,0,22.1,14.4,61.82,,,,,,,,,,,,,,,,,,,,,,,,,,,,,,,,,,,,
2023,10,12,19,0,22.5,14.4,60.18,,,,,,,,,,,,,,,,,,,,,,,,,,,,,,,,,,,,
2023,10,12,20,0,22.5,14.3,59.86,,,,,,,,,,,,,,,,,,,,,,,,,,,,,,,,,,,,
2023,10,12,21,0,21.8,14.2,62.01,,,,,,,,,,,,,,,,,,,,,,,,,,,,,,,,,,,,
2023,10,12,22,0,20.5,14.3,67.41,,,,,,,,,,,,,,,,,,,,,,,,,,,,,,,,,,,,
2023,10,12,23,0,17.5,14.6,83.18,,,,,,,,,,,,,,,,,,,,,,,,,,,,,,,,,,,,
2023,10,13,0,0,16.5,14.4,87.21,,,,,,,,,,,,,,,,,,,,,,,,,,,,,,,,,,,,
2023,10,13,1,0,15.9,14.2,89.44,,,,,,,,,,,,,,,,,,,,,,,,,,,,,,,,,,,,
2023,10,13,2,0,15.1,14,92.87,,,,,,,,,,,,,,,,,,,,,,,,,,,,,,,,,,,,
2023,10,13,3,0,14.4,13.8,96.07,,,,,,,,,,,,,,,,,,,,,,,,,,,,,,,,,,,,
2023,10,13,4,0,14,13.7,98.13,,,,,,,,,,,,,,,,,,,,,,,,,,,,,,,,,,,,
2023,10,13,5,0,14.1,13.6,97.12,,,,,,,,,,,,,,,,,,,,,,,,,,,,,,,,,,,,
2023,10,13,6,0,14.1,13.6,96.93,,,,,,,,,,,,,,,,,,,,,,,,,,,,,,,,,,,,
2023,10,13,7,0,14.1,13.6,96.84,,,,,,,,,,,,,,,,,,,,,,,,,,,,,,,,,,,,
2023,10,13,8,0,14.1,13.6,96.63,,,,,,,,,,,,,,,,,,,,,,,,,,,,,,,,,,,,
2023,10,13,9,0,14.1,13.5,96.44,,,,,,,,,,,,,,,,,,,,,,,,,,,,,,,,,,,,
2023,10,13,10,0,14,13.5,96.89,,,,,,,,,,,,,,,,,,,,,,,,,,,,,,,,,,,,
2023,10,13,11,0,13.9,13.5,97.59,,,,,,,,,,,,,,,,,,,,,,,,,,,,,,,,,,,,
2023,10,13,12,0,14.3,13.7,96.45,,,,,,,,,,,,,,,,,,,,,,,,,,,,,,,,,,,,
2023,10,13,13,0,15.8,14.4,91.11,,,,,,,,,,,,,,,,,,,,,,,,,,,,,,,,,,,,
2023,10,13,14,0,17.8,14.6,81.44,,,,,,,,,,,,,,,,,,,,,,,,,,,,,,,,,,,,
2023,10,13,15,0,19.5,14.5,72.74,,,,,,,,,,,,,,,,,,,,,,,,,,,,,,,,,,,,
2023,10,13,16,0,20.8,14.6,67.82,,,,,,,,,,,,,,,,,,,,,,,,,,,,,,,,,,,,
2023,10,13,17,0,21.5,15,66.7,,,,,,,,,,,,,,,,,,,,,,,,,,,,,,,,,,,,
2023,10,13,18,0,21.7,15.5,67.76,,,,,,,,,,,,,,,,,,,,,,,,,,,,,,,,,,,,
2023,10,13,19,0,21.7,15.9,69.6,,,,,,,,,,,,,,,,,,,,,,,,,,,,,,,,,,,,
2023,10,13,20,0,21.4,16.2,72.27,,,,,,,,,,,,,,,,,,,,,,,,,,,,,,,,,,,,
2023,10,13,21,0,20.7,16.5,76.66,,,,,,,,,,,,,,,,,,,,,,,,,,,,,,,,,,,,
2023,10,13,22,0,19.5,16.8,84.42,,,,,,,,,,,,,,,,,,,,,,,,,,,,,,,,,,,,
2023,10,13,23,0,17.7,16.8,94.64,,,,,,,,,,,,,,,,,,,,,,,,,,,,,,,,,,,,
2023,10,14,0,0,17,16.5,96.99,,,,,,,,,,,,,,,,,,,,,,,,,,,,,,,,,,,,
2023,10,14,1,0,16.4,16.3,99.13,,,,,,,,,,,,,,,,,,,,,,,,,,,,,,,,,,,,
2023,10,14,2,0,15.9,15.9,100,,,,,,,,,,,,,,,,,,,,,,,,,,,,,,,,,,,,
2023,10,14,3,0,15.5,15.5,100,,,,,,,,,,,,,,,,,,,,,,,,,,,,,,,,,,,,
2023,10,14,4,0,15.1,15.1,100,,,,,,,,,,,,,,,,,,,,,,,,,,,,,,,,,,,,
2023,10,14,5,0,14.8,14.8,100,,,,,,,,,,,,,,,,,,,,,,,,,,,,,,,,,,,,
2023,10,14,6,0,14.8,14.8,100,,,,,,,,,,,,,,,,,,,,,,,,,,,,,,,,,,,,
2023,10,14,7,0,15,14.7,98.25,,,,,,,,,,,,,,,,,,,,,,,,,,,,,,,,,,,,
2023,10,14,8,0,14.7,14.6,99.1,,,,,,,,,,,,,,,,,,,,,,,,,,,,,,,,,,,,
2023,10,14,9,0,14.2,14.2,100,,,,,,,,,,,,,,,,,,,,,,,,,,,,,,,,,,,,
2023,10,14,10,0,13.9,13.9,100,,,,,,,,,,,,,,,,,,,,,,,,,,,,,,,,,,,,
2023,10,14,11,0,14.1,14.1,100,,,,,,,,,,,,,,,,,,,,,,,,,,,,,,,,,,,,
2023,10,14,12,0,15.2,15.2,100,,,,,,,,,,,,,,,,,,,,,,,,,,,,,,,,,,,,
2023,10,14,13,0,17.1,16.8,98.08,,,,,,,,,,,,,,,,,,,,,,,,,,,,,,,,,,,,
2023,10,14,14,0,19.1,17.4,89.94,,,,,,,,,,,,,,,,,,,,,,,,,,,,,,,,,,,,
2023,10,14,15,0,21.7,16.5,72.2,,,,,,,,,,,,,,,,,,,,,,,,,,,,,,,,,,,,
2023,10,14,16,0,23.7,15.9,61.61,,,,,,,,,,,,,,,,,,,,,,,,,,,,,,,,,,,,
2023,10,14,17,0,24.8,14.9,54.16,,,,,,,,,,,,,,,,,,,,,,,,,,,,,,,,,,,,
2023,10,14,18,0,25.4,13.8,48.57,,,,,,,,,,,,,,,,,,,,,,,,,,,,,,,,,,,,
2023,10,14,19,0,25.5,12.6,44.86,,,,,,,,,,,,,,,,,,,,,,,,,,,,,,,,,,,,
2023,10,14,20,0,25,11.2,42.13,,,,,,,,,,,,,,,,,,,,,,,,,,,,,,,,,,,,
2023,10,14,21,0,23.9,9.7,40.61,,,,,,,,,,,,,,,,,,,,,,,,,,,,,,,,,,,,
2023,10,14,22,0,21.9,8.9,43.3,,,,,,,,,,,,,,,,,,,,,,,,,,,,,,,,,,,,
2023,10,14,23,0,18.7,9,53.13,,,,,,,,,,,,,,,,,,,,,,,,,,,,,,,,,,,,
2023,10,15,0,0,17.2,8.9,58.14,,,,,,,,,,,,,,,,,,,,,,,,,,,,,,,,,,,,
2023,10,15,1,0,15.9,9.1,64.22,,,,,,,,,,,,,,,,,,,,,,,,,,,,,,,,,,,,
2023,10,15,2,0,14.4,9.5,72.34,,,,,,,,,,,,,,,,,,,,,,,,,,,,,,,,,,,,
2023,10,15,3,0,13.6,9.4,75.81,,,,,,,,,,,,,,,,,,,,,,,,,,,,,,,,,,,,
2023,10,15,4,0,12.9,9.2,78.35,,,,,,,,,,,,,,,,,,,,,,,,,,,,,,,,,,,,
2023,10,15,5,0,12.2,9.2,81.9,,,,,,,,,,,,,,,,,,,,,,,,,,,,,,,,,,,,
2023,10,15,6,0,11.5,9.2,86.06,,,,,,,,,,,,,,,,,,,,,,,,,,,,,,,,,,,,
2023,10,15,7,0,10.9,9.3,90.09,,,,,,,,,,,,,,,,,,,,,,,,,,,,,,,,,,,,
2023,10,15,8,0,10.4,9.4,93.82,,,,,,,,,,,,,,,,,,,,,,,,,,,,,,,,,,,,
2023,10,15,9,0,10.2,9.6,95.95,,,,,,,,,,,,,,,,,,,,,,,,,,,,,,,,,,,,
2023,10,15,10,0,10.5,9.7,94.76,,,,,,,,,,,,,,,,,,,,,,,,,,,,,,,,,,,,
2023,10,15,11,0,11,9.8,92.38,,,,,,,,,,,,,,,,,,,,,,,,,,,,,,,,,,,,
2023,10,15,12,0,11.9,10,87.97,,,,,,,,,,,,,,,,,,,,,,,,,,,,,,,,,,,,
2023,10,15,13,0,13.7,10.2,79.37,,,,,,,,,,,,,,,,,,,,,,,,,,,,,,,,,,,,
2023,10,15,14,0,15.6,10.1,69.98,,,,,,,,,,,,,,,,,,,,,,,,,,,,,,,,,,,,
2023,10,15,15,0,17.2,9.5,60.58,,,,,,,,,,,,,,,,,,,,,,,,,,,,,,,,,,,,
2023,10,15,16,0,18,9.1,55.91,,,,,,,,,,,,,,,,,,,,,,,,,,,,,,,,,,,,
2023,10,15,17,0,18.5,8.8,53.32,,,,,,,,,,,,,,,,,,,,,,,,,,,,,,,,,,,,
2023,10,15,18,0,18.8,8.5,51.22,,,,,,,,,,,,,,,,,,,,,,,,,,,,,,,,,,,,
2023,10,15,19,0,18.5,8.2,51,,,,,,,,,,,,,,,,,,,,,,,,,,,,,,,,,,,,
2023,10,15,20,0,17.9,7.9,51.92,,,,,,,,,,,,,,,,,,,,,,,,,,,,,,,,,,,,
2023,10,15,21,0,17.3,7.5,52.5,,,,,,,,,,,,,,,,,,,,,,,,,,,,,,,,,,,,
2023,10,15,22,0,16.2,7.2,55.05,,,,,,,,,,,,,,,,,,,,,,,,,,,,,,,,,,,,
2023,10,15,23,0,14.5,7.1,61.25,,,,,,,,,,,,,,,,,,,,,,,,,,,,,,,,,,,,
2023,10,16,0,0,13.6,6.9,63.75,,,,,,,,,,,,,,,,,,,,,,,,,,,,,,,,,,,,
2023,10,16,1,0,12.7,6.5,65.74,,,,,,,,,,,,,,,,,,,,,,,,,,,,,,,,,,,,
2023,10,16,2,0,11.6,6,68.46,,,,,,,,,,,,,,,,,,,,,,,,,,,,,,,,,,,,
2023,10,16,3,0,10.6,5.5,70.94,,,,,,,,,,,,,,,,,,,,,,,,,,,,,,,,,,,,
2023,10,16,4,0,9.8,5.3,73.59,,,,,,,,,,,,,,,,,,,,,,,,,,,,,,,,,,,,
2023,10,16,5,0,8.9,5.2,77.63,,,,,,,,,,,,,,,,,,,,,,,,,,,,,,,,,,,,
2023,10,16,6,0,8.1,5.1,81.56,,,,,,,,,,,,,,,,,,,,,,,,,,,,,,,,,,,,
2023,10,16,7,0,7.4,5.1,85.15,,,,,,,,,,,,,,,,,,,,,,,,,,,,,,,,,,,,
2023,10,16,8,0,6.9,5,87.42,,,,,,,,,,,,,,,,,,,,,,,,,,,,,,,,,,,,
2023,10,16,9,0,6.4,4.8,89.72,,,,,,,,,,,,,,,,,,,,,,,,,,,,,,,,,,,,
2023,10,16,10,0,5.9,4.8,92.37,,,,,,,,,,,,,,,,,,,,,,,,,,,,,,,,,,,,
2023,10,16,11,0,5.5,4.8,94.93,,,,,,,,,,,,,,,,,,,,,,,,,,,,,,,,,,,,
2023,10,16,12,0,6.2,4.9,91.34,,,,,,,,,,,,,,,,,,,,,,,,,,,,,,,,,,,,
2023,10,16,13,0,9.1,5.3,77.38,,,,,,,,,,,,,,,,,,,,,,,,,,,,,,,,,,,,
2023,10,16,14,0,12.3,5.6,63.62,,,,,,,,,,,,,,,,,,,,,,,,,,,,,,,,,,,,
2023,10,16,15,0,14.3,4.9,53.15,,,,,,,,,,,,,,,,,,,,,,,,,,,,,,,,,,,,
2023,10,16,16,0,15.4,4.3,47.45,,,,,,,,,,,,,,,,,,,,,,,,,,,,,,,,,,,,
2023,10,16,17,0,15.9,4.1,45.49,,,,,,,,,,,,,,,,,,,,,,,,,,,,,,,,,,,,
2023,10,16,18,0,16.3,4.3,44.93,,,,,,,,,,,,,,,,,,,,,,,,,,,,,,,,,,,,
2023,10,16,19,0,16.2,4.6,46.15,,,,,,,,,,,,,,,,,,,,,,,,,,,,,,,,,,,,
2023,10,16,20,0,15.7,4.8,48.21,,,,,,,,,,,,,,,,,,,,,,,,,,,,,,,,,,,,
2023,10,16,21,0,14.9,4.8,50.93,,,,,,,,,,,,,,,,,,,,,,,,,,,,,,,,,,,,
2023,10,16,22,0,13.7,4.9,55.41,,,,,,,,,,,,,,,,,,,,,,,,,,,,,,,,,,,,
2023,10,16,23,0,11.5,5.4,66.14,,,,,,,,,,,,,,,,,,,,,,,,,,,,,,,,,,,,
2023,10,17,0,0,10.4,5.7,72.54,,,,,,,,,,,,,,,,,,,,,,,,,,,,,,,,,,,,
2023,10,17,1,0,9.3,5.9,79.27,,,,,,,,,,,,,,,,,,,,,,,,,,,,,,,,,,,,
2023,10,17,2,0,8.4,6,84.9,,,,,,,,,,,,,,,,,,,,,,,,,,,,,,,,,,,,
2023,10,17,3,0,7.8,6,88.61,,,,,,,,,,,,,,,,,,,,,,,,,,,,,,,,,,,,
2023,10,17,4,0,7.3,6.1,91.84,,,,,,,,,,,,,,,,,,,,,,,,,,,,,,,,,,,,
2023,10,17,5,0,6.7,6.1,95.94,,,,,,,,,,,,,,,,,,,,,,,,,,,,,,,,,,,,
2023,10,17,6,0,6.3,6.1,98.91,,,,,,,,,,,,,,,,,,,,,,,,,,,,,,,,,,,,
2023,10,17,7,0,6,6,100,,,,,,,,,,,,,,,,,,,,,,,,,,,,,,,,,,,,
2023,10,17,8,0,5.9,5.9,100,,,,,,,,,,,,,,,,,,,,,,,,,,,,,,,,,,,,
2023,10,17,9,0,5.7,5.7,100,,,,,,,,,,,,,,,,,,,,,,,,,,,,,,,,,,,,
2023,10,17,10,0,5.8,5.8,100,,,,,,,,,,,,,,,,,,,,,,,,,,,,,,,,,,,,
2023,10,17,11,0,5.8,5.8,100,,,,,,,,,,,,,,,,,,,,,,,,,,,,,,,,,,,,
2023,10,17,12,0,6.5,6,96.53,,,,,,,,,,,,,,,,,,,,,,,,,,,,,,,,,,,,
2023,10,17,13,0,8.8,6.4,84.76,,,,,,,,,,,,,,,,,,,,,,,,,,,,,,,,,,,,
2023,10,17,14,0,12.4,6,65.2,,,,,,,,,,,,,,,,,,,,,,,,,,,,,,,,,,,,
2023,10,17,15,0,15.9,4.8,47.58,,,,,,,,,,,,,,,,,,,,,,,,,,,,,,,,,,,,
2023,10,17,16,0,17.7,4.6,41.95,,,,,,,,,,,,,,,,,,,,,,,,,,,,,,,,,,,,
2023,10,17,17,0,19.1,4.7,38.79,,,,,,,,,,,,,,,,,,,,,,,,,,,,,,,,,,,,
2023,10,17,18,0,20.1,4.9,36.92,,,,,,,,,,,,,,,,,,,,,,,,,,,,,,,,,,,,
2023,10,17,19,0,20.6,5.1,36.24,,,,,,,,,,,,,,,,,,,,,,,,,,,,,,,,,,,,
2023,10,17,20,0,20.5,5.3,36.98,,,,,,,,,,,,,,,,,,,,,,,,,,,,,,,,,,,,
2023,10,17,21,0,19.8,5.6,39.52,,,,,,,,,,,,,,,,,,,,,,,,,,,,,,,,,,,,
2023,10,17,22,0,17.6,8.2,53.99,,,,,,,,,,,,,,,,,,,,,,,,,,,,,,,,,,,,
2023,10,17,23,0,14.2,7.6,64.4,,,,,,,,,,,,,,,,,,,,,,,,,,,,,,,,,,,,
2023,10,18,0,0,12.8,7,67.76,,,,,,,,,,,,,,,,,,,,,,,,,,,,,,,,,,,,
2023,10,18,1,0,11.8,6.7,71.03,,,,,,,,,,,,,,,,,,,,,,,,,,,,,,,,,,,,
2023,10,18,2,0,10.9,6.4,73.95,,,,,,,,,,,,,,,,,,,,,,,,,,,,,,,,,,,,
2023,10,18,3,0,9.9,6.2,77.59,,,,,,,,,,,,,,,,,,,,,,,,,,,,,,,,,,,,
2023,10,18,4,0,9.3,5.9,79.1,,,,,,,,,,,,,,,,,,,,,,,,,,,,,,,,,,,,
2023,10,18,5,0,8.7,5.6,80.92,,,,,,,,,,,,,,,,,,,,,,,,,,,,,,,,,,,,
2023,10,18,6,0,8.3,5.4,82.23,,,,,,,,,,,,,,,,,,,,,,,,,,,,,,,,,,,,
2023,10,18,7,0,7.8,5.4,84.74,,,,,,,,,,,,,,,,,,,,,,,,,,,,,,,,,,,,
2023,10,18,8,0,7.5,5.4,86.39,,,,,,,,,,,,,,,,,,,,,,,,,,,,,,,,,,,,
2023,10,18,9,0,7.2,5.4,88.33,,,,,,,,,,,,,,,,,,,,,,,,,,,,,,,,,,,,
2023,10,18,10,0,6.7,5.5,91.75,,,,,,,,,,,,,,,,,,,,,,,,,,,,,,,,,,,,
2023,10,18,11,0,6.3,5.5,94.85,,,,,,,,,,,,,,,,,,,,,,,,,,,,,,,,,,,,
2023,10,18,12,0,7.3,6.1,91.92,,,,,,,,,,,,,,,,,,,,,,,,,,,,,,,,,,,,
2023,10,18,13,0,11.1,6.6,73.96,,,,,,,,,,,,,,,,,,,,,,,,,,,,,,,,,,,,
2023,10,18,14,0,15.5,6.1,53.6,,,,,,,,,,,,,,,,,,,,,,,,,,,,,,,,,,,,
2023,10,18,15,0,18.8,5.1,40.5,,,,,,,,,,,,,,,,,,,,,,,,,,,,,,,,,,,,
2023,10,18,16,0,20.4,5.3,37.21,,,,,,,,,,,,,,,,,,,,,,,,,,,,,,,,,,,,
2023,10,18,17,0,21.6,5.6,35.29,,,,,,,,,,,,,,,,,,,,,,,,,,,,,,,,,,,,
2023,10,18,18,0,22.4,5.9,34.21,,,,,,,,,,,,,,,,,,,,,,,,,,,,,,,,,,,,
2023,10,18,19,0,22.6,6.1,34.34,,,,,,,,,,,,,,,,,,,,,,,,,,,,,,,,,,,,
2023,10,18,20,0,22.4,6.4,35.59,,,,,,,,,,,,,,,,,,,,,,,,,,,,,,,,,,,,
2023,10,18,21,0,21.5,6.8,38.69,,,,,,,,,,,,,,,,,,,,,,,,,,,,,,,,,,,,
2023,10,18,22,0,18.6,9.5,55.39,,,,,,,,,,,,,,,,,,,,,,,,,,,,,,,,,,,,
2023,10,18,23,0,14.1,9.5,73.92,,,,,,,,,,,,,,,,,,,,,,,,,,,,,,,,,,,,
2023,10,19,0,0,13.3,9.4,77.26,,,,,,,,,,,,,,,,,,,,,,,,,,,,,,,,,,,,
2023,10,19,1,0,12.7,9.5,81.14,,,,,,,,,,,,,,,,,,,,,,,,,,,,,,,,,,,,
2023,10,19,2,0,12,9.6,85.32,,,,,,,,,,,,,,,,,,,,,,,,,,,,,,,,,,,,
2023,10,19,3,0,11.3,9.6,88.99,,,,,,,,,,,,,,,,,,,,,,,,,,,,,,,,,,,,
2023,10,19,4,0,10.6,9.5,92.6,,,,,,,,,,,,,,,,,,,,,,,,,,,,,,,,,,,,
2023,10,19,5,0,10.1,9.3,95.02,,,,,,,,,,,,,,,,,,,,,,,,,,,,,,,,,,,,
2023,10,19,6,0,9.7,9.2,96.91,,,,,,,,,,,,,,,,,,,,,,,,,,,,,,,,,,,,
2023,10,19,7,0,9.3,9.1,98.86,,,,,,,,,,,,,,,,,,,,,,,,,,,,,,,,,,,,
2023,10,19,8,0,8.9,8.9,100,,,,,,,,,,,,,,,,,,,,,,,,,,,,,,,,,,,,
2023,10,19,9,0,8.5,8.5,100,,,,,,,,,,,,,,,,,,,,,,,,,,,,,,,,,,,,
2023,10,19,10,0,8,8,100,,,,,,,,,,,,,,,,,,,,,,,,,,,,,,,,,,,,
2023,10,19,11,0,7.6,7.6,100,,,,,,,,,,,,,,,,,,,,,,,,,,,,,,,,,,,,
2023,10,19,12,0,8.8,8.8,100,,,,,,,,,,,,,,,,,,,,,,,,,,,,,,,,,,,,
2023,10,19,13,0,11.8,10.1,89.03,,,,,,,,,,,,,,,,,,,,,,,,,,,,,,,,,,,,
2023,10,19,14,0,15.5,11,74.76,,,,,,,,,,,,,,,,,,,,,,,,,,,,,,,,,,,,
2023,10,19,15,0,19.9,9.9,52.56,,,,,,,,,,,,,,,,,,,,,,,,,,,,,,,,,,,,
2023,10,19,16,0,22,9.1,43.79,,,,,,,,,,,,,,,,,,,,,,,,,,,,,,,,,,,,
2023,10,19,17,0,23.1,9,40.77,,,,,,,,,,,,,,,,,,,,,,,,,,,,,,,,,,,,
2023,10,19,18,0,23.6,9,39.56,,,,,,,,,,,,,,,,,,,,,,,,,,,,,,,,,,,,
2023,10,19,19,0,23.3,9.3,41.03,,,,,,,,,,,,,,,,,,,,,,,,,,,,,,,,,,,,
2023,10,19,20,0,21.9,10.2,47.49,,,,,,,,,,,,,,,,,,,,,,,,,,,,,,,,,,,,
2023,10,19,21,0,19.7,12.6,63.55,,,,,,,,,,,,,,,,,,,,,,,,,,,,,,,,,,,,
2023,10,19,22,0,17.5,13.6,78.07,,,,,,,,,,,,,,,,,,,,,,,,,,,,,,,,,,,,
2023,10,19,23,0,15.5,13.1,85.39,,,,,,,,,,,,,,,,,,,,,,,,,,,,,,,,,,,,
2023,10,20,0,0,14.3,12.5,89,,,,,,,,,,,,,,,,,,,,,,,,,,,,,,,,,,,,
2023,10,20,1,0,13.2,12,92.34,,,,,,,,,,,,,,,,,,,,,,,,,,,,,,,,,,,,
2023,10,20,2,0,12.4,11.6,95.16,,,,,,,,,,,,,,,,,,,,,,,,,,,,,,,,,,,,
2023,10,20,3,0,11.8,11.4,97.4,,,,,,,,,,,,,,,,,,,,,,,,,,,,,,,,,,,,
2023,10,20,4,0,11.6,11.2,97.32,,,,,,,,,,,,,,,,,,,,,,,,,,,,,,,,,,,,
2023,10,20,5,0,11.5,11,96.92,,,,,,,,,,,,,,,,,,,,,,,,,,,,,,,,,,,,
2023,10,20,6,0,11.5,11,96.48,,,,,,,,,,,,,,,,,,,,,,,,,,,,,,,,,,,,
2023,10,20,7,0,11.4,11,97.13,,,,,,,,,,,,,,,,,,,,,,,,,,,,,,,,,,,,
2023,10,20,8,0,11.6,11.2,97.24,,,,,,,,,,,,,,,,,,,,,,,,,,,,,,,,,,,,
2023,10,20,9,0,11.8,11.5,98.2,,,,,,,,,,,,,,,,,,,,,,,,,,,,,,,,,,,,
2023,10,20,10,0,12,11.8,98.67,,,,,,,,,,,,,,,,,,,,,,,,,,,,,,,,,,,,
2023,10,20,11,0,12,11.9,99.41,,,,,,,,,,,,,,,,,,,,,,,,,,,,,,,,,,,,
2023,10,20,12,0,12.6,12.4,98.99,,,,,,,,,,,,,,,,,,,,,,,,,,,,,,,,,,,,
2023,10,20,13,0,14.2,13.7,97.06,,,,,,,,,,,,,,,,,,,,,,,,,,,,,,,,,,,,
2023,10,20,14,0,16.4,15.1,92.22,,,,,,,,,,,,,,,,,,,,,,,,,,,,,,,,,,,,
2023,10,20,15,0,19.2,14.9,76.04,,,,,,,,,,,,,,,,,,,,,,,,,,,,,,,,,,,,
2023,10,20,16,0,22,12.3,54.05,,,,,,,,,,,,,,,,,,,,,,,,,,,,,,,,,,,,
2023,10,20,17,0,23.4,10.2,43.16,,,,,,,,,,,,,,,,,,,,,,,,,,,,,,,,,,,,
2023,10,20,18,0,24.1,9,38.33,,,,,,,,,,,,,,,,,,,,,,,,,,,,,,,,,,,,
2023,10,20,19,0,24.5,8.3,35.68,,,,,,,,,,,,,,,,,,,,,,,,,,,,,,,,,,,,
2023,10,20,20,0,24.4,7.9,34.79,,,,,,,,,,,,,,,,,,,,,,,,,,,,,,,,,,,,
2023,10,20,21,0,23.7,7.7,35.9,,,,,,,,,,,,,,,,,,,,,,,,,,,,,,,,,,,,
2023,10,20,22,0,21.8,8.1,41.4,,,,,,,,,,,,,,,,,,,,,,,,,,,,,,,,,,,,
2023,10,20,23,0,18.5,8.4,51.88,,,,,,,,,,,,,,,,,,,,,,,,,,,,,,,,,,,,
2023,10,21,0,0,17.1,8,55.16,,,,,,,,,,,,,,,,,,,,,,,,,,,,,,,,,,,,
2023,10,21,1,0,15.8,7.5,57.93,,,,,,,,,,,,,,,,,,,,,,,,,,,,,,,,,,,,
2023,10,21,2,0,14.3,7.2,62.28,,,,,,,,,,,,,,,,,,,,,,,,,,,,,,,,,,,,
2023,10,21,3,0,12.9,7,67.24,,,,,,,,,,,,,,,,,,,,,,,,,,,,,,,,,,,,
2023,10,21,4,0,11.7,6.7,71.52,,,,,,,,,,,,,,,,,,,,,,,,,,,,,,,,,,,,
2023,10,21,5,0,10.7,6.5,75.12,,,,,,,,,,,,,,,,,,,,,,,,,,,,,,,,,,,,
2023,10,21,6,0,9.9,6.2,77.7,,,,,,,,,,,,,,,,,,,,,,,,,,,,,,,,,,,,
2023,10,21,7,0,9.1,5.9,80.41,,,,,,,,,,,,,,,,,,,,,,,,,,,,,,,,,,,,
2023,10,21,8,0,8.5,5.6,82.25,,,,,,,,,,,,,,,,,,,,,,,,,,,,,,,,,,,,
2023,10,21,9,0,8,5.4,83.69,,,,,,,,,,,,,,,,,,,,,,,,,,,,,,,,,,,,
2023,10,21,10,0,7.5,5.2,85.49,,,,,,,,,,,,,,,,,,,,,,,,,,,,,,,,,,,,
2023,10,21,11,0,7.1,5.1,86.86,,,,,,,,,,,,,,,,,,,,,,,,,,,,,,,,,,,,
2023,10,21,12,0,8.1,5.3,82.24,,,,,,,,,,,,,,,,,,,,,,,,,,,,,,,,,,,,
2023,10,21,13,0,11.5,5.4,66.17,,,,,,,,,,,,,,,,,,,,,,,,,,,,,,,,,,,,
2023,10,21,14,0,15.8,5.1,49.11,,,,,,,,,,,,,,,,,,,,,,,,,,,,,,,,,,,,
2023,10,21,15,0,18.9,4.4,38.23,,,,,,,,,,,,,,,,,,,,,,,,,,,,,,,,,,,,
2023,10,21,16,0,20.8,3.8,32.74,,,,,,,,,,,,,,,,,,,,,,,,,,,,,,,,,,,,
2023,10,21,17,0,22.5,3.5,28.79,,,,,,,,,,,,,,,,,,,,,,,,,,,,,,,,,,,,
2023,10,21,18,0,23.8,3.5,26.72,,,,,,,,,,,,,,,,,,,,,,,,,,,,,,,,,,,,
2023,10,21,19,0,24.6,3.9,26.08,,,,,,,,,,,,,,,,,,,,,,,,,,,,,,,,,,,,
2023,10,21,20,0,24.8,4.4,26.67,,,,,,,,,,,,,,,,,,,,,,,,,,,,,,,,,,,,
2023,10,21,21,0,24,5.7,30.63,,,,,,,,,,,,,,,,,,,,,,,,,,,,,,,,,,,,
2023,10,21,22,0,20.5,9.3,48.48,,,,,,,,,,,,,,,,,,,,,,,,,,,,,,,,,,,,
2023,10,21,23,0,16.4,8.5,59.56,,,,,,,,,,,,,,,,,,,,,,,,,,,,,,,,,,,,
2023,10,22,0,0,16.6,8.1,57.17,,,,,,,,,,,,,,,,,,,,,,,,,,,,,,,,,,,,
2023,10,22,1,0,15.8,8.4,61.53,,,,,,,,,,,,,,,,,,,,,,,,,,,,,,,,,,,,
2023,10,22,2,0,15,8.9,66.75,,,,,,,,,,,,,,,,,,,,,,,,,,,,,,,,,,,,
2023,10,22,3,0,14.6,9,69.17,,,,,,,,,,,,,,,,,,,,,,,,,,,,,,,,,,,,
2023,10,22,4,0,14.2,9.1,71.32,,,,,,,,,,,,,,,,,,,,,,,,,,,,,,,,,,,,
2023,10,22,5,0,13.9,9,72.46,,,,,,,,,,,,,,,,,,,,,,,,,,,,,,,,,,,,
2023,10,22,6,0,13.7,8.9,72.98,,,,,,,,,,,,,,,,,,,,,,,,,,,,,,,,,,,,
2023,10,22,7,0,13.4,9.1,75.29,,,,,,,,,,,,,,,,,,,,,,,,,,,,,,,,,,,,
2023,10,22,8,0,12.8,9.7,81.3,,,,,,,,,,,,,,,,,,,,,,,,,,,,,,,,,,,,
2023,10,22,9,0,12.4,10,85.2,,,,,,,,,,,,,,,,,,,,,,,,,,,,,,,,,,,,
2023,10,22,10,0,12.3,10,85.93,,,,,,,,,,,,,,,,,,,,,,,,,,,,,,,,,,,,
2023,10,22,11,0,12.2,9.9,85.83,,,,,,,,,,,,,,,,,,,,,,,,,,,,,,,,,,,,
2023,10,22,12,0,12.5,9.8,83.37,,,,,,,,,,,,,,,,,,,,,,,,,,,,,,,,,,,,
2023,10,22,13,0,14.3,9.7,73.81,,,,,,,,,,,,,,,,,,,,,,,,,,,,,,,,,,,,
2023,10,22,14,0,17.4,8.4,55.54,,,,,,,,,,,,,,,,,,,,,,,,,,,,,,,,,,,,
2023,10,22,15,0,20.4,5.5,37.63,,,,,,,,,,,,,,,,,,,,,,,,,,,,,,,,,,,,
2023,10,22,16,0,22.6,3.6,28.84,,,,,,,,,,,,,,,,,,,,,,,,,,,,,,,,,,,,
2023,10,22,17,0,24.1,2.3,24.06,,,,,,,,,,,,,,,,,,,,,,,,,,,,,,,,,,,,
2023,10,22,18,0,25.1,1.4,21.27,,,,,,,,,,,,,,,,,,,,,,,,,,,,,,,,,,,,
2023,10,22,19,0,25.4,0.9,20.1,,,,,,,,,,,,,,,,,,,,,,,,,,,,,,,,,,,,
2023,10,22,20,0,25,0.7,20.36,,,,,,,,,,,,,,,,,,,,,,,,,,,,,,,,,,,,
2023,10,22,21,0,23.6,2.4,25.03,,,,,,,,,,,,,,,,,,,,,,,,,,,,,,,,,,,,
2023,10,22,22,0,19.3,8.2,48.46,,,,,,,,,,,,,,,,,,,,,,,,,,,,,,,,,,,,
2023,10,22,23,0,15.4,7.2,58.19,,,,,,,,,,,,,,,,,,,,,,,,,,,,,,,,,,,,
2023,10,23,0,0,14.4,6.7,59.79,,,,,,,,,,,,,,,,,,,,,,,,,,,,,,,,,,,,
2023,10,23,1,0,13.7,6.4,61.53,,,,,,,,,,,,,,,,,,,,,,,,,,,,,,,,,,,,
2023,10,23,2,0,13,6.6,64.92,,,,,,,,,,,,,,,,,,,,,,,,,,,,,,,,,,,,
2023,10,23,3,0,12.5,6.7,67.69,,,,,,,,,,,,,,,,,,,,,,,,,,,,,,,,,,,,
2023,10,23,4,0,11.7,6.7,71.43,,,,,,,,,,,,,,,,,,,,,,,,,,,,,,,,,,,,
2023,10,23,5,0,11,6.6,74.27,,,,,,,,,,,,,,,,,,,,,,,,,,,,,,,,,,,,
2023,10,23,6,0,11.2,6.6,73.4,,,,,,,,,,,,,,,,,,,,,,,,,,,,,,,,,,,,
2023,10,23,7,0,10.7,6.9,77.29,,,,,,,,,,,,,,,,,,,,,,,,,,,,,,,,,,,,
2023,10,23,8,0,10.3,7,80.14,,,,,,,,,,,,,,,,,,,,,,,,,,,,,,,,,,,,
2023,10,23,9,0,9.9,7.2,83.14,,,,,,,,,,,,,,,,,,,,,,,,,,,,,,,,,,,,
2023,10,23,10,0,9.4,7.2,86.25,,,,,,,,,,,,,,,,,,,,,,,,,,,,,,,,,,,,
2023,10,23,11,0,9.4,7.4,87.04,,,,,,,,,,,,,,,,,,,,,,,,,,,,,,,,,,,,
2023,10,23,12,0,10.1,7.6,84.28,,,,,,,,,,,,,,,,,,,,,,,,,,,,,,,,,,,,
2023,10,23,13,0,12.1,7.5,73.6,,,,,,,,,,,,,,,,,,,,,,,,,,,,,,,,,,,,
2023,10,23,14,0,15.1,6.3,55.86,,,,,,,,,,,,,,,,,,,,,,,,,,,,,,,,,,,,
2023,10,23,15,0,18,5.7,44.4,,,,,,,,,,,,,,,,,,,,,,,,,,,,,,,,,,,,
2023,10,23,16,0,20.3,5.8,38.75,,,,,,,,,,,,,,,,,,,,,,,,,,,,,,,,,,,,
2023,10,23,17,0,21.8,5.8,35.42,,,,,,,,,,,,,,,,,,,,,,,,,,,,,,,,,,,,
2023,10,23,18,0,22.9,5.8,33.13,,,,,,,,,,,,,,,,,,,,,,,,,,,,,,,,,,,,
2023,10,23,19,0,23.4,5.8,32.14,,,,,,,,,,,,,,,,,,,,,,,,,,,,,,,,,,,,
2023,10,23,20,0,23.4,5.9,32.19,,,,,,,,,,,,,,,,,,,,,,,,,,,,,,,,,,,,
2023,10,23,21,0,22.4,6.3,35.36,,,,,,,,,,,,,,,,,,,,,,,,,,,,,,,,,,,,
2023,10,23,22,0,18.8,9.9,56.25,,,,,,,,,,,,,,,,,,,,,,,,,,,,,,,,,,,,
2023,10,23,23,0,14.5,8.8,68.53,,,,,,,,,,,,,,,,,,,,,,,,,,,,,,,,,,,,
2023,10,24,0,0,13.6,8.1,69.58,,,,,,,,,,,,,,,,,,,,,,,,,,,,,,,,,,,,
2023,10,24,1,0,13.1,7.8,70.24,,,,,,,,,,,,,,,,,,,,,,,,,,,,,,,,,,,,
2023,10,24,2,0,12.6,7.7,71.88,,,,,,,,,,,,,,,,,,,,,,,,,,,,,,,,,,,,
2023,10,24,3,0,11.4,7.7,77.86,,,,,,,,,,,,,,,,,,,,,,,,,,,,,,,,,,,,
2023,10,24,4,0,10.7,7.5,80.68,,,,,,,,,,,,,,,,,,,,,,,,,,,,,,,,,,,,
2023,10,24,5,0,10,7.3,83.55,,,,,,,,,,,,,,,,,,,,,,,,,,,,,,,,,,,,
2023,10,24,6,0,9.5,7.2,85.58,,,,,,,,,,,,,,,,,,,,,,,,,,,,,,,,,,,,
2023,10,24,7,0,9.1,7.1,87.45,,,,,,,,,,,,,,,,,,,,,,,,,,,,,,,,,,,,
2023,10,24,8,0,9.1,7.1,87.35,,,,,,,,,,,,,,,,,,,,,,,,,,,,,,,,,,,,
2023,10,24,9,0,9.1,7.2,87.65,,,,,,,,,,,,,,,,,,,,,,,,,,,,,,,,,,,,
2023,10,24,10,0,8.2,6.8,91.04,,,,,,,,,,,,,,,,,,,,,,,,,,,,,,,,,,,,
2023,10,24,11,0,7.5,6.7,94.41,,,,,,,,,,,,,,,,,,,,,,,,,,,,,,,,,,,,
2023,10,24,12,0,8,6.7,91.53,,,,,,,,,,,,,,,,,,,,,,,,,,,,,,,,,,,,
2023,10,24,13,0,10.6,7.3,79.96,,,,,,,,,,,,,,,,,,,,,,,,,,,,,,,,,,,,
2023,10,24,14,0,14.5,7.5,62.72,,,,,,,,,,,,,,,,,,,,,,,,,,,,,,,,,,,,
2023,10,24,15,0,18,6.1,45.53,,,,,,,,,,,,,,,,,,,,,,,,,,,,,,,,,,,,
2023,10,24,16,0,20.2,5,36.98,,,,,,,,,,,,,,,,,,,,,,,,,,,,,,,,,,,,
2023,10,24,17,0,21.9,4.1,31.23,,,,,,,,,,,,,,,,,,,,,,,,,,,,,,,,,,,,
2023,10,24,18,0,23.1,3.4,27.57,,,,,,,,,,,,,,,,,,,,,,,,,,,,,,,,,,,,
2023,10,24,19,0,23.8,2.8,25.34,,,,,,,,,,,,,,,,,,,,,,,,,,,,,,,,,,,,
2023,10,24,20,0,23.7,2.3,24.68,,,,,,,,,,,,,,,,,,,,,,,,,,,,,,,,,,,,
2023,10,24,21,0,22.6,3,27.6,,,,,,,,,,,,,,,,,,,,,,,,,,,,,,,,,,,,
2023,10,24,22,0,18.5,7.4,48.29,,,,,,,,,,,,,,,,,,,,,,,,,,,,,,,,,,,,
2023,10,24,23,0,14.1,6.2,58.92,,,,,,,,,,,,,,,,,,,,,,,,,,,,,,,,,,,,
2023,10,25,0,0,13.5,5.3,57.54,,,,,,,,,,,,,,,,,,,,,,,,,,,,,,,,,,,,
2023,10,25,1,0,12.8,5,59.23,,,,,,,,,,,,,,,,,,,,,,,,,,,,,,,,,,,,
2023,10,25,2,0,11.6,5,64.04,,,,,,,,,,,,,,,,,,,,,,,,,,,,,,,,,,,,
2023,10,25,3,0,10.8,4.9,66.96,,,,,,,,,,,,,,,,,,,,,,,,,,,,,,,,,,,,
2023,10,25,4,0,10.1,4.9,69.96,,,,,,,,,,,,,,,,,,,,,,,,,,,,,,,,,,,,
2023,10,25,5,0,9.6,4.9,72.55,,,,,,,,,,,,,,,,,,,,,,,,,,,,,,,,,,,,
2023,10,25,6,0,9.3,5,74.33,,,,,,,,,,,,,,,,,,,,,,,,,,,,,,,,,,,,
2023,10,25,7,0,9,5,76.08,,,,,,,,,,,,,,,,,,,,,,,,,,,,,,,,,,,,
2023,10,25,8,0,8.7,5,77.64,,,,,,,,,,,,,,,,,,,,,,,,,,,,,,,,,,,,
2023,10,25,9,0,8.5,5.1,78.94,,,,,,,,,,,,,,,,,,,,,,,,,,,,,,,,,,,,
2023,10,25,10,0,8.3,5.2,81,,,,,,,,,,,,,,,,,,,,,,,,,,,,,,,,,,,,
2023,10,25,11,0,8.2,5.5,82.89,,,,,,,,,,,,,,,,,,,,,,,,,,,,,,,,,,,,
2023,10,25,12,0,9,5.9,80.81,,,,,,,,,,,,,,,,,,,,,,,,,,,,,,,,,,,,
2023,10,25,13,0,12.1,6.4,68.37,,,,,,,,,,,,,,,,,,,,,,,,,,,,,,,,,,,,
2023,10,25,14,0,16.4,7.8,56.89,,,,,,,,,,,,,,,,,,,,,,,,,,,,,,,,,,,,
2023,10,25,15,0,20.5,9.4,49.02,,,,,,,,,,,,,,,,,,,,,,,,,,,,,,,,,,,,
2023,10,25,16,0,23.2,10.8,45.57,,,,,,,,,,,,,,,,,,,,,,,,,,,,,,,,,,,,
2023,10,25,17,0,24.5,11.4,43.71,,,,,,,,,,,,,,,,,,,,,,,,,,,,,,,,,,,,
2023,10,25,18,0,25.3,11.6,42.38,,,,,,,,,,,,,,,,,,,,,,,,,,,,,,,,,,,,
2023,10,25,19,0,25.5,11.8,42.35,,,,,,,,,,,,,,,,,,,,,,,,,,,,,,,,,,,,
2023,10,25,20,0,25.3,11.9,43.24,,,,,,,,,,,,,,,,,,,,,,,,,,,,,,,,,,,,
2023,10,25,21,0,24.3,12.1,46.61,,,,,,,,,,,,,,,,,,,,,,,,,,,,,,,,,,,,
2023,10,25,22,0,21.1,14.1,64.16,,,,,,,,,,,,,,,,,,,,,,,,,,,,,,,,,,,,
2023,10,25,23,0,17.5,13.7,78.39,,,,,,,,,,,,,,,,,,,,,,,,,,,,,,,,,,,,
2023,10,26,0,0,16.8,13.5,80.88,,,,,,,,,,,,,,,,,,,,,,,,,,,,,,,,,,,,
2023,10,26,1,0,16.4,13.4,82.68,,,,,,,,,,,,,,,,,,,,,,,,,,,,,,,,,,,,
2023,10,26,2,0,16,13.5,84.89,,,,,,,,,,,,,,,,,,,,,,,,,,,,,,,,,,,,
2023,10,26,3,0,15.5,13.5,87.96,,,,,,,,,,,,,,,,,,,,,,,,,,,,,,,,,,,,
2023,10,26,4,0,15.4,13.7,89.39,,,,,,,,,,,,,,,,,,,,,,,,,,,,,,,,,,,,
2023,10,26,5,0,15.3,13.9,91.39,,,,,,,,,,,,,,,,,,,,,,,,,,,,,,,,,,,,
2023,10,26,6,0,15.1,14.2,94.25,,,,,,,,,,,,,,,,,,,,,,,,,,,,,,,,,,,,
2023,10,26,7,0,14.5,14.4,99.58,,,,,,,,,,,,,,,,,,,,,,,,,,,,,,,,,,,,
2023,10,26,8,0,13.8,13.8,100,,,,,,,,,,,,,,,,,,,,,,,,,,,,,,,,,,,,
2023,10,26,9,0,13.2,13.2,100,,,,,,,,,,,,,,,,,,,,,,,,,,,,,,,,,,,,
2023,10,26,10,0,12.4,12.4,100,,,,,,,,,,,,,,,,,,,,,,,,,,,,,,,,,,,,
2023,10,26,11,0,12.1,12.1,100,,,,,,,,,,,,,,,,,,,,,,,,,,,,,,,,,,,,
2023,10,26,12,0,13,13,100,,,,,,,,,,,,,,,,,,,,,,,,,,,,,,,,,,,,
2023,10,26,13,0,16.1,14.9,92.59,,,,,,,,,,,,,,,,,,,,,,,,,,,,,,,,,,,,
2023,10,26,14,0,19.6,15.9,79.1,,,,,,,,,,,,,,,,,,,,,,,,,,,,,,,,,,,,
2023,10,26,15,0,23.1,15.6,62.69,,,,,,,,,,,,,,,,,,,,,,,,,,,,,,,,,,,,
2023,10,26,16,0,25,14.7,52.7,,,,,,,,,,,,,,,,,,,,,,,,,,,,,,,,,,,,
2023,10,26,17,0,26.1,14.1,47.55,,,,,,,,,,,,,,,,,,,,,,,,,,,,,,,,,,,,
2023,10,26,18,0,26.8,13.8,44.7,,,,,,,,,,,,,,,,,,,,,,,,,,,,,,,,,,,,
2023,10,26,19,0,27,13.6,43.72,,,,,,,,,,,,,,,,,,,,,,,,,,,,,,,,,,,,
2023,10,26,20,0,26.7,13.6,44.44,,,,,,,,,,,,,,,,,,,,,,,,,,,,,,,,,,,,
2023,10,26,21,0,25.7,13.6,47.25,,,,,,,,,,,,,,,,,,,,,,,,,,,,,,,,,,,,
2023,10,26,22,0,22.8,15,61.58,,,,,,,,,,,,,,,,,,,,,,,,,,,,,,,,,,,,
2023,10,26,23,0,18.8,14.9,78.16,,,,,,,,,,,,,,,,,,,,,,,,,,,,,,,,,,,,
2023,10,27,0,0,18,14.6,80.76,,,,,,,,,,,,,,,,,,,,,,,,,,,,,,,,,,,,
2023,10,27,1,0,17.3,14.5,83.82,,,,,,,,,,,,,,,,,,,,,,,,,,,,,,,,,,,,
2023,10,27,2,0,16.4,14.5,88.38,,,,,,,,,,,,,,,,,,,,,,,,,,,,,,,,,,,,
2023,10,27,3,0,15.7,14.5,92.54,,,,,,,,,,,,,,,,,,,,,,,,,,,,,,,,,,,,
2023,10,27,4,0,15.4,14.7,95.34,,,,,,,,,,,,,,,,,,,,,,,,,,,,,,,,,,,,
2023,10,27,5,0,15.1,14.8,98.4,,,,,,,,,,,,,,,,,,,,,,,,,,,,,,,,,,,,
2023,10,27,6,0,14.8,14.8,100,,,,,,,,,,,,,,,,,,,,,,,,,,,,,,,,,,,,
2023,10,27,7,0,14.4,14.4,100,,,,,,,,,,,,,,,,,,,,,,,,,,,,,,,,,,,,
2023,10,27,8,0,14,14,100,,,,,,,,,,,,,,,,,,,,,,,,,,,,,,,,,,,,
2023,10,27,9,0,13.5,13.5,100,,,,,,,,,,,,,,,,,,,,,,,,,,,,,,,,,,,,
2023,10,27,10,0,13.5,13.5,100,,,,,,,,,,,,,,,,,,,,,,,,,,,,,,,,,,,,
2023,10,27,11,0,13.6,13.6,100,,,,,,,,,,,,,,,,,,,,,,,,,,,,,,,,,,,,
2023,10,27,12,0,14.3,14.3,100,,,,,,,,,,,,,,,,,,,,,,,,,,,,,,,,,,,,
2023,10,27,13,0,16.7,16.4,97.81,,,,,,,,,,,,,,,,,,,,,,,,,,,,,,,,,,,,
2023,10,27,14,0,19.3,17.3,88.05,,,,,,,,,,,,,,,,,,,,,,,,,,,,,,,,,,,,
2023,10,27,15,0,23.5,15.8,62.09,,,,,,,,,,,,,,,,,,,,,,,,,,,,,,,,,,,,
2023,10,27,16,0,25.5,14.4,50.2,,,,,,,,,,,,,,,,,,,,,,,,,,,,,,,,,,,,
2023,10,27,17,0,26.6,13.9,45.61,,,,,,,,,,,,,,,,,,,,,,,,,,,,,,,,,,,,
2023,10,27,18,0,27.2,13.5,42.81,,,,,,,,,,,,,,,,,,,,,,,,,,,,,,,,,,,,
2023,10,27,19,0,27.5,13.1,40.95,,,,,,,,,,,,,,,,,,,,,,,,,,,,,,,,,,,,
2023,10,27,20,0,27.2,12.7,40.84,,,,,,,,,,,,,,,,,,,,,,,,,,,,,,,,,,,,
2023,10,27,21,0,26.2,12.8,43.49,,,,,,,,,,,,,,,,,,,,,,,,,,,,,,,,,,,,
2023,10,27,22,0,23.2,15.9,63.52,,,,,,,,,,,,,,,,,,,,,,,,,,,,,,,,,,,,
2023,10,27,23,0,20.1,14.6,70.76,,,,,,,,,,,,,,,,,,,,,,,,,,,,,,,,,,,,
2023,10,28,0,0,18.5,14.2,75.89,,,,,,,,,,,,,,,,,,,,,,,,,,,,,,,,,,,,
2023,10,28,1,0,17.6,13.7,78.06,,,,,,,,,,,,,,,,,,,,,,,,,,,,,,,,,,,,
2023,10,28,2,0,16.8,13.3,80.07,,,,,,,,,,,,,,,,,,,,,,,,,,,,,,,,,,,,
2023,10,28,3,0,16.3,13,80.76,,,,,,,,,,,,,,,,,,,,,,,,,,,,,,,,,,,,
2023,10,28,4,0,16,12.8,81.14,,,,,,,,,,,,,,,,,,,,,,,,,,,,,,,,,,,,
2023,10,28,5,0,15.8,12.7,81.8,,,,,,,,,,,,,,,,,,,,,,,,,,,,,,,,,,,,
2023,10,28,6,0,15.8,12.7,82.08,,,,,,,,,,,,,,,,,,,,,,,,,,,,,,,,,,,,
2023,10,28,7,0,15.7,12.7,82.35,,,,,,,,,,,,,,,,,,,,,,,,,,,,,,,,,,,,
2023,10,28,8,0,15.7,12.6,81.65,,,,,,,,,,,,,,,,,,,,,,,,,,,,,,,,,,,,
2023,10,28,9,0,15.6,12.6,82.29,,,,,,,,,,,,,,,,,,,,,,,,,,,,,,,,,,,,
2023,10,28,10,0,15.4,12.6,83.61,,,,,,,,,,,,,,,,,,,,,,,,,,,,,,,,,,,,
2023,10,28,11,0,15.3,12.8,84.8,,,,,,,,,,,,,,,,,,,,,,,,,,,,,,,,,,,,
2023,10,28,12,0,15.5,13.2,86.23,,,,,,,,,,,,,,,,,,,,,,,,,,,,,,,,,,,,
2023,10,28,13,0,17.5,14.1,80.56,,,,,,,,,,,,,,,,,,,,,,,,,,,,,,,,,,,,
2023,10,28,14,0,21,13.8,63.28,,,,,,,,,,,,,,,,,,,,,,,,,,,,,,,,,,,,
2023,10,28,15,0,24.8,12.1,45.2,,,,,,,,,,,,,,,,,,,,,,,,,,,,,,,,,,,,
2023,10,28,16,0,26.4,11.7,39.97,,,,,,,,,,,,,,,,,,,,,,,,,,,,,,,,,,,,
2023,10,28,17,0,27.5,11.6,37.16,,,,,,,,,,,,,,,,,,,,,,,,,,,,,,,,,,,,
2023,10,28,18,0,28.1,11.5,35.64,,,,,,,,,,,,,,,,,,,,,,,,,,,,,,,,,,,,
2023,10,28,19,0,28.2,11.4,35.23,,,,,,,,,,,,,,,,,,,,,,,,,,,,,,,,,,,,
2023,10,28,20,0,27.8,11.3,35.93,,,,,,,,,,,,,,,,,,,,,,,,,,,,,,,,,,,,
2023,10,28,21,0,26.5,11.5,39.23,,,,,,,,,,,,,,,,,,,,,,,,,,,,,,,,,,,,
2023,10,28,22,0,22.9,14.2,58.12,,,,,,,,,,,,,,,,,,,,,,,,,,,,,,,,,,,,
2023,10,28,23,0,19,13.6,70.7,,,,,,,,,,,,,,,,,,,,,,,,,,,,,,,,,,,,
2023,10,29,0,0,18,13.2,73.57,,,,,,,,,,,,,,,,,,,,,,,,,,,,,,,,,,,,
2023,10,29,1,0,17.2,13.1,77.06,,,,,,,,,,,,,,,,,,,,,,,,,,,,,,,,,,,,
2023,10,29,2,0,16.4,13.2,81.3,,,,,,,,,,,,,,,,,,,,,,,,,,,,,,,,,,,,
2023,10,29,3,0,15.8,13.3,85,,,,,,,,,,,,,,,,,,,,,,,,,,,,,,,,,,,,
2023,10,29,4,0,15.4,13.4,87.99,,,,,,,,,,,,,,,,,,,,,,,,,,,,,,,,,,,,
2023,10,29,5,0,15.1,13.5,90.18,,,,,,,,,,,,,,,,,,,,,,,,,,,,,,,,,,,,
2023,10,29,6,0,14.7,13.6,92.9,,,,,,,,,,,,,,,,,,,,,,,,,,,,,,,,,,,,
2023,10,29,7,0,14.3,13.6,95.33,,,,,,,,,,,,,,,,,,,,,,,,,,,,,,,,,,,,
2023,10,29,8,0,14,13.5,96.83,,,,,,,,,,,,,,,,,,,,,,,,,,,,,,,,,,,,
2023,10,29,9,0,13.6,13.4,99.01,,,,,,,,,,,,,,,,,,,,,,,,,,,,,,,,,,,,
2023,10,29,10,0,13.2,13.2,100,,,,,,,,,,,,,,,,,,,,,,,,,,,,,,,,,,,,
2023,10,29,11,0,12.7,12.7,100,,,,,,,,,,,,,,,,,,,,,,,,,,,,,,,,,,,,
2023,10,29,12,0,13.3,13.3,100,,,,,,,,,,,,,,,,,,,,,,,,,,,,,,,,,,,,
2023,10,29,13,0,17,14.1,82.9,,,,,,,,,,,,,,,,,,,,,,,,,,,,,,,,,,,,
2023,10,29,14,0,20.9,14.4,66.48,,,,,,,,,,,,,,,,,,,,,,,,,,,,,,,,,,,,
2023,10,29,15,0,25.1,13.5,48.67,,,,,,,,,,,,,,,,,,,,,,,,,,,,,,,,,,,,
2023,10,29,16,0,26.7,13.3,43.69,,,,,,,,,,,,,,,,,,,,,,,,,,,,,,,,,,,,
2023,10,29,17,0,27.8,13.2,40.72,,,,,,,,,,,,,,,,,,,,,,,,,,,,,,,,,,,,
2023,10,29,18,0,28.5,13.1,38.81,,,,,,,,,,,,,,,,,,,,,,,,,,,,,,,,,,,,
2023,10,29,19,0,28.8,13.1,38.04,,,,,,,,,,,,,,,,,,,,,,,,,,,,,,,,,,,,
2023,10,29,20,0,28.6,13.1,38.53,,,,,,,,,,,,,,,,,,,,,,,,,,,,,,,,,,,,
2023,10,29,21,0,27.5,13.6,42.49,,,,,,,,,,,,,,,,,,,,,,,,,,,,,,,,,,,,
2023,10,29,22,0,23.9,16.9,64.99,,,,,,,,,,,,,,,,,,,,,,,,,,,,,,,,,,,,
2023,10,29,23,0,20.4,15.8,74.93,,,,,,,,,,,,,,,,,,,,,,,,,,,,,,,,,,,,
2023,10,30,0,0,19.2,15.6,79.54,,,,,,,,,,,,,,,,,,,,,,,,,,,,,,,,,,,,
2023,10,30,1,0,18.5,15.5,82.75,,,,,,,,,,,,,,,,,,,,,,,,,,,,,,,,,,,,
2023,10,30,2,0,17.8,15.5,86.35,,,,,,,,,,,,,,,,,,,,,,,,,,,,,,,,,,,,
2023,10,30,3,0,17.3,15.4,88.8,,,,,,,,,,,,,,,,,,,,,,,,,,,,,,,,,,,,
2023,10,30,4,0,16.8,15.3,90.91,,,,,,,,,,,,,,,,,,,,,,,,,,,,,,,,,,,,
2023,10,30,5,0,16.3,15.1,92.39,,,,,,,,,,,,,,,,,,,,,,,,,,,,,,,,,,,,
2023,10,30,6,0,15.6,14.7,94.48,,,,,,,,,,,,,,,,,,,,,,,,,,,,,,,,,,,,
2023,10,30,7,0,15,14.3,95.53,,,,,,,,,,,,,,,,,,,,,,,,,,,,,,,,,,,,
2023,10,30,8,0,14.6,13.8,94.79,,,,,,,,,,,,,,,,,,,,,,,,,,,,,,,,,,,,
2023,10,30,9,0,14.2,13.3,94.25,,,,,,,,,,,,,,,,,,,,,,,,,,,,,,,,,,,,
2023,10,30,10,0,13.9,12.9,93.99,,,,,,,,,,,,,,,,,,,,,,,,,,,,,,,,,,,,
2023,10,30,11,0,13.4,12.9,96.66,,,,,,,,,,,,,,,,,,,,,,,,,,,,,,,,,,,,
2023,10,30,12,0,13.9,13.2,95.77,,,,,,,,,,,,,,,,,,,,,,,,,,,,,,,,,,,,
2023,10,30,13,0,16.9,14.1,83.78,,,,,,,,,,,,,,,,,,,,,,,,,,,,,,,,,,,,
2023,10,30,14,0,20.7,15.2,70.7,,,,,,,,,,,,,,,,,,,,,,,,,,,,,,,,,,,,
2023,10,30,15,0,24.8,14.9,54.28,,,,,,,,,,,,,,,,,,,,,,,,,,,,,,,,,,,,
2023,10,30,16,0,26.8,14.1,45.72,,,,,,,,,,,,,,,,,,,,,,,,,,,,,,,,,,,,
2023,10,30,17,0,27.9,13.7,41.67,,,,,,,,,,,,,,,,,,,,,,,,,,,,,,,,,,,,
2023,10,30,18,0,28.3,13.3,39.78,,,,,,,,,,,,,,,,,,,,,,,,,,,,,,,,,,,,
2023,10,30,19,0,28,13.1,39.86,,,,,,,,,,,,,,,,,,,,,,,,,,,,,,,,,,,,
2023,10,30,20,0,26.8,12.9,42.29,,,,,,,,,,,,,,,,,,,,,,,,,,,,,,,,,,,,
2023,10,30,21,0,24.8,12.8,47.25,,,,,,,,,,,,,,,,,,,,,,,,,,,,,,,,,,,,
2023,10,30,22,0,21.6,12.7,56.95,,,,,,,,,,,,,,,,,,,,,,,,,,,,,,,,,,,,
2023,10,30,23,0,18.4,11.9,65.84,,,,,,,,,,,,,,,,,,,,,,,,,,,,,,,,,,,,
2023,10,31,0,0,16.3,10.9,70.41,,,,,,,,,,,,,,,,,,,,,,,,,,,,,,,,,,,,
2023,10,31,1,0,14.5,9.9,73.95,,,,,,,,,,,,,,,,,,,,,,,,,,,,,,,,,,,,
2023,10,31,2,0,13,9.1,77.38,,,,,,,,,,,,,,,,,,,,,,,,,,,,,,,,,,,,
2023,10,31,3,0,12,8.4,78.53,,,,,,,,,,,,,,,,,,,,,,,,,,,,,,,,,,,,
2023,10,31,4,0,11.3,7.6,78.22,,,,,,,,,,,,,,,,,,,,,,,,,,,,,,,,,,,,
2023,10,31,5,0,10.7,7.1,78.33,,,,,,,,,,,,,,,,,,,,,,,,,,,,,,,,,,,,
2023,10,31,6,0,10.2,6.7,78.77,,,,,,,,,,,,,,,,,,,,,,,,,,,,,,,,,,,,
2023,10,31,7,0,9.7,6.3,79.45,,,,,,,,,,,,,,,,,,,,,,,,,,,,,,,,,,,,
2023,10,31,8,0,9.3,6,79.7,,,,,,,,,,,,,,,,,,,,,,,,,,,,,,,,,,,,
2023,10,31,9,0,9,5.7,79.59,,,,,,,,,,,,,,,,,,,,,,,,,,,,,,,,,,,,
2023,10,31,10,0,8.7,5.5,80.26,,,,,,,,,,,,,,,,,,,,,,,,,,,,,,,,,,,,
2023,10,31,11,0,8.3,5.5,82.68,,,,,,,,,,,,,,,,,,,,,,,,,,,,,,,,,,,,
2023,10,31,12,0,8,5.6,84.58,,,,,,,,,,,,,,,,,,,,,,,,,,,,,,,,,,,,
2023,10,31,13,0,9.1,5.2,76.8,,,,,,,,,,,,,,,,,,,,,,,,,,,,,,,,,,,,
2023,10,31,14,0,11.5,4.9,63.91,,,,,,,,,,,,,,,,,,,,,,,,,,,,,,,,,,,,
2023,10,31,15,0,14.2,4.7,52.75,,,,,,,,,,,,,,,,,,,,,,,,,,,,,,,,,,,,
2023,10,31,16,0,16.4,4.5,45.13,,,,,,,,,,,,,,,,,,,,,,,,,,,,,,,,,,,,
2023,10,31,17,0,17.9,3.8,39.09,,,,,,,,,,,,,,,,,,,,,,,,,,,,,,,,,,,,
2023,10,31,18,0,18.7,2.3,33.49,,,,,,,,,,,,,,,,,,,,,,,,,,,,,,,,,,,,
2023,10,31,19,0,18.5,0.1,28.9,,,,,,,,,,,,,,,,,,,,,,,,,,,,,,,,,,,,
2023,10,31,20,0,17.6,-2.4,25.44,,,,,,,,,,,,,,,,,,,,,,,,,,,,,,,,,,,,
2023,10,31,21,0,16.2,-4.6,23.74,,,,,,,,,,,,,,,,,,,,,,,,,,,,,,,,,,,,
2023,10,31,22,0,14.3,-5.4,25.19,,,,,,,,,,,,,,,,,,,,,,,,,,,,,,,,,,,,
2023,10,31,23,0,11.6,-4.9,31.23,,,,,,,,,,,,,,,,,,,,,,,,,,,,,,,,,,,,
2023,11,1,0,0,10.3,-5.7,32.1,,,,,,,,,,,,,,,,,,,,,,,,,,,,,,,,,,,,
2023,11,1,1,0,9.1,-6.4,32.85,,,,,,,,,,,,,,,,,,,,,,,,,,,,,,,,,,,,
2023,11,1,2,0,7.9,-6.7,34.78,,,,,,,,,,,,,,,,,,,,,,,,,,,,,,,,,,,,
2023,11,1,3,0,7,-6.5,37.63,,,,,,,,,,,,,,,,,,,,,,,,,,,,,,,,,,,,
2023,11,1,4,0,6.3,-5.9,41.29,,,,,,,,,,,,,,,,,,,,,,,,,,,,,,,,,,,,
2023,11,1,5,0,5.6,-5.4,45.11,,,,,,,,,,,,,,,,,,,,,,,,,,,,,,,,,,,,
2023,11,1,6,0,4.7,-5.3,48.21,,,,,,,,,,,,,,,,,,,,,,,,,,,,,,,,,,,,
2023,11,1,7,0,3.7,-6.2,48.54,,,,,,,,,,,,,,,,,,,,,,,,,,,,,,,,,,,,
2023,11,1,8,0,2.6,-7.6,47.16,,,,,,,,,,,,,,,,,,,,,,,,,,,,,,,,,,,,
2023,11,1,9,0,1.5,-8.5,47.29,,,,,,,,,,,,,,,,,,,,,,,,,,,,,,,,,,,,
2023,11,1,10,0,0.7,-8.7,49.32,,,,,,,,,,,,,,,,,,,,,,,,,,,,,,,,,,,,
2023,11,1,11,0,0.2,-8.4,52.29,,,,,,,,,,,,,,,,,,,,,,,,,,,,,,,,,,,,
2023,11,1,12,0,0.2,-8,53.97,,,,,,,,,,,,,,,,,,,,,,,,,,,,,,,,,,,,
2023,11,1,13,0,1.9,-7.9,48.27,,,,,,,,,,,,,,,,,,,,,,,,,,,,,,,,,,,,
2023,11,1,14,0,4.1,-8.3,39.94,,,,,,,,,,,,,,,,,,,,,,,,,,,,,,,,,,,,
2023,11,1,15,0,6.5,-9.2,31.57,,,,,,,,,,,,,,,,,,,,,,,,,,,,,,,,,,,,
2023,11,1,16,0,8.9,-9.9,25.34,,,,,,,,,,,,,,,,,,,,,,,,,,,,,,,,,,,,
2023,11,1,17,0,10.9,-10.5,21.21,,,,,,,,,,,,,,,,,,,,,,,,,,,,,,,,,,,,
2023,11,1,18,0,12.4,-10.9,18.64,,,,,,,,,,,,,,,,,,,,,,,,,,,,,,,,,,,,
2023,11,1,19,0,13.2,-11.1,17.38,,,,,,,,,,,,,,,,,,,,,,,,,,,,,,,,,,,,
2023,11,1,20,0,13.3,-11.1,17.27,,,,,,,,,,,,,,,,,,,,,,,,,,,,,,,,,,,,
2023,11,1,21,0,12.6,-10.8,18.51,,,,,,,,,,,,,,,,,,,,,,,,,,,,,,,,,,,,
2023,11,1,22,0,9.2,-5.5,34.91,,,,,,,,,,,,,,,,,,,,,,,,,,,,,,,,,,,,
2023,11,1,23,0,4.9,-4.6,50.38,,,,,,,,,,,,,,,,,,,,,,,,,,,,,,,,,,,,
2023,11,2,0,0,4.1,-5.6,49.22,,,,,,,,,,,,,,,,,,,,,,,,,,,,,,,,,,,,
2023,11,2,1,0,3,-5.8,52.41,,,,,,,,,,,,,,,,,,,,,,,,,,,,,,,,,,,,
2023,11,2,2,0,2,-5.8,56.5,,,,,,,,,,,,,,,,,,,,,,,,,,,,,,,,,,,,
2023,11,2,3,0,1.2,-5.5,61.05,,,,,,,,,,,,,,,,,,,,,,,,,,,,,,,,,,,,
2023,11,2,4,0,0.7,-5.2,64.78,,,,,,,,,,,,,,,,,,,,,,,,,,,,,,,,,,,,
2023,11,2,5,0,0.3,-4.9,68.17,,,,,,,,,,,,,,,,,,,,,,,,,,,,,,,,,,,,
2023,11,2,6,0,0,-4.6,71.31,,,,,,,,,,,,,,,,,,,,,,,,,,,,,,,,,,,,
2023,11,2,7,0,-0.2,-4.3,74.04,,,,,,,,,,,,,,,,,,,,,,,,,,,,,,,,,,,,
2023,11,2,8,0,-0.5,-4,76.95,,,,,,,,,,,,,,,,,,,,,,,,,,,,,,,,,,,,
2023,11,2,9,0,-0.8,-3.9,79.38,,,,,,,,,,,,,,,,,,,,,,,,,,,,,,,,,,,,
2023,11,2,10,0,-1,-3.9,80.45,,,,,,,,,,,,,,,,,,,,,,,,,,,,,,,,,,,,
2023,11,2,11,0,-1.3,-4,81.76,,,,,,,,,,,,,,,,,,,,,,,,,,,,,,,,,,,,
2023,11,2,12,0,-1.1,-3.9,80.99,,,,,,,,,,,,,,,,,,,,,,,,,,,,,,,,,,,,
2023,11,2,13,0,2.1,-4,64.24,,,,,,,,,,,,,,,,,,,,,,,,,,,,,,,,,,,,
2023,11,2,14,0,6.1,-5.9,41.98,,,,,,,,,,,,,,,,,,,,,,,,,,,,,,,,,,,,
2023,11,2,15,0,9.1,-7.3,30.74,,,,,,,,,,,,,,,,,,,,,,,,,,,,,,,,,,,,
2023,11,2,16,0,11.4,-7.7,25.52,,,,,,,,,,,,,,,,,,,,,,,,,,,,,,,,,,,,
2023,11,2,17,0,13.1,-7.8,22.72,,,,,,,,,,,,,,,,,,,,,,,,,,,,,,,,,,,,
2023,11,2,18,0,14.3,-7.8,20.95,,,,,,,,,,,,,,,,,,,,,,,,,,,,,,,,,,,,
2023,11,2,19,0,15,-7.9,19.87,,,,,,,,,,,,,,,,,,,,,,,,,,,,,,,,,,,,
2023,11,2,20,0,15,-7.9,19.9,,,,,,,,,,,,,,,,,,,,,,,,,,,,,,,,,,,,
2023,11,2,21,0,14.1,-7.3,21.99,,,,,,,,,,,,,,,,,,,,,,,,,,,,,,,,,,,,
2023,11,2,22,0,10.3,-0.9,45.76,,,,,,,,,,,,,,,,,,,,,,,,,,,,,,,,,,,,
2023,11,2,23,0,6.5,-2.2,53.84,,,,,,,,,,,,,,,,,,,,,,,,,,,,,,,,,,,,
2023,11,3,0,0,5,-2.7,57.61,,,,,,,,,,,,,,,,,,,,,,,,,,,,,,,,,,,,
2023,11,3,1,0,4.2,-3.3,58.35,,,,,,,,,,,,,,,,,,,,,,,,,,,,,,,,,,,,
2023,11,3,2,0,3.4,-3.4,60.93,,,,,,,,,,,,,,,,,,,,,,,,,,,,,,,,,,,,
2023,11,3,3,0,2.7,-3.4,63.96,,,,,,,,,,,,,,,,,,,,,,,,,,,,,,,,,,,,
2023,11,3,4,0,2,-3.3,67.69,,,,,,,,,,,,,,,,,,,,,,,,,,,,,,,,,,,,
2023,11,3,5,0,1.4,-3.3,71.01,,,,,,,,,,,,,,,,,,,,,,,,,,,,,,,,,,,,
2023,11,3,6,0,0.8,-3.3,74.16,,,,,,,,,,,,,,,,,,,,,,,,,,,,,,,,,,,,
2023,11,3,7,0,0.4,-3.3,75.96,,,,,,,,,,,,,,,,,,,,,,,,,,,,,,,,,,,,
2023,11,3,8,0,0,-3.4,77.72,,,,,,,,,,,,,,,,,,,,,,,,,,,,,,,,,,,,
2023,11,3,9,0,-0.3,-3.5,78.79,,,,,,,,,,,,,,,,,,,,,,,,,,,,,,,,,,,,
2023,11,3,10,0,-0.5,-3.7,79.02,,,,,,,,,,,,,,,,,,,,,,,,,,,,,,,,,,,,
2023,11,3,11,0,-0.6,-3.9,78.55,,,,,,,,,,,,,,,,,,,,,,,,,,,,,,,,,,,,
2023,11,3,12,0,-0.2,-3.8,76.67,,,,,,,,,,,,,,,,,,,,,,,,,,,,,,,,,,,,
2023,11,3,13,0,3.5,-3.9,58.34,,,,,,,,,,,,,,,,,,,,,,,,,,,,,,,,,,,,
2023,11,3,14,0,7.4,-4.2,43.52,,,,,,,,,,,,,,,,,,,,,,,,,,,,,,,,,,,,
2023,11,3,15,0,11.4,-5.3,30.56,,,,,,,,,,,,,,,,,,,,,,,,,,,,,,,,,,,,
2023,11,3,16,0,14.1,-4,28.27,,,,,,,,,,,,,,,,,,,,,,,,,,,,,,,,,,,,
2023,11,3,17,0,16.2,-2,28.66,,,,,,,,,,,,,,,,,,,,,,,,,,,,,,,,,,,,
2023,11,3,18,0,17.8,-0.8,28.32,,,,,,,,,,,,,,,,,,,,,,,,,,,,,,,,,,,,
2023,11,3,19,0,18.9,-0.6,26.89,,,,,,,,,,,,,,,,,,,,,,,,,,,,,,,,,,,,
2023,11,3,20,0,19.1,-0.6,26.43,,,,,,,,,,,,,,,,,,,,,,,,,,,,,,,,,,,,
2023,11,3,21,0,18.3,0.7,30.68,,,,,,,,,,,,,,,,,,,,,,,,,,,,,,,,,,,,
2023,11,3,22,0,15,3.7,46.7,,,,,,,,,,,,,,,,,,,,,,,,,,,,,,,,,,,,
2023,11,3,23,0,11.4,2.2,53.28,,,,,,,,,,,,,,,,,,,,,,,,,,,,,,,,,,,,
2023,11,4,0,0,9,2.2,62.31,,,,,,,,,,,,,,,,,,,,,,,,,,,,,,,,,,,,
2023,11,4,1,0,7.7,1.7,65.62,,,,,,,,,,,,,,,,,,,,,,,,,,,,,,,,,,,,
2023,11,4,2,0,7.1,1.2,66,,,,,,,,,,,,,,,,,,,,,,,,,,,,,,,,,,,,
2023,11,4,3,0,6.4,0.9,67.85,,,,,,,,,,,,,,,,,,,,,,,,,,,,,,,,,,,,
2023,11,4,4,0,5.7,0.9,71.1,,,,,,,,,,,,,,,,,,,,,,,,,,,,,,,,,,,,
2023,11,4,5,0,5.1,0.9,74.55,,,,,,,,,,,,,,,,,,,,,,,,,,,,,,,,,,,,
2023,11,4,6,0,4.7,1,76.82,,,,,,,,,,,,,,,,,,,,,,,,,,,,,,,,,,,,
2023,11,4,7,0,4.6,0.9,77.02,,,,,,,,,,,,,,,,,,,,,,,,,,,,,,,,,,,,
2023,11,4,8,0,4.6,0.8,76.43,,,,,,,,,,,,,,,,,,,,,,,,,,,,,,,,,,,,
2023,11,4,9,0,4.9,0.5,73.44,,,,,,,,,,,,,,,,,,,,,,,,,,,,,,,,,,,,
2023,11,4,10,0,5.2,0.2,70.26,,,,,,,,,,,,,,,,,,,,,,,,,,,,,,,,,,,,
2023,11,4,11,0,5.5,-0.1,67.05,,,,,,,,,,,,,,,,,,,,,,,,,,,,,,,,,,,,
2023,11,4,12,0,5.5,0,67.92,,,,,,,,,,,,,,,,,,,,,,,,,,,,,,,,,,,,
2023,11,4,13,0,8.6,1.7,62.03,,,,,,,,,,,,,,,,,,,,,,,,,,,,,,,,,,,,
2023,11,4,14,0,12.1,1.3,47.47,,,,,,,,,,,,,,,,,,,,,,,,,,,,,,,,,,,,
2023,11,4,15,0,16.8,3.1,40.02,,,,,,,,,,,,,,,,,,,,,,,,,,,,,,,,,,,,
2023,11,4,16,0,19.5,2.8,32.98,,,,,,,,,,,,,,,,,,,,,,,,,,,,,,,,,,,,
2023,11,4,17,0,21.1,1.9,27.99,,,,,,,,,,,,,,,,,,,,,,,,,,,,,,,,,,,,
2023,11,4,18,0,22.3,0.9,24.3,,,,,,,,,,,,,,,,,,,,,,,,,,,,,,,,,,,,
2023,11,4,19,0,22.8,0.1,22.16,,,,,,,,,,,,,,,,,,,,,,,,,,,,,,,,,,,,
2023,11,4,20,0,22.6,-0.5,21.56,,,,,,,,,,,,,,,,,,,,,,,,,,,,,,,,,,,,
2023,11,4,21,0,21.3,1.9,27.62,,,,,,,,,,,,,,,,,,,,,,,,,,,,,,,,,,,,
2023,11,4,22,0,17.3,6.2,47.97,,,,,,,,,,,,,,,,,,,,,,,,,,,,,,,,,,,,
2023,11,4,23,0,15,2.8,43.77,,,,,,,,,,,,,,,,,,,,,,,,,,,,,,,,,,,,
2023,11,5,0,0,13.9,2.2,45.05,,,,,,,,,,,,,,,,,,,,,,,,,,,,,,,,,,,,
2023,11,5,1,0,13,1.7,46.03,,,,,,,,,,,,,,,,,,,,,,,,,,,,,,,,,,,,
2023,11,5,2,0,11.9,1.3,48.1,,,,,,,,,,,,,,,,,,,,,,,,,,,,,,,,,,,,
2023,11,5,3,0,10.5,1.1,52.01,,,,,,,,,,,,,,,,,,,,,,,,,,,,,,,,,,,,
2023,11,5,4,0,9,0.9,56.82,,,,,,,,,,,,,,,,,,,,,,,,,,,,,,,,,,,,
2023,11,5,5,0,7.9,0.6,60.01,,,,,,,,,,,,,,,,,,,,,,,,,,,,,,,,,,,,
2023,11,5,6,0,7,0.3,62.41,,,,,,,,,,,,,,,,,,,,,,,,,,,,,,,,,,,,
2023,11,5,7,0,6.4,-0.1,63.15,,,,,,,,,,,,,,,,,,,,,,,,,,,,,,,,,,,,
2023,11,5,8,0,5.9,-0.4,63.92,,,,,,,,,,,,,,,,,,,,,,,,,,,,,,,,,,,,
2023,11,5,9,0,5.6,-0.7,64.13,,,,,,,,,,,,,,,,,,,,,,,,,,,,,,,,,,,,
2023,11,5,10,0,5.4,-0.8,64.4,,,,,,,,,,,,,,,,,,,,,,,,,,,,,,,,,,,,
2023,11,5,11,0,5.2,-0.8,65.18,,,,,,,,,,,,,,,,,,,,,,,,,,,,,,,,,,,,
2023,11,5,12,0,5.4,-0.3,66.69,,,,,,,,,,,,,,,,,,,,,,,,,,,,,,,,,,,,
2023,11,5,13,0,10,0.1,50.25,,,,,,,,,,,,,,,,,,,,,,,,,,,,,,,,,,,,
2023,11,5,14,0,13.2,0,40.2,,,,,,,,,,,,,,,,,,,,,,,,,,,,,,,,,,,,
2023,11,5,15,0,17.3,1.3,34.11,,,,,,,,,,,,,,,,,,,,,,,,,,,,,,,,,,,,
2023,11,5,16,0,21.5,1.1,25.81,,,,,,,,,,,,,,,,,,,,,,,,,,,,,,,,,,,,
2023,11,5,17,0,23,1.2,23.73,,,,,,,,,,,,,,,,,,,,,,,,,,,,,,,,,,,,
2023,11,5,18,0,23.8,1.7,23.4,,,,,,,,,,,,,,,,,,,,,,,,,,,,,,,,,,,,
2023,11,5,19,0,24,2.3,24.14,,,,,,,,,,,,,,,,,,,,,,,,,,,,,,,,,,,,
2023,11,5,20,0,23.5,3.1,26.41,,,,,,,,,,,,,,,,,,,,,,,,,,,,,,,,,,,,
2023,11,5,21,0,22.2,5.2,33.04,,,,,,,,,,,,,,,,,,,,,,,,,,,,,,,,,,,,
2023,11,5,22,0,17.4,9.1,58.04,,,,,,,,,,,,,,,,,,,,,,,,,,,,,,,,,,,,
2023,11,5,23,0,14.3,7.9,65.59,,,,,,,,,,,,,,,,,,,,,,,,,,,,,,,,,,,,
2023,11,6,0,0,13.4,7.9,69.4,,,,,,,,,,,,,,,,,,,,,,,,,,,,,,,,,,,,
2023,11,6,1,0,12.6,7.8,72.73,,,,,,,,,,,,,,,,,,,,,,,,,,,,,,,,,,,,
2023,11,6,2,0,11.9,7.7,75.51,,,,,,,,,,,,,,,,,,,,,,,,,,,,,,,,,,,,
2023,11,6,3,0,11.3,7.4,77.14,,,,,,,,,,,,,,,,,,,,,,,,,,,,,,,,,,,,
2023,11,6,4,0,10.7,7.1,78.29,,,,,,,,,,,,,,,,,,,,,,,,,,,,,,,,,,,,
2023,11,6,5,0,10.4,6.7,77.6,,,,,,,,,,,,,,,,,,,,,,,,,,,,,,,,,,,,
2023,11,6,6,0,10.1,6.2,76.82,,,,,,,,,,,,,,,,,,,,,,,,,,,,,,,,,,,,
2023,11,6,7,0,9.7,5.8,76.79,,,,,,,,,,,,,,,,,,,,,,,,,,,,,,,,,,,,
2023,11,6,8,0,9.2,5.5,77.55,,,,,,,,,,,,,,,,,,,,,,,,,,,,,,,,,,,,
2023,11,6,9,0,8.5,5.4,80.74,,,,,,,,,,,,,,,,,,,,,,,,,,,,,,,,,,,,
2023,11,6,10,0,7.6,5.6,87.04,,,,,,,,,,,,,,,,,,,,,,,,,,,,,,,,,,,,
2023,11,6,11,0,7,5.8,92.25,,,,,,,,,,,,,,,,,,,,,,,,,,,,,,,,,,,,
2023,11,6,12,0,7,6.1,93.88,,,,,,,,,,,,,,,,,,,,,,,,,,,,,,,,,,,,
2023,11,6,13,0,10.9,6.8,76,,,,,,,,,,,,,,,,,,,,,,,,,,,,,,,,,,,,
2023,11,6,14,0,14.4,7.2,62.05,,,,,,,,,,,,,,,,,,,,,,,,,,,,,,,,,,,,
2023,11,6,15,0,19.7,6.4,41.91,,,,,,,,,,,,,,,,,,,,,,,,,,,,,,,,,,,,
2023,11,6,16,0,23.6,3.6,27.18,,,,,,,,,,,,,,,,,,,,,,,,,,,,,,,,,,,,
2023,11,6,17,0,24.9,3,24.18,,,,,,,,,,,,,,,,,,,,,,,,,,,,,,,,,,,,
2023,11,6,18,0,25.2,3.3,24.18,,,,,,,,,,,,,,,,,,,,,,,,,,,,,,,,,,,,
2023,11,6,19,0,25.1,3.8,25.21,,,,,,,,,,,,,,,,,,,,,,,,,,,,,,,,,,,,
2023,11,6,20,0,25,4.4,26.51,,,,,,,,,,,,,,,,,,,,,,,,,,,,,,,,,,,,
2023,11,6,21,0,23.6,7,34.4,,,,,,,,,,,,,,,,,,,,,,,,,,,,,,,,,,,,
2023,11,6,22,0,18.9,10.8,59.45,,,,,,,,,,,,,,,,,,,,,,,,,,,,,,,,,,,,
2023,11,6,23,0,15.7,8.8,63.44,,,,,,,,,,,,,,,,,,,,,,,,,,,,,,,,,,,,
2023,11,7,0,0,14.3,8.7,68.96,,,,,,,,,,,,,,,,,,,,,,,,,,,,,,,,,,,,
2023,11,7,1,0,13.6,8.7,72.11,,,,,,,,,,,,,,,,,,,,,,,,,,,,,,,,,,,,
2023,11,7,2,0,12.7,8.6,76.11,,,,,,,,,,,,,,,,,,,,,,,,,,,,,,,,,,,,
2023,11,7,3,0,11.8,8.4,79.75,,,,,,,,,,,,,,,,,,,,,,,,,,,,,,,,,,,,
2023,11,7,4,0,10.9,8.1,83.11,,,,,,,,,,,,,,,,,,,,,,,,,,,,,,,,,,,,
2023,11,7,5,0,10.3,7.8,84.5,,,,,,,,,,,,,,,,,,,,,,,,,,,,,,,,,,,,
2023,11,7,6,0,9.7,7.4,85.47,,,,,,,,,,,,,,,,,,,,,,,,,,,,,,,,,,,,
2023,11,7,7,0,9.2,7,85.9,,,,,,,,,,,,,,,,,,,,,,,,,,,,,,,,,,,,
2023,11,7,8,0,8.8,6.6,86.24,,,,,,,,,,,,,,,,,,,,,,,,,,,,,,,,,,,,
2023,11,7,9,0,8.4,6.4,87.11,,,,,,,,,,,,,,,,,,,,,,,,,,,,,,,,,,,,
2023,11,7,10,0,8.1,6.3,88.42,,,,,,,,,,,,,,,,,,,,,,,,,,,,,,,,,,,,
2023,11,7,11,0,8.1,6.3,88.54,,,,,,,,,,,,,,,,,,,,,,,,,,,,,,,,,,,,
2023,11,7,12,0,8.6,6.6,87.29,,,,,,,,,,,,,,,,,,,,,,,,,,,,,,,,,,,,
2023,11,7,13,0,12.9,7.5,69.61,,,,,,,,,,,,,,,,,,,,,,,,,,,,,,,,,,,,
2023,11,7,14,0,16.6,7.8,56.24,,,,,,,,,,,,,,,,,,,,,,,,,,,,,,,,,,,,
2023,11,7,15,0,21.6,9.3,45.3,,,,,,,,,,,,,,,,,,,,,,,,,,,,,,,,,,,,
2023,11,7,16,0,24.7,9.6,38.54,,,,,,,,,,,,,,,,,,,,,,,,,,,,,,,,,,,,
2023,11,7,17,0,26.2,9.4,34.59,,,,,,,,,,,,,,,,,,,,,,,,,,,,,,,,,,,,
2023,11,7,18,0,27.1,8.9,31.84,,,,,,,,,,,,,,,,,,,,,,,,,,,,,,,,,,,,
2023,11,7,19,0,27.4,8.5,30.32,,,,,,,,,,,,,,,,,,,,,,,,,,,,,,,,,,,,
2023,11,7,20,0,27.1,8.2,30.23,,,,,,,,,,,,,,,,,,,,,,,,,,,,,,,,,,,,
2023,11,7,21,0,25.6,9.9,37.14,,,,,,,,,,,,,,,,,,,,,,,,,,,,,,,,,,,,
2023,11,7,22,0,20.3,12.7,61.53,,,,,,,,,,,,,,,,,,,,,,,,,,,,,,,,,,,,
2023,11,7,23,0,17.1,10.8,66.5,,,,,,,,,,,,,,,,,,,,,,,,,,,,,,,,,,,,
2023,11,8,0,0,15.9,10.5,70.49,,,,,,,,,,,,,,,,,,,,,,,,,,,,,,,,,,,,
2023,11,8,1,0,15,10.4,74.02,,,,,,,,,,,,,,,,,,,,,,,,,,,,,,,,,,,,
2023,11,8,2,0,14.2,10.3,77.62,,,,,,,,,,,,,,,,,,,,,,,,,,,,,,,,,,,,
2023,11,8,3,0,13.3,10.4,82.4,,,,,,,,,,,,,,,,,,,,,,,,,,,,,,,,,,,,
2023,11,8,4,0,12.4,10.4,87.53,,,,,,,,,,,,,,,,,,,,,,,,,,,,,,,,,,,,
2023,11,8,5,0,11.9,10.4,90.35,,,,,,,,,,,,,,,,,,,,,,,,,,,,,,,,,,,,
2023,11,8,6,0,11.4,10.4,93.34,,,,,,,,,,,,,,,,,,,,,,,,,,,,,,,,,,,,
2023,11,8,7,0,11,10.4,95.82,,,,,,,,,,,,,,,,,,,,,,,,,,,,,,,,,,,,
2023,11,8,8,0,10.6,10.4,98.47,,,,,,,,,,,,,,,,,,,,,,,,,,,,,,,,,,,,
2023,11,8,9,0,10.4,10.4,100,,,,,,,,,,,,,,,,,,,,,,,,,,,,,,,,,,,,
2023,11,8,10,0,10.3,10.3,100,,,,,,,,,,,,,,,,,,,,,,,,,,,,,,,,,,,,
2023,11,8,11,0,10.3,10.3,100,,,,,,,,,,,,,,,,,,,,,,,,,,,,,,,,,,,,
2023,11,8,12,0,10.7,10.7,100,,,,,,,,,,,,,,,,,,,,,,,,,,,,,,,,,,,,
2023,11,8,13,0,14,11.5,85.14,,,,,,,,,,,,,,,,,,,,,,,,,,,,,,,,,,,,
2023,11,8,14,0,17.4,12,70.76,,,,,,,,,,,,,,,,,,,,,,,,,,,,,,,,,,,,
2023,11,8,15,0,22.3,12.1,52.44,,,,,,,,,,,,,,,,,,,,,,,,,,,,,,,,,,,,
2023,11,8,16,0,25.1,11.5,42.5,,,,,,,,,,,,,,,,,,,,,,,,,,,,,,,,,,,,
2023,11,8,17,0,26.3,11.2,38.95,,,,,,,,,,,,,,,,,,,,,,,,,,,,,,,,,,,,
2023,11,8,18,0,27.1,10.9,36.42,,,,,,,,,,,,,,,,,,,,,,,,,,,,,,,,,,,,
2023,11,8,19,0,27.4,10.6,35,,,,,,,,,,,,,,,,,,,,,,,,,,,,,,,,,,,,
2023,11,8,20,0,27,10.4,35.4,,,,,,,,,,,,,,,,,,,,,,,,,,,,,,,,,,,,
2023,11,8,21,0,25.6,11,39.93,,,,,,,,,,,,,,,,,,,,,,,,,,,,,,,,,,,,
2023,11,8,22,0,20.8,13,60.98,,,,,,,,,,,,,,,,,,,,,,,,,,,,,,,,,,,,
2023,11,8,23,0,17.8,12.3,70.35,,,,,,,,,,,,,,,,,,,,,,,,,,,,,,,,,,,,
2023,11,9,0,0,16.9,12.2,74.02,,,,,,,,,,,,,,,,,,,,,,,,,,,,,,,,,,,,
2023,11,9,1,0,15.7,12.2,79.79,,,,,,,,,,,,,,,,,,,,,,,,,,,,,,,,,,,,
2023,11,9,2,0,14.9,12.1,83.14,,,,,,,,,,,,,,,,,,,,,,,,,,,,,,,,,,,,
2023,11,9,3,0,14.3,11.9,85.45,,,,,,,,,,,,,,,,,,,,,,,,,,,,,,,,,,,,
2023,11,9,4,0,14.1,11.8,86.11,,,,,,,,,,,,,,,,,,,,,,,,,,,,,,,,,,,,
2023,11,9,5,0,13.9,11.7,86.69,,,,,,,,,,,,,,,,,,,,,,,,,,,,,,,,,,,,
2023,11,9,6,0,13.7,11.6,87.07,,,,,,,,,,,,,,,,,,,,,,,,,,,,,,,,,,,,
2023,11,9,7,0,13.3,11.5,88.63,,,,,,,,,,,,,,,,,,,,,,,,,,,,,,,,,,,,
2023,11,9,8,0,13.1,11.5,90.02,,,,,,,,,,,,,,,,,,,,,,,,,,,,,,,,,,,,
2023,11,9,9,0,13,11.8,92.2,,,,,,,,,,,,,,,,,,,,,,,,,,,,,,,,,,,,
2023,11,9,10,0,12.4,12.1,98.16,,,,,,,,,,,,,,,,,,,,,,,,,,,,,,,,,,,,
2023,11,9,11,0,12.1,12.1,100,,,,,,,,,,,,,,,,,,,,,,,,,,,,,,,,,,,,
2023,11,9,12,0,12.3,12.3,100,,,,,,,,,,,,,,,,,,,,,,,,,,,,,,,,,,,,
2023,11,9,13,0,15.2,13.8,91.28,,,,,,,,,,,,,,,,,,,,,,,,,,,,,,,,,,,,
2023,11,9,14,0,18.1,15,82.12,,,,,,,,,,,,,,,,,,,,,,,,,,,,,,,,,,,,
2023,11,9,15,0,21.8,15.2,66.08,,,,,,,,,,,,,,,,,,,,,,,,,,,,,,,,,,,,
2023,11,9,16,0,24.3,14.1,53.05,,,,,,,,,,,,,,,,,,,,,,,,,,,,,,,,,,,,
2023,11,9,17,0,25.8,13.6,46.89,,,,,,,,,,,,,,,,,,,,,,,,,,,,,,,,,,,,
2023,11,9,18,0,26.7,13.2,43.33,,,,,,,,,,,,,,,,,,,,,,,,,,,,,,,,,,,,
2023,11,9,19,0,27,12.8,41.42,,,,,,,,,,,,,,,,,,,,,,,,,,,,,,,,,,,,
2023,11,9,20,0,26.6,12.4,41.4,,,,,,,,,,,,,,,,,,,,,,,,,,,,,,,,,,,,
2023,11,9,21,0,25.4,13.2,46.79,,,,,,,,,,,,,,,,,,,,,,,,,,,,,,,,,,,,
2023,11,9,22,0,21.4,15.7,70.19,,,,,,,,,,,,,,,,,,,,,,,,,,,,,,,,,,,,
2023,11,9,23,0,18.7,14.3,75.49,,,,,,,,,,,,,,,,,,,,,,,,,,,,,,,,,,,,
2023,11,10,0,0,17.7,13.9,78.66,,,,,,,,,,,,,,,,,,,,,,,,,,,,,,,,,,,,
2023,11,10,1,0,17,13.9,81.73,,,,,,,,,,,,,,,,,,,,,,,,,,,,,,,,,,,,
2023,11,10,2,0,16.3,13.7,84.69,,,,,,,,,,,,,,,,,,,,,,,,,,,,,,,,,,,,
2023,11,10,3,0,15.7,13.4,86.33,,,,,,,,,,,,,,,,,,,,,,,,,,,,,,,,,,,,
2023,11,10,4,0,14.8,13.1,89.52,,,,,,,,,,,,,,,,,,,,,,,,,,,,,,,,,,,,
2023,11,10,5,0,14.2,12.7,90.99,,,,,,,,,,,,,,,,,,,,,,,,,,,,,,,,,,,,
2023,11,10,6,0,14,12.4,90.25,,,,,,,,,,,,,,,,,,,,,,,,,,,,,,,,,,,,
2023,11,10,7,0,13.6,12.2,90.99,,,,,,,,,,,,,,,,,,,,,,,,,,,,,,,,,,,,
2023,11,10,8,0,13.3,11.9,91.42,,,,,,,,,,,,,,,,,,,,,,,,,,,,,,,,,,,,
2023,11,10,9,0,13.2,11.8,91.29,,,,,,,,,,,,,,,,,,,,,,,,,,,,,,,,,,,,
2023,11,10,10,0,13.1,11.9,92.24,,,,,,,,,,,,,,,,,,,,,,,,,,,,,,,,,,,,
2023,11,10,11,0,13,12,93.54,,,,,,,,,,,,,,,,,,,,,,,,,,,,,,,,,,,,
2023,11,10,12,0,13.2,12.2,93.82,,,,,,,,,,,,,,,,,,,,,,,,,,,,,,,,,,,,
2023,11,10,13,0,14.8,12.9,88.3,,,,,,,,,,,,,,,,,,,,,,,,,,,,,,,,,,,,
2023,11,10,14,0,16.1,13.8,86.24,,,,,,,,,,,,,,,,,,,,,,,,,,,,,,,,,,,,
2023,11,10,15,0,17.2,14.8,86.04,,,,,,,,,,,,,,,,,,,,,,,,,,,,,,,,,,,,
2023,11,10,16,0,18.1,15.6,85.13,,,,,,,,,,,,,,,,,,,,,,,,,,,,,,,,,,,,
2023,11,10,17,0,18.5,15.6,83.17,,,,,,,,,,,,,,,,,,,,,,,,,,,,,,,,,,,,
2023,11,10,18,0,18.9,15.3,79.44,,,,,,,,,,,,,,,,,,,,,,,,,,,,,,,,,,,,
2023,11,10,19,0,19.7,14.8,73.4,,,,,,,,,,,,,,,,,,,,,,,,,,,,,,,,,,,,
2023,11,10,20,0,20.4,14.3,67.92,,,,,,,,,,,,,,,,,,,,,,,,,,,,,,,,,,,,
2023,11,10,21,0,19.9,14,68.73,,,,,,,,,,,,,,,,,,,,,,,,,,,,,,,,,,,,
2023,11,10,22,0,17.8,14.5,80.93,,,,,,,,,,,,,,,,,,,,,,,,,,,,,,,,,,,,
2023,11,10,23,0,16.2,14,86.65,,,,,,,,,,,,,,,,,,,,,,,,,,,,,,,,,,,,
2023,11,11,0,0,15.5,13.4,87.5,,,,,,,,,,,,,,,,,,,,,,,,,,,,,,,,,,,,
2023,11,11,1,0,14.7,12.7,87.8,,,,,,,,,,,,,,,,,,,,,,,,,,,,,,,,,,,,
2023,11,11,2,0,14,12,87.57,,,,,,,,,,,,,,,,,,,,,,,,,,,,,,,,,,,,
2023,11,11,3,0,13.3,11.4,88,,,,,,,,,,,,,,,,,,,,,,,,,,,,,,,,,,,,
2023,11,11,4,0,12.8,11,88.92,,,,,,,,,,,,,,,,,,,,,,,,,,,,,,,,,,,,
2023,11,11,5,0,12.3,11,91.76,,,,,,,,,,,,,,,,,,,,,,,,,,,,,,,,,,,,
2023,11,11,6,0,12.1,11.2,94.04,,,,,,,,,,,,,,,,,,,,,,,,,,,,,,,,,,,,
2023,11,11,7,0,12,11.5,96.54,,,,,,,,,,,,,,,,,,,,,,,,,,,,,,,,,,,,
2023,11,11,8,0,12.1,11.8,97.84,,,,,,,,,,,,,,,,,,,,,,,,,,,,,,,,,,,,
2023,11,11,9,0,12.1,11.9,98.79,,,,,,,,,,,,,,,,,,,,,,,,,,,,,,,,,,,,
2023,11,11,10,0,12,11.8,98.76,,,,,,,,,,,,,,,,,,,,,,,,,,,,,,,,,,,,
2023,11,11,11,0,11.7,11.5,98.49,,,,,,,,,,,,,,,,,,,,,,,,,,,,,,,,,,,,
2023,11,11,12,0,11.1,10.8,98.15,,,,,,,,,,,,,,,,,,,,,,,,,,,,,,,,,,,,
2023,11,11,13,0,10.9,10.5,97.33,,,,,,,,,,,,,,,,,,,,,,,,,,,,,,,,,,,,
2023,11,11,14,0,10.9,10.3,95.91,,,,,,,,,,,,,,,,,,,,,,,,,,,,,,,,,,,,
2023,11,11,15,0,11.1,10.1,93.73,,,,,,,,,,,,,,,,,,,,,,,,,,,,,,,,,,,,
2023,11,11,16,0,11.7,10.2,90.32,,,,,,,,,,,,,,,,,,,,,,,,,,,,,,,,,,,,
2023,11,11,17,0,12.3,10.2,87.21,,,,,,,,,,,,,,,,,,,,,,,,,,,,,,,,,,,,
2023,11,11,18,0,12.7,10.2,85.01,,,,,,,,,,,,,,,,,,,,,,,,,,,,,,,,,,,,
2023,11,11,19,0,12.8,10.3,84.61,,,,,,,,,,,,,,,,,,,,,,,,,,,,,,,,,,,,
2023,11,11,20,0,12.7,10.3,85.1,,,,,,,,,,,,,,,,,,,,,,,,,,,,,,,,,,,,
2023,11,11,21,0,12.2,10.4,88.5,,,,,,,,,,,,,,,,,,,,,,,,,,,,,,,,,,,,
2023,11,11,22,0,11.7,10.5,92.18,,,,,,,,,,,,,,,,,,,,,,,,,,,,,,,,,,,,
2023,11,11,23,0,11.2,10.4,94.76,,,,,,,,,,,,,,,,,,,,,,,,,,,,,,,,,,,,
2023,11,12,0,0,10.9,10.2,95.61,,,,,,,,,,,,,,,,,,,,,,,,,,,,,,,,,,,,
2023,11,12,1,0,10.7,10,95.64,,,,,,,,,,,,,,,,,,,,,,,,,,,,,,,,,,,,
2023,11,12,2,0,10.5,9.8,95.61,,,,,,,,,,,,,,,,,,,,,,,,,,,,,,,,,,,,
2023,11,12,3,0,10.3,9.6,95.48,,,,,,,,,,,,,,,,,,,,,,,,,,,,,,,,,,,,
2023,11,12,4,0,10.1,9.4,95.5,,,,,,,,,,,,,,,,,,,,,,,,,,,,,,,,,,,,
2023,11,12,5,0,10,9.2,95.07,,,,,,,,,,,,,,,,,,,,,,,,,,,,,,,,,,,,
2023,11,12,6,0,9.8,9.1,95.45,,,,,,,,,,,,,,,,,,,,,,,,,,,,,,,,,,,,
2023,11,12,7,0,9.7,9,95.15,,,,,,,,,,,,,,,,,,,,,,,,,,,,,,,,,,,,
2023,11,12,8,0,9.6,8.8,94.8,,,,,,,,,,,,,,,,,,,,,,,,,,,,,,,,,,,,
2023,11,12,9,0,9.5,8.7,94.71,,,,,,,,,,,,,,,,,,,,,,,,,,,,,,,,,,,,
2023,11,12,10,0,9.5,8.6,94.41,,,,,,,,,,,,,,,,,,,,,,,,,,,,,,,,,,,,
2023,11,12,11,0,9.4,8.5,94,,,,,,,,,,,,,,,,,,,,,,,,,,,,,,,,,,,,
2023,11,12,12,0,9.4,8.3,92.73,,,,,,,,,,,,,,,,,,,,,,,,,,,,,,,,,,,,
2023,11,12,13,0,9.7,8.1,89.52,,,,,,,,,,,,,,,,,,,,,,,,,,,,,,,,,,,,
2023,11,12,14,0,10.5,7.6,82.45,,,,,,,,,,,,,,,,,,,,,,,,,,,,,,,,,,,,
2023,11,12,15,0,11.8,7.3,74.17,,,,,,,,,,,,,,,,,,,,,,,,,,,,,,,,,,,,
2023,11,12,16,0,13.4,7.5,67.34,,,,,,,,,,,,,,,,,,,,,,,,,,,,,,,,,,,,
2023,11,12,17,0,14.8,7.7,62.4,,,,,,,,,,,,,,,,,,,,,,,,,,,,,,,,,,,,
2023,11,12,18,0,16,8,59.16,,,,,,,,,,,,,,,,,,,,,,,,,,,,,,,,,,,,
2023,11,12,19,0,16.8,8.3,57.35,,,,,,,,,,,,,,,,,,,,,,,,,,,,,,,,,,,,
2023,11,12,20,0,16.9,8.6,57.97,,,,,,,,,,,,,,,,,,,,,,,,,,,,,,,,,,,,
2023,11,12,21,0,16.4,8.8,60.73,,,,,,,,,,,,,,,,,,,,,,,,,,,,,,,,,,,,
2023,11,12,22,0,14.5,10.1,74.8,,,,,,,,,,,,,,,,,,,,,,,,,,,,,,,,,,,,
2023,11,12,23,0,13.1,9.2,77.03,,,,,,,,,,,,,,,,,,,,,,,,,,,,,,,,,,,,
2023,11,13,0,0,12.3,8.6,78.15,,,,,,,,,,,,,,,,,,,,,,,,,,,,,,,,,,,,
2023,11,13,1,0,11.4,8.2,80.72,,,,,,,,,,,,,,,,,,,,,,,,,,,,,,,,,,,,
2023,11,13,2,0,10.5,7.9,84.13,,,,,,,,,,,,,,,,,,,,,,,,,,,,,,,,,,,,
2023,11,13,3,0,9.8,7.5,85.77,,,,,,,,,,,,,,,,,,,,,,,,,,,,,,,,,,,,
2023,11,13,4,0,9.3,7.1,86.03,,,,,,,,,,,,,,,,,,,,,,,,,,,,,,,,,,,,
2023,11,13,5,0,8.7,6.5,86.15,,,,,,,,,,,,,,,,,,,,,,,,,,,,,,,,,,,,
2023,11,13,6,0,8.2,6,85.77,,,,,,,,,,,,,,,,,,,,,,,,,,,,,,,,,,,,
2023,11,13,7,0,7.8,5.3,84.42,,,,,,,,,,,,,,,,,,,,,,,,,,,,,,,,,,,,
2023,11,13,8,0,7.2,4.7,84.33,,,,,,,,,,,,,,,,,,,,,,,,,,,,,,,,,,,,
2023,11,13,9,0,6.5,4.2,85.29,,,,,,,,,,,,,,,,,,,,,,,,,,,,,,,,,,,,
2023,11,13,10,0,6.3,3.8,84.12,,,,,,,,,,,,,,,,,,,,,,,,,,,,,,,,,,,,
2023,11,13,11,0,6.5,3.6,81.86,,,,,,,,,,,,,,,,,,,,,,,,,,,,,,,,,,,,
2023,11,13,12,0,6.9,3.6,79.41,,,,,,,,,,,,,,,,,,,,,,,,,,,,,,,,,,,,
2023,11,13,13,0,8.5,3.4,70.51,,,,,,,,,,,,,,,,,,,,,,,,,,,,,,,,,,,,
2023,11,13,14,0,10.5,3.7,62.86,,,,,,,,,,,,,,,,,,,,,,,,,,,,,,,,,,,,
2023,11,13,15,0,13.8,3.3,49.22,,,,,,,,,,,,,,,,,,,,,,,,,,,,,,,,,,,,
2023,11,13,16,0,16.5,3.1,40.68,,,,,,,,,,,,,,,,,,,,,,,,,,,,,,,,,,,,
2023,11,13,17,0,18.5,3.3,36.35,,,,,,,,,,,,,,,,,,,,,,,,,,,,,,,,,,,,
2023,11,13,18,0,19.8,3.4,33.91,,,,,,,,,,,,,,,,,,,,,,,,,,,,,,,,,,,,
2023,11,13,19,0,20.6,3.4,32.11,,,,,,,,,,,,,,,,,,,,,,,,,,,,,,,,,,,,
2023,11,13,20,0,20.7,3.2,31.59,,,,,,,,,,,,,,,,,,,,,,,,,,,,,,,,,,,,
2023,11,13,21,0,19.1,6.9,44.94,,,,,,,,,,,,,,,,,,,,,,,,,,,,,,,,,,,,
2023,11,13,22,0,16.8,7.2,53.27,,,,,,,,,,,,,,,,,,,,,,,,,,,,,,,,,,,,
2023,11,13,23,0,15.8,5.9,51.74,,,,,,,,,,,,,,,,,,,,,,,,,,,,,,,,,,,,
2023,11,14,0,0,15,5.5,53.08,,,,,,,,,,,,,,,,,,,,,,,,,,,,,,,,,,,,
2023,11,14,1,0,14,5.4,56.01,,,,,,,,,,,,,,,,,,,,,,,,,,,,,,,,,,,,
2023,11,14,2,0,12.8,5.3,60.3,,,,,,,,,,,,,,,,,,,,,,,,,,,,,,,,,,,,
2023,11,14,3,0,11.8,5.3,64.26,,,,,,,,,,,,,,,,,,,,,,,,,,,,,,,,,,,,
2023,11,14,4,0,11.1,5,66.29,,,,,,,,,,,,,,,,,,,,,,,,,,,,,,,,,,,,
2023,11,14,5,0,10.4,4.9,68.52,,,,,,,,,,,,,,,,,,,,,,,,,,,,,,,,,,,,
2023,11,14,6,0,9.8,4.6,70.25,,,,,,,,,,,,,,,,,,,,,,,,,,,,,,,,,,,,
2023,11,14,7,0,9.4,4.4,70.8,,,,,,,,,,,,,,,,,,,,,,,,,,,,,,,,,,,,
2023,11,14,8,0,9,4.1,71.59,,,,,,,,,,,,,,,,,,,,,,,,,,,,,,,,,,,,
2023,11,14,9,0,8.7,3.8,71.55,,,,,,,,,,,,,,,,,,,,,,,,,,,,,,,,,,,,
2023,11,14,10,0,8.6,3.6,70.65,,,,,,,,,,,,,,,,,,,,,,,,,,,,,,,,,,,,
2023,11,14,11,0,8.6,3.4,69.79,,,,,,,,,,,,,,,,,,,,,,,,,,,,,,,,,,,,
2023,11,14,12,0,8.7,3.3,68.93,,,,,,,,,,,,,,,,,,,,,,,,,,,,,,,,,,,,
2023,11,14,13,0,10.6,3,59.51,,,,,,,,,,,,,,,,,,,,,,,,,,,,,,,,,,,,
2023,11,14,14,0,12.8,2.8,50.55,,,,,,,,,,,,,,,,,,,,,,,,,,,,,,,,,,,,
2023,11,14,15,0,15.5,1.7,39.23,,,,,,,,,,,,,,,,,,,,,,,,,,,,,,,,,,,,
2023,11,14,16,0,17.7,0.3,30.85,,,,,,,,,,,,,,,,,,,,,,,,,,,,,,,,,,,,
2023,11,14,17,0,18.7,-0.4,27.5,,,,,,,,,,,,,,,,,,,,,,,,,,,,,,,,,,,,
2023,11,14,18,0,18.8,-0.7,26.91,,,,,,,,,,,,,,,,,,,,,,,,,,,,,,,,,,,,
2023,11,14,19,0,18.6,-0.7,27.09,,,,,,,,,,,,,,,,,,,,,,,,,,,,,,,,,,,,
2023,11,14,20,0,17.7,0.6,31.63,,,,,,,,,,,,,,,,,,,,,,,,,,,,,,,,,,,,
2023,11,14,21,0,15.5,4.3,47.28,,,,,,,,,,,,,,,,,,,,,,,,,,,,,,,,,,,,
2023,11,14,22,0,13,4.3,55.39,,,,,,,,,,,,,,,,,,,,,,,,,,,,,,,,,,,,
2023,11,14,23,0,12.1,3.3,54.87,,,,,,,,,,,,,,,,,,,,,,,,,,,,,,,,,,,,
2023,11,15,0,0,11.9,2.8,53.83,,,,,,,,,,,,,,,,,,,,,,,,,,,,,,,,,,,,
2023,11,15,1,0,11.4,3.1,56.69,,,,,,,,,,,,,,,,,,,,,,,,,,,,,,,,,,,,
2023,11,15,2,0,11.1,2.9,56.97,,,,,,,,,,,,,,,,,,,,,,,,,,,,,,,,,,,,
2023,11,15,3,0,10.9,2.6,56.65,,,,,,,,,,,,,,,,,,,,,,,,,,,,,,,,,,,,
2023,11,15,4,0,10.7,2.2,55.57,,,,,,,,,,,,,,,,,,,,,,,,,,,,,,,,,,,,
2023,11,15,5,0,10.6,1.8,54.47,,,,,,,,,,,,,,,,,,,,,,,,,,,,,,,,,,,,
2023,11,15,6,0,9.9,2.6,60.33,,,,,,,,,,,,,,,,,,,,,,,,,,,,,,,,,,,,
2023,11,15,7,0,9.7,2.5,60.92,,,,,,,,,,,,,,,,,,,,,,,,,,,,,,,,,,,,
2023,11,15,8,0,9.3,3,64.68,,,,,,,,,,,,,,,,,,,,,,,,,,,,,,,,,,,,
2023,11,15,9,0,9,3.5,68.62,,,,,,,,,,,,,,,,,,,,,,,,,,,,,,,,,,,,
2023,11,15,10,0,8.8,3.9,71.6,,,,,,,,,,,,,,,,,,,,,,,,,,,,,,,,,,,,
2023,11,15,11,0,8.7,4.3,73.9,,,,,,,,,,,,,,,,,,,,,,,,,,,,,,,,,,,,
2023,11,15,12,0,8.6,4.5,75.42,,,,,,,,,,,,,,,,,,,,,,,,,,,,,,,,,,,,
2023,11,15,13,0,9.3,4.7,72.77,,,,,,,,,,,,,,,,,,,,,,,,,,,,,,,,,,,,
2023,11,15,14,0,10.4,5,69.15,,,,,,,,,,,,,,,,,,,,,,,,,,,,,,,,,,,,
2023,11,15,15,0,11.8,5.3,64.4,,,,,,,,,,,,,,,,,,,,,,,,,,,,,,,,,,,,
2023,11,15,16,0,13.1,5.2,58.71,,,,,,,,,,,,,,,,,,,,,,,,,,,,,,,,,,,,
2023,11,15,17,0,13.8,5.5,57.18,,,,,,,,,,,,,,,,,,,,,,,,,,,,,,,,,,,,
2023,11,15,18,0,14.2,5.9,57.47,,,,,,,,,,,,,,,,,,,,,,,,,,,,,,,,,,,,
2023,11,15,19,0,14.4,6,57.21,,,,,,,,,,,,,,,,,,,,,,,,,,,,,,,,,,,,
2023,11,15,20,0,14.5,5.5,54.85,,,,,,,,,,,,,,,,,,,,,,,,,,,,,,,,,,,,
2023,11,15,21,0,14.2,4.3,51.53,,,,,,,,,,,,,,,,,,,,,,,,,,,,,,,,,,,,
2023,11,15,22,0,12.8,3.4,52.77,,,,,,,,,,,,,,,,,,,,,,,,,,,,,,,,,,,,
2023,11,15,23,0,11.6,2.6,53.83,,,,,,,,,,,,,,,,,,,,,,,,,,,,,,,,,,,,
2023,11,16,0,0,11.3,1.5,50.92,,,,,,,,,,,,,,,,,,,,,,,,,,,,,,,,,,,,
2023,11,16,1,0,10.9,0.7,49.41,,,,,,,,,,,,,,,,,,,,,,,,,,,,,,,,,,,,
2023,11,16,2,0,10,0.9,53.07,,,,,,,,,,,,,,,,,,,,,,,,,,,,,,,,,,,,
2023,11,16,3,0,9.4,1,55.72,,,,,,,,,,,,,,,,,,,,,,,,,,,,,,,,,,,,
2023,11,16,4,0,9.1,0.9,56.31,,,,,,,,,,,,,,,,,,,,,,,,,,,,,,,,,,,,
2023,11,16,5,0,8.7,1.1,59,,,,,,,,,,,,,,,,,,,,,,,,,,,,,,,,,,,,
2023,11,16,6,0,8.4,1.3,60.79,,,,,,,,,,,,,,,,,,,,,,,,,,,,,,,,,,,,
2023,11,16,7,0,8.2,1.4,62.22,,,,,,,,,,,,,,,,,,,,,,,,,,,,,,,,,,,,
2023,11,16,8,0,8.2,1.7,63.66,,,,,,,,,,,,,,,,,,,,,,,,,,,,,,,,,,,,
2023,11,16,9,0,8.2,2.2,65.71,,,,,,,,,,,,,,,,,,,,,,,,,,,,,,,,,,,,
2023,11,16,10,0,8.5,2.6,66.43,,,,,,,,,,,,,,,,,,,,,,,,,,,,,,,,,,,,
2023,11,16,11,0,8.9,3.1,66.88,,,,,,,,,,,,,,,,,,,,,,,,,,,,,,,,,,,,
2023,11,16,12,0,9.2,3.7,68.41,,,,,,,,,,,,,,,,,,,,,,,,,,,,,,,,,,,,
2023,11,16,13,0,11.3,4.5,62.75,,,,,,,,,,,,,,,,,,,,,,,,,,,,,,,,,,,,
2023,11,16,14,0,14.3,6.5,59.29,,,,,,,,,,,,,,,,,,,,,,,,,,,,,,,,,,,,
2023,11,16,15,0,17.5,9,57.28,,,,,,,,,,,,,,,,,,,,,,,,,,,,,,,,,,,,
2023,11,16,16,0,20.2,10.8,54.58,,,,,,,,,,,,,,,,,,,,,,,,,,,,,,,,,,,,
2023,11,16,17,0,21.8,11.4,51.69,,,,,,,,,,,,,,,,,,,,,,,,,,,,,,,,,,,,
2023,11,16,18,0,22.5,11.7,50.56,,,,,,,,,,,,,,,,,,,,,,,,,,,,,,,,,,,,
2023,11,16,19,0,22.6,11.9,50.92,,,,,,,,,,,,,,,,,,,,,,,,,,,,,,,,,,,,
2023,11,16,20,0,22,12.1,53.57,,,,,,,,,,,,,,,,,,,,,,,,,,,,,,,,,,,,
2023,11,16,21,0,20.9,12.4,58.39,,,,,,,,,,,,,,,,,,,,,,,,,,,,,,,,,,,,
2023,11,16,22,0,18.2,13.1,72.14,,,,,,,,,,,,,,,,,,,,,,,,,,,,,,,,,,,,
2023,11,16,23,0,16.1,12.9,81.55,,,,,,,,,,,,,,,,,,,,,,,,,,,,,,,,,,,,
2023,11,17,0,0,15.4,12.8,84.32,,,,,,,,,,,,,,,,,,,,,,,,,,,,,,,,,,,,
2023,11,17,1,0,14.6,12.6,87.97,,,,,,,,,,,,,,,,,,,,,,,,,,,,,,,,,,,,
2023,11,17,2,0,14.1,12.5,90.16,,,,,,,,,,,,,,,,,,,,,,,,,,,,,,,,,,,,
2023,11,17,3,0,13.8,12.4,91.55,,,,,,,,,,,,,,,,,,,,,,,,,,,,,,,,,,,,
2023,11,17,4,0,13.4,12.4,93.77,,,,,,,,,,,,,,,,,,,,,,,,,,,,,,,,,,,,
2023,11,17,5,0,13.1,12.4,95.5,,,,,,,,,,,,,,,,,,,,,,,,,,,,,,,,,,,,
2023,11,17,6,0,12.7,12.4,98.04,,,,,,,,,,,,,,,,,,,,,,,,,,,,,,,,,,,,
2023,11,17,7,0,12.3,12.3,100,,,,,,,,,,,,,,,,,,,,,,,,,,,,,,,,,,,,
2023,11,17,8,0,12.1,12.1,100,,,,,,,,,,,,,,,,,,,,,,,,,,,,,,,,,,,,
2023,11,17,9,0,12,12,100,,,,,,,,,,,,,,,,,,,,,,,,,,,,,,,,,,,,
2023,11,17,10,0,11.9,11.9,100,,,,,,,,,,,,,,,,,,,,,,,,,,,,,,,,,,,,
2023,11,17,11,0,11.8,11.8,100,,,,,,,,,,,,,,,,,,,,,,,,,,,,,,,,,,,,
2023,11,17,12,0,11.7,11.7,100,,,,,,,,,,,,,,,,,,,,,,,,,,,,,,,,,,,,
2023,11,17,13,0,14,12.5,90.51,,,,,,,,,,,,,,,,,,,,,,,,,,,,,,,,,,,,
2023,11,17,14,0,17.1,13.3,78.36,,,,,,,,,,,,,,,,,,,,,,,,,,,,,,,,,,,,
2023,11,17,15,0,19.6,14.4,72.05,,,,,,,,,,,,,,,,,,,,,,,,,,,,,,,,,,,,
2023,11,17,16,0,20.9,14.8,68.21,,,,,,,,,,,,,,,,,,,,,,,,,,,,,,,,,,,,
2023,11,17,17,0,21.7,14.8,65.05,,,,,,,,,,,,,,,,,,,,,,,,,,,,,,,,,,,,
2023,11,17,18,0,22.5,14.7,61.49,,,,,,,,,,,,,,,,,,,,,,,,,,,,,,,,,,,,
2023,11,17,19,0,23,14.4,58.58,,,,,,,,,,,,,,,,,,,,,,,,,,,,,,,,,,,,
2023,11,17,20,0,22.9,14.1,57.45,,,,,,,,,,,,,,,,,,,,,,,,,,,,,,,,,,,,
2023,11,17,21,0,21.6,15.5,68.33,,,,,,,,,,,,,,,,,,,,,,,,,,,,,,,,,,,,
2023,11,17,22,0,19.7,14.9,73.89,,,,,,,,,,,,,,,,,,,,,,,,,,,,,,,,,,,,
2023,11,17,23,0,18.3,14.2,77.11,,,,,,,,,,,,,,,,,,,,,,,,,,,,,,,,,,,,
2023,11,18,0,0,17,13.9,82.23,,,,,,,,,,,,,,,,,,,,,,,,,,,,,,,,,,,,
2023,11,18,1,0,16.2,14,86.96,,,,,,,,,,,,,,,,,,,,,,,,,,,,,,,,,,,,
2023,11,18,2,0,15.6,14.1,90.99,,,,,,,,,,,,,,,,,,,,,,,,,,,,,,,,,,,,
2023,11,18,3,0,15,14.1,94.38,,,,,,,,,,,,,,,,,,,,,,,,,,,,,,,,,,,,
2023,11,18,4,0,14.2,14,98.68,,,,,,,,,,,,,,,,,,,,,,,,,,,,,,,,,,,,
2023,11,18,5,0,13.3,13.3,100,,,,,,,,,,,,,,,,,,,,,,,,,,,,,,,,,,,,
2023,11,18,6,0,12.9,12.9,100,,,,,,,,,,,,,,,,,,,,,,,,,,,,,,,,,,,,
2023,11,18,7,0,12.7,12.7,100,,,,,,,,,,,,,,,,,,,,,,,,,,,,,,,,,,,,
2023,11,18,8,0,12.4,12.4,100,,,,,,,,,,,,,,,,,,,,,,,,,,,,,,,,,,,,
2023,11,18,9,0,12.3,12.3,100,,,,,,,,,,,,,,,,,,,,,,,,,,,,,,,,,,,,
2023,11,18,10,0,12.1,12.1,100,,,,,,,,,,,,,,,,,,,,,,,,,,,,,,,,,,,,
2023,11,18,11,0,11.8,11.8,100,,,,,,,,,,,,,,,,,,,,,,,,,,,,,,,,,,,,
2023,11,18,12,0,11.7,11.7,100,,,,,,,,,,,,,,,,,,,,,,,,,,,,,,,,,,,,
2023,11,18,13,0,14,13.2,94.96,,,,,,,,,,,,,,,,,,,,,,,,,,,,,,,,,,,,
2023,11,18,14,0,16.4,13.3,81.78,,,,,,,,,,,,,,,,,,,,,,,,,,,,,,,,,,,,
2023,11,18,15,0,18.8,12.3,65.87,,,,,,,,,,,,,,,,,,,,,,,,,,,,,,,,,,,,
2023,11,18,16,0,20.6,11.2,54.78,,,,,,,,,,,,,,,,,,,,,,,,,,,,,,,,,,,,
2023,11,18,17,0,21.9,10.1,47.21,,,,,,,,,,,,,,,,,,,,,,,,,,,,,,,,,,,,
2023,11,18,18,0,22.5,9.1,42.42,,,,,,,,,,,,,,,,,,,,,,,,,,,,,,,,,,,,
2023,11,18,19,0,22.6,8.1,39.3,,,,,,,,,,,,,,,,,,,,,,,,,,,,,,,,,,,,
2023,11,18,20,0,22.1,7.1,37.94,,,,,,,,,,,,,,,,,,,,,,,,,,,,,,,,,,,,
2023,11,18,21,0,20.7,6.6,39.86,,,,,,,,,,,,,,,,,,,,,,,,,,,,,,,,,,,,
2023,11,18,22,0,16.4,7.6,56.11,,,,,,,,,,,,,,,,,,,,,,,,,,,,,,,,,,,,
2023,11,18,23,0,13.6,7,64.17,,,,,,,,,,,,,,,,,,,,,,,,,,,,,,,,,,,,
2023,11,19,0,0,12.7,6.3,65.19,,,,,,,,,,,,,,,,,,,,,,,,,,,,,,,,,,,,
2023,11,19,1,0,11.6,6,68.53,,,,,,,,,,,,,,,,,,,,,,,,,,,,,,,,,,,,
2023,11,19,2,0,10.6,5.6,71.42,,,,,,,,,,,,,,,,,,,,,,,,,,,,,,,,,,,,
2023,11,19,3,0,9.7,5.3,74.11,,,,,,,,,,,,,,,,,,,,,,,,,,,,,,,,,,,,
2023,11,19,4,0,9,5,76.03,,,,,,,,,,,,,,,,,,,,,,,,,,,,,,,,,,,,
2023,11,19,5,0,8.3,4.8,78.48,,,,,,,,,,,,,,,,,,,,,,,,,,,,,,,,,,,,
2023,11,19,6,0,7.7,4.6,80.7,,,,,,,,,,,,,,,,,,,,,,,,,,,,,,,,,,,,
2023,11,19,7,0,7.1,4.4,83.21,,,,,,,,,,,,,,,,,,,,,,,,,,,,,,,,,,,,
2023,11,19,8,0,6.6,4.3,85.28,,,,,,,,,,,,,,,,,,,,,,,,,,,,,,,,,,,,
2023,11,19,9,0,6.3,4.2,86.26,,,,,,,,,,,,,,,,,,,,,,,,,,,,,,,,,,,,
2023,11,19,10,0,6.1,4.1,86.85,,,,,,,,,,,,,,,,,,,,,,,,,,,,,,,,,,,,
2023,11,19,11,0,5.9,3.9,87.07,,,,,,,,,,,,,,,,,,,,,,,,,,,,,,,,,,,,
2023,11,19,12,0,5.9,3.7,85.64,,,,,,,,,,,,,,,,,,,,,,,,,,,,,,,,,,,,
2023,11,19,13,0,8.9,3.5,69.07,,,,,,,,,,,,,,,,,,,,,,,,,,,,,,,,,,,,
2023,11,19,14,0,12.1,3.2,54.32,,,,,,,,,,,,,,,,,,,,,,,,,,,,,,,,,,,,
2023,11,19,15,0,15.2,4.2,47.97,,,,,,,,,,,,,,,,,,,,,,,,,,,,,,,,,,,,
2023,11,19,16,0,17.8,5.7,44.95,,,,,,,,,,,,,,,,,,,,,,,,,,,,,,,,,,,,
2023,11,19,17,0,19.8,6.6,42.35,,,,,,,,,,,,,,,,,,,,,,,,,,,,,,,,,,,,
2023,11,19,18,0,20.9,7,40.65,,,,,,,,,,,,,,,,,,,,,,,,,,,,,,,,,,,,
2023,11,19,19,0,21.4,7.3,40.12,,,,,,,,,,,,,,,,,,,,,,,,,,,,,,,,,,,,
2023,11,19,20,0,21.3,7.6,41.22,,,,,,,,,,,,,,,,,,,,,,,,,,,,,,,,,,,,
2023,11,19,21,0,20.1,8.7,47.88,,,,,,,,,,,,,,,,,,,,,,,,,,,,,,,,,,,,
2023,11,19,22,0,15.7,10.7,72.3,,,,,,,,,,,,,,,,,,,,,,,,,,,,,,,,,,,,
2023,11,19,23,0,13.4,9.9,79.52,,,,,,,,,,,,,,,,,,,,,,,,,,,,,,,,,,,,
2023,11,20,0,0,12.9,10.2,83.59,,,,,,,,,,,,,,,,,,,,,,,,,,,,,,,,,,,,
2023,11,20,1,0,12.2,10.5,89.44,,,,,,,,,,,,,,,,,,,,,,,,,,,,,,,,,,,,
2023,11,20,2,0,11.4,10.8,96.1,,,,,,,,,,,,,,,,,,,,,,,,,,,,,,,,,,,,
2023,11,20,3,0,10.8,10.8,100,,,,,,,,,,,,,,,,,,,,,,,,,,,,,,,,,,,,
2023,11,20,4,0,10.5,10.5,100,,,,,,,,,,,,,,,,,,,,,,,,,,,,,,,,,,,,
2023,11,20,5,0,9.9,9.9,100,,,,,,,,,,,,,,,,,,,,,,,,,,,,,,,,,,,,
2023,11,20,6,0,9.6,9.6,100,,,,,,,,,,,,,,,,,,,,,,,,,,,,,,,,,,,,
2023,11,20,7,0,9.4,9.4,100,,,,,,,,,,,,,,,,,,,,,,,,,,,,,,,,,,,,
2023,11,20,8,0,9.7,9.5,98.93,,,,,,,,,,,,,,,,,,,,,,,,,,,,,,,,,,,,
2023,11,20,9,0,10.5,9.7,94.62,,,,,,,,,,,,,,,,,,,,,,,,,,,,,,,,,,,,
2023,11,20,10,0,11,9.9,93.03,,,,,,,,,,,,,,,,,,,,,,,,,,,,,,,,,,,,
2023,11,20,11,0,11.2,10.2,93.32,,,,,,,,,,,,,,,,,,,,,,,,,,,,,,,,,,,,
2023,11,20,12,0,11.2,10.4,94.6,,,,,,,,,,,,,,,,,,,,,,,,,,,,,,,,,,,,
2023,11,20,13,0,12.2,10.8,90.91,,,,,,,,,,,,,,,,,,,,,,,,,,,,,,,,,,,,
2023,11,20,14,0,13.5,11.3,86.72,,,,,,,,,,,,,,,,,,,,,,,,,,,,,,,,,,,,
2023,11,20,15,0,15,11.9,81.84,,,,,,,,,,,,,,,,,,,,,,,,,,,,,,,,,,,,
2023,11,20,16,0,16.4,12.5,77.77,,,,,,,,,,,,,,,,,,,,,,,,,,,,,,,,,,,,
2023,11,20,17,0,17.4,13,75.24,,,,,,,,,,,,,,,,,,,,,,,,,,,,,,,,,,,,
2023,11,20,18,0,18.2,13.2,72.81,,,,,,,,,,,,,,,,,,,,,,,,,,,,,,,,,,,,
2023,11,20,19,0,18.6,13.5,72,,,,,,,,,,,,,,,,,,,,,,,,,,,,,,,,,,,,
2023,11,20,20,0,18.4,13.7,74.22,,,,,,,,,,,,,,,,,,,,,,,,,,,,,,,,,,,,
2023,11,20,21,0,17.5,14,79.77,,,,,,,,,,,,,,,,,,,,,,,,,,,,,,,,,,,,
2023,11,20,22,0,16.3,13.7,84.69,,,,,,,,,,,,,,,,,,,,,,,,,,,,,,,,,,,,
2023,11,20,23,0,15.6,13,84.7,,,,,,,,,,,,,,,,,,,,,,,,,,,,,,,,,,,,
2023,11,21,0,0,15,12.2,83.53,,,,,,,,,,,,,,,,,,,,,,,,,,,,,,,,,,,,
2023,11,21,1,0,14.5,11.4,81.9,,,,,,,,,,,,,,,,,,,,,,,,,,,,,,,,,,,,
2023,11,21,2,0,14,10.9,81.32,,,,,,,,,,,,,,,,,,,,,,,,,,,,,,,,,,,,
2023,11,21,3,0,13.8,10.6,81.25,,,,,,,,,,,,,,,,,,,,,,,,,,,,,,,,,,,,
2023,11,21,4,0,13.6,10.6,82.02,,,,,,,,,,,,,,,,,,,,,,,,,,,,,,,,,,,,
2023,11,21,5,0,13.4,10.6,83.16,,,,,,,,,,,,,,,,,,,,,,,,,,,,,,,,,,,,
2023,11,21,6,0,13.2,10.9,85.72,,,,,,,,,,,,,,,,,,,,,,,,,,,,,,,,,,,,
2023,11,21,7,0,13.1,11.5,89.8,,,,,,,,,,,,,,,,,,,,,,,,,,,,,,,,,,,,
2023,11,21,8,0,13.4,12.4,93.52,,,,,,,,,,,,,,,,,,,,,,,,,,,,,,,,,,,,
2023,11,21,9,0,13.6,13.3,97.76,,,,,,,,,,,,,,,,,,,,,,,,,,,,,,,,,,,,
2023,11,21,10,0,14,13.9,99.57,,,,,,,,,,,,,,,,,,,,,,,,,,,,,,,,,,,,
2023,11,21,11,0,14.6,14.6,100,,,,,,,,,,,,,,,,,,,,,,,,,,,,,,,,,,,,
2023,11,21,12,0,15.3,15.3,100,,,,,,,,,,,,,,,,,,,,,,,,,,,,,,,,,,,,
2023,11,21,13,0,16.2,16.1,99.41,,,,,,,,,,,,,,,,,,,,,,,,,,,,,,,,,,,,
2023,11,21,14,0,17.1,16.9,98.47,,,,,,,,,,,,,,,,,,,,,,,,,,,,,,,,,,,,
2023,11,21,15,0,18,17.6,97.31,,,,,,,,,,,,,,,,,,,,,,,,,,,,,,,,,,,,
2023,11,21,16,0,19,18.2,94.99,,,,,,,,,,,,,,,,,,,,,,,,,,,,,,,,,,,,
2023,11,21,17,0,20.1,18.6,90.88,,,,,,,,,,,,,,,,,,,,,,,,,,,,,,,,,,,,
2023,11,21,18,0,20.8,18.8,88.1,,,,,,,,,,,,,,,,,,,,,,,,,,,,,,,,,,,,
2023,11,21,19,0,21,19,88.47,,,,,,,,,,,,,,,,,,,,,,,,,,,,,,,,,,,,
2023,11,21,20,0,20.4,19.3,93.42,,,,,,,,,,,,,,,,,,,,,,,,,,,,,,,,,,,,
2023,11,21,21,0,19.5,19.3,98.46,,,,,,,,,,,,,,,,,,,,,,,,,,,,,,,,,,,,
2023,11,21,22,0,18.4,18.4,100,,,,,,,,,,,,,,,,,,,,,,,,,,,,,,,,,,,,
2023,11,21,23,0,17.4,17.4,99.75,,,,,,,,,,,,,,,,,,,,,,,,,,,,,,,,,,,,
2023,11,22,0,0,16.1,16,99.28,,,,,,,,,,,,,,,,,,,,,,,,,,,,,,,,,,,,
2023,11,22,1,0,15,15,100,,,,,,,,,,,,,,,,,,,,,,,,,,,,,,,,,,,,
2023,11,22,2,0,14.4,14.4,100,,,,,,,,,,,,,,,,,,,,,,,,,,,,,,,,,,,,
2023,11,22,3,0,14.2,14.2,99.91,,,,,,,,,,,,,,,,,,,,,,,,,,,,,,,,,,,,
2023,11,22,4,0,13.9,13.9,99.78,,,,,,,,,,,,,,,,,,,,,,,,,,,,,,,,,,,,
2023,11,22,5,0,13.5,13.5,100,,,,,,,,,,,,,,,,,,,,,,,,,,,,,,,,,,,,
2023,11,22,6,0,13.2,13.2,100,,,,,,,,,,,,,,,,,,,,,,,,,,,,,,,,,,,,
2023,11,22,7,0,12.6,12.6,100,,,,,,,,,,,,,,,,,,,,,,,,,,,,,,,,,,,,
2023,11,22,8,0,11.8,11.8,100,,,,,,,,,,,,,,,,,,,,,,,,,,,,,,,,,,,,
2023,11,22,9,0,11,11,100,,,,,,,,,,,,,,,,,,,,,,,,,,,,,,,,,,,,
2023,11,22,10,0,10.4,10.4,100,,,,,,,,,,,,,,,,,,,,,,,,,,,,,,,,,,,,
2023,11,22,11,0,9.8,9.8,100,,,,,,,,,,,,,,,,,,,,,,,,,,,,,,,,,,,,
2023,11,22,12,0,9.3,9.3,100,,,,,,,,,,,,,,,,,,,,,,,,,,,,,,,,,,,,
2023,11,22,13,0,10.1,9.9,98.35,,,,,,,,,,,,,,,,,,,,,,,,,,,,,,,,,,,,
2023,11,22,14,0,10.6,9.6,93.64,,,,,,,,,,,,,,,,,,,,,,,,,,,,,,,,,,,,
2023,11,22,15,0,10.7,8.4,85.69,,,,,,,,,,,,,,,,,,,,,,,,,,,,,,,,,,,,
2023,11,22,16,0,10.7,7,77.96,,,,,,,,,,,,,,,,,,,,,,,,,,,,,,,,,,,,
2023,11,22,17,0,11.7,5.8,66.89,,,,,,,,,,,,,,,,,,,,,,,,,,,,,,,,,,,,
2023,11,22,18,0,12.3,4.4,58.7,,,,,,,,,,,,,,,,,,,,,,,,,,,,,,,,,,,,
2023,11,22,19,0,12.3,3.7,55.88,,,,,,,,,,,,,,,,,,,,,,,,,,,,,,,,,,,,
2023,11,22,20,0,11.9,3.3,55.5,,,,,,,,,,,,,,,,,,,,,,,,,,,,,,,,,,,,
2023,11,22,21,0,11,2.9,57.23,,,,,,,,,,,,,,,,,,,,,,,,,,,,,,,,,,,,
2023,11,22,22,0,9.2,2.7,63.63,,,,,,,,,,,,,,,,,,,,,,,,,,,,,,,,,,,,
2023,11,22,23,0,7.3,2.7,72.44,,,,,,,,,,,,,,,,,,,,,,,,,,,,,,,,,,,,
2023,11,23,0,0,6.5,2.5,75.53,,,,,,,,,,,,,,,,,,,,,,,,,,,,,,,,,,,,
2023,11,23,1,0,5.7,2.3,78.91,,,,,,,,,,,,,,,,,,,,,,,,,,,,,,,,,,,,
2023,11,23,2,0,4.9,2.2,82.72,,,,,,,,,,,,,,,,,,,,,,,,,,,,,,,,,,,,
2023,11,23,3,0,4.1,2.1,86.84,,,,,,,,,,,,,,,,,,,,,,,,,,,,,,,,,,,,
2023,11,23,4,0,3.6,2,89.23,,,,,,,,,,,,,,,,,,,,,,,,,,,,,,,,,,,,
2023,11,23,5,0,3.2,1.9,91.28,,,,,,,,,,,,,,,,,,,,,,,,,,,,,,,,,,,,
2023,11,23,6,0,2.9,1.8,92.74,,,,,,,,,,,,,,,,,,,,,,,,,,,,,,,,,,,,
2023,11,23,7,0,2.6,1.8,94.38,,,,,,,,,,,,,,,,,,,,,,,,,,,,,,,,,,,,
2023,11,23,8,0,2.3,1.8,96.26,,,,,,,,,,,,,,,,,,,,,,,,,,,,,,,,,,,,
2023,11,23,9,0,2,1.8,98.28,,,,,,,,,,,,,,,,,,,,,,,,,,,,,,,,,,,,
2023,11,23,10,0,1.5,1.5,100,,,,,,,,,,,,,,,,,,,,,,,,,,,,,,,,,,,,
2023,11,23,11,0,1.3,1.3,100,,,,,,,,,,,,,,,,,,,,,,,,,,,,,,,,,,,,
2023,11,23,12,0,1.2,1.2,100,,,,,,,,,,,,,,,,,,,,,,,,,,,,,,,,,,,,
2023,11,23,13,0,3.3,2.1,91.68,,,,,,,,,,,,,,,,,,,,,,,,,,,,,,,,,,,,
2023,11,23,14,0,5.8,2.7,80.72,,,,,,,,,,,,,,,,,,,,,,,,,,,,,,,,,,,,
2023,11,23,15,0,8.6,2.6,65.86,,,,,,,,,,,,,,,,,,,,,,,,,,,,,,,,,,,,
2023,11,23,16,0,10.9,2,54.06,,,,,,,,,,,,,,,,,,,,,,,,,,,,,,,,,,,,
2023,11,23,17,0,12.6,1.5,46.77,,,,,,,,,,,,,,,,,,,,,,,,,,,,,,,,,,,,
2023,11,23,18,0,13.9,1.3,42.2,,,,,,,,,,,,,,,,,,,,,,,,,,,,,,,,,,,,
2023,11,23,19,0,14.6,1,39.7,,,,,,,,,,,,,,,,,,,,,,,,,,,,,,,,,,,,
2023,11,23,20,0,14.3,1.1,40.79,,,,,,,,,,,,,,,,,,,,,,,,,,,,,,,,,,,,
2023,11,23,21,0,13,4.8,57.33,,,,,,,,,,,,,,,,,,,,,,,,,,,,,,,,,,,,
2023,11,23,22,0,10.9,4.1,62.75,,,,,,,,,,,,,,,,,,,,,,,,,,,,,,,,,,,,
2023,11,23,23,0,9.5,3.6,66.58,,,,,,,,,,,,,,,,,,,,,,,,,,,,,,,,,,,,
2023,11,24,0,0,8.8,3.6,70.02,,,,,,,,,,,,,,,,,,,,,,,,,,,,,,,,,,,,
2023,11,24,1,0,8.3,3.6,72.27,,,,,,,,,,,,,,,,,,,,,,,,,,,,,,,,,,,,
2023,11,24,2,0,8,3.4,72.8,,,,,,,,,,,,,,,,,,,,,,,,,,,,,,,,,,,,
2023,11,24,3,0,7.6,3.2,73.75,,,,,,,,,,,,,,,,,,,,,,,,,,,,,,,,,,,,
2023,11,24,4,0,6.9,3.1,76.5,,,,,,,,,,,,,,,,,,,,,,,,,,,,,,,,,,,,
2023,11,24,5,0,6.4,2.8,78.01,,,,,,,,,,,,,,,,,,,,,,,,,,,,,,,,,,,,
2023,11,24,6,0,6.1,2.7,78.71,,,,,,,,,,,,,,,,,,,,,,,,,,,,,,,,,,,,
2023,11,24,7,0,5.8,2.4,78.84,,,,,,,,,,,,,,,,,,,,,,,,,,,,,,,,,,,,
2023,11,24,8,0,5,1.9,80.57,,,,,,,,,,,,,,,,,,,,,,,,,,,,,,,,,,,,
2023,11,24,9,0,4.5,1.8,82.52,,,,,,,,,,,,,,,,,,,,,,,,,,,,,,,,,,,,
2023,11,24,10,0,4.2,1.6,83.17,,,,,,,,,,,,,,,,,,,,,,,,,,,,,,,,,,,,
2023,11,24,11,0,3.6,1.6,86.98,,,,,,,,,,,,,,,,,,,,,,,,,,,,,,,,,,,,
2023,11,24,12,0,3.3,1.7,89.02,,,,,,,,,,,,,,,,,,,,,,,,,,,,,,,,,,,,
2023,11,24,13,0,5.7,1.7,75.44,,,,,,,,,,,,,,,,,,,,,,,,,,,,,,,,,,,,
2023,11,24,14,0,8.5,2,63.6,,,,,,,,,,,,,,,,,,,,,,,,,,,,,,,,,,,,
2023,11,24,15,0,12.8,0.7,43.58,,,,,,,,,,,,,,,,,,,,,,,,,,,,,,,,,,,,
2023,11,24,16,0,15.1,0.1,35.85,,,,,,,,,,,,,,,,,,,,,,,,,,,,,,,,,,,,
2023,11,24,17,0,16.6,-0.4,31.58,,,,,,,,,,,,,,,,,,,,,,,,,,,,,,,,,,,,
2023,11,24,18,0,17.3,-0.7,29.55,,,,,,,,,,,,,,,,,,,,,,,,,,,,,,,,,,,,
2023,11,24,19,0,17.5,-0.7,29.01,,,,,,,,,,,,,,,,,,,,,,,,,,,,,,,,,,,,
2023,11,24,20,0,17.1,-0.6,30.13,,,,,,,,,,,,,,,,,,,,,,,,,,,,,,,,,,,,
2023,11,24,21,0,15.6,3.1,43.03,,,,,,,,,,,,,,,,,,,,,,,,,,,,,,,,,,,,
2023,11,24,22,0,11.7,4.8,62.71,,,,,,,,,,,,,,,,,,,,,,,,,,,,,,,,,,,,
2023,11,24,23,0,9.7,3.3,64.22,,,,,,,,,,,,,,,,,,,,,,,,,,,,,,,,,,,,
2023,11,25,0,0,8.7,3.1,67.81,,,,,,,,,,,,,,,,,,,,,,,,,,,,,,,,,,,,
2023,11,25,1,0,7.9,3,71.33,,,,,,,,,,,,,,,,,,,,,,,,,,,,,,,,,,,,
2023,11,25,2,0,7.1,2.9,74.68,,,,,,,,,,,,,,,,,,,,,,,,,,,,,,,,,,,,
2023,11,25,3,0,6.2,2.8,79,,,,,,,,,,,,,,,,,,,,,,,,,,,,,,,,,,,,
2023,11,25,4,0,5.5,2.7,82.23,,,,,,,,,,,,,,,,,,,,,,,,,,,,,,,,,,,,
2023,11,25,5,0,5.1,2.6,83.91,,,,,,,,,,,,,,,,,,,,,,,,,,,,,,,,,,,,
2023,11,25,6,0,4.7,2.6,86.03,,,,,,,,,,,,,,,,,,,,,,,,,,,,,,,,,,,,
2023,11,25,7,0,4.2,2.7,89.73,,,,,,,,,,,,,,,,,,,,,,,,,,,,,,,,,,,,
2023,11,25,8,0,3.9,2.8,92.32,,,,,,,,,,,,,,,,,,,,,,,,,,,,,,,,,,,,
2023,11,25,9,0,3.7,2.9,94.63,,,,,,,,,,,,,,,,,,,,,,,,,,,,,,,,,,,,
2023,11,25,10,0,3.6,3.2,97.01,,,,,,,,,,,,,,,,,,,,,,,,,,,,,,,,,,,,
2023,11,25,11,0,3.6,3.4,98.52,,,,,,,,,,,,,,,,,,,,,,,,,,,,,,,,,,,,
2023,11,25,12,0,3.7,3.6,99.22,,,,,,,,,,,,,,,,,,,,,,,,,,,,,,,,,,,,
2023,11,25,13,0,6,3.9,86.38,,,,,,,,,,,,,,,,,,,,,,,,,,,,,,,,,,,,
2023,11,25,14,0,9,4.3,72.4,,,,,,,,,,,,,,,,,,,,,,,,,,,,,,,,,,,,
2023,11,25,15,0,11.6,4.5,61.68,,,,,,,,,,,,,,,,,,,,,,,,,,,,,,,,,,,,
2023,11,25,16,0,13.6,4.6,54.42,,,,,,,,,,,,,,,,,,,,,,,,,,,,,,,,,,,,
2023,11,25,17,0,15,4.7,50.02,,,,,,,,,,,,,,,,,,,,,,,,,,,,,,,,,,,,
2023,11,25,18,0,15.7,4.7,47.95,,,,,,,,,,,,,,,,,,,,,,,,,,,,,,,,,,,,
2023,11,25,19,0,15.5,4.7,48.72,,,,,,,,,,,,,,,,,,,,,,,,,,,,,,,,,,,,
2023,11,25,20,0,15,4.9,51.02,,,,,,,,,,,,,,,,,,,,,,,,,,,,,,,,,,,,
2023,11,25,21,0,13.6,5.8,59.19,,,,,,,,,,,,,,,,,,,,,,,,,,,,,,,,,,,,
2023,11,25,22,0,10.7,6.6,75.65,,,,,,,,,,,,,,,,,,,,,,,,,,,,,,,,,,,,
2023,11,25,23,0,9.8,6.1,77.62,,,,,,,,,,,,,,,,,,,,,,,,,,,,,,,,,,,,
2023,11,26,0,0,8.4,5.7,82.9,,,,,,,,,,,,,,,,,,,,,,,,,,,,,,,,,,,,
2023,11,26,1,0,7.6,5.3,85.2,,,,,,,,,,,,,,,,,,,,,,,,,,,,,,,,,,,,
2023,11,26,2,0,6.8,5,88.18,,,,,,,,,,,,,,,,,,,,,,,,,,,,,,,,,,,,
2023,11,26,3,0,6.1,4.7,90.84,,,,,,,,,,,,,,,,,,,,,,,,,,,,,,,,,,,,
2023,11,26,4,0,5.7,4.5,91.94,,,,,,,,,,,,,,,,,,,,,,,,,,,,,,,,,,,,
2023,11,26,5,0,5.3,4.3,93.15,,,,,,,,,,,,,,,,,,,,,,,,,,,,,,,,,,,,
2023,11,26,6,0,4.9,4.1,94.31,,,,,,,,,,,,,,,,,,,,,,,,,,,,,,,,,,,,
2023,11,26,7,0,4.5,3.9,95.56,,,,,,,,,,,,,,,,,,,,,,,,,,,,,,,,,,,,
2023,11,26,8,0,4.2,3.6,96.13,,,,,,,,,,,,,,,,,,,,,,,,,,,,,,,,,,,,
2023,11,26,9,0,4.1,3.4,95.38,,,,,,,,,,,,,,,,,,,,,,,,,,,,,,,,,,,,
2023,11,26,10,0,3.8,3.2,95.89,,,,,,,,,,,,,,,,,,,,,,,,,,,,,,,,,,,,
2023,11,26,11,0,3.5,3,96.3,,,,,,,,,,,,,,,,,,,,,,,,,,,,,,,,,,,,
2023,11,26,12,0,3.8,3,94.58,,,,,,,,,,,,,,,,,,,,,,,,,,,,,,,,,,,,
2023,11,26,13,0,5.3,3.5,87.94,,,,,,,,,,,,,,,,,,,,,,,,,,,,,,,,,,,,
2023,11,26,14,0,6.8,3.7,80.37,,,,,,,,,,,,,,,,,,,,,,,,,,,,,,,,,,,,
2023,11,26,15,0,7.9,4,76.19,,,,,,,,,,,,,,,,,,,,,,,,,,,,,,,,,,,,
2023,11,26,16,0,9,4.9,75.71,,,,,,,,,,,,,,,,,,,,,,,,,,,,,,,,,,,,
2023,11,26,17,0,9.8,6,77.04,,,,,,,,,,,,,,,,,,,,,,,,,,,,,,,,,,,,
2023,11,26,18,0,10.2,6.9,80.04,,,,,,,,,,,,,,,,,,,,,,,,,,,,,,,,,,,,
2023,11,26,19,0,10.3,7.7,84.05,,,,,,,,,,,,,,,,,,,,,,,,,,,,,,,,,,,,
2023,11,26,20,0,10.3,8.2,86.75,,,,,,,,,,,,,,,,,,,,,,,,,,,,,,,,,,,,
2023,11,26,21,0,9.8,8.4,90.83,,,,,,,,,,,,,,,,,,,,,,,,,,,,,,,,,,,,
2023,11,26,22,0,8.9,8.4,96.61,,,,,,,,,,,,,,,,,,,,,,,,,,,,,,,,,,,,
2023,11,26,23,0,8.5,8.3,98.85,,,,,,,,,,,,,,,,,,,,,,,,,,,,,,,,,,,,
2023,11,27,0,0,8.6,8.4,98.91,,,,,,,,,,,,,,,,,,,,,,,,,,,,,,,,,,,,
2023,11,27,1,0,8.8,8.7,99.38,,,,,,,,,,,,,,,,,,,,,,,,,,,,,,,,,,,,
2023,11,27,2,0,9,9,100,,,,,,,,,,,,,,,,,,,,,,,,,,,,,,,,,,,,
2023,11,27,3,0,9.4,9.4,100,,,,,,,,,,,,,,,,,,,,,,,,,,,,,,,,,,,,
2023,11,27,4,0,9.4,9.4,100,,,,,,,,,,,,,,,,,,,,,,,,,,,,,,,,,,,,
2023,11,27,5,0,8.9,8.7,98.83,,,,,,,,,,,,,,,,,,,,,,,,,,,,,,,,,,,,
2023,11,27,6,0,7.9,7.2,95.59,,,,,,,,,,,,,,,,,,,,,,,,,,,,,,,,,,,,
2023,11,27,7,0,6.5,5.7,94.31,,,,,,,,,,,,,,,,,,,,,,,,,,,,,,,,,,,,
2023,11,27,8,0,5.2,4.1,92.71,,,,,,,,,,,,,,,,,,,,,,,,,,,,,,,,,,,,
2023,11,27,9,0,4.4,3,90.31,,,,,,,,,,,,,,,,,,,,,,,,,,,,,,,,,,,,
2023,11,27,10,0,4,2.1,87.49,,,,,,,,,,,,,,,,,,,,,,,,,,,,,,,,,,,,
2023,11,27,11,0,3.4,1.2,85.42,,,,,,,,,,,,,,,,,,,,,,,,,,,,,,,,,,,,
2023,11,27,12,0,2.4,0.3,86.16,,,,,,,,,,,,,,,,,,,,,,,,,,,,,,,,,,,,
2023,11,27,13,0,2.7,0.2,83.45,,,,,,,,,,,,,,,,,,,,,,,,,,,,,,,,,,,,
2023,11,27,14,0,4,-0.8,70.99,,,,,,,,,,,,,,,,,,,,,,,,,,,,,,,,,,,,
2023,11,27,15,0,5.9,-2.4,55.1,,,,,,,,,,,,,,,,,,,,,,,,,,,,,,,,,,,,
2023,11,27,16,0,7.9,-3.8,43.38,,,,,,,,,,,,,,,,,,,,,,,,,,,,,,,,,,,,
2023,11,27,17,0,9.4,-4.7,36.64,,,,,,,,,,,,,,,,,,,,,,,,,,,,,,,,,,,,
2023,11,27,18,0,10.4,-5.4,32.55,,,,,,,,,,,,,,,,,,,,,,,,,,,,,,,,,,,,
2023,11,27,19,0,11,-5.8,30.23,,,,,,,,,,,,,,,,,,,,,,,,,,,,,,,,,,,,
2023,11,27,20,0,10.8,-6.1,30.11,,,,,,,,,,,,,,,,,,,,,,,,,,,,,,,,,,,,
2023,11,27,21,0,9.8,-5.9,32.58,,,,,,,,,,,,,,,,,,,,,,,,,,,,,,,,,,,,
2023,11,27,22,0,6.4,-4.2,46.6,,,,,,,,,,,,,,,,,,,,,,,,,,,,,,,,,,,,
2023,11,27,23,0,3.8,-3.7,58.02,,,,,,,,,,,,,,,,,,,,,,,,,,,,,,,,,,,,
2023,11,28,0,0,2.8,-3.8,61.91,,,,,,,,,,,,,,,,,,,,,,,,,,,,,,,,,,,,
2023,11,28,1,0,2,-3.9,65.01,,,,,,,,,,,,,,,,,,,,,,,,,,,,,,,,,,,,
2023,11,28,2,0,1.3,-3.9,68.28,,,,,,,,,,,,,,,,,,,,,,,,,,,,,,,,,,,,
2023,11,28,3,0,0.5,-3.9,72.32,,,,,,,,,,,,,,,,,,,,,,,,,,,,,,,,,,,,
2023,11,28,4,0,0.3,-3.9,73.41,,,,,,,,,,,,,,,,,,,,,,,,,,,,,,,,,,,,
2023,11,28,5,0,0.9,-3.8,70.9,,,,,,,,,,,,,,,,,,,,,,,,,,,,,,,,,,,,
2023,11,28,6,0,0.9,-3.7,71.52,,,,,,,,,,,,,,,,,,,,,,,,,,,,,,,,,,,,
2023,11,28,7,0,0.7,-3.5,73.42,,,,,,,,,,,,,,,,,,,,,,,,,,,,,,,,,,,,
2023,11,28,8,0,0.5,-3.4,74.97,,,,,,,,,,,,,,,,,,,,,,,,,,,,,,,,,,,,
2023,11,28,9,0,0.3,-3.4,76,,,,,,,,,,,,,,,,,,,,,,,,,,,,,,,,,,,,
2023,11,28,10,0,-0.1,-3.6,77.55,,,,,,,,,,,,,,,,,,,,,,,,,,,,,,,,,,,,
2023,11,28,11,0,-0.5,-3.7,79.06,,,,,,,,,,,,,,,,,,,,,,,,,,,,,,,,,,,,
2023,11,28,12,0,-0.5,-3.7,78.9,,,,,,,,,,,,,,,,,,,,,,,,,,,,,,,,,,,,
2023,11,28,13,0,1,-3.9,70.02,,,,,,,,,,,,,,,,,,,,,,,,,,,,,,,,,,,,
2023,11,28,14,0,4,-4,55.93,,,,,,,,,,,,,,,,,,,,,,,,,,,,,,,,,,,,
2023,11,28,15,0,7.3,-4.4,43.07,,,,,,,,,,,,,,,,,,,,,,,,,,,,,,,,,,,,
2023,11,28,16,0,9.1,-4.4,38.22,,,,,,,,,,,,,,,,,,,,,,,,,,,,,,,,,,,,
2023,11,28,17,0,10.1,-4.5,35.48,,,,,,,,,,,,,,,,,,,,,,,,,,,,,,,,,,,,
2023,11,28,18,0,10.7,-5,32.95,,,,,,,,,,,,,,,,,,,,,,,,,,,,,,,,,,,,
2023,11,28,19,0,10.9,-5.5,31.28,,,,,,,,,,,,,,,,,,,,,,,,,,,,,,,,,,,,
2023,11,28,20,0,10.5,-5.9,31.05,,,,,,,,,,,,,,,,,,,,,,,,,,,,,,,,,,,,
2023,11,28,21,0,9.3,-6.2,32.96,,,,,,,,,,,,,,,,,,,,,,,,,,,,,,,,,,,,
2023,11,28,22,0,5.5,-4.9,47.14,,,,,,,,,,,,,,,,,,,,,,,,,,,,,,,,,,,,
2023,11,28,23,0,2.8,-4.8,57.17,,,,,,,,,,,,,,,,,,,,,,,,,,,,,,,,,,,,
2023,11,29,0,0,1.7,-5.4,59.36,,,,,,,,,,,,,,,,,,,,,,,,,,,,,,,,,,,,
2023,11,29,1,0,0.6,-5.8,62.09,,,,,,,,,,,,,,,,,,,,,,,,,,,,,,,,,,,,
2023,11,29,2,0,-0.4,-6.2,65.01,,,,,,,,,,,,,,,,,,,,,,,,,,,,,,,,,,,,
2023,11,29,3,0,-1.5,-6.5,68.61,,,,,,,,,,,,,,,,,,,,,,,,,,,,,,,,,,,,
2023,11,29,4,0,-2.6,-6.8,72.69,,,,,,,,,,,,,,,,,,,,,,,,,,,,,,,,,,,,
2023,11,29,5,0,-3.4,-7.3,74.37,,,,,,,,,,,,,,,,,,,,,,,,,,,,,,,,,,,,
2023,11,29,6,0,-3.9,-7.9,73.78,,,,,,,,,,,,,,,,,,,,,,,,,,,,,,,,,,,,
2023,11,29,7,0,-4.3,-8.5,72.68,,,,,,,,,,,,,,,,,,,,,,,,,,,,,,,,,,,,
2023,11,29,8,0,-4.6,-9,71.15,,,,,,,,,,,,,,,,,,,,,,,,,,,,,,,,,,,,
2023,11,29,9,0,-4.8,-9.5,69.51,,,,,,,,,,,,,,,,,,,,,,,,,,,,,,,,,,,,
2023,11,29,10,0,-5,-9.9,68.76,,,,,,,,,,,,,,,,,,,,,,,,,,,,,,,,,,,,
2023,11,29,11,0,-5.1,-10.1,67.84,,,,,,,,,,,,,,,,,,,,,,,,,,,,,,,,,,,,
2023,11,29,12,0,-5.1,-10.2,67.54,,,,,,,,,,,,,,,,,,,,,,,,,,,,,,,,,,,,
2023,11,29,13,0,-1.8,-10.1,53.21,,,,,,,,,,,,,,,,,,,,,,,,,,,,,,,,,,,,
2023,11,29,14,0,1.5,-10.9,39.11,,,,,,,,,,,,,,,,,,,,,,,,,,,,,,,,,,,,
2023,11,29,15,0,5.8,-12.2,26.08,,,,,,,,,,,,,,,,,,,,,,,,,,,,,,,,,,,,
2023,11,29,16,0,8.3,-12.2,22.03,,,,,,,,,,,,,,,,,,,,,,,,,,,,,,,,,,,,
2023,11,29,17,0,10.3,-11.8,19.94,,,,,,,,,,,,,,,,,,,,,,,,,,,,,,,,,,,,
2023,11,29,18,0,11.9,-10.5,19.84,,,,,,,,,,,,,,,,,,,,,,,,,,,,,,,,,,,,
2023,11,29,19,0,13,-8.7,21.31,,,,,,,,,,,,,,,,,,,,,,,,,,,,,,,,,,,,
2023,11,29,20,0,13,-7.1,24.01,,,,,,,,,,,,,,,,,,,,,,,,,,,,,,,,,,,,
2023,11,29,21,0,11.4,-1.4,40.92,,,,,,,,,,,,,,,,,,,,,,,,,,,,,,,,,,,,
2023,11,29,22,0,8.2,-2.1,48.13,,,,,,,,,,,,,,,,,,,,,,,,,,,,,,,,,,,,
2023,11,29,23,0,5.9,-3,52.71,,,,,,,,,,,,,,,,,,,,,,,,,,,,,,,,,,,,
2023,11,30,0,0,3.9,-2.8,61.49,,,,,,,,,,,,,,,,,,,,,,,,,,,,,,,,,,,,
2023,11,30,1,0,2.6,-3,66.68,,,,,,,,,,,,,,,,,,,,,,,,,,,,,,,,,,,,
2023,11,30,2,0,2.3,-2.8,68.91,,,,,,,,,,,,,,,,,,,,,,,,,,,,,,,,,,,,
2023,11,30,3,0,2.4,-2.3,71.01,,,,,,,,,,,,,,,,,,,,,,,,,,,,,,,,,,,,
2023,11,30,4,0,2.5,-1.9,72.75,,,,,,,,,,,,,,,,,,,,,,,,,,,,,,,,,,,,
2023,11,30,5,0,2.5,-1.4,75.27,,,,,,,,,,,,,,,,,,,,,,,,,,,,,,,,,,,,
2023,11,30,6,0,1.6,-1.5,80.11,,,,,,,,,,,,,,,,,,,,,,,,,,,,,,,,,,,,
2023,11,30,7,0,1.1,-1.6,82.35,,,,,,,,,,,,,,,,,,,,,,,,,,,,,,,,,,,,
2023,11,30,8,0,1.1,-2,79.62,,,,,,,,,,,,,,,,,,,,,,,,,,,,,,,,,,,,
2023,11,30,9,0,1.5,-2.1,76.9,,,,,,,,,,,,,,,,,,,,,,,,,,,,,,,,,,,,
2023,11,30,10,0,1.7,-2,76.63,,,,,,,,,,,,,,,,,,,,,,,,,,,,,,,,,,,,
2023,11,30,11,0,2,-1.8,75.68,,,,,,,,,,,,,,,,,,,,,,,,,,,,,,,,,,,,
2023,11,30,12,0,1.7,-1.7,77.99,,,,,,,,,,,,,,,,,,,,,,,,,,,,,,,,,,,,
2023,11,30,13,0,3.1,0,79.84,,,,,,,,,,,,,,,,,,,,,,,,,,,,,,,,,,,,
2023,11,30,14,0,6.3,-0.4,62.21,,,,,,,,,,,,,,,,,,,,,,,,,,,,,,,,,,,,
2023,11,30,15,0,10.4,-0.4,47.08,,,,,,,,,,,,,,,,,,,,,,,,,,,,,,,,,,,,
2023,11,30,16,0,13.8,-2.4,32.58,,,,,,,,,,,,,,,,,,,,,,,,,,,,,,,,,,,,
2023,11,30,17,0,14.2,-2.9,30.63,,,,,,,,,,,,,,,,,,,,,,,,,,,,,,,,,,,,
2023,11,30,18,0,14.7,-3.1,29.21,,,,,,,,,,,,,,,,,,,,,,,,,,,,,,,,,,,,
2023,11,30,19,0,15.1,-3.2,28.28,,,,,,,,,,,,,,,,,,,,,,,,,,,,,,,,,,,,
2023,11,30,20,0,14.7,-3.1,29.18,,,,,,,,,,,,,,,,,,,,,,,,,,,,,,,,,,,,
2023,11,30,21,0,12.8,0,41.5,,,,,,,,,,,,,,,,,,,,,,,,,,,,,,,,,,,,
2023,11,30,22,0,8.4,0.8,58.74,,,,,,,,,,,,,,,,,,,,,,,,,,,,,,,,,,,,
2023,11,30,23,0,7.2,0,60.08,,,,,,,,,,,,,,,,,,,,,,,,,,,,,,,,,,,,
2023,12,1,0,0,6.3,0.3,65.41,,,,,,,,,,,,,,,,,,,,,,,,,,,,,,,,,,,,
2023,12,1,1,0,6.4,0,63.77,,,,,,,,,,,,,,,,,,,,,,,,,,,,,,,,,,,,
2023,12,1,2,0,6.2,0,64.41,,,,,,,,,,,,,,,,,,,,,,,,,,,,,,,,,,,,
2023,12,1,3,0,5.4,-0.1,67.78,,,,,,,,,,,,,,,,,,,,,,,,,,,,,,,,,,,,
2023,12,1,4,0,4.7,-0.2,70.35,,,,,,,,,,,,,,,,,,,,,,,,,,,,,,,,,,,,
2023,12,1,5,0,4.3,-0.3,72.06,,,,,,,,,,,,,,,,,,,,,,,,,,,,,,,,,,,,
2023,12,1,6,0,4.2,-0.2,72.98,,,,,,,,,,,,,,,,,,,,,,,,,,,,,,,,,,,,
2023,12,1,7,0,4.1,0,74.73,,,,,,,,,,,,,,,,,,,,,,,,,,,,,,,,,,,,
2023,12,1,8,0,3.8,0.5,78.81,,,,,,,,,,,,,,,,,,,,,,,,,,,,,,,,,,,,
2023,12,1,9,0,3.6,1.1,83.95,,,,,,,,,,,,,,,,,,,,,,,,,,,,,,,,,,,,
2023,12,1,10,0,3.2,2,91.69,,,,,,,,,,,,,,,,,,,,,,,,,,,,,,,,,,,,
2023,12,1,11,0,4.1,2.9,92.08,,,,,,,,,,,,,,,,,,,,,,,,,,,,,,,,,,,,
2023,12,1,12,0,4.6,3.7,94.19,,,,,,,,,,,,,,,,,,,,,,,,,,,,,,,,,,,,
2023,12,1,13,0,5.4,4.6,94.53,,,,,,,,,,,,,,,,,,,,,,,,,,,,,,,,,,,,
2023,12,1,14,0,6.8,6.1,95.3,,,,,,,,,,,,,,,,,,,,,,,,,,,,,,,,,,,,
2023,12,1,15,0,8.6,7.9,95.68,,,,,,,,,,,,,,,,,,,,,,,,,,,,,,,,,,,,
2023,12,1,16,0,10.6,9.7,94.33,,,,,,,,,,,,,,,,,,,,,,,,,,,,,,,,,,,,
2023,12,1,17,0,11.9,11,94.42,,,,,,,,,,,,,,,,,,,,,,,,,,,,,,,,,,,,
2023,12,1,18,0,13.4,12.3,92.78,,,,,,,,,,,,,,,,,,,,,,,,,,,,,,,,,,,,
2023,12,1,19,0,14.6,13.3,91.93,,,,,,,,,,,,,,,,,,,,,,,,,,,,,,,,,,,,
2023,12,1,20,0,14.8,13.9,94.28,,,,,,,,,,,,,,,,,,,,,,,,,,,,,,,,,,,,
2023,12,1,21,0,13.9,13.8,99.59,,,,,,,,,,,,,,,,,,,,,,,,,,,,,,,,,,,,
2023,12,1,22,0,12.8,12.8,100,,,,,,,,,,,,,,,,,,,,,,,,,,,,,,,,,,,,
2023,12,1,23,0,12.7,12.7,100,,,,,,,,,,,,,,,,,,,,,,,,,,,,,,,,,,,,
2023,12,2,0,0,13.1,13.1,100,,,,,,,,,,,,,,,,,,,,,,,,,,,,,,,,,,,,
2023,12,2,1,0,13.6,13.6,100,,,,,,,,,,,,,,,,,,,,,,,,,,,,,,,,,,,,
2023,12,2,2,0,13.9,13.9,100,,,,,,,,,,,,,,,,,,,,,,,,,,,,,,,,,,,,
2023,12,2,3,0,14.1,14.1,100,,,,,,,,,,,,,,,,,,,,,,,,,,,,,,,,,,,,
2023,12,2,4,0,14.2,14.2,100,,,,,,,,,,,,,,,,,,,,,,,,,,,,,,,,,,,,
2023,12,2,5,0,14.3,14.3,100,,,,,,,,,,,,,,,,,,,,,,,,,,,,,,,,,,,,
2023,12,2,6,0,14.3,14.3,100,,,,,,,,,,,,,,,,,,,,,,,,,,,,,,,,,,,,
2023,12,2,7,0,14.4,14.4,100,,,,,,,,,,,,,,,,,,,,,,,,,,,,,,,,,,,,
2023,12,2,8,0,14.4,14.4,100,,,,,,,,,,,,,,,,,,,,,,,,,,,,,,,,,,,,
2023,12,2,9,0,14.2,14.2,100,,,,,,,,,,,,,,,,,,,,,,,,,,,,,,,,,,,,
2023,12,2,10,0,14.2,14.2,100,,,,,,,,,,,,,,,,,,,,,,,,,,,,,,,,,,,,
2023,12,2,11,0,14.1,14.1,100,,,,,,,,,,,,,,,,,,,,,,,,,,,,,,,,,,,,
2023,12,2,12,0,14.2,14.2,100,,,,,,,,,,,,,,,,,,,,,,,,,,,,,,,,,,,,
2023,12,2,13,0,14.8,14.8,100,,,,,,,,,,,,,,,,,,,,,,,,,,,,,,,,,,,,
2023,12,2,14,0,15.6,15.6,100,,,,,,,,,,,,,,,,,,,,,,,,,,,,,,,,,,,,
2023,12,2,15,0,16.3,16.3,99.92,,,,,,,,,,,,,,,,,,,,,,,,,,,,,,,,,,,,
2023,12,2,16,0,17.1,16.7,97.51,,,,,,,,,,,,,,,,,,,,,,,,,,,,,,,,,,,,
2023,12,2,17,0,17.5,16.7,94.93,,,,,,,,,,,,,,,,,,,,,,,,,,,,,,,,,,,,
2023,12,2,18,0,17.8,16.7,93.25,,,,,,,,,,,,,,,,,,,,,,,,,,,,,,,,,,,,
2023,12,2,19,0,18,16.8,92.62,,,,,,,,,,,,,,,,,,,,,,,,,,,,,,,,,,,,
2023,12,2,20,0,18,16.9,93.02,,,,,,,,,,,,,,,,,,,,,,,,,,,,,,,,,,,,
2023,12,2,21,0,17.5,16.8,95.7,,,,,,,,,,,,,,,,,,,,,,,,,,,,,,,,,,,,
2023,12,2,22,0,16.5,16.4,99.15,,,,,,,,,,,,,,,,,,,,,,,,,,,,,,,,,,,,
2023,12,2,23,0,16.3,16.3,100,,,,,,,,,,,,,,,,,,,,,,,,,,,,,,,,,,,,
2023,12,3,0,0,16.5,16.5,100,,,,,,,,,,,,,,,,,,,,,,,,,,,,,,,,,,,,
2023,12,3,1,0,17,17,100,,,,,,,,,,,,,,,,,,,,,,,,,,,,,,,,,,,,
2023,12,3,2,0,17.3,17.3,100,,,,,,,,,,,,,,,,,,,,,,,,,,,,,,,,,,,,
2023,12,3,3,0,17.6,17.6,100,,,,,,,,,,,,,,,,,,,,,,,,,,,,,,,,,,,,
2023,12,3,4,0,17.7,17.7,100,,,,,,,,,,,,,,,,,,,,,,,,,,,,,,,,,,,,
2023,12,3,5,0,17.6,17.6,100,,,,,,,,,,,,,,,,,,,,,,,,,,,,,,,,,,,,
2023,12,3,6,0,17.4,17.4,100,,,,,,,,,,,,,,,,,,,,,,,,,,,,,,,,,,,,
2023,12,3,7,0,16.8,16.8,100,,,,,,,,,,,,,,,,,,,,,,,,,,,,,,,,,,,,
2023,12,3,8,0,16.6,16.6,100,,,,,,,,,,,,,,,,,,,,,,,,,,,,,,,,,,,,
2023,12,3,9,0,16.5,16.5,100,,,,,,,,,,,,,,,,,,,,,,,,,,,,,,,,,,,,
2023,12,3,10,0,16.3,16.3,100,,,,,,,,,,,,,,,,,,,,,,,,,,,,,,,,,,,,
2023,12,3,11,0,15.8,15.8,100,,,,,,,,,,,,,,,,,,,,,,,,,,,,,,,,,,,,
2023,12,3,12,0,15,15,100,,,,,,,,,,,,,,,,,,,,,,,,,,,,,,,,,,,,
2023,12,3,13,0,14.8,14.7,99.38,,,,,,,,,,,,,,,,,,,,,,,,,,,,,,,,,,,,
2023,12,3,14,0,15.1,14.7,97.76,,,,,,,,,,,,,,,,,,,,,,,,,,,,,,,,,,,,
2023,12,3,15,0,15.5,14.8,95.71,,,,,,,,,,,,,,,,,,,,,,,,,,,,,,,,,,,,
2023,12,3,16,0,16.3,14.3,88.22,,,,,,,,,,,,,,,,,,,,,,,,,,,,,,,,,,,,
2023,12,3,17,0,17.7,12.7,72.33,,,,,,,,,,,,,,,,,,,,,,,,,,,,,,,,,,,,
2023,12,3,18,0,18.9,10.7,58.96,,,,,,,,,,,,,,,,,,,,,,,,,,,,,,,,,,,,
2023,12,3,19,0,19.6,9.6,52.56,,,,,,,,,,,,,,,,,,,,,,,,,,,,,,,,,,,,
2023,12,3,20,0,19.4,9.4,52.42,,,,,,,,,,,,,,,,,,,,,,,,,,,,,,,,,,,,
2023,12,3,21,0,17.9,10.1,60.14,,,,,,,,,,,,,,,,,,,,,,,,,,,,,,,,,,,,
2023,12,3,22,0,14.7,9.9,72.95,,,,,,,,,,,,,,,,,,,,,,,,,,,,,,,,,,,,
2023,12,3,23,0,13.5,9.1,74.87,,,,,,,,,,,,,,,,,,,,,,,,,,,,,,,,,,,,
2023,12,4,0,0,12.8,8.6,75.67,,,,,,,,,,,,,,,,,,,,,,,,,,,,,,,,,,,,
2023,12,4,1,0,11.8,8.1,78.28,,,,,,,,,,,,,,,,,,,,,,,,,,,,,,,,,,,,
2023,12,4,2,0,10.9,7.7,80.43,,,,,,,,,,,,,,,,,,,,,,,,,,,,,,,,,,,,
2023,12,4,3,0,10,7.3,83.32,,,,,,,,,,,,,,,,,,,,,,,,,,,,,,,,,,,,
2023,12,4,4,0,9.5,7,84.21,,,,,,,,,,,,,,,,,,,,,,,,,,,,,,,,,,,,
2023,12,4,5,0,9.2,6.6,83.61,,,,,,,,,,,,,,,,,,,,,,,,,,,,,,,,,,,,
2023,12,4,6,0,8.9,6.2,83.24,,,,,,,,,,,,,,,,,,,,,,,,,,,,,,,,,,,,
2023,12,4,7,0,8.5,5.9,83.84,,,,,,,,,,,,,,,,,,,,,,,,,,,,,,,,,,,,
2023,12,4,8,0,8.1,5.7,84.97,,,,,,,,,,,,,,,,,,,,,,,,,,,,,,,,,,,,
2023,12,4,9,0,7.6,5.6,87.13,,,,,,,,,,,,,,,,,,,,,,,,,,,,,,,,,,,,
2023,12,4,10,0,7,5.5,90.05,,,,,,,,,,,,,,,,,,,,,,,,,,,,,,,,,,,,
2023,12,4,11,0,6.2,5.3,94.12,,,,,,,,,,,,,,,,,,,,,,,,,,,,,,,,,,,,
2023,12,4,12,0,5.5,5.3,98.88,,,,,,,,,,,,,,,,,,,,,,,,,,,,,,,,,,,,
2023,12,4,13,0,8.2,5.8,85.07,,,,,,,,,,,,,,,,,,,,,,,,,,,,,,,,,,,,
2023,12,4,14,0,11.3,6.4,71.64,,,,,,,,,,,,,,,,,,,,,,,,,,,,,,,,,,,,
2023,12,4,15,0,15.1,6.6,56.67,,,,,,,,,,,,,,,,,,,,,,,,,,,,,,,,,,,,
2023,12,4,16,0,17.9,5.1,43.02,,,,,,,,,,,,,,,,,,,,,,,,,,,,,,,,,,,,
2023,12,4,17,0,19.1,4,36.86,,,,,,,,,,,,,,,,,,,,,,,,,,,,,,,,,,,,
2023,12,4,18,0,19.3,2.9,33.62,,,,,,,,,,,,,,,,,,,,,,,,,,,,,,,,,,,,
2023,12,4,19,0,18.6,0.8,30.29,,,,,,,,,,,,,,,,,,,,,,,,,,,,,,,,,,,,
2023,12,4,20,0,17.2,-0.8,29.42,,,,,,,,,,,,,,,,,,,,,,,,,,,,,,,,,,,,
2023,12,4,21,0,15.5,-0.9,32.54,,,,,,,,,,,,,,,,,,,,,,,,,,,,,,,,,,,,
2023,12,4,22,0,12,0.6,45.44,,,,,,,,,,,,,,,,,,,,,,,,,,,,,,,,,,,,
2023,12,4,23,0,9.6,1.2,55.84,,,,,,,,,,,,,,,,,,,,,,,,,,,,,,,,,,,,
2023,12,5,0,0,8.5,1.2,60.22,,,,,,,,,,,,,,,,,,,,,,,,,,,,,,,,,,,,
2023,12,5,1,0,7.3,1.2,65.09,,,,,,,,,,,,,,,,,,,,,,,,,,,,,,,,,,,,
2023,12,5,2,0,6,1.3,71.59,,,,,,,,,,,,,,,,,,,,,,,,,,,,,,,,,,,,
2023,12,5,3,0,5,1.2,76.58,,,,,,,,,,,,,,,,,,,,,,,,,,,,,,,,,,,,
2023,12,5,4,0,4.3,1.2,80.04,,,,,,,,,,,,,,,,,,,,,,,,,,,,,,,,,,,,
2023,12,5,5,0,3.7,1.1,83.22,,,,,,,,,,,,,,,,,,,,,,,,,,,,,,,,,,,,
2023,12,5,6,0,3.1,1.1,86.72,,,,,,,,,,,,,,,,,,,,,,,,,,,,,,,,,,,,
2023,12,5,7,0,2.6,1.1,89.98,,,,,,,,,,,,,,,,,,,,,,,,,,,,,,,,,,,,
2023,12,5,8,0,2.4,1.2,91.8,,,,,,,,,,,,,,,,,,,,,,,,,,,,,,,,,,,,
2023,12,5,9,0,2.1,1.4,95.1,,,,,,,,,,,,,,,,,,,,,,,,,,,,,,,,,,,,
2023,12,5,10,0,1.8,1.7,98.94,,,,,,,,,,,,,,,,,,,,,,,,,,,,,,,,,,,,
2023,12,5,11,0,1.4,1.4,100,,,,,,,,,,,,,,,,,,,,,,,,,,,,,,,,,,,,
2023,12,5,12,0,1.2,1.2,100,,,,,,,,,,,,,,,,,,,,,,,,,,,,,,,,,,,,
2023,12,5,13,0,3.8,2.8,92.95,,,,,,,,,,,,,,,,,,,,,,,,,,,,,,,,,,,,
2023,12,5,14,0,6.8,3.5,79.63,,,,,,,,,,,,,,,,,,,,,,,,,,,,,,,,,,,,
2023,12,5,15,0,10.5,3.3,61.08,,,,,,,,,,,,,,,,,,,,,,,,,,,,,,,,,,,,
2023,12,5,16,0,12.5,2.7,51.09,,,,,,,,,,,,,,,,,,,,,,,,,,,,,,,,,,,,
2023,12,5,17,0,14,2.1,44.67,,,,,,,,,,,,,,,,,,,,,,,,,,,,,,,,,,,,
2023,12,5,18,0,15.1,1.5,39.64,,,,,,,,,,,,,,,,,,,,,,,,,,,,,,,,,,,,
2023,12,5,19,0,15.5,0.9,37.04,,,,,,,,,,,,,,,,,,,,,,,,,,,,,,,,,,,,
2023,12,5,20,0,15.2,0.5,36.77,,,,,,,,,,,,,,,,,,,,,,,,,,,,,,,,,,,,
2023,12,5,21,0,13.9,1,41.55,,,,,,,,,,,,,,,,,,,,,,,,,,,,,,,,,,,,
2023,12,5,22,0,9.6,2.4,61.03,,,,,,,,,,,,,,,,,,,,,,,,,,,,,,,,,,,,
2023,12,5,23,0,8.2,2,64.77,,,,,,,,,,,,,,,,,,,,,,,,,,,,,,,,,,,,
2023,12,6,0,0,7.9,1.8,65.36,,,,,,,,,,,,,,,,,,,,,,,,,,,,,,,,,,,,
2023,12,6,1,0,7,1.8,69.66,,,,,,,,,,,,,,,,,,,,,,,,,,,,,,,,,,,,
2023,12,6,2,0,6.9,1.8,69.88,,,,,,,,,,,,,,,,,,,,,,,,,,,,,,,,,,,,
2023,12,6,3,0,7.1,1.9,69.46,,,,,,,,,,,,,,,,,,,,,,,,,,,,,,,,,,,,
2023,12,6,4,0,6.2,2,74.64,,,,,,,,,,,,,,,,,,,,,,,,,,,,,,,,,,,,
2023,12,6,5,0,5.6,1.6,75.7,,,,,,,,,,,,,,,,,,,,,,,,,,,,,,,,,,,,
2023,12,6,6,0,4.9,1.1,76.34,,,,,,,,,,,,,,,,,,,,,,,,,,,,,,,,,,,,
2023,12,6,7,0,4.4,1,78.38,,,,,,,,,,,,,,,,,,,,,,,,,,,,,,,,,,,,
2023,12,6,8,0,4,1.4,83.01,,,,,,,,,,,,,,,,,,,,,,,,,,,,,,,,,,,,
2023,12,6,9,0,3.5,1.8,88.73,,,,,,,,,,,,,,,,,,,,,,,,,,,,,,,,,,,,
2023,12,6,10,0,3,2,93.17,,,,,,,,,,,,,,,,,,,,,,,,,,,,,,,,,,,,
2023,12,6,11,0,2.6,2,96.01,,,,,,,,,,,,,,,,,,,,,,,,,,,,,,,,,,,,
2023,12,6,12,0,2.2,2,98.24,,,,,,,,,,,,,,,,,,,,,,,,,,,,,,,,,,,,
2023,12,6,13,0,3.8,2.7,92.33,,,,,,,,,,,,,,,,,,,,,,,,,,,,,,,,,,,,
2023,12,6,14,0,6,3.1,81.57,,,,,,,,,,,,,,,,,,,,,,,,,,,,,,,,,,,,
2023,12,6,15,0,7.9,1.9,65.8,,,,,,,,,,,,,,,,,,,,,,,,,,,,,,,,,,,,
2023,12,6,16,0,9.4,0.4,53.49,,,,,,,,,,,,,,,,,,,,,,,,,,,,,,,,,,,,
2023,12,6,17,0,10.6,-0.6,45.77,,,,,,,,,,,,,,,,,,,,,,,,,,,,,,,,,,,,
2023,12,6,18,0,11.4,-1.4,40.95,,,,,,,,,,,,,,,,,,,,,,,,,,,,,,,,,,,,
2023,12,6,19,0,11.6,-2.2,38.27,,,,,,,,,,,,,,,,,,,,,,,,,,,,,,,,,,,,
2023,12,6,20,0,11.3,-2.7,37.52,,,,,,,,,,,,,,,,,,,,,,,,,,,,,,,,,,,,
2023,12,6,21,0,10.1,-2.7,40.74,,,,,,,,,,,,,,,,,,,,,,,,,,,,,,,,,,,,
2023,12,6,22,0,5.9,-0.8,62.13,,,,,,,,,,,,,,,,,,,,,,,,,,,,,,,,,,,,
2023,12,6,23,0,3.7,-1,71.52,,,,,,,,,,,,,,,,,,,,,,,,,,,,,,,,,,,,
2023,12,7,0,0,3.3,-1.3,71.87,,,,,,,,,,,,,,,,,,,,,,,,,,,,,,,,,,,,
2023,12,7,1,0,2.6,-1.4,75.01,,,,,,,,,,,,,,,,,,,,,,,,,,,,,,,,,,,,
2023,12,7,2,0,1.5,-1.5,80.45,,,,,,,,,,,,,,,,,,,,,,,,,,,,,,,,,,,,
2023,12,7,3,0,0.8,-1.7,83.22,,,,,,,,,,,,,,,,,,,,,,,,,,,,,,,,,,,,
2023,12,7,4,0,0.2,-2,85.24,,,,,,,,,,,,,,,,,,,,,,,,,,,,,,,,,,,,
2023,12,7,5,0,-0.3,-2.3,86.42,,,,,,,,,,,,,,,,,,,,,,,,,,,,,,,,,,,,
2023,12,7,6,0,-0.5,-2.6,85.7,,,,,,,,,,,,,,,,,,,,,,,,,,,,,,,,,,,,
2023,12,7,7,0,-0.3,-2.8,82.96,,,,,,,,,,,,,,,,,,,,,,,,,,,,,,,,,,,,
2023,12,7,8,0,-0.1,-3,80.85,,,,,,,,,,,,,,,,,,,,,,,,,,,,,,,,,,,,
2023,12,7,9,0,-0.1,-3.1,80.17,,,,,,,,,,,,,,,,,,,,,,,,,,,,,,,,,,,,
2023,12,7,10,0,-0.2,-3.2,80.46,,,,,,,,,,,,,,,,,,,,,,,,,,,,,,,,,,,,
2023,12,7,11,0,-0.4,-3.2,81.55,,,,,,,,,,,,,,,,,,,,,,,,,,,,,,,,,,,,
2023,12,7,12,0,-0.7,-3.2,83.33,,,,,,,,,,,,,,,,,,,,,,,,,,,,,,,,,,,,
2023,12,7,13,0,1.1,-2.1,78.97,,,,,,,,,,,,,,,,,,,,,,,,,,,,,,,,,,,,
2023,12,7,14,0,4.1,-2.3,62.87,,,,,,,,,,,,,,,,,,,,,,,,,,,,,,,,,,,,
2023,12,7,15,0,8.7,-3.6,41.72,,,,,,,,,,,,,,,,,,,,,,,,,,,,,,,,,,,,
2023,12,7,16,0,11.4,-4.3,33.14,,,,,,,,,,,,,,,,,,,,,,,,,,,,,,,,,,,,
2023,12,7,17,0,13,-4.2,29.88,,,,,,,,,,,,,,,,,,,,,,,,,,,,,,,,,,,,
2023,12,7,18,0,14.1,-4.5,27.37,,,,,,,,,,,,,,,,,,,,,,,,,,,,,,,,,,,,
2023,12,7,19,0,14.6,-4.6,26.29,,,,,,,,,,,,,,,,,,,,,,,,,,,,,,,,,,,,
2023,12,7,20,0,14.5,-4.4,26.77,,,,,,,,,,,,,,,,,,,,,,,,,,,,,,,,,,,,
2023,12,7,21,0,12.8,0.5,42.8,,,,,,,,,,,,,,,,,,,,,,,,,,,,,,,,,,,,
2023,12,7,22,0,9,0.9,56.72,,,,,,,,,,,,,,,,,,,,,,,,,,,,,,,,,,,,
2023,12,7,23,0,7.2,-0.3,58.92,,,,,,,,,,,,,,,,,,,,,,,,,,,,,,,,,,,,
2023,12,8,0,0,5.9,-0.2,64.85,,,,,,,,,,,,,,,,,,,,,,,,,,,,,,,,,,,,
2023,12,8,1,0,4.9,-0.2,69.51,,,,,,,,,,,,,,,,,,,,,,,,,,,,,,,,,,,,
2023,12,8,2,0,4.2,-0.2,73.06,,,,,,,,,,,,,,,,,,,,,,,,,,,,,,,,,,,,
2023,12,8,3,0,3.6,-0.2,76.23,,,,,,,,,,,,,,,,,,,,,,,,,,,,,,,,,,,,
2023,12,8,4,0,3.4,0,78.13,,,,,,,,,,,,,,,,,,,,,,,,,,,,,,,,,,,,
2023,12,8,5,0,3.5,0.3,79.29,,,,,,,,,,,,,,,,,,,,,,,,,,,,,,,,,,,,
2023,12,8,6,0,3.5,0.5,80.68,,,,,,,,,,,,,,,,,,,,,,,,,,,,,,,,,,,,
2023,12,8,7,0,2.9,0.3,83.17,,,,,,,,,,,,,,,,,,,,,,,,,,,,,,,,,,,,
2023,12,8,8,0,2.5,0.2,85.08,,,,,,,,,,,,,,,,,,,,,,,,,,,,,,,,,,,,
2023,12,8,9,0,2.4,0.5,87.14,,,,,,,,,,,,,,,,,,,,,,,,,,,,,,,,,,,,
2023,12,8,10,0,2,0.4,89.46,,,,,,,,,,,,,,,,,,,,,,,,,,,,,,,,,,,,
2023,12,8,11,0,2.5,0.8,88.64,,,,,,,,,,,,,,,,,,,,,,,,,,,,,,,,,,,,
2023,12,8,12,0,2.6,1,89.46,,,,,,,,,,,,,,,,,,,,,,,,,,,,,,,,,,,,
2023,12,8,13,0,3.9,2,87.59,,,,,,,,,,,,,,,,,,,,,,,,,,,,,,,,,,,,
2023,12,8,14,0,6.8,2.2,72.36,,,,,,,,,,,,,,,,,,,,,,,,,,,,,,,,,,,,
2023,12,8,15,0,9.9,2.7,61.06,,,,,,,,,,,,,,,,,,,,,,,,,,,,,,,,,,,,
2023,12,8,16,0,13.7,4.2,52.6,,,,,,,,,,,,,,,,,,,,,,,,,,,,,,,,,,,,
2023,12,8,17,0,15.3,4,46.93,,,,,,,,,,,,,,,,,,,,,,,,,,,,,,,,,,,,
2023,12,8,18,0,16.3,3.8,43.28,,,,,,,,,,,,,,,,,,,,,,,,,,,,,,,,,,,,
2023,12,8,19,0,16.7,3.9,42.53,,,,,,,,,,,,,,,,,,,,,,,,,,,,,,,,,,,,
2023,12,8,20,0,16,4.6,46.68,,,,,,,,,,,,,,,,,,,,,,,,,,,,,,,,,,,,
2023,12,8,21,0,13.7,7.3,65.41,,,,,,,,,,,,,,,,,,,,,,,,,,,,,,,,,,,,
2023,12,8,22,0,10.7,7,77.77,,,,,,,,,,,,,,,,,,,,,,,,,,,,,,,,,,,,
2023,12,8,23,0,10.1,7,81.12,,,,,,,,,,,,,,,,,,,,,,,,,,,,,,,,,,,,
2023,12,9,0,0,9.6,7.5,86.62,,,,,,,,,,,,,,,,,,,,,,,,,,,,,,,,,,,,
2023,12,9,1,0,8.8,8,94.7,,,,,,,,,,,,,,,,,,,,,,,,,,,,,,,,,,,,
2023,12,9,2,0,8.5,8.5,100,,,,,,,,,,,,,,,,,,,,,,,,,,,,,,,,,,,,
2023,12,9,3,0,8.2,8.2,100,,,,,,,,,,,,,,,,,,,,,,,,,,,,,,,,,,,,
2023,12,9,4,0,8,8,100,,,,,,,,,,,,,,,,,,,,,,,,,,,,,,,,,,,,
2023,12,9,5,0,7.7,7.7,100,,,,,,,,,,,,,,,,,,,,,,,,,,,,,,,,,,,,
2023,12,9,6,0,7.8,7.8,100,,,,,,,,,,,,,,,,,,,,,,,,,,,,,,,,,,,,
2023,12,9,7,0,8.1,8.1,100,,,,,,,,,,,,,,,,,,,,,,,,,,,,,,,,,,,,
2023,12,9,8,0,9.2,9.2,100,,,,,,,,,,,,,,,,,,,,,,,,,,,,,,,,,,,,
2023,12,9,9,0,9.8,9.8,100,,,,,,,,,,,,,,,,,,,,,,,,,,,,,,,,,,,,
2023,12,9,10,0,10.2,10.2,100,,,,,,,,,,,,,,,,,,,,,,,,,,,,,,,,,,,,
2023,12,9,11,0,10.6,10.6,100,,,,,,,,,,,,,,,,,,,,,,,,,,,,,,,,,,,,
2023,12,9,12,0,10.8,10.8,100,,,,,,,,,,,,,,,,,,,,,,,,,,,,,,,,,,,,
2023,12,9,13,0,11.5,11.5,100,,,,,,,,,,,,,,,,,,,,,,,,,,,,,,,,,,,,
2023,12,9,14,0,12.8,12.6,98.66,,,,,,,,,,,,,,,,,,,,,,,,,,,,,,,,,,,,
2023,12,9,15,0,14.3,13.7,96.09,,,,,,,,,,,,,,,,,,,,,,,,,,,,,,,,,,,,
2023,12,9,16,0,16.5,14.8,89.92,,,,,,,,,,,,,,,,,,,,,,,,,,,,,,,,,,,,
2023,12,9,17,0,18.7,15.6,82.32,,,,,,,,,,,,,,,,,,,,,,,,,,,,,,,,,,,,
2023,12,9,18,0,20.4,16,75.8,,,,,,,,,,,,,,,,,,,,,,,,,,,,,,,,,,,,
2023,12,9,19,0,21.2,15.9,71.95,,,,,,,,,,,,,,,,,,,,,,,,,,,,,,,,,,,,
2023,12,9,20,0,20.9,16,73.58,,,,,,,,,,,,,,,,,,,,,,,,,,,,,,,,,,,,
2023,12,9,21,0,19.5,16.5,83.01,,,,,,,,,,,,,,,,,,,,,,,,,,,,,,,,,,,,
2023,12,9,22,0,16.3,15.8,96.99,,,,,,,,,,,,,,,,,,,,,,,,,,,,,,,,,,,,
2023,12,9,23,0,15.3,15.3,100,,,,,,,,,,,,,,,,,,,,,,,,,,,,,,,,,,,,
2023,12,10,0,0,14.9,14.9,100,,,,,,,,,,,,,,,,,,,,,,,,,,,,,,,,,,,,
2023,12,10,1,0,14.8,14.8,100,,,,,,,,,,,,,,,,,,,,,,,,,,,,,,,,,,,,
2023,12,10,2,0,14.7,14.7,100,,,,,,,,,,,,,,,,,,,,,,,,,,,,,,,,,,,,
2023,12,10,3,0,14.8,14.8,100,,,,,,,,,,,,,,,,,,,,,,,,,,,,,,,,,,,,
2023,12,10,4,0,15.3,15.3,100,,,,,,,,,,,,,,,,,,,,,,,,,,,,,,,,,,,,
2023,12,10,5,0,15.7,15.7,100,,,,,,,,,,,,,,,,,,,,,,,,,,,,,,,,,,,,
2023,12,10,6,0,15.9,15.9,100,,,,,,,,,,,,,,,,,,,,,,,,,,,,,,,,,,,,
2023,12,10,7,0,15.7,15.7,100,,,,,,,,,,,,,,,,,,,,,,,,,,,,,,,,,,,,
2023,12,10,8,0,15.8,15.8,100,,,,,,,,,,,,,,,,,,,,,,,,,,,,,,,,,,,,
2023,12,10,9,0,15.7,15.7,100,,,,,,,,,,,,,,,,,,,,,,,,,,,,,,,,,,,,
2023,12,10,10,0,15.6,15.6,100,,,,,,,,,,,,,,,,,,,,,,,,,,,,,,,,,,,,
2023,12,10,11,0,15.4,15.4,100,,,,,,,,,,,,,,,,,,,,,,,,,,,,,,,,,,,,
2023,12,10,12,0,15.1,15.1,100,,,,,,,,,,,,,,,,,,,,,,,,,,,,,,,,,,,,
2023,12,10,13,0,15,15,100,,,,,,,,,,,,,,,,,,,,,,,,,,,,,,,,,,,,
2023,12,10,14,0,15.1,15.1,100,,,,,,,,,,,,,,,,,,,,,,,,,,,,,,,,,,,,
2023,12,10,15,0,14.7,14.6,99.17,,,,,,,,,,,,,,,,,,,,,,,,,,,,,,,,,,,,
2023,12,10,16,0,12.9,12.1,95.2,,,,,,,,,,,,,,,,,,,,,,,,,,,,,,,,,,,,
2023,12,10,17,0,11.2,9.2,87.49,,,,,,,,,,,,,,,,,,,,,,,,,,,,,,,,,,,,
2023,12,10,18,0,10.6,7.7,82.27,,,,,,,,,,,,,,,,,,,,,,,,,,,,,,,,,,,,
2023,12,10,19,0,9.8,7.1,83.11,,,,,,,,,,,,,,,,,,,,,,,,,,,,,,,,,,,,
2023,12,10,20,0,8.2,6.3,87.56,,,,,,,,,,,,,,,,,,,,,,,,,,,,,,,,,,,,
2023,12,10,21,0,6.3,5.1,92,,,,,,,,,,,,,,,,,,,,,,,,,,,,,,,,,,,,
2023,12,10,22,0,5.5,4.6,93.84,,,,,,,,,,,,,,,,,,,,,,,,,,,,,,,,,,,,
2023,12,10,23,0,5,4.1,94.16,,,,,,,,,,,,,,,,,,,,,,,,,,,,,,,,,,,,
2023,12,11,0,0,4.8,3.8,93.18,,,,,,,,,,,,,,,,,,,,,,,,,,,,,,,,,,,,
2023,12,11,1,0,4.6,3.2,90.79,,,,,,,,,,,,,,,,,,,,,,,,,,,,,,,,,,,,
2023,12,11,2,0,4.3,2,84.83,,,,,,,,,,,,,,,,,,,,,,,,,,,,,,,,,,,,
2023,12,11,3,0,3.3,0.5,81.78,,,,,,,,,,,,,,,,,,,,,,,,,,,,,,,,,,,,
2023,12,11,4,0,2.2,-0.6,81.85,,,,,,,,,,,,,,,,,,,,,,,,,,,,,,,,,,,,
2023,12,11,5,0,1.5,-1.2,82.05,,,,,,,,,,,,,,,,,,,,,,,,,,,,,,,,,,,,
2023,12,11,6,0,0.7,-1.6,84.39,,,,,,,,,,,,,,,,,,,,,,,,,,,,,,,,,,,,
2023,12,11,7,0,0.1,-1.9,86.5,,,,,,,,,,,,,,,,,,,,,,,,,,,,,,,,,,,,
2023,12,11,8,0,-0.5,-2.1,88.81,,,,,,,,,,,,,,,,,,,,,,,,,,,,,,,,,,,,
2023,12,11,9,0,-1,-2.4,90.51,,,,,,,,,,,,,,,,,,,,,,,,,,,,,,,,,,,,
2023,12,11,10,0,-1.6,-2.6,92.76,,,,,,,,,,,,,,,,,,,,,,,,,,,,,,,,,,,,
2023,12,11,11,0,-2.2,-2.8,95.62,,,,,,,,,,,,,,,,,,,,,,,,,,,,,,,,,,,,
2023,12,11,12,0,-2.5,-3,96.28,,,,,,,,,,,,,,,,,,,,,,,,,,,,,,,,,,,,
2023,12,11,13,0,-1.1,-2.8,87.9,,,,,,,,,,,,,,,,,,,,,,,,,,,,,,,,,,,,
2023,12,11,14,0,1.5,-2.8,73.13,,,,,,,,,,,,,,,,,,,,,,,,,,,,,,,,,,,,
2023,12,11,15,0,4.4,-3.5,56.66,,,,,,,,,,,,,,,,,,,,,,,,,,,,,,,,,,,,
2023,12,11,16,0,6.8,-4.6,44.04,,,,,,,,,,,,,,,,,,,,,,,,,,,,,,,,,,,,
2023,12,11,17,0,8.5,-5.2,37.39,,,,,,,,,,,,,,,,,,,,,,,,,,,,,,,,,,,,
2023,12,11,18,0,9.6,-5.4,34.22,,,,,,,,,,,,,,,,,,,,,,,,,,,,,,,,,,,,
2023,12,11,19,0,10,-5.5,33.23,,,,,,,,,,,,,,,,,,,,,,,,,,,,,,,,,,,,
2023,12,11,20,0,9.7,-5.2,34.56,,,,,,,,,,,,,,,,,,,,,,,,,,,,,,,,,,,,
2023,12,11,21,0,8.2,-3.2,44.52,,,,,,,,,,,,,,,,,,,,,,,,,,,,,,,,,,,,
2023,12,11,22,0,3.7,-1.1,70.85,,,,,,,,,,,,,,,,,,,,,,,,,,,,,,,,,,,,
2023,12,11,23,0,2,-2.1,74.21,,,,,,,,,,,,,,,,,,,,,,,,,,,,,,,,,,,,
2023,12,12,0,0,1.4,-2.5,75.41,,,,,,,,,,,,,,,,,,,,,,,,,,,,,,,,,,,,
2023,12,12,1,0,0.6,-2.7,78.39,,,,,,,,,,,,,,,,,,,,,,,,,,,,,,,,,,,,
2023,12,12,2,0,0,-3,80.12,,,,,,,,,,,,,,,,,,,,,,,,,,,,,,,,,,,,
2023,12,12,3,0,-0.5,-3.3,81.52,,,,,,,,,,,,,,,,,,,,,,,,,,,,,,,,,,,,
2023,12,12,4,0,-1,-3.5,82.88,,,,,,,,,,,,,,,,,,,,,,,,,,,,,,,,,,,,
2023,12,12,5,0,-1.4,-3.8,83.65,,,,,,,,,,,,,,,,,,,,,,,,,,,,,,,,,,,,
2023,12,12,6,0,-1.7,-4,84.02,,,,,,,,,,,,,,,,,,,,,,,,,,,,,,,,,,,,
2023,12,12,7,0,-2.1,-4.2,85.45,,,,,,,,,,,,,,,,,,,,,,,,,,,,,,,,,,,,
2023,12,12,8,0,-2.5,-4.3,87.2,,,,,,,,,,,,,,,,,,,,,,,,,,,,,,,,,,,,
2023,12,12,9,0,-2.8,-4.4,89.04,,,,,,,,,,,,,,,,,,,,,,,,,,,,,,,,,,,,
2023,12,12,10,0,-3.1,-4.3,91.59,,,,,,,,,,,,,,,,,,,,,,,,,,,,,,,,,,,,
2023,12,12,11,0,-3.4,-4.2,94.35,,,,,,,,,,,,,,,,,,,,,,,,,,,,,,,,,,,,
2023,12,12,12,0,-3.7,-4.1,97.31,,,,,,,,,,,,,,,,,,,,,,,,,,,,,,,,,,,,
2023,12,12,13,0,-0.8,-3.3,83.13,,,,,,,,,,,,,,,,,,,,,,,,,,,,,,,,,,,,
2023,12,12,14,0,2.4,-2.3,70.97,,,,,,,,,,,,,,,,,,,,,,,,,,,,,,,,,,,,
2023,12,12,15,0,5.9,-0.8,62.13,,,,,,,,,,,,,,,,,,,,,,,,,,,,,,,,,,,,
2023,12,12,16,0,9,-0.3,52.16,,,,,,,,,,,,,,,,,,,,,,,,,,,,,,,,,,,,
2023,12,12,17,0,11.2,-0.8,43.25,,,,,,,,,,,,,,,,,,,,,,,,,,,,,,,,,,,,
2023,12,12,18,0,12.3,-1.1,39.59,,,,,,,,,,,,,,,,,,,,,,,,,,,,,,,,,,,,
2023,12,12,19,0,12.7,-1.1,38.49,,,,,,,,,,,,,,,,,,,,,,,,,,,,,,,,,,,,
2023,12,12,20,0,12.5,-0.7,40.09,,,,,,,,,,,,,,,,,,,,,,,,,,,,,,,,,,,,
2023,12,12,21,0,11.3,2.3,54,,,,,,,,,,,,,,,,,,,,,,,,,,,,,,,,,,,,
2023,12,12,22,0,8.9,-0.2,52.96,,,,,,,,,,,,,,,,,,,,,,,,,,,,,,,,,,,,
2023,12,12,23,0,7.6,-1,54.38,,,,,,,,,,,,,,,,,,,,,,,,,,,,,,,,,,,,
2023,12,13,0,0,7,-1.2,55.75,,,,,,,,,,,,,,,,,,,,,,,,,,,,,,,,,,,,
2023,12,13,1,0,6,-1.5,58.52,,,,,,,,,,,,,,,,,,,,,,,,,,,,,,,,,,,,
2023,12,13,2,0,5.2,-1.6,61.38,,,,,,,,,,,,,,,,,,,,,,,,,,,,,,,,,,,,
2023,12,13,3,0,4.7,-1.9,62.31,,,,,,,,,,,,,,,,,,,,,,,,,,,,,,,,,,,,
2023,12,13,4,0,3.6,-2.2,66.01,,,,,,,,,,,,,,,,,,,,,,,,,,,,,,,,,,,,
2023,12,13,5,0,2.2,-2.2,72.89,,,,,,,,,,,,,,,,,,,,,,,,,,,,,,,,,,,,
2023,12,13,6,0,0.9,-2.2,79.84,,,,,,,,,,,,,,,,,,,,,,,,,,,,,,,,,,,,
2023,12,13,7,0,0.4,-2.3,82.37,,,,,,,,,,,,,,,,,,,,,,,,,,,,,,,,,,,,
2023,12,13,8,0,0,-2.5,83.38,,,,,,,,,,,,,,,,,,,,,,,,,,,,,,,,,,,,
2023,12,13,9,0,-0.3,-2.6,84.17,,,,,,,,,,,,,,,,,,,,,,,,,,,,,,,,,,,,
2023,12,13,10,0,-0.6,-2.8,85.28,,,,,,,,,,,,,,,,,,,,,,,,,,,,,,,,,,,,
2023,12,13,11,0,-0.9,-3,85.9,,,,,,,,,,,,,,,,,,,,,,,,,,,,,,,,,,,,
2023,12,13,12,0,-1.2,-3.2,86.43,,,,,,,,,,,,,,,,,,,,,,,,,,,,,,,,,,,,
2023,12,13,13,0,1.5,-1.8,78.83,,,,,,,,,,,,,,,,,,,,,,,,,,,,,,,,,,,,
2023,12,13,14,0,5.1,-1.7,61.27,,,,,,,,,,,,,,,,,,,,,,,,,,,,,,,,,,,,
2023,12,13,15,0,8.7,-0.8,51.4,,,,,,,,,,,,,,,,,,,,,,,,,,,,,,,,,,,,
2023,12,13,16,0,12,-1.2,40.03,,,,,,,,,,,,,,,,,,,,,,,,,,,,,,,,,,,,
2023,12,13,17,0,13.3,-1,37.14,,,,,,,,,,,,,,,,,,,,,,,,,,,,,,,,,,,,
2023,12,13,18,0,13.9,-0.7,36.66,,,,,,,,,,,,,,,,,,,,,,,,,,,,,,,,,,,,
2023,12,13,19,0,14.2,-0.3,36.97,,,,,,,,,,,,,,,,,,,,,,,,,,,,,,,,,,,,
2023,12,13,20,0,13.7,0.8,41.3,,,,,,,,,,,,,,,,,,,,,,,,,,,,,,,,,,,,
2023,12,13,21,0,11.4,5.3,66.29,,,,,,,,,,,,,,,,,,,,,,,,,,,,,,,,,,,,
2023,12,13,22,0,8.4,3.1,69.12,,,,,,,,,,,,,,,,,,,,,,,,,,,,,,,,,,,,
2023,12,13,23,0,7.5,2.2,69.24,,,,,,,,,,,,,,,,,,,,,,,,,,,,,,,,,,,,
2023,12,14,0,0,7,2,70.62,,,,,,,,,,,,,,,,,,,,,,,,,,,,,,,,,,,,
2023,12,14,1,0,6.6,1.9,71.73,,,,,,,,,,,,,,,,,,,,,,,,,,,,,,,,,,,,
2023,12,14,2,0,6,1.7,74.1,,,,,,,,,,,,,,,,,,,,,,,,,,,,,,,,,,,,
2023,12,14,3,0,5.3,1.7,77.65,,,,,,,,,,,,,,,,,,,,,,,,,,,,,,,,,,,,
2023,12,14,4,0,4.9,1.6,79.48,,,,,,,,,,,,,,,,,,,,,,,,,,,,,,,,,,,,
2023,12,14,5,0,4.4,1.5,81.32,,,,,,,,,,,,,,,,,,,,,,,,,,,,,,,,,,,,
2023,12,14,6,0,4.4,1.4,80.77,,,,,,,,,,,,,,,,,,,,,,,,,,,,,,,,,,,,
2023,12,14,7,0,3.9,1.2,82.57,,,,,,,,,,,,,,,,,,,,,,,,,,,,,,,,,,,,
2023,12,14,8,0,3.5,1.1,84.13,,,,,,,,,,,,,,,,,,,,,,,,,,,,,,,,,,,,
2023,12,14,9,0,3.1,1,85.98,,,,,,,,,,,,,,,,,,,,,,,,,,,,,,,,,,,,
2023,12,14,10,0,2.6,0.9,88.86,,,,,,,,,,,,,,,,,,,,,,,,,,,,,,,,,,,,
2023,12,14,11,0,2.3,0.9,90.63,,,,,,,,,,,,,,,,,,,,,,,,,,,,,,,,,,,,
2023,12,14,12,0,2.1,0.9,91.68,,,,,,,,,,,,,,,,,,,,,,,,,,,,,,,,,,,,
2023,12,14,13,0,4.2,1.2,81.02,,,,,,,,,,,,,,,,,,,,,,,,,,,,,,,,,,,,
2023,12,14,14,0,7.3,1,64.14,,,,,,,,,,,,,,,,,,,,,,,,,,,,,,,,,,,,
2023,12,14,15,0,10.3,-0.9,45.91,,,,,,,,,,,,,,,,,,,,,,,,,,,,,,,,,,,,
2023,12,14,16,0,12.3,-1.6,37.98,,,,,,,,,,,,,,,,,,,,,,,,,,,,,,,,,,,,
2023,12,14,17,0,13.5,-1.2,36.15,,,,,,,,,,,,,,,,,,,,,,,,,,,,,,,,,,,,
2023,12,14,18,0,14.2,-0.7,35.92,,,,,,,,,,,,,,,,,,,,,,,,,,,,,,,,,,,,
2023,12,14,19,0,14.2,-0.3,36.94,,,,,,,,,,,,,,,,,,,,,,,,,,,,,,,,,,,,
2023,12,14,20,0,13.7,0,39.13,,,,,,,,,,,,,,,,,,,,,,,,,,,,,,,,,,,,
2023,12,14,21,0,11.7,2.3,52.69,,,,,,,,,,,,,,,,,,,,,,,,,,,,,,,,,,,,
2023,12,14,22,0,6.9,2.4,73.19,,,,,,,,,,,,,,,,,,,,,,,,,,,,,,,,,,,,
2023,12,14,23,0,5.1,1.2,76.01,,,,,,,,,,,,,,,,,,,,,,,,,,,,,,,,,,,,
2023,12,15,0,0,4.4,0.5,75.98,,,,,,,,,,,,,,,,,,,,,,,,,,,,,,,,,,,,
2023,12,15,1,0,3.5,0,77.65,,,,,,,,,,,,,,,,,,,,,,,,,,,,,,,,,,,,
2023,12,15,2,0,2.6,-0.6,79.65,,,,,,,,,,,,,,,,,,,,,,,,,,,,,,,,,,,,
2023,12,15,3,0,1.9,-1,80.86,,,,,,,,,,,,,,,,,,,,,,,,,,,,,,,,,,,,
2023,12,15,4,0,1.5,-1.5,80.73,,,,,,,,,,,,,,,,,,,,,,,,,,,,,,,,,,,,
2023,12,15,5,0,0.9,-1.8,82.39,,,,,,,,,,,,,,,,,,,,,,,,,,,,,,,,,,,,
2023,12,15,6,0,0.3,-2,84.56,,,,,,,,,,,,,,,,,,,,,,,,,,,,,,,,,,,,
2023,12,15,7,0,-0.2,-2.1,86.8,,,,,,,,,,,,,,,,,,,,,,,,,,,,,,,,,,,,
2023,12,15,8,0,-0.7,-2.3,89.23,,,,,,,,,,,,,,,,,,,,,,,,,,,,,,,,,,,,
2023,12,15,9,0,-1.1,-2.4,90.9,,,,,,,,,,,,,,,,,,,,,,,,,,,,,,,,,,,,
2023,12,15,10,0,-1.5,-2.5,92.62,,,,,,,,,,,,,,,,,,,,,,,,,,,,,,,,,,,,
2023,12,15,11,0,-1.7,-2.7,92.98,,,,,,,,,,,,,,,,,,,,,,,,,,,,,,,,,,,,
2023,12,15,12,0,-1.9,-2.9,93.05,,,,,,,,,,,,,,,,,,,,,,,,,,,,,,,,,,,,
2023,12,15,13,0,0.5,-2.5,80.46,,,,,,,,,,,,,,,,,,,,,,,,,,,,,,,,,,,,
2023,12,15,14,0,3.8,-2.1,65.55,,,,,,,,,,,,,,,,,,,,,,,,,,,,,,,,,,,,
2023,12,15,15,0,7.8,-2.5,47.99,,,,,,,,,,,,,,,,,,,,,,,,,,,,,,,,,,,,
2023,12,15,16,0,10.7,-3.4,37.07,,,,,,,,,,,,,,,,,,,,,,,,,,,,,,,,,,,,
2023,12,15,17,0,12.3,-3.1,34.03,,,,,,,,,,,,,,,,,,,,,,,,,,,,,,,,,,,,
2023,12,15,18,0,13.4,-2.7,32.78,,,,,,,,,,,,,,,,,,,,,,,,,,,,,,,,,,,,
2023,12,15,19,0,13.8,-2,33.54,,,,,,,,,,,,,,,,,,,,,,,,,,,,,,,,,,,,
2023,12,15,20,0,13.5,-1.3,36.03,,,,,,,,,,,,,,,,,,,,,,,,,,,,,,,,,,,,
2023,12,15,21,0,11.3,3.3,58.03,,,,,,,,,,,,,,,,,,,,,,,,,,,,,,,,,,,,
2023,12,15,22,0,6.5,1.6,71.12,,,,,,,,,,,,,,,,,,,,,,,,,,,,,,,,,,,,
2023,12,15,23,0,4.5,0.3,74.15,,,,,,,,,,,,,,,,,,,,,,,,,,,,,,,,,,,,
2023,12,16,0,0,3.9,-0.3,74.25,,,,,,,,,,,,,,,,,,,,,,,,,,,,,,,,,,,,
2023,12,16,1,0,3.4,-0.8,74.14,,,,,,,,,,,,,,,,,,,,,,,,,,,,,,,,,,,,
2023,12,16,2,0,3,-1.2,73.92,,,,,,,,,,,,,,,,,,,,,,,,,,,,,,,,,,,,
2023,12,16,3,0,2.7,-1.5,73.76,,,,,,,,,,,,,,,,,,,,,,,,,,,,,,,,,,,,
2023,12,16,4,0,2.4,-1.8,73.93,,,,,,,,,,,,,,,,,,,,,,,,,,,,,,,,,,,,
2023,12,16,5,0,2.2,-2,74.01,,,,,,,,,,,,,,,,,,,,,,,,,,,,,,,,,,,,
2023,12,16,6,0,1.9,-2,75.33,,,,,,,,,,,,,,,,,,,,,,,,,,,,,,,,,,,,
2023,12,16,7,0,1.9,-2.1,75,,,,,,,,,,,,,,,,,,,,,,,,,,,,,,,,,,,,
2023,12,16,8,0,1.9,-2.1,74.62,,,,,,,,,,,,,,,,,,,,,,,,,,,,,,,,,,,,
2023,12,16,9,0,2,-2.1,74.15,,,,,,,,,,,,,,,,,,,,,,,,,,,,,,,,,,,,
2023,12,16,10,0,2.2,-2.1,73.46,,,,,,,,,,,,,,,,,,,,,,,,,,,,,,,,,,,,
2023,12,16,11,0,2.8,-2.2,69.86,,,,,,,,,,,,,,,,,,,,,,,,,,,,,,,,,,,,
2023,12,16,12,0,3.2,-2.2,67.85,,,,,,,,,,,,,,,,,,,,,,,,,,,,,,,,,,,,
2023,12,16,13,0,4.7,-2,61.97,,,,,,,,,,,,,,,,,,,,,,,,,,,,,,,,,,,,
2023,12,16,14,0,6.7,-1.4,56.25,,,,,,,,,,,,,,,,,,,,,,,,,,,,,,,,,,,,
2023,12,16,15,0,9.1,-0.6,50.69,,,,,,,,,,,,,,,,,,,,,,,,,,,,,,,,,,,,
2023,12,16,16,0,11,0.8,49.47,,,,,,,,,,,,,,,,,,,,,,,,,,,,,,,,,,,,
2023,12,16,17,0,12.3,2.6,51.51,,,,,,,,,,,,,,,,,,,,,,,,,,,,,,,,,,,,
2023,12,16,18,0,13,4,54.41,,,,,,,,,,,,,,,,,,,,,,,,,,,,,,,,,,,,
2023,12,16,19,0,13,4.7,56.97,,,,,,,,,,,,,,,,,,,,,,,,,,,,,,,,,,,,
2023,12,16,20,0,12.4,4.9,60.05,,,,,,,,,,,,,,,,,,,,,,,,,,,,,,,,,,,,
2023,12,16,21,0,11,4.9,66.04,,,,,,,,,,,,,,,,,,,,,,,,,,,,,,,,,,,,
2023,12,16,22,0,9.7,4.9,71.95,,,,,,,,,,,,,,,,,,,,,,,,,,,,,,,,,,,,
2023,12,16,23,0,9.1,5.1,75.84,,,,,,,,,,,,,,,,,,,,,,,,,,,,,,,,,,,,
2023,12,17,0,0,8.7,5.5,80.32,,,,,,,,,,,,,,,,,,,,,,,,,,,,,,,,,,,,
2023,12,17,1,0,8.6,6.1,84.34,,,,,,,,,,,,,,,,,,,,,,,,,,,,,,,,,,,,
2023,12,17,2,0,8.6,6.8,88.72,,,,,,,,,,,,,,,,,,,,,,,,,,,,,,,,,,,,
2023,12,17,3,0,8.5,7.5,93.62,,,,,,,,,,,,,,,,,,,,,,,,,,,,,,,,,,,,
2023,12,17,4,0,8.5,8.1,97.36,,,,,,,,,,,,,,,,,,,,,,,,,,,,,,,,,,,,
2023,12,17,5,0,8.6,8.5,99.18,,,,,,,,,,,,,,,,,,,,,,,,,,,,,,,,,,,,
2023,12,17,6,0,8.6,8.6,99.83,,,,,,,,,,,,,,,,,,,,,,,,,,,,,,,,,,,,
2023,12,17,7,0,8.5,8.5,100,,,,,,,,,,,,,,,,,,,,,,,,,,,,,,,,,,,,
2023,12,17,8,0,8.3,8.3,100,,,,,,,,,,,,,,,,,,,,,,,,,,,,,,,,,,,,
2023,12,17,9,0,8,8,100,,,,,,,,,,,,,,,,,,,,,,,,,,,,,,,,,,,,
2023,12,17,10,0,7.8,7.8,100,,,,,,,,,,,,,,,,,,,,,,,,,,,,,,,,,,,,
2023,12,17,11,0,7.7,7.7,100,,,,,,,,,,,,,,,,,,,,,,,,,,,,,,,,,,,,
2023,12,17,12,0,7.7,7.7,100,,,,,,,,,,,,,,,,,,,,,,,,,,,,,,,,,,,,
2023,12,17,13,0,8,8,99.92,,,,,,,,,,,,,,,,,,,,,,,,,,,,,,,,,,,,
2023,12,17,14,0,8.4,8.4,99.73,,,,,,,,,,,,,,,,,,,,,,,,,,,,,,,,,,,,
2023,12,17,15,0,9,8.8,98.83,,,,,,,,,,,,,,,,,,,,,,,,,,,,,,,,,,,,
2023,12,17,16,0,9.8,9.3,96.83,,,,,,,,,,,,,,,,,,,,,,,,,,,,,,,,,,,,
2023,12,17,17,0,10.7,9.8,94.26,,,,,,,,,,,,,,,,,,,,,,,,,,,,,,,,,,,,
2023,12,17,18,0,11.8,10.2,90.18,,,,,,,,,,,,,,,,,,,,,,,,,,,,,,,,,,,,
2023,12,17,19,0,12.6,10.5,86.97,,,,,,,,,,,,,,,,,,,,,,,,,,,,,,,,,,,,
2023,12,17,20,0,12.9,10.5,85.17,,,,,,,,,,,,,,,,,,,,,,,,,,,,,,,,,,,,
2023,12,17,21,0,12.5,10.3,86.19,,,,,,,,,,,,,,,,,,,,,,,,,,,,,,,,,,,,
2023,12,17,22,0,11.1,9.7,91.03,,,,,,,,,,,,,,,,,,,,,,,,,,,,,,,,,,,,
2023,12,17,23,0,10.1,9.3,94.7,,,,,,,,,,,,,,,,,,,,,,,,,,,,,,,,,,,,
2023,12,18,0,0,9.6,9.1,96.49,,,,,,,,,,,,,,,,,,,,,,,,,,,,,,,,,,,,
2023,12,18,1,0,9.2,8.7,96.9,,,,,,,,,,,,,,,,,,,,,,,,,,,,,,,,,,,,
2023,12,18,2,0,8.8,8.1,95.07,,,,,,,,,,,,,,,,,,,,,,,,,,,,,,,,,,,,
2023,12,18,3,0,8,6.9,92.5,,,,,,,,,,,,,,,,,,,,,,,,,,,,,,,,,,,,
2023,12,18,4,0,6.7,5.4,91.58,,,,,,,,,,,,,,,,,,,,,,,,,,,,,,,,,,,,
2023,12,18,5,0,5.4,4.3,92.35,,,,,,,,,,,,,,,,,,,,,,,,,,,,,,,,,,,,
2023,12,18,6,0,4.4,3.4,93.11,,,,,,,,,,,,,,,,,,,,,,,,,,,,,,,,,,,,
2023,12,18,7,0,3.6,2.8,94.19,,,,,,,,,,,,,,,,,,,,,,,,,,,,,,,,,,,,
2023,12,18,8,0,3.1,2.3,94.6,,,,,,,,,,,,,,,,,,,,,,,,,,,,,,,,,,,,
2023,12,18,9,0,2.9,2,93.79,,,,,,,,,,,,,,,,,,,,,,,,,,,,,,,,,,,,
2023,12,18,10,0,2.9,1.6,91.25,,,,,,,,,,,,,,,,,,,,,,,,,,,,,,,,,,,,
2023,12,18,11,0,2.9,1.3,89.31,,,,,,,,,,,,,,,,,,,,,,,,,,,,,,,,,,,,
2023,12,18,12,0,2.8,1.1,88.34,,,,,,,,,,,,,,,,,,,,,,,,,,,,,,,,,,,,
2023,12,18,13,0,3.3,1.1,85.41,,,,,,,,,,,,,,,,,,,,,,,,,,,,,,,,,,,,
2023,12,18,14,0,4.8,1.2,77.5,,,,,,,,,,,,,,,,,,,,,,,,,,,,,,,,,,,,
2023,12,18,15,0,7,1.2,66.53,,,,,,,,,,,,,,,,,,,,,,,,,,,,,,,,,,,,
2023,12,18,16,0,9.4,0.9,55.38,,,,,,,,,,,,,,,,,,,,,,,,,,,,,,,,,,,,
2023,12,18,17,0,11.3,0.7,48.11,,,,,,,,,,,,,,,,,,,,,,,,,,,,,,,,,,,,
2023,12,18,18,0,12.5,0.8,44.71,,,,,,,,,,,,,,,,,,,,,,,,,,,,,,,,,,,,
2023,12,18,19,0,12.8,0.8,43.83,,,,,,,,,,,,,,,,,,,,,,,,,,,,,,,,,,,,
2023,12,18,20,0,12.3,0.3,43.69,,,,,,,,,,,,,,,,,,,,,,,,,,,,,,,,,,,,
2023,12,18,21,0,10.9,-0.8,44.28,,,,,,,,,,,,,,,,,,,,,,,,,,,,,,,,,,,,
2023,12,18,22,0,8.7,-2.1,46.77,,,,,,,,,,,,,,,,,,,,,,,,,,,,,,,,,,,,
2023,12,18,23,0,7.1,-3,48.76,,,,,,,,,,,,,,,,,,,,,,,,,,,,,,,,,,,,
2023,12,19,0,0,6,-4.1,48.51,,,,,,,,,,,,,,,,,,,,,,,,,,,,,,,,,,,,
2023,12,19,1,0,4.8,-5.7,46.71,,,,,,,,,,,,,,,,,,,,,,,,,,,,,,,,,,,,
2023,12,19,2,0,3.3,-7.1,46.46,,,,,,,,,,,,,,,,,,,,,,,,,,,,,,,,,,,,
2023,12,19,3,0,1.8,-7.7,49.17,,,,,,,,,,,,,,,,,,,,,,,,,,,,,,,,,,,,
2023,12,19,4,0,0.6,-7.9,53.03,,,,,,,,,,,,,,,,,,,,,,,,,,,,,,,,,,,,
2023,12,19,5,0,-0.4,-7.9,57.15,,,,,,,,,,,,,,,,,,,,,,,,,,,,,,,,,,,,
2023,12,19,6,0,-1.2,-7.9,60.39,,,,,,,,,,,,,,,,,,,,,,,,,,,,,,,,,,,,
2023,12,19,7,0,-1.9,-8,63.29,,,,,,,,,,,,,,,,,,,,,,,,,,,,,,,,,,,,
2023,12,19,8,0,-2.6,-8,66.51,,,,,,,,,,,,,,,,,,,,,,,,,,,,,,,,,,,,
2023,12,19,9,0,-3.5,-7.8,71.96,,,,,,,,,,,,,,,,,,,,,,,,,,,,,,,,,,,,
2023,12,19,10,0,-4.3,-7.8,76.74,,,,,,,,,,,,,,,,,,,,,,,,,,,,,,,,,,,,
2023,12,19,11,0,-4.8,-7.9,79.09,,,,,,,,,,,,,,,,,,,,,,,,,,,,,,,,,,,,
2023,12,19,12,0,-5.3,-8,81.12,,,,,,,,,,,,,,,,,,,,,,,,,,,,,,,,,,,,
2023,12,19,13,0,-3.1,-8,68.9,,,,,,,,,,,,,,,,,,,,,,,,,,,,,,,,,,,,
2023,12,19,14,0,-0.3,-9.9,48.24,,,,,,,,,,,,,,,,,,,,,,,,,,,,,,,,,,,,
2023,12,19,15,0,2,-11.4,36.42,,,,,,,,,,,,,,,,,,,,,,,,,,,,,,,,,,,,
2023,12,19,16,0,4,-11.7,30.71,,,,,,,,,,,,,,,,,,,,,,,,,,,,,,,,,,,,
2023,12,19,17,0,5.7,-11.6,27.7,,,,,,,,,,,,,,,,,,,,,,,,,,,,,,,,,,,,
2023,12,19,18,0,6.9,-11.1,26.54,,,,,,,,,,,,,,,,,,,,,,,,,,,,,,,,,,,,
2023,12,19,19,0,7.5,-10.6,26.47,,,,,,,,,,,,,,,,,,,,,,,,,,,,,,,,,,,,
2023,12,19,20,0,7.5,-10,27.72,,,,,,,,,,,,,,,,,,,,,,,,,,,,,,,,,,,,
2023,12,19,21,0,6.1,-5.5,43.26,,,,,,,,,,,,,,,,,,,,,,,,,,,,,,,,,,,,
2023,12,19,22,0,1.9,-4.4,63.06,,,,,,,,,,,,,,,,,,,,,,,,,,,,,,,,,,,,
2023,12,19,23,0,-0.2,-5.7,66.45,,,,,,,,,,,,,,,,,,,,,,,,,,,,,,,,,,,,
2023,12,20,0,0,-1.2,-6.1,69.39,,,,,,,,,,,,,,,,,,,,,,,,,,,,,,,,,,,,
2023,12,20,1,0,-2,-6.4,71.6,,,,,,,,,,,,,,,,,,,,,,,,,,,,,,,,,,,,
2023,12,20,2,0,-2.8,-6.7,74.46,,,,,,,,,,,,,,,,,,,,,,,,,,,,,,,,,,,,
2023,12,20,3,0,-3.5,-6.9,77.06,,,,,,,,,,,,,,,,,,,,,,,,,,,,,,,,,,,,
2023,12,20,4,0,-4.1,-7.2,79.3,,,,,,,,,,,,,,,,,,,,,,,,,,,,,,,,,,,,
2023,12,20,5,0,-4.3,-7.3,79.51,,,,,,,,,,,,,,,,,,,,,,,,,,,,,,,,,,,,
2023,12,20,6,0,-4.3,-7.3,79.45,,,,,,,,,,,,,,,,,,,,,,,,,,,,,,,,,,,,
2023,12,20,7,0,-4.2,-7.2,79.34,,,,,,,,,,,,,,,,,,,,,,,,,,,,,,,,,,,,
2023,12,20,8,0,-4.1,-7.2,79.28,,,,,,,,,,,,,,,,,,,,,,,,,,,,,,,,,,,,
2023,12,20,9,0,-4,-7.1,79.29,,,,,,,,,,,,,,,,,,,,,,,,,,,,,,,,,,,,
2023,12,20,10,0,-3.7,-6.8,79.11,,,,,,,,,,,,,,,,,,,,,,,,,,,,,,,,,,,,
2023,12,20,11,0,-3.5,-6.6,78.89,,,,,,,,,,,,,,,,,,,,,,,,,,,,,,,,,,,,
2023,12,20,12,0,-3.4,-6.6,78.37,,,,,,,,,,,,,,,,,,,,,,,,,,,,,,,,,,,,
2023,12,20,13,0,-1.1,-6.3,67.94,,,,,,,,,,,,,,,,,,,,,,,,,,,,,,,,,,,,
2023,12,20,14,0,1.3,-6.1,57.77,,,,,,,,,,,,,,,,,,,,,,,,,,,,,,,,,,,,
2023,12,20,15,0,4.2,-5.1,50.88,,,,,,,,,,,,,,,,,,,,,,,,,,,,,,,,,,,,
2023,12,20,16,0,7.4,-7.4,34.15,,,,,,,,,,,,,,,,,,,,,,,,,,,,,,,,,,,,
2023,12,20,17,0,8.8,-7.6,30.52,,,,,,,,,,,,,,,,,,,,,,,,,,,,,,,,,,,,
2023,12,20,18,0,9.5,-7.2,30.07,,,,,,,,,,,,,,,,,,,,,,,,,,,,,,,,,,,,
2023,12,20,19,0,9.7,-6.9,30.4,,,,,,,,,,,,,,,,,,,,,,,,,,,,,,,,,,,,
2023,12,20,20,0,9.5,-6.1,32.64,,,,,,,,,,,,,,,,,,,,,,,,,,,,,,,,,,,,
2023,12,20,21,0,8.1,-0.8,53.32,,,,,,,,,,,,,,,,,,,,,,,,,,,,,,,,,,,,
2023,12,20,22,0,6.1,-3.5,50.16,,,,,,,,,,,,,,,,,,,,,,,,,,,,,,,,,,,,
2023,12,20,23,0,5.1,-4.6,49.66,,,,,,,,,,,,,,,,,,,,,,,,,,,,,,,,,,,,
2023,12,21,0,0,3.9,-5.3,50.97,,,,,,,,,,,,,,,,,,,,,,,,,,,,,,,,,,,,
2023,12,21,1,0,2.9,-5.9,52.51,,,,,,,,,,,,,,,,,,,,,,,,,,,,,,,,,,,,
2023,12,21,2,0,1.9,-6.1,55.53,,,,,,,,,,,,,,,,,,,,,,,,,,,,,,,,,,,,
2023,12,21,3,0,0.7,-6.1,60.51,,,,,,,,,,,,,,,,,,,,,,,,,,,,,,,,,,,,
2023,12,21,4,0,-0.3,-6.1,64.92,,,,,,,,,,,,,,,,,,,,,,,,,,,,,,,,,,,,
2023,12,21,5,0,-0.8,-6.2,66.59,,,,,,,,,,,,,,,,,,,,,,,,,,,,,,,,,,,,
2023,12,21,6,0,-1.2,-6.4,67.89,,,,,,,,,,,,,,,,,,,,,,,,,,,,,,,,,,,,
2023,12,21,7,0,-1.7,-6.4,70.47,,,,,,,,,,,,,,,,,,,,,,,,,,,,,,,,,,,,
2023,12,21,8,0,-2,-6.3,72.4,,,,,,,,,,,,,,,,,,,,,,,,,,,,,,,,,,,,
2023,12,21,9,0,-1.9,-6.3,72.14,,,,,,,,,,,,,,,,,,,,,,,,,,,,,,,,,,,,
2023,12,21,10,0,-2,-6.1,73.45,,,,,,,,,,,,,,,,,,,,,,,,,,,,,,,,,,,,
2023,12,21,11,0,-2.2,-5.9,76,,,,,,,,,,,,,,,,,,,,,,,,,,,,,,,,,,,,
2023,12,21,12,0,-2.4,-5.8,77.7,,,,,,,,,,,,,,,,,,,,,,,,,,,,,,,,,,,,
2023,12,21,13,0,0.2,-3.5,76.31,,,,,,,,,,,,,,,,,,,,,,,,,,,,,,,,,,,,
2023,12,21,14,0,4.1,-4.1,55.3,,,,,,,,,,,,,,,,,,,,,,,,,,,,,,,,,,,,
2023,12,21,15,0,7.3,-3.6,45.8,,,,,,,,,,,,,,,,,,,,,,,,,,,,,,,,,,,,
2023,12,21,16,0,10.4,-3.9,36.44,,,,,,,,,,,,,,,,,,,,,,,,,,,,,,,,,,,,
2023,12,21,17,0,11.9,-3.9,32.93,,,,,,,,,,,,,,,,,,,,,,,,,,,,,,,,,,,,
2023,12,21,18,0,12.7,-4,31.01,,,,,,,,,,,,,,,,,,,,,,,,,,,,,,,,,,,,
2023,12,21,19,0,13,-3.5,31.48,,,,,,,,,,,,,,,,,,,,,,,,,,,,,,,,,,,,
2023,12,21,20,0,13.2,-2.7,33.01,,,,,,,,,,,,,,,,,,,,,,,,,,,,,,,,,,,,
2023,12,21,21,0,11.9,-0.9,41.26,,,,,,,,,,,,,,,,,,,,,,,,,,,,,,,,,,,,
2023,12,21,22,0,10.6,-3.7,36.4,,,,,,,,,,,,,,,,,,,,,,,,,,,,,,,,,,,,
2023,12,21,23,0,10,-3.9,37.25,,,,,,,,,,,,,,,,,,,,,,,,,,,,,,,,,,,,
2023,12,22,0,0,9,-2.7,43.63,,,,,,,,,,,,,,,,,,,,,,,,,,,,,,,,,,,,
2023,12,22,1,0,8.2,-2.4,47.12,,,,,,,,,,,,,,,,,,,,,,,,,,,,,,,,,,,,
2023,12,22,2,0,7.2,-1.7,53.09,,,,,,,,,,,,,,,,,,,,,,,,,,,,,,,,,,,,
2023,12,22,3,0,6.6,-1.6,55.78,,,,,,,,,,,,,,,,,,,,,,,,,,,,,,,,,,,,
2023,12,22,4,0,6.2,-1.8,56.7,,,,,,,,,,,,,,,,,,,,,,,,,,,,,,,,,,,,
2023,12,22,5,0,6.2,-2.2,54.97,,,,,,,,,,,,,,,,,,,,,,,,,,,,,,,,,,,,
2023,12,22,6,0,6.2,-2.7,53.03,,,,,,,,,,,,,,,,,,,,,,,,,,,,,,,,,,,,
2023,12,22,7,0,6.4,-3.3,49.83,,,,,,,,,,,,,,,,,,,,,,,,,,,,,,,,,,,,
2023,12,22,8,0,6.1,-3.5,50.03,,,,,,,,,,,,,,,,,,,,,,,,,,,,,,,,,,,,
2023,12,22,9,0,5.7,-3.5,51.65,,,,,,,,,,,,,,,,,,,,,,,,,,,,,,,,,,,,
2023,12,22,10,0,5,-3.1,55.79,,,,,,,,,,,,,,,,,,,,,,,,,,,,,,,,,,,,
2023,12,22,11,0,4.6,-3,57.78,,,,,,,,,,,,,,,,,,,,,,,,,,,,,,,,,,,,
2023,12,22,12,0,4.2,-2.9,59.82,,,,,,,,,,,,,,,,,,,,,,,,,,,,,,,,,,,,
2023,12,22,13,0,4.5,-0.8,68.29,,,,,,,,,,,,,,,,,,,,,,,,,,,,,,,,,,,,
2023,12,22,14,0,6.8,0,62.02,,,,,,,,,,,,,,,,,,,,,,,,,,,,,,,,,,,,
2023,12,22,15,0,8.9,-2.5,44.78,,,,,,,,,,,,,,,,,,,,,,,,,,,,,,,,,,,,
2023,12,22,16,0,11.8,-3.3,34.79,,,,,,,,,,,,,,,,,,,,,,,,,,,,,,,,,,,,
2023,12,22,17,0,13.4,-3.7,30.25,,,,,,,,,,,,,,,,,,,,,,,,,,,,,,,,,,,,
2023,12,22,18,0,14,-3,30.64,,,,,,,,,,,,,,,,,,,,,,,,,,,,,,,,,,,,
2023,12,22,19,0,14,-2.1,32.81,,,,,,,,,,,,,,,,,,,,,,,,,,,,,,,,,,,,
2023,12,22,20,0,13.3,0.1,40.37,,,,,,,,,,,,,,,,,,,,,,,,,,,,,,,,,,,,
2023,12,22,21,0,11.2,4.9,64.97,,,,,,,,,,,,,,,,,,,,,,,,,,,,,,,,,,,,
2023,12,22,22,0,9.3,2.6,62.95,,,,,,,,,,,,,,,,,,,,,,,,,,,,,,,,,,,,
2023,12,22,23,0,8.8,1.9,62.05,,,,,,,,,,,,,,,,,,,,,,,,,,,,,,,,,,,,
2023,12,23,0,0,8.1,1.7,64.05,,,,,,,,,,,,,,,,,,,,,,,,,,,,,,,,,,,,
2023,12,23,1,0,7.4,1.7,67.21,,,,,,,,,,,,,,,,,,,,,,,,,,,,,,,,,,,,
2023,12,23,2,0,6.7,2.1,72.49,,,,,,,,,,,,,,,,,,,,,,,,,,,,,,,,,,,,
2023,12,23,3,0,5.6,2.5,80.58,,,,,,,,,,,,,,,,,,,,,,,,,,,,,,,,,,,,
2023,12,23,4,0,4.8,3.2,89.24,,,,,,,,,,,,,,,,,,,,,,,,,,,,,,,,,,,,
2023,12,23,5,0,4.5,3.8,95.47,,,,,,,,,,,,,,,,,,,,,,,,,,,,,,,,,,,,
2023,12,23,6,0,4.2,4.2,100,,,,,,,,,,,,,,,,,,,,,,,,,,,,,,,,,,,,
2023,12,23,7,0,3.9,3.9,100,,,,,,,,,,,,,,,,,,,,,,,,,,,,,,,,,,,,
2023,12,23,8,0,3.6,3.6,100,,,,,,,,,,,,,,,,,,,,,,,,,,,,,,,,,,,,
2023,12,23,9,0,3.2,3.2,100,,,,,,,,,,,,,,,,,,,,,,,,,,,,,,,,,,,,
2023,12,23,10,0,2.6,2.6,100,,,,,,,,,,,,,,,,,,,,,,,,,,,,,,,,,,,,
2023,12,23,11,0,2.1,2.1,100,,,,,,,,,,,,,,,,,,,,,,,,,,,,,,,,,,,,
2023,12,23,12,0,1.8,1.8,100,,,,,,,,,,,,,,,,,,,,,,,,,,,,,,,,,,,,
2023,12,23,13,0,4.6,4.2,97.23,,,,,,,,,,,,,,,,,,,,,,,,,,,,,,,,,,,,
2023,12,23,14,0,7.8,4.8,81.19,,,,,,,,,,,,,,,,,,,,,,,,,,,,,,,,,,,,
2023,12,23,15,0,11.4,5.9,68.95,,,,,,,,,,,,,,,,,,,,,,,,,,,,,,,,,,,,
2023,12,23,16,0,15.7,7.6,58.67,,,,,,,,,,,,,,,,,,,,,,,,,,,,,,,,,,,,
2023,12,23,17,0,17.4,8.4,55.47,,,,,,,,,,,,,,,,,,,,,,,,,,,,,,,,,,,,
2023,12,23,18,0,18.2,8.8,54.34,,,,,,,,,,,,,,,,,,,,,,,,,,,,,,,,,,,,
2023,12,23,19,0,18.4,9.1,54.64,,,,,,,,,,,,,,,,,,,,,,,,,,,,,,,,,,,,
2023,12,23,20,0,18,9.5,57.44,,,,,,,,,,,,,,,,,,,,,,,,,,,,,,,,,,,,
2023,12,23,21,0,16.2,11.8,74.99,,,,,,,,,,,,,,,,,,,,,,,,,,,,,,,,,,,,
2023,12,23,22,0,13.1,10.1,82.13,,,,,,,,,,,,,,,,,,,,,,,,,,,,,,,,,,,,
2023,12,23,23,0,11.4,9.4,87.24,,,,,,,,,,,,,,,,,,,,,,,,,,,,,,,,,,,,
2023,12,24,0,0,10.5,9.1,91.02,,,,,,,,,,,,,,,,,,,,,,,,,,,,,,,,,,,,
2023,12,24,1,0,10,8.9,92.84,,,,,,,,,,,,,,,,,,,,,,,,,,,,,,,,,,,,
2023,12,24,2,0,9.6,8.8,95.02,,,,,,,,,,,,,,,,,,,,,,,,,,,,,,,,,,,,
2023,12,24,3,0,9.3,8.9,97.2,,,,,,,,,,,,,,,,,,,,,,,,,,,,,,,,,,,,
2023,12,24,4,0,8.8,8.8,100,,,,,,,,,,,,,,,,,,,,,,,,,,,,,,,,,,,,
2023,12,24,5,0,8.1,8.1,100,,,,,,,,,,,,,,,,,,,,,,,,,,,,,,,,,,,,
2023,12,24,6,0,7.4,7.4,100,,,,,,,,,,,,,,,,,,,,,,,,,,,,,,,,,,,,
2023,12,24,7,0,6.6,6.6,100,,,,,,,,,,,,,,,,,,,,,,,,,,,,,,,,,,,,
2023,12,24,8,0,5.9,5.9,100,,,,,,,,,,,,,,,,,,,,,,,,,,,,,,,,,,,,
2023,12,24,9,0,5.9,5.9,100,,,,,,,,,,,,,,,,,,,,,,,,,,,,,,,,,,,,
2023,12,24,10,0,5.8,5.8,100,,,,,,,,,,,,,,,,,,,,,,,,,,,,,,,,,,,,
2023,12,24,11,0,5.7,5.7,100,,,,,,,,,,,,,,,,,,,,,,,,,,,,,,,,,,,,
2023,12,24,12,0,5.8,5.8,100,,,,,,,,,,,,,,,,,,,,,,,,,,,,,,,,,,,,
2023,12,24,13,0,7.2,6.3,93.74,,,,,,,,,,,,,,,,,,,,,,,,,,,,,,,,,,,,
2023,12,24,14,0,9.3,6.8,84.37,,,,,,,,,,,,,,,,,,,,,,,,,,,,,,,,,,,,
2023,12,24,15,0,11.9,7.5,74.7,,,,,,,,,,,,,,,,,,,,,,,,,,,,,,,,,,,,
2023,12,24,16,0,14.6,8.3,66.12,,,,,,,,,,,,,,,,,,,,,,,,,,,,,,,,,,,,
2023,12,24,17,0,16,9.2,64.03,,,,,,,,,,,,,,,,,,,,,,,,,,,,,,,,,,,,
2023,12,24,18,0,16.5,9.9,65.21,,,,,,,,,,,,,,,,,,,,,,,,,,,,,,,,,,,,
2023,12,24,19,0,16.6,10.5,67.42,,,,,,,,,,,,,,,,,,,,,,,,,,,,,,,,,,,,
2023,12,24,20,0,16.3,11.1,71.12,,,,,,,,,,,,,,,,,,,,,,,,,,,,,,,,,,,,
2023,12,24,21,0,15.4,11.5,77.45,,,,,,,,,,,,,,,,,,,,,,,,,,,,,,,,,,,,
2023,12,24,22,0,13.7,11.5,86.69,,,,,,,,,,,,,,,,,,,,,,,,,,,,,,,,,,,,
2023,12,24,23,0,13,11.6,91.32,,,,,,,,,,,,,,,,,,,,,,,,,,,,,,,,,,,,
2023,12,25,0,0,12.8,11.8,93.69,,,,,,,,,,,,,,,,,,,,,,,,,,,,,,,,,,,,
2023,12,25,1,0,13,12.1,94.36,,,,,,,,,,,,,,,,,,,,,,,,,,,,,,,,,,,,
2023,12,25,2,0,12.9,12.3,96.34,,,,,,,,,,,,,,,,,,,,,,,,,,,,,,,,,,,,
2023,12,25,3,0,12.6,12.4,98.5,,,,,,,,,,,,,,,,,,,,,,,,,,,,,,,,,,,,
2023,12,25,4,0,12.6,12.4,98.49,,,,,,,,,,,,,,,,,,,,,,,,,,,,,,,,,,,,
2023,12,25,5,0,12.3,12.2,99.45,,,,,,,,,,,,,,,,,,,,,,,,,,,,,,,,,,,,
2023,12,25,6,0,12.1,12.1,99.78,,,,,,,,,,,,,,,,,,,,,,,,,,,,,,,,,,,,
2023,12,25,7,0,12.1,12.1,99.83,,,,,,,,,,,,,,,,,,,,,,,,,,,,,,,,,,,,
2023,12,25,8,0,12,12,100,,,,,,,,,,,,,,,,,,,,,,,,,,,,,,,,,,,,
2023,12,25,9,0,12.3,12.2,99.28,,,,,,,,,,,,,,,,,,,,,,,,,,,,,,,,,,,,
2023,12,25,10,0,12.5,12.3,98.73,,,,,,,,,,,,,,,,,,,,,,,,,,,,,,,,,,,,
2023,12,25,11,0,12.6,12.4,98.73,,,,,,,,,,,,,,,,,,,,,,,,,,,,,,,,,,,,
2023,12,25,12,0,12.8,12.6,98.66,,,,,,,,,,,,,,,,,,,,,,,,,,,,,,,,,,,,
2023,12,25,13,0,13.1,12.8,98.3,,,,,,,,,,,,,,,,,,,,,,,,,,,,,,,,,,,,
2023,12,25,14,0,13.5,13.1,97.57,,,,,,,,,,,,,,,,,,,,,,,,,,,,,,,,,,,,
2023,12,25,15,0,14,13.5,96.79,,,,,,,,,,,,,,,,,,,,,,,,,,,,,,,,,,,,
2023,12,25,16,0,14.6,13.9,95.87,,,,,,,,,,,,,,,,,,,,,,,,,,,,,,,,,,,,
2023,12,25,17,0,15.2,14.4,94.85,,,,,,,,,,,,,,,,,,,,,,,,,,,,,,,,,,,,
2023,12,25,18,0,16,15,93.6,,,,,,,,,,,,,,,,,,,,,,,,,,,,,,,,,,,,
2023,12,25,19,0,16.6,15.5,93.51,,,,,,,,,,,,,,,,,,,,,,,,,,,,,,,,,,,,
2023,12,25,20,0,16.6,15.9,95.87,,,,,,,,,,,,,,,,,,,,,,,,,,,,,,,,,,,,
2023,12,25,21,0,16.4,16.2,98.42,,,,,,,,,,,,,,,,,,,,,,,,,,,,,,,,,,,,
2023,12,25,22,0,15.9,15.9,100,,,,,,,,,,,,,,,,,,,,,,,,,,,,,,,,,,,,
2023,12,25,23,0,15.6,15.6,100,,,,,,,,,,,,,,,,,,,,,,,,,,,,,,,,,,,,
2023,12,26,0,0,15.4,15.4,100,,,,,,,,,,,,,,,,,,,,,,,,,,,,,,,,,,,,
2023,12,26,1,0,15.2,15.2,100,,,,,,,,,,,,,,,,,,,,,,,,,,,,,,,,,,,,
2023,12,26,2,0,15,15,100,,,,,,,,,,,,,,,,,,,,,,,,,,,,,,,,,,,,
2023,12,26,3,0,14.8,14.8,100,,,,,,,,,,,,,,,,,,,,,,,,,,,,,,,,,,,,
2023,12,26,4,0,14.7,14.7,100,,,,,,,,,,,,,,,,,,,,,,,,,,,,,,,,,,,,
2023,12,26,5,0,14.6,14.6,100,,,,,,,,,,,,,,,,,,,,,,,,,,,,,,,,,,,,
2023,12,26,6,0,14.3,14.3,100,,,,,,,,,,,,,,,,,,,,,,,,,,,,,,,,,,,,
2023,12,26,7,0,14,14,100,,,,,,,,,,,,,,,,,,,,,,,,,,,,,,,,,,,,
2023,12,26,8,0,13.7,13.7,100,,,,,,,,,,,,,,,,,,,,,,,,,,,,,,,,,,,,
2023,12,26,9,0,13.6,13.6,100,,,,,,,,,,,,,,,,,,,,,,,,,,,,,,,,,,,,
2023,12,26,10,0,13.8,13.7,99.62,,,,,,,,,,,,,,,,,,,,,,,,,,,,,,,,,,,,
2023,12,26,11,0,13.7,13.6,99.46,,,,,,,,,,,,,,,,,,,,,,,,,,,,,,,,,,,,
2023,12,26,12,0,13.5,13.5,99.82,,,,,,,,,,,,,,,,,,,,,,,,,,,,,,,,,,,,
2023,12,26,13,0,13.7,13.7,100,,,,,,,,,,,,,,,,,,,,,,,,,,,,,,,,,,,,
2023,12,26,14,0,14.6,14.6,100,,,,,,,,,,,,,,,,,,,,,,,,,,,,,,,,,,,,
2023,12,26,15,0,15.5,15.5,100,,,,,,,,,,,,,,,,,,,,,,,,,,,,,,,,,,,,
2023,12,26,16,0,16.5,15.9,96.23,,,,,,,,,,,,,,,,,,,,,,,,,,,,,,,,,,,,
2023,12,26,17,0,17,15.9,93.47,,,,,,,,,,,,,,,,,,,,,,,,,,,,,,,,,,,,
2023,12,26,18,0,17.4,15.8,90.23,,,,,,,,,,,,,,,,,,,,,,,,,,,,,,,,,,,,
2023,12,26,19,0,17.2,15.6,90.55,,,,,,,,,,,,,,,,,,,,,,,,,,,,,,,,,,,,
2023,12,26,20,0,16.6,15.5,93.34,,,,,,,,,,,,,,,,,,,,,,,,,,,,,,,,,,,,
2023,12,26,21,0,15.4,14.9,97.04,,,,,,,,,,,,,,,,,,,,,,,,,,,,,,,,,,,,
2023,12,26,22,0,14.1,14,99.2,,,,,,,,,,,,,,,,,,,,,,,,,,,,,,,,,,,,
2023,12,26,23,0,13.2,13.2,99.83,,,,,,,,,,,,,,,,,,,,,,,,,,,,,,,,,,,,
2023,12,27,0,0,12.3,12.3,100,,,,,,,,,,,,,,,,,,,,,,,,,,,,,,,,,,,,
2023,12,27,1,0,11.6,11.6,99.97,,,,,,,,,,,,,,,,,,,,,,,,,,,,,,,,,,,,
2023,12,27,2,0,11,10.9,99.44,,,,,,,,,,,,,,,,,,,,,,,,,,,,,,,,,,,,
2023,12,27,3,0,10.5,10.4,99.18,,,,,,,,,,,,,,,,,,,,,,,,,,,,,,,,,,,,
2023,12,27,4,0,10,9.9,99.44,,,,,,,,,,,,,,,,,,,,,,,,,,,,,,,,,,,,
2023,12,27,5,0,9.5,9.5,99.83,,,,,,,,,,,,,,,,,,,,,,,,,,,,,,,,,,,,
2023,12,27,6,0,8.9,8.9,100,,,,,,,,,,,,,,,,,,,,,,,,,,,,,,,,,,,,
2023,12,27,7,0,8.5,8.5,100,,,,,,,,,,,,,,,,,,,,,,,,,,,,,,,,,,,,
2023,12,27,8,0,8.1,8.1,100,,,,,,,,,,,,,,,,,,,,,,,,,,,,,,,,,,,,
2023,12,27,9,0,7.7,7.7,100,,,,,,,,,,,,,,,,,,,,,,,,,,,,,,,,,,,,
2023,12,27,10,0,7.5,7.5,100,,,,,,,,,,,,,,,,,,,,,,,,,,,,,,,,,,,,
2023,12,27,11,0,7,7,100,,,,,,,,,,,,,,,,,,,,,,,,,,,,,,,,,,,,
2023,12,27,12,0,6.6,6.6,100,,,,,,,,,,,,,,,,,,,,,,,,,,,,,,,,,,,,
2023,12,27,13,0,7,6.7,98.02,,,,,,,,,,,,,,,,,,,,,,,,,,,,,,,,,,,,
2023,12,27,14,0,8.2,6.9,91.78,,,,,,,,,,,,,,,,,,,,,,,,,,,,,,,,,,,,
2023,12,27,15,0,10.4,6.8,78.23,,,,,,,,,,,,,,,,,,,,,,,,,,,,,,,,,,,,
2023,12,27,16,0,12.3,6.1,65.83,,,,,,,,,,,,,,,,,,,,,,,,,,,,,,,,,,,,
2023,12,27,17,0,13.6,5.4,57.78,,,,,,,,,,,,,,,,,,,,,,,,,,,,,,,,,,,,
2023,12,27,18,0,14.1,4.9,53.86,,,,,,,,,,,,,,,,,,,,,,,,,,,,,,,,,,,,
2023,12,27,19,0,14.1,4.7,53.13,,,,,,,,,,,,,,,,,,,,,,,,,,,,,,,,,,,,
2023,12,27,20,0,13.5,5.5,58.28,,,,,,,,,,,,,,,,,,,,,,,,,,,,,,,,,,,,
2023,12,27,21,0,11.7,8,77.89,,,,,,,,,,,,,,,,,,,,,,,,,,,,,,,,,,,,
2023,12,27,22,0,9,6.8,86.31,,,,,,,,,,,,,,,,,,,,,,,,,,,,,,,,,,,,
2023,12,27,23,0,8.1,6,86.52,,,,,,,,,,,,,,,,,,,,,,,,,,,,,,,,,,,,
2023,12,28,0,0,7.4,5.5,87.96,,,,,,,,,,,,,,,,,,,,,,,,,,,,,,,,,,,,
2023,12,28,1,0,6.5,5,90.38,,,,,,,,,,,,,,,,,,,,,,,,,,,,,,,,,,,,
2023,12,28,2,0,5.6,4.5,92.6,,,,,,,,,,,,,,,,,,,,,,,,,,,,,,,,,,,,
2023,12,28,3,0,5,4.1,93.88,,,,,,,,,,,,,,,,,,,,,,,,,,,,,,,,,,,,
2023,12,28,4,0,4.6,3.9,95.2,,,,,,,,,,,,,,,,,,,,,,,,,,,,,,,,,,,,
2023,12,28,5,0,4.5,3.9,95.88,,,,,,,,,,,,,,,,,,,,,,,,,,,,,,,,,,,,
2023,12,28,6,0,4.3,4.1,98.38,,,,,,,,,,,,,,,,,,,,,,,,,,,,,,,,,,,,
2023,12,28,7,0,3.9,3.9,100,,,,,,,,,,,,,,,,,,,,,,,,,,,,,,,,,,,,
2023,12,28,8,0,3.6,3.6,100,,,,,,,,,,,,,,,,,,,,,,,,,,,,,,,,,,,,
2023,12,28,9,0,3.3,3.3,100,,,,,,,,,,,,,,,,,,,,,,,,,,,,,,,,,,,,
2023,12,28,10,0,3.5,3.5,100,,,,,,,,,,,,,,,,,,,,,,,,,,,,,,,,,,,,
2023,12,28,11,0,3.5,3.5,100,,,,,,,,,,,,,,,,,,,,,,,,,,,,,,,,,,,,
2023,12,28,12,0,3.7,3.7,100,,,,,,,,,,,,,,,,,,,,,,,,,,,,,,,,,,,,
2023,12,28,13,0,4.3,3.7,95.9,,,,,,,,,,,,,,,,,,,,,,,,,,,,,,,,,,,,
2023,12,28,14,0,5.7,3.5,85.81,,,,,,,,,,,,,,,,,,,,,,,,,,,,,,,,,,,,
2023,12,28,15,0,8.4,2.4,66.02,,,,,,,,,,,,,,,,,,,,,,,,,,,,,,,,,,,,
2023,12,28,16,0,10,1.5,55.5,,,,,,,,,,,,,,,,,,,,,,,,,,,,,,,,,,,,
2023,12,28,17,0,10.9,1.1,50.69,,,,,,,,,,,,,,,,,,,,,,,,,,,,,,,,,,,,
2023,12,28,18,0,11.5,0.7,47.55,,,,,,,,,,,,,,,,,,,,,,,,,,,,,,,,,,,,
2023,12,28,19,0,11.6,0.4,46.26,,,,,,,,,,,,,,,,,,,,,,,,,,,,,,,,,,,,
2023,12,28,20,0,11.2,0.3,46.88,,,,,,,,,,,,,,,,,,,,,,,,,,,,,,,,,,,,
2023,12,28,21,0,9.8,0.9,54.06,,,,,,,,,,,,,,,,,,,,,,,,,,,,,,,,,,,,
2023,12,28,22,0,6,2.4,77.44,,,,,,,,,,,,,,,,,,,,,,,,,,,,,,,,,,,,
2023,12,28,23,0,4.5,1.1,78.32,,,,,,,,,,,,,,,,,,,,,,,,,,,,,,,,,,,,
2023,12,29,0,0,3.9,0.3,77.24,,,,,,,,,,,,,,,,,,,,,,,,,,,,,,,,,,,,
2023,12,29,1,0,2.9,-0.2,80.26,,,,,,,,,,,,,,,,,,,,,,,,,,,,,,,,,,,,
2023,12,29,2,0,2.1,-0.5,83.21,,,,,,,,,,,,,,,,,,,,,,,,,,,,,,,,,,,,
2023,12,29,3,0,1.4,-0.6,86.55,,,,,,,,,,,,,,,,,,,,,,,,,,,,,,,,,,,,
2023,12,29,4,0,0.7,-0.7,90.62,,,,,,,,,,,,,,,,,,,,,,,,,,,,,,,,,,,,
2023,12,29,5,0,0.1,-0.7,94.55,,,,,,,,,,,,,,,,,,,,,,,,,,,,,,,,,,,,
2023,12,29,6,0,-0.3,-0.6,97.7,,,,,,,,,,,,,,,,,,,,,,,,,,,,,,,,,,,,
2023,12,29,7,0,-0.7,-0.7,100,,,,,,,,,,,,,,,,,,,,,,,,,,,,,,,,,,,,
2023,12,29,8,0,-1.1,-1.1,100,,,,,,,,,,,,,,,,,,,,,,,,,,,,,,,,,,,,
2023,12,29,9,0,-1.2,-1.2,100,,,,,,,,,,,,,,,,,,,,,,,,,,,,,,,,,,,,
2023,12,29,10,0,-1.1,-1.1,100,,,,,,,,,,,,,,,,,,,,,,,,,,,,,,,,,,,,
2023,12,29,11,0,-0.9,-0.9,100,,,,,,,,,,,,,,,,,,,,,,,,,,,,,,,,,,,,
2023,12,29,12,0,-0.7,-0.7,100,,,,,,,,,,,,,,,,,,,,,,,,,,,,,,,,,,,,
2023,12,29,13,0,1.1,0,92.38,,,,,,,,,,,,,,,,,,,,,,,,,,,,,,,,,,,,
2023,12,29,14,0,3.3,0.2,80.21,,,,,,,,,,,,,,,,,,,,,,,,,,,,,,,,,,,,
2023,12,29,15,0,5,0,69.96,,,,,,,,,,,,,,,,,,,,,,,,,,,,,,,,,,,,
2023,12,29,16,0,6.1,-0.6,62.24,,,,,,,,,,,,,,,,,,,,,,,,,,,,,,,,,,,,
2023,12,29,17,0,6.6,-0.8,59.13,,,,,,,,,,,,,,,,,,,,,,,,,,,,,,,,,,,,
2023,12,29,18,0,6.9,-0.8,58.2,,,,,,,,,,,,,,,,,,,,,,,,,,,,,,,,,,,,
2023,12,29,19,0,7.1,-0.7,57.69,,,,,,,,,,,,,,,,,,,,,,,,,,,,,,,,,,,,
2023,12,29,20,0,6.8,-0.6,59.12,,,,,,,,,,,,,,,,,,,,,,,,,,,,,,,,,,,,
2023,12,29,21,0,6.1,-0.4,63.16,,,,,,,,,,,,,,,,,,,,,,,,,,,,,,,,,,,,
2023,12,29,22,0,4.1,0.3,76.54,,,,,,,,,,,,,,,,,,,,,,,,,,,,,,,,,,,,
2023,12,29,23,0,2.8,0.2,83.23,,,,,,,,,,,,,,,,,,,,,,,,,,,,,,,,,,,,
2023,12,30,0,0,2.1,-0.1,85.54,,,,,,,,,,,,,,,,,,,,,,,,,,,,,,,,,,,,
2023,12,30,1,0,1.6,-0.3,87.33,,,,,,,,,,,,,,,,,,,,,,,,,,,,,,,,,,,,
2023,12,30,2,0,1.5,-0.3,88.01,,,,,,,,,,,,,,,,,,,,,,,,,,,,,,,,,,,,
2023,12,30,3,0,1.6,-0.1,88.15,,,,,,,,,,,,,,,,,,,,,,,,,,,,,,,,,,,,
2023,12,30,4,0,1.6,-0.1,88.72,,,,,,,,,,,,,,,,,,,,,,,,,,,,,,,,,,,,
2023,12,30,5,0,1.4,0,90.48,,,,,,,,,,,,,,,,,,,,,,,,,,,,,,,,,,,,
2023,12,30,6,0,0.7,-0.1,94.61,,,,,,,,,,,,,,,,,,,,,,,,,,,,,,,,,,,,
2023,12,30,7,0,-0.4,-0.4,100,,,,,,,,,,,,,,,,,,,,,,,,,,,,,,,,,,,,
2023,12,30,8,0,-1.2,-1.2,100,,,,,,,,,,,,,,,,,,,,,,,,,,,,,,,,,,,,
2023,12,30,9,0,-1.5,-1.5,100,,,,,,,,,,,,,,,,,,,,,,,,,,,,,,,,,,,,
2023,12,30,10,0,-1.8,-1.8,100,,,,,,,,,,,,,,,,,,,,,,,,,,,,,,,,,,,,
2023,12,30,11,0,-1.9,-1.9,100,,,,,,,,,,,,,,,,,,,,,,,,,,,,,,,,,,,,
2023,12,30,12,0,-1.7,-1.7,100,,,,,,,,,,,,,,,,,,,,,,,,,,,,,,,,,,,,
2023,12,30,13,0,0,-0.8,94.6,,,,,,,,,,,,,,,,,,,,,,,,,,,,,,,,,,,,
2023,12,30,14,0,2.6,-1.2,76.19,,,,,,,,,,,,,,,,,,,,,,,,,,,,,,,,,,,,
2023,12,30,15,0,4.6,-1.8,63.26,,,,,,,,,,,,,,,,,,,,,,,,,,,,,,,,,,,,
2023,12,30,16,0,6.1,-1.6,57.64,,,,,,,,,,,,,,,,,,,,,,,,,,,,,,,,,,,,
2023,12,30,17,0,7.3,-1.3,54.28,,,,,,,,,,,,,,,,,,,,,,,,,,,,,,,,,,,,
2023,12,30,18,0,8.2,-1.1,52.1,,,,,,,,,,,,,,,,,,,,,,,,,,,,,,,,,,,,
2023,12,30,19,0,8.5,-0.9,51.76,,,,,,,,,,,,,,,,,,,,,,,,,,,,,,,,,,,,
2023,12,30,20,0,8.3,-0.8,52.91,,,,,,,,,,,,,,,,,,,,,,,,,,,,,,,,,,,,
2023,12,30,21,0,7.2,0.1,60.58,,,,,,,,,,,,,,,,,,,,,,,,,,,,,,,,,,,,
2023,12,30,22,0,3.1,1,85.87,,,,,,,,,,,,,,,,,,,,,,,,,,,,,,,,,,,,
2023,12,30,23,0,1.3,0,91.09,,,,,,,,,,,,,,,,,,,,,,,,,,,,,,,,,,,,
2023,12,31,0,0,0.6,-0.3,93.64,,,,,,,,,,,,,,,,,,,,,,,,,,,,,,,,,,,,
2023,12,31,1,0,-0.2,-0.6,97.49,,,,,,,,,,,,,,,,,,,,,,,,,,,,,,,,,,,,
2023,12,31,2,0,-0.8,-0.8,100,,,,,,,,,,,,,,,,,,,,,,,,,,,,,,,,,,,,
2023,12,31,3,0,-1.4,-1.4,100,,,,,,,,,,,,,,,,,,,,,,,,,,,,,,,,,,,,
2023,12,31,4,0,-2,-2,100,,,,,,,,,,,,,,,,,,,,,,,,,,,,,,,,,,,,
2023,12,31,5,0,-2.5,-2.5,100,,,,,,,,,,,,,,,,,,,,,,,,,,,,,,,,,,,,
2023,12,31,6,0,-2.8,-2.8,100,,,,,,,,,,,,,,,,,,,,,,,,,,,,,,,,,,,,
2023,12,31,7,0,-2.8,-2.8,100,,,,,,,,,,,,,,,,,,,,,,,,,,,,,,,,,,,,
2023,12,31,8,0,-2.3,-2.3,100,,,,,,,,,,,,,,,,,,,,,,,,,,,,,,,,,,,,
2023,12,31,9,0,-1.7,-1.7,100,,,,,,,,,,,,,,,,,,,,,,,,,,,,,,,,,,,,
2023,12,31,10,0,-1.4,-1.4,100,,,,,,,,,,,,,,,,,,,,,,,,,,,,,,,,,,,,
2023,12,31,11,0,-1.5,-1.5,99.89,,,,,,,,,,,,,,,,,,,,,,,,,,,,,,,,,,,,
2023,12,31,12,0,-1.5,-1.6,99.19,,,,,,,,,,,,,,,,,,,,,,,,,,,,,,,,,,,,
2023,12,31,13,0,-0.5,-1.2,94.92,,,,,,,,,,,,,,,,,,,,,,,,,,,,,,,,,,,,
2023,12,31,14,0,2,-0.3,84.88,,,,,,,,,,,,,,,,,,,,,,,,,,,,,,,,,,,,
2023,12,31,15,0,5.7,0.6,69.95,,,,,,,,,,,,,,,,,,,,,,,,,,,,,,,,,,,,
2023,12,31,16,0,9.1,0.5,54.96,,,,,,,,,,,,,,,,,,,,,,,,,,,,,,,,,,,,
2023,12,31,17,0,10.9,0.4,48.45,,,,,,,,,,,,,,,,,,,,,,,,,,,,,,,,,,,,
2023,12,31,18,0,12.1,0.6,45.16,,,,,,,,,,,,,,,,,,,,,,,,,,,,,,,,,,,,
2023,12,31,19,0,12.5,1,45.24,,,,,,,,,,,,,,,,,,,,,,,,,,,,,,,,,,,,
2023,12,31,20,0,12.3,1.6,47.91,,,,,,,,,,,,,,,,,,,,,,,,,,,,,,,,,,,,
2023,12,31,21,0,10.6,3.7,62.26,,,,,,,,,,,,,,,,,,,,,,,,,,,,,,,,,,,,
2023,12,31,22,0,6.1,3.2,81.95,,,,,,,,,,,,,,,,,,,,,,,,,,,,,,,,,,,,
2023,12,31,23,0,4.7,2.5,85.45,,,,,,,,,,,,,,,,,,,,,,,,,,,,,,,,,,,,
