Source,Location ID,City,State,Country,Latitude,Longitude,Time Zone,Clearsky DHI Units,Clearsky DNI Units,Clearsky GHI Units,Dew Point Units,DHI Units,DNI Units,GHI Units,Solar Zenith Angle Units,Temperature Units,Pressure Units,Relative Humidity Units,Precipitable Water Units,Wind Direction Units,Wind Speed Units,Cloud Type -15,Cloud Type 0,Cloud Type 1,Cloud Type 2,Cloud Type 3,Cloud Type 4,Cloud Type 5,Cloud Type 6,Cloud Type 7,Cloud Type 8,Cloud Type 9,Cloud Type 10,Cloud Type 11,Cloud Type 12,Fill Flag 0,Fill Flag 1,Fill Flag 2,Fill Flag 3,Fill Flag 4,Fill Flag 5,Surface Albedo Units,Version
NSRDB,4280640,-,-,-,32.78,-79.93,0,w/m2,w/m2,w/m2,c,w/m2,w/m2,w/m2,Degree,c,mbar,%,cm,Degrees,m/s,N/A,Clear,Probably Clear,Fog,Water,Super-Cooled Water,Mixed,Opaque Ice,Cirrus,Overlapping,Overshooting,Unknown,Dust,Smoke,N/A,Missing Image,Low Irradiance,Exceeds Clearsky,Missing CLoud Properties,Rayleigh Violation,N/A,4.0.1
Year,Month,Day,Hour,Minute,Temperature,Dew Point,Relative Humidity,,,,,,,,,,,,,,,,,,,,,,,,,,,,,,,,,,,,
2023,1,1,0,0,17,17,100,,,,,,,,,,,,,,,,,,,,,,,,,,,,,,,,,,,,
2023,1,1,1,0,16.7,16.7,100,,,,,,,,,,,,,,,,,,,,,,,,,,,,,,,,,,,,
2023,1,1,2,0,16.3,16.3,100,,,,,,,,,,,,,,,,,,,,,,,,,,,,,,,,,,,,
2023,1,1,3,0,16,16,100,,,,,,,,,,,,,,,,,,,,,,,,,,,,,,,,,,,,
2023,1,1,4,0,15.8,15.8,100,,,,,,,,,,,,,,,,,,,,,,,,,,,,,,,,,,,,
2023,1,1,5,0,15.4,15.4,100,,,,,,,,,,,,,,,,,,,,,,,,,,,,,,,,,,,,
2023,1,1,6,0,15,15,100,,,,,,,,,,,,,,,,,,,,,,,,,,,,,,,,,,,,
2023,1,1,7,0,14.6,14.6,100,,,,,,,,,,,,,,,,,,,,,,,,,,,,,,,,,,,,
2023,1,1,8,0,14.2,14.2,100,,,,,,,,,,,,,,,,,,,,,,,,,,,,,,,,,,,,
2023,1,1,9,0,13.8,13.8,100,,,,,,,,,,,,,,,,,,,,,,,,,,,,,,,,,,,,
2023,1,1,10,0,13.4,13.4,100,,,,,,,,,,,,,,,,,,,,,,,,,,,,,,,,,,,,
2023,1,1,11,0,13.1,13.1,100,,,,,,,,,,,,,,,,,,,,,,,,,,,,,,,,,,,,
2023,1,1,12,0,13,13,100,,,,,,,,,,,,,,,,,,,,,,,,,,,,,,,,,,,,
2023,1,1,13,0,14.2,14,98.76,,,,,,,,,,,,,,,,,,,,,,,,,,,,,,,,,,,,
2023,1,1,14,0,15.1,14.6,96.71,,,,,,,,,,,,,,,,,,,,,,,,,,,,,,,,,,,,
2023,1,1,15,0,16.3,15.1,92.55,,,,,,,,,,,,,,,,,,,,,,,,,,,,,,,,,,,,
2023,1,1,16,0,17.7,14.9,83.78,,,,,,,,,,,,,,,,,,,,,,,,,,,,,,,,,,,,
2023,1,1,17,0,18.5,14.9,79.32,,,,,,,,,,,,,,,,,,,,,,,,,,,,,,,,,,,,
2023,1,1,18,0,19,14.8,76.8,,,,,,,,,,,,,,,,,,,,,,,,,,,,,,,,,,,,
2023,1,1,19,0,19.1,14.8,76.3,,,,,,,,,,,,,,,,,,,,,,,,,,,,,,,,,,,,
2023,1,1,20,0,18.8,15,78.35,,,,,,,,,,,,,,,,,,,,,,,,,,,,,,,,,,,,
2023,1,1,21,0,17.7,15.6,87.48,,,,,,,,,,,,,,,,,,,,,,,,,,,,,,,,,,,,
2023,1,1,22,0,16,15,93.62,,,,,,,,,,,,,,,,,,,,,,,,,,,,,,,,,,,,
2023,1,1,23,0,15.3,14.8,96.76,,,,,,,,,,,,,,,,,,,,,,,,,,,,,,,,,,,,
2023,1,2,0,0,15,14.8,98.48,,,,,,,,,,,,,,,,,,,,,,,,,,,,,,,,,,,,
2023,1,2,1,0,14.5,14.5,100,,,,,,,,,,,,,,,,,,,,,,,,,,,,,,,,,,,,
2023,1,2,2,0,14,14,100,,,,,,,,,,,,,,,,,,,,,,,,,,,,,,,,,,,,
2023,1,2,3,0,13.4,13.4,100,,,,,,,,,,,,,,,,,,,,,,,,,,,,,,,,,,,,
2023,1,2,4,0,13,13,100,,,,,,,,,,,,,,,,,,,,,,,,,,,,,,,,,,,,
2023,1,2,5,0,12.7,12.7,100,,,,,,,,,,,,,,,,,,,,,,,,,,,,,,,,,,,,
2023,1,2,6,0,12.4,12.4,100,,,,,,,,,,,,,,,,,,,,,,,,,,,,,,,,,,,,
2023,1,2,7,0,12.2,12.2,100,,,,,,,,,,,,,,,,,,,,,,,,,,,,,,,,,,,,
2023,1,2,8,0,11.9,11.9,100,,,,,,,,,,,,,,,,,,,,,,,,,,,,,,,,,,,,
2023,1,2,9,0,11.6,11.6,100,,,,,,,,,,,,,,,,,,,,,,,,,,,,,,,,,,,,
2023,1,2,10,0,11.4,11.4,100,,,,,,,,,,,,,,,,,,,,,,,,,,,,,,,,,,,,
2023,1,2,11,0,11.3,11.3,100,,,,,,,,,,,,,,,,,,,,,,,,,,,,,,,,,,,,
2023,1,2,12,0,11.5,11.5,100,,,,,,,,,,,,,,,,,,,,,,,,,,,,,,,,,,,,
2023,1,2,13,0,12.9,12.3,95.99,,,,,,,,,,,,,,,,,,,,,,,,,,,,,,,,,,,,
2023,1,2,14,0,14.2,12.8,91.52,,,,,,,,,,,,,,,,,,,,,,,,,,,,,,,,,,,,
2023,1,2,15,0,16.3,13.3,82.45,,,,,,,,,,,,,,,,,,,,,,,,,,,,,,,,,,,,
2023,1,2,16,0,17.5,13.4,76.67,,,,,,,,,,,,,,,,,,,,,,,,,,,,,,,,,,,,
2023,1,2,17,0,18.3,13.4,72.93,,,,,,,,,,,,,,,,,,,,,,,,,,,,,,,,,,,,
2023,1,2,18,0,18.8,13.3,70.17,,,,,,,,,,,,,,,,,,,,,,,,,,,,,,,,,,,,
2023,1,2,19,0,19,13.2,68.98,,,,,,,,,,,,,,,,,,,,,,,,,,,,,,,,,,,,
2023,1,2,20,0,18.6,13.3,71.06,,,,,,,,,,,,,,,,,,,,,,,,,,,,,,,,,,,,
2023,1,2,21,0,17.8,14,78.58,,,,,,,,,,,,,,,,,,,,,,,,,,,,,,,,,,,,
2023,1,2,22,0,15.8,13.1,83.87,,,,,,,,,,,,,,,,,,,,,,,,,,,,,,,,,,,,
2023,1,2,23,0,14.4,13,91.21,,,,,,,,,,,,,,,,,,,,,,,,,,,,,,,,,,,,
2023,1,3,0,0,14,13.1,94.15,,,,,,,,,,,,,,,,,,,,,,,,,,,,,,,,,,,,
2023,1,3,1,0,13.8,13.2,96.38,,,,,,,,,,,,,,,,,,,,,,,,,,,,,,,,,,,,
2023,1,3,2,0,13.7,13.5,98.54,,,,,,,,,,,,,,,,,,,,,,,,,,,,,,,,,,,,
2023,1,3,3,0,13.7,13.6,99.2,,,,,,,,,,,,,,,,,,,,,,,,,,,,,,,,,,,,
2023,1,3,4,0,13.6,13.5,99.47,,,,,,,,,,,,,,,,,,,,,,,,,,,,,,,,,,,,
2023,1,3,5,0,13.5,13.4,99.3,,,,,,,,,,,,,,,,,,,,,,,,,,,,,,,,,,,,
2023,1,3,6,0,13.4,13.2,99.01,,,,,,,,,,,,,,,,,,,,,,,,,,,,,,,,,,,,
2023,1,3,7,0,13.4,13.2,98.57,,,,,,,,,,,,,,,,,,,,,,,,,,,,,,,,,,,,
2023,1,3,8,0,13.4,13.2,98.43,,,,,,,,,,,,,,,,,,,,,,,,,,,,,,,,,,,,
2023,1,3,9,0,13.5,13.3,98.74,,,,,,,,,,,,,,,,,,,,,,,,,,,,,,,,,,,,
2023,1,3,10,0,13.6,13.6,100,,,,,,,,,,,,,,,,,,,,,,,,,,,,,,,,,,,,
2023,1,3,11,0,13.8,13.8,100,,,,,,,,,,,,,,,,,,,,,,,,,,,,,,,,,,,,
2023,1,3,12,0,14,14,100,,,,,,,,,,,,,,,,,,,,,,,,,,,,,,,,,,,,
2023,1,3,13,0,15.9,15.2,95.61,,,,,,,,,,,,,,,,,,,,,,,,,,,,,,,,,,,,
2023,1,3,14,0,17.3,16.1,92.43,,,,,,,,,,,,,,,,,,,,,,,,,,,,,,,,,,,,
2023,1,3,15,0,18.8,16.4,85.7,,,,,,,,,,,,,,,,,,,,,,,,,,,,,,,,,,,,
2023,1,3,16,0,19.8,16.1,79.29,,,,,,,,,,,,,,,,,,,,,,,,,,,,,,,,,,,,
2023,1,3,17,0,20.3,16,76.35,,,,,,,,,,,,,,,,,,,,,,,,,,,,,,,,,,,,
2023,1,3,18,0,20.5,16.1,75.68,,,,,,,,,,,,,,,,,,,,,,,,,,,,,,,,,,,,
2023,1,3,19,0,20.4,16.3,77.31,,,,,,,,,,,,,,,,,,,,,,,,,,,,,,,,,,,,
2023,1,3,20,0,20,16.7,81.15,,,,,,,,,,,,,,,,,,,,,,,,,,,,,,,,,,,,
2023,1,3,21,0,18.9,17.2,89.9,,,,,,,,,,,,,,,,,,,,,,,,,,,,,,,,,,,,
2023,1,3,22,0,16.8,16.8,100,,,,,,,,,,,,,,,,,,,,,,,,,,,,,,,,,,,,
2023,1,3,23,0,16.5,16.5,100,,,,,,,,,,,,,,,,,,,,,,,,,,,,,,,,,,,,
2023,1,4,0,0,16.3,16.3,100,,,,,,,,,,,,,,,,,,,,,,,,,,,,,,,,,,,,
2023,1,4,1,0,16.5,16.5,100,,,,,,,,,,,,,,,,,,,,,,,,,,,,,,,,,,,,
2023,1,4,2,0,16.9,16.9,100,,,,,,,,,,,,,,,,,,,,,,,,,,,,,,,,,,,,
2023,1,4,3,0,17.1,17.1,100,,,,,,,,,,,,,,,,,,,,,,,,,,,,,,,,,,,,
2023,1,4,4,0,17.2,17.2,99.98,,,,,,,,,,,,,,,,,,,,,,,,,,,,,,,,,,,,
2023,1,4,5,0,17.2,17.2,99.88,,,,,,,,,,,,,,,,,,,,,,,,,,,,,,,,,,,,
2023,1,4,6,0,17.1,17.1,100,,,,,,,,,,,,,,,,,,,,,,,,,,,,,,,,,,,,
2023,1,4,7,0,17.1,17.1,100,,,,,,,,,,,,,,,,,,,,,,,,,,,,,,,,,,,,
2023,1,4,8,0,17.1,17.1,100,,,,,,,,,,,,,,,,,,,,,,,,,,,,,,,,,,,,
2023,1,4,9,0,17.3,17.3,100,,,,,,,,,,,,,,,,,,,,,,,,,,,,,,,,,,,,
2023,1,4,10,0,17.5,17.5,100,,,,,,,,,,,,,,,,,,,,,,,,,,,,,,,,,,,,
2023,1,4,11,0,17.8,17.8,100,,,,,,,,,,,,,,,,,,,,,,,,,,,,,,,,,,,,
2023,1,4,12,0,18.1,18.1,100,,,,,,,,,,,,,,,,,,,,,,,,,,,,,,,,,,,,
2023,1,4,13,0,18.6,18.6,100,,,,,,,,,,,,,,,,,,,,,,,,,,,,,,,,,,,,
2023,1,4,14,0,19.1,19,99.61,,,,,,,,,,,,,,,,,,,,,,,,,,,,,,,,,,,,
2023,1,4,15,0,19.3,18.9,97.7,,,,,,,,,,,,,,,,,,,,,,,,,,,,,,,,,,,,
2023,1,4,16,0,19.4,18.6,95.19,,,,,,,,,,,,,,,,,,,,,,,,,,,,,,,,,,,,
2023,1,4,17,0,19.3,18.5,95.34,,,,,,,,,,,,,,,,,,,,,,,,,,,,,,,,,,,,
2023,1,4,18,0,19.2,18.5,95.9,,,,,,,,,,,,,,,,,,,,,,,,,,,,,,,,,,,,
2023,1,4,19,0,19.1,18.5,96.27,,,,,,,,,,,,,,,,,,,,,,,,,,,,,,,,,,,,
2023,1,4,20,0,18.8,18.4,97.77,,,,,,,,,,,,,,,,,,,,,,,,,,,,,,,,,,,,
2023,1,4,21,0,18.6,18.4,98.65,,,,,,,,,,,,,,,,,,,,,,,,,,,,,,,,,,,,
2023,1,4,22,0,18.3,18.3,99.89,,,,,,,,,,,,,,,,,,,,,,,,,,,,,,,,,,,,
2023,1,4,23,0,18.1,18.1,100,,,,,,,,,,,,,,,,,,,,,,,,,,,,,,,,,,,,
2023,1,5,0,0,18,18,100,,,,,,,,,,,,,,,,,,,,,,,,,,,,,,,,,,,,
2023,1,5,1,0,17.8,17.8,100,,,,,,,,,,,,,,,,,,,,,,,,,,,,,,,,,,,,
2023,1,5,2,0,17.7,17.7,100,,,,,,,,,,,,,,,,,,,,,,,,,,,,,,,,,,,,
2023,1,5,3,0,17.6,17.6,100,,,,,,,,,,,,,,,,,,,,,,,,,,,,,,,,,,,,
2023,1,5,4,0,17.4,17.4,100,,,,,,,,,,,,,,,,,,,,,,,,,,,,,,,,,,,,
2023,1,5,5,0,17.3,17.3,100,,,,,,,,,,,,,,,,,,,,,,,,,,,,,,,,,,,,
2023,1,5,6,0,17.1,17.1,99.92,,,,,,,,,,,,,,,,,,,,,,,,,,,,,,,,,,,,
2023,1,5,7,0,16.8,16.7,99.66,,,,,,,,,,,,,,,,,,,,,,,,,,,,,,,,,,,,
2023,1,5,8,0,16.2,16.2,100,,,,,,,,,,,,,,,,,,,,,,,,,,,,,,,,,,,,
2023,1,5,9,0,15.5,15.5,100,,,,,,,,,,,,,,,,,,,,,,,,,,,,,,,,,,,,
2023,1,5,10,0,14.8,14.8,100,,,,,,,,,,,,,,,,,,,,,,,,,,,,,,,,,,,,
2023,1,5,11,0,14.3,14.2,99.33,,,,,,,,,,,,,,,,,,,,,,,,,,,,,,,,,,,,
2023,1,5,12,0,14.1,13.8,98,,,,,,,,,,,,,,,,,,,,,,,,,,,,,,,,,,,,
2023,1,5,13,0,14.9,14.1,95.21,,,,,,,,,,,,,,,,,,,,,,,,,,,,,,,,,,,,
2023,1,5,14,0,15.4,14.2,92.61,,,,,,,,,,,,,,,,,,,,,,,,,,,,,,,,,,,,
2023,1,5,15,0,16.5,14.3,86.89,,,,,,,,,,,,,,,,,,,,,,,,,,,,,,,,,,,,
2023,1,5,16,0,18,12.7,71.38,,,,,,,,,,,,,,,,,,,,,,,,,,,,,,,,,,,,
2023,1,5,17,0,19,11,59.83,,,,,,,,,,,,,,,,,,,,,,,,,,,,,,,,,,,,
2023,1,5,18,0,19.3,10.6,57.12,,,,,,,,,,,,,,,,,,,,,,,,,,,,,,,,,,,,
2023,1,5,19,0,19.2,10.8,58.39,,,,,,,,,,,,,,,,,,,,,,,,,,,,,,,,,,,,
2023,1,5,20,0,18.9,11.6,62.67,,,,,,,,,,,,,,,,,,,,,,,,,,,,,,,,,,,,
2023,1,5,21,0,17.7,12.7,72.71,,,,,,,,,,,,,,,,,,,,,,,,,,,,,,,,,,,,
2023,1,5,22,0,15.7,12.6,81.57,,,,,,,,,,,,,,,,,,,,,,,,,,,,,,,,,,,,
2023,1,5,23,0,15.2,12.5,84,,,,,,,,,,,,,,,,,,,,,,,,,,,,,,,,,,,,
2023,1,6,0,0,15,12.6,85.59,,,,,,,,,,,,,,,,,,,,,,,,,,,,,,,,,,,,
2023,1,6,1,0,14.9,12.6,86.21,,,,,,,,,,,,,,,,,,,,,,,,,,,,,,,,,,,,
2023,1,6,2,0,14.3,12.4,88.48,,,,,,,,,,,,,,,,,,,,,,,,,,,,,,,,,,,,
2023,1,6,3,0,13.6,11.9,89.43,,,,,,,,,,,,,,,,,,,,,,,,,,,,,,,,,,,,
2023,1,6,4,0,12.9,11.2,89.44,,,,,,,,,,,,,,,,,,,,,,,,,,,,,,,,,,,,
2023,1,6,5,0,12.3,10.5,88.61,,,,,,,,,,,,,,,,,,,,,,,,,,,,,,,,,,,,
2023,1,6,6,0,11.8,9.8,87.72,,,,,,,,,,,,,,,,,,,,,,,,,,,,,,,,,,,,
2023,1,6,7,0,11.3,9.2,86.86,,,,,,,,,,,,,,,,,,,,,,,,,,,,,,,,,,,,
2023,1,6,8,0,10.8,8.5,85.72,,,,,,,,,,,,,,,,,,,,,,,,,,,,,,,,,,,,
2023,1,6,9,0,10.1,7.9,86.16,,,,,,,,,,,,,,,,,,,,,,,,,,,,,,,,,,,,
2023,1,6,10,0,9.2,7.4,88.78,,,,,,,,,,,,,,,,,,,,,,,,,,,,,,,,,,,,
2023,1,6,11,0,8.7,6.9,88.4,,,,,,,,,,,,,,,,,,,,,,,,,,,,,,,,,,,,
2023,1,6,12,0,8.6,6.5,86.88,,,,,,,,,,,,,,,,,,,,,,,,,,,,,,,,,,,,
2023,1,6,13,0,9.7,6.5,80.36,,,,,,,,,,,,,,,,,,,,,,,,,,,,,,,,,,,,
2023,1,6,14,0,11.4,6.4,71.4,,,,,,,,,,,,,,,,,,,,,,,,,,,,,,,,,,,,
2023,1,6,15,0,13.4,5,56.76,,,,,,,,,,,,,,,,,,,,,,,,,,,,,,,,,,,,
2023,1,6,16,0,14.5,4.3,50.35,,,,,,,,,,,,,,,,,,,,,,,,,,,,,,,,,,,,
2023,1,6,17,0,15.1,4.5,48.98,,,,,,,,,,,,,,,,,,,,,,,,,,,,,,,,,,,,
2023,1,6,18,0,15.5,4.9,49.15,,,,,,,,,,,,,,,,,,,,,,,,,,,,,,,,,,,,
2023,1,6,19,0,15.7,5.2,49.67,,,,,,,,,,,,,,,,,,,,,,,,,,,,,,,,,,,,
2023,1,6,20,0,15.5,5.7,52.15,,,,,,,,,,,,,,,,,,,,,,,,,,,,,,,,,,,,
2023,1,6,21,0,14.4,7.8,64.54,,,,,,,,,,,,,,,,,,,,,,,,,,,,,,,,,,,,
2023,1,6,22,0,12.4,7.4,71.76,,,,,,,,,,,,,,,,,,,,,,,,,,,,,,,,,,,,
2023,1,6,23,0,11.8,7.2,73.44,,,,,,,,,,,,,,,,,,,,,,,,,,,,,,,,,,,,
2023,1,7,0,0,11.3,7.2,75.74,,,,,,,,,,,,,,,,,,,,,,,,,,,,,,,,,,,,
2023,1,7,1,0,10.9,7.3,78.38,,,,,,,,,,,,,,,,,,,,,,,,,,,,,,,,,,,,
2023,1,7,2,0,10.7,7.5,80.58,,,,,,,,,,,,,,,,,,,,,,,,,,,,,,,,,,,,
2023,1,7,3,0,10.5,7.6,82.22,,,,,,,,,,,,,,,,,,,,,,,,,,,,,,,,,,,,
2023,1,7,4,0,10,7.4,83.94,,,,,,,,,,,,,,,,,,,,,,,,,,,,,,,,,,,,
2023,1,7,5,0,9.4,7.4,87.13,,,,,,,,,,,,,,,,,,,,,,,,,,,,,,,,,,,,
2023,1,7,6,0,8.9,7.2,89.39,,,,,,,,,,,,,,,,,,,,,,,,,,,,,,,,,,,,
2023,1,7,7,0,8.5,7.1,91.08,,,,,,,,,,,,,,,,,,,,,,,,,,,,,,,,,,,,
2023,1,7,8,0,8.1,7.1,93.46,,,,,,,,,,,,,,,,,,,,,,,,,,,,,,,,,,,,
2023,1,7,9,0,7.8,7,94.61,,,,,,,,,,,,,,,,,,,,,,,,,,,,,,,,,,,,
2023,1,7,10,0,7.6,6.7,94.11,,,,,,,,,,,,,,,,,,,,,,,,,,,,,,,,,,,,
2023,1,7,11,0,7.6,6.4,92.09,,,,,,,,,,,,,,,,,,,,,,,,,,,,,,,,,,,,
2023,1,7,12,0,7.8,6.2,89.55,,,,,,,,,,,,,,,,,,,,,,,,,,,,,,,,,,,,
2023,1,7,13,0,9.1,6.3,82.76,,,,,,,,,,,,,,,,,,,,,,,,,,,,,,,,,,,,
2023,1,7,14,0,10.6,6.7,76.72,,,,,,,,,,,,,,,,,,,,,,,,,,,,,,,,,,,,
2023,1,7,15,0,12.9,6.6,65.71,,,,,,,,,,,,,,,,,,,,,,,,,,,,,,,,,,,,
2023,1,7,16,0,14.8,6,55.53,,,,,,,,,,,,,,,,,,,,,,,,,,,,,,,,,,,,
2023,1,7,17,0,15.8,5.8,51.59,,,,,,,,,,,,,,,,,,,,,,,,,,,,,,,,,,,,
2023,1,7,18,0,16.2,5.7,49.91,,,,,,,,,,,,,,,,,,,,,,,,,,,,,,,,,,,,
2023,1,7,19,0,16.3,6,50.45,,,,,,,,,,,,,,,,,,,,,,,,,,,,,,,,,,,,
2023,1,7,20,0,16.3,6.7,52.88,,,,,,,,,,,,,,,,,,,,,,,,,,,,,,,,,,,,
2023,1,7,21,0,15.4,8.3,62.43,,,,,,,,,,,,,,,,,,,,,,,,,,,,,,,,,,,,
2023,1,7,22,0,14.2,7,61.92,,,,,,,,,,,,,,,,,,,,,,,,,,,,,,,,,,,,
2023,1,7,23,0,13.6,7.1,64.89,,,,,,,,,,,,,,,,,,,,,,,,,,,,,,,,,,,,
2023,1,8,0,0,13,7.4,68.94,,,,,,,,,,,,,,,,,,,,,,,,,,,,,,,,,,,,
2023,1,8,1,0,12.3,7.5,72.64,,,,,,,,,,,,,,,,,,,,,,,,,,,,,,,,,,,,
2023,1,8,2,0,11.6,7.7,76.91,,,,,,,,,,,,,,,,,,,,,,,,,,,,,,,,,,,,
2023,1,8,3,0,11,7.8,80.68,,,,,,,,,,,,,,,,,,,,,,,,,,,,,,,,,,,,
2023,1,8,4,0,10.3,7.9,85.31,,,,,,,,,,,,,,,,,,,,,,,,,,,,,,,,,,,,
2023,1,8,5,0,10,8.1,88.12,,,,,,,,,,,,,,,,,,,,,,,,,,,,,,,,,,,,
2023,1,8,6,0,9.6,8.2,91.05,,,,,,,,,,,,,,,,,,,,,,,,,,,,,,,,,,,,
2023,1,8,7,0,9.4,8.2,92.26,,,,,,,,,,,,,,,,,,,,,,,,,,,,,,,,,,,,
2023,1,8,8,0,9.2,8.2,93.27,,,,,,,,,,,,,,,,,,,,,,,,,,,,,,,,,,,,
2023,1,8,9,0,9.3,8.1,92.42,,,,,,,,,,,,,,,,,,,,,,,,,,,,,,,,,,,,
2023,1,8,10,0,9.4,8.2,92.15,,,,,,,,,,,,,,,,,,,,,,,,,,,,,,,,,,,,
2023,1,8,11,0,9.5,8.4,93.02,,,,,,,,,,,,,,,,,,,,,,,,,,,,,,,,,,,,
2023,1,8,12,0,10.1,8.8,91.43,,,,,,,,,,,,,,,,,,,,,,,,,,,,,,,,,,,,
2023,1,8,13,0,12.7,9.7,81.77,,,,,,,,,,,,,,,,,,,,,,,,,,,,,,,,,,,,
2023,1,8,14,0,14.5,10.2,75.53,,,,,,,,,,,,,,,,,,,,,,,,,,,,,,,,,,,,
2023,1,8,15,0,16.5,10.2,66.31,,,,,,,,,,,,,,,,,,,,,,,,,,,,,,,,,,,,
2023,1,8,16,0,17.7,10.1,61.05,,,,,,,,,,,,,,,,,,,,,,,,,,,,,,,,,,,,
2023,1,8,17,0,18.2,9.9,58.54,,,,,,,,,,,,,,,,,,,,,,,,,,,,,,,,,,,,
2023,1,8,18,0,18.2,10.1,59.36,,,,,,,,,,,,,,,,,,,,,,,,,,,,,,,,,,,,
2023,1,8,19,0,17.8,10.8,63.48,,,,,,,,,,,,,,,,,,,,,,,,,,,,,,,,,,,,
2023,1,8,20,0,17.2,12,71.47,,,,,,,,,,,,,,,,,,,,,,,,,,,,,,,,,,,,
2023,1,8,21,0,16.1,12.7,80.44,,,,,,,,,,,,,,,,,,,,,,,,,,,,,,,,,,,,
2023,1,8,22,0,15.9,11.8,76.58,,,,,,,,,,,,,,,,,,,,,,,,,,,,,,,,,,,,
2023,1,8,23,0,15.6,11.7,77.36,,,,,,,,,,,,,,,,,,,,,,,,,,,,,,,,,,,,
2023,1,9,0,0,14.9,11.8,81.79,,,,,,,,,,,,,,,,,,,,,,,,,,,,,,,,,,,,
2023,1,9,1,0,14.5,12.1,85.48,,,,,,,,,,,,,,,,,,,,,,,,,,,,,,,,,,,,
2023,1,9,2,0,14.1,12.2,88.52,,,,,,,,,,,,,,,,,,,,,,,,,,,,,,,,,,,,
2023,1,9,3,0,13.7,12.3,91.28,,,,,,,,,,,,,,,,,,,,,,,,,,,,,,,,,,,,
2023,1,9,4,0,13.6,12.3,91.96,,,,,,,,,,,,,,,,,,,,,,,,,,,,,,,,,,,,
2023,1,9,5,0,13.7,12.1,90.18,,,,,,,,,,,,,,,,,,,,,,,,,,,,,,,,,,,,
2023,1,9,6,0,13.4,11.8,90.3,,,,,,,,,,,,,,,,,,,,,,,,,,,,,,,,,,,,
2023,1,9,7,0,12.9,11.7,92.36,,,,,,,,,,,,,,,,,,,,,,,,,,,,,,,,,,,,
2023,1,9,8,0,12.2,11.5,95.36,,,,,,,,,,,,,,,,,,,,,,,,,,,,,,,,,,,,
2023,1,9,9,0,11.8,11.3,96.54,,,,,,,,,,,,,,,,,,,,,,,,,,,,,,,,,,,,
2023,1,9,10,0,11.5,11,96.97,,,,,,,,,,,,,,,,,,,,,,,,,,,,,,,,,,,,
2023,1,9,11,0,11.2,10.7,96.99,,,,,,,,,,,,,,,,,,,,,,,,,,,,,,,,,,,,
2023,1,9,12,0,11.2,10.6,95.87,,,,,,,,,,,,,,,,,,,,,,,,,,,,,,,,,,,,
2023,1,9,13,0,12,10.7,91.78,,,,,,,,,,,,,,,,,,,,,,,,,,,,,,,,,,,,
2023,1,9,14,0,13.1,10.9,86.6,,,,,,,,,,,,,,,,,,,,,,,,,,,,,,,,,,,,
2023,1,9,15,0,14.1,11.1,82.1,,,,,,,,,,,,,,,,,,,,,,,,,,,,,,,,,,,,
2023,1,9,16,0,14.5,10.8,78.42,,,,,,,,,,,,,,,,,,,,,,,,,,,,,,,,,,,,
2023,1,9,17,0,15,10.2,73.07,,,,,,,,,,,,,,,,,,,,,,,,,,,,,,,,,,,,
2023,1,9,18,0,15.5,9.7,68.2,,,,,,,,,,,,,,,,,,,,,,,,,,,,,,,,,,,,
2023,1,9,19,0,15.7,9.1,64.83,,,,,,,,,,,,,,,,,,,,,,,,,,,,,,,,,,,,
2023,1,9,20,0,15.5,8.7,63.86,,,,,,,,,,,,,,,,,,,,,,,,,,,,,,,,,,,,
2023,1,9,21,0,14.6,9.1,69.77,,,,,,,,,,,,,,,,,,,,,,,,,,,,,,,,,,,,
2023,1,9,22,0,12.4,8.6,77.45,,,,,,,,,,,,,,,,,,,,,,,,,,,,,,,,,,,,
2023,1,9,23,0,11.6,8.1,78.86,,,,,,,,,,,,,,,,,,,,,,,,,,,,,,,,,,,,
2023,1,10,0,0,11.1,7.8,80.2,,,,,,,,,,,,,,,,,,,,,,,,,,,,,,,,,,,,
2023,1,10,1,0,10.6,7.6,81.59,,,,,,,,,,,,,,,,,,,,,,,,,,,,,,,,,,,,
2023,1,10,2,0,10.3,7.4,82.05,,,,,,,,,,,,,,,,,,,,,,,,,,,,,,,,,,,,
2023,1,10,3,0,10.1,7.2,81.97,,,,,,,,,,,,,,,,,,,,,,,,,,,,,,,,,,,,
2023,1,10,4,0,9.9,6.9,81.77,,,,,,,,,,,,,,,,,,,,,,,,,,,,,,,,,,,,
2023,1,10,5,0,9.8,6.7,81.12,,,,,,,,,,,,,,,,,,,,,,,,,,,,,,,,,,,,
2023,1,10,6,0,9.8,6.5,80.12,,,,,,,,,,,,,,,,,,,,,,,,,,,,,,,,,,,,
2023,1,10,7,0,9.7,6.5,80.21,,,,,,,,,,,,,,,,,,,,,,,,,,,,,,,,,,,,
2023,1,10,8,0,9.7,6.4,79.92,,,,,,,,,,,,,,,,,,,,,,,,,,,,,,,,,,,,
2023,1,10,9,0,10,6,76.43,,,,,,,,,,,,,,,,,,,,,,,,,,,,,,,,,,,,
2023,1,10,10,0,10.1,5.9,75.09,,,,,,,,,,,,,,,,,,,,,,,,,,,,,,,,,,,,
2023,1,10,11,0,10.2,5.9,74.59,,,,,,,,,,,,,,,,,,,,,,,,,,,,,,,,,,,,
2023,1,10,12,0,10.4,6,73.99,,,,,,,,,,,,,,,,,,,,,,,,,,,,,,,,,,,,
2023,1,10,13,0,11.1,6.6,73.78,,,,,,,,,,,,,,,,,,,,,,,,,,,,,,,,,,,,
2023,1,10,14,0,12.5,6.8,68.08,,,,,,,,,,,,,,,,,,,,,,,,,,,,,,,,,,,,
2023,1,10,15,0,14.4,6.4,58.7,,,,,,,,,,,,,,,,,,,,,,,,,,,,,,,,,,,,
2023,1,10,16,0,15.3,6.9,57.37,,,,,,,,,,,,,,,,,,,,,,,,,,,,,,,,,,,,
2023,1,10,17,0,15.9,7.4,57.03,,,,,,,,,,,,,,,,,,,,,,,,,,,,,,,,,,,,
2023,1,10,18,0,16.2,7.5,56.3,,,,,,,,,,,,,,,,,,,,,,,,,,,,,,,,,,,,
2023,1,10,19,0,16.3,7.4,55.54,,,,,,,,,,,,,,,,,,,,,,,,,,,,,,,,,,,,
2023,1,10,20,0,16.1,7.5,56.85,,,,,,,,,,,,,,,,,,,,,,,,,,,,,,,,,,,,
2023,1,10,21,0,15,9.3,68.71,,,,,,,,,,,,,,,,,,,,,,,,,,,,,,,,,,,,
2023,1,10,22,0,13.2,8.4,72.57,,,,,,,,,,,,,,,,,,,,,,,,,,,,,,,,,,,,
2023,1,10,23,0,12.4,8.2,75.79,,,,,,,,,,,,,,,,,,,,,,,,,,,,,,,,,,,,
2023,1,11,0,0,11.8,8.3,79.3,,,,,,,,,,,,,,,,,,,,,,,,,,,,,,,,,,,,
2023,1,11,1,0,11.4,8.4,81.95,,,,,,,,,,,,,,,,,,,,,,,,,,,,,,,,,,,,
2023,1,11,2,0,10.9,8.5,85.12,,,,,,,,,,,,,,,,,,,,,,,,,,,,,,,,,,,,
2023,1,11,3,0,10.5,8.4,87.11,,,,,,,,,,,,,,,,,,,,,,,,,,,,,,,,,,,,
2023,1,11,4,0,10.5,8.4,86.66,,,,,,,,,,,,,,,,,,,,,,,,,,,,,,,,,,,,
2023,1,11,5,0,10.7,8.3,84.87,,,,,,,,,,,,,,,,,,,,,,,,,,,,,,,,,,,,
2023,1,11,6,0,10.3,8.1,86.01,,,,,,,,,,,,,,,,,,,,,,,,,,,,,,,,,,,,
2023,1,11,7,0,9.9,7.9,87.27,,,,,,,,,,,,,,,,,,,,,,,,,,,,,,,,,,,,
2023,1,11,8,0,9.7,7.8,87.69,,,,,,,,,,,,,,,,,,,,,,,,,,,,,,,,,,,,
2023,1,11,9,0,9.3,7.6,89.21,,,,,,,,,,,,,,,,,,,,,,,,,,,,,,,,,,,,
2023,1,11,10,0,8.7,7.4,91.41,,,,,,,,,,,,,,,,,,,,,,,,,,,,,,,,,,,,
2023,1,11,11,0,8.3,7.2,92.55,,,,,,,,,,,,,,,,,,,,,,,,,,,,,,,,,,,,
2023,1,11,12,0,8.3,7.1,92.22,,,,,,,,,,,,,,,,,,,,,,,,,,,,,,,,,,,,
2023,1,11,13,0,10.2,7.5,83.22,,,,,,,,,,,,,,,,,,,,,,,,,,,,,,,,,,,,
2023,1,11,14,0,11.8,7.8,76.35,,,,,,,,,,,,,,,,,,,,,,,,,,,,,,,,,,,,
2023,1,11,15,0,14.1,8.3,67.89,,,,,,,,,,,,,,,,,,,,,,,,,,,,,,,,,,,,
2023,1,11,16,0,16.4,7.6,55.82,,,,,,,,,,,,,,,,,,,,,,,,,,,,,,,,,,,,
2023,1,11,17,0,17.3,7.3,51.98,,,,,,,,,,,,,,,,,,,,,,,,,,,,,,,,,,,,
2023,1,11,18,0,17.7,7.4,51.03,,,,,,,,,,,,,,,,,,,,,,,,,,,,,,,,,,,,
2023,1,11,19,0,17.7,7.8,52.34,,,,,,,,,,,,,,,,,,,,,,,,,,,,,,,,,,,,
2023,1,11,20,0,17.3,8.7,56.82,,,,,,,,,,,,,,,,,,,,,,,,,,,,,,,,,,,,
2023,1,11,21,0,15.9,10.5,70.3,,,,,,,,,,,,,,,,,,,,,,,,,,,,,,,,,,,,
2023,1,11,22,0,13.8,9.9,77.26,,,,,,,,,,,,,,,,,,,,,,,,,,,,,,,,,,,,
2023,1,11,23,0,13.4,9.9,79.46,,,,,,,,,,,,,,,,,,,,,,,,,,,,,,,,,,,,
2023,1,12,0,0,13.4,10.2,80.86,,,,,,,,,,,,,,,,,,,,,,,,,,,,,,,,,,,,
2023,1,12,1,0,13.4,10.5,82.78,,,,,,,,,,,,,,,,,,,,,,,,,,,,,,,,,,,,
2023,1,12,2,0,13.3,10.9,85.27,,,,,,,,,,,,,,,,,,,,,,,,,,,,,,,,,,,,
2023,1,12,3,0,13.3,11.2,87.25,,,,,,,,,,,,,,,,,,,,,,,,,,,,,,,,,,,,
2023,1,12,4,0,13.5,11.6,88.14,,,,,,,,,,,,,,,,,,,,,,,,,,,,,,,,,,,,
2023,1,12,5,0,14,11.9,86.9,,,,,,,,,,,,,,,,,,,,,,,,,,,,,,,,,,,,
2023,1,12,6,0,14.5,12.2,86.2,,,,,,,,,,,,,,,,,,,,,,,,,,,,,,,,,,,,
2023,1,12,7,0,14.9,12.7,86.44,,,,,,,,,,,,,,,,,,,,,,,,,,,,,,,,,,,,
2023,1,12,8,0,15.1,13.1,87.8,,,,,,,,,,,,,,,,,,,,,,,,,,,,,,,,,,,,
2023,1,12,9,0,15.4,13.5,88.23,,,,,,,,,,,,,,,,,,,,,,,,,,,,,,,,,,,,
2023,1,12,10,0,15.4,13.8,90.16,,,,,,,,,,,,,,,,,,,,,,,,,,,,,,,,,,,,
2023,1,12,11,0,15.2,14.1,93.06,,,,,,,,,,,,,,,,,,,,,,,,,,,,,,,,,,,,
2023,1,12,12,0,15.1,14.3,94.83,,,,,,,,,,,,,,,,,,,,,,,,,,,,,,,,,,,,
2023,1,12,13,0,16.1,14.5,90.05,,,,,,,,,,,,,,,,,,,,,,,,,,,,,,,,,,,,
2023,1,12,14,0,17.4,14.5,83.13,,,,,,,,,,,,,,,,,,,,,,,,,,,,,,,,,,,,
2023,1,12,15,0,18.7,14.3,75.42,,,,,,,,,,,,,,,,,,,,,,,,,,,,,,,,,,,,
2023,1,12,16,0,19.6,13.9,69.78,,,,,,,,,,,,,,,,,,,,,,,,,,,,,,,,,,,,
2023,1,12,17,0,20.1,13.9,67.35,,,,,,,,,,,,,,,,,,,,,,,,,,,,,,,,,,,,
2023,1,12,18,0,20.3,13.8,66.41,,,,,,,,,,,,,,,,,,,,,,,,,,,,,,,,,,,,
2023,1,12,19,0,20.2,13.7,66.34,,,,,,,,,,,,,,,,,,,,,,,,,,,,,,,,,,,,
2023,1,12,20,0,19.6,13.8,69.04,,,,,,,,,,,,,,,,,,,,,,,,,,,,,,,,,,,,
2023,1,12,21,0,18.6,14.2,75.73,,,,,,,,,,,,,,,,,,,,,,,,,,,,,,,,,,,,
2023,1,12,22,0,17.4,14.6,83.76,,,,,,,,,,,,,,,,,,,,,,,,,,,,,,,,,,,,
2023,1,12,23,0,17.1,15,87.6,,,,,,,,,,,,,,,,,,,,,,,,,,,,,,,,,,,,
2023,1,13,0,0,17.1,15.4,89.86,,,,,,,,,,,,,,,,,,,,,,,,,,,,,,,,,,,,
2023,1,13,1,0,17.1,15.7,91.21,,,,,,,,,,,,,,,,,,,,,,,,,,,,,,,,,,,,
2023,1,13,2,0,17.1,15.6,91.06,,,,,,,,,,,,,,,,,,,,,,,,,,,,,,,,,,,,
2023,1,13,3,0,17.1,15.3,89.34,,,,,,,,,,,,,,,,,,,,,,,,,,,,,,,,,,,,
2023,1,13,4,0,17.1,14.8,86.08,,,,,,,,,,,,,,,,,,,,,,,,,,,,,,,,,,,,
2023,1,13,5,0,17,14.1,82.8,,,,,,,,,,,,,,,,,,,,,,,,,,,,,,,,,,,,
2023,1,13,6,0,16.9,13.3,79.43,,,,,,,,,,,,,,,,,,,,,,,,,,,,,,,,,,,,
2023,1,13,7,0,16.7,12.8,77.92,,,,,,,,,,,,,,,,,,,,,,,,,,,,,,,,,,,,
2023,1,13,8,0,16,12.9,82.01,,,,,,,,,,,,,,,,,,,,,,,,,,,,,,,,,,,,
2023,1,13,9,0,15.1,13.3,89.04,,,,,,,,,,,,,,,,,,,,,,,,,,,,,,,,,,,,
2023,1,13,10,0,14.1,13.3,94.81,,,,,,,,,,,,,,,,,,,,,,,,,,,,,,,,,,,,
2023,1,13,11,0,13,12.8,98.61,,,,,,,,,,,,,,,,,,,,,,,,,,,,,,,,,,,,
2023,1,13,12,0,13.1,12.5,96.12,,,,,,,,,,,,,,,,,,,,,,,,,,,,,,,,,,,,
2023,1,13,13,0,13.3,12.2,93.15,,,,,,,,,,,,,,,,,,,,,,,,,,,,,,,,,,,,
2023,1,13,14,0,13.3,11.8,90.87,,,,,,,,,,,,,,,,,,,,,,,,,,,,,,,,,,,,
2023,1,13,15,0,14.1,11.4,83.57,,,,,,,,,,,,,,,,,,,,,,,,,,,,,,,,,,,,
2023,1,13,16,0,15.3,10.3,72.28,,,,,,,,,,,,,,,,,,,,,,,,,,,,,,,,,,,,
2023,1,13,17,0,15.9,9.4,65.36,,,,,,,,,,,,,,,,,,,,,,,,,,,,,,,,,,,,
2023,1,13,18,0,15.9,8.8,62.68,,,,,,,,,,,,,,,,,,,,,,,,,,,,,,,,,,,,
2023,1,13,19,0,15.5,8.3,62.23,,,,,,,,,,,,,,,,,,,,,,,,,,,,,,,,,,,,
2023,1,13,20,0,14.9,8,63.49,,,,,,,,,,,,,,,,,,,,,,,,,,,,,,,,,,,,
2023,1,13,21,0,14.2,7.9,65.85,,,,,,,,,,,,,,,,,,,,,,,,,,,,,,,,,,,,
2023,1,13,22,0,13.1,7.9,70.56,,,,,,,,,,,,,,,,,,,,,,,,,,,,,,,,,,,,
2023,1,13,23,0,12.3,7.9,74.43,,,,,,,,,,,,,,,,,,,,,,,,,,,,,,,,,,,,
2023,1,14,0,0,11.4,7.9,79.16,,,,,,,,,,,,,,,,,,,,,,,,,,,,,,,,,,,,
2023,1,14,1,0,10.6,7.8,82.9,,,,,,,,,,,,,,,,,,,,,,,,,,,,,,,,,,,,
2023,1,14,2,0,9.8,7.5,85.6,,,,,,,,,,,,,,,,,,,,,,,,,,,,,,,,,,,,
2023,1,14,3,0,9.1,6.9,86.12,,,,,,,,,,,,,,,,,,,,,,,,,,,,,,,,,,,,
2023,1,14,4,0,8.6,6.1,84.41,,,,,,,,,,,,,,,,,,,,,,,,,,,,,,,,,,,,
2023,1,14,5,0,8,5.3,83.33,,,,,,,,,,,,,,,,,,,,,,,,,,,,,,,,,,,,
2023,1,14,6,0,7.6,4.5,80.89,,,,,,,,,,,,,,,,,,,,,,,,,,,,,,,,,,,,
2023,1,14,7,0,7.2,3.8,78.72,,,,,,,,,,,,,,,,,,,,,,,,,,,,,,,,,,,,
2023,1,14,8,0,6.7,3,77.52,,,,,,,,,,,,,,,,,,,,,,,,,,,,,,,,,,,,
2023,1,14,9,0,6.1,2.5,77.66,,,,,,,,,,,,,,,,,,,,,,,,,,,,,,,,,,,,
2023,1,14,10,0,5.6,2.1,78.15,,,,,,,,,,,,,,,,,,,,,,,,,,,,,,,,,,,,
2023,1,14,11,0,5.1,1.8,79.13,,,,,,,,,,,,,,,,,,,,,,,,,,,,,,,,,,,,
2023,1,14,12,0,4.9,1.5,78.52,,,,,,,,,,,,,,,,,,,,,,,,,,,,,,,,,,,,
2023,1,14,13,0,5.5,1.1,73.34,,,,,,,,,,,,,,,,,,,,,,,,,,,,,,,,,,,,
2023,1,14,14,0,6.3,0.4,66,,,,,,,,,,,,,,,,,,,,,,,,,,,,,,,,,,,,
2023,1,14,15,0,7.2,0,60.38,,,,,,,,,,,,,,,,,,,,,,,,,,,,,,,,,,,,
2023,1,14,16,0,8,0.1,57.44,,,,,,,,,,,,,,,,,,,,,,,,,,,,,,,,,,,,
2023,1,14,17,0,8.7,0.3,55.38,,,,,,,,,,,,,,,,,,,,,,,,,,,,,,,,,,,,
2023,1,14,18,0,9.2,0.4,54.23,,,,,,,,,,,,,,,,,,,,,,,,,,,,,,,,,,,,
2023,1,14,19,0,9.5,0.6,53.87,,,,,,,,,,,,,,,,,,,,,,,,,,,,,,,,,,,,
2023,1,14,20,0,9.6,0.8,54.34,,,,,,,,,,,,,,,,,,,,,,,,,,,,,,,,,,,,
2023,1,14,21,0,9.4,1.1,56.03,,,,,,,,,,,,,,,,,,,,,,,,,,,,,,,,,,,,
2023,1,14,22,0,8.3,1.6,62.88,,,,,,,,,,,,,,,,,,,,,,,,,,,,,,,,,,,,
2023,1,14,23,0,7.8,2,66.69,,,,,,,,,,,,,,,,,,,,,,,,,,,,,,,,,,,,
2023,1,15,0,0,7.4,2.2,69.82,,,,,,,,,,,,,,,,,,,,,,,,,,,,,,,,,,,,
2023,1,15,1,0,7.1,2.4,72.08,,,,,,,,,,,,,,,,,,,,,,,,,,,,,,,,,,,,
2023,1,15,2,0,6.7,2.4,74.26,,,,,,,,,,,,,,,,,,,,,,,,,,,,,,,,,,,,
2023,1,15,3,0,6.1,2.3,76.78,,,,,,,,,,,,,,,,,,,,,,,,,,,,,,,,,,,,
2023,1,15,4,0,5.6,2.1,78.08,,,,,,,,,,,,,,,,,,,,,,,,,,,,,,,,,,,,
2023,1,15,5,0,5,1.6,78.75,,,,,,,,,,,,,,,,,,,,,,,,,,,,,,,,,,,,
2023,1,15,6,0,4.3,1.2,80.44,,,,,,,,,,,,,,,,,,,,,,,,,,,,,,,,,,,,
2023,1,15,7,0,3.6,0.8,81.86,,,,,,,,,,,,,,,,,,,,,,,,,,,,,,,,,,,,
2023,1,15,8,0,2.9,0.6,84.85,,,,,,,,,,,,,,,,,,,,,,,,,,,,,,,,,,,,
2023,1,15,9,0,2.5,0.5,86.49,,,,,,,,,,,,,,,,,,,,,,,,,,,,,,,,,,,,
2023,1,15,10,0,2,0.3,88.75,,,,,,,,,,,,,,,,,,,,,,,,,,,,,,,,,,,,
2023,1,15,11,0,1.7,0.2,89.63,,,,,,,,,,,,,,,,,,,,,,,,,,,,,,,,,,,,
2023,1,15,12,0,1.7,0,88.73,,,,,,,,,,,,,,,,,,,,,,,,,,,,,,,,,,,,
2023,1,15,13,0,3.1,-0.2,78.67,,,,,,,,,,,,,,,,,,,,,,,,,,,,,,,,,,,,
2023,1,15,14,0,5,-1.1,64.67,,,,,,,,,,,,,,,,,,,,,,,,,,,,,,,,,,,,
2023,1,15,15,0,6.8,-1.6,55.03,,,,,,,,,,,,,,,,,,,,,,,,,,,,,,,,,,,,
2023,1,15,16,0,8.3,-1.6,49.65,,,,,,,,,,,,,,,,,,,,,,,,,,,,,,,,,,,,
2023,1,15,17,0,9.6,-1.4,46.25,,,,,,,,,,,,,,,,,,,,,,,,,,,,,,,,,,,,
2023,1,15,18,0,10.6,-1.2,44.02,,,,,,,,,,,,,,,,,,,,,,,,,,,,,,,,,,,,
2023,1,15,19,0,11.3,-1,42.64,,,,,,,,,,,,,,,,,,,,,,,,,,,,,,,,,,,,
2023,1,15,20,0,11.6,-0.5,43.15,,,,,,,,,,,,,,,,,,,,,,,,,,,,,,,,,,,,
2023,1,15,21,0,10.8,1.8,53.93,,,,,,,,,,,,,,,,,,,,,,,,,,,,,,,,,,,,
2023,1,15,22,0,8.8,1.7,61,,,,,,,,,,,,,,,,,,,,,,,,,,,,,,,,,,,,
2023,1,15,23,0,8.2,1.4,62.32,,,,,,,,,,,,,,,,,,,,,,,,,,,,,,,,,,,,
2023,1,16,0,0,7.9,1.4,63.58,,,,,,,,,,,,,,,,,,,,,,,,,,,,,,,,,,,,
2023,1,16,1,0,7.5,1.4,65.09,,,,,,,,,,,,,,,,,,,,,,,,,,,,,,,,,,,,
2023,1,16,2,0,7.1,1.3,66.46,,,,,,,,,,,,,,,,,,,,,,,,,,,,,,,,,,,,
2023,1,16,3,0,6.6,1.2,68.59,,,,,,,,,,,,,,,,,,,,,,,,,,,,,,,,,,,,
2023,1,16,4,0,6.1,1.2,71.03,,,,,,,,,,,,,,,,,,,,,,,,,,,,,,,,,,,,
2023,1,16,5,0,5.6,1.2,73.51,,,,,,,,,,,,,,,,,,,,,,,,,,,,,,,,,,,,
2023,1,16,6,0,5.3,1.2,75.08,,,,,,,,,,,,,,,,,,,,,,,,,,,,,,,,,,,,
2023,1,16,7,0,4.9,1.3,77.6,,,,,,,,,,,,,,,,,,,,,,,,,,,,,,,,,,,,
2023,1,16,8,0,4.6,1.5,80.02,,,,,,,,,,,,,,,,,,,,,,,,,,,,,,,,,,,,
2023,1,16,9,0,4.4,1.6,82,,,,,,,,,,,,,,,,,,,,,,,,,,,,,,,,,,,,
2023,1,16,10,0,4.2,1.6,83.44,,,,,,,,,,,,,,,,,,,,,,,,,,,,,,,,,,,,
2023,1,16,11,0,4.2,1.5,82.76,,,,,,,,,,,,,,,,,,,,,,,,,,,,,,,,,,,,
2023,1,16,12,0,4.7,1.4,79.21,,,,,,,,,,,,,,,,,,,,,,,,,,,,,,,,,,,,
2023,1,16,13,0,6.9,1.7,69.65,,,,,,,,,,,,,,,,,,,,,,,,,,,,,,,,,,,,
2023,1,16,14,0,8.8,1.5,60.16,,,,,,,,,,,,,,,,,,,,,,,,,,,,,,,,,,,,
2023,1,16,15,0,11.2,1.3,50.66,,,,,,,,,,,,,,,,,,,,,,,,,,,,,,,,,,,,
2023,1,16,16,0,13.4,0.9,42.43,,,,,,,,,,,,,,,,,,,,,,,,,,,,,,,,,,,,
2023,1,16,17,0,14.5,1.3,40.7,,,,,,,,,,,,,,,,,,,,,,,,,,,,,,,,,,,,
2023,1,16,18,0,15.1,1.4,39.37,,,,,,,,,,,,,,,,,,,,,,,,,,,,,,,,,,,,
2023,1,16,19,0,14.9,1.8,41.02,,,,,,,,,,,,,,,,,,,,,,,,,,,,,,,,,,,,
2023,1,16,20,0,14.7,2.9,45.08,,,,,,,,,,,,,,,,,,,,,,,,,,,,,,,,,,,,
2023,1,16,21,0,13.3,5.8,60.25,,,,,,,,,,,,,,,,,,,,,,,,,,,,,,,,,,,,
2023,1,16,22,0,11.9,5.4,64.28,,,,,,,,,,,,,,,,,,,,,,,,,,,,,,,,,,,,
2023,1,16,23,0,11.3,5.3,66.35,,,,,,,,,,,,,,,,,,,,,,,,,,,,,,,,,,,,
2023,1,17,0,0,10.7,5.1,68.43,,,,,,,,,,,,,,,,,,,,,,,,,,,,,,,,,,,,
2023,1,17,1,0,10.6,5.5,70.79,,,,,,,,,,,,,,,,,,,,,,,,,,,,,,,,,,,,
2023,1,17,2,0,10.4,5.9,73.78,,,,,,,,,,,,,,,,,,,,,,,,,,,,,,,,,,,,
2023,1,17,3,0,10.5,6.4,75.66,,,,,,,,,,,,,,,,,,,,,,,,,,,,,,,,,,,,
2023,1,17,4,0,10.7,6.8,76.95,,,,,,,,,,,,,,,,,,,,,,,,,,,,,,,,,,,,
2023,1,17,5,0,10.7,7.2,79.05,,,,,,,,,,,,,,,,,,,,,,,,,,,,,,,,,,,,
2023,1,17,6,0,10.4,7.6,83.05,,,,,,,,,,,,,,,,,,,,,,,,,,,,,,,,,,,,
2023,1,17,7,0,10.3,8.1,86.16,,,,,,,,,,,,,,,,,,,,,,,,,,,,,,,,,,,,
2023,1,17,8,0,10.5,8.5,87.43,,,,,,,,,,,,,,,,,,,,,,,,,,,,,,,,,,,,
2023,1,17,9,0,10.5,8.8,89.34,,,,,,,,,,,,,,,,,,,,,,,,,,,,,,,,,,,,
2023,1,17,10,0,10.6,9.1,90.14,,,,,,,,,,,,,,,,,,,,,,,,,,,,,,,,,,,,
2023,1,17,11,0,10.6,9.2,91.05,,,,,,,,,,,,,,,,,,,,,,,,,,,,,,,,,,,,
2023,1,17,12,0,10.9,9.3,90.12,,,,,,,,,,,,,,,,,,,,,,,,,,,,,,,,,,,,
2023,1,17,13,0,12.3,9.7,83.88,,,,,,,,,,,,,,,,,,,,,,,,,,,,,,,,,,,,
2023,1,17,14,0,14,10.1,77.3,,,,,,,,,,,,,,,,,,,,,,,,,,,,,,,,,,,,
2023,1,17,15,0,15.8,9.3,65.46,,,,,,,,,,,,,,,,,,,,,,,,,,,,,,,,,,,,
2023,1,17,16,0,17,9,59.14,,,,,,,,,,,,,,,,,,,,,,,,,,,,,,,,,,,,
2023,1,17,17,0,17.8,9.7,59.02,,,,,,,,,,,,,,,,,,,,,,,,,,,,,,,,,,,,
2023,1,17,18,0,18.3,10.6,60.95,,,,,,,,,,,,,,,,,,,,,,,,,,,,,,,,,,,,
2023,1,17,19,0,18.6,11.5,63.24,,,,,,,,,,,,,,,,,,,,,,,,,,,,,,,,,,,,
2023,1,17,20,0,18.5,12.2,66.8,,,,,,,,,,,,,,,,,,,,,,,,,,,,,,,,,,,,
2023,1,17,21,0,17.4,13,75.49,,,,,,,,,,,,,,,,,,,,,,,,,,,,,,,,,,,,
2023,1,17,22,0,16,13.1,82.93,,,,,,,,,,,,,,,,,,,,,,,,,,,,,,,,,,,,
2023,1,17,23,0,15.8,13.3,84.88,,,,,,,,,,,,,,,,,,,,,,,,,,,,,,,,,,,,
2023,1,18,0,0,15.6,13.4,86.98,,,,,,,,,,,,,,,,,,,,,,,,,,,,,,,,,,,,
2023,1,18,1,0,15.4,13.5,88.51,,,,,,,,,,,,,,,,,,,,,,,,,,,,,,,,,,,,
2023,1,18,2,0,15.2,13.6,90.19,,,,,,,,,,,,,,,,,,,,,,,,,,,,,,,,,,,,
2023,1,18,3,0,15,13.7,91.77,,,,,,,,,,,,,,,,,,,,,,,,,,,,,,,,,,,,
2023,1,18,4,0,14.7,13.7,94.02,,,,,,,,,,,,,,,,,,,,,,,,,,,,,,,,,,,,
2023,1,18,5,0,14.6,13.9,95.88,,,,,,,,,,,,,,,,,,,,,,,,,,,,,,,,,,,,
2023,1,18,6,0,14.5,14,97.04,,,,,,,,,,,,,,,,,,,,,,,,,,,,,,,,,,,,
2023,1,18,7,0,14.2,14,98.54,,,,,,,,,,,,,,,,,,,,,,,,,,,,,,,,,,,,
2023,1,18,8,0,13.7,13.7,99.95,,,,,,,,,,,,,,,,,,,,,,,,,,,,,,,,,,,,
2023,1,18,9,0,13.4,13.4,100,,,,,,,,,,,,,,,,,,,,,,,,,,,,,,,,,,,,
2023,1,18,10,0,13.3,13.3,100,,,,,,,,,,,,,,,,,,,,,,,,,,,,,,,,,,,,
2023,1,18,11,0,13.2,13.2,100,,,,,,,,,,,,,,,,,,,,,,,,,,,,,,,,,,,,
2023,1,18,12,0,13.2,13.2,100,,,,,,,,,,,,,,,,,,,,,,,,,,,,,,,,,,,,
2023,1,18,13,0,14.5,14.1,97.18,,,,,,,,,,,,,,,,,,,,,,,,,,,,,,,,,,,,
2023,1,18,14,0,15.6,14.7,94.66,,,,,,,,,,,,,,,,,,,,,,,,,,,,,,,,,,,,
2023,1,18,15,0,17.1,15.2,88.87,,,,,,,,,,,,,,,,,,,,,,,,,,,,,,,,,,,,
2023,1,18,16,0,18.1,15.1,82.47,,,,,,,,,,,,,,,,,,,,,,,,,,,,,,,,,,,,
2023,1,18,17,0,18.7,14.8,78.03,,,,,,,,,,,,,,,,,,,,,,,,,,,,,,,,,,,,
2023,1,18,18,0,19.3,14.6,74.43,,,,,,,,,,,,,,,,,,,,,,,,,,,,,,,,,,,,
2023,1,18,19,0,19.5,14.6,73.26,,,,,,,,,,,,,,,,,,,,,,,,,,,,,,,,,,,,
2023,1,18,20,0,19.3,14.7,74.91,,,,,,,,,,,,,,,,,,,,,,,,,,,,,,,,,,,,
2023,1,18,21,0,18.5,15.7,83.73,,,,,,,,,,,,,,,,,,,,,,,,,,,,,,,,,,,,
2023,1,18,22,0,17.1,14.8,86.14,,,,,,,,,,,,,,,,,,,,,,,,,,,,,,,,,,,,
2023,1,18,23,0,16.1,14.7,91.36,,,,,,,,,,,,,,,,,,,,,,,,,,,,,,,,,,,,
2023,1,19,0,0,15.3,15,98.15,,,,,,,,,,,,,,,,,,,,,,,,,,,,,,,,,,,,
2023,1,19,1,0,15.3,15.3,100,,,,,,,,,,,,,,,,,,,,,,,,,,,,,,,,,,,,
2023,1,19,2,0,15.6,15.6,100,,,,,,,,,,,,,,,,,,,,,,,,,,,,,,,,,,,,
2023,1,19,3,0,15.6,15.6,100,,,,,,,,,,,,,,,,,,,,,,,,,,,,,,,,,,,,
2023,1,19,4,0,15.5,15.5,100,,,,,,,,,,,,,,,,,,,,,,,,,,,,,,,,,,,,
2023,1,19,5,0,15.5,15.5,100,,,,,,,,,,,,,,,,,,,,,,,,,,,,,,,,,,,,
2023,1,19,6,0,15.4,15.4,100,,,,,,,,,,,,,,,,,,,,,,,,,,,,,,,,,,,,
2023,1,19,7,0,15.4,15.4,100,,,,,,,,,,,,,,,,,,,,,,,,,,,,,,,,,,,,
2023,1,19,8,0,15.3,15.3,100,,,,,,,,,,,,,,,,,,,,,,,,,,,,,,,,,,,,
2023,1,19,9,0,15.2,15.2,100,,,,,,,,,,,,,,,,,,,,,,,,,,,,,,,,,,,,
2023,1,19,10,0,14.6,14.6,100,,,,,,,,,,,,,,,,,,,,,,,,,,,,,,,,,,,,
2023,1,19,11,0,14.4,14.4,100,,,,,,,,,,,,,,,,,,,,,,,,,,,,,,,,,,,,
2023,1,19,12,0,14.6,14.6,100,,,,,,,,,,,,,,,,,,,,,,,,,,,,,,,,,,,,
2023,1,19,13,0,15.8,15.2,95.93,,,,,,,,,,,,,,,,,,,,,,,,,,,,,,,,,,,,
2023,1,19,14,0,17.2,15.5,89.95,,,,,,,,,,,,,,,,,,,,,,,,,,,,,,,,,,,,
2023,1,19,15,0,18.7,15.7,82.49,,,,,,,,,,,,,,,,,,,,,,,,,,,,,,,,,,,,
2023,1,19,16,0,19.9,15.5,75.94,,,,,,,,,,,,,,,,,,,,,,,,,,,,,,,,,,,,
2023,1,19,17,0,20.4,15.3,72.61,,,,,,,,,,,,,,,,,,,,,,,,,,,,,,,,,,,,
2023,1,19,18,0,20.6,15.2,71.27,,,,,,,,,,,,,,,,,,,,,,,,,,,,,,,,,,,,
2023,1,19,19,0,20.6,15.4,72.04,,,,,,,,,,,,,,,,,,,,,,,,,,,,,,,,,,,,
2023,1,19,20,0,20.2,15.8,75.93,,,,,,,,,,,,,,,,,,,,,,,,,,,,,,,,,,,,
2023,1,19,21,0,19.3,16.2,82.43,,,,,,,,,,,,,,,,,,,,,,,,,,,,,,,,,,,,
2023,1,19,22,0,18.3,16.4,88.62,,,,,,,,,,,,,,,,,,,,,,,,,,,,,,,,,,,,
2023,1,19,23,0,17.9,16.5,91.78,,,,,,,,,,,,,,,,,,,,,,,,,,,,,,,,,,,,
2023,1,20,0,0,17.8,16.8,93.79,,,,,,,,,,,,,,,,,,,,,,,,,,,,,,,,,,,,
2023,1,20,1,0,17.7,17,95.38,,,,,,,,,,,,,,,,,,,,,,,,,,,,,,,,,,,,
2023,1,20,2,0,17.4,17,97.55,,,,,,,,,,,,,,,,,,,,,,,,,,,,,,,,,,,,
2023,1,20,3,0,17.1,16.9,99.05,,,,,,,,,,,,,,,,,,,,,,,,,,,,,,,,,,,,
2023,1,20,4,0,16.7,16.7,100,,,,,,,,,,,,,,,,,,,,,,,,,,,,,,,,,,,,
2023,1,20,5,0,16.2,16.2,100,,,,,,,,,,,,,,,,,,,,,,,,,,,,,,,,,,,,
2023,1,20,6,0,15.6,15.6,100,,,,,,,,,,,,,,,,,,,,,,,,,,,,,,,,,,,,
2023,1,20,7,0,15,14.9,99.27,,,,,,,,,,,,,,,,,,,,,,,,,,,,,,,,,,,,
2023,1,20,8,0,14.5,14,96.67,,,,,,,,,,,,,,,,,,,,,,,,,,,,,,,,,,,,
2023,1,20,9,0,13.9,12.9,93.92,,,,,,,,,,,,,,,,,,,,,,,,,,,,,,,,,,,,
2023,1,20,10,0,13.4,11.8,90.01,,,,,,,,,,,,,,,,,,,,,,,,,,,,,,,,,,,,
2023,1,20,11,0,12.7,10.9,88.63,,,,,,,,,,,,,,,,,,,,,,,,,,,,,,,,,,,,
2023,1,20,12,0,12.3,10.3,87.45,,,,,,,,,,,,,,,,,,,,,,,,,,,,,,,,,,,,
2023,1,20,13,0,13.2,10,81.06,,,,,,,,,,,,,,,,,,,,,,,,,,,,,,,,,,,,
2023,1,20,14,0,14.5,9,69.68,,,,,,,,,,,,,,,,,,,,,,,,,,,,,,,,,,,,
2023,1,20,15,0,15.6,7.9,60.08,,,,,,,,,,,,,,,,,,,,,,,,,,,,,,,,,,,,
2023,1,20,16,0,16.5,7.4,54.79,,,,,,,,,,,,,,,,,,,,,,,,,,,,,,,,,,,,
2023,1,20,17,0,17.4,7.1,50.9,,,,,,,,,,,,,,,,,,,,,,,,,,,,,,,,,,,,
2023,1,20,18,0,18,7.1,48.75,,,,,,,,,,,,,,,,,,,,,,,,,,,,,,,,,,,,
2023,1,20,19,0,18.3,7.1,48.09,,,,,,,,,,,,,,,,,,,,,,,,,,,,,,,,,,,,
2023,1,20,20,0,18.1,7.5,49.91,,,,,,,,,,,,,,,,,,,,,,,,,,,,,,,,,,,,
2023,1,20,21,0,17.1,8.2,55.95,,,,,,,,,,,,,,,,,,,,,,,,,,,,,,,,,,,,
2023,1,20,22,0,15.2,8.6,64.7,,,,,,,,,,,,,,,,,,,,,,,,,,,,,,,,,,,,
2023,1,20,23,0,14.4,8.5,67.5,,,,,,,,,,,,,,,,,,,,,,,,,,,,,,,,,,,,
2023,1,21,0,0,13.9,8.4,69.63,,,,,,,,,,,,,,,,,,,,,,,,,,,,,,,,,,,,
2023,1,21,1,0,12.8,8.4,74.71,,,,,,,,,,,,,,,,,,,,,,,,,,,,,,,,,,,,
2023,1,21,2,0,12.2,8.5,77.97,,,,,,,,,,,,,,,,,,,,,,,,,,,,,,,,,,,,
2023,1,21,3,0,11.9,8.3,78.85,,,,,,,,,,,,,,,,,,,,,,,,,,,,,,,,,,,,
2023,1,21,4,0,11.7,8.3,79.51,,,,,,,,,,,,,,,,,,,,,,,,,,,,,,,,,,,,
2023,1,21,5,0,11,8.2,83.01,,,,,,,,,,,,,,,,,,,,,,,,,,,,,,,,,,,,
2023,1,21,6,0,10.4,8.3,86.83,,,,,,,,,,,,,,,,,,,,,,,,,,,,,,,,,,,,
2023,1,21,7,0,9.8,8.2,89.96,,,,,,,,,,,,,,,,,,,,,,,,,,,,,,,,,,,,
2023,1,21,8,0,9.4,8.1,91.75,,,,,,,,,,,,,,,,,,,,,,,,,,,,,,,,,,,,
2023,1,21,9,0,9.3,8.2,92.72,,,,,,,,,,,,,,,,,,,,,,,,,,,,,,,,,,,,
2023,1,21,10,0,9.3,8,91.61,,,,,,,,,,,,,,,,,,,,,,,,,,,,,,,,,,,,
2023,1,21,11,0,9.2,7.7,90.23,,,,,,,,,,,,,,,,,,,,,,,,,,,,,,,,,,,,
2023,1,21,12,0,9.4,7.2,86.11,,,,,,,,,,,,,,,,,,,,,,,,,,,,,,,,,,,,
2023,1,21,13,0,9.8,6.5,79.7,,,,,,,,,,,,,,,,,,,,,,,,,,,,,,,,,,,,
2023,1,21,14,0,10.4,5.4,71.19,,,,,,,,,,,,,,,,,,,,,,,,,,,,,,,,,,,,
2023,1,21,15,0,11.2,4.7,64.14,,,,,,,,,,,,,,,,,,,,,,,,,,,,,,,,,,,,
2023,1,21,16,0,11.9,4.4,60.23,,,,,,,,,,,,,,,,,,,,,,,,,,,,,,,,,,,,
2023,1,21,17,0,12.6,4.3,56.82,,,,,,,,,,,,,,,,,,,,,,,,,,,,,,,,,,,,
2023,1,21,18,0,12.4,4.2,57.37,,,,,,,,,,,,,,,,,,,,,,,,,,,,,,,,,,,,
2023,1,21,19,0,12.3,4.2,57.87,,,,,,,,,,,,,,,,,,,,,,,,,,,,,,,,,,,,
2023,1,21,20,0,12.2,4.3,58.61,,,,,,,,,,,,,,,,,,,,,,,,,,,,,,,,,,,,
2023,1,21,21,0,11.7,5,63.53,,,,,,,,,,,,,,,,,,,,,,,,,,,,,,,,,,,,
2023,1,21,22,0,10.5,6.1,74.17,,,,,,,,,,,,,,,,,,,,,,,,,,,,,,,,,,,,
2023,1,21,23,0,10.4,6.4,76.33,,,,,,,,,,,,,,,,,,,,,,,,,,,,,,,,,,,,
2023,1,22,0,0,10.6,6.9,77.74,,,,,,,,,,,,,,,,,,,,,,,,,,,,,,,,,,,,
2023,1,22,1,0,10.7,7.5,80.36,,,,,,,,,,,,,,,,,,,,,,,,,,,,,,,,,,,,
2023,1,22,2,0,10.8,8,82.94,,,,,,,,,,,,,,,,,,,,,,,,,,,,,,,,,,,,
2023,1,22,3,0,11,8.5,84.74,,,,,,,,,,,,,,,,,,,,,,,,,,,,,,,,,,,,
2023,1,22,4,0,11.1,8.9,86.24,,,,,,,,,,,,,,,,,,,,,,,,,,,,,,,,,,,,
2023,1,22,5,0,10.9,9,88.33,,,,,,,,,,,,,,,,,,,,,,,,,,,,,,,,,,,,
2023,1,22,6,0,10.9,9.4,90.43,,,,,,,,,,,,,,,,,,,,,,,,,,,,,,,,,,,,
2023,1,22,7,0,11.2,10.1,93,,,,,,,,,,,,,,,,,,,,,,,,,,,,,,,,,,,,
2023,1,22,8,0,11.6,10.9,95.75,,,,,,,,,,,,,,,,,,,,,,,,,,,,,,,,,,,,
2023,1,22,9,0,11.9,11.5,97.56,,,,,,,,,,,,,,,,,,,,,,,,,,,,,,,,,,,,
2023,1,22,10,0,12.1,11.9,98.39,,,,,,,,,,,,,,,,,,,,,,,,,,,,,,,,,,,,
2023,1,22,11,0,12.2,12.1,99.06,,,,,,,,,,,,,,,,,,,,,,,,,,,,,,,,,,,,
2023,1,22,12,0,12.5,12.5,100,,,,,,,,,,,,,,,,,,,,,,,,,,,,,,,,,,,,
2023,1,22,13,0,13.6,13.6,100,,,,,,,,,,,,,,,,,,,,,,,,,,,,,,,,,,,,
2023,1,22,14,0,15,15,99.75,,,,,,,,,,,,,,,,,,,,,,,,,,,,,,,,,,,,
2023,1,22,15,0,16.1,16.1,99.97,,,,,,,,,,,,,,,,,,,,,,,,,,,,,,,,,,,,
2023,1,22,16,0,16.8,16.7,99.45,,,,,,,,,,,,,,,,,,,,,,,,,,,,,,,,,,,,
2023,1,22,17,0,17.1,17,99.18,,,,,,,,,,,,,,,,,,,,,,,,,,,,,,,,,,,,
2023,1,22,18,0,17,16.8,98.47,,,,,,,,,,,,,,,,,,,,,,,,,,,,,,,,,,,,
2023,1,22,19,0,16.7,16.4,98.11,,,,,,,,,,,,,,,,,,,,,,,,,,,,,,,,,,,,
2023,1,22,20,0,16.5,16.2,97.83,,,,,,,,,,,,,,,,,,,,,,,,,,,,,,,,,,,,
2023,1,22,21,0,16.3,16.1,98.64,,,,,,,,,,,,,,,,,,,,,,,,,,,,,,,,,,,,
2023,1,22,22,0,16.2,16.2,100,,,,,,,,,,,,,,,,,,,,,,,,,,,,,,,,,,,,
2023,1,22,23,0,16.5,16.5,100,,,,,,,,,,,,,,,,,,,,,,,,,,,,,,,,,,,,
2023,1,23,0,0,16.8,16.7,99.63,,,,,,,,,,,,,,,,,,,,,,,,,,,,,,,,,,,,
2023,1,23,1,0,17.3,17,98.19,,,,,,,,,,,,,,,,,,,,,,,,,,,,,,,,,,,,
2023,1,23,2,0,17.5,17.2,97.9,,,,,,,,,,,,,,,,,,,,,,,,,,,,,,,,,,,,
2023,1,23,3,0,17.3,17,98.41,,,,,,,,,,,,,,,,,,,,,,,,,,,,,,,,,,,,
2023,1,23,4,0,16.8,16.5,98.29,,,,,,,,,,,,,,,,,,,,,,,,,,,,,,,,,,,,
2023,1,23,5,0,15.5,15.2,98.25,,,,,,,,,,,,,,,,,,,,,,,,,,,,,,,,,,,,
2023,1,23,6,0,14.1,13.8,98.04,,,,,,,,,,,,,,,,,,,,,,,,,,,,,,,,,,,,
2023,1,23,7,0,12.9,12.1,95.13,,,,,,,,,,,,,,,,,,,,,,,,,,,,,,,,,,,,
2023,1,23,8,0,12,10.8,92.35,,,,,,,,,,,,,,,,,,,,,,,,,,,,,,,,,,,,
2023,1,23,9,0,11.6,10.2,91.06,,,,,,,,,,,,,,,,,,,,,,,,,,,,,,,,,,,,
2023,1,23,10,0,11.5,9.9,90.18,,,,,,,,,,,,,,,,,,,,,,,,,,,,,,,,,,,,
2023,1,23,11,0,11,9.8,92.16,,,,,,,,,,,,,,,,,,,,,,,,,,,,,,,,,,,,
2023,1,23,12,0,10.7,9.4,91.94,,,,,,,,,,,,,,,,,,,,,,,,,,,,,,,,,,,,
2023,1,23,13,0,10.7,9,89.23,,,,,,,,,,,,,,,,,,,,,,,,,,,,,,,,,,,,
2023,1,23,14,0,11.3,8.5,83.05,,,,,,,,,,,,,,,,,,,,,,,,,,,,,,,,,,,,
2023,1,23,15,0,12.4,7.9,73.97,,,,,,,,,,,,,,,,,,,,,,,,,,,,,,,,,,,,
2023,1,23,16,0,13.4,6.7,63.73,,,,,,,,,,,,,,,,,,,,,,,,,,,,,,,,,,,,
2023,1,23,17,0,14.1,5.9,57.72,,,,,,,,,,,,,,,,,,,,,,,,,,,,,,,,,,,,
2023,1,23,18,0,14.5,5.6,55.14,,,,,,,,,,,,,,,,,,,,,,,,,,,,,,,,,,,,
2023,1,23,19,0,14.7,5.5,54.14,,,,,,,,,,,,,,,,,,,,,,,,,,,,,,,,,,,,
2023,1,23,20,0,14.4,5.5,55.23,,,,,,,,,,,,,,,,,,,,,,,,,,,,,,,,,,,,
2023,1,23,21,0,13.7,5.6,58.13,,,,,,,,,,,,,,,,,,,,,,,,,,,,,,,,,,,,
2023,1,23,22,0,12.2,5.9,65.54,,,,,,,,,,,,,,,,,,,,,,,,,,,,,,,,,,,,
2023,1,23,23,0,11.1,6.1,71.3,,,,,,,,,,,,,,,,,,,,,,,,,,,,,,,,,,,,
2023,1,24,0,0,10.3,6.1,75.13,,,,,,,,,,,,,,,,,,,,,,,,,,,,,,,,,,,,
2023,1,24,1,0,9.4,6,79.07,,,,,,,,,,,,,,,,,,,,,,,,,,,,,,,,,,,,
2023,1,24,2,0,8.8,5.8,81.24,,,,,,,,,,,,,,,,,,,,,,,,,,,,,,,,,,,,
2023,1,24,3,0,8.1,5.5,83.72,,,,,,,,,,,,,,,,,,,,,,,,,,,,,,,,,,,,
2023,1,24,4,0,7.4,5.1,85.55,,,,,,,,,,,,,,,,,,,,,,,,,,,,,,,,,,,,
2023,1,24,5,0,6.7,4.6,86.73,,,,,,,,,,,,,,,,,,,,,,,,,,,,,,,,,,,,
2023,1,24,6,0,6,4.2,88.31,,,,,,,,,,,,,,,,,,,,,,,,,,,,,,,,,,,,
2023,1,24,7,0,5.5,3.9,89.32,,,,,,,,,,,,,,,,,,,,,,,,,,,,,,,,,,,,
2023,1,24,8,0,5.1,3.7,90.55,,,,,,,,,,,,,,,,,,,,,,,,,,,,,,,,,,,,
2023,1,24,9,0,4.8,3.6,91.87,,,,,,,,,,,,,,,,,,,,,,,,,,,,,,,,,,,,
2023,1,24,10,0,4.5,3.5,92.98,,,,,,,,,,,,,,,,,,,,,,,,,,,,,,,,,,,,
2023,1,24,11,0,4.2,3.4,94.23,,,,,,,,,,,,,,,,,,,,,,,,,,,,,,,,,,,,
2023,1,24,12,0,4.5,3.4,92.26,,,,,,,,,,,,,,,,,,,,,,,,,,,,,,,,,,,,
2023,1,24,13,0,6.5,3.5,81.01,,,,,,,,,,,,,,,,,,,,,,,,,,,,,,,,,,,,
2023,1,24,14,0,8.9,2.9,65.9,,,,,,,,,,,,,,,,,,,,,,,,,,,,,,,,,,,,
2023,1,24,15,0,10.7,2.5,57.01,,,,,,,,,,,,,,,,,,,,,,,,,,,,,,,,,,,,
2023,1,24,16,0,11.9,2.7,53.19,,,,,,,,,,,,,,,,,,,,,,,,,,,,,,,,,,,,
2023,1,24,17,0,12.8,2.9,50.79,,,,,,,,,,,,,,,,,,,,,,,,,,,,,,,,,,,,
2023,1,24,18,0,13.3,3.1,50.12,,,,,,,,,,,,,,,,,,,,,,,,,,,,,,,,,,,,
2023,1,24,19,0,13.5,3.6,51.18,,,,,,,,,,,,,,,,,,,,,,,,,,,,,,,,,,,,
2023,1,24,20,0,13.3,4.4,55,,,,,,,,,,,,,,,,,,,,,,,,,,,,,,,,,,,,
2023,1,24,21,0,12.5,6.2,65.59,,,,,,,,,,,,,,,,,,,,,,,,,,,,,,,,,,,,
2023,1,24,22,0,10.6,7.1,78.8,,,,,,,,,,,,,,,,,,,,,,,,,,,,,,,,,,,,
2023,1,24,23,0,9.9,7.2,83.32,,,,,,,,,,,,,,,,,,,,,,,,,,,,,,,,,,,,
2023,1,25,0,0,9.8,7.8,87.24,,,,,,,,,,,,,,,,,,,,,,,,,,,,,,,,,,,,
2023,1,25,1,0,10.1,8.5,89.89,,,,,,,,,,,,,,,,,,,,,,,,,,,,,,,,,,,,
2023,1,25,2,0,10.5,9.4,92.6,,,,,,,,,,,,,,,,,,,,,,,,,,,,,,,,,,,,
2023,1,25,3,0,10.8,10,94.96,,,,,,,,,,,,,,,,,,,,,,,,,,,,,,,,,,,,
2023,1,25,4,0,11.6,10.6,93.51,,,,,,,,,,,,,,,,,,,,,,,,,,,,,,,,,,,,
2023,1,25,5,0,12.3,11.2,92.89,,,,,,,,,,,,,,,,,,,,,,,,,,,,,,,,,,,,
2023,1,25,6,0,13.2,11.9,91.97,,,,,,,,,,,,,,,,,,,,,,,,,,,,,,,,,,,,
2023,1,25,7,0,13.9,12.6,91.92,,,,,,,,,,,,,,,,,,,,,,,,,,,,,,,,,,,,
2023,1,25,8,0,14.8,13.3,90.56,,,,,,,,,,,,,,,,,,,,,,,,,,,,,,,,,,,,
2023,1,25,9,0,15.6,13.8,89.09,,,,,,,,,,,,,,,,,,,,,,,,,,,,,,,,,,,,
2023,1,25,10,0,16.1,14.2,88.29,,,,,,,,,,,,,,,,,,,,,,,,,,,,,,,,,,,,
2023,1,25,11,0,16.7,14.5,86.6,,,,,,,,,,,,,,,,,,,,,,,,,,,,,,,,,,,,
2023,1,25,12,0,17.3,15,86.25,,,,,,,,,,,,,,,,,,,,,,,,,,,,,,,,,,,,
2023,1,25,13,0,17.9,15.7,87.19,,,,,,,,,,,,,,,,,,,,,,,,,,,,,,,,,,,,
2023,1,25,14,0,18.7,16.5,87.26,,,,,,,,,,,,,,,,,,,,,,,,,,,,,,,,,,,,
2023,1,25,15,0,19.6,17.1,85.63,,,,,,,,,,,,,,,,,,,,,,,,,,,,,,,,,,,,
2023,1,25,16,0,20.4,17.4,83.17,,,,,,,,,,,,,,,,,,,,,,,,,,,,,,,,,,,,
2023,1,25,17,0,20.8,17.9,83.66,,,,,,,,,,,,,,,,,,,,,,,,,,,,,,,,,,,,
2023,1,25,18,0,20.8,18.5,86.7,,,,,,,,,,,,,,,,,,,,,,,,,,,,,,,,,,,,
2023,1,25,19,0,20.8,18.8,88.59,,,,,,,,,,,,,,,,,,,,,,,,,,,,,,,,,,,,
2023,1,25,20,0,20.5,19.1,91.43,,,,,,,,,,,,,,,,,,,,,,,,,,,,,,,,,,,,
2023,1,25,21,0,19.9,19.1,95.29,,,,,,,,,,,,,,,,,,,,,,,,,,,,,,,,,,,,
2023,1,25,22,0,19.3,18.9,97.75,,,,,,,,,,,,,,,,,,,,,,,,,,,,,,,,,,,,
2023,1,25,23,0,18.8,18.6,98.98,,,,,,,,,,,,,,,,,,,,,,,,,,,,,,,,,,,,
2023,1,26,0,0,18.5,18.3,98.5,,,,,,,,,,,,,,,,,,,,,,,,,,,,,,,,,,,,
2023,1,26,1,0,17.7,17.4,98.18,,,,,,,,,,,,,,,,,,,,,,,,,,,,,,,,,,,,
2023,1,26,2,0,16.3,15.8,96.66,,,,,,,,,,,,,,,,,,,,,,,,,,,,,,,,,,,,
2023,1,26,3,0,15.1,14.3,95.27,,,,,,,,,,,,,,,,,,,,,,,,,,,,,,,,,,,,
2023,1,26,4,0,14.6,13.5,93.11,,,,,,,,,,,,,,,,,,,,,,,,,,,,,,,,,,,,
2023,1,26,5,0,14.5,13.2,91.74,,,,,,,,,,,,,,,,,,,,,,,,,,,,,,,,,,,,
2023,1,26,6,0,14.5,13.1,91.21,,,,,,,,,,,,,,,,,,,,,,,,,,,,,,,,,,,,
2023,1,26,7,0,14.2,12.4,89.14,,,,,,,,,,,,,,,,,,,,,,,,,,,,,,,,,,,,
2023,1,26,8,0,13.2,10.6,84.47,,,,,,,,,,,,,,,,,,,,,,,,,,,,,,,,,,,,
2023,1,26,9,0,11.6,8.4,80.94,,,,,,,,,,,,,,,,,,,,,,,,,,,,,,,,,,,,
2023,1,26,10,0,10.1,6.9,80.3,,,,,,,,,,,,,,,,,,,,,,,,,,,,,,,,,,,,
2023,1,26,11,0,8.9,6.1,82.51,,,,,,,,,,,,,,,,,,,,,,,,,,,,,,,,,,,,
2023,1,26,12,0,8.4,5.8,83.65,,,,,,,,,,,,,,,,,,,,,,,,,,,,,,,,,,,,
2023,1,26,13,0,9.1,5.5,78.19,,,,,,,,,,,,,,,,,,,,,,,,,,,,,,,,,,,,
2023,1,26,14,0,9.9,5,71.46,,,,,,,,,,,,,,,,,,,,,,,,,,,,,,,,,,,,
2023,1,26,15,0,10.9,4.6,65.22,,,,,,,,,,,,,,,,,,,,,,,,,,,,,,,,,,,,
2023,1,26,16,0,11.9,4.5,60.58,,,,,,,,,,,,,,,,,,,,,,,,,,,,,,,,,,,,
2023,1,26,17,0,12.7,4.5,57.6,,,,,,,,,,,,,,,,,,,,,,,,,,,,,,,,,,,,
2023,1,26,18,0,13.3,4.7,55.93,,,,,,,,,,,,,,,,,,,,,,,,,,,,,,,,,,,,
2023,1,26,19,0,13.5,4.8,55.79,,,,,,,,,,,,,,,,,,,,,,,,,,,,,,,,,,,,
2023,1,26,20,0,13.4,5,56.67,,,,,,,,,,,,,,,,,,,,,,,,,,,,,,,,,,,,
2023,1,26,21,0,12.8,5,59.23,,,,,,,,,,,,,,,,,,,,,,,,,,,,,,,,,,,,
2023,1,26,22,0,11.4,5.3,66.35,,,,,,,,,,,,,,,,,,,,,,,,,,,,,,,,,,,,
2023,1,26,23,0,10.3,5.5,72.29,,,,,,,,,,,,,,,,,,,,,,,,,,,,,,,,,,,,
2023,1,27,0,0,9.6,5.6,75.97,,,,,,,,,,,,,,,,,,,,,,,,,,,,,,,,,,,,
2023,1,27,1,0,9.1,5.5,77.94,,,,,,,,,,,,,,,,,,,,,,,,,,,,,,,,,,,,
2023,1,27,2,0,8.7,5.2,78.8,,,,,,,,,,,,,,,,,,,,,,,,,,,,,,,,,,,,
2023,1,27,3,0,8.2,4.9,79.78,,,,,,,,,,,,,,,,,,,,,,,,,,,,,,,,,,,,
2023,1,27,4,0,7.8,4.6,80.3,,,,,,,,,,,,,,,,,,,,,,,,,,,,,,,,,,,,
2023,1,27,5,0,7.3,4.3,81.52,,,,,,,,,,,,,,,,,,,,,,,,,,,,,,,,,,,,
2023,1,27,6,0,7,4.1,81.58,,,,,,,,,,,,,,,,,,,,,,,,,,,,,,,,,,,,
2023,1,27,7,0,6.6,3.8,82.57,,,,,,,,,,,,,,,,,,,,,,,,,,,,,,,,,,,,
2023,1,27,8,0,6.3,3.7,83.3,,,,,,,,,,,,,,,,,,,,,,,,,,,,,,,,,,,,
2023,1,27,9,0,6,3.5,84.27,,,,,,,,,,,,,,,,,,,,,,,,,,,,,,,,,,,,
2023,1,27,10,0,5.7,3.4,85.16,,,,,,,,,,,,,,,,,,,,,,,,,,,,,,,,,,,,
2023,1,27,11,0,5.3,3.3,86.74,,,,,,,,,,,,,,,,,,,,,,,,,,,,,,,,,,,,
2023,1,27,12,0,5.3,3.2,86.58,,,,,,,,,,,,,,,,,,,,,,,,,,,,,,,,,,,,
2023,1,27,13,0,6.8,3.2,77.82,,,,,,,,,,,,,,,,,,,,,,,,,,,,,,,,,,,,
2023,1,27,14,0,8.6,2.4,65.13,,,,,,,,,,,,,,,,,,,,,,,,,,,,,,,,,,,,
2023,1,27,15,0,9.7,1.7,57.41,,,,,,,,,,,,,,,,,,,,,,,,,,,,,,,,,,,,
2023,1,27,16,0,10.4,1.3,53.43,,,,,,,,,,,,,,,,,,,,,,,,,,,,,,,,,,,,
2023,1,27,17,0,11,1.1,50.35,,,,,,,,,,,,,,,,,,,,,,,,,,,,,,,,,,,,
2023,1,27,18,0,11.5,0.9,48.15,,,,,,,,,,,,,,,,,,,,,,,,,,,,,,,,,,,,
2023,1,27,19,0,11.7,0.9,47.34,,,,,,,,,,,,,,,,,,,,,,,,,,,,,,,,,,,,
2023,1,27,20,0,11.6,1,48.03,,,,,,,,,,,,,,,,,,,,,,,,,,,,,,,,,,,,
2023,1,27,21,0,10.9,1.8,53.25,,,,,,,,,,,,,,,,,,,,,,,,,,,,,,,,,,,,
2023,1,27,22,0,8.8,3,66.96,,,,,,,,,,,,,,,,,,,,,,,,,,,,,,,,,,,,
2023,1,27,23,0,7.9,2.8,70.13,,,,,,,,,,,,,,,,,,,,,,,,,,,,,,,,,,,,
2023,1,28,0,0,7.5,2.8,72.02,,,,,,,,,,,,,,,,,,,,,,,,,,,,,,,,,,,,
2023,1,28,1,0,7.1,2.7,73.34,,,,,,,,,,,,,,,,,,,,,,,,,,,,,,,,,,,,
2023,1,28,2,0,6.7,2.5,74.5,,,,,,,,,,,,,,,,,,,,,,,,,,,,,,,,,,,,
2023,1,28,3,0,6.4,2.3,75.17,,,,,,,,,,,,,,,,,,,,,,,,,,,,,,,,,,,,
2023,1,28,4,0,6.1,2.2,76.3,,,,,,,,,,,,,,,,,,,,,,,,,,,,,,,,,,,,
2023,1,28,5,0,5.8,2.2,77.65,,,,,,,,,,,,,,,,,,,,,,,,,,,,,,,,,,,,
2023,1,28,6,0,5.5,2.2,79.47,,,,,,,,,,,,,,,,,,,,,,,,,,,,,,,,,,,,
2023,1,28,7,0,5.3,2.2,80.49,,,,,,,,,,,,,,,,,,,,,,,,,,,,,,,,,,,,
2023,1,28,8,0,5.1,2,80.35,,,,,,,,,,,,,,,,,,,,,,,,,,,,,,,,,,,,
2023,1,28,9,0,5.3,1.6,77.29,,,,,,,,,,,,,,,,,,,,,,,,,,,,,,,,,,,,
2023,1,28,10,0,4.8,1.6,79.89,,,,,,,,,,,,,,,,,,,,,,,,,,,,,,,,,,,,
2023,1,28,11,0,4.3,2,85.28,,,,,,,,,,,,,,,,,,,,,,,,,,,,,,,,,,,,
2023,1,28,12,0,4.7,2.6,86.2,,,,,,,,,,,,,,,,,,,,,,,,,,,,,,,,,,,,
2023,1,28,13,0,6.7,2.9,76.84,,,,,,,,,,,,,,,,,,,,,,,,,,,,,,,,,,,,
2023,1,28,14,0,8.8,3.1,67.32,,,,,,,,,,,,,,,,,,,,,,,,,,,,,,,,,,,,
2023,1,28,15,0,11.6,2,51.91,,,,,,,,,,,,,,,,,,,,,,,,,,,,,,,,,,,,
2023,1,28,16,0,12.7,1.8,47.51,,,,,,,,,,,,,,,,,,,,,,,,,,,,,,,,,,,,
2023,1,28,17,0,13.3,1.9,46.01,,,,,,,,,,,,,,,,,,,,,,,,,,,,,,,,,,,,
2023,1,28,18,0,13.6,2,45.44,,,,,,,,,,,,,,,,,,,,,,,,,,,,,,,,,,,,
2023,1,28,19,0,13.6,2.3,46.23,,,,,,,,,,,,,,,,,,,,,,,,,,,,,,,,,,,,
2023,1,28,20,0,13.4,2.8,48.71,,,,,,,,,,,,,,,,,,,,,,,,,,,,,,,,,,,,
2023,1,28,21,0,12.2,4.9,60.9,,,,,,,,,,,,,,,,,,,,,,,,,,,,,,,,,,,,
2023,1,28,22,0,10.8,4.9,67.04,,,,,,,,,,,,,,,,,,,,,,,,,,,,,,,,,,,,
2023,1,28,23,0,10.5,4.7,67.23,,,,,,,,,,,,,,,,,,,,,,,,,,,,,,,,,,,,
2023,1,29,0,0,10,4.1,66.53,,,,,,,,,,,,,,,,,,,,,,,,,,,,,,,,,,,,
2023,1,29,1,0,10,4.3,67.54,,,,,,,,,,,,,,,,,,,,,,,,,,,,,,,,,,,,
2023,1,29,2,0,10.3,4.4,66.87,,,,,,,,,,,,,,,,,,,,,,,,,,,,,,,,,,,,
2023,1,29,3,0,10.3,4.4,66.65,,,,,,,,,,,,,,,,,,,,,,,,,,,,,,,,,,,,
2023,1,29,4,0,10.3,4.8,68.6,,,,,,,,,,,,,,,,,,,,,,,,,,,,,,,,,,,,
2023,1,29,5,0,9.9,5.2,72.4,,,,,,,,,,,,,,,,,,,,,,,,,,,,,,,,,,,,
2023,1,29,6,0,9.1,5.7,79.02,,,,,,,,,,,,,,,,,,,,,,,,,,,,,,,,,,,,
2023,1,29,7,0,8.3,6.1,86.28,,,,,,,,,,,,,,,,,,,,,,,,,,,,,,,,,,,,
2023,1,29,8,0,8.3,6.8,90.17,,,,,,,,,,,,,,,,,,,,,,,,,,,,,,,,,,,,
2023,1,29,9,0,8.5,7.3,92.02,,,,,,,,,,,,,,,,,,,,,,,,,,,,,,,,,,,,
2023,1,29,10,0,8.9,7.7,92.49,,,,,,,,,,,,,,,,,,,,,,,,,,,,,,,,,,,,
2023,1,29,11,0,9.3,8.2,93.14,,,,,,,,,,,,,,,,,,,,,,,,,,,,,,,,,,,,
2023,1,29,12,0,9.8,8.8,93.58,,,,,,,,,,,,,,,,,,,,,,,,,,,,,,,,,,,,
2023,1,29,13,0,11.8,9.8,87.54,,,,,,,,,,,,,,,,,,,,,,,,,,,,,,,,,,,,
2023,1,29,14,0,13.7,10.9,83.21,,,,,,,,,,,,,,,,,,,,,,,,,,,,,,,,,,,,
2023,1,29,15,0,15.8,12.1,78.72,,,,,,,,,,,,,,,,,,,,,,,,,,,,,,,,,,,,
2023,1,29,16,0,17.4,12.9,75.01,,,,,,,,,,,,,,,,,,,,,,,,,,,,,,,,,,,,
2023,1,29,17,0,18.3,13.6,73.91,,,,,,,,,,,,,,,,,,,,,,,,,,,,,,,,,,,,
2023,1,29,18,0,18.8,14.1,73.93,,,,,,,,,,,,,,,,,,,,,,,,,,,,,,,,,,,,
2023,1,29,19,0,18.7,14.4,76.05,,,,,,,,,,,,,,,,,,,,,,,,,,,,,,,,,,,,
2023,1,29,20,0,18.2,14.9,81.09,,,,,,,,,,,,,,,,,,,,,,,,,,,,,,,,,,,,
2023,1,29,21,0,17.2,15.5,89.66,,,,,,,,,,,,,,,,,,,,,,,,,,,,,,,,,,,,
2023,1,29,22,0,16.2,15,92.66,,,,,,,,,,,,,,,,,,,,,,,,,,,,,,,,,,,,
2023,1,29,23,0,15.8,14.9,94.63,,,,,,,,,,,,,,,,,,,,,,,,,,,,,,,,,,,,
2023,1,30,0,0,15.5,15,96.59,,,,,,,,,,,,,,,,,,,,,,,,,,,,,,,,,,,,
2023,1,30,1,0,15,14.9,99.29,,,,,,,,,,,,,,,,,,,,,,,,,,,,,,,,,,,,
2023,1,30,2,0,14.9,14.9,100,,,,,,,,,,,,,,,,,,,,,,,,,,,,,,,,,,,,
2023,1,30,3,0,14.9,14.9,100,,,,,,,,,,,,,,,,,,,,,,,,,,,,,,,,,,,,
2023,1,30,4,0,15,15,100,,,,,,,,,,,,,,,,,,,,,,,,,,,,,,,,,,,,
2023,1,30,5,0,15.1,15.1,100,,,,,,,,,,,,,,,,,,,,,,,,,,,,,,,,,,,,
2023,1,30,6,0,15,15,100,,,,,,,,,,,,,,,,,,,,,,,,,,,,,,,,,,,,
2023,1,30,7,0,14.6,14.6,100,,,,,,,,,,,,,,,,,,,,,,,,,,,,,,,,,,,,
2023,1,30,8,0,14.1,14.1,100,,,,,,,,,,,,,,,,,,,,,,,,,,,,,,,,,,,,
2023,1,30,9,0,13.5,13.5,100,,,,,,,,,,,,,,,,,,,,,,,,,,,,,,,,,,,,
2023,1,30,10,0,13.1,13.1,100,,,,,,,,,,,,,,,,,,,,,,,,,,,,,,,,,,,,
2023,1,30,11,0,12.9,12.9,100,,,,,,,,,,,,,,,,,,,,,,,,,,,,,,,,,,,,
2023,1,30,12,0,13.3,13.2,99.08,,,,,,,,,,,,,,,,,,,,,,,,,,,,,,,,,,,,
2023,1,30,13,0,14.2,13.9,98.31,,,,,,,,,,,,,,,,,,,,,,,,,,,,,,,,,,,,
2023,1,30,14,0,15.4,15,97.17,,,,,,,,,,,,,,,,,,,,,,,,,,,,,,,,,,,,
2023,1,30,15,0,16.8,16,95.15,,,,,,,,,,,,,,,,,,,,,,,,,,,,,,,,,,,,
2023,1,30,16,0,17.9,16.5,91.64,,,,,,,,,,,,,,,,,,,,,,,,,,,,,,,,,,,,
2023,1,30,17,0,18.5,16.8,89.59,,,,,,,,,,,,,,,,,,,,,,,,,,,,,,,,,,,,
2023,1,30,18,0,18.8,16.9,88.7,,,,,,,,,,,,,,,,,,,,,,,,,,,,,,,,,,,,
2023,1,30,19,0,18.8,17,89.2,,,,,,,,,,,,,,,,,,,,,,,,,,,,,,,,,,,,
2023,1,30,20,0,18.6,17,90.33,,,,,,,,,,,,,,,,,,,,,,,,,,,,,,,,,,,,
2023,1,30,21,0,18.1,16.9,92.95,,,,,,,,,,,,,,,,,,,,,,,,,,,,,,,,,,,,
2023,1,30,22,0,16.7,16.5,98.44,,,,,,,,,,,,,,,,,,,,,,,,,,,,,,,,,,,,
2023,1,30,23,0,15.7,15.7,100,,,,,,,,,,,,,,,,,,,,,,,,,,,,,,,,,,,,
2023,1,31,0,0,15,15,100,,,,,,,,,,,,,,,,,,,,,,,,,,,,,,,,,,,,
2023,1,31,1,0,14.5,14.5,100,,,,,,,,,,,,,,,,,,,,,,,,,,,,,,,,,,,,
2023,1,31,2,0,14.5,14.3,98.69,,,,,,,,,,,,,,,,,,,,,,,,,,,,,,,,,,,,
2023,1,31,3,0,14.5,14.1,97.55,,,,,,,,,,,,,,,,,,,,,,,,,,,,,,,,,,,,
2023,1,31,4,0,14.2,13.9,98.2,,,,,,,,,,,,,,,,,,,,,,,,,,,,,,,,,,,,
2023,1,31,5,0,13.8,13.7,99.38,,,,,,,,,,,,,,,,,,,,,,,,,,,,,,,,,,,,
2023,1,31,6,0,13.6,13.6,100,,,,,,,,,,,,,,,,,,,,,,,,,,,,,,,,,,,,
2023,1,31,7,0,13.7,13.7,100,,,,,,,,,,,,,,,,,,,,,,,,,,,,,,,,,,,,
2023,1,31,8,0,14.1,14.1,99.89,,,,,,,,,,,,,,,,,,,,,,,,,,,,,,,,,,,,
2023,1,31,9,0,14.5,14.3,98.58,,,,,,,,,,,,,,,,,,,,,,,,,,,,,,,,,,,,
2023,1,31,10,0,14.3,14.1,98.98,,,,,,,,,,,,,,,,,,,,,,,,,,,,,,,,,,,,
2023,1,31,11,0,14,13.9,99.13,,,,,,,,,,,,,,,,,,,,,,,,,,,,,,,,,,,,
2023,1,31,12,0,14.1,13.9,98.95,,,,,,,,,,,,,,,,,,,,,,,,,,,,,,,,,,,,
2023,1,31,13,0,14.9,14.5,97.62,,,,,,,,,,,,,,,,,,,,,,,,,,,,,,,,,,,,
2023,1,31,14,0,16,15.2,95.01,,,,,,,,,,,,,,,,,,,,,,,,,,,,,,,,,,,,
2023,1,31,15,0,17.5,15.9,90.44,,,,,,,,,,,,,,,,,,,,,,,,,,,,,,,,,,,,
2023,1,31,16,0,18.6,16.6,87.91,,,,,,,,,,,,,,,,,,,,,,,,,,,,,,,,,,,,
2023,1,31,17,0,19.2,17.1,87.42,,,,,,,,,,,,,,,,,,,,,,,,,,,,,,,,,,,,
2023,1,31,18,0,19.5,17.3,86.97,,,,,,,,,,,,,,,,,,,,,,,,,,,,,,,,,,,,
2023,1,31,19,0,19.6,17.4,86.92,,,,,,,,,,,,,,,,,,,,,,,,,,,,,,,,,,,,
2023,1,31,20,0,19.5,17.4,87.94,,,,,,,,,,,,,,,,,,,,,,,,,,,,,,,,,,,,
2023,1,31,21,0,19,17.8,92.53,,,,,,,,,,,,,,,,,,,,,,,,,,,,,,,,,,,,
2023,1,31,22,0,17.7,17.2,97.19,,,,,,,,,,,,,,,,,,,,,,,,,,,,,,,,,,,,
2023,1,31,23,0,16.8,16.8,100,,,,,,,,,,,,,,,,,,,,,,,,,,,,,,,,,,,,
2023,2,1,0,0,16.3,16.3,100,,,,,,,,,,,,,,,,,,,,,,,,,,,,,,,,,,,,
2023,2,1,1,0,16.2,16.2,100,,,,,,,,,,,,,,,,,,,,,,,,,,,,,,,,,,,,
2023,2,1,2,0,16.2,16.2,100,,,,,,,,,,,,,,,,,,,,,,,,,,,,,,,,,,,,
2023,2,1,3,0,16.2,16.2,100,,,,,,,,,,,,,,,,,,,,,,,,,,,,,,,,,,,,
2023,2,1,4,0,16.2,16.2,100,,,,,,,,,,,,,,,,,,,,,,,,,,,,,,,,,,,,
2023,2,1,5,0,16.1,16.1,100,,,,,,,,,,,,,,,,,,,,,,,,,,,,,,,,,,,,
2023,2,1,6,0,16,16,100,,,,,,,,,,,,,,,,,,,,,,,,,,,,,,,,,,,,
2023,2,1,7,0,16.1,16.1,100,,,,,,,,,,,,,,,,,,,,,,,,,,,,,,,,,,,,
2023,2,1,8,0,16,16,100,,,,,,,,,,,,,,,,,,,,,,,,,,,,,,,,,,,,
2023,2,1,9,0,15.9,15.9,100,,,,,,,,,,,,,,,,,,,,,,,,,,,,,,,,,,,,
2023,2,1,10,0,15.9,15.9,100,,,,,,,,,,,,,,,,,,,,,,,,,,,,,,,,,,,,
2023,2,1,11,0,15.7,15.7,100,,,,,,,,,,,,,,,,,,,,,,,,,,,,,,,,,,,,
2023,2,1,12,0,15.9,15.9,100,,,,,,,,,,,,,,,,,,,,,,,,,,,,,,,,,,,,
2023,2,1,13,0,16.8,16.5,98.16,,,,,,,,,,,,,,,,,,,,,,,,,,,,,,,,,,,,
2023,2,1,14,0,18,17,94.17,,,,,,,,,,,,,,,,,,,,,,,,,,,,,,,,,,,,
2023,2,1,15,0,18.9,16.9,88.01,,,,,,,,,,,,,,,,,,,,,,,,,,,,,,,,,,,,
2023,2,1,16,0,19.3,16.6,84.27,,,,,,,,,,,,,,,,,,,,,,,,,,,,,,,,,,,,
2023,2,1,17,0,19.6,16.4,81.68,,,,,,,,,,,,,,,,,,,,,,,,,,,,,,,,,,,,
2023,2,1,18,0,20.2,16.4,78.64,,,,,,,,,,,,,,,,,,,,,,,,,,,,,,,,,,,,
2023,2,1,19,0,20.5,16.4,77.47,,,,,,,,,,,,,,,,,,,,,,,,,,,,,,,,,,,,
2023,2,1,20,0,20.4,16.5,78.43,,,,,,,,,,,,,,,,,,,,,,,,,,,,,,,,,,,,
2023,2,1,21,0,19.6,17,84.77,,,,,,,,,,,,,,,,,,,,,,,,,,,,,,,,,,,,
2023,2,1,22,0,18.4,17,91.53,,,,,,,,,,,,,,,,,,,,,,,,,,,,,,,,,,,,
2023,2,1,23,0,17.5,16.6,94.47,,,,,,,,,,,,,,,,,,,,,,,,,,,,,,,,,,,,
2023,2,2,0,0,16.6,16,96.1,,,,,,,,,,,,,,,,,,,,,,,,,,,,,,,,,,,,
2023,2,2,1,0,15.7,15.1,96.48,,,,,,,,,,,,,,,,,,,,,,,,,,,,,,,,,,,,
2023,2,2,2,0,15,14.5,97.03,,,,,,,,,,,,,,,,,,,,,,,,,,,,,,,,,,,,
2023,2,2,3,0,14.5,14,96.96,,,,,,,,,,,,,,,,,,,,,,,,,,,,,,,,,,,,
2023,2,2,4,0,14.1,13.6,96.72,,,,,,,,,,,,,,,,,,,,,,,,,,,,,,,,,,,,
2023,2,2,5,0,13.7,13.2,96.76,,,,,,,,,,,,,,,,,,,,,,,,,,,,,,,,,,,,
2023,2,2,6,0,13.3,12.8,96.86,,,,,,,,,,,,,,,,,,,,,,,,,,,,,,,,,,,,
2023,2,2,7,0,12.9,12.4,97,,,,,,,,,,,,,,,,,,,,,,,,,,,,,,,,,,,,
2023,2,2,8,0,12.6,12.1,96.61,,,,,,,,,,,,,,,,,,,,,,,,,,,,,,,,,,,,
2023,2,2,9,0,12.4,11.8,96.3,,,,,,,,,,,,,,,,,,,,,,,,,,,,,,,,,,,,
2023,2,2,10,0,12.2,11.7,96.54,,,,,,,,,,,,,,,,,,,,,,,,,,,,,,,,,,,,
2023,2,2,11,0,12.1,11.5,96.37,,,,,,,,,,,,,,,,,,,,,,,,,,,,,,,,,,,,
2023,2,2,12,0,12,11.4,96.18,,,,,,,,,,,,,,,,,,,,,,,,,,,,,,,,,,,,
2023,2,2,13,0,12.3,11.3,93.9,,,,,,,,,,,,,,,,,,,,,,,,,,,,,,,,,,,,
2023,2,2,14,0,12.9,11.4,90.78,,,,,,,,,,,,,,,,,,,,,,,,,,,,,,,,,,,,
2023,2,2,15,0,13.5,11.7,88.67,,,,,,,,,,,,,,,,,,,,,,,,,,,,,,,,,,,,
2023,2,2,16,0,13.9,11.8,87.37,,,,,,,,,,,,,,,,,,,,,,,,,,,,,,,,,,,,
2023,2,2,17,0,14.1,11.9,86.78,,,,,,,,,,,,,,,,,,,,,,,,,,,,,,,,,,,,
2023,2,2,18,0,14,12,87.66,,,,,,,,,,,,,,,,,,,,,,,,,,,,,,,,,,,,
2023,2,2,19,0,14,12,87.93,,,,,,,,,,,,,,,,,,,,,,,,,,,,,,,,,,,,
2023,2,2,20,0,13.8,12.1,89.37,,,,,,,,,,,,,,,,,,,,,,,,,,,,,,,,,,,,
2023,2,2,21,0,13.4,12,91.45,,,,,,,,,,,,,,,,,,,,,,,,,,,,,,,,,,,,
2023,2,2,22,0,12.6,11.8,94.9,,,,,,,,,,,,,,,,,,,,,,,,,,,,,,,,,,,,
2023,2,2,23,0,11.8,11.4,97.38,,,,,,,,,,,,,,,,,,,,,,,,,,,,,,,,,,,,
2023,2,3,0,0,11.4,11,97.52,,,,,,,,,,,,,,,,,,,,,,,,,,,,,,,,,,,,
2023,2,3,1,0,11.1,10.8,97.81,,,,,,,,,,,,,,,,,,,,,,,,,,,,,,,,,,,,
2023,2,3,2,0,10.9,10.5,97.57,,,,,,,,,,,,,,,,,,,,,,,,,,,,,,,,,,,,
2023,2,3,3,0,10.6,10.3,98.17,,,,,,,,,,,,,,,,,,,,,,,,,,,,,,,,,,,,
2023,2,3,4,0,10.5,10.1,97.54,,,,,,,,,,,,,,,,,,,,,,,,,,,,,,,,,,,,
2023,2,3,5,0,10.3,9.9,97.64,,,,,,,,,,,,,,,,,,,,,,,,,,,,,,,,,,,,
2023,2,3,6,0,9.9,9.6,98.09,,,,,,,,,,,,,,,,,,,,,,,,,,,,,,,,,,,,
2023,2,3,7,0,9.4,9.1,97.84,,,,,,,,,,,,,,,,,,,,,,,,,,,,,,,,,,,,
2023,2,3,8,0,9.1,8.7,97.41,,,,,,,,,,,,,,,,,,,,,,,,,,,,,,,,,,,,
2023,2,3,9,0,9.2,8.7,96.84,,,,,,,,,,,,,,,,,,,,,,,,,,,,,,,,,,,,
2023,2,3,10,0,9.6,8.9,95.62,,,,,,,,,,,,,,,,,,,,,,,,,,,,,,,,,,,,
2023,2,3,11,0,9.8,9.1,95.43,,,,,,,,,,,,,,,,,,,,,,,,,,,,,,,,,,,,
2023,2,3,12,0,9.7,8.9,94.8,,,,,,,,,,,,,,,,,,,,,,,,,,,,,,,,,,,,
2023,2,3,13,0,9.1,8.1,93.52,,,,,,,,,,,,,,,,,,,,,,,,,,,,,,,,,,,,
2023,2,3,14,0,8.6,7.4,92.09,,,,,,,,,,,,,,,,,,,,,,,,,,,,,,,,,,,,
2023,2,3,15,0,8.7,7.1,89.63,,,,,,,,,,,,,,,,,,,,,,,,,,,,,,,,,,,,
2023,2,3,16,0,9.5,6.8,83.01,,,,,,,,,,,,,,,,,,,,,,,,,,,,,,,,,,,,
2023,2,3,17,0,10.9,6.3,73.31,,,,,,,,,,,,,,,,,,,,,,,,,,,,,,,,,,,,
2023,2,3,18,0,12.3,5.9,64.91,,,,,,,,,,,,,,,,,,,,,,,,,,,,,,,,,,,,
2023,2,3,19,0,13.4,5.7,59.74,,,,,,,,,,,,,,,,,,,,,,,,,,,,,,,,,,,,
2023,2,3,20,0,14,5.8,57.65,,,,,,,,,,,,,,,,,,,,,,,,,,,,,,,,,,,,
2023,2,3,21,0,13.6,6.2,60.75,,,,,,,,,,,,,,,,,,,,,,,,,,,,,,,,,,,,
2023,2,3,22,0,11.9,6.8,70.78,,,,,,,,,,,,,,,,,,,,,,,,,,,,,,,,,,,,
2023,2,3,23,0,10.7,6.6,75.71,,,,,,,,,,,,,,,,,,,,,,,,,,,,,,,,,,,,
2023,2,4,0,0,9.9,6.2,77.74,,,,,,,,,,,,,,,,,,,,,,,,,,,,,,,,,,,,
2023,2,4,1,0,9.1,5.6,78.63,,,,,,,,,,,,,,,,,,,,,,,,,,,,,,,,,,,,
2023,2,4,2,0,8.6,5,78.18,,,,,,,,,,,,,,,,,,,,,,,,,,,,,,,,,,,,
2023,2,4,3,0,8,4.3,77.65,,,,,,,,,,,,,,,,,,,,,,,,,,,,,,,,,,,,
2023,2,4,4,0,7.4,3.8,77.91,,,,,,,,,,,,,,,,,,,,,,,,,,,,,,,,,,,,
2023,2,4,5,0,6.8,3.4,78.71,,,,,,,,,,,,,,,,,,,,,,,,,,,,,,,,,,,,
2023,2,4,6,0,6.2,2.8,79.01,,,,,,,,,,,,,,,,,,,,,,,,,,,,,,,,,,,,
2023,2,4,7,0,5.6,2.3,79.48,,,,,,,,,,,,,,,,,,,,,,,,,,,,,,,,,,,,
2023,2,4,8,0,5.1,1.9,79.64,,,,,,,,,,,,,,,,,,,,,,,,,,,,,,,,,,,,
2023,2,4,9,0,4.6,1.6,80.95,,,,,,,,,,,,,,,,,,,,,,,,,,,,,,,,,,,,
2023,2,4,10,0,4.2,1.3,81.6,,,,,,,,,,,,,,,,,,,,,,,,,,,,,,,,,,,,
2023,2,4,11,0,3.7,1.2,83.58,,,,,,,,,,,,,,,,,,,,,,,,,,,,,,,,,,,,
2023,2,4,12,0,3.7,1,82.27,,,,,,,,,,,,,,,,,,,,,,,,,,,,,,,,,,,,
2023,2,4,13,0,4.9,0.4,72.85,,,,,,,,,,,,,,,,,,,,,,,,,,,,,,,,,,,,
2023,2,4,14,0,6.6,0.4,64.42,,,,,,,,,,,,,,,,,,,,,,,,,,,,,,,,,,,,
2023,2,4,15,0,8.3,0.8,59.04,,,,,,,,,,,,,,,,,,,,,,,,,,,,,,,,,,,,
2023,2,4,16,0,9.7,1.3,56,,,,,,,,,,,,,,,,,,,,,,,,,,,,,,,,,,,,
2023,2,4,17,0,10.6,2,55.14,,,,,,,,,,,,,,,,,,,,,,,,,,,,,,,,,,,,
2023,2,4,18,0,11.2,2.6,55.41,,,,,,,,,,,,,,,,,,,,,,,,,,,,,,,,,,,,
2023,2,4,19,0,11.5,3.2,56.79,,,,,,,,,,,,,,,,,,,,,,,,,,,,,,,,,,,,
2023,2,4,20,0,11.4,3.8,59.5,,,,,,,,,,,,,,,,,,,,,,,,,,,,,,,,,,,,
2023,2,4,21,0,10.8,4.5,65.29,,,,,,,,,,,,,,,,,,,,,,,,,,,,,,,,,,,,
2023,2,4,22,0,8.9,5.6,79.74,,,,,,,,,,,,,,,,,,,,,,,,,,,,,,,,,,,,
2023,2,4,23,0,8.1,5.6,84.05,,,,,,,,,,,,,,,,,,,,,,,,,,,,,,,,,,,,
2023,2,5,0,0,8.4,6,84.82,,,,,,,,,,,,,,,,,,,,,,,,,,,,,,,,,,,,
2023,2,5,1,0,8.3,6.4,87.89,,,,,,,,,,,,,,,,,,,,,,,,,,,,,,,,,,,,
2023,2,5,2,0,8.3,6.7,89.45,,,,,,,,,,,,,,,,,,,,,,,,,,,,,,,,,,,,
2023,2,5,3,0,8.3,6.9,90.81,,,,,,,,,,,,,,,,,,,,,,,,,,,,,,,,,,,,
2023,2,5,4,0,8.3,7.1,91.91,,,,,,,,,,,,,,,,,,,,,,,,,,,,,,,,,,,,
2023,2,5,5,0,8.4,7.2,92.4,,,,,,,,,,,,,,,,,,,,,,,,,,,,,,,,,,,,
2023,2,5,6,0,8.6,7.5,92.65,,,,,,,,,,,,,,,,,,,,,,,,,,,,,,,,,,,,
2023,2,5,7,0,8.8,7.7,93.07,,,,,,,,,,,,,,,,,,,,,,,,,,,,,,,,,,,,
2023,2,5,8,0,8.9,8,94.17,,,,,,,,,,,,,,,,,,,,,,,,,,,,,,,,,,,,
2023,2,5,9,0,9.1,8.3,94.84,,,,,,,,,,,,,,,,,,,,,,,,,,,,,,,,,,,,
2023,2,5,10,0,9.1,8.6,96.37,,,,,,,,,,,,,,,,,,,,,,,,,,,,,,,,,,,,
2023,2,5,11,0,9.2,8.7,96.77,,,,,,,,,,,,,,,,,,,,,,,,,,,,,,,,,,,,
2023,2,5,12,0,9.4,8.9,96.52,,,,,,,,,,,,,,,,,,,,,,,,,,,,,,,,,,,,
2023,2,5,13,0,9.9,9.2,95.43,,,,,,,,,,,,,,,,,,,,,,,,,,,,,,,,,,,,
2023,2,5,14,0,10.5,9.6,93.96,,,,,,,,,,,,,,,,,,,,,,,,,,,,,,,,,,,,
2023,2,5,15,0,11.2,10.1,93.01,,,,,,,,,,,,,,,,,,,,,,,,,,,,,,,,,,,,
2023,2,5,16,0,12,10.6,91.44,,,,,,,,,,,,,,,,,,,,,,,,,,,,,,,,,,,,
2023,2,5,17,0,12.5,11,90.74,,,,,,,,,,,,,,,,,,,,,,,,,,,,,,,,,,,,
2023,2,5,18,0,12.7,11.4,91.5,,,,,,,,,,,,,,,,,,,,,,,,,,,,,,,,,,,,
2023,2,5,19,0,12.5,11.4,92.82,,,,,,,,,,,,,,,,,,,,,,,,,,,,,,,,,,,,
2023,2,5,20,0,12.2,11.2,93.59,,,,,,,,,,,,,,,,,,,,,,,,,,,,,,,,,,,,
2023,2,5,21,0,11.8,11,94.61,,,,,,,,,,,,,,,,,,,,,,,,,,,,,,,,,,,,
2023,2,5,22,0,10.9,10.5,97.2,,,,,,,,,,,,,,,,,,,,,,,,,,,,,,,,,,,,
2023,2,5,23,0,10.3,9.9,97.55,,,,,,,,,,,,,,,,,,,,,,,,,,,,,,,,,,,,
2023,2,6,0,0,10,9.6,97.31,,,,,,,,,,,,,,,,,,,,,,,,,,,,,,,,,,,,
2023,2,6,1,0,9.6,9.4,98.56,,,,,,,,,,,,,,,,,,,,,,,,,,,,,,,,,,,,
2023,2,6,2,0,9.4,9.3,99.5,,,,,,,,,,,,,,,,,,,,,,,,,,,,,,,,,,,,
2023,2,6,3,0,9.2,9.2,100,,,,,,,,,,,,,,,,,,,,,,,,,,,,,,,,,,,,
2023,2,6,4,0,9.4,9.4,100,,,,,,,,,,,,,,,,,,,,,,,,,,,,,,,,,,,,
2023,2,6,5,0,9.7,9.7,100,,,,,,,,,,,,,,,,,,,,,,,,,,,,,,,,,,,,
2023,2,6,6,0,9.7,9.7,100,,,,,,,,,,,,,,,,,,,,,,,,,,,,,,,,,,,,
2023,2,6,7,0,9.6,9.6,100,,,,,,,,,,,,,,,,,,,,,,,,,,,,,,,,,,,,
2023,2,6,8,0,10.2,10.2,100,,,,,,,,,,,,,,,,,,,,,,,,,,,,,,,,,,,,
2023,2,6,9,0,10.4,10.4,100,,,,,,,,,,,,,,,,,,,,,,,,,,,,,,,,,,,,
2023,2,6,10,0,10.1,10.1,100,,,,,,,,,,,,,,,,,,,,,,,,,,,,,,,,,,,,
2023,2,6,11,0,9.6,9.6,100,,,,,,,,,,,,,,,,,,,,,,,,,,,,,,,,,,,,
2023,2,6,12,0,9.7,9.5,98.54,,,,,,,,,,,,,,,,,,,,,,,,,,,,,,,,,,,,
2023,2,6,13,0,10.5,9.6,94.16,,,,,,,,,,,,,,,,,,,,,,,,,,,,,,,,,,,,
2023,2,6,14,0,11.8,9.8,87.73,,,,,,,,,,,,,,,,,,,,,,,,,,,,,,,,,,,,
2023,2,6,15,0,14,9,71.73,,,,,,,,,,,,,,,,,,,,,,,,,,,,,,,,,,,,
2023,2,6,16,0,15.5,7.4,58.35,,,,,,,,,,,,,,,,,,,,,,,,,,,,,,,,,,,,
2023,2,6,17,0,16.2,6.7,53.33,,,,,,,,,,,,,,,,,,,,,,,,,,,,,,,,,,,,
2023,2,6,18,0,16.6,6.5,51.41,,,,,,,,,,,,,,,,,,,,,,,,,,,,,,,,,,,,
2023,2,6,19,0,16.8,6.6,51.12,,,,,,,,,,,,,,,,,,,,,,,,,,,,,,,,,,,,
2023,2,6,20,0,16.7,7,52.85,,,,,,,,,,,,,,,,,,,,,,,,,,,,,,,,,,,,
2023,2,6,21,0,15.9,8.9,63.15,,,,,,,,,,,,,,,,,,,,,,,,,,,,,,,,,,,,
2023,2,6,22,0,14.2,8.5,68.79,,,,,,,,,,,,,,,,,,,,,,,,,,,,,,,,,,,,
2023,2,6,23,0,13.8,7.5,65.81,,,,,,,,,,,,,,,,,,,,,,,,,,,,,,,,,,,,
2023,2,7,0,0,13.9,7.3,64.31,,,,,,,,,,,,,,,,,,,,,,,,,,,,,,,,,,,,
2023,2,7,1,0,14,7.1,63.3,,,,,,,,,,,,,,,,,,,,,,,,,,,,,,,,,,,,
2023,2,7,2,0,13.8,7.1,64,,,,,,,,,,,,,,,,,,,,,,,,,,,,,,,,,,,,
2023,2,7,3,0,13.1,7,66.58,,,,,,,,,,,,,,,,,,,,,,,,,,,,,,,,,,,,
2023,2,7,4,0,12.3,6.9,69.52,,,,,,,,,,,,,,,,,,,,,,,,,,,,,,,,,,,,
2023,2,7,5,0,11.9,6.9,71.21,,,,,,,,,,,,,,,,,,,,,,,,,,,,,,,,,,,,
2023,2,7,6,0,11.7,6.8,72.03,,,,,,,,,,,,,,,,,,,,,,,,,,,,,,,,,,,,
2023,2,7,7,0,11.6,6.8,72.45,,,,,,,,,,,,,,,,,,,,,,,,,,,,,,,,,,,,
2023,2,7,8,0,11.5,6.9,73.16,,,,,,,,,,,,,,,,,,,,,,,,,,,,,,,,,,,,
2023,2,7,9,0,11.5,7,73.77,,,,,,,,,,,,,,,,,,,,,,,,,,,,,,,,,,,,
2023,2,7,10,0,11.6,7.2,74.57,,,,,,,,,,,,,,,,,,,,,,,,,,,,,,,,,,,,
2023,2,7,11,0,11.3,7.4,77.16,,,,,,,,,,,,,,,,,,,,,,,,,,,,,,,,,,,,
2023,2,7,12,0,11.1,7.7,79.69,,,,,,,,,,,,,,,,,,,,,,,,,,,,,,,,,,,,
2023,2,7,13,0,12.6,8.8,77.84,,,,,,,,,,,,,,,,,,,,,,,,,,,,,,,,,,,,
2023,2,7,14,0,14.1,9.3,72.99,,,,,,,,,,,,,,,,,,,,,,,,,,,,,,,,,,,,
2023,2,7,15,0,16.4,9,61.54,,,,,,,,,,,,,,,,,,,,,,,,,,,,,,,,,,,,
2023,2,7,16,0,17.5,9,57.27,,,,,,,,,,,,,,,,,,,,,,,,,,,,,,,,,,,,
2023,2,7,17,0,18.2,9.4,56.53,,,,,,,,,,,,,,,,,,,,,,,,,,,,,,,,,,,,
2023,2,7,18,0,18.7,9.9,56.76,,,,,,,,,,,,,,,,,,,,,,,,,,,,,,,,,,,,
2023,2,7,19,0,18.9,10.6,58.37,,,,,,,,,,,,,,,,,,,,,,,,,,,,,,,,,,,,
2023,2,7,20,0,18.7,11.3,62.07,,,,,,,,,,,,,,,,,,,,,,,,,,,,,,,,,,,,
2023,2,7,21,0,17.9,12.8,71.88,,,,,,,,,,,,,,,,,,,,,,,,,,,,,,,,,,,,
2023,2,7,22,0,16.3,12.2,76.67,,,,,,,,,,,,,,,,,,,,,,,,,,,,,,,,,,,,
2023,2,7,23,0,15.9,11.6,75.79,,,,,,,,,,,,,,,,,,,,,,,,,,,,,,,,,,,,
2023,2,8,0,0,15.6,11.7,77.76,,,,,,,,,,,,,,,,,,,,,,,,,,,,,,,,,,,,
2023,2,8,1,0,15.2,11.9,80.88,,,,,,,,,,,,,,,,,,,,,,,,,,,,,,,,,,,,
2023,2,8,2,0,14.5,12.2,86.01,,,,,,,,,,,,,,,,,,,,,,,,,,,,,,,,,,,,
2023,2,8,3,0,13.8,12.3,90.75,,,,,,,,,,,,,,,,,,,,,,,,,,,,,,,,,,,,
2023,2,8,4,0,13.3,12.4,94.48,,,,,,,,,,,,,,,,,,,,,,,,,,,,,,,,,,,,
2023,2,8,5,0,13,12.5,96.89,,,,,,,,,,,,,,,,,,,,,,,,,,,,,,,,,,,,
2023,2,8,6,0,12.8,12.6,98.51,,,,,,,,,,,,,,,,,,,,,,,,,,,,,,,,,,,,
2023,2,8,7,0,12.6,12.6,99.83,,,,,,,,,,,,,,,,,,,,,,,,,,,,,,,,,,,,
2023,2,8,8,0,12.3,12.3,100,,,,,,,,,,,,,,,,,,,,,,,,,,,,,,,,,,,,
2023,2,8,9,0,12.3,12.3,100,,,,,,,,,,,,,,,,,,,,,,,,,,,,,,,,,,,,
2023,2,8,10,0,12.3,12.3,100,,,,,,,,,,,,,,,,,,,,,,,,,,,,,,,,,,,,
2023,2,8,11,0,12.3,12.3,100,,,,,,,,,,,,,,,,,,,,,,,,,,,,,,,,,,,,
2023,2,8,12,0,12.8,12.5,98.01,,,,,,,,,,,,,,,,,,,,,,,,,,,,,,,,,,,,
2023,2,8,13,0,14.1,13.2,94.03,,,,,,,,,,,,,,,,,,,,,,,,,,,,,,,,,,,,
2023,2,8,14,0,15.3,13.6,89.49,,,,,,,,,,,,,,,,,,,,,,,,,,,,,,,,,,,,
2023,2,8,15,0,17.5,13.6,78.13,,,,,,,,,,,,,,,,,,,,,,,,,,,,,,,,,,,,
2023,2,8,16,0,19.3,13.2,67.66,,,,,,,,,,,,,,,,,,,,,,,,,,,,,,,,,,,,
2023,2,8,17,0,20.2,13.1,63.67,,,,,,,,,,,,,,,,,,,,,,,,,,,,,,,,,,,,
2023,2,8,18,0,20.8,12.9,60.68,,,,,,,,,,,,,,,,,,,,,,,,,,,,,,,,,,,,
2023,2,8,19,0,21.2,12.7,58.4,,,,,,,,,,,,,,,,,,,,,,,,,,,,,,,,,,,,
2023,2,8,20,0,20.9,12.9,60.05,,,,,,,,,,,,,,,,,,,,,,,,,,,,,,,,,,,,
2023,2,8,21,0,20.1,14,68.09,,,,,,,,,,,,,,,,,,,,,,,,,,,,,,,,,,,,
2023,2,8,22,0,17.4,14.1,81,,,,,,,,,,,,,,,,,,,,,,,,,,,,,,,,,,,,
2023,2,8,23,0,15.9,13.6,86.27,,,,,,,,,,,,,,,,,,,,,,,,,,,,,,,,,,,,
2023,2,9,0,0,15.3,13.6,89.46,,,,,,,,,,,,,,,,,,,,,,,,,,,,,,,,,,,,
2023,2,9,1,0,14.9,13.6,92.12,,,,,,,,,,,,,,,,,,,,,,,,,,,,,,,,,,,,
2023,2,9,2,0,14.6,13.8,95.17,,,,,,,,,,,,,,,,,,,,,,,,,,,,,,,,,,,,
2023,2,9,3,0,14.6,14.1,96.72,,,,,,,,,,,,,,,,,,,,,,,,,,,,,,,,,,,,
2023,2,9,4,0,14.7,14.3,97.22,,,,,,,,,,,,,,,,,,,,,,,,,,,,,,,,,,,,
2023,2,9,5,0,14.6,14.4,98.74,,,,,,,,,,,,,,,,,,,,,,,,,,,,,,,,,,,,
2023,2,9,6,0,14.6,14.5,99.44,,,,,,,,,,,,,,,,,,,,,,,,,,,,,,,,,,,,
2023,2,9,7,0,14.6,14.6,100,,,,,,,,,,,,,,,,,,,,,,,,,,,,,,,,,,,,
2023,2,9,8,0,14.9,14.9,100,,,,,,,,,,,,,,,,,,,,,,,,,,,,,,,,,,,,
2023,2,9,9,0,15.1,15.1,99.75,,,,,,,,,,,,,,,,,,,,,,,,,,,,,,,,,,,,
2023,2,9,10,0,15.1,15.1,99.78,,,,,,,,,,,,,,,,,,,,,,,,,,,,,,,,,,,,
2023,2,9,11,0,15.3,15.3,100,,,,,,,,,,,,,,,,,,,,,,,,,,,,,,,,,,,,
2023,2,9,12,0,16.4,15.9,96.76,,,,,,,,,,,,,,,,,,,,,,,,,,,,,,,,,,,,
2023,2,9,13,0,17.6,16.5,93.03,,,,,,,,,,,,,,,,,,,,,,,,,,,,,,,,,,,,
2023,2,9,14,0,18.7,16.7,87.98,,,,,,,,,,,,,,,,,,,,,,,,,,,,,,,,,,,,
2023,2,9,15,0,19.8,16.3,80.3,,,,,,,,,,,,,,,,,,,,,,,,,,,,,,,,,,,,
2023,2,9,16,0,20.6,16,74.93,,,,,,,,,,,,,,,,,,,,,,,,,,,,,,,,,,,,
2023,2,9,17,0,21,15.7,71.68,,,,,,,,,,,,,,,,,,,,,,,,,,,,,,,,,,,,
2023,2,9,18,0,21.2,15.4,69.63,,,,,,,,,,,,,,,,,,,,,,,,,,,,,,,,,,,,
2023,2,9,19,0,21.1,15.4,69.98,,,,,,,,,,,,,,,,,,,,,,,,,,,,,,,,,,,,
2023,2,9,20,0,20.6,15.8,73.89,,,,,,,,,,,,,,,,,,,,,,,,,,,,,,,,,,,,
2023,2,9,21,0,19.8,16.4,80.92,,,,,,,,,,,,,,,,,,,,,,,,,,,,,,,,,,,,
2023,2,9,22,0,18.5,16.6,88.92,,,,,,,,,,,,,,,,,,,,,,,,,,,,,,,,,,,,
2023,2,9,23,0,17.8,16.8,93.69,,,,,,,,,,,,,,,,,,,,,,,,,,,,,,,,,,,,
2023,2,10,0,0,17.5,17,96.78,,,,,,,,,,,,,,,,,,,,,,,,,,,,,,,,,,,,
2023,2,10,1,0,17.3,17.1,98.63,,,,,,,,,,,,,,,,,,,,,,,,,,,,,,,,,,,,
2023,2,10,2,0,17.3,17.1,98.78,,,,,,,,,,,,,,,,,,,,,,,,,,,,,,,,,,,,
2023,2,10,3,0,17.3,17.2,99.17,,,,,,,,,,,,,,,,,,,,,,,,,,,,,,,,,,,,
2023,2,10,4,0,17.3,17.3,100,,,,,,,,,,,,,,,,,,,,,,,,,,,,,,,,,,,,
2023,2,10,5,0,17.4,17.4,100,,,,,,,,,,,,,,,,,,,,,,,,,,,,,,,,,,,,
2023,2,10,6,0,17.5,17.5,100,,,,,,,,,,,,,,,,,,,,,,,,,,,,,,,,,,,,
2023,2,10,7,0,17.7,17.7,100,,,,,,,,,,,,,,,,,,,,,,,,,,,,,,,,,,,,
2023,2,10,8,0,17.7,17.7,100,,,,,,,,,,,,,,,,,,,,,,,,,,,,,,,,,,,,
2023,2,10,9,0,17.6,17.6,100,,,,,,,,,,,,,,,,,,,,,,,,,,,,,,,,,,,,
2023,2,10,10,0,17.3,17.3,100,,,,,,,,,,,,,,,,,,,,,,,,,,,,,,,,,,,,
2023,2,10,11,0,16.7,16.7,100,,,,,,,,,,,,,,,,,,,,,,,,,,,,,,,,,,,,
2023,2,10,12,0,16.9,16.9,100,,,,,,,,,,,,,,,,,,,,,,,,,,,,,,,,,,,,
2023,2,10,13,0,17.8,17.3,96.72,,,,,,,,,,,,,,,,,,,,,,,,,,,,,,,,,,,,
2023,2,10,14,0,18.9,17.6,92.16,,,,,,,,,,,,,,,,,,,,,,,,,,,,,,,,,,,,
2023,2,10,15,0,20,17.8,87.31,,,,,,,,,,,,,,,,,,,,,,,,,,,,,,,,,,,,
2023,2,10,16,0,20.7,18,84.34,,,,,,,,,,,,,,,,,,,,,,,,,,,,,,,,,,,,
2023,2,10,17,0,21.1,18,82.36,,,,,,,,,,,,,,,,,,,,,,,,,,,,,,,,,,,,
2023,2,10,18,0,20.8,17.9,83.67,,,,,,,,,,,,,,,,,,,,,,,,,,,,,,,,,,,,
2023,2,10,19,0,20.2,18.1,87.99,,,,,,,,,,,,,,,,,,,,,,,,,,,,,,,,,,,,
2023,2,10,20,0,19.5,18.4,93.15,,,,,,,,,,,,,,,,,,,,,,,,,,,,,,,,,,,,
2023,2,10,21,0,18.8,18.3,97,,,,,,,,,,,,,,,,,,,,,,,,,,,,,,,,,,,,
2023,2,10,22,0,18.1,18,99.52,,,,,,,,,,,,,,,,,,,,,,,,,,,,,,,,,,,,
2023,2,10,23,0,17.7,17.7,100,,,,,,,,,,,,,,,,,,,,,,,,,,,,,,,,,,,,
2023,2,11,0,0,17.5,17.5,100,,,,,,,,,,,,,,,,,,,,,,,,,,,,,,,,,,,,
2023,2,11,1,0,17.3,17.3,100,,,,,,,,,,,,,,,,,,,,,,,,,,,,,,,,,,,,
2023,2,11,2,0,17.2,17.2,100,,,,,,,,,,,,,,,,,,,,,,,,,,,,,,,,,,,,
2023,2,11,3,0,16.9,16.9,100,,,,,,,,,,,,,,,,,,,,,,,,,,,,,,,,,,,,
2023,2,11,4,0,16.6,16.6,99.7,,,,,,,,,,,,,,,,,,,,,,,,,,,,,,,,,,,,
2023,2,11,5,0,16.2,16,99.01,,,,,,,,,,,,,,,,,,,,,,,,,,,,,,,,,,,,
2023,2,11,6,0,15.8,15.6,98.59,,,,,,,,,,,,,,,,,,,,,,,,,,,,,,,,,,,,
2023,2,11,7,0,15.5,15.2,97.88,,,,,,,,,,,,,,,,,,,,,,,,,,,,,,,,,,,,
2023,2,11,8,0,15,14.7,97.85,,,,,,,,,,,,,,,,,,,,,,,,,,,,,,,,,,,,
2023,2,11,9,0,14.4,13.9,96.7,,,,,,,,,,,,,,,,,,,,,,,,,,,,,,,,,,,,
2023,2,11,10,0,13.7,13.1,95.9,,,,,,,,,,,,,,,,,,,,,,,,,,,,,,,,,,,,
2023,2,11,11,0,13.3,12.6,95.25,,,,,,,,,,,,,,,,,,,,,,,,,,,,,,,,,,,,
2023,2,11,12,0,13.3,12.4,94.22,,,,,,,,,,,,,,,,,,,,,,,,,,,,,,,,,,,,
2023,2,11,13,0,13.5,12.5,93.71,,,,,,,,,,,,,,,,,,,,,,,,,,,,,,,,,,,,
2023,2,11,14,0,13.8,12.6,92.64,,,,,,,,,,,,,,,,,,,,,,,,,,,,,,,,,,,,
2023,2,11,15,0,14.1,12.6,90.86,,,,,,,,,,,,,,,,,,,,,,,,,,,,,,,,,,,,
2023,2,11,16,0,14.3,12.4,88.44,,,,,,,,,,,,,,,,,,,,,,,,,,,,,,,,,,,,
2023,2,11,17,0,14.3,12,86.24,,,,,,,,,,,,,,,,,,,,,,,,,,,,,,,,,,,,
2023,2,11,18,0,13.7,11.5,86.85,,,,,,,,,,,,,,,,,,,,,,,,,,,,,,,,,,,,
2023,2,11,19,0,13.1,11.2,88.34,,,,,,,,,,,,,,,,,,,,,,,,,,,,,,,,,,,,
2023,2,11,20,0,12.7,11.1,90.2,,,,,,,,,,,,,,,,,,,,,,,,,,,,,,,,,,,,
2023,2,11,21,0,12.4,11.2,92.17,,,,,,,,,,,,,,,,,,,,,,,,,,,,,,,,,,,,
2023,2,11,22,0,12.1,11.3,95.02,,,,,,,,,,,,,,,,,,,,,,,,,,,,,,,,,,,,
2023,2,11,23,0,12.3,11.8,97.06,,,,,,,,,,,,,,,,,,,,,,,,,,,,,,,,,,,,
2023,2,12,0,0,12.8,12.6,98.72,,,,,,,,,,,,,,,,,,,,,,,,,,,,,,,,,,,,
2023,2,12,1,0,13.4,13.4,99.96,,,,,,,,,,,,,,,,,,,,,,,,,,,,,,,,,,,,
2023,2,12,2,0,14.1,14.1,100,,,,,,,,,,,,,,,,,,,,,,,,,,,,,,,,,,,,
2023,2,12,3,0,14.7,14.7,100,,,,,,,,,,,,,,,,,,,,,,,,,,,,,,,,,,,,
2023,2,12,4,0,15.6,15.6,100,,,,,,,,,,,,,,,,,,,,,,,,,,,,,,,,,,,,
2023,2,12,5,0,16.5,16.5,100,,,,,,,,,,,,,,,,,,,,,,,,,,,,,,,,,,,,
2023,2,12,6,0,16.9,16.9,100,,,,,,,,,,,,,,,,,,,,,,,,,,,,,,,,,,,,
2023,2,12,7,0,17.1,17.1,100,,,,,,,,,,,,,,,,,,,,,,,,,,,,,,,,,,,,
2023,2,12,8,0,16.4,16.4,100,,,,,,,,,,,,,,,,,,,,,,,,,,,,,,,,,,,,
2023,2,12,9,0,14.9,14.6,98.03,,,,,,,,,,,,,,,,,,,,,,,,,,,,,,,,,,,,
2023,2,12,10,0,13.8,13.1,95.5,,,,,,,,,,,,,,,,,,,,,,,,,,,,,,,,,,,,
2023,2,12,11,0,13.3,12.3,93.49,,,,,,,,,,,,,,,,,,,,,,,,,,,,,,,,,,,,
2023,2,12,12,0,13,11.8,92.4,,,,,,,,,,,,,,,,,,,,,,,,,,,,,,,,,,,,
2023,2,12,13,0,13.5,11.6,88.51,,,,,,,,,,,,,,,,,,,,,,,,,,,,,,,,,,,,
2023,2,12,14,0,14.2,11.1,81.64,,,,,,,,,,,,,,,,,,,,,,,,,,,,,,,,,,,,
2023,2,12,15,0,14.8,10.5,75.28,,,,,,,,,,,,,,,,,,,,,,,,,,,,,,,,,,,,
2023,2,12,16,0,15,10.4,73.91,,,,,,,,,,,,,,,,,,,,,,,,,,,,,,,,,,,,
2023,2,12,17,0,14.6,10.3,75.62,,,,,,,,,,,,,,,,,,,,,,,,,,,,,,,,,,,,
2023,2,12,18,0,14.3,10,75.12,,,,,,,,,,,,,,,,,,,,,,,,,,,,,,,,,,,,
2023,2,12,19,0,13.9,9.2,73.21,,,,,,,,,,,,,,,,,,,,,,,,,,,,,,,,,,,,
2023,2,12,20,0,13.1,8.5,73.47,,,,,,,,,,,,,,,,,,,,,,,,,,,,,,,,,,,,
2023,2,12,21,0,12.3,8,75.2,,,,,,,,,,,,,,,,,,,,,,,,,,,,,,,,,,,,
2023,2,12,22,0,11.4,8,79.36,,,,,,,,,,,,,,,,,,,,,,,,,,,,,,,,,,,,
2023,2,12,23,0,10.6,7.9,83.39,,,,,,,,,,,,,,,,,,,,,,,,,,,,,,,,,,,,
2023,2,13,0,0,9.9,7.5,85.04,,,,,,,,,,,,,,,,,,,,,,,,,,,,,,,,,,,,
2023,2,13,1,0,9,7,87.42,,,,,,,,,,,,,,,,,,,,,,,,,,,,,,,,,,,,
2023,2,13,2,0,8.4,6.8,89.79,,,,,,,,,,,,,,,,,,,,,,,,,,,,,,,,,,,,
2023,2,13,3,0,8.3,6.9,91.2,,,,,,,,,,,,,,,,,,,,,,,,,,,,,,,,,,,,
2023,2,13,4,0,8.4,7.2,91.99,,,,,,,,,,,,,,,,,,,,,,,,,,,,,,,,,,,,
2023,2,13,5,0,8.5,7.3,92.46,,,,,,,,,,,,,,,,,,,,,,,,,,,,,,,,,,,,
2023,2,13,6,0,8.3,7.4,93.77,,,,,,,,,,,,,,,,,,,,,,,,,,,,,,,,,,,,
2023,2,13,7,0,8.2,7.2,93.55,,,,,,,,,,,,,,,,,,,,,,,,,,,,,,,,,,,,
2023,2,13,8,0,8.1,7.1,93.1,,,,,,,,,,,,,,,,,,,,,,,,,,,,,,,,,,,,
2023,2,13,9,0,7.9,6.8,92.89,,,,,,,,,,,,,,,,,,,,,,,,,,,,,,,,,,,,
2023,2,13,10,0,7.6,6.5,92.76,,,,,,,,,,,,,,,,,,,,,,,,,,,,,,,,,,,,
2023,2,13,11,0,7.4,6.2,92.33,,,,,,,,,,,,,,,,,,,,,,,,,,,,,,,,,,,,
2023,2,13,12,0,7.8,6.1,88.83,,,,,,,,,,,,,,,,,,,,,,,,,,,,,,,,,,,,
2023,2,13,13,0,9,6.1,81.86,,,,,,,,,,,,,,,,,,,,,,,,,,,,,,,,,,,,
2023,2,13,14,0,10.9,6.1,72.41,,,,,,,,,,,,,,,,,,,,,,,,,,,,,,,,,,,,
2023,2,13,15,0,12.8,5.9,62.71,,,,,,,,,,,,,,,,,,,,,,,,,,,,,,,,,,,,
2023,2,13,16,0,14.6,5.3,53.7,,,,,,,,,,,,,,,,,,,,,,,,,,,,,,,,,,,,
2023,2,13,17,0,15.8,5.5,50.21,,,,,,,,,,,,,,,,,,,,,,,,,,,,,,,,,,,,
2023,2,13,18,0,16.7,6,49.14,,,,,,,,,,,,,,,,,,,,,,,,,,,,,,,,,,,,
2023,2,13,19,0,17.1,6.7,50.29,,,,,,,,,,,,,,,,,,,,,,,,,,,,,,,,,,,,
2023,2,13,20,0,17.2,7.8,53.8,,,,,,,,,,,,,,,,,,,,,,,,,,,,,,,,,,,,
2023,2,13,21,0,16.5,9.7,63.96,,,,,,,,,,,,,,,,,,,,,,,,,,,,,,,,,,,,
2023,2,13,22,0,14.4,10.2,75.72,,,,,,,,,,,,,,,,,,,,,,,,,,,,,,,,,,,,
2023,2,13,23,0,13.3,9.6,78.24,,,,,,,,,,,,,,,,,,,,,,,,,,,,,,,,,,,,
2023,2,14,0,0,13.3,9.8,79.55,,,,,,,,,,,,,,,,,,,,,,,,,,,,,,,,,,,,
2023,2,14,1,0,13.2,10.2,81.85,,,,,,,,,,,,,,,,,,,,,,,,,,,,,,,,,,,,
2023,2,14,2,0,12.7,10.5,86.47,,,,,,,,,,,,,,,,,,,,,,,,,,,,,,,,,,,,
2023,2,14,3,0,12,10.5,90.36,,,,,,,,,,,,,,,,,,,,,,,,,,,,,,,,,,,,
2023,2,14,4,0,11.3,10.1,92.33,,,,,,,,,,,,,,,,,,,,,,,,,,,,,,,,,,,,
2023,2,14,5,0,10.7,9.7,93.67,,,,,,,,,,,,,,,,,,,,,,,,,,,,,,,,,,,,
2023,2,14,6,0,10.1,9.4,95.24,,,,,,,,,,,,,,,,,,,,,,,,,,,,,,,,,,,,
2023,2,14,7,0,9.5,9.1,97.35,,,,,,,,,,,,,,,,,,,,,,,,,,,,,,,,,,,,
2023,2,14,8,0,8.9,8.9,100,,,,,,,,,,,,,,,,,,,,,,,,,,,,,,,,,,,,
2023,2,14,9,0,8.7,8.7,99.88,,,,,,,,,,,,,,,,,,,,,,,,,,,,,,,,,,,,
2023,2,14,10,0,8.7,8.4,97.68,,,,,,,,,,,,,,,,,,,,,,,,,,,,,,,,,,,,
2023,2,14,11,0,8,8,99.95,,,,,,,,,,,,,,,,,,,,,,,,,,,,,,,,,,,,
2023,2,14,12,0,8.8,8,94.94,,,,,,,,,,,,,,,,,,,,,,,,,,,,,,,,,,,,
2023,2,14,13,0,10.4,8.4,87.28,,,,,,,,,,,,,,,,,,,,,,,,,,,,,,,,,,,,
2023,2,14,14,0,12.8,9.1,77.97,,,,,,,,,,,,,,,,,,,,,,,,,,,,,,,,,,,,
2023,2,14,15,0,15.9,9,63.56,,,,,,,,,,,,,,,,,,,,,,,,,,,,,,,,,,,,
2023,2,14,16,0,17.3,9.2,58.89,,,,,,,,,,,,,,,,,,,,,,,,,,,,,,,,,,,,
2023,2,14,17,0,18.1,9.4,56.85,,,,,,,,,,,,,,,,,,,,,,,,,,,,,,,,,,,,
2023,2,14,18,0,18.4,9.7,57,,,,,,,,,,,,,,,,,,,,,,,,,,,,,,,,,,,,
2023,2,14,19,0,18.2,10.1,59.27,,,,,,,,,,,,,,,,,,,,,,,,,,,,,,,,,,,,
2023,2,14,20,0,18,10.5,61.61,,,,,,,,,,,,,,,,,,,,,,,,,,,,,,,,,,,,
2023,2,14,21,0,17.2,11.5,69.37,,,,,,,,,,,,,,,,,,,,,,,,,,,,,,,,,,,,
2023,2,14,22,0,15.3,12.1,81.02,,,,,,,,,,,,,,,,,,,,,,,,,,,,,,,,,,,,
2023,2,14,23,0,14.2,11.5,83.62,,,,,,,,,,,,,,,,,,,,,,,,,,,,,,,,,,,,
2023,2,15,0,0,13.9,11.6,86.13,,,,,,,,,,,,,,,,,,,,,,,,,,,,,,,,,,,,
2023,2,15,1,0,13.7,11.9,88.88,,,,,,,,,,,,,,,,,,,,,,,,,,,,,,,,,,,,
2023,2,15,2,0,13.6,12.2,91.34,,,,,,,,,,,,,,,,,,,,,,,,,,,,,,,,,,,,
2023,2,15,3,0,13.4,12.4,93.77,,,,,,,,,,,,,,,,,,,,,,,,,,,,,,,,,,,,
2023,2,15,4,0,13.3,12.5,95.05,,,,,,,,,,,,,,,,,,,,,,,,,,,,,,,,,,,,
2023,2,15,5,0,13.1,12.7,97.22,,,,,,,,,,,,,,,,,,,,,,,,,,,,,,,,,,,,
2023,2,15,6,0,13,12.8,98.93,,,,,,,,,,,,,,,,,,,,,,,,,,,,,,,,,,,,
2023,2,15,7,0,13.1,13.1,99.87,,,,,,,,,,,,,,,,,,,,,,,,,,,,,,,,,,,,
2023,2,15,8,0,13.2,13.2,100,,,,,,,,,,,,,,,,,,,,,,,,,,,,,,,,,,,,
2023,2,15,9,0,13.4,13.4,100,,,,,,,,,,,,,,,,,,,,,,,,,,,,,,,,,,,,
2023,2,15,10,0,13.6,13.6,100,,,,,,,,,,,,,,,,,,,,,,,,,,,,,,,,,,,,
2023,2,15,11,0,13.6,13.6,100,,,,,,,,,,,,,,,,,,,,,,,,,,,,,,,,,,,,
2023,2,15,12,0,14.7,14.7,99.93,,,,,,,,,,,,,,,,,,,,,,,,,,,,,,,,,,,,
2023,2,15,13,0,16.5,15.7,95.09,,,,,,,,,,,,,,,,,,,,,,,,,,,,,,,,,,,,
2023,2,15,14,0,17.8,16.2,90.61,,,,,,,,,,,,,,,,,,,,,,,,,,,,,,,,,,,,
2023,2,15,15,0,19.3,16.1,81.54,,,,,,,,,,,,,,,,,,,,,,,,,,,,,,,,,,,,
2023,2,15,16,0,20,15.9,77.39,,,,,,,,,,,,,,,,,,,,,,,,,,,,,,,,,,,,
2023,2,15,17,0,20.3,15.8,75.48,,,,,,,,,,,,,,,,,,,,,,,,,,,,,,,,,,,,
2023,2,15,18,0,20.5,15.8,74.35,,,,,,,,,,,,,,,,,,,,,,,,,,,,,,,,,,,,
2023,2,15,19,0,20.4,15.9,75.21,,,,,,,,,,,,,,,,,,,,,,,,,,,,,,,,,,,,
2023,2,15,20,0,20.1,16.1,77.55,,,,,,,,,,,,,,,,,,,,,,,,,,,,,,,,,,,,
2023,2,15,21,0,19.4,16.5,83.27,,,,,,,,,,,,,,,,,,,,,,,,,,,,,,,,,,,,
2023,2,15,22,0,17.7,16.5,92.84,,,,,,,,,,,,,,,,,,,,,,,,,,,,,,,,,,,,
2023,2,15,23,0,16.5,16,97.05,,,,,,,,,,,,,,,,,,,,,,,,,,,,,,,,,,,,
2023,2,16,0,0,16.2,16,98.88,,,,,,,,,,,,,,,,,,,,,,,,,,,,,,,,,,,,
2023,2,16,1,0,16,16,100,,,,,,,,,,,,,,,,,,,,,,,,,,,,,,,,,,,,
2023,2,16,2,0,15.9,15.9,100,,,,,,,,,,,,,,,,,,,,,,,,,,,,,,,,,,,,
2023,2,16,3,0,16,16,100,,,,,,,,,,,,,,,,,,,,,,,,,,,,,,,,,,,,
2023,2,16,4,0,16.3,16.3,100,,,,,,,,,,,,,,,,,,,,,,,,,,,,,,,,,,,,
2023,2,16,5,0,16.4,16.4,100,,,,,,,,,,,,,,,,,,,,,,,,,,,,,,,,,,,,
2023,2,16,6,0,16.2,16.2,100,,,,,,,,,,,,,,,,,,,,,,,,,,,,,,,,,,,,
2023,2,16,7,0,16.1,16.1,100,,,,,,,,,,,,,,,,,,,,,,,,,,,,,,,,,,,,
2023,2,16,8,0,16.1,16.1,100,,,,,,,,,,,,,,,,,,,,,,,,,,,,,,,,,,,,
2023,2,16,9,0,16,16,100,,,,,,,,,,,,,,,,,,,,,,,,,,,,,,,,,,,,
2023,2,16,10,0,16,16,100,,,,,,,,,,,,,,,,,,,,,,,,,,,,,,,,,,,,
2023,2,16,11,0,16,16,100,,,,,,,,,,,,,,,,,,,,,,,,,,,,,,,,,,,,
2023,2,16,12,0,17,17,99.73,,,,,,,,,,,,,,,,,,,,,,,,,,,,,,,,,,,,
2023,2,16,13,0,18.2,17.6,96.14,,,,,,,,,,,,,,,,,,,,,,,,,,,,,,,,,,,,
2023,2,16,14,0,19.5,18,91,,,,,,,,,,,,,,,,,,,,,,,,,,,,,,,,,,,,
2023,2,16,15,0,20.7,18,84.42,,,,,,,,,,,,,,,,,,,,,,,,,,,,,,,,,,,,
2023,2,16,16,0,21.4,17.9,80.35,,,,,,,,,,,,,,,,,,,,,,,,,,,,,,,,,,,,
2023,2,16,17,0,21.8,17.7,77.62,,,,,,,,,,,,,,,,,,,,,,,,,,,,,,,,,,,,
2023,2,16,18,0,21.9,17.5,75.95,,,,,,,,,,,,,,,,,,,,,,,,,,,,,,,,,,,,
2023,2,16,19,0,21.8,17.3,75.71,,,,,,,,,,,,,,,,,,,,,,,,,,,,,,,,,,,,
2023,2,16,20,0,21.2,17.5,79.2,,,,,,,,,,,,,,,,,,,,,,,,,,,,,,,,,,,,
2023,2,16,21,0,20.5,17.9,84.95,,,,,,,,,,,,,,,,,,,,,,,,,,,,,,,,,,,,
2023,2,16,22,0,19.2,18.1,93.3,,,,,,,,,,,,,,,,,,,,,,,,,,,,,,,,,,,,
2023,2,16,23,0,18.1,18.1,100,,,,,,,,,,,,,,,,,,,,,,,,,,,,,,,,,,,,
2023,2,17,0,0,17.8,17.8,100,,,,,,,,,,,,,,,,,,,,,,,,,,,,,,,,,,,,
2023,2,17,1,0,17.9,17.9,100,,,,,,,,,,,,,,,,,,,,,,,,,,,,,,,,,,,,
2023,2,17,2,0,18,18,100,,,,,,,,,,,,,,,,,,,,,,,,,,,,,,,,,,,,
2023,2,17,3,0,18,18,100,,,,,,,,,,,,,,,,,,,,,,,,,,,,,,,,,,,,
2023,2,17,4,0,18,18,100,,,,,,,,,,,,,,,,,,,,,,,,,,,,,,,,,,,,
2023,2,17,5,0,18.1,18.1,100,,,,,,,,,,,,,,,,,,,,,,,,,,,,,,,,,,,,
2023,2,17,6,0,18,18,100,,,,,,,,,,,,,,,,,,,,,,,,,,,,,,,,,,,,
2023,2,17,7,0,17.9,17.9,100,,,,,,,,,,,,,,,,,,,,,,,,,,,,,,,,,,,,
2023,2,17,8,0,17.8,17.8,100,,,,,,,,,,,,,,,,,,,,,,,,,,,,,,,,,,,,
2023,2,17,9,0,17.8,17.8,100,,,,,,,,,,,,,,,,,,,,,,,,,,,,,,,,,,,,
2023,2,17,10,0,17.8,17.8,100,,,,,,,,,,,,,,,,,,,,,,,,,,,,,,,,,,,,
2023,2,17,11,0,17.8,17.8,100,,,,,,,,,,,,,,,,,,,,,,,,,,,,,,,,,,,,
2023,2,17,12,0,18,17.8,98.99,,,,,,,,,,,,,,,,,,,,,,,,,,,,,,,,,,,,
2023,2,17,13,0,18.7,17.9,94.82,,,,,,,,,,,,,,,,,,,,,,,,,,,,,,,,,,,,
2023,2,17,14,0,19.6,17.8,89.6,,,,,,,,,,,,,,,,,,,,,,,,,,,,,,,,,,,,
2023,2,17,15,0,20.5,18,85.37,,,,,,,,,,,,,,,,,,,,,,,,,,,,,,,,,,,,
2023,2,17,16,0,21.3,18.2,82.35,,,,,,,,,,,,,,,,,,,,,,,,,,,,,,,,,,,,
2023,2,17,17,0,21.3,18.3,83.19,,,,,,,,,,,,,,,,,,,,,,,,,,,,,,,,,,,,
2023,2,17,18,0,21,18.6,86.44,,,,,,,,,,,,,,,,,,,,,,,,,,,,,,,,,,,,
2023,2,17,19,0,20.8,18.8,88.13,,,,,,,,,,,,,,,,,,,,,,,,,,,,,,,,,,,,
2023,2,17,20,0,20.3,18.3,88.19,,,,,,,,,,,,,,,,,,,,,,,,,,,,,,,,,,,,
2023,2,17,21,0,19.2,16.7,85.31,,,,,,,,,,,,,,,,,,,,,,,,,,,,,,,,,,,,
2023,2,17,22,0,17.7,14.3,80.6,,,,,,,,,,,,,,,,,,,,,,,,,,,,,,,,,,,,
2023,2,17,23,0,16.2,11.9,75.89,,,,,,,,,,,,,,,,,,,,,,,,,,,,,,,,,,,,
2023,2,18,0,0,14.9,10.4,74.43,,,,,,,,,,,,,,,,,,,,,,,,,,,,,,,,,,,,
2023,2,18,1,0,13.8,9,72.96,,,,,,,,,,,,,,,,,,,,,,,,,,,,,,,,,,,,
2023,2,18,2,0,12.8,7.9,71.97,,,,,,,,,,,,,,,,,,,,,,,,,,,,,,,,,,,,
2023,2,18,3,0,12,7.4,73.29,,,,,,,,,,,,,,,,,,,,,,,,,,,,,,,,,,,,
2023,2,18,4,0,11.3,6.6,73.02,,,,,,,,,,,,,,,,,,,,,,,,,,,,,,,,,,,,
2023,2,18,5,0,10,4.8,70.29,,,,,,,,,,,,,,,,,,,,,,,,,,,,,,,,,,,,
2023,2,18,6,0,8.6,3.4,69.96,,,,,,,,,,,,,,,,,,,,,,,,,,,,,,,,,,,,
2023,2,18,7,0,7.5,2.8,72.13,,,,,,,,,,,,,,,,,,,,,,,,,,,,,,,,,,,,
2023,2,18,8,0,6.8,2.5,73.98,,,,,,,,,,,,,,,,,,,,,,,,,,,,,,,,,,,,
2023,2,18,9,0,6.3,2.3,75.43,,,,,,,,,,,,,,,,,,,,,,,,,,,,,,,,,,,,
2023,2,18,10,0,5.8,2.1,77.28,,,,,,,,,,,,,,,,,,,,,,,,,,,,,,,,,,,,
2023,2,18,11,0,5.4,2.1,79.36,,,,,,,,,,,,,,,,,,,,,,,,,,,,,,,,,,,,
2023,2,18,12,0,5.8,2.1,76.96,,,,,,,,,,,,,,,,,,,,,,,,,,,,,,,,,,,,
2023,2,18,13,0,6.7,1.6,69.89,,,,,,,,,,,,,,,,,,,,,,,,,,,,,,,,,,,,
2023,2,18,14,0,7.8,1.4,64.15,,,,,,,,,,,,,,,,,,,,,,,,,,,,,,,,,,,,
2023,2,18,15,0,9,1.6,59.82,,,,,,,,,,,,,,,,,,,,,,,,,,,,,,,,,,,,
2023,2,18,16,0,10.3,1.9,55.98,,,,,,,,,,,,,,,,,,,,,,,,,,,,,,,,,,,,
2023,2,18,17,0,11.3,2.2,53.46,,,,,,,,,,,,,,,,,,,,,,,,,,,,,,,,,,,,
2023,2,18,18,0,12.1,2.4,51.48,,,,,,,,,,,,,,,,,,,,,,,,,,,,,,,,,,,,
2023,2,18,19,0,12.5,2.6,50.79,,,,,,,,,,,,,,,,,,,,,,,,,,,,,,,,,,,,
2023,2,18,20,0,12.6,2.9,51.53,,,,,,,,,,,,,,,,,,,,,,,,,,,,,,,,,,,,
2023,2,18,21,0,12.2,3.6,55.74,,,,,,,,,,,,,,,,,,,,,,,,,,,,,,,,,,,,
2023,2,18,22,0,10.6,5.4,70.39,,,,,,,,,,,,,,,,,,,,,,,,,,,,,,,,,,,,
2023,2,18,23,0,9.2,5,74.95,,,,,,,,,,,,,,,,,,,,,,,,,,,,,,,,,,,,
2023,2,19,0,0,8.9,5.2,77.38,,,,,,,,,,,,,,,,,,,,,,,,,,,,,,,,,,,,
2023,2,19,1,0,8.7,5.1,78.32,,,,,,,,,,,,,,,,,,,,,,,,,,,,,,,,,,,,
2023,2,19,2,0,8.6,5,78,,,,,,,,,,,,,,,,,,,,,,,,,,,,,,,,,,,,
2023,2,19,3,0,8.4,5.2,80.06,,,,,,,,,,,,,,,,,,,,,,,,,,,,,,,,,,,,
2023,2,19,4,0,8.4,5.5,81.79,,,,,,,,,,,,,,,,,,,,,,,,,,,,,,,,,,,,
2023,2,19,5,0,8.8,5.9,81.8,,,,,,,,,,,,,,,,,,,,,,,,,,,,,,,,,,,,
2023,2,19,6,0,9.4,6.3,81.03,,,,,,,,,,,,,,,,,,,,,,,,,,,,,,,,,,,,
2023,2,19,7,0,9.5,6.7,82.76,,,,,,,,,,,,,,,,,,,,,,,,,,,,,,,,,,,,
2023,2,19,8,0,8.8,7.1,88.85,,,,,,,,,,,,,,,,,,,,,,,,,,,,,,,,,,,,
2023,2,19,9,0,9.8,7.7,86.78,,,,,,,,,,,,,,,,,,,,,,,,,,,,,,,,,,,,
2023,2,19,10,0,10.5,8.7,88.66,,,,,,,,,,,,,,,,,,,,,,,,,,,,,,,,,,,,
2023,2,19,11,0,10.5,9.4,92.73,,,,,,,,,,,,,,,,,,,,,,,,,,,,,,,,,,,,
2023,2,19,12,0,11.5,10.1,90.81,,,,,,,,,,,,,,,,,,,,,,,,,,,,,,,,,,,,
2023,2,19,13,0,12.4,10.6,88.64,,,,,,,,,,,,,,,,,,,,,,,,,,,,,,,,,,,,
2023,2,19,14,0,13,10.9,86.91,,,,,,,,,,,,,,,,,,,,,,,,,,,,,,,,,,,,
2023,2,19,15,0,13.6,11.3,85.91,,,,,,,,,,,,,,,,,,,,,,,,,,,,,,,,,,,,
2023,2,19,16,0,14.2,11.8,85.27,,,,,,,,,,,,,,,,,,,,,,,,,,,,,,,,,,,,
2023,2,19,17,0,15,12.4,84.53,,,,,,,,,,,,,,,,,,,,,,,,,,,,,,,,,,,,
2023,2,19,18,0,16.2,13.3,82.92,,,,,,,,,,,,,,,,,,,,,,,,,,,,,,,,,,,,
2023,2,19,19,0,17.1,13.9,81.69,,,,,,,,,,,,,,,,,,,,,,,,,,,,,,,,,,,,
2023,2,19,20,0,17.7,14.4,80.94,,,,,,,,,,,,,,,,,,,,,,,,,,,,,,,,,,,,
2023,2,19,21,0,17.8,14.7,81.83,,,,,,,,,,,,,,,,,,,,,,,,,,,,,,,,,,,,
2023,2,19,22,0,17.1,14.4,84.26,,,,,,,,,,,,,,,,,,,,,,,,,,,,,,,,,,,,
2023,2,19,23,0,16.6,14.1,84.98,,,,,,,,,,,,,,,,,,,,,,,,,,,,,,,,,,,,
2023,2,20,0,0,16,14.1,88.51,,,,,,,,,,,,,,,,,,,,,,,,,,,,,,,,,,,,
2023,2,20,1,0,15.1,14,93.28,,,,,,,,,,,,,,,,,,,,,,,,,,,,,,,,,,,,
2023,2,20,2,0,14.1,13.8,98.28,,,,,,,,,,,,,,,,,,,,,,,,,,,,,,,,,,,,
2023,2,20,3,0,13.3,13.3,100,,,,,,,,,,,,,,,,,,,,,,,,,,,,,,,,,,,,
2023,2,20,4,0,13.2,13.2,100,,,,,,,,,,,,,,,,,,,,,,,,,,,,,,,,,,,,
2023,2,20,5,0,13.2,13.2,100,,,,,,,,,,,,,,,,,,,,,,,,,,,,,,,,,,,,
2023,2,20,6,0,13.3,13.3,100,,,,,,,,,,,,,,,,,,,,,,,,,,,,,,,,,,,,
2023,2,20,7,0,13,13,100,,,,,,,,,,,,,,,,,,,,,,,,,,,,,,,,,,,,
2023,2,20,8,0,12.5,12.5,100,,,,,,,,,,,,,,,,,,,,,,,,,,,,,,,,,,,,
2023,2,20,9,0,12.1,12.1,100,,,,,,,,,,,,,,,,,,,,,,,,,,,,,,,,,,,,
2023,2,20,10,0,11.7,11.7,100,,,,,,,,,,,,,,,,,,,,,,,,,,,,,,,,,,,,
2023,2,20,11,0,11.5,11.5,100,,,,,,,,,,,,,,,,,,,,,,,,,,,,,,,,,,,,
2023,2,20,12,0,12.3,11.8,96.86,,,,,,,,,,,,,,,,,,,,,,,,,,,,,,,,,,,,
2023,2,20,13,0,13.5,12,90.56,,,,,,,,,,,,,,,,,,,,,,,,,,,,,,,,,,,,
2023,2,20,14,0,15.5,12.3,81.52,,,,,,,,,,,,,,,,,,,,,,,,,,,,,,,,,,,,
2023,2,20,15,0,17.1,12.1,72.55,,,,,,,,,,,,,,,,,,,,,,,,,,,,,,,,,,,,
2023,2,20,16,0,18.3,12,66.71,,,,,,,,,,,,,,,,,,,,,,,,,,,,,,,,,,,,
2023,2,20,17,0,19.1,11.9,62.88,,,,,,,,,,,,,,,,,,,,,,,,,,,,,,,,,,,,
2023,2,20,18,0,19.3,11.9,62.36,,,,,,,,,,,,,,,,,,,,,,,,,,,,,,,,,,,,
2023,2,20,19,0,19.4,12.2,63.31,,,,,,,,,,,,,,,,,,,,,,,,,,,,,,,,,,,,
2023,2,20,20,0,19.3,12.8,66.02,,,,,,,,,,,,,,,,,,,,,,,,,,,,,,,,,,,,
2023,2,20,21,0,18.6,13.6,72.87,,,,,,,,,,,,,,,,,,,,,,,,,,,,,,,,,,,,
2023,2,20,22,0,17.2,14.1,81.79,,,,,,,,,,,,,,,,,,,,,,,,,,,,,,,,,,,,
2023,2,20,23,0,16.4,13.8,84.66,,,,,,,,,,,,,,,,,,,,,,,,,,,,,,,,,,,,
2023,2,21,0,0,16.3,13.9,85.86,,,,,,,,,,,,,,,,,,,,,,,,,,,,,,,,,,,,
2023,2,21,1,0,16.1,14.2,88.31,,,,,,,,,,,,,,,,,,,,,,,,,,,,,,,,,,,,
2023,2,21,2,0,15.9,14.4,90.6,,,,,,,,,,,,,,,,,,,,,,,,,,,,,,,,,,,,
2023,2,21,3,0,15.8,14.4,91.68,,,,,,,,,,,,,,,,,,,,,,,,,,,,,,,,,,,,
2023,2,21,4,0,15.8,14.4,91.42,,,,,,,,,,,,,,,,,,,,,,,,,,,,,,,,,,,,
2023,2,21,5,0,15.8,14.4,91.39,,,,,,,,,,,,,,,,,,,,,,,,,,,,,,,,,,,,
2023,2,21,6,0,15.8,14.5,92.18,,,,,,,,,,,,,,,,,,,,,,,,,,,,,,,,,,,,
2023,2,21,7,0,15.8,14.7,93.26,,,,,,,,,,,,,,,,,,,,,,,,,,,,,,,,,,,,
2023,2,21,8,0,15.7,14.9,95.28,,,,,,,,,,,,,,,,,,,,,,,,,,,,,,,,,,,,
2023,2,21,9,0,15.6,15.2,97.45,,,,,,,,,,,,,,,,,,,,,,,,,,,,,,,,,,,,
2023,2,21,10,0,15.5,15.4,99.1,,,,,,,,,,,,,,,,,,,,,,,,,,,,,,,,,,,,
2023,2,21,11,0,15.5,15.5,99.73,,,,,,,,,,,,,,,,,,,,,,,,,,,,,,,,,,,,
2023,2,21,12,0,16.2,15.7,96.83,,,,,,,,,,,,,,,,,,,,,,,,,,,,,,,,,,,,
2023,2,21,13,0,17.2,16.2,93.75,,,,,,,,,,,,,,,,,,,,,,,,,,,,,,,,,,,,
2023,2,21,14,0,18.4,16.8,90.23,,,,,,,,,,,,,,,,,,,,,,,,,,,,,,,,,,,,
2023,2,21,15,0,19.5,17.3,86.95,,,,,,,,,,,,,,,,,,,,,,,,,,,,,,,,,,,,
2023,2,21,16,0,20.5,17.5,83.16,,,,,,,,,,,,,,,,,,,,,,,,,,,,,,,,,,,,
2023,2,21,17,0,21.3,17.5,79.01,,,,,,,,,,,,,,,,,,,,,,,,,,,,,,,,,,,,
2023,2,21,18,0,21.7,17.4,76.48,,,,,,,,,,,,,,,,,,,,,,,,,,,,,,,,,,,,
2023,2,21,19,0,21.8,17.4,75.96,,,,,,,,,,,,,,,,,,,,,,,,,,,,,,,,,,,,
2023,2,21,20,0,21.7,17.5,76.81,,,,,,,,,,,,,,,,,,,,,,,,,,,,,,,,,,,,
2023,2,21,21,0,21.3,17.7,80.03,,,,,,,,,,,,,,,,,,,,,,,,,,,,,,,,,,,,
2023,2,21,22,0,20.2,17.8,86.15,,,,,,,,,,,,,,,,,,,,,,,,,,,,,,,,,,,,
2023,2,21,23,0,19.2,17.5,89.79,,,,,,,,,,,,,,,,,,,,,,,,,,,,,,,,,,,,
2023,2,22,0,0,18.9,17.4,90.83,,,,,,,,,,,,,,,,,,,,,,,,,,,,,,,,,,,,
2023,2,22,1,0,18.5,17.2,92.41,,,,,,,,,,,,,,,,,,,,,,,,,,,,,,,,,,,,
2023,2,22,2,0,18.2,17.1,93.31,,,,,,,,,,,,,,,,,,,,,,,,,,,,,,,,,,,,
2023,2,22,3,0,17.9,17,94.34,,,,,,,,,,,,,,,,,,,,,,,,,,,,,,,,,,,,
2023,2,22,4,0,17.7,16.9,95.23,,,,,,,,,,,,,,,,,,,,,,,,,,,,,,,,,,,,
2023,2,22,5,0,17.6,17,96.04,,,,,,,,,,,,,,,,,,,,,,,,,,,,,,,,,,,,
2023,2,22,6,0,17.3,17,98.39,,,,,,,,,,,,,,,,,,,,,,,,,,,,,,,,,,,,
2023,2,22,7,0,17.1,17.1,100,,,,,,,,,,,,,,,,,,,,,,,,,,,,,,,,,,,,
2023,2,22,8,0,16.9,16.9,100,,,,,,,,,,,,,,,,,,,,,,,,,,,,,,,,,,,,
2023,2,22,9,0,16.7,16.7,100,,,,,,,,,,,,,,,,,,,,,,,,,,,,,,,,,,,,
2023,2,22,10,0,16.5,16.5,100,,,,,,,,,,,,,,,,,,,,,,,,,,,,,,,,,,,,
2023,2,22,11,0,16.3,16.3,100,,,,,,,,,,,,,,,,,,,,,,,,,,,,,,,,,,,,
2023,2,22,12,0,17.2,17.1,99.31,,,,,,,,,,,,,,,,,,,,,,,,,,,,,,,,,,,,
2023,2,22,13,0,18.5,17.5,94.05,,,,,,,,,,,,,,,,,,,,,,,,,,,,,,,,,,,,
2023,2,22,14,0,19.8,17.6,87.09,,,,,,,,,,,,,,,,,,,,,,,,,,,,,,,,,,,,
2023,2,22,15,0,20.8,17.5,81.4,,,,,,,,,,,,,,,,,,,,,,,,,,,,,,,,,,,,
2023,2,22,16,0,21.5,17.5,77.94,,,,,,,,,,,,,,,,,,,,,,,,,,,,,,,,,,,,
2023,2,22,17,0,21.8,17.4,76.15,,,,,,,,,,,,,,,,,,,,,,,,,,,,,,,,,,,,
2023,2,22,18,0,21.8,17.4,76.33,,,,,,,,,,,,,,,,,,,,,,,,,,,,,,,,,,,,
2023,2,22,19,0,21.6,17.6,77.77,,,,,,,,,,,,,,,,,,,,,,,,,,,,,,,,,,,,
2023,2,22,20,0,21.1,17.7,80.77,,,,,,,,,,,,,,,,,,,,,,,,,,,,,,,,,,,,
2023,2,22,21,0,20.3,17.9,85.85,,,,,,,,,,,,,,,,,,,,,,,,,,,,,,,,,,,,
2023,2,22,22,0,19.2,18,92.85,,,,,,,,,,,,,,,,,,,,,,,,,,,,,,,,,,,,
2023,2,22,23,0,18.3,18,98.37,,,,,,,,,,,,,,,,,,,,,,,,,,,,,,,,,,,,
2023,2,23,0,0,18.1,18.1,100,,,,,,,,,,,,,,,,,,,,,,,,,,,,,,,,,,,,
2023,2,23,1,0,18.2,18.2,100,,,,,,,,,,,,,,,,,,,,,,,,,,,,,,,,,,,,
2023,2,23,2,0,18.2,18.2,100,,,,,,,,,,,,,,,,,,,,,,,,,,,,,,,,,,,,
2023,2,23,3,0,18.3,18.3,100,,,,,,,,,,,,,,,,,,,,,,,,,,,,,,,,,,,,
2023,2,23,4,0,18.3,18.3,100,,,,,,,,,,,,,,,,,,,,,,,,,,,,,,,,,,,,
2023,2,23,5,0,18.3,18.3,100,,,,,,,,,,,,,,,,,,,,,,,,,,,,,,,,,,,,
2023,2,23,6,0,18.2,18.2,100,,,,,,,,,,,,,,,,,,,,,,,,,,,,,,,,,,,,
2023,2,23,7,0,18,18,100,,,,,,,,,,,,,,,,,,,,,,,,,,,,,,,,,,,,
2023,2,23,8,0,17.7,17.7,100,,,,,,,,,,,,,,,,,,,,,,,,,,,,,,,,,,,,
2023,2,23,9,0,17.4,17.4,100,,,,,,,,,,,,,,,,,,,,,,,,,,,,,,,,,,,,
2023,2,23,10,0,17.3,17.3,100,,,,,,,,,,,,,,,,,,,,,,,,,,,,,,,,,,,,
2023,2,23,11,0,17.4,17.4,100,,,,,,,,,,,,,,,,,,,,,,,,,,,,,,,,,,,,
2023,2,23,12,0,18.1,17.8,98.12,,,,,,,,,,,,,,,,,,,,,,,,,,,,,,,,,,,,
2023,2,23,13,0,19.2,18.2,94.17,,,,,,,,,,,,,,,,,,,,,,,,,,,,,,,,,,,,
2023,2,23,14,0,20.5,18.6,89.08,,,,,,,,,,,,,,,,,,,,,,,,,,,,,,,,,,,,
2023,2,23,15,0,21.9,18.8,82.71,,,,,,,,,,,,,,,,,,,,,,,,,,,,,,,,,,,,
2023,2,23,16,0,22.8,18.7,77.47,,,,,,,,,,,,,,,,,,,,,,,,,,,,,,,,,,,,
2023,2,23,17,0,23.1,18.4,74.65,,,,,,,,,,,,,,,,,,,,,,,,,,,,,,,,,,,,
2023,2,23,18,0,23.2,18.2,73.69,,,,,,,,,,,,,,,,,,,,,,,,,,,,,,,,,,,,
2023,2,23,19,0,23.4,18.2,72.73,,,,,,,,,,,,,,,,,,,,,,,,,,,,,,,,,,,,
2023,2,23,20,0,23.1,18.3,74.28,,,,,,,,,,,,,,,,,,,,,,,,,,,,,,,,,,,,
2023,2,23,21,0,22.3,18.7,79.94,,,,,,,,,,,,,,,,,,,,,,,,,,,,,,,,,,,,
2023,2,23,22,0,20.8,18.9,88.85,,,,,,,,,,,,,,,,,,,,,,,,,,,,,,,,,,,,
2023,2,23,23,0,19.6,18.6,93.79,,,,,,,,,,,,,,,,,,,,,,,,,,,,,,,,,,,,
2023,2,24,0,0,19.3,18.4,94.73,,,,,,,,,,,,,,,,,,,,,,,,,,,,,,,,,,,,
2023,2,24,1,0,19.1,18.4,95.65,,,,,,,,,,,,,,,,,,,,,,,,,,,,,,,,,,,,
2023,2,24,2,0,18.9,18.4,96.86,,,,,,,,,,,,,,,,,,,,,,,,,,,,,,,,,,,,
2023,2,24,3,0,18.9,18.4,97.08,,,,,,,,,,,,,,,,,,,,,,,,,,,,,,,,,,,,
2023,2,24,4,0,18.8,18.5,97.84,,,,,,,,,,,,,,,,,,,,,,,,,,,,,,,,,,,,
2023,2,24,5,0,18.7,18.4,98.32,,,,,,,,,,,,,,,,,,,,,,,,,,,,,,,,,,,,
2023,2,24,6,0,18.9,18.4,96.69,,,,,,,,,,,,,,,,,,,,,,,,,,,,,,,,,,,,
2023,2,24,7,0,19,18.3,95.77,,,,,,,,,,,,,,,,,,,,,,,,,,,,,,,,,,,,
2023,2,24,8,0,19,18.3,95.67,,,,,,,,,,,,,,,,,,,,,,,,,,,,,,,,,,,,
2023,2,24,9,0,19,18.4,96.06,,,,,,,,,,,,,,,,,,,,,,,,,,,,,,,,,,,,
2023,2,24,10,0,19,18.5,96.8,,,,,,,,,,,,,,,,,,,,,,,,,,,,,,,,,,,,
2023,2,24,11,0,18.8,18.6,98.52,,,,,,,,,,,,,,,,,,,,,,,,,,,,,,,,,,,,
2023,2,24,12,0,19.3,18.7,96.58,,,,,,,,,,,,,,,,,,,,,,,,,,,,,,,,,,,,
2023,2,24,13,0,20.3,19.2,93.2,,,,,,,,,,,,,,,,,,,,,,,,,,,,,,,,,,,,
2023,2,24,14,0,21.7,19.7,88.26,,,,,,,,,,,,,,,,,,,,,,,,,,,,,,,,,,,,
2023,2,24,15,0,23,20,83.1,,,,,,,,,,,,,,,,,,,,,,,,,,,,,,,,,,,,
2023,2,24,16,0,23.8,19.9,79.05,,,,,,,,,,,,,,,,,,,,,,,,,,,,,,,,,,,,
2023,2,24,17,0,24,19.7,76.75,,,,,,,,,,,,,,,,,,,,,,,,,,,,,,,,,,,,
2023,2,24,18,0,23.6,19.3,76.76,,,,,,,,,,,,,,,,,,,,,,,,,,,,,,,,,,,,
2023,2,24,19,0,22.9,18.9,77.99,,,,,,,,,,,,,,,,,,,,,,,,,,,,,,,,,,,,
2023,2,24,20,0,22.1,18.2,78.47,,,,,,,,,,,,,,,,,,,,,,,,,,,,,,,,,,,,
2023,2,24,21,0,21.4,17.8,79.94,,,,,,,,,,,,,,,,,,,,,,,,,,,,,,,,,,,,
2023,2,24,22,0,20.2,17.7,85.33,,,,,,,,,,,,,,,,,,,,,,,,,,,,,,,,,,,,
2023,2,24,23,0,19.1,17.4,90,,,,,,,,,,,,,,,,,,,,,,,,,,,,,,,,,,,,
2023,2,25,0,0,18.7,17.5,92.74,,,,,,,,,,,,,,,,,,,,,,,,,,,,,,,,,,,,
2023,2,25,1,0,18.4,17.7,95.56,,,,,,,,,,,,,,,,,,,,,,,,,,,,,,,,,,,,
2023,2,25,2,0,18.3,17.8,96.62,,,,,,,,,,,,,,,,,,,,,,,,,,,,,,,,,,,,
2023,2,25,3,0,18.1,17.5,96.6,,,,,,,,,,,,,,,,,,,,,,,,,,,,,,,,,,,,
2023,2,25,4,0,17.8,17,94.83,,,,,,,,,,,,,,,,,,,,,,,,,,,,,,,,,,,,
2023,2,25,5,0,17.2,16.4,95.07,,,,,,,,,,,,,,,,,,,,,,,,,,,,,,,,,,,,
2023,2,25,6,0,16.7,16.3,97.32,,,,,,,,,,,,,,,,,,,,,,,,,,,,,,,,,,,,
2023,2,25,7,0,16.6,16.2,97.45,,,,,,,,,,,,,,,,,,,,,,,,,,,,,,,,,,,,
2023,2,25,8,0,16.5,16,96.94,,,,,,,,,,,,,,,,,,,,,,,,,,,,,,,,,,,,
2023,2,25,9,0,16.3,15.7,96.18,,,,,,,,,,,,,,,,,,,,,,,,,,,,,,,,,,,,
2023,2,25,10,0,16.1,15.3,95.17,,,,,,,,,,,,,,,,,,,,,,,,,,,,,,,,,,,,
2023,2,25,11,0,16.1,15.2,94.68,,,,,,,,,,,,,,,,,,,,,,,,,,,,,,,,,,,,
2023,2,25,12,0,16.5,15.6,94.63,,,,,,,,,,,,,,,,,,,,,,,,,,,,,,,,,,,,
2023,2,25,13,0,16.9,16.2,95.4,,,,,,,,,,,,,,,,,,,,,,,,,,,,,,,,,,,,
2023,2,25,14,0,17.2,16.6,96.05,,,,,,,,,,,,,,,,,,,,,,,,,,,,,,,,,,,,
2023,2,25,15,0,18,17.1,94.23,,,,,,,,,,,,,,,,,,,,,,,,,,,,,,,,,,,,
2023,2,25,16,0,19.2,17.6,90.18,,,,,,,,,,,,,,,,,,,,,,,,,,,,,,,,,,,,
2023,2,25,17,0,20.2,17.8,85.9,,,,,,,,,,,,,,,,,,,,,,,,,,,,,,,,,,,,
2023,2,25,18,0,20.7,17.7,82.76,,,,,,,,,,,,,,,,,,,,,,,,,,,,,,,,,,,,
2023,2,25,19,0,21.1,17.5,79.91,,,,,,,,,,,,,,,,,,,,,,,,,,,,,,,,,,,,
2023,2,25,20,0,20.8,17.3,80.27,,,,,,,,,,,,,,,,,,,,,,,,,,,,,,,,,,,,
2023,2,25,21,0,20.4,17.2,82.1,,,,,,,,,,,,,,,,,,,,,,,,,,,,,,,,,,,,
2023,2,25,22,0,19.3,17.5,89.38,,,,,,,,,,,,,,,,,,,,,,,,,,,,,,,,,,,,
2023,2,25,23,0,17.9,17,94.53,,,,,,,,,,,,,,,,,,,,,,,,,,,,,,,,,,,,
2023,2,26,0,0,17.6,16.9,95.52,,,,,,,,,,,,,,,,,,,,,,,,,,,,,,,,,,,,
2023,2,26,1,0,17.3,16.7,96.36,,,,,,,,,,,,,,,,,,,,,,,,,,,,,,,,,,,,
2023,2,26,2,0,16.8,16.5,97.98,,,,,,,,,,,,,,,,,,,,,,,,,,,,,,,,,,,,
2023,2,26,3,0,16.4,16.3,99.12,,,,,,,,,,,,,,,,,,,,,,,,,,,,,,,,,,,,
2023,2,26,4,0,16.4,16.3,99.27,,,,,,,,,,,,,,,,,,,,,,,,,,,,,,,,,,,,
2023,2,26,5,0,16.6,16.5,99.31,,,,,,,,,,,,,,,,,,,,,,,,,,,,,,,,,,,,
2023,2,26,6,0,16.8,16.7,99.51,,,,,,,,,,,,,,,,,,,,,,,,,,,,,,,,,,,,
2023,2,26,7,0,17,16.9,99.48,,,,,,,,,,,,,,,,,,,,,,,,,,,,,,,,,,,,
2023,2,26,8,0,17.1,17,99.58,,,,,,,,,,,,,,,,,,,,,,,,,,,,,,,,,,,,
2023,2,26,9,0,17,17,100,,,,,,,,,,,,,,,,,,,,,,,,,,,,,,,,,,,,
2023,2,26,10,0,16.6,16.6,100,,,,,,,,,,,,,,,,,,,,,,,,,,,,,,,,,,,,
2023,2,26,11,0,16.5,16.5,100,,,,,,,,,,,,,,,,,,,,,,,,,,,,,,,,,,,,
2023,2,26,12,0,16.9,16.7,98.72,,,,,,,,,,,,,,,,,,,,,,,,,,,,,,,,,,,,
2023,2,26,13,0,17.7,17,95.51,,,,,,,,,,,,,,,,,,,,,,,,,,,,,,,,,,,,
2023,2,26,14,0,18.8,16.8,88.01,,,,,,,,,,,,,,,,,,,,,,,,,,,,,,,,,,,,
2023,2,26,15,0,19.7,16.6,82.56,,,,,,,,,,,,,,,,,,,,,,,,,,,,,,,,,,,,
2023,2,26,16,0,20.5,16.8,79.38,,,,,,,,,,,,,,,,,,,,,,,,,,,,,,,,,,,,
2023,2,26,17,0,21.3,17.1,76.75,,,,,,,,,,,,,,,,,,,,,,,,,,,,,,,,,,,,
2023,2,26,18,0,21.9,17.3,75.25,,,,,,,,,,,,,,,,,,,,,,,,,,,,,,,,,,,,
2023,2,26,19,0,22.1,17.6,75.56,,,,,,,,,,,,,,,,,,,,,,,,,,,,,,,,,,,,
2023,2,26,20,0,21.8,17.8,78.03,,,,,,,,,,,,,,,,,,,,,,,,,,,,,,,,,,,,
2023,2,26,21,0,21.3,18.1,81.99,,,,,,,,,,,,,,,,,,,,,,,,,,,,,,,,,,,,
2023,2,26,22,0,20.3,18.6,90.07,,,,,,,,,,,,,,,,,,,,,,,,,,,,,,,,,,,,
2023,2,26,23,0,19.4,18,91.71,,,,,,,,,,,,,,,,,,,,,,,,,,,,,,,,,,,,
2023,2,27,0,0,19.1,17.7,91.72,,,,,,,,,,,,,,,,,,,,,,,,,,,,,,,,,,,,
2023,2,27,1,0,18.4,17.6,95.05,,,,,,,,,,,,,,,,,,,,,,,,,,,,,,,,,,,,
2023,2,27,2,0,18,17.6,97.26,,,,,,,,,,,,,,,,,,,,,,,,,,,,,,,,,,,,
2023,2,27,3,0,17.7,17.5,99.03,,,,,,,,,,,,,,,,,,,,,,,,,,,,,,,,,,,,
2023,2,27,4,0,17.8,17.7,99.57,,,,,,,,,,,,,,,,,,,,,,,,,,,,,,,,,,,,
2023,2,27,5,0,17.9,17.8,99.51,,,,,,,,,,,,,,,,,,,,,,,,,,,,,,,,,,,,
2023,2,27,6,0,17.5,17.5,100,,,,,,,,,,,,,,,,,,,,,,,,,,,,,,,,,,,,
2023,2,27,7,0,17.2,17.2,100,,,,,,,,,,,,,,,,,,,,,,,,,,,,,,,,,,,,
2023,2,27,8,0,16.8,16.8,100,,,,,,,,,,,,,,,,,,,,,,,,,,,,,,,,,,,,
2023,2,27,9,0,16.6,16.6,100,,,,,,,,,,,,,,,,,,,,,,,,,,,,,,,,,,,,
2023,2,27,10,0,16.7,16.7,100,,,,,,,,,,,,,,,,,,,,,,,,,,,,,,,,,,,,
2023,2,27,11,0,16.9,16.8,99.48,,,,,,,,,,,,,,,,,,,,,,,,,,,,,,,,,,,,
2023,2,27,12,0,17.4,17.1,98.03,,,,,,,,,,,,,,,,,,,,,,,,,,,,,,,,,,,,
2023,2,27,13,0,18.3,17.4,94.38,,,,,,,,,,,,,,,,,,,,,,,,,,,,,,,,,,,,
2023,2,27,14,0,19.7,17.6,87.67,,,,,,,,,,,,,,,,,,,,,,,,,,,,,,,,,,,,
2023,2,27,15,0,20.9,17.8,82.3,,,,,,,,,,,,,,,,,,,,,,,,,,,,,,,,,,,,
2023,2,27,16,0,21.7,17.8,78.45,,,,,,,,,,,,,,,,,,,,,,,,,,,,,,,,,,,,
2023,2,27,17,0,22.2,17.5,74.74,,,,,,,,,,,,,,,,,,,,,,,,,,,,,,,,,,,,
2023,2,27,18,0,22.3,17,71.95,,,,,,,,,,,,,,,,,,,,,,,,,,,,,,,,,,,,
2023,2,27,19,0,22.2,16.7,70.95,,,,,,,,,,,,,,,,,,,,,,,,,,,,,,,,,,,,
2023,2,27,20,0,22,16.7,71.78,,,,,,,,,,,,,,,,,,,,,,,,,,,,,,,,,,,,
2023,2,27,21,0,21.5,17.1,75.86,,,,,,,,,,,,,,,,,,,,,,,,,,,,,,,,,,,,
2023,2,27,22,0,20.6,17.4,81.65,,,,,,,,,,,,,,,,,,,,,,,,,,,,,,,,,,,,
2023,2,27,23,0,20,17.3,84.7,,,,,,,,,,,,,,,,,,,,,,,,,,,,,,,,,,,,
2023,2,28,0,0,20.1,17.4,84.62,,,,,,,,,,,,,,,,,,,,,,,,,,,,,,,,,,,,
2023,2,28,1,0,20.3,17.5,83.93,,,,,,,,,,,,,,,,,,,,,,,,,,,,,,,,,,,,
2023,2,28,2,0,20.4,17.5,83.51,,,,,,,,,,,,,,,,,,,,,,,,,,,,,,,,,,,,
2023,2,28,3,0,20.5,17.6,83.23,,,,,,,,,,,,,,,,,,,,,,,,,,,,,,,,,,,,
2023,2,28,4,0,20.4,17.8,84.82,,,,,,,,,,,,,,,,,,,,,,,,,,,,,,,,,,,,
2023,2,28,5,0,20.2,18.1,87.59,,,,,,,,,,,,,,,,,,,,,,,,,,,,,,,,,,,,
2023,2,28,6,0,20,18.4,90.64,,,,,,,,,,,,,,,,,,,,,,,,,,,,,,,,,,,,
2023,2,28,7,0,20,18.8,92.54,,,,,,,,,,,,,,,,,,,,,,,,,,,,,,,,,,,,
2023,2,28,8,0,20,19,94.13,,,,,,,,,,,,,,,,,,,,,,,,,,,,,,,,,,,,
2023,2,28,9,0,20,19.1,94.69,,,,,,,,,,,,,,,,,,,,,,,,,,,,,,,,,,,,
2023,2,28,10,0,19.9,19.2,95.48,,,,,,,,,,,,,,,,,,,,,,,,,,,,,,,,,,,,
2023,2,28,11,0,19.4,19.1,98.07,,,,,,,,,,,,,,,,,,,,,,,,,,,,,,,,,,,,
2023,2,28,12,0,19.9,19.1,95.36,,,,,,,,,,,,,,,,,,,,,,,,,,,,,,,,,,,,
2023,2,28,13,0,20.9,19.3,90.84,,,,,,,,,,,,,,,,,,,,,,,,,,,,,,,,,,,,
2023,2,28,14,0,21.8,18.5,81.62,,,,,,,,,,,,,,,,,,,,,,,,,,,,,,,,,,,,
2023,2,28,15,0,22.6,17.1,71.25,,,,,,,,,,,,,,,,,,,,,,,,,,,,,,,,,,,,
2023,2,28,16,0,23.3,16.2,64.29,,,,,,,,,,,,,,,,,,,,,,,,,,,,,,,,,,,,
2023,2,28,17,0,23.8,15.5,59.61,,,,,,,,,,,,,,,,,,,,,,,,,,,,,,,,,,,,
2023,2,28,18,0,24.2,15,56.48,,,,,,,,,,,,,,,,,,,,,,,,,,,,,,,,,,,,
2023,2,28,19,0,24.2,14.8,55.8,,,,,,,,,,,,,,,,,,,,,,,,,,,,,,,,,,,,
2023,2,28,20,0,24,15.2,57.79,,,,,,,,,,,,,,,,,,,,,,,,,,,,,,,,,,,,
2023,2,28,21,0,23.2,16.2,64.81,,,,,,,,,,,,,,,,,,,,,,,,,,,,,,,,,,,,
2023,2,28,22,0,21.4,17.2,77,,,,,,,,,,,,,,,,,,,,,,,,,,,,,,,,,,,,
2023,2,28,23,0,19.9,16.6,81.46,,,,,,,,,,,,,,,,,,,,,,,,,,,,,,,,,,,,
2023,3,1,0,0,19.4,16.5,83.41,,,,,,,,,,,,,,,,,,,,,,,,,,,,,,,,,,,,
2023,3,1,1,0,18.9,16.5,85.86,,,,,,,,,,,,,,,,,,,,,,,,,,,,,,,,,,,,
2023,3,1,2,0,18.5,16.5,88.04,,,,,,,,,,,,,,,,,,,,,,,,,,,,,,,,,,,,
2023,3,1,3,0,18.1,16.4,90.05,,,,,,,,,,,,,,,,,,,,,,,,,,,,,,,,,,,,
2023,3,1,4,0,17.7,16.4,92.06,,,,,,,,,,,,,,,,,,,,,,,,,,,,,,,,,,,,
2023,3,1,5,0,17.3,16.4,94.43,,,,,,,,,,,,,,,,,,,,,,,,,,,,,,,,,,,,
2023,3,1,6,0,16.9,16.4,96.84,,,,,,,,,,,,,,,,,,,,,,,,,,,,,,,,,,,,
2023,3,1,7,0,16.8,16.5,97.83,,,,,,,,,,,,,,,,,,,,,,,,,,,,,,,,,,,,
2023,3,1,8,0,16.8,16.6,98.46,,,,,,,,,,,,,,,,,,,,,,,,,,,,,,,,,,,,
2023,3,1,9,0,16.7,16.7,100,,,,,,,,,,,,,,,,,,,,,,,,,,,,,,,,,,,,
2023,3,1,10,0,16.7,16.7,100,,,,,,,,,,,,,,,,,,,,,,,,,,,,,,,,,,,,
2023,3,1,11,0,16.6,16.6,100,,,,,,,,,,,,,,,,,,,,,,,,,,,,,,,,,,,,
2023,3,1,12,0,17.4,17.2,98.47,,,,,,,,,,,,,,,,,,,,,,,,,,,,,,,,,,,,
2023,3,1,13,0,18.6,17.5,93.08,,,,,,,,,,,,,,,,,,,,,,,,,,,,,,,,,,,,
2023,3,1,14,0,20.6,17.9,84.38,,,,,,,,,,,,,,,,,,,,,,,,,,,,,,,,,,,,
2023,3,1,15,0,22.1,18.3,78.84,,,,,,,,,,,,,,,,,,,,,,,,,,,,,,,,,,,,
2023,3,1,16,0,23.4,17.8,70.73,,,,,,,,,,,,,,,,,,,,,,,,,,,,,,,,,,,,
2023,3,1,17,0,24,17.5,66.85,,,,,,,,,,,,,,,,,,,,,,,,,,,,,,,,,,,,
2023,3,1,18,0,24.5,17.4,64.71,,,,,,,,,,,,,,,,,,,,,,,,,,,,,,,,,,,,
2023,3,1,19,0,24.6,17.6,65.08,,,,,,,,,,,,,,,,,,,,,,,,,,,,,,,,,,,,
2023,3,1,20,0,24.2,18.3,69.69,,,,,,,,,,,,,,,,,,,,,,,,,,,,,,,,,,,,
2023,3,1,21,0,23.3,19.1,77.11,,,,,,,,,,,,,,,,,,,,,,,,,,,,,,,,,,,,
2023,3,1,22,0,21.4,19.6,89.5,,,,,,,,,,,,,,,,,,,,,,,,,,,,,,,,,,,,
2023,3,1,23,0,20.6,19.4,92.69,,,,,,,,,,,,,,,,,,,,,,,,,,,,,,,,,,,,
2023,3,2,0,0,20.2,19.4,94.99,,,,,,,,,,,,,,,,,,,,,,,,,,,,,,,,,,,,
2023,3,2,1,0,19.8,19.4,97.5,,,,,,,,,,,,,,,,,,,,,,,,,,,,,,,,,,,,
2023,3,2,2,0,19.5,19.3,99.07,,,,,,,,,,,,,,,,,,,,,,,,,,,,,,,,,,,,
2023,3,2,3,0,19.3,19.3,99.87,,,,,,,,,,,,,,,,,,,,,,,,,,,,,,,,,,,,
2023,3,2,4,0,19.3,19.3,99.77,,,,,,,,,,,,,,,,,,,,,,,,,,,,,,,,,,,,
2023,3,2,5,0,19.3,19.3,100,,,,,,,,,,,,,,,,,,,,,,,,,,,,,,,,,,,,
2023,3,2,6,0,19.4,19.3,99.57,,,,,,,,,,,,,,,,,,,,,,,,,,,,,,,,,,,,
2023,3,2,7,0,19.6,19.4,98.98,,,,,,,,,,,,,,,,,,,,,,,,,,,,,,,,,,,,
2023,3,2,8,0,19.7,19.5,98.96,,,,,,,,,,,,,,,,,,,,,,,,,,,,,,,,,,,,
2023,3,2,9,0,19.7,19.4,98.4,,,,,,,,,,,,,,,,,,,,,,,,,,,,,,,,,,,,
2023,3,2,10,0,19.3,19.1,98.93,,,,,,,,,,,,,,,,,,,,,,,,,,,,,,,,,,,,
2023,3,2,11,0,19,18.8,98.91,,,,,,,,,,,,,,,,,,,,,,,,,,,,,,,,,,,,
2023,3,2,12,0,19.3,18.8,96.83,,,,,,,,,,,,,,,,,,,,,,,,,,,,,,,,,,,,
2023,3,2,13,0,20.1,18.9,93.06,,,,,,,,,,,,,,,,,,,,,,,,,,,,,,,,,,,,
2023,3,2,14,0,21.1,19,87.76,,,,,,,,,,,,,,,,,,,,,,,,,,,,,,,,,,,,
2023,3,2,15,0,21.9,18.9,83.3,,,,,,,,,,,,,,,,,,,,,,,,,,,,,,,,,,,,
2023,3,2,16,0,22.7,19,79.42,,,,,,,,,,,,,,,,,,,,,,,,,,,,,,,,,,,,
2023,3,2,17,0,23.2,19,77.33,,,,,,,,,,,,,,,,,,,,,,,,,,,,,,,,,,,,
2023,3,2,18,0,23,19,78.29,,,,,,,,,,,,,,,,,,,,,,,,,,,,,,,,,,,,
2023,3,2,19,0,22.7,19.2,80.53,,,,,,,,,,,,,,,,,,,,,,,,,,,,,,,,,,,,
2023,3,2,20,0,22.3,19.4,83.82,,,,,,,,,,,,,,,,,,,,,,,,,,,,,,,,,,,,
2023,3,2,21,0,22,19.5,86,,,,,,,,,,,,,,,,,,,,,,,,,,,,,,,,,,,,
2023,3,2,22,0,21.2,19.7,91.38,,,,,,,,,,,,,,,,,,,,,,,,,,,,,,,,,,,,
2023,3,2,23,0,20.2,19.2,94.11,,,,,,,,,,,,,,,,,,,,,,,,,,,,,,,,,,,,
2023,3,3,0,0,19.8,19,95.11,,,,,,,,,,,,,,,,,,,,,,,,,,,,,,,,,,,,
2023,3,3,1,0,19.5,18.8,95.94,,,,,,,,,,,,,,,,,,,,,,,,,,,,,,,,,,,,
2023,3,3,2,0,19.2,18.7,96.86,,,,,,,,,,,,,,,,,,,,,,,,,,,,,,,,,,,,
2023,3,3,3,0,19,18.6,97.24,,,,,,,,,,,,,,,,,,,,,,,,,,,,,,,,,,,,
2023,3,3,4,0,18.7,18.4,98.07,,,,,,,,,,,,,,,,,,,,,,,,,,,,,,,,,,,,
2023,3,3,5,0,18.7,18.3,97.23,,,,,,,,,,,,,,,,,,,,,,,,,,,,,,,,,,,,
2023,3,3,6,0,18.7,18.2,96.84,,,,,,,,,,,,,,,,,,,,,,,,,,,,,,,,,,,,
2023,3,3,7,0,18.3,18.1,98.46,,,,,,,,,,,,,,,,,,,,,,,,,,,,,,,,,,,,
2023,3,3,8,0,18,18,99.76,,,,,,,,,,,,,,,,,,,,,,,,,,,,,,,,,,,,
2023,3,3,9,0,17.9,17.9,100,,,,,,,,,,,,,,,,,,,,,,,,,,,,,,,,,,,,
2023,3,3,10,0,17.8,17.8,100,,,,,,,,,,,,,,,,,,,,,,,,,,,,,,,,,,,,
2023,3,3,11,0,17.7,17.7,100,,,,,,,,,,,,,,,,,,,,,,,,,,,,,,,,,,,,
2023,3,3,12,0,18.9,18.8,99.4,,,,,,,,,,,,,,,,,,,,,,,,,,,,,,,,,,,,
2023,3,3,13,0,19.8,19.5,97.88,,,,,,,,,,,,,,,,,,,,,,,,,,,,,,,,,,,,
2023,3,3,14,0,21.2,19.5,90.22,,,,,,,,,,,,,,,,,,,,,,,,,,,,,,,,,,,,
2023,3,3,15,0,22.6,19.1,80.58,,,,,,,,,,,,,,,,,,,,,,,,,,,,,,,,,,,,
2023,3,3,16,0,23.3,18.8,75.86,,,,,,,,,,,,,,,,,,,,,,,,,,,,,,,,,,,,
2023,3,3,17,0,23.6,18.4,72.69,,,,,,,,,,,,,,,,,,,,,,,,,,,,,,,,,,,,
2023,3,3,18,0,23.6,18.2,71.65,,,,,,,,,,,,,,,,,,,,,,,,,,,,,,,,,,,,
2023,3,3,19,0,23.3,18.4,73.83,,,,,,,,,,,,,,,,,,,,,,,,,,,,,,,,,,,,
2023,3,3,20,0,22.7,19,79.4,,,,,,,,,,,,,,,,,,,,,,,,,,,,,,,,,,,,
2023,3,3,21,0,22,19.4,85.26,,,,,,,,,,,,,,,,,,,,,,,,,,,,,,,,,,,,
2023,3,3,22,0,21.4,19.4,88.52,,,,,,,,,,,,,,,,,,,,,,,,,,,,,,,,,,,,
2023,3,3,23,0,20.8,19.3,90.92,,,,,,,,,,,,,,,,,,,,,,,,,,,,,,,,,,,,
2023,3,4,0,0,20.7,19.3,91.59,,,,,,,,,,,,,,,,,,,,,,,,,,,,,,,,,,,,
2023,3,4,1,0,20.7,19.3,91.73,,,,,,,,,,,,,,,,,,,,,,,,,,,,,,,,,,,,
2023,3,4,2,0,21.1,19.1,88.41,,,,,,,,,,,,,,,,,,,,,,,,,,,,,,,,,,,,
2023,3,4,3,0,21.1,18.9,87.18,,,,,,,,,,,,,,,,,,,,,,,,,,,,,,,,,,,,
2023,3,4,4,0,21.3,18.8,85.51,,,,,,,,,,,,,,,,,,,,,,,,,,,,,,,,,,,,
2023,3,4,5,0,21.3,19,86.71,,,,,,,,,,,,,,,,,,,,,,,,,,,,,,,,,,,,
2023,3,4,6,0,21,19.4,90.52,,,,,,,,,,,,,,,,,,,,,,,,,,,,,,,,,,,,
2023,3,4,7,0,20.9,19.7,92.89,,,,,,,,,,,,,,,,,,,,,,,,,,,,,,,,,,,,
2023,3,4,8,0,20.6,19.9,95.48,,,,,,,,,,,,,,,,,,,,,,,,,,,,,,,,,,,,
2023,3,4,9,0,20,19.4,96.6,,,,,,,,,,,,,,,,,,,,,,,,,,,,,,,,,,,,
2023,3,4,10,0,19.1,18.2,94.77,,,,,,,,,,,,,,,,,,,,,,,,,,,,,,,,,,,,
2023,3,4,11,0,18,16.8,92.47,,,,,,,,,,,,,,,,,,,,,,,,,,,,,,,,,,,,
2023,3,4,12,0,18,15.6,85.64,,,,,,,,,,,,,,,,,,,,,,,,,,,,,,,,,,,,
2023,3,4,13,0,19,14.5,75.32,,,,,,,,,,,,,,,,,,,,,,,,,,,,,,,,,,,,
2023,3,4,14,0,20.1,13.3,65.07,,,,,,,,,,,,,,,,,,,,,,,,,,,,,,,,,,,,
2023,3,4,15,0,21.2,12.9,59.22,,,,,,,,,,,,,,,,,,,,,,,,,,,,,,,,,,,,
2023,3,4,16,0,22.1,12.8,55.6,,,,,,,,,,,,,,,,,,,,,,,,,,,,,,,,,,,,
2023,3,4,17,0,22.7,12.9,53.85,,,,,,,,,,,,,,,,,,,,,,,,,,,,,,,,,,,,
2023,3,4,18,0,23.1,13.1,53.18,,,,,,,,,,,,,,,,,,,,,,,,,,,,,,,,,,,,
2023,3,4,19,0,23.2,13.3,53.76,,,,,,,,,,,,,,,,,,,,,,,,,,,,,,,,,,,,
2023,3,4,20,0,23,13.7,55.71,,,,,,,,,,,,,,,,,,,,,,,,,,,,,,,,,,,,
2023,3,4,21,0,22.3,14.6,61.71,,,,,,,,,,,,,,,,,,,,,,,,,,,,,,,,,,,,
2023,3,4,22,0,20.7,16,74.26,,,,,,,,,,,,,,,,,,,,,,,,,,,,,,,,,,,,
2023,3,4,23,0,19,15.5,80.2,,,,,,,,,,,,,,,,,,,,,,,,,,,,,,,,,,,,
2023,3,5,0,0,18.4,15.4,82.69,,,,,,,,,,,,,,,,,,,,,,,,,,,,,,,,,,,,
2023,3,5,1,0,18,15.2,83.75,,,,,,,,,,,,,,,,,,,,,,,,,,,,,,,,,,,,
2023,3,5,2,0,17.5,14.8,84.44,,,,,,,,,,,,,,,,,,,,,,,,,,,,,,,,,,,,
2023,3,5,3,0,16.7,14.5,86.75,,,,,,,,,,,,,,,,,,,,,,,,,,,,,,,,,,,,
2023,3,5,4,0,16,14.1,88.26,,,,,,,,,,,,,,,,,,,,,,,,,,,,,,,,,,,,
2023,3,5,5,0,15.5,13.5,88.03,,,,,,,,,,,,,,,,,,,,,,,,,,,,,,,,,,,,
2023,3,5,6,0,15.1,13.1,87.75,,,,,,,,,,,,,,,,,,,,,,,,,,,,,,,,,,,,
2023,3,5,7,0,14.6,12.6,87.96,,,,,,,,,,,,,,,,,,,,,,,,,,,,,,,,,,,,
2023,3,5,8,0,14.4,12,85.67,,,,,,,,,,,,,,,,,,,,,,,,,,,,,,,,,,,,
2023,3,5,9,0,14.1,11.3,83.48,,,,,,,,,,,,,,,,,,,,,,,,,,,,,,,,,,,,
2023,3,5,10,0,13.7,10.9,83.28,,,,,,,,,,,,,,,,,,,,,,,,,,,,,,,,,,,,
2023,3,5,11,0,13.4,10.6,83.26,,,,,,,,,,,,,,,,,,,,,,,,,,,,,,,,,,,,
2023,3,5,12,0,14.1,10.6,79.36,,,,,,,,,,,,,,,,,,,,,,,,,,,,,,,,,,,,
2023,3,5,13,0,15.7,10.2,69.96,,,,,,,,,,,,,,,,,,,,,,,,,,,,,,,,,,,,
2023,3,5,14,0,17.3,9.8,61.4,,,,,,,,,,,,,,,,,,,,,,,,,,,,,,,,,,,,
2023,3,5,15,0,18.6,9.9,56.91,,,,,,,,,,,,,,,,,,,,,,,,,,,,,,,,,,,,
2023,3,5,16,0,19.5,10.3,55.24,,,,,,,,,,,,,,,,,,,,,,,,,,,,,,,,,,,,
2023,3,5,17,0,20.2,10.7,54.52,,,,,,,,,,,,,,,,,,,,,,,,,,,,,,,,,,,,
2023,3,5,18,0,20.5,11.2,55.07,,,,,,,,,,,,,,,,,,,,,,,,,,,,,,,,,,,,
2023,3,5,19,0,20.5,11.5,56.21,,,,,,,,,,,,,,,,,,,,,,,,,,,,,,,,,,,,
2023,3,5,20,0,20.2,11.8,58.34,,,,,,,,,,,,,,,,,,,,,,,,,,,,,,,,,,,,
2023,3,5,21,0,19.5,12.2,62.82,,,,,,,,,,,,,,,,,,,,,,,,,,,,,,,,,,,,
2023,3,5,22,0,17.9,13.3,74.65,,,,,,,,,,,,,,,,,,,,,,,,,,,,,,,,,,,,
2023,3,5,23,0,16.2,13.3,83.14,,,,,,,,,,,,,,,,,,,,,,,,,,,,,,,,,,,,
2023,3,6,0,0,15.9,13.4,85.21,,,,,,,,,,,,,,,,,,,,,,,,,,,,,,,,,,,,
2023,3,6,1,0,15.6,13.6,87.82,,,,,,,,,,,,,,,,,,,,,,,,,,,,,,,,,,,,
2023,3,6,2,0,15.2,13.8,91.57,,,,,,,,,,,,,,,,,,,,,,,,,,,,,,,,,,,,
2023,3,6,3,0,15.1,14.1,93.91,,,,,,,,,,,,,,,,,,,,,,,,,,,,,,,,,,,,
2023,3,6,4,0,15.1,14.4,95.64,,,,,,,,,,,,,,,,,,,,,,,,,,,,,,,,,,,,
2023,3,6,5,0,15.3,14.7,96.02,,,,,,,,,,,,,,,,,,,,,,,,,,,,,,,,,,,,
2023,3,6,6,0,15.4,14.9,96.75,,,,,,,,,,,,,,,,,,,,,,,,,,,,,,,,,,,,
2023,3,6,7,0,15.5,15.1,97.23,,,,,,,,,,,,,,,,,,,,,,,,,,,,,,,,,,,,
2023,3,6,8,0,15.6,15.2,97.34,,,,,,,,,,,,,,,,,,,,,,,,,,,,,,,,,,,,
2023,3,6,9,0,15.5,15.2,98.33,,,,,,,,,,,,,,,,,,,,,,,,,,,,,,,,,,,,
2023,3,6,10,0,15.4,15.3,99.32,,,,,,,,,,,,,,,,,,,,,,,,,,,,,,,,,,,,
2023,3,6,11,0,15.3,15.3,100,,,,,,,,,,,,,,,,,,,,,,,,,,,,,,,,,,,,
2023,3,6,12,0,16.6,15.8,94.95,,,,,,,,,,,,,,,,,,,,,,,,,,,,,,,,,,,,
2023,3,6,13,0,18.2,16.3,88.49,,,,,,,,,,,,,,,,,,,,,,,,,,,,,,,,,,,,
2023,3,6,14,0,20.1,16.5,79.58,,,,,,,,,,,,,,,,,,,,,,,,,,,,,,,,,,,,
2023,3,6,15,0,21.3,16.2,72.69,,,,,,,,,,,,,,,,,,,,,,,,,,,,,,,,,,,,
2023,3,6,16,0,22.2,15.9,67.38,,,,,,,,,,,,,,,,,,,,,,,,,,,,,,,,,,,,
2023,3,6,17,0,22.6,15.7,65.11,,,,,,,,,,,,,,,,,,,,,,,,,,,,,,,,,,,,
2023,3,6,18,0,22.2,15.7,66.74,,,,,,,,,,,,,,,,,,,,,,,,,,,,,,,,,,,,
2023,3,6,19,0,22.1,16,68.37,,,,,,,,,,,,,,,,,,,,,,,,,,,,,,,,,,,,
2023,3,6,20,0,22,16.3,70.15,,,,,,,,,,,,,,,,,,,,,,,,,,,,,,,,,,,,
2023,3,6,21,0,21.5,16.9,74.9,,,,,,,,,,,,,,,,,,,,,,,,,,,,,,,,,,,,
2023,3,6,22,0,20.3,17.4,83.37,,,,,,,,,,,,,,,,,,,,,,,,,,,,,,,,,,,,
2023,3,6,23,0,18.9,17.2,89.62,,,,,,,,,,,,,,,,,,,,,,,,,,,,,,,,,,,,
2023,3,7,0,0,18.5,17.4,93.03,,,,,,,,,,,,,,,,,,,,,,,,,,,,,,,,,,,,
2023,3,7,1,0,18.2,17.6,96.2,,,,,,,,,,,,,,,,,,,,,,,,,,,,,,,,,,,,
2023,3,7,2,0,18.2,17.9,97.84,,,,,,,,,,,,,,,,,,,,,,,,,,,,,,,,,,,,
2023,3,7,3,0,18.4,18.1,98.09,,,,,,,,,,,,,,,,,,,,,,,,,,,,,,,,,,,,
2023,3,7,4,0,18.5,18.3,98.9,,,,,,,,,,,,,,,,,,,,,,,,,,,,,,,,,,,,
2023,3,7,5,0,18.5,18.5,99.95,,,,,,,,,,,,,,,,,,,,,,,,,,,,,,,,,,,,
2023,3,7,6,0,18.4,18.4,100,,,,,,,,,,,,,,,,,,,,,,,,,,,,,,,,,,,,
2023,3,7,7,0,18.4,18.4,100,,,,,,,,,,,,,,,,,,,,,,,,,,,,,,,,,,,,
2023,3,7,8,0,18.3,18.3,100,,,,,,,,,,,,,,,,,,,,,,,,,,,,,,,,,,,,
2023,3,7,9,0,18.2,18.2,100,,,,,,,,,,,,,,,,,,,,,,,,,,,,,,,,,,,,
2023,3,7,10,0,17.8,17.8,100,,,,,,,,,,,,,,,,,,,,,,,,,,,,,,,,,,,,
2023,3,7,11,0,17.6,17.6,100,,,,,,,,,,,,,,,,,,,,,,,,,,,,,,,,,,,,
2023,3,7,12,0,18.4,17.6,95.03,,,,,,,,,,,,,,,,,,,,,,,,,,,,,,,,,,,,
2023,3,7,13,0,19.8,17.8,88.18,,,,,,,,,,,,,,,,,,,,,,,,,,,,,,,,,,,,
2023,3,7,14,0,21.4,18,80.9,,,,,,,,,,,,,,,,,,,,,,,,,,,,,,,,,,,,
2023,3,7,15,0,22.9,18.1,74.2,,,,,,,,,,,,,,,,,,,,,,,,,,,,,,,,,,,,
2023,3,7,16,0,23.9,17.7,68.23,,,,,,,,,,,,,,,,,,,,,,,,,,,,,,,,,,,,
2023,3,7,17,0,24.6,17.3,63.83,,,,,,,,,,,,,,,,,,,,,,,,,,,,,,,,,,,,
2023,3,7,18,0,24.9,17,61.47,,,,,,,,,,,,,,,,,,,,,,,,,,,,,,,,,,,,
2023,3,7,19,0,25,16.6,59.56,,,,,,,,,,,,,,,,,,,,,,,,,,,,,,,,,,,,
2023,3,7,20,0,24.7,16.1,58.92,,,,,,,,,,,,,,,,,,,,,,,,,,,,,,,,,,,,
2023,3,7,21,0,23.9,16.1,61.54,,,,,,,,,,,,,,,,,,,,,,,,,,,,,,,,,,,,
2023,3,7,22,0,22.2,16.3,69.38,,,,,,,,,,,,,,,,,,,,,,,,,,,,,,,,,,,,
2023,3,7,23,0,20.4,15.6,73.99,,,,,,,,,,,,,,,,,,,,,,,,,,,,,,,,,,,,
2023,3,8,0,0,19.6,15,74.99,,,,,,,,,,,,,,,,,,,,,,,,,,,,,,,,,,,,
2023,3,8,1,0,18.9,14.4,75.12,,,,,,,,,,,,,,,,,,,,,,,,,,,,,,,,,,,,
2023,3,8,2,0,18.5,13.6,72.92,,,,,,,,,,,,,,,,,,,,,,,,,,,,,,,,,,,,
2023,3,8,3,0,17.8,12.4,70.55,,,,,,,,,,,,,,,,,,,,,,,,,,,,,,,,,,,,
2023,3,8,4,0,17,10.5,65.74,,,,,,,,,,,,,,,,,,,,,,,,,,,,,,,,,,,,
2023,3,8,5,0,15.6,8.5,62.6,,,,,,,,,,,,,,,,,,,,,,,,,,,,,,,,,,,,
2023,3,8,6,0,14.3,7.3,62.78,,,,,,,,,,,,,,,,,,,,,,,,,,,,,,,,,,,,
2023,3,8,7,0,13.2,6.4,63.51,,,,,,,,,,,,,,,,,,,,,,,,,,,,,,,,,,,,
2023,3,8,8,0,12.3,5.7,64.12,,,,,,,,,,,,,,,,,,,,,,,,,,,,,,,,,,,,
2023,3,8,9,0,11.5,5,64.45,,,,,,,,,,,,,,,,,,,,,,,,,,,,,,,,,,,,
2023,3,8,10,0,10.6,4.5,65.91,,,,,,,,,,,,,,,,,,,,,,,,,,,,,,,,,,,,
2023,3,8,11,0,10,4.2,67.22,,,,,,,,,,,,,,,,,,,,,,,,,,,,,,,,,,,,
2023,3,8,12,0,10.5,3.9,63.67,,,,,,,,,,,,,,,,,,,,,,,,,,,,,,,,,,,,
2023,3,8,13,0,11.5,2.9,55.35,,,,,,,,,,,,,,,,,,,,,,,,,,,,,,,,,,,,
2023,3,8,14,0,12.5,2.2,49.34,,,,,,,,,,,,,,,,,,,,,,,,,,,,,,,,,,,,
2023,3,8,15,0,13.7,2.1,45.25,,,,,,,,,,,,,,,,,,,,,,,,,,,,,,,,,,,,
2023,3,8,16,0,14.8,2.2,42.49,,,,,,,,,,,,,,,,,,,,,,,,,,,,,,,,,,,,
2023,3,8,17,0,15.7,2.3,40.5,,,,,,,,,,,,,,,,,,,,,,,,,,,,,,,,,,,,
2023,3,8,18,0,16.4,2.4,39.09,,,,,,,,,,,,,,,,,,,,,,,,,,,,,,,,,,,,
2023,3,8,19,0,16.8,2.7,38.75,,,,,,,,,,,,,,,,,,,,,,,,,,,,,,,,,,,,
2023,3,8,20,0,17,3,39.1,,,,,,,,,,,,,,,,,,,,,,,,,,,,,,,,,,,,
2023,3,8,21,0,16.7,3.7,41.9,,,,,,,,,,,,,,,,,,,,,,,,,,,,,,,,,,,,
2023,3,8,22,0,15.3,6.6,55.97,,,,,,,,,,,,,,,,,,,,,,,,,,,,,,,,,,,,
2023,3,8,23,0,14.1,6.7,61,,,,,,,,,,,,,,,,,,,,,,,,,,,,,,,,,,,,
2023,3,9,0,0,13.8,6.8,62.59,,,,,,,,,,,,,,,,,,,,,,,,,,,,,,,,,,,,
2023,3,9,1,0,13.4,6.4,62.64,,,,,,,,,,,,,,,,,,,,,,,,,,,,,,,,,,,,
2023,3,9,2,0,13.1,6.2,63.15,,,,,,,,,,,,,,,,,,,,,,,,,,,,,,,,,,,,
2023,3,9,3,0,12.5,6.1,64.84,,,,,,,,,,,,,,,,,,,,,,,,,,,,,,,,,,,,
2023,3,9,4,0,12.1,6.2,67.03,,,,,,,,,,,,,,,,,,,,,,,,,,,,,,,,,,,,
2023,3,9,5,0,11.8,6.3,69.04,,,,,,,,,,,,,,,,,,,,,,,,,,,,,,,,,,,,
2023,3,9,6,0,11.6,6.5,70.7,,,,,,,,,,,,,,,,,,,,,,,,,,,,,,,,,,,,
2023,3,9,7,0,11.4,6.6,72.54,,,,,,,,,,,,,,,,,,,,,,,,,,,,,,,,,,,,
2023,3,9,8,0,11.5,6.9,73.34,,,,,,,,,,,,,,,,,,,,,,,,,,,,,,,,,,,,
2023,3,9,9,0,11.6,7.1,73.89,,,,,,,,,,,,,,,,,,,,,,,,,,,,,,,,,,,,
2023,3,9,10,0,11.5,7.1,74.48,,,,,,,,,,,,,,,,,,,,,,,,,,,,,,,,,,,,
2023,3,9,11,0,11.2,7.2,76.14,,,,,,,,,,,,,,,,,,,,,,,,,,,,,,,,,,,,
2023,3,9,12,0,12.5,7.4,71.21,,,,,,,,,,,,,,,,,,,,,,,,,,,,,,,,,,,,
2023,3,9,13,0,14.2,6.9,61.34,,,,,,,,,,,,,,,,,,,,,,,,,,,,,,,,,,,,
2023,3,9,14,0,15.6,5.9,52.29,,,,,,,,,,,,,,,,,,,,,,,,,,,,,,,,,,,,
2023,3,9,15,0,16.6,5.6,48.14,,,,,,,,,,,,,,,,,,,,,,,,,,,,,,,,,,,,
2023,3,9,16,0,17.4,5.7,46.01,,,,,,,,,,,,,,,,,,,,,,,,,,,,,,,,,,,,
2023,3,9,17,0,18.1,5.9,44.72,,,,,,,,,,,,,,,,,,,,,,,,,,,,,,,,,,,,
2023,3,9,18,0,18.5,5.9,43.8,,,,,,,,,,,,,,,,,,,,,,,,,,,,,,,,,,,,
2023,3,9,19,0,18.2,6.1,45.06,,,,,,,,,,,,,,,,,,,,,,,,,,,,,,,,,,,,
2023,3,9,20,0,18,6.6,47.28,,,,,,,,,,,,,,,,,,,,,,,,,,,,,,,,,,,,
2023,3,9,21,0,17.4,7.4,51.69,,,,,,,,,,,,,,,,,,,,,,,,,,,,,,,,,,,,
2023,3,9,22,0,16.2,9.1,62.79,,,,,,,,,,,,,,,,,,,,,,,,,,,,,,,,,,,,
2023,3,9,23,0,15.2,9.1,67.08,,,,,,,,,,,,,,,,,,,,,,,,,,,,,,,,,,,,
2023,3,10,0,0,14.7,9.3,69.99,,,,,,,,,,,,,,,,,,,,,,,,,,,,,,,,,,,,
2023,3,10,1,0,14.2,9.4,72.97,,,,,,,,,,,,,,,,,,,,,,,,,,,,,,,,,,,,
2023,3,10,2,0,13.9,9.5,74.99,,,,,,,,,,,,,,,,,,,,,,,,,,,,,,,,,,,,
2023,3,10,3,0,13.8,9.5,75.22,,,,,,,,,,,,,,,,,,,,,,,,,,,,,,,,,,,,
2023,3,10,4,0,13.8,9.3,74.5,,,,,,,,,,,,,,,,,,,,,,,,,,,,,,,,,,,,
2023,3,10,5,0,13.8,9.3,74.42,,,,,,,,,,,,,,,,,,,,,,,,,,,,,,,,,,,,
2023,3,10,6,0,14,9.5,74.55,,,,,,,,,,,,,,,,,,,,,,,,,,,,,,,,,,,,
2023,3,10,7,0,14.4,10,74.66,,,,,,,,,,,,,,,,,,,,,,,,,,,,,,,,,,,,
2023,3,10,8,0,14.7,10.5,76.03,,,,,,,,,,,,,,,,,,,,,,,,,,,,,,,,,,,,
2023,3,10,9,0,14.9,11.1,77.9,,,,,,,,,,,,,,,,,,,,,,,,,,,,,,,,,,,,
2023,3,10,10,0,15,11.8,81.31,,,,,,,,,,,,,,,,,,,,,,,,,,,,,,,,,,,,
2023,3,10,11,0,15.1,12.8,86.23,,,,,,,,,,,,,,,,,,,,,,,,,,,,,,,,,,,,
2023,3,10,12,0,15.3,13.9,91.28,,,,,,,,,,,,,,,,,,,,,,,,,,,,,,,,,,,,
2023,3,10,13,0,16,15,94.04,,,,,,,,,,,,,,,,,,,,,,,,,,,,,,,,,,,,
2023,3,10,14,0,16.8,15.9,94.69,,,,,,,,,,,,,,,,,,,,,,,,,,,,,,,,,,,,
2023,3,10,15,0,17.6,16.6,93.81,,,,,,,,,,,,,,,,,,,,,,,,,,,,,,,,,,,,
2023,3,10,16,0,18.1,16.8,92.4,,,,,,,,,,,,,,,,,,,,,,,,,,,,,,,,,,,,
2023,3,10,17,0,18.3,16.7,90.53,,,,,,,,,,,,,,,,,,,,,,,,,,,,,,,,,,,,
2023,3,10,18,0,18.4,16.6,89.48,,,,,,,,,,,,,,,,,,,,,,,,,,,,,,,,,,,,
2023,3,10,19,0,18.6,16.8,89.41,,,,,,,,,,,,,,,,,,,,,,,,,,,,,,,,,,,,
2023,3,10,20,0,18.9,17.2,89.93,,,,,,,,,,,,,,,,,,,,,,,,,,,,,,,,,,,,
2023,3,10,21,0,19,17.6,91.66,,,,,,,,,,,,,,,,,,,,,,,,,,,,,,,,,,,,
2023,3,10,22,0,18.7,17.7,94.19,,,,,,,,,,,,,,,,,,,,,,,,,,,,,,,,,,,,
2023,3,10,23,0,18.2,17.7,96.79,,,,,,,,,,,,,,,,,,,,,,,,,,,,,,,,,,,,
2023,3,11,0,0,18,17.5,97.16,,,,,,,,,,,,,,,,,,,,,,,,,,,,,,,,,,,,
2023,3,11,1,0,17.6,17.2,97.6,,,,,,,,,,,,,,,,,,,,,,,,,,,,,,,,,,,,
2023,3,11,2,0,17,16.9,99.44,,,,,,,,,,,,,,,,,,,,,,,,,,,,,,,,,,,,
2023,3,11,3,0,16.6,16.6,99.89,,,,,,,,,,,,,,,,,,,,,,,,,,,,,,,,,,,,
2023,3,11,4,0,16,16,99.92,,,,,,,,,,,,,,,,,,,,,,,,,,,,,,,,,,,,
2023,3,11,5,0,15,14.8,98.42,,,,,,,,,,,,,,,,,,,,,,,,,,,,,,,,,,,,
2023,3,11,6,0,13.8,12.8,93.96,,,,,,,,,,,,,,,,,,,,,,,,,,,,,,,,,,,,
2023,3,11,7,0,12.6,11,90.02,,,,,,,,,,,,,,,,,,,,,,,,,,,,,,,,,,,,
2023,3,11,8,0,11.6,9.5,86.71,,,,,,,,,,,,,,,,,,,,,,,,,,,,,,,,,,,,
2023,3,11,9,0,10.8,8.6,86.05,,,,,,,,,,,,,,,,,,,,,,,,,,,,,,,,,,,,
2023,3,11,10,0,10,7.8,86.32,,,,,,,,,,,,,,,,,,,,,,,,,,,,,,,,,,,,
2023,3,11,11,0,9.4,7.3,86.63,,,,,,,,,,,,,,,,,,,,,,,,,,,,,,,,,,,,
2023,3,11,12,0,10.4,7,79.4,,,,,,,,,,,,,,,,,,,,,,,,,,,,,,,,,,,,
2023,3,11,13,0,11.4,5.8,68.43,,,,,,,,,,,,,,,,,,,,,,,,,,,,,,,,,,,,
2023,3,11,14,0,12.4,5.2,61.29,,,,,,,,,,,,,,,,,,,,,,,,,,,,,,,,,,,,
2023,3,11,15,0,13.6,4.8,55.44,,,,,,,,,,,,,,,,,,,,,,,,,,,,,,,,,,,,
2023,3,11,16,0,14.7,4.6,50.63,,,,,,,,,,,,,,,,,,,,,,,,,,,,,,,,,,,,
2023,3,11,17,0,15.6,4.4,47.21,,,,,,,,,,,,,,,,,,,,,,,,,,,,,,,,,,,,
2023,3,11,18,0,16.4,4.5,45.09,,,,,,,,,,,,,,,,,,,,,,,,,,,,,,,,,,,,
2023,3,11,19,0,16.8,4.7,44.59,,,,,,,,,,,,,,,,,,,,,,,,,,,,,,,,,,,,
2023,3,11,20,0,16.8,5,45.76,,,,,,,,,,,,,,,,,,,,,,,,,,,,,,,,,,,,
2023,3,11,21,0,16.5,5.8,49.04,,,,,,,,,,,,,,,,,,,,,,,,,,,,,,,,,,,,
2023,3,11,22,0,15.5,7.8,60.01,,,,,,,,,,,,,,,,,,,,,,,,,,,,,,,,,,,,
2023,3,11,23,0,13.7,7.6,66.78,,,,,,,,,,,,,,,,,,,,,,,,,,,,,,,,,,,,
2023,3,12,0,0,13,7.5,69.03,,,,,,,,,,,,,,,,,,,,,,,,,,,,,,,,,,,,
2023,3,12,1,0,12.5,7.3,70.57,,,,,,,,,,,,,,,,,,,,,,,,,,,,,,,,,,,,
2023,3,12,2,0,12.2,7.1,71.08,,,,,,,,,,,,,,,,,,,,,,,,,,,,,,,,,,,,
2023,3,12,3,0,11.9,6.9,71.48,,,,,,,,,,,,,,,,,,,,,,,,,,,,,,,,,,,,
2023,3,12,4,0,11.5,6.6,72.1,,,,,,,,,,,,,,,,,,,,,,,,,,,,,,,,,,,,
2023,3,12,5,0,11.7,6.6,70.75,,,,,,,,,,,,,,,,,,,,,,,,,,,,,,,,,,,,
2023,3,12,6,0,12,6.7,69.95,,,,,,,,,,,,,,,,,,,,,,,,,,,,,,,,,,,,
2023,3,12,7,0,11.7,6.7,71.55,,,,,,,,,,,,,,,,,,,,,,,,,,,,,,,,,,,,
2023,3,12,8,0,11.2,6.6,73.12,,,,,,,,,,,,,,,,,,,,,,,,,,,,,,,,,,,,
2023,3,12,9,0,11.4,6.7,72.84,,,,,,,,,,,,,,,,,,,,,,,,,,,,,,,,,,,,
2023,3,12,10,0,11.7,7.2,73.66,,,,,,,,,,,,,,,,,,,,,,,,,,,,,,,,,,,,
2023,3,12,11,0,12.3,7.9,74.38,,,,,,,,,,,,,,,,,,,,,,,,,,,,,,,,,,,,
2023,3,12,12,0,14.6,9.2,70.13,,,,,,,,,,,,,,,,,,,,,,,,,,,,,,,,,,,,
2023,3,12,13,0,16.3,9.7,65.06,,,,,,,,,,,,,,,,,,,,,,,,,,,,,,,,,,,,
2023,3,12,14,0,17.5,10.3,62.57,,,,,,,,,,,,,,,,,,,,,,,,,,,,,,,,,,,,
2023,3,12,15,0,18.6,11.3,62.45,,,,,,,,,,,,,,,,,,,,,,,,,,,,,,,,,,,,
2023,3,12,16,0,19.6,12.5,63.36,,,,,,,,,,,,,,,,,,,,,,,,,,,,,,,,,,,,
2023,3,12,17,0,19.6,13.5,67.64,,,,,,,,,,,,,,,,,,,,,,,,,,,,,,,,,,,,
2023,3,12,18,0,19.3,14.5,73.77,,,,,,,,,,,,,,,,,,,,,,,,,,,,,,,,,,,,
2023,3,12,19,0,19.2,15.4,78.77,,,,,,,,,,,,,,,,,,,,,,,,,,,,,,,,,,,,
2023,3,12,20,0,19,16.2,83.75,,,,,,,,,,,,,,,,,,,,,,,,,,,,,,,,,,,,
2023,3,12,21,0,18.7,16.7,88.22,,,,,,,,,,,,,,,,,,,,,,,,,,,,,,,,,,,,
2023,3,12,22,0,18.1,16.9,92.93,,,,,,,,,,,,,,,,,,,,,,,,,,,,,,,,,,,,
2023,3,12,23,0,17.5,16.9,96.22,,,,,,,,,,,,,,,,,,,,,,,,,,,,,,,,,,,,
2023,3,13,0,0,17.2,16.8,97.31,,,,,,,,,,,,,,,,,,,,,,,,,,,,,,,,,,,,
2023,3,13,1,0,16.9,16.7,98.84,,,,,,,,,,,,,,,,,,,,,,,,,,,,,,,,,,,,
2023,3,13,2,0,17.1,16.9,99.01,,,,,,,,,,,,,,,,,,,,,,,,,,,,,,,,,,,,
2023,3,13,3,0,16.9,16.9,99.76,,,,,,,,,,,,,,,,,,,,,,,,,,,,,,,,,,,,
2023,3,13,4,0,16.5,16.3,98.99,,,,,,,,,,,,,,,,,,,,,,,,,,,,,,,,,,,,
2023,3,13,5,0,15.3,15.1,98.68,,,,,,,,,,,,,,,,,,,,,,,,,,,,,,,,,,,,
2023,3,13,6,0,13.9,13.6,98.37,,,,,,,,,,,,,,,,,,,,,,,,,,,,,,,,,,,,
2023,3,13,7,0,12.8,12.5,97.94,,,,,,,,,,,,,,,,,,,,,,,,,,,,,,,,,,,,
2023,3,13,8,0,11.6,11.1,97.03,,,,,,,,,,,,,,,,,,,,,,,,,,,,,,,,,,,,
2023,3,13,9,0,10.9,10.3,96.07,,,,,,,,,,,,,,,,,,,,,,,,,,,,,,,,,,,,
2023,3,13,10,0,10.6,10,95.82,,,,,,,,,,,,,,,,,,,,,,,,,,,,,,,,,,,,
2023,3,13,11,0,10.1,9.5,96.18,,,,,,,,,,,,,,,,,,,,,,,,,,,,,,,,,,,,
2023,3,13,12,0,9.8,9,94.89,,,,,,,,,,,,,,,,,,,,,,,,,,,,,,,,,,,,
2023,3,13,13,0,10.1,8.7,90.82,,,,,,,,,,,,,,,,,,,,,,,,,,,,,,,,,,,,
2023,3,13,14,0,11,8.6,85.4,,,,,,,,,,,,,,,,,,,,,,,,,,,,,,,,,,,,
2023,3,13,15,0,12.2,8.7,79.38,,,,,,,,,,,,,,,,,,,,,,,,,,,,,,,,,,,,
2023,3,13,16,0,13.4,9,74.5,,,,,,,,,,,,,,,,,,,,,,,,,,,,,,,,,,,,
2023,3,13,17,0,14.5,9.2,70.45,,,,,,,,,,,,,,,,,,,,,,,,,,,,,,,,,,,,
2023,3,13,18,0,15.5,9.3,66.75,,,,,,,,,,,,,,,,,,,,,,,,,,,,,,,,,,,,
2023,3,13,19,0,16.1,9.3,64.11,,,,,,,,,,,,,,,,,,,,,,,,,,,,,,,,,,,,
2023,3,13,20,0,16.3,9.2,62.95,,,,,,,,,,,,,,,,,,,,,,,,,,,,,,,,,,,,
2023,3,13,21,0,15.9,9.1,64.15,,,,,,,,,,,,,,,,,,,,,,,,,,,,,,,,,,,,
2023,3,13,22,0,14.9,9.4,69.43,,,,,,,,,,,,,,,,,,,,,,,,,,,,,,,,,,,,
2023,3,13,23,0,13.1,9.8,80.66,,,,,,,,,,,,,,,,,,,,,,,,,,,,,,,,,,,,
2023,3,14,0,0,12.1,9.6,84.48,,,,,,,,,,,,,,,,,,,,,,,,,,,,,,,,,,,,
2023,3,14,1,0,11.4,9,85.36,,,,,,,,,,,,,,,,,,,,,,,,,,,,,,,,,,,,
2023,3,14,2,0,10.9,8.6,85.92,,,,,,,,,,,,,,,,,,,,,,,,,,,,,,,,,,,,
2023,3,14,3,0,10.4,8.4,87.16,,,,,,,,,,,,,,,,,,,,,,,,,,,,,,,,,,,,
2023,3,14,4,0,10.3,8.4,88.14,,,,,,,,,,,,,,,,,,,,,,,,,,,,,,,,,,,,
2023,3,14,5,0,10.4,8.6,88.54,,,,,,,,,,,,,,,,,,,,,,,,,,,,,,,,,,,,
2023,3,14,6,0,9.9,8.2,89.02,,,,,,,,,,,,,,,,,,,,,,,,,,,,,,,,,,,,
2023,3,14,7,0,8.9,6.7,86.23,,,,,,,,,,,,,,,,,,,,,,,,,,,,,,,,,,,,
2023,3,14,8,0,8,5.5,84.3,,,,,,,,,,,,,,,,,,,,,,,,,,,,,,,,,,,,
2023,3,14,9,0,7.3,5.1,85.74,,,,,,,,,,,,,,,,,,,,,,,,,,,,,,,,,,,,
2023,3,14,10,0,6.8,4.8,87.27,,,,,,,,,,,,,,,,,,,,,,,,,,,,,,,,,,,,
2023,3,14,11,0,6.4,4.6,87.97,,,,,,,,,,,,,,,,,,,,,,,,,,,,,,,,,,,,
2023,3,14,12,0,7.3,3.6,77.41,,,,,,,,,,,,,,,,,,,,,,,,,,,,,,,,,,,,
2023,3,14,13,0,8.2,2.1,65.58,,,,,,,,,,,,,,,,,,,,,,,,,,,,,,,,,,,,
2023,3,14,14,0,9.2,1.5,58.65,,,,,,,,,,,,,,,,,,,,,,,,,,,,,,,,,,,,
2023,3,14,15,0,10.3,1.3,53.53,,,,,,,,,,,,,,,,,,,,,,,,,,,,,,,,,,,,
2023,3,14,16,0,11.3,1.1,49.51,,,,,,,,,,,,,,,,,,,,,,,,,,,,,,,,,,,,
2023,3,14,17,0,12.1,1.1,47.05,,,,,,,,,,,,,,,,,,,,,,,,,,,,,,,,,,,,
2023,3,14,18,0,12.8,1.3,45.48,,,,,,,,,,,,,,,,,,,,,,,,,,,,,,,,,,,,
2023,3,14,19,0,13.3,1.5,44.74,,,,,,,,,,,,,,,,,,,,,,,,,,,,,,,,,,,,
2023,3,14,20,0,13.5,1.8,44.95,,,,,,,,,,,,,,,,,,,,,,,,,,,,,,,,,,,,
2023,3,14,21,0,13.3,2,46.25,,,,,,,,,,,,,,,,,,,,,,,,,,,,,,,,,,,,
2023,3,14,22,0,12.5,2.7,51.35,,,,,,,,,,,,,,,,,,,,,,,,,,,,,,,,,,,,
2023,3,14,23,0,10.9,3.7,61.33,,,,,,,,,,,,,,,,,,,,,,,,,,,,,,,,,,,,
2023,3,15,0,0,10.4,3.9,64.27,,,,,,,,,,,,,,,,,,,,,,,,,,,,,,,,,,,,
2023,3,15,1,0,10,4,66.43,,,,,,,,,,,,,,,,,,,,,,,,,,,,,,,,,,,,
2023,3,15,2,0,9.3,4.1,69.76,,,,,,,,,,,,,,,,,,,,,,,,,,,,,,,,,,,,
2023,3,15,3,0,8.3,3.8,73.37,,,,,,,,,,,,,,,,,,,,,,,,,,,,,,,,,,,,
2023,3,15,4,0,7.2,3.2,75.74,,,,,,,,,,,,,,,,,,,,,,,,,,,,,,,,,,,,
2023,3,15,5,0,6.3,2.7,77.79,,,,,,,,,,,,,,,,,,,,,,,,,,,,,,,,,,,,
2023,3,15,6,0,5.9,2.3,77.75,,,,,,,,,,,,,,,,,,,,,,,,,,,,,,,,,,,,
2023,3,15,7,0,5.3,1.9,78.9,,,,,,,,,,,,,,,,,,,,,,,,,,,,,,,,,,,,
2023,3,15,8,0,4.7,1.6,80.59,,,,,,,,,,,,,,,,,,,,,,,,,,,,,,,,,,,,
2023,3,15,9,0,4.1,1.4,82.32,,,,,,,,,,,,,,,,,,,,,,,,,,,,,,,,,,,,
2023,3,15,10,0,3.5,1.2,84.69,,,,,,,,,,,,,,,,,,,,,,,,,,,,,,,,,,,,
2023,3,15,11,0,3.2,1,85.36,,,,,,,,,,,,,,,,,,,,,,,,,,,,,,,,,,,,
2023,3,15,12,0,4.7,0.6,74.74,,,,,,,,,,,,,,,,,,,,,,,,,,,,,,,,,,,,
2023,3,15,13,0,6.1,-0.4,63.06,,,,,,,,,,,,,,,,,,,,,,,,,,,,,,,,,,,,
2023,3,15,14,0,7.5,-0.6,56.49,,,,,,,,,,,,,,,,,,,,,,,,,,,,,,,,,,,,
2023,3,15,15,0,8.9,-0.5,51.67,,,,,,,,,,,,,,,,,,,,,,,,,,,,,,,,,,,,
2023,3,15,16,0,10.3,-0.5,47.27,,,,,,,,,,,,,,,,,,,,,,,,,,,,,,,,,,,,
2023,3,15,17,0,11.6,-0.4,43.49,,,,,,,,,,,,,,,,,,,,,,,,,,,,,,,,,,,,
2023,3,15,18,0,12.6,-0.3,40.96,,,,,,,,,,,,,,,,,,,,,,,,,,,,,,,,,,,,
2023,3,15,19,0,13.3,-0.2,39.64,,,,,,,,,,,,,,,,,,,,,,,,,,,,,,,,,,,,
2023,3,15,20,0,13.6,0.1,39.65,,,,,,,,,,,,,,,,,,,,,,,,,,,,,,,,,,,,
2023,3,15,21,0,13.5,0.7,41.49,,,,,,,,,,,,,,,,,,,,,,,,,,,,,,,,,,,,
2023,3,15,22,0,12.4,3.3,53.95,,,,,,,,,,,,,,,,,,,,,,,,,,,,,,,,,,,,
2023,3,15,23,0,10.7,2.8,58.12,,,,,,,,,,,,,,,,,,,,,,,,,,,,,,,,,,,,
2023,3,16,0,0,10.6,2.3,56.41,,,,,,,,,,,,,,,,,,,,,,,,,,,,,,,,,,,,
2023,3,16,1,0,10.7,1.9,54.62,,,,,,,,,,,,,,,,,,,,,,,,,,,,,,,,,,,,
2023,3,16,2,0,10.8,1.6,52.88,,,,,,,,,,,,,,,,,,,,,,,,,,,,,,,,,,,,
2023,3,16,3,0,10.8,1.3,52.03,,,,,,,,,,,,,,,,,,,,,,,,,,,,,,,,,,,,
2023,3,16,4,0,10.8,1.3,51.72,,,,,,,,,,,,,,,,,,,,,,,,,,,,,,,,,,,,
2023,3,16,5,0,10.6,1.1,51.91,,,,,,,,,,,,,,,,,,,,,,,,,,,,,,,,,,,,
2023,3,16,6,0,10.5,0.8,51.17,,,,,,,,,,,,,,,,,,,,,,,,,,,,,,,,,,,,
2023,3,16,7,0,10.4,0.4,49.97,,,,,,,,,,,,,,,,,,,,,,,,,,,,,,,,,,,,
2023,3,16,8,0,10.2,0.2,50.03,,,,,,,,,,,,,,,,,,,,,,,,,,,,,,,,,,,,
2023,3,16,9,0,9.9,0.7,52.75,,,,,,,,,,,,,,,,,,,,,,,,,,,,,,,,,,,,
2023,3,16,10,0,9.8,1,54.32,,,,,,,,,,,,,,,,,,,,,,,,,,,,,,,,,,,,
2023,3,16,11,0,9.7,1.1,54.98,,,,,,,,,,,,,,,,,,,,,,,,,,,,,,,,,,,,
2023,3,16,12,0,10.5,3.1,60.13,,,,,,,,,,,,,,,,,,,,,,,,,,,,,,,,,,,,
2023,3,16,13,0,12.1,2.9,53.39,,,,,,,,,,,,,,,,,,,,,,,,,,,,,,,,,,,,
2023,3,16,14,0,14.3,1.5,41.76,,,,,,,,,,,,,,,,,,,,,,,,,,,,,,,,,,,,
2023,3,16,15,0,15.6,1.1,37.35,,,,,,,,,,,,,,,,,,,,,,,,,,,,,,,,,,,,
2023,3,16,16,0,16.6,1.4,35.87,,,,,,,,,,,,,,,,,,,,,,,,,,,,,,,,,,,,
2023,3,16,17,0,17.2,2.1,36.29,,,,,,,,,,,,,,,,,,,,,,,,,,,,,,,,,,,,
2023,3,16,18,0,17.6,2.8,37.24,,,,,,,,,,,,,,,,,,,,,,,,,,,,,,,,,,,,
2023,3,16,19,0,17.6,3.5,39.16,,,,,,,,,,,,,,,,,,,,,,,,,,,,,,,,,,,,
2023,3,16,20,0,17.4,4.3,41.95,,,,,,,,,,,,,,,,,,,,,,,,,,,,,,,,,,,,
2023,3,16,21,0,16.8,5.3,46.48,,,,,,,,,,,,,,,,,,,,,,,,,,,,,,,,,,,,
2023,3,16,22,0,15.3,7.1,58.12,,,,,,,,,,,,,,,,,,,,,,,,,,,,,,,,,,,,
2023,3,16,23,0,13.4,7.4,67.19,,,,,,,,,,,,,,,,,,,,,,,,,,,,,,,,,,,,
2023,3,17,0,0,13.5,7.8,68.49,,,,,,,,,,,,,,,,,,,,,,,,,,,,,,,,,,,,
2023,3,17,1,0,13.3,8.5,72.83,,,,,,,,,,,,,,,,,,,,,,,,,,,,,,,,,,,,
2023,3,17,2,0,13,9.1,77.31,,,,,,,,,,,,,,,,,,,,,,,,,,,,,,,,,,,,
2023,3,17,3,0,13,9.8,80.9,,,,,,,,,,,,,,,,,,,,,,,,,,,,,,,,,,,,
2023,3,17,4,0,13.2,10.5,83.76,,,,,,,,,,,,,,,,,,,,,,,,,,,,,,,,,,,,
2023,3,17,5,0,13.2,11.2,87.42,,,,,,,,,,,,,,,,,,,,,,,,,,,,,,,,,,,,
2023,3,17,6,0,13.2,11.7,90.58,,,,,,,,,,,,,,,,,,,,,,,,,,,,,,,,,,,,
2023,3,17,7,0,13.6,12.2,91.29,,,,,,,,,,,,,,,,,,,,,,,,,,,,,,,,,,,,
2023,3,17,8,0,14,12.7,91.91,,,,,,,,,,,,,,,,,,,,,,,,,,,,,,,,,,,,
2023,3,17,9,0,13.7,13.2,96.77,,,,,,,,,,,,,,,,,,,,,,,,,,,,,,,,,,,,
2023,3,17,10,0,13.7,13.7,99.73,,,,,,,,,,,,,,,,,,,,,,,,,,,,,,,,,,,,
2023,3,17,11,0,14.1,14.1,99.85,,,,,,,,,,,,,,,,,,,,,,,,,,,,,,,,,,,,
2023,3,17,12,0,15.9,14.7,92.48,,,,,,,,,,,,,,,,,,,,,,,,,,,,,,,,,,,,
2023,3,17,13,0,17.3,15.1,86.71,,,,,,,,,,,,,,,,,,,,,,,,,,,,,,,,,,,,
2023,3,17,14,0,18.8,14.4,75.51,,,,,,,,,,,,,,,,,,,,,,,,,,,,,,,,,,,,
2023,3,17,15,0,19.7,13.7,68.21,,,,,,,,,,,,,,,,,,,,,,,,,,,,,,,,,,,,
2023,3,17,16,0,20.3,13.6,65.22,,,,,,,,,,,,,,,,,,,,,,,,,,,,,,,,,,,,
2023,3,17,17,0,20.6,13.8,65.12,,,,,,,,,,,,,,,,,,,,,,,,,,,,,,,,,,,,
2023,3,17,18,0,20.8,14.2,65.76,,,,,,,,,,,,,,,,,,,,,,,,,,,,,,,,,,,,
2023,3,17,19,0,20.6,14.4,67.77,,,,,,,,,,,,,,,,,,,,,,,,,,,,,,,,,,,,
2023,3,17,20,0,20.1,14.6,70.87,,,,,,,,,,,,,,,,,,,,,,,,,,,,,,,,,,,,
2023,3,17,21,0,19.5,14.8,74.06,,,,,,,,,,,,,,,,,,,,,,,,,,,,,,,,,,,,
2023,3,17,22,0,18.8,14.8,77.42,,,,,,,,,,,,,,,,,,,,,,,,,,,,,,,,,,,,
2023,3,17,23,0,18.3,14.9,80.69,,,,,,,,,,,,,,,,,,,,,,,,,,,,,,,,,,,,
2023,3,18,0,0,18.4,15.3,82.28,,,,,,,,,,,,,,,,,,,,,,,,,,,,,,,,,,,,
2023,3,18,1,0,18.5,15.9,84.74,,,,,,,,,,,,,,,,,,,,,,,,,,,,,,,,,,,,
2023,3,18,2,0,18.6,16.4,87.27,,,,,,,,,,,,,,,,,,,,,,,,,,,,,,,,,,,,
2023,3,18,3,0,18.6,16.9,89.71,,,,,,,,,,,,,,,,,,,,,,,,,,,,,,,,,,,,
2023,3,18,4,0,18.6,17.1,91.17,,,,,,,,,,,,,,,,,,,,,,,,,,,,,,,,,,,,
2023,3,18,5,0,18.5,17.3,92.45,,,,,,,,,,,,,,,,,,,,,,,,,,,,,,,,,,,,
2023,3,18,6,0,18.4,17.4,93.71,,,,,,,,,,,,,,,,,,,,,,,,,,,,,,,,,,,,
2023,3,18,7,0,18.5,17.5,93.84,,,,,,,,,,,,,,,,,,,,,,,,,,,,,,,,,,,,
2023,3,18,8,0,18.6,17.7,94.29,,,,,,,,,,,,,,,,,,,,,,,,,,,,,,,,,,,,
2023,3,18,9,0,18.5,17.8,95.66,,,,,,,,,,,,,,,,,,,,,,,,,,,,,,,,,,,,
2023,3,18,10,0,18.1,17.6,96.73,,,,,,,,,,,,,,,,,,,,,,,,,,,,,,,,,,,,
2023,3,18,11,0,17.2,16.7,97.07,,,,,,,,,,,,,,,,,,,,,,,,,,,,,,,,,,,,
2023,3,18,12,0,16.3,15.6,95.72,,,,,,,,,,,,,,,,,,,,,,,,,,,,,,,,,,,,
2023,3,18,13,0,15.8,14.2,90.38,,,,,,,,,,,,,,,,,,,,,,,,,,,,,,,,,,,,
2023,3,18,14,0,15.9,12.8,82.06,,,,,,,,,,,,,,,,,,,,,,,,,,,,,,,,,,,,
2023,3,18,15,0,15.6,12.2,80.45,,,,,,,,,,,,,,,,,,,,,,,,,,,,,,,,,,,,
2023,3,18,16,0,15.5,12,79.69,,,,,,,,,,,,,,,,,,,,,,,,,,,,,,,,,,,,
2023,3,18,17,0,15.8,11.6,76.25,,,,,,,,,,,,,,,,,,,,,,,,,,,,,,,,,,,,
2023,3,18,18,0,16.6,11.2,70.29,,,,,,,,,,,,,,,,,,,,,,,,,,,,,,,,,,,,
2023,3,18,19,0,17.5,10.6,63.73,,,,,,,,,,,,,,,,,,,,,,,,,,,,,,,,,,,,
2023,3,18,20,0,17.7,9.8,60.04,,,,,,,,,,,,,,,,,,,,,,,,,,,,,,,,,,,,
2023,3,18,21,0,17.4,9.3,59.11,,,,,,,,,,,,,,,,,,,,,,,,,,,,,,,,,,,,
2023,3,18,22,0,15.7,9.8,67.81,,,,,,,,,,,,,,,,,,,,,,,,,,,,,,,,,,,,
2023,3,18,23,0,13.9,10.2,78.34,,,,,,,,,,,,,,,,,,,,,,,,,,,,,,,,,,,,
2023,3,19,0,0,12.9,9.7,80.85,,,,,,,,,,,,,,,,,,,,,,,,,,,,,,,,,,,,
2023,3,19,1,0,12.1,9,81.23,,,,,,,,,,,,,,,,,,,,,,,,,,,,,,,,,,,,
2023,3,19,2,0,11.8,8.5,80.06,,,,,,,,,,,,,,,,,,,,,,,,,,,,,,,,,,,,
2023,3,19,3,0,11.4,8.1,80.06,,,,,,,,,,,,,,,,,,,,,,,,,,,,,,,,,,,,
2023,3,19,4,0,11,7.6,79.49,,,,,,,,,,,,,,,,,,,,,,,,,,,,,,,,,,,,
2023,3,19,5,0,10.8,7.2,78.24,,,,,,,,,,,,,,,,,,,,,,,,,,,,,,,,,,,,
2023,3,19,6,0,10.7,6.9,77.43,,,,,,,,,,,,,,,,,,,,,,,,,,,,,,,,,,,,
2023,3,19,7,0,10.4,6.8,78.14,,,,,,,,,,,,,,,,,,,,,,,,,,,,,,,,,,,,
2023,3,19,8,0,10,6.7,79.71,,,,,,,,,,,,,,,,,,,,,,,,,,,,,,,,,,,,
2023,3,19,9,0,9.9,6.4,78.6,,,,,,,,,,,,,,,,,,,,,,,,,,,,,,,,,,,,
2023,3,19,10,0,9.7,6.2,78.73,,,,,,,,,,,,,,,,,,,,,,,,,,,,,,,,,,,,
2023,3,19,11,0,9.6,5.9,77.54,,,,,,,,,,,,,,,,,,,,,,,,,,,,,,,,,,,,
2023,3,19,12,0,9.7,5.2,73.51,,,,,,,,,,,,,,,,,,,,,,,,,,,,,,,,,,,,
2023,3,19,13,0,10.3,4,65.18,,,,,,,,,,,,,,,,,,,,,,,,,,,,,,,,,,,,
2023,3,19,14,0,11.4,3.5,58.29,,,,,,,,,,,,,,,,,,,,,,,,,,,,,,,,,,,,
2023,3,19,15,0,12.6,3.2,52.85,,,,,,,,,,,,,,,,,,,,,,,,,,,,,,,,,,,,
2023,3,19,16,0,13.7,2.8,47.84,,,,,,,,,,,,,,,,,,,,,,,,,,,,,,,,,,,,
2023,3,19,17,0,14.5,2.3,43.77,,,,,,,,,,,,,,,,,,,,,,,,,,,,,,,,,,,,
2023,3,19,18,0,15,1.9,41.1,,,,,,,,,,,,,,,,,,,,,,,,,,,,,,,,,,,,
2023,3,19,19,0,15.3,1.6,39.44,,,,,,,,,,,,,,,,,,,,,,,,,,,,,,,,,,,,
2023,3,19,20,0,15.3,1.3,38.78,,,,,,,,,,,,,,,,,,,,,,,,,,,,,,,,,,,,
2023,3,19,21,0,14.8,1.6,40.88,,,,,,,,,,,,,,,,,,,,,,,,,,,,,,,,,,,,
2023,3,19,22,0,13.8,3.8,50.83,,,,,,,,,,,,,,,,,,,,,,,,,,,,,,,,,,,,
2023,3,19,23,0,12.4,4.7,59.5,,,,,,,,,,,,,,,,,,,,,,,,,,,,,,,,,,,,
2023,3,20,0,0,12,5.1,62.67,,,,,,,,,,,,,,,,,,,,,,,,,,,,,,,,,,,,
2023,3,20,1,0,11.8,5.5,65.41,,,,,,,,,,,,,,,,,,,,,,,,,,,,,,,,,,,,
2023,3,20,2,0,11.5,5.8,68.08,,,,,,,,,,,,,,,,,,,,,,,,,,,,,,,,,,,,
2023,3,20,3,0,11.2,5.7,69.1,,,,,,,,,,,,,,,,,,,,,,,,,,,,,,,,,,,,
2023,3,20,4,0,10.9,5.5,69.13,,,,,,,,,,,,,,,,,,,,,,,,,,,,,,,,,,,,
2023,3,20,5,0,10.5,5.3,70.43,,,,,,,,,,,,,,,,,,,,,,,,,,,,,,,,,,,,
2023,3,20,6,0,10.2,5.3,71.81,,,,,,,,,,,,,,,,,,,,,,,,,,,,,,,,,,,,
2023,3,20,7,0,9.7,5.2,73.6,,,,,,,,,,,,,,,,,,,,,,,,,,,,,,,,,,,,
2023,3,20,8,0,8.8,4.9,76.6,,,,,,,,,,,,,,,,,,,,,,,,,,,,,,,,,,,,
2023,3,20,9,0,8.1,4.7,79.05,,,,,,,,,,,,,,,,,,,,,,,,,,,,,,,,,,,,
2023,3,20,10,0,7.6,4.5,80.85,,,,,,,,,,,,,,,,,,,,,,,,,,,,,,,,,,,,
2023,3,20,11,0,7.3,4.4,81.95,,,,,,,,,,,,,,,,,,,,,,,,,,,,,,,,,,,,
2023,3,20,12,0,8,4.3,77.21,,,,,,,,,,,,,,,,,,,,,,,,,,,,,,,,,,,,
2023,3,20,13,0,9.1,4,70.53,,,,,,,,,,,,,,,,,,,,,,,,,,,,,,,,,,,,
2023,3,20,14,0,10.5,4.2,65.04,,,,,,,,,,,,,,,,,,,,,,,,,,,,,,,,,,,,
2023,3,20,15,0,11.9,4.6,60.98,,,,,,,,,,,,,,,,,,,,,,,,,,,,,,,,,,,,
2023,3,20,16,0,13,5,58.16,,,,,,,,,,,,,,,,,,,,,,,,,,,,,,,,,,,,
2023,3,20,17,0,13.7,5.1,55.93,,,,,,,,,,,,,,,,,,,,,,,,,,,,,,,,,,,,
2023,3,20,18,0,14.1,4.9,54.01,,,,,,,,,,,,,,,,,,,,,,,,,,,,,,,,,,,,
2023,3,20,19,0,14.3,4.6,52.18,,,,,,,,,,,,,,,,,,,,,,,,,,,,,,,,,,,,
2023,3,20,20,0,14.2,4.3,51.32,,,,,,,,,,,,,,,,,,,,,,,,,,,,,,,,,,,,
2023,3,20,21,0,13.8,4.1,51.99,,,,,,,,,,,,,,,,,,,,,,,,,,,,,,,,,,,,
2023,3,20,22,0,12.9,4.9,58.28,,,,,,,,,,,,,,,,,,,,,,,,,,,,,,,,,,,,
2023,3,20,23,0,11,5.7,69.68,,,,,,,,,,,,,,,,,,,,,,,,,,,,,,,,,,,,
2023,3,21,0,0,10.5,5.5,71.27,,,,,,,,,,,,,,,,,,,,,,,,,,,,,,,,,,,,
2023,3,21,1,0,10.1,5.4,72.6,,,,,,,,,,,,,,,,,,,,,,,,,,,,,,,,,,,,
2023,3,21,2,0,9.7,5.3,73.81,,,,,,,,,,,,,,,,,,,,,,,,,,,,,,,,,,,,
2023,3,21,3,0,9.9,5.1,72.08,,,,,,,,,,,,,,,,,,,,,,,,,,,,,,,,,,,,
2023,3,21,4,0,9.8,4.9,71.49,,,,,,,,,,,,,,,,,,,,,,,,,,,,,,,,,,,,
2023,3,21,5,0,9.5,4.8,72.37,,,,,,,,,,,,,,,,,,,,,,,,,,,,,,,,,,,,
2023,3,21,6,0,9.1,4.8,74.41,,,,,,,,,,,,,,,,,,,,,,,,,,,,,,,,,,,,
2023,3,21,7,0,8.4,4.8,78.23,,,,,,,,,,,,,,,,,,,,,,,,,,,,,,,,,,,,
2023,3,21,8,0,8.3,5,79.54,,,,,,,,,,,,,,,,,,,,,,,,,,,,,,,,,,,,
2023,3,21,9,0,7.8,4.9,81.93,,,,,,,,,,,,,,,,,,,,,,,,,,,,,,,,,,,,
2023,3,21,10,0,7.4,5,84.55,,,,,,,,,,,,,,,,,,,,,,,,,,,,,,,,,,,,
2023,3,21,11,0,7.6,5,83.56,,,,,,,,,,,,,,,,,,,,,,,,,,,,,,,,,,,,
2023,3,21,12,0,9.3,5,74.69,,,,,,,,,,,,,,,,,,,,,,,,,,,,,,,,,,,,
2023,3,21,13,0,11.3,4.2,61.81,,,,,,,,,,,,,,,,,,,,,,,,,,,,,,,,,,,,
2023,3,21,14,0,12.9,3.5,52.84,,,,,,,,,,,,,,,,,,,,,,,,,,,,,,,,,,,,
2023,3,21,15,0,14.1,3.6,49.05,,,,,,,,,,,,,,,,,,,,,,,,,,,,,,,,,,,,
2023,3,21,16,0,15.1,4,47.48,,,,,,,,,,,,,,,,,,,,,,,,,,,,,,,,,,,,
2023,3,21,17,0,15.9,4.7,47.2,,,,,,,,,,,,,,,,,,,,,,,,,,,,,,,,,,,,
2023,3,21,18,0,16.5,5.3,47.46,,,,,,,,,,,,,,,,,,,,,,,,,,,,,,,,,,,,
2023,3,21,19,0,16.7,5.7,48.36,,,,,,,,,,,,,,,,,,,,,,,,,,,,,,,,,,,,
2023,3,21,20,0,16.4,6.2,50.72,,,,,,,,,,,,,,,,,,,,,,,,,,,,,,,,,,,,
2023,3,21,21,0,15.3,7.7,60.59,,,,,,,,,,,,,,,,,,,,,,,,,,,,,,,,,,,,
2023,3,21,22,0,14.2,8.8,69.81,,,,,,,,,,,,,,,,,,,,,,,,,,,,,,,,,,,,
2023,3,21,23,0,12.7,9.1,78.76,,,,,,,,,,,,,,,,,,,,,,,,,,,,,,,,,,,,
2023,3,22,0,0,12.1,9.5,84.09,,,,,,,,,,,,,,,,,,,,,,,,,,,,,,,,,,,,
2023,3,22,1,0,12.4,10,85.08,,,,,,,,,,,,,,,,,,,,,,,,,,,,,,,,,,,,
2023,3,22,2,0,12.1,10.3,88.76,,,,,,,,,,,,,,,,,,,,,,,,,,,,,,,,,,,,
2023,3,22,3,0,12.1,10.5,89.79,,,,,,,,,,,,,,,,,,,,,,,,,,,,,,,,,,,,
2023,3,22,4,0,12.3,10.7,90.11,,,,,,,,,,,,,,,,,,,,,,,,,,,,,,,,,,,,
2023,3,22,5,0,12.4,11,91.14,,,,,,,,,,,,,,,,,,,,,,,,,,,,,,,,,,,,
2023,3,22,6,0,12.5,11.2,91.86,,,,,,,,,,,,,,,,,,,,,,,,,,,,,,,,,,,,
2023,3,22,7,0,12.5,11.5,93.63,,,,,,,,,,,,,,,,,,,,,,,,,,,,,,,,,,,,
2023,3,22,8,0,12.7,11.7,93.92,,,,,,,,,,,,,,,,,,,,,,,,,,,,,,,,,,,,
2023,3,22,9,0,12.8,11.9,94.34,,,,,,,,,,,,,,,,,,,,,,,,,,,,,,,,,,,,
2023,3,22,10,0,13.1,12.1,93.7,,,,,,,,,,,,,,,,,,,,,,,,,,,,,,,,,,,,
2023,3,22,11,0,13.6,12.5,92.78,,,,,,,,,,,,,,,,,,,,,,,,,,,,,,,,,,,,
2023,3,22,12,0,15.5,13.5,87.98,,,,,,,,,,,,,,,,,,,,,,,,,,,,,,,,,,,,
2023,3,22,13,0,16.9,14.1,83.59,,,,,,,,,,,,,,,,,,,,,,,,,,,,,,,,,,,,
2023,3,22,14,0,18.4,14.6,78.46,,,,,,,,,,,,,,,,,,,,,,,,,,,,,,,,,,,,
2023,3,22,15,0,19.5,15.1,75.96,,,,,,,,,,,,,,,,,,,,,,,,,,,,,,,,,,,,
2023,3,22,16,0,20.2,15.6,75,,,,,,,,,,,,,,,,,,,,,,,,,,,,,,,,,,,,
2023,3,22,17,0,20.2,15.9,76.52,,,,,,,,,,,,,,,,,,,,,,,,,,,,,,,,,,,,
2023,3,22,18,0,20,16.2,78.74,,,,,,,,,,,,,,,,,,,,,,,,,,,,,,,,,,,,
2023,3,22,19,0,19.7,16.5,81.53,,,,,,,,,,,,,,,,,,,,,,,,,,,,,,,,,,,,
2023,3,22,20,0,19.5,16.6,83.47,,,,,,,,,,,,,,,,,,,,,,,,,,,,,,,,,,,,
2023,3,22,21,0,19.1,16.7,86.16,,,,,,,,,,,,,,,,,,,,,,,,,,,,,,,,,,,,
2023,3,22,22,0,18.4,16.9,90.86,,,,,,,,,,,,,,,,,,,,,,,,,,,,,,,,,,,,
2023,3,22,23,0,17.1,16.6,96.84,,,,,,,,,,,,,,,,,,,,,,,,,,,,,,,,,,,,
2023,3,23,0,0,16.5,16.3,98.71,,,,,,,,,,,,,,,,,,,,,,,,,,,,,,,,,,,,
2023,3,23,1,0,16.2,16,99.01,,,,,,,,,,,,,,,,,,,,,,,,,,,,,,,,,,,,
2023,3,23,2,0,15.9,15.9,99.75,,,,,,,,,,,,,,,,,,,,,,,,,,,,,,,,,,,,
2023,3,23,3,0,15.7,15.7,99.93,,,,,,,,,,,,,,,,,,,,,,,,,,,,,,,,,,,,
2023,3,23,4,0,15.5,15.5,100,,,,,,,,,,,,,,,,,,,,,,,,,,,,,,,,,,,,
2023,3,23,5,0,15.4,15.4,100,,,,,,,,,,,,,,,,,,,,,,,,,,,,,,,,,,,,
2023,3,23,6,0,15.4,15.4,100,,,,,,,,,,,,,,,,,,,,,,,,,,,,,,,,,,,,
2023,3,23,7,0,15.4,15.4,100,,,,,,,,,,,,,,,,,,,,,,,,,,,,,,,,,,,,
2023,3,23,8,0,15.4,15.4,100,,,,,,,,,,,,,,,,,,,,,,,,,,,,,,,,,,,,
2023,3,23,9,0,15.4,15.4,100,,,,,,,,,,,,,,,,,,,,,,,,,,,,,,,,,,,,
2023,3,23,10,0,15.4,15.4,100,,,,,,,,,,,,,,,,,,,,,,,,,,,,,,,,,,,,
2023,3,23,11,0,15.8,15.8,100,,,,,,,,,,,,,,,,,,,,,,,,,,,,,,,,,,,,
2023,3,23,12,0,17.4,17.2,98.79,,,,,,,,,,,,,,,,,,,,,,,,,,,,,,,,,,,,
2023,3,23,13,0,18.5,17.8,95.58,,,,,,,,,,,,,,,,,,,,,,,,,,,,,,,,,,,,
2023,3,23,14,0,20.1,17.4,84.65,,,,,,,,,,,,,,,,,,,,,,,,,,,,,,,,,,,,
2023,3,23,15,0,21.5,16.8,74.85,,,,,,,,,,,,,,,,,,,,,,,,,,,,,,,,,,,,
2023,3,23,16,0,22.4,16.7,70.09,,,,,,,,,,,,,,,,,,,,,,,,,,,,,,,,,,,,
2023,3,23,17,0,22.9,16.5,67.38,,,,,,,,,,,,,,,,,,,,,,,,,,,,,,,,,,,,
2023,3,23,18,0,23.1,16.4,65.95,,,,,,,,,,,,,,,,,,,,,,,,,,,,,,,,,,,,
2023,3,23,19,0,23,16.3,66.11,,,,,,,,,,,,,,,,,,,,,,,,,,,,,,,,,,,,
2023,3,23,20,0,22.6,16.4,67.88,,,,,,,,,,,,,,,,,,,,,,,,,,,,,,,,,,,,
2023,3,23,21,0,21.9,16.6,72.08,,,,,,,,,,,,,,,,,,,,,,,,,,,,,,,,,,,,
2023,3,23,22,0,20.7,17.2,80.22,,,,,,,,,,,,,,,,,,,,,,,,,,,,,,,,,,,,
2023,3,23,23,0,19.1,17.3,89.34,,,,,,,,,,,,,,,,,,,,,,,,,,,,,,,,,,,,
2023,3,24,0,0,18.3,17.4,94.74,,,,,,,,,,,,,,,,,,,,,,,,,,,,,,,,,,,,
2023,3,24,1,0,18.1,17.5,96.47,,,,,,,,,,,,,,,,,,,,,,,,,,,,,,,,,,,,
2023,3,24,2,0,18,17.6,97.37,,,,,,,,,,,,,,,,,,,,,,,,,,,,,,,,,,,,
2023,3,24,3,0,17.9,17.6,98.14,,,,,,,,,,,,,,,,,,,,,,,,,,,,,,,,,,,,
2023,3,24,4,0,17.8,17.6,98.77,,,,,,,,,,,,,,,,,,,,,,,,,,,,,,,,,,,,
2023,3,24,5,0,17.8,17.6,98.86,,,,,,,,,,,,,,,,,,,,,,,,,,,,,,,,,,,,
2023,3,24,6,0,17.7,17.6,99.67,,,,,,,,,,,,,,,,,,,,,,,,,,,,,,,,,,,,
2023,3,24,7,0,17.7,17.7,100,,,,,,,,,,,,,,,,,,,,,,,,,,,,,,,,,,,,
2023,3,24,8,0,17.5,17.5,100,,,,,,,,,,,,,,,,,,,,,,,,,,,,,,,,,,,,
2023,3,24,9,0,17.3,17.3,100,,,,,,,,,,,,,,,,,,,,,,,,,,,,,,,,,,,,
2023,3,24,10,0,17.1,17.1,100,,,,,,,,,,,,,,,,,,,,,,,,,,,,,,,,,,,,
2023,3,24,11,0,17.1,17.1,100,,,,,,,,,,,,,,,,,,,,,,,,,,,,,,,,,,,,
2023,3,24,12,0,18.3,17.7,96.06,,,,,,,,,,,,,,,,,,,,,,,,,,,,,,,,,,,,
2023,3,24,13,0,19.8,17.8,88.27,,,,,,,,,,,,,,,,,,,,,,,,,,,,,,,,,,,,
2023,3,24,14,0,21.2,17.5,79.6,,,,,,,,,,,,,,,,,,,,,,,,,,,,,,,,,,,,
2023,3,24,15,0,22.3,17.2,72.91,,,,,,,,,,,,,,,,,,,,,,,,,,,,,,,,,,,,
2023,3,24,16,0,23,16.8,68.21,,,,,,,,,,,,,,,,,,,,,,,,,,,,,,,,,,,,
2023,3,24,17,0,23.5,16.6,65.08,,,,,,,,,,,,,,,,,,,,,,,,,,,,,,,,,,,,
2023,3,24,18,0,23.7,16.5,63.94,,,,,,,,,,,,,,,,,,,,,,,,,,,,,,,,,,,,
2023,3,24,19,0,23.6,16.5,64.58,,,,,,,,,,,,,,,,,,,,,,,,,,,,,,,,,,,,
2023,3,24,20,0,23.1,16.7,67.22,,,,,,,,,,,,,,,,,,,,,,,,,,,,,,,,,,,,
2023,3,24,21,0,22.2,17.1,72.78,,,,,,,,,,,,,,,,,,,,,,,,,,,,,,,,,,,,
2023,3,24,22,0,20.8,17.6,81.87,,,,,,,,,,,,,,,,,,,,,,,,,,,,,,,,,,,,
2023,3,24,23,0,19.2,17.9,92.46,,,,,,,,,,,,,,,,,,,,,,,,,,,,,,,,,,,,
2023,3,25,0,0,18.5,18.2,98.1,,,,,,,,,,,,,,,,,,,,,,,,,,,,,,,,,,,,
2023,3,25,1,0,18.5,18.3,98.83,,,,,,,,,,,,,,,,,,,,,,,,,,,,,,,,,,,,
2023,3,25,2,0,18.5,18.4,99.58,,,,,,,,,,,,,,,,,,,,,,,,,,,,,,,,,,,,
2023,3,25,3,0,18.6,18.6,100,,,,,,,,,,,,,,,,,,,,,,,,,,,,,,,,,,,,
2023,3,25,4,0,18.6,18.6,100,,,,,,,,,,,,,,,,,,,,,,,,,,,,,,,,,,,,
2023,3,25,5,0,18.7,18.7,100,,,,,,,,,,,,,,,,,,,,,,,,,,,,,,,,,,,,
2023,3,25,6,0,18.7,18.7,100,,,,,,,,,,,,,,,,,,,,,,,,,,,,,,,,,,,,
2023,3,25,7,0,18.6,18.6,100,,,,,,,,,,,,,,,,,,,,,,,,,,,,,,,,,,,,
2023,3,25,8,0,18.5,18.5,100,,,,,,,,,,,,,,,,,,,,,,,,,,,,,,,,,,,,
2023,3,25,9,0,18.3,18.3,100,,,,,,,,,,,,,,,,,,,,,,,,,,,,,,,,,,,,
2023,3,25,10,0,18.1,18.1,100,,,,,,,,,,,,,,,,,,,,,,,,,,,,,,,,,,,,
2023,3,25,11,0,18.1,18.1,100,,,,,,,,,,,,,,,,,,,,,,,,,,,,,,,,,,,,
2023,3,25,12,0,19.3,18.7,96.52,,,,,,,,,,,,,,,,,,,,,,,,,,,,,,,,,,,,
2023,3,25,13,0,20.3,18.5,89.67,,,,,,,,,,,,,,,,,,,,,,,,,,,,,,,,,,,,
2023,3,25,14,0,21.4,18,80.95,,,,,,,,,,,,,,,,,,,,,,,,,,,,,,,,,,,,
2023,3,25,15,0,22.1,17.9,77.29,,,,,,,,,,,,,,,,,,,,,,,,,,,,,,,,,,,,
2023,3,25,16,0,22.7,18.1,75.5,,,,,,,,,,,,,,,,,,,,,,,,,,,,,,,,,,,,
2023,3,25,17,0,23.1,18.4,74.85,,,,,,,,,,,,,,,,,,,,,,,,,,,,,,,,,,,,
2023,3,25,18,0,22.9,18.6,76.58,,,,,,,,,,,,,,,,,,,,,,,,,,,,,,,,,,,,
2023,3,25,19,0,22.4,18.8,80.12,,,,,,,,,,,,,,,,,,,,,,,,,,,,,,,,,,,,
2023,3,25,20,0,21.9,19.2,84.41,,,,,,,,,,,,,,,,,,,,,,,,,,,,,,,,,,,,
2023,3,25,21,0,21.3,19.4,89.02,,,,,,,,,,,,,,,,,,,,,,,,,,,,,,,,,,,,
2023,3,25,22,0,20.6,19.6,94.12,,,,,,,,,,,,,,,,,,,,,,,,,,,,,,,,,,,,
2023,3,25,23,0,19.9,19.6,98.33,,,,,,,,,,,,,,,,,,,,,,,,,,,,,,,,,,,,
2023,3,26,0,0,19.6,19.6,100,,,,,,,,,,,,,,,,,,,,,,,,,,,,,,,,,,,,
2023,3,26,1,0,19.6,19.6,100,,,,,,,,,,,,,,,,,,,,,,,,,,,,,,,,,,,,
2023,3,26,2,0,19.5,19.5,100,,,,,,,,,,,,,,,,,,,,,,,,,,,,,,,,,,,,
2023,3,26,3,0,19.5,19.5,100,,,,,,,,,,,,,,,,,,,,,,,,,,,,,,,,,,,,
2023,3,26,4,0,19.4,19.4,100,,,,,,,,,,,,,,,,,,,,,,,,,,,,,,,,,,,,
2023,3,26,5,0,19.3,19.3,100,,,,,,,,,,,,,,,,,,,,,,,,,,,,,,,,,,,,
2023,3,26,6,0,19.2,19.2,100,,,,,,,,,,,,,,,,,,,,,,,,,,,,,,,,,,,,
2023,3,26,7,0,19.1,19.1,100,,,,,,,,,,,,,,,,,,,,,,,,,,,,,,,,,,,,
2023,3,26,8,0,19,19,100,,,,,,,,,,,,,,,,,,,,,,,,,,,,,,,,,,,,
2023,3,26,9,0,19,19,100,,,,,,,,,,,,,,,,,,,,,,,,,,,,,,,,,,,,
2023,3,26,10,0,19,19,100,,,,,,,,,,,,,,,,,,,,,,,,,,,,,,,,,,,,
2023,3,26,11,0,19.1,19.1,100,,,,,,,,,,,,,,,,,,,,,,,,,,,,,,,,,,,,
2023,3,26,12,0,19.7,19.6,99.45,,,,,,,,,,,,,,,,,,,,,,,,,,,,,,,,,,,,
2023,3,26,13,0,20.3,19.9,97.73,,,,,,,,,,,,,,,,,,,,,,,,,,,,,,,,,,,,
2023,3,26,14,0,20.8,20,95.4,,,,,,,,,,,,,,,,,,,,,,,,,,,,,,,,,,,,
2023,3,26,15,0,21.3,19.8,91.27,,,,,,,,,,,,,,,,,,,,,,,,,,,,,,,,,,,,
2023,3,26,16,0,21.8,19.5,86.81,,,,,,,,,,,,,,,,,,,,,,,,,,,,,,,,,,,,
2023,3,26,17,0,22.6,19.5,82.78,,,,,,,,,,,,,,,,,,,,,,,,,,,,,,,,,,,,
2023,3,26,18,0,22.9,19.6,81.43,,,,,,,,,,,,,,,,,,,,,,,,,,,,,,,,,,,,
2023,3,26,19,0,23.1,19.5,80.36,,,,,,,,,,,,,,,,,,,,,,,,,,,,,,,,,,,,
2023,3,26,20,0,23.1,19.5,80.35,,,,,,,,,,,,,,,,,,,,,,,,,,,,,,,,,,,,
2023,3,26,21,0,22.9,19.6,81.68,,,,,,,,,,,,,,,,,,,,,,,,,,,,,,,,,,,,
2023,3,26,22,0,22,19.8,87.49,,,,,,,,,,,,,,,,,,,,,,,,,,,,,,,,,,,,
2023,3,26,23,0,20.5,19.6,94.87,,,,,,,,,,,,,,,,,,,,,,,,,,,,,,,,,,,,
2023,3,27,0,0,19.9,19.6,98.24,,,,,,,,,,,,,,,,,,,,,,,,,,,,,,,,,,,,
2023,3,27,1,0,19.6,19.6,100,,,,,,,,,,,,,,,,,,,,,,,,,,,,,,,,,,,,
2023,3,27,2,0,19.5,19.5,100,,,,,,,,,,,,,,,,,,,,,,,,,,,,,,,,,,,,
2023,3,27,3,0,19.6,19.6,100,,,,,,,,,,,,,,,,,,,,,,,,,,,,,,,,,,,,
2023,3,27,4,0,19.7,19.7,100,,,,,,,,,,,,,,,,,,,,,,,,,,,,,,,,,,,,
2023,3,27,5,0,19.8,19.8,100,,,,,,,,,,,,,,,,,,,,,,,,,,,,,,,,,,,,
2023,3,27,6,0,19.9,19.9,100,,,,,,,,,,,,,,,,,,,,,,,,,,,,,,,,,,,,
2023,3,27,7,0,19.8,19.8,100,,,,,,,,,,,,,,,,,,,,,,,,,,,,,,,,,,,,
2023,3,27,8,0,19.6,19.6,100,,,,,,,,,,,,,,,,,,,,,,,,,,,,,,,,,,,,
2023,3,27,9,0,19.6,19.6,100,,,,,,,,,,,,,,,,,,,,,,,,,,,,,,,,,,,,
2023,3,27,10,0,19.5,19.5,100,,,,,,,,,,,,,,,,,,,,,,,,,,,,,,,,,,,,
2023,3,27,11,0,19.4,19.4,100,,,,,,,,,,,,,,,,,,,,,,,,,,,,,,,,,,,,
2023,3,27,12,0,20,19.8,98.52,,,,,,,,,,,,,,,,,,,,,,,,,,,,,,,,,,,,
2023,3,27,13,0,20.9,19.9,93.94,,,,,,,,,,,,,,,,,,,,,,,,,,,,,,,,,,,,
2023,3,27,14,0,22.1,19.4,84.89,,,,,,,,,,,,,,,,,,,,,,,,,,,,,,,,,,,,
2023,3,27,15,0,22.9,19.2,79.65,,,,,,,,,,,,,,,,,,,,,,,,,,,,,,,,,,,,
2023,3,27,16,0,23.2,19.1,77.9,,,,,,,,,,,,,,,,,,,,,,,,,,,,,,,,,,,,
2023,3,27,17,0,23.4,19.1,76.6,,,,,,,,,,,,,,,,,,,,,,,,,,,,,,,,,,,,
2023,3,27,18,0,23.2,19.1,77.52,,,,,,,,,,,,,,,,,,,,,,,,,,,,,,,,,,,,
2023,3,27,19,0,22.9,19.2,79.89,,,,,,,,,,,,,,,,,,,,,,,,,,,,,,,,,,,,
2023,3,27,20,0,22.4,19.6,84.05,,,,,,,,,,,,,,,,,,,,,,,,,,,,,,,,,,,,
2023,3,27,21,0,21.6,19.8,89.64,,,,,,,,,,,,,,,,,,,,,,,,,,,,,,,,,,,,
2023,3,27,22,0,20.8,19.9,94.51,,,,,,,,,,,,,,,,,,,,,,,,,,,,,,,,,,,,
2023,3,27,23,0,20,19.7,98.33,,,,,,,,,,,,,,,,,,,,,,,,,,,,,,,,,,,,
2023,3,28,0,0,19.7,19.6,99.19,,,,,,,,,,,,,,,,,,,,,,,,,,,,,,,,,,,,
2023,3,28,1,0,19.5,19.4,99.29,,,,,,,,,,,,,,,,,,,,,,,,,,,,,,,,,,,,
2023,3,28,2,0,19.3,19.2,99.44,,,,,,,,,,,,,,,,,,,,,,,,,,,,,,,,,,,,
2023,3,28,3,0,19.2,19.1,99.2,,,,,,,,,,,,,,,,,,,,,,,,,,,,,,,,,,,,
2023,3,28,4,0,19.1,19,99.34,,,,,,,,,,,,,,,,,,,,,,,,,,,,,,,,,,,,
2023,3,28,5,0,19,18.9,99.49,,,,,,,,,,,,,,,,,,,,,,,,,,,,,,,,,,,,
2023,3,28,6,0,18.8,18.8,99.89,,,,,,,,,,,,,,,,,,,,,,,,,,,,,,,,,,,,
2023,3,28,7,0,18.3,18.3,100,,,,,,,,,,,,,,,,,,,,,,,,,,,,,,,,,,,,
2023,3,28,8,0,17.8,17.8,100,,,,,,,,,,,,,,,,,,,,,,,,,,,,,,,,,,,,
2023,3,28,9,0,17.8,17.8,100,,,,,,,,,,,,,,,,,,,,,,,,,,,,,,,,,,,,
2023,3,28,10,0,17.3,17.3,100,,,,,,,,,,,,,,,,,,,,,,,,,,,,,,,,,,,,
2023,3,28,11,0,17.2,17.2,100,,,,,,,,,,,,,,,,,,,,,,,,,,,,,,,,,,,,
2023,3,28,12,0,17.6,17.4,98.51,,,,,,,,,,,,,,,,,,,,,,,,,,,,,,,,,,,,
2023,3,28,13,0,18.6,17.6,93.66,,,,,,,,,,,,,,,,,,,,,,,,,,,,,,,,,,,,
2023,3,28,14,0,20.6,17,79.68,,,,,,,,,,,,,,,,,,,,,,,,,,,,,,,,,,,,
2023,3,28,15,0,21.9,16.2,70.15,,,,,,,,,,,,,,,,,,,,,,,,,,,,,,,,,,,,
2023,3,28,16,0,22.5,15.8,65.68,,,,,,,,,,,,,,,,,,,,,,,,,,,,,,,,,,,,
2023,3,28,17,0,22.1,15.7,66.99,,,,,,,,,,,,,,,,,,,,,,,,,,,,,,,,,,,,
2023,3,28,18,0,21.7,15.8,69.08,,,,,,,,,,,,,,,,,,,,,,,,,,,,,,,,,,,,
2023,3,28,19,0,21.2,16,72.42,,,,,,,,,,,,,,,,,,,,,,,,,,,,,,,,,,,,
2023,3,28,20,0,20.5,16.4,77.44,,,,,,,,,,,,,,,,,,,,,,,,,,,,,,,,,,,,
2023,3,28,21,0,19.9,16.9,82.73,,,,,,,,,,,,,,,,,,,,,,,,,,,,,,,,,,,,
2023,3,28,22,0,19.6,17.3,86.63,,,,,,,,,,,,,,,,,,,,,,,,,,,,,,,,,,,,
2023,3,28,23,0,18.5,17.4,93.61,,,,,,,,,,,,,,,,,,,,,,,,,,,,,,,,,,,,
2023,3,29,0,0,18.1,17.3,95.26,,,,,,,,,,,,,,,,,,,,,,,,,,,,,,,,,,,,
2023,3,29,1,0,17.9,17.3,96.17,,,,,,,,,,,,,,,,,,,,,,,,,,,,,,,,,,,,
2023,3,29,2,0,17.8,17.3,96.76,,,,,,,,,,,,,,,,,,,,,,,,,,,,,,,,,,,,
2023,3,29,3,0,17.7,17.2,96.91,,,,,,,,,,,,,,,,,,,,,,,,,,,,,,,,,,,,
2023,3,29,4,0,17.6,17.2,97.44,,,,,,,,,,,,,,,,,,,,,,,,,,,,,,,,,,,,
2023,3,29,5,0,17.1,16.9,99.01,,,,,,,,,,,,,,,,,,,,,,,,,,,,,,,,,,,,
2023,3,29,6,0,17,16.7,98.24,,,,,,,,,,,,,,,,,,,,,,,,,,,,,,,,,,,,
2023,3,29,7,0,16.7,15.8,94.64,,,,,,,,,,,,,,,,,,,,,,,,,,,,,,,,,,,,
2023,3,29,8,0,15.1,13.6,90.57,,,,,,,,,,,,,,,,,,,,,,,,,,,,,,,,,,,,
2023,3,29,9,0,13.8,12,88.93,,,,,,,,,,,,,,,,,,,,,,,,,,,,,,,,,,,,
2023,3,29,10,0,12.9,11,88.02,,,,,,,,,,,,,,,,,,,,,,,,,,,,,,,,,,,,
2023,3,29,11,0,12.3,10.3,87.86,,,,,,,,,,,,,,,,,,,,,,,,,,,,,,,,,,,,
2023,3,29,12,0,12.7,10.1,84.43,,,,,,,,,,,,,,,,,,,,,,,,,,,,,,,,,,,,
2023,3,29,13,0,13.6,9.8,77.58,,,,,,,,,,,,,,,,,,,,,,,,,,,,,,,,,,,,
2023,3,29,14,0,14.7,9,68.72,,,,,,,,,,,,,,,,,,,,,,,,,,,,,,,,,,,,
2023,3,29,15,0,15.5,8.3,62.38,,,,,,,,,,,,,,,,,,,,,,,,,,,,,,,,,,,,
2023,3,29,16,0,16.1,7.9,58.18,,,,,,,,,,,,,,,,,,,,,,,,,,,,,,,,,,,,
2023,3,29,17,0,16.7,7.5,54.74,,,,,,,,,,,,,,,,,,,,,,,,,,,,,,,,,,,,
2023,3,29,18,0,17.5,7.4,51.42,,,,,,,,,,,,,,,,,,,,,,,,,,,,,,,,,,,,
2023,3,29,19,0,17.9,7.2,49.69,,,,,,,,,,,,,,,,,,,,,,,,,,,,,,,,,,,,
2023,3,29,20,0,18,7.1,49,,,,,,,,,,,,,,,,,,,,,,,,,,,,,,,,,,,,
2023,3,29,21,0,17.7,7.1,49.68,,,,,,,,,,,,,,,,,,,,,,,,,,,,,,,,,,,,
2023,3,29,22,0,17.1,7.9,54.67,,,,,,,,,,,,,,,,,,,,,,,,,,,,,,,,,,,,
2023,3,29,23,0,15.8,8.3,60.83,,,,,,,,,,,,,,,,,,,,,,,,,,,,,,,,,,,,
2023,3,30,0,0,15.1,8.3,63.62,,,,,,,,,,,,,,,,,,,,,,,,,,,,,,,,,,,,
2023,3,30,1,0,14.8,8.3,65.29,,,,,,,,,,,,,,,,,,,,,,,,,,,,,,,,,,,,
2023,3,30,2,0,14.5,8.4,67.01,,,,,,,,,,,,,,,,,,,,,,,,,,,,,,,,,,,,
2023,3,30,3,0,14.1,8.5,68.87,,,,,,,,,,,,,,,,,,,,,,,,,,,,,,,,,,,,
2023,3,30,4,0,13.8,8.4,69.89,,,,,,,,,,,,,,,,,,,,,,,,,,,,,,,,,,,,
2023,3,30,5,0,13.6,8.3,70.57,,,,,,,,,,,,,,,,,,,,,,,,,,,,,,,,,,,,
2023,3,30,6,0,13.6,8.3,70.34,,,,,,,,,,,,,,,,,,,,,,,,,,,,,,,,,,,,
2023,3,30,7,0,13.5,8.3,70.78,,,,,,,,,,,,,,,,,,,,,,,,,,,,,,,,,,,,
2023,3,30,8,0,13.4,8.4,71.66,,,,,,,,,,,,,,,,,,,,,,,,,,,,,,,,,,,,
2023,3,30,9,0,13.3,8.5,72.78,,,,,,,,,,,,,,,,,,,,,,,,,,,,,,,,,,,,
2023,3,30,10,0,13.2,8.7,74.21,,,,,,,,,,,,,,,,,,,,,,,,,,,,,,,,,,,,
2023,3,30,11,0,13.2,9.1,76.07,,,,,,,,,,,,,,,,,,,,,,,,,,,,,,,,,,,,
2023,3,30,12,0,14.3,10,75.28,,,,,,,,,,,,,,,,,,,,,,,,,,,,,,,,,,,,
2023,3,30,13,0,16,9.5,65.53,,,,,,,,,,,,,,,,,,,,,,,,,,,,,,,,,,,,
2023,3,30,14,0,17.5,8.9,56.97,,,,,,,,,,,,,,,,,,,,,,,,,,,,,,,,,,,,
2023,3,30,15,0,18.7,8.3,50.8,,,,,,,,,,,,,,,,,,,,,,,,,,,,,,,,,,,,
2023,3,30,16,0,19.6,8,47.1,,,,,,,,,,,,,,,,,,,,,,,,,,,,,,,,,,,,
2023,3,30,17,0,20.2,8,45.4,,,,,,,,,,,,,,,,,,,,,,,,,,,,,,,,,,,,
2023,3,30,18,0,20.4,8.2,45.45,,,,,,,,,,,,,,,,,,,,,,,,,,,,,,,,,,,,
2023,3,30,19,0,20.4,8.2,45.45,,,,,,,,,,,,,,,,,,,,,,,,,,,,,,,,,,,,
2023,3,30,20,0,20.2,8.2,45.87,,,,,,,,,,,,,,,,,,,,,,,,,,,,,,,,,,,,
2023,3,30,21,0,19.6,8.4,48.29,,,,,,,,,,,,,,,,,,,,,,,,,,,,,,,,,,,,
2023,3,30,22,0,18.5,9.5,55.7,,,,,,,,,,,,,,,,,,,,,,,,,,,,,,,,,,,,
2023,3,30,23,0,16.4,10.5,68.07,,,,,,,,,,,,,,,,,,,,,,,,,,,,,,,,,,,,
2023,3,31,0,0,15.6,10.7,72.47,,,,,,,,,,,,,,,,,,,,,,,,,,,,,,,,,,,,
2023,3,31,1,0,15.2,11,75.82,,,,,,,,,,,,,,,,,,,,,,,,,,,,,,,,,,,,
2023,3,31,2,0,15,11.3,78.52,,,,,,,,,,,,,,,,,,,,,,,,,,,,,,,,,,,,
2023,3,31,3,0,15,11.7,80.64,,,,,,,,,,,,,,,,,,,,,,,,,,,,,,,,,,,,
2023,3,31,4,0,15.2,12.2,82.44,,,,,,,,,,,,,,,,,,,,,,,,,,,,,,,,,,,,
2023,3,31,5,0,15.4,12.9,84.78,,,,,,,,,,,,,,,,,,,,,,,,,,,,,,,,,,,,
2023,3,31,6,0,15.8,13.5,86.11,,,,,,,,,,,,,,,,,,,,,,,,,,,,,,,,,,,,
2023,3,31,7,0,15.6,14,90.28,,,,,,,,,,,,,,,,,,,,,,,,,,,,,,,,,,,,
2023,3,31,8,0,15.3,14.5,94.93,,,,,,,,,,,,,,,,,,,,,,,,,,,,,,,,,,,,
2023,3,31,9,0,15.5,15,96.59,,,,,,,,,,,,,,,,,,,,,,,,,,,,,,,,,,,,
2023,3,31,10,0,15.8,15.3,96.84,,,,,,,,,,,,,,,,,,,,,,,,,,,,,,,,,,,,
2023,3,31,11,0,16.6,15.6,94.07,,,,,,,,,,,,,,,,,,,,,,,,,,,,,,,,,,,,
2023,3,31,12,0,19.2,16.6,85,,,,,,,,,,,,,,,,,,,,,,,,,,,,,,,,,,,,
2023,3,31,13,0,20.7,16.6,77.27,,,,,,,,,,,,,,,,,,,,,,,,,,,,,,,,,,,,
2023,3,31,14,0,21.8,16,69.48,,,,,,,,,,,,,,,,,,,,,,,,,,,,,,,,,,,,
2023,3,31,15,0,22.5,16.1,67.06,,,,,,,,,,,,,,,,,,,,,,,,,,,,,,,,,,,,
2023,3,31,16,0,23,16.4,66.19,,,,,,,,,,,,,,,,,,,,,,,,,,,,,,,,,,,,
2023,3,31,17,0,23.4,16.6,65.59,,,,,,,,,,,,,,,,,,,,,,,,,,,,,,,,,,,,
2023,3,31,18,0,23.5,16.8,66.24,,,,,,,,,,,,,,,,,,,,,,,,,,,,,,,,,,,,
2023,3,31,19,0,23.4,17.1,67.6,,,,,,,,,,,,,,,,,,,,,,,,,,,,,,,,,,,,
2023,3,31,20,0,23.1,17.4,70.19,,,,,,,,,,,,,,,,,,,,,,,,,,,,,,,,,,,,
2023,3,31,21,0,22.6,17.6,73.28,,,,,,,,,,,,,,,,,,,,,,,,,,,,,,,,,,,,
2023,3,31,22,0,21.7,17.9,79.19,,,,,,,,,,,,,,,,,,,,,,,,,,,,,,,,,,,,
2023,3,31,23,0,20.5,18.4,87.86,,,,,,,,,,,,,,,,,,,,,,,,,,,,,,,,,,,,
2023,4,1,0,0,19.9,18.6,92.25,,,,,,,,,,,,,,,,,,,,,,,,,,,,,,,,,,,,
2023,4,1,1,0,19.8,18.7,93.1,,,,,,,,,,,,,,,,,,,,,,,,,,,,,,,,,,,,
2023,4,1,2,0,19.8,18.6,92.75,,,,,,,,,,,,,,,,,,,,,,,,,,,,,,,,,,,,
2023,4,1,3,0,19.8,18.5,92.21,,,,,,,,,,,,,,,,,,,,,,,,,,,,,,,,,,,,
2023,4,1,4,0,19.9,18.5,91.41,,,,,,,,,,,,,,,,,,,,,,,,,,,,,,,,,,,,
2023,4,1,5,0,19.9,18.5,91.48,,,,,,,,,,,,,,,,,,,,,,,,,,,,,,,,,,,,
2023,4,1,6,0,19.9,18.6,92.31,,,,,,,,,,,,,,,,,,,,,,,,,,,,,,,,,,,,
2023,4,1,7,0,20,18.8,93.05,,,,,,,,,,,,,,,,,,,,,,,,,,,,,,,,,,,,
2023,4,1,8,0,20,19.1,94.48,,,,,,,,,,,,,,,,,,,,,,,,,,,,,,,,,,,,
2023,4,1,9,0,20,19.2,94.93,,,,,,,,,,,,,,,,,,,,,,,,,,,,,,,,,,,,
2023,4,1,10,0,19.9,19.1,95.37,,,,,,,,,,,,,,,,,,,,,,,,,,,,,,,,,,,,
2023,4,1,11,0,19.8,19.1,95.63,,,,,,,,,,,,,,,,,,,,,,,,,,,,,,,,,,,,
2023,4,1,12,0,20.3,19.1,92.9,,,,,,,,,,,,,,,,,,,,,,,,,,,,,,,,,,,,
2023,4,1,13,0,20.9,19.1,89.25,,,,,,,,,,,,,,,,,,,,,,,,,,,,,,,,,,,,
2023,4,1,14,0,21.9,18.9,83.07,,,,,,,,,,,,,,,,,,,,,,,,,,,,,,,,,,,,
2023,4,1,15,0,22.9,18.5,76.39,,,,,,,,,,,,,,,,,,,,,,,,,,,,,,,,,,,,
2023,4,1,16,0,23.8,18.4,71.9,,,,,,,,,,,,,,,,,,,,,,,,,,,,,,,,,,,,
2023,4,1,17,0,24.4,18.4,69.33,,,,,,,,,,,,,,,,,,,,,,,,,,,,,,,,,,,,
2023,4,1,18,0,24.2,18.4,70.13,,,,,,,,,,,,,,,,,,,,,,,,,,,,,,,,,,,,
2023,4,1,19,0,23.6,18.6,73.75,,,,,,,,,,,,,,,,,,,,,,,,,,,,,,,,,,,,
2023,4,1,20,0,23.4,19.1,76.66,,,,,,,,,,,,,,,,,,,,,,,,,,,,,,,,,,,,
2023,4,1,21,0,23.5,19.3,77.08,,,,,,,,,,,,,,,,,,,,,,,,,,,,,,,,,,,,
2023,4,1,22,0,23.3,19.4,78.58,,,,,,,,,,,,,,,,,,,,,,,,,,,,,,,,,,,,
2023,4,1,23,0,22.7,19.3,81.26,,,,,,,,,,,,,,,,,,,,,,,,,,,,,,,,,,,,
2023,4,2,0,0,22.3,19.4,83.77,,,,,,,,,,,,,,,,,,,,,,,,,,,,,,,,,,,,
2023,4,2,1,0,22.1,19.5,85.15,,,,,,,,,,,,,,,,,,,,,,,,,,,,,,,,,,,,
2023,4,2,2,0,21.6,19.4,87.18,,,,,,,,,,,,,,,,,,,,,,,,,,,,,,,,,,,,
2023,4,2,3,0,21.2,19,87.03,,,,,,,,,,,,,,,,,,,,,,,,,,,,,,,,,,,,
2023,4,2,4,0,20.8,18.3,85.45,,,,,,,,,,,,,,,,,,,,,,,,,,,,,,,,,,,,
2023,4,2,5,0,20,17.5,85.46,,,,,,,,,,,,,,,,,,,,,,,,,,,,,,,,,,,,
2023,4,2,6,0,19.2,16.7,85.54,,,,,,,,,,,,,,,,,,,,,,,,,,,,,,,,,,,,
2023,4,2,7,0,18.3,16,86.41,,,,,,,,,,,,,,,,,,,,,,,,,,,,,,,,,,,,
2023,4,2,8,0,17.3,15.6,89.73,,,,,,,,,,,,,,,,,,,,,,,,,,,,,,,,,,,,
2023,4,2,9,0,16.4,15.3,93.04,,,,,,,,,,,,,,,,,,,,,,,,,,,,,,,,,,,,
2023,4,2,10,0,15.7,14.8,94.63,,,,,,,,,,,,,,,,,,,,,,,,,,,,,,,,,,,,
2023,4,2,11,0,15.6,14.3,91.98,,,,,,,,,,,,,,,,,,,,,,,,,,,,,,,,,,,,
2023,4,2,12,0,16.8,12.6,76.39,,,,,,,,,,,,,,,,,,,,,,,,,,,,,,,,,,,,
2023,4,2,13,0,17.9,9.5,57.74,,,,,,,,,,,,,,,,,,,,,,,,,,,,,,,,,,,,
2023,4,2,14,0,19,8.1,49.2,,,,,,,,,,,,,,,,,,,,,,,,,,,,,,,,,,,,
2023,4,2,15,0,20.1,7.8,45,,,,,,,,,,,,,,,,,,,,,,,,,,,,,,,,,,,,
2023,4,2,16,0,21,8.1,43.57,,,,,,,,,,,,,,,,,,,,,,,,,,,,,,,,,,,,
2023,4,2,17,0,21.7,8.8,43.65,,,,,,,,,,,,,,,,,,,,,,,,,,,,,,,,,,,,
2023,4,2,18,0,22.2,9.1,43.1,,,,,,,,,,,,,,,,,,,,,,,,,,,,,,,,,,,,
2023,4,2,19,0,22.3,9.6,44.47,,,,,,,,,,,,,,,,,,,,,,,,,,,,,,,,,,,,
2023,4,2,20,0,22.1,10.2,46.72,,,,,,,,,,,,,,,,,,,,,,,,,,,,,,,,,,,,
2023,4,2,21,0,21.5,10.8,50.67,,,,,,,,,,,,,,,,,,,,,,,,,,,,,,,,,,,,
2023,4,2,22,0,19.9,13.2,65.37,,,,,,,,,,,,,,,,,,,,,,,,,,,,,,,,,,,,
2023,4,2,23,0,18.3,13.8,74.9,,,,,,,,,,,,,,,,,,,,,,,,,,,,,,,,,,,,
2023,4,3,0,0,17.3,13.8,79.87,,,,,,,,,,,,,,,,,,,,,,,,,,,,,,,,,,,,
2023,4,3,1,0,16.6,14,84.49,,,,,,,,,,,,,,,,,,,,,,,,,,,,,,,,,,,,
2023,4,3,2,0,16.4,14.2,86.76,,,,,,,,,,,,,,,,,,,,,,,,,,,,,,,,,,,,
2023,4,3,3,0,16.4,14.3,87.19,,,,,,,,,,,,,,,,,,,,,,,,,,,,,,,,,,,,
2023,4,3,4,0,16.3,14.3,87.73,,,,,,,,,,,,,,,,,,,,,,,,,,,,,,,,,,,,
2023,4,3,5,0,16.3,14.4,88.45,,,,,,,,,,,,,,,,,,,,,,,,,,,,,,,,,,,,
2023,4,3,6,0,16.2,14.6,90.08,,,,,,,,,,,,,,,,,,,,,,,,,,,,,,,,,,,,
2023,4,3,7,0,16.1,14.9,92.55,,,,,,,,,,,,,,,,,,,,,,,,,,,,,,,,,,,,
2023,4,3,8,0,16.1,15.2,94.51,,,,,,,,,,,,,,,,,,,,,,,,,,,,,,,,,,,,
2023,4,3,9,0,16.2,15.5,95.67,,,,,,,,,,,,,,,,,,,,,,,,,,,,,,,,,,,,
2023,4,3,10,0,16.3,15.7,96.37,,,,,,,,,,,,,,,,,,,,,,,,,,,,,,,,,,,,
2023,4,3,11,0,17.2,15.9,92.34,,,,,,,,,,,,,,,,,,,,,,,,,,,,,,,,,,,,
2023,4,3,12,0,19.2,16.4,83.92,,,,,,,,,,,,,,,,,,,,,,,,,,,,,,,,,,,,
2023,4,3,13,0,20.2,16.5,79.13,,,,,,,,,,,,,,,,,,,,,,,,,,,,,,,,,,,,
2023,4,3,14,0,20.6,16.4,77.01,,,,,,,,,,,,,,,,,,,,,,,,,,,,,,,,,,,,
2023,4,3,15,0,21,16.5,75.46,,,,,,,,,,,,,,,,,,,,,,,,,,,,,,,,,,,,
2023,4,3,16,0,21.3,16.5,74.34,,,,,,,,,,,,,,,,,,,,,,,,,,,,,,,,,,,,
2023,4,3,17,0,21.9,16.7,72.3,,,,,,,,,,,,,,,,,,,,,,,,,,,,,,,,,,,,
2023,4,3,18,0,22.6,16.7,69.31,,,,,,,,,,,,,,,,,,,,,,,,,,,,,,,,,,,,
2023,4,3,19,0,22.9,16.5,67.39,,,,,,,,,,,,,,,,,,,,,,,,,,,,,,,,,,,,
2023,4,3,20,0,22.9,16.6,67.75,,,,,,,,,,,,,,,,,,,,,,,,,,,,,,,,,,,,
2023,4,3,21,0,22.5,17,70.96,,,,,,,,,,,,,,,,,,,,,,,,,,,,,,,,,,,,
2023,4,3,22,0,21.8,17.8,77.89,,,,,,,,,,,,,,,,,,,,,,,,,,,,,,,,,,,,
2023,4,3,23,0,20.1,18.6,91.27,,,,,,,,,,,,,,,,,,,,,,,,,,,,,,,,,,,,
2023,4,4,0,0,19.6,18.9,95.67,,,,,,,,,,,,,,,,,,,,,,,,,,,,,,,,,,,,
2023,4,4,1,0,19.7,19.2,96.88,,,,,,,,,,,,,,,,,,,,,,,,,,,,,,,,,,,,
2023,4,4,2,0,19.8,19.4,97.71,,,,,,,,,,,,,,,,,,,,,,,,,,,,,,,,,,,,
2023,4,4,3,0,19.7,19.5,98.77,,,,,,,,,,,,,,,,,,,,,,,,,,,,,,,,,,,,
2023,4,4,4,0,19.7,19.6,99.14,,,,,,,,,,,,,,,,,,,,,,,,,,,,,,,,,,,,
2023,4,4,5,0,19.9,19.8,99.44,,,,,,,,,,,,,,,,,,,,,,,,,,,,,,,,,,,,
2023,4,4,6,0,19.9,19.9,99.94,,,,,,,,,,,,,,,,,,,,,,,,,,,,,,,,,,,,
2023,4,4,7,0,19.7,19.7,100,,,,,,,,,,,,,,,,,,,,,,,,,,,,,,,,,,,,
2023,4,4,8,0,19.6,19.6,100,,,,,,,,,,,,,,,,,,,,,,,,,,,,,,,,,,,,
2023,4,4,9,0,19.3,19.3,100,,,,,,,,,,,,,,,,,,,,,,,,,,,,,,,,,,,,
2023,4,4,10,0,18.9,18.9,100,,,,,,,,,,,,,,,,,,,,,,,,,,,,,,,,,,,,
2023,4,4,11,0,19,19,100,,,,,,,,,,,,,,,,,,,,,,,,,,,,,,,,,,,,
2023,4,4,12,0,19.9,19.6,97.93,,,,,,,,,,,,,,,,,,,,,,,,,,,,,,,,,,,,
2023,4,4,13,0,21.3,20,92.02,,,,,,,,,,,,,,,,,,,,,,,,,,,,,,,,,,,,
2023,4,4,14,0,23.1,19.5,80.34,,,,,,,,,,,,,,,,,,,,,,,,,,,,,,,,,,,,
2023,4,4,15,0,24.4,19.1,72.31,,,,,,,,,,,,,,,,,,,,,,,,,,,,,,,,,,,,
2023,4,4,16,0,25.3,18.8,67.41,,,,,,,,,,,,,,,,,,,,,,,,,,,,,,,,,,,,
2023,4,4,17,0,25.8,18.7,65,,,,,,,,,,,,,,,,,,,,,,,,,,,,,,,,,,,,
2023,4,4,18,0,26,18.7,64.22,,,,,,,,,,,,,,,,,,,,,,,,,,,,,,,,,,,,
2023,4,4,19,0,26,18.8,64.43,,,,,,,,,,,,,,,,,,,,,,,,,,,,,,,,,,,,
2023,4,4,20,0,25.7,18.9,65.94,,,,,,,,,,,,,,,,,,,,,,,,,,,,,,,,,,,,
2023,4,4,21,0,25.2,19,68.61,,,,,,,,,,,,,,,,,,,,,,,,,,,,,,,,,,,,
2023,4,4,22,0,24.3,19.7,75.43,,,,,,,,,,,,,,,,,,,,,,,,,,,,,,,,,,,,
2023,4,4,23,0,22.1,20.1,88.64,,,,,,,,,,,,,,,,,,,,,,,,,,,,,,,,,,,,
2023,4,5,0,0,21.1,20.1,94.03,,,,,,,,,,,,,,,,,,,,,,,,,,,,,,,,,,,,
2023,4,5,1,0,20.7,20.2,97.26,,,,,,,,,,,,,,,,,,,,,,,,,,,,,,,,,,,,
2023,4,5,2,0,20.2,20.2,100,,,,,,,,,,,,,,,,,,,,,,,,,,,,,,,,,,,,
2023,4,5,3,0,19.9,19.9,100,,,,,,,,,,,,,,,,,,,,,,,,,,,,,,,,,,,,
2023,4,5,4,0,19.6,19.6,100,,,,,,,,,,,,,,,,,,,,,,,,,,,,,,,,,,,,
2023,4,5,5,0,19.4,19.4,100,,,,,,,,,,,,,,,,,,,,,,,,,,,,,,,,,,,,
2023,4,5,6,0,19.2,19.2,100,,,,,,,,,,,,,,,,,,,,,,,,,,,,,,,,,,,,
2023,4,5,7,0,19.1,19.1,100,,,,,,,,,,,,,,,,,,,,,,,,,,,,,,,,,,,,
2023,4,5,8,0,19,19,100,,,,,,,,,,,,,,,,,,,,,,,,,,,,,,,,,,,,
2023,4,5,9,0,18.9,18.9,100,,,,,,,,,,,,,,,,,,,,,,,,,,,,,,,,,,,,
2023,4,5,10,0,18.9,18.9,100,,,,,,,,,,,,,,,,,,,,,,,,,,,,,,,,,,,,
2023,4,5,11,0,19.5,19.5,100,,,,,,,,,,,,,,,,,,,,,,,,,,,,,,,,,,,,
2023,4,5,12,0,21.4,20.7,96.07,,,,,,,,,,,,,,,,,,,,,,,,,,,,,,,,,,,,
2023,4,5,13,0,22.7,20.5,87.14,,,,,,,,,,,,,,,,,,,,,,,,,,,,,,,,,,,,
2023,4,5,14,0,24.1,19.9,77.28,,,,,,,,,,,,,,,,,,,,,,,,,,,,,,,,,,,,
2023,4,5,15,0,25.2,19.8,71.9,,,,,,,,,,,,,,,,,,,,,,,,,,,,,,,,,,,,
2023,4,5,16,0,25.9,19.9,69.5,,,,,,,,,,,,,,,,,,,,,,,,,,,,,,,,,,,,
2023,4,5,17,0,26.4,20,67.86,,,,,,,,,,,,,,,,,,,,,,,,,,,,,,,,,,,,
2023,4,5,18,0,26.5,20,67.67,,,,,,,,,,,,,,,,,,,,,,,,,,,,,,,,,,,,
2023,4,5,19,0,26.4,20.1,68.37,,,,,,,,,,,,,,,,,,,,,,,,,,,,,,,,,,,,
2023,4,5,20,0,26,20.2,70.44,,,,,,,,,,,,,,,,,,,,,,,,,,,,,,,,,,,,
2023,4,5,21,0,25.2,20.4,74.71,,,,,,,,,,,,,,,,,,,,,,,,,,,,,,,,,,,,
2023,4,5,22,0,24.3,20.8,80.84,,,,,,,,,,,,,,,,,,,,,,,,,,,,,,,,,,,,
2023,4,5,23,0,22.8,21.4,91.93,,,,,,,,,,,,,,,,,,,,,,,,,,,,,,,,,,,,
2023,4,6,0,0,22,21.8,98.5,,,,,,,,,,,,,,,,,,,,,,,,,,,,,,,,,,,,
2023,4,6,1,0,21.8,21.8,100,,,,,,,,,,,,,,,,,,,,,,,,,,,,,,,,,,,,
2023,4,6,2,0,21.8,21.8,100,,,,,,,,,,,,,,,,,,,,,,,,,,,,,,,,,,,,
2023,4,6,3,0,21.7,21.7,100,,,,,,,,,,,,,,,,,,,,,,,,,,,,,,,,,,,,
2023,4,6,4,0,21.5,21.5,100,,,,,,,,,,,,,,,,,,,,,,,,,,,,,,,,,,,,
2023,4,6,5,0,21.3,21.3,100,,,,,,,,,,,,,,,,,,,,,,,,,,,,,,,,,,,,
2023,4,6,6,0,21.1,21.1,100,,,,,,,,,,,,,,,,,,,,,,,,,,,,,,,,,,,,
2023,4,6,7,0,21,21,100,,,,,,,,,,,,,,,,,,,,,,,,,,,,,,,,,,,,
2023,4,6,8,0,21,21,100,,,,,,,,,,,,,,,,,,,,,,,,,,,,,,,,,,,,
2023,4,6,9,0,21,21,100,,,,,,,,,,,,,,,,,,,,,,,,,,,,,,,,,,,,
2023,4,6,10,0,20.9,20.9,100,,,,,,,,,,,,,,,,,,,,,,,,,,,,,,,,,,,,
2023,4,6,11,0,21.2,21.2,100,,,,,,,,,,,,,,,,,,,,,,,,,,,,,,,,,,,,
2023,4,6,12,0,22.3,21.5,95.21,,,,,,,,,,,,,,,,,,,,,,,,,,,,,,,,,,,,
2023,4,6,13,0,23.4,21.2,87.36,,,,,,,,,,,,,,,,,,,,,,,,,,,,,,,,,,,,
2023,4,6,14,0,24.6,20.5,78.06,,,,,,,,,,,,,,,,,,,,,,,,,,,,,,,,,,,,
2023,4,6,15,0,25.5,20,71.78,,,,,,,,,,,,,,,,,,,,,,,,,,,,,,,,,,,,
2023,4,6,16,0,26.2,19.7,67.26,,,,,,,,,,,,,,,,,,,,,,,,,,,,,,,,,,,,
2023,4,6,17,0,26.5,19.3,64.7,,,,,,,,,,,,,,,,,,,,,,,,,,,,,,,,,,,,
2023,4,6,18,0,26.5,19.1,63.77,,,,,,,,,,,,,,,,,,,,,,,,,,,,,,,,,,,,
2023,4,6,19,0,26.2,19,64.4,,,,,,,,,,,,,,,,,,,,,,,,,,,,,,,,,,,,
2023,4,6,20,0,25.7,18.9,66.26,,,,,,,,,,,,,,,,,,,,,,,,,,,,,,,,,,,,
2023,4,6,21,0,25,19.1,70,,,,,,,,,,,,,,,,,,,,,,,,,,,,,,,,,,,,
2023,4,6,22,0,23.9,19.7,77.43,,,,,,,,,,,,,,,,,,,,,,,,,,,,,,,,,,,,
2023,4,6,23,0,22.5,20.4,87.95,,,,,,,,,,,,,,,,,,,,,,,,,,,,,,,,,,,,
2023,4,7,0,0,21.7,20.8,94.34,,,,,,,,,,,,,,,,,,,,,,,,,,,,,,,,,,,,
2023,4,7,1,0,21.4,21,97.74,,,,,,,,,,,,,,,,,,,,,,,,,,,,,,,,,,,,
2023,4,7,2,0,21.2,21.1,99.48,,,,,,,,,,,,,,,,,,,,,,,,,,,,,,,,,,,,
2023,4,7,3,0,21.1,21,99.42,,,,,,,,,,,,,,,,,,,,,,,,,,,,,,,,,,,,
2023,4,7,4,0,20.9,20.9,99.74,,,,,,,,,,,,,,,,,,,,,,,,,,,,,,,,,,,,
2023,4,7,5,0,20.8,20.8,99.78,,,,,,,,,,,,,,,,,,,,,,,,,,,,,,,,,,,,
2023,4,7,6,0,20.7,20.7,100,,,,,,,,,,,,,,,,,,,,,,,,,,,,,,,,,,,,
2023,4,7,7,0,20.5,20.5,100,,,,,,,,,,,,,,,,,,,,,,,,,,,,,,,,,,,,
2023,4,7,8,0,20.2,20.2,100,,,,,,,,,,,,,,,,,,,,,,,,,,,,,,,,,,,,
2023,4,7,9,0,20.1,20.1,100,,,,,,,,,,,,,,,,,,,,,,,,,,,,,,,,,,,,
2023,4,7,10,0,19.9,19.9,100,,,,,,,,,,,,,,,,,,,,,,,,,,,,,,,,,,,,
2023,4,7,11,0,20.4,20.4,100,,,,,,,,,,,,,,,,,,,,,,,,,,,,,,,,,,,,
2023,4,7,12,0,22.1,21.1,93.81,,,,,,,,,,,,,,,,,,,,,,,,,,,,,,,,,,,,
2023,4,7,13,0,23.3,20.7,85.23,,,,,,,,,,,,,,,,,,,,,,,,,,,,,,,,,,,,
2023,4,7,14,0,24.3,20.1,77.62,,,,,,,,,,,,,,,,,,,,,,,,,,,,,,,,,,,,
2023,4,7,15,0,25.1,19.7,72,,,,,,,,,,,,,,,,,,,,,,,,,,,,,,,,,,,,
2023,4,7,16,0,25.7,19.3,67.75,,,,,,,,,,,,,,,,,,,,,,,,,,,,,,,,,,,,
2023,4,7,17,0,26.1,18.9,64.68,,,,,,,,,,,,,,,,,,,,,,,,,,,,,,,,,,,,
2023,4,7,18,0,26.2,18.7,63.22,,,,,,,,,,,,,,,,,,,,,,,,,,,,,,,,,,,,
2023,4,7,19,0,26.1,18.5,62.84,,,,,,,,,,,,,,,,,,,,,,,,,,,,,,,,,,,,
2023,4,7,20,0,25.7,18.4,64.16,,,,,,,,,,,,,,,,,,,,,,,,,,,,,,,,,,,,
2023,4,7,21,0,24.9,18.6,67.96,,,,,,,,,,,,,,,,,,,,,,,,,,,,,,,,,,,,
2023,4,7,22,0,23.8,19,74.75,,,,,,,,,,,,,,,,,,,,,,,,,,,,,,,,,,,,
2023,4,7,23,0,22.3,19.9,86.21,,,,,,,,,,,,,,,,,,,,,,,,,,,,,,,,,,,,
2023,4,8,0,0,21.1,19.5,90.67,,,,,,,,,,,,,,,,,,,,,,,,,,,,,,,,,,,,
2023,4,8,1,0,20.2,19.1,93.35,,,,,,,,,,,,,,,,,,,,,,,,,,,,,,,,,,,,
2023,4,8,2,0,19,18.5,96.95,,,,,,,,,,,,,,,,,,,,,,,,,,,,,,,,,,,,
2023,4,8,3,0,17.9,17.4,96.65,,,,,,,,,,,,,,,,,,,,,,,,,,,,,,,,,,,,
2023,4,8,4,0,17,16.3,95.91,,,,,,,,,,,,,,,,,,,,,,,,,,,,,,,,,,,,
2023,4,8,5,0,16.2,15.5,95.86,,,,,,,,,,,,,,,,,,,,,,,,,,,,,,,,,,,,
2023,4,8,6,0,15.4,14.8,96.03,,,,,,,,,,,,,,,,,,,,,,,,,,,,,,,,,,,,
2023,4,8,7,0,14.6,14,96.42,,,,,,,,,,,,,,,,,,,,,,,,,,,,,,,,,,,,
2023,4,8,8,0,14,13.4,95.95,,,,,,,,,,,,,,,,,,,,,,,,,,,,,,,,,,,,
2023,4,8,9,0,13.5,12.9,96.15,,,,,,,,,,,,,,,,,,,,,,,,,,,,,,,,,,,,
2023,4,8,10,0,13.3,12.7,95.92,,,,,,,,,,,,,,,,,,,,,,,,,,,,,,,,,,,,
2023,4,8,11,0,13.3,12.6,95.54,,,,,,,,,,,,,,,,,,,,,,,,,,,,,,,,,,,,
2023,4,8,12,0,13.7,12.7,93.75,,,,,,,,,,,,,,,,,,,,,,,,,,,,,,,,,,,,
2023,4,8,13,0,14.3,13,91.94,,,,,,,,,,,,,,,,,,,,,,,,,,,,,,,,,,,,
2023,4,8,14,0,15.1,13.4,89.44,,,,,,,,,,,,,,,,,,,,,,,,,,,,,,,,,,,,
2023,4,8,15,0,15.4,13.6,88.97,,,,,,,,,,,,,,,,,,,,,,,,,,,,,,,,,,,,
2023,4,8,16,0,15.4,13.6,88.85,,,,,,,,,,,,,,,,,,,,,,,,,,,,,,,,,,,,
2023,4,8,17,0,15.3,13.4,88.67,,,,,,,,,,,,,,,,,,,,,,,,,,,,,,,,,,,,
2023,4,8,18,0,15.2,13.3,88.23,,,,,,,,,,,,,,,,,,,,,,,,,,,,,,,,,,,,
2023,4,8,19,0,14.9,13.1,88.81,,,,,,,,,,,,,,,,,,,,,,,,,,,,,,,,,,,,
2023,4,8,20,0,14.6,12.9,89.4,,,,,,,,,,,,,,,,,,,,,,,,,,,,,,,,,,,,
2023,4,8,21,0,14.1,12.7,91.06,,,,,,,,,,,,,,,,,,,,,,,,,,,,,,,,,,,,
2023,4,8,22,0,13.7,12.4,92.14,,,,,,,,,,,,,,,,,,,,,,,,,,,,,,,,,,,,
2023,4,8,23,0,13.2,12.2,93.94,,,,,,,,,,,,,,,,,,,,,,,,,,,,,,,,,,,,
2023,4,9,0,0,12.8,12.1,95.24,,,,,,,,,,,,,,,,,,,,,,,,,,,,,,,,,,,,
2023,4,9,1,0,12.5,11.8,95.75,,,,,,,,,,,,,,,,,,,,,,,,,,,,,,,,,,,,
2023,4,9,2,0,12.1,11.5,95.88,,,,,,,,,,,,,,,,,,,,,,,,,,,,,,,,,,,,
2023,4,9,3,0,11.5,10.9,96.25,,,,,,,,,,,,,,,,,,,,,,,,,,,,,,,,,,,,
2023,4,9,4,0,10.8,10.2,95.83,,,,,,,,,,,,,,,,,,,,,,,,,,,,,,,,,,,,
2023,4,9,5,0,10,9.3,95.49,,,,,,,,,,,,,,,,,,,,,,,,,,,,,,,,,,,,
2023,4,9,6,0,9.3,8.6,95.53,,,,,,,,,,,,,,,,,,,,,,,,,,,,,,,,,,,,
2023,4,9,7,0,8.9,8.2,95.31,,,,,,,,,,,,,,,,,,,,,,,,,,,,,,,,,,,,
2023,4,9,8,0,8.8,8.1,95.26,,,,,,,,,,,,,,,,,,,,,,,,,,,,,,,,,,,,
2023,4,9,9,0,9,8.3,95.41,,,,,,,,,,,,,,,,,,,,,,,,,,,,,,,,,,,,
2023,4,9,10,0,9.3,8.6,95.53,,,,,,,,,,,,,,,,,,,,,,,,,,,,,,,,,,,,
2023,4,9,11,0,9.7,8.9,94.95,,,,,,,,,,,,,,,,,,,,,,,,,,,,,,,,,,,,
2023,4,9,12,0,10.2,9.3,93.88,,,,,,,,,,,,,,,,,,,,,,,,,,,,,,,,,,,,
2023,4,9,13,0,11.1,9.6,90.64,,,,,,,,,,,,,,,,,,,,,,,,,,,,,,,,,,,,
2023,4,9,14,0,12.3,9.9,85.02,,,,,,,,,,,,,,,,,,,,,,,,,,,,,,,,,,,,
2023,4,9,15,0,13.9,10.1,77.83,,,,,,,,,,,,,,,,,,,,,,,,,,,,,,,,,,,,
2023,4,9,16,0,15.5,10.5,72.07,,,,,,,,,,,,,,,,,,,,,,,,,,,,,,,,,,,,
2023,4,9,17,0,16.8,10.8,67.81,,,,,,,,,,,,,,,,,,,,,,,,,,,,,,,,,,,,
2023,4,9,18,0,17.6,11,65.41,,,,,,,,,,,,,,,,,,,,,,,,,,,,,,,,,,,,
2023,4,9,19,0,18.1,11.1,63.83,,,,,,,,,,,,,,,,,,,,,,,,,,,,,,,,,,,,
2023,4,9,20,0,18.3,11.1,62.92,,,,,,,,,,,,,,,,,,,,,,,,,,,,,,,,,,,,
2023,4,9,21,0,18.2,10.9,62.3,,,,,,,,,,,,,,,,,,,,,,,,,,,,,,,,,,,,
2023,4,9,22,0,17.6,10.5,63.01,,,,,,,,,,,,,,,,,,,,,,,,,,,,,,,,,,,,
2023,4,9,23,0,16.3,10.2,67.26,,,,,,,,,,,,,,,,,,,,,,,,,,,,,,,,,,,,
2023,4,10,0,0,15.2,10,71,,,,,,,,,,,,,,,,,,,,,,,,,,,,,,,,,,,,
2023,4,10,1,0,14.5,9.7,73.06,,,,,,,,,,,,,,,,,,,,,,,,,,,,,,,,,,,,
2023,4,10,2,0,13.8,9.6,75.74,,,,,,,,,,,,,,,,,,,,,,,,,,,,,,,,,,,,
2023,4,10,3,0,13.1,9.4,78,,,,,,,,,,,,,,,,,,,,,,,,,,,,,,,,,,,,
2023,4,10,4,0,12.5,9,79.31,,,,,,,,,,,,,,,,,,,,,,,,,,,,,,,,,,,,
2023,4,10,5,0,11.9,8.7,80.62,,,,,,,,,,,,,,,,,,,,,,,,,,,,,,,,,,,,
2023,4,10,6,0,11.4,8.6,82.64,,,,,,,,,,,,,,,,,,,,,,,,,,,,,,,,,,,,
2023,4,10,7,0,11,8.6,85.08,,,,,,,,,,,,,,,,,,,,,,,,,,,,,,,,,,,,
2023,4,10,8,0,10.6,8.7,88.16,,,,,,,,,,,,,,,,,,,,,,,,,,,,,,,,,,,,
2023,4,10,9,0,10.3,8.8,90.3,,,,,,,,,,,,,,,,,,,,,,,,,,,,,,,,,,,,
2023,4,10,10,0,9.8,8.7,92.83,,,,,,,,,,,,,,,,,,,,,,,,,,,,,,,,,,,,
2023,4,10,11,0,9.9,8.6,91.37,,,,,,,,,,,,,,,,,,,,,,,,,,,,,,,,,,,,
2023,4,10,12,0,11,8.5,84.74,,,,,,,,,,,,,,,,,,,,,,,,,,,,,,,,,,,,
2023,4,10,13,0,12.6,8.7,77.19,,,,,,,,,,,,,,,,,,,,,,,,,,,,,,,,,,,,
2023,4,10,14,0,14.3,9,70.26,,,,,,,,,,,,,,,,,,,,,,,,,,,,,,,,,,,,
2023,4,10,15,0,15.7,9.3,65.67,,,,,,,,,,,,,,,,,,,,,,,,,,,,,,,,,,,,
2023,4,10,16,0,16.9,9.6,62.14,,,,,,,,,,,,,,,,,,,,,,,,,,,,,,,,,,,,
2023,4,10,17,0,17.5,9.9,60.83,,,,,,,,,,,,,,,,,,,,,,,,,,,,,,,,,,,,
2023,4,10,18,0,17.9,10.1,60.25,,,,,,,,,,,,,,,,,,,,,,,,,,,,,,,,,,,,
2023,4,10,19,0,18,10.3,60.71,,,,,,,,,,,,,,,,,,,,,,,,,,,,,,,,,,,,
2023,4,10,20,0,17.9,10.5,61.84,,,,,,,,,,,,,,,,,,,,,,,,,,,,,,,,,,,,
2023,4,10,21,0,17.9,10.6,62.45,,,,,,,,,,,,,,,,,,,,,,,,,,,,,,,,,,,,
2023,4,10,22,0,17.5,11,65.8,,,,,,,,,,,,,,,,,,,,,,,,,,,,,,,,,,,,
2023,4,10,23,0,15.8,11.6,76.15,,,,,,,,,,,,,,,,,,,,,,,,,,,,,,,,,,,,
2023,4,11,0,0,14.8,11.6,81.04,,,,,,,,,,,,,,,,,,,,,,,,,,,,,,,,,,,,
2023,4,11,1,0,14.5,11.8,83.67,,,,,,,,,,,,,,,,,,,,,,,,,,,,,,,,,,,,
2023,4,11,2,0,14.2,11.9,86.14,,,,,,,,,,,,,,,,,,,,,,,,,,,,,,,,,,,,
2023,4,11,3,0,14,12.1,88.45,,,,,,,,,,,,,,,,,,,,,,,,,,,,,,,,,,,,
2023,4,11,4,0,13.8,12.3,90.66,,,,,,,,,,,,,,,,,,,,,,,,,,,,,,,,,,,,
2023,4,11,5,0,13.7,12.4,92.13,,,,,,,,,,,,,,,,,,,,,,,,,,,,,,,,,,,,
2023,4,11,6,0,13.7,12.6,92.84,,,,,,,,,,,,,,,,,,,,,,,,,,,,,,,,,,,,
2023,4,11,7,0,13.5,12.6,94.24,,,,,,,,,,,,,,,,,,,,,,,,,,,,,,,,,,,,
2023,4,11,8,0,13.3,12.5,95,,,,,,,,,,,,,,,,,,,,,,,,,,,,,,,,,,,,
2023,4,11,9,0,12.8,12.4,97.32,,,,,,,,,,,,,,,,,,,,,,,,,,,,,,,,,,,,
2023,4,11,10,0,12.5,12.2,97.77,,,,,,,,,,,,,,,,,,,,,,,,,,,,,,,,,,,,
2023,4,11,11,0,12.8,11.9,94.27,,,,,,,,,,,,,,,,,,,,,,,,,,,,,,,,,,,,
2023,4,11,12,0,14.2,11.6,84.13,,,,,,,,,,,,,,,,,,,,,,,,,,,,,,,,,,,,
2023,4,11,13,0,16,10.7,70.84,,,,,,,,,,,,,,,,,,,,,,,,,,,,,,,,,,,,
2023,4,11,14,0,17.6,10,60.86,,,,,,,,,,,,,,,,,,,,,,,,,,,,,,,,,,,,
2023,4,11,15,0,18.9,9.5,54.24,,,,,,,,,,,,,,,,,,,,,,,,,,,,,,,,,,,,
2023,4,11,16,0,19.9,9.2,50.1,,,,,,,,,,,,,,,,,,,,,,,,,,,,,,,,,,,,
2023,4,11,17,0,20.6,9.1,47.57,,,,,,,,,,,,,,,,,,,,,,,,,,,,,,,,,,,,
2023,4,11,18,0,21,9,46.1,,,,,,,,,,,,,,,,,,,,,,,,,,,,,,,,,,,,
2023,4,11,19,0,21.1,8.8,45.34,,,,,,,,,,,,,,,,,,,,,,,,,,,,,,,,,,,,
2023,4,11,20,0,21,8.8,45.57,,,,,,,,,,,,,,,,,,,,,,,,,,,,,,,,,,,,
2023,4,11,21,0,20.6,9.1,47.75,,,,,,,,,,,,,,,,,,,,,,,,,,,,,,,,,,,,
2023,4,11,22,0,20,9.9,52.07,,,,,,,,,,,,,,,,,,,,,,,,,,,,,,,,,,,,
2023,4,11,23,0,17.9,11.1,64.27,,,,,,,,,,,,,,,,,,,,,,,,,,,,,,,,,,,,
2023,4,12,0,0,16.3,11,70.89,,,,,,,,,,,,,,,,,,,,,,,,,,,,,,,,,,,,
2023,4,12,1,0,15.5,11.5,77.27,,,,,,,,,,,,,,,,,,,,,,,,,,,,,,,,,,,,
2023,4,12,2,0,15.1,11.9,80.99,,,,,,,,,,,,,,,,,,,,,,,,,,,,,,,,,,,,
2023,4,12,3,0,15,12,82.36,,,,,,,,,,,,,,,,,,,,,,,,,,,,,,,,,,,,
2023,4,12,4,0,15,12,82.41,,,,,,,,,,,,,,,,,,,,,,,,,,,,,,,,,,,,
2023,4,12,5,0,14.9,11.9,82.34,,,,,,,,,,,,,,,,,,,,,,,,,,,,,,,,,,,,
2023,4,12,6,0,14.8,11.6,81.41,,,,,,,,,,,,,,,,,,,,,,,,,,,,,,,,,,,,
2023,4,12,7,0,14.8,11.1,78.69,,,,,,,,,,,,,,,,,,,,,,,,,,,,,,,,,,,,
2023,4,12,8,0,14.5,10.8,78.21,,,,,,,,,,,,,,,,,,,,,,,,,,,,,,,,,,,,
2023,4,12,9,0,14.1,10.6,79.47,,,,,,,,,,,,,,,,,,,,,,,,,,,,,,,,,,,,
2023,4,12,10,0,13.5,10.7,83.09,,,,,,,,,,,,,,,,,,,,,,,,,,,,,,,,,,,,
2023,4,12,11,0,13.5,11.2,86.05,,,,,,,,,,,,,,,,,,,,,,,,,,,,,,,,,,,,
2023,4,12,12,0,15.5,11.9,79.24,,,,,,,,,,,,,,,,,,,,,,,,,,,,,,,,,,,,
2023,4,12,13,0,17.7,11.6,67.47,,,,,,,,,,,,,,,,,,,,,,,,,,,,,,,,,,,,
2023,4,12,14,0,20.1,10.1,52.5,,,,,,,,,,,,,,,,,,,,,,,,,,,,,,,,,,,,
2023,4,12,15,0,21.3,9.8,47.87,,,,,,,,,,,,,,,,,,,,,,,,,,,,,,,,,,,,
2023,4,12,16,0,22.3,9.4,43.87,,,,,,,,,,,,,,,,,,,,,,,,,,,,,,,,,,,,
2023,4,12,17,0,22.9,9.5,42.42,,,,,,,,,,,,,,,,,,,,,,,,,,,,,,,,,,,,
2023,4,12,18,0,23.2,9.6,42.14,,,,,,,,,,,,,,,,,,,,,,,,,,,,,,,,,,,,
2023,4,12,19,0,23.1,10,43.4,,,,,,,,,,,,,,,,,,,,,,,,,,,,,,,,,,,,
2023,4,12,20,0,22.7,10.5,46.01,,,,,,,,,,,,,,,,,,,,,,,,,,,,,,,,,,,,
2023,4,12,21,0,22.1,11.1,49.73,,,,,,,,,,,,,,,,,,,,,,,,,,,,,,,,,,,,
2023,4,12,22,0,20.9,12.6,58.96,,,,,,,,,,,,,,,,,,,,,,,,,,,,,,,,,,,,
2023,4,12,23,0,18.5,13.9,74.74,,,,,,,,,,,,,,,,,,,,,,,,,,,,,,,,,,,,
2023,4,13,0,0,17.3,14.3,82.74,,,,,,,,,,,,,,,,,,,,,,,,,,,,,,,,,,,,
2023,4,13,1,0,17,14.8,87.12,,,,,,,,,,,,,,,,,,,,,,,,,,,,,,,,,,,,
2023,4,13,2,0,16.9,15.1,89.07,,,,,,,,,,,,,,,,,,,,,,,,,,,,,,,,,,,,
2023,4,13,3,0,16.9,15.1,89.39,,,,,,,,,,,,,,,,,,,,,,,,,,,,,,,,,,,,
2023,4,13,4,0,16.7,15,89.96,,,,,,,,,,,,,,,,,,,,,,,,,,,,,,,,,,,,
2023,4,13,5,0,16.6,14.9,89.82,,,,,,,,,,,,,,,,,,,,,,,,,,,,,,,,,,,,
2023,4,13,6,0,16.5,14.8,89.77,,,,,,,,,,,,,,,,,,,,,,,,,,,,,,,,,,,,
2023,4,13,7,0,16.5,14.8,89.7,,,,,,,,,,,,,,,,,,,,,,,,,,,,,,,,,,,,
2023,4,13,8,0,16.5,14.9,89.99,,,,,,,,,,,,,,,,,,,,,,,,,,,,,,,,,,,,
2023,4,13,9,0,16.5,15,90.83,,,,,,,,,,,,,,,,,,,,,,,,,,,,,,,,,,,,
2023,4,13,10,0,16.6,15.2,91.4,,,,,,,,,,,,,,,,,,,,,,,,,,,,,,,,,,,,
2023,4,13,11,0,17.3,15.6,89.93,,,,,,,,,,,,,,,,,,,,,,,,,,,,,,,,,,,,
2023,4,13,12,0,19.1,16.3,83.76,,,,,,,,,,,,,,,,,,,,,,,,,,,,,,,,,,,,
2023,4,13,13,0,20.3,16.4,78.46,,,,,,,,,,,,,,,,,,,,,,,,,,,,,,,,,,,,
2023,4,13,14,0,21.5,16.3,72.12,,,,,,,,,,,,,,,,,,,,,,,,,,,,,,,,,,,,
2023,4,13,15,0,22.3,16.2,68.42,,,,,,,,,,,,,,,,,,,,,,,,,,,,,,,,,,,,
2023,4,13,16,0,22.7,16.3,67.26,,,,,,,,,,,,,,,,,,,,,,,,,,,,,,,,,,,,
2023,4,13,17,0,23,16.5,66.87,,,,,,,,,,,,,,,,,,,,,,,,,,,,,,,,,,,,
2023,4,13,18,0,23,16.8,68.1,,,,,,,,,,,,,,,,,,,,,,,,,,,,,,,,,,,,
2023,4,13,19,0,22.7,17.1,70.9,,,,,,,,,,,,,,,,,,,,,,,,,,,,,,,,,,,,
2023,4,13,20,0,22.1,17.6,75.61,,,,,,,,,,,,,,,,,,,,,,,,,,,,,,,,,,,,
2023,4,13,21,0,21.4,18.2,82.06,,,,,,,,,,,,,,,,,,,,,,,,,,,,,,,,,,,,
2023,4,13,22,0,20.6,18.9,89.85,,,,,,,,,,,,,,,,,,,,,,,,,,,,,,,,,,,,
2023,4,13,23,0,19.9,19.2,95.63,,,,,,,,,,,,,,,,,,,,,,,,,,,,,,,,,,,,
2023,4,14,0,0,19.7,19.3,97.49,,,,,,,,,,,,,,,,,,,,,,,,,,,,,,,,,,,,
2023,4,14,1,0,19.7,19.4,97.86,,,,,,,,,,,,,,,,,,,,,,,,,,,,,,,,,,,,
2023,4,14,2,0,19.7,19.4,98.28,,,,,,,,,,,,,,,,,,,,,,,,,,,,,,,,,,,,
2023,4,14,3,0,19.8,19.6,98.47,,,,,,,,,,,,,,,,,,,,,,,,,,,,,,,,,,,,
2023,4,14,4,0,20.1,19.8,98.33,,,,,,,,,,,,,,,,,,,,,,,,,,,,,,,,,,,,
2023,4,14,5,0,20.4,20.2,99.01,,,,,,,,,,,,,,,,,,,,,,,,,,,,,,,,,,,,
2023,4,14,6,0,20.6,20.6,99.88,,,,,,,,,,,,,,,,,,,,,,,,,,,,,,,,,,,,
2023,4,14,7,0,20.5,20.5,100,,,,,,,,,,,,,,,,,,,,,,,,,,,,,,,,,,,,
2023,4,14,8,0,20.3,20.3,100,,,,,,,,,,,,,,,,,,,,,,,,,,,,,,,,,,,,
2023,4,14,9,0,20,20,100,,,,,,,,,,,,,,,,,,,,,,,,,,,,,,,,,,,,
2023,4,14,10,0,19.6,19.6,100,,,,,,,,,,,,,,,,,,,,,,,,,,,,,,,,,,,,
2023,4,14,11,0,19.8,19.8,100,,,,,,,,,,,,,,,,,,,,,,,,,,,,,,,,,,,,
2023,4,14,12,0,20.5,20.3,98.5,,,,,,,,,,,,,,,,,,,,,,,,,,,,,,,,,,,,
2023,4,14,13,0,21.4,20,91.79,,,,,,,,,,,,,,,,,,,,,,,,,,,,,,,,,,,,
2023,4,14,14,0,22.9,19.1,79.11,,,,,,,,,,,,,,,,,,,,,,,,,,,,,,,,,,,,
2023,4,14,15,0,23.8,18.7,73.27,,,,,,,,,,,,,,,,,,,,,,,,,,,,,,,,,,,,
2023,4,14,16,0,24.4,18.5,69.49,,,,,,,,,,,,,,,,,,,,,,,,,,,,,,,,,,,,
2023,4,14,17,0,24.6,18.2,67.57,,,,,,,,,,,,,,,,,,,,,,,,,,,,,,,,,,,,
2023,4,14,18,0,24.5,18.1,67.53,,,,,,,,,,,,,,,,,,,,,,,,,,,,,,,,,,,,
2023,4,14,19,0,24.3,18.2,68.7,,,,,,,,,,,,,,,,,,,,,,,,,,,,,,,,,,,,
2023,4,14,20,0,23.9,18.4,71.35,,,,,,,,,,,,,,,,,,,,,,,,,,,,,,,,,,,,
2023,4,14,21,0,23.3,18.7,75.51,,,,,,,,,,,,,,,,,,,,,,,,,,,,,,,,,,,,
2023,4,14,22,0,22.6,19.2,81.27,,,,,,,,,,,,,,,,,,,,,,,,,,,,,,,,,,,,
2023,4,14,23,0,21.4,19.8,90.45,,,,,,,,,,,,,,,,,,,,,,,,,,,,,,,,,,,,
2023,4,15,0,0,20.6,19.9,96.04,,,,,,,,,,,,,,,,,,,,,,,,,,,,,,,,,,,,
2023,4,15,1,0,20.5,20.1,97.7,,,,,,,,,,,,,,,,,,,,,,,,,,,,,,,,,,,,
2023,4,15,2,0,20.6,20.3,98.02,,,,,,,,,,,,,,,,,,,,,,,,,,,,,,,,,,,,
2023,4,15,3,0,20.6,20.4,98.48,,,,,,,,,,,,,,,,,,,,,,,,,,,,,,,,,,,,
2023,4,15,4,0,20.4,20.3,99.39,,,,,,,,,,,,,,,,,,,,,,,,,,,,,,,,,,,,
2023,4,15,5,0,20.1,20.1,100,,,,,,,,,,,,,,,,,,,,,,,,,,,,,,,,,,,,
2023,4,15,6,0,19.6,19.6,100,,,,,,,,,,,,,,,,,,,,,,,,,,,,,,,,,,,,
2023,4,15,7,0,19.3,19.3,100,,,,,,,,,,,,,,,,,,,,,,,,,,,,,,,,,,,,
2023,4,15,8,0,18.9,18.9,100,,,,,,,,,,,,,,,,,,,,,,,,,,,,,,,,,,,,
2023,4,15,9,0,18.5,18.5,100,,,,,,,,,,,,,,,,,,,,,,,,,,,,,,,,,,,,
2023,4,15,10,0,18.3,18.3,100,,,,,,,,,,,,,,,,,,,,,,,,,,,,,,,,,,,,
2023,4,15,11,0,18.9,18.9,100,,,,,,,,,,,,,,,,,,,,,,,,,,,,,,,,,,,,
2023,4,15,12,0,19.9,19.4,97.09,,,,,,,,,,,,,,,,,,,,,,,,,,,,,,,,,,,,
2023,4,15,13,0,21.6,18.9,84.48,,,,,,,,,,,,,,,,,,,,,,,,,,,,,,,,,,,,
2023,4,15,14,0,23.4,17.6,69.9,,,,,,,,,,,,,,,,,,,,,,,,,,,,,,,,,,,,
2023,4,15,15,0,24.4,17.1,63.79,,,,,,,,,,,,,,,,,,,,,,,,,,,,,,,,,,,,
2023,4,15,16,0,25,17.1,61.4,,,,,,,,,,,,,,,,,,,,,,,,,,,,,,,,,,,,
2023,4,15,17,0,25.3,17.1,60.64,,,,,,,,,,,,,,,,,,,,,,,,,,,,,,,,,,,,
2023,4,15,18,0,25.4,17.3,60.93,,,,,,,,,,,,,,,,,,,,,,,,,,,,,,,,,,,,
2023,4,15,19,0,25.5,17.5,61.45,,,,,,,,,,,,,,,,,,,,,,,,,,,,,,,,,,,,
2023,4,15,20,0,25.3,17.8,63.08,,,,,,,,,,,,,,,,,,,,,,,,,,,,,,,,,,,,
2023,4,15,21,0,24.9,17.9,65.24,,,,,,,,,,,,,,,,,,,,,,,,,,,,,,,,,,,,
2023,4,15,22,0,23.9,18.4,71.43,,,,,,,,,,,,,,,,,,,,,,,,,,,,,,,,,,,,
2023,4,15,23,0,22.3,19.2,82.52,,,,,,,,,,,,,,,,,,,,,,,,,,,,,,,,,,,,
2023,4,16,0,0,21,19.1,88.76,,,,,,,,,,,,,,,,,,,,,,,,,,,,,,,,,,,,
2023,4,16,1,0,20.7,19,90.26,,,,,,,,,,,,,,,,,,,,,,,,,,,,,,,,,,,,
2023,4,16,2,0,20,18.9,93.67,,,,,,,,,,,,,,,,,,,,,,,,,,,,,,,,,,,,
2023,4,16,3,0,19.8,19,95.18,,,,,,,,,,,,,,,,,,,,,,,,,,,,,,,,,,,,
2023,4,16,4,0,19.7,19.2,96.73,,,,,,,,,,,,,,,,,,,,,,,,,,,,,,,,,,,,
2023,4,16,5,0,19.5,19.2,98.38,,,,,,,,,,,,,,,,,,,,,,,,,,,,,,,,,,,,
2023,4,16,6,0,19.6,19.3,98.17,,,,,,,,,,,,,,,,,,,,,,,,,,,,,,,,,,,,
2023,4,16,7,0,19.6,19.4,98.9,,,,,,,,,,,,,,,,,,,,,,,,,,,,,,,,,,,,
2023,4,16,8,0,19.6,19.6,99.98,,,,,,,,,,,,,,,,,,,,,,,,,,,,,,,,,,,,
2023,4,16,9,0,19.4,19.4,100,,,,,,,,,,,,,,,,,,,,,,,,,,,,,,,,,,,,
2023,4,16,10,0,19,19,100,,,,,,,,,,,,,,,,,,,,,,,,,,,,,,,,,,,,
2023,4,16,11,0,20,20,100,,,,,,,,,,,,,,,,,,,,,,,,,,,,,,,,,,,,
2023,4,16,12,0,21.3,20.6,95.49,,,,,,,,,,,,,,,,,,,,,,,,,,,,,,,,,,,,
2023,4,16,13,0,22.6,20,85.44,,,,,,,,,,,,,,,,,,,,,,,,,,,,,,,,,,,,
2023,4,16,14,0,23.7,19.7,78.47,,,,,,,,,,,,,,,,,,,,,,,,,,,,,,,,,,,,
2023,4,16,15,0,24.4,19.9,75.98,,,,,,,,,,,,,,,,,,,,,,,,,,,,,,,,,,,,
2023,4,16,16,0,24.9,19.7,72.79,,,,,,,,,,,,,,,,,,,,,,,,,,,,,,,,,,,,
2023,4,16,17,0,25.2,19.4,70.13,,,,,,,,,,,,,,,,,,,,,,,,,,,,,,,,,,,,
2023,4,16,18,0,25.3,19.2,68.78,,,,,,,,,,,,,,,,,,,,,,,,,,,,,,,,,,,,
2023,4,16,19,0,25.3,19.1,68.59,,,,,,,,,,,,,,,,,,,,,,,,,,,,,,,,,,,,
2023,4,16,20,0,25,19.1,69.96,,,,,,,,,,,,,,,,,,,,,,,,,,,,,,,,,,,,
2023,4,16,21,0,24.4,19.2,72.92,,,,,,,,,,,,,,,,,,,,,,,,,,,,,,,,,,,,
2023,4,16,22,0,23.6,19.5,77.91,,,,,,,,,,,,,,,,,,,,,,,,,,,,,,,,,,,,
2023,4,16,23,0,22.4,19.8,85.38,,,,,,,,,,,,,,,,,,,,,,,,,,,,,,,,,,,,
2023,4,17,0,0,21.5,20,91.19,,,,,,,,,,,,,,,,,,,,,,,,,,,,,,,,,,,,
2023,4,17,1,0,21.1,20.2,94.8,,,,,,,,,,,,,,,,,,,,,,,,,,,,,,,,,,,,
2023,4,17,2,0,21,20.4,96.43,,,,,,,,,,,,,,,,,,,,,,,,,,,,,,,,,,,,
2023,4,17,3,0,21.1,20.4,95.61,,,,,,,,,,,,,,,,,,,,,,,,,,,,,,,,,,,,
2023,4,17,4,0,21.3,20.4,94.5,,,,,,,,,,,,,,,,,,,,,,,,,,,,,,,,,,,,
2023,4,17,5,0,21.2,20.1,93.48,,,,,,,,,,,,,,,,,,,,,,,,,,,,,,,,,,,,
2023,4,17,6,0,20.7,18.9,89.37,,,,,,,,,,,,,,,,,,,,,,,,,,,,,,,,,,,,
2023,4,17,7,0,19.4,16.3,82.46,,,,,,,,,,,,,,,,,,,,,,,,,,,,,,,,,,,,
2023,4,17,8,0,18.1,13.8,76.16,,,,,,,,,,,,,,,,,,,,,,,,,,,,,,,,,,,,
2023,4,17,9,0,17.2,12.4,73.25,,,,,,,,,,,,,,,,,,,,,,,,,,,,,,,,,,,,
2023,4,17,10,0,16.5,11.7,73.43,,,,,,,,,,,,,,,,,,,,,,,,,,,,,,,,,,,,
2023,4,17,11,0,16.2,11.5,73.72,,,,,,,,,,,,,,,,,,,,,,,,,,,,,,,,,,,,
2023,4,17,12,0,16.6,11.1,69.92,,,,,,,,,,,,,,,,,,,,,,,,,,,,,,,,,,,,
2023,4,17,13,0,17.5,9.5,59.45,,,,,,,,,,,,,,,,,,,,,,,,,,,,,,,,,,,,
2023,4,17,14,0,18.5,8.3,51.32,,,,,,,,,,,,,,,,,,,,,,,,,,,,,,,,,,,,
2023,4,17,15,0,19.4,7.8,47.07,,,,,,,,,,,,,,,,,,,,,,,,,,,,,,,,,,,,
2023,4,17,16,0,20.4,7.6,43.55,,,,,,,,,,,,,,,,,,,,,,,,,,,,,,,,,,,,
2023,4,17,17,0,21.3,7.5,41.07,,,,,,,,,,,,,,,,,,,,,,,,,,,,,,,,,,,,
2023,4,17,18,0,21.9,7.8,40.36,,,,,,,,,,,,,,,,,,,,,,,,,,,,,,,,,,,,
2023,4,17,19,0,22.2,8.3,40.92,,,,,,,,,,,,,,,,,,,,,,,,,,,,,,,,,,,,
2023,4,17,20,0,22.2,8.9,42.62,,,,,,,,,,,,,,,,,,,,,,,,,,,,,,,,,,,,
2023,4,17,21,0,22,9.4,44.7,,,,,,,,,,,,,,,,,,,,,,,,,,,,,,,,,,,,
2023,4,17,22,0,21.4,9.8,47.67,,,,,,,,,,,,,,,,,,,,,,,,,,,,,,,,,,,,
2023,4,17,23,0,19.6,11,57.51,,,,,,,,,,,,,,,,,,,,,,,,,,,,,,,,,,,,
2023,4,18,0,0,18.3,11.3,63.9,,,,,,,,,,,,,,,,,,,,,,,,,,,,,,,,,,,,
2023,4,18,1,0,17.7,11.5,67.22,,,,,,,,,,,,,,,,,,,,,,,,,,,,,,,,,,,,
2023,4,18,2,0,17.1,11.6,69.87,,,,,,,,,,,,,,,,,,,,,,,,,,,,,,,,,,,,
2023,4,18,3,0,16.4,11.3,71.97,,,,,,,,,,,,,,,,,,,,,,,,,,,,,,,,,,,,
2023,4,18,4,0,15.7,11,73.43,,,,,,,,,,,,,,,,,,,,,,,,,,,,,,,,,,,,
2023,4,18,5,0,15,10.7,75.31,,,,,,,,,,,,,,,,,,,,,,,,,,,,,,,,,,,,
2023,4,18,6,0,14.4,10.5,77.4,,,,,,,,,,,,,,,,,,,,,,,,,,,,,,,,,,,,
2023,4,18,7,0,13.9,10.4,79.41,,,,,,,,,,,,,,,,,,,,,,,,,,,,,,,,,,,,
2023,4,18,8,0,13.4,10.3,81.28,,,,,,,,,,,,,,,,,,,,,,,,,,,,,,,,,,,,
2023,4,18,9,0,12.8,10.3,84.85,,,,,,,,,,,,,,,,,,,,,,,,,,,,,,,,,,,,
2023,4,18,10,0,12.1,10.5,90.16,,,,,,,,,,,,,,,,,,,,,,,,,,,,,,,,,,,,
2023,4,18,11,0,12.6,10.7,88.29,,,,,,,,,,,,,,,,,,,,,,,,,,,,,,,,,,,,
2023,4,18,12,0,14.3,10.7,78.78,,,,,,,,,,,,,,,,,,,,,,,,,,,,,,,,,,,,
2023,4,18,13,0,17.3,9.5,60.09,,,,,,,,,,,,,,,,,,,,,,,,,,,,,,,,,,,,
2023,4,18,14,0,20.2,6.1,39.91,,,,,,,,,,,,,,,,,,,,,,,,,,,,,,,,,,,,
2023,4,18,15,0,21.7,4.9,33.3,,,,,,,,,,,,,,,,,,,,,,,,,,,,,,,,,,,,
2023,4,18,16,0,22.6,5.1,32.06,,,,,,,,,,,,,,,,,,,,,,,,,,,,,,,,,,,,
2023,4,18,17,0,23.3,5,30.57,,,,,,,,,,,,,,,,,,,,,,,,,,,,,,,,,,,,
2023,4,18,18,0,23.8,4.1,27.86,,,,,,,,,,,,,,,,,,,,,,,,,,,,,,,,,,,,
2023,4,18,19,0,23.9,5.9,31.32,,,,,,,,,,,,,,,,,,,,,,,,,,,,,,,,,,,,
2023,4,18,20,0,23.5,7.1,34.83,,,,,,,,,,,,,,,,,,,,,,,,,,,,,,,,,,,,
2023,4,18,21,0,23.1,7.8,37.56,,,,,,,,,,,,,,,,,,,,,,,,,,,,,,,,,,,,
2023,4,18,22,0,22.1,9.1,43.53,,,,,,,,,,,,,,,,,,,,,,,,,,,,,,,,,,,,
2023,4,18,23,0,19.5,11.3,59.03,,,,,,,,,,,,,,,,,,,,,,,,,,,,,,,,,,,,
2023,4,19,0,0,17.9,11.2,64.79,,,,,,,,,,,,,,,,,,,,,,,,,,,,,,,,,,,,
2023,4,19,1,0,17.5,11.5,67.75,,,,,,,,,,,,,,,,,,,,,,,,,,,,,,,,,,,,
2023,4,19,2,0,17.1,11.7,70.51,,,,,,,,,,,,,,,,,,,,,,,,,,,,,,,,,,,,
2023,4,19,3,0,16.8,11.9,72.77,,,,,,,,,,,,,,,,,,,,,,,,,,,,,,,,,,,,
2023,4,19,4,0,16.5,12.2,75.6,,,,,,,,,,,,,,,,,,,,,,,,,,,,,,,,,,,,
2023,4,19,5,0,16.3,12.5,78.01,,,,,,,,,,,,,,,,,,,,,,,,,,,,,,,,,,,,
2023,4,19,6,0,16.2,12.7,79.89,,,,,,,,,,,,,,,,,,,,,,,,,,,,,,,,,,,,
2023,4,19,7,0,16,13,82.57,,,,,,,,,,,,,,,,,,,,,,,,,,,,,,,,,,,,
2023,4,19,8,0,15.8,13.3,85.36,,,,,,,,,,,,,,,,,,,,,,,,,,,,,,,,,,,,
2023,4,19,9,0,15.5,13.5,87.8,,,,,,,,,,,,,,,,,,,,,,,,,,,,,,,,,,,,
2023,4,19,10,0,15.1,13.4,89.61,,,,,,,,,,,,,,,,,,,,,,,,,,,,,,,,,,,,
2023,4,19,11,0,16,13.6,85.55,,,,,,,,,,,,,,,,,,,,,,,,,,,,,,,,,,,,
2023,4,19,12,0,17.6,13.5,76.97,,,,,,,,,,,,,,,,,,,,,,,,,,,,,,,,,,,,
2023,4,19,13,0,19.8,13.6,67.48,,,,,,,,,,,,,,,,,,,,,,,,,,,,,,,,,,,,
2023,4,19,14,0,23.4,11.5,47.18,,,,,,,,,,,,,,,,,,,,,,,,,,,,,,,,,,,,
2023,4,19,15,0,25.5,10.1,37.93,,,,,,,,,,,,,,,,,,,,,,,,,,,,,,,,,,,,
2023,4,19,16,0,26.5,10.3,36.29,,,,,,,,,,,,,,,,,,,,,,,,,,,,,,,,,,,,
2023,4,19,17,0,26.8,11,37.36,,,,,,,,,,,,,,,,,,,,,,,,,,,,,,,,,,,,
2023,4,19,18,0,26.9,11.8,38.96,,,,,,,,,,,,,,,,,,,,,,,,,,,,,,,,,,,,
2023,4,19,19,0,26.6,12.3,41.13,,,,,,,,,,,,,,,,,,,,,,,,,,,,,,,,,,,,
2023,4,19,20,0,26.3,12.6,42.78,,,,,,,,,,,,,,,,,,,,,,,,,,,,,,,,,,,,
2023,4,19,21,0,25.5,13,46.02,,,,,,,,,,,,,,,,,,,,,,,,,,,,,,,,,,,,
2023,4,19,22,0,24.1,14.1,53.76,,,,,,,,,,,,,,,,,,,,,,,,,,,,,,,,,,,,
2023,4,19,23,0,21.8,15.7,68.17,,,,,,,,,,,,,,,,,,,,,,,,,,,,,,,,,,,,
2023,4,20,0,0,20.4,16.1,76.39,,,,,,,,,,,,,,,,,,,,,,,,,,,,,,,,,,,,
2023,4,20,1,0,19.8,16.6,81.59,,,,,,,,,,,,,,,,,,,,,,,,,,,,,,,,,,,,
2023,4,20,2,0,19.3,16.9,85.81,,,,,,,,,,,,,,,,,,,,,,,,,,,,,,,,,,,,
2023,4,20,3,0,19,17,88.2,,,,,,,,,,,,,,,,,,,,,,,,,,,,,,,,,,,,
2023,4,20,4,0,18.8,17.2,90.15,,,,,,,,,,,,,,,,,,,,,,,,,,,,,,,,,,,,
2023,4,20,5,0,18.6,17.3,92.36,,,,,,,,,,,,,,,,,,,,,,,,,,,,,,,,,,,,
2023,4,20,6,0,18.3,17.5,94.82,,,,,,,,,,,,,,,,,,,,,,,,,,,,,,,,,,,,
2023,4,20,7,0,18.1,17.5,96.29,,,,,,,,,,,,,,,,,,,,,,,,,,,,,,,,,,,,
2023,4,20,8,0,18,17.5,96.92,,,,,,,,,,,,,,,,,,,,,,,,,,,,,,,,,,,,
2023,4,20,9,0,17.9,17.4,96.78,,,,,,,,,,,,,,,,,,,,,,,,,,,,,,,,,,,,
2023,4,20,10,0,17.8,17.1,95.78,,,,,,,,,,,,,,,,,,,,,,,,,,,,,,,,,,,,
2023,4,20,11,0,18.6,17.2,91.76,,,,,,,,,,,,,,,,,,,,,,,,,,,,,,,,,,,,
2023,4,20,12,0,20.1,17.3,84.07,,,,,,,,,,,,,,,,,,,,,,,,,,,,,,,,,,,,
2023,4,20,13,0,22.4,16.3,68.35,,,,,,,,,,,,,,,,,,,,,,,,,,,,,,,,,,,,
2023,4,20,14,0,24.3,14.6,54.8,,,,,,,,,,,,,,,,,,,,,,,,,,,,,,,,,,,,
2023,4,20,15,0,25.7,13.8,47.73,,,,,,,,,,,,,,,,,,,,,,,,,,,,,,,,,,,,
2023,4,20,16,0,26.4,14.2,46.99,,,,,,,,,,,,,,,,,,,,,,,,,,,,,,,,,,,,
2023,4,20,17,0,26.7,14.7,47.8,,,,,,,,,,,,,,,,,,,,,,,,,,,,,,,,,,,,
2023,4,20,18,0,26.6,15.1,49.34,,,,,,,,,,,,,,,,,,,,,,,,,,,,,,,,,,,,
2023,4,20,19,0,26.4,15.5,51.04,,,,,,,,,,,,,,,,,,,,,,,,,,,,,,,,,,,,
2023,4,20,20,0,25.9,15.7,53.39,,,,,,,,,,,,,,,,,,,,,,,,,,,,,,,,,,,,
2023,4,20,21,0,25.3,15.9,56.01,,,,,,,,,,,,,,,,,,,,,,,,,,,,,,,,,,,,
2023,4,20,22,0,24.2,16.5,62.02,,,,,,,,,,,,,,,,,,,,,,,,,,,,,,,,,,,,
2023,4,20,23,0,22.3,17.7,75.3,,,,,,,,,,,,,,,,,,,,,,,,,,,,,,,,,,,,
2023,4,21,0,0,20.7,18.3,86.28,,,,,,,,,,,,,,,,,,,,,,,,,,,,,,,,,,,,
2023,4,21,1,0,20.2,18.8,91.6,,,,,,,,,,,,,,,,,,,,,,,,,,,,,,,,,,,,
2023,4,21,2,0,19.7,19.1,96.51,,,,,,,,,,,,,,,,,,,,,,,,,,,,,,,,,,,,
2023,4,21,3,0,19.4,19.3,99.24,,,,,,,,,,,,,,,,,,,,,,,,,,,,,,,,,,,,
2023,4,21,4,0,19.2,19.2,100,,,,,,,,,,,,,,,,,,,,,,,,,,,,,,,,,,,,
2023,4,21,5,0,19.1,19.1,100,,,,,,,,,,,,,,,,,,,,,,,,,,,,,,,,,,,,
2023,4,21,6,0,19,19,99.79,,,,,,,,,,,,,,,,,,,,,,,,,,,,,,,,,,,,
2023,4,21,7,0,19,18.8,99.04,,,,,,,,,,,,,,,,,,,,,,,,,,,,,,,,,,,,
2023,4,21,8,0,18.9,18.7,98.98,,,,,,,,,,,,,,,,,,,,,,,,,,,,,,,,,,,,
2023,4,21,9,0,19,18.6,97.82,,,,,,,,,,,,,,,,,,,,,,,,,,,,,,,,,,,,
2023,4,21,10,0,19.5,18.7,95.08,,,,,,,,,,,,,,,,,,,,,,,,,,,,,,,,,,,,
2023,4,21,11,0,20.2,19,92.9,,,,,,,,,,,,,,,,,,,,,,,,,,,,,,,,,,,,
2023,4,21,12,0,22,18.9,82.56,,,,,,,,,,,,,,,,,,,,,,,,,,,,,,,,,,,,
2023,4,21,13,0,23.4,16.7,66.13,,,,,,,,,,,,,,,,,,,,,,,,,,,,,,,,,,,,
2023,4,21,14,0,24.3,16.1,60.33,,,,,,,,,,,,,,,,,,,,,,,,,,,,,,,,,,,,
2023,4,21,15,0,25,15.9,57.18,,,,,,,,,,,,,,,,,,,,,,,,,,,,,,,,,,,,
2023,4,21,16,0,25.4,16,55.92,,,,,,,,,,,,,,,,,,,,,,,,,,,,,,,,,,,,
2023,4,21,17,0,25.7,15.9,54.83,,,,,,,,,,,,,,,,,,,,,,,,,,,,,,,,,,,,
2023,4,21,18,0,25.7,15.9,54.87,,,,,,,,,,,,,,,,,,,,,,,,,,,,,,,,,,,,
2023,4,21,19,0,25.6,16,55.25,,,,,,,,,,,,,,,,,,,,,,,,,,,,,,,,,,,,
2023,4,21,20,0,25.2,16,56.71,,,,,,,,,,,,,,,,,,,,,,,,,,,,,,,,,,,,
2023,4,21,21,0,24.6,16.1,58.97,,,,,,,,,,,,,,,,,,,,,,,,,,,,,,,,,,,,
2023,4,21,22,0,23.8,16.2,62.65,,,,,,,,,,,,,,,,,,,,,,,,,,,,,,,,,,,,
2023,4,21,23,0,22.3,17.1,72.28,,,,,,,,,,,,,,,,,,,,,,,,,,,,,,,,,,,,
2023,4,22,0,0,20.9,17.8,82.42,,,,,,,,,,,,,,,,,,,,,,,,,,,,,,,,,,,,
2023,4,22,1,0,20.6,18.3,86.45,,,,,,,,,,,,,,,,,,,,,,,,,,,,,,,,,,,,
2023,4,22,2,0,20.6,18.5,87.59,,,,,,,,,,,,,,,,,,,,,,,,,,,,,,,,,,,,
2023,4,22,3,0,20.5,18.5,88.26,,,,,,,,,,,,,,,,,,,,,,,,,,,,,,,,,,,,
2023,4,22,4,0,20.5,18.4,87.92,,,,,,,,,,,,,,,,,,,,,,,,,,,,,,,,,,,,
2023,4,22,5,0,20.6,18.5,88.02,,,,,,,,,,,,,,,,,,,,,,,,,,,,,,,,,,,,
2023,4,22,6,0,20.7,18.9,89.55,,,,,,,,,,,,,,,,,,,,,,,,,,,,,,,,,,,,
2023,4,22,7,0,20.9,19.3,90.84,,,,,,,,,,,,,,,,,,,,,,,,,,,,,,,,,,,,
2023,4,22,8,0,21,19.8,92.92,,,,,,,,,,,,,,,,,,,,,,,,,,,,,,,,,,,,
2023,4,22,9,0,21,20.2,94.99,,,,,,,,,,,,,,,,,,,,,,,,,,,,,,,,,,,,
2023,4,22,10,0,20.9,20.3,96.62,,,,,,,,,,,,,,,,,,,,,,,,,,,,,,,,,,,,
2023,4,22,11,0,20.9,20.4,97.05,,,,,,,,,,,,,,,,,,,,,,,,,,,,,,,,,,,,
2023,4,22,12,0,21.3,20.6,95.79,,,,,,,,,,,,,,,,,,,,,,,,,,,,,,,,,,,,
2023,4,22,13,0,21.9,20.6,92.59,,,,,,,,,,,,,,,,,,,,,,,,,,,,,,,,,,,,
2023,4,22,14,0,23.2,19.9,81.92,,,,,,,,,,,,,,,,,,,,,,,,,,,,,,,,,,,,
2023,4,22,15,0,24.3,19.3,73.57,,,,,,,,,,,,,,,,,,,,,,,,,,,,,,,,,,,,
2023,4,22,16,0,24.9,19,69.83,,,,,,,,,,,,,,,,,,,,,,,,,,,,,,,,,,,,
2023,4,22,17,0,25.4,18.7,66.53,,,,,,,,,,,,,,,,,,,,,,,,,,,,,,,,,,,,
2023,4,22,18,0,25.6,18.4,64.55,,,,,,,,,,,,,,,,,,,,,,,,,,,,,,,,,,,,
2023,4,22,19,0,25.5,18.3,64.44,,,,,,,,,,,,,,,,,,,,,,,,,,,,,,,,,,,,
2023,4,22,20,0,24.9,18.5,67.57,,,,,,,,,,,,,,,,,,,,,,,,,,,,,,,,,,,,
2023,4,22,21,0,24.1,19.1,73.72,,,,,,,,,,,,,,,,,,,,,,,,,,,,,,,,,,,,
2023,4,22,22,0,23.4,19.6,79.05,,,,,,,,,,,,,,,,,,,,,,,,,,,,,,,,,,,,
2023,4,22,23,0,22.5,19.5,83.38,,,,,,,,,,,,,,,,,,,,,,,,,,,,,,,,,,,,
2023,4,23,0,0,21.3,18.8,85.58,,,,,,,,,,,,,,,,,,,,,,,,,,,,,,,,,,,,
2023,4,23,1,0,20.1,17.4,84.31,,,,,,,,,,,,,,,,,,,,,,,,,,,,,,,,,,,,
2023,4,23,2,0,18.8,15.9,83.31,,,,,,,,,,,,,,,,,,,,,,,,,,,,,,,,,,,,
2023,4,23,3,0,17.7,14.7,82.54,,,,,,,,,,,,,,,,,,,,,,,,,,,,,,,,,,,,
2023,4,23,4,0,17,14,82.49,,,,,,,,,,,,,,,,,,,,,,,,,,,,,,,,,,,,
2023,4,23,5,0,16.4,14,85.94,,,,,,,,,,,,,,,,,,,,,,,,,,,,,,,,,,,,
2023,4,23,6,0,15.9,14.2,89.45,,,,,,,,,,,,,,,,,,,,,,,,,,,,,,,,,,,,
2023,4,23,7,0,15.5,13.9,90.47,,,,,,,,,,,,,,,,,,,,,,,,,,,,,,,,,,,,
2023,4,23,8,0,15.1,13.4,89.38,,,,,,,,,,,,,,,,,,,,,,,,,,,,,,,,,,,,
2023,4,23,9,0,14.6,12.7,88.57,,,,,,,,,,,,,,,,,,,,,,,,,,,,,,,,,,,,
2023,4,23,10,0,14.1,12.3,88.71,,,,,,,,,,,,,,,,,,,,,,,,,,,,,,,,,,,,
2023,4,23,11,0,15.1,12.2,82.7,,,,,,,,,,,,,,,,,,,,,,,,,,,,,,,,,,,,
2023,4,23,12,0,16.9,12.1,73.4,,,,,,,,,,,,,,,,,,,,,,,,,,,,,,,,,,,,
2023,4,23,13,0,19.6,9.9,53.43,,,,,,,,,,,,,,,,,,,,,,,,,,,,,,,,,,,,
2023,4,23,14,0,21.1,7.8,42.35,,,,,,,,,,,,,,,,,,,,,,,,,,,,,,,,,,,,
2023,4,23,15,0,22.1,7.2,38.22,,,,,,,,,,,,,,,,,,,,,,,,,,,,,,,,,,,,
2023,4,23,16,0,22.9,6.7,35.24,,,,,,,,,,,,,,,,,,,,,,,,,,,,,,,,,,,,
2023,4,23,17,0,23.6,6.4,33.03,,,,,,,,,,,,,,,,,,,,,,,,,,,,,,,,,,,,
2023,4,23,18,0,24,6.4,32.33,,,,,,,,,,,,,,,,,,,,,,,,,,,,,,,,,,,,
2023,4,23,19,0,24.1,7.1,33.56,,,,,,,,,,,,,,,,,,,,,,,,,,,,,,,,,,,,
2023,4,23,20,0,23.9,7.7,35.41,,,,,,,,,,,,,,,,,,,,,,,,,,,,,,,,,,,,
2023,4,23,21,0,23.5,8.1,37.38,,,,,,,,,,,,,,,,,,,,,,,,,,,,,,,,,,,,
2023,4,23,22,0,22.7,9,41.67,,,,,,,,,,,,,,,,,,,,,,,,,,,,,,,,,,,,
2023,4,23,23,0,20.6,11.4,55.59,,,,,,,,,,,,,,,,,,,,,,,,,,,,,,,,,,,,
2023,4,24,0,0,18.8,11.6,63.14,,,,,,,,,,,,,,,,,,,,,,,,,,,,,,,,,,,,
2023,4,24,1,0,18.2,11.9,66.69,,,,,,,,,,,,,,,,,,,,,,,,,,,,,,,,,,,,
2023,4,24,2,0,17.7,12.1,69.63,,,,,,,,,,,,,,,,,,,,,,,,,,,,,,,,,,,,
2023,4,24,3,0,17.4,12.2,71.74,,,,,,,,,,,,,,,,,,,,,,,,,,,,,,,,,,,,
2023,4,24,4,0,17.3,12.4,72.84,,,,,,,,,,,,,,,,,,,,,,,,,,,,,,,,,,,,
2023,4,24,5,0,17.3,12.6,73.66,,,,,,,,,,,,,,,,,,,,,,,,,,,,,,,,,,,,
2023,4,24,6,0,17.4,12.8,74.34,,,,,,,,,,,,,,,,,,,,,,,,,,,,,,,,,,,,
2023,4,24,7,0,17.4,13.1,75.97,,,,,,,,,,,,,,,,,,,,,,,,,,,,,,,,,,,,
2023,4,24,8,0,17.2,13.7,79.81,,,,,,,,,,,,,,,,,,,,,,,,,,,,,,,,,,,,
2023,4,24,9,0,17.1,14.2,83.06,,,,,,,,,,,,,,,,,,,,,,,,,,,,,,,,,,,,
2023,4,24,10,0,16.7,14.4,86.28,,,,,,,,,,,,,,,,,,,,,,,,,,,,,,,,,,,,
2023,4,24,11,0,16.9,14.3,84.8,,,,,,,,,,,,,,,,,,,,,,,,,,,,,,,,,,,,
2023,4,24,12,0,17.6,13.5,76.77,,,,,,,,,,,,,,,,,,,,,,,,,,,,,,,,,,,,
2023,4,24,13,0,18.8,11.3,61.67,,,,,,,,,,,,,,,,,,,,,,,,,,,,,,,,,,,,
2023,4,24,14,0,20,10.2,53.29,,,,,,,,,,,,,,,,,,,,,,,,,,,,,,,,,,,,
2023,4,24,15,0,21,10.1,49.68,,,,,,,,,,,,,,,,,,,,,,,,,,,,,,,,,,,,
2023,4,24,16,0,21.8,10.2,47.7,,,,,,,,,,,,,,,,,,,,,,,,,,,,,,,,,,,,
2023,4,24,17,0,22.6,10.3,45.79,,,,,,,,,,,,,,,,,,,,,,,,,,,,,,,,,,,,
2023,4,24,18,0,23,10.8,46.16,,,,,,,,,,,,,,,,,,,,,,,,,,,,,,,,,,,,
2023,4,24,19,0,22.3,11,48.91,,,,,,,,,,,,,,,,,,,,,,,,,,,,,,,,,,,,
2023,4,24,20,0,21.2,11.3,53.17,,,,,,,,,,,,,,,,,,,,,,,,,,,,,,,,,,,,
2023,4,24,21,0,20.7,11.8,56.78,,,,,,,,,,,,,,,,,,,,,,,,,,,,,,,,,,,,
2023,4,24,22,0,20.1,12.8,62.87,,,,,,,,,,,,,,,,,,,,,,,,,,,,,,,,,,,,
2023,4,24,23,0,19.4,14,71.17,,,,,,,,,,,,,,,,,,,,,,,,,,,,,,,,,,,,
2023,4,25,0,0,19.4,14,70.77,,,,,,,,,,,,,,,,,,,,,,,,,,,,,,,,,,,,
2023,4,25,1,0,19.3,13.9,70.77,,,,,,,,,,,,,,,,,,,,,,,,,,,,,,,,,,,,
2023,4,25,2,0,18.6,14.4,76.55,,,,,,,,,,,,,,,,,,,,,,,,,,,,,,,,,,,,
2023,4,25,3,0,18.1,14.7,80.51,,,,,,,,,,,,,,,,,,,,,,,,,,,,,,,,,,,,
2023,4,25,4,0,18,14.9,82.23,,,,,,,,,,,,,,,,,,,,,,,,,,,,,,,,,,,,
2023,4,25,5,0,17.9,15.1,83.85,,,,,,,,,,,,,,,,,,,,,,,,,,,,,,,,,,,,
2023,4,25,6,0,17.5,15.3,87.13,,,,,,,,,,,,,,,,,,,,,,,,,,,,,,,,,,,,
2023,4,25,7,0,17.2,15.4,89.39,,,,,,,,,,,,,,,,,,,,,,,,,,,,,,,,,,,,
2023,4,25,8,0,16.9,15.5,91.29,,,,,,,,,,,,,,,,,,,,,,,,,,,,,,,,,,,,
2023,4,25,9,0,16.8,15.4,91.33,,,,,,,,,,,,,,,,,,,,,,,,,,,,,,,,,,,,
2023,4,25,10,0,16.7,15.2,90.98,,,,,,,,,,,,,,,,,,,,,,,,,,,,,,,,,,,,
2023,4,25,11,0,17.2,15.2,87.8,,,,,,,,,,,,,,,,,,,,,,,,,,,,,,,,,,,,
2023,4,25,12,0,18.2,14.8,80.68,,,,,,,,,,,,,,,,,,,,,,,,,,,,,,,,,,,,
2023,4,25,13,0,19.3,14.3,72.83,,,,,,,,,,,,,,,,,,,,,,,,,,,,,,,,,,,,
2023,4,25,14,0,20.3,14.2,67.87,,,,,,,,,,,,,,,,,,,,,,,,,,,,,,,,,,,,
2023,4,25,15,0,21,14.2,65.23,,,,,,,,,,,,,,,,,,,,,,,,,,,,,,,,,,,,
2023,4,25,16,0,21.6,14.4,63.68,,,,,,,,,,,,,,,,,,,,,,,,,,,,,,,,,,,,
2023,4,25,17,0,21.8,14.6,63.66,,,,,,,,,,,,,,,,,,,,,,,,,,,,,,,,,,,,
2023,4,25,18,0,21.5,14.8,65.61,,,,,,,,,,,,,,,,,,,,,,,,,,,,,,,,,,,,
2023,4,25,19,0,20.9,15.1,69.33,,,,,,,,,,,,,,,,,,,,,,,,,,,,,,,,,,,,
2023,4,25,20,0,20.7,15.5,71.95,,,,,,,,,,,,,,,,,,,,,,,,,,,,,,,,,,,,
2023,4,25,21,0,20.4,15.7,74.27,,,,,,,,,,,,,,,,,,,,,,,,,,,,,,,,,,,,
2023,4,25,22,0,20,15.9,77.26,,,,,,,,,,,,,,,,,,,,,,,,,,,,,,,,,,,,
2023,4,25,23,0,19.3,16.2,82.31,,,,,,,,,,,,,,,,,,,,,,,,,,,,,,,,,,,,
2023,4,26,0,0,18.6,16.4,87.02,,,,,,,,,,,,,,,,,,,,,,,,,,,,,,,,,,,,
2023,4,26,1,0,18.3,16.3,87.97,,,,,,,,,,,,,,,,,,,,,,,,,,,,,,,,,,,,
2023,4,26,2,0,18.1,16,87.51,,,,,,,,,,,,,,,,,,,,,,,,,,,,,,,,,,,,
2023,4,26,3,0,18.2,15.7,85.48,,,,,,,,,,,,,,,,,,,,,,,,,,,,,,,,,,,,
2023,4,26,4,0,18,15.8,86.72,,,,,,,,,,,,,,,,,,,,,,,,,,,,,,,,,,,,
2023,4,26,5,0,17.8,15.8,88.34,,,,,,,,,,,,,,,,,,,,,,,,,,,,,,,,,,,,
2023,4,26,6,0,17.5,15.9,90.44,,,,,,,,,,,,,,,,,,,,,,,,,,,,,,,,,,,,
2023,4,26,7,0,17.2,16,92.37,,,,,,,,,,,,,,,,,,,,,,,,,,,,,,,,,,,,
2023,4,26,8,0,17,16,93.57,,,,,,,,,,,,,,,,,,,,,,,,,,,,,,,,,,,,
2023,4,26,9,0,16.7,16,95.36,,,,,,,,,,,,,,,,,,,,,,,,,,,,,,,,,,,,
2023,4,26,10,0,16.5,15.9,96.4,,,,,,,,,,,,,,,,,,,,,,,,,,,,,,,,,,,,
2023,4,26,11,0,17,15.9,93.33,,,,,,,,,,,,,,,,,,,,,,,,,,,,,,,,,,,,
2023,4,26,12,0,18.4,16,85.9,,,,,,,,,,,,,,,,,,,,,,,,,,,,,,,,,,,,
2023,4,26,13,0,20.4,16.1,76.34,,,,,,,,,,,,,,,,,,,,,,,,,,,,,,,,,,,,
2023,4,26,14,0,22,16.3,70.13,,,,,,,,,,,,,,,,,,,,,,,,,,,,,,,,,,,,
2023,4,26,15,0,23.1,16.6,66.67,,,,,,,,,,,,,,,,,,,,,,,,,,,,,,,,,,,,
2023,4,26,16,0,23.7,16.7,64.71,,,,,,,,,,,,,,,,,,,,,,,,,,,,,,,,,,,,
2023,4,26,17,0,24.1,16.6,62.93,,,,,,,,,,,,,,,,,,,,,,,,,,,,,,,,,,,,
2023,4,26,18,0,24.1,16.5,62.56,,,,,,,,,,,,,,,,,,,,,,,,,,,,,,,,,,,,
2023,4,26,19,0,23.9,16.5,63.41,,,,,,,,,,,,,,,,,,,,,,,,,,,,,,,,,,,,
2023,4,26,20,0,23.5,16.6,65.07,,,,,,,,,,,,,,,,,,,,,,,,,,,,,,,,,,,,
2023,4,26,21,0,22.9,16.7,68.07,,,,,,,,,,,,,,,,,,,,,,,,,,,,,,,,,,,,
2023,4,26,22,0,22.3,17,72.15,,,,,,,,,,,,,,,,,,,,,,,,,,,,,,,,,,,,
2023,4,26,23,0,21.1,17.8,81.39,,,,,,,,,,,,,,,,,,,,,,,,,,,,,,,,,,,,
2023,4,27,0,0,19.8,18.1,89.75,,,,,,,,,,,,,,,,,,,,,,,,,,,,,,,,,,,,
2023,4,27,1,0,19.5,18.3,92.72,,,,,,,,,,,,,,,,,,,,,,,,,,,,,,,,,,,,
2023,4,27,2,0,19.1,18.3,95.4,,,,,,,,,,,,,,,,,,,,,,,,,,,,,,,,,,,,
2023,4,27,3,0,18.9,18.2,95.55,,,,,,,,,,,,,,,,,,,,,,,,,,,,,,,,,,,,
2023,4,27,4,0,18.7,17.9,95.17,,,,,,,,,,,,,,,,,,,,,,,,,,,,,,,,,,,,
2023,4,27,5,0,18.5,17.7,95.36,,,,,,,,,,,,,,,,,,,,,,,,,,,,,,,,,,,,
2023,4,27,6,0,18.2,17.6,96.03,,,,,,,,,,,,,,,,,,,,,,,,,,,,,,,,,,,,
2023,4,27,7,0,18,17.4,96.19,,,,,,,,,,,,,,,,,,,,,,,,,,,,,,,,,,,,
2023,4,27,8,0,17.8,17.3,96.69,,,,,,,,,,,,,,,,,,,,,,,,,,,,,,,,,,,,
2023,4,27,9,0,17.6,17.2,97.47,,,,,,,,,,,,,,,,,,,,,,,,,,,,,,,,,,,,
2023,4,27,10,0,17.5,17.2,98.09,,,,,,,,,,,,,,,,,,,,,,,,,,,,,,,,,,,,
2023,4,27,11,0,18.6,18,96.37,,,,,,,,,,,,,,,,,,,,,,,,,,,,,,,,,,,,
2023,4,27,12,0,19.7,18.7,94.06,,,,,,,,,,,,,,,,,,,,,,,,,,,,,,,,,,,,
2023,4,27,13,0,21.1,18.2,83.65,,,,,,,,,,,,,,,,,,,,,,,,,,,,,,,,,,,,
2023,4,27,14,0,23,16.9,68.73,,,,,,,,,,,,,,,,,,,,,,,,,,,,,,,,,,,,
2023,4,27,15,0,24.2,16.6,62.61,,,,,,,,,,,,,,,,,,,,,,,,,,,,,,,,,,,,
2023,4,27,16,0,24.9,16.8,60.58,,,,,,,,,,,,,,,,,,,,,,,,,,,,,,,,,,,,
2023,4,27,17,0,25.3,17,60.01,,,,,,,,,,,,,,,,,,,,,,,,,,,,,,,,,,,,
2023,4,27,18,0,25.2,17.2,61.15,,,,,,,,,,,,,,,,,,,,,,,,,,,,,,,,,,,,
2023,4,27,19,0,25.1,17.3,62.1,,,,,,,,,,,,,,,,,,,,,,,,,,,,,,,,,,,,
2023,4,27,20,0,24.5,17.5,65.09,,,,,,,,,,,,,,,,,,,,,,,,,,,,,,,,,,,,
2023,4,27,21,0,23.6,17.8,70.08,,,,,,,,,,,,,,,,,,,,,,,,,,,,,,,,,,,,
2023,4,27,22,0,22.8,18.4,76.2,,,,,,,,,,,,,,,,,,,,,,,,,,,,,,,,,,,,
2023,4,27,23,0,22.1,19.1,83.22,,,,,,,,,,,,,,,,,,,,,,,,,,,,,,,,,,,,
2023,4,28,0,0,21.7,19.8,88.88,,,,,,,,,,,,,,,,,,,,,,,,,,,,,,,,,,,,
2023,4,28,1,0,21.7,20.2,91.29,,,,,,,,,,,,,,,,,,,,,,,,,,,,,,,,,,,,
2023,4,28,2,0,21.7,20.4,92.06,,,,,,,,,,,,,,,,,,,,,,,,,,,,,,,,,,,,
2023,4,28,3,0,21.5,20.4,93.35,,,,,,,,,,,,,,,,,,,,,,,,,,,,,,,,,,,,
2023,4,28,4,0,21.4,20.6,95,,,,,,,,,,,,,,,,,,,,,,,,,,,,,,,,,,,,
2023,4,28,5,0,21.4,20.6,95.03,,,,,,,,,,,,,,,,,,,,,,,,,,,,,,,,,,,,
2023,4,28,6,0,21.2,20.2,94.29,,,,,,,,,,,,,,,,,,,,,,,,,,,,,,,,,,,,
2023,4,28,7,0,20.9,20,94.48,,,,,,,,,,,,,,,,,,,,,,,,,,,,,,,,,,,,
2023,4,28,8,0,20.8,20,95.27,,,,,,,,,,,,,,,,,,,,,,,,,,,,,,,,,,,,
2023,4,28,9,0,20.8,20.2,96.37,,,,,,,,,,,,,,,,,,,,,,,,,,,,,,,,,,,,
2023,4,28,10,0,20.6,20.2,97.79,,,,,,,,,,,,,,,,,,,,,,,,,,,,,,,,,,,,
2023,4,28,11,0,20.9,20.3,96.28,,,,,,,,,,,,,,,,,,,,,,,,,,,,,,,,,,,,
2023,4,28,12,0,21.6,20,90.82,,,,,,,,,,,,,,,,,,,,,,,,,,,,,,,,,,,,
2023,4,28,13,0,22.7,19.6,82.87,,,,,,,,,,,,,,,,,,,,,,,,,,,,,,,,,,,,
2023,4,28,14,0,23.8,19.5,76.66,,,,,,,,,,,,,,,,,,,,,,,,,,,,,,,,,,,,
2023,4,28,15,0,24.8,19.4,72.07,,,,,,,,,,,,,,,,,,,,,,,,,,,,,,,,,,,,
2023,4,28,16,0,25.5,19.4,69.05,,,,,,,,,,,,,,,,,,,,,,,,,,,,,,,,,,,,
2023,4,28,17,0,26.1,19.4,66.41,,,,,,,,,,,,,,,,,,,,,,,,,,,,,,,,,,,,
2023,4,28,18,0,26.2,19.4,66.21,,,,,,,,,,,,,,,,,,,,,,,,,,,,,,,,,,,,
2023,4,28,19,0,25.9,19.6,68.05,,,,,,,,,,,,,,,,,,,,,,,,,,,,,,,,,,,,
2023,4,28,20,0,25.6,19.8,70.25,,,,,,,,,,,,,,,,,,,,,,,,,,,,,,,,,,,,
2023,4,28,21,0,25,20,73.91,,,,,,,,,,,,,,,,,,,,,,,,,,,,,,,,,,,,
2023,4,28,22,0,24.4,20.4,78.51,,,,,,,,,,,,,,,,,,,,,,,,,,,,,,,,,,,,
2023,4,28,23,0,23.5,21,85.99,,,,,,,,,,,,,,,,,,,,,,,,,,,,,,,,,,,,
2023,4,29,0,0,22.7,21.4,92.14,,,,,,,,,,,,,,,,,,,,,,,,,,,,,,,,,,,,
2023,4,29,1,0,22.4,21.5,94.94,,,,,,,,,,,,,,,,,,,,,,,,,,,,,,,,,,,,
2023,4,29,2,0,22.1,21.6,97.29,,,,,,,,,,,,,,,,,,,,,,,,,,,,,,,,,,,,
2023,4,29,3,0,21.9,21.6,98.32,,,,,,,,,,,,,,,,,,,,,,,,,,,,,,,,,,,,
2023,4,29,4,0,21.6,21.5,99.47,,,,,,,,,,,,,,,,,,,,,,,,,,,,,,,,,,,,
2023,4,29,5,0,21.3,21.3,100,,,,,,,,,,,,,,,,,,,,,,,,,,,,,,,,,,,,
2023,4,29,6,0,21,21,100,,,,,,,,,,,,,,,,,,,,,,,,,,,,,,,,,,,,
2023,4,29,7,0,20.7,20.7,100,,,,,,,,,,,,,,,,,,,,,,,,,,,,,,,,,,,,
2023,4,29,8,0,20.4,20.4,100,,,,,,,,,,,,,,,,,,,,,,,,,,,,,,,,,,,,
2023,4,29,9,0,20.1,20.1,100,,,,,,,,,,,,,,,,,,,,,,,,,,,,,,,,,,,,
2023,4,29,10,0,19.8,19.8,100,,,,,,,,,,,,,,,,,,,,,,,,,,,,,,,,,,,,
2023,4,29,11,0,20.9,20.6,98.42,,,,,,,,,,,,,,,,,,,,,,,,,,,,,,,,,,,,
2023,4,29,12,0,22.3,20.6,90.07,,,,,,,,,,,,,,,,,,,,,,,,,,,,,,,,,,,,
2023,4,29,13,0,24.2,19.4,74.69,,,,,,,,,,,,,,,,,,,,,,,,,,,,,,,,,,,,
2023,4,29,14,0,25.6,18.6,65.46,,,,,,,,,,,,,,,,,,,,,,,,,,,,,,,,,,,,
2023,4,29,15,0,26.4,18.6,62.18,,,,,,,,,,,,,,,,,,,,,,,,,,,,,,,,,,,,
2023,4,29,16,0,26.9,18.7,60.98,,,,,,,,,,,,,,,,,,,,,,,,,,,,,,,,,,,,
2023,4,29,17,0,27.1,19,61.08,,,,,,,,,,,,,,,,,,,,,,,,,,,,,,,,,,,,
2023,4,29,18,0,27,19.2,62.2,,,,,,,,,,,,,,,,,,,,,,,,,,,,,,,,,,,,
2023,4,29,19,0,26.6,19.4,64.8,,,,,,,,,,,,,,,,,,,,,,,,,,,,,,,,,,,,
2023,4,29,20,0,25.9,19.8,69.2,,,,,,,,,,,,,,,,,,,,,,,,,,,,,,,,,,,,
2023,4,29,21,0,25.1,20.2,74.49,,,,,,,,,,,,,,,,,,,,,,,,,,,,,,,,,,,,
2023,4,29,22,0,24,21,83.18,,,,,,,,,,,,,,,,,,,,,,,,,,,,,,,,,,,,
2023,4,29,23,0,22.9,21.6,92.35,,,,,,,,,,,,,,,,,,,,,,,,,,,,,,,,,,,,
2023,4,30,0,0,22.4,21.7,95.85,,,,,,,,,,,,,,,,,,,,,,,,,,,,,,,,,,,,
2023,4,30,1,0,22.2,21.6,96.58,,,,,,,,,,,,,,,,,,,,,,,,,,,,,,,,,,,,
2023,4,30,2,0,22.1,21.5,96.68,,,,,,,,,,,,,,,,,,,,,,,,,,,,,,,,,,,,
2023,4,30,3,0,21.9,21.5,97.36,,,,,,,,,,,,,,,,,,,,,,,,,,,,,,,,,,,,
2023,4,30,4,0,21.9,21.5,97.63,,,,,,,,,,,,,,,,,,,,,,,,,,,,,,,,,,,,
2023,4,30,5,0,21.9,21.5,97.82,,,,,,,,,,,,,,,,,,,,,,,,,,,,,,,,,,,,
2023,4,30,6,0,21.9,21.6,98.1,,,,,,,,,,,,,,,,,,,,,,,,,,,,,,,,,,,,
2023,4,30,7,0,22.2,21.5,96.09,,,,,,,,,,,,,,,,,,,,,,,,,,,,,,,,,,,,
2023,4,30,8,0,22.1,21.6,96.81,,,,,,,,,,,,,,,,,,,,,,,,,,,,,,,,,,,,
2023,4,30,9,0,21.8,21.5,98.15,,,,,,,,,,,,,,,,,,,,,,,,,,,,,,,,,,,,
2023,4,30,10,0,21.7,21.6,99.3,,,,,,,,,,,,,,,,,,,,,,,,,,,,,,,,,,,,
2023,4,30,11,0,22.1,21.8,98.28,,,,,,,,,,,,,,,,,,,,,,,,,,,,,,,,,,,,
2023,4,30,12,0,22.7,22,96.08,,,,,,,,,,,,,,,,,,,,,,,,,,,,,,,,,,,,
2023,4,30,13,0,23.1,21.5,90.65,,,,,,,,,,,,,,,,,,,,,,,,,,,,,,,,,,,,
2023,4,30,14,0,23.5,19.9,80.03,,,,,,,,,,,,,,,,,,,,,,,,,,,,,,,,,,,,
2023,4,30,15,0,23.5,17.7,70.05,,,,,,,,,,,,,,,,,,,,,,,,,,,,,,,,,,,,
2023,4,30,16,0,23.6,16.2,63.14,,,,,,,,,,,,,,,,,,,,,,,,,,,,,,,,,,,,
2023,4,30,17,0,23.5,15.9,62.41,,,,,,,,,,,,,,,,,,,,,,,,,,,,,,,,,,,,
2023,4,30,18,0,23.5,16.2,63.43,,,,,,,,,,,,,,,,,,,,,,,,,,,,,,,,,,,,
2023,4,30,19,0,23.8,16.1,62.17,,,,,,,,,,,,,,,,,,,,,,,,,,,,,,,,,,,,
2023,4,30,20,0,23.8,15.9,61.24,,,,,,,,,,,,,,,,,,,,,,,,,,,,,,,,,,,,
2023,4,30,21,0,23.9,15.8,60.56,,,,,,,,,,,,,,,,,,,,,,,,,,,,,,,,,,,,
2023,4,30,22,0,23.6,15.9,61.82,,,,,,,,,,,,,,,,,,,,,,,,,,,,,,,,,,,,
2023,4,30,23,0,23,15.9,64.14,,,,,,,,,,,,,,,,,,,,,,,,,,,,,,,,,,,,
2023,5,1,0,0,22.3,15.7,66.31,,,,,,,,,,,,,,,,,,,,,,,,,,,,,,,,,,,,
2023,5,1,1,0,21.7,15.4,67.37,,,,,,,,,,,,,,,,,,,,,,,,,,,,,,,,,,,,
2023,5,1,2,0,21.1,15.1,68.4,,,,,,,,,,,,,,,,,,,,,,,,,,,,,,,,,,,,
2023,5,1,3,0,20.1,13.8,67.22,,,,,,,,,,,,,,,,,,,,,,,,,,,,,,,,,,,,
2023,5,1,4,0,18.6,11.1,61.56,,,,,,,,,,,,,,,,,,,,,,,,,,,,,,,,,,,,
2023,5,1,5,0,17.1,9.7,61.85,,,,,,,,,,,,,,,,,,,,,,,,,,,,,,,,,,,,
2023,5,1,6,0,16.1,9.4,64.57,,,,,,,,,,,,,,,,,,,,,,,,,,,,,,,,,,,,
2023,5,1,7,0,15.5,9.5,67.67,,,,,,,,,,,,,,,,,,,,,,,,,,,,,,,,,,,,
2023,5,1,8,0,15.1,9.6,69.82,,,,,,,,,,,,,,,,,,,,,,,,,,,,,,,,,,,,
2023,5,1,9,0,14.9,9.6,70.51,,,,,,,,,,,,,,,,,,,,,,,,,,,,,,,,,,,,
2023,5,1,10,0,14.6,9.6,72.03,,,,,,,,,,,,,,,,,,,,,,,,,,,,,,,,,,,,
2023,5,1,11,0,15.2,9.8,70,,,,,,,,,,,,,,,,,,,,,,,,,,,,,,,,,,,,
2023,5,1,12,0,16.7,9.4,62.24,,,,,,,,,,,,,,,,,,,,,,,,,,,,,,,,,,,,
2023,5,1,13,0,18.1,8.7,54.36,,,,,,,,,,,,,,,,,,,,,,,,,,,,,,,,,,,,
2023,5,1,14,0,19.2,8.6,50.16,,,,,,,,,,,,,,,,,,,,,,,,,,,,,,,,,,,,
2023,5,1,15,0,20.4,9.1,48.31,,,,,,,,,,,,,,,,,,,,,,,,,,,,,,,,,,,,
2023,5,1,16,0,21.5,9.9,47.45,,,,,,,,,,,,,,,,,,,,,,,,,,,,,,,,,,,,
2023,5,1,17,0,22.5,10.3,45.98,,,,,,,,,,,,,,,,,,,,,,,,,,,,,,,,,,,,
2023,5,1,18,0,23.3,10.5,44.44,,,,,,,,,,,,,,,,,,,,,,,,,,,,,,,,,,,,
2023,5,1,19,0,23.8,10.6,43.47,,,,,,,,,,,,,,,,,,,,,,,,,,,,,,,,,,,,
2023,5,1,20,0,23.8,10.4,42.93,,,,,,,,,,,,,,,,,,,,,,,,,,,,,,,,,,,,
2023,5,1,21,0,23.4,10,42.58,,,,,,,,,,,,,,,,,,,,,,,,,,,,,,,,,,,,
2023,5,1,22,0,22.7,9.5,43.18,,,,,,,,,,,,,,,,,,,,,,,,,,,,,,,,,,,,
2023,5,1,23,0,21.4,9.6,46.97,,,,,,,,,,,,,,,,,,,,,,,,,,,,,,,,,,,,
2023,5,2,0,0,19.9,10.2,53.63,,,,,,,,,,,,,,,,,,,,,,,,,,,,,,,,,,,,
2023,5,2,1,0,19.3,10.6,57.25,,,,,,,,,,,,,,,,,,,,,,,,,,,,,,,,,,,,
2023,5,2,2,0,18.7,10.9,60.65,,,,,,,,,,,,,,,,,,,,,,,,,,,,,,,,,,,,
2023,5,2,3,0,18,10.9,63.27,,,,,,,,,,,,,,,,,,,,,,,,,,,,,,,,,,,,
2023,5,2,4,0,17.3,10.6,64.61,,,,,,,,,,,,,,,,,,,,,,,,,,,,,,,,,,,,
2023,5,2,5,0,16.7,10.1,65.21,,,,,,,,,,,,,,,,,,,,,,,,,,,,,,,,,,,,
2023,5,2,6,0,15.9,9.9,67.61,,,,,,,,,,,,,,,,,,,,,,,,,,,,,,,,,,,,
2023,5,2,7,0,15.4,9.7,68.91,,,,,,,,,,,,,,,,,,,,,,,,,,,,,,,,,,,,
2023,5,2,8,0,14.7,9.7,71.74,,,,,,,,,,,,,,,,,,,,,,,,,,,,,,,,,,,,
2023,5,2,9,0,14.3,9.6,73.39,,,,,,,,,,,,,,,,,,,,,,,,,,,,,,,,,,,,
2023,5,2,10,0,14.2,9.6,73.66,,,,,,,,,,,,,,,,,,,,,,,,,,,,,,,,,,,,
2023,5,2,11,0,14.9,9.8,71.64,,,,,,,,,,,,,,,,,,,,,,,,,,,,,,,,,,,,
2023,5,2,12,0,16.5,9.6,63.83,,,,,,,,,,,,,,,,,,,,,,,,,,,,,,,,,,,,
2023,5,2,13,0,18.5,8.2,51.16,,,,,,,,,,,,,,,,,,,,,,,,,,,,,,,,,,,,
2023,5,2,14,0,19.8,7.1,43.67,,,,,,,,,,,,,,,,,,,,,,,,,,,,,,,,,,,,
2023,5,2,15,0,20.7,6.8,40.46,,,,,,,,,,,,,,,,,,,,,,,,,,,,,,,,,,,,
2023,5,2,16,0,21.6,6.7,38.17,,,,,,,,,,,,,,,,,,,,,,,,,,,,,,,,,,,,
2023,5,2,17,0,22.4,6.8,36.47,,,,,,,,,,,,,,,,,,,,,,,,,,,,,,,,,,,,
2023,5,2,18,0,23.1,7,35.47,,,,,,,,,,,,,,,,,,,,,,,,,,,,,,,,,,,,
2023,5,2,19,0,23.6,7.4,35.41,,,,,,,,,,,,,,,,,,,,,,,,,,,,,,,,,,,,
2023,5,2,20,0,23.8,8,36.42,,,,,,,,,,,,,,,,,,,,,,,,,,,,,,,,,,,,
2023,5,2,21,0,23.8,8.6,37.97,,,,,,,,,,,,,,,,,,,,,,,,,,,,,,,,,,,,
2023,5,2,22,0,23.4,9.3,40.6,,,,,,,,,,,,,,,,,,,,,,,,,,,,,,,,,,,,
2023,5,2,23,0,22.3,10.1,45.91,,,,,,,,,,,,,,,,,,,,,,,,,,,,,,,,,,,,
2023,5,3,0,0,20.8,10.8,52.69,,,,,,,,,,,,,,,,,,,,,,,,,,,,,,,,,,,,
2023,5,3,1,0,20,11.1,56.45,,,,,,,,,,,,,,,,,,,,,,,,,,,,,,,,,,,,
2023,5,3,2,0,19.2,11.1,59.54,,,,,,,,,,,,,,,,,,,,,,,,,,,,,,,,,,,,
2023,5,3,3,0,18.2,11,62.89,,,,,,,,,,,,,,,,,,,,,,,,,,,,,,,,,,,,
2023,5,3,4,0,17.1,11,67.36,,,,,,,,,,,,,,,,,,,,,,,,,,,,,,,,,,,,
2023,5,3,5,0,16.1,11.1,72.15,,,,,,,,,,,,,,,,,,,,,,,,,,,,,,,,,,,,
2023,5,3,6,0,15.4,11.1,75.69,,,,,,,,,,,,,,,,,,,,,,,,,,,,,,,,,,,,
2023,5,3,7,0,14.8,11,78.04,,,,,,,,,,,,,,,,,,,,,,,,,,,,,,,,,,,,
2023,5,3,8,0,14.3,10.7,78.92,,,,,,,,,,,,,,,,,,,,,,,,,,,,,,,,,,,,
2023,5,3,9,0,13.8,10.5,80.65,,,,,,,,,,,,,,,,,,,,,,,,,,,,,,,,,,,,
2023,5,3,10,0,13.2,10.4,83.3,,,,,,,,,,,,,,,,,,,,,,,,,,,,,,,,,,,,
2023,5,3,11,0,13.8,10.3,79.36,,,,,,,,,,,,,,,,,,,,,,,,,,,,,,,,,,,,
2023,5,3,12,0,15.7,9.5,66.74,,,,,,,,,,,,,,,,,,,,,,,,,,,,,,,,,,,,
2023,5,3,13,0,18,7.1,48.99,,,,,,,,,,,,,,,,,,,,,,,,,,,,,,,,,,,,
2023,5,3,14,0,19.2,6.3,43.04,,,,,,,,,,,,,,,,,,,,,,,,,,,,,,,,,,,,
2023,5,3,15,0,20.1,5.8,39.28,,,,,,,,,,,,,,,,,,,,,,,,,,,,,,,,,,,,
2023,5,3,16,0,21.1,5.8,36.81,,,,,,,,,,,,,,,,,,,,,,,,,,,,,,,,,,,,
2023,5,3,17,0,22,6.1,35.69,,,,,,,,,,,,,,,,,,,,,,,,,,,,,,,,,,,,
2023,5,3,18,0,22.8,6.6,35.26,,,,,,,,,,,,,,,,,,,,,,,,,,,,,,,,,,,,
2023,5,3,19,0,23.2,7.2,35.79,,,,,,,,,,,,,,,,,,,,,,,,,,,,,,,,,,,,
2023,5,3,20,0,23.4,7.8,36.78,,,,,,,,,,,,,,,,,,,,,,,,,,,,,,,,,,,,
2023,5,3,21,0,23.2,8.3,38.5,,,,,,,,,,,,,,,,,,,,,,,,,,,,,,,,,,,,
2023,5,3,22,0,22.7,8.8,40.94,,,,,,,,,,,,,,,,,,,,,,,,,,,,,,,,,,,,
2023,5,3,23,0,21.4,9.8,47.45,,,,,,,,,,,,,,,,,,,,,,,,,,,,,,,,,,,,
2023,5,4,0,0,19.4,10.9,58.06,,,,,,,,,,,,,,,,,,,,,,,,,,,,,,,,,,,,
2023,5,4,1,0,18.3,11.6,65.1,,,,,,,,,,,,,,,,,,,,,,,,,,,,,,,,,,,,
2023,5,4,2,0,17.5,11.9,69.74,,,,,,,,,,,,,,,,,,,,,,,,,,,,,,,,,,,,
2023,5,4,3,0,16.6,11.8,73.37,,,,,,,,,,,,,,,,,,,,,,,,,,,,,,,,,,,,
2023,5,4,4,0,15.8,11.5,75.8,,,,,,,,,,,,,,,,,,,,,,,,,,,,,,,,,,,,
2023,5,4,5,0,15.2,11.1,76.55,,,,,,,,,,,,,,,,,,,,,,,,,,,,,,,,,,,,
2023,5,4,6,0,14.7,10.7,77.1,,,,,,,,,,,,,,,,,,,,,,,,,,,,,,,,,,,,
2023,5,4,7,0,14.4,10.5,77.61,,,,,,,,,,,,,,,,,,,,,,,,,,,,,,,,,,,,
2023,5,4,8,0,14,10.4,79.17,,,,,,,,,,,,,,,,,,,,,,,,,,,,,,,,,,,,
2023,5,4,9,0,13.7,10.4,80.4,,,,,,,,,,,,,,,,,,,,,,,,,,,,,,,,,,,,
2023,5,4,10,0,13.4,10.3,81.24,,,,,,,,,,,,,,,,,,,,,,,,,,,,,,,,,,,,
2023,5,4,11,0,14.5,10.1,75.01,,,,,,,,,,,,,,,,,,,,,,,,,,,,,,,,,,,,
2023,5,4,12,0,16.3,9.3,63.29,,,,,,,,,,,,,,,,,,,,,,,,,,,,,,,,,,,,
2023,5,4,13,0,18.7,7.5,47.96,,,,,,,,,,,,,,,,,,,,,,,,,,,,,,,,,,,,
2023,5,4,14,0,19.9,6.9,42.88,,,,,,,,,,,,,,,,,,,,,,,,,,,,,,,,,,,,
2023,5,4,15,0,20.9,6.5,39.3,,,,,,,,,,,,,,,,,,,,,,,,,,,,,,,,,,,,
2023,5,4,16,0,21.7,6.1,36.34,,,,,,,,,,,,,,,,,,,,,,,,,,,,,,,,,,,,
2023,5,4,17,0,22.4,6,34.49,,,,,,,,,,,,,,,,,,,,,,,,,,,,,,,,,,,,
2023,5,4,18,0,22.8,6.4,34.64,,,,,,,,,,,,,,,,,,,,,,,,,,,,,,,,,,,,
2023,5,4,19,0,22.9,7.4,36.89,,,,,,,,,,,,,,,,,,,,,,,,,,,,,,,,,,,,
2023,5,4,20,0,22.7,8.1,39.22,,,,,,,,,,,,,,,,,,,,,,,,,,,,,,,,,,,,
2023,5,4,21,0,22.4,8.7,41.63,,,,,,,,,,,,,,,,,,,,,,,,,,,,,,,,,,,,
2023,5,4,22,0,21.8,9.5,45.61,,,,,,,,,,,,,,,,,,,,,,,,,,,,,,,,,,,,
2023,5,4,23,0,20.2,11.6,57.62,,,,,,,,,,,,,,,,,,,,,,,,,,,,,,,,,,,,
2023,5,5,0,0,18.9,11.7,62.86,,,,,,,,,,,,,,,,,,,,,,,,,,,,,,,,,,,,
2023,5,5,1,0,18.3,12.1,66.98,,,,,,,,,,,,,,,,,,,,,,,,,,,,,,,,,,,,
2023,5,5,2,0,17.6,12.4,71.35,,,,,,,,,,,,,,,,,,,,,,,,,,,,,,,,,,,,
2023,5,5,3,0,17.2,12.5,73.75,,,,,,,,,,,,,,,,,,,,,,,,,,,,,,,,,,,,
2023,5,5,4,0,17,12.5,74.77,,,,,,,,,,,,,,,,,,,,,,,,,,,,,,,,,,,,
2023,5,5,5,0,17,12.6,75.17,,,,,,,,,,,,,,,,,,,,,,,,,,,,,,,,,,,,
2023,5,5,6,0,17.1,12.7,75.11,,,,,,,,,,,,,,,,,,,,,,,,,,,,,,,,,,,,
2023,5,5,7,0,17.3,12.7,74.52,,,,,,,,,,,,,,,,,,,,,,,,,,,,,,,,,,,,
2023,5,5,8,0,17.6,12.8,73.37,,,,,,,,,,,,,,,,,,,,,,,,,,,,,,,,,,,,
2023,5,5,9,0,17.7,12.9,73.48,,,,,,,,,,,,,,,,,,,,,,,,,,,,,,,,,,,,
2023,5,5,10,0,17.7,13,74.06,,,,,,,,,,,,,,,,,,,,,,,,,,,,,,,,,,,,
2023,5,5,11,0,18.2,13.7,74.95,,,,,,,,,,,,,,,,,,,,,,,,,,,,,,,,,,,,
2023,5,5,12,0,19.2,14.2,72.75,,,,,,,,,,,,,,,,,,,,,,,,,,,,,,,,,,,,
2023,5,5,13,0,20.2,13.7,66.21,,,,,,,,,,,,,,,,,,,,,,,,,,,,,,,,,,,,
2023,5,5,14,0,21.2,12.8,58.59,,,,,,,,,,,,,,,,,,,,,,,,,,,,,,,,,,,,
2023,5,5,15,0,22.2,11.6,51.13,,,,,,,,,,,,,,,,,,,,,,,,,,,,,,,,,,,,
2023,5,5,16,0,23.3,11.1,46.32,,,,,,,,,,,,,,,,,,,,,,,,,,,,,,,,,,,,
2023,5,5,17,0,23.4,11.1,45.96,,,,,,,,,,,,,,,,,,,,,,,,,,,,,,,,,,,,
2023,5,5,18,0,22.9,11,47.14,,,,,,,,,,,,,,,,,,,,,,,,,,,,,,,,,,,,
2023,5,5,19,0,22.7,11,47.69,,,,,,,,,,,,,,,,,,,,,,,,,,,,,,,,,,,,
2023,5,5,20,0,22.5,11.2,48.86,,,,,,,,,,,,,,,,,,,,,,,,,,,,,,,,,,,,
2023,5,5,21,0,22.4,11.5,50.13,,,,,,,,,,,,,,,,,,,,,,,,,,,,,,,,,,,,
2023,5,5,22,0,21.9,12.2,54.23,,,,,,,,,,,,,,,,,,,,,,,,,,,,,,,,,,,,
2023,5,5,23,0,20.6,14,66.08,,,,,,,,,,,,,,,,,,,,,,,,,,,,,,,,,,,,
2023,5,6,0,0,19.5,14.3,71.77,,,,,,,,,,,,,,,,,,,,,,,,,,,,,,,,,,,,
2023,5,6,1,0,19.3,14.6,74.11,,,,,,,,,,,,,,,,,,,,,,,,,,,,,,,,,,,,
2023,5,6,2,0,19.1,14.8,76.19,,,,,,,,,,,,,,,,,,,,,,,,,,,,,,,,,,,,
2023,5,6,3,0,19.1,15,77.22,,,,,,,,,,,,,,,,,,,,,,,,,,,,,,,,,,,,
2023,5,6,4,0,19.1,15.1,77.86,,,,,,,,,,,,,,,,,,,,,,,,,,,,,,,,,,,,
2023,5,6,5,0,19.1,15.3,78.68,,,,,,,,,,,,,,,,,,,,,,,,,,,,,,,,,,,,
2023,5,6,6,0,19,15.5,80.1,,,,,,,,,,,,,,,,,,,,,,,,,,,,,,,,,,,,
2023,5,6,7,0,18.7,15.6,82.32,,,,,,,,,,,,,,,,,,,,,,,,,,,,,,,,,,,,
2023,5,6,8,0,18.4,15.7,84.3,,,,,,,,,,,,,,,,,,,,,,,,,,,,,,,,,,,,
2023,5,6,9,0,18.1,15.8,86.27,,,,,,,,,,,,,,,,,,,,,,,,,,,,,,,,,,,,
2023,5,6,10,0,18.1,15.9,87.09,,,,,,,,,,,,,,,,,,,,,,,,,,,,,,,,,,,,
2023,5,6,11,0,19.4,16.4,82.99,,,,,,,,,,,,,,,,,,,,,,,,,,,,,,,,,,,,
2023,5,6,12,0,21.2,16.2,73.03,,,,,,,,,,,,,,,,,,,,,,,,,,,,,,,,,,,,
2023,5,6,13,0,22.8,15.3,62.59,,,,,,,,,,,,,,,,,,,,,,,,,,,,,,,,,,,,
2023,5,6,14,0,23.6,14.8,57.92,,,,,,,,,,,,,,,,,,,,,,,,,,,,,,,,,,,,
2023,5,6,15,0,24,14.4,55.15,,,,,,,,,,,,,,,,,,,,,,,,,,,,,,,,,,,,
2023,5,6,16,0,24.5,14.2,52.61,,,,,,,,,,,,,,,,,,,,,,,,,,,,,,,,,,,,
2023,5,6,17,0,24.8,14,51.08,,,,,,,,,,,,,,,,,,,,,,,,,,,,,,,,,,,,
2023,5,6,18,0,25,14,50.32,,,,,,,,,,,,,,,,,,,,,,,,,,,,,,,,,,,,
2023,5,6,19,0,24.7,13.9,51.04,,,,,,,,,,,,,,,,,,,,,,,,,,,,,,,,,,,,
2023,5,6,20,0,24.3,14,52.52,,,,,,,,,,,,,,,,,,,,,,,,,,,,,,,,,,,,
2023,5,6,21,0,23.8,14.1,54.66,,,,,,,,,,,,,,,,,,,,,,,,,,,,,,,,,,,,
2023,5,6,22,0,23.2,14.3,57.48,,,,,,,,,,,,,,,,,,,,,,,,,,,,,,,,,,,,
2023,5,6,23,0,22,15.2,65.17,,,,,,,,,,,,,,,,,,,,,,,,,,,,,,,,,,,,
2023,5,7,0,0,20.2,15.9,76.34,,,,,,,,,,,,,,,,,,,,,,,,,,,,,,,,,,,,
2023,5,7,1,0,19.8,16.2,79.59,,,,,,,,,,,,,,,,,,,,,,,,,,,,,,,,,,,,
2023,5,7,2,0,19.5,16.4,82.07,,,,,,,,,,,,,,,,,,,,,,,,,,,,,,,,,,,,
2023,5,7,3,0,19.2,16.5,84.19,,,,,,,,,,,,,,,,,,,,,,,,,,,,,,,,,,,,
2023,5,7,4,0,19,16.7,86.25,,,,,,,,,,,,,,,,,,,,,,,,,,,,,,,,,,,,
2023,5,7,5,0,18.8,16.9,88.57,,,,,,,,,,,,,,,,,,,,,,,,,,,,,,,,,,,,
2023,5,7,6,0,18.7,17.1,90.37,,,,,,,,,,,,,,,,,,,,,,,,,,,,,,,,,,,,
2023,5,7,7,0,18.7,17.3,91.61,,,,,,,,,,,,,,,,,,,,,,,,,,,,,,,,,,,,
2023,5,7,8,0,18.7,17.5,92.8,,,,,,,,,,,,,,,,,,,,,,,,,,,,,,,,,,,,
2023,5,7,9,0,18.9,17.7,92.5,,,,,,,,,,,,,,,,,,,,,,,,,,,,,,,,,,,,
2023,5,7,10,0,19,17.8,92.62,,,,,,,,,,,,,,,,,,,,,,,,,,,,,,,,,,,,
2023,5,7,11,0,20,18.2,89.5,,,,,,,,,,,,,,,,,,,,,,,,,,,,,,,,,,,,
2023,5,7,12,0,21.9,17.6,76.72,,,,,,,,,,,,,,,,,,,,,,,,,,,,,,,,,,,,
2023,5,7,13,0,23.2,16.8,67.37,,,,,,,,,,,,,,,,,,,,,,,,,,,,,,,,,,,,
2023,5,7,14,0,24.2,16.2,61.13,,,,,,,,,,,,,,,,,,,,,,,,,,,,,,,,,,,,
2023,5,7,15,0,25,15.9,56.86,,,,,,,,,,,,,,,,,,,,,,,,,,,,,,,,,,,,
2023,5,7,16,0,25.5,15.8,54.95,,,,,,,,,,,,,,,,,,,,,,,,,,,,,,,,,,,,
2023,5,7,17,0,25.7,15.9,54.79,,,,,,,,,,,,,,,,,,,,,,,,,,,,,,,,,,,,
2023,5,7,18,0,25.4,16.2,56.67,,,,,,,,,,,,,,,,,,,,,,,,,,,,,,,,,,,,
2023,5,7,19,0,25,16.5,59.38,,,,,,,,,,,,,,,,,,,,,,,,,,,,,,,,,,,,
2023,5,7,20,0,24.7,16.9,61.93,,,,,,,,,,,,,,,,,,,,,,,,,,,,,,,,,,,,
2023,5,7,21,0,24.2,17.2,64.8,,,,,,,,,,,,,,,,,,,,,,,,,,,,,,,,,,,,
2023,5,7,22,0,23.7,17.3,67.59,,,,,,,,,,,,,,,,,,,,,,,,,,,,,,,,,,,,
2023,5,7,23,0,22.8,17.7,72.8,,,,,,,,,,,,,,,,,,,,,,,,,,,,,,,,,,,,
2023,5,8,0,0,21.8,18.2,80.15,,,,,,,,,,,,,,,,,,,,,,,,,,,,,,,,,,,,
2023,5,8,1,0,21.4,18.7,84.42,,,,,,,,,,,,,,,,,,,,,,,,,,,,,,,,,,,,
2023,5,8,2,0,21.2,18.9,86.93,,,,,,,,,,,,,,,,,,,,,,,,,,,,,,,,,,,,
2023,5,8,3,0,21,19,88.42,,,,,,,,,,,,,,,,,,,,,,,,,,,,,,,,,,,,
2023,5,8,4,0,20.9,19,88.69,,,,,,,,,,,,,,,,,,,,,,,,,,,,,,,,,,,,
2023,5,8,5,0,20.8,18.9,88.89,,,,,,,,,,,,,,,,,,,,,,,,,,,,,,,,,,,,
2023,5,8,6,0,20.6,18.9,89.9,,,,,,,,,,,,,,,,,,,,,,,,,,,,,,,,,,,,
2023,5,8,7,0,20.5,18.9,90.65,,,,,,,,,,,,,,,,,,,,,,,,,,,,,,,,,,,,
2023,5,8,8,0,20.3,19,92.22,,,,,,,,,,,,,,,,,,,,,,,,,,,,,,,,,,,,
2023,5,8,9,0,20.2,19,92.82,,,,,,,,,,,,,,,,,,,,,,,,,,,,,,,,,,,,
2023,5,8,10,0,20,18.9,93.47,,,,,,,,,,,,,,,,,,,,,,,,,,,,,,,,,,,,
2023,5,8,11,0,20.5,18.8,89.88,,,,,,,,,,,,,,,,,,,,,,,,,,,,,,,,,,,,
2023,5,8,12,0,21.2,18.4,84.3,,,,,,,,,,,,,,,,,,,,,,,,,,,,,,,,,,,,
2023,5,8,13,0,22.6,18.2,76.03,,,,,,,,,,,,,,,,,,,,,,,,,,,,,,,,,,,,
2023,5,8,14,0,24.3,18.4,69.6,,,,,,,,,,,,,,,,,,,,,,,,,,,,,,,,,,,,
2023,5,8,15,0,25.5,18.6,65.75,,,,,,,,,,,,,,,,,,,,,,,,,,,,,,,,,,,,
2023,5,8,16,0,26.6,18.7,61.99,,,,,,,,,,,,,,,,,,,,,,,,,,,,,,,,,,,,
2023,5,8,17,0,27.2,18.7,59.62,,,,,,,,,,,,,,,,,,,,,,,,,,,,,,,,,,,,
2023,5,8,18,0,27.4,18.5,58.46,,,,,,,,,,,,,,,,,,,,,,,,,,,,,,,,,,,,
2023,5,8,19,0,27.3,18.4,58.18,,,,,,,,,,,,,,,,,,,,,,,,,,,,,,,,,,,,
2023,5,8,20,0,26.9,18.3,59.25,,,,,,,,,,,,,,,,,,,,,,,,,,,,,,,,,,,,
2023,5,8,21,0,26.2,18.5,62.52,,,,,,,,,,,,,,,,,,,,,,,,,,,,,,,,,,,,
2023,5,8,22,0,24.8,19.2,71.29,,,,,,,,,,,,,,,,,,,,,,,,,,,,,,,,,,,,
2023,5,8,23,0,23.4,20.1,81.65,,,,,,,,,,,,,,,,,,,,,,,,,,,,,,,,,,,,
2023,5,9,0,0,22.5,20.4,87.93,,,,,,,,,,,,,,,,,,,,,,,,,,,,,,,,,,,,
2023,5,9,1,0,22.2,20.6,90.48,,,,,,,,,,,,,,,,,,,,,,,,,,,,,,,,,,,,
2023,5,9,2,0,21.9,20.8,93.73,,,,,,,,,,,,,,,,,,,,,,,,,,,,,,,,,,,,
2023,5,9,3,0,21.7,21.1,96.13,,,,,,,,,,,,,,,,,,,,,,,,,,,,,,,,,,,,
2023,5,9,4,0,21.7,21.1,96.3,,,,,,,,,,,,,,,,,,,,,,,,,,,,,,,,,,,,
2023,5,9,5,0,21.7,20.9,95.24,,,,,,,,,,,,,,,,,,,,,,,,,,,,,,,,,,,,
2023,5,9,6,0,21.6,20.8,95.02,,,,,,,,,,,,,,,,,,,,,,,,,,,,,,,,,,,,
2023,5,9,7,0,21.4,20.7,95.69,,,,,,,,,,,,,,,,,,,,,,,,,,,,,,,,,,,,
2023,5,9,8,0,21.3,20.6,96.01,,,,,,,,,,,,,,,,,,,,,,,,,,,,,,,,,,,,
2023,5,9,9,0,21.1,20.6,97.06,,,,,,,,,,,,,,,,,,,,,,,,,,,,,,,,,,,,
2023,5,9,10,0,20.9,20.6,98.2,,,,,,,,,,,,,,,,,,,,,,,,,,,,,,,,,,,,
2023,5,9,11,0,21.4,20.7,96.05,,,,,,,,,,,,,,,,,,,,,,,,,,,,,,,,,,,,
2023,5,9,12,0,22.6,21,90.65,,,,,,,,,,,,,,,,,,,,,,,,,,,,,,,,,,,,
2023,5,9,13,0,24.3,21.2,82.74,,,,,,,,,,,,,,,,,,,,,,,,,,,,,,,,,,,,
2023,5,9,14,0,26.1,20.8,72.83,,,,,,,,,,,,,,,,,,,,,,,,,,,,,,,,,,,,
2023,5,9,15,0,27.1,20.6,67.48,,,,,,,,,,,,,,,,,,,,,,,,,,,,,,,,,,,,
2023,5,9,16,0,27.8,20.3,63.9,,,,,,,,,,,,,,,,,,,,,,,,,,,,,,,,,,,,
2023,5,9,17,0,28.2,20.2,62.05,,,,,,,,,,,,,,,,,,,,,,,,,,,,,,,,,,,,
2023,5,9,18,0,28.3,20.3,61.98,,,,,,,,,,,,,,,,,,,,,,,,,,,,,,,,,,,,
2023,5,9,19,0,28.2,20.5,62.95,,,,,,,,,,,,,,,,,,,,,,,,,,,,,,,,,,,,
2023,5,9,20,0,27.9,20.7,64.94,,,,,,,,,,,,,,,,,,,,,,,,,,,,,,,,,,,,
2023,5,9,21,0,27.3,21,68.7,,,,,,,,,,,,,,,,,,,,,,,,,,,,,,,,,,,,
2023,5,9,22,0,26.5,21.7,74.78,,,,,,,,,,,,,,,,,,,,,,,,,,,,,,,,,,,,
2023,5,9,23,0,25.1,22.3,84.44,,,,,,,,,,,,,,,,,,,,,,,,,,,,,,,,,,,,
2023,5,10,0,0,24.1,22.2,89.33,,,,,,,,,,,,,,,,,,,,,,,,,,,,,,,,,,,,
2023,5,10,1,0,23.8,22.2,90.68,,,,,,,,,,,,,,,,,,,,,,,,,,,,,,,,,,,,
2023,5,10,2,0,23.4,22.1,92.46,,,,,,,,,,,,,,,,,,,,,,,,,,,,,,,,,,,,
2023,5,10,3,0,23.1,21.9,93.21,,,,,,,,,,,,,,,,,,,,,,,,,,,,,,,,,,,,
2023,5,10,4,0,22.8,21.7,93.51,,,,,,,,,,,,,,,,,,,,,,,,,,,,,,,,,,,,
2023,5,10,5,0,22.4,21.5,94.54,,,,,,,,,,,,,,,,,,,,,,,,,,,,,,,,,,,,
2023,5,10,6,0,22,21.3,96.05,,,,,,,,,,,,,,,,,,,,,,,,,,,,,,,,,,,,
2023,5,10,7,0,21.7,21.2,97.01,,,,,,,,,,,,,,,,,,,,,,,,,,,,,,,,,,,,
2023,5,10,8,0,21.3,21.1,98.48,,,,,,,,,,,,,,,,,,,,,,,,,,,,,,,,,,,,
2023,5,10,9,0,21,20.9,99.51,,,,,,,,,,,,,,,,,,,,,,,,,,,,,,,,,,,,
2023,5,10,10,0,20.7,20.7,99.89,,,,,,,,,,,,,,,,,,,,,,,,,,,,,,,,,,,,
2023,5,10,11,0,20.8,20.4,97.42,,,,,,,,,,,,,,,,,,,,,,,,,,,,,,,,,,,,
2023,5,10,12,0,21,19.7,92.38,,,,,,,,,,,,,,,,,,,,,,,,,,,,,,,,,,,,
2023,5,10,13,0,22.1,18.8,81.64,,,,,,,,,,,,,,,,,,,,,,,,,,,,,,,,,,,,
2023,5,10,14,0,23.3,18.1,72.55,,,,,,,,,,,,,,,,,,,,,,,,,,,,,,,,,,,,
2023,5,10,15,0,24.4,17.8,66.7,,,,,,,,,,,,,,,,,,,,,,,,,,,,,,,,,,,,
2023,5,10,16,0,25.3,17.9,63.45,,,,,,,,,,,,,,,,,,,,,,,,,,,,,,,,,,,,
2023,5,10,17,0,25.8,17.9,61.78,,,,,,,,,,,,,,,,,,,,,,,,,,,,,,,,,,,,
2023,5,10,18,0,26,17.9,61.02,,,,,,,,,,,,,,,,,,,,,,,,,,,,,,,,,,,,
2023,5,10,19,0,25.9,17.9,61.18,,,,,,,,,,,,,,,,,,,,,,,,,,,,,,,,,,,,
2023,5,10,20,0,25.6,17.8,61.94,,,,,,,,,,,,,,,,,,,,,,,,,,,,,,,,,,,,
2023,5,10,21,0,25.2,17.7,63.18,,,,,,,,,,,,,,,,,,,,,,,,,,,,,,,,,,,,
2023,5,10,22,0,24.4,17.6,66.02,,,,,,,,,,,,,,,,,,,,,,,,,,,,,,,,,,,,
2023,5,10,23,0,23.2,18,72.44,,,,,,,,,,,,,,,,,,,,,,,,,,,,,,,,,,,,
2023,5,11,0,0,21.7,18.5,81.89,,,,,,,,,,,,,,,,,,,,,,,,,,,,,,,,,,,,
2023,5,11,1,0,21.2,18.9,86.49,,,,,,,,,,,,,,,,,,,,,,,,,,,,,,,,,,,,
2023,5,11,2,0,20.8,19.3,90.9,,,,,,,,,,,,,,,,,,,,,,,,,,,,,,,,,,,,
2023,5,11,3,0,20.5,19.6,94.48,,,,,,,,,,,,,,,,,,,,,,,,,,,,,,,,,,,,
2023,5,11,4,0,20.4,19.9,96.97,,,,,,,,,,,,,,,,,,,,,,,,,,,,,,,,,,,,
2023,5,11,5,0,20.4,20.2,98.67,,,,,,,,,,,,,,,,,,,,,,,,,,,,,,,,,,,,
2023,5,11,6,0,20.4,20.4,99.85,,,,,,,,,,,,,,,,,,,,,,,,,,,,,,,,,,,,
2023,5,11,7,0,20.4,20.4,100,,,,,,,,,,,,,,,,,,,,,,,,,,,,,,,,,,,,
2023,5,11,8,0,20.5,20.5,100,,,,,,,,,,,,,,,,,,,,,,,,,,,,,,,,,,,,
2023,5,11,9,0,20.5,20.5,100,,,,,,,,,,,,,,,,,,,,,,,,,,,,,,,,,,,,
2023,5,11,10,0,20.5,20.5,100,,,,,,,,,,,,,,,,,,,,,,,,,,,,,,,,,,,,
2023,5,11,11,0,21.4,20.6,95.43,,,,,,,,,,,,,,,,,,,,,,,,,,,,,,,,,,,,
2023,5,11,12,0,22.6,20.6,88.46,,,,,,,,,,,,,,,,,,,,,,,,,,,,,,,,,,,,
2023,5,11,13,0,23.9,20.1,79.22,,,,,,,,,,,,,,,,,,,,,,,,,,,,,,,,,,,,
2023,5,11,14,0,24.6,19.5,73.29,,,,,,,,,,,,,,,,,,,,,,,,,,,,,,,,,,,,
2023,5,11,15,0,25,19.1,69.99,,,,,,,,,,,,,,,,,,,,,,,,,,,,,,,,,,,,
2023,5,11,16,0,25.3,18.9,67.72,,,,,,,,,,,,,,,,,,,,,,,,,,,,,,,,,,,,
2023,5,11,17,0,25.4,18.7,66.66,,,,,,,,,,,,,,,,,,,,,,,,,,,,,,,,,,,,
2023,5,11,18,0,25.3,18.6,66.61,,,,,,,,,,,,,,,,,,,,,,,,,,,,,,,,,,,,
2023,5,11,19,0,25,18.6,67.53,,,,,,,,,,,,,,,,,,,,,,,,,,,,,,,,,,,,
2023,5,11,20,0,24.5,18.5,69.47,,,,,,,,,,,,,,,,,,,,,,,,,,,,,,,,,,,,
2023,5,11,21,0,24,18.5,71.57,,,,,,,,,,,,,,,,,,,,,,,,,,,,,,,,,,,,
2023,5,11,22,0,23.3,18.6,75.02,,,,,,,,,,,,,,,,,,,,,,,,,,,,,,,,,,,,
2023,5,11,23,0,22.6,18.8,79.36,,,,,,,,,,,,,,,,,,,,,,,,,,,,,,,,,,,,
2023,5,12,0,0,21.9,19.1,84.4,,,,,,,,,,,,,,,,,,,,,,,,,,,,,,,,,,,,
2023,5,12,1,0,21.6,19.4,87.1,,,,,,,,,,,,,,,,,,,,,,,,,,,,,,,,,,,,
2023,5,12,2,0,21.4,19.5,88.79,,,,,,,,,,,,,,,,,,,,,,,,,,,,,,,,,,,,
2023,5,12,3,0,21.2,19.5,90.23,,,,,,,,,,,,,,,,,,,,,,,,,,,,,,,,,,,,
2023,5,12,4,0,21,19.6,91.71,,,,,,,,,,,,,,,,,,,,,,,,,,,,,,,,,,,,
2023,5,12,5,0,20.9,19.7,92.64,,,,,,,,,,,,,,,,,,,,,,,,,,,,,,,,,,,,
2023,5,12,6,0,20.7,19.7,94.22,,,,,,,,,,,,,,,,,,,,,,,,,,,,,,,,,,,,
2023,5,12,7,0,20.5,19.8,95.81,,,,,,,,,,,,,,,,,,,,,,,,,,,,,,,,,,,,
2023,5,12,8,0,20.4,19.9,96.78,,,,,,,,,,,,,,,,,,,,,,,,,,,,,,,,,,,,
2023,5,12,9,0,20.3,19.9,97.8,,,,,,,,,,,,,,,,,,,,,,,,,,,,,,,,,,,,
2023,5,12,10,0,20.3,20,97.92,,,,,,,,,,,,,,,,,,,,,,,,,,,,,,,,,,,,
2023,5,12,11,0,22,20.4,90.91,,,,,,,,,,,,,,,,,,,,,,,,,,,,,,,,,,,,
2023,5,12,12,0,23.4,20.3,82.71,,,,,,,,,,,,,,,,,,,,,,,,,,,,,,,,,,,,
2023,5,12,13,0,24.6,19.8,74.66,,,,,,,,,,,,,,,,,,,,,,,,,,,,,,,,,,,,
2023,5,12,14,0,25.6,19.2,67.91,,,,,,,,,,,,,,,,,,,,,,,,,,,,,,,,,,,,
2023,5,12,15,0,26.3,18.8,63.3,,,,,,,,,,,,,,,,,,,,,,,,,,,,,,,,,,,,
2023,5,12,16,0,26.7,18.5,60.66,,,,,,,,,,,,,,,,,,,,,,,,,,,,,,,,,,,,
2023,5,12,17,0,26.9,18.3,59.36,,,,,,,,,,,,,,,,,,,,,,,,,,,,,,,,,,,,
2023,5,12,18,0,26.9,18.3,59.36,,,,,,,,,,,,,,,,,,,,,,,,,,,,,,,,,,,,
2023,5,12,19,0,26.6,18.4,60.58,,,,,,,,,,,,,,,,,,,,,,,,,,,,,,,,,,,,
2023,5,12,20,0,26,18.4,62.94,,,,,,,,,,,,,,,,,,,,,,,,,,,,,,,,,,,,
2023,5,12,21,0,25.3,18.4,65.7,,,,,,,,,,,,,,,,,,,,,,,,,,,,,,,,,,,,
2023,5,12,22,0,24.7,18.4,68.14,,,,,,,,,,,,,,,,,,,,,,,,,,,,,,,,,,,,
2023,5,12,23,0,23.7,18.6,72.99,,,,,,,,,,,,,,,,,,,,,,,,,,,,,,,,,,,,
2023,5,13,0,0,22.6,19,80.2,,,,,,,,,,,,,,,,,,,,,,,,,,,,,,,,,,,,
2023,5,13,1,0,22.1,19.3,84.24,,,,,,,,,,,,,,,,,,,,,,,,,,,,,,,,,,,,
2023,5,13,2,0,21.7,19.4,86.96,,,,,,,,,,,,,,,,,,,,,,,,,,,,,,,,,,,,
2023,5,13,3,0,21.4,19.4,88.64,,,,,,,,,,,,,,,,,,,,,,,,,,,,,,,,,,,,
2023,5,13,4,0,21.2,19.5,89.82,,,,,,,,,,,,,,,,,,,,,,,,,,,,,,,,,,,,
2023,5,13,5,0,21,19.5,91.37,,,,,,,,,,,,,,,,,,,,,,,,,,,,,,,,,,,,
2023,5,13,6,0,20.8,19.6,92.99,,,,,,,,,,,,,,,,,,,,,,,,,,,,,,,,,,,,
2023,5,13,7,0,20.7,19.7,94.04,,,,,,,,,,,,,,,,,,,,,,,,,,,,,,,,,,,,
2023,5,13,8,0,20.6,19.8,94.98,,,,,,,,,,,,,,,,,,,,,,,,,,,,,,,,,,,,
2023,5,13,9,0,20.5,19.8,95.53,,,,,,,,,,,,,,,,,,,,,,,,,,,,,,,,,,,,
2023,5,13,10,0,20.4,19.7,95.77,,,,,,,,,,,,,,,,,,,,,,,,,,,,,,,,,,,,
2023,5,13,11,0,22,19.9,87.92,,,,,,,,,,,,,,,,,,,,,,,,,,,,,,,,,,,,
2023,5,13,12,0,23.4,19.2,77.1,,,,,,,,,,,,,,,,,,,,,,,,,,,,,,,,,,,,
2023,5,13,13,0,24.4,18.6,70.15,,,,,,,,,,,,,,,,,,,,,,,,,,,,,,,,,,,,
2023,5,13,14,0,25.3,18.2,64.64,,,,,,,,,,,,,,,,,,,,,,,,,,,,,,,,,,,,
2023,5,13,15,0,26,17.9,60.87,,,,,,,,,,,,,,,,,,,,,,,,,,,,,,,,,,,,
2023,5,13,16,0,26.6,17.7,58.11,,,,,,,,,,,,,,,,,,,,,,,,,,,,,,,,,,,,
2023,5,13,17,0,27,17.6,56.33,,,,,,,,,,,,,,,,,,,,,,,,,,,,,,,,,,,,
2023,5,13,18,0,27.1,17.6,55.96,,,,,,,,,,,,,,,,,,,,,,,,,,,,,,,,,,,,
2023,5,13,19,0,27,17.6,56.54,,,,,,,,,,,,,,,,,,,,,,,,,,,,,,,,,,,,
2023,5,13,20,0,26.6,17.7,58.03,,,,,,,,,,,,,,,,,,,,,,,,,,,,,,,,,,,,
2023,5,13,21,0,26.1,17.8,60.18,,,,,,,,,,,,,,,,,,,,,,,,,,,,,,,,,,,,
2023,5,13,22,0,25.4,18,63.63,,,,,,,,,,,,,,,,,,,,,,,,,,,,,,,,,,,,
2023,5,13,23,0,24.4,18.5,69.71,,,,,,,,,,,,,,,,,,,,,,,,,,,,,,,,,,,,
2023,5,14,0,0,23.2,19.4,79.02,,,,,,,,,,,,,,,,,,,,,,,,,,,,,,,,,,,,
2023,5,14,1,0,22.9,20,83.52,,,,,,,,,,,,,,,,,,,,,,,,,,,,,,,,,,,,
2023,5,14,2,0,22.6,20.4,87.51,,,,,,,,,,,,,,,,,,,,,,,,,,,,,,,,,,,,
2023,5,14,3,0,22.3,20.7,90.41,,,,,,,,,,,,,,,,,,,,,,,,,,,,,,,,,,,,
2023,5,14,4,0,22.1,20.8,92.16,,,,,,,,,,,,,,,,,,,,,,,,,,,,,,,,,,,,
2023,5,14,5,0,22,20.9,93.33,,,,,,,,,,,,,,,,,,,,,,,,,,,,,,,,,,,,
2023,5,14,6,0,21.8,21,95.48,,,,,,,,,,,,,,,,,,,,,,,,,,,,,,,,,,,,
2023,5,14,7,0,21.6,21.2,97.85,,,,,,,,,,,,,,,,,,,,,,,,,,,,,,,,,,,,
2023,5,14,8,0,21.5,21.4,99.67,,,,,,,,,,,,,,,,,,,,,,,,,,,,,,,,,,,,
2023,5,14,9,0,21.4,21.4,100,,,,,,,,,,,,,,,,,,,,,,,,,,,,,,,,,,,,
2023,5,14,10,0,21.5,21.5,100,,,,,,,,,,,,,,,,,,,,,,,,,,,,,,,,,,,,
2023,5,14,11,0,22.9,21.9,94.35,,,,,,,,,,,,,,,,,,,,,,,,,,,,,,,,,,,,
2023,5,14,12,0,24,21.9,87.87,,,,,,,,,,,,,,,,,,,,,,,,,,,,,,,,,,,,
2023,5,14,13,0,25.1,21.5,80.64,,,,,,,,,,,,,,,,,,,,,,,,,,,,,,,,,,,,
2023,5,14,14,0,26.3,21.1,73.24,,,,,,,,,,,,,,,,,,,,,,,,,,,,,,,,,,,,
2023,5,14,15,0,27.2,20.9,68.5,,,,,,,,,,,,,,,,,,,,,,,,,,,,,,,,,,,,
2023,5,14,16,0,27.8,20.8,65.56,,,,,,,,,,,,,,,,,,,,,,,,,,,,,,,,,,,,
2023,5,14,17,0,28.1,20.7,64.03,,,,,,,,,,,,,,,,,,,,,,,,,,,,,,,,,,,,
2023,5,14,18,0,27.9,20.6,64.63,,,,,,,,,,,,,,,,,,,,,,,,,,,,,,,,,,,,
2023,5,14,19,0,27.5,20.7,66.63,,,,,,,,,,,,,,,,,,,,,,,,,,,,,,,,,,,,
2023,5,14,20,0,27.2,20.8,68.23,,,,,,,,,,,,,,,,,,,,,,,,,,,,,,,,,,,,
2023,5,14,21,0,26.8,20.9,70.29,,,,,,,,,,,,,,,,,,,,,,,,,,,,,,,,,,,,
2023,5,14,22,0,26.3,21.4,74.36,,,,,,,,,,,,,,,,,,,,,,,,,,,,,,,,,,,,
2023,5,14,23,0,25.3,22.1,82.49,,,,,,,,,,,,,,,,,,,,,,,,,,,,,,,,,,,,
2023,5,15,0,0,24.3,22.4,88.98,,,,,,,,,,,,,,,,,,,,,,,,,,,,,,,,,,,,
2023,5,15,1,0,23.7,22.4,92.33,,,,,,,,,,,,,,,,,,,,,,,,,,,,,,,,,,,,
2023,5,15,2,0,23.2,22.4,95.17,,,,,,,,,,,,,,,,,,,,,,,,,,,,,,,,,,,,
2023,5,15,3,0,23.1,22.3,95.55,,,,,,,,,,,,,,,,,,,,,,,,,,,,,,,,,,,,
2023,5,15,4,0,23.1,22.3,95.38,,,,,,,,,,,,,,,,,,,,,,,,,,,,,,,,,,,,
2023,5,15,5,0,23,22.3,95.88,,,,,,,,,,,,,,,,,,,,,,,,,,,,,,,,,,,,
2023,5,15,6,0,22.6,22.2,97.43,,,,,,,,,,,,,,,,,,,,,,,,,,,,,,,,,,,,
2023,5,15,7,0,22.3,22.1,98.62,,,,,,,,,,,,,,,,,,,,,,,,,,,,,,,,,,,,
2023,5,15,8,0,22.1,22,99.65,,,,,,,,,,,,,,,,,,,,,,,,,,,,,,,,,,,,
2023,5,15,9,0,22,21.9,99.46,,,,,,,,,,,,,,,,,,,,,,,,,,,,,,,,,,,,
2023,5,15,10,0,21.9,21.7,98.8,,,,,,,,,,,,,,,,,,,,,,,,,,,,,,,,,,,,
2023,5,15,11,0,22.1,21.5,96.2,,,,,,,,,,,,,,,,,,,,,,,,,,,,,,,,,,,,
2023,5,15,12,0,22.2,20.8,91.77,,,,,,,,,,,,,,,,,,,,,,,,,,,,,,,,,,,,
2023,5,15,13,0,23.1,19.3,79.04,,,,,,,,,,,,,,,,,,,,,,,,,,,,,,,,,,,,
2023,5,15,14,0,24.5,17.7,65.72,,,,,,,,,,,,,,,,,,,,,,,,,,,,,,,,,,,,
2023,5,15,15,0,25.6,16.6,57.66,,,,,,,,,,,,,,,,,,,,,,,,,,,,,,,,,,,,
2023,5,15,16,0,26.5,16,52.49,,,,,,,,,,,,,,,,,,,,,,,,,,,,,,,,,,,,
2023,5,15,17,0,26.9,15.6,49.94,,,,,,,,,,,,,,,,,,,,,,,,,,,,,,,,,,,,
2023,5,15,18,0,27,15.3,48.78,,,,,,,,,,,,,,,,,,,,,,,,,,,,,,,,,,,,
2023,5,15,19,0,26.8,15.2,49.02,,,,,,,,,,,,,,,,,,,,,,,,,,,,,,,,,,,,
2023,5,15,20,0,26.4,15.2,50.14,,,,,,,,,,,,,,,,,,,,,,,,,,,,,,,,,,,,
2023,5,15,21,0,25.8,15.4,52.52,,,,,,,,,,,,,,,,,,,,,,,,,,,,,,,,,,,,
2023,5,15,22,0,24.9,15.7,56.8,,,,,,,,,,,,,,,,,,,,,,,,,,,,,,,,,,,,
2023,5,15,23,0,23.7,16.4,63.84,,,,,,,,,,,,,,,,,,,,,,,,,,,,,,,,,,,,
2023,5,16,0,0,22.5,17.6,73.93,,,,,,,,,,,,,,,,,,,,,,,,,,,,,,,,,,,,
2023,5,16,1,0,22,18.5,80.5,,,,,,,,,,,,,,,,,,,,,,,,,,,,,,,,,,,,
2023,5,16,2,0,21.6,19.2,86.06,,,,,,,,,,,,,,,,,,,,,,,,,,,,,,,,,,,,
2023,5,16,3,0,21.3,19.5,89.69,,,,,,,,,,,,,,,,,,,,,,,,,,,,,,,,,,,,
2023,5,16,4,0,21.2,19.7,91.12,,,,,,,,,,,,,,,,,,,,,,,,,,,,,,,,,,,,
2023,5,16,5,0,21.1,19.9,92.75,,,,,,,,,,,,,,,,,,,,,,,,,,,,,,,,,,,,
2023,5,16,6,0,21.2,20.1,93.21,,,,,,,,,,,,,,,,,,,,,,,,,,,,,,,,,,,,
2023,5,16,7,0,21.2,20.3,94.53,,,,,,,,,,,,,,,,,,,,,,,,,,,,,,,,,,,,
2023,5,16,8,0,21.2,20.6,96.19,,,,,,,,,,,,,,,,,,,,,,,,,,,,,,,,,,,,
2023,5,16,9,0,21.2,20.9,97.93,,,,,,,,,,,,,,,,,,,,,,,,,,,,,,,,,,,,
2023,5,16,10,0,21.2,21.1,99.21,,,,,,,,,,,,,,,,,,,,,,,,,,,,,,,,,,,,
2023,5,16,11,0,22.9,21.5,91.58,,,,,,,,,,,,,,,,,,,,,,,,,,,,,,,,,,,,
2023,5,16,12,0,24.3,21.2,82.84,,,,,,,,,,,,,,,,,,,,,,,,,,,,,,,,,,,,
2023,5,16,13,0,25.5,20.7,75.02,,,,,,,,,,,,,,,,,,,,,,,,,,,,,,,,,,,,
2023,5,16,14,0,26.6,20,67.19,,,,,,,,,,,,,,,,,,,,,,,,,,,,,,,,,,,,
2023,5,16,15,0,27.5,19.6,62.26,,,,,,,,,,,,,,,,,,,,,,,,,,,,,,,,,,,,
2023,5,16,16,0,28.2,19.6,59.63,,,,,,,,,,,,,,,,,,,,,,,,,,,,,,,,,,,,
2023,5,16,17,0,28.6,19.7,58.65,,,,,,,,,,,,,,,,,,,,,,,,,,,,,,,,,,,,
2023,5,16,18,0,28.7,19.9,59.08,,,,,,,,,,,,,,,,,,,,,,,,,,,,,,,,,,,,
2023,5,16,19,0,28.5,20.2,60.63,,,,,,,,,,,,,,,,,,,,,,,,,,,,,,,,,,,,
2023,5,16,20,0,28.1,20.4,63.09,,,,,,,,,,,,,,,,,,,,,,,,,,,,,,,,,,,,
2023,5,16,21,0,27.2,20.7,67.56,,,,,,,,,,,,,,,,,,,,,,,,,,,,,,,,,,,,
2023,5,16,22,0,26.1,21.1,73.98,,,,,,,,,,,,,,,,,,,,,,,,,,,,,,,,,,,,
2023,5,16,23,0,25.1,21.7,81.43,,,,,,,,,,,,,,,,,,,,,,,,,,,,,,,,,,,,
2023,5,17,0,0,24.2,22.2,88.69,,,,,,,,,,,,,,,,,,,,,,,,,,,,,,,,,,,,
2023,5,17,1,0,23.8,22.6,92.92,,,,,,,,,,,,,,,,,,,,,,,,,,,,,,,,,,,,
2023,5,17,2,0,23.7,22.8,94.81,,,,,,,,,,,,,,,,,,,,,,,,,,,,,,,,,,,,
2023,5,17,3,0,23.7,22.9,95.04,,,,,,,,,,,,,,,,,,,,,,,,,,,,,,,,,,,,
2023,5,17,4,0,23.7,22.8,94.63,,,,,,,,,,,,,,,,,,,,,,,,,,,,,,,,,,,,
2023,5,17,5,0,23.6,22.8,95.15,,,,,,,,,,,,,,,,,,,,,,,,,,,,,,,,,,,,
2023,5,17,6,0,23.5,22.8,96.1,,,,,,,,,,,,,,,,,,,,,,,,,,,,,,,,,,,,
2023,5,17,7,0,23.4,23,97.34,,,,,,,,,,,,,,,,,,,,,,,,,,,,,,,,,,,,
2023,5,17,8,0,23.3,23,98.39,,,,,,,,,,,,,,,,,,,,,,,,,,,,,,,,,,,,
2023,5,17,9,0,23.2,23,98.81,,,,,,,,,,,,,,,,,,,,,,,,,,,,,,,,,,,,
2023,5,17,10,0,23,22.9,99.2,,,,,,,,,,,,,,,,,,,,,,,,,,,,,,,,,,,,
2023,5,17,11,0,23.3,22.8,96.81,,,,,,,,,,,,,,,,,,,,,,,,,,,,,,,,,,,,
2023,5,17,12,0,23.8,22.3,91.37,,,,,,,,,,,,,,,,,,,,,,,,,,,,,,,,,,,,
2023,5,17,13,0,25,21.4,80.21,,,,,,,,,,,,,,,,,,,,,,,,,,,,,,,,,,,,
2023,5,17,14,0,26.4,20.5,70.04,,,,,,,,,,,,,,,,,,,,,,,,,,,,,,,,,,,,
2023,5,17,15,0,27.7,20.2,63.71,,,,,,,,,,,,,,,,,,,,,,,,,,,,,,,,,,,,
2023,5,17,16,0,28.5,20.2,60.91,,,,,,,,,,,,,,,,,,,,,,,,,,,,,,,,,,,,
2023,5,17,17,0,28.9,20.2,59.33,,,,,,,,,,,,,,,,,,,,,,,,,,,,,,,,,,,,
2023,5,17,18,0,29.1,20.2,58.57,,,,,,,,,,,,,,,,,,,,,,,,,,,,,,,,,,,,
2023,5,17,19,0,28.9,20.3,59.61,,,,,,,,,,,,,,,,,,,,,,,,,,,,,,,,,,,,
2023,5,17,20,0,28.7,20.5,61.11,,,,,,,,,,,,,,,,,,,,,,,,,,,,,,,,,,,,
2023,5,17,21,0,28,20.7,64.52,,,,,,,,,,,,,,,,,,,,,,,,,,,,,,,,,,,,
2023,5,17,22,0,26.9,21.1,70.66,,,,,,,,,,,,,,,,,,,,,,,,,,,,,,,,,,,,
2023,5,17,23,0,25.5,21.7,79.73,,,,,,,,,,,,,,,,,,,,,,,,,,,,,,,,,,,,
2023,5,18,0,0,24.1,22.1,88.6,,,,,,,,,,,,,,,,,,,,,,,,,,,,,,,,,,,,
2023,5,18,1,0,23.4,22,91.92,,,,,,,,,,,,,,,,,,,,,,,,,,,,,,,,,,,,
2023,5,18,2,0,22.8,21.9,94.85,,,,,,,,,,,,,,,,,,,,,,,,,,,,,,,,,,,,
2023,5,18,3,0,22.5,22,96.71,,,,,,,,,,,,,,,,,,,,,,,,,,,,,,,,,,,,
2023,5,18,4,0,22.5,22,96.77,,,,,,,,,,,,,,,,,,,,,,,,,,,,,,,,,,,,
2023,5,18,5,0,22.5,22,97.14,,,,,,,,,,,,,,,,,,,,,,,,,,,,,,,,,,,,
2023,5,18,6,0,22.5,22.1,97.55,,,,,,,,,,,,,,,,,,,,,,,,,,,,,,,,,,,,
2023,5,18,7,0,22.5,22.1,97.42,,,,,,,,,,,,,,,,,,,,,,,,,,,,,,,,,,,,
2023,5,18,8,0,22.4,22,97.5,,,,,,,,,,,,,,,,,,,,,,,,,,,,,,,,,,,,
2023,5,18,9,0,22.3,21.8,96.97,,,,,,,,,,,,,,,,,,,,,,,,,,,,,,,,,,,,
2023,5,18,10,0,22.2,21.6,96.27,,,,,,,,,,,,,,,,,,,,,,,,,,,,,,,,,,,,
2023,5,18,11,0,22.2,21.5,95.67,,,,,,,,,,,,,,,,,,,,,,,,,,,,,,,,,,,,
2023,5,18,12,0,22.5,21.6,94.38,,,,,,,,,,,,,,,,,,,,,,,,,,,,,,,,,,,,
2023,5,18,13,0,23,21.8,92.76,,,,,,,,,,,,,,,,,,,,,,,,,,,,,,,,,,,,
2023,5,18,14,0,23.5,21.9,90.75,,,,,,,,,,,,,,,,,,,,,,,,,,,,,,,,,,,,
2023,5,18,15,0,23.9,22,89.14,,,,,,,,,,,,,,,,,,,,,,,,,,,,,,,,,,,,
2023,5,18,16,0,23.9,22.1,89.44,,,,,,,,,,,,,,,,,,,,,,,,,,,,,,,,,,,,
2023,5,18,17,0,24,22.1,89.29,,,,,,,,,,,,,,,,,,,,,,,,,,,,,,,,,,,,
2023,5,18,18,0,23.9,22.1,89.59,,,,,,,,,,,,,,,,,,,,,,,,,,,,,,,,,,,,
2023,5,18,19,0,23.7,21.9,89.73,,,,,,,,,,,,,,,,,,,,,,,,,,,,,,,,,,,,
2023,5,18,20,0,23.3,21.7,90.74,,,,,,,,,,,,,,,,,,,,,,,,,,,,,,,,,,,,
2023,5,18,21,0,23,21.5,91.28,,,,,,,,,,,,,,,,,,,,,,,,,,,,,,,,,,,,
2023,5,18,22,0,22.6,21.3,92.5,,,,,,,,,,,,,,,,,,,,,,,,,,,,,,,,,,,,
2023,5,18,23,0,22.2,21.2,93.79,,,,,,,,,,,,,,,,,,,,,,,,,,,,,,,,,,,,
2023,5,19,0,0,21.8,21,95.12,,,,,,,,,,,,,,,,,,,,,,,,,,,,,,,,,,,,
2023,5,19,1,0,21.6,20.9,95.84,,,,,,,,,,,,,,,,,,,,,,,,,,,,,,,,,,,,
2023,5,19,2,0,21.5,20.8,96.06,,,,,,,,,,,,,,,,,,,,,,,,,,,,,,,,,,,,
2023,5,19,3,0,21.5,20.9,96.13,,,,,,,,,,,,,,,,,,,,,,,,,,,,,,,,,,,,
2023,5,19,4,0,21.5,20.9,96.45,,,,,,,,,,,,,,,,,,,,,,,,,,,,,,,,,,,,
2023,5,19,5,0,21.5,20.9,96.67,,,,,,,,,,,,,,,,,,,,,,,,,,,,,,,,,,,,
2023,5,19,6,0,21.4,20.9,97.09,,,,,,,,,,,,,,,,,,,,,,,,,,,,,,,,,,,,
2023,5,19,7,0,21.4,20.9,97.15,,,,,,,,,,,,,,,,,,,,,,,,,,,,,,,,,,,,
2023,5,19,8,0,21.4,21,97.41,,,,,,,,,,,,,,,,,,,,,,,,,,,,,,,,,,,,
2023,5,19,9,0,21.2,20.8,97.73,,,,,,,,,,,,,,,,,,,,,,,,,,,,,,,,,,,,
2023,5,19,10,0,21,20.6,97.68,,,,,,,,,,,,,,,,,,,,,,,,,,,,,,,,,,,,
2023,5,19,11,0,20.9,20.4,96.98,,,,,,,,,,,,,,,,,,,,,,,,,,,,,,,,,,,,
2023,5,19,12,0,21.5,20.4,93.2,,,,,,,,,,,,,,,,,,,,,,,,,,,,,,,,,,,,
2023,5,19,13,0,22.9,20.5,86.27,,,,,,,,,,,,,,,,,,,,,,,,,,,,,,,,,,,,
2023,5,19,14,0,24.6,20.4,77.5,,,,,,,,,,,,,,,,,,,,,,,,,,,,,,,,,,,,
2023,5,19,15,0,25.8,20.2,71.31,,,,,,,,,,,,,,,,,,,,,,,,,,,,,,,,,,,,
2023,5,19,16,0,26.5,20.1,67.9,,,,,,,,,,,,,,,,,,,,,,,,,,,,,,,,,,,,
2023,5,19,17,0,27,20,65.5,,,,,,,,,,,,,,,,,,,,,,,,,,,,,,,,,,,,
2023,5,19,18,0,27.2,19.9,64.32,,,,,,,,,,,,,,,,,,,,,,,,,,,,,,,,,,,,
2023,5,19,19,0,27.2,19.8,64.18,,,,,,,,,,,,,,,,,,,,,,,,,,,,,,,,,,,,
2023,5,19,20,0,26.6,20,66.94,,,,,,,,,,,,,,,,,,,,,,,,,,,,,,,,,,,,
2023,5,19,21,0,26.1,20.2,69.78,,,,,,,,,,,,,,,,,,,,,,,,,,,,,,,,,,,,
2023,5,19,22,0,25.4,20.3,73.55,,,,,,,,,,,,,,,,,,,,,,,,,,,,,,,,,,,,
2023,5,19,23,0,24.5,20.6,78.79,,,,,,,,,,,,,,,,,,,,,,,,,,,,,,,,,,,,
2023,5,20,0,0,23.5,20.9,85.21,,,,,,,,,,,,,,,,,,,,,,,,,,,,,,,,,,,,
2023,5,20,1,0,22.9,20.9,88.55,,,,,,,,,,,,,,,,,,,,,,,,,,,,,,,,,,,,
2023,5,20,2,0,22.5,21,91.05,,,,,,,,,,,,,,,,,,,,,,,,,,,,,,,,,,,,
2023,5,20,3,0,22.1,21,93.24,,,,,,,,,,,,,,,,,,,,,,,,,,,,,,,,,,,,
2023,5,20,4,0,21.8,20.9,94.45,,,,,,,,,,,,,,,,,,,,,,,,,,,,,,,,,,,,
2023,5,20,5,0,21.5,20.8,95.51,,,,,,,,,,,,,,,,,,,,,,,,,,,,,,,,,,,,
2023,5,20,6,0,21.2,20.6,96.33,,,,,,,,,,,,,,,,,,,,,,,,,,,,,,,,,,,,
2023,5,20,7,0,21,20.4,96.34,,,,,,,,,,,,,,,,,,,,,,,,,,,,,,,,,,,,
2023,5,20,8,0,20.7,20.1,96.56,,,,,,,,,,,,,,,,,,,,,,,,,,,,,,,,,,,,
2023,5,20,9,0,20.3,19.8,97.2,,,,,,,,,,,,,,,,,,,,,,,,,,,,,,,,,,,,
2023,5,20,10,0,20.1,19.5,96.36,,,,,,,,,,,,,,,,,,,,,,,,,,,,,,,,,,,,
2023,5,20,11,0,20.7,19.1,90.57,,,,,,,,,,,,,,,,,,,,,,,,,,,,,,,,,,,,
2023,5,20,12,0,21.6,18.8,83.92,,,,,,,,,,,,,,,,,,,,,,,,,,,,,,,,,,,,
2023,5,20,13,0,22.6,18.7,78.6,,,,,,,,,,,,,,,,,,,,,,,,,,,,,,,,,,,,
2023,5,20,14,0,23.8,18.7,72.95,,,,,,,,,,,,,,,,,,,,,,,,,,,,,,,,,,,,
2023,5,20,15,0,24.9,18.8,69.02,,,,,,,,,,,,,,,,,,,,,,,,,,,,,,,,,,,,
2023,5,20,16,0,25.7,19,66.36,,,,,,,,,,,,,,,,,,,,,,,,,,,,,,,,,,,,
2023,5,20,17,0,26.3,19,64.2,,,,,,,,,,,,,,,,,,,,,,,,,,,,,,,,,,,,
2023,5,20,18,0,26.8,19,62.39,,,,,,,,,,,,,,,,,,,,,,,,,,,,,,,,,,,,
2023,5,20,19,0,27,19.1,61.99,,,,,,,,,,,,,,,,,,,,,,,,,,,,,,,,,,,,
2023,5,20,20,0,27,19.1,62.15,,,,,,,,,,,,,,,,,,,,,,,,,,,,,,,,,,,,
2023,5,20,21,0,26.6,19.2,64.02,,,,,,,,,,,,,,,,,,,,,,,,,,,,,,,,,,,,
2023,5,20,22,0,25.9,19.5,67.69,,,,,,,,,,,,,,,,,,,,,,,,,,,,,,,,,,,,
2023,5,20,23,0,24.7,20.1,75.81,,,,,,,,,,,,,,,,,,,,,,,,,,,,,,,,,,,,
2023,5,21,0,0,23.3,20.6,84.67,,,,,,,,,,,,,,,,,,,,,,,,,,,,,,,,,,,,
2023,5,21,1,0,22.6,20.5,88.14,,,,,,,,,,,,,,,,,,,,,,,,,,,,,,,,,,,,
2023,5,21,2,0,22,20.6,91.97,,,,,,,,,,,,,,,,,,,,,,,,,,,,,,,,,,,,
2023,5,21,3,0,21.7,20.7,93.78,,,,,,,,,,,,,,,,,,,,,,,,,,,,,,,,,,,,
2023,5,21,4,0,21.3,20.5,95.43,,,,,,,,,,,,,,,,,,,,,,,,,,,,,,,,,,,,
2023,5,21,5,0,21.1,20.4,96.03,,,,,,,,,,,,,,,,,,,,,,,,,,,,,,,,,,,,
2023,5,21,6,0,21.1,20.4,95.77,,,,,,,,,,,,,,,,,,,,,,,,,,,,,,,,,,,,
2023,5,21,7,0,21.1,20.4,95.75,,,,,,,,,,,,,,,,,,,,,,,,,,,,,,,,,,,,
2023,5,21,8,0,21.2,20.4,95.15,,,,,,,,,,,,,,,,,,,,,,,,,,,,,,,,,,,,
2023,5,21,9,0,21.3,20.4,94.49,,,,,,,,,,,,,,,,,,,,,,,,,,,,,,,,,,,,
2023,5,21,10,0,21.5,20.5,93.79,,,,,,,,,,,,,,,,,,,,,,,,,,,,,,,,,,,,
2023,5,21,11,0,22.5,21,91.32,,,,,,,,,,,,,,,,,,,,,,,,,,,,,,,,,,,,
2023,5,21,12,0,23.7,20.8,83.75,,,,,,,,,,,,,,,,,,,,,,,,,,,,,,,,,,,,
2023,5,21,13,0,24.2,19.9,76.82,,,,,,,,,,,,,,,,,,,,,,,,,,,,,,,,,,,,
2023,5,21,14,0,25,19.9,73.32,,,,,,,,,,,,,,,,,,,,,,,,,,,,,,,,,,,,
2023,5,21,15,0,25.6,20,71.01,,,,,,,,,,,,,,,,,,,,,,,,,,,,,,,,,,,,
2023,5,21,16,0,26,20,69.43,,,,,,,,,,,,,,,,,,,,,,,,,,,,,,,,,,,,
2023,5,21,17,0,26,20.1,69.91,,,,,,,,,,,,,,,,,,,,,,,,,,,,,,,,,,,,
2023,5,21,18,0,26.1,20.2,70.13,,,,,,,,,,,,,,,,,,,,,,,,,,,,,,,,,,,,
2023,5,21,19,0,26.2,20.3,70.09,,,,,,,,,,,,,,,,,,,,,,,,,,,,,,,,,,,,
2023,5,21,20,0,26.2,20.4,70.3,,,,,,,,,,,,,,,,,,,,,,,,,,,,,,,,,,,,
2023,5,21,21,0,26,20.4,71.17,,,,,,,,,,,,,,,,,,,,,,,,,,,,,,,,,,,,
2023,5,21,22,0,25.4,20.5,74.17,,,,,,,,,,,,,,,,,,,,,,,,,,,,,,,,,,,,
2023,5,21,23,0,24.5,20.9,80.42,,,,,,,,,,,,,,,,,,,,,,,,,,,,,,,,,,,,
2023,5,22,0,0,23.2,21.2,88.74,,,,,,,,,,,,,,,,,,,,,,,,,,,,,,,,,,,,
2023,5,22,1,0,22.7,21.4,92.14,,,,,,,,,,,,,,,,,,,,,,,,,,,,,,,,,,,,
2023,5,22,2,0,22.3,21.4,94.63,,,,,,,,,,,,,,,,,,,,,,,,,,,,,,,,,,,,
2023,5,22,3,0,22,21.3,96,,,,,,,,,,,,,,,,,,,,,,,,,,,,,,,,,,,,
2023,5,22,4,0,21.8,21.2,96.6,,,,,,,,,,,,,,,,,,,,,,,,,,,,,,,,,,,,
2023,5,22,5,0,21.7,21.1,96.34,,,,,,,,,,,,,,,,,,,,,,,,,,,,,,,,,,,,
2023,5,22,6,0,21.5,20.9,96.65,,,,,,,,,,,,,,,,,,,,,,,,,,,,,,,,,,,,
2023,5,22,7,0,21.3,20.8,96.85,,,,,,,,,,,,,,,,,,,,,,,,,,,,,,,,,,,,
2023,5,22,8,0,21.2,20.6,96.28,,,,,,,,,,,,,,,,,,,,,,,,,,,,,,,,,,,,
2023,5,22,9,0,21,20.3,95.8,,,,,,,,,,,,,,,,,,,,,,,,,,,,,,,,,,,,
2023,5,22,10,0,20.8,20,95.15,,,,,,,,,,,,,,,,,,,,,,,,,,,,,,,,,,,,
2023,5,22,11,0,20.9,19.8,93.45,,,,,,,,,,,,,,,,,,,,,,,,,,,,,,,,,,,,
2023,5,22,12,0,21.4,19.4,88.59,,,,,,,,,,,,,,,,,,,,,,,,,,,,,,,,,,,,
2023,5,22,13,0,22.4,18.6,79.06,,,,,,,,,,,,,,,,,,,,,,,,,,,,,,,,,,,,
2023,5,22,14,0,23.4,18,71.53,,,,,,,,,,,,,,,,,,,,,,,,,,,,,,,,,,,,
2023,5,22,15,0,24.1,17.8,67.72,,,,,,,,,,,,,,,,,,,,,,,,,,,,,,,,,,,,
2023,5,22,16,0,24.6,17.6,65.19,,,,,,,,,,,,,,,,,,,,,,,,,,,,,,,,,,,,
2023,5,22,17,0,25.2,17.4,62.03,,,,,,,,,,,,,,,,,,,,,,,,,,,,,,,,,,,,
2023,5,22,18,0,25.8,17.1,58.69,,,,,,,,,,,,,,,,,,,,,,,,,,,,,,,,,,,,
2023,5,22,19,0,26.2,16.8,56.12,,,,,,,,,,,,,,,,,,,,,,,,,,,,,,,,,,,,
2023,5,22,20,0,25.9,16.6,56.46,,,,,,,,,,,,,,,,,,,,,,,,,,,,,,,,,,,,
2023,5,22,21,0,25.1,16.7,59.55,,,,,,,,,,,,,,,,,,,,,,,,,,,,,,,,,,,,
2023,5,22,22,0,24.1,17.2,65.29,,,,,,,,,,,,,,,,,,,,,,,,,,,,,,,,,,,,
2023,5,22,23,0,23.2,17.8,71.63,,,,,,,,,,,,,,,,,,,,,,,,,,,,,,,,,,,,
2023,5,23,0,0,22.5,18.2,76.59,,,,,,,,,,,,,,,,,,,,,,,,,,,,,,,,,,,,
2023,5,23,1,0,22.1,18.4,79.73,,,,,,,,,,,,,,,,,,,,,,,,,,,,,,,,,,,,
2023,5,23,2,0,21.8,18.6,82.19,,,,,,,,,,,,,,,,,,,,,,,,,,,,,,,,,,,,
2023,5,23,3,0,21.6,18.7,83.48,,,,,,,,,,,,,,,,,,,,,,,,,,,,,,,,,,,,
2023,5,23,4,0,21.4,18.7,84.72,,,,,,,,,,,,,,,,,,,,,,,,,,,,,,,,,,,,
2023,5,23,5,0,21.1,18.7,86.3,,,,,,,,,,,,,,,,,,,,,,,,,,,,,,,,,,,,
2023,5,23,6,0,20.8,18.7,87.53,,,,,,,,,,,,,,,,,,,,,,,,,,,,,,,,,,,,
2023,5,23,7,0,20.6,18.6,88.08,,,,,,,,,,,,,,,,,,,,,,,,,,,,,,,,,,,,
2023,5,23,8,0,20.3,18.5,89.23,,,,,,,,,,,,,,,,,,,,,,,,,,,,,,,,,,,,
2023,5,23,9,0,20,18.4,90.32,,,,,,,,,,,,,,,,,,,,,,,,,,,,,,,,,,,,
2023,5,23,10,0,19.7,18.3,91.54,,,,,,,,,,,,,,,,,,,,,,,,,,,,,,,,,,,,
2023,5,23,11,0,19.8,18.2,90.61,,,,,,,,,,,,,,,,,,,,,,,,,,,,,,,,,,,,
2023,5,23,12,0,20.5,18.2,86.89,,,,,,,,,,,,,,,,,,,,,,,,,,,,,,,,,,,,
2023,5,23,13,0,21.7,18.5,81.94,,,,,,,,,,,,,,,,,,,,,,,,,,,,,,,,,,,,
2023,5,23,14,0,23.2,18.7,75.66,,,,,,,,,,,,,,,,,,,,,,,,,,,,,,,,,,,,
2023,5,23,15,0,24.5,18.7,70.21,,,,,,,,,,,,,,,,,,,,,,,,,,,,,,,,,,,,
2023,5,23,16,0,25.3,18.6,66.35,,,,,,,,,,,,,,,,,,,,,,,,,,,,,,,,,,,,
2023,5,23,17,0,25.7,18.4,63.89,,,,,,,,,,,,,,,,,,,,,,,,,,,,,,,,,,,,
2023,5,23,18,0,25.9,18.1,62.19,,,,,,,,,,,,,,,,,,,,,,,,,,,,,,,,,,,,
2023,5,23,19,0,26,18,61.2,,,,,,,,,,,,,,,,,,,,,,,,,,,,,,,,,,,,
2023,5,23,20,0,25.8,18,61.96,,,,,,,,,,,,,,,,,,,,,,,,,,,,,,,,,,,,
2023,5,23,21,0,25.1,18.1,65.25,,,,,,,,,,,,,,,,,,,,,,,,,,,,,,,,,,,,
2023,5,23,22,0,24.2,18.4,70.27,,,,,,,,,,,,,,,,,,,,,,,,,,,,,,,,,,,,
2023,5,23,23,0,23.4,18.8,75.4,,,,,,,,,,,,,,,,,,,,,,,,,,,,,,,,,,,,
2023,5,24,0,0,22.7,19.1,80.11,,,,,,,,,,,,,,,,,,,,,,,,,,,,,,,,,,,,
2023,5,24,1,0,22.2,19.3,83.55,,,,,,,,,,,,,,,,,,,,,,,,,,,,,,,,,,,,
2023,5,24,2,0,21.8,19.3,85.84,,,,,,,,,,,,,,,,,,,,,,,,,,,,,,,,,,,,
2023,5,24,3,0,21.5,19.3,87.15,,,,,,,,,,,,,,,,,,,,,,,,,,,,,,,,,,,,
2023,5,24,4,0,21.4,19.2,87.53,,,,,,,,,,,,,,,,,,,,,,,,,,,,,,,,,,,,
2023,5,24,5,0,21.2,19.2,88.34,,,,,,,,,,,,,,,,,,,,,,,,,,,,,,,,,,,,
2023,5,24,6,0,20.9,19,89.09,,,,,,,,,,,,,,,,,,,,,,,,,,,,,,,,,,,,
2023,5,24,7,0,20.6,18.6,88.41,,,,,,,,,,,,,,,,,,,,,,,,,,,,,,,,,,,,
2023,5,24,8,0,20.1,17.9,87.32,,,,,,,,,,,,,,,,,,,,,,,,,,,,,,,,,,,,
2023,5,24,9,0,19.5,17.2,86.77,,,,,,,,,,,,,,,,,,,,,,,,,,,,,,,,,,,,
2023,5,24,10,0,18.7,16.6,87.86,,,,,,,,,,,,,,,,,,,,,,,,,,,,,,,,,,,,
2023,5,24,11,0,18.5,16,85.41,,,,,,,,,,,,,,,,,,,,,,,,,,,,,,,,,,,,
2023,5,24,12,0,19.1,15.4,79.22,,,,,,,,,,,,,,,,,,,,,,,,,,,,,,,,,,,,
2023,5,24,13,0,19.9,14.9,72.94,,,,,,,,,,,,,,,,,,,,,,,,,,,,,,,,,,,,
2023,5,24,14,0,20.8,14.4,66.89,,,,,,,,,,,,,,,,,,,,,,,,,,,,,,,,,,,,
2023,5,24,15,0,21.7,14.1,61.95,,,,,,,,,,,,,,,,,,,,,,,,,,,,,,,,,,,,
2023,5,24,16,0,22.6,13.9,57.78,,,,,,,,,,,,,,,,,,,,,,,,,,,,,,,,,,,,
2023,5,24,17,0,23.5,13.6,53.79,,,,,,,,,,,,,,,,,,,,,,,,,,,,,,,,,,,,
2023,5,24,18,0,24.3,13.3,50.14,,,,,,,,,,,,,,,,,,,,,,,,,,,,,,,,,,,,
2023,5,24,19,0,24.9,12.9,47.13,,,,,,,,,,,,,,,,,,,,,,,,,,,,,,,,,,,,
2023,5,24,20,0,25.3,12.6,45.35,,,,,,,,,,,,,,,,,,,,,,,,,,,,,,,,,,,,
2023,5,24,21,0,25.4,12.4,44.51,,,,,,,,,,,,,,,,,,,,,,,,,,,,,,,,,,,,
2023,5,24,22,0,25,12.5,45.9,,,,,,,,,,,,,,,,,,,,,,,,,,,,,,,,,,,,
2023,5,24,23,0,23.6,14.6,57.07,,,,,,,,,,,,,,,,,,,,,,,,,,,,,,,,,,,,
2023,5,25,0,0,21.7,15.3,67.11,,,,,,,,,,,,,,,,,,,,,,,,,,,,,,,,,,,,
2023,5,25,1,0,20.9,16.1,74.14,,,,,,,,,,,,,,,,,,,,,,,,,,,,,,,,,,,,
2023,5,25,2,0,20.5,16.9,79.97,,,,,,,,,,,,,,,,,,,,,,,,,,,,,,,,,,,,
2023,5,25,3,0,20.2,17.5,84.22,,,,,,,,,,,,,,,,,,,,,,,,,,,,,,,,,,,,
2023,5,25,4,0,20.1,17.9,86.98,,,,,,,,,,,,,,,,,,,,,,,,,,,,,,,,,,,,
2023,5,25,5,0,20,18.2,89.2,,,,,,,,,,,,,,,,,,,,,,,,,,,,,,,,,,,,
2023,5,25,6,0,19.9,18.4,90.82,,,,,,,,,,,,,,,,,,,,,,,,,,,,,,,,,,,,
2023,5,25,7,0,19.8,18.3,91.34,,,,,,,,,,,,,,,,,,,,,,,,,,,,,,,,,,,,
2023,5,25,8,0,19.5,18.1,91.85,,,,,,,,,,,,,,,,,,,,,,,,,,,,,,,,,,,,
2023,5,25,9,0,19.2,17.7,91.12,,,,,,,,,,,,,,,,,,,,,,,,,,,,,,,,,,,,
2023,5,25,10,0,19,17.1,88.99,,,,,,,,,,,,,,,,,,,,,,,,,,,,,,,,,,,,
2023,5,25,11,0,19.6,16.6,82.59,,,,,,,,,,,,,,,,,,,,,,,,,,,,,,,,,,,,
2023,5,25,12,0,20.8,15.9,73.61,,,,,,,,,,,,,,,,,,,,,,,,,,,,,,,,,,,,
2023,5,25,13,0,22.2,15.3,64.89,,,,,,,,,,,,,,,,,,,,,,,,,,,,,,,,,,,,
2023,5,25,14,0,23.6,15.3,59.82,,,,,,,,,,,,,,,,,,,,,,,,,,,,,,,,,,,,
2023,5,25,15,0,24.7,16.2,59.14,,,,,,,,,,,,,,,,,,,,,,,,,,,,,,,,,,,,
2023,5,25,16,0,25.2,17.1,60.83,,,,,,,,,,,,,,,,,,,,,,,,,,,,,,,,,,,,
2023,5,25,17,0,25.3,17.8,63.21,,,,,,,,,,,,,,,,,,,,,,,,,,,,,,,,,,,,
2023,5,25,18,0,25.1,18.2,65.71,,,,,,,,,,,,,,,,,,,,,,,,,,,,,,,,,,,,
2023,5,25,19,0,24.6,18.4,68.36,,,,,,,,,,,,,,,,,,,,,,,,,,,,,,,,,,,,
2023,5,25,20,0,23.6,18.4,72.49,,,,,,,,,,,,,,,,,,,,,,,,,,,,,,,,,,,,
2023,5,25,21,0,22.5,18.3,77.1,,,,,,,,,,,,,,,,,,,,,,,,,,,,,,,,,,,,
2023,5,25,22,0,21.4,18.3,82.46,,,,,,,,,,,,,,,,,,,,,,,,,,,,,,,,,,,,
2023,5,25,23,0,20.7,18.4,86.54,,,,,,,,,,,,,,,,,,,,,,,,,,,,,,,,,,,,
2023,5,26,0,0,20.3,18.5,89.38,,,,,,,,,,,,,,,,,,,,,,,,,,,,,,,,,,,,
2023,5,26,1,0,20.2,18.7,90.83,,,,,,,,,,,,,,,,,,,,,,,,,,,,,,,,,,,,
2023,5,26,2,0,20.2,18.8,91.81,,,,,,,,,,,,,,,,,,,,,,,,,,,,,,,,,,,,
2023,5,26,3,0,20.2,18.8,91.72,,,,,,,,,,,,,,,,,,,,,,,,,,,,,,,,,,,,
2023,5,26,4,0,20,18.5,90.98,,,,,,,,,,,,,,,,,,,,,,,,,,,,,,,,,,,,
2023,5,26,5,0,19.6,17.9,89.74,,,,,,,,,,,,,,,,,,,,,,,,,,,,,,,,,,,,
2023,5,26,6,0,19.1,17.2,88.73,,,,,,,,,,,,,,,,,,,,,,,,,,,,,,,,,,,,
2023,5,26,7,0,18.7,16.6,87.82,,,,,,,,,,,,,,,,,,,,,,,,,,,,,,,,,,,,
2023,5,26,8,0,18.2,16.2,88.18,,,,,,,,,,,,,,,,,,,,,,,,,,,,,,,,,,,,
2023,5,26,9,0,17.8,15.7,87.61,,,,,,,,,,,,,,,,,,,,,,,,,,,,,,,,,,,,
2023,5,26,10,0,17.4,15.2,87.06,,,,,,,,,,,,,,,,,,,,,,,,,,,,,,,,,,,,
2023,5,26,11,0,17.4,14.8,84.81,,,,,,,,,,,,,,,,,,,,,,,,,,,,,,,,,,,,
2023,5,26,12,0,17.8,14.6,81.47,,,,,,,,,,,,,,,,,,,,,,,,,,,,,,,,,,,,
2023,5,26,13,0,18.5,14.7,78.35,,,,,,,,,,,,,,,,,,,,,,,,,,,,,,,,,,,,
2023,5,26,14,0,19.5,15,75.27,,,,,,,,,,,,,,,,,,,,,,,,,,,,,,,,,,,,
2023,5,26,15,0,20.1,15.5,74.63,,,,,,,,,,,,,,,,,,,,,,,,,,,,,,,,,,,,
2023,5,26,16,0,20.6,15.8,74.2,,,,,,,,,,,,,,,,,,,,,,,,,,,,,,,,,,,,
2023,5,26,17,0,20.9,16.1,73.93,,,,,,,,,,,,,,,,,,,,,,,,,,,,,,,,,,,,
2023,5,26,18,0,21.1,16.1,73.25,,,,,,,,,,,,,,,,,,,,,,,,,,,,,,,,,,,,
2023,5,26,19,0,21.1,16,72.69,,,,,,,,,,,,,,,,,,,,,,,,,,,,,,,,,,,,
2023,5,26,20,0,20.9,15.9,72.9,,,,,,,,,,,,,,,,,,,,,,,,,,,,,,,,,,,,
2023,5,26,21,0,20.5,15.8,74.32,,,,,,,,,,,,,,,,,,,,,,,,,,,,,,,,,,,,
2023,5,26,22,0,19.9,15.7,76.73,,,,,,,,,,,,,,,,,,,,,,,,,,,,,,,,,,,,
2023,5,26,23,0,19.2,15.6,79.76,,,,,,,,,,,,,,,,,,,,,,,,,,,,,,,,,,,,
2023,5,27,0,0,18.4,15.6,83.51,,,,,,,,,,,,,,,,,,,,,,,,,,,,,,,,,,,,
2023,5,27,1,0,17.7,15.5,87.1,,,,,,,,,,,,,,,,,,,,,,,,,,,,,,,,,,,,
2023,5,27,2,0,17.2,15.5,90.01,,,,,,,,,,,,,,,,,,,,,,,,,,,,,,,,,,,,
2023,5,27,3,0,16.9,15.5,91.69,,,,,,,,,,,,,,,,,,,,,,,,,,,,,,,,,,,,
2023,5,27,4,0,16.7,15.5,92.35,,,,,,,,,,,,,,,,,,,,,,,,,,,,,,,,,,,,
2023,5,27,5,0,16.4,15.3,93.06,,,,,,,,,,,,,,,,,,,,,,,,,,,,,,,,,,,,
2023,5,27,6,0,16.1,15,93.31,,,,,,,,,,,,,,,,,,,,,,,,,,,,,,,,,,,,
2023,5,27,7,0,15.8,14.8,93.78,,,,,,,,,,,,,,,,,,,,,,,,,,,,,,,,,,,,
2023,5,27,8,0,15.6,14.7,94.26,,,,,,,,,,,,,,,,,,,,,,,,,,,,,,,,,,,,
2023,5,27,9,0,15.5,14.7,94.87,,,,,,,,,,,,,,,,,,,,,,,,,,,,,,,,,,,,
2023,5,27,10,0,15.5,14.8,95.65,,,,,,,,,,,,,,,,,,,,,,,,,,,,,,,,,,,,
2023,5,27,11,0,15.8,15.1,95.31,,,,,,,,,,,,,,,,,,,,,,,,,,,,,,,,,,,,
2023,5,27,12,0,16.2,15.3,94.42,,,,,,,,,,,,,,,,,,,,,,,,,,,,,,,,,,,,
2023,5,27,13,0,16.8,15.5,92.21,,,,,,,,,,,,,,,,,,,,,,,,,,,,,,,,,,,,
2023,5,27,14,0,17.5,15.7,89.4,,,,,,,,,,,,,,,,,,,,,,,,,,,,,,,,,,,,
2023,5,27,15,0,18.3,16,86.66,,,,,,,,,,,,,,,,,,,,,,,,,,,,,,,,,,,,
2023,5,27,16,0,19.5,16.6,83.35,,,,,,,,,,,,,,,,,,,,,,,,,,,,,,,,,,,,
2023,5,27,17,0,20.3,17.3,82.96,,,,,,,,,,,,,,,,,,,,,,,,,,,,,,,,,,,,
2023,5,27,18,0,20.9,18.1,83.8,,,,,,,,,,,,,,,,,,,,,,,,,,,,,,,,,,,,
2023,5,27,19,0,21.7,19.1,84.97,,,,,,,,,,,,,,,,,,,,,,,,,,,,,,,,,,,,
2023,5,27,20,0,22.3,20.1,87.26,,,,,,,,,,,,,,,,,,,,,,,,,,,,,,,,,,,,
2023,5,27,21,0,22.7,20.7,88.74,,,,,,,,,,,,,,,,,,,,,,,,,,,,,,,,,,,,
2023,5,27,22,0,22.6,21,90.65,,,,,,,,,,,,,,,,,,,,,,,,,,,,,,,,,,,,
2023,5,27,23,0,22,20.9,93.62,,,,,,,,,,,,,,,,,,,,,,,,,,,,,,,,,,,,
2023,5,28,0,0,21.3,20.7,96.24,,,,,,,,,,,,,,,,,,,,,,,,,,,,,,,,,,,,
2023,5,28,1,0,20.8,20.3,97.16,,,,,,,,,,,,,,,,,,,,,,,,,,,,,,,,,,,,
2023,5,28,2,0,20.2,19.9,98.11,,,,,,,,,,,,,,,,,,,,,,,,,,,,,,,,,,,,
2023,5,28,3,0,19.8,19.5,98.13,,,,,,,,,,,,,,,,,,,,,,,,,,,,,,,,,,,,
2023,5,28,4,0,19.5,19.2,98.26,,,,,,,,,,,,,,,,,,,,,,,,,,,,,,,,,,,,
2023,5,28,5,0,19.3,18.9,97.82,,,,,,,,,,,,,,,,,,,,,,,,,,,,,,,,,,,,
2023,5,28,6,0,19.1,18.7,97.51,,,,,,,,,,,,,,,,,,,,,,,,,,,,,,,,,,,,
2023,5,28,7,0,18.9,18.5,97.54,,,,,,,,,,,,,,,,,,,,,,,,,,,,,,,,,,,,
2023,5,28,8,0,18.6,18.2,97.7,,,,,,,,,,,,,,,,,,,,,,,,,,,,,,,,,,,,
2023,5,28,9,0,18.1,17.8,98.18,,,,,,,,,,,,,,,,,,,,,,,,,,,,,,,,,,,,
2023,5,28,10,0,17.8,17.4,97.59,,,,,,,,,,,,,,,,,,,,,,,,,,,,,,,,,,,,
2023,5,28,11,0,18,17.4,96.11,,,,,,,,,,,,,,,,,,,,,,,,,,,,,,,,,,,,
2023,5,28,12,0,18.5,17.5,93.66,,,,,,,,,,,,,,,,,,,,,,,,,,,,,,,,,,,,
2023,5,28,13,0,19.5,17.5,88.03,,,,,,,,,,,,,,,,,,,,,,,,,,,,,,,,,,,,
2023,5,28,14,0,20.5,17.6,83.21,,,,,,,,,,,,,,,,,,,,,,,,,,,,,,,,,,,,
2023,5,28,15,0,21.3,17.7,79.82,,,,,,,,,,,,,,,,,,,,,,,,,,,,,,,,,,,,
2023,5,28,16,0,21.8,17.7,77.55,,,,,,,,,,,,,,,,,,,,,,,,,,,,,,,,,,,,
2023,5,28,17,0,22.2,17.7,75.45,,,,,,,,,,,,,,,,,,,,,,,,,,,,,,,,,,,,
2023,5,28,18,0,22.6,17.6,73.36,,,,,,,,,,,,,,,,,,,,,,,,,,,,,,,,,,,,
2023,5,28,19,0,22.7,17.5,72.71,,,,,,,,,,,,,,,,,,,,,,,,,,,,,,,,,,,,
2023,5,28,20,0,22.7,17.5,72.46,,,,,,,,,,,,,,,,,,,,,,,,,,,,,,,,,,,,
2023,5,28,21,0,22.4,17.4,73.17,,,,,,,,,,,,,,,,,,,,,,,,,,,,,,,,,,,,
2023,5,28,22,0,21.8,17.1,74.75,,,,,,,,,,,,,,,,,,,,,,,,,,,,,,,,,,,,
2023,5,28,23,0,20.9,16.9,77.68,,,,,,,,,,,,,,,,,,,,,,,,,,,,,,,,,,,,
2023,5,29,0,0,19.7,16.7,83.05,,,,,,,,,,,,,,,,,,,,,,,,,,,,,,,,,,,,
2023,5,29,1,0,18.8,16.6,87.14,,,,,,,,,,,,,,,,,,,,,,,,,,,,,,,,,,,,
2023,5,29,2,0,18,16.5,90.9,,,,,,,,,,,,,,,,,,,,,,,,,,,,,,,,,,,,
2023,5,29,3,0,17.5,16.3,92.91,,,,,,,,,,,,,,,,,,,,,,,,,,,,,,,,,,,,
2023,5,29,4,0,17.3,16.2,93.4,,,,,,,,,,,,,,,,,,,,,,,,,,,,,,,,,,,,
2023,5,29,5,0,17.2,16.2,93.59,,,,,,,,,,,,,,,,,,,,,,,,,,,,,,,,,,,,
2023,5,29,6,0,17.1,16.1,93.94,,,,,,,,,,,,,,,,,,,,,,,,,,,,,,,,,,,,
2023,5,29,7,0,17,16.1,94.15,,,,,,,,,,,,,,,,,,,,,,,,,,,,,,,,,,,,
2023,5,29,8,0,17,16,93.72,,,,,,,,,,,,,,,,,,,,,,,,,,,,,,,,,,,,
2023,5,29,9,0,16.8,15.9,94.44,,,,,,,,,,,,,,,,,,,,,,,,,,,,,,,,,,,,
2023,5,29,10,0,16.8,15.8,94.06,,,,,,,,,,,,,,,,,,,,,,,,,,,,,,,,,,,,
2023,5,29,11,0,17.8,16,89.27,,,,,,,,,,,,,,,,,,,,,,,,,,,,,,,,,,,,
2023,5,29,12,0,19.3,16.3,82.75,,,,,,,,,,,,,,,,,,,,,,,,,,,,,,,,,,,,
2023,5,29,13,0,21,16.3,74.75,,,,,,,,,,,,,,,,,,,,,,,,,,,,,,,,,,,,
2023,5,29,14,0,22.5,16.2,67.64,,,,,,,,,,,,,,,,,,,,,,,,,,,,,,,,,,,,
2023,5,29,15,0,23.8,16.3,62.78,,,,,,,,,,,,,,,,,,,,,,,,,,,,,,,,,,,,
2023,5,29,16,0,24.7,16.6,60.73,,,,,,,,,,,,,,,,,,,,,,,,,,,,,,,,,,,,
2023,5,29,17,0,25.3,16.7,58.92,,,,,,,,,,,,,,,,,,,,,,,,,,,,,,,,,,,,
2023,5,29,18,0,25.6,16.9,58.69,,,,,,,,,,,,,,,,,,,,,,,,,,,,,,,,,,,,
2023,5,29,19,0,25.6,17.2,59.77,,,,,,,,,,,,,,,,,,,,,,,,,,,,,,,,,,,,
2023,5,29,20,0,25.4,17.5,61.54,,,,,,,,,,,,,,,,,,,,,,,,,,,,,,,,,,,,
2023,5,29,21,0,24.9,17.8,64.78,,,,,,,,,,,,,,,,,,,,,,,,,,,,,,,,,,,,
2023,5,29,22,0,24.4,18.4,69.2,,,,,,,,,,,,,,,,,,,,,,,,,,,,,,,,,,,,
2023,5,29,23,0,23.3,19.2,77.84,,,,,,,,,,,,,,,,,,,,,,,,,,,,,,,,,,,,
2023,5,30,0,0,21.8,19.6,87.32,,,,,,,,,,,,,,,,,,,,,,,,,,,,,,,,,,,,
2023,5,30,1,0,21.4,19.9,91.26,,,,,,,,,,,,,,,,,,,,,,,,,,,,,,,,,,,,
2023,5,30,2,0,21.1,20.2,94.7,,,,,,,,,,,,,,,,,,,,,,,,,,,,,,,,,,,,
2023,5,30,3,0,20.8,20.2,96.08,,,,,,,,,,,,,,,,,,,,,,,,,,,,,,,,,,,,
2023,5,30,4,0,20.7,20.1,96.23,,,,,,,,,,,,,,,,,,,,,,,,,,,,,,,,,,,,
2023,5,30,5,0,20.8,20,95.1,,,,,,,,,,,,,,,,,,,,,,,,,,,,,,,,,,,,
2023,5,30,6,0,20.9,19.9,94.17,,,,,,,,,,,,,,,,,,,,,,,,,,,,,,,,,,,,
2023,5,30,7,0,20.9,19.9,94,,,,,,,,,,,,,,,,,,,,,,,,,,,,,,,,,,,,
2023,5,30,8,0,20.7,19.8,94.57,,,,,,,,,,,,,,,,,,,,,,,,,,,,,,,,,,,,
2023,5,30,9,0,20.2,19.6,96.62,,,,,,,,,,,,,,,,,,,,,,,,,,,,,,,,,,,,
2023,5,30,10,0,20.1,19.6,97.15,,,,,,,,,,,,,,,,,,,,,,,,,,,,,,,,,,,,
2023,5,30,11,0,21.6,20.2,91.69,,,,,,,,,,,,,,,,,,,,,,,,,,,,,,,,,,,,
2023,5,30,12,0,22.9,20.1,84.44,,,,,,,,,,,,,,,,,,,,,,,,,,,,,,,,,,,,
2023,5,30,13,0,24.2,19.5,74.95,,,,,,,,,,,,,,,,,,,,,,,,,,,,,,,,,,,,
2023,5,30,14,0,25.2,18.8,67.87,,,,,,,,,,,,,,,,,,,,,,,,,,,,,,,,,,,,
2023,5,30,15,0,25.9,18.6,64.15,,,,,,,,,,,,,,,,,,,,,,,,,,,,,,,,,,,,
2023,5,30,16,0,26.5,18.6,61.71,,,,,,,,,,,,,,,,,,,,,,,,,,,,,,,,,,,,
2023,5,30,17,0,26.6,18.6,61.4,,,,,,,,,,,,,,,,,,,,,,,,,,,,,,,,,,,,
2023,5,30,18,0,26.3,18.7,62.89,,,,,,,,,,,,,,,,,,,,,,,,,,,,,,,,,,,,
2023,5,30,19,0,26.1,18.9,64.37,,,,,,,,,,,,,,,,,,,,,,,,,,,,,,,,,,,,
2023,5,30,20,0,25.8,19,66.2,,,,,,,,,,,,,,,,,,,,,,,,,,,,,,,,,,,,
2023,5,30,21,0,25.4,19.2,68.5,,,,,,,,,,,,,,,,,,,,,,,,,,,,,,,,,,,,
2023,5,30,22,0,24.9,19.4,71.69,,,,,,,,,,,,,,,,,,,,,,,,,,,,,,,,,,,,
2023,5,30,23,0,23.9,20.1,79.23,,,,,,,,,,,,,,,,,,,,,,,,,,,,,,,,,,,,
2023,5,31,0,0,22.4,20.5,88.82,,,,,,,,,,,,,,,,,,,,,,,,,,,,,,,,,,,,
2023,5,31,1,0,21.8,20.5,92.61,,,,,,,,,,,,,,,,,,,,,,,,,,,,,,,,,,,,
2023,5,31,2,0,21.5,20.6,94.81,,,,,,,,,,,,,,,,,,,,,,,,,,,,,,,,,,,,
2023,5,31,3,0,21.2,20.6,96.43,,,,,,,,,,,,,,,,,,,,,,,,,,,,,,,,,,,,
2023,5,31,4,0,20.9,20.5,97.67,,,,,,,,,,,,,,,,,,,,,,,,,,,,,,,,,,,,
2023,5,31,5,0,20.6,20.5,99.34,,,,,,,,,,,,,,,,,,,,,,,,,,,,,,,,,,,,
2023,5,31,6,0,20.5,20.5,99.99,,,,,,,,,,,,,,,,,,,,,,,,,,,,,,,,,,,,
2023,5,31,7,0,20.4,20.4,100,,,,,,,,,,,,,,,,,,,,,,,,,,,,,,,,,,,,
2023,5,31,8,0,20.4,20.4,100,,,,,,,,,,,,,,,,,,,,,,,,,,,,,,,,,,,,
2023,5,31,9,0,20.4,20.3,99.47,,,,,,,,,,,,,,,,,,,,,,,,,,,,,,,,,,,,
2023,5,31,10,0,20.3,20.1,99.07,,,,,,,,,,,,,,,,,,,,,,,,,,,,,,,,,,,,
2023,5,31,11,0,20.8,20.1,95.62,,,,,,,,,,,,,,,,,,,,,,,,,,,,,,,,,,,,
2023,5,31,12,0,21.3,19.6,90.09,,,,,,,,,,,,,,,,,,,,,,,,,,,,,,,,,,,,
2023,5,31,13,0,22.3,18.9,81.33,,,,,,,,,,,,,,,,,,,,,,,,,,,,,,,,,,,,
2023,5,31,14,0,23.2,18.6,75.25,,,,,,,,,,,,,,,,,,,,,,,,,,,,,,,,,,,,
2023,5,31,15,0,24.1,18.6,71.41,,,,,,,,,,,,,,,,,,,,,,,,,,,,,,,,,,,,
2023,5,31,16,0,24.6,18.7,69.87,,,,,,,,,,,,,,,,,,,,,,,,,,,,,,,,,,,,
2023,5,31,17,0,25.1,18.8,68.04,,,,,,,,,,,,,,,,,,,,,,,,,,,,,,,,,,,,
2023,5,31,18,0,25.3,18.8,67.2,,,,,,,,,,,,,,,,,,,,,,,,,,,,,,,,,,,,
2023,5,31,19,0,25.5,18.8,66.3,,,,,,,,,,,,,,,,,,,,,,,,,,,,,,,,,,,,
2023,5,31,20,0,25.3,18.7,66.87,,,,,,,,,,,,,,,,,,,,,,,,,,,,,,,,,,,,
2023,5,31,21,0,25,18.7,68.09,,,,,,,,,,,,,,,,,,,,,,,,,,,,,,,,,,,,
2023,5,31,22,0,24.5,18.9,71.13,,,,,,,,,,,,,,,,,,,,,,,,,,,,,,,,,,,,
2023,5,31,23,0,23.5,19.6,78.73,,,,,,,,,,,,,,,,,,,,,,,,,,,,,,,,,,,,
2023,6,1,0,0,22,20,88.33,,,,,,,,,,,,,,,,,,,,,,,,,,,,,,,,,,,,
2023,6,1,1,0,21.4,20,91.82,,,,,,,,,,,,,,,,,,,,,,,,,,,,,,,,,,,,
2023,6,1,2,0,21.1,20.1,93.92,,,,,,,,,,,,,,,,,,,,,,,,,,,,,,,,,,,,
2023,6,1,3,0,20.8,20.1,95.58,,,,,,,,,,,,,,,,,,,,,,,,,,,,,,,,,,,,
2023,6,1,4,0,20.7,20,95.92,,,,,,,,,,,,,,,,,,,,,,,,,,,,,,,,,,,,
2023,6,1,5,0,20.6,20,96.49,,,,,,,,,,,,,,,,,,,,,,,,,,,,,,,,,,,,
2023,6,1,6,0,20.4,20.1,98.42,,,,,,,,,,,,,,,,,,,,,,,,,,,,,,,,,,,,
2023,6,1,7,0,20.3,20.3,100,,,,,,,,,,,,,,,,,,,,,,,,,,,,,,,,,,,,
2023,6,1,8,0,20.5,20.5,99.85,,,,,,,,,,,,,,,,,,,,,,,,,,,,,,,,,,,,
2023,6,1,9,0,20.6,20.4,99.04,,,,,,,,,,,,,,,,,,,,,,,,,,,,,,,,,,,,
2023,6,1,10,0,20.7,20.3,97.43,,,,,,,,,,,,,,,,,,,,,,,,,,,,,,,,,,,,
2023,6,1,11,0,21.3,20.1,92.62,,,,,,,,,,,,,,,,,,,,,,,,,,,,,,,,,,,,
2023,6,1,12,0,22.1,19.4,84.67,,,,,,,,,,,,,,,,,,,,,,,,,,,,,,,,,,,,
2023,6,1,13,0,23,19,78.21,,,,,,,,,,,,,,,,,,,,,,,,,,,,,,,,,,,,
2023,6,1,14,0,23.9,18.8,73.04,,,,,,,,,,,,,,,,,,,,,,,,,,,,,,,,,,,,
2023,6,1,15,0,24.6,18.7,69.61,,,,,,,,,,,,,,,,,,,,,,,,,,,,,,,,,,,,
2023,6,1,16,0,25,18.5,67.42,,,,,,,,,,,,,,,,,,,,,,,,,,,,,,,,,,,,
2023,6,1,17,0,25.5,18.4,64.93,,,,,,,,,,,,,,,,,,,,,,,,,,,,,,,,,,,,
2023,6,1,18,0,25.7,18.4,64.15,,,,,,,,,,,,,,,,,,,,,,,,,,,,,,,,,,,,
2023,6,1,19,0,25.8,18.5,64.28,,,,,,,,,,,,,,,,,,,,,,,,,,,,,,,,,,,,
2023,6,1,20,0,25.6,18.7,65.79,,,,,,,,,,,,,,,,,,,,,,,,,,,,,,,,,,,,
2023,6,1,21,0,25.2,19,68.65,,,,,,,,,,,,,,,,,,,,,,,,,,,,,,,,,,,,
2023,6,1,22,0,24.7,19.5,72.93,,,,,,,,,,,,,,,,,,,,,,,,,,,,,,,,,,,,
2023,6,1,23,0,23.8,20.4,81.12,,,,,,,,,,,,,,,,,,,,,,,,,,,,,,,,,,,,
2023,6,2,0,0,22.7,20.9,89.52,,,,,,,,,,,,,,,,,,,,,,,,,,,,,,,,,,,,
2023,6,2,1,0,22.2,21,93.15,,,,,,,,,,,,,,,,,,,,,,,,,,,,,,,,,,,,
2023,6,2,2,0,21.9,21.2,95.65,,,,,,,,,,,,,,,,,,,,,,,,,,,,,,,,,,,,
2023,6,2,3,0,21.6,21.2,97.33,,,,,,,,,,,,,,,,,,,,,,,,,,,,,,,,,,,,
2023,6,2,4,0,21.4,21.1,97.95,,,,,,,,,,,,,,,,,,,,,,,,,,,,,,,,,,,,
2023,6,2,5,0,21.2,21.1,99.15,,,,,,,,,,,,,,,,,,,,,,,,,,,,,,,,,,,,
2023,6,2,6,0,21.1,21.1,99.99,,,,,,,,,,,,,,,,,,,,,,,,,,,,,,,,,,,,
2023,6,2,7,0,21.1,21.1,100,,,,,,,,,,,,,,,,,,,,,,,,,,,,,,,,,,,,
2023,6,2,8,0,21.1,21.1,99.72,,,,,,,,,,,,,,,,,,,,,,,,,,,,,,,,,,,,
2023,6,2,9,0,20.9,20.9,99.92,,,,,,,,,,,,,,,,,,,,,,,,,,,,,,,,,,,,
2023,6,2,10,0,20.8,20.6,98.97,,,,,,,,,,,,,,,,,,,,,,,,,,,,,,,,,,,,
2023,6,2,11,0,21.4,20.4,93.88,,,,,,,,,,,,,,,,,,,,,,,,,,,,,,,,,,,,
2023,6,2,12,0,22.2,19.9,86.69,,,,,,,,,,,,,,,,,,,,,,,,,,,,,,,,,,,,
2023,6,2,13,0,23.3,19.4,78.92,,,,,,,,,,,,,,,,,,,,,,,,,,,,,,,,,,,,
2023,6,2,14,0,24.4,19.2,72.99,,,,,,,,,,,,,,,,,,,,,,,,,,,,,,,,,,,,
2023,6,2,15,0,25.3,19.2,69.16,,,,,,,,,,,,,,,,,,,,,,,,,,,,,,,,,,,,
2023,6,2,16,0,26,19.2,66.3,,,,,,,,,,,,,,,,,,,,,,,,,,,,,,,,,,,,
2023,6,2,17,0,26.4,19.2,64.8,,,,,,,,,,,,,,,,,,,,,,,,,,,,,,,,,,,,
2023,6,2,18,0,26.7,19.3,63.8,,,,,,,,,,,,,,,,,,,,,,,,,,,,,,,,,,,,
2023,6,2,19,0,26.6,19.4,64.59,,,,,,,,,,,,,,,,,,,,,,,,,,,,,,,,,,,,
2023,6,2,20,0,26.5,19.5,65.58,,,,,,,,,,,,,,,,,,,,,,,,,,,,,,,,,,,,
2023,6,2,21,0,26.1,19.7,67.8,,,,,,,,,,,,,,,,,,,,,,,,,,,,,,,,,,,,
2023,6,2,22,0,25.4,19.9,71.77,,,,,,,,,,,,,,,,,,,,,,,,,,,,,,,,,,,,
2023,6,2,23,0,24.5,20.5,78.43,,,,,,,,,,,,,,,,,,,,,,,,,,,,,,,,,,,,
2023,6,3,0,0,23.1,21.1,88.48,,,,,,,,,,,,,,,,,,,,,,,,,,,,,,,,,,,,
2023,6,3,1,0,22.5,21.2,92.37,,,,,,,,,,,,,,,,,,,,,,,,,,,,,,,,,,,,
2023,6,3,2,0,22.1,21.3,95.22,,,,,,,,,,,,,,,,,,,,,,,,,,,,,,,,,,,,
2023,6,3,3,0,21.8,21.4,97.41,,,,,,,,,,,,,,,,,,,,,,,,,,,,,,,,,,,,
2023,6,3,4,0,21.7,21.4,98.33,,,,,,,,,,,,,,,,,,,,,,,,,,,,,,,,,,,,
2023,6,3,5,0,21.6,21.5,99.35,,,,,,,,,,,,,,,,,,,,,,,,,,,,,,,,,,,,
2023,6,3,6,0,21.5,21.5,100,,,,,,,,,,,,,,,,,,,,,,,,,,,,,,,,,,,,
2023,6,3,7,0,21.3,21.3,100,,,,,,,,,,,,,,,,,,,,,,,,,,,,,,,,,,,,
2023,6,3,8,0,21.2,21.2,100,,,,,,,,,,,,,,,,,,,,,,,,,,,,,,,,,,,,
2023,6,3,9,0,21.1,21.1,100,,,,,,,,,,,,,,,,,,,,,,,,,,,,,,,,,,,,
2023,6,3,10,0,21.2,21.2,100,,,,,,,,,,,,,,,,,,,,,,,,,,,,,,,,,,,,
2023,6,3,11,0,22.3,21.2,93.77,,,,,,,,,,,,,,,,,,,,,,,,,,,,,,,,,,,,
2023,6,3,12,0,23.5,21,85.72,,,,,,,,,,,,,,,,,,,,,,,,,,,,,,,,,,,,
2023,6,3,13,0,24.8,20.5,76.84,,,,,,,,,,,,,,,,,,,,,,,,,,,,,,,,,,,,
2023,6,3,14,0,25.7,20,70.86,,,,,,,,,,,,,,,,,,,,,,,,,,,,,,,,,,,,
2023,6,3,15,0,26.5,19.9,67,,,,,,,,,,,,,,,,,,,,,,,,,,,,,,,,,,,,
2023,6,3,16,0,27.1,19.9,64.58,,,,,,,,,,,,,,,,,,,,,,,,,,,,,,,,,,,,
2023,6,3,17,0,27.4,19.9,63.59,,,,,,,,,,,,,,,,,,,,,,,,,,,,,,,,,,,,
2023,6,3,18,0,27.3,20,64.25,,,,,,,,,,,,,,,,,,,,,,,,,,,,,,,,,,,,
2023,6,3,19,0,26.9,20,66.11,,,,,,,,,,,,,,,,,,,,,,,,,,,,,,,,,,,,
2023,6,3,20,0,26.3,20.2,69.21,,,,,,,,,,,,,,,,,,,,,,,,,,,,,,,,,,,,
2023,6,3,21,0,25.7,20.5,72.81,,,,,,,,,,,,,,,,,,,,,,,,,,,,,,,,,,,,
2023,6,3,22,0,25,20.8,77.69,,,,,,,,,,,,,,,,,,,,,,,,,,,,,,,,,,,,
2023,6,3,23,0,24.1,21.3,84.28,,,,,,,,,,,,,,,,,,,,,,,,,,,,,,,,,,,,
2023,6,4,0,0,23.2,21.6,90.66,,,,,,,,,,,,,,,,,,,,,,,,,,,,,,,,,,,,
2023,6,4,1,0,22.8,21.8,93.87,,,,,,,,,,,,,,,,,,,,,,,,,,,,,,,,,,,,
2023,6,4,2,0,22.5,21.9,96.34,,,,,,,,,,,,,,,,,,,,,,,,,,,,,,,,,,,,
2023,6,4,3,0,22.4,21.9,97.28,,,,,,,,,,,,,,,,,,,,,,,,,,,,,,,,,,,,
2023,6,4,4,0,22.4,22,97.33,,,,,,,,,,,,,,,,,,,,,,,,,,,,,,,,,,,,
2023,6,4,5,0,22.3,21.9,97.72,,,,,,,,,,,,,,,,,,,,,,,,,,,,,,,,,,,,
2023,6,4,6,0,22.2,21.8,97.42,,,,,,,,,,,,,,,,,,,,,,,,,,,,,,,,,,,,
2023,6,4,7,0,22,21.4,96.64,,,,,,,,,,,,,,,,,,,,,,,,,,,,,,,,,,,,
2023,6,4,8,0,21.5,20.9,96.39,,,,,,,,,,,,,,,,,,,,,,,,,,,,,,,,,,,,
2023,6,4,9,0,20.9,19.9,93.95,,,,,,,,,,,,,,,,,,,,,,,,,,,,,,,,,,,,
2023,6,4,10,0,20.3,19.2,93.23,,,,,,,,,,,,,,,,,,,,,,,,,,,,,,,,,,,,
2023,6,4,11,0,20.2,18.7,91.04,,,,,,,,,,,,,,,,,,,,,,,,,,,,,,,,,,,,
2023,6,4,12,0,20.6,18.3,86.64,,,,,,,,,,,,,,,,,,,,,,,,,,,,,,,,,,,,
2023,6,4,13,0,21.3,18,81.46,,,,,,,,,,,,,,,,,,,,,,,,,,,,,,,,,,,,
2023,6,4,14,0,21.8,17.8,77.87,,,,,,,,,,,,,,,,,,,,,,,,,,,,,,,,,,,,
2023,6,4,15,0,22.2,17.6,75.1,,,,,,,,,,,,,,,,,,,,,,,,,,,,,,,,,,,,
2023,6,4,16,0,22.6,17.5,72.79,,,,,,,,,,,,,,,,,,,,,,,,,,,,,,,,,,,,
2023,6,4,17,0,22.9,17.4,71.13,,,,,,,,,,,,,,,,,,,,,,,,,,,,,,,,,,,,
2023,6,4,18,0,23.1,17.3,69.87,,,,,,,,,,,,,,,,,,,,,,,,,,,,,,,,,,,,
2023,6,4,19,0,23.1,17.2,69.38,,,,,,,,,,,,,,,,,,,,,,,,,,,,,,,,,,,,
2023,6,4,20,0,23,17.1,69.22,,,,,,,,,,,,,,,,,,,,,,,,,,,,,,,,,,,,
2023,6,4,21,0,22.7,17,70.09,,,,,,,,,,,,,,,,,,,,,,,,,,,,,,,,,,,,
2023,6,4,22,0,22.2,17,72.23,,,,,,,,,,,,,,,,,,,,,,,,,,,,,,,,,,,,
2023,6,4,23,0,21.5,17.3,77.04,,,,,,,,,,,,,,,,,,,,,,,,,,,,,,,,,,,,
2023,6,5,0,0,20.7,17.7,82.9,,,,,,,,,,,,,,,,,,,,,,,,,,,,,,,,,,,,
2023,6,5,1,0,20.3,17.9,86.29,,,,,,,,,,,,,,,,,,,,,,,,,,,,,,,,,,,,
2023,6,5,2,0,20.1,18.1,88.44,,,,,,,,,,,,,,,,,,,,,,,,,,,,,,,,,,,,
2023,6,5,3,0,19.9,18.2,90.07,,,,,,,,,,,,,,,,,,,,,,,,,,,,,,,,,,,,
2023,6,5,4,0,19.8,18.2,90.32,,,,,,,,,,,,,,,,,,,,,,,,,,,,,,,,,,,,
2023,6,5,5,0,19.7,18,90.18,,,,,,,,,,,,,,,,,,,,,,,,,,,,,,,,,,,,
2023,6,5,6,0,19.4,17.8,90.67,,,,,,,,,,,,,,,,,,,,,,,,,,,,,,,,,,,,
2023,6,5,7,0,19.1,17.6,90.74,,,,,,,,,,,,,,,,,,,,,,,,,,,,,,,,,,,,
2023,6,5,8,0,18.8,17.2,90.59,,,,,,,,,,,,,,,,,,,,,,,,,,,,,,,,,,,,
2023,6,5,9,0,18.5,16.9,90.34,,,,,,,,,,,,,,,,,,,,,,,,,,,,,,,,,,,,
2023,6,5,10,0,18.3,16.6,89.68,,,,,,,,,,,,,,,,,,,,,,,,,,,,,,,,,,,,
2023,6,5,11,0,19.2,16,81.87,,,,,,,,,,,,,,,,,,,,,,,,,,,,,,,,,,,,
2023,6,5,12,0,20.3,15.1,71.88,,,,,,,,,,,,,,,,,,,,,,,,,,,,,,,,,,,,
2023,6,5,13,0,21.7,14.4,63.29,,,,,,,,,,,,,,,,,,,,,,,,,,,,,,,,,,,,
2023,6,5,14,0,23,14.1,57.26,,,,,,,,,,,,,,,,,,,,,,,,,,,,,,,,,,,,
2023,6,5,15,0,24.2,14,52.98,,,,,,,,,,,,,,,,,,,,,,,,,,,,,,,,,,,,
2023,6,5,16,0,25,14.1,50.68,,,,,,,,,,,,,,,,,,,,,,,,,,,,,,,,,,,,
2023,6,5,17,0,25.6,14.5,50.19,,,,,,,,,,,,,,,,,,,,,,,,,,,,,,,,,,,,
2023,6,5,18,0,25.9,15,51.01,,,,,,,,,,,,,,,,,,,,,,,,,,,,,,,,,,,,
2023,6,5,19,0,25.9,15.2,51.84,,,,,,,,,,,,,,,,,,,,,,,,,,,,,,,,,,,,
2023,6,5,20,0,25.8,15.4,52.76,,,,,,,,,,,,,,,,,,,,,,,,,,,,,,,,,,,,
2023,6,5,21,0,25.3,15.6,54.97,,,,,,,,,,,,,,,,,,,,,,,,,,,,,,,,,,,,
2023,6,5,22,0,24.8,15.9,57.59,,,,,,,,,,,,,,,,,,,,,,,,,,,,,,,,,,,,
2023,6,5,23,0,23.6,16.6,64.87,,,,,,,,,,,,,,,,,,,,,,,,,,,,,,,,,,,,
2023,6,6,0,0,21.7,17.2,75.43,,,,,,,,,,,,,,,,,,,,,,,,,,,,,,,,,,,,
2023,6,6,1,0,21.2,17,76.83,,,,,,,,,,,,,,,,,,,,,,,,,,,,,,,,,,,,
2023,6,6,2,0,20.7,17.2,80.14,,,,,,,,,,,,,,,,,,,,,,,,,,,,,,,,,,,,
2023,6,6,3,0,20.5,17.2,81.62,,,,,,,,,,,,,,,,,,,,,,,,,,,,,,,,,,,,
2023,6,6,4,0,20.4,17.3,82.14,,,,,,,,,,,,,,,,,,,,,,,,,,,,,,,,,,,,
2023,6,6,5,0,20.4,17.3,82.16,,,,,,,,,,,,,,,,,,,,,,,,,,,,,,,,,,,,
2023,6,6,6,0,20.4,17.3,82.55,,,,,,,,,,,,,,,,,,,,,,,,,,,,,,,,,,,,
2023,6,6,7,0,20.4,17.5,83.6,,,,,,,,,,,,,,,,,,,,,,,,,,,,,,,,,,,,
2023,6,6,8,0,20.4,17.8,85.03,,,,,,,,,,,,,,,,,,,,,,,,,,,,,,,,,,,,
2023,6,6,9,0,20.5,18.1,86.36,,,,,,,,,,,,,,,,,,,,,,,,,,,,,,,,,,,,
2023,6,6,10,0,20.9,18.6,86.86,,,,,,,,,,,,,,,,,,,,,,,,,,,,,,,,,,,,
2023,6,6,11,0,22.1,19.2,83.39,,,,,,,,,,,,,,,,,,,,,,,,,,,,,,,,,,,,
2023,6,6,12,0,22.9,19.4,80.85,,,,,,,,,,,,,,,,,,,,,,,,,,,,,,,,,,,,
2023,6,6,13,0,23.5,19.7,79.32,,,,,,,,,,,,,,,,,,,,,,,,,,,,,,,,,,,,
2023,6,6,14,0,23.6,19.9,79.59,,,,,,,,,,,,,,,,,,,,,,,,,,,,,,,,,,,,
2023,6,6,15,0,23.6,20.1,80.76,,,,,,,,,,,,,,,,,,,,,,,,,,,,,,,,,,,,
2023,6,6,16,0,23.8,20.2,80.36,,,,,,,,,,,,,,,,,,,,,,,,,,,,,,,,,,,,
2023,6,6,17,0,24.4,20.1,76.85,,,,,,,,,,,,,,,,,,,,,,,,,,,,,,,,,,,,
2023,6,6,18,0,25.1,20.1,73.76,,,,,,,,,,,,,,,,,,,,,,,,,,,,,,,,,,,,
2023,6,6,19,0,26.4,20.4,69.59,,,,,,,,,,,,,,,,,,,,,,,,,,,,,,,,,,,,
2023,6,6,20,0,27.2,20.6,67.42,,,,,,,,,,,,,,,,,,,,,,,,,,,,,,,,,,,,
2023,6,6,21,0,27.3,20.7,67.43,,,,,,,,,,,,,,,,,,,,,,,,,,,,,,,,,,,,
2023,6,6,22,0,26.7,21.1,71.26,,,,,,,,,,,,,,,,,,,,,,,,,,,,,,,,,,,,
2023,6,6,23,0,25.5,21.5,78.43,,,,,,,,,,,,,,,,,,,,,,,,,,,,,,,,,,,,
2023,6,7,0,0,24.3,21.7,85.38,,,,,,,,,,,,,,,,,,,,,,,,,,,,,,,,,,,,
2023,6,7,1,0,23.8,21.9,89.07,,,,,,,,,,,,,,,,,,,,,,,,,,,,,,,,,,,,
2023,6,7,2,0,23.5,21.9,90.92,,,,,,,,,,,,,,,,,,,,,,,,,,,,,,,,,,,,
2023,6,7,3,0,23.4,21.8,90.85,,,,,,,,,,,,,,,,,,,,,,,,,,,,,,,,,,,,
2023,6,7,4,0,23.3,21.7,90.98,,,,,,,,,,,,,,,,,,,,,,,,,,,,,,,,,,,,
2023,6,7,5,0,23.1,21.8,92.28,,,,,,,,,,,,,,,,,,,,,,,,,,,,,,,,,,,,
2023,6,7,6,0,22.9,21.7,92.97,,,,,,,,,,,,,,,,,,,,,,,,,,,,,,,,,,,,
2023,6,7,7,0,22.7,21.5,93.06,,,,,,,,,,,,,,,,,,,,,,,,,,,,,,,,,,,,
2023,6,7,8,0,22.5,21.2,92.57,,,,,,,,,,,,,,,,,,,,,,,,,,,,,,,,,,,,
2023,6,7,9,0,22.2,20.9,92.51,,,,,,,,,,,,,,,,,,,,,,,,,,,,,,,,,,,,
2023,6,7,10,0,22,20.8,93.07,,,,,,,,,,,,,,,,,,,,,,,,,,,,,,,,,,,,
2023,6,7,11,0,22.5,21,91.27,,,,,,,,,,,,,,,,,,,,,,,,,,,,,,,,,,,,
2023,6,7,12,0,23.4,21.1,87.12,,,,,,,,,,,,,,,,,,,,,,,,,,,,,,,,,,,,
2023,6,7,13,0,24.7,21.1,80.64,,,,,,,,,,,,,,,,,,,,,,,,,,,,,,,,,,,,
2023,6,7,14,0,25.8,21.2,75.7,,,,,,,,,,,,,,,,,,,,,,,,,,,,,,,,,,,,
2023,6,7,15,0,26.5,21.2,72.71,,,,,,,,,,,,,,,,,,,,,,,,,,,,,,,,,,,,
2023,6,7,16,0,27.1,21.3,70.61,,,,,,,,,,,,,,,,,,,,,,,,,,,,,,,,,,,,
2023,6,7,17,0,27.5,21.3,69.11,,,,,,,,,,,,,,,,,,,,,,,,,,,,,,,,,,,,
2023,6,7,18,0,27.8,21.3,67.65,,,,,,,,,,,,,,,,,,,,,,,,,,,,,,,,,,,,
2023,6,7,19,0,28,21.2,66.5,,,,,,,,,,,,,,,,,,,,,,,,,,,,,,,,,,,,
2023,6,7,20,0,28.3,21.1,65.08,,,,,,,,,,,,,,,,,,,,,,,,,,,,,,,,,,,,
2023,6,7,21,0,28.1,21,65.45,,,,,,,,,,,,,,,,,,,,,,,,,,,,,,,,,,,,
2023,6,7,22,0,27.4,21.2,69.01,,,,,,,,,,,,,,,,,,,,,,,,,,,,,,,,,,,,
2023,6,7,23,0,26.1,21.9,77.92,,,,,,,,,,,,,,,,,,,,,,,,,,,,,,,,,,,,
2023,6,8,0,0,24.6,22.1,86.19,,,,,,,,,,,,,,,,,,,,,,,,,,,,,,,,,,,,
2023,6,8,1,0,23.9,22.3,90.67,,,,,,,,,,,,,,,,,,,,,,,,,,,,,,,,,,,,
2023,6,8,2,0,23.5,22.6,94.62,,,,,,,,,,,,,,,,,,,,,,,,,,,,,,,,,,,,
2023,6,8,3,0,23.4,22.8,96.35,,,,,,,,,,,,,,,,,,,,,,,,,,,,,,,,,,,,
2023,6,8,4,0,23.2,22.8,97.66,,,,,,,,,,,,,,,,,,,,,,,,,,,,,,,,,,,,
2023,6,8,5,0,23.1,22.7,97.44,,,,,,,,,,,,,,,,,,,,,,,,,,,,,,,,,,,,
2023,6,8,6,0,22.7,22.3,97.65,,,,,,,,,,,,,,,,,,,,,,,,,,,,,,,,,,,,
2023,6,8,7,0,22.4,21.9,96.99,,,,,,,,,,,,,,,,,,,,,,,,,,,,,,,,,,,,
2023,6,8,8,0,22,21.5,97.08,,,,,,,,,,,,,,,,,,,,,,,,,,,,,,,,,,,,
2023,6,8,9,0,21.7,21.3,97.51,,,,,,,,,,,,,,,,,,,,,,,,,,,,,,,,,,,,
2023,6,8,10,0,21.5,21.2,98.41,,,,,,,,,,,,,,,,,,,,,,,,,,,,,,,,,,,,
2023,6,8,11,0,22.1,21.5,96.38,,,,,,,,,,,,,,,,,,,,,,,,,,,,,,,,,,,,
2023,6,8,12,0,23.7,21.6,88.05,,,,,,,,,,,,,,,,,,,,,,,,,,,,,,,,,,,,
2023,6,8,13,0,25.1,20.6,75.99,,,,,,,,,,,,,,,,,,,,,,,,,,,,,,,,,,,,
2023,6,8,14,0,25.8,20,70.34,,,,,,,,,,,,,,,,,,,,,,,,,,,,,,,,,,,,
2023,6,8,15,0,26.5,20,67.63,,,,,,,,,,,,,,,,,,,,,,,,,,,,,,,,,,,,
2023,6,8,16,0,26.7,20,66.82,,,,,,,,,,,,,,,,,,,,,,,,,,,,,,,,,,,,
2023,6,8,17,0,26.6,20,66.95,,,,,,,,,,,,,,,,,,,,,,,,,,,,,,,,,,,,
2023,6,8,18,0,26.6,19.9,66.76,,,,,,,,,,,,,,,,,,,,,,,,,,,,,,,,,,,,
2023,6,8,19,0,26.5,19.8,66.83,,,,,,,,,,,,,,,,,,,,,,,,,,,,,,,,,,,,
2023,6,8,20,0,26.4,19.7,66.72,,,,,,,,,,,,,,,,,,,,,,,,,,,,,,,,,,,,
2023,6,8,21,0,26.1,19.7,68.05,,,,,,,,,,,,,,,,,,,,,,,,,,,,,,,,,,,,
2023,6,8,22,0,25.6,20.1,71.57,,,,,,,,,,,,,,,,,,,,,,,,,,,,,,,,,,,,
2023,6,8,23,0,24.9,20.8,77.88,,,,,,,,,,,,,,,,,,,,,,,,,,,,,,,,,,,,
2023,6,9,0,0,23.7,21.3,86.21,,,,,,,,,,,,,,,,,,,,,,,,,,,,,,,,,,,,
2023,6,9,1,0,23.1,21.3,89.51,,,,,,,,,,,,,,,,,,,,,,,,,,,,,,,,,,,,
2023,6,9,2,0,22.9,21.5,91.65,,,,,,,,,,,,,,,,,,,,,,,,,,,,,,,,,,,,
2023,6,9,3,0,22.7,21.6,93.74,,,,,,,,,,,,,,,,,,,,,,,,,,,,,,,,,,,,
2023,6,9,4,0,22.7,21.7,93.96,,,,,,,,,,,,,,,,,,,,,,,,,,,,,,,,,,,,
2023,6,9,5,0,22.6,21.6,94.21,,,,,,,,,,,,,,,,,,,,,,,,,,,,,,,,,,,,
2023,6,9,6,0,22.3,21.4,94.57,,,,,,,,,,,,,,,,,,,,,,,,,,,,,,,,,,,,
2023,6,9,7,0,22.1,21.1,93.93,,,,,,,,,,,,,,,,,,,,,,,,,,,,,,,,,,,,
2023,6,9,8,0,21.9,20.7,92.79,,,,,,,,,,,,,,,,,,,,,,,,,,,,,,,,,,,,
2023,6,9,9,0,21.6,20.3,92.29,,,,,,,,,,,,,,,,,,,,,,,,,,,,,,,,,,,,
2023,6,9,10,0,21.4,19.9,91.29,,,,,,,,,,,,,,,,,,,,,,,,,,,,,,,,,,,,
2023,6,9,11,0,22.1,19.7,86.53,,,,,,,,,,,,,,,,,,,,,,,,,,,,,,,,,,,,
2023,6,9,12,0,23.4,18.2,72.76,,,,,,,,,,,,,,,,,,,,,,,,,,,,,,,,,,,,
2023,6,9,13,0,24.8,16.7,60.78,,,,,,,,,,,,,,,,,,,,,,,,,,,,,,,,,,,,
2023,6,9,14,0,25.9,16.4,55.76,,,,,,,,,,,,,,,,,,,,,,,,,,,,,,,,,,,,
2023,6,9,15,0,26.6,16.6,54.21,,,,,,,,,,,,,,,,,,,,,,,,,,,,,,,,,,,,
2023,6,9,16,0,27.2,16.7,52.73,,,,,,,,,,,,,,,,,,,,,,,,,,,,,,,,,,,,
2023,6,9,17,0,27.6,16.7,51.35,,,,,,,,,,,,,,,,,,,,,,,,,,,,,,,,,,,,
2023,6,9,18,0,27.7,16.6,50.69,,,,,,,,,,,,,,,,,,,,,,,,,,,,,,,,,,,,
2023,6,9,19,0,27.6,16.6,51.26,,,,,,,,,,,,,,,,,,,,,,,,,,,,,,,,,,,,
2023,6,9,20,0,27.3,16.9,53.19,,,,,,,,,,,,,,,,,,,,,,,,,,,,,,,,,,,,
2023,6,9,21,0,26.9,17,54.64,,,,,,,,,,,,,,,,,,,,,,,,,,,,,,,,,,,,
2023,6,9,22,0,26.4,17.1,56.47,,,,,,,,,,,,,,,,,,,,,,,,,,,,,,,,,,,,
2023,6,9,23,0,25.4,18.5,65.78,,,,,,,,,,,,,,,,,,,,,,,,,,,,,,,,,,,,
2023,6,10,0,0,24.1,18.2,69.5,,,,,,,,,,,,,,,,,,,,,,,,,,,,,,,,,,,,
2023,6,10,1,0,23.1,18.2,73.76,,,,,,,,,,,,,,,,,,,,,,,,,,,,,,,,,,,,
2023,6,10,2,0,22.6,18.1,75.96,,,,,,,,,,,,,,,,,,,,,,,,,,,,,,,,,,,,
2023,6,10,3,0,22.4,18,76.24,,,,,,,,,,,,,,,,,,,,,,,,,,,,,,,,,,,,
2023,6,10,4,0,22.3,17.9,76.07,,,,,,,,,,,,,,,,,,,,,,,,,,,,,,,,,,,,
2023,6,10,5,0,22.1,17.8,76.59,,,,,,,,,,,,,,,,,,,,,,,,,,,,,,,,,,,,
2023,6,10,6,0,21.9,17.8,77.73,,,,,,,,,,,,,,,,,,,,,,,,,,,,,,,,,,,,
2023,6,10,7,0,21.5,17.9,80.23,,,,,,,,,,,,,,,,,,,,,,,,,,,,,,,,,,,,
2023,6,10,8,0,21,18,83.07,,,,,,,,,,,,,,,,,,,,,,,,,,,,,,,,,,,,
2023,6,10,9,0,20.3,17.9,86.3,,,,,,,,,,,,,,,,,,,,,,,,,,,,,,,,,,,,
2023,6,10,10,0,19.9,17.9,88.05,,,,,,,,,,,,,,,,,,,,,,,,,,,,,,,,,,,,
2023,6,10,11,0,21,18.1,83.29,,,,,,,,,,,,,,,,,,,,,,,,,,,,,,,,,,,,
2023,6,10,12,0,22.6,17.6,73.2,,,,,,,,,,,,,,,,,,,,,,,,,,,,,,,,,,,,
2023,6,10,13,0,25.5,15,52.15,,,,,,,,,,,,,,,,,,,,,,,,,,,,,,,,,,,,
2023,6,10,14,0,26.7,14.5,47.26,,,,,,,,,,,,,,,,,,,,,,,,,,,,,,,,,,,,
2023,6,10,15,0,27.5,14.5,45.08,,,,,,,,,,,,,,,,,,,,,,,,,,,,,,,,,,,,
2023,6,10,16,0,28,14.9,44.68,,,,,,,,,,,,,,,,,,,,,,,,,,,,,,,,,,,,
2023,6,10,17,0,28.3,15.4,45.43,,,,,,,,,,,,,,,,,,,,,,,,,,,,,,,,,,,,
2023,6,10,18,0,28.4,15.8,46.42,,,,,,,,,,,,,,,,,,,,,,,,,,,,,,,,,,,,
2023,6,10,19,0,28.3,16.2,47.97,,,,,,,,,,,,,,,,,,,,,,,,,,,,,,,,,,,,
2023,6,10,20,0,27.9,16.7,50.45,,,,,,,,,,,,,,,,,,,,,,,,,,,,,,,,,,,,
2023,6,10,21,0,27.4,17,53.21,,,,,,,,,,,,,,,,,,,,,,,,,,,,,,,,,,,,
2023,6,10,22,0,26.6,17.5,57.33,,,,,,,,,,,,,,,,,,,,,,,,,,,,,,,,,,,,
2023,6,10,23,0,25.4,18.3,64.96,,,,,,,,,,,,,,,,,,,,,,,,,,,,,,,,,,,,
2023,6,11,0,0,23.9,19.6,76.78,,,,,,,,,,,,,,,,,,,,,,,,,,,,,,,,,,,,
2023,6,11,1,0,23.3,20.2,82.96,,,,,,,,,,,,,,,,,,,,,,,,,,,,,,,,,,,,
2023,6,11,2,0,22.8,20.6,87.46,,,,,,,,,,,,,,,,,,,,,,,,,,,,,,,,,,,,
2023,6,11,3,0,22.5,20.7,89.72,,,,,,,,,,,,,,,,,,,,,,,,,,,,,,,,,,,,
2023,6,11,4,0,22.4,20.9,91.12,,,,,,,,,,,,,,,,,,,,,,,,,,,,,,,,,,,,
2023,6,11,5,0,22.3,21.2,93.33,,,,,,,,,,,,,,,,,,,,,,,,,,,,,,,,,,,,
2023,6,11,6,0,22.2,21.5,95.86,,,,,,,,,,,,,,,,,,,,,,,,,,,,,,,,,,,,
2023,6,11,7,0,22.3,21.8,97.07,,,,,,,,,,,,,,,,,,,,,,,,,,,,,,,,,,,,
2023,6,11,8,0,22.4,22.1,97.91,,,,,,,,,,,,,,,,,,,,,,,,,,,,,,,,,,,,
2023,6,11,9,0,22.5,22.2,98.36,,,,,,,,,,,,,,,,,,,,,,,,,,,,,,,,,,,,
2023,6,11,10,0,22.6,22.4,98.64,,,,,,,,,,,,,,,,,,,,,,,,,,,,,,,,,,,,
2023,6,11,11,0,24.2,22.9,92.64,,,,,,,,,,,,,,,,,,,,,,,,,,,,,,,,,,,,
2023,6,11,12,0,25.5,22.6,84.22,,,,,,,,,,,,,,,,,,,,,,,,,,,,,,,,,,,,
2023,6,11,13,0,26.6,21.9,75.43,,,,,,,,,,,,,,,,,,,,,,,,,,,,,,,,,,,,
2023,6,11,14,0,27.3,21.6,70.93,,,,,,,,,,,,,,,,,,,,,,,,,,,,,,,,,,,,
2023,6,11,15,0,27.8,21.6,69.24,,,,,,,,,,,,,,,,,,,,,,,,,,,,,,,,,,,,
2023,6,11,16,0,28,21.8,69.04,,,,,,,,,,,,,,,,,,,,,,,,,,,,,,,,,,,,
2023,6,11,17,0,27.8,22,70.6,,,,,,,,,,,,,,,,,,,,,,,,,,,,,,,,,,,,
2023,6,11,18,0,27.2,22.3,74.56,,,,,,,,,,,,,,,,,,,,,,,,,,,,,,,,,,,,
2023,6,11,19,0,26.8,22.6,77.79,,,,,,,,,,,,,,,,,,,,,,,,,,,,,,,,,,,,
2023,6,11,20,0,26.6,22.8,79.85,,,,,,,,,,,,,,,,,,,,,,,,,,,,,,,,,,,,
2023,6,11,21,0,26.1,22.8,82.09,,,,,,,,,,,,,,,,,,,,,,,,,,,,,,,,,,,,
2023,6,11,22,0,25.4,22.7,85.17,,,,,,,,,,,,,,,,,,,,,,,,,,,,,,,,,,,,
2023,6,11,23,0,24.4,22.8,90.94,,,,,,,,,,,,,,,,,,,,,,,,,,,,,,,,,,,,
2023,6,12,0,0,23.6,22.8,95.52,,,,,,,,,,,,,,,,,,,,,,,,,,,,,,,,,,,,
2023,6,12,1,0,23.2,22.8,97.78,,,,,,,,,,,,,,,,,,,,,,,,,,,,,,,,,,,,
2023,6,12,2,0,23.1,22.8,98.15,,,,,,,,,,,,,,,,,,,,,,,,,,,,,,,,,,,,
2023,6,12,3,0,23.2,22.9,98.06,,,,,,,,,,,,,,,,,,,,,,,,,,,,,,,,,,,,
2023,6,12,4,0,23.4,23.1,97.98,,,,,,,,,,,,,,,,,,,,,,,,,,,,,,,,,,,,
2023,6,12,5,0,23.6,23.2,97.54,,,,,,,,,,,,,,,,,,,,,,,,,,,,,,,,,,,,
2023,6,12,6,0,23.7,23.4,97.91,,,,,,,,,,,,,,,,,,,,,,,,,,,,,,,,,,,,
2023,6,12,7,0,23.9,23.5,97.85,,,,,,,,,,,,,,,,,,,,,,,,,,,,,,,,,,,,
2023,6,12,8,0,24,23.8,98.57,,,,,,,,,,,,,,,,,,,,,,,,,,,,,,,,,,,,
2023,6,12,9,0,24.2,24,98.69,,,,,,,,,,,,,,,,,,,,,,,,,,,,,,,,,,,,
2023,6,12,10,0,24.2,24.1,99.15,,,,,,,,,,,,,,,,,,,,,,,,,,,,,,,,,,,,
2023,6,12,11,0,24.5,24.1,97.55,,,,,,,,,,,,,,,,,,,,,,,,,,,,,,,,,,,,
2023,6,12,12,0,24.7,23.9,95.06,,,,,,,,,,,,,,,,,,,,,,,,,,,,,,,,,,,,
2023,6,12,13,0,25.4,23.5,89.21,,,,,,,,,,,,,,,,,,,,,,,,,,,,,,,,,,,,
2023,6,12,14,0,26.3,23.3,83.66,,,,,,,,,,,,,,,,,,,,,,,,,,,,,,,,,,,,
2023,6,12,15,0,27.1,23.4,80.01,,,,,,,,,,,,,,,,,,,,,,,,,,,,,,,,,,,,
2023,6,12,16,0,27.3,23.4,79.13,,,,,,,,,,,,,,,,,,,,,,,,,,,,,,,,,,,,
2023,6,12,17,0,27.5,23.4,78.26,,,,,,,,,,,,,,,,,,,,,,,,,,,,,,,,,,,,
2023,6,12,18,0,27.9,23.3,76.14,,,,,,,,,,,,,,,,,,,,,,,,,,,,,,,,,,,,
2023,6,12,19,0,28.6,23.1,72.4,,,,,,,,,,,,,,,,,,,,,,,,,,,,,,,,,,,,
2023,6,12,20,0,28.9,22.9,70.21,,,,,,,,,,,,,,,,,,,,,,,,,,,,,,,,,,,,
2023,6,12,21,0,28.6,23,71.61,,,,,,,,,,,,,,,,,,,,,,,,,,,,,,,,,,,,
2023,6,12,22,0,28.1,23.4,75.7,,,,,,,,,,,,,,,,,,,,,,,,,,,,,,,,,,,,
2023,6,12,23,0,27,24.1,84.08,,,,,,,,,,,,,,,,,,,,,,,,,,,,,,,,,,,,
2023,6,13,0,0,26,24.4,91.01,,,,,,,,,,,,,,,,,,,,,,,,,,,,,,,,,,,,
2023,6,13,1,0,25.6,24.6,94.05,,,,,,,,,,,,,,,,,,,,,,,,,,,,,,,,,,,,
2023,6,13,2,0,25.4,24.7,95.81,,,,,,,,,,,,,,,,,,,,,,,,,,,,,,,,,,,,
2023,6,13,3,0,25.2,24.7,97.1,,,,,,,,,,,,,,,,,,,,,,,,,,,,,,,,,,,,
2023,6,13,4,0,25,24.6,97.47,,,,,,,,,,,,,,,,,,,,,,,,,,,,,,,,,,,,
2023,6,13,5,0,24.6,24.3,98.1,,,,,,,,,,,,,,,,,,,,,,,,,,,,,,,,,,,,
2023,6,13,6,0,24.1,23.9,98.64,,,,,,,,,,,,,,,,,,,,,,,,,,,,,,,,,,,,
2023,6,13,7,0,23.5,23.4,99.21,,,,,,,,,,,,,,,,,,,,,,,,,,,,,,,,,,,,
2023,6,13,8,0,23,22.9,99.14,,,,,,,,,,,,,,,,,,,,,,,,,,,,,,,,,,,,
2023,6,13,9,0,22.6,22.5,99.34,,,,,,,,,,,,,,,,,,,,,,,,,,,,,,,,,,,,
2023,6,13,10,0,22.6,22.3,98.42,,,,,,,,,,,,,,,,,,,,,,,,,,,,,,,,,,,,
2023,6,13,11,0,23,22.2,95.45,,,,,,,,,,,,,,,,,,,,,,,,,,,,,,,,,,,,
2023,6,13,12,0,23.9,22,89.08,,,,,,,,,,,,,,,,,,,,,,,,,,,,,,,,,,,,
2023,6,13,13,0,25.5,21,76.33,,,,,,,,,,,,,,,,,,,,,,,,,,,,,,,,,,,,
2023,6,13,14,0,26.6,20.5,69.23,,,,,,,,,,,,,,,,,,,,,,,,,,,,,,,,,,,,
2023,6,13,15,0,27.7,20.3,64.04,,,,,,,,,,,,,,,,,,,,,,,,,,,,,,,,,,,,
2023,6,13,16,0,28.5,20.1,60.57,,,,,,,,,,,,,,,,,,,,,,,,,,,,,,,,,,,,
2023,6,13,17,0,29,20.2,59.08,,,,,,,,,,,,,,,,,,,,,,,,,,,,,,,,,,,,
2023,6,13,18,0,29.5,20.4,58.19,,,,,,,,,,,,,,,,,,,,,,,,,,,,,,,,,,,,
2023,6,13,19,0,29.5,20.6,58.93,,,,,,,,,,,,,,,,,,,,,,,,,,,,,,,,,,,,
2023,6,13,20,0,29,20.8,61.32,,,,,,,,,,,,,,,,,,,,,,,,,,,,,,,,,,,,
2023,6,13,21,0,28.3,21.1,65.18,,,,,,,,,,,,,,,,,,,,,,,,,,,,,,,,,,,,
2023,6,13,22,0,27.7,21.7,69.67,,,,,,,,,,,,,,,,,,,,,,,,,,,,,,,,,,,,
2023,6,13,23,0,27,22.3,75.5,,,,,,,,,,,,,,,,,,,,,,,,,,,,,,,,,,,,
2023,6,14,0,0,25.6,22.9,84.93,,,,,,,,,,,,,,,,,,,,,,,,,,,,,,,,,,,,
2023,6,14,1,0,24.9,23,88.98,,,,,,,,,,,,,,,,,,,,,,,,,,,,,,,,,,,,
2023,6,14,2,0,24.7,22.7,88.83,,,,,,,,,,,,,,,,,,,,,,,,,,,,,,,,,,,,
2023,6,14,3,0,24.3,22.3,88.44,,,,,,,,,,,,,,,,,,,,,,,,,,,,,,,,,,,,
2023,6,14,4,0,24,21.5,85.73,,,,,,,,,,,,,,,,,,,,,,,,,,,,,,,,,,,,
2023,6,14,5,0,23.5,21,86.12,,,,,,,,,,,,,,,,,,,,,,,,,,,,,,,,,,,,
2023,6,14,6,0,23.1,20.8,86.99,,,,,,,,,,,,,,,,,,,,,,,,,,,,,,,,,,,,
2023,6,14,7,0,23,20.6,86.59,,,,,,,,,,,,,,,,,,,,,,,,,,,,,,,,,,,,
2023,6,14,8,0,22.6,20.7,88.92,,,,,,,,,,,,,,,,,,,,,,,,,,,,,,,,,,,,
2023,6,14,9,0,22.3,20.8,91.28,,,,,,,,,,,,,,,,,,,,,,,,,,,,,,,,,,,,
2023,6,14,10,0,22.2,21,92.92,,,,,,,,,,,,,,,,,,,,,,,,,,,,,,,,,,,,
2023,6,14,11,0,23,21.2,89.69,,,,,,,,,,,,,,,,,,,,,,,,,,,,,,,,,,,,
2023,6,14,12,0,24.3,21.3,83.63,,,,,,,,,,,,,,,,,,,,,,,,,,,,,,,,,,,,
2023,6,14,13,0,25.4,21.8,80.6,,,,,,,,,,,,,,,,,,,,,,,,,,,,,,,,,,,,
2023,6,14,14,0,26.6,22.4,77.71,,,,,,,,,,,,,,,,,,,,,,,,,,,,,,,,,,,,
2023,6,14,15,0,27.6,22.7,74.77,,,,,,,,,,,,,,,,,,,,,,,,,,,,,,,,,,,,
2023,6,14,16,0,27.7,22.8,74.85,,,,,,,,,,,,,,,,,,,,,,,,,,,,,,,,,,,,
2023,6,14,17,0,27.2,23.1,78.23,,,,,,,,,,,,,,,,,,,,,,,,,,,,,,,,,,,,
2023,6,14,18,0,27.2,23.3,79.49,,,,,,,,,,,,,,,,,,,,,,,,,,,,,,,,,,,,
2023,6,14,19,0,27.4,23.3,78.3,,,,,,,,,,,,,,,,,,,,,,,,,,,,,,,,,,,,
2023,6,14,20,0,27.5,23.1,77.04,,,,,,,,,,,,,,,,,,,,,,,,,,,,,,,,,,,,
2023,6,14,21,0,27.2,23,77.91,,,,,,,,,,,,,,,,,,,,,,,,,,,,,,,,,,,,
2023,6,14,22,0,26.7,23,80.22,,,,,,,,,,,,,,,,,,,,,,,,,,,,,,,,,,,,
2023,6,14,23,0,25.8,23.1,85.16,,,,,,,,,,,,,,,,,,,,,,,,,,,,,,,,,,,,
2023,6,15,0,0,24.8,23.2,90.68,,,,,,,,,,,,,,,,,,,,,,,,,,,,,,,,,,,,
2023,6,15,1,0,24.4,23.3,93.53,,,,,,,,,,,,,,,,,,,,,,,,,,,,,,,,,,,,
2023,6,15,2,0,24.3,23.4,94.99,,,,,,,,,,,,,,,,,,,,,,,,,,,,,,,,,,,,
2023,6,15,3,0,24.9,23.3,90.72,,,,,,,,,,,,,,,,,,,,,,,,,,,,,,,,,,,,
2023,6,15,4,0,25,23.3,90.14,,,,,,,,,,,,,,,,,,,,,,,,,,,,,,,,,,,,
2023,6,15,5,0,24.4,23.3,93.64,,,,,,,,,,,,,,,,,,,,,,,,,,,,,,,,,,,,
2023,6,15,6,0,23.9,23.2,95.89,,,,,,,,,,,,,,,,,,,,,,,,,,,,,,,,,,,,
2023,6,15,7,0,23.5,23.1,97.38,,,,,,,,,,,,,,,,,,,,,,,,,,,,,,,,,,,,
2023,6,15,8,0,23.3,22.9,97.62,,,,,,,,,,,,,,,,,,,,,,,,,,,,,,,,,,,,
2023,6,15,9,0,23.1,22.8,98.15,,,,,,,,,,,,,,,,,,,,,,,,,,,,,,,,,,,,
2023,6,15,10,0,23,22.7,98.17,,,,,,,,,,,,,,,,,,,,,,,,,,,,,,,,,,,,
2023,6,15,11,0,23.2,22.6,96.69,,,,,,,,,,,,,,,,,,,,,,,,,,,,,,,,,,,,
2023,6,15,12,0,23.6,22.6,93.87,,,,,,,,,,,,,,,,,,,,,,,,,,,,,,,,,,,,
2023,6,15,13,0,24.3,21.6,85.13,,,,,,,,,,,,,,,,,,,,,,,,,,,,,,,,,,,,
2023,6,15,14,0,25,20.4,75.67,,,,,,,,,,,,,,,,,,,,,,,,,,,,,,,,,,,,
2023,6,15,15,0,25.8,20.2,71.41,,,,,,,,,,,,,,,,,,,,,,,,,,,,,,,,,,,,
2023,6,15,16,0,26.8,20.4,68.17,,,,,,,,,,,,,,,,,,,,,,,,,,,,,,,,,,,,
2023,6,15,17,0,27.2,21,69.01,,,,,,,,,,,,,,,,,,,,,,,,,,,,,,,,,,,,
2023,6,15,18,0,27.3,21.7,71.71,,,,,,,,,,,,,,,,,,,,,,,,,,,,,,,,,,,,
2023,6,15,19,0,27.2,22.1,73.73,,,,,,,,,,,,,,,,,,,,,,,,,,,,,,,,,,,,
2023,6,15,20,0,26.8,22.3,76.32,,,,,,,,,,,,,,,,,,,,,,,,,,,,,,,,,,,,
2023,6,15,21,0,26.3,22.4,79.18,,,,,,,,,,,,,,,,,,,,,,,,,,,,,,,,,,,,
2023,6,15,22,0,25.6,22.7,84.04,,,,,,,,,,,,,,,,,,,,,,,,,,,,,,,,,,,,
2023,6,15,23,0,24.8,23,89.92,,,,,,,,,,,,,,,,,,,,,,,,,,,,,,,,,,,,
2023,6,16,0,0,24,23.2,95.08,,,,,,,,,,,,,,,,,,,,,,,,,,,,,,,,,,,,
2023,6,16,1,0,23.6,23.2,97.6,,,,,,,,,,,,,,,,,,,,,,,,,,,,,,,,,,,,
2023,6,16,2,0,23.5,23.2,98.24,,,,,,,,,,,,,,,,,,,,,,,,,,,,,,,,,,,,
2023,6,16,3,0,23.5,23.1,97.84,,,,,,,,,,,,,,,,,,,,,,,,,,,,,,,,,,,,
2023,6,16,4,0,23.4,23.1,97.95,,,,,,,,,,,,,,,,,,,,,,,,,,,,,,,,,,,,
2023,6,16,5,0,23.4,23,97.4,,,,,,,,,,,,,,,,,,,,,,,,,,,,,,,,,,,,
2023,6,16,6,0,23.3,22.9,97.45,,,,,,,,,,,,,,,,,,,,,,,,,,,,,,,,,,,,
2023,6,16,7,0,23.2,22.7,97.19,,,,,,,,,,,,,,,,,,,,,,,,,,,,,,,,,,,,
2023,6,16,8,0,23.2,22.6,96.28,,,,,,,,,,,,,,,,,,,,,,,,,,,,,,,,,,,,
2023,6,16,9,0,23.2,22.7,96.92,,,,,,,,,,,,,,,,,,,,,,,,,,,,,,,,,,,,
2023,6,16,10,0,23.2,22.8,97.43,,,,,,,,,,,,,,,,,,,,,,,,,,,,,,,,,,,,
2023,6,16,11,0,23.3,22.5,95.07,,,,,,,,,,,,,,,,,,,,,,,,,,,,,,,,,,,,
2023,6,16,12,0,24.3,21.9,86.73,,,,,,,,,,,,,,,,,,,,,,,,,,,,,,,,,,,,
2023,6,16,13,0,25.7,21,75.42,,,,,,,,,,,,,,,,,,,,,,,,,,,,,,,,,,,,
2023,6,16,14,0,27,20.3,66.66,,,,,,,,,,,,,,,,,,,,,,,,,,,,,,,,,,,,
2023,6,16,15,0,28,20.2,62.61,,,,,,,,,,,,,,,,,,,,,,,,,,,,,,,,,,,,
2023,6,16,16,0,28.6,20.7,62.36,,,,,,,,,,,,,,,,,,,,,,,,,,,,,,,,,,,,
2023,6,16,17,0,29.1,21.2,62.65,,,,,,,,,,,,,,,,,,,,,,,,,,,,,,,,,,,,
2023,6,16,18,0,29.2,21.7,64.02,,,,,,,,,,,,,,,,,,,,,,,,,,,,,,,,,,,,
2023,6,16,19,0,29.1,22,65.78,,,,,,,,,,,,,,,,,,,,,,,,,,,,,,,,,,,,
2023,6,16,20,0,28.9,22.3,67.66,,,,,,,,,,,,,,,,,,,,,,,,,,,,,,,,,,,,
2023,6,16,21,0,28.6,22.5,69.5,,,,,,,,,,,,,,,,,,,,,,,,,,,,,,,,,,,,
2023,6,16,22,0,28.2,22.6,71.62,,,,,,,,,,,,,,,,,,,,,,,,,,,,,,,,,,,,
2023,6,16,23,0,27.5,23,76.53,,,,,,,,,,,,,,,,,,,,,,,,,,,,,,,,,,,,
2023,6,17,0,0,26.3,23.4,84.19,,,,,,,,,,,,,,,,,,,,,,,,,,,,,,,,,,,,
2023,6,17,1,0,25.8,23.5,87.04,,,,,,,,,,,,,,,,,,,,,,,,,,,,,,,,,,,,
2023,6,17,2,0,25.7,23.6,88.16,,,,,,,,,,,,,,,,,,,,,,,,,,,,,,,,,,,,
2023,6,17,3,0,25.5,23.7,89.76,,,,,,,,,,,,,,,,,,,,,,,,,,,,,,,,,,,,
2023,6,17,4,0,25.1,23.7,91.82,,,,,,,,,,,,,,,,,,,,,,,,,,,,,,,,,,,,
2023,6,17,5,0,24.7,23.6,93.5,,,,,,,,,,,,,,,,,,,,,,,,,,,,,,,,,,,,
2023,6,17,6,0,24.3,23.4,94.99,,,,,,,,,,,,,,,,,,,,,,,,,,,,,,,,,,,,
2023,6,17,7,0,24.1,23.1,93.96,,,,,,,,,,,,,,,,,,,,,,,,,,,,,,,,,,,,
2023,6,17,8,0,24,22.4,90.99,,,,,,,,,,,,,,,,,,,,,,,,,,,,,,,,,,,,
2023,6,17,9,0,23.5,22.3,93.04,,,,,,,,,,,,,,,,,,,,,,,,,,,,,,,,,,,,
2023,6,17,10,0,23.1,22.3,95.09,,,,,,,,,,,,,,,,,,,,,,,,,,,,,,,,,,,,
2023,6,17,11,0,23.5,22.1,91.95,,,,,,,,,,,,,,,,,,,,,,,,,,,,,,,,,,,,
2023,6,17,12,0,24.6,21,80.56,,,,,,,,,,,,,,,,,,,,,,,,,,,,,,,,,,,,
2023,6,17,13,0,25.7,19.3,67.78,,,,,,,,,,,,,,,,,,,,,,,,,,,,,,,,,,,,
2023,6,17,14,0,27,18.4,59.5,,,,,,,,,,,,,,,,,,,,,,,,,,,,,,,,,,,,
2023,6,17,15,0,28.3,18.3,54.64,,,,,,,,,,,,,,,,,,,,,,,,,,,,,,,,,,,,
2023,6,17,16,0,29.5,18,50.13,,,,,,,,,,,,,,,,,,,,,,,,,,,,,,,,,,,,
2023,6,17,17,0,30,18.3,49.62,,,,,,,,,,,,,,,,,,,,,,,,,,,,,,,,,,,,
2023,6,17,18,0,30,18.7,50.8,,,,,,,,,,,,,,,,,,,,,,,,,,,,,,,,,,,,
2023,6,17,19,0,29.9,19,52.18,,,,,,,,,,,,,,,,,,,,,,,,,,,,,,,,,,,,
2023,6,17,20,0,29.5,19.4,54.59,,,,,,,,,,,,,,,,,,,,,,,,,,,,,,,,,,,,
2023,6,17,21,0,28.9,19.8,58.06,,,,,,,,,,,,,,,,,,,,,,,,,,,,,,,,,,,,
2023,6,17,22,0,28,20.7,64.43,,,,,,,,,,,,,,,,,,,,,,,,,,,,,,,,,,,,
2023,6,17,23,0,26.6,21.9,75.45,,,,,,,,,,,,,,,,,,,,,,,,,,,,,,,,,,,,
2023,6,18,0,0,25,22.6,86.73,,,,,,,,,,,,,,,,,,,,,,,,,,,,,,,,,,,,
2023,6,18,1,0,24.6,23,90.63,,,,,,,,,,,,,,,,,,,,,,,,,,,,,,,,,,,,
2023,6,18,2,0,24.3,23.4,94.74,,,,,,,,,,,,,,,,,,,,,,,,,,,,,,,,,,,,
2023,6,18,3,0,24.2,23.5,96.02,,,,,,,,,,,,,,,,,,,,,,,,,,,,,,,,,,,,
2023,6,18,4,0,24.2,23.6,96.48,,,,,,,,,,,,,,,,,,,,,,,,,,,,,,,,,,,,
2023,6,18,5,0,24.1,23.7,97.41,,,,,,,,,,,,,,,,,,,,,,,,,,,,,,,,,,,,
2023,6,18,6,0,23.9,23.7,98.72,,,,,,,,,,,,,,,,,,,,,,,,,,,,,,,,,,,,
2023,6,18,7,0,24,23.7,98.05,,,,,,,,,,,,,,,,,,,,,,,,,,,,,,,,,,,,
2023,6,18,8,0,24,23.7,98.22,,,,,,,,,,,,,,,,,,,,,,,,,,,,,,,,,,,,
2023,6,18,9,0,23.9,23.7,98.92,,,,,,,,,,,,,,,,,,,,,,,,,,,,,,,,,,,,
2023,6,18,10,0,23.9,23.8,99.41,,,,,,,,,,,,,,,,,,,,,,,,,,,,,,,,,,,,
2023,6,18,11,0,25,24.2,95.5,,,,,,,,,,,,,,,,,,,,,,,,,,,,,,,,,,,,
2023,6,18,12,0,26.3,23.8,86.04,,,,,,,,,,,,,,,,,,,,,,,,,,,,,,,,,,,,
2023,6,18,13,0,27.6,23,76.14,,,,,,,,,,,,,,,,,,,,,,,,,,,,,,,,,,,,
2023,6,18,14,0,28.6,22.5,69.67,,,,,,,,,,,,,,,,,,,,,,,,,,,,,,,,,,,,
2023,6,18,15,0,29.3,22.2,65.67,,,,,,,,,,,,,,,,,,,,,,,,,,,,,,,,,,,,
2023,6,18,16,0,29.7,22,63.25,,,,,,,,,,,,,,,,,,,,,,,,,,,,,,,,,,,,
2023,6,18,17,0,29.9,21.8,62.02,,,,,,,,,,,,,,,,,,,,,,,,,,,,,,,,,,,,
2023,6,18,18,0,29.9,21.9,62.32,,,,,,,,,,,,,,,,,,,,,,,,,,,,,,,,,,,,
2023,6,18,19,0,29.6,22.1,64.26,,,,,,,,,,,,,,,,,,,,,,,,,,,,,,,,,,,,
2023,6,18,20,0,29.1,22.4,67.4,,,,,,,,,,,,,,,,,,,,,,,,,,,,,,,,,,,,
2023,6,18,21,0,28.7,22.7,70.09,,,,,,,,,,,,,,,,,,,,,,,,,,,,,,,,,,,,
2023,6,18,22,0,28,22.9,74.02,,,,,,,,,,,,,,,,,,,,,,,,,,,,,,,,,,,,
2023,6,18,23,0,27.1,23.4,80.35,,,,,,,,,,,,,,,,,,,,,,,,,,,,,,,,,,,,
2023,6,19,0,0,26,24.1,89.27,,,,,,,,,,,,,,,,,,,,,,,,,,,,,,,,,,,,
2023,6,19,1,0,25.4,24.6,95.06,,,,,,,,,,,,,,,,,,,,,,,,,,,,,,,,,,,,
2023,6,19,2,0,25.2,24.8,97.68,,,,,,,,,,,,,,,,,,,,,,,,,,,,,,,,,,,,
2023,6,19,3,0,25,24.9,99.26,,,,,,,,,,,,,,,,,,,,,,,,,,,,,,,,,,,,
2023,6,19,4,0,25,24.9,99.16,,,,,,,,,,,,,,,,,,,,,,,,,,,,,,,,,,,,
2023,6,19,5,0,24.9,24.8,99.63,,,,,,,,,,,,,,,,,,,,,,,,,,,,,,,,,,,,
2023,6,19,6,0,25,24.8,98.98,,,,,,,,,,,,,,,,,,,,,,,,,,,,,,,,,,,,
2023,6,19,7,0,24.9,24.9,99.74,,,,,,,,,,,,,,,,,,,,,,,,,,,,,,,,,,,,
2023,6,19,8,0,24.8,24.8,100,,,,,,,,,,,,,,,,,,,,,,,,,,,,,,,,,,,,
2023,6,19,9,0,24.7,24.7,100,,,,,,,,,,,,,,,,,,,,,,,,,,,,,,,,,,,,
2023,6,19,10,0,24.7,24.7,100,,,,,,,,,,,,,,,,,,,,,,,,,,,,,,,,,,,,
2023,6,19,11,0,25.4,25,97.7,,,,,,,,,,,,,,,,,,,,,,,,,,,,,,,,,,,,
2023,6,19,12,0,25.8,25.2,96.39,,,,,,,,,,,,,,,,,,,,,,,,,,,,,,,,,,,,
2023,6,19,13,0,26.4,25,92.06,,,,,,,,,,,,,,,,,,,,,,,,,,,,,,,,,,,,
2023,6,19,14,0,27.3,24.3,83.91,,,,,,,,,,,,,,,,,,,,,,,,,,,,,,,,,,,,
2023,6,19,15,0,28,23.8,77.85,,,,,,,,,,,,,,,,,,,,,,,,,,,,,,,,,,,,
2023,6,19,16,0,28.4,23.5,74.95,,,,,,,,,,,,,,,,,,,,,,,,,,,,,,,,,,,,
2023,6,19,17,0,28.4,23.5,74.75,,,,,,,,,,,,,,,,,,,,,,,,,,,,,,,,,,,,
2023,6,19,18,0,28.2,23.6,75.98,,,,,,,,,,,,,,,,,,,,,,,,,,,,,,,,,,,,
2023,6,19,19,0,28.1,23.7,77.08,,,,,,,,,,,,,,,,,,,,,,,,,,,,,,,,,,,,
2023,6,19,20,0,27.5,23.8,80.4,,,,,,,,,,,,,,,,,,,,,,,,,,,,,,,,,,,,
2023,6,19,21,0,26.7,24,85.14,,,,,,,,,,,,,,,,,,,,,,,,,,,,,,,,,,,,
2023,6,19,22,0,25.9,24.2,90.21,,,,,,,,,,,,,,,,,,,,,,,,,,,,,,,,,,,,
2023,6,19,23,0,25.2,24.2,94.14,,,,,,,,,,,,,,,,,,,,,,,,,,,,,,,,,,,,
2023,6,20,0,0,24.7,24,95.98,,,,,,,,,,,,,,,,,,,,,,,,,,,,,,,,,,,,
2023,6,20,1,0,24.4,23.9,96.8,,,,,,,,,,,,,,,,,,,,,,,,,,,,,,,,,,,,
2023,6,20,2,0,24.2,23.7,97.26,,,,,,,,,,,,,,,,,,,,,,,,,,,,,,,,,,,,
2023,6,20,3,0,24.2,23.7,96.86,,,,,,,,,,,,,,,,,,,,,,,,,,,,,,,,,,,,
2023,6,20,4,0,24.3,23.7,96.37,,,,,,,,,,,,,,,,,,,,,,,,,,,,,,,,,,,,
2023,6,20,5,0,24.4,23.8,96.18,,,,,,,,,,,,,,,,,,,,,,,,,,,,,,,,,,,,
2023,6,20,6,0,24.4,23.8,96.45,,,,,,,,,,,,,,,,,,,,,,,,,,,,,,,,,,,,
2023,6,20,7,0,24.4,23.8,96.65,,,,,,,,,,,,,,,,,,,,,,,,,,,,,,,,,,,,
2023,6,20,8,0,24.6,23.9,95.9,,,,,,,,,,,,,,,,,,,,,,,,,,,,,,,,,,,,
2023,6,20,9,0,24.7,24,96.17,,,,,,,,,,,,,,,,,,,,,,,,,,,,,,,,,,,,
2023,6,20,10,0,24.5,24,97.24,,,,,,,,,,,,,,,,,,,,,,,,,,,,,,,,,,,,
2023,6,20,11,0,24.7,24,95.86,,,,,,,,,,,,,,,,,,,,,,,,,,,,,,,,,,,,
2023,6,20,12,0,24.8,23.8,94.45,,,,,,,,,,,,,,,,,,,,,,,,,,,,,,,,,,,,
2023,6,20,13,0,25,23.6,92.05,,,,,,,,,,,,,,,,,,,,,,,,,,,,,,,,,,,,
2023,6,20,14,0,25.3,23,86.89,,,,,,,,,,,,,,,,,,,,,,,,,,,,,,,,,,,,
2023,6,20,15,0,25.9,22.2,79.88,,,,,,,,,,,,,,,,,,,,,,,,,,,,,,,,,,,,
2023,6,20,16,0,26.6,21.7,74.42,,,,,,,,,,,,,,,,,,,,,,,,,,,,,,,,,,,,
2023,6,20,17,0,27,21.5,72.02,,,,,,,,,,,,,,,,,,,,,,,,,,,,,,,,,,,,
2023,6,20,18,0,27.2,21.6,71.52,,,,,,,,,,,,,,,,,,,,,,,,,,,,,,,,,,,,
2023,6,20,19,0,27.2,21.7,72.07,,,,,,,,,,,,,,,,,,,,,,,,,,,,,,,,,,,,
2023,6,20,20,0,27,21.9,73.56,,,,,,,,,,,,,,,,,,,,,,,,,,,,,,,,,,,,
2023,6,20,21,0,26.6,22.1,76.16,,,,,,,,,,,,,,,,,,,,,,,,,,,,,,,,,,,,
2023,6,20,22,0,26.2,22.3,79.37,,,,,,,,,,,,,,,,,,,,,,,,,,,,,,,,,,,,
2023,6,20,23,0,25.7,22.8,84.07,,,,,,,,,,,,,,,,,,,,,,,,,,,,,,,,,,,,
2023,6,21,0,0,24.9,23.2,90.51,,,,,,,,,,,,,,,,,,,,,,,,,,,,,,,,,,,,
2023,6,21,1,0,24.7,23.5,92.91,,,,,,,,,,,,,,,,,,,,,,,,,,,,,,,,,,,,
2023,6,21,2,0,24.7,23.7,94.07,,,,,,,,,,,,,,,,,,,,,,,,,,,,,,,,,,,,
2023,6,21,3,0,24.6,23.8,95.3,,,,,,,,,,,,,,,,,,,,,,,,,,,,,,,,,,,,
2023,6,21,4,0,24.6,23.9,95.83,,,,,,,,,,,,,,,,,,,,,,,,,,,,,,,,,,,,
2023,6,21,5,0,24.5,24,97.16,,,,,,,,,,,,,,,,,,,,,,,,,,,,,,,,,,,,
2023,6,21,6,0,24.4,24.1,98.34,,,,,,,,,,,,,,,,,,,,,,,,,,,,,,,,,,,,
2023,6,21,7,0,24.5,24.2,98.2,,,,,,,,,,,,,,,,,,,,,,,,,,,,,,,,,,,,
2023,6,21,8,0,24.4,24.2,98.93,,,,,,,,,,,,,,,,,,,,,,,,,,,,,,,,,,,,
2023,6,21,9,0,24.3,24.2,99.36,,,,,,,,,,,,,,,,,,,,,,,,,,,,,,,,,,,,
2023,6,21,10,0,24.2,24.1,99.54,,,,,,,,,,,,,,,,,,,,,,,,,,,,,,,,,,,,
2023,6,21,11,0,24.7,24.5,98.57,,,,,,,,,,,,,,,,,,,,,,,,,,,,,,,,,,,,
2023,6,21,12,0,25.4,24.7,95.69,,,,,,,,,,,,,,,,,,,,,,,,,,,,,,,,,,,,
2023,6,21,13,0,26.5,24.5,88.98,,,,,,,,,,,,,,,,,,,,,,,,,,,,,,,,,,,,
2023,6,21,14,0,27.2,23.2,78.7,,,,,,,,,,,,,,,,,,,,,,,,,,,,,,,,,,,,
2023,6,21,15,0,27.7,23,75.39,,,,,,,,,,,,,,,,,,,,,,,,,,,,,,,,,,,,
2023,6,21,16,0,28,23,74.2,,,,,,,,,,,,,,,,,,,,,,,,,,,,,,,,,,,,
2023,6,21,17,0,28.1,23.1,74.17,,,,,,,,,,,,,,,,,,,,,,,,,,,,,,,,,,,,
2023,6,21,18,0,28.2,23.1,74.02,,,,,,,,,,,,,,,,,,,,,,,,,,,,,,,,,,,,
2023,6,21,19,0,28.2,23.2,74.44,,,,,,,,,,,,,,,,,,,,,,,,,,,,,,,,,,,,
2023,6,21,20,0,28,23.5,76.47,,,,,,,,,,,,,,,,,,,,,,,,,,,,,,,,,,,,
2023,6,21,21,0,27.4,23.8,80.97,,,,,,,,,,,,,,,,,,,,,,,,,,,,,,,,,,,,
2023,6,21,22,0,26.6,24.2,86.92,,,,,,,,,,,,,,,,,,,,,,,,,,,,,,,,,,,,
2023,6,21,23,0,25.8,24.5,92.79,,,,,,,,,,,,,,,,,,,,,,,,,,,,,,,,,,,,
2023,6,22,0,0,25.2,24.5,96.13,,,,,,,,,,,,,,,,,,,,,,,,,,,,,,,,,,,,
2023,6,22,1,0,25,24.4,96.23,,,,,,,,,,,,,,,,,,,,,,,,,,,,,,,,,,,,
2023,6,22,2,0,24.8,24.2,96.42,,,,,,,,,,,,,,,,,,,,,,,,,,,,,,,,,,,,
2023,6,22,3,0,24.6,24,96.34,,,,,,,,,,,,,,,,,,,,,,,,,,,,,,,,,,,,
2023,6,22,4,0,24.3,23.7,96.19,,,,,,,,,,,,,,,,,,,,,,,,,,,,,,,,,,,,
2023,6,22,5,0,23.9,23.2,95.96,,,,,,,,,,,,,,,,,,,,,,,,,,,,,,,,,,,,
2023,6,22,6,0,23.7,22.9,95.05,,,,,,,,,,,,,,,,,,,,,,,,,,,,,,,,,,,,
2023,6,22,7,0,23.7,22.8,94.91,,,,,,,,,,,,,,,,,,,,,,,,,,,,,,,,,,,,
2023,6,22,8,0,23.9,23.1,95.07,,,,,,,,,,,,,,,,,,,,,,,,,,,,,,,,,,,,
2023,6,22,9,0,24.2,23.4,95.39,,,,,,,,,,,,,,,,,,,,,,,,,,,,,,,,,,,,
2023,6,22,10,0,24.6,23.7,94.57,,,,,,,,,,,,,,,,,,,,,,,,,,,,,,,,,,,,
2023,6,22,11,0,24.9,23.7,92.84,,,,,,,,,,,,,,,,,,,,,,,,,,,,,,,,,,,,
2023,6,22,12,0,25,23.4,90.93,,,,,,,,,,,,,,,,,,,,,,,,,,,,,,,,,,,,
2023,6,22,13,0,25.1,23.1,88.84,,,,,,,,,,,,,,,,,,,,,,,,,,,,,,,,,,,,
2023,6,22,14,0,25.1,22.7,86.43,,,,,,,,,,,,,,,,,,,,,,,,,,,,,,,,,,,,
2023,6,22,15,0,25.2,22.6,85.49,,,,,,,,,,,,,,,,,,,,,,,,,,,,,,,,,,,,
2023,6,22,16,0,25.2,22.7,86.28,,,,,,,,,,,,,,,,,,,,,,,,,,,,,,,,,,,,
2023,6,22,17,0,25.4,23,86.79,,,,,,,,,,,,,,,,,,,,,,,,,,,,,,,,,,,,
2023,6,22,18,0,25.8,23.3,86.32,,,,,,,,,,,,,,,,,,,,,,,,,,,,,,,,,,,,
2023,6,22,19,0,26.5,23.6,84.37,,,,,,,,,,,,,,,,,,,,,,,,,,,,,,,,,,,,
2023,6,22,20,0,26.3,23.9,86.93,,,,,,,,,,,,,,,,,,,,,,,,,,,,,,,,,,,,
2023,6,22,21,0,26.1,24.5,90.79,,,,,,,,,,,,,,,,,,,,,,,,,,,,,,,,,,,,
2023,6,22,22,0,26.1,24.7,92.04,,,,,,,,,,,,,,,,,,,,,,,,,,,,,,,,,,,,
2023,6,22,23,0,26,24.8,93,,,,,,,,,,,,,,,,,,,,,,,,,,,,,,,,,,,,
2023,6,23,0,0,25.8,24.8,94.01,,,,,,,,,,,,,,,,,,,,,,,,,,,,,,,,,,,,
2023,6,23,1,0,25.7,24.8,94.56,,,,,,,,,,,,,,,,,,,,,,,,,,,,,,,,,,,,
2023,6,23,2,0,25.7,24.8,94.58,,,,,,,,,,,,,,,,,,,,,,,,,,,,,,,,,,,,
2023,6,23,3,0,25.7,24.7,94.44,,,,,,,,,,,,,,,,,,,,,,,,,,,,,,,,,,,,
2023,6,23,4,0,25.6,24.7,94.53,,,,,,,,,,,,,,,,,,,,,,,,,,,,,,,,,,,,
2023,6,23,5,0,25.5,24.5,93.94,,,,,,,,,,,,,,,,,,,,,,,,,,,,,,,,,,,,
2023,6,23,6,0,25.3,24.2,93.59,,,,,,,,,,,,,,,,,,,,,,,,,,,,,,,,,,,,
2023,6,23,7,0,25.1,24,93.81,,,,,,,,,,,,,,,,,,,,,,,,,,,,,,,,,,,,
2023,6,23,8,0,25,23.9,93.36,,,,,,,,,,,,,,,,,,,,,,,,,,,,,,,,,,,,
2023,6,23,9,0,24.9,23.6,92.71,,,,,,,,,,,,,,,,,,,,,,,,,,,,,,,,,,,,
2023,6,23,10,0,24.8,23.6,92.84,,,,,,,,,,,,,,,,,,,,,,,,,,,,,,,,,,,,
2023,6,23,11,0,25,23.7,92.6,,,,,,,,,,,,,,,,,,,,,,,,,,,,,,,,,,,,
2023,6,23,12,0,25.2,23.8,92.08,,,,,,,,,,,,,,,,,,,,,,,,,,,,,,,,,,,,
2023,6,23,13,0,25.4,23.6,90.01,,,,,,,,,,,,,,,,,,,,,,,,,,,,,,,,,,,,
2023,6,23,14,0,25.8,23.3,86.22,,,,,,,,,,,,,,,,,,,,,,,,,,,,,,,,,,,,
2023,6,23,15,0,26.2,23.1,83.24,,,,,,,,,,,,,,,,,,,,,,,,,,,,,,,,,,,,
2023,6,23,16,0,26.7,23,80.14,,,,,,,,,,,,,,,,,,,,,,,,,,,,,,,,,,,,
2023,6,23,17,0,27,22.9,78.26,,,,,,,,,,,,,,,,,,,,,,,,,,,,,,,,,,,,
2023,6,23,18,0,27.3,22.9,76.72,,,,,,,,,,,,,,,,,,,,,,,,,,,,,,,,,,,,
2023,6,23,19,0,27.5,22.9,75.9,,,,,,,,,,,,,,,,,,,,,,,,,,,,,,,,,,,,
2023,6,23,20,0,27.4,23,76.91,,,,,,,,,,,,,,,,,,,,,,,,,,,,,,,,,,,,
2023,6,23,21,0,27.1,23.2,79.12,,,,,,,,,,,,,,,,,,,,,,,,,,,,,,,,,,,,
2023,6,23,22,0,26.8,23.5,81.91,,,,,,,,,,,,,,,,,,,,,,,,,,,,,,,,,,,,
2023,6,23,23,0,26.2,23.9,87.08,,,,,,,,,,,,,,,,,,,,,,,,,,,,,,,,,,,,
2023,6,24,0,0,25.4,24.1,92.71,,,,,,,,,,,,,,,,,,,,,,,,,,,,,,,,,,,,
2023,6,24,1,0,25.1,24.3,95.39,,,,,,,,,,,,,,,,,,,,,,,,,,,,,,,,,,,,
2023,6,24,2,0,25,24.5,96.93,,,,,,,,,,,,,,,,,,,,,,,,,,,,,,,,,,,,
2023,6,24,3,0,24.9,24.6,98.14,,,,,,,,,,,,,,,,,,,,,,,,,,,,,,,,,,,,
2023,6,24,4,0,24.8,24.7,99.14,,,,,,,,,,,,,,,,,,,,,,,,,,,,,,,,,,,,
2023,6,24,5,0,24.7,24.6,99.68,,,,,,,,,,,,,,,,,,,,,,,,,,,,,,,,,,,,
2023,6,24,6,0,24.6,24.6,100,,,,,,,,,,,,,,,,,,,,,,,,,,,,,,,,,,,,
2023,6,24,7,0,24.7,24.6,99.39,,,,,,,,,,,,,,,,,,,,,,,,,,,,,,,,,,,,
2023,6,24,8,0,24.7,24.5,98.88,,,,,,,,,,,,,,,,,,,,,,,,,,,,,,,,,,,,
2023,6,24,9,0,24.6,24.4,98.75,,,,,,,,,,,,,,,,,,,,,,,,,,,,,,,,,,,,
2023,6,24,10,0,24.5,24.3,98.71,,,,,,,,,,,,,,,,,,,,,,,,,,,,,,,,,,,,
2023,6,24,11,0,24.9,24.4,96.77,,,,,,,,,,,,,,,,,,,,,,,,,,,,,,,,,,,,
2023,6,24,12,0,25.6,24,90.89,,,,,,,,,,,,,,,,,,,,,,,,,,,,,,,,,,,,
2023,6,24,13,0,26.7,23,80.41,,,,,,,,,,,,,,,,,,,,,,,,,,,,,,,,,,,,
2023,6,24,14,0,27.6,22.3,73.01,,,,,,,,,,,,,,,,,,,,,,,,,,,,,,,,,,,,
2023,6,24,15,0,28.5,22.1,68.18,,,,,,,,,,,,,,,,,,,,,,,,,,,,,,,,,,,,
2023,6,24,16,0,29.1,21.9,65.35,,,,,,,,,,,,,,,,,,,,,,,,,,,,,,,,,,,,
2023,6,24,17,0,29.5,21.8,63.47,,,,,,,,,,,,,,,,,,,,,,,,,,,,,,,,,,,,
2023,6,24,18,0,29.5,21.8,63.37,,,,,,,,,,,,,,,,,,,,,,,,,,,,,,,,,,,,
2023,6,24,19,0,29.4,21.9,64.17,,,,,,,,,,,,,,,,,,,,,,,,,,,,,,,,,,,,
2023,6,24,20,0,29,22.2,66.61,,,,,,,,,,,,,,,,,,,,,,,,,,,,,,,,,,,,
2023,6,24,21,0,28.5,22.5,70.2,,,,,,,,,,,,,,,,,,,,,,,,,,,,,,,,,,,,
2023,6,24,22,0,27.9,23.1,75.23,,,,,,,,,,,,,,,,,,,,,,,,,,,,,,,,,,,,
2023,6,24,23,0,27.1,23.8,82.09,,,,,,,,,,,,,,,,,,,,,,,,,,,,,,,,,,,,
2023,6,25,0,0,26.2,24.1,87.99,,,,,,,,,,,,,,,,,,,,,,,,,,,,,,,,,,,,
2023,6,25,1,0,25.9,24.2,90.18,,,,,,,,,,,,,,,,,,,,,,,,,,,,,,,,,,,,
2023,6,25,2,0,25.7,24.4,92.39,,,,,,,,,,,,,,,,,,,,,,,,,,,,,,,,,,,,
2023,6,25,3,0,25.4,24.4,94.49,,,,,,,,,,,,,,,,,,,,,,,,,,,,,,,,,,,,
2023,6,25,4,0,25.1,24.4,96.11,,,,,,,,,,,,,,,,,,,,,,,,,,,,,,,,,,,,
2023,6,25,5,0,24.8,24.5,98.01,,,,,,,,,,,,,,,,,,,,,,,,,,,,,,,,,,,,
2023,6,25,6,0,24.6,24.4,98.95,,,,,,,,,,,,,,,,,,,,,,,,,,,,,,,,,,,,
2023,6,25,7,0,24.3,24.3,100,,,,,,,,,,,,,,,,,,,,,,,,,,,,,,,,,,,,
2023,6,25,8,0,24,24,100,,,,,,,,,,,,,,,,,,,,,,,,,,,,,,,,,,,,
2023,6,25,9,0,23.7,23.7,100,,,,,,,,,,,,,,,,,,,,,,,,,,,,,,,,,,,,
2023,6,25,10,0,23.6,23.5,99.66,,,,,,,,,,,,,,,,,,,,,,,,,,,,,,,,,,,,
2023,6,25,11,0,24.2,23.5,95.65,,,,,,,,,,,,,,,,,,,,,,,,,,,,,,,,,,,,
2023,6,25,12,0,25.4,23.3,88.1,,,,,,,,,,,,,,,,,,,,,,,,,,,,,,,,,,,,
2023,6,25,13,0,27.1,22.7,76.99,,,,,,,,,,,,,,,,,,,,,,,,,,,,,,,,,,,,
2023,6,25,14,0,28.7,22.3,68.23,,,,,,,,,,,,,,,,,,,,,,,,,,,,,,,,,,,,
2023,6,25,15,0,29.7,21.8,62.75,,,,,,,,,,,,,,,,,,,,,,,,,,,,,,,,,,,,
2023,6,25,16,0,30.5,21.8,59.6,,,,,,,,,,,,,,,,,,,,,,,,,,,,,,,,,,,,
2023,6,25,17,0,30.7,22,59.91,,,,,,,,,,,,,,,,,,,,,,,,,,,,,,,,,,,,
2023,6,25,18,0,30.7,22.3,60.89,,,,,,,,,,,,,,,,,,,,,,,,,,,,,,,,,,,,
2023,6,25,19,0,30.5,22.5,62.43,,,,,,,,,,,,,,,,,,,,,,,,,,,,,,,,,,,,
2023,6,25,20,0,30.3,22.7,63.95,,,,,,,,,,,,,,,,,,,,,,,,,,,,,,,,,,,,
2023,6,25,21,0,30.2,22.9,65.1,,,,,,,,,,,,,,,,,,,,,,,,,,,,,,,,,,,,
2023,6,25,22,0,29.6,23.7,70.64,,,,,,,,,,,,,,,,,,,,,,,,,,,,,,,,,,,,
2023,6,25,23,0,28.5,24.4,78.42,,,,,,,,,,,,,,,,,,,,,,,,,,,,,,,,,,,,
2023,6,26,0,0,27,25.1,89.3,,,,,,,,,,,,,,,,,,,,,,,,,,,,,,,,,,,,
2023,6,26,1,0,26.3,25,92.54,,,,,,,,,,,,,,,,,,,,,,,,,,,,,,,,,,,,
2023,6,26,2,0,26.1,25.2,94.8,,,,,,,,,,,,,,,,,,,,,,,,,,,,,,,,,,,,
2023,6,26,3,0,26.1,25.5,96.27,,,,,,,,,,,,,,,,,,,,,,,,,,,,,,,,,,,,
2023,6,26,4,0,25.9,25.6,98.42,,,,,,,,,,,,,,,,,,,,,,,,,,,,,,,,,,,,
2023,6,26,5,0,25.7,25.6,99.64,,,,,,,,,,,,,,,,,,,,,,,,,,,,,,,,,,,,
2023,6,26,6,0,25.6,25.5,99.44,,,,,,,,,,,,,,,,,,,,,,,,,,,,,,,,,,,,
2023,6,26,7,0,25.3,25.3,100,,,,,,,,,,,,,,,,,,,,,,,,,,,,,,,,,,,,
2023,6,26,8,0,25.2,25,99.05,,,,,,,,,,,,,,,,,,,,,,,,,,,,,,,,,,,,
2023,6,26,9,0,24.9,24.8,99.16,,,,,,,,,,,,,,,,,,,,,,,,,,,,,,,,,,,,
2023,6,26,10,0,24.9,24.6,98.1,,,,,,,,,,,,,,,,,,,,,,,,,,,,,,,,,,,,
2023,6,26,11,0,25.3,24.6,95.63,,,,,,,,,,,,,,,,,,,,,,,,,,,,,,,,,,,,
2023,6,26,12,0,25.9,24.4,91.31,,,,,,,,,,,,,,,,,,,,,,,,,,,,,,,,,,,,
2023,6,26,13,0,26.7,24.1,85.6,,,,,,,,,,,,,,,,,,,,,,,,,,,,,,,,,,,,
2023,6,26,14,0,27.5,23.6,79.36,,,,,,,,,,,,,,,,,,,,,,,,,,,,,,,,,,,,
2023,6,26,15,0,28.2,23.2,74.33,,,,,,,,,,,,,,,,,,,,,,,,,,,,,,,,,,,,
2023,6,26,16,0,28.9,23,70.6,,,,,,,,,,,,,,,,,,,,,,,,,,,,,,,,,,,,
2023,6,26,17,0,29.7,23.2,68.23,,,,,,,,,,,,,,,,,,,,,,,,,,,,,,,,,,,,
2023,6,26,18,0,30.1,23.6,68.32,,,,,,,,,,,,,,,,,,,,,,,,,,,,,,,,,,,,
2023,6,26,19,0,30.1,24,70.06,,,,,,,,,,,,,,,,,,,,,,,,,,,,,,,,,,,,
2023,6,26,20,0,29.9,24.4,72.22,,,,,,,,,,,,,,,,,,,,,,,,,,,,,,,,,,,,
2023,6,26,21,0,29.4,24.6,75.57,,,,,,,,,,,,,,,,,,,,,,,,,,,,,,,,,,,,
2023,6,26,22,0,28.8,25,79.91,,,,,,,,,,,,,,,,,,,,,,,,,,,,,,,,,,,,
2023,6,26,23,0,28,25.2,84.82,,,,,,,,,,,,,,,,,,,,,,,,,,,,,,,,,,,,
2023,6,27,0,0,27.3,25.2,88.36,,,,,,,,,,,,,,,,,,,,,,,,,,,,,,,,,,,,
2023,6,27,1,0,27.1,25.2,89.62,,,,,,,,,,,,,,,,,,,,,,,,,,,,,,,,,,,,
2023,6,27,2,0,27.1,25.4,90.21,,,,,,,,,,,,,,,,,,,,,,,,,,,,,,,,,,,,
2023,6,27,3,0,27.1,25.4,90.5,,,,,,,,,,,,,,,,,,,,,,,,,,,,,,,,,,,,
2023,6,27,4,0,27.2,25.3,89.38,,,,,,,,,,,,,,,,,,,,,,,,,,,,,,,,,,,,
2023,6,27,5,0,27.1,25.4,90.29,,,,,,,,,,,,,,,,,,,,,,,,,,,,,,,,,,,,
2023,6,27,6,0,27,25.4,91.19,,,,,,,,,,,,,,,,,,,,,,,,,,,,,,,,,,,,
2023,6,27,7,0,26.8,25.5,92.4,,,,,,,,,,,,,,,,,,,,,,,,,,,,,,,,,,,,
2023,6,27,8,0,26.6,25.4,93.35,,,,,,,,,,,,,,,,,,,,,,,,,,,,,,,,,,,,
2023,6,27,9,0,26.2,25.4,95.62,,,,,,,,,,,,,,,,,,,,,,,,,,,,,,,,,,,,
2023,6,27,10,0,25.9,25.6,98.01,,,,,,,,,,,,,,,,,,,,,,,,,,,,,,,,,,,,
2023,6,27,11,0,26.5,25.9,96.33,,,,,,,,,,,,,,,,,,,,,,,,,,,,,,,,,,,,
2023,6,27,12,0,27.3,25.9,92.32,,,,,,,,,,,,,,,,,,,,,,,,,,,,,,,,,,,,
2023,6,27,13,0,28.5,25.4,83.29,,,,,,,,,,,,,,,,,,,,,,,,,,,,,,,,,,,,
2023,6,27,14,0,29.4,24.2,73.62,,,,,,,,,,,,,,,,,,,,,,,,,,,,,,,,,,,,
2023,6,27,15,0,30.3,23.1,65.4,,,,,,,,,,,,,,,,,,,,,,,,,,,,,,,,,,,,
2023,6,27,16,0,30.8,22.3,60.61,,,,,,,,,,,,,,,,,,,,,,,,,,,,,,,,,,,,
2023,6,27,17,0,31.2,22,58.24,,,,,,,,,,,,,,,,,,,,,,,,,,,,,,,,,,,,
2023,6,27,18,0,31.3,22,57.94,,,,,,,,,,,,,,,,,,,,,,,,,,,,,,,,,,,,
2023,6,27,19,0,31.3,22.2,58.35,,,,,,,,,,,,,,,,,,,,,,,,,,,,,,,,,,,,
2023,6,27,20,0,31,22.3,59.9,,,,,,,,,,,,,,,,,,,,,,,,,,,,,,,,,,,,
2023,6,27,21,0,30.6,22.5,62.08,,,,,,,,,,,,,,,,,,,,,,,,,,,,,,,,,,,,
2023,6,27,22,0,29.9,23,66.44,,,,,,,,,,,,,,,,,,,,,,,,,,,,,,,,,,,,
2023,6,27,23,0,28.8,24.1,75.83,,,,,,,,,,,,,,,,,,,,,,,,,,,,,,,,,,,,
2023,6,28,0,0,27.3,24.5,84.78,,,,,,,,,,,,,,,,,,,,,,,,,,,,,,,,,,,,
2023,6,28,1,0,26.8,24.5,86.99,,,,,,,,,,,,,,,,,,,,,,,,,,,,,,,,,,,,
2023,6,28,2,0,26.5,24.4,88.39,,,,,,,,,,,,,,,,,,,,,,,,,,,,,,,,,,,,
2023,6,28,3,0,26.2,24.4,89.83,,,,,,,,,,,,,,,,,,,,,,,,,,,,,,,,,,,,
2023,6,28,4,0,25.8,24.4,91.9,,,,,,,,,,,,,,,,,,,,,,,,,,,,,,,,,,,,
2023,6,28,5,0,25.4,24.3,93.73,,,,,,,,,,,,,,,,,,,,,,,,,,,,,,,,,,,,
2023,6,28,6,0,25,24.2,95.27,,,,,,,,,,,,,,,,,,,,,,,,,,,,,,,,,,,,
2023,6,28,7,0,24.6,24.1,96.88,,,,,,,,,,,,,,,,,,,,,,,,,,,,,,,,,,,,
2023,6,28,8,0,24.1,23.9,98.64,,,,,,,,,,,,,,,,,,,,,,,,,,,,,,,,,,,,
2023,6,28,9,0,23.7,23.6,99.35,,,,,,,,,,,,,,,,,,,,,,,,,,,,,,,,,,,,
2023,6,28,10,0,23.7,23.4,98.35,,,,,,,,,,,,,,,,,,,,,,,,,,,,,,,,,,,,
2023,6,28,11,0,24.8,23.5,92.6,,,,,,,,,,,,,,,,,,,,,,,,,,,,,,,,,,,,
2023,6,28,12,0,26.2,23.4,84.74,,,,,,,,,,,,,,,,,,,,,,,,,,,,,,,,,,,,
2023,6,28,13,0,28.2,22.6,71.68,,,,,,,,,,,,,,,,,,,,,,,,,,,,,,,,,,,,
2023,6,28,14,0,29.7,21.8,62.72,,,,,,,,,,,,,,,,,,,,,,,,,,,,,,,,,,,,
2023,6,28,15,0,30.7,21.2,56.88,,,,,,,,,,,,,,,,,,,,,,,,,,,,,,,,,,,,
2023,6,28,16,0,31.5,20.8,53.16,,,,,,,,,,,,,,,,,,,,,,,,,,,,,,,,,,,,
2023,6,28,17,0,32,20.7,51.3,,,,,,,,,,,,,,,,,,,,,,,,,,,,,,,,,,,,
2023,6,28,18,0,32.3,20.2,48.94,,,,,,,,,,,,,,,,,,,,,,,,,,,,,,,,,,,,
2023,6,28,19,0,32,20.8,51.58,,,,,,,,,,,,,,,,,,,,,,,,,,,,,,,,,,,,
2023,6,28,20,0,31.5,21.2,54.47,,,,,,,,,,,,,,,,,,,,,,,,,,,,,,,,,,,,
2023,6,28,21,0,30.8,22,59.62,,,,,,,,,,,,,,,,,,,,,,,,,,,,,,,,,,,,
2023,6,28,22,0,30.1,23.2,66.6,,,,,,,,,,,,,,,,,,,,,,,,,,,,,,,,,,,,
2023,6,28,23,0,28.9,24.1,75.56,,,,,,,,,,,,,,,,,,,,,,,,,,,,,,,,,,,,
2023,6,29,0,0,27.5,24.9,85.77,,,,,,,,,,,,,,,,,,,,,,,,,,,,,,,,,,,,
2023,6,29,1,0,27,24.9,88.29,,,,,,,,,,,,,,,,,,,,,,,,,,,,,,,,,,,,
2023,6,29,2,0,26.5,25.1,91.95,,,,,,,,,,,,,,,,,,,,,,,,,,,,,,,,,,,,
2023,6,29,3,0,26.3,25.1,93.22,,,,,,,,,,,,,,,,,,,,,,,,,,,,,,,,,,,,
2023,6,29,4,0,26.2,25,93.19,,,,,,,,,,,,,,,,,,,,,,,,,,,,,,,,,,,,
2023,6,29,5,0,26.1,25,93.57,,,,,,,,,,,,,,,,,,,,,,,,,,,,,,,,,,,,
2023,6,29,6,0,26.1,25,93.73,,,,,,,,,,,,,,,,,,,,,,,,,,,,,,,,,,,,
2023,6,29,7,0,26,25,94.4,,,,,,,,,,,,,,,,,,,,,,,,,,,,,,,,,,,,
2023,6,29,8,0,25.9,25,94.99,,,,,,,,,,,,,,,,,,,,,,,,,,,,,,,,,,,,
2023,6,29,9,0,25.6,25.1,96.79,,,,,,,,,,,,,,,,,,,,,,,,,,,,,,,,,,,,
2023,6,29,10,0,25.3,25,98.37,,,,,,,,,,,,,,,,,,,,,,,,,,,,,,,,,,,,
2023,6,29,11,0,26.3,25.5,95.44,,,,,,,,,,,,,,,,,,,,,,,,,,,,,,,,,,,,
2023,6,29,12,0,27.8,24.3,81.23,,,,,,,,,,,,,,,,,,,,,,,,,,,,,,,,,,,,
2023,6,29,13,0,29.1,22.2,66.32,,,,,,,,,,,,,,,,,,,,,,,,,,,,,,,,,,,,
2023,6,29,14,0,29.9,21.7,61.34,,,,,,,,,,,,,,,,,,,,,,,,,,,,,,,,,,,,
2023,6,29,15,0,30.6,21.7,59.07,,,,,,,,,,,,,,,,,,,,,,,,,,,,,,,,,,,,
2023,6,29,16,0,31.1,21.8,57.73,,,,,,,,,,,,,,,,,,,,,,,,,,,,,,,,,,,,
2023,6,29,17,0,31.4,21.9,57.14,,,,,,,,,,,,,,,,,,,,,,,,,,,,,,,,,,,,
2023,6,29,18,0,31.4,22,57.56,,,,,,,,,,,,,,,,,,,,,,,,,,,,,,,,,,,,
2023,6,29,19,0,31.1,22.2,59.36,,,,,,,,,,,,,,,,,,,,,,,,,,,,,,,,,,,,
2023,6,29,20,0,30.8,22.5,61.37,,,,,,,,,,,,,,,,,,,,,,,,,,,,,,,,,,,,
2023,6,29,21,0,30.2,22.6,64.02,,,,,,,,,,,,,,,,,,,,,,,,,,,,,,,,,,,,
2023,6,29,22,0,29.8,22.9,66.5,,,,,,,,,,,,,,,,,,,,,,,,,,,,,,,,,,,,
2023,6,29,23,0,28.9,23.2,71.5,,,,,,,,,,,,,,,,,,,,,,,,,,,,,,,,,,,,
2023,6,30,0,0,27.2,24.3,84.04,,,,,,,,,,,,,,,,,,,,,,,,,,,,,,,,,,,,
2023,6,30,1,0,26.5,24.2,87.41,,,,,,,,,,,,,,,,,,,,,,,,,,,,,,,,,,,,
2023,6,30,2,0,26.2,24.1,88.33,,,,,,,,,,,,,,,,,,,,,,,,,,,,,,,,,,,,
2023,6,30,3,0,26,24.1,89.17,,,,,,,,,,,,,,,,,,,,,,,,,,,,,,,,,,,,
2023,6,30,4,0,25.8,24.1,90.37,,,,,,,,,,,,,,,,,,,,,,,,,,,,,,,,,,,,
2023,6,30,5,0,25.5,24,91.57,,,,,,,,,,,,,,,,,,,,,,,,,,,,,,,,,,,,
2023,6,30,6,0,25.3,23.8,91.27,,,,,,,,,,,,,,,,,,,,,,,,,,,,,,,,,,,,
2023,6,30,7,0,25.1,23.6,91.33,,,,,,,,,,,,,,,,,,,,,,,,,,,,,,,,,,,,
2023,6,30,8,0,25.2,23.4,89.75,,,,,,,,,,,,,,,,,,,,,,,,,,,,,,,,,,,,
2023,6,30,9,0,25.7,23.2,86.29,,,,,,,,,,,,,,,,,,,,,,,,,,,,,,,,,,,,
2023,6,30,10,0,25.8,23.3,86.37,,,,,,,,,,,,,,,,,,,,,,,,,,,,,,,,,,,,
2023,6,30,11,0,26.5,24,86.18,,,,,,,,,,,,,,,,,,,,,,,,,,,,,,,,,,,,
2023,6,30,12,0,27.7,23.2,76.54,,,,,,,,,,,,,,,,,,,,,,,,,,,,,,,,,,,,
2023,6,30,13,0,28.6,22.4,69.35,,,,,,,,,,,,,,,,,,,,,,,,,,,,,,,,,,,,
2023,6,30,14,0,29.5,22.2,64.71,,,,,,,,,,,,,,,,,,,,,,,,,,,,,,,,,,,,
2023,6,30,15,0,30,22.1,62.58,,,,,,,,,,,,,,,,,,,,,,,,,,,,,,,,,,,,
2023,6,30,16,0,30.1,22.1,62.25,,,,,,,,,,,,,,,,,,,,,,,,,,,,,,,,,,,,
2023,6,30,17,0,30,22.2,63.12,,,,,,,,,,,,,,,,,,,,,,,,,,,,,,,,,,,,
2023,6,30,18,0,29.9,22.3,63.81,,,,,,,,,,,,,,,,,,,,,,,,,,,,,,,,,,,,
2023,6,30,19,0,29.9,22.4,64.21,,,,,,,,,,,,,,,,,,,,,,,,,,,,,,,,,,,,
2023,6,30,20,0,30,22.4,64,,,,,,,,,,,,,,,,,,,,,,,,,,,,,,,,,,,,
2023,6,30,21,0,29.6,22.6,66.16,,,,,,,,,,,,,,,,,,,,,,,,,,,,,,,,,,,,
2023,6,30,22,0,28.8,23.1,71.53,,,,,,,,,,,,,,,,,,,,,,,,,,,,,,,,,,,,
2023,6,30,23,0,27.9,23.6,77.4,,,,,,,,,,,,,,,,,,,,,,,,,,,,,,,,,,,,
2023,7,1,0,0,27.1,23.9,82.66,,,,,,,,,,,,,,,,,,,,,,,,,,,,,,,,,,,,
2023,7,1,1,0,26.7,24.1,85.74,,,,,,,,,,,,,,,,,,,,,,,,,,,,,,,,,,,,
2023,7,1,2,0,26.5,24.3,87.61,,,,,,,,,,,,,,,,,,,,,,,,,,,,,,,,,,,,
2023,7,1,3,0,26.4,24.4,88.61,,,,,,,,,,,,,,,,,,,,,,,,,,,,,,,,,,,,
2023,7,1,4,0,26.3,24.4,89.49,,,,,,,,,,,,,,,,,,,,,,,,,,,,,,,,,,,,
2023,7,1,5,0,26.3,24.5,89.98,,,,,,,,,,,,,,,,,,,,,,,,,,,,,,,,,,,,
2023,7,1,6,0,26.3,24.5,90.03,,,,,,,,,,,,,,,,,,,,,,,,,,,,,,,,,,,,
2023,7,1,7,0,26.3,24.4,89.41,,,,,,,,,,,,,,,,,,,,,,,,,,,,,,,,,,,,
2023,7,1,8,0,26.2,24.2,88.97,,,,,,,,,,,,,,,,,,,,,,,,,,,,,,,,,,,,
2023,7,1,9,0,26.1,24.2,89.04,,,,,,,,,,,,,,,,,,,,,,,,,,,,,,,,,,,,
2023,7,1,10,0,26.1,24.3,89.77,,,,,,,,,,,,,,,,,,,,,,,,,,,,,,,,,,,,
2023,7,1,11,0,27,24.6,86.97,,,,,,,,,,,,,,,,,,,,,,,,,,,,,,,,,,,,
2023,7,1,12,0,28.3,23.6,75.8,,,,,,,,,,,,,,,,,,,,,,,,,,,,,,,,,,,,
2023,7,1,13,0,29.1,22.7,68.36,,,,,,,,,,,,,,,,,,,,,,,,,,,,,,,,,,,,
2023,7,1,14,0,30.2,22.5,63.29,,,,,,,,,,,,,,,,,,,,,,,,,,,,,,,,,,,,
2023,7,1,15,0,30.9,22.7,61.67,,,,,,,,,,,,,,,,,,,,,,,,,,,,,,,,,,,,
2023,7,1,16,0,31.1,23,62.33,,,,,,,,,,,,,,,,,,,,,,,,,,,,,,,,,,,,
2023,7,1,17,0,31.3,23.3,62.51,,,,,,,,,,,,,,,,,,,,,,,,,,,,,,,,,,,,
2023,7,1,18,0,31,23.4,64.13,,,,,,,,,,,,,,,,,,,,,,,,,,,,,,,,,,,,
2023,7,1,19,0,30.7,23.5,65.45,,,,,,,,,,,,,,,,,,,,,,,,,,,,,,,,,,,,
2023,7,1,20,0,30.3,23.4,66.69,,,,,,,,,,,,,,,,,,,,,,,,,,,,,,,,,,,,
2023,7,1,21,0,29.7,23.4,68.9,,,,,,,,,,,,,,,,,,,,,,,,,,,,,,,,,,,,
2023,7,1,22,0,29.1,23.5,71.92,,,,,,,,,,,,,,,,,,,,,,,,,,,,,,,,,,,,
2023,7,1,23,0,28.4,23.9,76.58,,,,,,,,,,,,,,,,,,,,,,,,,,,,,,,,,,,,
2023,7,2,0,0,27.5,24.3,82.87,,,,,,,,,,,,,,,,,,,,,,,,,,,,,,,,,,,,
2023,7,2,1,0,27.2,24.5,85.05,,,,,,,,,,,,,,,,,,,,,,,,,,,,,,,,,,,,
2023,7,2,2,0,27,24.6,86.92,,,,,,,,,,,,,,,,,,,,,,,,,,,,,,,,,,,,
2023,7,2,3,0,26.9,24.7,87.82,,,,,,,,,,,,,,,,,,,,,,,,,,,,,,,,,,,,
2023,7,2,4,0,26.7,24.8,89.08,,,,,,,,,,,,,,,,,,,,,,,,,,,,,,,,,,,,
2023,7,2,5,0,26.6,24.8,90.04,,,,,,,,,,,,,,,,,,,,,,,,,,,,,,,,,,,,
2023,7,2,6,0,26.4,25,91.95,,,,,,,,,,,,,,,,,,,,,,,,,,,,,,,,,,,,
2023,7,2,7,0,26.3,25.1,93.25,,,,,,,,,,,,,,,,,,,,,,,,,,,,,,,,,,,,
2023,7,2,8,0,26.2,25.2,94.32,,,,,,,,,,,,,,,,,,,,,,,,,,,,,,,,,,,,
2023,7,2,9,0,26,25.2,95.64,,,,,,,,,,,,,,,,,,,,,,,,,,,,,,,,,,,,
2023,7,2,10,0,26.1,25.3,95.6,,,,,,,,,,,,,,,,,,,,,,,,,,,,,,,,,,,,
2023,7,2,11,0,27.1,25.7,91.88,,,,,,,,,,,,,,,,,,,,,,,,,,,,,,,,,,,,
2023,7,2,12,0,27.8,25.5,87.39,,,,,,,,,,,,,,,,,,,,,,,,,,,,,,,,,,,,
2023,7,2,13,0,28.6,24.8,80.01,,,,,,,,,,,,,,,,,,,,,,,,,,,,,,,,,,,,
2023,7,2,14,0,29.5,24.2,73.07,,,,,,,,,,,,,,,,,,,,,,,,,,,,,,,,,,,,
2023,7,2,15,0,30.4,23.9,68.48,,,,,,,,,,,,,,,,,,,,,,,,,,,,,,,,,,,,
2023,7,2,16,0,31.1,23.8,65.23,,,,,,,,,,,,,,,,,,,,,,,,,,,,,,,,,,,,
2023,7,2,17,0,31.7,23.7,62.53,,,,,,,,,,,,,,,,,,,,,,,,,,,,,,,,,,,,
2023,7,2,18,0,32,23.6,61.27,,,,,,,,,,,,,,,,,,,,,,,,,,,,,,,,,,,,
2023,7,2,19,0,31.9,23.6,61.67,,,,,,,,,,,,,,,,,,,,,,,,,,,,,,,,,,,,
2023,7,2,20,0,31.4,23.7,63.91,,,,,,,,,,,,,,,,,,,,,,,,,,,,,,,,,,,,
2023,7,2,21,0,30.8,24,67.05,,,,,,,,,,,,,,,,,,,,,,,,,,,,,,,,,,,,
2023,7,2,22,0,30,24.3,71.7,,,,,,,,,,,,,,,,,,,,,,,,,,,,,,,,,,,,
2023,7,2,23,0,28.9,24.8,78.64,,,,,,,,,,,,,,,,,,,,,,,,,,,,,,,,,,,,
2023,7,3,0,0,27.9,25.1,85.03,,,,,,,,,,,,,,,,,,,,,,,,,,,,,,,,,,,,
2023,7,3,1,0,27.4,25.5,89.49,,,,,,,,,,,,,,,,,,,,,,,,,,,,,,,,,,,,
2023,7,3,2,0,27.2,25.8,91.99,,,,,,,,,,,,,,,,,,,,,,,,,,,,,,,,,,,,
2023,7,3,3,0,27,25.9,93.59,,,,,,,,,,,,,,,,,,,,,,,,,,,,,,,,,,,,
2023,7,3,4,0,26.9,25.9,94.04,,,,,,,,,,,,,,,,,,,,,,,,,,,,,,,,,,,,
2023,7,3,5,0,26.7,25.9,95.12,,,,,,,,,,,,,,,,,,,,,,,,,,,,,,,,,,,,
2023,7,3,6,0,26.7,25.8,94.98,,,,,,,,,,,,,,,,,,,,,,,,,,,,,,,,,,,,
2023,7,3,7,0,26.5,25.8,96.05,,,,,,,,,,,,,,,,,,,,,,,,,,,,,,,,,,,,
2023,7,3,8,0,26.3,25.8,96.95,,,,,,,,,,,,,,,,,,,,,,,,,,,,,,,,,,,,
2023,7,3,9,0,26.1,25.7,97.76,,,,,,,,,,,,,,,,,,,,,,,,,,,,,,,,,,,,
2023,7,3,10,0,26.1,25.7,97.66,,,,,,,,,,,,,,,,,,,,,,,,,,,,,,,,,,,,
2023,7,3,11,0,27.1,25.9,93.01,,,,,,,,,,,,,,,,,,,,,,,,,,,,,,,,,,,,
2023,7,3,12,0,28,25.5,86.37,,,,,,,,,,,,,,,,,,,,,,,,,,,,,,,,,,,,
2023,7,3,13,0,29.1,24.8,77.87,,,,,,,,,,,,,,,,,,,,,,,,,,,,,,,,,,,,
2023,7,3,14,0,30.1,24.6,72.63,,,,,,,,,,,,,,,,,,,,,,,,,,,,,,,,,,,,
2023,7,3,15,0,30.9,24.7,69.51,,,,,,,,,,,,,,,,,,,,,,,,,,,,,,,,,,,,
2023,7,3,16,0,31.3,24.6,67.59,,,,,,,,,,,,,,,,,,,,,,,,,,,,,,,,,,,,
2023,7,3,17,0,31.5,24.6,66.69,,,,,,,,,,,,,,,,,,,,,,,,,,,,,,,,,,,,
2023,7,3,18,0,31.4,24.5,66.97,,,,,,,,,,,,,,,,,,,,,,,,,,,,,,,,,,,,
2023,7,3,19,0,31.2,24.5,67.79,,,,,,,,,,,,,,,,,,,,,,,,,,,,,,,,,,,,
2023,7,3,20,0,30.8,24.6,69.79,,,,,,,,,,,,,,,,,,,,,,,,,,,,,,,,,,,,
2023,7,3,21,0,30.2,24.9,73.24,,,,,,,,,,,,,,,,,,,,,,,,,,,,,,,,,,,,
2023,7,3,22,0,29.4,25.3,78.46,,,,,,,,,,,,,,,,,,,,,,,,,,,,,,,,,,,,
2023,7,3,23,0,28.6,25.7,84.33,,,,,,,,,,,,,,,,,,,,,,,,,,,,,,,,,,,,
2023,7,4,0,0,27.9,26,89.5,,,,,,,,,,,,,,,,,,,,,,,,,,,,,,,,,,,,
2023,7,4,1,0,27.6,26.2,92.21,,,,,,,,,,,,,,,,,,,,,,,,,,,,,,,,,,,,
2023,7,4,2,0,27.4,26.3,93.97,,,,,,,,,,,,,,,,,,,,,,,,,,,,,,,,,,,,
2023,7,4,3,0,27.3,26.4,94.81,,,,,,,,,,,,,,,,,,,,,,,,,,,,,,,,,,,,
2023,7,4,4,0,27.2,26.4,95.38,,,,,,,,,,,,,,,,,,,,,,,,,,,,,,,,,,,,
2023,7,4,5,0,27.1,26.4,95.85,,,,,,,,,,,,,,,,,,,,,,,,,,,,,,,,,,,,
2023,7,4,6,0,27.1,26.3,95.6,,,,,,,,,,,,,,,,,,,,,,,,,,,,,,,,,,,,
2023,7,4,7,0,27,26.3,95.71,,,,,,,,,,,,,,,,,,,,,,,,,,,,,,,,,,,,
2023,7,4,8,0,26.9,26.2,95.68,,,,,,,,,,,,,,,,,,,,,,,,,,,,,,,,,,,,
2023,7,4,9,0,26.8,26.1,95.85,,,,,,,,,,,,,,,,,,,,,,,,,,,,,,,,,,,,
2023,7,4,10,0,26.8,26.1,96.06,,,,,,,,,,,,,,,,,,,,,,,,,,,,,,,,,,,,
2023,7,4,11,0,27.4,26.2,93.33,,,,,,,,,,,,,,,,,,,,,,,,,,,,,,,,,,,,
2023,7,4,12,0,28,26.2,90.06,,,,,,,,,,,,,,,,,,,,,,,,,,,,,,,,,,,,
2023,7,4,13,0,28.7,26,85.29,,,,,,,,,,,,,,,,,,,,,,,,,,,,,,,,,,,,
2023,7,4,14,0,29.6,25.5,78.68,,,,,,,,,,,,,,,,,,,,,,,,,,,,,,,,,,,,
2023,7,4,15,0,30.4,25.3,74.16,,,,,,,,,,,,,,,,,,,,,,,,,,,,,,,,,,,,
2023,7,4,16,0,31.1,25.1,70.52,,,,,,,,,,,,,,,,,,,,,,,,,,,,,,,,,,,,
2023,7,4,17,0,31.8,25,67.5,,,,,,,,,,,,,,,,,,,,,,,,,,,,,,,,,,,,
2023,7,4,18,0,32.2,25,66,,,,,,,,,,,,,,,,,,,,,,,,,,,,,,,,,,,,
2023,7,4,19,0,32.3,25.1,65.88,,,,,,,,,,,,,,,,,,,,,,,,,,,,,,,,,,,,
2023,7,4,20,0,32.1,25.3,67.23,,,,,,,,,,,,,,,,,,,,,,,,,,,,,,,,,,,,
2023,7,4,21,0,31.5,25.5,70.44,,,,,,,,,,,,,,,,,,,,,,,,,,,,,,,,,,,,
2023,7,4,22,0,30.5,25.9,76.34,,,,,,,,,,,,,,,,,,,,,,,,,,,,,,,,,,,,
2023,7,4,23,0,29.2,26.3,84.37,,,,,,,,,,,,,,,,,,,,,,,,,,,,,,,,,,,,
2023,7,5,0,0,28.2,26.3,89.57,,,,,,,,,,,,,,,,,,,,,,,,,,,,,,,,,,,,
2023,7,5,1,0,27.8,26.2,90.91,,,,,,,,,,,,,,,,,,,,,,,,,,,,,,,,,,,,
2023,7,5,2,0,27.5,26.1,92.03,,,,,,,,,,,,,,,,,,,,,,,,,,,,,,,,,,,,
2023,7,5,3,0,27.3,26.1,93.28,,,,,,,,,,,,,,,,,,,,,,,,,,,,,,,,,,,,
2023,7,5,4,0,27.2,26.2,94.07,,,,,,,,,,,,,,,,,,,,,,,,,,,,,,,,,,,,
2023,7,5,5,0,27.1,26.2,94.75,,,,,,,,,,,,,,,,,,,,,,,,,,,,,,,,,,,,
2023,7,5,6,0,27,26.2,95.61,,,,,,,,,,,,,,,,,,,,,,,,,,,,,,,,,,,,
2023,7,5,7,0,27,26.3,95.68,,,,,,,,,,,,,,,,,,,,,,,,,,,,,,,,,,,,
2023,7,5,8,0,26.8,26.2,96.5,,,,,,,,,,,,,,,,,,,,,,,,,,,,,,,,,,,,
2023,7,5,9,0,26.7,26.1,96.69,,,,,,,,,,,,,,,,,,,,,,,,,,,,,,,,,,,,
2023,7,5,10,0,26.7,26.2,96.95,,,,,,,,,,,,,,,,,,,,,,,,,,,,,,,,,,,,
2023,7,5,11,0,27.4,26.4,94.25,,,,,,,,,,,,,,,,,,,,,,,,,,,,,,,,,,,,
2023,7,5,12,0,28.6,26,85.89,,,,,,,,,,,,,,,,,,,,,,,,,,,,,,,,,,,,
2023,7,5,13,0,30.1,25.3,75.64,,,,,,,,,,,,,,,,,,,,,,,,,,,,,,,,,,,,
2023,7,5,14,0,30.6,24.8,71.21,,,,,,,,,,,,,,,,,,,,,,,,,,,,,,,,,,,,
2023,7,5,15,0,30.8,24.9,70.65,,,,,,,,,,,,,,,,,,,,,,,,,,,,,,,,,,,,
2023,7,5,16,0,31.2,25.1,70.11,,,,,,,,,,,,,,,,,,,,,,,,,,,,,,,,,,,,
2023,7,5,17,0,31.2,25.4,71.16,,,,,,,,,,,,,,,,,,,,,,,,,,,,,,,,,,,,
2023,7,5,18,0,31.3,25.5,71.49,,,,,,,,,,,,,,,,,,,,,,,,,,,,,,,,,,,,
2023,7,5,19,0,30.9,25.7,74.01,,,,,,,,,,,,,,,,,,,,,,,,,,,,,,,,,,,,
2023,7,5,20,0,30.2,26.2,79.31,,,,,,,,,,,,,,,,,,,,,,,,,,,,,,,,,,,,
2023,7,5,21,0,29.4,26.6,85.04,,,,,,,,,,,,,,,,,,,,,,,,,,,,,,,,,,,,
2023,7,5,22,0,28.6,26.7,89.59,,,,,,,,,,,,,,,,,,,,,,,,,,,,,,,,,,,,
2023,7,5,23,0,27.9,26.7,93.43,,,,,,,,,,,,,,,,,,,,,,,,,,,,,,,,,,,,
2023,7,6,0,0,27.4,26.7,96.09,,,,,,,,,,,,,,,,,,,,,,,,,,,,,,,,,,,,
2023,7,6,1,0,27.2,26.7,96.97,,,,,,,,,,,,,,,,,,,,,,,,,,,,,,,,,,,,
2023,7,6,2,0,27,26.6,97.82,,,,,,,,,,,,,,,,,,,,,,,,,,,,,,,,,,,,
2023,7,6,3,0,26.9,26.6,97.98,,,,,,,,,,,,,,,,,,,,,,,,,,,,,,,,,,,,
2023,7,6,4,0,26.8,26.4,97.62,,,,,,,,,,,,,,,,,,,,,,,,,,,,,,,,,,,,
2023,7,6,5,0,26.7,26.2,97.2,,,,,,,,,,,,,,,,,,,,,,,,,,,,,,,,,,,,
2023,7,6,6,0,26.6,26,96.79,,,,,,,,,,,,,,,,,,,,,,,,,,,,,,,,,,,,
2023,7,6,7,0,26.4,25.9,97.2,,,,,,,,,,,,,,,,,,,,,,,,,,,,,,,,,,,,
2023,7,6,8,0,26.2,25.8,97.42,,,,,,,,,,,,,,,,,,,,,,,,,,,,,,,,,,,,
2023,7,6,9,0,26.1,25.6,97.09,,,,,,,,,,,,,,,,,,,,,,,,,,,,,,,,,,,,
2023,7,6,10,0,26,25.5,97.04,,,,,,,,,,,,,,,,,,,,,,,,,,,,,,,,,,,,
2023,7,6,11,0,26.6,25.8,95.48,,,,,,,,,,,,,,,,,,,,,,,,,,,,,,,,,,,,
2023,7,6,12,0,28.4,25.8,85.84,,,,,,,,,,,,,,,,,,,,,,,,,,,,,,,,,,,,
2023,7,6,13,0,28.6,24.3,77.67,,,,,,,,,,,,,,,,,,,,,,,,,,,,,,,,,,,,
2023,7,6,14,0,29.5,24.1,72.77,,,,,,,,,,,,,,,,,,,,,,,,,,,,,,,,,,,,
2023,7,6,15,0,30.4,24.2,69.34,,,,,,,,,,,,,,,,,,,,,,,,,,,,,,,,,,,,
2023,7,6,16,0,31,24.3,67.47,,,,,,,,,,,,,,,,,,,,,,,,,,,,,,,,,,,,
2023,7,6,17,0,31.4,24.3,66.06,,,,,,,,,,,,,,,,,,,,,,,,,,,,,,,,,,,,
2023,7,6,18,0,31.6,24.3,65.38,,,,,,,,,,,,,,,,,,,,,,,,,,,,,,,,,,,,
2023,7,6,19,0,31.6,24.4,65.55,,,,,,,,,,,,,,,,,,,,,,,,,,,,,,,,,,,,
2023,7,6,20,0,31.4,24.5,66.72,,,,,,,,,,,,,,,,,,,,,,,,,,,,,,,,,,,,
2023,7,6,21,0,31.1,24.6,68.56,,,,,,,,,,,,,,,,,,,,,,,,,,,,,,,,,,,,
2023,7,6,22,0,30.6,25.1,72.62,,,,,,,,,,,,,,,,,,,,,,,,,,,,,,,,,,,,
2023,7,6,23,0,29.8,25.9,79.46,,,,,,,,,,,,,,,,,,,,,,,,,,,,,,,,,,,,
2023,7,7,0,0,28.5,26.4,88.57,,,,,,,,,,,,,,,,,,,,,,,,,,,,,,,,,,,,
2023,7,7,1,0,28,26.5,91.69,,,,,,,,,,,,,,,,,,,,,,,,,,,,,,,,,,,,
2023,7,7,2,0,27.7,26.7,94.43,,,,,,,,,,,,,,,,,,,,,,,,,,,,,,,,,,,,
2023,7,7,3,0,27.7,26.8,95.09,,,,,,,,,,,,,,,,,,,,,,,,,,,,,,,,,,,,
2023,7,7,4,0,27.7,26.9,95.16,,,,,,,,,,,,,,,,,,,,,,,,,,,,,,,,,,,,
2023,7,7,5,0,27.6,26.8,95.59,,,,,,,,,,,,,,,,,,,,,,,,,,,,,,,,,,,,
2023,7,7,6,0,27.5,26.7,95.69,,,,,,,,,,,,,,,,,,,,,,,,,,,,,,,,,,,,
2023,7,7,7,0,27.3,26.6,96.11,,,,,,,,,,,,,,,,,,,,,,,,,,,,,,,,,,,,
2023,7,7,8,0,27,26.5,96.88,,,,,,,,,,,,,,,,,,,,,,,,,,,,,,,,,,,,
2023,7,7,9,0,26.7,26.3,97.52,,,,,,,,,,,,,,,,,,,,,,,,,,,,,,,,,,,,
2023,7,7,10,0,26.4,26.1,98.4,,,,,,,,,,,,,,,,,,,,,,,,,,,,,,,,,,,,
2023,7,7,11,0,27,26.1,94.61,,,,,,,,,,,,,,,,,,,,,,,,,,,,,,,,,,,,
2023,7,7,12,0,28,25.6,86.86,,,,,,,,,,,,,,,,,,,,,,,,,,,,,,,,,,,,
2023,7,7,13,0,29.6,24.6,74.42,,,,,,,,,,,,,,,,,,,,,,,,,,,,,,,,,,,,
2023,7,7,14,0,30.8,24.2,67.89,,,,,,,,,,,,,,,,,,,,,,,,,,,,,,,,,,,,
2023,7,7,15,0,31.9,24,62.94,,,,,,,,,,,,,,,,,,,,,,,,,,,,,,,,,,,,
2023,7,7,16,0,32.6,24,60.66,,,,,,,,,,,,,,,,,,,,,,,,,,,,,,,,,,,,
2023,7,7,17,0,32.8,24.3,60.97,,,,,,,,,,,,,,,,,,,,,,,,,,,,,,,,,,,,
2023,7,7,18,0,32.7,24.7,62.8,,,,,,,,,,,,,,,,,,,,,,,,,,,,,,,,,,,,
2023,7,7,19,0,32.4,25.1,65.48,,,,,,,,,,,,,,,,,,,,,,,,,,,,,,,,,,,,
2023,7,7,20,0,31.8,25.6,69.98,,,,,,,,,,,,,,,,,,,,,,,,,,,,,,,,,,,,
2023,7,7,21,0,31.2,26.1,74.26,,,,,,,,,,,,,,,,,,,,,,,,,,,,,,,,,,,,
2023,7,7,22,0,30.5,26.4,78.89,,,,,,,,,,,,,,,,,,,,,,,,,,,,,,,,,,,,
2023,7,7,23,0,29.4,26.7,85.23,,,,,,,,,,,,,,,,,,,,,,,,,,,,,,,,,,,,
2023,7,8,0,0,28.5,26.9,91.14,,,,,,,,,,,,,,,,,,,,,,,,,,,,,,,,,,,,
2023,7,8,1,0,28.1,26.9,93.08,,,,,,,,,,,,,,,,,,,,,,,,,,,,,,,,,,,,
2023,7,8,2,0,27.8,26.8,94.16,,,,,,,,,,,,,,,,,,,,,,,,,,,,,,,,,,,,
2023,7,8,3,0,27.5,26.6,94.8,,,,,,,,,,,,,,,,,,,,,,,,,,,,,,,,,,,,
2023,7,8,4,0,27.3,26.3,94.54,,,,,,,,,,,,,,,,,,,,,,,,,,,,,,,,,,,,
2023,7,8,5,0,27,26.1,94.63,,,,,,,,,,,,,,,,,,,,,,,,,,,,,,,,,,,,
2023,7,8,6,0,26.7,25.7,94.37,,,,,,,,,,,,,,,,,,,,,,,,,,,,,,,,,,,,
2023,7,8,7,0,26.4,25.4,94.15,,,,,,,,,,,,,,,,,,,,,,,,,,,,,,,,,,,,
2023,7,8,8,0,26,25.1,94.69,,,,,,,,,,,,,,,,,,,,,,,,,,,,,,,,,,,,
2023,7,8,9,0,25.6,24.9,95.64,,,,,,,,,,,,,,,,,,,,,,,,,,,,,,,,,,,,
2023,7,8,10,0,25.5,24.8,95.99,,,,,,,,,,,,,,,,,,,,,,,,,,,,,,,,,,,,
2023,7,8,11,0,26.5,25.2,92.86,,,,,,,,,,,,,,,,,,,,,,,,,,,,,,,,,,,,
2023,7,8,12,0,29.1,24.7,77.19,,,,,,,,,,,,,,,,,,,,,,,,,,,,,,,,,,,,
2023,7,8,13,0,29.6,23.7,70.74,,,,,,,,,,,,,,,,,,,,,,,,,,,,,,,,,,,,
2023,7,8,14,0,30.2,23.7,68.42,,,,,,,,,,,,,,,,,,,,,,,,,,,,,,,,,,,,
2023,7,8,15,0,30.5,24,68.47,,,,,,,,,,,,,,,,,,,,,,,,,,,,,,,,,,,,
2023,7,8,16,0,30.6,24.4,69.48,,,,,,,,,,,,,,,,,,,,,,,,,,,,,,,,,,,,
2023,7,8,17,0,30.6,24.7,70.82,,,,,,,,,,,,,,,,,,,,,,,,,,,,,,,,,,,,
2023,7,8,18,0,30.8,25,71.28,,,,,,,,,,,,,,,,,,,,,,,,,,,,,,,,,,,,
2023,7,8,19,0,31,25.2,71.36,,,,,,,,,,,,,,,,,,,,,,,,,,,,,,,,,,,,
2023,7,8,20,0,30.7,25.6,74.2,,,,,,,,,,,,,,,,,,,,,,,,,,,,,,,,,,,,
2023,7,8,21,0,30.5,26.1,77.37,,,,,,,,,,,,,,,,,,,,,,,,,,,,,,,,,,,,
2023,7,8,22,0,29.8,26.2,80.93,,,,,,,,,,,,,,,,,,,,,,,,,,,,,,,,,,,,
2023,7,8,23,0,28.8,26.3,86.32,,,,,,,,,,,,,,,,,,,,,,,,,,,,,,,,,,,,
2023,7,9,0,0,27.9,26.3,91.3,,,,,,,,,,,,,,,,,,,,,,,,,,,,,,,,,,,,
2023,7,9,1,0,27.4,26.3,93.76,,,,,,,,,,,,,,,,,,,,,,,,,,,,,,,,,,,,
2023,7,9,2,0,27.1,26.2,94.87,,,,,,,,,,,,,,,,,,,,,,,,,,,,,,,,,,,,
2023,7,9,3,0,27,26.2,95.26,,,,,,,,,,,,,,,,,,,,,,,,,,,,,,,,,,,,
2023,7,9,4,0,26.9,26.1,95.61,,,,,,,,,,,,,,,,,,,,,,,,,,,,,,,,,,,,
2023,7,9,5,0,26.7,26,96.01,,,,,,,,,,,,,,,,,,,,,,,,,,,,,,,,,,,,
2023,7,9,6,0,26.6,25.9,96.04,,,,,,,,,,,,,,,,,,,,,,,,,,,,,,,,,,,,
2023,7,9,7,0,26.5,25.8,95.92,,,,,,,,,,,,,,,,,,,,,,,,,,,,,,,,,,,,
2023,7,9,8,0,26.4,25.7,95.7,,,,,,,,,,,,,,,,,,,,,,,,,,,,,,,,,,,,
2023,7,9,9,0,26.2,25.5,95.92,,,,,,,,,,,,,,,,,,,,,,,,,,,,,,,,,,,,
2023,7,9,10,0,26.2,25.5,96.01,,,,,,,,,,,,,,,,,,,,,,,,,,,,,,,,,,,,
2023,7,9,11,0,26.7,25.8,94.84,,,,,,,,,,,,,,,,,,,,,,,,,,,,,,,,,,,,
2023,7,9,12,0,27.3,26,92.57,,,,,,,,,,,,,,,,,,,,,,,,,,,,,,,,,,,,
2023,7,9,13,0,28.2,25.7,86.57,,,,,,,,,,,,,,,,,,,,,,,,,,,,,,,,,,,,
2023,7,9,14,0,29.1,25.3,79.82,,,,,,,,,,,,,,,,,,,,,,,,,,,,,,,,,,,,
2023,7,9,15,0,29.8,25,75.49,,,,,,,,,,,,,,,,,,,,,,,,,,,,,,,,,,,,
2023,7,9,16,0,30.4,24.9,72.45,,,,,,,,,,,,,,,,,,,,,,,,,,,,,,,,,,,,
2023,7,9,17,0,31.1,24.7,68.97,,,,,,,,,,,,,,,,,,,,,,,,,,,,,,,,,,,,
2023,7,9,18,0,31.7,24.3,65.11,,,,,,,,,,,,,,,,,,,,,,,,,,,,,,,,,,,,
2023,7,9,19,0,32,24,62.53,,,,,,,,,,,,,,,,,,,,,,,,,,,,,,,,,,,,
2023,7,9,20,0,32,23.8,62.1,,,,,,,,,,,,,,,,,,,,,,,,,,,,,,,,,,,,
2023,7,9,21,0,31.8,23.9,63.06,,,,,,,,,,,,,,,,,,,,,,,,,,,,,,,,,,,,
2023,7,9,22,0,31.3,24.2,66.14,,,,,,,,,,,,,,,,,,,,,,,,,,,,,,,,,,,,
2023,7,9,23,0,30.2,25,73.82,,,,,,,,,,,,,,,,,,,,,,,,,,,,,,,,,,,,
2023,7,10,0,0,28.8,25.2,80.99,,,,,,,,,,,,,,,,,,,,,,,,,,,,,,,,,,,,
2023,7,10,1,0,28.3,25.1,82.78,,,,,,,,,,,,,,,,,,,,,,,,,,,,,,,,,,,,
2023,7,10,2,0,27.9,25.1,84.57,,,,,,,,,,,,,,,,,,,,,,,,,,,,,,,,,,,,
2023,7,10,3,0,27.6,25.1,86.22,,,,,,,,,,,,,,,,,,,,,,,,,,,,,,,,,,,,
2023,7,10,4,0,27.3,25.2,88.1,,,,,,,,,,,,,,,,,,,,,,,,,,,,,,,,,,,,
2023,7,10,5,0,26.9,25.2,90.24,,,,,,,,,,,,,,,,,,,,,,,,,,,,,,,,,,,,
2023,7,10,6,0,26.6,25.1,91.77,,,,,,,,,,,,,,,,,,,,,,,,,,,,,,,,,,,,
2023,7,10,7,0,26.2,25.1,93.74,,,,,,,,,,,,,,,,,,,,,,,,,,,,,,,,,,,,
2023,7,10,8,0,25.9,25.1,95.46,,,,,,,,,,,,,,,,,,,,,,,,,,,,,,,,,,,,
2023,7,10,9,0,25.7,25.1,96.35,,,,,,,,,,,,,,,,,,,,,,,,,,,,,,,,,,,,
2023,7,10,10,0,25.6,25,96.76,,,,,,,,,,,,,,,,,,,,,,,,,,,,,,,,,,,,
2023,7,10,11,0,25.9,25.2,95.66,,,,,,,,,,,,,,,,,,,,,,,,,,,,,,,,,,,,
2023,7,10,12,0,26.2,25.4,95.39,,,,,,,,,,,,,,,,,,,,,,,,,,,,,,,,,,,,
2023,7,10,13,0,26.8,25.7,93.79,,,,,,,,,,,,,,,,,,,,,,,,,,,,,,,,,,,,
2023,7,10,14,0,27.6,25.7,89.5,,,,,,,,,,,,,,,,,,,,,,,,,,,,,,,,,,,,
2023,7,10,15,0,28.2,25.5,85.37,,,,,,,,,,,,,,,,,,,,,,,,,,,,,,,,,,,,
2023,7,10,16,0,28.6,25.1,81.2,,,,,,,,,,,,,,,,,,,,,,,,,,,,,,,,,,,,
2023,7,10,17,0,28.7,24.5,78.3,,,,,,,,,,,,,,,,,,,,,,,,,,,,,,,,,,,,
2023,7,10,18,0,28.5,24.4,78.47,,,,,,,,,,,,,,,,,,,,,,,,,,,,,,,,,,,,
2023,7,10,19,0,28.1,24.7,81.59,,,,,,,,,,,,,,,,,,,,,,,,,,,,,,,,,,,,
2023,7,10,20,0,27.9,25.1,84.99,,,,,,,,,,,,,,,,,,,,,,,,,,,,,,,,,,,,
2023,7,10,21,0,27.8,25.5,87.29,,,,,,,,,,,,,,,,,,,,,,,,,,,,,,,,,,,,
2023,7,10,22,0,27.6,25.7,89.46,,,,,,,,,,,,,,,,,,,,,,,,,,,,,,,,,,,,
2023,7,10,23,0,27.3,25.9,92.22,,,,,,,,,,,,,,,,,,,,,,,,,,,,,,,,,,,,
2023,7,11,0,0,26.7,25.8,94.87,,,,,,,,,,,,,,,,,,,,,,,,,,,,,,,,,,,,
2023,7,11,1,0,26.5,25.7,95.12,,,,,,,,,,,,,,,,,,,,,,,,,,,,,,,,,,,,
2023,7,11,2,0,26.4,25.5,94.8,,,,,,,,,,,,,,,,,,,,,,,,,,,,,,,,,,,,
2023,7,11,3,0,26.1,25.3,95.21,,,,,,,,,,,,,,,,,,,,,,,,,,,,,,,,,,,,
2023,7,11,4,0,25.8,25.1,95.83,,,,,,,,,,,,,,,,,,,,,,,,,,,,,,,,,,,,
2023,7,11,5,0,25.4,24.9,96.99,,,,,,,,,,,,,,,,,,,,,,,,,,,,,,,,,,,,
2023,7,11,6,0,25.1,24.6,97.16,,,,,,,,,,,,,,,,,,,,,,,,,,,,,,,,,,,,
2023,7,11,7,0,24.8,24.4,97.47,,,,,,,,,,,,,,,,,,,,,,,,,,,,,,,,,,,,
2023,7,11,8,0,24.4,23.9,97.05,,,,,,,,,,,,,,,,,,,,,,,,,,,,,,,,,,,,
2023,7,11,9,0,24,23.5,97.33,,,,,,,,,,,,,,,,,,,,,,,,,,,,,,,,,,,,
2023,7,11,10,0,23.8,23.2,96.37,,,,,,,,,,,,,,,,,,,,,,,,,,,,,,,,,,,,
2023,7,11,11,0,24.3,23,92.42,,,,,,,,,,,,,,,,,,,,,,,,,,,,,,,,,,,,
2023,7,11,12,0,25.4,22.8,85.33,,,,,,,,,,,,,,,,,,,,,,,,,,,,,,,,,,,,
2023,7,11,13,0,27.1,21.8,72.81,,,,,,,,,,,,,,,,,,,,,,,,,,,,,,,,,,,,
2023,7,11,14,0,28.4,20.9,63.85,,,,,,,,,,,,,,,,,,,,,,,,,,,,,,,,,,,,
2023,7,11,15,0,29.5,20.5,58.52,,,,,,,,,,,,,,,,,,,,,,,,,,,,,,,,,,,,
2023,7,11,16,0,30.4,20.4,55.26,,,,,,,,,,,,,,,,,,,,,,,,,,,,,,,,,,,,
2023,7,11,17,0,31,20.7,54.26,,,,,,,,,,,,,,,,,,,,,,,,,,,,,,,,,,,,
2023,7,11,18,0,31.5,20.8,53.19,,,,,,,,,,,,,,,,,,,,,,,,,,,,,,,,,,,,
2023,7,11,19,0,31.6,21.2,54.15,,,,,,,,,,,,,,,,,,,,,,,,,,,,,,,,,,,,
2023,7,11,20,0,31.5,21.7,56.28,,,,,,,,,,,,,,,,,,,,,,,,,,,,,,,,,,,,
2023,7,11,21,0,30.9,22.3,60.16,,,,,,,,,,,,,,,,,,,,,,,,,,,,,,,,,,,,
2023,7,11,22,0,30.5,23.2,65.02,,,,,,,,,,,,,,,,,,,,,,,,,,,,,,,,,,,,
2023,7,11,23,0,29.6,23.6,70.29,,,,,,,,,,,,,,,,,,,,,,,,,,,,,,,,,,,,
2023,7,12,0,0,27.7,24.5,82.8,,,,,,,,,,,,,,,,,,,,,,,,,,,,,,,,,,,,
2023,7,12,1,0,27,24.4,85.51,,,,,,,,,,,,,,,,,,,,,,,,,,,,,,,,,,,,
2023,7,12,2,0,26.8,24.4,86.65,,,,,,,,,,,,,,,,,,,,,,,,,,,,,,,,,,,,
2023,7,12,3,0,26.6,24.3,87.48,,,,,,,,,,,,,,,,,,,,,,,,,,,,,,,,,,,,
2023,7,12,4,0,26.3,24.2,88.37,,,,,,,,,,,,,,,,,,,,,,,,,,,,,,,,,,,,
2023,7,12,5,0,26.1,24.1,88.72,,,,,,,,,,,,,,,,,,,,,,,,,,,,,,,,,,,,
2023,7,12,6,0,25.9,23.9,88.99,,,,,,,,,,,,,,,,,,,,,,,,,,,,,,,,,,,,
2023,7,12,7,0,25.8,23.8,88.9,,,,,,,,,,,,,,,,,,,,,,,,,,,,,,,,,,,,
2023,7,12,8,0,25.7,23.7,88.99,,,,,,,,,,,,,,,,,,,,,,,,,,,,,,,,,,,,
2023,7,12,9,0,25.5,23.7,89.96,,,,,,,,,,,,,,,,,,,,,,,,,,,,,,,,,,,,
2023,7,12,10,0,25.7,23.9,89.56,,,,,,,,,,,,,,,,,,,,,,,,,,,,,,,,,,,,
2023,7,12,11,0,27.1,24.4,85.2,,,,,,,,,,,,,,,,,,,,,,,,,,,,,,,,,,,,
2023,7,12,12,0,28.6,23.5,73.88,,,,,,,,,,,,,,,,,,,,,,,,,,,,,,,,,,,,
2023,7,12,13,0,29.8,22.2,63.89,,,,,,,,,,,,,,,,,,,,,,,,,,,,,,,,,,,,
2023,7,12,14,0,30.9,22.1,59.47,,,,,,,,,,,,,,,,,,,,,,,,,,,,,,,,,,,,
2023,7,12,15,0,31.6,22.2,57.6,,,,,,,,,,,,,,,,,,,,,,,,,,,,,,,,,,,,
2023,7,12,16,0,32,22.6,57.49,,,,,,,,,,,,,,,,,,,,,,,,,,,,,,,,,,,,
2023,7,12,17,0,32,22.9,58.64,,,,,,,,,,,,,,,,,,,,,,,,,,,,,,,,,,,,
2023,7,12,18,0,31.8,23.1,60.15,,,,,,,,,,,,,,,,,,,,,,,,,,,,,,,,,,,,
2023,7,12,19,0,31.5,23.3,61.97,,,,,,,,,,,,,,,,,,,,,,,,,,,,,,,,,,,,
2023,7,12,20,0,30.8,23.4,64.96,,,,,,,,,,,,,,,,,,,,,,,,,,,,,,,,,,,,
2023,7,12,21,0,30.3,23.5,67.01,,,,,,,,,,,,,,,,,,,,,,,,,,,,,,,,,,,,
2023,7,12,22,0,29.7,23.6,70.03,,,,,,,,,,,,,,,,,,,,,,,,,,,,,,,,,,,,
2023,7,12,23,0,28.8,24.1,75.9,,,,,,,,,,,,,,,,,,,,,,,,,,,,,,,,,,,,
2023,7,13,0,0,27.7,24.7,83.78,,,,,,,,,,,,,,,,,,,,,,,,,,,,,,,,,,,,
2023,7,13,1,0,27.2,25,87.83,,,,,,,,,,,,,,,,,,,,,,,,,,,,,,,,,,,,
2023,7,13,2,0,27,25.2,90.16,,,,,,,,,,,,,,,,,,,,,,,,,,,,,,,,,,,,
2023,7,13,3,0,26.9,25.4,91.52,,,,,,,,,,,,,,,,,,,,,,,,,,,,,,,,,,,,
2023,7,13,4,0,26.9,25.5,92.12,,,,,,,,,,,,,,,,,,,,,,,,,,,,,,,,,,,,
2023,7,13,5,0,26.8,25.6,93.43,,,,,,,,,,,,,,,,,,,,,,,,,,,,,,,,,,,,
2023,7,13,6,0,26.7,25.8,94.65,,,,,,,,,,,,,,,,,,,,,,,,,,,,,,,,,,,,
2023,7,13,7,0,26.7,25.8,95.08,,,,,,,,,,,,,,,,,,,,,,,,,,,,,,,,,,,,
2023,7,13,8,0,26.6,25.9,95.91,,,,,,,,,,,,,,,,,,,,,,,,,,,,,,,,,,,,
2023,7,13,9,0,26.6,25.9,96.04,,,,,,,,,,,,,,,,,,,,,,,,,,,,,,,,,,,,
2023,7,13,10,0,26.7,26,95.79,,,,,,,,,,,,,,,,,,,,,,,,,,,,,,,,,,,,
2023,7,13,11,0,27.8,26.4,92.14,,,,,,,,,,,,,,,,,,,,,,,,,,,,,,,,,,,,
2023,7,13,12,0,28.8,26.3,86.34,,,,,,,,,,,,,,,,,,,,,,,,,,,,,,,,,,,,
2023,7,13,13,0,30,25.4,76.57,,,,,,,,,,,,,,,,,,,,,,,,,,,,,,,,,,,,
2023,7,13,14,0,31,25,70.41,,,,,,,,,,,,,,,,,,,,,,,,,,,,,,,,,,,,
2023,7,13,15,0,31.7,24.8,66.78,,,,,,,,,,,,,,,,,,,,,,,,,,,,,,,,,,,,
2023,7,13,16,0,32.1,24.7,64.98,,,,,,,,,,,,,,,,,,,,,,,,,,,,,,,,,,,,
2023,7,13,17,0,32.2,24.6,64.34,,,,,,,,,,,,,,,,,,,,,,,,,,,,,,,,,,,,
2023,7,13,18,0,32.1,24.6,64.72,,,,,,,,,,,,,,,,,,,,,,,,,,,,,,,,,,,,
2023,7,13,19,0,31.8,24.7,66.21,,,,,,,,,,,,,,,,,,,,,,,,,,,,,,,,,,,,
2023,7,13,20,0,31.1,24.9,69.8,,,,,,,,,,,,,,,,,,,,,,,,,,,,,,,,,,,,
2023,7,13,21,0,30.5,25.1,73,,,,,,,,,,,,,,,,,,,,,,,,,,,,,,,,,,,,
2023,7,13,22,0,29.9,25.3,76.25,,,,,,,,,,,,,,,,,,,,,,,,,,,,,,,,,,,,
2023,7,13,23,0,29.1,25.6,81.49,,,,,,,,,,,,,,,,,,,,,,,,,,,,,,,,,,,,
2023,7,14,0,0,28.3,26,87.3,,,,,,,,,,,,,,,,,,,,,,,,,,,,,,,,,,,,
2023,7,14,1,0,27.9,26.3,91.04,,,,,,,,,,,,,,,,,,,,,,,,,,,,,,,,,,,,
2023,7,14,2,0,27.8,26.5,92.8,,,,,,,,,,,,,,,,,,,,,,,,,,,,,,,,,,,,
2023,7,14,3,0,27.7,26.6,93.96,,,,,,,,,,,,,,,,,,,,,,,,,,,,,,,,,,,,
2023,7,14,4,0,27.6,26.7,94.77,,,,,,,,,,,,,,,,,,,,,,,,,,,,,,,,,,,,
2023,7,14,5,0,27.6,26.8,95.14,,,,,,,,,,,,,,,,,,,,,,,,,,,,,,,,,,,,
2023,7,14,6,0,27.5,26.8,96.17,,,,,,,,,,,,,,,,,,,,,,,,,,,,,,,,,,,,
2023,7,14,7,0,27.5,26.9,96.6,,,,,,,,,,,,,,,,,,,,,,,,,,,,,,,,,,,,
2023,7,14,8,0,27.5,27,96.89,,,,,,,,,,,,,,,,,,,,,,,,,,,,,,,,,,,,
2023,7,14,9,0,27.4,26.9,97.27,,,,,,,,,,,,,,,,,,,,,,,,,,,,,,,,,,,,
2023,7,14,10,0,27.3,26.8,97.26,,,,,,,,,,,,,,,,,,,,,,,,,,,,,,,,,,,,
2023,7,14,11,0,27.7,26.9,95.28,,,,,,,,,,,,,,,,,,,,,,,,,,,,,,,,,,,,
2023,7,14,12,0,28.3,26.5,89.98,,,,,,,,,,,,,,,,,,,,,,,,,,,,,,,,,,,,
2023,7,14,13,0,29.2,25.8,81.73,,,,,,,,,,,,,,,,,,,,,,,,,,,,,,,,,,,,
2023,7,14,14,0,30.4,25.2,73.85,,,,,,,,,,,,,,,,,,,,,,,,,,,,,,,,,,,,
2023,7,14,15,0,31.2,25.2,70.42,,,,,,,,,,,,,,,,,,,,,,,,,,,,,,,,,,,,
2023,7,14,16,0,31.7,25.2,68.39,,,,,,,,,,,,,,,,,,,,,,,,,,,,,,,,,,,,
2023,7,14,17,0,32,25.1,67.11,,,,,,,,,,,,,,,,,,,,,,,,,,,,,,,,,,,,
2023,7,14,18,0,32.1,25.1,66.77,,,,,,,,,,,,,,,,,,,,,,,,,,,,,,,,,,,,
2023,7,14,19,0,31.9,25.2,67.62,,,,,,,,,,,,,,,,,,,,,,,,,,,,,,,,,,,,
2023,7,14,20,0,31.5,25.2,69.29,,,,,,,,,,,,,,,,,,,,,,,,,,,,,,,,,,,,
2023,7,14,21,0,30.9,25.2,71.78,,,,,,,,,,,,,,,,,,,,,,,,,,,,,,,,,,,,
2023,7,14,22,0,30.1,25.4,75.94,,,,,,,,,,,,,,,,,,,,,,,,,,,,,,,,,,,,
2023,7,14,23,0,29.1,25.7,81.74,,,,,,,,,,,,,,,,,,,,,,,,,,,,,,,,,,,,
2023,7,15,0,0,28.2,25.7,86.55,,,,,,,,,,,,,,,,,,,,,,,,,,,,,,,,,,,,
2023,7,15,1,0,27.8,25.8,89.04,,,,,,,,,,,,,,,,,,,,,,,,,,,,,,,,,,,,
2023,7,15,2,0,27.5,25.9,91.22,,,,,,,,,,,,,,,,,,,,,,,,,,,,,,,,,,,,
2023,7,15,3,0,27.4,26,92.36,,,,,,,,,,,,,,,,,,,,,,,,,,,,,,,,,,,,
2023,7,15,4,0,27.4,26.2,93.16,,,,,,,,,,,,,,,,,,,,,,,,,,,,,,,,,,,,
2023,7,15,5,0,27.4,26.3,93.87,,,,,,,,,,,,,,,,,,,,,,,,,,,,,,,,,,,,
2023,7,15,6,0,27.3,26.4,95.12,,,,,,,,,,,,,,,,,,,,,,,,,,,,,,,,,,,,
2023,7,15,7,0,27.3,26.6,95.71,,,,,,,,,,,,,,,,,,,,,,,,,,,,,,,,,,,,
2023,7,15,8,0,27.4,26.6,95.65,,,,,,,,,,,,,,,,,,,,,,,,,,,,,,,,,,,,
2023,7,15,9,0,27.4,26.7,95.98,,,,,,,,,,,,,,,,,,,,,,,,,,,,,,,,,,,,
2023,7,15,10,0,27.4,26.7,95.96,,,,,,,,,,,,,,,,,,,,,,,,,,,,,,,,,,,,
2023,7,15,11,0,27.7,26.8,94.7,,,,,,,,,,,,,,,,,,,,,,,,,,,,,,,,,,,,
2023,7,15,12,0,28.1,26.7,92.27,,,,,,,,,,,,,,,,,,,,,,,,,,,,,,,,,,,,
2023,7,15,13,0,28.6,26.3,87.6,,,,,,,,,,,,,,,,,,,,,,,,,,,,,,,,,,,,
2023,7,15,14,0,29.2,25.7,81.25,,,,,,,,,,,,,,,,,,,,,,,,,,,,,,,,,,,,
2023,7,15,15,0,30.1,25.1,74.62,,,,,,,,,,,,,,,,,,,,,,,,,,,,,,,,,,,,
2023,7,15,16,0,31,24.9,70.08,,,,,,,,,,,,,,,,,,,,,,,,,,,,,,,,,,,,
2023,7,15,17,0,31.4,24.9,68.38,,,,,,,,,,,,,,,,,,,,,,,,,,,,,,,,,,,,
2023,7,15,18,0,31.6,24.9,67.7,,,,,,,,,,,,,,,,,,,,,,,,,,,,,,,,,,,,
2023,7,15,19,0,31.3,24.9,69.06,,,,,,,,,,,,,,,,,,,,,,,,,,,,,,,,,,,,
2023,7,15,20,0,30.9,25,71.02,,,,,,,,,,,,,,,,,,,,,,,,,,,,,,,,,,,,
2023,7,15,21,0,30.2,25.2,74.62,,,,,,,,,,,,,,,,,,,,,,,,,,,,,,,,,,,,
2023,7,15,22,0,29.4,25.5,79.44,,,,,,,,,,,,,,,,,,,,,,,,,,,,,,,,,,,,
2023,7,15,23,0,28.7,25.9,84.72,,,,,,,,,,,,,,,,,,,,,,,,,,,,,,,,,,,,
2023,7,16,0,0,28.2,26.3,89.23,,,,,,,,,,,,,,,,,,,,,,,,,,,,,,,,,,,,
2023,7,16,1,0,28.1,26.7,91.91,,,,,,,,,,,,,,,,,,,,,,,,,,,,,,,,,,,,
2023,7,16,2,0,28.1,27,93.92,,,,,,,,,,,,,,,,,,,,,,,,,,,,,,,,,,,,
2023,7,16,3,0,28.1,27.2,95.12,,,,,,,,,,,,,,,,,,,,,,,,,,,,,,,,,,,,
2023,7,16,4,0,28,27.3,96.01,,,,,,,,,,,,,,,,,,,,,,,,,,,,,,,,,,,,
2023,7,16,5,0,27.9,27.2,96.25,,,,,,,,,,,,,,,,,,,,,,,,,,,,,,,,,,,,
2023,7,16,6,0,27.7,27.2,96.93,,,,,,,,,,,,,,,,,,,,,,,,,,,,,,,,,,,,
2023,7,16,7,0,27.5,27,97.29,,,,,,,,,,,,,,,,,,,,,,,,,,,,,,,,,,,,
2023,7,16,8,0,27.4,26.9,97.06,,,,,,,,,,,,,,,,,,,,,,,,,,,,,,,,,,,,
2023,7,16,9,0,27.3,26.7,96.82,,,,,,,,,,,,,,,,,,,,,,,,,,,,,,,,,,,,
2023,7,16,10,0,27.1,26.6,97.26,,,,,,,,,,,,,,,,,,,,,,,,,,,,,,,,,,,,
2023,7,16,11,0,27.3,26.6,96.05,,,,,,,,,,,,,,,,,,,,,,,,,,,,,,,,,,,,
2023,7,16,12,0,28,26.3,90.77,,,,,,,,,,,,,,,,,,,,,,,,,,,,,,,,,,,,
2023,7,16,13,0,29.1,25.7,81.81,,,,,,,,,,,,,,,,,,,,,,,,,,,,,,,,,,,,
2023,7,16,14,0,30.3,25.2,74.07,,,,,,,,,,,,,,,,,,,,,,,,,,,,,,,,,,,,
2023,7,16,15,0,31.2,25.2,70.39,,,,,,,,,,,,,,,,,,,,,,,,,,,,,,,,,,,,
2023,7,16,16,0,31.9,25.2,67.81,,,,,,,,,,,,,,,,,,,,,,,,,,,,,,,,,,,,
2023,7,16,17,0,32.4,25.2,65.99,,,,,,,,,,,,,,,,,,,,,,,,,,,,,,,,,,,,
2023,7,16,18,0,32.4,25.2,65.94,,,,,,,,,,,,,,,,,,,,,,,,,,,,,,,,,,,,
2023,7,16,19,0,32.4,25.3,66.3,,,,,,,,,,,,,,,,,,,,,,,,,,,,,,,,,,,,
2023,7,16,20,0,32,25.5,68.48,,,,,,,,,,,,,,,,,,,,,,,,,,,,,,,,,,,,
2023,7,16,21,0,31.5,25.8,71.82,,,,,,,,,,,,,,,,,,,,,,,,,,,,,,,,,,,,
2023,7,16,22,0,30.9,26.3,76.61,,,,,,,,,,,,,,,,,,,,,,,,,,,,,,,,,,,,
2023,7,16,23,0,30.1,27,83.53,,,,,,,,,,,,,,,,,,,,,,,,,,,,,,,,,,,,
2023,7,17,0,0,29.1,27.4,90.71,,,,,,,,,,,,,,,,,,,,,,,,,,,,,,,,,,,,
2023,7,17,1,0,28.7,27.5,92.98,,,,,,,,,,,,,,,,,,,,,,,,,,,,,,,,,,,,
2023,7,17,2,0,28.4,27.5,94.72,,,,,,,,,,,,,,,,,,,,,,,,,,,,,,,,,,,,
2023,7,17,3,0,28.1,27.4,95.84,,,,,,,,,,,,,,,,,,,,,,,,,,,,,,,,,,,,
2023,7,17,4,0,27.9,27.2,95.78,,,,,,,,,,,,,,,,,,,,,,,,,,,,,,,,,,,,
2023,7,17,5,0,27.5,26.9,96.51,,,,,,,,,,,,,,,,,,,,,,,,,,,,,,,,,,,,
2023,7,17,6,0,27.2,26.6,96.34,,,,,,,,,,,,,,,,,,,,,,,,,,,,,,,,,,,,
2023,7,17,7,0,26.8,26.2,96.6,,,,,,,,,,,,,,,,,,,,,,,,,,,,,,,,,,,,
2023,7,17,8,0,26.4,25.9,96.99,,,,,,,,,,,,,,,,,,,,,,,,,,,,,,,,,,,,
2023,7,17,9,0,26.1,25.6,97.06,,,,,,,,,,,,,,,,,,,,,,,,,,,,,,,,,,,,
2023,7,17,10,0,26.2,25.5,95.88,,,,,,,,,,,,,,,,,,,,,,,,,,,,,,,,,,,,
2023,7,17,11,0,27.1,25.8,92.85,,,,,,,,,,,,,,,,,,,,,,,,,,,,,,,,,,,,
2023,7,17,12,0,28.1,25.7,86.99,,,,,,,,,,,,,,,,,,,,,,,,,,,,,,,,,,,,
2023,7,17,13,0,29.7,24.9,75.38,,,,,,,,,,,,,,,,,,,,,,,,,,,,,,,,,,,,
2023,7,17,14,0,30.7,24.5,69.46,,,,,,,,,,,,,,,,,,,,,,,,,,,,,,,,,,,,
2023,7,17,15,0,31.3,24.5,67.12,,,,,,,,,,,,,,,,,,,,,,,,,,,,,,,,,,,,
2023,7,17,16,0,31.9,24.5,64.93,,,,,,,,,,,,,,,,,,,,,,,,,,,,,,,,,,,,
2023,7,17,17,0,32.4,24.3,62.57,,,,,,,,,,,,,,,,,,,,,,,,,,,,,,,,,,,,
2023,7,17,18,0,32.7,24.1,60.53,,,,,,,,,,,,,,,,,,,,,,,,,,,,,,,,,,,,
2023,7,17,19,0,32.6,23.9,60.32,,,,,,,,,,,,,,,,,,,,,,,,,,,,,,,,,,,,
2023,7,17,20,0,32.3,24,61.49,,,,,,,,,,,,,,,,,,,,,,,,,,,,,,,,,,,,
2023,7,17,21,0,31.8,24.2,64.05,,,,,,,,,,,,,,,,,,,,,,,,,,,,,,,,,,,,
2023,7,17,22,0,31.4,24.8,68.09,,,,,,,,,,,,,,,,,,,,,,,,,,,,,,,,,,,,
2023,7,17,23,0,30.4,25.2,73.73,,,,,,,,,,,,,,,,,,,,,,,,,,,,,,,,,,,,
2023,7,18,0,0,28.8,26.2,85.72,,,,,,,,,,,,,,,,,,,,,,,,,,,,,,,,,,,,
2023,7,18,1,0,28,26.2,89.9,,,,,,,,,,,,,,,,,,,,,,,,,,,,,,,,,,,,
2023,7,18,2,0,27.4,26.1,92.86,,,,,,,,,,,,,,,,,,,,,,,,,,,,,,,,,,,,
2023,7,18,3,0,27.1,26,93.6,,,,,,,,,,,,,,,,,,,,,,,,,,,,,,,,,,,,
2023,7,18,4,0,26.9,25.7,93.29,,,,,,,,,,,,,,,,,,,,,,,,,,,,,,,,,,,,
2023,7,18,5,0,26.7,25.4,92.87,,,,,,,,,,,,,,,,,,,,,,,,,,,,,,,,,,,,
2023,7,18,6,0,26.6,25.2,92.07,,,,,,,,,,,,,,,,,,,,,,,,,,,,,,,,,,,,
2023,7,18,7,0,26.5,25,91.48,,,,,,,,,,,,,,,,,,,,,,,,,,,,,,,,,,,,
2023,7,18,8,0,26.3,24.8,91.32,,,,,,,,,,,,,,,,,,,,,,,,,,,,,,,,,,,,
2023,7,18,9,0,26.2,24.7,91.67,,,,,,,,,,,,,,,,,,,,,,,,,,,,,,,,,,,,
2023,7,18,10,0,26.2,24.9,92.51,,,,,,,,,,,,,,,,,,,,,,,,,,,,,,,,,,,,
2023,7,18,11,0,26.7,25.2,91.44,,,,,,,,,,,,,,,,,,,,,,,,,,,,,,,,,,,,
2023,7,18,12,0,27.2,25.4,90.05,,,,,,,,,,,,,,,,,,,,,,,,,,,,,,,,,,,,
2023,7,18,13,0,28.2,25.4,84.77,,,,,,,,,,,,,,,,,,,,,,,,,,,,,,,,,,,,
2023,7,18,14,0,29.4,25.1,77.92,,,,,,,,,,,,,,,,,,,,,,,,,,,,,,,,,,,,
2023,7,18,15,0,30.4,24.9,72.69,,,,,,,,,,,,,,,,,,,,,,,,,,,,,,,,,,,,
2023,7,18,16,0,31.1,24.9,69.57,,,,,,,,,,,,,,,,,,,,,,,,,,,,,,,,,,,,
2023,7,18,17,0,31.7,24.9,67.47,,,,,,,,,,,,,,,,,,,,,,,,,,,,,,,,,,,,
2023,7,18,18,0,32.1,24.9,65.78,,,,,,,,,,,,,,,,,,,,,,,,,,,,,,,,,,,,
2023,7,18,19,0,32.4,24.8,64.18,,,,,,,,,,,,,,,,,,,,,,,,,,,,,,,,,,,,
2023,7,18,20,0,32.4,24.7,64.04,,,,,,,,,,,,,,,,,,,,,,,,,,,,,,,,,,,,
2023,7,18,21,0,32.1,24.9,65.79,,,,,,,,,,,,,,,,,,,,,,,,,,,,,,,,,,,,
2023,7,18,22,0,31.3,25.3,70.46,,,,,,,,,,,,,,,,,,,,,,,,,,,,,,,,,,,,
2023,7,18,23,0,30,26,79.34,,,,,,,,,,,,,,,,,,,,,,,,,,,,,,,,,,,,
2023,7,19,0,0,28.6,26.6,88.81,,,,,,,,,,,,,,,,,,,,,,,,,,,,,,,,,,,,
2023,7,19,1,0,28.2,26.7,91.84,,,,,,,,,,,,,,,,,,,,,,,,,,,,,,,,,,,,
2023,7,19,2,0,28,26.9,93.83,,,,,,,,,,,,,,,,,,,,,,,,,,,,,,,,,,,,
2023,7,19,3,0,27.7,27,95.75,,,,,,,,,,,,,,,,,,,,,,,,,,,,,,,,,,,,
2023,7,19,4,0,27.6,26.9,96.04,,,,,,,,,,,,,,,,,,,,,,,,,,,,,,,,,,,,
2023,7,19,5,0,27.6,26.8,95.53,,,,,,,,,,,,,,,,,,,,,,,,,,,,,,,,,,,,
2023,7,19,6,0,27.5,26.7,95.51,,,,,,,,,,,,,,,,,,,,,,,,,,,,,,,,,,,,
2023,7,19,7,0,27.3,26.6,95.87,,,,,,,,,,,,,,,,,,,,,,,,,,,,,,,,,,,,
2023,7,19,8,0,27.2,26.4,95.6,,,,,,,,,,,,,,,,,,,,,,,,,,,,,,,,,,,,
2023,7,19,9,0,27,26.2,95.6,,,,,,,,,,,,,,,,,,,,,,,,,,,,,,,,,,,,
2023,7,19,10,0,26.9,26.1,95.45,,,,,,,,,,,,,,,,,,,,,,,,,,,,,,,,,,,,
2023,7,19,11,0,27.7,26.3,91.97,,,,,,,,,,,,,,,,,,,,,,,,,,,,,,,,,,,,
2023,7,19,12,0,28.7,26,85.61,,,,,,,,,,,,,,,,,,,,,,,,,,,,,,,,,,,,
2023,7,19,13,0,30.2,24.6,72.15,,,,,,,,,,,,,,,,,,,,,,,,,,,,,,,,,,,,
2023,7,19,14,0,31.4,23.4,62.42,,,,,,,,,,,,,,,,,,,,,,,,,,,,,,,,,,,,
2023,7,19,15,0,32.3,23.1,58.41,,,,,,,,,,,,,,,,,,,,,,,,,,,,,,,,,,,,
2023,7,19,16,0,32.8,23.3,57.42,,,,,,,,,,,,,,,,,,,,,,,,,,,,,,,,,,,,
2023,7,19,17,0,33,23.5,57.58,,,,,,,,,,,,,,,,,,,,,,,,,,,,,,,,,,,,
2023,7,19,18,0,33.2,23.8,57.92,,,,,,,,,,,,,,,,,,,,,,,,,,,,,,,,,,,,
2023,7,19,19,0,33.2,24.2,59.22,,,,,,,,,,,,,,,,,,,,,,,,,,,,,,,,,,,,
2023,7,19,20,0,32.8,24.6,62.12,,,,,,,,,,,,,,,,,,,,,,,,,,,,,,,,,,,,
2023,7,19,21,0,32.1,24.9,65.85,,,,,,,,,,,,,,,,,,,,,,,,,,,,,,,,,,,,
2023,7,19,22,0,31.2,25.3,71.14,,,,,,,,,,,,,,,,,,,,,,,,,,,,,,,,,,,,
2023,7,19,23,0,30,26.2,79.91,,,,,,,,,,,,,,,,,,,,,,,,,,,,,,,,,,,,
2023,7,20,0,0,29,26.3,85.31,,,,,,,,,,,,,,,,,,,,,,,,,,,,,,,,,,,,
2023,7,20,1,0,28.6,26.4,88.07,,,,,,,,,,,,,,,,,,,,,,,,,,,,,,,,,,,,
2023,7,20,2,0,28.2,26.6,91.18,,,,,,,,,,,,,,,,,,,,,,,,,,,,,,,,,,,,
2023,7,20,3,0,28.1,26.7,92.25,,,,,,,,,,,,,,,,,,,,,,,,,,,,,,,,,,,,
2023,7,20,4,0,28,26.8,93.4,,,,,,,,,,,,,,,,,,,,,,,,,,,,,,,,,,,,
2023,7,20,5,0,27.9,26.9,94.31,,,,,,,,,,,,,,,,,,,,,,,,,,,,,,,,,,,,
2023,7,20,6,0,27.8,27,95.33,,,,,,,,,,,,,,,,,,,,,,,,,,,,,,,,,,,,
2023,7,20,7,0,27.7,27,96.21,,,,,,,,,,,,,,,,,,,,,,,,,,,,,,,,,,,,
2023,7,20,8,0,27.5,27,97.28,,,,,,,,,,,,,,,,,,,,,,,,,,,,,,,,,,,,
2023,7,20,9,0,27.1,26.9,98.62,,,,,,,,,,,,,,,,,,,,,,,,,,,,,,,,,,,,
2023,7,20,10,0,26.8,26.6,98.65,,,,,,,,,,,,,,,,,,,,,,,,,,,,,,,,,,,,
2023,7,20,11,0,26.9,26.3,96.54,,,,,,,,,,,,,,,,,,,,,,,,,,,,,,,,,,,,
2023,7,20,12,0,27.8,25.7,88.5,,,,,,,,,,,,,,,,,,,,,,,,,,,,,,,,,,,,
2023,7,20,13,0,29.7,24.7,74.54,,,,,,,,,,,,,,,,,,,,,,,,,,,,,,,,,,,,
2023,7,20,14,0,31.2,24.1,66.1,,,,,,,,,,,,,,,,,,,,,,,,,,,,,,,,,,,,
2023,7,20,15,0,32.4,24.1,61.82,,,,,,,,,,,,,,,,,,,,,,,,,,,,,,,,,,,,
2023,7,20,16,0,33,24.2,60.07,,,,,,,,,,,,,,,,,,,,,,,,,,,,,,,,,,,,
2023,7,20,17,0,33.4,24.3,59.14,,,,,,,,,,,,,,,,,,,,,,,,,,,,,,,,,,,,
2023,7,20,18,0,33.5,24.5,59.35,,,,,,,,,,,,,,,,,,,,,,,,,,,,,,,,,,,,
2023,7,20,19,0,33.5,24.8,60.39,,,,,,,,,,,,,,,,,,,,,,,,,,,,,,,,,,,,
2023,7,20,20,0,33.2,25.2,62.96,,,,,,,,,,,,,,,,,,,,,,,,,,,,,,,,,,,,
2023,7,20,21,0,32.6,25.7,67,,,,,,,,,,,,,,,,,,,,,,,,,,,,,,,,,,,,
2023,7,20,22,0,31.8,26.4,72.98,,,,,,,,,,,,,,,,,,,,,,,,,,,,,,,,,,,,
2023,7,20,23,0,30.7,27.3,81.99,,,,,,,,,,,,,,,,,,,,,,,,,,,,,,,,,,,,
2023,7,21,0,0,29.7,27.5,87.85,,,,,,,,,,,,,,,,,,,,,,,,,,,,,,,,,,,,
2023,7,21,1,0,29.4,27.7,90.79,,,,,,,,,,,,,,,,,,,,,,,,,,,,,,,,,,,,
2023,7,21,2,0,29.1,28.1,94.55,,,,,,,,,,,,,,,,,,,,,,,,,,,,,,,,,,,,
2023,7,21,3,0,28.8,28.2,96.69,,,,,,,,,,,,,,,,,,,,,,,,,,,,,,,,,,,,
2023,7,21,4,0,28.5,28,97.19,,,,,,,,,,,,,,,,,,,,,,,,,,,,,,,,,,,,
2023,7,21,5,0,28.3,27.8,97.01,,,,,,,,,,,,,,,,,,,,,,,,,,,,,,,,,,,,
2023,7,21,6,0,28,27.6,97.56,,,,,,,,,,,,,,,,,,,,,,,,,,,,,,,,,,,,
2023,7,21,7,0,27.7,27.3,97.59,,,,,,,,,,,,,,,,,,,,,,,,,,,,,,,,,,,,
2023,7,21,8,0,27.3,26.8,97.3,,,,,,,,,,,,,,,,,,,,,,,,,,,,,,,,,,,,
2023,7,21,9,0,27,26.2,95.14,,,,,,,,,,,,,,,,,,,,,,,,,,,,,,,,,,,,
2023,7,21,10,0,26.6,25.6,94.47,,,,,,,,,,,,,,,,,,,,,,,,,,,,,,,,,,,,
2023,7,21,11,0,26.8,25.4,92.11,,,,,,,,,,,,,,,,,,,,,,,,,,,,,,,,,,,,
2023,7,21,12,0,27.6,25.4,88.04,,,,,,,,,,,,,,,,,,,,,,,,,,,,,,,,,,,,
2023,7,21,13,0,29.2,25.2,79.32,,,,,,,,,,,,,,,,,,,,,,,,,,,,,,,,,,,,
2023,7,21,14,0,30.8,25,71.08,,,,,,,,,,,,,,,,,,,,,,,,,,,,,,,,,,,,
2023,7,21,15,0,31.9,24.9,66.67,,,,,,,,,,,,,,,,,,,,,,,,,,,,,,,,,,,,
2023,7,21,16,0,32.6,25.1,64.85,,,,,,,,,,,,,,,,,,,,,,,,,,,,,,,,,,,,
2023,7,21,17,0,33,25.4,64.27,,,,,,,,,,,,,,,,,,,,,,,,,,,,,,,,,,,,
2023,7,21,18,0,33.1,25.4,64.2,,,,,,,,,,,,,,,,,,,,,,,,,,,,,,,,,,,,
2023,7,21,19,0,33.1,25.5,64.39,,,,,,,,,,,,,,,,,,,,,,,,,,,,,,,,,,,,
2023,7,21,20,0,32.9,25.5,65.1,,,,,,,,,,,,,,,,,,,,,,,,,,,,,,,,,,,,
2023,7,21,21,0,32.6,25.5,66.42,,,,,,,,,,,,,,,,,,,,,,,,,,,,,,,,,,,,
2023,7,21,22,0,32,25.8,69.71,,,,,,,,,,,,,,,,,,,,,,,,,,,,,,,,,,,,
2023,7,21,23,0,30.9,26.5,77.63,,,,,,,,,,,,,,,,,,,,,,,,,,,,,,,,,,,,
2023,7,22,0,0,29.8,26.8,84.14,,,,,,,,,,,,,,,,,,,,,,,,,,,,,,,,,,,,
2023,7,22,1,0,29.4,27,86.93,,,,,,,,,,,,,,,,,,,,,,,,,,,,,,,,,,,,
2023,7,22,2,0,29.2,27.1,88.68,,,,,,,,,,,,,,,,,,,,,,,,,,,,,,,,,,,,
2023,7,22,3,0,28.8,27.1,90.34,,,,,,,,,,,,,,,,,,,,,,,,,,,,,,,,,,,,
2023,7,22,4,0,28.4,26.8,91.02,,,,,,,,,,,,,,,,,,,,,,,,,,,,,,,,,,,,
2023,7,22,5,0,27.8,26.6,93.03,,,,,,,,,,,,,,,,,,,,,,,,,,,,,,,,,,,,
2023,7,22,6,0,27.4,26.4,94.09,,,,,,,,,,,,,,,,,,,,,,,,,,,,,,,,,,,,
2023,7,22,7,0,26.9,26.2,95.79,,,,,,,,,,,,,,,,,,,,,,,,,,,,,,,,,,,,
2023,7,22,8,0,26.5,25.9,96.59,,,,,,,,,,,,,,,,,,,,,,,,,,,,,,,,,,,,
2023,7,22,9,0,26.2,25.6,96.51,,,,,,,,,,,,,,,,,,,,,,,,,,,,,,,,,,,,
2023,7,22,10,0,25.9,25.4,96.97,,,,,,,,,,,,,,,,,,,,,,,,,,,,,,,,,,,,
2023,7,22,11,0,26.1,25.3,95.55,,,,,,,,,,,,,,,,,,,,,,,,,,,,,,,,,,,,
2023,7,22,12,0,26.9,25.1,90.12,,,,,,,,,,,,,,,,,,,,,,,,,,,,,,,,,,,,
2023,7,22,13,0,28.1,24.4,80.18,,,,,,,,,,,,,,,,,,,,,,,,,,,,,,,,,,,,
2023,7,22,14,0,29.2,23.7,72.39,,,,,,,,,,,,,,,,,,,,,,,,,,,,,,,,,,,,
2023,7,22,15,0,30.3,23.3,66.21,,,,,,,,,,,,,,,,,,,,,,,,,,,,,,,,,,,,
2023,7,22,16,0,31.2,23.1,62.23,,,,,,,,,,,,,,,,,,,,,,,,,,,,,,,,,,,,
2023,7,22,17,0,31.8,23.2,60.6,,,,,,,,,,,,,,,,,,,,,,,,,,,,,,,,,,,,
2023,7,22,18,0,32,23.6,61.16,,,,,,,,,,,,,,,,,,,,,,,,,,,,,,,,,,,,
2023,7,22,19,0,31.8,24.1,63.64,,,,,,,,,,,,,,,,,,,,,,,,,,,,,,,,,,,,
2023,7,22,20,0,31.2,24.5,67.77,,,,,,,,,,,,,,,,,,,,,,,,,,,,,,,,,,,,
2023,7,22,21,0,30.6,25,71.9,,,,,,,,,,,,,,,,,,,,,,,,,,,,,,,,,,,,
2023,7,22,22,0,30.1,25.4,76.18,,,,,,,,,,,,,,,,,,,,,,,,,,,,,,,,,,,,
2023,7,22,23,0,29.4,26,81.92,,,,,,,,,,,,,,,,,,,,,,,,,,,,,,,,,,,,
2023,7,23,0,0,28.4,26.2,88.04,,,,,,,,,,,,,,,,,,,,,,,,,,,,,,,,,,,,
2023,7,23,1,0,28,26.2,90.15,,,,,,,,,,,,,,,,,,,,,,,,,,,,,,,,,,,,
2023,7,23,2,0,27.7,26.2,91.3,,,,,,,,,,,,,,,,,,,,,,,,,,,,,,,,,,,,
2023,7,23,3,0,27.3,26,92.49,,,,,,,,,,,,,,,,,,,,,,,,,,,,,,,,,,,,
2023,7,23,4,0,26.9,25.6,92.65,,,,,,,,,,,,,,,,,,,,,,,,,,,,,,,,,,,,
2023,7,23,5,0,26.5,25.3,92.9,,,,,,,,,,,,,,,,,,,,,,,,,,,,,,,,,,,,
2023,7,23,6,0,26.2,25,93.22,,,,,,,,,,,,,,,,,,,,,,,,,,,,,,,,,,,,
2023,7,23,7,0,25.9,24.8,93.92,,,,,,,,,,,,,,,,,,,,,,,,,,,,,,,,,,,,
2023,7,23,8,0,25.7,24.7,94.27,,,,,,,,,,,,,,,,,,,,,,,,,,,,,,,,,,,,
2023,7,23,9,0,25.5,24.6,94.94,,,,,,,,,,,,,,,,,,,,,,,,,,,,,,,,,,,,
2023,7,23,10,0,25.3,24.6,95.64,,,,,,,,,,,,,,,,,,,,,,,,,,,,,,,,,,,,
2023,7,23,11,0,25.8,24.6,93.37,,,,,,,,,,,,,,,,,,,,,,,,,,,,,,,,,,,,
2023,7,23,12,0,26.6,24.7,89.17,,,,,,,,,,,,,,,,,,,,,,,,,,,,,,,,,,,,
2023,7,23,13,0,28,24.2,79.98,,,,,,,,,,,,,,,,,,,,,,,,,,,,,,,,,,,,
2023,7,23,14,0,29.3,23.8,72.43,,,,,,,,,,,,,,,,,,,,,,,,,,,,,,,,,,,,
2023,7,23,15,0,30.2,23.7,68.32,,,,,,,,,,,,,,,,,,,,,,,,,,,,,,,,,,,,
2023,7,23,16,0,30.8,23.7,65.9,,,,,,,,,,,,,,,,,,,,,,,,,,,,,,,,,,,,
2023,7,23,17,0,31,23.8,65.73,,,,,,,,,,,,,,,,,,,,,,,,,,,,,,,,,,,,
2023,7,23,18,0,30.9,24.1,67.14,,,,,,,,,,,,,,,,,,,,,,,,,,,,,,,,,,,,
2023,7,23,19,0,30.3,24.6,71.45,,,,,,,,,,,,,,,,,,,,,,,,,,,,,,,,,,,,
2023,7,23,20,0,29.5,25.3,78.05,,,,,,,,,,,,,,,,,,,,,,,,,,,,,,,,,,,,
2023,7,23,21,0,28.6,25.7,84.39,,,,,,,,,,,,,,,,,,,,,,,,,,,,,,,,,,,,
2023,7,23,22,0,27.8,25.9,89.33,,,,,,,,,,,,,,,,,,,,,,,,,,,,,,,,,,,,
2023,7,23,23,0,27.2,25.8,91.85,,,,,,,,,,,,,,,,,,,,,,,,,,,,,,,,,,,,
2023,7,24,0,0,26.6,25.6,94.3,,,,,,,,,,,,,,,,,,,,,,,,,,,,,,,,,,,,
2023,7,24,1,0,26.2,25.3,94.89,,,,,,,,,,,,,,,,,,,,,,,,,,,,,,,,,,,,
2023,7,24,2,0,26,25.1,94.53,,,,,,,,,,,,,,,,,,,,,,,,,,,,,,,,,,,,
2023,7,24,3,0,25.9,25,94.58,,,,,,,,,,,,,,,,,,,,,,,,,,,,,,,,,,,,
2023,7,24,4,0,26,25,94.1,,,,,,,,,,,,,,,,,,,,,,,,,,,,,,,,,,,,
2023,7,24,5,0,26,25,94.31,,,,,,,,,,,,,,,,,,,,,,,,,,,,,,,,,,,,
2023,7,24,6,0,26,25,94.29,,,,,,,,,,,,,,,,,,,,,,,,,,,,,,,,,,,,
2023,7,24,7,0,25.9,24.9,94.38,,,,,,,,,,,,,,,,,,,,,,,,,,,,,,,,,,,,
2023,7,24,8,0,25.7,24.8,94.7,,,,,,,,,,,,,,,,,,,,,,,,,,,,,,,,,,,,
2023,7,24,9,0,25.6,24.7,94.84,,,,,,,,,,,,,,,,,,,,,,,,,,,,,,,,,,,,
2023,7,24,10,0,25.5,24.7,95.44,,,,,,,,,,,,,,,,,,,,,,,,,,,,,,,,,,,,
2023,7,24,11,0,25.7,24.8,95.03,,,,,,,,,,,,,,,,,,,,,,,,,,,,,,,,,,,,
2023,7,24,12,0,26,24.8,93.3,,,,,,,,,,,,,,,,,,,,,,,,,,,,,,,,,,,,
2023,7,24,13,0,27,24.5,86.08,,,,,,,,,,,,,,,,,,,,,,,,,,,,,,,,,,,,
2023,7,24,14,0,28.1,24.1,78.88,,,,,,,,,,,,,,,,,,,,,,,,,,,,,,,,,,,,
2023,7,24,15,0,29.1,23.9,73.56,,,,,,,,,,,,,,,,,,,,,,,,,,,,,,,,,,,,
2023,7,24,16,0,29.9,23.7,69.32,,,,,,,,,,,,,,,,,,,,,,,,,,,,,,,,,,,,
2023,7,24,17,0,30.4,23.5,66.62,,,,,,,,,,,,,,,,,,,,,,,,,,,,,,,,,,,,
2023,7,24,18,0,30.7,23.4,65.14,,,,,,,,,,,,,,,,,,,,,,,,,,,,,,,,,,,,
2023,7,24,19,0,30.7,23.5,65.35,,,,,,,,,,,,,,,,,,,,,,,,,,,,,,,,,,,,
2023,7,24,20,0,30.6,23.6,66.12,,,,,,,,,,,,,,,,,,,,,,,,,,,,,,,,,,,,
2023,7,24,21,0,30.3,23.8,68.08,,,,,,,,,,,,,,,,,,,,,,,,,,,,,,,,,,,,
2023,7,24,22,0,30.1,24.5,71.97,,,,,,,,,,,,,,,,,,,,,,,,,,,,,,,,,,,,
2023,7,24,23,0,29.1,25,78.75,,,,,,,,,,,,,,,,,,,,,,,,,,,,,,,,,,,,
2023,7,25,0,0,27.8,25.5,87.46,,,,,,,,,,,,,,,,,,,,,,,,,,,,,,,,,,,,
2023,7,25,1,0,27.3,25.6,90.32,,,,,,,,,,,,,,,,,,,,,,,,,,,,,,,,,,,,
2023,7,25,2,0,27,25.6,92.16,,,,,,,,,,,,,,,,,,,,,,,,,,,,,,,,,,,,
2023,7,25,3,0,26.9,25.6,92.78,,,,,,,,,,,,,,,,,,,,,,,,,,,,,,,,,,,,
2023,7,25,4,0,26.7,25.5,93.42,,,,,,,,,,,,,,,,,,,,,,,,,,,,,,,,,,,,
2023,7,25,5,0,26.6,25.4,93.27,,,,,,,,,,,,,,,,,,,,,,,,,,,,,,,,,,,,
2023,7,25,6,0,26.4,25.3,93.49,,,,,,,,,,,,,,,,,,,,,,,,,,,,,,,,,,,,
2023,7,25,7,0,26.3,25.1,93.38,,,,,,,,,,,,,,,,,,,,,,,,,,,,,,,,,,,,
2023,7,25,8,0,26.3,25,92.63,,,,,,,,,,,,,,,,,,,,,,,,,,,,,,,,,,,,
2023,7,25,9,0,26.2,24.9,92.51,,,,,,,,,,,,,,,,,,,,,,,,,,,,,,,,,,,,
2023,7,25,10,0,26.2,24.8,92.02,,,,,,,,,,,,,,,,,,,,,,,,,,,,,,,,,,,,
2023,7,25,11,0,27,25.2,90.13,,,,,,,,,,,,,,,,,,,,,,,,,,,,,,,,,,,,
2023,7,25,12,0,27.8,24.7,83.49,,,,,,,,,,,,,,,,,,,,,,,,,,,,,,,,,,,,
2023,7,25,13,0,29,23.5,72.13,,,,,,,,,,,,,,,,,,,,,,,,,,,,,,,,,,,,
2023,7,25,14,0,30.1,22.6,64.31,,,,,,,,,,,,,,,,,,,,,,,,,,,,,,,,,,,,
2023,7,25,15,0,30.9,22.2,59.92,,,,,,,,,,,,,,,,,,,,,,,,,,,,,,,,,,,,
2023,7,25,16,0,31.5,22.1,57.35,,,,,,,,,,,,,,,,,,,,,,,,,,,,,,,,,,,,
2023,7,25,17,0,31.6,22.1,57.3,,,,,,,,,,,,,,,,,,,,,,,,,,,,,,,,,,,,
2023,7,25,18,0,31.5,22.3,58.28,,,,,,,,,,,,,,,,,,,,,,,,,,,,,,,,,,,,
2023,7,25,19,0,31.4,22.5,59.15,,,,,,,,,,,,,,,,,,,,,,,,,,,,,,,,,,,,
2023,7,25,20,0,31.2,22.8,60.94,,,,,,,,,,,,,,,,,,,,,,,,,,,,,,,,,,,,
2023,7,25,21,0,31.1,23.1,62.41,,,,,,,,,,,,,,,,,,,,,,,,,,,,,,,,,,,,
2023,7,25,22,0,30.9,23.4,64.33,,,,,,,,,,,,,,,,,,,,,,,,,,,,,,,,,,,,
2023,7,25,23,0,29.8,24.1,71.43,,,,,,,,,,,,,,,,,,,,,,,,,,,,,,,,,,,,
2023,7,26,0,0,28.5,25.1,82,,,,,,,,,,,,,,,,,,,,,,,,,,,,,,,,,,,,
2023,7,26,1,0,28,25.2,84.68,,,,,,,,,,,,,,,,,,,,,,,,,,,,,,,,,,,,
2023,7,26,2,0,27.8,25.2,86,,,,,,,,,,,,,,,,,,,,,,,,,,,,,,,,,,,,
2023,7,26,3,0,27.5,25.2,87.5,,,,,,,,,,,,,,,,,,,,,,,,,,,,,,,,,,,,
2023,7,26,4,0,27.3,25.1,87.97,,,,,,,,,,,,,,,,,,,,,,,,,,,,,,,,,,,,
2023,7,26,5,0,27.1,25,88.45,,,,,,,,,,,,,,,,,,,,,,,,,,,,,,,,,,,,
2023,7,26,6,0,26.9,24.9,88.72,,,,,,,,,,,,,,,,,,,,,,,,,,,,,,,,,,,,
2023,7,26,7,0,26.7,24.7,88.79,,,,,,,,,,,,,,,,,,,,,,,,,,,,,,,,,,,,
2023,7,26,8,0,26.4,24.5,89.49,,,,,,,,,,,,,,,,,,,,,,,,,,,,,,,,,,,,
2023,7,26,9,0,26.2,24.4,89.64,,,,,,,,,,,,,,,,,,,,,,,,,,,,,,,,,,,,
2023,7,26,10,0,26,24.3,90.42,,,,,,,,,,,,,,,,,,,,,,,,,,,,,,,,,,,,
2023,7,26,11,0,26.5,24.5,88.71,,,,,,,,,,,,,,,,,,,,,,,,,,,,,,,,,,,,
2023,7,26,12,0,27.1,24.5,85.91,,,,,,,,,,,,,,,,,,,,,,,,,,,,,,,,,,,,
2023,7,26,13,0,28.5,24.5,78.78,,,,,,,,,,,,,,,,,,,,,,,,,,,,,,,,,,,,
2023,7,26,14,0,29.9,23.9,70.44,,,,,,,,,,,,,,,,,,,,,,,,,,,,,,,,,,,,
2023,7,26,15,0,30.5,23.6,66.68,,,,,,,,,,,,,,,,,,,,,,,,,,,,,,,,,,,,
2023,7,26,16,0,30.9,23.5,64.93,,,,,,,,,,,,,,,,,,,,,,,,,,,,,,,,,,,,
2023,7,26,17,0,31,23.6,64.92,,,,,,,,,,,,,,,,,,,,,,,,,,,,,,,,,,,,
2023,7,26,18,0,30.9,23.8,65.93,,,,,,,,,,,,,,,,,,,,,,,,,,,,,,,,,,,,
2023,7,26,19,0,30.8,23.9,66.86,,,,,,,,,,,,,,,,,,,,,,,,,,,,,,,,,,,,
2023,7,26,20,0,30.7,24,67.57,,,,,,,,,,,,,,,,,,,,,,,,,,,,,,,,,,,,
2023,7,26,21,0,30.4,24,68.8,,,,,,,,,,,,,,,,,,,,,,,,,,,,,,,,,,,,
2023,7,26,22,0,29.9,24.3,71.87,,,,,,,,,,,,,,,,,,,,,,,,,,,,,,,,,,,,
2023,7,26,23,0,29,25.1,79.73,,,,,,,,,,,,,,,,,,,,,,,,,,,,,,,,,,,,
2023,7,27,0,0,27.9,25.3,85.86,,,,,,,,,,,,,,,,,,,,,,,,,,,,,,,,,,,,
2023,7,27,1,0,27.6,25.3,87.14,,,,,,,,,,,,,,,,,,,,,,,,,,,,,,,,,,,,
2023,7,27,2,0,27.5,25.3,87.74,,,,,,,,,,,,,,,,,,,,,,,,,,,,,,,,,,,,
2023,7,27,3,0,27.3,25.3,88.83,,,,,,,,,,,,,,,,,,,,,,,,,,,,,,,,,,,,
2023,7,27,4,0,27.1,25.3,89.71,,,,,,,,,,,,,,,,,,,,,,,,,,,,,,,,,,,,
2023,7,27,5,0,27,25.2,89.99,,,,,,,,,,,,,,,,,,,,,,,,,,,,,,,,,,,,
2023,7,27,6,0,26.9,25.1,90.13,,,,,,,,,,,,,,,,,,,,,,,,,,,,,,,,,,,,
2023,7,27,7,0,26.9,25.1,89.75,,,,,,,,,,,,,,,,,,,,,,,,,,,,,,,,,,,,
2023,7,27,8,0,26.9,25,89.23,,,,,,,,,,,,,,,,,,,,,,,,,,,,,,,,,,,,
2023,7,27,9,0,27,24.9,88.25,,,,,,,,,,,,,,,,,,,,,,,,,,,,,,,,,,,,
2023,7,27,10,0,27.3,24.9,86.78,,,,,,,,,,,,,,,,,,,,,,,,,,,,,,,,,,,,
2023,7,27,11,0,28,25.7,87.18,,,,,,,,,,,,,,,,,,,,,,,,,,,,,,,,,,,,
2023,7,27,12,0,29.3,25.8,81.28,,,,,,,,,,,,,,,,,,,,,,,,,,,,,,,,,,,,
2023,7,27,13,0,30,24.6,72.78,,,,,,,,,,,,,,,,,,,,,,,,,,,,,,,,,,,,
2023,7,27,14,0,30.3,24.1,69.6,,,,,,,,,,,,,,,,,,,,,,,,,,,,,,,,,,,,
2023,7,27,15,0,30.8,24.2,67.95,,,,,,,,,,,,,,,,,,,,,,,,,,,,,,,,,,,,
2023,7,27,16,0,31,24.4,67.81,,,,,,,,,,,,,,,,,,,,,,,,,,,,,,,,,,,,
2023,7,27,17,0,31,24.5,68.58,,,,,,,,,,,,,,,,,,,,,,,,,,,,,,,,,,,,
2023,7,27,18,0,31,24.7,69.39,,,,,,,,,,,,,,,,,,,,,,,,,,,,,,,,,,,,
2023,7,27,19,0,30.8,24.9,70.99,,,,,,,,,,,,,,,,,,,,,,,,,,,,,,,,,,,,
2023,7,27,20,0,30.5,25.2,73.23,,,,,,,,,,,,,,,,,,,,,,,,,,,,,,,,,,,,
2023,7,27,21,0,30.1,25.4,76.08,,,,,,,,,,,,,,,,,,,,,,,,,,,,,,,,,,,,
2023,7,27,22,0,29.6,25.7,79.83,,,,,,,,,,,,,,,,,,,,,,,,,,,,,,,,,,,,
2023,7,27,23,0,28.9,26.2,85.54,,,,,,,,,,,,,,,,,,,,,,,,,,,,,,,,,,,,
2023,7,28,0,0,28.1,26.4,90.71,,,,,,,,,,,,,,,,,,,,,,,,,,,,,,,,,,,,
2023,7,28,1,0,27.9,26.5,92.24,,,,,,,,,,,,,,,,,,,,,,,,,,,,,,,,,,,,
2023,7,28,2,0,27.8,26.5,92.71,,,,,,,,,,,,,,,,,,,,,,,,,,,,,,,,,,,,
2023,7,28,3,0,27.7,26.5,92.94,,,,,,,,,,,,,,,,,,,,,,,,,,,,,,,,,,,,
2023,7,28,4,0,27.6,26.3,92.86,,,,,,,,,,,,,,,,,,,,,,,,,,,,,,,,,,,,
2023,7,28,5,0,27.5,26.1,92.37,,,,,,,,,,,,,,,,,,,,,,,,,,,,,,,,,,,,
2023,7,28,6,0,27.3,25.9,92.34,,,,,,,,,,,,,,,,,,,,,,,,,,,,,,,,,,,,
2023,7,28,7,0,27.2,25.8,92.09,,,,,,,,,,,,,,,,,,,,,,,,,,,,,,,,,,,,
2023,7,28,8,0,27.1,25.7,92.01,,,,,,,,,,,,,,,,,,,,,,,,,,,,,,,,,,,,
2023,7,28,9,0,27,25.6,91.83,,,,,,,,,,,,,,,,,,,,,,,,,,,,,,,,,,,,
2023,7,28,10,0,27.1,25.4,90.61,,,,,,,,,,,,,,,,,,,,,,,,,,,,,,,,,,,,
2023,7,28,11,0,27.6,26,90.96,,,,,,,,,,,,,,,,,,,,,,,,,,,,,,,,,,,,
2023,7,28,12,0,28.3,26.2,88.54,,,,,,,,,,,,,,,,,,,,,,,,,,,,,,,,,,,,
2023,7,28,13,0,28.8,25.9,84.14,,,,,,,,,,,,,,,,,,,,,,,,,,,,,,,,,,,,
2023,7,28,14,0,28.6,25.3,82.18,,,,,,,,,,,,,,,,,,,,,,,,,,,,,,,,,,,,
2023,7,28,15,0,28.4,25.3,83.25,,,,,,,,,,,,,,,,,,,,,,,,,,,,,,,,,,,,
2023,7,28,16,0,28.4,25.4,83.97,,,,,,,,,,,,,,,,,,,,,,,,,,,,,,,,,,,,
2023,7,28,17,0,28.5,25.5,83.6,,,,,,,,,,,,,,,,,,,,,,,,,,,,,,,,,,,,
2023,7,28,18,0,28.6,25.4,82.87,,,,,,,,,,,,,,,,,,,,,,,,,,,,,,,,,,,,
2023,7,28,19,0,28.8,25.4,81.74,,,,,,,,,,,,,,,,,,,,,,,,,,,,,,,,,,,,
2023,7,28,20,0,29,25.4,81,,,,,,,,,,,,,,,,,,,,,,,,,,,,,,,,,,,,
2023,7,28,21,0,28.9,25.6,82.22,,,,,,,,,,,,,,,,,,,,,,,,,,,,,,,,,,,,
2023,7,28,22,0,28.8,25.8,83.95,,,,,,,,,,,,,,,,,,,,,,,,,,,,,,,,,,,,
2023,7,28,23,0,28.3,26.2,88.4,,,,,,,,,,,,,,,,,,,,,,,,,,,,,,,,,,,,
2023,7,29,0,0,27.6,26.2,91.86,,,,,,,,,,,,,,,,,,,,,,,,,,,,,,,,,,,,
2023,7,29,1,0,27.5,26.2,92.43,,,,,,,,,,,,,,,,,,,,,,,,,,,,,,,,,,,,
2023,7,29,2,0,27.4,26.2,93.12,,,,,,,,,,,,,,,,,,,,,,,,,,,,,,,,,,,,
2023,7,29,3,0,27.4,26.2,93.39,,,,,,,,,,,,,,,,,,,,,,,,,,,,,,,,,,,,
2023,7,29,4,0,27.4,26.3,93.74,,,,,,,,,,,,,,,,,,,,,,,,,,,,,,,,,,,,
2023,7,29,5,0,27.4,26.4,94.2,,,,,,,,,,,,,,,,,,,,,,,,,,,,,,,,,,,,
2023,7,29,6,0,27.5,26.5,94.06,,,,,,,,,,,,,,,,,,,,,,,,,,,,,,,,,,,,
2023,7,29,7,0,27.5,26.5,94.33,,,,,,,,,,,,,,,,,,,,,,,,,,,,,,,,,,,,
2023,7,29,8,0,27.5,26.5,94.57,,,,,,,,,,,,,,,,,,,,,,,,,,,,,,,,,,,,
2023,7,29,9,0,27.5,26.5,94.4,,,,,,,,,,,,,,,,,,,,,,,,,,,,,,,,,,,,
2023,7,29,10,0,27.4,26.5,94.63,,,,,,,,,,,,,,,,,,,,,,,,,,,,,,,,,,,,
2023,7,29,11,0,27.7,26.6,93.7,,,,,,,,,,,,,,,,,,,,,,,,,,,,,,,,,,,,
2023,7,29,12,0,27.9,26.6,92.87,,,,,,,,,,,,,,,,,,,,,,,,,,,,,,,,,,,,
2023,7,29,13,0,28.1,26.7,91.87,,,,,,,,,,,,,,,,,,,,,,,,,,,,,,,,,,,,
2023,7,29,14,0,28.3,26.5,90.25,,,,,,,,,,,,,,,,,,,,,,,,,,,,,,,,,,,,
2023,7,29,15,0,28.7,26.2,86.29,,,,,,,,,,,,,,,,,,,,,,,,,,,,,,,,,,,,
2023,7,29,16,0,29,25.9,83.36,,,,,,,,,,,,,,,,,,,,,,,,,,,,,,,,,,,,
2023,7,29,17,0,29.3,25.8,81.41,,,,,,,,,,,,,,,,,,,,,,,,,,,,,,,,,,,,
2023,7,29,18,0,29.4,25.7,80.6,,,,,,,,,,,,,,,,,,,,,,,,,,,,,,,,,,,,
2023,7,29,19,0,29.4,25.7,80.5,,,,,,,,,,,,,,,,,,,,,,,,,,,,,,,,,,,,
2023,7,29,20,0,29.2,25.7,81.71,,,,,,,,,,,,,,,,,,,,,,,,,,,,,,,,,,,,
2023,7,29,21,0,28.8,25.8,84.1,,,,,,,,,,,,,,,,,,,,,,,,,,,,,,,,,,,,
2023,7,29,22,0,28.2,26,88.01,,,,,,,,,,,,,,,,,,,,,,,,,,,,,,,,,,,,
2023,7,29,23,0,27.7,26.2,91.63,,,,,,,,,,,,,,,,,,,,,,,,,,,,,,,,,,,,
2023,7,30,0,0,27.4,26.3,93.96,,,,,,,,,,,,,,,,,,,,,,,,,,,,,,,,,,,,
2023,7,30,1,0,27.3,26.5,95.55,,,,,,,,,,,,,,,,,,,,,,,,,,,,,,,,,,,,
2023,7,30,2,0,27.1,26.7,97.5,,,,,,,,,,,,,,,,,,,,,,,,,,,,,,,,,,,,
2023,7,30,3,0,27,26.7,98.41,,,,,,,,,,,,,,,,,,,,,,,,,,,,,,,,,,,,
2023,7,30,4,0,26.9,26.7,98.56,,,,,,,,,,,,,,,,,,,,,,,,,,,,,,,,,,,,
2023,7,30,5,0,26.7,26.5,98.99,,,,,,,,,,,,,,,,,,,,,,,,,,,,,,,,,,,,
2023,7,30,6,0,26.5,26.3,98.92,,,,,,,,,,,,,,,,,,,,,,,,,,,,,,,,,,,,
2023,7,30,7,0,26.2,26,99.1,,,,,,,,,,,,,,,,,,,,,,,,,,,,,,,,,,,,
2023,7,30,8,0,26.1,25.7,97.88,,,,,,,,,,,,,,,,,,,,,,,,,,,,,,,,,,,,
2023,7,30,9,0,26,25.5,97.12,,,,,,,,,,,,,,,,,,,,,,,,,,,,,,,,,,,,
2023,7,30,10,0,25.9,25.4,96.82,,,,,,,,,,,,,,,,,,,,,,,,,,,,,,,,,,,,
2023,7,30,11,0,25.9,25.4,96.88,,,,,,,,,,,,,,,,,,,,,,,,,,,,,,,,,,,,
2023,7,30,12,0,26.1,25.4,96.12,,,,,,,,,,,,,,,,,,,,,,,,,,,,,,,,,,,,
2023,7,30,13,0,26.5,25.2,92.42,,,,,,,,,,,,,,,,,,,,,,,,,,,,,,,,,,,,
2023,7,30,14,0,27.5,24.4,83.28,,,,,,,,,,,,,,,,,,,,,,,,,,,,,,,,,,,,
2023,7,30,15,0,28.6,23.9,75.96,,,,,,,,,,,,,,,,,,,,,,,,,,,,,,,,,,,,
2023,7,30,16,0,29.7,23.7,70.43,,,,,,,,,,,,,,,,,,,,,,,,,,,,,,,,,,,,
2023,7,30,17,0,30.6,23.8,66.99,,,,,,,,,,,,,,,,,,,,,,,,,,,,,,,,,,,,
2023,7,30,18,0,31,24,66.44,,,,,,,,,,,,,,,,,,,,,,,,,,,,,,,,,,,,
2023,7,30,19,0,31.1,24.2,66.79,,,,,,,,,,,,,,,,,,,,,,,,,,,,,,,,,,,,
2023,7,30,20,0,31,24.7,69.13,,,,,,,,,,,,,,,,,,,,,,,,,,,,,,,,,,,,
2023,7,30,21,0,30.7,25.2,72.62,,,,,,,,,,,,,,,,,,,,,,,,,,,,,,,,,,,,
2023,7,30,22,0,30.2,25.8,77.15,,,,,,,,,,,,,,,,,,,,,,,,,,,,,,,,,,,,
2023,7,30,23,0,29.2,26.2,84.06,,,,,,,,,,,,,,,,,,,,,,,,,,,,,,,,,,,,
2023,7,31,0,0,28.3,26.1,88,,,,,,,,,,,,,,,,,,,,,,,,,,,,,,,,,,,,
2023,7,31,1,0,28,26.2,89.96,,,,,,,,,,,,,,,,,,,,,,,,,,,,,,,,,,,,
2023,7,31,2,0,27.7,26.3,91.95,,,,,,,,,,,,,,,,,,,,,,,,,,,,,,,,,,,,
2023,7,31,3,0,27.3,26.2,93.63,,,,,,,,,,,,,,,,,,,,,,,,,,,,,,,,,,,,
2023,7,31,4,0,26.8,25.9,94.6,,,,,,,,,,,,,,,,,,,,,,,,,,,,,,,,,,,,
2023,7,31,5,0,26.2,25.5,95.82,,,,,,,,,,,,,,,,,,,,,,,,,,,,,,,,,,,,
2023,7,31,6,0,25.8,25.1,96.08,,,,,,,,,,,,,,,,,,,,,,,,,,,,,,,,,,,,
2023,7,31,7,0,25.4,24.7,95.96,,,,,,,,,,,,,,,,,,,,,,,,,,,,,,,,,,,,
2023,7,31,8,0,25,24.2,95.41,,,,,,,,,,,,,,,,,,,,,,,,,,,,,,,,,,,,
2023,7,31,9,0,24.7,23.8,94.86,,,,,,,,,,,,,,,,,,,,,,,,,,,,,,,,,,,,
2023,7,31,10,0,24.6,23.7,94.74,,,,,,,,,,,,,,,,,,,,,,,,,,,,,,,,,,,,
2023,7,31,11,0,25.2,24.1,93.45,,,,,,,,,,,,,,,,,,,,,,,,,,,,,,,,,,,,
2023,7,31,12,0,26.6,24.5,88.48,,,,,,,,,,,,,,,,,,,,,,,,,,,,,,,,,,,,
2023,7,31,13,0,28,23.6,77.23,,,,,,,,,,,,,,,,,,,,,,,,,,,,,,,,,,,,
2023,7,31,14,0,28.9,23.6,72.9,,,,,,,,,,,,,,,,,,,,,,,,,,,,,,,,,,,,
2023,7,31,15,0,29.9,23.6,68.85,,,,,,,,,,,,,,,,,,,,,,,,,,,,,,,,,,,,
2023,7,31,16,0,30.6,23.6,66.22,,,,,,,,,,,,,,,,,,,,,,,,,,,,,,,,,,,,
2023,7,31,17,0,31,23.9,65.8,,,,,,,,,,,,,,,,,,,,,,,,,,,,,,,,,,,,
2023,7,31,18,0,31.2,24,65.64,,,,,,,,,,,,,,,,,,,,,,,,,,,,,,,,,,,,
2023,7,31,19,0,31,24.4,67.89,,,,,,,,,,,,,,,,,,,,,,,,,,,,,,,,,,,,
2023,7,31,20,0,30.6,24.6,70.6,,,,,,,,,,,,,,,,,,,,,,,,,,,,,,,,,,,,
2023,7,31,21,0,29.9,24.8,74.06,,,,,,,,,,,,,,,,,,,,,,,,,,,,,,,,,,,,
2023,7,31,22,0,29.7,25.4,77.88,,,,,,,,,,,,,,,,,,,,,,,,,,,,,,,,,,,,
2023,7,31,23,0,28.8,25.5,82.45,,,,,,,,,,,,,,,,,,,,,,,,,,,,,,,,,,,,
2023,8,1,0,0,27.6,25.9,90.35,,,,,,,,,,,,,,,,,,,,,,,,,,,,,,,,,,,,
2023,8,1,1,0,27.2,25.7,91.71,,,,,,,,,,,,,,,,,,,,,,,,,,,,,,,,,,,,
2023,8,1,2,0,26.9,25.5,92.09,,,,,,,,,,,,,,,,,,,,,,,,,,,,,,,,,,,,
2023,8,1,3,0,26.6,25.3,92.38,,,,,,,,,,,,,,,,,,,,,,,,,,,,,,,,,,,,
2023,8,1,4,0,26.2,25,92.85,,,,,,,,,,,,,,,,,,,,,,,,,,,,,,,,,,,,
2023,8,1,5,0,25.9,24.7,92.85,,,,,,,,,,,,,,,,,,,,,,,,,,,,,,,,,,,,
2023,8,1,6,0,25.6,24.4,93.13,,,,,,,,,,,,,,,,,,,,,,,,,,,,,,,,,,,,
2023,8,1,7,0,25.1,24.2,95,,,,,,,,,,,,,,,,,,,,,,,,,,,,,,,,,,,,
2023,8,1,8,0,24.6,24.1,97.02,,,,,,,,,,,,,,,,,,,,,,,,,,,,,,,,,,,,
2023,8,1,9,0,24.4,24,97.9,,,,,,,,,,,,,,,,,,,,,,,,,,,,,,,,,,,,
2023,8,1,10,0,24.5,24.1,97.69,,,,,,,,,,,,,,,,,,,,,,,,,,,,,,,,,,,,
2023,8,1,11,0,25.5,24.7,95.51,,,,,,,,,,,,,,,,,,,,,,,,,,,,,,,,,,,,
2023,8,1,12,0,26.3,24.9,92.25,,,,,,,,,,,,,,,,,,,,,,,,,,,,,,,,,,,,
2023,8,1,13,0,27.5,24.1,81.7,,,,,,,,,,,,,,,,,,,,,,,,,,,,,,,,,,,,
2023,8,1,14,0,28.8,23.2,71.68,,,,,,,,,,,,,,,,,,,,,,,,,,,,,,,,,,,,
2023,8,1,15,0,29.8,22.7,65.8,,,,,,,,,,,,,,,,,,,,,,,,,,,,,,,,,,,,
2023,8,1,16,0,30.6,22.5,62.19,,,,,,,,,,,,,,,,,,,,,,,,,,,,,,,,,,,,
2023,8,1,17,0,31.1,22.4,60.03,,,,,,,,,,,,,,,,,,,,,,,,,,,,,,,,,,,,
2023,8,1,18,0,31.3,22.5,59.43,,,,,,,,,,,,,,,,,,,,,,,,,,,,,,,,,,,,
2023,8,1,19,0,31.2,22.5,59.99,,,,,,,,,,,,,,,,,,,,,,,,,,,,,,,,,,,,
2023,8,1,20,0,30.9,22.6,61.47,,,,,,,,,,,,,,,,,,,,,,,,,,,,,,,,,,,,
2023,8,1,21,0,30.3,22.9,64.6,,,,,,,,,,,,,,,,,,,,,,,,,,,,,,,,,,,,
2023,8,1,22,0,29.6,23.5,70.01,,,,,,,,,,,,,,,,,,,,,,,,,,,,,,,,,,,,
2023,8,1,23,0,28.4,24.2,78,,,,,,,,,,,,,,,,,,,,,,,,,,,,,,,,,,,,
2023,8,2,0,0,27.3,24.5,84.81,,,,,,,,,,,,,,,,,,,,,,,,,,,,,,,,,,,,
2023,8,2,1,0,26.9,24.5,86.67,,,,,,,,,,,,,,,,,,,,,,,,,,,,,,,,,,,,
2023,8,2,2,0,26.7,24.5,87.67,,,,,,,,,,,,,,,,,,,,,,,,,,,,,,,,,,,,
2023,8,2,3,0,26.5,24.4,88.39,,,,,,,,,,,,,,,,,,,,,,,,,,,,,,,,,,,,
2023,8,2,4,0,26.3,24.3,88.97,,,,,,,,,,,,,,,,,,,,,,,,,,,,,,,,,,,,
2023,8,2,5,0,26.2,24.2,88.97,,,,,,,,,,,,,,,,,,,,,,,,,,,,,,,,,,,,
2023,8,2,6,0,26.1,24.1,88.98,,,,,,,,,,,,,,,,,,,,,,,,,,,,,,,,,,,,
2023,8,2,7,0,26.1,24.1,88.6,,,,,,,,,,,,,,,,,,,,,,,,,,,,,,,,,,,,
2023,8,2,8,0,26,24.1,89.04,,,,,,,,,,,,,,,,,,,,,,,,,,,,,,,,,,,,
2023,8,2,9,0,25.9,24,89.42,,,,,,,,,,,,,,,,,,,,,,,,,,,,,,,,,,,,
2023,8,2,10,0,25.8,24,89.9,,,,,,,,,,,,,,,,,,,,,,,,,,,,,,,,,,,,
2023,8,2,11,0,26.5,24.3,87.54,,,,,,,,,,,,,,,,,,,,,,,,,,,,,,,,,,,,
2023,8,2,12,0,27.4,24.1,82.38,,,,,,,,,,,,,,,,,,,,,,,,,,,,,,,,,,,,
2023,8,2,13,0,28.3,23.6,75.52,,,,,,,,,,,,,,,,,,,,,,,,,,,,,,,,,,,,
2023,8,2,14,0,29,23,70.26,,,,,,,,,,,,,,,,,,,,,,,,,,,,,,,,,,,,
2023,8,2,15,0,29.6,22.7,66.3,,,,,,,,,,,,,,,,,,,,,,,,,,,,,,,,,,,,
2023,8,2,16,0,29.9,22.4,64.16,,,,,,,,,,,,,,,,,,,,,,,,,,,,,,,,,,,,
2023,8,2,17,0,30.1,22.2,62.53,,,,,,,,,,,,,,,,,,,,,,,,,,,,,,,,,,,,
2023,8,2,18,0,30.2,21.9,61.14,,,,,,,,,,,,,,,,,,,,,,,,,,,,,,,,,,,,
2023,8,2,19,0,29.9,21.7,61.51,,,,,,,,,,,,,,,,,,,,,,,,,,,,,,,,,,,,
2023,8,2,20,0,29.5,21.6,62.57,,,,,,,,,,,,,,,,,,,,,,,,,,,,,,,,,,,,
2023,8,2,21,0,28.7,21.6,65.61,,,,,,,,,,,,,,,,,,,,,,,,,,,,,,,,,,,,
2023,8,2,22,0,27.8,21.9,70.28,,,,,,,,,,,,,,,,,,,,,,,,,,,,,,,,,,,,
2023,8,2,23,0,26.9,22.2,75.56,,,,,,,,,,,,,,,,,,,,,,,,,,,,,,,,,,,,
2023,8,3,0,0,25.7,22.3,81.32,,,,,,,,,,,,,,,,,,,,,,,,,,,,,,,,,,,,
2023,8,3,1,0,25.4,22,81.37,,,,,,,,,,,,,,,,,,,,,,,,,,,,,,,,,,,,
2023,8,3,2,0,25.1,21.7,81.27,,,,,,,,,,,,,,,,,,,,,,,,,,,,,,,,,,,,
2023,8,3,3,0,25,21.4,80.4,,,,,,,,,,,,,,,,,,,,,,,,,,,,,,,,,,,,
2023,8,3,4,0,24.9,21.2,79.91,,,,,,,,,,,,,,,,,,,,,,,,,,,,,,,,,,,,
2023,8,3,5,0,24.7,21,79.87,,,,,,,,,,,,,,,,,,,,,,,,,,,,,,,,,,,,
2023,8,3,6,0,24.5,20.8,79.86,,,,,,,,,,,,,,,,,,,,,,,,,,,,,,,,,,,,
2023,8,3,7,0,24.4,20.7,79.82,,,,,,,,,,,,,,,,,,,,,,,,,,,,,,,,,,,,
2023,8,3,8,0,24.4,20.7,79.79,,,,,,,,,,,,,,,,,,,,,,,,,,,,,,,,,,,,
2023,8,3,9,0,24.4,20.7,79.96,,,,,,,,,,,,,,,,,,,,,,,,,,,,,,,,,,,,
2023,8,3,10,0,24.4,20.8,80.31,,,,,,,,,,,,,,,,,,,,,,,,,,,,,,,,,,,,
2023,8,3,11,0,25.7,21.8,78.97,,,,,,,,,,,,,,,,,,,,,,,,,,,,,,,,,,,,
2023,8,3,12,0,27.1,21.4,70.85,,,,,,,,,,,,,,,,,,,,,,,,,,,,,,,,,,,,
2023,8,3,13,0,28,20.7,64.76,,,,,,,,,,,,,,,,,,,,,,,,,,,,,,,,,,,,
2023,8,3,14,0,28.9,20.2,59.35,,,,,,,,,,,,,,,,,,,,,,,,,,,,,,,,,,,,
2023,8,3,15,0,29.8,19.7,54.76,,,,,,,,,,,,,,,,,,,,,,,,,,,,,,,,,,,,
2023,8,3,16,0,30.5,19.2,51.04,,,,,,,,,,,,,,,,,,,,,,,,,,,,,,,,,,,,
2023,8,3,17,0,30.8,19.1,49.79,,,,,,,,,,,,,,,,,,,,,,,,,,,,,,,,,,,,
2023,8,3,18,0,30.4,19.6,52.37,,,,,,,,,,,,,,,,,,,,,,,,,,,,,,,,,,,,
2023,8,3,19,0,30,20.2,55.67,,,,,,,,,,,,,,,,,,,,,,,,,,,,,,,,,,,,
2023,8,3,20,0,29.6,20.8,59.08,,,,,,,,,,,,,,,,,,,,,,,,,,,,,,,,,,,,
2023,8,3,21,0,28.9,21.4,64,,,,,,,,,,,,,,,,,,,,,,,,,,,,,,,,,,,,
2023,8,3,22,0,28,22.1,70.45,,,,,,,,,,,,,,,,,,,,,,,,,,,,,,,,,,,,
2023,8,3,23,0,27.1,22.7,76.82,,,,,,,,,,,,,,,,,,,,,,,,,,,,,,,,,,,,
2023,8,4,0,0,26.5,22.8,80.35,,,,,,,,,,,,,,,,,,,,,,,,,,,,,,,,,,,,
2023,8,4,1,0,26.4,22.9,81.27,,,,,,,,,,,,,,,,,,,,,,,,,,,,,,,,,,,,
2023,8,4,2,0,26.3,23.1,82.57,,,,,,,,,,,,,,,,,,,,,,,,,,,,,,,,,,,,
2023,8,4,3,0,26.4,23.4,83.37,,,,,,,,,,,,,,,,,,,,,,,,,,,,,,,,,,,,
2023,8,4,4,0,26.6,23.7,84.37,,,,,,,,,,,,,,,,,,,,,,,,,,,,,,,,,,,,
2023,8,4,5,0,26.7,24.2,86.02,,,,,,,,,,,,,,,,,,,,,,,,,,,,,,,,,,,,
2023,8,4,6,0,26.7,24.6,88.14,,,,,,,,,,,,,,,,,,,,,,,,,,,,,,,,,,,,
2023,8,4,7,0,26.7,24.9,89.94,,,,,,,,,,,,,,,,,,,,,,,,,,,,,,,,,,,,
2023,8,4,8,0,26.6,25.2,91.82,,,,,,,,,,,,,,,,,,,,,,,,,,,,,,,,,,,,
2023,8,4,9,0,26.5,25.3,93.28,,,,,,,,,,,,,,,,,,,,,,,,,,,,,,,,,,,,
2023,8,4,10,0,26.3,25.3,94.51,,,,,,,,,,,,,,,,,,,,,,,,,,,,,,,,,,,,
2023,8,4,11,0,26.4,25.5,94.61,,,,,,,,,,,,,,,,,,,,,,,,,,,,,,,,,,,,
2023,8,4,12,0,26.7,25.5,93.42,,,,,,,,,,,,,,,,,,,,,,,,,,,,,,,,,,,,
2023,8,4,13,0,27.2,25.4,90.03,,,,,,,,,,,,,,,,,,,,,,,,,,,,,,,,,,,,
2023,8,4,14,0,28,25,83.86,,,,,,,,,,,,,,,,,,,,,,,,,,,,,,,,,,,,
2023,8,4,15,0,28.5,24.9,80.69,,,,,,,,,,,,,,,,,,,,,,,,,,,,,,,,,,,,
2023,8,4,16,0,28.9,24.9,78.81,,,,,,,,,,,,,,,,,,,,,,,,,,,,,,,,,,,,
2023,8,4,17,0,29.2,24.9,77.7,,,,,,,,,,,,,,,,,,,,,,,,,,,,,,,,,,,,
2023,8,4,18,0,29.3,25,77.64,,,,,,,,,,,,,,,,,,,,,,,,,,,,,,,,,,,,
2023,8,4,19,0,29.4,25.2,78.16,,,,,,,,,,,,,,,,,,,,,,,,,,,,,,,,,,,,
2023,8,4,20,0,29.2,25.5,80.43,,,,,,,,,,,,,,,,,,,,,,,,,,,,,,,,,,,,
2023,8,4,21,0,29,25.8,82.78,,,,,,,,,,,,,,,,,,,,,,,,,,,,,,,,,,,,
2023,8,4,22,0,28.9,26.4,86.2,,,,,,,,,,,,,,,,,,,,,,,,,,,,,,,,,,,,
2023,8,4,23,0,28.5,26.6,89.53,,,,,,,,,,,,,,,,,,,,,,,,,,,,,,,,,,,,
2023,8,5,0,0,27.8,26.5,92.43,,,,,,,,,,,,,,,,,,,,,,,,,,,,,,,,,,,,
2023,8,5,1,0,27.7,26.3,92.19,,,,,,,,,,,,,,,,,,,,,,,,,,,,,,,,,,,,
2023,8,5,2,0,27.5,26.2,92.72,,,,,,,,,,,,,,,,,,,,,,,,,,,,,,,,,,,,
2023,8,5,3,0,27.2,26.1,93.83,,,,,,,,,,,,,,,,,,,,,,,,,,,,,,,,,,,,
2023,8,5,4,0,26.8,26,95.29,,,,,,,,,,,,,,,,,,,,,,,,,,,,,,,,,,,,
2023,8,5,5,0,26.4,25.8,96.54,,,,,,,,,,,,,,,,,,,,,,,,,,,,,,,,,,,,
2023,8,5,6,0,26.1,25.5,96.72,,,,,,,,,,,,,,,,,,,,,,,,,,,,,,,,,,,,
2023,8,5,7,0,25.8,25.2,96.7,,,,,,,,,,,,,,,,,,,,,,,,,,,,,,,,,,,,
2023,8,5,8,0,25.5,24.9,96.69,,,,,,,,,,,,,,,,,,,,,,,,,,,,,,,,,,,,
2023,8,5,9,0,25.2,24.7,96.9,,,,,,,,,,,,,,,,,,,,,,,,,,,,,,,,,,,,
2023,8,5,10,0,25,24.5,97.31,,,,,,,,,,,,,,,,,,,,,,,,,,,,,,,,,,,,
2023,8,5,11,0,25.7,24.8,94.97,,,,,,,,,,,,,,,,,,,,,,,,,,,,,,,,,,,,
2023,8,5,12,0,26.4,25,91.79,,,,,,,,,,,,,,,,,,,,,,,,,,,,,,,,,,,,
2023,8,5,13,0,27.7,24.4,82.16,,,,,,,,,,,,,,,,,,,,,,,,,,,,,,,,,,,,
2023,8,5,14,0,28.9,23.7,73.63,,,,,,,,,,,,,,,,,,,,,,,,,,,,,,,,,,,,
2023,8,5,15,0,29.9,23.3,67.85,,,,,,,,,,,,,,,,,,,,,,,,,,,,,,,,,,,,
2023,8,5,16,0,30.7,23,63.47,,,,,,,,,,,,,,,,,,,,,,,,,,,,,,,,,,,,
2023,8,5,17,0,31.3,23,61.45,,,,,,,,,,,,,,,,,,,,,,,,,,,,,,,,,,,,
2023,8,5,18,0,31.7,22.9,59.61,,,,,,,,,,,,,,,,,,,,,,,,,,,,,,,,,,,,
2023,8,5,19,0,31.9,22.9,59.09,,,,,,,,,,,,,,,,,,,,,,,,,,,,,,,,,,,,
2023,8,5,20,0,31.8,23,59.56,,,,,,,,,,,,,,,,,,,,,,,,,,,,,,,,,,,,
2023,8,5,21,0,31.3,23.1,61.9,,,,,,,,,,,,,,,,,,,,,,,,,,,,,,,,,,,,
2023,8,5,22,0,30.8,23.9,66.87,,,,,,,,,,,,,,,,,,,,,,,,,,,,,,,,,,,,
2023,8,5,23,0,29.9,24.7,73.93,,,,,,,,,,,,,,,,,,,,,,,,,,,,,,,,,,,,
2023,8,6,0,0,28.3,25.3,83.73,,,,,,,,,,,,,,,,,,,,,,,,,,,,,,,,,,,,
2023,8,6,1,0,27.2,25.4,89.96,,,,,,,,,,,,,,,,,,,,,,,,,,,,,,,,,,,,
2023,8,6,2,0,26.8,25.6,93.1,,,,,,,,,,,,,,,,,,,,,,,,,,,,,,,,,,,,
2023,8,6,3,0,26.6,25.7,94.79,,,,,,,,,,,,,,,,,,,,,,,,,,,,,,,,,,,,
2023,8,6,4,0,26.4,25.6,95.34,,,,,,,,,,,,,,,,,,,,,,,,,,,,,,,,,,,,
2023,8,6,5,0,26.3,25.4,94.83,,,,,,,,,,,,,,,,,,,,,,,,,,,,,,,,,,,,
2023,8,6,6,0,26.3,25.2,93.92,,,,,,,,,,,,,,,,,,,,,,,,,,,,,,,,,,,,
2023,8,6,7,0,26.4,25.1,92.55,,,,,,,,,,,,,,,,,,,,,,,,,,,,,,,,,,,,
2023,8,6,8,0,26.5,25,91.27,,,,,,,,,,,,,,,,,,,,,,,,,,,,,,,,,,,,
2023,8,6,9,0,26.5,24.9,91.13,,,,,,,,,,,,,,,,,,,,,,,,,,,,,,,,,,,,
2023,8,6,10,0,26.4,25,91.98,,,,,,,,,,,,,,,,,,,,,,,,,,,,,,,,,,,,
2023,8,6,11,0,27.1,25.6,91.41,,,,,,,,,,,,,,,,,,,,,,,,,,,,,,,,,,,,
2023,8,6,12,0,28.3,25.2,83.15,,,,,,,,,,,,,,,,,,,,,,,,,,,,,,,,,,,,
2023,8,6,13,0,29.2,24.3,75.12,,,,,,,,,,,,,,,,,,,,,,,,,,,,,,,,,,,,
2023,8,6,14,0,30.1,24,69.83,,,,,,,,,,,,,,,,,,,,,,,,,,,,,,,,,,,,
2023,8,6,15,0,30.9,23.8,66.15,,,,,,,,,,,,,,,,,,,,,,,,,,,,,,,,,,,,
2023,8,6,16,0,31.7,23.6,62.12,,,,,,,,,,,,,,,,,,,,,,,,,,,,,,,,,,,,
2023,8,6,17,0,32.2,23.4,59.64,,,,,,,,,,,,,,,,,,,,,,,,,,,,,,,,,,,,
2023,8,6,18,0,32.5,23.2,58.25,,,,,,,,,,,,,,,,,,,,,,,,,,,,,,,,,,,,
2023,8,6,19,0,32.5,23.3,58.42,,,,,,,,,,,,,,,,,,,,,,,,,,,,,,,,,,,,
2023,8,6,20,0,32.1,23.5,60.62,,,,,,,,,,,,,,,,,,,,,,,,,,,,,,,,,,,,
2023,8,6,21,0,31.4,24,64.75,,,,,,,,,,,,,,,,,,,,,,,,,,,,,,,,,,,,
2023,8,6,22,0,30.6,24.4,69.65,,,,,,,,,,,,,,,,,,,,,,,,,,,,,,,,,,,,
2023,8,6,23,0,29.1,25.1,78.97,,,,,,,,,,,,,,,,,,,,,,,,,,,,,,,,,,,,
2023,8,7,0,0,27.9,25.3,85.59,,,,,,,,,,,,,,,,,,,,,,,,,,,,,,,,,,,,
2023,8,7,1,0,27.5,25.4,88.5,,,,,,,,,,,,,,,,,,,,,,,,,,,,,,,,,,,,
2023,8,7,2,0,27.3,25.6,90.59,,,,,,,,,,,,,,,,,,,,,,,,,,,,,,,,,,,,
2023,8,7,3,0,27,25.7,92.54,,,,,,,,,,,,,,,,,,,,,,,,,,,,,,,,,,,,
2023,8,7,4,0,26.8,25.7,93.67,,,,,,,,,,,,,,,,,,,,,,,,,,,,,,,,,,,,
2023,8,7,5,0,26.7,25.7,94.26,,,,,,,,,,,,,,,,,,,,,,,,,,,,,,,,,,,,
2023,8,7,6,0,26.5,25.7,95.38,,,,,,,,,,,,,,,,,,,,,,,,,,,,,,,,,,,,
2023,8,7,7,0,26.4,25.7,96.21,,,,,,,,,,,,,,,,,,,,,,,,,,,,,,,,,,,,
2023,8,7,8,0,26.3,25.8,97.15,,,,,,,,,,,,,,,,,,,,,,,,,,,,,,,,,,,,
2023,8,7,9,0,26.2,25.8,97.9,,,,,,,,,,,,,,,,,,,,,,,,,,,,,,,,,,,,
2023,8,7,10,0,26,25.7,98.26,,,,,,,,,,,,,,,,,,,,,,,,,,,,,,,,,,,,
2023,8,7,11,0,26.1,25.5,96.56,,,,,,,,,,,,,,,,,,,,,,,,,,,,,,,,,,,,
2023,8,7,12,0,26.5,25.2,92.44,,,,,,,,,,,,,,,,,,,,,,,,,,,,,,,,,,,,
2023,8,7,13,0,27.7,24.4,82.09,,,,,,,,,,,,,,,,,,,,,,,,,,,,,,,,,,,,
2023,8,7,14,0,29.2,23.6,71.86,,,,,,,,,,,,,,,,,,,,,,,,,,,,,,,,,,,,
2023,8,7,15,0,30.6,23.5,66,,,,,,,,,,,,,,,,,,,,,,,,,,,,,,,,,,,,
2023,8,7,16,0,31.7,24.1,64.22,,,,,,,,,,,,,,,,,,,,,,,,,,,,,,,,,,,,
2023,8,7,17,0,32.5,24.8,64.05,,,,,,,,,,,,,,,,,,,,,,,,,,,,,,,,,,,,
2023,8,7,18,0,32.8,25.5,65.42,,,,,,,,,,,,,,,,,,,,,,,,,,,,,,,,,,,,
2023,8,7,19,0,32.7,26,67.98,,,,,,,,,,,,,,,,,,,,,,,,,,,,,,,,,,,,
2023,8,7,20,0,32.4,26.5,71.19,,,,,,,,,,,,,,,,,,,,,,,,,,,,,,,,,,,,
2023,8,7,21,0,31.8,26.9,75.44,,,,,,,,,,,,,,,,,,,,,,,,,,,,,,,,,,,,
2023,8,7,22,0,31.1,27.3,80.5,,,,,,,,,,,,,,,,,,,,,,,,,,,,,,,,,,,,
2023,8,7,23,0,30.1,27.7,86.81,,,,,,,,,,,,,,,,,,,,,,,,,,,,,,,,,,,,
2023,8,8,0,0,29.4,27.8,91.06,,,,,,,,,,,,,,,,,,,,,,,,,,,,,,,,,,,,
2023,8,8,1,0,29.1,28,93.92,,,,,,,,,,,,,,,,,,,,,,,,,,,,,,,,,,,,
2023,8,8,2,0,28.9,28.3,96.59,,,,,,,,,,,,,,,,,,,,,,,,,,,,,,,,,,,,
2023,8,8,3,0,28.7,28.5,98.64,,,,,,,,,,,,,,,,,,,,,,,,,,,,,,,,,,,,
2023,8,8,4,0,28.5,28.3,99.08,,,,,,,,,,,,,,,,,,,,,,,,,,,,,,,,,,,,
2023,8,8,5,0,28.3,28.1,98.77,,,,,,,,,,,,,,,,,,,,,,,,,,,,,,,,,,,,
2023,8,8,6,0,28,27.8,98.94,,,,,,,,,,,,,,,,,,,,,,,,,,,,,,,,,,,,
2023,8,8,7,0,27.7,27.5,99.08,,,,,,,,,,,,,,,,,,,,,,,,,,,,,,,,,,,,
2023,8,8,8,0,27.3,27.2,99.66,,,,,,,,,,,,,,,,,,,,,,,,,,,,,,,,,,,,
2023,8,8,9,0,27.1,27.1,99.85,,,,,,,,,,,,,,,,,,,,,,,,,,,,,,,,,,,,
2023,8,8,10,0,27,27,100,,,,,,,,,,,,,,,,,,,,,,,,,,,,,,,,,,,,
2023,8,8,11,0,27.4,27,97.9,,,,,,,,,,,,,,,,,,,,,,,,,,,,,,,,,,,,
2023,8,8,12,0,27.9,26.7,93.03,,,,,,,,,,,,,,,,,,,,,,,,,,,,,,,,,,,,
2023,8,8,13,0,29,25.6,82.12,,,,,,,,,,,,,,,,,,,,,,,,,,,,,,,,,,,,
2023,8,8,14,0,30.3,24.9,72.7,,,,,,,,,,,,,,,,,,,,,,,,,,,,,,,,,,,,
2023,8,8,15,0,31.5,24.7,67.1,,,,,,,,,,,,,,,,,,,,,,,,,,,,,,,,,,,,
2023,8,8,16,0,32.3,24.8,64.61,,,,,,,,,,,,,,,,,,,,,,,,,,,,,,,,,,,,
2023,8,8,17,0,32.8,25,63.67,,,,,,,,,,,,,,,,,,,,,,,,,,,,,,,,,,,,
2023,8,8,18,0,33.1,25.3,63.68,,,,,,,,,,,,,,,,,,,,,,,,,,,,,,,,,,,,
2023,8,8,19,0,33.1,25.6,64.91,,,,,,,,,,,,,,,,,,,,,,,,,,,,,,,,,,,,
2023,8,8,20,0,32.8,25.9,67.03,,,,,,,,,,,,,,,,,,,,,,,,,,,,,,,,,,,,
2023,8,8,21,0,32.4,26,69.14,,,,,,,,,,,,,,,,,,,,,,,,,,,,,,,,,,,,
2023,8,8,22,0,31.6,26.3,73.42,,,,,,,,,,,,,,,,,,,,,,,,,,,,,,,,,,,,
2023,8,8,23,0,30.3,27,82.55,,,,,,,,,,,,,,,,,,,,,,,,,,,,,,,,,,,,
2023,8,9,0,0,29.1,27.1,89.22,,,,,,,,,,,,,,,,,,,,,,,,,,,,,,,,,,,,
2023,8,9,1,0,28.7,27,90.75,,,,,,,,,,,,,,,,,,,,,,,,,,,,,,,,,,,,
2023,8,9,2,0,28.3,26.8,91.64,,,,,,,,,,,,,,,,,,,,,,,,,,,,,,,,,,,,
2023,8,9,3,0,28.1,26.5,91.29,,,,,,,,,,,,,,,,,,,,,,,,,,,,,,,,,,,,
2023,8,9,4,0,27.7,26.2,91.45,,,,,,,,,,,,,,,,,,,,,,,,,,,,,,,,,,,,
2023,8,9,5,0,27.1,25.8,92.52,,,,,,,,,,,,,,,,,,,,,,,,,,,,,,,,,,,,
2023,8,9,6,0,26.6,25.4,93.05,,,,,,,,,,,,,,,,,,,,,,,,,,,,,,,,,,,,
2023,8,9,7,0,26.1,24.9,93.05,,,,,,,,,,,,,,,,,,,,,,,,,,,,,,,,,,,,
2023,8,9,8,0,25.5,24.3,92.89,,,,,,,,,,,,,,,,,,,,,,,,,,,,,,,,,,,,
2023,8,9,9,0,24.9,23.7,92.88,,,,,,,,,,,,,,,,,,,,,,,,,,,,,,,,,,,,
2023,8,9,10,0,24.4,23.2,93.1,,,,,,,,,,,,,,,,,,,,,,,,,,,,,,,,,,,,
2023,8,9,11,0,24.8,22.8,88.57,,,,,,,,,,,,,,,,,,,,,,,,,,,,,,,,,,,,
2023,8,9,12,0,26,22.3,80.24,,,,,,,,,,,,,,,,,,,,,,,,,,,,,,,,,,,,
2023,8,9,13,0,27.6,21.6,70.05,,,,,,,,,,,,,,,,,,,,,,,,,,,,,,,,,,,,
2023,8,9,14,0,28.7,21.2,64.1,,,,,,,,,,,,,,,,,,,,,,,,,,,,,,,,,,,,
2023,8,9,15,0,29.8,21.2,59.98,,,,,,,,,,,,,,,,,,,,,,,,,,,,,,,,,,,,
2023,8,9,16,0,30.7,21.3,57.41,,,,,,,,,,,,,,,,,,,,,,,,,,,,,,,,,,,,
2023,8,9,17,0,31.4,21.7,56.35,,,,,,,,,,,,,,,,,,,,,,,,,,,,,,,,,,,,
2023,8,9,18,0,31.8,22.2,56.95,,,,,,,,,,,,,,,,,,,,,,,,,,,,,,,,,,,,
2023,8,9,19,0,32,22.6,57.8,,,,,,,,,,,,,,,,,,,,,,,,,,,,,,,,,,,,
2023,8,9,20,0,31.8,23.1,60.26,,,,,,,,,,,,,,,,,,,,,,,,,,,,,,,,,,,,
2023,8,9,21,0,31.4,23.7,63.65,,,,,,,,,,,,,,,,,,,,,,,,,,,,,,,,,,,,
2023,8,9,22,0,30.8,24.3,68.41,,,,,,,,,,,,,,,,,,,,,,,,,,,,,,,,,,,,
2023,8,9,23,0,29.6,25.3,77.65,,,,,,,,,,,,,,,,,,,,,,,,,,,,,,,,,,,,
2023,8,10,0,0,28.3,25.3,84.05,,,,,,,,,,,,,,,,,,,,,,,,,,,,,,,,,,,,
2023,8,10,1,0,27.9,25.3,86.01,,,,,,,,,,,,,,,,,,,,,,,,,,,,,,,,,,,,
2023,8,10,2,0,27.6,25.3,87.5,,,,,,,,,,,,,,,,,,,,,,,,,,,,,,,,,,,,
2023,8,10,3,0,27.2,25.3,89.56,,,,,,,,,,,,,,,,,,,,,,,,,,,,,,,,,,,,
2023,8,10,4,0,27.1,25.4,90.58,,,,,,,,,,,,,,,,,,,,,,,,,,,,,,,,,,,,
2023,8,10,5,0,27.1,25.6,91.57,,,,,,,,,,,,,,,,,,,,,,,,,,,,,,,,,,,,
2023,8,10,6,0,27.1,25.8,92.64,,,,,,,,,,,,,,,,,,,,,,,,,,,,,,,,,,,,
2023,8,10,7,0,27.1,26.1,94.08,,,,,,,,,,,,,,,,,,,,,,,,,,,,,,,,,,,,
2023,8,10,8,0,27.1,26.5,96.61,,,,,,,,,,,,,,,,,,,,,,,,,,,,,,,,,,,,
2023,8,10,9,0,27.2,27,98.66,,,,,,,,,,,,,,,,,,,,,,,,,,,,,,,,,,,,
2023,8,10,10,0,27.5,27.4,99.34,,,,,,,,,,,,,,,,,,,,,,,,,,,,,,,,,,,,
2023,8,10,11,0,28.3,27.9,97.43,,,,,,,,,,,,,,,,,,,,,,,,,,,,,,,,,,,,
2023,8,10,12,0,29.5,28.2,92.6,,,,,,,,,,,,,,,,,,,,,,,,,,,,,,,,,,,,
2023,8,10,13,0,30.4,27.8,86.1,,,,,,,,,,,,,,,,,,,,,,,,,,,,,,,,,,,,
2023,8,10,14,0,31,27.3,80.76,,,,,,,,,,,,,,,,,,,,,,,,,,,,,,,,,,,,
2023,8,10,15,0,31.5,26.8,76.05,,,,,,,,,,,,,,,,,,,,,,,,,,,,,,,,,,,,
2023,8,10,16,0,32.1,26.3,71.33,,,,,,,,,,,,,,,,,,,,,,,,,,,,,,,,,,,,
2023,8,10,17,0,32.5,25.8,68.01,,,,,,,,,,,,,,,,,,,,,,,,,,,,,,,,,,,,
2023,8,10,18,0,32.7,25.6,66.16,,,,,,,,,,,,,,,,,,,,,,,,,,,,,,,,,,,,
2023,8,10,19,0,32.7,25.4,65.5,,,,,,,,,,,,,,,,,,,,,,,,,,,,,,,,,,,,
2023,8,10,20,0,32,25.4,68.26,,,,,,,,,,,,,,,,,,,,,,,,,,,,,,,,,,,,
2023,8,10,21,0,31.6,25.7,71.12,,,,,,,,,,,,,,,,,,,,,,,,,,,,,,,,,,,,
2023,8,10,22,0,31.3,26.1,73.99,,,,,,,,,,,,,,,,,,,,,,,,,,,,,,,,,,,,
2023,8,10,23,0,30.4,26.6,80.26,,,,,,,,,,,,,,,,,,,,,,,,,,,,,,,,,,,,
2023,8,11,0,0,29.3,26.9,86.88,,,,,,,,,,,,,,,,,,,,,,,,,,,,,,,,,,,,
2023,8,11,1,0,29,27.2,89.8,,,,,,,,,,,,,,,,,,,,,,,,,,,,,,,,,,,,
2023,8,11,2,0,28.7,27.4,92.64,,,,,,,,,,,,,,,,,,,,,,,,,,,,,,,,,,,,
2023,8,11,3,0,28.4,27.4,94.54,,,,,,,,,,,,,,,,,,,,,,,,,,,,,,,,,,,,
2023,8,11,4,0,28,27.3,96.1,,,,,,,,,,,,,,,,,,,,,,,,,,,,,,,,,,,,
2023,8,11,5,0,27.7,27.1,96.36,,,,,,,,,,,,,,,,,,,,,,,,,,,,,,,,,,,,
2023,8,11,6,0,27.4,26.7,95.99,,,,,,,,,,,,,,,,,,,,,,,,,,,,,,,,,,,,
2023,8,11,7,0,27,26.2,95.63,,,,,,,,,,,,,,,,,,,,,,,,,,,,,,,,,,,,
2023,8,11,8,0,26.6,25.8,95.13,,,,,,,,,,,,,,,,,,,,,,,,,,,,,,,,,,,,
2023,8,11,9,0,26.3,25.3,94.35,,,,,,,,,,,,,,,,,,,,,,,,,,,,,,,,,,,,
2023,8,11,10,0,26,25,94.17,,,,,,,,,,,,,,,,,,,,,,,,,,,,,,,,,,,,
2023,8,11,11,0,26.7,24.8,89.1,,,,,,,,,,,,,,,,,,,,,,,,,,,,,,,,,,,,
2023,8,11,12,0,27.9,24.6,82.52,,,,,,,,,,,,,,,,,,,,,,,,,,,,,,,,,,,,
2023,8,11,13,0,29.8,24.1,71.57,,,,,,,,,,,,,,,,,,,,,,,,,,,,,,,,,,,,
2023,8,11,14,0,31.1,23.7,64.64,,,,,,,,,,,,,,,,,,,,,,,,,,,,,,,,,,,,
2023,8,11,15,0,31.8,23.7,62.44,,,,,,,,,,,,,,,,,,,,,,,,,,,,,,,,,,,,
2023,8,11,16,0,32.4,24,61.23,,,,,,,,,,,,,,,,,,,,,,,,,,,,,,,,,,,,
2023,8,11,17,0,32.7,24.3,61.36,,,,,,,,,,,,,,,,,,,,,,,,,,,,,,,,,,,,
2023,8,11,18,0,32.6,24.7,63.1,,,,,,,,,,,,,,,,,,,,,,,,,,,,,,,,,,,,
2023,8,11,19,0,32.3,25.1,65.9,,,,,,,,,,,,,,,,,,,,,,,,,,,,,,,,,,,,
2023,8,11,20,0,32,25.6,69.08,,,,,,,,,,,,,,,,,,,,,,,,,,,,,,,,,,,,
2023,8,11,21,0,31.4,26,72.91,,,,,,,,,,,,,,,,,,,,,,,,,,,,,,,,,,,,
2023,8,11,22,0,30.6,26.3,77.76,,,,,,,,,,,,,,,,,,,,,,,,,,,,,,,,,,,,
2023,8,11,23,0,29.5,26.6,84.6,,,,,,,,,,,,,,,,,,,,,,,,,,,,,,,,,,,,
2023,8,12,0,0,28.5,26.7,90.05,,,,,,,,,,,,,,,,,,,,,,,,,,,,,,,,,,,,
2023,8,12,1,0,28.2,26.6,90.97,,,,,,,,,,,,,,,,,,,,,,,,,,,,,,,,,,,,
2023,8,12,2,0,27.9,26.5,92.09,,,,,,,,,,,,,,,,,,,,,,,,,,,,,,,,,,,,
2023,8,12,3,0,27.7,26.5,93.32,,,,,,,,,,,,,,,,,,,,,,,,,,,,,,,,,,,,
2023,8,12,4,0,27.7,26.6,93.93,,,,,,,,,,,,,,,,,,,,,,,,,,,,,,,,,,,,
2023,8,12,5,0,27.6,26.6,94.5,,,,,,,,,,,,,,,,,,,,,,,,,,,,,,,,,,,,
2023,8,12,6,0,27.5,26.6,94.67,,,,,,,,,,,,,,,,,,,,,,,,,,,,,,,,,,,,
2023,8,12,7,0,27.3,26.5,95.22,,,,,,,,,,,,,,,,,,,,,,,,,,,,,,,,,,,,
2023,8,12,8,0,27.2,26.3,94.92,,,,,,,,,,,,,,,,,,,,,,,,,,,,,,,,,,,,
2023,8,12,9,0,27.1,26.1,94.43,,,,,,,,,,,,,,,,,,,,,,,,,,,,,,,,,,,,
2023,8,12,10,0,26.9,26,94.79,,,,,,,,,,,,,,,,,,,,,,,,,,,,,,,,,,,,
2023,8,12,11,0,27.4,26.4,94.19,,,,,,,,,,,,,,,,,,,,,,,,,,,,,,,,,,,,
2023,8,12,12,0,28.5,26.5,88.83,,,,,,,,,,,,,,,,,,,,,,,,,,,,,,,,,,,,
2023,8,12,13,0,30,24.7,73.25,,,,,,,,,,,,,,,,,,,,,,,,,,,,,,,,,,,,
2023,8,12,14,0,31,23.8,65.64,,,,,,,,,,,,,,,,,,,,,,,,,,,,,,,,,,,,
2023,8,12,15,0,32,23.6,61.09,,,,,,,,,,,,,,,,,,,,,,,,,,,,,,,,,,,,
2023,8,12,16,0,32.7,23.3,57.77,,,,,,,,,,,,,,,,,,,,,,,,,,,,,,,,,,,,
2023,8,12,17,0,33.3,23.1,55.07,,,,,,,,,,,,,,,,,,,,,,,,,,,,,,,,,,,,
2023,8,12,18,0,33.7,23,53.74,,,,,,,,,,,,,,,,,,,,,,,,,,,,,,,,,,,,
2023,8,12,19,0,33.8,23.2,54.08,,,,,,,,,,,,,,,,,,,,,,,,,,,,,,,,,,,,
2023,8,12,20,0,33.5,23.6,56.14,,,,,,,,,,,,,,,,,,,,,,,,,,,,,,,,,,,,
2023,8,12,21,0,33.1,24.1,59.2,,,,,,,,,,,,,,,,,,,,,,,,,,,,,,,,,,,,
2023,8,12,22,0,32.8,24.9,63.43,,,,,,,,,,,,,,,,,,,,,,,,,,,,,,,,,,,,
2023,8,12,23,0,31.3,26.2,74.43,,,,,,,,,,,,,,,,,,,,,,,,,,,,,,,,,,,,
2023,8,13,0,0,30.2,26.6,81.25,,,,,,,,,,,,,,,,,,,,,,,,,,,,,,,,,,,,
2023,8,13,1,0,29.5,26.9,85.99,,,,,,,,,,,,,,,,,,,,,,,,,,,,,,,,,,,,
2023,8,13,2,0,29,27.2,90.18,,,,,,,,,,,,,,,,,,,,,,,,,,,,,,,,,,,,
2023,8,13,3,0,28.6,27.4,93.28,,,,,,,,,,,,,,,,,,,,,,,,,,,,,,,,,,,,
2023,8,13,4,0,28.5,27.6,94.85,,,,,,,,,,,,,,,,,,,,,,,,,,,,,,,,,,,,
2023,8,13,5,0,28.5,27.8,95.9,,,,,,,,,,,,,,,,,,,,,,,,,,,,,,,,,,,,
2023,8,13,6,0,28.5,27.9,96.38,,,,,,,,,,,,,,,,,,,,,,,,,,,,,,,,,,,,
2023,8,13,7,0,28.4,27.8,96.66,,,,,,,,,,,,,,,,,,,,,,,,,,,,,,,,,,,,
2023,8,13,8,0,28.4,27.7,96.09,,,,,,,,,,,,,,,,,,,,,,,,,,,,,,,,,,,,
2023,8,13,9,0,28.3,27.7,96.34,,,,,,,,,,,,,,,,,,,,,,,,,,,,,,,,,,,,
2023,8,13,10,0,28.1,27.6,97.08,,,,,,,,,,,,,,,,,,,,,,,,,,,,,,,,,,,,
2023,8,13,11,0,28.7,27.7,94.44,,,,,,,,,,,,,,,,,,,,,,,,,,,,,,,,,,,,
2023,8,13,12,0,29.4,27.7,90.6,,,,,,,,,,,,,,,,,,,,,,,,,,,,,,,,,,,,
2023,8,13,13,0,30.4,27.2,82.98,,,,,,,,,,,,,,,,,,,,,,,,,,,,,,,,,,,,
2023,8,13,14,0,31.4,26.6,75.55,,,,,,,,,,,,,,,,,,,,,,,,,,,,,,,,,,,,
2023,8,13,15,0,32.4,26.3,70.19,,,,,,,,,,,,,,,,,,,,,,,,,,,,,,,,,,,,
2023,8,13,16,0,33.2,26.1,66.48,,,,,,,,,,,,,,,,,,,,,,,,,,,,,,,,,,,,
2023,8,13,17,0,33.7,26,64.19,,,,,,,,,,,,,,,,,,,,,,,,,,,,,,,,,,,,
2023,8,13,18,0,34,26,63.19,,,,,,,,,,,,,,,,,,,,,,,,,,,,,,,,,,,,
2023,8,13,19,0,33.9,26.1,63.95,,,,,,,,,,,,,,,,,,,,,,,,,,,,,,,,,,,,
2023,8,13,20,0,33.5,26.3,66.1,,,,,,,,,,,,,,,,,,,,,,,,,,,,,,,,,,,,
2023,8,13,21,0,32.9,26.5,69.23,,,,,,,,,,,,,,,,,,,,,,,,,,,,,,,,,,,,
2023,8,13,22,0,32,27,74.94,,,,,,,,,,,,,,,,,,,,,,,,,,,,,,,,,,,,
2023,8,13,23,0,30.7,27.6,83.79,,,,,,,,,,,,,,,,,,,,,,,,,,,,,,,,,,,,
2023,8,14,0,0,29.8,27.9,89.57,,,,,,,,,,,,,,,,,,,,,,,,,,,,,,,,,,,,
2023,8,14,1,0,29.6,28.1,91.46,,,,,,,,,,,,,,,,,,,,,,,,,,,,,,,,,,,,
2023,8,14,2,0,29.4,28.1,92.71,,,,,,,,,,,,,,,,,,,,,,,,,,,,,,,,,,,,
2023,8,14,3,0,29.3,28,92.7,,,,,,,,,,,,,,,,,,,,,,,,,,,,,,,,,,,,
2023,8,14,4,0,29.1,27.8,92.99,,,,,,,,,,,,,,,,,,,,,,,,,,,,,,,,,,,,
2023,8,14,5,0,29,27.8,93.3,,,,,,,,,,,,,,,,,,,,,,,,,,,,,,,,,,,,
2023,8,14,6,0,28.9,27.7,93.33,,,,,,,,,,,,,,,,,,,,,,,,,,,,,,,,,,,,
2023,8,14,7,0,28.8,27.6,93.11,,,,,,,,,,,,,,,,,,,,,,,,,,,,,,,,,,,,
2023,8,14,8,0,28.7,27.5,93.17,,,,,,,,,,,,,,,,,,,,,,,,,,,,,,,,,,,,
2023,8,14,9,0,28.6,27.5,93.55,,,,,,,,,,,,,,,,,,,,,,,,,,,,,,,,,,,,
2023,8,14,10,0,28.5,27.5,94.06,,,,,,,,,,,,,,,,,,,,,,,,,,,,,,,,,,,,
2023,8,14,11,0,28.9,27.6,92.64,,,,,,,,,,,,,,,,,,,,,,,,,,,,,,,,,,,,
2023,8,14,12,0,29.6,27.6,89.28,,,,,,,,,,,,,,,,,,,,,,,,,,,,,,,,,,,,
2023,8,14,13,0,30.5,27.2,82.56,,,,,,,,,,,,,,,,,,,,,,,,,,,,,,,,,,,,
2023,8,14,14,0,31.4,26.6,75.69,,,,,,,,,,,,,,,,,,,,,,,,,,,,,,,,,,,,
2023,8,14,15,0,32.2,26.2,70.5,,,,,,,,,,,,,,,,,,,,,,,,,,,,,,,,,,,,
2023,8,14,16,0,32.8,25.8,66.89,,,,,,,,,,,,,,,,,,,,,,,,,,,,,,,,,,,,
2023,8,14,17,0,33.1,25.8,65.59,,,,,,,,,,,,,,,,,,,,,,,,,,,,,,,,,,,,
2023,8,14,18,0,33,25.9,66.34,,,,,,,,,,,,,,,,,,,,,,,,,,,,,,,,,,,,
2023,8,14,19,0,32.9,26.1,67.41,,,,,,,,,,,,,,,,,,,,,,,,,,,,,,,,,,,,
2023,8,14,20,0,32.4,26.3,70.23,,,,,,,,,,,,,,,,,,,,,,,,,,,,,,,,,,,,
2023,8,14,21,0,31.7,26.5,74.24,,,,,,,,,,,,,,,,,,,,,,,,,,,,,,,,,,,,
2023,8,14,22,0,30.7,27,80.54,,,,,,,,,,,,,,,,,,,,,,,,,,,,,,,,,,,,
2023,8,14,23,0,29.8,27.2,85.98,,,,,,,,,,,,,,,,,,,,,,,,,,,,,,,,,,,,
2023,8,15,0,0,29.3,27.3,88.78,,,,,,,,,,,,,,,,,,,,,,,,,,,,,,,,,,,,
2023,8,15,1,0,29.1,27.3,89.89,,,,,,,,,,,,,,,,,,,,,,,,,,,,,,,,,,,,
2023,8,15,2,0,29,27.3,90.59,,,,,,,,,,,,,,,,,,,,,,,,,,,,,,,,,,,,
2023,8,15,3,0,28.9,27.3,91.22,,,,,,,,,,,,,,,,,,,,,,,,,,,,,,,,,,,,
2023,8,15,4,0,28.7,27.3,92,,,,,,,,,,,,,,,,,,,,,,,,,,,,,,,,,,,,
2023,8,15,5,0,28.6,27.2,92.03,,,,,,,,,,,,,,,,,,,,,,,,,,,,,,,,,,,,
2023,8,15,6,0,28.5,27.1,92.41,,,,,,,,,,,,,,,,,,,,,,,,,,,,,,,,,,,,
2023,8,15,7,0,28.4,27.2,93.18,,,,,,,,,,,,,,,,,,,,,,,,,,,,,,,,,,,,
2023,8,15,8,0,28.4,27.3,93.94,,,,,,,,,,,,,,,,,,,,,,,,,,,,,,,,,,,,
2023,8,15,9,0,28.4,27.4,94.58,,,,,,,,,,,,,,,,,,,,,,,,,,,,,,,,,,,,
2023,8,15,10,0,28.3,27.5,95.23,,,,,,,,,,,,,,,,,,,,,,,,,,,,,,,,,,,,
2023,8,15,11,0,28.4,27.5,94.91,,,,,,,,,,,,,,,,,,,,,,,,,,,,,,,,,,,,
2023,8,15,12,0,28.6,27.5,93.74,,,,,,,,,,,,,,,,,,,,,,,,,,,,,,,,,,,,
2023,8,15,13,0,29,27.3,90.74,,,,,,,,,,,,,,,,,,,,,,,,,,,,,,,,,,,,
2023,8,15,14,0,29.6,26.8,84.83,,,,,,,,,,,,,,,,,,,,,,,,,,,,,,,,,,,,
2023,8,15,15,0,30.2,26.3,79.62,,,,,,,,,,,,,,,,,,,,,,,,,,,,,,,,,,,,
2023,8,15,16,0,30.9,26,75.07,,,,,,,,,,,,,,,,,,,,,,,,,,,,,,,,,,,,
2023,8,15,17,0,31.5,25.8,71.98,,,,,,,,,,,,,,,,,,,,,,,,,,,,,,,,,,,,
2023,8,15,18,0,31.9,25.9,70.47,,,,,,,,,,,,,,,,,,,,,,,,,,,,,,,,,,,,
2023,8,15,19,0,32.1,26,70.28,,,,,,,,,,,,,,,,,,,,,,,,,,,,,,,,,,,,
2023,8,15,20,0,31.7,26.3,73.2,,,,,,,,,,,,,,,,,,,,,,,,,,,,,,,,,,,,
2023,8,15,21,0,31.1,26.7,77.73,,,,,,,,,,,,,,,,,,,,,,,,,,,,,,,,,,,,
2023,8,15,22,0,30.2,27.2,84.11,,,,,,,,,,,,,,,,,,,,,,,,,,,,,,,,,,,,
2023,8,15,23,0,29.3,27.5,89.94,,,,,,,,,,,,,,,,,,,,,,,,,,,,,,,,,,,,
2023,8,16,0,0,28.8,27.5,92.8,,,,,,,,,,,,,,,,,,,,,,,,,,,,,,,,,,,,
2023,8,16,1,0,28.6,27.4,93.47,,,,,,,,,,,,,,,,,,,,,,,,,,,,,,,,,,,,
2023,8,16,2,0,28.4,27.3,93.71,,,,,,,,,,,,,,,,,,,,,,,,,,,,,,,,,,,,
2023,8,16,3,0,28.1,27,93.79,,,,,,,,,,,,,,,,,,,,,,,,,,,,,,,,,,,,
2023,8,16,4,0,27.9,26.7,93.05,,,,,,,,,,,,,,,,,,,,,,,,,,,,,,,,,,,,
2023,8,16,5,0,27.5,26.4,93.7,,,,,,,,,,,,,,,,,,,,,,,,,,,,,,,,,,,,
2023,8,16,6,0,27.2,26.1,93.76,,,,,,,,,,,,,,,,,,,,,,,,,,,,,,,,,,,,
2023,8,16,7,0,26.9,25.9,94.02,,,,,,,,,,,,,,,,,,,,,,,,,,,,,,,,,,,,
2023,8,16,8,0,26.6,25.6,94.24,,,,,,,,,,,,,,,,,,,,,,,,,,,,,,,,,,,,
2023,8,16,9,0,26.4,25.4,94.28,,,,,,,,,,,,,,,,,,,,,,,,,,,,,,,,,,,,
2023,8,16,10,0,26.2,25.3,94.7,,,,,,,,,,,,,,,,,,,,,,,,,,,,,,,,,,,,
2023,8,16,11,0,26.3,25.2,93.74,,,,,,,,,,,,,,,,,,,,,,,,,,,,,,,,,,,,
2023,8,16,12,0,26.5,25.1,92.21,,,,,,,,,,,,,,,,,,,,,,,,,,,,,,,,,,,,
2023,8,16,13,0,27.1,24.9,87.89,,,,,,,,,,,,,,,,,,,,,,,,,,,,,,,,,,,,
2023,8,16,14,0,27.9,24.5,81.72,,,,,,,,,,,,,,,,,,,,,,,,,,,,,,,,,,,,
2023,8,16,15,0,28.8,24.3,76.51,,,,,,,,,,,,,,,,,,,,,,,,,,,,,,,,,,,,
2023,8,16,16,0,29.6,24.3,73.31,,,,,,,,,,,,,,,,,,,,,,,,,,,,,,,,,,,,
2023,8,16,17,0,29.9,24.6,73.24,,,,,,,,,,,,,,,,,,,,,,,,,,,,,,,,,,,,
2023,8,16,18,0,29.8,24.9,75.14,,,,,,,,,,,,,,,,,,,,,,,,,,,,,,,,,,,,
2023,8,16,19,0,29.3,25.3,79.07,,,,,,,,,,,,,,,,,,,,,,,,,,,,,,,,,,,,
2023,8,16,20,0,28.8,25.7,83.52,,,,,,,,,,,,,,,,,,,,,,,,,,,,,,,,,,,,
2023,8,16,21,0,28.5,26.1,86.92,,,,,,,,,,,,,,,,,,,,,,,,,,,,,,,,,,,,
2023,8,16,22,0,28.1,26.2,89.65,,,,,,,,,,,,,,,,,,,,,,,,,,,,,,,,,,,,
2023,8,16,23,0,27.7,26.2,91.54,,,,,,,,,,,,,,,,,,,,,,,,,,,,,,,,,,,,
2023,8,17,0,0,27.4,26.1,92.37,,,,,,,,,,,,,,,,,,,,,,,,,,,,,,,,,,,,
2023,8,17,1,0,27.3,25.9,92.11,,,,,,,,,,,,,,,,,,,,,,,,,,,,,,,,,,,,
2023,8,17,2,0,27.2,25.8,91.91,,,,,,,,,,,,,,,,,,,,,,,,,,,,,,,,,,,,
2023,8,17,3,0,27.1,25.7,92.01,,,,,,,,,,,,,,,,,,,,,,,,,,,,,,,,,,,,
2023,8,17,4,0,26.9,25.7,92.94,,,,,,,,,,,,,,,,,,,,,,,,,,,,,,,,,,,,
2023,8,17,5,0,26.7,25.6,93.91,,,,,,,,,,,,,,,,,,,,,,,,,,,,,,,,,,,,
2023,8,17,6,0,26.5,25.5,94.52,,,,,,,,,,,,,,,,,,,,,,,,,,,,,,,,,,,,
2023,8,17,7,0,26.3,25.4,94.9,,,,,,,,,,,,,,,,,,,,,,,,,,,,,,,,,,,,
2023,8,17,8,0,26.1,25.3,95.08,,,,,,,,,,,,,,,,,,,,,,,,,,,,,,,,,,,,
2023,8,17,9,0,25.9,25,95.06,,,,,,,,,,,,,,,,,,,,,,,,,,,,,,,,,,,,
2023,8,17,10,0,25.8,24.9,94.65,,,,,,,,,,,,,,,,,,,,,,,,,,,,,,,,,,,,
2023,8,17,11,0,26.4,25.2,93.3,,,,,,,,,,,,,,,,,,,,,,,,,,,,,,,,,,,,
2023,8,17,12,0,27.3,25.5,89.96,,,,,,,,,,,,,,,,,,,,,,,,,,,,,,,,,,,,
2023,8,17,13,0,28.2,24.8,81.6,,,,,,,,,,,,,,,,,,,,,,,,,,,,,,,,,,,,
2023,8,17,14,0,28.5,24.1,77.14,,,,,,,,,,,,,,,,,,,,,,,,,,,,,,,,,,,,
2023,8,17,15,0,29.1,24.1,74.5,,,,,,,,,,,,,,,,,,,,,,,,,,,,,,,,,,,,
2023,8,17,16,0,29.6,24.2,72.58,,,,,,,,,,,,,,,,,,,,,,,,,,,,,,,,,,,,
2023,8,17,17,0,30.2,24.2,70.36,,,,,,,,,,,,,,,,,,,,,,,,,,,,,,,,,,,,
2023,8,17,18,0,30.5,24.2,69.27,,,,,,,,,,,,,,,,,,,,,,,,,,,,,,,,,,,,
2023,8,17,19,0,30.5,24.3,69.66,,,,,,,,,,,,,,,,,,,,,,,,,,,,,,,,,,,,
2023,8,17,20,0,30.3,24.4,70.98,,,,,,,,,,,,,,,,,,,,,,,,,,,,,,,,,,,,
2023,8,17,21,0,30,24.7,73.11,,,,,,,,,,,,,,,,,,,,,,,,,,,,,,,,,,,,
2023,8,17,22,0,29.4,25.1,77.66,,,,,,,,,,,,,,,,,,,,,,,,,,,,,,,,,,,,
2023,8,17,23,0,28.6,25.5,83.25,,,,,,,,,,,,,,,,,,,,,,,,,,,,,,,,,,,,
2023,8,18,0,0,27.9,25.6,87.33,,,,,,,,,,,,,,,,,,,,,,,,,,,,,,,,,,,,
2023,8,18,1,0,27.7,25.7,88.95,,,,,,,,,,,,,,,,,,,,,,,,,,,,,,,,,,,,
2023,8,18,2,0,27.4,25.8,91.03,,,,,,,,,,,,,,,,,,,,,,,,,,,,,,,,,,,,
2023,8,18,3,0,27.2,25.9,92.59,,,,,,,,,,,,,,,,,,,,,,,,,,,,,,,,,,,,
2023,8,18,4,0,27.1,26,93.48,,,,,,,,,,,,,,,,,,,,,,,,,,,,,,,,,,,,
2023,8,18,5,0,26.9,25.9,94.37,,,,,,,,,,,,,,,,,,,,,,,,,,,,,,,,,,,,
2023,8,18,6,0,26.6,25.7,95.06,,,,,,,,,,,,,,,,,,,,,,,,,,,,,,,,,,,,
2023,8,18,7,0,26.3,25.4,94.92,,,,,,,,,,,,,,,,,,,,,,,,,,,,,,,,,,,,
2023,8,18,8,0,25.9,25.1,95.19,,,,,,,,,,,,,,,,,,,,,,,,,,,,,,,,,,,,
2023,8,18,9,0,25.5,24.7,95.27,,,,,,,,,,,,,,,,,,,,,,,,,,,,,,,,,,,,
2023,8,18,10,0,25,24.3,95.67,,,,,,,,,,,,,,,,,,,,,,,,,,,,,,,,,,,,
2023,8,18,11,0,25.5,24.1,92.01,,,,,,,,,,,,,,,,,,,,,,,,,,,,,,,,,,,,
2023,8,18,12,0,26.7,23.8,84.37,,,,,,,,,,,,,,,,,,,,,,,,,,,,,,,,,,,,
2023,8,18,13,0,28.5,22.9,71.71,,,,,,,,,,,,,,,,,,,,,,,,,,,,,,,,,,,,
2023,8,18,14,0,30,20.9,58.33,,,,,,,,,,,,,,,,,,,,,,,,,,,,,,,,,,,,
2023,8,18,15,0,30.8,20.4,54.04,,,,,,,,,,,,,,,,,,,,,,,,,,,,,,,,,,,,
2023,8,18,16,0,31.3,20.5,52.88,,,,,,,,,,,,,,,,,,,,,,,,,,,,,,,,,,,,
2023,8,18,17,0,31.7,20.7,52.31,,,,,,,,,,,,,,,,,,,,,,,,,,,,,,,,,,,,
2023,8,18,18,0,31.9,21,52.45,,,,,,,,,,,,,,,,,,,,,,,,,,,,,,,,,,,,
2023,8,18,19,0,31.9,21.2,53.34,,,,,,,,,,,,,,,,,,,,,,,,,,,,,,,,,,,,
2023,8,18,20,0,31.6,21.6,55.44,,,,,,,,,,,,,,,,,,,,,,,,,,,,,,,,,,,,
2023,8,18,21,0,31.2,22.1,58.34,,,,,,,,,,,,,,,,,,,,,,,,,,,,,,,,,,,,
2023,8,18,22,0,30.5,22.9,64.07,,,,,,,,,,,,,,,,,,,,,,,,,,,,,,,,,,,,
2023,8,18,23,0,29.1,24.3,75.46,,,,,,,,,,,,,,,,,,,,,,,,,,,,,,,,,,,,
2023,8,19,0,0,28,24.7,82.44,,,,,,,,,,,,,,,,,,,,,,,,,,,,,,,,,,,,
2023,8,19,1,0,27.8,25,84.8,,,,,,,,,,,,,,,,,,,,,,,,,,,,,,,,,,,,
2023,8,19,2,0,27.7,25.3,86.81,,,,,,,,,,,,,,,,,,,,,,,,,,,,,,,,,,,,
2023,8,19,3,0,27.5,25.5,88.67,,,,,,,,,,,,,,,,,,,,,,,,,,,,,,,,,,,,
2023,8,19,4,0,27.4,25.5,89.65,,,,,,,,,,,,,,,,,,,,,,,,,,,,,,,,,,,,
2023,8,19,5,0,27.3,25.6,90.34,,,,,,,,,,,,,,,,,,,,,,,,,,,,,,,,,,,,
2023,8,19,6,0,27.1,25.5,91.17,,,,,,,,,,,,,,,,,,,,,,,,,,,,,,,,,,,,
2023,8,19,7,0,26.9,25.4,91.78,,,,,,,,,,,,,,,,,,,,,,,,,,,,,,,,,,,,
2023,8,19,8,0,26.7,25.4,92.42,,,,,,,,,,,,,,,,,,,,,,,,,,,,,,,,,,,,
2023,8,19,9,0,26.5,25.3,92.97,,,,,,,,,,,,,,,,,,,,,,,,,,,,,,,,,,,,
2023,8,19,10,0,26.3,25.1,93.12,,,,,,,,,,,,,,,,,,,,,,,,,,,,,,,,,,,,
2023,8,19,11,0,27.1,25.4,90.41,,,,,,,,,,,,,,,,,,,,,,,,,,,,,,,,,,,,
2023,8,19,12,0,28.1,25.2,84.29,,,,,,,,,,,,,,,,,,,,,,,,,,,,,,,,,,,,
2023,8,19,13,0,29.8,24.1,71.41,,,,,,,,,,,,,,,,,,,,,,,,,,,,,,,,,,,,
2023,8,19,14,0,31.2,23,61.78,,,,,,,,,,,,,,,,,,,,,,,,,,,,,,,,,,,,
2023,8,19,15,0,32,22.8,58.47,,,,,,,,,,,,,,,,,,,,,,,,,,,,,,,,,,,,
2023,8,19,16,0,32.4,23,57.88,,,,,,,,,,,,,,,,,,,,,,,,,,,,,,,,,,,,
2023,8,19,17,0,32.4,23.3,58.94,,,,,,,,,,,,,,,,,,,,,,,,,,,,,,,,,,,,
2023,8,19,18,0,32.2,23.7,60.86,,,,,,,,,,,,,,,,,,,,,,,,,,,,,,,,,,,,
2023,8,19,19,0,31.9,24,63.15,,,,,,,,,,,,,,,,,,,,,,,,,,,,,,,,,,,,
2023,8,19,20,0,31.4,24.3,66.24,,,,,,,,,,,,,,,,,,,,,,,,,,,,,,,,,,,,
2023,8,19,21,0,30.7,24.6,70.13,,,,,,,,,,,,,,,,,,,,,,,,,,,,,,,,,,,,
2023,8,19,22,0,29.9,25.1,75.45,,,,,,,,,,,,,,,,,,,,,,,,,,,,,,,,,,,,
2023,8,19,23,0,28.7,25.6,83.55,,,,,,,,,,,,,,,,,,,,,,,,,,,,,,,,,,,,
2023,8,20,0,0,27.9,26,89.56,,,,,,,,,,,,,,,,,,,,,,,,,,,,,,,,,,,,
2023,8,20,1,0,27.6,26.1,91.73,,,,,,,,,,,,,,,,,,,,,,,,,,,,,,,,,,,,
2023,8,20,2,0,27.4,26.1,92.73,,,,,,,,,,,,,,,,,,,,,,,,,,,,,,,,,,,,
2023,8,20,3,0,27.3,26,92.57,,,,,,,,,,,,,,,,,,,,,,,,,,,,,,,,,,,,
2023,8,20,4,0,27.3,25.8,91.75,,,,,,,,,,,,,,,,,,,,,,,,,,,,,,,,,,,,
2023,8,20,5,0,27.3,25.7,91.05,,,,,,,,,,,,,,,,,,,,,,,,,,,,,,,,,,,,
2023,8,20,6,0,27.4,25.6,89.98,,,,,,,,,,,,,,,,,,,,,,,,,,,,,,,,,,,,
2023,8,20,7,0,27.4,25.5,89.52,,,,,,,,,,,,,,,,,,,,,,,,,,,,,,,,,,,,
2023,8,20,8,0,27.4,25.4,88.93,,,,,,,,,,,,,,,,,,,,,,,,,,,,,,,,,,,,
2023,8,20,9,0,27.3,25.3,88.89,,,,,,,,,,,,,,,,,,,,,,,,,,,,,,,,,,,,
2023,8,20,10,0,27.2,25.2,88.64,,,,,,,,,,,,,,,,,,,,,,,,,,,,,,,,,,,,
2023,8,20,11,0,27.7,25.8,89.66,,,,,,,,,,,,,,,,,,,,,,,,,,,,,,,,,,,,
2023,8,20,12,0,29.6,26.1,81.67,,,,,,,,,,,,,,,,,,,,,,,,,,,,,,,,,,,,
2023,8,20,13,0,30.7,24.2,68.35,,,,,,,,,,,,,,,,,,,,,,,,,,,,,,,,,,,,
2023,8,20,14,0,31,23.9,66.08,,,,,,,,,,,,,,,,,,,,,,,,,,,,,,,,,,,,
2023,8,20,15,0,31.6,24.2,64.82,,,,,,,,,,,,,,,,,,,,,,,,,,,,,,,,,,,,
2023,8,20,16,0,32,24.4,64.05,,,,,,,,,,,,,,,,,,,,,,,,,,,,,,,,,,,,
2023,8,20,17,0,32.2,24.5,64.05,,,,,,,,,,,,,,,,,,,,,,,,,,,,,,,,,,,,
2023,8,20,18,0,32.2,24.7,64.66,,,,,,,,,,,,,,,,,,,,,,,,,,,,,,,,,,,,
2023,8,20,19,0,31.9,24.8,66.26,,,,,,,,,,,,,,,,,,,,,,,,,,,,,,,,,,,,
2023,8,20,20,0,31.6,24.9,67.85,,,,,,,,,,,,,,,,,,,,,,,,,,,,,,,,,,,,
2023,8,20,21,0,31,25,70.63,,,,,,,,,,,,,,,,,,,,,,,,,,,,,,,,,,,,
2023,8,20,22,0,30.3,25.3,74.56,,,,,,,,,,,,,,,,,,,,,,,,,,,,,,,,,,,,
2023,8,20,23,0,29.2,25.9,82.35,,,,,,,,,,,,,,,,,,,,,,,,,,,,,,,,,,,,
2023,8,21,0,0,28.3,26.2,88.53,,,,,,,,,,,,,,,,,,,,,,,,,,,,,,,,,,,,
2023,8,21,1,0,28,26.3,90.73,,,,,,,,,,,,,,,,,,,,,,,,,,,,,,,,,,,,
2023,8,21,2,0,27.8,26.4,91.86,,,,,,,,,,,,,,,,,,,,,,,,,,,,,,,,,,,,
2023,8,21,3,0,27.6,26.3,92.43,,,,,,,,,,,,,,,,,,,,,,,,,,,,,,,,,,,,
2023,8,21,4,0,27.5,26.1,92.2,,,,,,,,,,,,,,,,,,,,,,,,,,,,,,,,,,,,
2023,8,21,5,0,27.3,26,92.51,,,,,,,,,,,,,,,,,,,,,,,,,,,,,,,,,,,,
2023,8,21,6,0,27.3,25.8,91.65,,,,,,,,,,,,,,,,,,,,,,,,,,,,,,,,,,,,
2023,8,21,7,0,27.3,25.7,90.93,,,,,,,,,,,,,,,,,,,,,,,,,,,,,,,,,,,,
2023,8,21,8,0,27.2,25.6,90.91,,,,,,,,,,,,,,,,,,,,,,,,,,,,,,,,,,,,
2023,8,21,9,0,27.2,25.5,90.61,,,,,,,,,,,,,,,,,,,,,,,,,,,,,,,,,,,,
2023,8,21,10,0,27.2,25.5,90.45,,,,,,,,,,,,,,,,,,,,,,,,,,,,,,,,,,,,
2023,8,21,11,0,27.7,26,90.38,,,,,,,,,,,,,,,,,,,,,,,,,,,,,,,,,,,,
2023,8,21,12,0,29.7,25.7,79.22,,,,,,,,,,,,,,,,,,,,,,,,,,,,,,,,,,,,
2023,8,21,13,0,30.6,23.7,66.84,,,,,,,,,,,,,,,,,,,,,,,,,,,,,,,,,,,,
2023,8,21,14,0,31.5,23.3,61.83,,,,,,,,,,,,,,,,,,,,,,,,,,,,,,,,,,,,
2023,8,21,15,0,32.4,23,57.8,,,,,,,,,,,,,,,,,,,,,,,,,,,,,,,,,,,,
2023,8,21,16,0,33.1,22.8,54.93,,,,,,,,,,,,,,,,,,,,,,,,,,,,,,,,,,,,
2023,8,21,17,0,33.5,22.9,54.03,,,,,,,,,,,,,,,,,,,,,,,,,,,,,,,,,,,,
2023,8,21,18,0,33.5,23.2,54.87,,,,,,,,,,,,,,,,,,,,,,,,,,,,,,,,,,,,
2023,8,21,19,0,33.3,23.4,56.28,,,,,,,,,,,,,,,,,,,,,,,,,,,,,,,,,,,,
2023,8,21,20,0,32.9,23.6,58.37,,,,,,,,,,,,,,,,,,,,,,,,,,,,,,,,,,,,
2023,8,21,21,0,32.4,23.9,61.05,,,,,,,,,,,,,,,,,,,,,,,,,,,,,,,,,,,,
2023,8,21,22,0,31.9,24.4,64.59,,,,,,,,,,,,,,,,,,,,,,,,,,,,,,,,,,,,
2023,8,21,23,0,30.5,25.4,74.14,,,,,,,,,,,,,,,,,,,,,,,,,,,,,,,,,,,,
2023,8,22,0,0,29.1,25.8,82.47,,,,,,,,,,,,,,,,,,,,,,,,,,,,,,,,,,,,
2023,8,22,1,0,28.8,25.8,83.63,,,,,,,,,,,,,,,,,,,,,,,,,,,,,,,,,,,,
2023,8,22,2,0,28.6,25.7,84.45,,,,,,,,,,,,,,,,,,,,,,,,,,,,,,,,,,,,
2023,8,22,3,0,28.4,25.8,85.71,,,,,,,,,,,,,,,,,,,,,,,,,,,,,,,,,,,,
2023,8,22,4,0,28.2,25.8,86.77,,,,,,,,,,,,,,,,,,,,,,,,,,,,,,,,,,,,
2023,8,22,5,0,28,25.8,88.04,,,,,,,,,,,,,,,,,,,,,,,,,,,,,,,,,,,,
2023,8,22,6,0,27.9,25.9,88.9,,,,,,,,,,,,,,,,,,,,,,,,,,,,,,,,,,,,
2023,8,22,7,0,27.7,25.9,90.15,,,,,,,,,,,,,,,,,,,,,,,,,,,,,,,,,,,,
2023,8,22,8,0,27.6,26,91.01,,,,,,,,,,,,,,,,,,,,,,,,,,,,,,,,,,,,
2023,8,22,9,0,27.3,26.1,92.91,,,,,,,,,,,,,,,,,,,,,,,,,,,,,,,,,,,,
2023,8,22,10,0,26.9,26,94.94,,,,,,,,,,,,,,,,,,,,,,,,,,,,,,,,,,,,
2023,8,22,11,0,27.2,25.9,92.84,,,,,,,,,,,,,,,,,,,,,,,,,,,,,,,,,,,,
2023,8,22,12,0,28.1,25.7,86.99,,,,,,,,,,,,,,,,,,,,,,,,,,,,,,,,,,,,
2023,8,22,13,0,29.6,25.3,77.97,,,,,,,,,,,,,,,,,,,,,,,,,,,,,,,,,,,,
2023,8,22,14,0,31.2,24.7,68.3,,,,,,,,,,,,,,,,,,,,,,,,,,,,,,,,,,,,
2023,8,22,15,0,32.4,24.1,61.51,,,,,,,,,,,,,,,,,,,,,,,,,,,,,,,,,,,,
2023,8,22,16,0,33.2,23.6,57.3,,,,,,,,,,,,,,,,,,,,,,,,,,,,,,,,,,,,
2023,8,22,17,0,33.7,23.3,54.79,,,,,,,,,,,,,,,,,,,,,,,,,,,,,,,,,,,,
2023,8,22,18,0,34,23.1,52.94,,,,,,,,,,,,,,,,,,,,,,,,,,,,,,,,,,,,
2023,8,22,19,0,33.9,22.9,52.76,,,,,,,,,,,,,,,,,,,,,,,,,,,,,,,,,,,,
2023,8,22,20,0,33.6,23,53.83,,,,,,,,,,,,,,,,,,,,,,,,,,,,,,,,,,,,
2023,8,22,21,0,33,23.4,57.16,,,,,,,,,,,,,,,,,,,,,,,,,,,,,,,,,,,,
2023,8,22,22,0,31.9,24,63,,,,,,,,,,,,,,,,,,,,,,,,,,,,,,,,,,,,
2023,8,22,23,0,30,25.5,77.04,,,,,,,,,,,,,,,,,,,,,,,,,,,,,,,,,,,,
2023,8,23,0,0,28.7,25.8,84.6,,,,,,,,,,,,,,,,,,,,,,,,,,,,,,,,,,,,
2023,8,23,1,0,28.2,26.1,88.52,,,,,,,,,,,,,,,,,,,,,,,,,,,,,,,,,,,,
2023,8,23,2,0,27.9,26.3,90.83,,,,,,,,,,,,,,,,,,,,,,,,,,,,,,,,,,,,
2023,8,23,3,0,27.7,26.2,91.33,,,,,,,,,,,,,,,,,,,,,,,,,,,,,,,,,,,,
2023,8,23,4,0,27.6,25.9,90.38,,,,,,,,,,,,,,,,,,,,,,,,,,,,,,,,,,,,
2023,8,23,5,0,27.6,25.7,89.23,,,,,,,,,,,,,,,,,,,,,,,,,,,,,,,,,,,,
2023,8,23,6,0,27.6,25.6,88.62,,,,,,,,,,,,,,,,,,,,,,,,,,,,,,,,,,,,
2023,8,23,7,0,27.5,25.5,89.02,,,,,,,,,,,,,,,,,,,,,,,,,,,,,,,,,,,,
2023,8,23,8,0,27.4,25.6,90.12,,,,,,,,,,,,,,,,,,,,,,,,,,,,,,,,,,,,
2023,8,23,9,0,27.2,25.8,92.27,,,,,,,,,,,,,,,,,,,,,,,,,,,,,,,,,,,,
2023,8,23,10,0,27,26,94.54,,,,,,,,,,,,,,,,,,,,,,,,,,,,,,,,,,,,
2023,8,23,11,0,27.2,26.1,93.85,,,,,,,,,,,,,,,,,,,,,,,,,,,,,,,,,,,,
2023,8,23,12,0,27.3,25.2,88.22,,,,,,,,,,,,,,,,,,,,,,,,,,,,,,,,,,,,
2023,8,23,13,0,27.8,23.5,77.32,,,,,,,,,,,,,,,,,,,,,,,,,,,,,,,,,,,,
2023,8,23,14,0,28.5,21.9,67.69,,,,,,,,,,,,,,,,,,,,,,,,,,,,,,,,,,,,
2023,8,23,15,0,29.2,20.7,60.21,,,,,,,,,,,,,,,,,,,,,,,,,,,,,,,,,,,,
2023,8,23,16,0,29.8,19.7,54.57,,,,,,,,,,,,,,,,,,,,,,,,,,,,,,,,,,,,
2023,8,23,17,0,30.4,18.9,50.29,,,,,,,,,,,,,,,,,,,,,,,,,,,,,,,,,,,,
2023,8,23,18,0,30.8,18.5,47.88,,,,,,,,,,,,,,,,,,,,,,,,,,,,,,,,,,,,
2023,8,23,19,0,30.8,18.4,47.56,,,,,,,,,,,,,,,,,,,,,,,,,,,,,,,,,,,,
2023,8,23,20,0,30.6,18.4,48.29,,,,,,,,,,,,,,,,,,,,,,,,,,,,,,,,,,,,
2023,8,23,21,0,30,18.7,50.78,,,,,,,,,,,,,,,,,,,,,,,,,,,,,,,,,,,,
2023,8,23,22,0,29,19.6,56.8,,,,,,,,,,,,,,,,,,,,,,,,,,,,,,,,,,,,
2023,8,23,23,0,27.1,21.2,70.3,,,,,,,,,,,,,,,,,,,,,,,,,,,,,,,,,,,,
2023,8,24,0,0,25.9,22,78.91,,,,,,,,,,,,,,,,,,,,,,,,,,,,,,,,,,,,
2023,8,24,1,0,25.7,22.6,83.15,,,,,,,,,,,,,,,,,,,,,,,,,,,,,,,,,,,,
2023,8,24,2,0,25.5,23.1,86.69,,,,,,,,,,,,,,,,,,,,,,,,,,,,,,,,,,,,
2023,8,24,3,0,25.3,23.3,88.5,,,,,,,,,,,,,,,,,,,,,,,,,,,,,,,,,,,,
2023,8,24,4,0,25.1,23.1,88.87,,,,,,,,,,,,,,,,,,,,,,,,,,,,,,,,,,,,
2023,8,24,5,0,25,22.9,88.19,,,,,,,,,,,,,,,,,,,,,,,,,,,,,,,,,,,,
2023,8,24,6,0,24.9,22.7,87.65,,,,,,,,,,,,,,,,,,,,,,,,,,,,,,,,,,,,
2023,8,24,7,0,24.9,22.6,86.93,,,,,,,,,,,,,,,,,,,,,,,,,,,,,,,,,,,,
2023,8,24,8,0,24.8,22.5,87.18,,,,,,,,,,,,,,,,,,,,,,,,,,,,,,,,,,,,
2023,8,24,9,0,24.7,22.5,87.49,,,,,,,,,,,,,,,,,,,,,,,,,,,,,,,,,,,,
2023,8,24,10,0,24.6,22.4,87.63,,,,,,,,,,,,,,,,,,,,,,,,,,,,,,,,,,,,
2023,8,24,11,0,25.6,22.7,83.93,,,,,,,,,,,,,,,,,,,,,,,,,,,,,,,,,,,,
2023,8,24,12,0,27.1,22.1,74.33,,,,,,,,,,,,,,,,,,,,,,,,,,,,,,,,,,,,
2023,8,24,13,0,28.3,21.3,65.86,,,,,,,,,,,,,,,,,,,,,,,,,,,,,,,,,,,,
2023,8,24,14,0,29.4,20.6,59.16,,,,,,,,,,,,,,,,,,,,,,,,,,,,,,,,,,,,
2023,8,24,15,0,30.4,20,53.99,,,,,,,,,,,,,,,,,,,,,,,,,,,,,,,,,,,,
2023,8,24,16,0,31.1,19.7,50.8,,,,,,,,,,,,,,,,,,,,,,,,,,,,,,,,,,,,
2023,8,24,17,0,31.6,19.7,49.35,,,,,,,,,,,,,,,,,,,,,,,,,,,,,,,,,,,,
2023,8,24,18,0,31.8,19.9,49.33,,,,,,,,,,,,,,,,,,,,,,,,,,,,,,,,,,,,
2023,8,24,19,0,31.8,20,49.85,,,,,,,,,,,,,,,,,,,,,,,,,,,,,,,,,,,,
2023,8,24,20,0,31.4,20.3,51.66,,,,,,,,,,,,,,,,,,,,,,,,,,,,,,,,,,,,
2023,8,24,21,0,30.8,20.5,54.32,,,,,,,,,,,,,,,,,,,,,,,,,,,,,,,,,,,,
2023,8,24,22,0,29.9,21.2,59.5,,,,,,,,,,,,,,,,,,,,,,,,,,,,,,,,,,,,
2023,8,24,23,0,28.2,22,69.11,,,,,,,,,,,,,,,,,,,,,,,,,,,,,,,,,,,,
2023,8,25,0,0,27.2,22.3,74.74,,,,,,,,,,,,,,,,,,,,,,,,,,,,,,,,,,,,
2023,8,25,1,0,26.9,22.6,77.18,,,,,,,,,,,,,,,,,,,,,,,,,,,,,,,,,,,,
2023,8,25,2,0,26.6,22.7,79.12,,,,,,,,,,,,,,,,,,,,,,,,,,,,,,,,,,,,
2023,8,25,3,0,26.4,22.7,79.92,,,,,,,,,,,,,,,,,,,,,,,,,,,,,,,,,,,,
2023,8,25,4,0,26.3,22.7,80.78,,,,,,,,,,,,,,,,,,,,,,,,,,,,,,,,,,,,
2023,8,25,5,0,26.2,22.9,81.84,,,,,,,,,,,,,,,,,,,,,,,,,,,,,,,,,,,,
2023,8,25,6,0,26.1,23,83.07,,,,,,,,,,,,,,,,,,,,,,,,,,,,,,,,,,,,
2023,8,25,7,0,26.2,23.2,83.68,,,,,,,,,,,,,,,,,,,,,,,,,,,,,,,,,,,,
2023,8,25,8,0,26.3,23.5,84.48,,,,,,,,,,,,,,,,,,,,,,,,,,,,,,,,,,,,
2023,8,25,9,0,26.3,23.7,85.64,,,,,,,,,,,,,,,,,,,,,,,,,,,,,,,,,,,,
2023,8,25,10,0,26.2,23.8,86.78,,,,,,,,,,,,,,,,,,,,,,,,,,,,,,,,,,,,
2023,8,25,11,0,26.9,24.2,85.05,,,,,,,,,,,,,,,,,,,,,,,,,,,,,,,,,,,,
2023,8,25,12,0,28.1,23.9,77.99,,,,,,,,,,,,,,,,,,,,,,,,,,,,,,,,,,,,
2023,8,25,13,0,29.2,23.5,71.5,,,,,,,,,,,,,,,,,,,,,,,,,,,,,,,,,,,,
2023,8,25,14,0,30.3,23.2,65.69,,,,,,,,,,,,,,,,,,,,,,,,,,,,,,,,,,,,
2023,8,25,15,0,31.3,23.1,61.91,,,,,,,,,,,,,,,,,,,,,,,,,,,,,,,,,,,,
2023,8,25,16,0,31.9,23.2,59.99,,,,,,,,,,,,,,,,,,,,,,,,,,,,,,,,,,,,
2023,8,25,17,0,32.2,23.3,59.42,,,,,,,,,,,,,,,,,,,,,,,,,,,,,,,,,,,,
2023,8,25,18,0,32.2,23.5,60.03,,,,,,,,,,,,,,,,,,,,,,,,,,,,,,,,,,,,
2023,8,25,19,0,31.7,23.7,62.67,,,,,,,,,,,,,,,,,,,,,,,,,,,,,,,,,,,,
2023,8,25,20,0,31.1,24,65.99,,,,,,,,,,,,,,,,,,,,,,,,,,,,,,,,,,,,
2023,8,25,21,0,30.5,24.2,69.31,,,,,,,,,,,,,,,,,,,,,,,,,,,,,,,,,,,,
2023,8,25,22,0,29.7,24.5,73.72,,,,,,,,,,,,,,,,,,,,,,,,,,,,,,,,,,,,
2023,8,25,23,0,28.6,24.8,80.04,,,,,,,,,,,,,,,,,,,,,,,,,,,,,,,,,,,,
2023,8,26,0,0,27.8,25.1,85.48,,,,,,,,,,,,,,,,,,,,,,,,,,,,,,,,,,,,
2023,8,26,1,0,27.5,25.4,88.21,,,,,,,,,,,,,,,,,,,,,,,,,,,,,,,,,,,,
2023,8,26,2,0,27.3,25.5,90.06,,,,,,,,,,,,,,,,,,,,,,,,,,,,,,,,,,,,
2023,8,26,3,0,27.1,25.6,91.35,,,,,,,,,,,,,,,,,,,,,,,,,,,,,,,,,,,,
2023,8,26,4,0,27,25.5,91.68,,,,,,,,,,,,,,,,,,,,,,,,,,,,,,,,,,,,
2023,8,26,5,0,26.9,25.5,92.04,,,,,,,,,,,,,,,,,,,,,,,,,,,,,,,,,,,,
2023,8,26,6,0,26.8,25.4,92.3,,,,,,,,,,,,,,,,,,,,,,,,,,,,,,,,,,,,
2023,8,26,7,0,26.7,25.4,92.61,,,,,,,,,,,,,,,,,,,,,,,,,,,,,,,,,,,,
2023,8,26,8,0,26.6,25.4,92.94,,,,,,,,,,,,,,,,,,,,,,,,,,,,,,,,,,,,
2023,8,26,9,0,26.5,25.4,93.47,,,,,,,,,,,,,,,,,,,,,,,,,,,,,,,,,,,,
2023,8,26,10,0,26.5,25.4,93.57,,,,,,,,,,,,,,,,,,,,,,,,,,,,,,,,,,,,
2023,8,26,11,0,27.1,25.7,92.01,,,,,,,,,,,,,,,,,,,,,,,,,,,,,,,,,,,,
2023,8,26,12,0,27.9,25.9,88.71,,,,,,,,,,,,,,,,,,,,,,,,,,,,,,,,,,,,
2023,8,26,13,0,29,25.3,80.68,,,,,,,,,,,,,,,,,,,,,,,,,,,,,,,,,,,,
2023,8,26,14,0,30,24.9,74.08,,,,,,,,,,,,,,,,,,,,,,,,,,,,,,,,,,,,
2023,8,26,15,0,30.9,24.6,69.29,,,,,,,,,,,,,,,,,,,,,,,,,,,,,,,,,,,,
2023,8,26,16,0,31.5,24.5,66.33,,,,,,,,,,,,,,,,,,,,,,,,,,,,,,,,,,,,
2023,8,26,17,0,31.9,24.5,64.83,,,,,,,,,,,,,,,,,,,,,,,,,,,,,,,,,,,,
2023,8,26,18,0,32,24.6,64.97,,,,,,,,,,,,,,,,,,,,,,,,,,,,,,,,,,,,
2023,8,26,19,0,31.7,24.8,67.11,,,,,,,,,,,,,,,,,,,,,,,,,,,,,,,,,,,,
2023,8,26,20,0,31.3,25.2,69.92,,,,,,,,,,,,,,,,,,,,,,,,,,,,,,,,,,,,
2023,8,26,21,0,30.7,25.4,73.46,,,,,,,,,,,,,,,,,,,,,,,,,,,,,,,,,,,,
2023,8,26,22,0,29.9,25.6,77.91,,,,,,,,,,,,,,,,,,,,,,,,,,,,,,,,,,,,
2023,8,26,23,0,28.9,25.9,83.82,,,,,,,,,,,,,,,,,,,,,,,,,,,,,,,,,,,,
2023,8,27,0,0,28.2,26,88.13,,,,,,,,,,,,,,,,,,,,,,,,,,,,,,,,,,,,
2023,8,27,1,0,27.9,26.1,90.09,,,,,,,,,,,,,,,,,,,,,,,,,,,,,,,,,,,,
2023,8,27,2,0,27.7,26.1,91.15,,,,,,,,,,,,,,,,,,,,,,,,,,,,,,,,,,,,
2023,8,27,3,0,27.6,26,91.19,,,,,,,,,,,,,,,,,,,,,,,,,,,,,,,,,,,,
2023,8,27,4,0,27.5,25.9,91.13,,,,,,,,,,,,,,,,,,,,,,,,,,,,,,,,,,,,
2023,8,27,5,0,27.3,25.8,91.51,,,,,,,,,,,,,,,,,,,,,,,,,,,,,,,,,,,,
2023,8,27,6,0,27.2,25.7,91.34,,,,,,,,,,,,,,,,,,,,,,,,,,,,,,,,,,,,
2023,8,27,7,0,27.2,25.6,90.83,,,,,,,,,,,,,,,,,,,,,,,,,,,,,,,,,,,,
2023,8,27,8,0,27.1,25.5,91.15,,,,,,,,,,,,,,,,,,,,,,,,,,,,,,,,,,,,
2023,8,27,9,0,27,25.5,91.62,,,,,,,,,,,,,,,,,,,,,,,,,,,,,,,,,,,,
2023,8,27,10,0,26.8,25.5,92.33,,,,,,,,,,,,,,,,,,,,,,,,,,,,,,,,,,,,
2023,8,27,11,0,27.2,25.7,91.78,,,,,,,,,,,,,,,,,,,,,,,,,,,,,,,,,,,,
2023,8,27,12,0,28.1,25.7,86.93,,,,,,,,,,,,,,,,,,,,,,,,,,,,,,,,,,,,
2023,8,27,13,0,29.8,25,75.62,,,,,,,,,,,,,,,,,,,,,,,,,,,,,,,,,,,,
2023,8,27,14,0,31,24,66.21,,,,,,,,,,,,,,,,,,,,,,,,,,,,,,,,,,,,
2023,8,27,15,0,31.8,23.8,62.77,,,,,,,,,,,,,,,,,,,,,,,,,,,,,,,,,,,,
2023,8,27,16,0,32.4,24.1,61.71,,,,,,,,,,,,,,,,,,,,,,,,,,,,,,,,,,,,
2023,8,27,17,0,32.7,24.4,61.72,,,,,,,,,,,,,,,,,,,,,,,,,,,,,,,,,,,,
2023,8,27,18,0,32.6,24.7,63.14,,,,,,,,,,,,,,,,,,,,,,,,,,,,,,,,,,,,
2023,8,27,19,0,32.2,24.9,65.45,,,,,,,,,,,,,,,,,,,,,,,,,,,,,,,,,,,,
2023,8,27,20,0,31.5,25.1,69.09,,,,,,,,,,,,,,,,,,,,,,,,,,,,,,,,,,,,
2023,8,27,21,0,30.8,25.2,72.09,,,,,,,,,,,,,,,,,,,,,,,,,,,,,,,,,,,,
2023,8,27,22,0,29.8,25.2,76.62,,,,,,,,,,,,,,,,,,,,,,,,,,,,,,,,,,,,
2023,8,27,23,0,28.8,25.5,82.16,,,,,,,,,,,,,,,,,,,,,,,,,,,,,,,,,,,,
2023,8,28,0,0,28.2,25.6,85.75,,,,,,,,,,,,,,,,,,,,,,,,,,,,,,,,,,,,
2023,8,28,1,0,28,25.5,86.56,,,,,,,,,,,,,,,,,,,,,,,,,,,,,,,,,,,,
2023,8,28,2,0,27.8,25.5,87.09,,,,,,,,,,,,,,,,,,,,,,,,,,,,,,,,,,,,
2023,8,28,3,0,27.5,25.4,88.25,,,,,,,,,,,,,,,,,,,,,,,,,,,,,,,,,,,,
2023,8,28,4,0,27.3,25.4,89.24,,,,,,,,,,,,,,,,,,,,,,,,,,,,,,,,,,,,
2023,8,28,5,0,27.2,25.3,89.58,,,,,,,,,,,,,,,,,,,,,,,,,,,,,,,,,,,,
2023,8,28,6,0,27.4,25.2,87.94,,,,,,,,,,,,,,,,,,,,,,,,,,,,,,,,,,,,
2023,8,28,7,0,27.5,25,86.42,,,,,,,,,,,,,,,,,,,,,,,,,,,,,,,,,,,,
2023,8,28,8,0,27.6,24.8,84.98,,,,,,,,,,,,,,,,,,,,,,,,,,,,,,,,,,,,
2023,8,28,9,0,27.6,24.8,84.52,,,,,,,,,,,,,,,,,,,,,,,,,,,,,,,,,,,,
2023,8,28,10,0,27.5,24.7,84.77,,,,,,,,,,,,,,,,,,,,,,,,,,,,,,,,,,,,
2023,8,28,11,0,27.8,25.2,85.98,,,,,,,,,,,,,,,,,,,,,,,,,,,,,,,,,,,,
2023,8,28,12,0,29.2,25.6,81.18,,,,,,,,,,,,,,,,,,,,,,,,,,,,,,,,,,,,
2023,8,28,13,0,30.6,23.7,66.7,,,,,,,,,,,,,,,,,,,,,,,,,,,,,,,,,,,,
2023,8,28,14,0,31.3,23.5,63.28,,,,,,,,,,,,,,,,,,,,,,,,,,,,,,,,,,,,
2023,8,28,15,0,31.9,23.7,62,,,,,,,,,,,,,,,,,,,,,,,,,,,,,,,,,,,,
2023,8,28,16,0,32.3,23.8,60.95,,,,,,,,,,,,,,,,,,,,,,,,,,,,,,,,,,,,
2023,8,28,17,0,32.5,23.9,60.53,,,,,,,,,,,,,,,,,,,,,,,,,,,,,,,,,,,,
2023,8,28,18,0,32.4,24,61.25,,,,,,,,,,,,,,,,,,,,,,,,,,,,,,,,,,,,
2023,8,28,19,0,32,24.1,63.13,,,,,,,,,,,,,,,,,,,,,,,,,,,,,,,,,,,,
2023,8,28,20,0,31.3,24.3,66.62,,,,,,,,,,,,,,,,,,,,,,,,,,,,,,,,,,,,
2023,8,28,21,0,30.7,24.6,70.19,,,,,,,,,,,,,,,,,,,,,,,,,,,,,,,,,,,,
2023,8,28,22,0,30,25,74.66,,,,,,,,,,,,,,,,,,,,,,,,,,,,,,,,,,,,
2023,8,28,23,0,29,25.6,81.81,,,,,,,,,,,,,,,,,,,,,,,,,,,,,,,,,,,,
2023,8,29,0,0,28.3,26,87.43,,,,,,,,,,,,,,,,,,,,,,,,,,,,,,,,,,,,
2023,8,29,1,0,28.1,26.2,89.23,,,,,,,,,,,,,,,,,,,,,,,,,,,,,,,,,,,,
2023,8,29,2,0,28,26.2,89.84,,,,,,,,,,,,,,,,,,,,,,,,,,,,,,,,,,,,
2023,8,29,3,0,27.9,26.2,90.23,,,,,,,,,,,,,,,,,,,,,,,,,,,,,,,,,,,,
2023,8,29,4,0,27.7,26.1,91.17,,,,,,,,,,,,,,,,,,,,,,,,,,,,,,,,,,,,
2023,8,29,5,0,27.7,26.1,91.02,,,,,,,,,,,,,,,,,,,,,,,,,,,,,,,,,,,,
2023,8,29,6,0,27.6,26,91.17,,,,,,,,,,,,,,,,,,,,,,,,,,,,,,,,,,,,
2023,8,29,7,0,27.6,25.9,90.59,,,,,,,,,,,,,,,,,,,,,,,,,,,,,,,,,,,,
2023,8,29,8,0,27.7,25.9,89.71,,,,,,,,,,,,,,,,,,,,,,,,,,,,,,,,,,,,
2023,8,29,9,0,27.6,25.8,89.76,,,,,,,,,,,,,,,,,,,,,,,,,,,,,,,,,,,,
2023,8,29,10,0,27.6,25.7,89.18,,,,,,,,,,,,,,,,,,,,,,,,,,,,,,,,,,,,
2023,8,29,11,0,27.7,25.8,89.45,,,,,,,,,,,,,,,,,,,,,,,,,,,,,,,,,,,,
2023,8,29,12,0,28.3,26.3,89,,,,,,,,,,,,,,,,,,,,,,,,,,,,,,,,,,,,
2023,8,29,13,0,29.2,25.6,80.79,,,,,,,,,,,,,,,,,,,,,,,,,,,,,,,,,,,,
2023,8,29,14,0,29.7,24.9,75.42,,,,,,,,,,,,,,,,,,,,,,,,,,,,,,,,,,,,
2023,8,29,15,0,30.1,24.8,73.51,,,,,,,,,,,,,,,,,,,,,,,,,,,,,,,,,,,,
2023,8,29,16,0,30.4,24.9,72.44,,,,,,,,,,,,,,,,,,,,,,,,,,,,,,,,,,,,
2023,8,29,17,0,30.6,24.9,71.74,,,,,,,,,,,,,,,,,,,,,,,,,,,,,,,,,,,,
2023,8,29,18,0,30.6,25,71.9,,,,,,,,,,,,,,,,,,,,,,,,,,,,,,,,,,,,
2023,8,29,19,0,30.5,25,72.42,,,,,,,,,,,,,,,,,,,,,,,,,,,,,,,,,,,,
2023,8,29,20,0,30.3,25.1,73.69,,,,,,,,,,,,,,,,,,,,,,,,,,,,,,,,,,,,
2023,8,29,21,0,29.8,25.2,76.61,,,,,,,,,,,,,,,,,,,,,,,,,,,,,,,,,,,,
2023,8,29,22,0,29.3,25.6,80.57,,,,,,,,,,,,,,,,,,,,,,,,,,,,,,,,,,,,
2023,8,29,23,0,28.5,26.2,87.33,,,,,,,,,,,,,,,,,,,,,,,,,,,,,,,,,,,,
2023,8,30,0,0,28,26.5,91.35,,,,,,,,,,,,,,,,,,,,,,,,,,,,,,,,,,,,
2023,8,30,1,0,27.9,26.6,92.86,,,,,,,,,,,,,,,,,,,,,,,,,,,,,,,,,,,,
2023,8,30,2,0,27.9,26.8,93.92,,,,,,,,,,,,,,,,,,,,,,,,,,,,,,,,,,,,
2023,8,30,3,0,27.8,27,95.23,,,,,,,,,,,,,,,,,,,,,,,,,,,,,,,,,,,,
2023,8,30,4,0,27.8,27,95.58,,,,,,,,,,,,,,,,,,,,,,,,,,,,,,,,,,,,
2023,8,30,5,0,27.8,27.1,95.96,,,,,,,,,,,,,,,,,,,,,,,,,,,,,,,,,,,,
2023,8,30,6,0,27.8,27.1,96.19,,,,,,,,,,,,,,,,,,,,,,,,,,,,,,,,,,,,
2023,8,30,7,0,27.8,27.2,96.49,,,,,,,,,,,,,,,,,,,,,,,,,,,,,,,,,,,,
2023,8,30,8,0,27.8,27.2,96.67,,,,,,,,,,,,,,,,,,,,,,,,,,,,,,,,,,,,
2023,8,30,9,0,27.7,27.2,97.31,,,,,,,,,,,,,,,,,,,,,,,,,,,,,,,,,,,,
2023,8,30,10,0,27.6,27.2,97.41,,,,,,,,,,,,,,,,,,,,,,,,,,,,,,,,,,,,
2023,8,30,11,0,27.7,27.2,96.89,,,,,,,,,,,,,,,,,,,,,,,,,,,,,,,,,,,,
2023,8,30,12,0,28.1,27.3,95.19,,,,,,,,,,,,,,,,,,,,,,,,,,,,,,,,,,,,
2023,8,30,13,0,28.3,27.1,93.02,,,,,,,,,,,,,,,,,,,,,,,,,,,,,,,,,,,,
2023,8,30,14,0,28.4,26.7,90.77,,,,,,,,,,,,,,,,,,,,,,,,,,,,,,,,,,,,
2023,8,30,15,0,28.5,26.5,88.78,,,,,,,,,,,,,,,,,,,,,,,,,,,,,,,,,,,,
2023,8,30,16,0,28.4,26.5,89.48,,,,,,,,,,,,,,,,,,,,,,,,,,,,,,,,,,,,
2023,8,30,17,0,28.3,26.8,91.72,,,,,,,,,,,,,,,,,,,,,,,,,,,,,,,,,,,,
2023,8,30,18,0,28.2,27.1,93.93,,,,,,,,,,,,,,,,,,,,,,,,,,,,,,,,,,,,
2023,8,30,19,0,28.2,27.4,95.47,,,,,,,,,,,,,,,,,,,,,,,,,,,,,,,,,,,,
2023,8,30,20,0,28.4,27.7,96.09,,,,,,,,,,,,,,,,,,,,,,,,,,,,,,,,,,,,
2023,8,30,21,0,28.4,27.9,97.24,,,,,,,,,,,,,,,,,,,,,,,,,,,,,,,,,,,,
2023,8,30,22,0,28.5,27.9,96.71,,,,,,,,,,,,,,,,,,,,,,,,,,,,,,,,,,,,
2023,8,30,23,0,28.4,27.8,96.31,,,,,,,,,,,,,,,,,,,,,,,,,,,,,,,,,,,,
2023,8,31,0,0,28.2,27.4,95.38,,,,,,,,,,,,,,,,,,,,,,,,,,,,,,,,,,,,
2023,8,31,1,0,27.9,27.2,95.94,,,,,,,,,,,,,,,,,,,,,,,,,,,,,,,,,,,,
2023,8,31,2,0,27.7,27.3,97.69,,,,,,,,,,,,,,,,,,,,,,,,,,,,,,,,,,,,
2023,8,31,3,0,27.4,27.2,98.81,,,,,,,,,,,,,,,,,,,,,,,,,,,,,,,,,,,,
2023,8,31,4,0,26.8,26.6,98.97,,,,,,,,,,,,,,,,,,,,,,,,,,,,,,,,,,,,
2023,8,31,5,0,26,25.7,98.44,,,,,,,,,,,,,,,,,,,,,,,,,,,,,,,,,,,,
2023,8,31,6,0,25.3,24.7,96.71,,,,,,,,,,,,,,,,,,,,,,,,,,,,,,,,,,,,
2023,8,31,7,0,24.9,23.8,93.89,,,,,,,,,,,,,,,,,,,,,,,,,,,,,,,,,,,,
2023,8,31,8,0,24.7,23.3,91.67,,,,,,,,,,,,,,,,,,,,,,,,,,,,,,,,,,,,
2023,8,31,9,0,24.5,22.7,89.93,,,,,,,,,,,,,,,,,,,,,,,,,,,,,,,,,,,,
2023,8,31,10,0,24,22.1,89.25,,,,,,,,,,,,,,,,,,,,,,,,,,,,,,,,,,,,
2023,8,31,11,0,23.6,21.6,88.43,,,,,,,,,,,,,,,,,,,,,,,,,,,,,,,,,,,,
2023,8,31,12,0,23.9,21.2,84.83,,,,,,,,,,,,,,,,,,,,,,,,,,,,,,,,,,,,
2023,8,31,13,0,24.6,20.9,79.86,,,,,,,,,,,,,,,,,,,,,,,,,,,,,,,,,,,,
2023,8,31,14,0,25.5,20.9,75.58,,,,,,,,,,,,,,,,,,,,,,,,,,,,,,,,,,,,
2023,8,31,15,0,26.5,21.1,72.22,,,,,,,,,,,,,,,,,,,,,,,,,,,,,,,,,,,,
2023,8,31,16,0,27.5,21.4,69.19,,,,,,,,,,,,,,,,,,,,,,,,,,,,,,,,,,,,
2023,8,31,17,0,28.4,21.6,66.67,,,,,,,,,,,,,,,,,,,,,,,,,,,,,,,,,,,,
2023,8,31,18,0,29.1,21.8,64.62,,,,,,,,,,,,,,,,,,,,,,,,,,,,,,,,,,,,
2023,8,31,19,0,29.5,21.8,63.42,,,,,,,,,,,,,,,,,,,,,,,,,,,,,,,,,,,,
2023,8,31,20,0,29.5,21.9,63.52,,,,,,,,,,,,,,,,,,,,,,,,,,,,,,,,,,,,
2023,8,31,21,0,29.2,21.9,64.88,,,,,,,,,,,,,,,,,,,,,,,,,,,,,,,,,,,,
2023,8,31,22,0,28.5,22.4,69.47,,,,,,,,,,,,,,,,,,,,,,,,,,,,,,,,,,,,
2023,8,31,23,0,27,23.1,79.37,,,,,,,,,,,,,,,,,,,,,,,,,,,,,,,,,,,,
2023,9,1,0,0,26.1,23.1,83.56,,,,,,,,,,,,,,,,,,,,,,,,,,,,,,,,,,,,
2023,9,1,1,0,25.7,23.1,85.68,,,,,,,,,,,,,,,,,,,,,,,,,,,,,,,,,,,,
2023,9,1,2,0,25.4,23.1,87.17,,,,,,,,,,,,,,,,,,,,,,,,,,,,,,,,,,,,
2023,9,1,3,0,25.3,23.1,87.61,,,,,,,,,,,,,,,,,,,,,,,,,,,,,,,,,,,,
2023,9,1,4,0,25,22.9,88.4,,,,,,,,,,,,,,,,,,,,,,,,,,,,,,,,,,,,
2023,9,1,5,0,24.7,22.7,88.61,,,,,,,,,,,,,,,,,,,,,,,,,,,,,,,,,,,,
2023,9,1,6,0,24.3,22.3,88.87,,,,,,,,,,,,,,,,,,,,,,,,,,,,,,,,,,,,
2023,9,1,7,0,23.9,21.9,88.66,,,,,,,,,,,,,,,,,,,,,,,,,,,,,,,,,,,,
2023,9,1,8,0,23.5,21.5,88.59,,,,,,,,,,,,,,,,,,,,,,,,,,,,,,,,,,,,
2023,9,1,9,0,23.1,21.1,88.7,,,,,,,,,,,,,,,,,,,,,,,,,,,,,,,,,,,,
2023,9,1,10,0,22.7,20.8,88.99,,,,,,,,,,,,,,,,,,,,,,,,,,,,,,,,,,,,
2023,9,1,11,0,22.7,20.5,87.22,,,,,,,,,,,,,,,,,,,,,,,,,,,,,,,,,,,,
2023,9,1,12,0,23.2,19.8,81.25,,,,,,,,,,,,,,,,,,,,,,,,,,,,,,,,,,,,
2023,9,1,13,0,23.8,18.7,73.19,,,,,,,,,,,,,,,,,,,,,,,,,,,,,,,,,,,,
2023,9,1,14,0,24.4,18,67.4,,,,,,,,,,,,,,,,,,,,,,,,,,,,,,,,,,,,
2023,9,1,15,0,25.1,17.6,63.21,,,,,,,,,,,,,,,,,,,,,,,,,,,,,,,,,,,,
2023,9,1,16,0,25.9,17.6,60.1,,,,,,,,,,,,,,,,,,,,,,,,,,,,,,,,,,,,
2023,9,1,17,0,26.6,17.7,58.03,,,,,,,,,,,,,,,,,,,,,,,,,,,,,,,,,,,,
2023,9,1,18,0,27,17.8,57.14,,,,,,,,,,,,,,,,,,,,,,,,,,,,,,,,,,,,
2023,9,1,19,0,27,17.9,57.63,,,,,,,,,,,,,,,,,,,,,,,,,,,,,,,,,,,,
2023,9,1,20,0,26.8,18.2,59.24,,,,,,,,,,,,,,,,,,,,,,,,,,,,,,,,,,,,
2023,9,1,21,0,26.3,18.8,63.52,,,,,,,,,,,,,,,,,,,,,,,,,,,,,,,,,,,,
2023,9,1,22,0,25.5,19.8,70.65,,,,,,,,,,,,,,,,,,,,,,,,,,,,,,,,,,,,
2023,9,1,23,0,24.3,20.5,79.15,,,,,,,,,,,,,,,,,,,,,,,,,,,,,,,,,,,,
2023,9,2,0,0,23.8,20.4,81.4,,,,,,,,,,,,,,,,,,,,,,,,,,,,,,,,,,,,
2023,9,2,1,0,23.7,20.5,82.47,,,,,,,,,,,,,,,,,,,,,,,,,,,,,,,,,,,,
2023,9,2,2,0,23.7,20.6,82.83,,,,,,,,,,,,,,,,,,,,,,,,,,,,,,,,,,,,
2023,9,2,3,0,23.7,20.6,83.02,,,,,,,,,,,,,,,,,,,,,,,,,,,,,,,,,,,,
2023,9,2,4,0,23.6,20.7,83.62,,,,,,,,,,,,,,,,,,,,,,,,,,,,,,,,,,,,
2023,9,2,5,0,23.6,20.7,83.76,,,,,,,,,,,,,,,,,,,,,,,,,,,,,,,,,,,,
2023,9,2,6,0,23.6,20.7,83.96,,,,,,,,,,,,,,,,,,,,,,,,,,,,,,,,,,,,
2023,9,2,7,0,23.6,20.9,84.6,,,,,,,,,,,,,,,,,,,,,,,,,,,,,,,,,,,,
2023,9,2,8,0,23.5,21,85.96,,,,,,,,,,,,,,,,,,,,,,,,,,,,,,,,,,,,
2023,9,2,9,0,23.5,21.2,86.84,,,,,,,,,,,,,,,,,,,,,,,,,,,,,,,,,,,,
2023,9,2,10,0,23.4,21.3,87.93,,,,,,,,,,,,,,,,,,,,,,,,,,,,,,,,,,,,
2023,9,2,11,0,23.6,21.4,87.71,,,,,,,,,,,,,,,,,,,,,,,,,,,,,,,,,,,,
2023,9,2,12,0,24.2,21.5,85.03,,,,,,,,,,,,,,,,,,,,,,,,,,,,,,,,,,,,
2023,9,2,13,0,25,21.3,79.94,,,,,,,,,,,,,,,,,,,,,,,,,,,,,,,,,,,,
2023,9,2,14,0,25.8,21,74.71,,,,,,,,,,,,,,,,,,,,,,,,,,,,,,,,,,,,
2023,9,2,15,0,26.6,20.7,70.02,,,,,,,,,,,,,,,,,,,,,,,,,,,,,,,,,,,,
2023,9,2,16,0,27.2,20.3,66.04,,,,,,,,,,,,,,,,,,,,,,,,,,,,,,,,,,,,
2023,9,2,17,0,27.6,19.9,63.06,,,,,,,,,,,,,,,,,,,,,,,,,,,,,,,,,,,,
2023,9,2,18,0,27.8,19.6,61.19,,,,,,,,,,,,,,,,,,,,,,,,,,,,,,,,,,,,
2023,9,2,19,0,28,19.3,59.32,,,,,,,,,,,,,,,,,,,,,,,,,,,,,,,,,,,,
2023,9,2,20,0,27.9,19,58.58,,,,,,,,,,,,,,,,,,,,,,,,,,,,,,,,,,,,
2023,9,2,21,0,27.6,19.1,59.68,,,,,,,,,,,,,,,,,,,,,,,,,,,,,,,,,,,,
2023,9,2,22,0,27.3,19.8,63.7,,,,,,,,,,,,,,,,,,,,,,,,,,,,,,,,,,,,
2023,9,2,23,0,25.8,20.2,71.41,,,,,,,,,,,,,,,,,,,,,,,,,,,,,,,,,,,,
2023,9,3,0,0,25,19.8,73.03,,,,,,,,,,,,,,,,,,,,,,,,,,,,,,,,,,,,
2023,9,3,1,0,24.5,19.8,75.22,,,,,,,,,,,,,,,,,,,,,,,,,,,,,,,,,,,,
2023,9,3,2,0,24.2,19.8,76.48,,,,,,,,,,,,,,,,,,,,,,,,,,,,,,,,,,,,
2023,9,3,3,0,23.9,19.7,77.33,,,,,,,,,,,,,,,,,,,,,,,,,,,,,,,,,,,,
2023,9,3,4,0,23.6,19.5,77.87,,,,,,,,,,,,,,,,,,,,,,,,,,,,,,,,,,,,
2023,9,3,5,0,23.3,19.4,78.52,,,,,,,,,,,,,,,,,,,,,,,,,,,,,,,,,,,,
2023,9,3,6,0,23,19.2,79.18,,,,,,,,,,,,,,,,,,,,,,,,,,,,,,,,,,,,
2023,9,3,7,0,22.7,19.1,80.06,,,,,,,,,,,,,,,,,,,,,,,,,,,,,,,,,,,,
2023,9,3,8,0,22.2,19,82.25,,,,,,,,,,,,,,,,,,,,,,,,,,,,,,,,,,,,
2023,9,3,9,0,21.8,19,83.93,,,,,,,,,,,,,,,,,,,,,,,,,,,,,,,,,,,,
2023,9,3,10,0,21.4,18.8,85.12,,,,,,,,,,,,,,,,,,,,,,,,,,,,,,,,,,,,
2023,9,3,11,0,21.9,19.2,84.91,,,,,,,,,,,,,,,,,,,,,,,,,,,,,,,,,,,,
2023,9,3,12,0,23.5,19.4,78.03,,,,,,,,,,,,,,,,,,,,,,,,,,,,,,,,,,,,
2023,9,3,13,0,24.8,18.9,69.57,,,,,,,,,,,,,,,,,,,,,,,,,,,,,,,,,,,,
2023,9,3,14,0,25.8,18.3,63.42,,,,,,,,,,,,,,,,,,,,,,,,,,,,,,,,,,,,
2023,9,3,15,0,26.7,18,58.85,,,,,,,,,,,,,,,,,,,,,,,,,,,,,,,,,,,,
2023,9,3,16,0,27.5,17.7,55.01,,,,,,,,,,,,,,,,,,,,,,,,,,,,,,,,,,,,
2023,9,3,17,0,28.2,17.3,51.72,,,,,,,,,,,,,,,,,,,,,,,,,,,,,,,,,,,,
2023,9,3,18,0,28.7,17.1,49.62,,,,,,,,,,,,,,,,,,,,,,,,,,,,,,,,,,,,
2023,9,3,19,0,28.8,17.1,49.31,,,,,,,,,,,,,,,,,,,,,,,,,,,,,,,,,,,,
2023,9,3,20,0,28.7,17.3,50.24,,,,,,,,,,,,,,,,,,,,,,,,,,,,,,,,,,,,
2023,9,3,21,0,28.2,17.8,53.41,,,,,,,,,,,,,,,,,,,,,,,,,,,,,,,,,,,,
2023,9,3,22,0,28,19.1,58.62,,,,,,,,,,,,,,,,,,,,,,,,,,,,,,,,,,,,
2023,9,3,23,0,26.7,18.7,61.68,,,,,,,,,,,,,,,,,,,,,,,,,,,,,,,,,,,,
2023,9,4,0,0,25.8,18.6,64.59,,,,,,,,,,,,,,,,,,,,,,,,,,,,,,,,,,,,
2023,9,4,1,0,25.1,19.1,69.28,,,,,,,,,,,,,,,,,,,,,,,,,,,,,,,,,,,,
2023,9,4,2,0,24.4,19.3,73.31,,,,,,,,,,,,,,,,,,,,,,,,,,,,,,,,,,,,
2023,9,4,3,0,23.9,19.4,75.74,,,,,,,,,,,,,,,,,,,,,,,,,,,,,,,,,,,,
2023,9,4,4,0,23.5,19.4,77.62,,,,,,,,,,,,,,,,,,,,,,,,,,,,,,,,,,,,
2023,9,4,5,0,23.2,19.4,79.22,,,,,,,,,,,,,,,,,,,,,,,,,,,,,,,,,,,,
2023,9,4,6,0,22.9,19.5,80.97,,,,,,,,,,,,,,,,,,,,,,,,,,,,,,,,,,,,
2023,9,4,7,0,22.7,19.5,82.36,,,,,,,,,,,,,,,,,,,,,,,,,,,,,,,,,,,,
2023,9,4,8,0,22.5,19.6,83.76,,,,,,,,,,,,,,,,,,,,,,,,,,,,,,,,,,,,
2023,9,4,9,0,22.4,19.7,84.68,,,,,,,,,,,,,,,,,,,,,,,,,,,,,,,,,,,,
2023,9,4,10,0,22.3,19.8,85.65,,,,,,,,,,,,,,,,,,,,,,,,,,,,,,,,,,,,
2023,9,4,11,0,22.8,20.4,86.42,,,,,,,,,,,,,,,,,,,,,,,,,,,,,,,,,,,,
2023,9,4,12,0,24.3,20.8,80.83,,,,,,,,,,,,,,,,,,,,,,,,,,,,,,,,,,,,
2023,9,4,13,0,25.8,20.9,74.6,,,,,,,,,,,,,,,,,,,,,,,,,,,,,,,,,,,,
2023,9,4,14,0,27.6,20.5,65.11,,,,,,,,,,,,,,,,,,,,,,,,,,,,,,,,,,,,
2023,9,4,15,0,28.9,20,58.68,,,,,,,,,,,,,,,,,,,,,,,,,,,,,,,,,,,,
2023,9,4,16,0,29.8,20.2,56.56,,,,,,,,,,,,,,,,,,,,,,,,,,,,,,,,,,,,
2023,9,4,17,0,30.4,20.3,54.96,,,,,,,,,,,,,,,,,,,,,,,,,,,,,,,,,,,,
2023,9,4,18,0,30.8,20.4,53.89,,,,,,,,,,,,,,,,,,,,,,,,,,,,,,,,,,,,
2023,9,4,19,0,30.9,20.6,54.13,,,,,,,,,,,,,,,,,,,,,,,,,,,,,,,,,,,,
2023,9,4,20,0,30.6,20.9,56.16,,,,,,,,,,,,,,,,,,,,,,,,,,,,,,,,,,,,
2023,9,4,21,0,30.3,21.5,59.38,,,,,,,,,,,,,,,,,,,,,,,,,,,,,,,,,,,,
2023,9,4,22,0,29.5,21.8,63.21,,,,,,,,,,,,,,,,,,,,,,,,,,,,,,,,,,,,
2023,9,4,23,0,27.3,22.6,75.56,,,,,,,,,,,,,,,,,,,,,,,,,,,,,,,,,,,,
2023,9,5,0,0,25.9,22.7,82.33,,,,,,,,,,,,,,,,,,,,,,,,,,,,,,,,,,,,
2023,9,5,1,0,25.5,22.6,83.98,,,,,,,,,,,,,,,,,,,,,,,,,,,,,,,,,,,,
2023,9,5,2,0,25.2,22.5,85.2,,,,,,,,,,,,,,,,,,,,,,,,,,,,,,,,,,,,
2023,9,5,3,0,25,22.5,85.94,,,,,,,,,,,,,,,,,,,,,,,,,,,,,,,,,,,,
2023,9,5,4,0,24.8,22.4,86.77,,,,,,,,,,,,,,,,,,,,,,,,,,,,,,,,,,,,
2023,9,5,5,0,24.6,22.4,87.71,,,,,,,,,,,,,,,,,,,,,,,,,,,,,,,,,,,,
2023,9,5,6,0,24.4,22.4,88.55,,,,,,,,,,,,,,,,,,,,,,,,,,,,,,,,,,,,
2023,9,5,7,0,24.1,22.3,89.85,,,,,,,,,,,,,,,,,,,,,,,,,,,,,,,,,,,,
2023,9,5,8,0,23.9,22.3,90.52,,,,,,,,,,,,,,,,,,,,,,,,,,,,,,,,,,,,
2023,9,5,9,0,23.7,22.2,91.29,,,,,,,,,,,,,,,,,,,,,,,,,,,,,,,,,,,,
2023,9,5,10,0,23.4,22.1,92.43,,,,,,,,,,,,,,,,,,,,,,,,,,,,,,,,,,,,
2023,9,5,11,0,23.7,22.2,91.13,,,,,,,,,,,,,,,,,,,,,,,,,,,,,,,,,,,,
2023,9,5,12,0,24.7,22.2,86.23,,,,,,,,,,,,,,,,,,,,,,,,,,,,,,,,,,,,
2023,9,5,13,0,26.2,22.2,78.84,,,,,,,,,,,,,,,,,,,,,,,,,,,,,,,,,,,,
2023,9,5,14,0,27.7,22,71.16,,,,,,,,,,,,,,,,,,,,,,,,,,,,,,,,,,,,
2023,9,5,15,0,28.8,21.8,65.8,,,,,,,,,,,,,,,,,,,,,,,,,,,,,,,,,,,,
2023,9,5,16,0,29.8,21.8,62.07,,,,,,,,,,,,,,,,,,,,,,,,,,,,,,,,,,,,
2023,9,5,17,0,30.4,21.7,59.86,,,,,,,,,,,,,,,,,,,,,,,,,,,,,,,,,,,,
2023,9,5,18,0,30.8,21.8,58.87,,,,,,,,,,,,,,,,,,,,,,,,,,,,,,,,,,,,
2023,9,5,19,0,30.9,22,59.19,,,,,,,,,,,,,,,,,,,,,,,,,,,,,,,,,,,,
2023,9,5,20,0,30.7,22.3,60.83,,,,,,,,,,,,,,,,,,,,,,,,,,,,,,,,,,,,
2023,9,5,21,0,30.2,22.7,64.3,,,,,,,,,,,,,,,,,,,,,,,,,,,,,,,,,,,,
2023,9,5,22,0,29.1,23.5,71.94,,,,,,,,,,,,,,,,,,,,,,,,,,,,,,,,,,,,
2023,9,5,23,0,27.5,23.9,80.94,,,,,,,,,,,,,,,,,,,,,,,,,,,,,,,,,,,,
2023,9,6,0,0,26.7,23.7,83.47,,,,,,,,,,,,,,,,,,,,,,,,,,,,,,,,,,,,
2023,9,6,1,0,26.4,23.6,84.87,,,,,,,,,,,,,,,,,,,,,,,,,,,,,,,,,,,,
2023,9,6,2,0,26.1,23.7,86.92,,,,,,,,,,,,,,,,,,,,,,,,,,,,,,,,,,,,
2023,9,6,3,0,25.8,23.8,88.81,,,,,,,,,,,,,,,,,,,,,,,,,,,,,,,,,,,,
2023,9,6,4,0,25.6,23.8,89.93,,,,,,,,,,,,,,,,,,,,,,,,,,,,,,,,,,,,
2023,9,6,5,0,25.3,23.8,91.4,,,,,,,,,,,,,,,,,,,,,,,,,,,,,,,,,,,,
2023,9,6,6,0,24.9,23.8,93.4,,,,,,,,,,,,,,,,,,,,,,,,,,,,,,,,,,,,
2023,9,6,7,0,24.6,23.7,94.77,,,,,,,,,,,,,,,,,,,,,,,,,,,,,,,,,,,,
2023,9,6,8,0,24.3,23.6,95.95,,,,,,,,,,,,,,,,,,,,,,,,,,,,,,,,,,,,
2023,9,6,9,0,24.1,23.5,96.55,,,,,,,,,,,,,,,,,,,,,,,,,,,,,,,,,,,,
2023,9,6,10,0,23.8,23.4,97.7,,,,,,,,,,,,,,,,,,,,,,,,,,,,,,,,,,,,
2023,9,6,11,0,24.2,23.4,95.36,,,,,,,,,,,,,,,,,,,,,,,,,,,,,,,,,,,,
2023,9,6,12,0,25.4,23.5,89.09,,,,,,,,,,,,,,,,,,,,,,,,,,,,,,,,,,,,
2023,9,6,13,0,27,23.3,80.37,,,,,,,,,,,,,,,,,,,,,,,,,,,,,,,,,,,,
2023,9,6,14,0,28.5,23,72.04,,,,,,,,,,,,,,,,,,,,,,,,,,,,,,,,,,,,
2023,9,6,15,0,30.1,22.6,64.27,,,,,,,,,,,,,,,,,,,,,,,,,,,,,,,,,,,,
2023,9,6,16,0,31.3,22.6,60.01,,,,,,,,,,,,,,,,,,,,,,,,,,,,,,,,,,,,
2023,9,6,17,0,32,22.7,58.01,,,,,,,,,,,,,,,,,,,,,,,,,,,,,,,,,,,,
2023,9,6,18,0,32.4,22.7,56.53,,,,,,,,,,,,,,,,,,,,,,,,,,,,,,,,,,,,
2023,9,6,19,0,32.6,22.7,55.9,,,,,,,,,,,,,,,,,,,,,,,,,,,,,,,,,,,,
2023,9,6,20,0,32.4,22.7,56.55,,,,,,,,,,,,,,,,,,,,,,,,,,,,,,,,,,,,
2023,9,6,21,0,31.9,23.1,59.73,,,,,,,,,,,,,,,,,,,,,,,,,,,,,,,,,,,,
2023,9,6,22,0,31.2,24,65.51,,,,,,,,,,,,,,,,,,,,,,,,,,,,,,,,,,,,
2023,9,6,23,0,29.2,25.3,79.4,,,,,,,,,,,,,,,,,,,,,,,,,,,,,,,,,,,,
2023,9,7,0,0,27.8,25.1,85.41,,,,,,,,,,,,,,,,,,,,,,,,,,,,,,,,,,,,
2023,9,7,1,0,27.3,24.9,86.69,,,,,,,,,,,,,,,,,,,,,,,,,,,,,,,,,,,,
2023,9,7,2,0,27.1,24.8,87.37,,,,,,,,,,,,,,,,,,,,,,,,,,,,,,,,,,,,
2023,9,7,3,0,26.7,24.9,89.68,,,,,,,,,,,,,,,,,,,,,,,,,,,,,,,,,,,,
2023,9,7,4,0,26.3,24.9,91.78,,,,,,,,,,,,,,,,,,,,,,,,,,,,,,,,,,,,
2023,9,7,5,0,26.1,24.9,93.02,,,,,,,,,,,,,,,,,,,,,,,,,,,,,,,,,,,,
2023,9,7,6,0,25.9,24.9,94.42,,,,,,,,,,,,,,,,,,,,,,,,,,,,,,,,,,,,
2023,9,7,7,0,25.7,24.9,95.62,,,,,,,,,,,,,,,,,,,,,,,,,,,,,,,,,,,,
2023,9,7,8,0,25.4,24.9,96.97,,,,,,,,,,,,,,,,,,,,,,,,,,,,,,,,,,,,
2023,9,7,9,0,25.1,24.7,97.61,,,,,,,,,,,,,,,,,,,,,,,,,,,,,,,,,,,,
2023,9,7,10,0,24.8,24.4,97.55,,,,,,,,,,,,,,,,,,,,,,,,,,,,,,,,,,,,
2023,9,7,11,0,24.9,24.1,95.58,,,,,,,,,,,,,,,,,,,,,,,,,,,,,,,,,,,,
2023,9,7,12,0,25.8,23.9,89.1,,,,,,,,,,,,,,,,,,,,,,,,,,,,,,,,,,,,
2023,9,7,13,0,27.2,23.5,80.49,,,,,,,,,,,,,,,,,,,,,,,,,,,,,,,,,,,,
2023,9,7,14,0,29.2,23.2,69.99,,,,,,,,,,,,,,,,,,,,,,,,,,,,,,,,,,,,
2023,9,7,15,0,31,22.5,60.5,,,,,,,,,,,,,,,,,,,,,,,,,,,,,,,,,,,,
2023,9,7,16,0,31.7,22.4,57.93,,,,,,,,,,,,,,,,,,,,,,,,,,,,,,,,,,,,
2023,9,7,17,0,32,22.5,57.2,,,,,,,,,,,,,,,,,,,,,,,,,,,,,,,,,,,,
2023,9,7,18,0,32,22.6,57.47,,,,,,,,,,,,,,,,,,,,,,,,,,,,,,,,,,,,
2023,9,7,19,0,31.9,22.7,58.22,,,,,,,,,,,,,,,,,,,,,,,,,,,,,,,,,,,,
2023,9,7,20,0,31.5,22.8,60.14,,,,,,,,,,,,,,,,,,,,,,,,,,,,,,,,,,,,
2023,9,7,21,0,30.9,23.3,64.14,,,,,,,,,,,,,,,,,,,,,,,,,,,,,,,,,,,,
2023,9,7,22,0,29.8,24.3,72.46,,,,,,,,,,,,,,,,,,,,,,,,,,,,,,,,,,,,
2023,9,7,23,0,28,25.4,85.65,,,,,,,,,,,,,,,,,,,,,,,,,,,,,,,,,,,,
2023,9,8,0,0,27.2,25.7,91.71,,,,,,,,,,,,,,,,,,,,,,,,,,,,,,,,,,,,
2023,9,8,1,0,27,26,94.39,,,,,,,,,,,,,,,,,,,,,,,,,,,,,,,,,,,,
2023,9,8,2,0,26.9,26.1,95.37,,,,,,,,,,,,,,,,,,,,,,,,,,,,,,,,,,,,
2023,9,8,3,0,26.7,25.9,95.2,,,,,,,,,,,,,,,,,,,,,,,,,,,,,,,,,,,,
2023,9,8,4,0,26.5,25.5,94.3,,,,,,,,,,,,,,,,,,,,,,,,,,,,,,,,,,,,
2023,9,8,5,0,26.3,25.2,93.43,,,,,,,,,,,,,,,,,,,,,,,,,,,,,,,,,,,,
2023,9,8,6,0,26,24.8,93.23,,,,,,,,,,,,,,,,,,,,,,,,,,,,,,,,,,,,
2023,9,8,7,0,25.8,24.5,92.58,,,,,,,,,,,,,,,,,,,,,,,,,,,,,,,,,,,,
2023,9,8,8,0,25.5,24.2,92.42,,,,,,,,,,,,,,,,,,,,,,,,,,,,,,,,,,,,
2023,9,8,9,0,25.2,23.8,92.19,,,,,,,,,,,,,,,,,,,,,,,,,,,,,,,,,,,,
2023,9,8,10,0,24.9,23.4,91.59,,,,,,,,,,,,,,,,,,,,,,,,,,,,,,,,,,,,
2023,9,8,11,0,25,23.4,90.82,,,,,,,,,,,,,,,,,,,,,,,,,,,,,,,,,,,,
2023,9,8,12,0,25.9,23.2,84.92,,,,,,,,,,,,,,,,,,,,,,,,,,,,,,,,,,,,
2023,9,8,13,0,26.9,22.5,77.08,,,,,,,,,,,,,,,,,,,,,,,,,,,,,,,,,,,,
2023,9,8,14,0,28.4,21.6,66.7,,,,,,,,,,,,,,,,,,,,,,,,,,,,,,,,,,,,
2023,9,8,15,0,29.1,21.2,62.38,,,,,,,,,,,,,,,,,,,,,,,,,,,,,,,,,,,,
2023,9,8,16,0,29.5,21.2,61.21,,,,,,,,,,,,,,,,,,,,,,,,,,,,,,,,,,,,
2023,9,8,17,0,29.8,21.5,61.07,,,,,,,,,,,,,,,,,,,,,,,,,,,,,,,,,,,,
2023,9,8,18,0,29.8,21.8,62.4,,,,,,,,,,,,,,,,,,,,,,,,,,,,,,,,,,,,
2023,9,8,19,0,29.8,22.2,63.96,,,,,,,,,,,,,,,,,,,,,,,,,,,,,,,,,,,,
2023,9,8,20,0,29.5,22.6,66.66,,,,,,,,,,,,,,,,,,,,,,,,,,,,,,,,,,,,
2023,9,8,21,0,28.9,23.2,71.34,,,,,,,,,,,,,,,,,,,,,,,,,,,,,,,,,,,,
2023,9,8,22,0,28.2,24,77.97,,,,,,,,,,,,,,,,,,,,,,,,,,,,,,,,,,,,
2023,9,8,23,0,27,24.6,86.54,,,,,,,,,,,,,,,,,,,,,,,,,,,,,,,,,,,,
2023,9,9,0,0,26.5,24.6,89.39,,,,,,,,,,,,,,,,,,,,,,,,,,,,,,,,,,,,
2023,9,9,1,0,26.4,24.6,89.84,,,,,,,,,,,,,,,,,,,,,,,,,,,,,,,,,,,,
2023,9,9,2,0,26.2,24.5,90.43,,,,,,,,,,,,,,,,,,,,,,,,,,,,,,,,,,,,
2023,9,9,3,0,26,24.4,90.85,,,,,,,,,,,,,,,,,,,,,,,,,,,,,,,,,,,,
2023,9,9,4,0,25.9,24.2,90.38,,,,,,,,,,,,,,,,,,,,,,,,,,,,,,,,,,,,
2023,9,9,5,0,25.8,24,89.63,,,,,,,,,,,,,,,,,,,,,,,,,,,,,,,,,,,,
2023,9,9,6,0,25.8,23.7,88.39,,,,,,,,,,,,,,,,,,,,,,,,,,,,,,,,,,,,
2023,9,9,7,0,25.8,23.6,87.48,,,,,,,,,,,,,,,,,,,,,,,,,,,,,,,,,,,,
2023,9,9,8,0,25.7,23.5,87.44,,,,,,,,,,,,,,,,,,,,,,,,,,,,,,,,,,,,
2023,9,9,9,0,25.5,23.4,88.09,,,,,,,,,,,,,,,,,,,,,,,,,,,,,,,,,,,,
2023,9,9,10,0,25.3,23.3,88.65,,,,,,,,,,,,,,,,,,,,,,,,,,,,,,,,,,,,
2023,9,9,11,0,25.4,23.6,89.89,,,,,,,,,,,,,,,,,,,,,,,,,,,,,,,,,,,,
2023,9,9,12,0,26.5,24.1,86.8,,,,,,,,,,,,,,,,,,,,,,,,,,,,,,,,,,,,
2023,9,9,13,0,27.2,23.1,78.45,,,,,,,,,,,,,,,,,,,,,,,,,,,,,,,,,,,,
2023,9,9,14,0,27.7,22.4,72.8,,,,,,,,,,,,,,,,,,,,,,,,,,,,,,,,,,,,
2023,9,9,15,0,28.2,22.2,70.12,,,,,,,,,,,,,,,,,,,,,,,,,,,,,,,,,,,,
2023,9,9,16,0,28.6,22.2,68.48,,,,,,,,,,,,,,,,,,,,,,,,,,,,,,,,,,,,
2023,9,9,17,0,28.7,22.2,67.77,,,,,,,,,,,,,,,,,,,,,,,,,,,,,,,,,,,,
2023,9,9,18,0,28.5,22.1,68.26,,,,,,,,,,,,,,,,,,,,,,,,,,,,,,,,,,,,
2023,9,9,19,0,28.3,22.1,69.02,,,,,,,,,,,,,,,,,,,,,,,,,,,,,,,,,,,,
2023,9,9,20,0,27.9,22.2,71.05,,,,,,,,,,,,,,,,,,,,,,,,,,,,,,,,,,,,
2023,9,9,21,0,27.5,22.3,73.51,,,,,,,,,,,,,,,,,,,,,,,,,,,,,,,,,,,,
2023,9,9,22,0,27,22.7,77.53,,,,,,,,,,,,,,,,,,,,,,,,,,,,,,,,,,,,
2023,9,9,23,0,26.1,23.3,84.74,,,,,,,,,,,,,,,,,,,,,,,,,,,,,,,,,,,,
2023,9,10,0,0,25.7,23.4,86.92,,,,,,,,,,,,,,,,,,,,,,,,,,,,,,,,,,,,
2023,9,10,1,0,25.7,23.4,87.19,,,,,,,,,,,,,,,,,,,,,,,,,,,,,,,,,,,,
2023,9,10,2,0,25.7,23.4,87.4,,,,,,,,,,,,,,,,,,,,,,,,,,,,,,,,,,,,
2023,9,10,3,0,25.6,23.5,88.11,,,,,,,,,,,,,,,,,,,,,,,,,,,,,,,,,,,,
2023,9,10,4,0,25.6,23.5,88.21,,,,,,,,,,,,,,,,,,,,,,,,,,,,,,,,,,,,
2023,9,10,5,0,25.6,23.5,88.19,,,,,,,,,,,,,,,,,,,,,,,,,,,,,,,,,,,,
2023,9,10,6,0,25.6,23.5,88.08,,,,,,,,,,,,,,,,,,,,,,,,,,,,,,,,,,,,
2023,9,10,7,0,25.5,23.5,88.45,,,,,,,,,,,,,,,,,,,,,,,,,,,,,,,,,,,,
2023,9,10,8,0,25.5,23.4,88.16,,,,,,,,,,,,,,,,,,,,,,,,,,,,,,,,,,,,
2023,9,10,9,0,25.6,23.3,87.23,,,,,,,,,,,,,,,,,,,,,,,,,,,,,,,,,,,,
2023,9,10,10,0,25.8,23.3,85.85,,,,,,,,,,,,,,,,,,,,,,,,,,,,,,,,,,,,
2023,9,10,11,0,26.1,23.6,86.23,,,,,,,,,,,,,,,,,,,,,,,,,,,,,,,,,,,,
2023,9,10,12,0,27.6,24.6,83.64,,,,,,,,,,,,,,,,,,,,,,,,,,,,,,,,,,,,
2023,9,10,13,0,28.8,23.3,72.41,,,,,,,,,,,,,,,,,,,,,,,,,,,,,,,,,,,,
2023,9,10,14,0,29.1,22.5,67.83,,,,,,,,,,,,,,,,,,,,,,,,,,,,,,,,,,,,
2023,9,10,15,0,29.7,22.5,65.31,,,,,,,,,,,,,,,,,,,,,,,,,,,,,,,,,,,,
2023,9,10,16,0,30.1,22.6,64.06,,,,,,,,,,,,,,,,,,,,,,,,,,,,,,,,,,,,
2023,9,10,17,0,30.3,22.7,63.97,,,,,,,,,,,,,,,,,,,,,,,,,,,,,,,,,,,,
2023,9,10,18,0,30.2,22.9,64.84,,,,,,,,,,,,,,,,,,,,,,,,,,,,,,,,,,,,
2023,9,10,19,0,29.8,23,66.8,,,,,,,,,,,,,,,,,,,,,,,,,,,,,,,,,,,,
2023,9,10,20,0,29.3,23.3,70.2,,,,,,,,,,,,,,,,,,,,,,,,,,,,,,,,,,,,
2023,9,10,21,0,28.8,23.9,74.9,,,,,,,,,,,,,,,,,,,,,,,,,,,,,,,,,,,,
2023,9,10,22,0,28.1,24.3,79.73,,,,,,,,,,,,,,,,,,,,,,,,,,,,,,,,,,,,
2023,9,10,23,0,27,24.7,87.11,,,,,,,,,,,,,,,,,,,,,,,,,,,,,,,,,,,,
2023,9,11,0,0,26.4,24.6,89.8,,,,,,,,,,,,,,,,,,,,,,,,,,,,,,,,,,,,
2023,9,11,1,0,26.1,24.5,91.12,,,,,,,,,,,,,,,,,,,,,,,,,,,,,,,,,,,,
2023,9,11,2,0,25.9,24.5,91.78,,,,,,,,,,,,,,,,,,,,,,,,,,,,,,,,,,,,
2023,9,11,3,0,25.8,24.4,92.15,,,,,,,,,,,,,,,,,,,,,,,,,,,,,,,,,,,,
2023,9,11,4,0,25.7,24.4,92.52,,,,,,,,,,,,,,,,,,,,,,,,,,,,,,,,,,,,
2023,9,11,5,0,25.6,24.4,92.87,,,,,,,,,,,,,,,,,,,,,,,,,,,,,,,,,,,,
2023,9,11,6,0,25.6,24.3,92.42,,,,,,,,,,,,,,,,,,,,,,,,,,,,,,,,,,,,
2023,9,11,7,0,25.5,24.2,92.78,,,,,,,,,,,,,,,,,,,,,,,,,,,,,,,,,,,,
2023,9,11,8,0,25.4,24.2,93.22,,,,,,,,,,,,,,,,,,,,,,,,,,,,,,,,,,,,
2023,9,11,9,0,25.4,24.2,93.23,,,,,,,,,,,,,,,,,,,,,,,,,,,,,,,,,,,,
2023,9,11,10,0,25.3,24.2,93.49,,,,,,,,,,,,,,,,,,,,,,,,,,,,,,,,,,,,
2023,9,11,11,0,25.5,24.4,93.75,,,,,,,,,,,,,,,,,,,,,,,,,,,,,,,,,,,,
2023,9,11,12,0,26.7,25.2,91.38,,,,,,,,,,,,,,,,,,,,,,,,,,,,,,,,,,,,
2023,9,11,13,0,28.5,24.9,81,,,,,,,,,,,,,,,,,,,,,,,,,,,,,,,,,,,,
2023,9,11,14,0,29.2,23.3,70.58,,,,,,,,,,,,,,,,,,,,,,,,,,,,,,,,,,,,
2023,9,11,15,0,29.6,22.8,66.7,,,,,,,,,,,,,,,,,,,,,,,,,,,,,,,,,,,,
2023,9,11,16,0,30.1,22.6,64.35,,,,,,,,,,,,,,,,,,,,,,,,,,,,,,,,,,,,
2023,9,11,17,0,30.4,22.8,63.95,,,,,,,,,,,,,,,,,,,,,,,,,,,,,,,,,,,,
2023,9,11,18,0,30.5,23.1,64.55,,,,,,,,,,,,,,,,,,,,,,,,,,,,,,,,,,,,
2023,9,11,19,0,30.2,23.3,66.72,,,,,,,,,,,,,,,,,,,,,,,,,,,,,,,,,,,,
2023,9,11,20,0,29.7,23.8,70.84,,,,,,,,,,,,,,,,,,,,,,,,,,,,,,,,,,,,
2023,9,11,21,0,29.1,24.3,75.22,,,,,,,,,,,,,,,,,,,,,,,,,,,,,,,,,,,,
2023,9,11,22,0,28.2,24.5,80.23,,,,,,,,,,,,,,,,,,,,,,,,,,,,,,,,,,,,
2023,9,11,23,0,26.8,24.6,87.91,,,,,,,,,,,,,,,,,,,,,,,,,,,,,,,,,,,,
2023,9,12,0,0,26.2,24.4,89.8,,,,,,,,,,,,,,,,,,,,,,,,,,,,,,,,,,,,
2023,9,12,1,0,25.9,24.2,90.41,,,,,,,,,,,,,,,,,,,,,,,,,,,,,,,,,,,,
2023,9,12,2,0,25.6,24,90.94,,,,,,,,,,,,,,,,,,,,,,,,,,,,,,,,,,,,
2023,9,12,3,0,25.4,23.9,91.44,,,,,,,,,,,,,,,,,,,,,,,,,,,,,,,,,,,,
2023,9,12,4,0,25.3,23.9,91.83,,,,,,,,,,,,,,,,,,,,,,,,,,,,,,,,,,,,
2023,9,12,5,0,25.1,23.9,92.94,,,,,,,,,,,,,,,,,,,,,,,,,,,,,,,,,,,,
2023,9,12,6,0,25,23.9,93.4,,,,,,,,,,,,,,,,,,,,,,,,,,,,,,,,,,,,
2023,9,12,7,0,24.8,23.8,94.35,,,,,,,,,,,,,,,,,,,,,,,,,,,,,,,,,,,,
2023,9,12,8,0,24.6,23.7,94.9,,,,,,,,,,,,,,,,,,,,,,,,,,,,,,,,,,,,
2023,9,12,9,0,24.6,23.6,94.45,,,,,,,,,,,,,,,,,,,,,,,,,,,,,,,,,,,,
2023,9,12,10,0,24.6,23.6,94.2,,,,,,,,,,,,,,,,,,,,,,,,,,,,,,,,,,,,
2023,9,12,11,0,24.9,23.9,94.14,,,,,,,,,,,,,,,,,,,,,,,,,,,,,,,,,,,,
2023,9,12,12,0,26.6,24.5,88.11,,,,,,,,,,,,,,,,,,,,,,,,,,,,,,,,,,,,
2023,9,12,13,0,29.3,22.9,68.46,,,,,,,,,,,,,,,,,,,,,,,,,,,,,,,,,,,,
2023,9,12,14,0,29.6,21.8,62.91,,,,,,,,,,,,,,,,,,,,,,,,,,,,,,,,,,,,
2023,9,12,15,0,30.4,22.1,61.25,,,,,,,,,,,,,,,,,,,,,,,,,,,,,,,,,,,,
2023,9,12,16,0,30.8,22.7,62.06,,,,,,,,,,,,,,,,,,,,,,,,,,,,,,,,,,,,
2023,9,12,17,0,31,23.1,63.06,,,,,,,,,,,,,,,,,,,,,,,,,,,,,,,,,,,,
2023,9,12,18,0,30.9,23.5,64.62,,,,,,,,,,,,,,,,,,,,,,,,,,,,,,,,,,,,
2023,9,12,19,0,30.6,23.6,66.43,,,,,,,,,,,,,,,,,,,,,,,,,,,,,,,,,,,,
2023,9,12,20,0,30.2,23.8,68.68,,,,,,,,,,,,,,,,,,,,,,,,,,,,,,,,,,,,
2023,9,12,21,0,29.6,24.1,72.2,,,,,,,,,,,,,,,,,,,,,,,,,,,,,,,,,,,,
2023,9,12,22,0,28.7,24.4,77.6,,,,,,,,,,,,,,,,,,,,,,,,,,,,,,,,,,,,
2023,9,12,23,0,27.4,24.7,85.46,,,,,,,,,,,,,,,,,,,,,,,,,,,,,,,,,,,,
2023,9,13,0,0,26.8,24.6,87.92,,,,,,,,,,,,,,,,,,,,,,,,,,,,,,,,,,,,
2023,9,13,1,0,26.6,24.5,88.54,,,,,,,,,,,,,,,,,,,,,,,,,,,,,,,,,,,,
2023,9,13,2,0,26.3,24.4,89.41,,,,,,,,,,,,,,,,,,,,,,,,,,,,,,,,,,,,
2023,9,13,3,0,26,24.2,90.08,,,,,,,,,,,,,,,,,,,,,,,,,,,,,,,,,,,,
2023,9,13,4,0,25.8,24.1,90.34,,,,,,,,,,,,,,,,,,,,,,,,,,,,,,,,,,,,
2023,9,13,5,0,25.6,24,90.67,,,,,,,,,,,,,,,,,,,,,,,,,,,,,,,,,,,,
2023,9,13,6,0,25.4,23.9,91.32,,,,,,,,,,,,,,,,,,,,,,,,,,,,,,,,,,,,
2023,9,13,7,0,25.2,23.9,92.26,,,,,,,,,,,,,,,,,,,,,,,,,,,,,,,,,,,,
2023,9,13,8,0,25,23.8,93.07,,,,,,,,,,,,,,,,,,,,,,,,,,,,,,,,,,,,
2023,9,13,9,0,24.8,23.7,93.51,,,,,,,,,,,,,,,,,,,,,,,,,,,,,,,,,,,,
2023,9,13,10,0,24.7,23.4,92.5,,,,,,,,,,,,,,,,,,,,,,,,,,,,,,,,,,,,
2023,9,13,11,0,24.9,23.6,92.48,,,,,,,,,,,,,,,,,,,,,,,,,,,,,,,,,,,,
2023,9,13,12,0,26.2,24.1,88.5,,,,,,,,,,,,,,,,,,,,,,,,,,,,,,,,,,,,
2023,9,13,13,0,28.6,22.9,71.32,,,,,,,,,,,,,,,,,,,,,,,,,,,,,,,,,,,,
2023,9,13,14,0,29.1,21.8,64.93,,,,,,,,,,,,,,,,,,,,,,,,,,,,,,,,,,,,
2023,9,13,15,0,29.9,21.8,62.02,,,,,,,,,,,,,,,,,,,,,,,,,,,,,,,,,,,,
2023,9,13,16,0,30.5,22.1,60.94,,,,,,,,,,,,,,,,,,,,,,,,,,,,,,,,,,,,
2023,9,13,17,0,30.7,22.4,61.3,,,,,,,,,,,,,,,,,,,,,,,,,,,,,,,,,,,,
2023,9,13,18,0,30.7,22.6,62.03,,,,,,,,,,,,,,,,,,,,,,,,,,,,,,,,,,,,
2023,9,13,19,0,30.5,22.7,63.19,,,,,,,,,,,,,,,,,,,,,,,,,,,,,,,,,,,,
2023,9,13,20,0,30.1,22.8,65.11,,,,,,,,,,,,,,,,,,,,,,,,,,,,,,,,,,,,
2023,9,13,21,0,29.3,23.1,69.51,,,,,,,,,,,,,,,,,,,,,,,,,,,,,,,,,,,,
2023,9,13,22,0,28.7,23.9,75.37,,,,,,,,,,,,,,,,,,,,,,,,,,,,,,,,,,,,
2023,9,13,23,0,27.7,24.3,81.91,,,,,,,,,,,,,,,,,,,,,,,,,,,,,,,,,,,,
2023,9,14,0,0,27,24.3,85.44,,,,,,,,,,,,,,,,,,,,,,,,,,,,,,,,,,,,
2023,9,14,1,0,26.7,24.3,86.83,,,,,,,,,,,,,,,,,,,,,,,,,,,,,,,,,,,,
2023,9,14,2,0,26.5,24,86.19,,,,,,,,,,,,,,,,,,,,,,,,,,,,,,,,,,,,
2023,9,14,3,0,26.4,23.6,84.63,,,,,,,,,,,,,,,,,,,,,,,,,,,,,,,,,,,,
2023,9,14,4,0,26.3,23.5,84.43,,,,,,,,,,,,,,,,,,,,,,,,,,,,,,,,,,,,
2023,9,14,5,0,26,23.3,85.24,,,,,,,,,,,,,,,,,,,,,,,,,,,,,,,,,,,,
2023,9,14,6,0,25.5,23.4,87.92,,,,,,,,,,,,,,,,,,,,,,,,,,,,,,,,,,,,
2023,9,14,7,0,25.1,23.4,90.58,,,,,,,,,,,,,,,,,,,,,,,,,,,,,,,,,,,,
2023,9,14,8,0,24.8,23.6,92.83,,,,,,,,,,,,,,,,,,,,,,,,,,,,,,,,,,,,
2023,9,14,9,0,24.6,23.6,94.31,,,,,,,,,,,,,,,,,,,,,,,,,,,,,,,,,,,,
2023,9,14,10,0,24.6,23.7,94.89,,,,,,,,,,,,,,,,,,,,,,,,,,,,,,,,,,,,
2023,9,14,11,0,25,24.1,94.6,,,,,,,,,,,,,,,,,,,,,,,,,,,,,,,,,,,,
2023,9,14,12,0,25.8,24.6,93.27,,,,,,,,,,,,,,,,,,,,,,,,,,,,,,,,,,,,
2023,9,14,13,0,26.6,24.7,89.4,,,,,,,,,,,,,,,,,,,,,,,,,,,,,,,,,,,,
2023,9,14,14,0,27.8,24.1,80.3,,,,,,,,,,,,,,,,,,,,,,,,,,,,,,,,,,,,
2023,9,14,15,0,28.6,23.7,74.68,,,,,,,,,,,,,,,,,,,,,,,,,,,,,,,,,,,,
2023,9,14,16,0,28.8,23.4,72.73,,,,,,,,,,,,,,,,,,,,,,,,,,,,,,,,,,,,
2023,9,14,17,0,28.9,23.2,71.32,,,,,,,,,,,,,,,,,,,,,,,,,,,,,,,,,,,,
2023,9,14,18,0,28.8,23.1,71.15,,,,,,,,,,,,,,,,,,,,,,,,,,,,,,,,,,,,
2023,9,14,19,0,28.9,23,70.45,,,,,,,,,,,,,,,,,,,,,,,,,,,,,,,,,,,,
2023,9,14,20,0,28.5,23,72,,,,,,,,,,,,,,,,,,,,,,,,,,,,,,,,,,,,
2023,9,14,21,0,28,23.2,75.42,,,,,,,,,,,,,,,,,,,,,,,,,,,,,,,,,,,,
2023,9,14,22,0,27.5,23.7,79.8,,,,,,,,,,,,,,,,,,,,,,,,,,,,,,,,,,,,
2023,9,14,23,0,26.4,24.1,87.46,,,,,,,,,,,,,,,,,,,,,,,,,,,,,,,,,,,,
2023,9,15,0,0,26,24.3,90.13,,,,,,,,,,,,,,,,,,,,,,,,,,,,,,,,,,,,
2023,9,15,1,0,25.9,24.3,91.16,,,,,,,,,,,,,,,,,,,,,,,,,,,,,,,,,,,,
2023,9,15,2,0,25.7,24.3,92.09,,,,,,,,,,,,,,,,,,,,,,,,,,,,,,,,,,,,
2023,9,15,3,0,25.6,24.2,91.98,,,,,,,,,,,,,,,,,,,,,,,,,,,,,,,,,,,,
2023,9,15,4,0,25.4,24,92.06,,,,,,,,,,,,,,,,,,,,,,,,,,,,,,,,,,,,
2023,9,15,5,0,25.2,23.8,91.94,,,,,,,,,,,,,,,,,,,,,,,,,,,,,,,,,,,,
2023,9,15,6,0,24.8,23.5,92.44,,,,,,,,,,,,,,,,,,,,,,,,,,,,,,,,,,,,
2023,9,15,7,0,24.5,23.2,92.22,,,,,,,,,,,,,,,,,,,,,,,,,,,,,,,,,,,,
2023,9,15,8,0,24.1,22.8,92.46,,,,,,,,,,,,,,,,,,,,,,,,,,,,,,,,,,,,
2023,9,15,9,0,23.8,22.5,92.31,,,,,,,,,,,,,,,,,,,,,,,,,,,,,,,,,,,,
2023,9,15,10,0,23.5,22.1,92.06,,,,,,,,,,,,,,,,,,,,,,,,,,,,,,,,,,,,
2023,9,15,11,0,23.4,21.9,91.43,,,,,,,,,,,,,,,,,,,,,,,,,,,,,,,,,,,,
2023,9,15,12,0,23.8,21.7,87.96,,,,,,,,,,,,,,,,,,,,,,,,,,,,,,,,,,,,
2023,9,15,13,0,24.4,20.7,80.03,,,,,,,,,,,,,,,,,,,,,,,,,,,,,,,,,,,,
2023,9,15,14,0,25.1,19.1,69.46,,,,,,,,,,,,,,,,,,,,,,,,,,,,,,,,,,,,
2023,9,15,15,0,25.8,17.9,61.56,,,,,,,,,,,,,,,,,,,,,,,,,,,,,,,,,,,,
2023,9,15,16,0,26.3,16.9,56.26,,,,,,,,,,,,,,,,,,,,,,,,,,,,,,,,,,,,
2023,9,15,17,0,26.7,16.3,52.95,,,,,,,,,,,,,,,,,,,,,,,,,,,,,,,,,,,,
2023,9,15,18,0,26.9,16.1,51.45,,,,,,,,,,,,,,,,,,,,,,,,,,,,,,,,,,,,
2023,9,15,19,0,26.9,16.1,51.61,,,,,,,,,,,,,,,,,,,,,,,,,,,,,,,,,,,,
2023,9,15,20,0,26.7,16.3,52.94,,,,,,,,,,,,,,,,,,,,,,,,,,,,,,,,,,,,
2023,9,15,21,0,26.2,16.7,55.78,,,,,,,,,,,,,,,,,,,,,,,,,,,,,,,,,,,,
2023,9,15,22,0,25.4,17.8,62.67,,,,,,,,,,,,,,,,,,,,,,,,,,,,,,,,,,,,
2023,9,15,23,0,23.8,18.6,72.84,,,,,,,,,,,,,,,,,,,,,,,,,,,,,,,,,,,,
2023,9,16,0,0,23.4,18.5,73.78,,,,,,,,,,,,,,,,,,,,,,,,,,,,,,,,,,,,
2023,9,16,1,0,23.2,18.2,73.71,,,,,,,,,,,,,,,,,,,,,,,,,,,,,,,,,,,,
2023,9,16,2,0,23.1,18.1,73.3,,,,,,,,,,,,,,,,,,,,,,,,,,,,,,,,,,,,
2023,9,16,3,0,22.9,17.9,73.64,,,,,,,,,,,,,,,,,,,,,,,,,,,,,,,,,,,,
2023,9,16,4,0,22.6,17.9,74.76,,,,,,,,,,,,,,,,,,,,,,,,,,,,,,,,,,,,
2023,9,16,5,0,22.2,17.8,76.28,,,,,,,,,,,,,,,,,,,,,,,,,,,,,,,,,,,,
2023,9,16,6,0,21.7,17.8,78.44,,,,,,,,,,,,,,,,,,,,,,,,,,,,,,,,,,,,
2023,9,16,7,0,21.4,17.9,80.3,,,,,,,,,,,,,,,,,,,,,,,,,,,,,,,,,,,,
2023,9,16,8,0,21.2,18,82.02,,,,,,,,,,,,,,,,,,,,,,,,,,,,,,,,,,,,
2023,9,16,9,0,20.9,18,83.4,,,,,,,,,,,,,,,,,,,,,,,,,,,,,,,,,,,,
2023,9,16,10,0,20.6,17.8,83.77,,,,,,,,,,,,,,,,,,,,,,,,,,,,,,,,,,,,
2023,9,16,11,0,20.8,17.6,82.04,,,,,,,,,,,,,,,,,,,,,,,,,,,,,,,,,,,,
2023,9,16,12,0,22.3,17.5,74.33,,,,,,,,,,,,,,,,,,,,,,,,,,,,,,,,,,,,
2023,9,16,13,0,23.9,16.4,62.99,,,,,,,,,,,,,,,,,,,,,,,,,,,,,,,,,,,,
2023,9,16,14,0,25.2,15.1,53.52,,,,,,,,,,,,,,,,,,,,,,,,,,,,,,,,,,,,
2023,9,16,15,0,26,14.5,49.22,,,,,,,,,,,,,,,,,,,,,,,,,,,,,,,,,,,,
2023,9,16,16,0,26.7,14.2,46.34,,,,,,,,,,,,,,,,,,,,,,,,,,,,,,,,,,,,
2023,9,16,17,0,27.2,14.1,44.66,,,,,,,,,,,,,,,,,,,,,,,,,,,,,,,,,,,,
2023,9,16,18,0,27.5,14.1,43.8,,,,,,,,,,,,,,,,,,,,,,,,,,,,,,,,,,,,
2023,9,16,19,0,27.6,14.3,44,,,,,,,,,,,,,,,,,,,,,,,,,,,,,,,,,,,,
2023,9,16,20,0,27.4,14.6,45.65,,,,,,,,,,,,,,,,,,,,,,,,,,,,,,,,,,,,
2023,9,16,21,0,27,15.4,49.12,,,,,,,,,,,,,,,,,,,,,,,,,,,,,,,,,,,,
2023,9,16,22,0,26.1,16.2,54.47,,,,,,,,,,,,,,,,,,,,,,,,,,,,,,,,,,,,
2023,9,16,23,0,23.8,17.9,69.4,,,,,,,,,,,,,,,,,,,,,,,,,,,,,,,,,,,,
2023,9,17,0,0,23.2,17.8,71.53,,,,,,,,,,,,,,,,,,,,,,,,,,,,,,,,,,,,
2023,9,17,1,0,23.1,17.8,72.23,,,,,,,,,,,,,,,,,,,,,,,,,,,,,,,,,,,,
2023,9,17,2,0,23.2,17.8,71.69,,,,,,,,,,,,,,,,,,,,,,,,,,,,,,,,,,,,
2023,9,17,3,0,23.2,18,72.36,,,,,,,,,,,,,,,,,,,,,,,,,,,,,,,,,,,,
2023,9,17,4,0,23.2,18.3,74.07,,,,,,,,,,,,,,,,,,,,,,,,,,,,,,,,,,,,
2023,9,17,5,0,23.2,18.8,76.25,,,,,,,,,,,,,,,,,,,,,,,,,,,,,,,,,,,,
2023,9,17,6,0,23.3,19.2,77.65,,,,,,,,,,,,,,,,,,,,,,,,,,,,,,,,,,,,
2023,9,17,7,0,23.4,19.5,78.67,,,,,,,,,,,,,,,,,,,,,,,,,,,,,,,,,,,,
2023,9,17,8,0,23.7,19.9,79.36,,,,,,,,,,,,,,,,,,,,,,,,,,,,,,,,,,,,
2023,9,17,9,0,24.1,20.4,79.65,,,,,,,,,,,,,,,,,,,,,,,,,,,,,,,,,,,,
2023,9,17,10,0,24.4,20.7,80.09,,,,,,,,,,,,,,,,,,,,,,,,,,,,,,,,,,,,
2023,9,17,11,0,24.7,21.3,81.61,,,,,,,,,,,,,,,,,,,,,,,,,,,,,,,,,,,,
2023,9,17,12,0,25.7,22.5,82.73,,,,,,,,,,,,,,,,,,,,,,,,,,,,,,,,,,,,
2023,9,17,13,0,26.8,22.9,79.05,,,,,,,,,,,,,,,,,,,,,,,,,,,,,,,,,,,,
2023,9,17,14,0,27.5,23.1,76.84,,,,,,,,,,,,,,,,,,,,,,,,,,,,,,,,,,,,
2023,9,17,15,0,28,23.2,75.2,,,,,,,,,,,,,,,,,,,,,,,,,,,,,,,,,,,,
2023,9,17,16,0,28.1,23.3,75,,,,,,,,,,,,,,,,,,,,,,,,,,,,,,,,,,,,
2023,9,17,17,0,28,23.4,76.15,,,,,,,,,,,,,,,,,,,,,,,,,,,,,,,,,,,,
2023,9,17,18,0,27.8,23.8,78.73,,,,,,,,,,,,,,,,,,,,,,,,,,,,,,,,,,,,
2023,9,17,19,0,27.4,24.3,83.17,,,,,,,,,,,,,,,,,,,,,,,,,,,,,,,,,,,,
2023,9,17,20,0,27.1,24.9,87.69,,,,,,,,,,,,,,,,,,,,,,,,,,,,,,,,,,,,
2023,9,17,21,0,26.6,25.1,91.72,,,,,,,,,,,,,,,,,,,,,,,,,,,,,,,,,,,,
2023,9,17,22,0,26,25.1,94.77,,,,,,,,,,,,,,,,,,,,,,,,,,,,,,,,,,,,
2023,9,17,23,0,25.5,24.9,96.72,,,,,,,,,,,,,,,,,,,,,,,,,,,,,,,,,,,,
2023,9,18,0,0,25.2,24.8,97.66,,,,,,,,,,,,,,,,,,,,,,,,,,,,,,,,,,,,
2023,9,18,1,0,24.9,24.6,98.49,,,,,,,,,,,,,,,,,,,,,,,,,,,,,,,,,,,,
2023,9,18,2,0,24.7,24.4,98.44,,,,,,,,,,,,,,,,,,,,,,,,,,,,,,,,,,,,
2023,9,18,3,0,24.6,24.3,98.49,,,,,,,,,,,,,,,,,,,,,,,,,,,,,,,,,,,,
2023,9,18,4,0,24.5,24.2,98.2,,,,,,,,,,,,,,,,,,,,,,,,,,,,,,,,,,,,
2023,9,18,5,0,24.2,23.8,97.45,,,,,,,,,,,,,,,,,,,,,,,,,,,,,,,,,,,,
2023,9,18,6,0,23.6,23.1,97.24,,,,,,,,,,,,,,,,,,,,,,,,,,,,,,,,,,,,
2023,9,18,7,0,22.9,22.5,97.46,,,,,,,,,,,,,,,,,,,,,,,,,,,,,,,,,,,,
2023,9,18,8,0,22.4,21.9,96.82,,,,,,,,,,,,,,,,,,,,,,,,,,,,,,,,,,,,
2023,9,18,9,0,22,21.4,96.45,,,,,,,,,,,,,,,,,,,,,,,,,,,,,,,,,,,,
2023,9,18,10,0,21.6,21.1,96.77,,,,,,,,,,,,,,,,,,,,,,,,,,,,,,,,,,,,
2023,9,18,11,0,21.5,21,96.73,,,,,,,,,,,,,,,,,,,,,,,,,,,,,,,,,,,,
2023,9,18,12,0,22.1,21.3,95.02,,,,,,,,,,,,,,,,,,,,,,,,,,,,,,,,,,,,
2023,9,18,13,0,22.9,21,89.13,,,,,,,,,,,,,,,,,,,,,,,,,,,,,,,,,,,,
2023,9,18,14,0,24.2,19.8,76.42,,,,,,,,,,,,,,,,,,,,,,,,,,,,,,,,,,,,
2023,9,18,15,0,25.3,18.8,67.22,,,,,,,,,,,,,,,,,,,,,,,,,,,,,,,,,,,,
2023,9,18,16,0,26.1,18.1,61.39,,,,,,,,,,,,,,,,,,,,,,,,,,,,,,,,,,,,
2023,9,18,17,0,26.7,17.6,57.5,,,,,,,,,,,,,,,,,,,,,,,,,,,,,,,,,,,,
2023,9,18,18,0,27.1,17.4,55.24,,,,,,,,,,,,,,,,,,,,,,,,,,,,,,,,,,,,
2023,9,18,19,0,27.2,17.2,54.46,,,,,,,,,,,,,,,,,,,,,,,,,,,,,,,,,,,,
2023,9,18,20,0,27,17.3,55.22,,,,,,,,,,,,,,,,,,,,,,,,,,,,,,,,,,,,
2023,9,18,21,0,26.6,17.6,57.7,,,,,,,,,,,,,,,,,,,,,,,,,,,,,,,,,,,,
2023,9,18,22,0,25.6,18.8,66.17,,,,,,,,,,,,,,,,,,,,,,,,,,,,,,,,,,,,
2023,9,18,23,0,23.9,19.3,75.42,,,,,,,,,,,,,,,,,,,,,,,,,,,,,,,,,,,,
2023,9,19,0,0,23.2,19.2,78,,,,,,,,,,,,,,,,,,,,,,,,,,,,,,,,,,,,
2023,9,19,1,0,22.9,19,78.61,,,,,,,,,,,,,,,,,,,,,,,,,,,,,,,,,,,,
2023,9,19,2,0,22.7,18.7,78.37,,,,,,,,,,,,,,,,,,,,,,,,,,,,,,,,,,,,
2023,9,19,3,0,22.4,18.5,78.45,,,,,,,,,,,,,,,,,,,,,,,,,,,,,,,,,,,,
2023,9,19,4,0,22.2,18.2,78.17,,,,,,,,,,,,,,,,,,,,,,,,,,,,,,,,,,,,
2023,9,19,5,0,21.9,18,78.59,,,,,,,,,,,,,,,,,,,,,,,,,,,,,,,,,,,,
2023,9,19,6,0,21.7,17.9,79.03,,,,,,,,,,,,,,,,,,,,,,,,,,,,,,,,,,,,
2023,9,19,7,0,21.3,17.9,80.94,,,,,,,,,,,,,,,,,,,,,,,,,,,,,,,,,,,,
2023,9,19,8,0,21,17.9,82.71,,,,,,,,,,,,,,,,,,,,,,,,,,,,,,,,,,,,
2023,9,19,9,0,20.7,18,84.74,,,,,,,,,,,,,,,,,,,,,,,,,,,,,,,,,,,,
2023,9,19,10,0,20.5,18.1,86.13,,,,,,,,,,,,,,,,,,,,,,,,,,,,,,,,,,,,
2023,9,19,11,0,20.8,18.3,85.74,,,,,,,,,,,,,,,,,,,,,,,,,,,,,,,,,,,,
2023,9,19,12,0,22.2,18.7,80.62,,,,,,,,,,,,,,,,,,,,,,,,,,,,,,,,,,,,
2023,9,19,13,0,23.7,18.8,74.06,,,,,,,,,,,,,,,,,,,,,,,,,,,,,,,,,,,,
2023,9,19,14,0,25.4,18.2,64.36,,,,,,,,,,,,,,,,,,,,,,,,,,,,,,,,,,,,
2023,9,19,15,0,26.6,17.2,56.43,,,,,,,,,,,,,,,,,,,,,,,,,,,,,,,,,,,,
2023,9,19,16,0,27.3,16.8,52.67,,,,,,,,,,,,,,,,,,,,,,,,,,,,,,,,,,,,
2023,9,19,17,0,27.8,16.6,50.59,,,,,,,,,,,,,,,,,,,,,,,,,,,,,,,,,,,,
2023,9,19,18,0,28,16.5,49.62,,,,,,,,,,,,,,,,,,,,,,,,,,,,,,,,,,,,
2023,9,19,19,0,28,16.5,49.55,,,,,,,,,,,,,,,,,,,,,,,,,,,,,,,,,,,,
2023,9,19,20,0,27.7,16.7,51.01,,,,,,,,,,,,,,,,,,,,,,,,,,,,,,,,,,,,
2023,9,19,21,0,27.4,17.4,54.42,,,,,,,,,,,,,,,,,,,,,,,,,,,,,,,,,,,,
2023,9,19,22,0,26.6,18,59.18,,,,,,,,,,,,,,,,,,,,,,,,,,,,,,,,,,,,
2023,9,19,23,0,24.4,18.7,70.76,,,,,,,,,,,,,,,,,,,,,,,,,,,,,,,,,,,,
2023,9,20,0,0,23.8,18.4,71.89,,,,,,,,,,,,,,,,,,,,,,,,,,,,,,,,,,,,
2023,9,20,1,0,23.5,18.3,72.53,,,,,,,,,,,,,,,,,,,,,,,,,,,,,,,,,,,,
2023,9,20,2,0,23.2,18.1,73.02,,,,,,,,,,,,,,,,,,,,,,,,,,,,,,,,,,,,
2023,9,20,3,0,23,17.9,72.79,,,,,,,,,,,,,,,,,,,,,,,,,,,,,,,,,,,,
2023,9,20,4,0,23,17.6,71.57,,,,,,,,,,,,,,,,,,,,,,,,,,,,,,,,,,,,
2023,9,20,5,0,23.1,17.4,70.32,,,,,,,,,,,,,,,,,,,,,,,,,,,,,,,,,,,,
2023,9,20,6,0,22.9,17.4,71.29,,,,,,,,,,,,,,,,,,,,,,,,,,,,,,,,,,,,
2023,9,20,7,0,22.5,17.6,73.79,,,,,,,,,,,,,,,,,,,,,,,,,,,,,,,,,,,,
2023,9,20,8,0,22,17.8,77.27,,,,,,,,,,,,,,,,,,,,,,,,,,,,,,,,,,,,
2023,9,20,9,0,21.7,18.2,80.38,,,,,,,,,,,,,,,,,,,,,,,,,,,,,,,,,,,,
2023,9,20,10,0,21.6,18.4,81.77,,,,,,,,,,,,,,,,,,,,,,,,,,,,,,,,,,,,
2023,9,20,11,0,21.9,18.6,81.54,,,,,,,,,,,,,,,,,,,,,,,,,,,,,,,,,,,,
2023,9,20,12,0,23.5,19,75.99,,,,,,,,,,,,,,,,,,,,,,,,,,,,,,,,,,,,
2023,9,20,13,0,24.9,19.2,70.62,,,,,,,,,,,,,,,,,,,,,,,,,,,,,,,,,,,,
2023,9,20,14,0,26.2,18.5,62.5,,,,,,,,,,,,,,,,,,,,,,,,,,,,,,,,,,,,
2023,9,20,15,0,27.1,18.2,58.22,,,,,,,,,,,,,,,,,,,,,,,,,,,,,,,,,,,,
2023,9,20,16,0,27.7,18.4,57.09,,,,,,,,,,,,,,,,,,,,,,,,,,,,,,,,,,,,
2023,9,20,17,0,28.2,18.8,56.82,,,,,,,,,,,,,,,,,,,,,,,,,,,,,,,,,,,,
2023,9,20,18,0,28.4,19.2,57.51,,,,,,,,,,,,,,,,,,,,,,,,,,,,,,,,,,,,
2023,9,20,19,0,28.3,19.5,59.05,,,,,,,,,,,,,,,,,,,,,,,,,,,,,,,,,,,,
2023,9,20,20,0,27.9,19.9,61.72,,,,,,,,,,,,,,,,,,,,,,,,,,,,,,,,,,,,
2023,9,20,21,0,27.1,20.2,66.18,,,,,,,,,,,,,,,,,,,,,,,,,,,,,,,,,,,,
2023,9,20,22,0,26.2,20.9,72.43,,,,,,,,,,,,,,,,,,,,,,,,,,,,,,,,,,,,
2023,9,20,23,0,24.8,21.2,80.37,,,,,,,,,,,,,,,,,,,,,,,,,,,,,,,,,,,,
2023,9,21,0,0,24.3,21.1,82.43,,,,,,,,,,,,,,,,,,,,,,,,,,,,,,,,,,,,
2023,9,21,1,0,24.3,21.2,82.72,,,,,,,,,,,,,,,,,,,,,,,,,,,,,,,,,,,,
2023,9,21,2,0,24.1,21.3,84.27,,,,,,,,,,,,,,,,,,,,,,,,,,,,,,,,,,,,
2023,9,21,3,0,23.9,21.4,85.85,,,,,,,,,,,,,,,,,,,,,,,,,,,,,,,,,,,,
2023,9,21,4,0,23.8,21.5,86.92,,,,,,,,,,,,,,,,,,,,,,,,,,,,,,,,,,,,
2023,9,21,5,0,24,21.6,86.47,,,,,,,,,,,,,,,,,,,,,,,,,,,,,,,,,,,,
2023,9,21,6,0,24.1,21.7,86.49,,,,,,,,,,,,,,,,,,,,,,,,,,,,,,,,,,,,
2023,9,21,7,0,24,21.8,87.7,,,,,,,,,,,,,,,,,,,,,,,,,,,,,,,,,,,,
2023,9,21,8,0,23.9,22,88.99,,,,,,,,,,,,,,,,,,,,,,,,,,,,,,,,,,,,
2023,9,21,9,0,23.7,22.2,91.2,,,,,,,,,,,,,,,,,,,,,,,,,,,,,,,,,,,,
2023,9,21,10,0,23.6,22.3,92.32,,,,,,,,,,,,,,,,,,,,,,,,,,,,,,,,,,,,
2023,9,21,11,0,23.5,22.3,92.92,,,,,,,,,,,,,,,,,,,,,,,,,,,,,,,,,,,,
2023,9,21,12,0,23.9,22.5,91.86,,,,,,,,,,,,,,,,,,,,,,,,,,,,,,,,,,,,
2023,9,21,13,0,24.6,22.8,89.52,,,,,,,,,,,,,,,,,,,,,,,,,,,,,,,,,,,,
2023,9,21,14,0,25.5,22.8,85.01,,,,,,,,,,,,,,,,,,,,,,,,,,,,,,,,,,,,
2023,9,21,15,0,26.1,22.7,81.59,,,,,,,,,,,,,,,,,,,,,,,,,,,,,,,,,,,,
2023,9,21,16,0,26.5,22.5,78.67,,,,,,,,,,,,,,,,,,,,,,,,,,,,,,,,,,,,
2023,9,21,17,0,26.4,22.3,78.07,,,,,,,,,,,,,,,,,,,,,,,,,,,,,,,,,,,,
2023,9,21,18,0,26.2,22.2,78.71,,,,,,,,,,,,,,,,,,,,,,,,,,,,,,,,,,,,
2023,9,21,19,0,25.7,22.4,81.97,,,,,,,,,,,,,,,,,,,,,,,,,,,,,,,,,,,,
2023,9,21,20,0,25.3,22.6,85.27,,,,,,,,,,,,,,,,,,,,,,,,,,,,,,,,,,,,
2023,9,21,21,0,24.9,22.7,87.74,,,,,,,,,,,,,,,,,,,,,,,,,,,,,,,,,,,,
2023,9,21,22,0,24.4,22.5,89.44,,,,,,,,,,,,,,,,,,,,,,,,,,,,,,,,,,,,
2023,9,21,23,0,24,22.3,90.3,,,,,,,,,,,,,,,,,,,,,,,,,,,,,,,,,,,,
2023,9,22,0,0,23.8,22.1,90.37,,,,,,,,,,,,,,,,,,,,,,,,,,,,,,,,,,,,
2023,9,22,1,0,23.6,22,90.49,,,,,,,,,,,,,,,,,,,,,,,,,,,,,,,,,,,,
2023,9,22,2,0,23.4,21.7,90.46,,,,,,,,,,,,,,,,,,,,,,,,,,,,,,,,,,,,
2023,9,22,3,0,23.1,21.5,90.93,,,,,,,,,,,,,,,,,,,,,,,,,,,,,,,,,,,,
2023,9,22,4,0,22.9,21.3,90.97,,,,,,,,,,,,,,,,,,,,,,,,,,,,,,,,,,,,
2023,9,22,5,0,22.7,21.2,91.15,,,,,,,,,,,,,,,,,,,,,,,,,,,,,,,,,,,,
2023,9,22,6,0,22.5,20.9,90.86,,,,,,,,,,,,,,,,,,,,,,,,,,,,,,,,,,,,
2023,9,22,7,0,22.2,20.5,90.27,,,,,,,,,,,,,,,,,,,,,,,,,,,,,,,,,,,,
2023,9,22,8,0,21.8,20.1,90.17,,,,,,,,,,,,,,,,,,,,,,,,,,,,,,,,,,,,
2023,9,22,9,0,21.5,19.8,90.15,,,,,,,,,,,,,,,,,,,,,,,,,,,,,,,,,,,,
2023,9,22,10,0,21.1,19.7,91.44,,,,,,,,,,,,,,,,,,,,,,,,,,,,,,,,,,,,
2023,9,22,11,0,20.9,19.6,92.25,,,,,,,,,,,,,,,,,,,,,,,,,,,,,,,,,,,,
2023,9,22,12,0,21.2,19.7,91.08,,,,,,,,,,,,,,,,,,,,,,,,,,,,,,,,,,,,
2023,9,22,13,0,21.9,19.9,88.43,,,,,,,,,,,,,,,,,,,,,,,,,,,,,,,,,,,,
2023,9,22,14,0,22.7,20.1,85.13,,,,,,,,,,,,,,,,,,,,,,,,,,,,,,,,,,,,
2023,9,22,15,0,23.3,19.8,80.67,,,,,,,,,,,,,,,,,,,,,,,,,,,,,,,,,,,,
2023,9,22,16,0,23.6,19.2,76.34,,,,,,,,,,,,,,,,,,,,,,,,,,,,,,,,,,,,
2023,9,22,17,0,23.8,18.7,73.22,,,,,,,,,,,,,,,,,,,,,,,,,,,,,,,,,,,,
2023,9,22,18,0,23.8,18.5,72.15,,,,,,,,,,,,,,,,,,,,,,,,,,,,,,,,,,,,
2023,9,22,19,0,23.8,18.4,71.94,,,,,,,,,,,,,,,,,,,,,,,,,,,,,,,,,,,,
2023,9,22,20,0,23.6,18.4,72.54,,,,,,,,,,,,,,,,,,,,,,,,,,,,,,,,,,,,
2023,9,22,21,0,23.2,18.3,74.15,,,,,,,,,,,,,,,,,,,,,,,,,,,,,,,,,,,,
2023,9,22,22,0,22.7,18.4,76.57,,,,,,,,,,,,,,,,,,,,,,,,,,,,,,,,,,,,
2023,9,22,23,0,22.2,18.4,79.04,,,,,,,,,,,,,,,,,,,,,,,,,,,,,,,,,,,,
2023,9,23,0,0,21.8,18.3,80.38,,,,,,,,,,,,,,,,,,,,,,,,,,,,,,,,,,,,
2023,9,23,1,0,21.5,18.1,80.78,,,,,,,,,,,,,,,,,,,,,,,,,,,,,,,,,,,,
2023,9,23,2,0,21.1,17.9,81.95,,,,,,,,,,,,,,,,,,,,,,,,,,,,,,,,,,,,
2023,9,23,3,0,20.7,17.8,83.46,,,,,,,,,,,,,,,,,,,,,,,,,,,,,,,,,,,,
2023,9,23,4,0,20.4,17.7,84.53,,,,,,,,,,,,,,,,,,,,,,,,,,,,,,,,,,,,
2023,9,23,5,0,20.1,17.6,85.65,,,,,,,,,,,,,,,,,,,,,,,,,,,,,,,,,,,,
2023,9,23,6,0,19.9,17.5,85.99,,,,,,,,,,,,,,,,,,,,,,,,,,,,,,,,,,,,
2023,9,23,7,0,19.6,17.4,86.86,,,,,,,,,,,,,,,,,,,,,,,,,,,,,,,,,,,,
2023,9,23,8,0,19.4,17.3,87.48,,,,,,,,,,,,,,,,,,,,,,,,,,,,,,,,,,,,
2023,9,23,9,0,19.2,17.2,88.2,,,,,,,,,,,,,,,,,,,,,,,,,,,,,,,,,,,,
2023,9,23,10,0,19.1,17.1,88.33,,,,,,,,,,,,,,,,,,,,,,,,,,,,,,,,,,,,
2023,9,23,11,0,18.9,17.1,89.3,,,,,,,,,,,,,,,,,,,,,,,,,,,,,,,,,,,,
2023,9,23,12,0,19,17.1,88.8,,,,,,,,,,,,,,,,,,,,,,,,,,,,,,,,,,,,
2023,9,23,13,0,19.2,17.1,87.67,,,,,,,,,,,,,,,,,,,,,,,,,,,,,,,,,,,,
2023,9,23,14,0,19.5,17.1,86.06,,,,,,,,,,,,,,,,,,,,,,,,,,,,,,,,,,,,
2023,9,23,15,0,19.9,17.2,84.52,,,,,,,,,,,,,,,,,,,,,,,,,,,,,,,,,,,,
2023,9,23,16,0,20.5,17.3,82.03,,,,,,,,,,,,,,,,,,,,,,,,,,,,,,,,,,,,
2023,9,23,17,0,21.1,17.4,79.51,,,,,,,,,,,,,,,,,,,,,,,,,,,,,,,,,,,,
2023,9,23,18,0,21.9,17.5,75.99,,,,,,,,,,,,,,,,,,,,,,,,,,,,,,,,,,,,
2023,9,23,19,0,22.6,17.6,73.62,,,,,,,,,,,,,,,,,,,,,,,,,,,,,,,,,,,,
2023,9,23,20,0,23.1,18.1,73.44,,,,,,,,,,,,,,,,,,,,,,,,,,,,,,,,,,,,
2023,9,23,21,0,23.4,18.7,74.86,,,,,,,,,,,,,,,,,,,,,,,,,,,,,,,,,,,,
2023,9,23,22,0,23.4,19,76.38,,,,,,,,,,,,,,,,,,,,,,,,,,,,,,,,,,,,
2023,9,23,23,0,23.3,18.2,73.12,,,,,,,,,,,,,,,,,,,,,,,,,,,,,,,,,,,,
2023,9,24,0,0,23.1,18.3,74.47,,,,,,,,,,,,,,,,,,,,,,,,,,,,,,,,,,,,
2023,9,24,1,0,22.8,18.5,76.89,,,,,,,,,,,,,,,,,,,,,,,,,,,,,,,,,,,,
2023,9,24,2,0,22.5,18.7,79.12,,,,,,,,,,,,,,,,,,,,,,,,,,,,,,,,,,,,
2023,9,24,3,0,22.4,18.9,80.77,,,,,,,,,,,,,,,,,,,,,,,,,,,,,,,,,,,,
2023,9,24,4,0,22.3,19.2,82.53,,,,,,,,,,,,,,,,,,,,,,,,,,,,,,,,,,,,
2023,9,24,5,0,22.2,19.5,84.6,,,,,,,,,,,,,,,,,,,,,,,,,,,,,,,,,,,,
2023,9,24,6,0,22.1,19.7,86.49,,,,,,,,,,,,,,,,,,,,,,,,,,,,,,,,,,,,
2023,9,24,7,0,22,19.9,87.83,,,,,,,,,,,,,,,,,,,,,,,,,,,,,,,,,,,,
2023,9,24,8,0,21.8,20,89.25,,,,,,,,,,,,,,,,,,,,,,,,,,,,,,,,,,,,
2023,9,24,9,0,21.6,20,90.76,,,,,,,,,,,,,,,,,,,,,,,,,,,,,,,,,,,,
2023,9,24,10,0,21.6,20.1,91.24,,,,,,,,,,,,,,,,,,,,,,,,,,,,,,,,,,,,
2023,9,24,11,0,21.7,20.3,91.76,,,,,,,,,,,,,,,,,,,,,,,,,,,,,,,,,,,,
2023,9,24,12,0,23.5,21.3,87.69,,,,,,,,,,,,,,,,,,,,,,,,,,,,,,,,,,,,
2023,9,24,13,0,24.8,21.6,82.44,,,,,,,,,,,,,,,,,,,,,,,,,,,,,,,,,,,,
2023,9,24,14,0,26.3,21.5,74.73,,,,,,,,,,,,,,,,,,,,,,,,,,,,,,,,,,,,
2023,9,24,15,0,27.4,21,68.03,,,,,,,,,,,,,,,,,,,,,,,,,,,,,,,,,,,,
2023,9,24,16,0,28.1,20.5,63.42,,,,,,,,,,,,,,,,,,,,,,,,,,,,,,,,,,,,
2023,9,24,17,0,28.5,20.2,60.7,,,,,,,,,,,,,,,,,,,,,,,,,,,,,,,,,,,,
2023,9,24,18,0,28.7,19.9,59.12,,,,,,,,,,,,,,,,,,,,,,,,,,,,,,,,,,,,
2023,9,24,19,0,28.6,19.8,59.11,,,,,,,,,,,,,,,,,,,,,,,,,,,,,,,,,,,,
2023,9,24,20,0,28.4,19.9,60.13,,,,,,,,,,,,,,,,,,,,,,,,,,,,,,,,,,,,
2023,9,24,21,0,27.9,20.5,64.14,,,,,,,,,,,,,,,,,,,,,,,,,,,,,,,,,,,,
2023,9,24,22,0,26.7,21.5,73.37,,,,,,,,,,,,,,,,,,,,,,,,,,,,,,,,,,,,
2023,9,24,23,0,24.9,21.5,81.51,,,,,,,,,,,,,,,,,,,,,,,,,,,,,,,,,,,,
2023,9,25,0,0,24.4,21.5,84.01,,,,,,,,,,,,,,,,,,,,,,,,,,,,,,,,,,,,
2023,9,25,1,0,24.1,21.8,86.9,,,,,,,,,,,,,,,,,,,,,,,,,,,,,,,,,,,,
2023,9,25,2,0,23.9,22.1,89.82,,,,,,,,,,,,,,,,,,,,,,,,,,,,,,,,,,,,
2023,9,25,3,0,23.7,22.4,92.68,,,,,,,,,,,,,,,,,,,,,,,,,,,,,,,,,,,,
2023,9,25,4,0,23.6,22.7,94.52,,,,,,,,,,,,,,,,,,,,,,,,,,,,,,,,,,,,
2023,9,25,5,0,23.5,22.8,95.98,,,,,,,,,,,,,,,,,,,,,,,,,,,,,,,,,,,,
2023,9,25,6,0,23.4,22.8,96.7,,,,,,,,,,,,,,,,,,,,,,,,,,,,,,,,,,,,
2023,9,25,7,0,23.2,22.9,97.93,,,,,,,,,,,,,,,,,,,,,,,,,,,,,,,,,,,,
2023,9,25,8,0,23,22.8,98.97,,,,,,,,,,,,,,,,,,,,,,,,,,,,,,,,,,,,
2023,9,25,9,0,22.8,22.7,99.28,,,,,,,,,,,,,,,,,,,,,,,,,,,,,,,,,,,,
2023,9,25,10,0,22.5,22.5,99.76,,,,,,,,,,,,,,,,,,,,,,,,,,,,,,,,,,,,
2023,9,25,11,0,22.4,22.2,98.98,,,,,,,,,,,,,,,,,,,,,,,,,,,,,,,,,,,,
2023,9,25,12,0,23.4,22.2,93.17,,,,,,,,,,,,,,,,,,,,,,,,,,,,,,,,,,,,
2023,9,25,13,0,24.5,22.2,87.22,,,,,,,,,,,,,,,,,,,,,,,,,,,,,,,,,,,,
2023,9,25,14,0,26,21.9,78.14,,,,,,,,,,,,,,,,,,,,,,,,,,,,,,,,,,,,
2023,9,25,15,0,27.5,20.7,66.66,,,,,,,,,,,,,,,,,,,,,,,,,,,,,,,,,,,,
2023,9,25,16,0,28.6,19.6,58.36,,,,,,,,,,,,,,,,,,,,,,,,,,,,,,,,,,,,
2023,9,25,17,0,29.1,19,54.57,,,,,,,,,,,,,,,,,,,,,,,,,,,,,,,,,,,,
2023,9,25,18,0,29.4,18.8,53.04,,,,,,,,,,,,,,,,,,,,,,,,,,,,,,,,,,,,
2023,9,25,19,0,29.4,18.9,53.39,,,,,,,,,,,,,,,,,,,,,,,,,,,,,,,,,,,,
2023,9,25,20,0,29.2,19.3,55.18,,,,,,,,,,,,,,,,,,,,,,,,,,,,,,,,,,,,
2023,9,25,21,0,28.8,20.3,59.95,,,,,,,,,,,,,,,,,,,,,,,,,,,,,,,,,,,,
2023,9,25,22,0,27.4,21.7,71.13,,,,,,,,,,,,,,,,,,,,,,,,,,,,,,,,,,,,
2023,9,25,23,0,25.5,21.9,80.58,,,,,,,,,,,,,,,,,,,,,,,,,,,,,,,,,,,,
2023,9,26,0,0,24.6,22.1,85.86,,,,,,,,,,,,,,,,,,,,,,,,,,,,,,,,,,,,
2023,9,26,1,0,24.3,22.6,90.06,,,,,,,,,,,,,,,,,,,,,,,,,,,,,,,,,,,,
2023,9,26,2,0,24.2,23.1,93.71,,,,,,,,,,,,,,,,,,,,,,,,,,,,,,,,,,,,
2023,9,26,3,0,24,23.5,96.83,,,,,,,,,,,,,,,,,,,,,,,,,,,,,,,,,,,,
2023,9,26,4,0,23.8,23.6,98.59,,,,,,,,,,,,,,,,,,,,,,,,,,,,,,,,,,,,
2023,9,26,5,0,23.6,23.6,99.71,,,,,,,,,,,,,,,,,,,,,,,,,,,,,,,,,,,,
2023,9,26,6,0,23.5,23.5,99.92,,,,,,,,,,,,,,,,,,,,,,,,,,,,,,,,,,,,
2023,9,26,7,0,23.4,23.4,100,,,,,,,,,,,,,,,,,,,,,,,,,,,,,,,,,,,,
2023,9,26,8,0,23.6,23.4,98.63,,,,,,,,,,,,,,,,,,,,,,,,,,,,,,,,,,,,
2023,9,26,9,0,23.9,23.4,97.16,,,,,,,,,,,,,,,,,,,,,,,,,,,,,,,,,,,,
2023,9,26,10,0,24.1,23.4,96.02,,,,,,,,,,,,,,,,,,,,,,,,,,,,,,,,,,,,
2023,9,26,11,0,23.8,23.2,96.61,,,,,,,,,,,,,,,,,,,,,,,,,,,,,,,,,,,,
2023,9,26,12,0,24.4,23.6,95.16,,,,,,,,,,,,,,,,,,,,,,,,,,,,,,,,,,,,
2023,9,26,13,0,25.3,23.5,90.01,,,,,,,,,,,,,,,,,,,,,,,,,,,,,,,,,,,,
2023,9,26,14,0,26.4,22.7,80.32,,,,,,,,,,,,,,,,,,,,,,,,,,,,,,,,,,,,
2023,9,26,15,0,27.2,21.8,72.48,,,,,,,,,,,,,,,,,,,,,,,,,,,,,,,,,,,,
2023,9,26,16,0,27.5,21.7,70.47,,,,,,,,,,,,,,,,,,,,,,,,,,,,,,,,,,,,
2023,9,26,17,0,27.4,21.7,71.05,,,,,,,,,,,,,,,,,,,,,,,,,,,,,,,,,,,,
2023,9,26,18,0,27.3,21.8,72.07,,,,,,,,,,,,,,,,,,,,,,,,,,,,,,,,,,,,
2023,9,26,19,0,27.5,22.1,72.38,,,,,,,,,,,,,,,,,,,,,,,,,,,,,,,,,,,,
2023,9,26,20,0,27.1,22.1,74.22,,,,,,,,,,,,,,,,,,,,,,,,,,,,,,,,,,,,
2023,9,26,21,0,26.3,22.3,78.65,,,,,,,,,,,,,,,,,,,,,,,,,,,,,,,,,,,,
2023,9,26,22,0,25.1,22.5,85.58,,,,,,,,,,,,,,,,,,,,,,,,,,,,,,,,,,,,
2023,9,26,23,0,24.1,22.4,90.31,,,,,,,,,,,,,,,,,,,,,,,,,,,,,,,,,,,,
2023,9,27,0,0,23.8,22.3,91.53,,,,,,,,,,,,,,,,,,,,,,,,,,,,,,,,,,,,
2023,9,27,1,0,23.6,22.2,92,,,,,,,,,,,,,,,,,,,,,,,,,,,,,,,,,,,,
2023,9,27,2,0,23.4,22.1,92.43,,,,,,,,,,,,,,,,,,,,,,,,,,,,,,,,,,,,
2023,9,27,3,0,23.3,22.2,93.65,,,,,,,,,,,,,,,,,,,,,,,,,,,,,,,,,,,,
2023,9,27,4,0,23.4,22.6,94.99,,,,,,,,,,,,,,,,,,,,,,,,,,,,,,,,,,,,
2023,9,27,5,0,23.4,22.8,96.28,,,,,,,,,,,,,,,,,,,,,,,,,,,,,,,,,,,,
2023,9,27,6,0,23.3,22.8,97.22,,,,,,,,,,,,,,,,,,,,,,,,,,,,,,,,,,,,
2023,9,27,7,0,23.1,22.6,97.2,,,,,,,,,,,,,,,,,,,,,,,,,,,,,,,,,,,,
2023,9,27,8,0,22.7,22.3,97.42,,,,,,,,,,,,,,,,,,,,,,,,,,,,,,,,,,,,
2023,9,27,9,0,22.3,21.9,97.46,,,,,,,,,,,,,,,,,,,,,,,,,,,,,,,,,,,,
2023,9,27,10,0,21.9,21.5,97.47,,,,,,,,,,,,,,,,,,,,,,,,,,,,,,,,,,,,
2023,9,27,11,0,21.6,21.1,96.73,,,,,,,,,,,,,,,,,,,,,,,,,,,,,,,,,,,,
2023,9,27,12,0,21.5,20.8,95.85,,,,,,,,,,,,,,,,,,,,,,,,,,,,,,,,,,,,
2023,9,27,13,0,21.5,20.6,94.66,,,,,,,,,,,,,,,,,,,,,,,,,,,,,,,,,,,,
2023,9,27,14,0,21.7,20.4,92.39,,,,,,,,,,,,,,,,,,,,,,,,,,,,,,,,,,,,
2023,9,27,15,0,21.9,20.3,90.67,,,,,,,,,,,,,,,,,,,,,,,,,,,,,,,,,,,,
2023,9,27,16,0,22.3,20.3,88.51,,,,,,,,,,,,,,,,,,,,,,,,,,,,,,,,,,,,
2023,9,27,17,0,22.7,20.2,85.76,,,,,,,,,,,,,,,,,,,,,,,,,,,,,,,,,,,,
2023,9,27,18,0,22.9,20,83.9,,,,,,,,,,,,,,,,,,,,,,,,,,,,,,,,,,,,
2023,9,27,19,0,23,19.9,82.75,,,,,,,,,,,,,,,,,,,,,,,,,,,,,,,,,,,,
2023,9,27,20,0,23,19.9,82.63,,,,,,,,,,,,,,,,,,,,,,,,,,,,,,,,,,,,
2023,9,27,21,0,23,19.8,82.45,,,,,,,,,,,,,,,,,,,,,,,,,,,,,,,,,,,,
2023,9,27,22,0,22.8,19.9,83.86,,,,,,,,,,,,,,,,,,,,,,,,,,,,,,,,,,,,
2023,9,27,23,0,21.9,20,89.17,,,,,,,,,,,,,,,,,,,,,,,,,,,,,,,,,,,,
2023,9,28,0,0,21.6,20,90.51,,,,,,,,,,,,,,,,,,,,,,,,,,,,,,,,,,,,
2023,9,28,1,0,21.3,19.9,91.54,,,,,,,,,,,,,,,,,,,,,,,,,,,,,,,,,,,,
2023,9,28,2,0,21,19.7,92.49,,,,,,,,,,,,,,,,,,,,,,,,,,,,,,,,,,,,
2023,9,28,3,0,20.7,19.6,93.61,,,,,,,,,,,,,,,,,,,,,,,,,,,,,,,,,,,,
2023,9,28,4,0,20.4,19.5,94.73,,,,,,,,,,,,,,,,,,,,,,,,,,,,,,,,,,,,
2023,9,28,5,0,20.2,19.4,95.32,,,,,,,,,,,,,,,,,,,,,,,,,,,,,,,,,,,,
2023,9,28,6,0,20,19.3,95.88,,,,,,,,,,,,,,,,,,,,,,,,,,,,,,,,,,,,
2023,9,28,7,0,19.9,19.2,95.64,,,,,,,,,,,,,,,,,,,,,,,,,,,,,,,,,,,,
2023,9,28,8,0,19.7,19,95.83,,,,,,,,,,,,,,,,,,,,,,,,,,,,,,,,,,,,
2023,9,28,9,0,19.5,18.8,95.73,,,,,,,,,,,,,,,,,,,,,,,,,,,,,,,,,,,,
2023,9,28,10,0,19.2,18.5,95.76,,,,,,,,,,,,,,,,,,,,,,,,,,,,,,,,,,,,
2023,9,28,11,0,19,18.2,95.41,,,,,,,,,,,,,,,,,,,,,,,,,,,,,,,,,,,,
2023,9,28,12,0,19.4,18.1,92.41,,,,,,,,,,,,,,,,,,,,,,,,,,,,,,,,,,,,
2023,9,28,13,0,20.4,18.3,87.6,,,,,,,,,,,,,,,,,,,,,,,,,,,,,,,,,,,,
2023,9,28,14,0,21.6,18.7,83.5,,,,,,,,,,,,,,,,,,,,,,,,,,,,,,,,,,,,
2023,9,28,15,0,22.8,19.2,80.28,,,,,,,,,,,,,,,,,,,,,,,,,,,,,,,,,,,,
2023,9,28,16,0,23.7,19.7,78.26,,,,,,,,,,,,,,,,,,,,,,,,,,,,,,,,,,,,
2023,9,28,17,0,24.3,20,77.13,,,,,,,,,,,,,,,,,,,,,,,,,,,,,,,,,,,,
2023,9,28,18,0,24.7,20.3,76.61,,,,,,,,,,,,,,,,,,,,,,,,,,,,,,,,,,,,
2023,9,28,19,0,24.9,20.5,76.78,,,,,,,,,,,,,,,,,,,,,,,,,,,,,,,,,,,,
2023,9,28,20,0,24.8,20.7,77.94,,,,,,,,,,,,,,,,,,,,,,,,,,,,,,,,,,,,
2023,9,28,21,0,24.5,20.8,80.12,,,,,,,,,,,,,,,,,,,,,,,,,,,,,,,,,,,,
2023,9,28,22,0,24.1,21.2,83.86,,,,,,,,,,,,,,,,,,,,,,,,,,,,,,,,,,,,
2023,9,28,23,0,23,21.4,90.85,,,,,,,,,,,,,,,,,,,,,,,,,,,,,,,,,,,,
2023,9,29,0,0,22.6,21.4,92.79,,,,,,,,,,,,,,,,,,,,,,,,,,,,,,,,,,,,
2023,9,29,1,0,22.4,21.4,93.89,,,,,,,,,,,,,,,,,,,,,,,,,,,,,,,,,,,,
2023,9,29,2,0,22.2,21.4,94.99,,,,,,,,,,,,,,,,,,,,,,,,,,,,,,,,,,,,
2023,9,29,3,0,22,21.3,95.75,,,,,,,,,,,,,,,,,,,,,,,,,,,,,,,,,,,,
2023,9,29,4,0,21.9,21.2,95.78,,,,,,,,,,,,,,,,,,,,,,,,,,,,,,,,,,,,
2023,9,29,5,0,21.7,21.1,96.25,,,,,,,,,,,,,,,,,,,,,,,,,,,,,,,,,,,,
2023,9,29,6,0,21.5,20.9,96.55,,,,,,,,,,,,,,,,,,,,,,,,,,,,,,,,,,,,
2023,9,29,7,0,21.5,20.7,95.48,,,,,,,,,,,,,,,,,,,,,,,,,,,,,,,,,,,,
2023,9,29,8,0,21.3,20.5,95.48,,,,,,,,,,,,,,,,,,,,,,,,,,,,,,,,,,,,
2023,9,29,9,0,21.1,20.3,95.48,,,,,,,,,,,,,,,,,,,,,,,,,,,,,,,,,,,,
2023,9,29,10,0,20.7,20.1,96.66,,,,,,,,,,,,,,,,,,,,,,,,,,,,,,,,,,,,
2023,9,29,11,0,20.5,19.9,96.58,,,,,,,,,,,,,,,,,,,,,,,,,,,,,,,,,,,,
2023,9,29,12,0,20.9,19.8,93.33,,,,,,,,,,,,,,,,,,,,,,,,,,,,,,,,,,,,
2023,9,29,13,0,21.7,19.7,88.6,,,,,,,,,,,,,,,,,,,,,,,,,,,,,,,,,,,,
2023,9,29,14,0,22.8,19.9,83.7,,,,,,,,,,,,,,,,,,,,,,,,,,,,,,,,,,,,
2023,9,29,15,0,24,20.2,79.24,,,,,,,,,,,,,,,,,,,,,,,,,,,,,,,,,,,,
2023,9,29,16,0,25.2,20.5,75.28,,,,,,,,,,,,,,,,,,,,,,,,,,,,,,,,,,,,
2023,9,29,17,0,26.1,20.8,72.43,,,,,,,,,,,,,,,,,,,,,,,,,,,,,,,,,,,,
2023,9,29,18,0,26.6,20.9,71.1,,,,,,,,,,,,,,,,,,,,,,,,,,,,,,,,,,,,
2023,9,29,19,0,26.9,21,70.19,,,,,,,,,,,,,,,,,,,,,,,,,,,,,,,,,,,,
2023,9,29,20,0,26.8,21.1,70.83,,,,,,,,,,,,,,,,,,,,,,,,,,,,,,,,,,,,
2023,9,29,21,0,26.4,21.2,72.94,,,,,,,,,,,,,,,,,,,,,,,,,,,,,,,,,,,,
2023,9,29,22,0,25.4,22,81.37,,,,,,,,,,,,,,,,,,,,,,,,,,,,,,,,,,,,
2023,9,29,23,0,24,21.9,87.91,,,,,,,,,,,,,,,,,,,,,,,,,,,,,,,,,,,,
2023,9,30,0,0,23.5,21.7,89.48,,,,,,,,,,,,,,,,,,,,,,,,,,,,,,,,,,,,
2023,9,30,1,0,23,21.6,91.68,,,,,,,,,,,,,,,,,,,,,,,,,,,,,,,,,,,,
2023,9,30,2,0,22.6,21.5,93.45,,,,,,,,,,,,,,,,,,,,,,,,,,,,,,,,,,,,
2023,9,30,3,0,22.2,21.4,95.2,,,,,,,,,,,,,,,,,,,,,,,,,,,,,,,,,,,,
2023,9,30,4,0,21.8,21.3,96.93,,,,,,,,,,,,,,,,,,,,,,,,,,,,,,,,,,,,
2023,9,30,5,0,21.4,21.2,98.65,,,,,,,,,,,,,,,,,,,,,,,,,,,,,,,,,,,,
2023,9,30,6,0,21.2,21,99.01,,,,,,,,,,,,,,,,,,,,,,,,,,,,,,,,,,,,
2023,9,30,7,0,21,20.8,99.04,,,,,,,,,,,,,,,,,,,,,,,,,,,,,,,,,,,,
2023,9,30,8,0,20.9,20.5,97.85,,,,,,,,,,,,,,,,,,,,,,,,,,,,,,,,,,,,
2023,9,30,9,0,20.6,20.2,97.31,,,,,,,,,,,,,,,,,,,,,,,,,,,,,,,,,,,,
2023,9,30,10,0,20.3,19.8,97.03,,,,,,,,,,,,,,,,,,,,,,,,,,,,,,,,,,,,
2023,9,30,11,0,20.1,19.5,96.6,,,,,,,,,,,,,,,,,,,,,,,,,,,,,,,,,,,,
2023,9,30,12,0,20.7,19.5,92.92,,,,,,,,,,,,,,,,,,,,,,,,,,,,,,,,,,,,
2023,9,30,13,0,21.7,19.6,87.67,,,,,,,,,,,,,,,,,,,,,,,,,,,,,,,,,,,,
2023,9,30,14,0,22.7,19.6,82.76,,,,,,,,,,,,,,,,,,,,,,,,,,,,,,,,,,,,
2023,9,30,15,0,23.8,19.7,77.7,,,,,,,,,,,,,,,,,,,,,,,,,,,,,,,,,,,,
2023,9,30,16,0,24.8,19.6,72.78,,,,,,,,,,,,,,,,,,,,,,,,,,,,,,,,,,,,
2023,9,30,17,0,25.6,19.3,68.17,,,,,,,,,,,,,,,,,,,,,,,,,,,,,,,,,,,,
2023,9,30,18,0,25.8,18.9,65.89,,,,,,,,,,,,,,,,,,,,,,,,,,,,,,,,,,,,
2023,9,30,19,0,25.6,18.8,66,,,,,,,,,,,,,,,,,,,,,,,,,,,,,,,,,,,,
2023,9,30,20,0,25.3,18.9,67.56,,,,,,,,,,,,,,,,,,,,,,,,,,,,,,,,,,,,
2023,9,30,21,0,24.8,19.5,72.26,,,,,,,,,,,,,,,,,,,,,,,,,,,,,,,,,,,,
2023,9,30,22,0,24,20.4,80.39,,,,,,,,,,,,,,,,,,,,,,,,,,,,,,,,,,,,
2023,9,30,23,0,22.7,20.1,85.45,,,,,,,,,,,,,,,,,,,,,,,,,,,,,,,,,,,,
2023,10,1,0,0,22.1,20.1,88.55,,,,,,,,,,,,,,,,,,,,,,,,,,,,,,,,,,,,
2023,10,1,1,0,21.8,20.3,91.27,,,,,,,,,,,,,,,,,,,,,,,,,,,,,,,,,,,,
2023,10,1,2,0,21.7,20.5,92.91,,,,,,,,,,,,,,,,,,,,,,,,,,,,,,,,,,,,
2023,10,1,3,0,21.5,20.5,94.07,,,,,,,,,,,,,,,,,,,,,,,,,,,,,,,,,,,,
2023,10,1,4,0,21.3,20.3,94.03,,,,,,,,,,,,,,,,,,,,,,,,,,,,,,,,,,,,
2023,10,1,5,0,20.9,20,94.45,,,,,,,,,,,,,,,,,,,,,,,,,,,,,,,,,,,,
2023,10,1,6,0,20.5,19.6,94.68,,,,,,,,,,,,,,,,,,,,,,,,,,,,,,,,,,,,
2023,10,1,7,0,20.1,19.3,95.35,,,,,,,,,,,,,,,,,,,,,,,,,,,,,,,,,,,,
2023,10,1,8,0,19.8,19.2,96.19,,,,,,,,,,,,,,,,,,,,,,,,,,,,,,,,,,,,
2023,10,1,9,0,19.6,19.1,96.89,,,,,,,,,,,,,,,,,,,,,,,,,,,,,,,,,,,,
2023,10,1,10,0,19.4,19,97.75,,,,,,,,,,,,,,,,,,,,,,,,,,,,,,,,,,,,
2023,10,1,11,0,19.4,18.9,97.07,,,,,,,,,,,,,,,,,,,,,,,,,,,,,,,,,,,,
2023,10,1,12,0,20.4,18.9,91.36,,,,,,,,,,,,,,,,,,,,,,,,,,,,,,,,,,,,
2023,10,1,13,0,21.6,18.9,84.42,,,,,,,,,,,,,,,,,,,,,,,,,,,,,,,,,,,,
2023,10,1,14,0,22.8,18.6,77.23,,,,,,,,,,,,,,,,,,,,,,,,,,,,,,,,,,,,
2023,10,1,15,0,23.8,18.3,71.53,,,,,,,,,,,,,,,,,,,,,,,,,,,,,,,,,,,,
2023,10,1,16,0,24.7,18.1,66.66,,,,,,,,,,,,,,,,,,,,,,,,,,,,,,,,,,,,
2023,10,1,17,0,25.3,17.9,63.47,,,,,,,,,,,,,,,,,,,,,,,,,,,,,,,,,,,,
2023,10,1,18,0,25.7,17.7,61.34,,,,,,,,,,,,,,,,,,,,,,,,,,,,,,,,,,,,
2023,10,1,19,0,25.9,17.6,60.32,,,,,,,,,,,,,,,,,,,,,,,,,,,,,,,,,,,,
2023,10,1,20,0,25.7,17.6,61.05,,,,,,,,,,,,,,,,,,,,,,,,,,,,,,,,,,,,
2023,10,1,21,0,25.3,17.8,63.07,,,,,,,,,,,,,,,,,,,,,,,,,,,,,,,,,,,,
2023,10,1,22,0,24.1,18.8,72.23,,,,,,,,,,,,,,,,,,,,,,,,,,,,,,,,,,,,
2023,10,1,23,0,22.3,19,81.69,,,,,,,,,,,,,,,,,,,,,,,,,,,,,,,,,,,,
2023,10,2,0,0,21.9,19,83.79,,,,,,,,,,,,,,,,,,,,,,,,,,,,,,,,,,,,
2023,10,2,1,0,21.6,19,85.22,,,,,,,,,,,,,,,,,,,,,,,,,,,,,,,,,,,,
2023,10,2,2,0,21.3,19,86.56,,,,,,,,,,,,,,,,,,,,,,,,,,,,,,,,,,,,
2023,10,2,3,0,21.1,19,87.85,,,,,,,,,,,,,,,,,,,,,,,,,,,,,,,,,,,,
2023,10,2,4,0,21,19.1,89,,,,,,,,,,,,,,,,,,,,,,,,,,,,,,,,,,,,
2023,10,2,5,0,20.6,19.2,91.93,,,,,,,,,,,,,,,,,,,,,,,,,,,,,,,,,,,,
2023,10,2,6,0,20.3,19.3,94.18,,,,,,,,,,,,,,,,,,,,,,,,,,,,,,,,,,,,
2023,10,2,7,0,20,19.4,96.05,,,,,,,,,,,,,,,,,,,,,,,,,,,,,,,,,,,,
2023,10,2,8,0,19.8,19.3,96.75,,,,,,,,,,,,,,,,,,,,,,,,,,,,,,,,,,,,
2023,10,2,9,0,19.5,19.1,97.57,,,,,,,,,,,,,,,,,,,,,,,,,,,,,,,,,,,,
2023,10,2,10,0,19.2,18.9,98.01,,,,,,,,,,,,,,,,,,,,,,,,,,,,,,,,,,,,
2023,10,2,11,0,19.1,18.7,97.28,,,,,,,,,,,,,,,,,,,,,,,,,,,,,,,,,,,,
2023,10,2,12,0,20.3,18.7,90.32,,,,,,,,,,,,,,,,,,,,,,,,,,,,,,,,,,,,
2023,10,2,13,0,21.9,18.6,81.62,,,,,,,,,,,,,,,,,,,,,,,,,,,,,,,,,,,,
2023,10,2,14,0,23.6,18.2,71.93,,,,,,,,,,,,,,,,,,,,,,,,,,,,,,,,,,,,
2023,10,2,15,0,24.7,17.8,65.31,,,,,,,,,,,,,,,,,,,,,,,,,,,,,,,,,,,,
2023,10,2,16,0,25.6,17.3,60.11,,,,,,,,,,,,,,,,,,,,,,,,,,,,,,,,,,,,
2023,10,2,17,0,26.3,16.9,56.39,,,,,,,,,,,,,,,,,,,,,,,,,,,,,,,,,,,,
2023,10,2,18,0,26.7,16.7,54.17,,,,,,,,,,,,,,,,,,,,,,,,,,,,,,,,,,,,
2023,10,2,19,0,26.7,16.5,53.71,,,,,,,,,,,,,,,,,,,,,,,,,,,,,,,,,,,,
2023,10,2,20,0,26.6,16.5,54,,,,,,,,,,,,,,,,,,,,,,,,,,,,,,,,,,,,
2023,10,2,21,0,26.1,17,57.19,,,,,,,,,,,,,,,,,,,,,,,,,,,,,,,,,,,,
2023,10,2,22,0,24.7,18.4,68.06,,,,,,,,,,,,,,,,,,,,,,,,,,,,,,,,,,,,
2023,10,2,23,0,23,18.2,74.26,,,,,,,,,,,,,,,,,,,,,,,,,,,,,,,,,,,,
2023,10,3,0,0,22.3,18.3,77.9,,,,,,,,,,,,,,,,,,,,,,,,,,,,,,,,,,,,
2023,10,3,1,0,21.8,18.6,81.86,,,,,,,,,,,,,,,,,,,,,,,,,,,,,,,,,,,,
2023,10,3,2,0,21.5,19,85.48,,,,,,,,,,,,,,,,,,,,,,,,,,,,,,,,,,,,
2023,10,3,3,0,21.2,19.3,89.05,,,,,,,,,,,,,,,,,,,,,,,,,,,,,,,,,,,,
2023,10,3,4,0,21,19.6,91.52,,,,,,,,,,,,,,,,,,,,,,,,,,,,,,,,,,,,
2023,10,3,5,0,20.7,19.7,94,,,,,,,,,,,,,,,,,,,,,,,,,,,,,,,,,,,,
2023,10,3,6,0,20.4,19.8,96.21,,,,,,,,,,,,,,,,,,,,,,,,,,,,,,,,,,,,
2023,10,3,7,0,20.2,19.7,97.24,,,,,,,,,,,,,,,,,,,,,,,,,,,,,,,,,,,,
2023,10,3,8,0,19.9,19.6,98.43,,,,,,,,,,,,,,,,,,,,,,,,,,,,,,,,,,,,
2023,10,3,9,0,19.7,19.5,98.88,,,,,,,,,,,,,,,,,,,,,,,,,,,,,,,,,,,,
2023,10,3,10,0,19.4,19.4,99.81,,,,,,,,,,,,,,,,,,,,,,,,,,,,,,,,,,,,
2023,10,3,11,0,19.3,19.3,99.71,,,,,,,,,,,,,,,,,,,,,,,,,,,,,,,,,,,,
2023,10,3,12,0,20.6,19.3,92.48,,,,,,,,,,,,,,,,,,,,,,,,,,,,,,,,,,,,
2023,10,3,13,0,22.1,19.4,84.55,,,,,,,,,,,,,,,,,,,,,,,,,,,,,,,,,,,,
2023,10,3,14,0,23.8,19.4,76.19,,,,,,,,,,,,,,,,,,,,,,,,,,,,,,,,,,,,
2023,10,3,15,0,25.2,19.6,71.34,,,,,,,,,,,,,,,,,,,,,,,,,,,,,,,,,,,,
2023,10,3,16,0,26.3,19.9,68.04,,,,,,,,,,,,,,,,,,,,,,,,,,,,,,,,,,,,
2023,10,3,17,0,27,20.1,65.84,,,,,,,,,,,,,,,,,,,,,,,,,,,,,,,,,,,,
2023,10,3,18,0,27.3,20.1,64.7,,,,,,,,,,,,,,,,,,,,,,,,,,,,,,,,,,,,
2023,10,3,19,0,27.4,20,64.2,,,,,,,,,,,,,,,,,,,,,,,,,,,,,,,,,,,,
2023,10,3,20,0,27.1,19.9,64.91,,,,,,,,,,,,,,,,,,,,,,,,,,,,,,,,,,,,
2023,10,3,21,0,26.5,19.9,67.12,,,,,,,,,,,,,,,,,,,,,,,,,,,,,,,,,,,,
2023,10,3,22,0,25.2,20.6,75.67,,,,,,,,,,,,,,,,,,,,,,,,,,,,,,,,,,,,
2023,10,3,23,0,23.4,20.9,85.63,,,,,,,,,,,,,,,,,,,,,,,,,,,,,,,,,,,,
2023,10,4,0,0,23,21,88.6,,,,,,,,,,,,,,,,,,,,,,,,,,,,,,,,,,,,
2023,10,4,1,0,22.7,21.1,90.9,,,,,,,,,,,,,,,,,,,,,,,,,,,,,,,,,,,,
2023,10,4,2,0,22.5,21.2,92.32,,,,,,,,,,,,,,,,,,,,,,,,,,,,,,,,,,,,
2023,10,4,3,0,22.2,21.2,93.86,,,,,,,,,,,,,,,,,,,,,,,,,,,,,,,,,,,,
2023,10,4,4,0,22,21.1,94.37,,,,,,,,,,,,,,,,,,,,,,,,,,,,,,,,,,,,
2023,10,4,5,0,21.8,20.9,94.76,,,,,,,,,,,,,,,,,,,,,,,,,,,,,,,,,,,,
2023,10,4,6,0,21.6,20.8,95.26,,,,,,,,,,,,,,,,,,,,,,,,,,,,,,,,,,,,
2023,10,4,7,0,21.3,20.7,96.43,,,,,,,,,,,,,,,,,,,,,,,,,,,,,,,,,,,,
2023,10,4,8,0,21.2,20.6,96.53,,,,,,,,,,,,,,,,,,,,,,,,,,,,,,,,,,,,
2023,10,4,9,0,20.9,20.5,97.83,,,,,,,,,,,,,,,,,,,,,,,,,,,,,,,,,,,,
2023,10,4,10,0,20.6,20.4,98.93,,,,,,,,,,,,,,,,,,,,,,,,,,,,,,,,,,,,
2023,10,4,11,0,20.4,20.3,99.19,,,,,,,,,,,,,,,,,,,,,,,,,,,,,,,,,,,,
2023,10,4,12,0,21.6,20.1,91.46,,,,,,,,,,,,,,,,,,,,,,,,,,,,,,,,,,,,
2023,10,4,13,0,22.9,19.3,80.3,,,,,,,,,,,,,,,,,,,,,,,,,,,,,,,,,,,,
2023,10,4,14,0,24.2,18.4,70.07,,,,,,,,,,,,,,,,,,,,,,,,,,,,,,,,,,,,
2023,10,4,15,0,25.3,17.8,63.18,,,,,,,,,,,,,,,,,,,,,,,,,,,,,,,,,,,,
2023,10,4,16,0,26.2,17.5,58.61,,,,,,,,,,,,,,,,,,,,,,,,,,,,,,,,,,,,
2023,10,4,17,0,26.8,17.3,56.08,,,,,,,,,,,,,,,,,,,,,,,,,,,,,,,,,,,,
2023,10,4,18,0,27.1,17.3,55.06,,,,,,,,,,,,,,,,,,,,,,,,,,,,,,,,,,,,
2023,10,4,19,0,27.1,17.4,55.34,,,,,,,,,,,,,,,,,,,,,,,,,,,,,,,,,,,,
2023,10,4,20,0,26.7,17.6,57.32,,,,,,,,,,,,,,,,,,,,,,,,,,,,,,,,,,,,
2023,10,4,21,0,26.1,17.9,60.78,,,,,,,,,,,,,,,,,,,,,,,,,,,,,,,,,,,,
2023,10,4,22,0,24.6,19.3,72.21,,,,,,,,,,,,,,,,,,,,,,,,,,,,,,,,,,,,
2023,10,4,23,0,22.6,19.9,84.66,,,,,,,,,,,,,,,,,,,,,,,,,,,,,,,,,,,,
2023,10,5,0,0,22.2,20.3,88.78,,,,,,,,,,,,,,,,,,,,,,,,,,,,,,,,,,,,
2023,10,5,1,0,22,20.7,92.42,,,,,,,,,,,,,,,,,,,,,,,,,,,,,,,,,,,,
2023,10,5,2,0,22.1,21.2,94.78,,,,,,,,,,,,,,,,,,,,,,,,,,,,,,,,,,,,
2023,10,5,3,0,22,21.6,97.58,,,,,,,,,,,,,,,,,,,,,,,,,,,,,,,,,,,,
2023,10,5,4,0,21.9,21.8,99.18,,,,,,,,,,,,,,,,,,,,,,,,,,,,,,,,,,,,
2023,10,5,5,0,21.9,21.8,99.31,,,,,,,,,,,,,,,,,,,,,,,,,,,,,,,,,,,,
2023,10,5,6,0,22,21.7,98.36,,,,,,,,,,,,,,,,,,,,,,,,,,,,,,,,,,,,
2023,10,5,7,0,21.9,21.6,98.36,,,,,,,,,,,,,,,,,,,,,,,,,,,,,,,,,,,,
2023,10,5,8,0,21.8,21.5,98.12,,,,,,,,,,,,,,,,,,,,,,,,,,,,,,,,,,,,
2023,10,5,9,0,21.7,21.3,97.57,,,,,,,,,,,,,,,,,,,,,,,,,,,,,,,,,,,,
2023,10,5,10,0,21.5,21.1,97.57,,,,,,,,,,,,,,,,,,,,,,,,,,,,,,,,,,,,
2023,10,5,11,0,21.3,20.9,97.87,,,,,,,,,,,,,,,,,,,,,,,,,,,,,,,,,,,,
2023,10,5,12,0,22.3,21,92.52,,,,,,,,,,,,,,,,,,,,,,,,,,,,,,,,,,,,
2023,10,5,13,0,23.9,21.5,86.2,,,,,,,,,,,,,,,,,,,,,,,,,,,,,,,,,,,,
2023,10,5,14,0,25.6,21.5,78.07,,,,,,,,,,,,,,,,,,,,,,,,,,,,,,,,,,,,
2023,10,5,15,0,26.8,21.3,71.8,,,,,,,,,,,,,,,,,,,,,,,,,,,,,,,,,,,,
2023,10,5,16,0,27.6,21.3,68.43,,,,,,,,,,,,,,,,,,,,,,,,,,,,,,,,,,,,
2023,10,5,17,0,28,21.2,66.73,,,,,,,,,,,,,,,,,,,,,,,,,,,,,,,,,,,,
2023,10,5,18,0,28.1,21.2,66.16,,,,,,,,,,,,,,,,,,,,,,,,,,,,,,,,,,,,
2023,10,5,19,0,28,21.3,66.86,,,,,,,,,,,,,,,,,,,,,,,,,,,,,,,,,,,,
2023,10,5,20,0,27.7,21.4,68.64,,,,,,,,,,,,,,,,,,,,,,,,,,,,,,,,,,,,
2023,10,5,21,0,27.1,21.6,72.01,,,,,,,,,,,,,,,,,,,,,,,,,,,,,,,,,,,,
2023,10,5,22,0,26,22.2,79.83,,,,,,,,,,,,,,,,,,,,,,,,,,,,,,,,,,,,
2023,10,5,23,0,24.5,22.8,90.05,,,,,,,,,,,,,,,,,,,,,,,,,,,,,,,,,,,,
2023,10,6,0,0,23.9,22.9,94.03,,,,,,,,,,,,,,,,,,,,,,,,,,,,,,,,,,,,
2023,10,6,1,0,23.6,23,96.16,,,,,,,,,,,,,,,,,,,,,,,,,,,,,,,,,,,,
2023,10,6,2,0,23.2,23,98.54,,,,,,,,,,,,,,,,,,,,,,,,,,,,,,,,,,,,
2023,10,6,3,0,23,22.9,99.7,,,,,,,,,,,,,,,,,,,,,,,,,,,,,,,,,,,,
2023,10,6,4,0,22.9,22.9,99.7,,,,,,,,,,,,,,,,,,,,,,,,,,,,,,,,,,,,
2023,10,6,5,0,22.6,22.6,100,,,,,,,,,,,,,,,,,,,,,,,,,,,,,,,,,,,,
2023,10,6,6,0,22.4,22.4,100,,,,,,,,,,,,,,,,,,,,,,,,,,,,,,,,,,,,
2023,10,6,7,0,22.3,22.3,100,,,,,,,,,,,,,,,,,,,,,,,,,,,,,,,,,,,,
2023,10,6,8,0,22.2,22.2,100,,,,,,,,,,,,,,,,,,,,,,,,,,,,,,,,,,,,
2023,10,6,9,0,22,22,100,,,,,,,,,,,,,,,,,,,,,,,,,,,,,,,,,,,,
2023,10,6,10,0,21.9,21.9,100,,,,,,,,,,,,,,,,,,,,,,,,,,,,,,,,,,,,
2023,10,6,11,0,22,21.9,99.24,,,,,,,,,,,,,,,,,,,,,,,,,,,,,,,,,,,,
2023,10,6,12,0,22.4,21.9,96.79,,,,,,,,,,,,,,,,,,,,,,,,,,,,,,,,,,,,
2023,10,6,13,0,23,21.9,93.68,,,,,,,,,,,,,,,,,,,,,,,,,,,,,,,,,,,,
2023,10,6,14,0,24.2,21.9,86.91,,,,,,,,,,,,,,,,,,,,,,,,,,,,,,,,,,,,
2023,10,6,15,0,25.8,21.7,78.08,,,,,,,,,,,,,,,,,,,,,,,,,,,,,,,,,,,,
2023,10,6,16,0,26.9,21.5,72.26,,,,,,,,,,,,,,,,,,,,,,,,,,,,,,,,,,,,
2023,10,6,17,0,27.5,21.3,68.8,,,,,,,,,,,,,,,,,,,,,,,,,,,,,,,,,,,,
2023,10,6,18,0,27.8,21.1,66.9,,,,,,,,,,,,,,,,,,,,,,,,,,,,,,,,,,,,
2023,10,6,19,0,27.9,21,66.08,,,,,,,,,,,,,,,,,,,,,,,,,,,,,,,,,,,,
2023,10,6,20,0,27.7,20.9,66.68,,,,,,,,,,,,,,,,,,,,,,,,,,,,,,,,,,,,
2023,10,6,21,0,27.4,21,68.16,,,,,,,,,,,,,,,,,,,,,,,,,,,,,,,,,,,,
2023,10,6,22,0,26.4,22,76.7,,,,,,,,,,,,,,,,,,,,,,,,,,,,,,,,,,,,
2023,10,6,23,0,25.1,22.1,83.67,,,,,,,,,,,,,,,,,,,,,,,,,,,,,,,,,,,,
2023,10,7,0,0,24.6,22.1,85.77,,,,,,,,,,,,,,,,,,,,,,,,,,,,,,,,,,,,
2023,10,7,1,0,24.2,22,87.37,,,,,,,,,,,,,,,,,,,,,,,,,,,,,,,,,,,,
2023,10,7,2,0,23.9,21.7,87.6,,,,,,,,,,,,,,,,,,,,,,,,,,,,,,,,,,,,
2023,10,7,3,0,23.6,21.5,88.26,,,,,,,,,,,,,,,,,,,,,,,,,,,,,,,,,,,,
2023,10,7,4,0,23.2,21.5,90.38,,,,,,,,,,,,,,,,,,,,,,,,,,,,,,,,,,,,
2023,10,7,5,0,22.6,21.6,93.88,,,,,,,,,,,,,,,,,,,,,,,,,,,,,,,,,,,,
2023,10,7,6,0,22.3,21.4,94.68,,,,,,,,,,,,,,,,,,,,,,,,,,,,,,,,,,,,
2023,10,7,7,0,22,21.1,94.75,,,,,,,,,,,,,,,,,,,,,,,,,,,,,,,,,,,,
2023,10,7,8,0,21.5,20.7,95.4,,,,,,,,,,,,,,,,,,,,,,,,,,,,,,,,,,,,
2023,10,7,9,0,21.1,20.3,95.19,,,,,,,,,,,,,,,,,,,,,,,,,,,,,,,,,,,,
2023,10,7,10,0,20.8,19.9,94.6,,,,,,,,,,,,,,,,,,,,,,,,,,,,,,,,,,,,
2023,10,7,11,0,20.6,19.6,93.77,,,,,,,,,,,,,,,,,,,,,,,,,,,,,,,,,,,,
2023,10,7,12,0,21.3,19.3,88.59,,,,,,,,,,,,,,,,,,,,,,,,,,,,,,,,,,,,
2023,10,7,13,0,22.4,19.4,83.29,,,,,,,,,,,,,,,,,,,,,,,,,,,,,,,,,,,,
2023,10,7,14,0,23.2,19.5,79.84,,,,,,,,,,,,,,,,,,,,,,,,,,,,,,,,,,,,
2023,10,7,15,0,23.7,19.5,77.52,,,,,,,,,,,,,,,,,,,,,,,,,,,,,,,,,,,,
2023,10,7,16,0,24.5,19.4,73.31,,,,,,,,,,,,,,,,,,,,,,,,,,,,,,,,,,,,
2023,10,7,17,0,25.5,19.1,67.85,,,,,,,,,,,,,,,,,,,,,,,,,,,,,,,,,,,,
2023,10,7,18,0,26.3,18.7,63.05,,,,,,,,,,,,,,,,,,,,,,,,,,,,,,,,,,,,
2023,10,7,19,0,26.8,18,58.57,,,,,,,,,,,,,,,,,,,,,,,,,,,,,,,,,,,,
2023,10,7,20,0,26.9,17,54.66,,,,,,,,,,,,,,,,,,,,,,,,,,,,,,,,,,,,
2023,10,7,21,0,26.5,16.4,53.7,,,,,,,,,,,,,,,,,,,,,,,,,,,,,,,,,,,,
2023,10,7,22,0,24.9,16.9,61.28,,,,,,,,,,,,,,,,,,,,,,,,,,,,,,,,,,,,
2023,10,7,23,0,23,16.3,66.07,,,,,,,,,,,,,,,,,,,,,,,,,,,,,,,,,,,,
2023,10,8,0,0,22.2,15.7,66.72,,,,,,,,,,,,,,,,,,,,,,,,,,,,,,,,,,,,
2023,10,8,1,0,21.2,15,67.71,,,,,,,,,,,,,,,,,,,,,,,,,,,,,,,,,,,,
2023,10,8,2,0,19.8,14.2,69.91,,,,,,,,,,,,,,,,,,,,,,,,,,,,,,,,,,,,
2023,10,8,3,0,18.7,12.9,69.04,,,,,,,,,,,,,,,,,,,,,,,,,,,,,,,,,,,,
2023,10,8,4,0,17.8,11.5,66.49,,,,,,,,,,,,,,,,,,,,,,,,,,,,,,,,,,,,
2023,10,8,5,0,17,10.7,66.45,,,,,,,,,,,,,,,,,,,,,,,,,,,,,,,,,,,,
2023,10,8,6,0,16.3,10.4,68.09,,,,,,,,,,,,,,,,,,,,,,,,,,,,,,,,,,,,
2023,10,8,7,0,15.7,10.4,70.68,,,,,,,,,,,,,,,,,,,,,,,,,,,,,,,,,,,,
2023,10,8,8,0,15.2,10.5,73.45,,,,,,,,,,,,,,,,,,,,,,,,,,,,,,,,,,,,
2023,10,8,9,0,14.7,10.6,76.3,,,,,,,,,,,,,,,,,,,,,,,,,,,,,,,,,,,,
2023,10,8,10,0,14.2,10.6,78.83,,,,,,,,,,,,,,,,,,,,,,,,,,,,,,,,,,,,
2023,10,8,11,0,13.8,10.6,80.93,,,,,,,,,,,,,,,,,,,,,,,,,,,,,,,,,,,,
2023,10,8,12,0,14.9,10.6,75.32,,,,,,,,,,,,,,,,,,,,,,,,,,,,,,,,,,,,
2023,10,8,13,0,16.7,9.1,61.01,,,,,,,,,,,,,,,,,,,,,,,,,,,,,,,,,,,,
2023,10,8,14,0,18,8.2,52.61,,,,,,,,,,,,,,,,,,,,,,,,,,,,,,,,,,,,
2023,10,8,15,0,19,7.7,47.76,,,,,,,,,,,,,,,,,,,,,,,,,,,,,,,,,,,,
2023,10,8,16,0,19.9,7.1,43.47,,,,,,,,,,,,,,,,,,,,,,,,,,,,,,,,,,,,
2023,10,8,17,0,20.6,6.6,40.22,,,,,,,,,,,,,,,,,,,,,,,,,,,,,,,,,,,,
2023,10,8,18,0,21.2,6.2,37.82,,,,,,,,,,,,,,,,,,,,,,,,,,,,,,,,,,,,
2023,10,8,19,0,21.5,6,36.63,,,,,,,,,,,,,,,,,,,,,,,,,,,,,,,,,,,,
2023,10,8,20,0,21.5,6,36.4,,,,,,,,,,,,,,,,,,,,,,,,,,,,,,,,,,,,
2023,10,8,21,0,21.1,6.2,38.01,,,,,,,,,,,,,,,,,,,,,,,,,,,,,,,,,,,,
2023,10,8,22,0,19.7,8.6,48.79,,,,,,,,,,,,,,,,,,,,,,,,,,,,,,,,,,,,
2023,10,8,23,0,17.7,9.2,57.58,,,,,,,,,,,,,,,,,,,,,,,,,,,,,,,,,,,,
2023,10,9,0,0,17.3,9.2,59.14,,,,,,,,,,,,,,,,,,,,,,,,,,,,,,,,,,,,
2023,10,9,1,0,17.1,9.1,59.47,,,,,,,,,,,,,,,,,,,,,,,,,,,,,,,,,,,,
2023,10,9,2,0,17,8.9,58.85,,,,,,,,,,,,,,,,,,,,,,,,,,,,,,,,,,,,
2023,10,9,3,0,16.7,8.6,58.96,,,,,,,,,,,,,,,,,,,,,,,,,,,,,,,,,,,,
2023,10,9,4,0,16.5,8.4,58.61,,,,,,,,,,,,,,,,,,,,,,,,,,,,,,,,,,,,
2023,10,9,5,0,16.2,8.1,58.7,,,,,,,,,,,,,,,,,,,,,,,,,,,,,,,,,,,,
2023,10,9,6,0,15.8,7.9,59.41,,,,,,,,,,,,,,,,,,,,,,,,,,,,,,,,,,,,
2023,10,9,7,0,15.3,7.8,60.93,,,,,,,,,,,,,,,,,,,,,,,,,,,,,,,,,,,,
2023,10,9,8,0,15,7.7,61.88,,,,,,,,,,,,,,,,,,,,,,,,,,,,,,,,,,,,
2023,10,9,9,0,14.7,7.8,63.21,,,,,,,,,,,,,,,,,,,,,,,,,,,,,,,,,,,,
2023,10,9,10,0,14.7,7.9,63.54,,,,,,,,,,,,,,,,,,,,,,,,,,,,,,,,,,,,
2023,10,9,11,0,14.7,8,64.26,,,,,,,,,,,,,,,,,,,,,,,,,,,,,,,,,,,,
2023,10,9,12,0,16.3,9.3,63.07,,,,,,,,,,,,,,,,,,,,,,,,,,,,,,,,,,,,
2023,10,9,13,0,18.6,8.1,50.37,,,,,,,,,,,,,,,,,,,,,,,,,,,,,,,,,,,,
2023,10,9,14,0,21.3,6.2,37.52,,,,,,,,,,,,,,,,,,,,,,,,,,,,,,,,,,,,
2023,10,9,15,0,22.5,5.5,33.2,,,,,,,,,,,,,,,,,,,,,,,,,,,,,,,,,,,,
2023,10,9,16,0,22.6,5.2,32.39,,,,,,,,,,,,,,,,,,,,,,,,,,,,,,,,,,,,
2023,10,9,17,0,23.2,5.9,32.63,,,,,,,,,,,,,,,,,,,,,,,,,,,,,,,,,,,,
2023,10,9,18,0,23.5,6.6,33.77,,,,,,,,,,,,,,,,,,,,,,,,,,,,,,,,,,,,
2023,10,9,19,0,23.5,7.3,35.44,,,,,,,,,,,,,,,,,,,,,,,,,,,,,,,,,,,,
2023,10,9,20,0,23.2,7.9,37.51,,,,,,,,,,,,,,,,,,,,,,,,,,,,,,,,,,,,
2023,10,9,21,0,22.6,8.7,40.94,,,,,,,,,,,,,,,,,,,,,,,,,,,,,,,,,,,,
2023,10,9,22,0,20.9,11.1,53.53,,,,,,,,,,,,,,,,,,,,,,,,,,,,,,,,,,,,
2023,10,9,23,0,18.9,11.7,62.79,,,,,,,,,,,,,,,,,,,,,,,,,,,,,,,,,,,,
2023,10,10,0,0,18.6,11.8,64.56,,,,,,,,,,,,,,,,,,,,,,,,,,,,,,,,,,,,
2023,10,10,1,0,18.3,12,66.64,,,,,,,,,,,,,,,,,,,,,,,,,,,,,,,,,,,,
2023,10,10,2,0,18.1,12.2,68.34,,,,,,,,,,,,,,,,,,,,,,,,,,,,,,,,,,,,
2023,10,10,3,0,17.9,12.4,70.01,,,,,,,,,,,,,,,,,,,,,,,,,,,,,,,,,,,,
2023,10,10,4,0,17.9,12.5,70.91,,,,,,,,,,,,,,,,,,,,,,,,,,,,,,,,,,,,
2023,10,10,5,0,17.9,12.8,72.1,,,,,,,,,,,,,,,,,,,,,,,,,,,,,,,,,,,,
2023,10,10,6,0,17.8,13,73.69,,,,,,,,,,,,,,,,,,,,,,,,,,,,,,,,,,,,
2023,10,10,7,0,17.7,13.3,75.51,,,,,,,,,,,,,,,,,,,,,,,,,,,,,,,,,,,,
2023,10,10,8,0,17.6,13.6,77.38,,,,,,,,,,,,,,,,,,,,,,,,,,,,,,,,,,,,
2023,10,10,9,0,17.5,13.8,78.78,,,,,,,,,,,,,,,,,,,,,,,,,,,,,,,,,,,,
2023,10,10,10,0,17.2,13.8,80.31,,,,,,,,,,,,,,,,,,,,,,,,,,,,,,,,,,,,
2023,10,10,11,0,17.1,13.7,80.44,,,,,,,,,,,,,,,,,,,,,,,,,,,,,,,,,,,,
2023,10,10,12,0,18.5,14,75.01,,,,,,,,,,,,,,,,,,,,,,,,,,,,,,,,,,,,
2023,10,10,13,0,20,13.8,67.46,,,,,,,,,,,,,,,,,,,,,,,,,,,,,,,,,,,,
2023,10,10,14,0,21.9,13.1,57.19,,,,,,,,,,,,,,,,,,,,,,,,,,,,,,,,,,,,
2023,10,10,15,0,23.7,11.3,45.8,,,,,,,,,,,,,,,,,,,,,,,,,,,,,,,,,,,,
2023,10,10,16,0,24.7,10.7,41.46,,,,,,,,,,,,,,,,,,,,,,,,,,,,,,,,,,,,
2023,10,10,17,0,25.2,10.8,40.41,,,,,,,,,,,,,,,,,,,,,,,,,,,,,,,,,,,,
2023,10,10,18,0,25.4,11.1,40.64,,,,,,,,,,,,,,,,,,,,,,,,,,,,,,,,,,,,
2023,10,10,19,0,25.4,11.4,41.55,,,,,,,,,,,,,,,,,,,,,,,,,,,,,,,,,,,,
2023,10,10,20,0,25.2,11.9,43.48,,,,,,,,,,,,,,,,,,,,,,,,,,,,,,,,,,,,
2023,10,10,21,0,24.4,13.3,49.92,,,,,,,,,,,,,,,,,,,,,,,,,,,,,,,,,,,,
2023,10,10,22,0,22.7,14.9,61.62,,,,,,,,,,,,,,,,,,,,,,,,,,,,,,,,,,,,
2023,10,10,23,0,21.5,15.3,67.83,,,,,,,,,,,,,,,,,,,,,,,,,,,,,,,,,,,,
2023,10,11,0,0,21.5,15.9,70.67,,,,,,,,,,,,,,,,,,,,,,,,,,,,,,,,,,,,
2023,10,11,1,0,21.2,16.5,74.57,,,,,,,,,,,,,,,,,,,,,,,,,,,,,,,,,,,,
2023,10,11,2,0,21.1,16.9,76.81,,,,,,,,,,,,,,,,,,,,,,,,,,,,,,,,,,,,
2023,10,11,3,0,21.1,17.1,78.07,,,,,,,,,,,,,,,,,,,,,,,,,,,,,,,,,,,,
2023,10,11,4,0,21,17.4,79.74,,,,,,,,,,,,,,,,,,,,,,,,,,,,,,,,,,,,
2023,10,11,5,0,20.9,17.7,81.75,,,,,,,,,,,,,,,,,,,,,,,,,,,,,,,,,,,,
2023,10,11,6,0,20.7,18,84.29,,,,,,,,,,,,,,,,,,,,,,,,,,,,,,,,,,,,
2023,10,11,7,0,20.6,18.1,85.81,,,,,,,,,,,,,,,,,,,,,,,,,,,,,,,,,,,,
2023,10,11,8,0,20.5,18.2,86.77,,,,,,,,,,,,,,,,,,,,,,,,,,,,,,,,,,,,
2023,10,11,9,0,20.3,18.2,87.89,,,,,,,,,,,,,,,,,,,,,,,,,,,,,,,,,,,,
2023,10,11,10,0,20,18.2,89.4,,,,,,,,,,,,,,,,,,,,,,,,,,,,,,,,,,,,
2023,10,11,11,0,19.8,18.1,90.16,,,,,,,,,,,,,,,,,,,,,,,,,,,,,,,,,,,,
2023,10,11,12,0,20.1,18.2,88.62,,,,,,,,,,,,,,,,,,,,,,,,,,,,,,,,,,,,
2023,10,11,13,0,20.7,18.1,85.11,,,,,,,,,,,,,,,,,,,,,,,,,,,,,,,,,,,,
2023,10,11,14,0,21.6,18.2,80.81,,,,,,,,,,,,,,,,,,,,,,,,,,,,,,,,,,,,
2023,10,11,15,0,22.9,17.7,72.32,,,,,,,,,,,,,,,,,,,,,,,,,,,,,,,,,,,,
2023,10,11,16,0,24,17.3,66.01,,,,,,,,,,,,,,,,,,,,,,,,,,,,,,,,,,,,
2023,10,11,17,0,24.5,17,63.12,,,,,,,,,,,,,,,,,,,,,,,,,,,,,,,,,,,,
2023,10,11,18,0,24.7,17.1,62.83,,,,,,,,,,,,,,,,,,,,,,,,,,,,,,,,,,,,
2023,10,11,19,0,24.7,17.5,64.16,,,,,,,,,,,,,,,,,,,,,,,,,,,,,,,,,,,,
2023,10,11,20,0,24.4,17.9,67.3,,,,,,,,,,,,,,,,,,,,,,,,,,,,,,,,,,,,
2023,10,11,21,0,23.7,18.9,74.6,,,,,,,,,,,,,,,,,,,,,,,,,,,,,,,,,,,,
2023,10,11,22,0,22.5,19,80.37,,,,,,,,,,,,,,,,,,,,,,,,,,,,,,,,,,,,
2023,10,11,23,0,21.6,18.6,82.89,,,,,,,,,,,,,,,,,,,,,,,,,,,,,,,,,,,,
2023,10,12,0,0,21.7,18.2,80.49,,,,,,,,,,,,,,,,,,,,,,,,,,,,,,,,,,,,
2023,10,12,1,0,21.6,18.3,81.54,,,,,,,,,,,,,,,,,,,,,,,,,,,,,,,,,,,,
2023,10,12,2,0,21,18.9,87.78,,,,,,,,,,,,,,,,,,,,,,,,,,,,,,,,,,,,
2023,10,12,3,0,20.6,19.2,91.43,,,,,,,,,,,,,,,,,,,,,,,,,,,,,,,,,,,,
2023,10,12,4,0,20.4,19.2,92.68,,,,,,,,,,,,,,,,,,,,,,,,,,,,,,,,,,,,
2023,10,12,5,0,20.1,19,93.4,,,,,,,,,,,,,,,,,,,,,,,,,,,,,,,,,,,,
2023,10,12,6,0,19.7,18.9,94.88,,,,,,,,,,,,,,,,,,,,,,,,,,,,,,,,,,,,
2023,10,12,7,0,19.6,18.9,95.65,,,,,,,,,,,,,,,,,,,,,,,,,,,,,,,,,,,,
2023,10,12,8,0,19.6,19,96.45,,,,,,,,,,,,,,,,,,,,,,,,,,,,,,,,,,,,
2023,10,12,9,0,19.6,19.1,97.05,,,,,,,,,,,,,,,,,,,,,,,,,,,,,,,,,,,,
2023,10,12,10,0,19.6,19.1,97.14,,,,,,,,,,,,,,,,,,,,,,,,,,,,,,,,,,,,
2023,10,12,11,0,19.5,19.1,97.78,,,,,,,,,,,,,,,,,,,,,,,,,,,,,,,,,,,,
2023,10,12,12,0,19.4,19.1,98.08,,,,,,,,,,,,,,,,,,,,,,,,,,,,,,,,,,,,
2023,10,12,13,0,19.5,19,96.77,,,,,,,,,,,,,,,,,,,,,,,,,,,,,,,,,,,,
2023,10,12,14,0,19.7,18.9,95.24,,,,,,,,,,,,,,,,,,,,,,,,,,,,,,,,,,,,
2023,10,12,15,0,20,18.9,93.39,,,,,,,,,,,,,,,,,,,,,,,,,,,,,,,,,,,,
2023,10,12,16,0,20.4,18.9,91,,,,,,,,,,,,,,,,,,,,,,,,,,,,,,,,,,,,
2023,10,12,17,0,20.7,18.8,89.09,,,,,,,,,,,,,,,,,,,,,,,,,,,,,,,,,,,,
2023,10,12,18,0,21,18.8,87.41,,,,,,,,,,,,,,,,,,,,,,,,,,,,,,,,,,,,
2023,10,12,19,0,21.1,18.9,87.03,,,,,,,,,,,,,,,,,,,,,,,,,,,,,,,,,,,,
2023,10,12,20,0,20.9,18.9,88.51,,,,,,,,,,,,,,,,,,,,,,,,,,,,,,,,,,,,
2023,10,12,21,0,20.7,19.1,90.61,,,,,,,,,,,,,,,,,,,,,,,,,,,,,,,,,,,,
2023,10,12,22,0,20.3,19.3,93.75,,,,,,,,,,,,,,,,,,,,,,,,,,,,,,,,,,,,
2023,10,12,23,0,20,19.3,95.77,,,,,,,,,,,,,,,,,,,,,,,,,,,,,,,,,,,,
2023,10,13,0,0,19.9,19.2,96.02,,,,,,,,,,,,,,,,,,,,,,,,,,,,,,,,,,,,
2023,10,13,1,0,19.8,19.2,96.1,,,,,,,,,,,,,,,,,,,,,,,,,,,,,,,,,,,,
2023,10,13,2,0,19.6,19,96.55,,,,,,,,,,,,,,,,,,,,,,,,,,,,,,,,,,,,
2023,10,13,3,0,19.6,18.9,95.98,,,,,,,,,,,,,,,,,,,,,,,,,,,,,,,,,,,,
2023,10,13,4,0,19.5,18.9,96.43,,,,,,,,,,,,,,,,,,,,,,,,,,,,,,,,,,,,
2023,10,13,5,0,19.5,18.9,96.3,,,,,,,,,,,,,,,,,,,,,,,,,,,,,,,,,,,,
2023,10,13,6,0,19.5,18.9,96.11,,,,,,,,,,,,,,,,,,,,,,,,,,,,,,,,,,,,
2023,10,13,7,0,19.5,18.8,95.93,,,,,,,,,,,,,,,,,,,,,,,,,,,,,,,,,,,,
2023,10,13,8,0,19.4,18.8,96.31,,,,,,,,,,,,,,,,,,,,,,,,,,,,,,,,,,,,
2023,10,13,9,0,19.4,18.7,95.95,,,,,,,,,,,,,,,,,,,,,,,,,,,,,,,,,,,,
2023,10,13,10,0,19.2,18.7,96.7,,,,,,,,,,,,,,,,,,,,,,,,,,,,,,,,,,,,
2023,10,13,11,0,19,18.5,97.11,,,,,,,,,,,,,,,,,,,,,,,,,,,,,,,,,,,,
2023,10,13,12,0,19,18.5,96.98,,,,,,,,,,,,,,,,,,,,,,,,,,,,,,,,,,,,
2023,10,13,13,0,19.4,18.7,95.61,,,,,,,,,,,,,,,,,,,,,,,,,,,,,,,,,,,,
2023,10,13,14,0,20.2,19,92.8,,,,,,,,,,,,,,,,,,,,,,,,,,,,,,,,,,,,
2023,10,13,15,0,21.2,19.4,89.56,,,,,,,,,,,,,,,,,,,,,,,,,,,,,,,,,,,,
2023,10,13,16,0,22,19.9,87.66,,,,,,,,,,,,,,,,,,,,,,,,,,,,,,,,,,,,
2023,10,13,17,0,22.8,20.3,86.01,,,,,,,,,,,,,,,,,,,,,,,,,,,,,,,,,,,,
2023,10,13,18,0,23.3,20.7,85.52,,,,,,,,,,,,,,,,,,,,,,,,,,,,,,,,,,,,
2023,10,13,19,0,23.7,21.1,85.48,,,,,,,,,,,,,,,,,,,,,,,,,,,,,,,,,,,,
2023,10,13,20,0,23.8,21.4,86.65,,,,,,,,,,,,,,,,,,,,,,,,,,,,,,,,,,,,
2023,10,13,21,0,23.7,21.7,88.56,,,,,,,,,,,,,,,,,,,,,,,,,,,,,,,,,,,,
2023,10,13,22,0,23.2,21.8,91.82,,,,,,,,,,,,,,,,,,,,,,,,,,,,,,,,,,,,
2023,10,13,23,0,22.8,21.8,93.91,,,,,,,,,,,,,,,,,,,,,,,,,,,,,,,,,,,,
2023,10,14,0,0,22.8,21.9,94.47,,,,,,,,,,,,,,,,,,,,,,,,,,,,,,,,,,,,
2023,10,14,1,0,22.8,22,95.08,,,,,,,,,,,,,,,,,,,,,,,,,,,,,,,,,,,,
2023,10,14,2,0,22.9,22,94.89,,,,,,,,,,,,,,,,,,,,,,,,,,,,,,,,,,,,
2023,10,14,3,0,22.9,22.1,95.5,,,,,,,,,,,,,,,,,,,,,,,,,,,,,,,,,,,,
2023,10,14,4,0,22.9,22.3,96.16,,,,,,,,,,,,,,,,,,,,,,,,,,,,,,,,,,,,
2023,10,14,5,0,23,22.4,96.39,,,,,,,,,,,,,,,,,,,,,,,,,,,,,,,,,,,,
2023,10,14,6,0,23,22.6,97.68,,,,,,,,,,,,,,,,,,,,,,,,,,,,,,,,,,,,
2023,10,14,7,0,23.1,22.9,98.55,,,,,,,,,,,,,,,,,,,,,,,,,,,,,,,,,,,,
2023,10,14,8,0,23.2,23.1,99.54,,,,,,,,,,,,,,,,,,,,,,,,,,,,,,,,,,,,
2023,10,14,9,0,23.3,23.3,99.97,,,,,,,,,,,,,,,,,,,,,,,,,,,,,,,,,,,,
2023,10,14,10,0,23.2,23.2,100,,,,,,,,,,,,,,,,,,,,,,,,,,,,,,,,,,,,
2023,10,14,11,0,22.9,22.9,100,,,,,,,,,,,,,,,,,,,,,,,,,,,,,,,,,,,,
2023,10,14,12,0,23.6,23.5,99.56,,,,,,,,,,,,,,,,,,,,,,,,,,,,,,,,,,,,
2023,10,14,13,0,24,23.6,97.87,,,,,,,,,,,,,,,,,,,,,,,,,,,,,,,,,,,,
2023,10,14,14,0,24.5,23,91.5,,,,,,,,,,,,,,,,,,,,,,,,,,,,,,,,,,,,
2023,10,14,15,0,25.1,22.3,84.47,,,,,,,,,,,,,,,,,,,,,,,,,,,,,,,,,,,,
2023,10,14,16,0,25.3,21.9,81.34,,,,,,,,,,,,,,,,,,,,,,,,,,,,,,,,,,,,
2023,10,14,17,0,25.1,21.5,80.68,,,,,,,,,,,,,,,,,,,,,,,,,,,,,,,,,,,,
2023,10,14,18,0,24.9,21.1,79.39,,,,,,,,,,,,,,,,,,,,,,,,,,,,,,,,,,,,
2023,10,14,19,0,24.8,20.5,76.89,,,,,,,,,,,,,,,,,,,,,,,,,,,,,,,,,,,,
2023,10,14,20,0,24.4,19.9,76.01,,,,,,,,,,,,,,,,,,,,,,,,,,,,,,,,,,,,
2023,10,14,21,0,23.9,19.5,76.34,,,,,,,,,,,,,,,,,,,,,,,,,,,,,,,,,,,,
2023,10,14,22,0,23.2,19.3,78.84,,,,,,,,,,,,,,,,,,,,,,,,,,,,,,,,,,,,
2023,10,14,23,0,22.4,19.3,82.42,,,,,,,,,,,,,,,,,,,,,,,,,,,,,,,,,,,,
2023,10,15,0,0,21.9,19.2,84.73,,,,,,,,,,,,,,,,,,,,,,,,,,,,,,,,,,,,
2023,10,15,1,0,21.5,19.2,86.8,,,,,,,,,,,,,,,,,,,,,,,,,,,,,,,,,,,,
2023,10,15,2,0,21.1,19.3,89.5,,,,,,,,,,,,,,,,,,,,,,,,,,,,,,,,,,,,
2023,10,15,3,0,20.7,19.2,91.11,,,,,,,,,,,,,,,,,,,,,,,,,,,,,,,,,,,,
2023,10,15,4,0,20.3,18.9,91.52,,,,,,,,,,,,,,,,,,,,,,,,,,,,,,,,,,,,
2023,10,15,5,0,19.7,18.5,92.66,,,,,,,,,,,,,,,,,,,,,,,,,,,,,,,,,,,,
2023,10,15,6,0,19.1,17.9,92.83,,,,,,,,,,,,,,,,,,,,,,,,,,,,,,,,,,,,
2023,10,15,7,0,18.3,17.1,92.48,,,,,,,,,,,,,,,,,,,,,,,,,,,,,,,,,,,,
2023,10,15,8,0,17.6,16.3,91.98,,,,,,,,,,,,,,,,,,,,,,,,,,,,,,,,,,,,
2023,10,15,9,0,16.8,15.4,91.59,,,,,,,,,,,,,,,,,,,,,,,,,,,,,,,,,,,,
2023,10,15,10,0,16.2,14.5,89.69,,,,,,,,,,,,,,,,,,,,,,,,,,,,,,,,,,,,
2023,10,15,11,0,15.7,13.9,88.9,,,,,,,,,,,,,,,,,,,,,,,,,,,,,,,,,,,,
2023,10,15,12,0,16.4,13.6,83.28,,,,,,,,,,,,,,,,,,,,,,,,,,,,,,,,,,,,
2023,10,15,13,0,17.8,13.1,74,,,,,,,,,,,,,,,,,,,,,,,,,,,,,,,,,,,,
2023,10,15,14,0,19.3,12.7,65.8,,,,,,,,,,,,,,,,,,,,,,,,,,,,,,,,,,,,
2023,10,15,15,0,20.3,12.6,61.29,,,,,,,,,,,,,,,,,,,,,,,,,,,,,,,,,,,,
2023,10,15,16,0,21.1,12.6,58.51,,,,,,,,,,,,,,,,,,,,,,,,,,,,,,,,,,,,
2023,10,15,17,0,21.6,12.7,56.96,,,,,,,,,,,,,,,,,,,,,,,,,,,,,,,,,,,,
2023,10,15,18,0,21.9,12.8,56.27,,,,,,,,,,,,,,,,,,,,,,,,,,,,,,,,,,,,
2023,10,15,19,0,21.8,12.9,57.02,,,,,,,,,,,,,,,,,,,,,,,,,,,,,,,,,,,,
2023,10,15,20,0,21.4,13.3,59.87,,,,,,,,,,,,,,,,,,,,,,,,,,,,,,,,,,,,
2023,10,15,21,0,20.8,13.9,64.8,,,,,,,,,,,,,,,,,,,,,,,,,,,,,,,,,,,,
2023,10,15,22,0,20,14.7,71.7,,,,,,,,,,,,,,,,,,,,,,,,,,,,,,,,,,,,
2023,10,15,23,0,19.2,15.2,77.71,,,,,,,,,,,,,,,,,,,,,,,,,,,,,,,,,,,,
2023,10,16,0,0,18.7,15.5,81.76,,,,,,,,,,,,,,,,,,,,,,,,,,,,,,,,,,,,
2023,10,16,1,0,18.1,15.6,85.51,,,,,,,,,,,,,,,,,,,,,,,,,,,,,,,,,,,,
2023,10,16,2,0,17.7,15.6,87.46,,,,,,,,,,,,,,,,,,,,,,,,,,,,,,,,,,,,
2023,10,16,3,0,17.3,15.4,88.82,,,,,,,,,,,,,,,,,,,,,,,,,,,,,,,,,,,,
2023,10,16,4,0,16.9,15.2,89.69,,,,,,,,,,,,,,,,,,,,,,,,,,,,,,,,,,,,
2023,10,16,5,0,16.5,15,90.68,,,,,,,,,,,,,,,,,,,,,,,,,,,,,,,,,,,,
2023,10,16,6,0,16.3,14.8,90.99,,,,,,,,,,,,,,,,,,,,,,,,,,,,,,,,,,,,
2023,10,16,7,0,16,14.6,91.48,,,,,,,,,,,,,,,,,,,,,,,,,,,,,,,,,,,,
2023,10,16,8,0,15.7,14.2,91.09,,,,,,,,,,,,,,,,,,,,,,,,,,,,,,,,,,,,
2023,10,16,9,0,15.3,13.8,91.01,,,,,,,,,,,,,,,,,,,,,,,,,,,,,,,,,,,,
2023,10,16,10,0,14.6,13.3,92.08,,,,,,,,,,,,,,,,,,,,,,,,,,,,,,,,,,,,
2023,10,16,11,0,14,12.6,91.27,,,,,,,,,,,,,,,,,,,,,,,,,,,,,,,,,,,,
2023,10,16,12,0,14.2,12.1,86.92,,,,,,,,,,,,,,,,,,,,,,,,,,,,,,,,,,,,
2023,10,16,13,0,15.1,11.7,79.91,,,,,,,,,,,,,,,,,,,,,,,,,,,,,,,,,,,,
2023,10,16,14,0,16.4,11.1,71.03,,,,,,,,,,,,,,,,,,,,,,,,,,,,,,,,,,,,
2023,10,16,15,0,17.6,10.7,63.94,,,,,,,,,,,,,,,,,,,,,,,,,,,,,,,,,,,,
2023,10,16,16,0,18.5,10.5,59.74,,,,,,,,,,,,,,,,,,,,,,,,,,,,,,,,,,,,
2023,10,16,17,0,19.2,10.5,57.15,,,,,,,,,,,,,,,,,,,,,,,,,,,,,,,,,,,,
2023,10,16,18,0,19.6,10.5,55.53,,,,,,,,,,,,,,,,,,,,,,,,,,,,,,,,,,,,
2023,10,16,19,0,19.6,10.3,55.07,,,,,,,,,,,,,,,,,,,,,,,,,,,,,,,,,,,,
2023,10,16,20,0,19.5,10.2,54.81,,,,,,,,,,,,,,,,,,,,,,,,,,,,,,,,,,,,
2023,10,16,21,0,18.9,10.1,56.62,,,,,,,,,,,,,,,,,,,,,,,,,,,,,,,,,,,,
2023,10,16,22,0,17.5,11.1,65.91,,,,,,,,,,,,,,,,,,,,,,,,,,,,,,,,,,,,
2023,10,16,23,0,15.9,11.3,73.92,,,,,,,,,,,,,,,,,,,,,,,,,,,,,,,,,,,,
2023,10,17,0,0,15.7,11.3,75.09,,,,,,,,,,,,,,,,,,,,,,,,,,,,,,,,,,,,
2023,10,17,1,0,15.6,11.2,74.97,,,,,,,,,,,,,,,,,,,,,,,,,,,,,,,,,,,,
2023,10,17,2,0,15.2,11.1,76.3,,,,,,,,,,,,,,,,,,,,,,,,,,,,,,,,,,,,
2023,10,17,3,0,14.5,10.9,78.95,,,,,,,,,,,,,,,,,,,,,,,,,,,,,,,,,,,,
2023,10,17,4,0,14,10.8,80.85,,,,,,,,,,,,,,,,,,,,,,,,,,,,,,,,,,,,
2023,10,17,5,0,13.6,10.7,82.47,,,,,,,,,,,,,,,,,,,,,,,,,,,,,,,,,,,,
2023,10,17,6,0,13.2,10.6,84.37,,,,,,,,,,,,,,,,,,,,,,,,,,,,,,,,,,,,
2023,10,17,7,0,12.9,10.6,85.73,,,,,,,,,,,,,,,,,,,,,,,,,,,,,,,,,,,,
2023,10,17,8,0,12.6,10.5,87.05,,,,,,,,,,,,,,,,,,,,,,,,,,,,,,,,,,,,
2023,10,17,9,0,12.3,10.4,88.21,,,,,,,,,,,,,,,,,,,,,,,,,,,,,,,,,,,,
2023,10,17,10,0,12,10.3,89.23,,,,,,,,,,,,,,,,,,,,,,,,,,,,,,,,,,,,
2023,10,17,11,0,11.8,10.2,89.95,,,,,,,,,,,,,,,,,,,,,,,,,,,,,,,,,,,,
2023,10,17,12,0,12.7,10.3,85.15,,,,,,,,,,,,,,,,,,,,,,,,,,,,,,,,,,,,
2023,10,17,13,0,14.2,10.2,76.99,,,,,,,,,,,,,,,,,,,,,,,,,,,,,,,,,,,,
2023,10,17,14,0,15.9,10,68.12,,,,,,,,,,,,,,,,,,,,,,,,,,,,,,,,,,,,
2023,10,17,15,0,17.3,9.6,60.71,,,,,,,,,,,,,,,,,,,,,,,,,,,,,,,,,,,,
2023,10,17,16,0,18.3,9.4,56.27,,,,,,,,,,,,,,,,,,,,,,,,,,,,,,,,,,,,
2023,10,17,17,0,19,9.4,53.69,,,,,,,,,,,,,,,,,,,,,,,,,,,,,,,,,,,,
2023,10,17,18,0,19.5,9.4,51.9,,,,,,,,,,,,,,,,,,,,,,,,,,,,,,,,,,,,
2023,10,17,19,0,19.8,9.3,50.6,,,,,,,,,,,,,,,,,,,,,,,,,,,,,,,,,,,,
2023,10,17,20,0,19.8,9.2,50.29,,,,,,,,,,,,,,,,,,,,,,,,,,,,,,,,,,,,
2023,10,17,21,0,19.5,9.7,53.08,,,,,,,,,,,,,,,,,,,,,,,,,,,,,,,,,,,,
2023,10,17,22,0,18.5,10.5,59.74,,,,,,,,,,,,,,,,,,,,,,,,,,,,,,,,,,,,
2023,10,17,23,0,18.1,9.5,57.09,,,,,,,,,,,,,,,,,,,,,,,,,,,,,,,,,,,,
2023,10,18,0,0,18,9.4,57.16,,,,,,,,,,,,,,,,,,,,,,,,,,,,,,,,,,,,
2023,10,18,1,0,17.8,9.5,58.31,,,,,,,,,,,,,,,,,,,,,,,,,,,,,,,,,,,,
2023,10,18,2,0,17.5,9.6,59.69,,,,,,,,,,,,,,,,,,,,,,,,,,,,,,,,,,,,
2023,10,18,3,0,17.3,9.6,60.63,,,,,,,,,,,,,,,,,,,,,,,,,,,,,,,,,,,,
2023,10,18,4,0,17,9.7,62.33,,,,,,,,,,,,,,,,,,,,,,,,,,,,,,,,,,,,
2023,10,18,5,0,16.7,9.9,64.34,,,,,,,,,,,,,,,,,,,,,,,,,,,,,,,,,,,,
2023,10,18,6,0,16.3,10.1,66.87,,,,,,,,,,,,,,,,,,,,,,,,,,,,,,,,,,,,
2023,10,18,7,0,15.8,10.3,69.93,,,,,,,,,,,,,,,,,,,,,,,,,,,,,,,,,,,,
2023,10,18,8,0,15.2,10.6,73.91,,,,,,,,,,,,,,,,,,,,,,,,,,,,,,,,,,,,
2023,10,18,9,0,14.8,10.8,77.03,,,,,,,,,,,,,,,,,,,,,,,,,,,,,,,,,,,,
2023,10,18,10,0,14.6,10.9,78.71,,,,,,,,,,,,,,,,,,,,,,,,,,,,,,,,,,,,
2023,10,18,11,0,14.4,11.1,80.56,,,,,,,,,,,,,,,,,,,,,,,,,,,,,,,,,,,,
2023,10,18,12,0,15.6,12.1,79.49,,,,,,,,,,,,,,,,,,,,,,,,,,,,,,,,,,,,
2023,10,18,13,0,17.4,12.3,71.77,,,,,,,,,,,,,,,,,,,,,,,,,,,,,,,,,,,,
2023,10,18,14,0,19.3,11.3,59.93,,,,,,,,,,,,,,,,,,,,,,,,,,,,,,,,,,,,
2023,10,18,15,0,20.4,10.8,54.09,,,,,,,,,,,,,,,,,,,,,,,,,,,,,,,,,,,,
2023,10,18,16,0,21.1,10.7,51.49,,,,,,,,,,,,,,,,,,,,,,,,,,,,,,,,,,,,
2023,10,18,17,0,21.5,10.6,50.03,,,,,,,,,,,,,,,,,,,,,,,,,,,,,,,,,,,,
2023,10,18,18,0,21.8,10.6,48.82,,,,,,,,,,,,,,,,,,,,,,,,,,,,,,,,,,,,
2023,10,18,19,0,21.8,10.5,48.65,,,,,,,,,,,,,,,,,,,,,,,,,,,,,,,,,,,,
2023,10,18,20,0,21.6,10.6,49.61,,,,,,,,,,,,,,,,,,,,,,,,,,,,,,,,,,,,
2023,10,18,21,0,21.1,11.3,53.47,,,,,,,,,,,,,,,,,,,,,,,,,,,,,,,,,,,,
2023,10,18,22,0,19.5,12.9,65.49,,,,,,,,,,,,,,,,,,,,,,,,,,,,,,,,,,,,
2023,10,18,23,0,17.8,12.5,71.15,,,,,,,,,,,,,,,,,,,,,,,,,,,,,,,,,,,,
2023,10,19,0,0,17.3,12.6,73.77,,,,,,,,,,,,,,,,,,,,,,,,,,,,,,,,,,,,
2023,10,19,1,0,17.1,12.7,75.17,,,,,,,,,,,,,,,,,,,,,,,,,,,,,,,,,,,,
2023,10,19,2,0,17,12.7,75.97,,,,,,,,,,,,,,,,,,,,,,,,,,,,,,,,,,,,
2023,10,19,3,0,17,12.7,75.85,,,,,,,,,,,,,,,,,,,,,,,,,,,,,,,,,,,,
2023,10,19,4,0,17,12.7,76.05,,,,,,,,,,,,,,,,,,,,,,,,,,,,,,,,,,,,
2023,10,19,5,0,16.8,12.9,77.55,,,,,,,,,,,,,,,,,,,,,,,,,,,,,,,,,,,,
2023,10,19,6,0,16.3,13,80.8,,,,,,,,,,,,,,,,,,,,,,,,,,,,,,,,,,,,
2023,10,19,7,0,15.6,13.1,85.31,,,,,,,,,,,,,,,,,,,,,,,,,,,,,,,,,,,,
2023,10,19,8,0,15.1,13.3,88.92,,,,,,,,,,,,,,,,,,,,,,,,,,,,,,,,,,,,
2023,10,19,9,0,14.8,13.3,90.9,,,,,,,,,,,,,,,,,,,,,,,,,,,,,,,,,,,,
2023,10,19,10,0,14.8,13.3,90.73,,,,,,,,,,,,,,,,,,,,,,,,,,,,,,,,,,,,
2023,10,19,11,0,14.8,13.3,90.73,,,,,,,,,,,,,,,,,,,,,,,,,,,,,,,,,,,,
2023,10,19,12,0,16,13.6,85.74,,,,,,,,,,,,,,,,,,,,,,,,,,,,,,,,,,,,
2023,10,19,13,0,17.7,13.8,78.1,,,,,,,,,,,,,,,,,,,,,,,,,,,,,,,,,,,,
2023,10,19,14,0,19.9,13.8,67.71,,,,,,,,,,,,,,,,,,,,,,,,,,,,,,,,,,,,
2023,10,19,15,0,21.6,14.3,62.99,,,,,,,,,,,,,,,,,,,,,,,,,,,,,,,,,,,,
2023,10,19,16,0,22.6,15,62.38,,,,,,,,,,,,,,,,,,,,,,,,,,,,,,,,,,,,
2023,10,19,17,0,23.3,15.7,62.18,,,,,,,,,,,,,,,,,,,,,,,,,,,,,,,,,,,,
2023,10,19,18,0,23.6,16.1,62.8,,,,,,,,,,,,,,,,,,,,,,,,,,,,,,,,,,,,
2023,10,19,19,0,23.6,16.4,63.89,,,,,,,,,,,,,,,,,,,,,,,,,,,,,,,,,,,,
2023,10,19,20,0,23.3,16.6,65.92,,,,,,,,,,,,,,,,,,,,,,,,,,,,,,,,,,,,
2023,10,19,21,0,22.7,16.9,69.89,,,,,,,,,,,,,,,,,,,,,,,,,,,,,,,,,,,,
2023,10,19,22,0,21.2,17.7,80.33,,,,,,,,,,,,,,,,,,,,,,,,,,,,,,,,,,,,
2023,10,19,23,0,20,17.3,84.55,,,,,,,,,,,,,,,,,,,,,,,,,,,,,,,,,,,,
2023,10,20,0,0,19.7,17.4,86.57,,,,,,,,,,,,,,,,,,,,,,,,,,,,,,,,,,,,
2023,10,20,1,0,19.5,17.3,87.09,,,,,,,,,,,,,,,,,,,,,,,,,,,,,,,,,,,,
2023,10,20,2,0,19.3,17.1,87.1,,,,,,,,,,,,,,,,,,,,,,,,,,,,,,,,,,,,
2023,10,20,3,0,19.2,16.9,86.59,,,,,,,,,,,,,,,,,,,,,,,,,,,,,,,,,,,,
2023,10,20,4,0,19.3,16.8,85.26,,,,,,,,,,,,,,,,,,,,,,,,,,,,,,,,,,,,
2023,10,20,5,0,19.3,16.7,84.69,,,,,,,,,,,,,,,,,,,,,,,,,,,,,,,,,,,,
2023,10,20,6,0,19,16.6,86.05,,,,,,,,,,,,,,,,,,,,,,,,,,,,,,,,,,,,
2023,10,20,7,0,18.4,16.6,89.21,,,,,,,,,,,,,,,,,,,,,,,,,,,,,,,,,,,,
2023,10,20,8,0,17.8,16.6,92.61,,,,,,,,,,,,,,,,,,,,,,,,,,,,,,,,,,,,
2023,10,20,9,0,17.3,16.6,95.61,,,,,,,,,,,,,,,,,,,,,,,,,,,,,,,,,,,,
2023,10,20,10,0,16.8,16.6,99,,,,,,,,,,,,,,,,,,,,,,,,,,,,,,,,,,,,
2023,10,20,11,0,16.5,16.5,100,,,,,,,,,,,,,,,,,,,,,,,,,,,,,,,,,,,,
2023,10,20,12,0,18,16.9,93.37,,,,,,,,,,,,,,,,,,,,,,,,,,,,,,,,,,,,
2023,10,20,13,0,19.4,17.1,86.41,,,,,,,,,,,,,,,,,,,,,,,,,,,,,,,,,,,,
2023,10,20,14,0,21.1,16.4,74.69,,,,,,,,,,,,,,,,,,,,,,,,,,,,,,,,,,,,
2023,10,20,15,0,22.4,16.1,67.47,,,,,,,,,,,,,,,,,,,,,,,,,,,,,,,,,,,,
2023,10,20,16,0,23.2,16.3,65,,,,,,,,,,,,,,,,,,,,,,,,,,,,,,,,,,,,
2023,10,20,17,0,23.7,16.5,64.14,,,,,,,,,,,,,,,,,,,,,,,,,,,,,,,,,,,,
2023,10,20,18,0,23.8,16.9,65.46,,,,,,,,,,,,,,,,,,,,,,,,,,,,,,,,,,,,
2023,10,20,19,0,23.3,17.6,70.38,,,,,,,,,,,,,,,,,,,,,,,,,,,,,,,,,,,,
2023,10,20,20,0,22.9,18.4,75.6,,,,,,,,,,,,,,,,,,,,,,,,,,,,,,,,,,,,
2023,10,20,21,0,22.5,18.8,79.76,,,,,,,,,,,,,,,,,,,,,,,,,,,,,,,,,,,,
2023,10,20,22,0,21.7,18.9,83.91,,,,,,,,,,,,,,,,,,,,,,,,,,,,,,,,,,,,
2023,10,20,23,0,20.6,18.5,87.76,,,,,,,,,,,,,,,,,,,,,,,,,,,,,,,,,,,,
2023,10,21,0,0,19.6,17.8,89.43,,,,,,,,,,,,,,,,,,,,,,,,,,,,,,,,,,,,
2023,10,21,1,0,18.5,17,90.98,,,,,,,,,,,,,,,,,,,,,,,,,,,,,,,,,,,,
2023,10,21,2,0,18,16.3,89.89,,,,,,,,,,,,,,,,,,,,,,,,,,,,,,,,,,,,
2023,10,21,3,0,18.1,16.2,88.77,,,,,,,,,,,,,,,,,,,,,,,,,,,,,,,,,,,,
2023,10,21,4,0,18,16.3,89.66,,,,,,,,,,,,,,,,,,,,,,,,,,,,,,,,,,,,
2023,10,21,5,0,17.2,15.9,92.2,,,,,,,,,,,,,,,,,,,,,,,,,,,,,,,,,,,,
2023,10,21,6,0,16.2,15.1,93.09,,,,,,,,,,,,,,,,,,,,,,,,,,,,,,,,,,,,
2023,10,21,7,0,15.5,14.1,91.58,,,,,,,,,,,,,,,,,,,,,,,,,,,,,,,,,,,,
2023,10,21,8,0,15,13.2,88.9,,,,,,,,,,,,,,,,,,,,,,,,,,,,,,,,,,,,
2023,10,21,9,0,14.7,12.6,87.11,,,,,,,,,,,,,,,,,,,,,,,,,,,,,,,,,,,,
2023,10,21,10,0,14.4,12.2,86.84,,,,,,,,,,,,,,,,,,,,,,,,,,,,,,,,,,,,
2023,10,21,11,0,14.1,12,87.19,,,,,,,,,,,,,,,,,,,,,,,,,,,,,,,,,,,,
2023,10,21,12,0,14.7,12.1,84.35,,,,,,,,,,,,,,,,,,,,,,,,,,,,,,,,,,,,
2023,10,21,13,0,16,12.2,78.01,,,,,,,,,,,,,,,,,,,,,,,,,,,,,,,,,,,,
2023,10,21,14,0,18.1,11.3,64.65,,,,,,,,,,,,,,,,,,,,,,,,,,,,,,,,,,,,
2023,10,21,15,0,19.7,10.4,54.88,,,,,,,,,,,,,,,,,,,,,,,,,,,,,,,,,,,,
2023,10,21,16,0,20.6,9.8,50.01,,,,,,,,,,,,,,,,,,,,,,,,,,,,,,,,,,,,
2023,10,21,17,0,21.4,9.6,46.83,,,,,,,,,,,,,,,,,,,,,,,,,,,,,,,,,,,,
2023,10,21,18,0,21.9,9.6,45.43,,,,,,,,,,,,,,,,,,,,,,,,,,,,,,,,,,,,
2023,10,21,19,0,22.3,9.8,44.95,,,,,,,,,,,,,,,,,,,,,,,,,,,,,,,,,,,,
2023,10,21,20,0,22.3,10.2,46.33,,,,,,,,,,,,,,,,,,,,,,,,,,,,,,,,,,,,
2023,10,21,21,0,21.7,11.4,52.02,,,,,,,,,,,,,,,,,,,,,,,,,,,,,,,,,,,,
2023,10,21,22,0,19.9,13.2,65.22,,,,,,,,,,,,,,,,,,,,,,,,,,,,,,,,,,,,
2023,10,21,23,0,18.4,12.9,70.54,,,,,,,,,,,,,,,,,,,,,,,,,,,,,,,,,,,,
2023,10,22,0,0,18,13.2,73.47,,,,,,,,,,,,,,,,,,,,,,,,,,,,,,,,,,,,
2023,10,22,1,0,17.7,13.4,75.84,,,,,,,,,,,,,,,,,,,,,,,,,,,,,,,,,,,,
2023,10,22,2,0,17.6,13.6,77.35,,,,,,,,,,,,,,,,,,,,,,,,,,,,,,,,,,,,
2023,10,22,3,0,17.6,13.7,78.02,,,,,,,,,,,,,,,,,,,,,,,,,,,,,,,,,,,,
2023,10,22,4,0,17.4,13.8,79.28,,,,,,,,,,,,,,,,,,,,,,,,,,,,,,,,,,,,
2023,10,22,5,0,17.1,13.8,80.84,,,,,,,,,,,,,,,,,,,,,,,,,,,,,,,,,,,,
2023,10,22,6,0,17,13.8,81.63,,,,,,,,,,,,,,,,,,,,,,,,,,,,,,,,,,,,
2023,10,22,7,0,17,13.9,82.21,,,,,,,,,,,,,,,,,,,,,,,,,,,,,,,,,,,,
2023,10,22,8,0,17.1,14.1,82.53,,,,,,,,,,,,,,,,,,,,,,,,,,,,,,,,,,,,
2023,10,22,9,0,17.1,14.3,83.45,,,,,,,,,,,,,,,,,,,,,,,,,,,,,,,,,,,,
2023,10,22,10,0,17.1,14.5,84.9,,,,,,,,,,,,,,,,,,,,,,,,,,,,,,,,,,,,
2023,10,22,11,0,16.9,14.5,85.6,,,,,,,,,,,,,,,,,,,,,,,,,,,,,,,,,,,,
2023,10,22,12,0,17,14.4,84.69,,,,,,,,,,,,,,,,,,,,,,,,,,,,,,,,,,,,
2023,10,22,13,0,17.7,14.4,80.9,,,,,,,,,,,,,,,,,,,,,,,,,,,,,,,,,,,,
2023,10,22,14,0,19.1,14.5,74.75,,,,,,,,,,,,,,,,,,,,,,,,,,,,,,,,,,,,
2023,10,22,15,0,20.9,14.7,67.62,,,,,,,,,,,,,,,,,,,,,,,,,,,,,,,,,,,,
2023,10,22,16,0,22.8,14.8,60.57,,,,,,,,,,,,,,,,,,,,,,,,,,,,,,,,,,,,
2023,10,22,17,0,24,14.5,55.28,,,,,,,,,,,,,,,,,,,,,,,,,,,,,,,,,,,,
2023,10,22,18,0,24.5,13.9,51.54,,,,,,,,,,,,,,,,,,,,,,,,,,,,,,,,,,,,
2023,10,22,19,0,24.7,13.4,49.53,,,,,,,,,,,,,,,,,,,,,,,,,,,,,,,,,,,,
2023,10,22,20,0,24.5,13.3,49.76,,,,,,,,,,,,,,,,,,,,,,,,,,,,,,,,,,,,
2023,10,22,21,0,23.6,14.3,55.91,,,,,,,,,,,,,,,,,,,,,,,,,,,,,,,,,,,,
2023,10,22,22,0,21.3,15.4,69.02,,,,,,,,,,,,,,,,,,,,,,,,,,,,,,,,,,,,
2023,10,22,23,0,19.7,14.1,70.33,,,,,,,,,,,,,,,,,,,,,,,,,,,,,,,,,,,,
2023,10,23,0,0,18.9,13.8,72.08,,,,,,,,,,,,,,,,,,,,,,,,,,,,,,,,,,,,
2023,10,23,1,0,18.3,13.7,74.69,,,,,,,,,,,,,,,,,,,,,,,,,,,,,,,,,,,,
2023,10,23,2,0,17.7,13.9,78.31,,,,,,,,,,,,,,,,,,,,,,,,,,,,,,,,,,,,
2023,10,23,3,0,17.2,13.9,80.77,,,,,,,,,,,,,,,,,,,,,,,,,,,,,,,,,,,,
2023,10,23,4,0,17,13.8,81.31,,,,,,,,,,,,,,,,,,,,,,,,,,,,,,,,,,,,
2023,10,23,5,0,16.7,13.8,82.79,,,,,,,,,,,,,,,,,,,,,,,,,,,,,,,,,,,,
2023,10,23,6,0,16.3,13.6,83.96,,,,,,,,,,,,,,,,,,,,,,,,,,,,,,,,,,,,
2023,10,23,7,0,16,13.4,84.81,,,,,,,,,,,,,,,,,,,,,,,,,,,,,,,,,,,,
2023,10,23,8,0,15.4,13.2,86.93,,,,,,,,,,,,,,,,,,,,,,,,,,,,,,,,,,,,
2023,10,23,9,0,14.8,12.9,88.26,,,,,,,,,,,,,,,,,,,,,,,,,,,,,,,,,,,,
2023,10,23,10,0,14.2,12.4,88.99,,,,,,,,,,,,,,,,,,,,,,,,,,,,,,,,,,,,
2023,10,23,11,0,13.8,11.8,87.96,,,,,,,,,,,,,,,,,,,,,,,,,,,,,,,,,,,,
2023,10,23,12,0,14.2,11.7,84.86,,,,,,,,,,,,,,,,,,,,,,,,,,,,,,,,,,,,
2023,10,23,13,0,15.7,11.6,76.63,,,,,,,,,,,,,,,,,,,,,,,,,,,,,,,,,,,,
2023,10,23,14,0,17.5,11.7,68.58,,,,,,,,,,,,,,,,,,,,,,,,,,,,,,,,,,,,
2023,10,23,15,0,19.2,11.6,61.59,,,,,,,,,,,,,,,,,,,,,,,,,,,,,,,,,,,,
2023,10,23,16,0,20.5,11.4,55.86,,,,,,,,,,,,,,,,,,,,,,,,,,,,,,,,,,,,
2023,10,23,17,0,21.3,11.2,52.52,,,,,,,,,,,,,,,,,,,,,,,,,,,,,,,,,,,,
2023,10,23,18,0,21.6,11.1,51.25,,,,,,,,,,,,,,,,,,,,,,,,,,,,,,,,,,,,
2023,10,23,19,0,21.6,11.1,51.31,,,,,,,,,,,,,,,,,,,,,,,,,,,,,,,,,,,,
2023,10,23,20,0,21.2,11.3,53.05,,,,,,,,,,,,,,,,,,,,,,,,,,,,,,,,,,,,
2023,10,23,21,0,20.4,11.8,57.94,,,,,,,,,,,,,,,,,,,,,,,,,,,,,,,,,,,,
2023,10,23,22,0,18.3,13.1,71.77,,,,,,,,,,,,,,,,,,,,,,,,,,,,,,,,,,,,
2023,10,23,23,0,16.7,12.8,77.71,,,,,,,,,,,,,,,,,,,,,,,,,,,,,,,,,,,,
2023,10,24,0,0,16.2,12.8,80.23,,,,,,,,,,,,,,,,,,,,,,,,,,,,,,,,,,,,
2023,10,24,1,0,15.9,12.8,81.78,,,,,,,,,,,,,,,,,,,,,,,,,,,,,,,,,,,,
2023,10,24,2,0,15.6,12.8,83.54,,,,,,,,,,,,,,,,,,,,,,,,,,,,,,,,,,,,
2023,10,24,3,0,15.3,12.8,84.89,,,,,,,,,,,,,,,,,,,,,,,,,,,,,,,,,,,,
2023,10,24,4,0,15.1,12.6,85.21,,,,,,,,,,,,,,,,,,,,,,,,,,,,,,,,,,,,
2023,10,24,5,0,14.8,12.5,86.39,,,,,,,,,,,,,,,,,,,,,,,,,,,,,,,,,,,,
2023,10,24,6,0,14.7,12.6,87.06,,,,,,,,,,,,,,,,,,,,,,,,,,,,,,,,,,,,
2023,10,24,7,0,14.6,12.6,87.79,,,,,,,,,,,,,,,,,,,,,,,,,,,,,,,,,,,,
2023,10,24,8,0,14.5,12.7,88.72,,,,,,,,,,,,,,,,,,,,,,,,,,,,,,,,,,,,
2023,10,24,9,0,14.3,12.8,90.41,,,,,,,,,,,,,,,,,,,,,,,,,,,,,,,,,,,,
2023,10,24,10,0,14.2,12.8,91.55,,,,,,,,,,,,,,,,,,,,,,,,,,,,,,,,,,,,
2023,10,24,11,0,14.1,12.9,92.48,,,,,,,,,,,,,,,,,,,,,,,,,,,,,,,,,,,,
2023,10,24,12,0,15.1,13.1,87.89,,,,,,,,,,,,,,,,,,,,,,,,,,,,,,,,,,,,
2023,10,24,13,0,16.8,13.3,80.08,,,,,,,,,,,,,,,,,,,,,,,,,,,,,,,,,,,,
2023,10,24,14,0,19.1,13.9,71.64,,,,,,,,,,,,,,,,,,,,,,,,,,,,,,,,,,,,
2023,10,24,15,0,21,14.5,66.43,,,,,,,,,,,,,,,,,,,,,,,,,,,,,,,,,,,,
2023,10,24,16,0,22.1,14.7,63.08,,,,,,,,,,,,,,,,,,,,,,,,,,,,,,,,,,,,
2023,10,24,17,0,22.9,14.8,60.48,,,,,,,,,,,,,,,,,,,,,,,,,,,,,,,,,,,,
2023,10,24,18,0,23.4,14.9,58.73,,,,,,,,,,,,,,,,,,,,,,,,,,,,,,,,,,,,
2023,10,24,19,0,23.4,14.9,58.81,,,,,,,,,,,,,,,,,,,,,,,,,,,,,,,,,,,,
2023,10,24,20,0,23.2,15,59.82,,,,,,,,,,,,,,,,,,,,,,,,,,,,,,,,,,,,
2023,10,24,21,0,22.4,15.5,64.9,,,,,,,,,,,,,,,,,,,,,,,,,,,,,,,,,,,,
2023,10,24,22,0,20.4,16.4,77.77,,,,,,,,,,,,,,,,,,,,,,,,,,,,,,,,,,,,
2023,10,24,23,0,18.8,16.5,86.26,,,,,,,,,,,,,,,,,,,,,,,,,,,,,,,,,,,,
2023,10,25,0,0,18.6,16.8,89.38,,,,,,,,,,,,,,,,,,,,,,,,,,,,,,,,,,,,
2023,10,25,1,0,18.3,17.2,93.39,,,,,,,,,,,,,,,,,,,,,,,,,,,,,,,,,,,,
2023,10,25,2,0,18,17.5,97.05,,,,,,,,,,,,,,,,,,,,,,,,,,,,,,,,,,,,
2023,10,25,3,0,18,17.7,97.86,,,,,,,,,,,,,,,,,,,,,,,,,,,,,,,,,,,,
2023,10,25,4,0,18.2,17.6,96.57,,,,,,,,,,,,,,,,,,,,,,,,,,,,,,,,,,,,
2023,10,25,5,0,18.3,17.6,95.76,,,,,,,,,,,,,,,,,,,,,,,,,,,,,,,,,,,,
2023,10,25,6,0,18.3,17.6,95.98,,,,,,,,,,,,,,,,,,,,,,,,,,,,,,,,,,,,
2023,10,25,7,0,18.3,17.7,96.22,,,,,,,,,,,,,,,,,,,,,,,,,,,,,,,,,,,,
2023,10,25,8,0,18.4,17.7,95.88,,,,,,,,,,,,,,,,,,,,,,,,,,,,,,,,,,,,
2023,10,25,9,0,18.4,17.8,96.34,,,,,,,,,,,,,,,,,,,,,,,,,,,,,,,,,,,,
2023,10,25,10,0,18.4,17.8,96.03,,,,,,,,,,,,,,,,,,,,,,,,,,,,,,,,,,,,
2023,10,25,11,0,18.4,17.7,95.49,,,,,,,,,,,,,,,,,,,,,,,,,,,,,,,,,,,,
2023,10,25,12,0,19.1,17.7,91.55,,,,,,,,,,,,,,,,,,,,,,,,,,,,,,,,,,,,
2023,10,25,13,0,20.4,18,86.04,,,,,,,,,,,,,,,,,,,,,,,,,,,,,,,,,,,,
2023,10,25,14,0,22.2,18.4,79.28,,,,,,,,,,,,,,,,,,,,,,,,,,,,,,,,,,,,
2023,10,25,15,0,23.7,18.5,72.87,,,,,,,,,,,,,,,,,,,,,,,,,,,,,,,,,,,,
2023,10,25,16,0,24.8,18.3,67.2,,,,,,,,,,,,,,,,,,,,,,,,,,,,,,,,,,,,
2023,10,25,17,0,25.3,18.2,64.65,,,,,,,,,,,,,,,,,,,,,,,,,,,,,,,,,,,,
2023,10,25,18,0,25.5,18.1,63.78,,,,,,,,,,,,,,,,,,,,,,,,,,,,,,,,,,,,
2023,10,25,19,0,25.4,18.2,64.24,,,,,,,,,,,,,,,,,,,,,,,,,,,,,,,,,,,,
2023,10,25,20,0,25,18.2,65.92,,,,,,,,,,,,,,,,,,,,,,,,,,,,,,,,,,,,
2023,10,25,21,0,24.3,18.4,69.68,,,,,,,,,,,,,,,,,,,,,,,,,,,,,,,,,,,,
2023,10,25,22,0,22.7,19.1,80.1,,,,,,,,,,,,,,,,,,,,,,,,,,,,,,,,,,,,
2023,10,25,23,0,21.3,19.1,87.15,,,,,,,,,,,,,,,,,,,,,,,,,,,,,,,,,,,,
2023,10,26,0,0,21.2,19.2,88.18,,,,,,,,,,,,,,,,,,,,,,,,,,,,,,,,,,,,
2023,10,26,1,0,20.9,19.4,90.92,,,,,,,,,,,,,,,,,,,,,,,,,,,,,,,,,,,,
2023,10,26,2,0,20.8,19.5,92.46,,,,,,,,,,,,,,,,,,,,,,,,,,,,,,,,,,,,
2023,10,26,3,0,20.8,19.5,92.48,,,,,,,,,,,,,,,,,,,,,,,,,,,,,,,,,,,,
2023,10,26,4,0,20.8,19.4,91.76,,,,,,,,,,,,,,,,,,,,,,,,,,,,,,,,,,,,
2023,10,26,5,0,20.7,19.4,92.02,,,,,,,,,,,,,,,,,,,,,,,,,,,,,,,,,,,,
2023,10,26,6,0,20.7,19.4,92.04,,,,,,,,,,,,,,,,,,,,,,,,,,,,,,,,,,,,
2023,10,26,7,0,20.4,19.4,93.85,,,,,,,,,,,,,,,,,,,,,,,,,,,,,,,,,,,,
2023,10,26,8,0,20.2,19.3,94.8,,,,,,,,,,,,,,,,,,,,,,,,,,,,,,,,,,,,
2023,10,26,9,0,20,19.3,95.74,,,,,,,,,,,,,,,,,,,,,,,,,,,,,,,,,,,,
2023,10,26,10,0,20,19.2,95.4,,,,,,,,,,,,,,,,,,,,,,,,,,,,,,,,,,,,
2023,10,26,11,0,20.2,19.2,93.99,,,,,,,,,,,,,,,,,,,,,,,,,,,,,,,,,,,,
2023,10,26,12,0,20.9,19.3,90.68,,,,,,,,,,,,,,,,,,,,,,,,,,,,,,,,,,,,
2023,10,26,13,0,22,19.6,86.06,,,,,,,,,,,,,,,,,,,,,,,,,,,,,,,,,,,,
2023,10,26,14,0,23.3,19.4,78.84,,,,,,,,,,,,,,,,,,,,,,,,,,,,,,,,,,,,
2023,10,26,15,0,24.5,18.9,70.99,,,,,,,,,,,,,,,,,,,,,,,,,,,,,,,,,,,,
2023,10,26,16,0,25.1,18.7,67.69,,,,,,,,,,,,,,,,,,,,,,,,,,,,,,,,,,,,
2023,10,26,17,0,25.4,18.6,66.16,,,,,,,,,,,,,,,,,,,,,,,,,,,,,,,,,,,,
2023,10,26,18,0,25.5,18.6,65.57,,,,,,,,,,,,,,,,,,,,,,,,,,,,,,,,,,,,
2023,10,26,19,0,25.4,18.5,65.8,,,,,,,,,,,,,,,,,,,,,,,,,,,,,,,,,,,,
2023,10,26,20,0,25,18.6,67.47,,,,,,,,,,,,,,,,,,,,,,,,,,,,,,,,,,,,
2023,10,26,21,0,24.3,18.7,70.97,,,,,,,,,,,,,,,,,,,,,,,,,,,,,,,,,,,,
2023,10,26,22,0,22.9,19.3,80.22,,,,,,,,,,,,,,,,,,,,,,,,,,,,,,,,,,,,
2023,10,26,23,0,21.7,19.4,86.8,,,,,,,,,,,,,,,,,,,,,,,,,,,,,,,,,,,,
2023,10,27,0,0,21.5,19.4,87.93,,,,,,,,,,,,,,,,,,,,,,,,,,,,,,,,,,,,
2023,10,27,1,0,21.3,19.4,88.99,,,,,,,,,,,,,,,,,,,,,,,,,,,,,,,,,,,,
2023,10,27,2,0,21,19.4,90.76,,,,,,,,,,,,,,,,,,,,,,,,,,,,,,,,,,,,
2023,10,27,3,0,20.8,19.4,91.94,,,,,,,,,,,,,,,,,,,,,,,,,,,,,,,,,,,,
2023,10,27,4,0,20.6,19.4,92.95,,,,,,,,,,,,,,,,,,,,,,,,,,,,,,,,,,,,
2023,10,27,5,0,20.5,19.3,93.1,,,,,,,,,,,,,,,,,,,,,,,,,,,,,,,,,,,,
2023,10,27,6,0,20.5,19.3,92.63,,,,,,,,,,,,,,,,,,,,,,,,,,,,,,,,,,,,
2023,10,27,7,0,20.6,19.2,91.47,,,,,,,,,,,,,,,,,,,,,,,,,,,,,,,,,,,,
2023,10,27,8,0,20.7,19.1,90.34,,,,,,,,,,,,,,,,,,,,,,,,,,,,,,,,,,,,
2023,10,27,9,0,20.7,19,89.88,,,,,,,,,,,,,,,,,,,,,,,,,,,,,,,,,,,,
2023,10,27,10,0,20.6,19,90.3,,,,,,,,,,,,,,,,,,,,,,,,,,,,,,,,,,,,
2023,10,27,11,0,20.3,19,92.35,,,,,,,,,,,,,,,,,,,,,,,,,,,,,,,,,,,,
2023,10,27,12,0,21.1,19.4,90.25,,,,,,,,,,,,,,,,,,,,,,,,,,,,,,,,,,,,
2023,10,27,13,0,22.7,19.7,83.26,,,,,,,,,,,,,,,,,,,,,,,,,,,,,,,,,,,,
2023,10,27,14,0,24.3,19.5,74.4,,,,,,,,,,,,,,,,,,,,,,,,,,,,,,,,,,,,
2023,10,27,15,0,25.6,18.8,66.03,,,,,,,,,,,,,,,,,,,,,,,,,,,,,,,,,,,,
2023,10,27,16,0,26.2,18.5,62.43,,,,,,,,,,,,,,,,,,,,,,,,,,,,,,,,,,,,
2023,10,27,17,0,26.6,18.3,60.33,,,,,,,,,,,,,,,,,,,,,,,,,,,,,,,,,,,,
2023,10,27,18,0,26.7,18.2,59.78,,,,,,,,,,,,,,,,,,,,,,,,,,,,,,,,,,,,
2023,10,27,19,0,26.5,18.3,60.74,,,,,,,,,,,,,,,,,,,,,,,,,,,,,,,,,,,,
2023,10,27,20,0,26.1,18.4,62.72,,,,,,,,,,,,,,,,,,,,,,,,,,,,,,,,,,,,
2023,10,27,21,0,25.3,18.9,67.53,,,,,,,,,,,,,,,,,,,,,,,,,,,,,,,,,,,,
2023,10,27,22,0,23.4,19.9,80.78,,,,,,,,,,,,,,,,,,,,,,,,,,,,,,,,,,,,
2023,10,27,23,0,22,19.7,86.93,,,,,,,,,,,,,,,,,,,,,,,,,,,,,,,,,,,,
2023,10,28,0,0,21.5,19.8,89.9,,,,,,,,,,,,,,,,,,,,,,,,,,,,,,,,,,,,
2023,10,28,1,0,21.3,19.9,91.51,,,,,,,,,,,,,,,,,,,,,,,,,,,,,,,,,,,,
2023,10,28,2,0,21.1,20,93.29,,,,,,,,,,,,,,,,,,,,,,,,,,,,,,,,,,,,
2023,10,28,3,0,21,20,93.73,,,,,,,,,,,,,,,,,,,,,,,,,,,,,,,,,,,,
2023,10,28,4,0,21,19.8,92.59,,,,,,,,,,,,,,,,,,,,,,,,,,,,,,,,,,,,
2023,10,28,5,0,21.1,19.6,91.24,,,,,,,,,,,,,,,,,,,,,,,,,,,,,,,,,,,,
2023,10,28,6,0,21,19.5,91.07,,,,,,,,,,,,,,,,,,,,,,,,,,,,,,,,,,,,
2023,10,28,7,0,20.5,19.4,93.39,,,,,,,,,,,,,,,,,,,,,,,,,,,,,,,,,,,,
2023,10,28,8,0,19.6,19.3,98.12,,,,,,,,,,,,,,,,,,,,,,,,,,,,,,,,,,,,
2023,10,28,9,0,18.9,18.9,100,,,,,,,,,,,,,,,,,,,,,,,,,,,,,,,,,,,,
2023,10,28,10,0,18.4,18.4,100,,,,,,,,,,,,,,,,,,,,,,,,,,,,,,,,,,,,
2023,10,28,11,0,18.1,18.1,100,,,,,,,,,,,,,,,,,,,,,,,,,,,,,,,,,,,,
2023,10,28,12,0,19.1,18.9,98.61,,,,,,,,,,,,,,,,,,,,,,,,,,,,,,,,,,,,
2023,10,28,13,0,20.7,19,90.11,,,,,,,,,,,,,,,,,,,,,,,,,,,,,,,,,,,,
2023,10,28,14,0,23,18.6,76.4,,,,,,,,,,,,,,,,,,,,,,,,,,,,,,,,,,,,
2023,10,28,15,0,24.8,17.9,65.48,,,,,,,,,,,,,,,,,,,,,,,,,,,,,,,,,,,,
2023,10,28,16,0,25.8,17.3,59.4,,,,,,,,,,,,,,,,,,,,,,,,,,,,,,,,,,,,
2023,10,28,17,0,26.4,16.8,55.75,,,,,,,,,,,,,,,,,,,,,,,,,,,,,,,,,,,,
2023,10,28,18,0,26.6,16.8,54.84,,,,,,,,,,,,,,,,,,,,,,,,,,,,,,,,,,,,
2023,10,28,19,0,26.5,16.9,55.54,,,,,,,,,,,,,,,,,,,,,,,,,,,,,,,,,,,,
2023,10,28,20,0,26.1,17.2,58,,,,,,,,,,,,,,,,,,,,,,,,,,,,,,,,,,,,
2023,10,28,21,0,25.2,18,64.27,,,,,,,,,,,,,,,,,,,,,,,,,,,,,,,,,,,,
2023,10,28,22,0,22.8,19.1,79.41,,,,,,,,,,,,,,,,,,,,,,,,,,,,,,,,,,,,
2023,10,28,23,0,21.4,18.9,85.9,,,,,,,,,,,,,,,,,,,,,,,,,,,,,,,,,,,,
2023,10,29,0,0,21,19.2,89.36,,,,,,,,,,,,,,,,,,,,,,,,,,,,,,,,,,,,
2023,10,29,1,0,20.6,19.5,93.3,,,,,,,,,,,,,,,,,,,,,,,,,,,,,,,,,,,,
2023,10,29,2,0,20.3,19.7,96.41,,,,,,,,,,,,,,,,,,,,,,,,,,,,,,,,,,,,
2023,10,29,3,0,20.1,19.8,98.2,,,,,,,,,,,,,,,,,,,,,,,,,,,,,,,,,,,,
2023,10,29,4,0,20,19.8,98.78,,,,,,,,,,,,,,,,,,,,,,,,,,,,,,,,,,,,
2023,10,29,5,0,20,19.7,98.28,,,,,,,,,,,,,,,,,,,,,,,,,,,,,,,,,,,,
2023,10,29,6,0,19.8,19.6,98.92,,,,,,,,,,,,,,,,,,,,,,,,,,,,,,,,,,,,
2023,10,29,7,0,19.6,19.5,99.68,,,,,,,,,,,,,,,,,,,,,,,,,,,,,,,,,,,,
2023,10,29,8,0,19.2,19.2,100,,,,,,,,,,,,,,,,,,,,,,,,,,,,,,,,,,,,
2023,10,29,9,0,19,19,100,,,,,,,,,,,,,,,,,,,,,,,,,,,,,,,,,,,,
2023,10,29,10,0,18.8,18.8,100,,,,,,,,,,,,,,,,,,,,,,,,,,,,,,,,,,,,
2023,10,29,11,0,18.6,18.6,100,,,,,,,,,,,,,,,,,,,,,,,,,,,,,,,,,,,,
2023,10,29,12,0,19.2,18.7,96.92,,,,,,,,,,,,,,,,,,,,,,,,,,,,,,,,,,,,
2023,10,29,13,0,20.7,19,89.74,,,,,,,,,,,,,,,,,,,,,,,,,,,,,,,,,,,,
2023,10,29,14,0,23,18.4,75.29,,,,,,,,,,,,,,,,,,,,,,,,,,,,,,,,,,,,
2023,10,29,15,0,24.9,17.6,64,,,,,,,,,,,,,,,,,,,,,,,,,,,,,,,,,,,,
2023,10,29,16,0,25.9,17.4,59.42,,,,,,,,,,,,,,,,,,,,,,,,,,,,,,,,,,,,
2023,10,29,17,0,26.5,17.3,56.98,,,,,,,,,,,,,,,,,,,,,,,,,,,,,,,,,,,,
2023,10,29,18,0,26.6,17.4,56.91,,,,,,,,,,,,,,,,,,,,,,,,,,,,,,,,,,,,
2023,10,29,19,0,26.5,17.6,57.94,,,,,,,,,,,,,,,,,,,,,,,,,,,,,,,,,,,,
2023,10,29,20,0,26.1,17.8,60.3,,,,,,,,,,,,,,,,,,,,,,,,,,,,,,,,,,,,
2023,10,29,21,0,25.1,18.5,66.85,,,,,,,,,,,,,,,,,,,,,,,,,,,,,,,,,,,,
2023,10,29,22,0,22.9,19.5,81.07,,,,,,,,,,,,,,,,,,,,,,,,,,,,,,,,,,,,
2023,10,29,23,0,21.7,19.5,87.45,,,,,,,,,,,,,,,,,,,,,,,,,,,,,,,,,,,,
2023,10,30,0,0,21.5,19.9,90.81,,,,,,,,,,,,,,,,,,,,,,,,,,,,,,,,,,,,
2023,10,30,1,0,20.9,20.4,96.83,,,,,,,,,,,,,,,,,,,,,,,,,,,,,,,,,,,,
2023,10,30,2,0,20.5,20.5,100,,,,,,,,,,,,,,,,,,,,,,,,,,,,,,,,,,,,
2023,10,30,3,0,20.4,20.4,100,,,,,,,,,,,,,,,,,,,,,,,,,,,,,,,,,,,,
2023,10,30,4,0,20.3,20.3,100,,,,,,,,,,,,,,,,,,,,,,,,,,,,,,,,,,,,
2023,10,30,5,0,20.2,20.2,100,,,,,,,,,,,,,,,,,,,,,,,,,,,,,,,,,,,,
2023,10,30,6,0,20.1,20.1,100,,,,,,,,,,,,,,,,,,,,,,,,,,,,,,,,,,,,
2023,10,30,7,0,19.9,19.9,100,,,,,,,,,,,,,,,,,,,,,,,,,,,,,,,,,,,,
2023,10,30,8,0,19.7,19.7,100,,,,,,,,,,,,,,,,,,,,,,,,,,,,,,,,,,,,
2023,10,30,9,0,19.6,19.6,100,,,,,,,,,,,,,,,,,,,,,,,,,,,,,,,,,,,,
2023,10,30,10,0,19.4,19.4,100,,,,,,,,,,,,,,,,,,,,,,,,,,,,,,,,,,,,
2023,10,30,11,0,19.1,19.1,100,,,,,,,,,,,,,,,,,,,,,,,,,,,,,,,,,,,,
2023,10,30,12,0,20,20,100,,,,,,,,,,,,,,,,,,,,,,,,,,,,,,,,,,,,
2023,10,30,13,0,21.7,20.6,93.65,,,,,,,,,,,,,,,,,,,,,,,,,,,,,,,,,,,,
2023,10,30,14,0,23.2,20.3,83.7,,,,,,,,,,,,,,,,,,,,,,,,,,,,,,,,,,,,
2023,10,30,15,0,24.6,19.5,73.27,,,,,,,,,,,,,,,,,,,,,,,,,,,,,,,,,,,,
2023,10,30,16,0,25.5,18.9,66.98,,,,,,,,,,,,,,,,,,,,,,,,,,,,,,,,,,,,
2023,10,30,17,0,26.1,18.5,63.15,,,,,,,,,,,,,,,,,,,,,,,,,,,,,,,,,,,,
2023,10,30,18,0,26.3,18.3,61.51,,,,,,,,,,,,,,,,,,,,,,,,,,,,,,,,,,,,
2023,10,30,19,0,26.4,18.2,60.56,,,,,,,,,,,,,,,,,,,,,,,,,,,,,,,,,,,,
2023,10,30,20,0,26,18.2,62.28,,,,,,,,,,,,,,,,,,,,,,,,,,,,,,,,,,,,
2023,10,30,21,0,25.1,19,68.92,,,,,,,,,,,,,,,,,,,,,,,,,,,,,,,,,,,,
2023,10,30,22,0,22.8,19.9,83.59,,,,,,,,,,,,,,,,,,,,,,,,,,,,,,,,,,,,
2023,10,30,23,0,21.6,19.9,90.07,,,,,,,,,,,,,,,,,,,,,,,,,,,,,,,,,,,,
2023,10,31,0,0,21.4,20.3,93.53,,,,,,,,,,,,,,,,,,,,,,,,,,,,,,,,,,,,
2023,10,31,1,0,21.3,20.7,96.51,,,,,,,,,,,,,,,,,,,,,,,,,,,,,,,,,,,,
2023,10,31,2,0,21,20.9,99.57,,,,,,,,,,,,,,,,,,,,,,,,,,,,,,,,,,,,
2023,10,31,3,0,20.9,20.9,100,,,,,,,,,,,,,,,,,,,,,,,,,,,,,,,,,,,,
2023,10,31,4,0,20.6,20.6,100,,,,,,,,,,,,,,,,,,,,,,,,,,,,,,,,,,,,
2023,10,31,5,0,20.3,20.3,100,,,,,,,,,,,,,,,,,,,,,,,,,,,,,,,,,,,,
2023,10,31,6,0,20,20,100,,,,,,,,,,,,,,,,,,,,,,,,,,,,,,,,,,,,
2023,10,31,7,0,19.8,19.8,100,,,,,,,,,,,,,,,,,,,,,,,,,,,,,,,,,,,,
2023,10,31,8,0,19.6,19.6,100,,,,,,,,,,,,,,,,,,,,,,,,,,,,,,,,,,,,
2023,10,31,9,0,19.3,19.3,100,,,,,,,,,,,,,,,,,,,,,,,,,,,,,,,,,,,,
2023,10,31,10,0,18.8,18.8,100,,,,,,,,,,,,,,,,,,,,,,,,,,,,,,,,,,,,
2023,10,31,11,0,18.3,18.3,100,,,,,,,,,,,,,,,,,,,,,,,,,,,,,,,,,,,,
2023,10,31,12,0,18.8,18.5,98.15,,,,,,,,,,,,,,,,,,,,,,,,,,,,,,,,,,,,
2023,10,31,13,0,19.9,18.2,89.86,,,,,,,,,,,,,,,,,,,,,,,,,,,,,,,,,,,,
2023,10,31,14,0,21.5,18,80.57,,,,,,,,,,,,,,,,,,,,,,,,,,,,,,,,,,,,
2023,10,31,15,0,22.7,18.1,75.32,,,,,,,,,,,,,,,,,,,,,,,,,,,,,,,,,,,,
2023,10,31,16,0,23.4,18.3,73.16,,,,,,,,,,,,,,,,,,,,,,,,,,,,,,,,,,,,
2023,10,31,17,0,23.9,18.5,71.7,,,,,,,,,,,,,,,,,,,,,,,,,,,,,,,,,,,,
2023,10,31,18,0,24.1,18.5,70.98,,,,,,,,,,,,,,,,,,,,,,,,,,,,,,,,,,,,
2023,10,31,19,0,24,18.4,71.12,,,,,,,,,,,,,,,,,,,,,,,,,,,,,,,,,,,,
2023,10,31,20,0,23.4,18.3,72.96,,,,,,,,,,,,,,,,,,,,,,,,,,,,,,,,,,,,
2023,10,31,21,0,22.4,18,76.15,,,,,,,,,,,,,,,,,,,,,,,,,,,,,,,,,,,,
2023,10,31,22,0,21.2,17.7,80.42,,,,,,,,,,,,,,,,,,,,,,,,,,,,,,,,,,,,
2023,10,31,23,0,20.1,17.2,83.66,,,,,,,,,,,,,,,,,,,,,,,,,,,,,,,,,,,,
2023,11,1,0,0,18.9,16.4,85.58,,,,,,,,,,,,,,,,,,,,,,,,,,,,,,,,,,,,
2023,11,1,1,0,17.7,15.4,86.45,,,,,,,,,,,,,,,,,,,,,,,,,,,,,,,,,,,,
2023,11,1,2,0,16.6,14.5,87.34,,,,,,,,,,,,,,,,,,,,,,,,,,,,,,,,,,,,
2023,11,1,3,0,15.8,13.8,87.73,,,,,,,,,,,,,,,,,,,,,,,,,,,,,,,,,,,,
2023,11,1,4,0,15.3,13.2,87.52,,,,,,,,,,,,,,,,,,,,,,,,,,,,,,,,,,,,
2023,11,1,5,0,14.9,12.9,87.58,,,,,,,,,,,,,,,,,,,,,,,,,,,,,,,,,,,,
2023,11,1,6,0,14.5,12.5,87.75,,,,,,,,,,,,,,,,,,,,,,,,,,,,,,,,,,,,
2023,11,1,7,0,14.1,12,87.47,,,,,,,,,,,,,,,,,,,,,,,,,,,,,,,,,,,,
2023,11,1,8,0,13.7,11.6,86.93,,,,,,,,,,,,,,,,,,,,,,,,,,,,,,,,,,,,
2023,11,1,9,0,13.1,11.1,87.9,,,,,,,,,,,,,,,,,,,,,,,,,,,,,,,,,,,,
2023,11,1,10,0,12.7,10.3,85.27,,,,,,,,,,,,,,,,,,,,,,,,,,,,,,,,,,,,
2023,11,1,11,0,12,8.3,78.15,,,,,,,,,,,,,,,,,,,,,,,,,,,,,,,,,,,,
2023,11,1,12,0,11.5,6.2,70.09,,,,,,,,,,,,,,,,,,,,,,,,,,,,,,,,,,,,
2023,11,1,13,0,11.7,4.7,62.08,,,,,,,,,,,,,,,,,,,,,,,,,,,,,,,,,,,,
2023,11,1,14,0,12.2,3.8,56.46,,,,,,,,,,,,,,,,,,,,,,,,,,,,,,,,,,,,
2023,11,1,15,0,12.8,3.4,52.78,,,,,,,,,,,,,,,,,,,,,,,,,,,,,,,,,,,,
2023,11,1,16,0,13.4,2.9,48.88,,,,,,,,,,,,,,,,,,,,,,,,,,,,,,,,,,,,
2023,11,1,17,0,13.9,2.3,45.35,,,,,,,,,,,,,,,,,,,,,,,,,,,,,,,,,,,,
2023,11,1,18,0,14.1,1.8,43.19,,,,,,,,,,,,,,,,,,,,,,,,,,,,,,,,,,,,
2023,11,1,19,0,14.2,1.4,41.74,,,,,,,,,,,,,,,,,,,,,,,,,,,,,,,,,,,,
2023,11,1,20,0,13.9,1,41.57,,,,,,,,,,,,,,,,,,,,,,,,,,,,,,,,,,,,
2023,11,1,21,0,13.3,0.9,42.69,,,,,,,,,,,,,,,,,,,,,,,,,,,,,,,,,,,,
2023,11,1,22,0,12.1,1.4,48.11,,,,,,,,,,,,,,,,,,,,,,,,,,,,,,,,,,,,
2023,11,1,23,0,10.7,2.8,58.22,,,,,,,,,,,,,,,,,,,,,,,,,,,,,,,,,,,,
2023,11,2,0,0,10,3.5,63.87,,,,,,,,,,,,,,,,,,,,,,,,,,,,,,,,,,,,
2023,11,2,1,0,9.7,3.8,66.77,,,,,,,,,,,,,,,,,,,,,,,,,,,,,,,,,,,,
2023,11,2,2,0,9.3,4.1,69.98,,,,,,,,,,,,,,,,,,,,,,,,,,,,,,,,,,,,
2023,11,2,3,0,9.1,4.3,71.87,,,,,,,,,,,,,,,,,,,,,,,,,,,,,,,,,,,,
2023,11,2,4,0,8.8,4.4,73.81,,,,,,,,,,,,,,,,,,,,,,,,,,,,,,,,,,,,
2023,11,2,5,0,8.6,4.5,75.28,,,,,,,,,,,,,,,,,,,,,,,,,,,,,,,,,,,,
2023,11,2,6,0,8.4,4.6,76.97,,,,,,,,,,,,,,,,,,,,,,,,,,,,,,,,,,,,
2023,11,2,7,0,8.1,4.8,79.45,,,,,,,,,,,,,,,,,,,,,,,,,,,,,,,,,,,,
2023,11,2,8,0,7.8,4.9,81.88,,,,,,,,,,,,,,,,,,,,,,,,,,,,,,,,,,,,
2023,11,2,9,0,7.5,5,84.37,,,,,,,,,,,,,,,,,,,,,,,,,,,,,,,,,,,,
2023,11,2,10,0,7.3,5.2,86.5,,,,,,,,,,,,,,,,,,,,,,,,,,,,,,,,,,,,
2023,11,2,11,0,7.1,5.4,88.79,,,,,,,,,,,,,,,,,,,,,,,,,,,,,,,,,,,,
2023,11,2,12,0,7.7,5.5,85.69,,,,,,,,,,,,,,,,,,,,,,,,,,,,,,,,,,,,
2023,11,2,13,0,9.4,5.3,75.45,,,,,,,,,,,,,,,,,,,,,,,,,,,,,,,,,,,,
2023,11,2,14,0,11.3,5,65.15,,,,,,,,,,,,,,,,,,,,,,,,,,,,,,,,,,,,
2023,11,2,15,0,13,4.7,56.9,,,,,,,,,,,,,,,,,,,,,,,,,,,,,,,,,,,,
2023,11,2,16,0,14.2,4.3,51.37,,,,,,,,,,,,,,,,,,,,,,,,,,,,,,,,,,,,
2023,11,2,17,0,15.1,4.1,47.68,,,,,,,,,,,,,,,,,,,,,,,,,,,,,,,,,,,,
2023,11,2,18,0,15.8,4,45.23,,,,,,,,,,,,,,,,,,,,,,,,,,,,,,,,,,,,
2023,11,2,19,0,16,3.9,44.61,,,,,,,,,,,,,,,,,,,,,,,,,,,,,,,,,,,,
2023,11,2,20,0,15.9,4.1,45.31,,,,,,,,,,,,,,,,,,,,,,,,,,,,,,,,,,,,
2023,11,2,21,0,15.3,4.5,48.38,,,,,,,,,,,,,,,,,,,,,,,,,,,,,,,,,,,,
2023,11,2,22,0,13,6.2,63.17,,,,,,,,,,,,,,,,,,,,,,,,,,,,,,,,,,,,
2023,11,2,23,0,11.8,6.1,68.18,,,,,,,,,,,,,,,,,,,,,,,,,,,,,,,,,,,,
2023,11,3,0,0,11.5,6.3,70.49,,,,,,,,,,,,,,,,,,,,,,,,,,,,,,,,,,,,
2023,11,3,1,0,11.4,6.8,73.24,,,,,,,,,,,,,,,,,,,,,,,,,,,,,,,,,,,,
2023,11,3,2,0,11.3,7.3,76.43,,,,,,,,,,,,,,,,,,,,,,,,,,,,,,,,,,,,
2023,11,3,3,0,11.3,7.6,78,,,,,,,,,,,,,,,,,,,,,,,,,,,,,,,,,,,,
2023,11,3,4,0,11.4,7.7,78.24,,,,,,,,,,,,,,,,,,,,,,,,,,,,,,,,,,,,
2023,11,3,5,0,11.3,8,79.93,,,,,,,,,,,,,,,,,,,,,,,,,,,,,,,,,,,,
2023,11,3,6,0,11.2,8.1,81.33,,,,,,,,,,,,,,,,,,,,,,,,,,,,,,,,,,,,
2023,11,3,7,0,10.9,8.2,83.28,,,,,,,,,,,,,,,,,,,,,,,,,,,,,,,,,,,,
2023,11,3,8,0,10.7,8.1,84.23,,,,,,,,,,,,,,,,,,,,,,,,,,,,,,,,,,,,
2023,11,3,9,0,10.4,8.2,86.05,,,,,,,,,,,,,,,,,,,,,,,,,,,,,,,,,,,,
2023,11,3,10,0,10.2,8.3,87.72,,,,,,,,,,,,,,,,,,,,,,,,,,,,,,,,,,,,
2023,11,3,11,0,10,8.4,89.57,,,,,,,,,,,,,,,,,,,,,,,,,,,,,,,,,,,,
2023,11,3,12,0,10.4,8.6,88.63,,,,,,,,,,,,,,,,,,,,,,,,,,,,,,,,,,,,
2023,11,3,13,0,11.9,9,82.53,,,,,,,,,,,,,,,,,,,,,,,,,,,,,,,,,,,,
2023,11,3,14,0,14.3,9.8,74.48,,,,,,,,,,,,,,,,,,,,,,,,,,,,,,,,,,,,
2023,11,3,15,0,16.6,10.7,68.12,,,,,,,,,,,,,,,,,,,,,,,,,,,,,,,,,,,,
2023,11,3,16,0,18.3,11.4,64.21,,,,,,,,,,,,,,,,,,,,,,,,,,,,,,,,,,,,
2023,11,3,17,0,19.6,11.7,60.17,,,,,,,,,,,,,,,,,,,,,,,,,,,,,,,,,,,,
2023,11,3,18,0,20.3,11.4,56.73,,,,,,,,,,,,,,,,,,,,,,,,,,,,,,,,,,,,
2023,11,3,19,0,20.6,11,53.97,,,,,,,,,,,,,,,,,,,,,,,,,,,,,,,,,,,,
2023,11,3,20,0,20.3,10.4,53.13,,,,,,,,,,,,,,,,,,,,,,,,,,,,,,,,,,,,
2023,11,3,21,0,19.5,10.6,56.57,,,,,,,,,,,,,,,,,,,,,,,,,,,,,,,,,,,,
2023,11,3,22,0,16.8,11.3,69.88,,,,,,,,,,,,,,,,,,,,,,,,,,,,,,,,,,,,
2023,11,3,23,0,15.2,10.6,73.8,,,,,,,,,,,,,,,,,,,,,,,,,,,,,,,,,,,,
2023,11,4,0,0,14.6,10.3,75.28,,,,,,,,,,,,,,,,,,,,,,,,,,,,,,,,,,,,
2023,11,4,1,0,14,10.1,77.24,,,,,,,,,,,,,,,,,,,,,,,,,,,,,,,,,,,,
2023,11,4,2,0,13.5,9.8,78.53,,,,,,,,,,,,,,,,,,,,,,,,,,,,,,,,,,,,
2023,11,4,3,0,13,9.5,79.08,,,,,,,,,,,,,,,,,,,,,,,,,,,,,,,,,,,,
2023,11,4,4,0,12.6,9,78.61,,,,,,,,,,,,,,,,,,,,,,,,,,,,,,,,,,,,
2023,11,4,5,0,12.2,8.5,77.97,,,,,,,,,,,,,,,,,,,,,,,,,,,,,,,,,,,,
2023,11,4,6,0,11.9,8,77.1,,,,,,,,,,,,,,,,,,,,,,,,,,,,,,,,,,,,
2023,11,4,7,0,11.8,7.6,75.35,,,,,,,,,,,,,,,,,,,,,,,,,,,,,,,,,,,,
2023,11,4,8,0,11.5,7.3,75.35,,,,,,,,,,,,,,,,,,,,,,,,,,,,,,,,,,,,
2023,11,4,9,0,11.1,7.1,76.54,,,,,,,,,,,,,,,,,,,,,,,,,,,,,,,,,,,,
2023,11,4,10,0,10.9,7.1,77.27,,,,,,,,,,,,,,,,,,,,,,,,,,,,,,,,,,,,
2023,11,4,11,0,10.5,6.9,78.58,,,,,,,,,,,,,,,,,,,,,,,,,,,,,,,,,,,,
2023,11,4,12,0,10.8,6.8,76.21,,,,,,,,,,,,,,,,,,,,,,,,,,,,,,,,,,,,
2023,11,4,13,0,12.2,6.7,69.26,,,,,,,,,,,,,,,,,,,,,,,,,,,,,,,,,,,,
2023,11,4,14,0,14.6,7.1,60.95,,,,,,,,,,,,,,,,,,,,,,,,,,,,,,,,,,,,
2023,11,4,15,0,17.3,7.3,51.89,,,,,,,,,,,,,,,,,,,,,,,,,,,,,,,,,,,,
2023,11,4,16,0,19.3,8,48.08,,,,,,,,,,,,,,,,,,,,,,,,,,,,,,,,,,,,
2023,11,4,17,0,20.8,9,46.79,,,,,,,,,,,,,,,,,,,,,,,,,,,,,,,,,,,,
2023,11,4,18,0,21.9,9.8,46.04,,,,,,,,,,,,,,,,,,,,,,,,,,,,,,,,,,,,
2023,11,4,19,0,22.5,10.1,45.38,,,,,,,,,,,,,,,,,,,,,,,,,,,,,,,,,,,,
2023,11,4,20,0,22.5,10.4,46.17,,,,,,,,,,,,,,,,,,,,,,,,,,,,,,,,,,,,
2023,11,4,21,0,21.6,11.6,53.13,,,,,,,,,,,,,,,,,,,,,,,,,,,,,,,,,,,,
2023,11,4,22,0,18.7,12,64.86,,,,,,,,,,,,,,,,,,,,,,,,,,,,,,,,,,,,
2023,11,4,23,0,17.4,10.7,64.66,,,,,,,,,,,,,,,,,,,,,,,,,,,,,,,,,,,,
2023,11,5,0,0,16.7,9.9,64.23,,,,,,,,,,,,,,,,,,,,,,,,,,,,,,,,,,,,
2023,11,5,1,0,15.9,9.5,65.85,,,,,,,,,,,,,,,,,,,,,,,,,,,,,,,,,,,,
2023,11,5,2,0,15.3,9.3,67.22,,,,,,,,,,,,,,,,,,,,,,,,,,,,,,,,,,,,
2023,11,5,3,0,14.8,8.9,67.93,,,,,,,,,,,,,,,,,,,,,,,,,,,,,,,,,,,,
2023,11,5,4,0,14.5,8.5,67.35,,,,,,,,,,,,,,,,,,,,,,,,,,,,,,,,,,,,
2023,11,5,5,0,14.1,8.2,67.41,,,,,,,,,,,,,,,,,,,,,,,,,,,,,,,,,,,,
2023,11,5,6,0,13.7,7.9,67.97,,,,,,,,,,,,,,,,,,,,,,,,,,,,,,,,,,,,
2023,11,5,7,0,12.9,7.7,70.64,,,,,,,,,,,,,,,,,,,,,,,,,,,,,,,,,,,,
2023,11,5,8,0,12.3,7.4,72,,,,,,,,,,,,,,,,,,,,,,,,,,,,,,,,,,,,
2023,11,5,9,0,11.8,7.2,73.66,,,,,,,,,,,,,,,,,,,,,,,,,,,,,,,,,,,,
2023,11,5,10,0,11.4,7.3,75.71,,,,,,,,,,,,,,,,,,,,,,,,,,,,,,,,,,,,
2023,11,5,11,0,11,7.3,77.88,,,,,,,,,,,,,,,,,,,,,,,,,,,,,,,,,,,,
2023,11,5,12,0,11.4,7.5,76.7,,,,,,,,,,,,,,,,,,,,,,,,,,,,,,,,,,,,
2023,11,5,13,0,13.2,7.5,68.35,,,,,,,,,,,,,,,,,,,,,,,,,,,,,,,,,,,,
2023,11,5,14,0,15.6,8,60.66,,,,,,,,,,,,,,,,,,,,,,,,,,,,,,,,,,,,
2023,11,5,15,0,18.7,8.2,50.59,,,,,,,,,,,,,,,,,,,,,,,,,,,,,,,,,,,,
2023,11,5,16,0,21.4,7,39.38,,,,,,,,,,,,,,,,,,,,,,,,,,,,,,,,,,,,
2023,11,5,17,0,22.7,6.6,35.46,,,,,,,,,,,,,,,,,,,,,,,,,,,,,,,,,,,,
2023,11,5,18,0,23.3,6.6,34.13,,,,,,,,,,,,,,,,,,,,,,,,,,,,,,,,,,,,
2023,11,5,19,0,23.6,6.7,33.76,,,,,,,,,,,,,,,,,,,,,,,,,,,,,,,,,,,,
2023,11,5,20,0,23.4,7.5,35.95,,,,,,,,,,,,,,,,,,,,,,,,,,,,,,,,,,,,
2023,11,5,21,0,22.1,10.4,47.43,,,,,,,,,,,,,,,,,,,,,,,,,,,,,,,,,,,,
2023,11,5,22,0,20.1,10.9,55.35,,,,,,,,,,,,,,,,,,,,,,,,,,,,,,,,,,,,
2023,11,5,23,0,19.1,10.3,56.65,,,,,,,,,,,,,,,,,,,,,,,,,,,,,,,,,,,,
2023,11,6,0,0,18.2,10.4,60.55,,,,,,,,,,,,,,,,,,,,,,,,,,,,,,,,,,,,
2023,11,6,1,0,17.4,10.6,64.34,,,,,,,,,,,,,,,,,,,,,,,,,,,,,,,,,,,,
2023,11,6,2,0,16.7,10.7,67.55,,,,,,,,,,,,,,,,,,,,,,,,,,,,,,,,,,,,
2023,11,6,3,0,16.1,10.7,70.41,,,,,,,,,,,,,,,,,,,,,,,,,,,,,,,,,,,,
2023,11,6,4,0,15.4,10.7,73.71,,,,,,,,,,,,,,,,,,,,,,,,,,,,,,,,,,,,
2023,11,6,5,0,14.9,10.8,76.67,,,,,,,,,,,,,,,,,,,,,,,,,,,,,,,,,,,,
2023,11,6,6,0,14.4,11,80.04,,,,,,,,,,,,,,,,,,,,,,,,,,,,,,,,,,,,
2023,11,6,7,0,13.8,11.2,84.19,,,,,,,,,,,,,,,,,,,,,,,,,,,,,,,,,,,,
2023,11,6,8,0,13.3,11.3,87.76,,,,,,,,,,,,,,,,,,,,,,,,,,,,,,,,,,,,
2023,11,6,9,0,12.9,11.4,90.54,,,,,,,,,,,,,,,,,,,,,,,,,,,,,,,,,,,,
2023,11,6,10,0,12.7,11.5,92.28,,,,,,,,,,,,,,,,,,,,,,,,,,,,,,,,,,,,
2023,11,6,11,0,12.5,11.6,94.08,,,,,,,,,,,,,,,,,,,,,,,,,,,,,,,,,,,,
2023,11,6,12,0,13.3,11.9,91.41,,,,,,,,,,,,,,,,,,,,,,,,,,,,,,,,,,,,
2023,11,6,13,0,15.7,12.3,80.34,,,,,,,,,,,,,,,,,,,,,,,,,,,,,,,,,,,,
2023,11,6,14,0,17.8,12.7,72.26,,,,,,,,,,,,,,,,,,,,,,,,,,,,,,,,,,,,
2023,11,6,15,0,20.7,11.9,56.98,,,,,,,,,,,,,,,,,,,,,,,,,,,,,,,,,,,,
2023,11,6,16,0,22.3,11.4,50.02,,,,,,,,,,,,,,,,,,,,,,,,,,,,,,,,,,,,
2023,11,6,17,0,23.1,11.2,47.04,,,,,,,,,,,,,,,,,,,,,,,,,,,,,,,,,,,,
2023,11,6,18,0,23.6,10.9,44.67,,,,,,,,,,,,,,,,,,,,,,,,,,,,,,,,,,,,
2023,11,6,19,0,23.7,10.8,44.19,,,,,,,,,,,,,,,,,,,,,,,,,,,,,,,,,,,,
2023,11,6,20,0,23.5,11,45.34,,,,,,,,,,,,,,,,,,,,,,,,,,,,,,,,,,,,
2023,11,6,21,0,22.6,12.6,53.13,,,,,,,,,,,,,,,,,,,,,,,,,,,,,,,,,,,,
2023,11,6,22,0,20.5,13.7,64.86,,,,,,,,,,,,,,,,,,,,,,,,,,,,,,,,,,,,
2023,11,6,23,0,18.9,13.8,72.2,,,,,,,,,,,,,,,,,,,,,,,,,,,,,,,,,,,,
2023,11,7,0,0,18,14.3,78.8,,,,,,,,,,,,,,,,,,,,,,,,,,,,,,,,,,,,
2023,11,7,1,0,17.6,14.7,83.13,,,,,,,,,,,,,,,,,,,,,,,,,,,,,,,,,,,,
2023,11,7,2,0,17.3,15.2,87.33,,,,,,,,,,,,,,,,,,,,,,,,,,,,,,,,,,,,
2023,11,7,3,0,16.9,15.4,90.76,,,,,,,,,,,,,,,,,,,,,,,,,,,,,,,,,,,,
2023,11,7,4,0,16.3,15.2,93.48,,,,,,,,,,,,,,,,,,,,,,,,,,,,,,,,,,,,
2023,11,7,5,0,15.8,15.1,95.41,,,,,,,,,,,,,,,,,,,,,,,,,,,,,,,,,,,,
2023,11,7,6,0,15.3,14.9,97.18,,,,,,,,,,,,,,,,,,,,,,,,,,,,,,,,,,,,
2023,11,7,7,0,15,14.7,97.82,,,,,,,,,,,,,,,,,,,,,,,,,,,,,,,,,,,,
2023,11,7,8,0,14.8,14.4,97.75,,,,,,,,,,,,,,,,,,,,,,,,,,,,,,,,,,,,
2023,11,7,9,0,14.5,14.3,98.51,,,,,,,,,,,,,,,,,,,,,,,,,,,,,,,,,,,,
2023,11,7,10,0,14,14,100,,,,,,,,,,,,,,,,,,,,,,,,,,,,,,,,,,,,
2023,11,7,11,0,13.7,13.7,99.89,,,,,,,,,,,,,,,,,,,,,,,,,,,,,,,,,,,,
2023,11,7,12,0,14.2,13.4,95.24,,,,,,,,,,,,,,,,,,,,,,,,,,,,,,,,,,,,
2023,11,7,13,0,16.3,13.4,82.75,,,,,,,,,,,,,,,,,,,,,,,,,,,,,,,,,,,,
2023,11,7,14,0,18.2,13.2,72.76,,,,,,,,,,,,,,,,,,,,,,,,,,,,,,,,,,,,
2023,11,7,15,0,20.9,12.9,60.18,,,,,,,,,,,,,,,,,,,,,,,,,,,,,,,,,,,,
2023,11,7,16,0,23.2,11.8,48.63,,,,,,,,,,,,,,,,,,,,,,,,,,,,,,,,,,,,
2023,11,7,17,0,24.2,11.5,44.91,,,,,,,,,,,,,,,,,,,,,,,,,,,,,,,,,,,,
2023,11,7,18,0,24.7,11.5,43.72,,,,,,,,,,,,,,,,,,,,,,,,,,,,,,,,,,,,
2023,11,7,19,0,24.8,11.7,44.06,,,,,,,,,,,,,,,,,,,,,,,,,,,,,,,,,,,,
2023,11,7,20,0,24.4,12.2,46.57,,,,,,,,,,,,,,,,,,,,,,,,,,,,,,,,,,,,
2023,11,7,21,0,23.1,14.1,56.9,,,,,,,,,,,,,,,,,,,,,,,,,,,,,,,,,,,,
2023,11,7,22,0,20.3,14.9,71.31,,,,,,,,,,,,,,,,,,,,,,,,,,,,,,,,,,,,
2023,11,7,23,0,19.2,15,76.55,,,,,,,,,,,,,,,,,,,,,,,,,,,,,,,,,,,,
2023,11,8,0,0,18.8,15.4,80.46,,,,,,,,,,,,,,,,,,,,,,,,,,,,,,,,,,,,
2023,11,8,1,0,18.5,15.8,84.25,,,,,,,,,,,,,,,,,,,,,,,,,,,,,,,,,,,,
2023,11,8,2,0,18.1,16.1,87.85,,,,,,,,,,,,,,,,,,,,,,,,,,,,,,,,,,,,
2023,11,8,3,0,17.8,16,89.03,,,,,,,,,,,,,,,,,,,,,,,,,,,,,,,,,,,,
2023,11,8,4,0,17.3,15.7,90.49,,,,,,,,,,,,,,,,,,,,,,,,,,,,,,,,,,,,
2023,11,8,5,0,16.8,15.5,92.28,,,,,,,,,,,,,,,,,,,,,,,,,,,,,,,,,,,,
2023,11,8,6,0,16.2,15.4,95.25,,,,,,,,,,,,,,,,,,,,,,,,,,,,,,,,,,,,
2023,11,8,7,0,15.8,15.3,97.02,,,,,,,,,,,,,,,,,,,,,,,,,,,,,,,,,,,,
2023,11,8,8,0,15.3,15.2,99.25,,,,,,,,,,,,,,,,,,,,,,,,,,,,,,,,,,,,
2023,11,8,9,0,14.9,14.9,100,,,,,,,,,,,,,,,,,,,,,,,,,,,,,,,,,,,,
2023,11,8,10,0,14.7,14.7,100,,,,,,,,,,,,,,,,,,,,,,,,,,,,,,,,,,,,
2023,11,8,11,0,14.4,14.4,100,,,,,,,,,,,,,,,,,,,,,,,,,,,,,,,,,,,,
2023,11,8,12,0,15,14.8,98.75,,,,,,,,,,,,,,,,,,,,,,,,,,,,,,,,,,,,
2023,11,8,13,0,16.9,14.9,88.08,,,,,,,,,,,,,,,,,,,,,,,,,,,,,,,,,,,,
2023,11,8,14,0,18.9,15.2,79.37,,,,,,,,,,,,,,,,,,,,,,,,,,,,,,,,,,,,
2023,11,8,15,0,21.5,15.6,69.32,,,,,,,,,,,,,,,,,,,,,,,,,,,,,,,,,,,,
2023,11,8,16,0,23.9,15.1,57.71,,,,,,,,,,,,,,,,,,,,,,,,,,,,,,,,,,,,
2023,11,8,17,0,25,14.8,52.98,,,,,,,,,,,,,,,,,,,,,,,,,,,,,,,,,,,,
2023,11,8,18,0,25.3,14.9,52.5,,,,,,,,,,,,,,,,,,,,,,,,,,,,,,,,,,,,
2023,11,8,19,0,25.3,15.1,53.21,,,,,,,,,,,,,,,,,,,,,,,,,,,,,,,,,,,,
2023,11,8,20,0,24.8,15.4,56.01,,,,,,,,,,,,,,,,,,,,,,,,,,,,,,,,,,,,
2023,11,8,21,0,23.5,16.4,64.32,,,,,,,,,,,,,,,,,,,,,,,,,,,,,,,,,,,,
2023,11,8,22,0,21.1,17,77.63,,,,,,,,,,,,,,,,,,,,,,,,,,,,,,,,,,,,
2023,11,8,23,0,20.1,17.3,83.72,,,,,,,,,,,,,,,,,,,,,,,,,,,,,,,,,,,,
2023,11,9,0,0,19.5,17.6,88.54,,,,,,,,,,,,,,,,,,,,,,,,,,,,,,,,,,,,
2023,11,9,1,0,19.1,17.7,91.89,,,,,,,,,,,,,,,,,,,,,,,,,,,,,,,,,,,,
2023,11,9,2,0,18.8,17.8,94.04,,,,,,,,,,,,,,,,,,,,,,,,,,,,,,,,,,,,
2023,11,9,3,0,18.7,17.7,94.1,,,,,,,,,,,,,,,,,,,,,,,,,,,,,,,,,,,,
2023,11,9,4,0,18.6,17.6,94.05,,,,,,,,,,,,,,,,,,,,,,,,,,,,,,,,,,,,
2023,11,9,5,0,18.5,17.6,94.28,,,,,,,,,,,,,,,,,,,,,,,,,,,,,,,,,,,,
2023,11,9,6,0,18.2,17.5,95.82,,,,,,,,,,,,,,,,,,,,,,,,,,,,,,,,,,,,
2023,11,9,7,0,17.7,17.5,98.62,,,,,,,,,,,,,,,,,,,,,,,,,,,,,,,,,,,,
2023,11,9,8,0,17.3,17.3,100,,,,,,,,,,,,,,,,,,,,,,,,,,,,,,,,,,,,
2023,11,9,9,0,17.3,17.3,99.76,,,,,,,,,,,,,,,,,,,,,,,,,,,,,,,,,,,,
2023,11,9,10,0,17,17,99.93,,,,,,,,,,,,,,,,,,,,,,,,,,,,,,,,,,,,
2023,11,9,11,0,16.3,16.3,100,,,,,,,,,,,,,,,,,,,,,,,,,,,,,,,,,,,,
2023,11,9,12,0,16.7,16.1,96.36,,,,,,,,,,,,,,,,,,,,,,,,,,,,,,,,,,,,
2023,11,9,13,0,18.2,15.9,86.2,,,,,,,,,,,,,,,,,,,,,,,,,,,,,,,,,,,,
2023,11,9,14,0,20,15.8,76.94,,,,,,,,,,,,,,,,,,,,,,,,,,,,,,,,,,,,
2023,11,9,15,0,22.3,15.6,66.03,,,,,,,,,,,,,,,,,,,,,,,,,,,,,,,,,,,,
2023,11,9,16,0,23.9,15.1,57.8,,,,,,,,,,,,,,,,,,,,,,,,,,,,,,,,,,,,
2023,11,9,17,0,24.8,14.9,54.01,,,,,,,,,,,,,,,,,,,,,,,,,,,,,,,,,,,,
2023,11,9,18,0,25.1,14.9,53,,,,,,,,,,,,,,,,,,,,,,,,,,,,,,,,,,,,
2023,11,9,19,0,24.9,15,54.18,,,,,,,,,,,,,,,,,,,,,,,,,,,,,,,,,,,,
2023,11,9,20,0,24.3,15.4,57.46,,,,,,,,,,,,,,,,,,,,,,,,,,,,,,,,,,,,
2023,11,9,21,0,23.2,16.2,64.91,,,,,,,,,,,,,,,,,,,,,,,,,,,,,,,,,,,,
2023,11,9,22,0,20.9,17.1,78.83,,,,,,,,,,,,,,,,,,,,,,,,,,,,,,,,,,,,
2023,11,9,23,0,20,17.5,85.33,,,,,,,,,,,,,,,,,,,,,,,,,,,,,,,,,,,,
2023,11,10,0,0,19.6,18,90.23,,,,,,,,,,,,,,,,,,,,,,,,,,,,,,,,,,,,
2023,11,10,1,0,19.1,18.4,95.51,,,,,,,,,,,,,,,,,,,,,,,,,,,,,,,,,,,,
2023,11,10,2,0,18.7,18.7,99.71,,,,,,,,,,,,,,,,,,,,,,,,,,,,,,,,,,,,
2023,11,10,3,0,18.4,18.4,100,,,,,,,,,,,,,,,,,,,,,,,,,,,,,,,,,,,,
2023,11,10,4,0,18.1,18.1,100,,,,,,,,,,,,,,,,,,,,,,,,,,,,,,,,,,,,
2023,11,10,5,0,17.9,17.9,99.97,,,,,,,,,,,,,,,,,,,,,,,,,,,,,,,,,,,,
2023,11,10,6,0,17.6,17.5,99.09,,,,,,,,,,,,,,,,,,,,,,,,,,,,,,,,,,,,
2023,11,10,7,0,17.5,17.1,97.28,,,,,,,,,,,,,,,,,,,,,,,,,,,,,,,,,,,,
2023,11,10,8,0,17.4,16.8,96.32,,,,,,,,,,,,,,,,,,,,,,,,,,,,,,,,,,,,
2023,11,10,9,0,17.1,16.7,97.7,,,,,,,,,,,,,,,,,,,,,,,,,,,,,,,,,,,,
2023,11,10,10,0,16.6,16.6,100,,,,,,,,,,,,,,,,,,,,,,,,,,,,,,,,,,,,
2023,11,10,11,0,16.6,16.6,100,,,,,,,,,,,,,,,,,,,,,,,,,,,,,,,,,,,,
2023,11,10,12,0,17.4,17.2,98.98,,,,,,,,,,,,,,,,,,,,,,,,,,,,,,,,,,,,
2023,11,10,13,0,19.4,17.7,89.98,,,,,,,,,,,,,,,,,,,,,,,,,,,,,,,,,,,,
2023,11,10,14,0,21.1,18.1,83.13,,,,,,,,,,,,,,,,,,,,,,,,,,,,,,,,,,,,
2023,11,10,15,0,22.7,18,74.64,,,,,,,,,,,,,,,,,,,,,,,,,,,,,,,,,,,,
2023,11,10,16,0,23,17.9,72.82,,,,,,,,,,,,,,,,,,,,,,,,,,,,,,,,,,,,
2023,11,10,17,0,23.2,17.8,71.56,,,,,,,,,,,,,,,,,,,,,,,,,,,,,,,,,,,,
2023,11,10,18,0,23.6,17.6,69.02,,,,,,,,,,,,,,,,,,,,,,,,,,,,,,,,,,,,
2023,11,10,19,0,23.9,17.2,66.27,,,,,,,,,,,,,,,,,,,,,,,,,,,,,,,,,,,,
2023,11,10,20,0,24.1,16.9,64.08,,,,,,,,,,,,,,,,,,,,,,,,,,,,,,,,,,,,
2023,11,10,21,0,23.4,17.9,71.16,,,,,,,,,,,,,,,,,,,,,,,,,,,,,,,,,,,,
2023,11,10,22,0,22.3,17.8,75.64,,,,,,,,,,,,,,,,,,,,,,,,,,,,,,,,,,,,
2023,11,10,23,0,22,17.5,75.48,,,,,,,,,,,,,,,,,,,,,,,,,,,,,,,,,,,,
2023,11,11,0,0,21.2,17.7,80.41,,,,,,,,,,,,,,,,,,,,,,,,,,,,,,,,,,,,
2023,11,11,1,0,20.5,17.8,84.75,,,,,,,,,,,,,,,,,,,,,,,,,,,,,,,,,,,,
2023,11,11,2,0,19.8,18,89.53,,,,,,,,,,,,,,,,,,,,,,,,,,,,,,,,,,,,
2023,11,11,3,0,19.3,18,92.35,,,,,,,,,,,,,,,,,,,,,,,,,,,,,,,,,,,,
2023,11,11,4,0,18.6,17.7,94.55,,,,,,,,,,,,,,,,,,,,,,,,,,,,,,,,,,,,
2023,11,11,5,0,17.8,17.1,95.42,,,,,,,,,,,,,,,,,,,,,,,,,,,,,,,,,,,,
2023,11,11,6,0,16.8,16.1,95.6,,,,,,,,,,,,,,,,,,,,,,,,,,,,,,,,,,,,
2023,11,11,7,0,15.9,15.1,94.89,,,,,,,,,,,,,,,,,,,,,,,,,,,,,,,,,,,,
2023,11,11,8,0,15.2,14.5,95.3,,,,,,,,,,,,,,,,,,,,,,,,,,,,,,,,,,,,
2023,11,11,9,0,14.6,14,96.26,,,,,,,,,,,,,,,,,,,,,,,,,,,,,,,,,,,,
2023,11,11,10,0,14.1,13.6,96.74,,,,,,,,,,,,,,,,,,,,,,,,,,,,,,,,,,,,
2023,11,11,11,0,13.7,13.3,97.18,,,,,,,,,,,,,,,,,,,,,,,,,,,,,,,,,,,,
2023,11,11,12,0,13.6,13.1,96.75,,,,,,,,,,,,,,,,,,,,,,,,,,,,,,,,,,,,
2023,11,11,13,0,13.9,13.1,95,,,,,,,,,,,,,,,,,,,,,,,,,,,,,,,,,,,,
2023,11,11,14,0,14.7,13.3,91.33,,,,,,,,,,,,,,,,,,,,,,,,,,,,,,,,,,,,
2023,11,11,15,0,15.6,13.6,87.87,,,,,,,,,,,,,,,,,,,,,,,,,,,,,,,,,,,,
2023,11,11,16,0,16.4,13.9,84.99,,,,,,,,,,,,,,,,,,,,,,,,,,,,,,,,,,,,
2023,11,11,17,0,16.8,14.1,83.95,,,,,,,,,,,,,,,,,,,,,,,,,,,,,,,,,,,,
2023,11,11,18,0,17,14.2,83.37,,,,,,,,,,,,,,,,,,,,,,,,,,,,,,,,,,,,
2023,11,11,19,0,16.8,14.1,83.89,,,,,,,,,,,,,,,,,,,,,,,,,,,,,,,,,,,,
2023,11,11,20,0,16.3,13.9,85.62,,,,,,,,,,,,,,,,,,,,,,,,,,,,,,,,,,,,
2023,11,11,21,0,15.5,13.7,88.88,,,,,,,,,,,,,,,,,,,,,,,,,,,,,,,,,,,,
2023,11,11,22,0,14.8,13.5,91.84,,,,,,,,,,,,,,,,,,,,,,,,,,,,,,,,,,,,
2023,11,11,23,0,14.3,13.4,94.35,,,,,,,,,,,,,,,,,,,,,,,,,,,,,,,,,,,,
2023,11,12,0,0,14,13.4,96.25,,,,,,,,,,,,,,,,,,,,,,,,,,,,,,,,,,,,
2023,11,12,1,0,14,13.5,96.66,,,,,,,,,,,,,,,,,,,,,,,,,,,,,,,,,,,,
2023,11,12,2,0,14,13.6,97.25,,,,,,,,,,,,,,,,,,,,,,,,,,,,,,,,,,,,
2023,11,12,3,0,14.1,13.7,97.35,,,,,,,,,,,,,,,,,,,,,,,,,,,,,,,,,,,,
2023,11,12,4,0,14.1,13.8,97.84,,,,,,,,,,,,,,,,,,,,,,,,,,,,,,,,,,,,
2023,11,12,5,0,14,13.8,98.41,,,,,,,,,,,,,,,,,,,,,,,,,,,,,,,,,,,,
2023,11,12,6,0,13.9,13.7,98.84,,,,,,,,,,,,,,,,,,,,,,,,,,,,,,,,,,,,
2023,11,12,7,0,13.9,13.7,98.92,,,,,,,,,,,,,,,,,,,,,,,,,,,,,,,,,,,,
2023,11,12,8,0,13.9,13.8,99.16,,,,,,,,,,,,,,,,,,,,,,,,,,,,,,,,,,,,
2023,11,12,9,0,13.9,13.8,99.14,,,,,,,,,,,,,,,,,,,,,,,,,,,,,,,,,,,,
2023,11,12,10,0,13.7,13.7,99.71,,,,,,,,,,,,,,,,,,,,,,,,,,,,,,,,,,,,
2023,11,12,11,0,13.5,13.5,99.72,,,,,,,,,,,,,,,,,,,,,,,,,,,,,,,,,,,,
2023,11,12,12,0,13.3,13.2,99.06,,,,,,,,,,,,,,,,,,,,,,,,,,,,,,,,,,,,
2023,11,12,13,0,13.2,12.9,97.85,,,,,,,,,,,,,,,,,,,,,,,,,,,,,,,,,,,,
2023,11,12,14,0,13.2,12.6,95.98,,,,,,,,,,,,,,,,,,,,,,,,,,,,,,,,,,,,
2023,11,12,15,0,13.4,12.5,94.07,,,,,,,,,,,,,,,,,,,,,,,,,,,,,,,,,,,,
2023,11,12,16,0,14.2,12.6,89.97,,,,,,,,,,,,,,,,,,,,,,,,,,,,,,,,,,,,
2023,11,12,17,0,15.1,12.8,86.27,,,,,,,,,,,,,,,,,,,,,,,,,,,,,,,,,,,,
2023,11,12,18,0,15.7,13.1,84.27,,,,,,,,,,,,,,,,,,,,,,,,,,,,,,,,,,,,
2023,11,12,19,0,16.1,13.2,83.11,,,,,,,,,,,,,,,,,,,,,,,,,,,,,,,,,,,,
2023,11,12,20,0,16.2,13.3,83.09,,,,,,,,,,,,,,,,,,,,,,,,,,,,,,,,,,,,
2023,11,12,21,0,16,13.3,84.12,,,,,,,,,,,,,,,,,,,,,,,,,,,,,,,,,,,,
2023,11,12,22,0,15.4,13.3,87.11,,,,,,,,,,,,,,,,,,,,,,,,,,,,,,,,,,,,
2023,11,12,23,0,14.8,13.2,90.19,,,,,,,,,,,,,,,,,,,,,,,,,,,,,,,,,,,,
2023,11,13,0,0,14.5,13.1,91.32,,,,,,,,,,,,,,,,,,,,,,,,,,,,,,,,,,,,
2023,11,13,1,0,14.2,13.1,92.82,,,,,,,,,,,,,,,,,,,,,,,,,,,,,,,,,,,,
2023,11,13,2,0,14,13,93.58,,,,,,,,,,,,,,,,,,,,,,,,,,,,,,,,,,,,
2023,11,13,3,0,13.6,12.9,95.28,,,,,,,,,,,,,,,,,,,,,,,,,,,,,,,,,,,,
2023,11,13,4,0,13.3,12.7,96.35,,,,,,,,,,,,,,,,,,,,,,,,,,,,,,,,,,,,
2023,11,13,5,0,13.1,12.6,96.5,,,,,,,,,,,,,,,,,,,,,,,,,,,,,,,,,,,,
2023,11,13,6,0,12.9,12.4,96.72,,,,,,,,,,,,,,,,,,,,,,,,,,,,,,,,,,,,
2023,11,13,7,0,12.7,12.2,96.81,,,,,,,,,,,,,,,,,,,,,,,,,,,,,,,,,,,,
2023,11,13,8,0,12.5,12,96.59,,,,,,,,,,,,,,,,,,,,,,,,,,,,,,,,,,,,
2023,11,13,9,0,12.3,11.7,96.37,,,,,,,,,,,,,,,,,,,,,,,,,,,,,,,,,,,,
2023,11,13,10,0,12.3,11.5,94.93,,,,,,,,,,,,,,,,,,,,,,,,,,,,,,,,,,,,
2023,11,13,11,0,12.1,11.3,95.03,,,,,,,,,,,,,,,,,,,,,,,,,,,,,,,,,,,,
2023,11,13,12,0,12.1,11.1,93.76,,,,,,,,,,,,,,,,,,,,,,,,,,,,,,,,,,,,
2023,11,13,13,0,13,10.9,87.34,,,,,,,,,,,,,,,,,,,,,,,,,,,,,,,,,,,,
2023,11,13,14,0,14.5,10.8,78.67,,,,,,,,,,,,,,,,,,,,,,,,,,,,,,,,,,,,
2023,11,13,15,0,16.1,10.8,70.88,,,,,,,,,,,,,,,,,,,,,,,,,,,,,,,,,,,,
2023,11,13,16,0,17.5,11,65.51,,,,,,,,,,,,,,,,,,,,,,,,,,,,,,,,,,,,
2023,11,13,17,0,18.6,11.1,61.79,,,,,,,,,,,,,,,,,,,,,,,,,,,,,,,,,,,,
2023,11,13,18,0,19.2,11.2,59.65,,,,,,,,,,,,,,,,,,,,,,,,,,,,,,,,,,,,
2023,11,13,19,0,19.5,11,57.97,,,,,,,,,,,,,,,,,,,,,,,,,,,,,,,,,,,,
2023,11,13,20,0,19.5,10.8,57.13,,,,,,,,,,,,,,,,,,,,,,,,,,,,,,,,,,,,
2023,11,13,21,0,18.7,11.1,61.5,,,,,,,,,,,,,,,,,,,,,,,,,,,,,,,,,,,,
2023,11,13,22,0,16.4,11.7,73.92,,,,,,,,,,,,,,,,,,,,,,,,,,,,,,,,,,,,
2023,11,13,23,0,15.4,11.4,77.22,,,,,,,,,,,,,,,,,,,,,,,,,,,,,,,,,,,,
2023,11,14,0,0,15,11.3,78.37,,,,,,,,,,,,,,,,,,,,,,,,,,,,,,,,,,,,
2023,11,14,1,0,14.9,11.3,78.89,,,,,,,,,,,,,,,,,,,,,,,,,,,,,,,,,,,,
2023,11,14,2,0,14.8,11.3,79.52,,,,,,,,,,,,,,,,,,,,,,,,,,,,,,,,,,,,
2023,11,14,3,0,14.4,11.3,81.49,,,,,,,,,,,,,,,,,,,,,,,,,,,,,,,,,,,,
2023,11,14,4,0,14.2,11.3,82.51,,,,,,,,,,,,,,,,,,,,,,,,,,,,,,,,,,,,
2023,11,14,5,0,13.9,11.1,83.32,,,,,,,,,,,,,,,,,,,,,,,,,,,,,,,,,,,,
2023,11,14,6,0,13.1,10.8,86.22,,,,,,,,,,,,,,,,,,,,,,,,,,,,,,,,,,,,
2023,11,14,7,0,12.8,10.8,87.56,,,,,,,,,,,,,,,,,,,,,,,,,,,,,,,,,,,,
2023,11,14,8,0,13,10.9,87.26,,,,,,,,,,,,,,,,,,,,,,,,,,,,,,,,,,,,
2023,11,14,9,0,13,11,87.4,,,,,,,,,,,,,,,,,,,,,,,,,,,,,,,,,,,,
2023,11,14,10,0,13.1,10.9,86.44,,,,,,,,,,,,,,,,,,,,,,,,,,,,,,,,,,,,
2023,11,14,11,0,13,10.8,86.76,,,,,,,,,,,,,,,,,,,,,,,,,,,,,,,,,,,,
2023,11,14,12,0,13.1,10.7,85.52,,,,,,,,,,,,,,,,,,,,,,,,,,,,,,,,,,,,
2023,11,14,13,0,13.6,10.4,81.25,,,,,,,,,,,,,,,,,,,,,,,,,,,,,,,,,,,,
2023,11,14,14,0,14.4,10,74.88,,,,,,,,,,,,,,,,,,,,,,,,,,,,,,,,,,,,
2023,11,14,15,0,15.6,9.6,67.51,,,,,,,,,,,,,,,,,,,,,,,,,,,,,,,,,,,,
2023,11,14,16,0,16.9,9.1,60.23,,,,,,,,,,,,,,,,,,,,,,,,,,,,,,,,,,,,
2023,11,14,17,0,17.8,8.4,54.29,,,,,,,,,,,,,,,,,,,,,,,,,,,,,,,,,,,,
2023,11,14,18,0,18.3,7.8,50.18,,,,,,,,,,,,,,,,,,,,,,,,,,,,,,,,,,,,
2023,11,14,19,0,18.5,7.4,48.44,,,,,,,,,,,,,,,,,,,,,,,,,,,,,,,,,,,,
2023,11,14,20,0,18.4,7.5,49.1,,,,,,,,,,,,,,,,,,,,,,,,,,,,,,,,,,,,
2023,11,14,21,0,17.6,8.6,55.38,,,,,,,,,,,,,,,,,,,,,,,,,,,,,,,,,,,,
2023,11,14,22,0,16,9.6,65.75,,,,,,,,,,,,,,,,,,,,,,,,,,,,,,,,,,,,
2023,11,14,23,0,15.5,10,69.98,,,,,,,,,,,,,,,,,,,,,,,,,,,,,,,,,,,,
2023,11,15,0,0,15.5,10.4,71.67,,,,,,,,,,,,,,,,,,,,,,,,,,,,,,,,,,,,
2023,11,15,1,0,15.5,10.8,73.39,,,,,,,,,,,,,,,,,,,,,,,,,,,,,,,,,,,,
2023,11,15,2,0,15.5,11.1,75.08,,,,,,,,,,,,,,,,,,,,,,,,,,,,,,,,,,,,
2023,11,15,3,0,15.7,11.4,75.48,,,,,,,,,,,,,,,,,,,,,,,,,,,,,,,,,,,,
2023,11,15,4,0,15.8,11.7,76.6,,,,,,,,,,,,,,,,,,,,,,,,,,,,,,,,,,,,
2023,11,15,5,0,15.9,12,77.64,,,,,,,,,,,,,,,,,,,,,,,,,,,,,,,,,,,,
2023,11,15,6,0,15.9,12.2,78.83,,,,,,,,,,,,,,,,,,,,,,,,,,,,,,,,,,,,
2023,11,15,7,0,15.7,12.4,80.76,,,,,,,,,,,,,,,,,,,,,,,,,,,,,,,,,,,,
2023,11,15,8,0,15.6,12.5,81.8,,,,,,,,,,,,,,,,,,,,,,,,,,,,,,,,,,,,
2023,11,15,9,0,15.4,12.5,83.01,,,,,,,,,,,,,,,,,,,,,,,,,,,,,,,,,,,,
2023,11,15,10,0,15.2,12.5,84.16,,,,,,,,,,,,,,,,,,,,,,,,,,,,,,,,,,,,
2023,11,15,11,0,15.2,12.6,84.37,,,,,,,,,,,,,,,,,,,,,,,,,,,,,,,,,,,,
2023,11,15,12,0,15.2,12.6,84.73,,,,,,,,,,,,,,,,,,,,,,,,,,,,,,,,,,,,
2023,11,15,13,0,15.4,12.8,84.4,,,,,,,,,,,,,,,,,,,,,,,,,,,,,,,,,,,,
2023,11,15,14,0,15.8,13,83.62,,,,,,,,,,,,,,,,,,,,,,,,,,,,,,,,,,,,
2023,11,15,15,0,16.5,13.4,81.76,,,,,,,,,,,,,,,,,,,,,,,,,,,,,,,,,,,,
2023,11,15,16,0,17.7,13.9,78.33,,,,,,,,,,,,,,,,,,,,,,,,,,,,,,,,,,,,
2023,11,15,17,0,19.1,14.5,74.89,,,,,,,,,,,,,,,,,,,,,,,,,,,,,,,,,,,,
2023,11,15,18,0,19.8,15,74.08,,,,,,,,,,,,,,,,,,,,,,,,,,,,,,,,,,,,
2023,11,15,19,0,20,15.3,74.43,,,,,,,,,,,,,,,,,,,,,,,,,,,,,,,,,,,,
2023,11,15,20,0,19.9,15.5,75.61,,,,,,,,,,,,,,,,,,,,,,,,,,,,,,,,,,,,
2023,11,15,21,0,19.3,15.5,78.63,,,,,,,,,,,,,,,,,,,,,,,,,,,,,,,,,,,,
2023,11,15,22,0,18.5,15.4,82.11,,,,,,,,,,,,,,,,,,,,,,,,,,,,,,,,,,,,
2023,11,15,23,0,17.9,15.3,84.82,,,,,,,,,,,,,,,,,,,,,,,,,,,,,,,,,,,,
2023,11,16,0,0,17.6,15.3,86.38,,,,,,,,,,,,,,,,,,,,,,,,,,,,,,,,,,,,
2023,11,16,1,0,17.4,15.3,87.54,,,,,,,,,,,,,,,,,,,,,,,,,,,,,,,,,,,,
2023,11,16,2,0,17.3,15.3,88.15,,,,,,,,,,,,,,,,,,,,,,,,,,,,,,,,,,,,
2023,11,16,3,0,17.1,15.3,89.3,,,,,,,,,,,,,,,,,,,,,,,,,,,,,,,,,,,,
2023,11,16,4,0,17,15.4,90.12,,,,,,,,,,,,,,,,,,,,,,,,,,,,,,,,,,,,
2023,11,16,5,0,16.9,15.4,90.94,,,,,,,,,,,,,,,,,,,,,,,,,,,,,,,,,,,,
2023,11,16,6,0,16.8,15.5,91.8,,,,,,,,,,,,,,,,,,,,,,,,,,,,,,,,,,,,
2023,11,16,7,0,16.7,15.5,92.49,,,,,,,,,,,,,,,,,,,,,,,,,,,,,,,,,,,,
2023,11,16,8,0,16.7,15.5,92.35,,,,,,,,,,,,,,,,,,,,,,,,,,,,,,,,,,,,
2023,11,16,9,0,16.7,15.5,92.48,,,,,,,,,,,,,,,,,,,,,,,,,,,,,,,,,,,,
2023,11,16,10,0,16.7,15.5,92.85,,,,,,,,,,,,,,,,,,,,,,,,,,,,,,,,,,,,
2023,11,16,11,0,16.6,15.6,93.95,,,,,,,,,,,,,,,,,,,,,,,,,,,,,,,,,,,,
2023,11,16,12,0,16.6,15.7,94.63,,,,,,,,,,,,,,,,,,,,,,,,,,,,,,,,,,,,
2023,11,16,13,0,17,16,93.67,,,,,,,,,,,,,,,,,,,,,,,,,,,,,,,,,,,,
2023,11,16,14,0,17.6,16.4,92.89,,,,,,,,,,,,,,,,,,,,,,,,,,,,,,,,,,,,
2023,11,16,15,0,18.5,17,90.95,,,,,,,,,,,,,,,,,,,,,,,,,,,,,,,,,,,,
2023,11,16,16,0,19.7,17.4,86.83,,,,,,,,,,,,,,,,,,,,,,,,,,,,,,,,,,,,
2023,11,16,17,0,20.6,17.7,83.61,,,,,,,,,,,,,,,,,,,,,,,,,,,,,,,,,,,,
2023,11,16,18,0,21.2,17.8,81.04,,,,,,,,,,,,,,,,,,,,,,,,,,,,,,,,,,,,
2023,11,16,19,0,21.5,17.8,79.64,,,,,,,,,,,,,,,,,,,,,,,,,,,,,,,,,,,,
2023,11,16,20,0,21.4,17.9,80.67,,,,,,,,,,,,,,,,,,,,,,,,,,,,,,,,,,,,
2023,11,16,21,0,20.8,18.1,84.78,,,,,,,,,,,,,,,,,,,,,,,,,,,,,,,,,,,,
2023,11,16,22,0,19.8,18.2,90.52,,,,,,,,,,,,,,,,,,,,,,,,,,,,,,,,,,,,
2023,11,16,23,0,19.2,18.2,94.04,,,,,,,,,,,,,,,,,,,,,,,,,,,,,,,,,,,,
2023,11,17,0,0,18.9,18.2,95.86,,,,,,,,,,,,,,,,,,,,,,,,,,,,,,,,,,,,
2023,11,17,1,0,18.8,18.2,96.22,,,,,,,,,,,,,,,,,,,,,,,,,,,,,,,,,,,,
2023,11,17,2,0,18.7,18.1,96.43,,,,,,,,,,,,,,,,,,,,,,,,,,,,,,,,,,,,
2023,11,17,3,0,18.7,18.1,96.15,,,,,,,,,,,,,,,,,,,,,,,,,,,,,,,,,,,,
2023,11,17,4,0,19,18.2,95.22,,,,,,,,,,,,,,,,,,,,,,,,,,,,,,,,,,,,
2023,11,17,5,0,18.9,18.2,95.55,,,,,,,,,,,,,,,,,,,,,,,,,,,,,,,,,,,,
2023,11,17,6,0,18.7,18,95.95,,,,,,,,,,,,,,,,,,,,,,,,,,,,,,,,,,,,
2023,11,17,7,0,18.6,18,96.13,,,,,,,,,,,,,,,,,,,,,,,,,,,,,,,,,,,,
2023,11,17,8,0,18.3,17.9,97.38,,,,,,,,,,,,,,,,,,,,,,,,,,,,,,,,,,,,
2023,11,17,9,0,18,17.7,97.94,,,,,,,,,,,,,,,,,,,,,,,,,,,,,,,,,,,,
2023,11,17,10,0,17.9,17.5,97.77,,,,,,,,,,,,,,,,,,,,,,,,,,,,,,,,,,,,
2023,11,17,11,0,17.7,17.4,98.38,,,,,,,,,,,,,,,,,,,,,,,,,,,,,,,,,,,,
2023,11,17,12,0,18.1,17.7,97.29,,,,,,,,,,,,,,,,,,,,,,,,,,,,,,,,,,,,
2023,11,17,13,0,18.8,18.1,95.93,,,,,,,,,,,,,,,,,,,,,,,,,,,,,,,,,,,,
2023,11,17,14,0,19.7,18.7,94.05,,,,,,,,,,,,,,,,,,,,,,,,,,,,,,,,,,,,
2023,11,17,15,0,21.2,19.1,87.68,,,,,,,,,,,,,,,,,,,,,,,,,,,,,,,,,,,,
2023,11,17,16,0,22.6,18.9,79.64,,,,,,,,,,,,,,,,,,,,,,,,,,,,,,,,,,,,
2023,11,17,17,0,23.4,18.8,75.19,,,,,,,,,,,,,,,,,,,,,,,,,,,,,,,,,,,,
2023,11,17,18,0,23.6,18.8,74.31,,,,,,,,,,,,,,,,,,,,,,,,,,,,,,,,,,,,
2023,11,17,19,0,23.3,18.8,75.94,,,,,,,,,,,,,,,,,,,,,,,,,,,,,,,,,,,,
2023,11,17,20,0,22.6,19,79.91,,,,,,,,,,,,,,,,,,,,,,,,,,,,,,,,,,,,
2023,11,17,21,0,21.7,19.3,85.97,,,,,,,,,,,,,,,,,,,,,,,,,,,,,,,,,,,,
2023,11,17,22,0,20.6,19.3,92.07,,,,,,,,,,,,,,,,,,,,,,,,,,,,,,,,,,,,
2023,11,17,23,0,20,19.2,94.92,,,,,,,,,,,,,,,,,,,,,,,,,,,,,,,,,,,,
2023,11,18,0,0,19.8,19.1,95.69,,,,,,,,,,,,,,,,,,,,,,,,,,,,,,,,,,,,
2023,11,18,1,0,19.7,19,95.56,,,,,,,,,,,,,,,,,,,,,,,,,,,,,,,,,,,,
2023,11,18,2,0,19.4,18.8,96.47,,,,,,,,,,,,,,,,,,,,,,,,,,,,,,,,,,,,
2023,11,18,3,0,19.2,18.7,96.9,,,,,,,,,,,,,,,,,,,,,,,,,,,,,,,,,,,,
2023,11,18,4,0,19.1,18.6,96.8,,,,,,,,,,,,,,,,,,,,,,,,,,,,,,,,,,,,
2023,11,18,5,0,18.9,18.4,97.18,,,,,,,,,,,,,,,,,,,,,,,,,,,,,,,,,,,,
2023,11,18,6,0,18.6,18.3,97.9,,,,,,,,,,,,,,,,,,,,,,,,,,,,,,,,,,,,
2023,11,18,7,0,18.3,18,98.11,,,,,,,,,,,,,,,,,,,,,,,,,,,,,,,,,,,,
2023,11,18,8,0,18.1,17.7,97.33,,,,,,,,,,,,,,,,,,,,,,,,,,,,,,,,,,,,
2023,11,18,9,0,17.7,17.3,97.78,,,,,,,,,,,,,,,,,,,,,,,,,,,,,,,,,,,,
2023,11,18,10,0,17.4,17,97.75,,,,,,,,,,,,,,,,,,,,,,,,,,,,,,,,,,,,
2023,11,18,11,0,17.3,16.8,96.67,,,,,,,,,,,,,,,,,,,,,,,,,,,,,,,,,,,,
2023,11,18,12,0,17.1,16.5,96.32,,,,,,,,,,,,,,,,,,,,,,,,,,,,,,,,,,,,
2023,11,18,13,0,18.1,16.6,90.7,,,,,,,,,,,,,,,,,,,,,,,,,,,,,,,,,,,,
2023,11,18,14,0,19.9,16.8,82.23,,,,,,,,,,,,,,,,,,,,,,,,,,,,,,,,,,,,
2023,11,18,15,0,22,16.6,71.35,,,,,,,,,,,,,,,,,,,,,,,,,,,,,,,,,,,,
2023,11,18,16,0,23.1,16.2,65.28,,,,,,,,,,,,,,,,,,,,,,,,,,,,,,,,,,,,
2023,11,18,17,0,23.7,16,62,,,,,,,,,,,,,,,,,,,,,,,,,,,,,,,,,,,,
2023,11,18,18,0,24,15.8,60.19,,,,,,,,,,,,,,,,,,,,,,,,,,,,,,,,,,,,
2023,11,18,19,0,24.1,15.7,59.39,,,,,,,,,,,,,,,,,,,,,,,,,,,,,,,,,,,,
2023,11,18,20,0,24,15.6,59.53,,,,,,,,,,,,,,,,,,,,,,,,,,,,,,,,,,,,
2023,11,18,21,0,23.2,16.4,65.58,,,,,,,,,,,,,,,,,,,,,,,,,,,,,,,,,,,,
2023,11,18,22,0,21.4,16.7,74.39,,,,,,,,,,,,,,,,,,,,,,,,,,,,,,,,,,,,
2023,11,18,23,0,20.7,16.3,76.14,,,,,,,,,,,,,,,,,,,,,,,,,,,,,,,,,,,,
2023,11,19,0,0,20.1,16.4,79.12,,,,,,,,,,,,,,,,,,,,,,,,,,,,,,,,,,,,
2023,11,19,1,0,19.4,16.4,82.79,,,,,,,,,,,,,,,,,,,,,,,,,,,,,,,,,,,,
2023,11,19,2,0,18.6,16.4,87.05,,,,,,,,,,,,,,,,,,,,,,,,,,,,,,,,,,,,
2023,11,19,3,0,18,16.4,90.1,,,,,,,,,,,,,,,,,,,,,,,,,,,,,,,,,,,,
2023,11,19,4,0,17.5,16.2,92.31,,,,,,,,,,,,,,,,,,,,,,,,,,,,,,,,,,,,
2023,11,19,5,0,17.3,16.3,93.71,,,,,,,,,,,,,,,,,,,,,,,,,,,,,,,,,,,,
2023,11,19,6,0,17,16.3,95.88,,,,,,,,,,,,,,,,,,,,,,,,,,,,,,,,,,,,
2023,11,19,7,0,16.7,16.3,97.34,,,,,,,,,,,,,,,,,,,,,,,,,,,,,,,,,,,,
2023,11,19,8,0,16.4,16,97.41,,,,,,,,,,,,,,,,,,,,,,,,,,,,,,,,,,,,
2023,11,19,9,0,16,15.6,97.43,,,,,,,,,,,,,,,,,,,,,,,,,,,,,,,,,,,,
2023,11,19,10,0,15.6,15,96.46,,,,,,,,,,,,,,,,,,,,,,,,,,,,,,,,,,,,
2023,11,19,11,0,15,14.2,94.68,,,,,,,,,,,,,,,,,,,,,,,,,,,,,,,,,,,,
2023,11,19,12,0,14.6,12.9,89.42,,,,,,,,,,,,,,,,,,,,,,,,,,,,,,,,,,,,
2023,11,19,13,0,15.4,11.3,76.59,,,,,,,,,,,,,,,,,,,,,,,,,,,,,,,,,,,,
2023,11,19,14,0,16.9,10.5,65.91,,,,,,,,,,,,,,,,,,,,,,,,,,,,,,,,,,,,
2023,11,19,15,0,18.4,10.4,59.61,,,,,,,,,,,,,,,,,,,,,,,,,,,,,,,,,,,,
2023,11,19,16,0,19.6,10.7,56.44,,,,,,,,,,,,,,,,,,,,,,,,,,,,,,,,,,,,
2023,11,19,17,0,20.4,11.1,55.27,,,,,,,,,,,,,,,,,,,,,,,,,,,,,,,,,,,,
2023,11,19,18,0,20.9,11.5,55.08,,,,,,,,,,,,,,,,,,,,,,,,,,,,,,,,,,,,
2023,11,19,19,0,21,11.8,55.65,,,,,,,,,,,,,,,,,,,,,,,,,,,,,,,,,,,,
2023,11,19,20,0,20.6,11.9,57.53,,,,,,,,,,,,,,,,,,,,,,,,,,,,,,,,,,,,
2023,11,19,21,0,19.7,12.4,62.79,,,,,,,,,,,,,,,,,,,,,,,,,,,,,,,,,,,,
2023,11,19,22,0,17.4,12.9,74.97,,,,,,,,,,,,,,,,,,,,,,,,,,,,,,,,,,,,
2023,11,19,23,0,16.5,12.8,78.97,,,,,,,,,,,,,,,,,,,,,,,,,,,,,,,,,,,,
2023,11,20,0,0,16.4,12.9,79.68,,,,,,,,,,,,,,,,,,,,,,,,,,,,,,,,,,,,
2023,11,20,1,0,16.1,13,81.98,,,,,,,,,,,,,,,,,,,,,,,,,,,,,,,,,,,,
2023,11,20,2,0,15.8,13.2,84.31,,,,,,,,,,,,,,,,,,,,,,,,,,,,,,,,,,,,
2023,11,20,3,0,15.7,13.3,85.55,,,,,,,,,,,,,,,,,,,,,,,,,,,,,,,,,,,,
2023,11,20,4,0,15.8,13.5,86.09,,,,,,,,,,,,,,,,,,,,,,,,,,,,,,,,,,,,
2023,11,20,5,0,15.8,13.7,87.13,,,,,,,,,,,,,,,,,,,,,,,,,,,,,,,,,,,,
2023,11,20,6,0,15.8,13.8,88.07,,,,,,,,,,,,,,,,,,,,,,,,,,,,,,,,,,,,
2023,11,20,7,0,15.9,14,88.47,,,,,,,,,,,,,,,,,,,,,,,,,,,,,,,,,,,,
2023,11,20,8,0,15.9,14.1,89.14,,,,,,,,,,,,,,,,,,,,,,,,,,,,,,,,,,,,
2023,11,20,9,0,15.9,14.1,89.34,,,,,,,,,,,,,,,,,,,,,,,,,,,,,,,,,,,,
2023,11,20,10,0,15.8,14.1,89.67,,,,,,,,,,,,,,,,,,,,,,,,,,,,,,,,,,,,
2023,11,20,11,0,15.6,14,90.31,,,,,,,,,,,,,,,,,,,,,,,,,,,,,,,,,,,,
2023,11,20,12,0,15.6,13.9,89.76,,,,,,,,,,,,,,,,,,,,,,,,,,,,,,,,,,,,
2023,11,20,13,0,16.6,14,84.82,,,,,,,,,,,,,,,,,,,,,,,,,,,,,,,,,,,,
2023,11,20,14,0,18,14,77.38,,,,,,,,,,,,,,,,,,,,,,,,,,,,,,,,,,,,
2023,11,20,15,0,19.5,13.9,70.26,,,,,,,,,,,,,,,,,,,,,,,,,,,,,,,,,,,,
2023,11,20,16,0,20.6,14.1,66.41,,,,,,,,,,,,,,,,,,,,,,,,,,,,,,,,,,,,
2023,11,20,17,0,21.4,14.4,64.33,,,,,,,,,,,,,,,,,,,,,,,,,,,,,,,,,,,,
2023,11,20,18,0,21.8,14.7,63.88,,,,,,,,,,,,,,,,,,,,,,,,,,,,,,,,,,,,
2023,11,20,19,0,21.8,15,65.23,,,,,,,,,,,,,,,,,,,,,,,,,,,,,,,,,,,,
2023,11,20,20,0,21.4,15.3,68.32,,,,,,,,,,,,,,,,,,,,,,,,,,,,,,,,,,,,
2023,11,20,21,0,20.7,15.7,73.01,,,,,,,,,,,,,,,,,,,,,,,,,,,,,,,,,,,,
2023,11,20,22,0,19.3,15.9,80.85,,,,,,,,,,,,,,,,,,,,,,,,,,,,,,,,,,,,
2023,11,20,23,0,18.7,16,84.48,,,,,,,,,,,,,,,,,,,,,,,,,,,,,,,,,,,,
2023,11,21,0,0,18.2,16.3,88.5,,,,,,,,,,,,,,,,,,,,,,,,,,,,,,,,,,,,
2023,11,21,1,0,18.1,16.5,90.34,,,,,,,,,,,,,,,,,,,,,,,,,,,,,,,,,,,,
2023,11,21,2,0,18.1,16.7,91.56,,,,,,,,,,,,,,,,,,,,,,,,,,,,,,,,,,,,
2023,11,21,3,0,18.3,16.7,90.42,,,,,,,,,,,,,,,,,,,,,,,,,,,,,,,,,,,,
2023,11,21,4,0,18.7,16.7,88.14,,,,,,,,,,,,,,,,,,,,,,,,,,,,,,,,,,,,
2023,11,21,5,0,19.1,16.9,87,,,,,,,,,,,,,,,,,,,,,,,,,,,,,,,,,,,,
2023,11,21,6,0,19.4,17.1,86.35,,,,,,,,,,,,,,,,,,,,,,,,,,,,,,,,,,,,
2023,11,21,7,0,19.3,17.2,87.68,,,,,,,,,,,,,,,,,,,,,,,,,,,,,,,,,,,,
2023,11,21,8,0,19.4,17.4,88.42,,,,,,,,,,,,,,,,,,,,,,,,,,,,,,,,,,,,
2023,11,21,9,0,19.6,17.7,88.55,,,,,,,,,,,,,,,,,,,,,,,,,,,,,,,,,,,,
2023,11,21,10,0,19.9,17.8,87.87,,,,,,,,,,,,,,,,,,,,,,,,,,,,,,,,,,,,
2023,11,21,11,0,20.1,18,87.58,,,,,,,,,,,,,,,,,,,,,,,,,,,,,,,,,,,,
2023,11,21,12,0,20.4,18.2,87.07,,,,,,,,,,,,,,,,,,,,,,,,,,,,,,,,,,,,
2023,11,21,13,0,21,18.5,85.53,,,,,,,,,,,,,,,,,,,,,,,,,,,,,,,,,,,,
2023,11,21,14,0,21.6,18.8,83.91,,,,,,,,,,,,,,,,,,,,,,,,,,,,,,,,,,,,
2023,11,21,15,0,22.3,19,81.41,,,,,,,,,,,,,,,,,,,,,,,,,,,,,,,,,,,,
2023,11,21,16,0,22.6,19,79.95,,,,,,,,,,,,,,,,,,,,,,,,,,,,,,,,,,,,
2023,11,21,17,0,22.6,19,80.29,,,,,,,,,,,,,,,,,,,,,,,,,,,,,,,,,,,,
2023,11,21,18,0,22.5,19.2,81.5,,,,,,,,,,,,,,,,,,,,,,,,,,,,,,,,,,,,
2023,11,21,19,0,22.6,19.3,81.54,,,,,,,,,,,,,,,,,,,,,,,,,,,,,,,,,,,,
2023,11,21,20,0,22.3,19.4,83.8,,,,,,,,,,,,,,,,,,,,,,,,,,,,,,,,,,,,
2023,11,21,21,0,21.7,19.7,88.19,,,,,,,,,,,,,,,,,,,,,,,,,,,,,,,,,,,,
2023,11,21,22,0,21.3,19.8,91.04,,,,,,,,,,,,,,,,,,,,,,,,,,,,,,,,,,,,
2023,11,21,23,0,21.3,19.9,91.5,,,,,,,,,,,,,,,,,,,,,,,,,,,,,,,,,,,,
2023,11,22,0,0,21.3,20,92.34,,,,,,,,,,,,,,,,,,,,,,,,,,,,,,,,,,,,
2023,11,22,1,0,21.4,20.2,92.91,,,,,,,,,,,,,,,,,,,,,,,,,,,,,,,,,,,,
2023,11,22,2,0,21.5,20.4,93.3,,,,,,,,,,,,,,,,,,,,,,,,,,,,,,,,,,,,
2023,11,22,3,0,21.5,20.4,93.73,,,,,,,,,,,,,,,,,,,,,,,,,,,,,,,,,,,,
2023,11,22,4,0,21.5,20.5,94.13,,,,,,,,,,,,,,,,,,,,,,,,,,,,,,,,,,,,
2023,11,22,5,0,21.4,20.6,95.06,,,,,,,,,,,,,,,,,,,,,,,,,,,,,,,,,,,,
2023,11,22,6,0,21.4,20.6,95.48,,,,,,,,,,,,,,,,,,,,,,,,,,,,,,,,,,,,
2023,11,22,7,0,21.3,20.6,96.02,,,,,,,,,,,,,,,,,,,,,,,,,,,,,,,,,,,,
2023,11,22,8,0,21.2,20.4,95.35,,,,,,,,,,,,,,,,,,,,,,,,,,,,,,,,,,,,
2023,11,22,9,0,21,20.1,94.81,,,,,,,,,,,,,,,,,,,,,,,,,,,,,,,,,,,,
2023,11,22,10,0,20.8,19.9,94.85,,,,,,,,,,,,,,,,,,,,,,,,,,,,,,,,,,,,
2023,11,22,11,0,20.7,19.8,94.88,,,,,,,,,,,,,,,,,,,,,,,,,,,,,,,,,,,,
2023,11,22,12,0,20.6,19.8,95.23,,,,,,,,,,,,,,,,,,,,,,,,,,,,,,,,,,,,
2023,11,22,13,0,20.8,19.8,94.18,,,,,,,,,,,,,,,,,,,,,,,,,,,,,,,,,,,,
2023,11,22,14,0,21.1,19.9,92.9,,,,,,,,,,,,,,,,,,,,,,,,,,,,,,,,,,,,
2023,11,22,15,0,21.2,20,92.85,,,,,,,,,,,,,,,,,,,,,,,,,,,,,,,,,,,,
2023,11,22,16,0,20.7,19.6,93.46,,,,,,,,,,,,,,,,,,,,,,,,,,,,,,,,,,,,
2023,11,22,17,0,19.9,18.6,92.06,,,,,,,,,,,,,,,,,,,,,,,,,,,,,,,,,,,,
2023,11,22,18,0,19.4,17.2,87,,,,,,,,,,,,,,,,,,,,,,,,,,,,,,,,,,,,
2023,11,22,19,0,19.4,16.1,81.06,,,,,,,,,,,,,,,,,,,,,,,,,,,,,,,,,,,,
2023,11,22,20,0,19.7,15.1,74.85,,,,,,,,,,,,,,,,,,,,,,,,,,,,,,,,,,,,
2023,11,22,21,0,19.3,13.7,69.83,,,,,,,,,,,,,,,,,,,,,,,,,,,,,,,,,,,,
2023,11,22,22,0,18,11.9,67.43,,,,,,,,,,,,,,,,,,,,,,,,,,,,,,,,,,,,
2023,11,22,23,0,16.6,11,69.49,,,,,,,,,,,,,,,,,,,,,,,,,,,,,,,,,,,,
2023,11,23,0,0,15.4,10.9,74.36,,,,,,,,,,,,,,,,,,,,,,,,,,,,,,,,,,,,
2023,11,23,1,0,14.9,10.9,77.11,,,,,,,,,,,,,,,,,,,,,,,,,,,,,,,,,,,,
2023,11,23,2,0,14.4,11.1,80.74,,,,,,,,,,,,,,,,,,,,,,,,,,,,,,,,,,,,
2023,11,23,3,0,13.9,11.2,83.81,,,,,,,,,,,,,,,,,,,,,,,,,,,,,,,,,,,,
2023,11,23,4,0,13.4,11.3,86.88,,,,,,,,,,,,,,,,,,,,,,,,,,,,,,,,,,,,
2023,11,23,5,0,12.8,11.1,89.16,,,,,,,,,,,,,,,,,,,,,,,,,,,,,,,,,,,,
2023,11,23,6,0,12.3,10.5,88.65,,,,,,,,,,,,,,,,,,,,,,,,,,,,,,,,,,,,
2023,11,23,7,0,11.7,9.8,88.32,,,,,,,,,,,,,,,,,,,,,,,,,,,,,,,,,,,,
2023,11,23,8,0,11.1,9.4,89.28,,,,,,,,,,,,,,,,,,,,,,,,,,,,,,,,,,,,
2023,11,23,9,0,10.7,9.2,90.26,,,,,,,,,,,,,,,,,,,,,,,,,,,,,,,,,,,,
2023,11,23,10,0,10.5,8.9,90.06,,,,,,,,,,,,,,,,,,,,,,,,,,,,,,,,,,,,
2023,11,23,11,0,10.3,8.8,90.46,,,,,,,,,,,,,,,,,,,,,,,,,,,,,,,,,,,,
2023,11,23,12,0,10.5,8.8,88.98,,,,,,,,,,,,,,,,,,,,,,,,,,,,,,,,,,,,
2023,11,23,13,0,11.5,8.4,81.48,,,,,,,,,,,,,,,,,,,,,,,,,,,,,,,,,,,,
2023,11,23,14,0,12.8,8,72.4,,,,,,,,,,,,,,,,,,,,,,,,,,,,,,,,,,,,
2023,11,23,15,0,14.2,7.7,64.76,,,,,,,,,,,,,,,,,,,,,,,,,,,,,,,,,,,,
2023,11,23,16,0,15.2,7.5,60.09,,,,,,,,,,,,,,,,,,,,,,,,,,,,,,,,,,,,
2023,11,23,17,0,15.7,7.4,57.9,,,,,,,,,,,,,,,,,,,,,,,,,,,,,,,,,,,,
2023,11,23,18,0,16.3,7.4,55.66,,,,,,,,,,,,,,,,,,,,,,,,,,,,,,,,,,,,
2023,11,23,19,0,16.6,7.4,54.45,,,,,,,,,,,,,,,,,,,,,,,,,,,,,,,,,,,,
2023,11,23,20,0,16.7,7.4,54.13,,,,,,,,,,,,,,,,,,,,,,,,,,,,,,,,,,,,
2023,11,23,21,0,16.3,8.1,58.14,,,,,,,,,,,,,,,,,,,,,,,,,,,,,,,,,,,,
2023,11,23,22,0,15.4,7.9,60.78,,,,,,,,,,,,,,,,,,,,,,,,,,,,,,,,,,,,
2023,11,23,23,0,15.1,7.9,62.03,,,,,,,,,,,,,,,,,,,,,,,,,,,,,,,,,,,,
2023,11,24,0,0,15,8,62.89,,,,,,,,,,,,,,,,,,,,,,,,,,,,,,,,,,,,
2023,11,24,1,0,14.8,8.1,64.3,,,,,,,,,,,,,,,,,,,,,,,,,,,,,,,,,,,,
2023,11,24,2,0,14.5,8.2,65.82,,,,,,,,,,,,,,,,,,,,,,,,,,,,,,,,,,,,
2023,11,24,3,0,14.4,8.3,66.59,,,,,,,,,,,,,,,,,,,,,,,,,,,,,,,,,,,,
2023,11,24,4,0,14.5,8.5,67.22,,,,,,,,,,,,,,,,,,,,,,,,,,,,,,,,,,,,
2023,11,24,5,0,14.4,8.9,69.35,,,,,,,,,,,,,,,,,,,,,,,,,,,,,,,,,,,,
2023,11,24,6,0,14.1,9.4,73.45,,,,,,,,,,,,,,,,,,,,,,,,,,,,,,,,,,,,
2023,11,24,7,0,13.6,10.1,79.41,,,,,,,,,,,,,,,,,,,,,,,,,,,,,,,,,,,,
2023,11,24,8,0,13.3,10.6,83.75,,,,,,,,,,,,,,,,,,,,,,,,,,,,,,,,,,,,
2023,11,24,9,0,13.1,10.9,86.67,,,,,,,,,,,,,,,,,,,,,,,,,,,,,,,,,,,,
2023,11,24,10,0,13,11,87.86,,,,,,,,,,,,,,,,,,,,,,,,,,,,,,,,,,,,
2023,11,24,11,0,13,11,87.7,,,,,,,,,,,,,,,,,,,,,,,,,,,,,,,,,,,,
2023,11,24,12,0,13.3,10.9,85.22,,,,,,,,,,,,,,,,,,,,,,,,,,,,,,,,,,,,
2023,11,24,13,0,13.9,11.2,83.92,,,,,,,,,,,,,,,,,,,,,,,,,,,,,,,,,,,,
2023,11,24,14,0,14.7,11.1,79.06,,,,,,,,,,,,,,,,,,,,,,,,,,,,,,,,,,,,
2023,11,24,15,0,16,11,72.2,,,,,,,,,,,,,,,,,,,,,,,,,,,,,,,,,,,,
2023,11,24,16,0,16.5,11,69.81,,,,,,,,,,,,,,,,,,,,,,,,,,,,,,,,,,,,
2023,11,24,17,0,16.8,11.1,69.19,,,,,,,,,,,,,,,,,,,,,,,,,,,,,,,,,,,,
2023,11,24,18,0,17.2,11.2,67.75,,,,,,,,,,,,,,,,,,,,,,,,,,,,,,,,,,,,
2023,11,24,19,0,17.3,11.2,67.58,,,,,,,,,,,,,,,,,,,,,,,,,,,,,,,,,,,,
2023,11,24,20,0,17.2,11.5,68.94,,,,,,,,,,,,,,,,,,,,,,,,,,,,,,,,,,,,
2023,11,24,21,0,16.8,12.5,75.81,,,,,,,,,,,,,,,,,,,,,,,,,,,,,,,,,,,,
2023,11,24,22,0,16.1,12.1,77.11,,,,,,,,,,,,,,,,,,,,,,,,,,,,,,,,,,,,
2023,11,24,23,0,15.8,11.8,76.94,,,,,,,,,,,,,,,,,,,,,,,,,,,,,,,,,,,,
2023,11,25,0,0,15.4,11.7,78.8,,,,,,,,,,,,,,,,,,,,,,,,,,,,,,,,,,,,
2023,11,25,1,0,15.2,11.6,79.23,,,,,,,,,,,,,,,,,,,,,,,,,,,,,,,,,,,,
2023,11,25,2,0,15,11.6,80.06,,,,,,,,,,,,,,,,,,,,,,,,,,,,,,,,,,,,
2023,11,25,3,0,14.6,11.6,82.23,,,,,,,,,,,,,,,,,,,,,,,,,,,,,,,,,,,,
2023,11,25,4,0,13.9,11.6,86.25,,,,,,,,,,,,,,,,,,,,,,,,,,,,,,,,,,,,
2023,11,25,5,0,13.1,11.8,91.61,,,,,,,,,,,,,,,,,,,,,,,,,,,,,,,,,,,,
2023,11,25,6,0,12.7,12,95.32,,,,,,,,,,,,,,,,,,,,,,,,,,,,,,,,,,,,
2023,11,25,7,0,12.6,11.9,95.82,,,,,,,,,,,,,,,,,,,,,,,,,,,,,,,,,,,,
2023,11,25,8,0,12.4,11.6,94.99,,,,,,,,,,,,,,,,,,,,,,,,,,,,,,,,,,,,
2023,11,25,9,0,12.1,11.2,94.52,,,,,,,,,,,,,,,,,,,,,,,,,,,,,,,,,,,,
2023,11,25,10,0,11.8,10.9,93.95,,,,,,,,,,,,,,,,,,,,,,,,,,,,,,,,,,,,
2023,11,25,11,0,11.4,10.5,93.97,,,,,,,,,,,,,,,,,,,,,,,,,,,,,,,,,,,,
2023,11,25,12,0,11.2,10.2,93.74,,,,,,,,,,,,,,,,,,,,,,,,,,,,,,,,,,,,
2023,11,25,13,0,11.7,10.1,89.68,,,,,,,,,,,,,,,,,,,,,,,,,,,,,,,,,,,,
2023,11,25,14,0,12.8,9.7,81.43,,,,,,,,,,,,,,,,,,,,,,,,,,,,,,,,,,,,
2023,11,25,15,0,14.1,9.4,73.36,,,,,,,,,,,,,,,,,,,,,,,,,,,,,,,,,,,,
2023,11,25,16,0,15.1,9.2,67.74,,,,,,,,,,,,,,,,,,,,,,,,,,,,,,,,,,,,
2023,11,25,17,0,15.8,9,64.12,,,,,,,,,,,,,,,,,,,,,,,,,,,,,,,,,,,,
2023,11,25,18,0,16.2,8.9,62.16,,,,,,,,,,,,,,,,,,,,,,,,,,,,,,,,,,,,
2023,11,25,19,0,16.3,8.9,61.65,,,,,,,,,,,,,,,,,,,,,,,,,,,,,,,,,,,,
2023,11,25,20,0,16.1,9,62.58,,,,,,,,,,,,,,,,,,,,,,,,,,,,,,,,,,,,
2023,11,25,21,0,15.3,9.2,66.78,,,,,,,,,,,,,,,,,,,,,,,,,,,,,,,,,,,,
2023,11,25,22,0,13.4,9.7,78.46,,,,,,,,,,,,,,,,,,,,,,,,,,,,,,,,,,,,
2023,11,25,23,0,12.8,9.8,81.89,,,,,,,,,,,,,,,,,,,,,,,,,,,,,,,,,,,,
2023,11,26,0,0,12.7,9.9,83.2,,,,,,,,,,,,,,,,,,,,,,,,,,,,,,,,,,,,
2023,11,26,1,0,12.5,10.1,85.09,,,,,,,,,,,,,,,,,,,,,,,,,,,,,,,,,,,,
2023,11,26,2,0,12.3,10.1,86.27,,,,,,,,,,,,,,,,,,,,,,,,,,,,,,,,,,,,
2023,11,26,3,0,11.9,9.8,87.21,,,,,,,,,,,,,,,,,,,,,,,,,,,,,,,,,,,,
2023,11,26,4,0,11.3,9.4,88,,,,,,,,,,,,,,,,,,,,,,,,,,,,,,,,,,,,
2023,11,26,5,0,11,9,87.35,,,,,,,,,,,,,,,,,,,,,,,,,,,,,,,,,,,,
2023,11,26,6,0,10.4,8.5,88.15,,,,,,,,,,,,,,,,,,,,,,,,,,,,,,,,,,,,
2023,11,26,7,0,10,8.1,88.09,,,,,,,,,,,,,,,,,,,,,,,,,,,,,,,,,,,,
2023,11,26,8,0,9.5,7.7,88.82,,,,,,,,,,,,,,,,,,,,,,,,,,,,,,,,,,,,
2023,11,26,9,0,9.1,7.5,89.55,,,,,,,,,,,,,,,,,,,,,,,,,,,,,,,,,,,,
2023,11,26,10,0,8.8,7.3,90.13,,,,,,,,,,,,,,,,,,,,,,,,,,,,,,,,,,,,
2023,11,26,11,0,8.5,7.1,91.02,,,,,,,,,,,,,,,,,,,,,,,,,,,,,,,,,,,,
2023,11,26,12,0,8.4,7,91.21,,,,,,,,,,,,,,,,,,,,,,,,,,,,,,,,,,,,
2023,11,26,13,0,9.4,7.1,85.44,,,,,,,,,,,,,,,,,,,,,,,,,,,,,,,,,,,,
2023,11,26,14,0,11,7.3,78.15,,,,,,,,,,,,,,,,,,,,,,,,,,,,,,,,,,,,
2023,11,26,15,0,12.1,7.7,74.61,,,,,,,,,,,,,,,,,,,,,,,,,,,,,,,,,,,,
2023,11,26,16,0,13.1,8.2,71.97,,,,,,,,,,,,,,,,,,,,,,,,,,,,,,,,,,,,
2023,11,26,17,0,13.8,8.3,69.56,,,,,,,,,,,,,,,,,,,,,,,,,,,,,,,,,,,,
2023,11,26,18,0,14,8.5,69.37,,,,,,,,,,,,,,,,,,,,,,,,,,,,,,,,,,,,
2023,11,26,19,0,13.7,9.1,73.9,,,,,,,,,,,,,,,,,,,,,,,,,,,,,,,,,,,,
2023,11,26,20,0,13.1,9.9,80.85,,,,,,,,,,,,,,,,,,,,,,,,,,,,,,,,,,,,
2023,11,26,21,0,12.5,10.5,87.33,,,,,,,,,,,,,,,,,,,,,,,,,,,,,,,,,,,,
2023,11,26,22,0,12,10.9,93.22,,,,,,,,,,,,,,,,,,,,,,,,,,,,,,,,,,,,
2023,11,26,23,0,11.6,11.1,96.54,,,,,,,,,,,,,,,,,,,,,,,,,,,,,,,,,,,,
2023,11,27,0,0,11.1,10.8,97.78,,,,,,,,,,,,,,,,,,,,,,,,,,,,,,,,,,,,
2023,11,27,1,0,11.2,10.7,97.04,,,,,,,,,,,,,,,,,,,,,,,,,,,,,,,,,,,,
2023,11,27,2,0,11.7,11.2,96.44,,,,,,,,,,,,,,,,,,,,,,,,,,,,,,,,,,,,
2023,11,27,3,0,12,11.7,97.9,,,,,,,,,,,,,,,,,,,,,,,,,,,,,,,,,,,,
2023,11,27,4,0,12.1,11.6,96.53,,,,,,,,,,,,,,,,,,,,,,,,,,,,,,,,,,,,
2023,11,27,5,0,11.9,11.5,97.46,,,,,,,,,,,,,,,,,,,,,,,,,,,,,,,,,,,,
2023,11,27,6,0,11.4,11.2,98.65,,,,,,,,,,,,,,,,,,,,,,,,,,,,,,,,,,,,
2023,11,27,7,0,10.7,10.6,99.41,,,,,,,,,,,,,,,,,,,,,,,,,,,,,,,,,,,,
2023,11,27,8,0,10.3,10.2,99.23,,,,,,,,,,,,,,,,,,,,,,,,,,,,,,,,,,,,
2023,11,27,9,0,10.2,10,98.79,,,,,,,,,,,,,,,,,,,,,,,,,,,,,,,,,,,,
2023,11,27,10,0,10.1,10,99.11,,,,,,,,,,,,,,,,,,,,,,,,,,,,,,,,,,,,
2023,11,27,11,0,10,10,99.74,,,,,,,,,,,,,,,,,,,,,,,,,,,,,,,,,,,,
2023,11,27,12,0,10.1,10,99.31,,,,,,,,,,,,,,,,,,,,,,,,,,,,,,,,,,,,
2023,11,27,13,0,10.5,10.1,97.48,,,,,,,,,,,,,,,,,,,,,,,,,,,,,,,,,,,,
2023,11,27,14,0,11.3,10.2,92.65,,,,,,,,,,,,,,,,,,,,,,,,,,,,,,,,,,,,
2023,11,27,15,0,12.8,10.2,84.33,,,,,,,,,,,,,,,,,,,,,,,,,,,,,,,,,,,,
2023,11,27,16,0,14.3,9.9,74.89,,,,,,,,,,,,,,,,,,,,,,,,,,,,,,,,,,,,
2023,11,27,17,0,15.5,9.2,66.09,,,,,,,,,,,,,,,,,,,,,,,,,,,,,,,,,,,,
2023,11,27,18,0,16.1,8.4,60.14,,,,,,,,,,,,,,,,,,,,,,,,,,,,,,,,,,,,
2023,11,27,19,0,16.3,7.7,56.58,,,,,,,,,,,,,,,,,,,,,,,,,,,,,,,,,,,,
2023,11,27,20,0,16.2,7.2,55.15,,,,,,,,,,,,,,,,,,,,,,,,,,,,,,,,,,,,
2023,11,27,21,0,15.4,7.6,59.89,,,,,,,,,,,,,,,,,,,,,,,,,,,,,,,,,,,,
2023,11,27,22,0,13,8,71.79,,,,,,,,,,,,,,,,,,,,,,,,,,,,,,,,,,,,
2023,11,27,23,0,12.2,7.9,75.26,,,,,,,,,,,,,,,,,,,,,,,,,,,,,,,,,,,,
2023,11,28,0,0,11.6,7.9,77.98,,,,,,,,,,,,,,,,,,,,,,,,,,,,,,,,,,,,
2023,11,28,1,0,11.2,7.6,78.68,,,,,,,,,,,,,,,,,,,,,,,,,,,,,,,,,,,,
2023,11,28,2,0,10.9,7.3,78.21,,,,,,,,,,,,,,,,,,,,,,,,,,,,,,,,,,,,
2023,11,28,3,0,10.4,6.7,77.87,,,,,,,,,,,,,,,,,,,,,,,,,,,,,,,,,,,,
2023,11,28,4,0,10.1,6,75.87,,,,,,,,,,,,,,,,,,,,,,,,,,,,,,,,,,,,
2023,11,28,5,0,9.6,5.6,75.92,,,,,,,,,,,,,,,,,,,,,,,,,,,,,,,,,,,,
2023,11,28,6,0,9.3,5.4,76.42,,,,,,,,,,,,,,,,,,,,,,,,,,,,,,,,,,,,
2023,11,28,7,0,9,5.4,78.01,,,,,,,,,,,,,,,,,,,,,,,,,,,,,,,,,,,,
2023,11,28,8,0,8.7,5.4,79.7,,,,,,,,,,,,,,,,,,,,,,,,,,,,,,,,,,,,
2023,11,28,9,0,8.5,5.1,79.36,,,,,,,,,,,,,,,,,,,,,,,,,,,,,,,,,,,,
2023,11,28,10,0,8.3,5,79.55,,,,,,,,,,,,,,,,,,,,,,,,,,,,,,,,,,,,
2023,11,28,11,0,8,4.8,80.37,,,,,,,,,,,,,,,,,,,,,,,,,,,,,,,,,,,,
2023,11,28,12,0,7.9,4.6,79.82,,,,,,,,,,,,,,,,,,,,,,,,,,,,,,,,,,,,
2023,11,28,13,0,8.1,4.4,77.27,,,,,,,,,,,,,,,,,,,,,,,,,,,,,,,,,,,,
2023,11,28,14,0,8.5,3.9,73.05,,,,,,,,,,,,,,,,,,,,,,,,,,,,,,,,,,,,
2023,11,28,15,0,9.5,2.9,63.21,,,,,,,,,,,,,,,,,,,,,,,,,,,,,,,,,,,,
2023,11,28,16,0,10.7,2,54.83,,,,,,,,,,,,,,,,,,,,,,,,,,,,,,,,,,,,
2023,11,28,17,0,12.1,1.7,48.95,,,,,,,,,,,,,,,,,,,,,,,,,,,,,,,,,,,,
2023,11,28,18,0,13.1,1.7,45.79,,,,,,,,,,,,,,,,,,,,,,,,,,,,,,,,,,,,
2023,11,28,19,0,13.7,1.9,44.89,,,,,,,,,,,,,,,,,,,,,,,,,,,,,,,,,,,,
2023,11,28,20,0,13.8,2.2,45.45,,,,,,,,,,,,,,,,,,,,,,,,,,,,,,,,,,,,
2023,11,28,21,0,13.1,3.1,50.73,,,,,,,,,,,,,,,,,,,,,,,,,,,,,,,,,,,,
2023,11,28,22,0,10.7,4.1,63.85,,,,,,,,,,,,,,,,,,,,,,,,,,,,,,,,,,,,
2023,11,28,23,0,9.8,4.3,68.5,,,,,,,,,,,,,,,,,,,,,,,,,,,,,,,,,,,,
2023,11,29,0,0,9.3,4.3,71.14,,,,,,,,,,,,,,,,,,,,,,,,,,,,,,,,,,,,
2023,11,29,1,0,9,4.2,72.04,,,,,,,,,,,,,,,,,,,,,,,,,,,,,,,,,,,,
2023,11,29,2,0,9.1,3.8,69.51,,,,,,,,,,,,,,,,,,,,,,,,,,,,,,,,,,,,
2023,11,29,3,0,8.8,3.4,69.11,,,,,,,,,,,,,,,,,,,,,,,,,,,,,,,,,,,,
2023,11,29,4,0,7.9,3.4,73.35,,,,,,,,,,,,,,,,,,,,,,,,,,,,,,,,,,,,
2023,11,29,5,0,7.2,3.7,78.26,,,,,,,,,,,,,,,,,,,,,,,,,,,,,,,,,,,,
2023,11,29,6,0,6.7,3.8,81.74,,,,,,,,,,,,,,,,,,,,,,,,,,,,,,,,,,,,
2023,11,29,7,0,6.3,3.7,83.44,,,,,,,,,,,,,,,,,,,,,,,,,,,,,,,,,,,,
2023,11,29,8,0,6.6,3.4,79.92,,,,,,,,,,,,,,,,,,,,,,,,,,,,,,,,,,,,
2023,11,29,9,0,6,3.1,81.57,,,,,,,,,,,,,,,,,,,,,,,,,,,,,,,,,,,,
2023,11,29,10,0,6,3,81.31,,,,,,,,,,,,,,,,,,,,,,,,,,,,,,,,,,,,
2023,11,29,11,0,5.5,3,84.03,,,,,,,,,,,,,,,,,,,,,,,,,,,,,,,,,,,,
2023,11,29,12,0,6,3.1,81.58,,,,,,,,,,,,,,,,,,,,,,,,,,,,,,,,,,,,
2023,11,29,13,0,7.1,3.2,76.04,,,,,,,,,,,,,,,,,,,,,,,,,,,,,,,,,,,,
2023,11,29,14,0,8.9,2.7,65.11,,,,,,,,,,,,,,,,,,,,,,,,,,,,,,,,,,,,
2023,11,29,15,0,10.7,2.4,56.69,,,,,,,,,,,,,,,,,,,,,,,,,,,,,,,,,,,,
2023,11,29,16,0,12.4,2.1,49.37,,,,,,,,,,,,,,,,,,,,,,,,,,,,,,,,,,,,
2023,11,29,17,0,13.5,2.2,46.41,,,,,,,,,,,,,,,,,,,,,,,,,,,,,,,,,,,,
2023,11,29,18,0,14.1,2.6,45.78,,,,,,,,,,,,,,,,,,,,,,,,,,,,,,,,,,,,
2023,11,29,19,0,14.3,2.8,45.93,,,,,,,,,,,,,,,,,,,,,,,,,,,,,,,,,,,,
2023,11,29,20,0,14.1,3,47.11,,,,,,,,,,,,,,,,,,,,,,,,,,,,,,,,,,,,
2023,11,29,21,0,13.3,4.6,55.62,,,,,,,,,,,,,,,,,,,,,,,,,,,,,,,,,,,,
2023,11,29,22,0,11.9,4.1,58.95,,,,,,,,,,,,,,,,,,,,,,,,,,,,,,,,,,,,
2023,11,29,23,0,11.2,4.1,61.54,,,,,,,,,,,,,,,,,,,,,,,,,,,,,,,,,,,,
2023,11,30,0,0,10.7,4.2,64.12,,,,,,,,,,,,,,,,,,,,,,,,,,,,,,,,,,,,
2023,11,30,1,0,10.4,4.2,65.56,,,,,,,,,,,,,,,,,,,,,,,,,,,,,,,,,,,,
2023,11,30,2,0,10.2,4.3,66.71,,,,,,,,,,,,,,,,,,,,,,,,,,,,,,,,,,,,
2023,11,30,3,0,10,4.4,68.32,,,,,,,,,,,,,,,,,,,,,,,,,,,,,,,,,,,,
2023,11,30,4,0,9.8,4.5,69.8,,,,,,,,,,,,,,,,,,,,,,,,,,,,,,,,,,,,
2023,11,30,5,0,9.5,4.7,71.84,,,,,,,,,,,,,,,,,,,,,,,,,,,,,,,,,,,,
2023,11,30,6,0,9.2,4.9,74.52,,,,,,,,,,,,,,,,,,,,,,,,,,,,,,,,,,,,
2023,11,30,7,0,9,5.1,76.71,,,,,,,,,,,,,,,,,,,,,,,,,,,,,,,,,,,,
2023,11,30,8,0,8.7,5.2,78.72,,,,,,,,,,,,,,,,,,,,,,,,,,,,,,,,,,,,
2023,11,30,9,0,8.2,5,80.47,,,,,,,,,,,,,,,,,,,,,,,,,,,,,,,,,,,,
2023,11,30,10,0,7.9,4.7,80.24,,,,,,,,,,,,,,,,,,,,,,,,,,,,,,,,,,,,
2023,11,30,11,0,7.6,4.4,80.43,,,,,,,,,,,,,,,,,,,,,,,,,,,,,,,,,,,,
2023,11,30,12,0,7.7,4.4,79.79,,,,,,,,,,,,,,,,,,,,,,,,,,,,,,,,,,,,
2023,11,30,13,0,9.7,5.1,73.29,,,,,,,,,,,,,,,,,,,,,,,,,,,,,,,,,,,,
2023,11,30,14,0,11.4,5.1,65.3,,,,,,,,,,,,,,,,,,,,,,,,,,,,,,,,,,,,
2023,11,30,15,0,13.6,4.3,53.29,,,,,,,,,,,,,,,,,,,,,,,,,,,,,,,,,,,,
2023,11,30,16,0,14.8,4.4,49.57,,,,,,,,,,,,,,,,,,,,,,,,,,,,,,,,,,,,
2023,11,30,17,0,15.8,4.8,48.12,,,,,,,,,,,,,,,,,,,,,,,,,,,,,,,,,,,,
2023,11,30,18,0,16.3,5.5,48.66,,,,,,,,,,,,,,,,,,,,,,,,,,,,,,,,,,,,
2023,11,30,19,0,16.2,6.5,52.57,,,,,,,,,,,,,,,,,,,,,,,,,,,,,,,,,,,,
2023,11,30,20,0,15.9,8,59.38,,,,,,,,,,,,,,,,,,,,,,,,,,,,,,,,,,,,
2023,11,30,21,0,15.4,8.5,63.39,,,,,,,,,,,,,,,,,,,,,,,,,,,,,,,,,,,,
2023,11,30,22,0,14.8,8.4,65.72,,,,,,,,,,,,,,,,,,,,,,,,,,,,,,,,,,,,
2023,11,30,23,0,14,9,71.64,,,,,,,,,,,,,,,,,,,,,,,,,,,,,,,,,,,,
2023,12,1,0,0,13.3,9.4,77.32,,,,,,,,,,,,,,,,,,,,,,,,,,,,,,,,,,,,
2023,12,1,1,0,12.6,10.1,84.91,,,,,,,,,,,,,,,,,,,,,,,,,,,,,,,,,,,,
2023,12,1,2,0,12.6,11,90.01,,,,,,,,,,,,,,,,,,,,,,,,,,,,,,,,,,,,
2023,12,1,3,0,12.7,11.8,94,,,,,,,,,,,,,,,,,,,,,,,,,,,,,,,,,,,,
2023,12,1,4,0,12.9,12.4,96.47,,,,,,,,,,,,,,,,,,,,,,,,,,,,,,,,,,,,
2023,12,1,5,0,13.1,12.7,97.5,,,,,,,,,,,,,,,,,,,,,,,,,,,,,,,,,,,,
2023,12,1,6,0,13.5,12.9,95.94,,,,,,,,,,,,,,,,,,,,,,,,,,,,,,,,,,,,
2023,12,1,7,0,14,13.1,94.09,,,,,,,,,,,,,,,,,,,,,,,,,,,,,,,,,,,,
2023,12,1,8,0,14.2,13.3,94.3,,,,,,,,,,,,,,,,,,,,,,,,,,,,,,,,,,,,
2023,12,1,9,0,14.4,13.6,94.86,,,,,,,,,,,,,,,,,,,,,,,,,,,,,,,,,,,,
2023,12,1,10,0,14.5,13.9,96.37,,,,,,,,,,,,,,,,,,,,,,,,,,,,,,,,,,,,
2023,12,1,11,0,14.7,14.5,98.77,,,,,,,,,,,,,,,,,,,,,,,,,,,,,,,,,,,,
2023,12,1,12,0,16,15.2,94.83,,,,,,,,,,,,,,,,,,,,,,,,,,,,,,,,,,,,
2023,12,1,13,0,18.1,16.3,89.41,,,,,,,,,,,,,,,,,,,,,,,,,,,,,,,,,,,,
2023,12,1,14,0,19.8,17.1,84.56,,,,,,,,,,,,,,,,,,,,,,,,,,,,,,,,,,,,
2023,12,1,15,0,21.2,17.5,79.47,,,,,,,,,,,,,,,,,,,,,,,,,,,,,,,,,,,,
2023,12,1,16,0,22,17.7,76.67,,,,,,,,,,,,,,,,,,,,,,,,,,,,,,,,,,,,
2023,12,1,17,0,22,17.9,77.59,,,,,,,,,,,,,,,,,,,,,,,,,,,,,,,,,,,,
2023,12,1,18,0,21.7,18.1,80.23,,,,,,,,,,,,,,,,,,,,,,,,,,,,,,,,,,,,
2023,12,1,19,0,21.2,18.5,84.36,,,,,,,,,,,,,,,,,,,,,,,,,,,,,,,,,,,,
2023,12,1,20,0,20.8,18.8,88.19,,,,,,,,,,,,,,,,,,,,,,,,,,,,,,,,,,,,
2023,12,1,21,0,19.9,19,94.3,,,,,,,,,,,,,,,,,,,,,,,,,,,,,,,,,,,,
2023,12,1,22,0,18.9,18.9,100,,,,,,,,,,,,,,,,,,,,,,,,,,,,,,,,,,,,
2023,12,1,23,0,18.9,18.9,100,,,,,,,,,,,,,,,,,,,,,,,,,,,,,,,,,,,,
2023,12,2,0,0,19.1,19.1,100,,,,,,,,,,,,,,,,,,,,,,,,,,,,,,,,,,,,
2023,12,2,1,0,19,19,100,,,,,,,,,,,,,,,,,,,,,,,,,,,,,,,,,,,,
2023,12,2,2,0,19,19,100,,,,,,,,,,,,,,,,,,,,,,,,,,,,,,,,,,,,
2023,12,2,3,0,18.9,18.9,100,,,,,,,,,,,,,,,,,,,,,,,,,,,,,,,,,,,,
2023,12,2,4,0,18.7,18.7,100,,,,,,,,,,,,,,,,,,,,,,,,,,,,,,,,,,,,
2023,12,2,5,0,18.6,18.6,100,,,,,,,,,,,,,,,,,,,,,,,,,,,,,,,,,,,,
2023,12,2,6,0,18.4,18.4,100,,,,,,,,,,,,,,,,,,,,,,,,,,,,,,,,,,,,
2023,12,2,7,0,18.5,18.5,100,,,,,,,,,,,,,,,,,,,,,,,,,,,,,,,,,,,,
2023,12,2,8,0,18.3,18.3,100,,,,,,,,,,,,,,,,,,,,,,,,,,,,,,,,,,,,
2023,12,2,9,0,18,18,100,,,,,,,,,,,,,,,,,,,,,,,,,,,,,,,,,,,,
2023,12,2,10,0,17.8,17.8,100,,,,,,,,,,,,,,,,,,,,,,,,,,,,,,,,,,,,
2023,12,2,11,0,17.8,17.8,100,,,,,,,,,,,,,,,,,,,,,,,,,,,,,,,,,,,,
2023,12,2,12,0,18.1,18.1,100,,,,,,,,,,,,,,,,,,,,,,,,,,,,,,,,,,,,
2023,12,2,13,0,18.9,18.9,100,,,,,,,,,,,,,,,,,,,,,,,,,,,,,,,,,,,,
2023,12,2,14,0,19.9,19.4,97,,,,,,,,,,,,,,,,,,,,,,,,,,,,,,,,,,,,
2023,12,2,15,0,21,19.6,91.85,,,,,,,,,,,,,,,,,,,,,,,,,,,,,,,,,,,,
2023,12,2,16,0,21.7,19.5,87.24,,,,,,,,,,,,,,,,,,,,,,,,,,,,,,,,,,,,
2023,12,2,17,0,21.7,19.4,86.57,,,,,,,,,,,,,,,,,,,,,,,,,,,,,,,,,,,,
2023,12,2,18,0,21.6,19.3,86.83,,,,,,,,,,,,,,,,,,,,,,,,,,,,,,,,,,,,
2023,12,2,19,0,21.3,19.3,88.52,,,,,,,,,,,,,,,,,,,,,,,,,,,,,,,,,,,,
2023,12,2,20,0,20.9,19.4,90.89,,,,,,,,,,,,,,,,,,,,,,,,,,,,,,,,,,,,
2023,12,2,21,0,20.1,19.4,95.58,,,,,,,,,,,,,,,,,,,,,,,,,,,,,,,,,,,,
2023,12,2,22,0,19.5,19.3,98.85,,,,,,,,,,,,,,,,,,,,,,,,,,,,,,,,,,,,
2023,12,2,23,0,19.4,19.4,99.76,,,,,,,,,,,,,,,,,,,,,,,,,,,,,,,,,,,,
2023,12,3,0,0,19.4,19.4,100,,,,,,,,,,,,,,,,,,,,,,,,,,,,,,,,,,,,
2023,12,3,1,0,19.5,19.5,100,,,,,,,,,,,,,,,,,,,,,,,,,,,,,,,,,,,,
2023,12,3,2,0,19.5,19.5,100,,,,,,,,,,,,,,,,,,,,,,,,,,,,,,,,,,,,
2023,12,3,3,0,19.6,19.6,100,,,,,,,,,,,,,,,,,,,,,,,,,,,,,,,,,,,,
2023,12,3,4,0,19.6,19.6,100,,,,,,,,,,,,,,,,,,,,,,,,,,,,,,,,,,,,
2023,12,3,5,0,19.5,19.5,100,,,,,,,,,,,,,,,,,,,,,,,,,,,,,,,,,,,,
2023,12,3,6,0,19.1,19.1,100,,,,,,,,,,,,,,,,,,,,,,,,,,,,,,,,,,,,
2023,12,3,7,0,18.9,18.9,100,,,,,,,,,,,,,,,,,,,,,,,,,,,,,,,,,,,,
2023,12,3,8,0,18.6,18.6,100,,,,,,,,,,,,,,,,,,,,,,,,,,,,,,,,,,,,
2023,12,3,9,0,18.4,18.4,100,,,,,,,,,,,,,,,,,,,,,,,,,,,,,,,,,,,,
2023,12,3,10,0,18.4,18.4,99.7,,,,,,,,,,,,,,,,,,,,,,,,,,,,,,,,,,,,
2023,12,3,11,0,18.4,18.3,99.07,,,,,,,,,,,,,,,,,,,,,,,,,,,,,,,,,,,,
2023,12,3,12,0,18.5,18.2,97.87,,,,,,,,,,,,,,,,,,,,,,,,,,,,,,,,,,,,
2023,12,3,13,0,19,18.3,95.55,,,,,,,,,,,,,,,,,,,,,,,,,,,,,,,,,,,,
2023,12,3,14,0,19.7,18.4,92.26,,,,,,,,,,,,,,,,,,,,,,,,,,,,,,,,,,,,
2023,12,3,15,0,20.5,18.5,88.56,,,,,,,,,,,,,,,,,,,,,,,,,,,,,,,,,,,,
2023,12,3,16,0,21.2,18.5,84.47,,,,,,,,,,,,,,,,,,,,,,,,,,,,,,,,,,,,
2023,12,3,17,0,21.5,18.4,82.61,,,,,,,,,,,,,,,,,,,,,,,,,,,,,,,,,,,,
2023,12,3,18,0,21.7,18.4,81.46,,,,,,,,,,,,,,,,,,,,,,,,,,,,,,,,,,,,
2023,12,3,19,0,21.6,18.3,81.65,,,,,,,,,,,,,,,,,,,,,,,,,,,,,,,,,,,,
2023,12,3,20,0,21.1,18.3,84.22,,,,,,,,,,,,,,,,,,,,,,,,,,,,,,,,,,,,
2023,12,3,21,0,20.4,18.4,88.09,,,,,,,,,,,,,,,,,,,,,,,,,,,,,,,,,,,,
2023,12,3,22,0,19.7,18.3,91.42,,,,,,,,,,,,,,,,,,,,,,,,,,,,,,,,,,,,
2023,12,3,23,0,19.2,18.2,93.91,,,,,,,,,,,,,,,,,,,,,,,,,,,,,,,,,,,,
2023,12,4,0,0,18.9,18.1,95.4,,,,,,,,,,,,,,,,,,,,,,,,,,,,,,,,,,,,
2023,12,4,1,0,18.6,18.1,96.96,,,,,,,,,,,,,,,,,,,,,,,,,,,,,,,,,,,,
2023,12,4,2,0,18.2,18,98.81,,,,,,,,,,,,,,,,,,,,,,,,,,,,,,,,,,,,
2023,12,4,3,0,17.9,17.9,99.75,,,,,,,,,,,,,,,,,,,,,,,,,,,,,,,,,,,,
2023,12,4,4,0,17.5,17.5,100,,,,,,,,,,,,,,,,,,,,,,,,,,,,,,,,,,,,
2023,12,4,5,0,17.3,17.3,100,,,,,,,,,,,,,,,,,,,,,,,,,,,,,,,,,,,,
2023,12,4,6,0,16.9,16.9,100,,,,,,,,,,,,,,,,,,,,,,,,,,,,,,,,,,,,
2023,12,4,7,0,16.5,16.5,100,,,,,,,,,,,,,,,,,,,,,,,,,,,,,,,,,,,,
2023,12,4,8,0,16.2,16.1,99.5,,,,,,,,,,,,,,,,,,,,,,,,,,,,,,,,,,,,
2023,12,4,9,0,15.9,15.6,98.29,,,,,,,,,,,,,,,,,,,,,,,,,,,,,,,,,,,,
2023,12,4,10,0,15.5,15.1,97.49,,,,,,,,,,,,,,,,,,,,,,,,,,,,,,,,,,,,
2023,12,4,11,0,15.1,14.6,96.71,,,,,,,,,,,,,,,,,,,,,,,,,,,,,,,,,,,,
2023,12,4,12,0,14.9,14.1,95.27,,,,,,,,,,,,,,,,,,,,,,,,,,,,,,,,,,,,
2023,12,4,13,0,15.7,14,89.72,,,,,,,,,,,,,,,,,,,,,,,,,,,,,,,,,,,,
2023,12,4,14,0,16.3,14,86.22,,,,,,,,,,,,,,,,,,,,,,,,,,,,,,,,,,,,
2023,12,4,15,0,17.1,14.5,84.46,,,,,,,,,,,,,,,,,,,,,,,,,,,,,,,,,,,,
2023,12,4,16,0,18.5,14,75.23,,,,,,,,,,,,,,,,,,,,,,,,,,,,,,,,,,,,
2023,12,4,17,0,19.4,13.2,67.54,,,,,,,,,,,,,,,,,,,,,,,,,,,,,,,,,,,,
2023,12,4,18,0,19.6,12.7,64.43,,,,,,,,,,,,,,,,,,,,,,,,,,,,,,,,,,,,
2023,12,4,19,0,19.6,12.2,62.34,,,,,,,,,,,,,,,,,,,,,,,,,,,,,,,,,,,,
2023,12,4,20,0,19.4,12,62.13,,,,,,,,,,,,,,,,,,,,,,,,,,,,,,,,,,,,
2023,12,4,21,0,18.5,12.4,67.45,,,,,,,,,,,,,,,,,,,,,,,,,,,,,,,,,,,,
2023,12,4,22,0,17.2,12.4,73.38,,,,,,,,,,,,,,,,,,,,,,,,,,,,,,,,,,,,
2023,12,4,23,0,16.8,12.4,75.26,,,,,,,,,,,,,,,,,,,,,,,,,,,,,,,,,,,,
2023,12,5,0,0,16.5,12.5,77.19,,,,,,,,,,,,,,,,,,,,,,,,,,,,,,,,,,,,
2023,12,5,1,0,16.1,12.6,79.71,,,,,,,,,,,,,,,,,,,,,,,,,,,,,,,,,,,,
2023,12,5,2,0,15.5,12.7,83.24,,,,,,,,,,,,,,,,,,,,,,,,,,,,,,,,,,,,
2023,12,5,3,0,14.9,12.5,85.47,,,,,,,,,,,,,,,,,,,,,,,,,,,,,,,,,,,,
2023,12,5,4,0,14.2,11.8,85.75,,,,,,,,,,,,,,,,,,,,,,,,,,,,,,,,,,,,
2023,12,5,5,0,13.5,10.8,83.91,,,,,,,,,,,,,,,,,,,,,,,,,,,,,,,,,,,,
2023,12,5,6,0,12.9,9.9,81.79,,,,,,,,,,,,,,,,,,,,,,,,,,,,,,,,,,,,
2023,12,5,7,0,12.2,9.4,82.76,,,,,,,,,,,,,,,,,,,,,,,,,,,,,,,,,,,,
2023,12,5,8,0,11.7,9.3,85.25,,,,,,,,,,,,,,,,,,,,,,,,,,,,,,,,,,,,
2023,12,5,9,0,11.3,9.3,87.7,,,,,,,,,,,,,,,,,,,,,,,,,,,,,,,,,,,,
2023,12,5,10,0,10.8,9.3,90.48,,,,,,,,,,,,,,,,,,,,,,,,,,,,,,,,,,,,
2023,12,5,11,0,10.3,9.3,93.41,,,,,,,,,,,,,,,,,,,,,,,,,,,,,,,,,,,,
2023,12,5,12,0,10,9.3,95.1,,,,,,,,,,,,,,,,,,,,,,,,,,,,,,,,,,,,
2023,12,5,13,0,11.3,9.2,87.19,,,,,,,,,,,,,,,,,,,,,,,,,,,,,,,,,,,,
2023,12,5,14,0,12.9,9,77.28,,,,,,,,,,,,,,,,,,,,,,,,,,,,,,,,,,,,
2023,12,5,15,0,14.6,9.1,69.41,,,,,,,,,,,,,,,,,,,,,,,,,,,,,,,,,,,,
2023,12,5,16,0,16.4,8.8,60.68,,,,,,,,,,,,,,,,,,,,,,,,,,,,,,,,,,,,
2023,12,5,17,0,17.6,8.3,54.58,,,,,,,,,,,,,,,,,,,,,,,,,,,,,,,,,,,,
2023,12,5,18,0,17.9,8,52.23,,,,,,,,,,,,,,,,,,,,,,,,,,,,,,,,,,,,
2023,12,5,19,0,18,7.7,51.07,,,,,,,,,,,,,,,,,,,,,,,,,,,,,,,,,,,,
2023,12,5,20,0,17.7,7.8,52.17,,,,,,,,,,,,,,,,,,,,,,,,,,,,,,,,,,,,
2023,12,5,21,0,16.6,8.9,60.45,,,,,,,,,,,,,,,,,,,,,,,,,,,,,,,,,,,,
2023,12,5,22,0,14.6,9.1,69.4,,,,,,,,,,,,,,,,,,,,,,,,,,,,,,,,,,,,
2023,12,5,23,0,14.1,9.1,72.07,,,,,,,,,,,,,,,,,,,,,,,,,,,,,,,,,,,,
2023,12,6,0,0,13.7,9.3,74.63,,,,,,,,,,,,,,,,,,,,,,,,,,,,,,,,,,,,
2023,12,6,1,0,13.3,9.2,76.36,,,,,,,,,,,,,,,,,,,,,,,,,,,,,,,,,,,,
2023,12,6,2,0,13,9,76.66,,,,,,,,,,,,,,,,,,,,,,,,,,,,,,,,,,,,
2023,12,6,3,0,12.6,8.7,77.32,,,,,,,,,,,,,,,,,,,,,,,,,,,,,,,,,,,,
2023,12,6,4,0,12.4,8.3,76.1,,,,,,,,,,,,,,,,,,,,,,,,,,,,,,,,,,,,
2023,12,6,5,0,11.8,8.1,78,,,,,,,,,,,,,,,,,,,,,,,,,,,,,,,,,,,,
2023,12,6,6,0,11.4,7.7,78.18,,,,,,,,,,,,,,,,,,,,,,,,,,,,,,,,,,,,
2023,12,6,7,0,10.8,7.5,80.06,,,,,,,,,,,,,,,,,,,,,,,,,,,,,,,,,,,,
2023,12,6,8,0,10.3,7.4,82.19,,,,,,,,,,,,,,,,,,,,,,,,,,,,,,,,,,,,
2023,12,6,9,0,9.7,7.4,85.43,,,,,,,,,,,,,,,,,,,,,,,,,,,,,,,,,,,,
2023,12,6,10,0,9.5,7.2,85.67,,,,,,,,,,,,,,,,,,,,,,,,,,,,,,,,,,,,
2023,12,6,11,0,9.1,7.1,87.21,,,,,,,,,,,,,,,,,,,,,,,,,,,,,,,,,,,,
2023,12,6,12,0,8.9,7.1,88.31,,,,,,,,,,,,,,,,,,,,,,,,,,,,,,,,,,,,
2023,12,6,13,0,9.9,7,82.34,,,,,,,,,,,,,,,,,,,,,,,,,,,,,,,,,,,,
2023,12,6,14,0,11.7,6.5,70.38,,,,,,,,,,,,,,,,,,,,,,,,,,,,,,,,,,,,
2023,12,6,15,0,13.2,6,61.52,,,,,,,,,,,,,,,,,,,,,,,,,,,,,,,,,,,,
2023,12,6,16,0,14.1,5.4,55.86,,,,,,,,,,,,,,,,,,,,,,,,,,,,,,,,,,,,
2023,12,6,17,0,14.7,4.9,51.9,,,,,,,,,,,,,,,,,,,,,,,,,,,,,,,,,,,,
2023,12,6,18,0,15.1,4.5,49.11,,,,,,,,,,,,,,,,,,,,,,,,,,,,,,,,,,,,
2023,12,6,19,0,15.1,4,47.57,,,,,,,,,,,,,,,,,,,,,,,,,,,,,,,,,,,,
2023,12,6,20,0,14.9,3.7,47.07,,,,,,,,,,,,,,,,,,,,,,,,,,,,,,,,,,,,
2023,12,6,21,0,14.1,3.8,49.94,,,,,,,,,,,,,,,,,,,,,,,,,,,,,,,,,,,,
2023,12,6,22,0,12.2,4.6,59.8,,,,,,,,,,,,,,,,,,,,,,,,,,,,,,,,,,,,
2023,12,6,23,0,11.1,5,66.26,,,,,,,,,,,,,,,,,,,,,,,,,,,,,,,,,,,,
2023,12,7,0,0,10.5,5.2,69.84,,,,,,,,,,,,,,,,,,,,,,,,,,,,,,,,,,,,
2023,12,7,1,0,10,5.2,72.33,,,,,,,,,,,,,,,,,,,,,,,,,,,,,,,,,,,,
2023,12,7,2,0,9.5,5.2,74.48,,,,,,,,,,,,,,,,,,,,,,,,,,,,,,,,,,,,
2023,12,7,3,0,9,5,76.02,,,,,,,,,,,,,,,,,,,,,,,,,,,,,,,,,,,,
2023,12,7,4,0,8.6,4.8,76.9,,,,,,,,,,,,,,,,,,,,,,,,,,,,,,,,,,,,
2023,12,7,5,0,8.1,4.5,78.21,,,,,,,,,,,,,,,,,,,,,,,,,,,,,,,,,,,,
2023,12,7,6,0,7.7,4.3,79.29,,,,,,,,,,,,,,,,,,,,,,,,,,,,,,,,,,,,
2023,12,7,7,0,7.4,4.2,80.38,,,,,,,,,,,,,,,,,,,,,,,,,,,,,,,,,,,,
2023,12,7,8,0,7.1,4.2,81.78,,,,,,,,,,,,,,,,,,,,,,,,,,,,,,,,,,,,
2023,12,7,9,0,6.8,4.2,83.4,,,,,,,,,,,,,,,,,,,,,,,,,,,,,,,,,,,,
2023,12,7,10,0,6.4,4.2,85.58,,,,,,,,,,,,,,,,,,,,,,,,,,,,,,,,,,,,
2023,12,7,11,0,6,4,87.06,,,,,,,,,,,,,,,,,,,,,,,,,,,,,,,,,,,,
2023,12,7,12,0,5.9,3.8,86.65,,,,,,,,,,,,,,,,,,,,,,,,,,,,,,,,,,,,
2023,12,7,13,0,7.5,3.6,76.2,,,,,,,,,,,,,,,,,,,,,,,,,,,,,,,,,,,,
2023,12,7,14,0,9.4,2.2,60.81,,,,,,,,,,,,,,,,,,,,,,,,,,,,,,,,,,,,
2023,12,7,15,0,11.4,1.2,49.36,,,,,,,,,,,,,,,,,,,,,,,,,,,,,,,,,,,,
2023,12,7,16,0,12.8,1.4,45.7,,,,,,,,,,,,,,,,,,,,,,,,,,,,,,,,,,,,
2023,12,7,17,0,13.7,1.7,44.27,,,,,,,,,,,,,,,,,,,,,,,,,,,,,,,,,,,,
2023,12,7,18,0,14.3,2.1,43.69,,,,,,,,,,,,,,,,,,,,,,,,,,,,,,,,,,,,
2023,12,7,19,0,14.7,2.5,43.75,,,,,,,,,,,,,,,,,,,,,,,,,,,,,,,,,,,,
2023,12,7,20,0,14.7,3,45.34,,,,,,,,,,,,,,,,,,,,,,,,,,,,,,,,,,,,
2023,12,7,21,0,13.7,5.1,56.22,,,,,,,,,,,,,,,,,,,,,,,,,,,,,,,,,,,,
2023,12,7,22,0,12,5.5,64.31,,,,,,,,,,,,,,,,,,,,,,,,,,,,,,,,,,,,
2023,12,7,23,0,11.7,5.6,66.07,,,,,,,,,,,,,,,,,,,,,,,,,,,,,,,,,,,,
2023,12,8,0,0,11.6,5.8,67.51,,,,,,,,,,,,,,,,,,,,,,,,,,,,,,,,,,,,
2023,12,8,1,0,11.4,6,69.62,,,,,,,,,,,,,,,,,,,,,,,,,,,,,,,,,,,,
2023,12,8,2,0,11,6.4,73.08,,,,,,,,,,,,,,,,,,,,,,,,,,,,,,,,,,,,
2023,12,8,3,0,10.7,6.7,76.49,,,,,,,,,,,,,,,,,,,,,,,,,,,,,,,,,,,,
2023,12,8,4,0,10.5,7.2,80.02,,,,,,,,,,,,,,,,,,,,,,,,,,,,,,,,,,,,
2023,12,8,5,0,10.5,7.6,82.36,,,,,,,,,,,,,,,,,,,,,,,,,,,,,,,,,,,,
2023,12,8,6,0,10.4,8,84.89,,,,,,,,,,,,,,,,,,,,,,,,,,,,,,,,,,,,
2023,12,8,7,0,10.3,8.3,87.24,,,,,,,,,,,,,,,,,,,,,,,,,,,,,,,,,,,,
2023,12,8,8,0,10.2,8.4,88.69,,,,,,,,,,,,,,,,,,,,,,,,,,,,,,,,,,,,
2023,12,8,9,0,10.1,8.3,88.81,,,,,,,,,,,,,,,,,,,,,,,,,,,,,,,,,,,,
2023,12,8,10,0,9.9,8.1,88.4,,,,,,,,,,,,,,,,,,,,,,,,,,,,,,,,,,,,
2023,12,8,11,0,9.7,7.8,87.81,,,,,,,,,,,,,,,,,,,,,,,,,,,,,,,,,,,,
2023,12,8,12,0,9.4,7.5,88.21,,,,,,,,,,,,,,,,,,,,,,,,,,,,,,,,,,,,
2023,12,8,13,0,10.7,7.7,81.89,,,,,,,,,,,,,,,,,,,,,,,,,,,,,,,,,,,,
2023,12,8,14,0,12,7.6,74.42,,,,,,,,,,,,,,,,,,,,,,,,,,,,,,,,,,,,
2023,12,8,15,0,13.7,7.5,66.18,,,,,,,,,,,,,,,,,,,,,,,,,,,,,,,,,,,,
2023,12,8,16,0,15.9,6.9,54.97,,,,,,,,,,,,,,,,,,,,,,,,,,,,,,,,,,,,
2023,12,8,17,0,17.2,7.3,52.08,,,,,,,,,,,,,,,,,,,,,,,,,,,,,,,,,,,,
2023,12,8,18,0,17.4,7.9,53.56,,,,,,,,,,,,,,,,,,,,,,,,,,,,,,,,,,,,
2023,12,8,19,0,17.3,8.5,56.09,,,,,,,,,,,,,,,,,,,,,,,,,,,,,,,,,,,,
2023,12,8,20,0,17,9.6,61.63,,,,,,,,,,,,,,,,,,,,,,,,,,,,,,,,,,,,
2023,12,8,21,0,15.9,11,72.91,,,,,,,,,,,,,,,,,,,,,,,,,,,,,,,,,,,,
2023,12,8,22,0,14.7,11,78.26,,,,,,,,,,,,,,,,,,,,,,,,,,,,,,,,,,,,
2023,12,8,23,0,14.8,11.6,81.05,,,,,,,,,,,,,,,,,,,,,,,,,,,,,,,,,,,,
2023,12,9,0,0,14.9,12.1,83.23,,,,,,,,,,,,,,,,,,,,,,,,,,,,,,,,,,,,
2023,12,9,1,0,15.1,12.6,84.79,,,,,,,,,,,,,,,,,,,,,,,,,,,,,,,,,,,,
2023,12,9,2,0,15.5,13.1,85.6,,,,,,,,,,,,,,,,,,,,,,,,,,,,,,,,,,,,
2023,12,9,3,0,16,13.5,85.19,,,,,,,,,,,,,,,,,,,,,,,,,,,,,,,,,,,,
2023,12,9,4,0,16.2,13.9,86.35,,,,,,,,,,,,,,,,,,,,,,,,,,,,,,,,,,,,
2023,12,9,5,0,16.3,14.2,87.65,,,,,,,,,,,,,,,,,,,,,,,,,,,,,,,,,,,,
2023,12,9,6,0,16.5,14.5,88.21,,,,,,,,,,,,,,,,,,,,,,,,,,,,,,,,,,,,
2023,12,9,7,0,16.3,14.7,90.55,,,,,,,,,,,,,,,,,,,,,,,,,,,,,,,,,,,,
2023,12,9,8,0,16.2,14.9,92.04,,,,,,,,,,,,,,,,,,,,,,,,,,,,,,,,,,,,
2023,12,9,9,0,16.1,15,93.16,,,,,,,,,,,,,,,,,,,,,,,,,,,,,,,,,,,,
2023,12,9,10,0,16,15,93.74,,,,,,,,,,,,,,,,,,,,,,,,,,,,,,,,,,,,
2023,12,9,11,0,15.9,14.9,94.04,,,,,,,,,,,,,,,,,,,,,,,,,,,,,,,,,,,,
2023,12,9,12,0,15.5,14.8,95.57,,,,,,,,,,,,,,,,,,,,,,,,,,,,,,,,,,,,
2023,12,9,13,0,16.4,15.1,91.94,,,,,,,,,,,,,,,,,,,,,,,,,,,,,,,,,,,,
2023,12,9,14,0,17.9,15.5,85.73,,,,,,,,,,,,,,,,,,,,,,,,,,,,,,,,,,,,
2023,12,9,15,0,20,16.3,79.15,,,,,,,,,,,,,,,,,,,,,,,,,,,,,,,,,,,,
2023,12,9,16,0,21.7,16.8,73.53,,,,,,,,,,,,,,,,,,,,,,,,,,,,,,,,,,,,
2023,12,9,17,0,22.2,16.8,71.27,,,,,,,,,,,,,,,,,,,,,,,,,,,,,,,,,,,,
2023,12,9,18,0,22.3,16.8,71.03,,,,,,,,,,,,,,,,,,,,,,,,,,,,,,,,,,,,
2023,12,9,19,0,22.1,16.9,72.45,,,,,,,,,,,,,,,,,,,,,,,,,,,,,,,,,,,,
2023,12,9,20,0,21.7,17.2,75.45,,,,,,,,,,,,,,,,,,,,,,,,,,,,,,,,,,,,
2023,12,9,21,0,20.5,17.6,83.69,,,,,,,,,,,,,,,,,,,,,,,,,,,,,,,,,,,,
2023,12,9,22,0,18.6,17.6,93.98,,,,,,,,,,,,,,,,,,,,,,,,,,,,,,,,,,,,
2023,12,9,23,0,18,17.7,98.21,,,,,,,,,,,,,,,,,,,,,,,,,,,,,,,,,,,,
2023,12,10,0,0,17.7,17.7,100,,,,,,,,,,,,,,,,,,,,,,,,,,,,,,,,,,,,
2023,12,10,1,0,17.4,17.4,100,,,,,,,,,,,,,,,,,,,,,,,,,,,,,,,,,,,,
2023,12,10,2,0,17.2,17.2,100,,,,,,,,,,,,,,,,,,,,,,,,,,,,,,,,,,,,
2023,12,10,3,0,17.3,17.3,100,,,,,,,,,,,,,,,,,,,,,,,,,,,,,,,,,,,,
2023,12,10,4,0,17.5,17.5,100,,,,,,,,,,,,,,,,,,,,,,,,,,,,,,,,,,,,
2023,12,10,5,0,17.8,17.8,100,,,,,,,,,,,,,,,,,,,,,,,,,,,,,,,,,,,,
2023,12,10,6,0,17.9,17.9,100,,,,,,,,,,,,,,,,,,,,,,,,,,,,,,,,,,,,
2023,12,10,7,0,18.1,18.1,100,,,,,,,,,,,,,,,,,,,,,,,,,,,,,,,,,,,,
2023,12,10,8,0,18.1,18.1,100,,,,,,,,,,,,,,,,,,,,,,,,,,,,,,,,,,,,
2023,12,10,9,0,18.2,18.2,100,,,,,,,,,,,,,,,,,,,,,,,,,,,,,,,,,,,,
2023,12,10,10,0,18.3,18.3,100,,,,,,,,,,,,,,,,,,,,,,,,,,,,,,,,,,,,
2023,12,10,11,0,18.4,18.4,100,,,,,,,,,,,,,,,,,,,,,,,,,,,,,,,,,,,,
2023,12,10,12,0,18.7,18.7,100,,,,,,,,,,,,,,,,,,,,,,,,,,,,,,,,,,,,
2023,12,10,13,0,19.9,19.6,98.1,,,,,,,,,,,,,,,,,,,,,,,,,,,,,,,,,,,,
2023,12,10,14,0,20.7,20,95.96,,,,,,,,,,,,,,,,,,,,,,,,,,,,,,,,,,,,
2023,12,10,15,0,21.3,20,92.04,,,,,,,,,,,,,,,,,,,,,,,,,,,,,,,,,,,,
2023,12,10,16,0,21.5,19.7,89.54,,,,,,,,,,,,,,,,,,,,,,,,,,,,,,,,,,,,
2023,12,10,17,0,21.2,19.7,91.2,,,,,,,,,,,,,,,,,,,,,,,,,,,,,,,,,,,,
2023,12,10,18,0,20.7,19.7,94.02,,,,,,,,,,,,,,,,,,,,,,,,,,,,,,,,,,,,
2023,12,10,19,0,20.3,19.5,95.35,,,,,,,,,,,,,,,,,,,,,,,,,,,,,,,,,,,,
2023,12,10,20,0,19.9,19.3,96.42,,,,,,,,,,,,,,,,,,,,,,,,,,,,,,,,,,,,
2023,12,10,21,0,19.5,19.1,97.7,,,,,,,,,,,,,,,,,,,,,,,,,,,,,,,,,,,,
2023,12,10,22,0,19,18.9,99.33,,,,,,,,,,,,,,,,,,,,,,,,,,,,,,,,,,,,
2023,12,10,23,0,19,18.9,99.34,,,,,,,,,,,,,,,,,,,,,,,,,,,,,,,,,,,,
2023,12,11,0,0,19.3,19.2,99.27,,,,,,,,,,,,,,,,,,,,,,,,,,,,,,,,,,,,
2023,12,11,1,0,19.9,19.6,98.25,,,,,,,,,,,,,,,,,,,,,,,,,,,,,,,,,,,,
2023,12,11,2,0,20.4,19.8,96.33,,,,,,,,,,,,,,,,,,,,,,,,,,,,,,,,,,,,
2023,12,11,3,0,18.5,17.6,94.43,,,,,,,,,,,,,,,,,,,,,,,,,,,,,,,,,,,,
2023,12,11,4,0,13.6,11.7,88.13,,,,,,,,,,,,,,,,,,,,,,,,,,,,,,,,,,,,
2023,12,11,5,0,11,8.7,85.64,,,,,,,,,,,,,,,,,,,,,,,,,,,,,,,,,,,,
2023,12,11,6,0,10.6,8.6,87.63,,,,,,,,,,,,,,,,,,,,,,,,,,,,,,,,,,,,
2023,12,11,7,0,10.7,8.8,87.96,,,,,,,,,,,,,,,,,,,,,,,,,,,,,,,,,,,,
2023,12,11,8,0,10.5,8.7,88.51,,,,,,,,,,,,,,,,,,,,,,,,,,,,,,,,,,,,
2023,12,11,9,0,9.9,8.5,90.81,,,,,,,,,,,,,,,,,,,,,,,,,,,,,,,,,,,,
2023,12,11,10,0,9.3,8.2,92.99,,,,,,,,,,,,,,,,,,,,,,,,,,,,,,,,,,,,
2023,12,11,11,0,8.9,8,94.02,,,,,,,,,,,,,,,,,,,,,,,,,,,,,,,,,,,,
2023,12,11,12,0,8.8,7.7,93.13,,,,,,,,,,,,,,,,,,,,,,,,,,,,,,,,,,,,
2023,12,11,13,0,9.7,7.5,86.29,,,,,,,,,,,,,,,,,,,,,,,,,,,,,,,,,,,,
2023,12,11,14,0,10.9,6.7,75.39,,,,,,,,,,,,,,,,,,,,,,,,,,,,,,,,,,,,
2023,12,11,15,0,11.7,5.8,67.25,,,,,,,,,,,,,,,,,,,,,,,,,,,,,,,,,,,,
2023,12,11,16,0,12.3,5.3,62.31,,,,,,,,,,,,,,,,,,,,,,,,,,,,,,,,,,,,
2023,12,11,17,0,12.9,4.8,57.89,,,,,,,,,,,,,,,,,,,,,,,,,,,,,,,,,,,,
2023,12,11,18,0,13.2,4.3,54.91,,,,,,,,,,,,,,,,,,,,,,,,,,,,,,,,,,,,
2023,12,11,19,0,13.4,4,52.87,,,,,,,,,,,,,,,,,,,,,,,,,,,,,,,,,,,,
2023,12,11,20,0,13.2,3.8,53.06,,,,,,,,,,,,,,,,,,,,,,,,,,,,,,,,,,,,
2023,12,11,21,0,12.5,4.4,57.93,,,,,,,,,,,,,,,,,,,,,,,,,,,,,,,,,,,,
2023,12,11,22,0,10.5,5.4,70.46,,,,,,,,,,,,,,,,,,,,,,,,,,,,,,,,,,,,
2023,12,11,23,0,9.8,5.5,74.72,,,,,,,,,,,,,,,,,,,,,,,,,,,,,,,,,,,,
2023,12,12,0,0,9.5,5.7,77.22,,,,,,,,,,,,,,,,,,,,,,,,,,,,,,,,,,,,
2023,12,12,1,0,8.9,5.8,80.81,,,,,,,,,,,,,,,,,,,,,,,,,,,,,,,,,,,,
2023,12,12,2,0,8.5,5.8,83.03,,,,,,,,,,,,,,,,,,,,,,,,,,,,,,,,,,,,
2023,12,12,3,0,8.2,5.8,84.75,,,,,,,,,,,,,,,,,,,,,,,,,,,,,,,,,,,,
2023,12,12,4,0,8,5.8,86.05,,,,,,,,,,,,,,,,,,,,,,,,,,,,,,,,,,,,
2023,12,12,5,0,7.7,5.8,87.99,,,,,,,,,,,,,,,,,,,,,,,,,,,,,,,,,,,,
2023,12,12,6,0,7.3,5.9,90.58,,,,,,,,,,,,,,,,,,,,,,,,,,,,,,,,,,,,
2023,12,12,7,0,7.3,5.9,90.79,,,,,,,,,,,,,,,,,,,,,,,,,,,,,,,,,,,,
2023,12,12,8,0,7.2,5.8,90.96,,,,,,,,,,,,,,,,,,,,,,,,,,,,,,,,,,,,
2023,12,12,9,0,7,5.7,91.35,,,,,,,,,,,,,,,,,,,,,,,,,,,,,,,,,,,,
2023,12,12,10,0,7,5.5,89.94,,,,,,,,,,,,,,,,,,,,,,,,,,,,,,,,,,,,
2023,12,12,11,0,6.4,5.3,92.68,,,,,,,,,,,,,,,,,,,,,,,,,,,,,,,,,,,,
2023,12,12,12,0,6.5,5.2,91.4,,,,,,,,,,,,,,,,,,,,,,,,,,,,,,,,,,,,
2023,12,12,13,0,7.6,4.9,83.11,,,,,,,,,,,,,,,,,,,,,,,,,,,,,,,,,,,,
2023,12,12,14,0,9.2,4.4,71.98,,,,,,,,,,,,,,,,,,,,,,,,,,,,,,,,,,,,
2023,12,12,15,0,10.7,4.2,64.2,,,,,,,,,,,,,,,,,,,,,,,,,,,,,,,,,,,,
2023,12,12,16,0,11.9,4.2,59.3,,,,,,,,,,,,,,,,,,,,,,,,,,,,,,,,,,,,
2023,12,12,17,0,12.9,4.2,55.54,,,,,,,,,,,,,,,,,,,,,,,,,,,,,,,,,,,,
2023,12,12,18,0,13.5,4.2,53.3,,,,,,,,,,,,,,,,,,,,,,,,,,,,,,,,,,,,
2023,12,12,19,0,13.9,4.3,52.33,,,,,,,,,,,,,,,,,,,,,,,,,,,,,,,,,,,,
2023,12,12,20,0,13.7,4.6,54.01,,,,,,,,,,,,,,,,,,,,,,,,,,,,,,,,,,,,
2023,12,12,21,0,12.7,5.7,62.26,,,,,,,,,,,,,,,,,,,,,,,,,,,,,,,,,,,,
2023,12,12,22,0,10.3,5.9,74.37,,,,,,,,,,,,,,,,,,,,,,,,,,,,,,,,,,,,
2023,12,12,23,0,9.7,6,77.71,,,,,,,,,,,,,,,,,,,,,,,,,,,,,,,,,,,,
2023,12,13,0,0,9.3,6.1,80.49,,,,,,,,,,,,,,,,,,,,,,,,,,,,,,,,,,,,
2023,12,13,1,0,8.9,6.2,83.01,,,,,,,,,,,,,,,,,,,,,,,,,,,,,,,,,,,,
2023,12,13,2,0,8.8,6.3,84.49,,,,,,,,,,,,,,,,,,,,,,,,,,,,,,,,,,,,
2023,12,13,3,0,8.2,6.3,87.59,,,,,,,,,,,,,,,,,,,,,,,,,,,,,,,,,,,,
2023,12,13,4,0,8.2,6.3,87.69,,,,,,,,,,,,,,,,,,,,,,,,,,,,,,,,,,,,
2023,12,13,5,0,8.3,6.4,87.76,,,,,,,,,,,,,,,,,,,,,,,,,,,,,,,,,,,,
2023,12,13,6,0,8.2,6.4,88.31,,,,,,,,,,,,,,,,,,,,,,,,,,,,,,,,,,,,
2023,12,13,7,0,7.7,6.4,91.29,,,,,,,,,,,,,,,,,,,,,,,,,,,,,,,,,,,,
2023,12,13,8,0,7.8,6.5,91.2,,,,,,,,,,,,,,,,,,,,,,,,,,,,,,,,,,,,
2023,12,13,9,0,8,6.4,89.85,,,,,,,,,,,,,,,,,,,,,,,,,,,,,,,,,,,,
2023,12,13,10,0,8.1,6.3,88.37,,,,,,,,,,,,,,,,,,,,,,,,,,,,,,,,,,,,
2023,12,13,11,0,8,6.1,88,,,,,,,,,,,,,,,,,,,,,,,,,,,,,,,,,,,,
2023,12,13,12,0,8,5.9,86.47,,,,,,,,,,,,,,,,,,,,,,,,,,,,,,,,,,,,
2023,12,13,13,0,8.3,5.6,83.34,,,,,,,,,,,,,,,,,,,,,,,,,,,,,,,,,,,,
2023,12,13,14,0,9.1,5.5,78.11,,,,,,,,,,,,,,,,,,,,,,,,,,,,,,,,,,,,
2023,12,13,15,0,10.7,5.3,69.05,,,,,,,,,,,,,,,,,,,,,,,,,,,,,,,,,,,,
2023,12,13,16,0,12.7,4.8,58.56,,,,,,,,,,,,,,,,,,,,,,,,,,,,,,,,,,,,
2023,12,13,17,0,14.3,4.3,50.91,,,,,,,,,,,,,,,,,,,,,,,,,,,,,,,,,,,,
2023,12,13,18,0,15.2,4,47,,,,,,,,,,,,,,,,,,,,,,,,,,,,,,,,,,,,
2023,12,13,19,0,15.6,4,45.94,,,,,,,,,,,,,,,,,,,,,,,,,,,,,,,,,,,,
2023,12,13,20,0,15.5,4.5,47.81,,,,,,,,,,,,,,,,,,,,,,,,,,,,,,,,,,,,
2023,12,13,21,0,14.2,6.2,58.71,,,,,,,,,,,,,,,,,,,,,,,,,,,,,,,,,,,,
2023,12,13,22,0,11.9,6.4,68.94,,,,,,,,,,,,,,,,,,,,,,,,,,,,,,,,,,,,
2023,12,13,23,0,11.5,6.6,71.91,,,,,,,,,,,,,,,,,,,,,,,,,,,,,,,,,,,,
2023,12,14,0,0,11.3,6.8,73.89,,,,,,,,,,,,,,,,,,,,,,,,,,,,,,,,,,,,
2023,12,14,1,0,10.8,7,77.15,,,,,,,,,,,,,,,,,,,,,,,,,,,,,,,,,,,,
2023,12,14,2,0,10.5,7.1,79.74,,,,,,,,,,,,,,,,,,,,,,,,,,,,,,,,,,,,
2023,12,14,3,0,10.5,7.3,80.69,,,,,,,,,,,,,,,,,,,,,,,,,,,,,,,,,,,,
2023,12,14,4,0,10.4,7.4,81.8,,,,,,,,,,,,,,,,,,,,,,,,,,,,,,,,,,,,
2023,12,14,5,0,10.1,7.4,83.28,,,,,,,,,,,,,,,,,,,,,,,,,,,,,,,,,,,,
2023,12,14,6,0,10.2,7.3,82.39,,,,,,,,,,,,,,,,,,,,,,,,,,,,,,,,,,,,
2023,12,14,7,0,10.1,7.3,82.62,,,,,,,,,,,,,,,,,,,,,,,,,,,,,,,,,,,,
2023,12,14,8,0,10,7.2,82.99,,,,,,,,,,,,,,,,,,,,,,,,,,,,,,,,,,,,
2023,12,14,9,0,9.6,7.2,85.14,,,,,,,,,,,,,,,,,,,,,,,,,,,,,,,,,,,,
2023,12,14,10,0,9.2,7.3,87.92,,,,,,,,,,,,,,,,,,,,,,,,,,,,,,,,,,,,
2023,12,14,11,0,8.9,7.4,90.27,,,,,,,,,,,,,,,,,,,,,,,,,,,,,,,,,,,,
2023,12,14,12,0,8.8,7.4,90.93,,,,,,,,,,,,,,,,,,,,,,,,,,,,,,,,,,,,
2023,12,14,13,0,9.5,7.4,86.66,,,,,,,,,,,,,,,,,,,,,,,,,,,,,,,,,,,,
2023,12,14,14,0,10.7,6.8,76.96,,,,,,,,,,,,,,,,,,,,,,,,,,,,,,,,,,,,
2023,12,14,15,0,12,5.7,65.52,,,,,,,,,,,,,,,,,,,,,,,,,,,,,,,,,,,,
2023,12,14,16,0,13.2,4.6,56.12,,,,,,,,,,,,,,,,,,,,,,,,,,,,,,,,,,,,
2023,12,14,17,0,14,3.9,50.45,,,,,,,,,,,,,,,,,,,,,,,,,,,,,,,,,,,,
2023,12,14,18,0,14.5,3.5,47.45,,,,,,,,,,,,,,,,,,,,,,,,,,,,,,,,,,,,
2023,12,14,19,0,14.6,3.3,46.66,,,,,,,,,,,,,,,,,,,,,,,,,,,,,,,,,,,,
2023,12,14,20,0,14.3,3.4,47.8,,,,,,,,,,,,,,,,,,,,,,,,,,,,,,,,,,,,
2023,12,14,21,0,13.1,4.1,54.27,,,,,,,,,,,,,,,,,,,,,,,,,,,,,,,,,,,,
2023,12,14,22,0,10.8,4.6,65.47,,,,,,,,,,,,,,,,,,,,,,,,,,,,,,,,,,,,
2023,12,14,23,0,9.9,4.7,70.03,,,,,,,,,,,,,,,,,,,,,,,,,,,,,,,,,,,,
2023,12,15,0,0,9.3,4.9,73.74,,,,,,,,,,,,,,,,,,,,,,,,,,,,,,,,,,,,
2023,12,15,1,0,8.9,5,76.54,,,,,,,,,,,,,,,,,,,,,,,,,,,,,,,,,,,,
2023,12,15,2,0,8.5,5.2,79.53,,,,,,,,,,,,,,,,,,,,,,,,,,,,,,,,,,,,
2023,12,15,3,0,8.4,5.3,81,,,,,,,,,,,,,,,,,,,,,,,,,,,,,,,,,,,,
2023,12,15,4,0,8.3,5.5,82.42,,,,,,,,,,,,,,,,,,,,,,,,,,,,,,,,,,,,
2023,12,15,5,0,8,5.6,84.71,,,,,,,,,,,,,,,,,,,,,,,,,,,,,,,,,,,,
2023,12,15,6,0,7.8,5.6,85.77,,,,,,,,,,,,,,,,,,,,,,,,,,,,,,,,,,,,
2023,12,15,7,0,7.6,5.5,86.79,,,,,,,,,,,,,,,,,,,,,,,,,,,,,,,,,,,,
2023,12,15,8,0,7.5,5.5,87.02,,,,,,,,,,,,,,,,,,,,,,,,,,,,,,,,,,,,
2023,12,15,9,0,7.3,5.3,87.28,,,,,,,,,,,,,,,,,,,,,,,,,,,,,,,,,,,,
2023,12,15,10,0,7.1,5.1,87.26,,,,,,,,,,,,,,,,,,,,,,,,,,,,,,,,,,,,
2023,12,15,11,0,6.9,5,87.65,,,,,,,,,,,,,,,,,,,,,,,,,,,,,,,,,,,,
2023,12,15,12,0,6.9,4.9,87.21,,,,,,,,,,,,,,,,,,,,,,,,,,,,,,,,,,,,
2023,12,15,13,0,8.3,4.9,79.43,,,,,,,,,,,,,,,,,,,,,,,,,,,,,,,,,,,,
2023,12,15,14,0,10,5,71.05,,,,,,,,,,,,,,,,,,,,,,,,,,,,,,,,,,,,
2023,12,15,15,0,12.2,5.1,61.97,,,,,,,,,,,,,,,,,,,,,,,,,,,,,,,,,,,,
2023,12,15,16,0,13.7,5.5,57.58,,,,,,,,,,,,,,,,,,,,,,,,,,,,,,,,,,,,
2023,12,15,17,0,14.7,5.9,55.47,,,,,,,,,,,,,,,,,,,,,,,,,,,,,,,,,,,,
2023,12,15,18,0,15.4,6.2,54.13,,,,,,,,,,,,,,,,,,,,,,,,,,,,,,,,,,,,
2023,12,15,19,0,15.6,6.5,54.7,,,,,,,,,,,,,,,,,,,,,,,,,,,,,,,,,,,,
2023,12,15,20,0,15.4,6.8,56.63,,,,,,,,,,,,,,,,,,,,,,,,,,,,,,,,,,,,
2023,12,15,21,0,14.1,7.8,65.92,,,,,,,,,,,,,,,,,,,,,,,,,,,,,,,,,,,,
2023,12,15,22,0,11.8,7.5,75,,,,,,,,,,,,,,,,,,,,,,,,,,,,,,,,,,,,
2023,12,15,23,0,11.3,7.4,76.77,,,,,,,,,,,,,,,,,,,,,,,,,,,,,,,,,,,,
2023,12,16,0,0,11.1,7.5,78.33,,,,,,,,,,,,,,,,,,,,,,,,,,,,,,,,,,,,
2023,12,16,1,0,11,7.7,79.83,,,,,,,,,,,,,,,,,,,,,,,,,,,,,,,,,,,,
2023,12,16,2,0,11.2,8,80.64,,,,,,,,,,,,,,,,,,,,,,,,,,,,,,,,,,,,
2023,12,16,3,0,11.3,8.5,82.65,,,,,,,,,,,,,,,,,,,,,,,,,,,,,,,,,,,,
2023,12,16,4,0,11.3,8.8,84.84,,,,,,,,,,,,,,,,,,,,,,,,,,,,,,,,,,,,
2023,12,16,5,0,11.3,9.1,86.36,,,,,,,,,,,,,,,,,,,,,,,,,,,,,,,,,,,,
2023,12,16,6,0,11.3,9.3,87.54,,,,,,,,,,,,,,,,,,,,,,,,,,,,,,,,,,,,
2023,12,16,7,0,11.1,9.3,88.72,,,,,,,,,,,,,,,,,,,,,,,,,,,,,,,,,,,,
2023,12,16,8,0,10.8,9.1,89.49,,,,,,,,,,,,,,,,,,,,,,,,,,,,,,,,,,,,
2023,12,16,9,0,10.8,9.1,89.15,,,,,,,,,,,,,,,,,,,,,,,,,,,,,,,,,,,,
2023,12,16,10,0,11.1,9.3,88.38,,,,,,,,,,,,,,,,,,,,,,,,,,,,,,,,,,,,
2023,12,16,11,0,11.3,9.4,88.3,,,,,,,,,,,,,,,,,,,,,,,,,,,,,,,,,,,,
2023,12,16,12,0,11.6,9.6,87.82,,,,,,,,,,,,,,,,,,,,,,,,,,,,,,,,,,,,
2023,12,16,13,0,12.7,9.9,83.34,,,,,,,,,,,,,,,,,,,,,,,,,,,,,,,,,,,,
2023,12,16,14,0,14.2,10.5,78.4,,,,,,,,,,,,,,,,,,,,,,,,,,,,,,,,,,,,
2023,12,16,15,0,15.8,11.5,75.72,,,,,,,,,,,,,,,,,,,,,,,,,,,,,,,,,,,,
2023,12,16,16,0,16.7,12.2,74.88,,,,,,,,,,,,,,,,,,,,,,,,,,,,,,,,,,,,
2023,12,16,17,0,17.5,12.9,74.48,,,,,,,,,,,,,,,,,,,,,,,,,,,,,,,,,,,,
2023,12,16,18,0,17.9,13.4,75.01,,,,,,,,,,,,,,,,,,,,,,,,,,,,,,,,,,,,
2023,12,16,19,0,18,13.7,76.08,,,,,,,,,,,,,,,,,,,,,,,,,,,,,,,,,,,,
2023,12,16,20,0,17.8,13.9,78.02,,,,,,,,,,,,,,,,,,,,,,,,,,,,,,,,,,,,
2023,12,16,21,0,17.3,14,80.94,,,,,,,,,,,,,,,,,,,,,,,,,,,,,,,,,,,,
2023,12,16,22,0,17,14,82.64,,,,,,,,,,,,,,,,,,,,,,,,,,,,,,,,,,,,
2023,12,16,23,0,16.8,14.1,83.84,,,,,,,,,,,,,,,,,,,,,,,,,,,,,,,,,,,,
2023,12,17,0,0,16.6,14.1,84.94,,,,,,,,,,,,,,,,,,,,,,,,,,,,,,,,,,,,
2023,12,17,1,0,16.5,14.2,86.17,,,,,,,,,,,,,,,,,,,,,,,,,,,,,,,,,,,,
2023,12,17,2,0,16.3,14.3,88.23,,,,,,,,,,,,,,,,,,,,,,,,,,,,,,,,,,,,
2023,12,17,3,0,16.2,14.6,90.14,,,,,,,,,,,,,,,,,,,,,,,,,,,,,,,,,,,,
2023,12,17,4,0,16.3,15,92.02,,,,,,,,,,,,,,,,,,,,,,,,,,,,,,,,,,,,
2023,12,17,5,0,16.3,15.5,94.91,,,,,,,,,,,,,,,,,,,,,,,,,,,,,,,,,,,,
2023,12,17,6,0,16.3,15.9,97.23,,,,,,,,,,,,,,,,,,,,,,,,,,,,,,,,,,,,
2023,12,17,7,0,16.5,16.2,98.08,,,,,,,,,,,,,,,,,,,,,,,,,,,,,,,,,,,,
2023,12,17,8,0,16.6,16.4,98.76,,,,,,,,,,,,,,,,,,,,,,,,,,,,,,,,,,,,
2023,12,17,9,0,16.8,16.4,97.76,,,,,,,,,,,,,,,,,,,,,,,,,,,,,,,,,,,,
2023,12,17,10,0,16.9,16.6,97.9,,,,,,,,,,,,,,,,,,,,,,,,,,,,,,,,,,,,
2023,12,17,11,0,17.3,16.9,97.63,,,,,,,,,,,,,,,,,,,,,,,,,,,,,,,,,,,,
2023,12,17,12,0,17.6,17.1,96.91,,,,,,,,,,,,,,,,,,,,,,,,,,,,,,,,,,,,
2023,12,17,13,0,17.9,17.3,96.5,,,,,,,,,,,,,,,,,,,,,,,,,,,,,,,,,,,,
2023,12,17,14,0,18.3,17.7,96.21,,,,,,,,,,,,,,,,,,,,,,,,,,,,,,,,,,,,
2023,12,17,15,0,18.8,18.1,95.46,,,,,,,,,,,,,,,,,,,,,,,,,,,,,,,,,,,,
2023,12,17,16,0,19.2,18.4,95.41,,,,,,,,,,,,,,,,,,,,,,,,,,,,,,,,,,,,
2023,12,17,17,0,19.3,18.9,97.27,,,,,,,,,,,,,,,,,,,,,,,,,,,,,,,,,,,,
2023,12,17,18,0,19.3,19.1,98.6,,,,,,,,,,,,,,,,,,,,,,,,,,,,,,,,,,,,
2023,12,17,19,0,19.6,19.4,98.71,,,,,,,,,,,,,,,,,,,,,,,,,,,,,,,,,,,,
2023,12,17,20,0,19.5,19.3,98.89,,,,,,,,,,,,,,,,,,,,,,,,,,,,,,,,,,,,
2023,12,17,21,0,18.5,18.3,99.05,,,,,,,,,,,,,,,,,,,,,,,,,,,,,,,,,,,,
2023,12,17,22,0,17.1,16.9,98.87,,,,,,,,,,,,,,,,,,,,,,,,,,,,,,,,,,,,
2023,12,17,23,0,15.7,15.4,98,,,,,,,,,,,,,,,,,,,,,,,,,,,,,,,,,,,,
2023,12,18,0,0,14.5,14,97.11,,,,,,,,,,,,,,,,,,,,,,,,,,,,,,,,,,,,
2023,12,18,1,0,13.5,12.9,96.16,,,,,,,,,,,,,,,,,,,,,,,,,,,,,,,,,,,,
2023,12,18,2,0,12.9,12,94.5,,,,,,,,,,,,,,,,,,,,,,,,,,,,,,,,,,,,
2023,12,18,3,0,12.8,11.8,93.78,,,,,,,,,,,,,,,,,,,,,,,,,,,,,,,,,,,,
2023,12,18,4,0,13.1,12,92.83,,,,,,,,,,,,,,,,,,,,,,,,,,,,,,,,,,,,
2023,12,18,5,0,13.3,12.1,92.43,,,,,,,,,,,,,,,,,,,,,,,,,,,,,,,,,,,,
2023,12,18,6,0,13.4,12.1,91.99,,,,,,,,,,,,,,,,,,,,,,,,,,,,,,,,,,,,
2023,12,18,7,0,13.3,12,92,,,,,,,,,,,,,,,,,,,,,,,,,,,,,,,,,,,,
2023,12,18,8,0,12.9,11.8,92.85,,,,,,,,,,,,,,,,,,,,,,,,,,,,,,,,,,,,
2023,12,18,9,0,12.3,11.4,94.07,,,,,,,,,,,,,,,,,,,,,,,,,,,,,,,,,,,,
2023,12,18,10,0,11.8,11,94.56,,,,,,,,,,,,,,,,,,,,,,,,,,,,,,,,,,,,
2023,12,18,11,0,11.2,10.5,95.72,,,,,,,,,,,,,,,,,,,,,,,,,,,,,,,,,,,,
2023,12,18,12,0,10.8,10.1,95.43,,,,,,,,,,,,,,,,,,,,,,,,,,,,,,,,,,,,
2023,12,18,13,0,11.2,9.9,91.46,,,,,,,,,,,,,,,,,,,,,,,,,,,,,,,,,,,,
2023,12,18,14,0,12,9.5,84.91,,,,,,,,,,,,,,,,,,,,,,,,,,,,,,,,,,,,
2023,12,18,15,0,13.2,9.2,76.67,,,,,,,,,,,,,,,,,,,,,,,,,,,,,,,,,,,,
2023,12,18,16,0,14.2,8.8,69.89,,,,,,,,,,,,,,,,,,,,,,,,,,,,,,,,,,,,
2023,12,18,17,0,15,8.5,65.22,,,,,,,,,,,,,,,,,,,,,,,,,,,,,,,,,,,,
2023,12,18,18,0,15.6,8.5,62.49,,,,,,,,,,,,,,,,,,,,,,,,,,,,,,,,,,,,
2023,12,18,19,0,15.8,8.5,61.87,,,,,,,,,,,,,,,,,,,,,,,,,,,,,,,,,,,,
2023,12,18,20,0,15.6,8.8,63.73,,,,,,,,,,,,,,,,,,,,,,,,,,,,,,,,,,,,
2023,12,18,21,0,14.8,9.3,69.85,,,,,,,,,,,,,,,,,,,,,,,,,,,,,,,,,,,,
2023,12,18,22,0,13.3,9.3,76.92,,,,,,,,,,,,,,,,,,,,,,,,,,,,,,,,,,,,
2023,12,18,23,0,12.8,9.2,78.97,,,,,,,,,,,,,,,,,,,,,,,,,,,,,,,,,,,,
2023,12,19,0,0,12.3,9,80.26,,,,,,,,,,,,,,,,,,,,,,,,,,,,,,,,,,,,
2023,12,19,1,0,11.9,8.5,79.81,,,,,,,,,,,,,,,,,,,,,,,,,,,,,,,,,,,,
2023,12,19,2,0,11.6,7.5,76.16,,,,,,,,,,,,,,,,,,,,,,,,,,,,,,,,,,,,
2023,12,19,3,0,11,6.6,74.4,,,,,,,,,,,,,,,,,,,,,,,,,,,,,,,,,,,,
2023,12,19,4,0,10,5.6,74.03,,,,,,,,,,,,,,,,,,,,,,,,,,,,,,,,,,,,
2023,12,19,5,0,8.9,4.6,74.24,,,,,,,,,,,,,,,,,,,,,,,,,,,,,,,,,,,,
2023,12,19,6,0,7.8,3.6,74.52,,,,,,,,,,,,,,,,,,,,,,,,,,,,,,,,,,,,
2023,12,19,7,0,6.8,2.9,76.08,,,,,,,,,,,,,,,,,,,,,,,,,,,,,,,,,,,,
2023,12,19,8,0,5.9,2.3,77.96,,,,,,,,,,,,,,,,,,,,,,,,,,,,,,,,,,,,
2023,12,19,9,0,5.1,1.7,78.53,,,,,,,,,,,,,,,,,,,,,,,,,,,,,,,,,,,,
2023,12,19,10,0,4.5,1.1,78.42,,,,,,,,,,,,,,,,,,,,,,,,,,,,,,,,,,,,
2023,12,19,11,0,4,0.7,79.24,,,,,,,,,,,,,,,,,,,,,,,,,,,,,,,,,,,,
2023,12,19,12,0,3.7,0.5,79.75,,,,,,,,,,,,,,,,,,,,,,,,,,,,,,,,,,,,
2023,12,19,13,0,4.6,0.2,72.91,,,,,,,,,,,,,,,,,,,,,,,,,,,,,,,,,,,,
2023,12,19,14,0,5.6,-0.9,63.14,,,,,,,,,,,,,,,,,,,,,,,,,,,,,,,,,,,,
2023,12,19,15,0,6.4,-1.2,58.47,,,,,,,,,,,,,,,,,,,,,,,,,,,,,,,,,,,,
2023,12,19,16,0,7.4,-1.3,54.21,,,,,,,,,,,,,,,,,,,,,,,,,,,,,,,,,,,,
2023,12,19,17,0,8.2,-1.3,51.1,,,,,,,,,,,,,,,,,,,,,,,,,,,,,,,,,,,,
2023,12,19,18,0,8.7,-1.3,49.44,,,,,,,,,,,,,,,,,,,,,,,,,,,,,,,,,,,,
2023,12,19,19,0,9.1,-1.2,48.66,,,,,,,,,,,,,,,,,,,,,,,,,,,,,,,,,,,,
2023,12,19,20,0,9.1,-0.8,49.81,,,,,,,,,,,,,,,,,,,,,,,,,,,,,,,,,,,,
2023,12,19,21,0,8.4,0.6,58.16,,,,,,,,,,,,,,,,,,,,,,,,,,,,,,,,,,,,
2023,12,19,22,0,6.3,1.4,70.73,,,,,,,,,,,,,,,,,,,,,,,,,,,,,,,,,,,,
2023,12,19,23,0,5.9,1.4,72.63,,,,,,,,,,,,,,,,,,,,,,,,,,,,,,,,,,,,
2023,12,20,0,0,5.6,1.6,75.63,,,,,,,,,,,,,,,,,,,,,,,,,,,,,,,,,,,,
2023,12,20,1,0,5.3,1.8,78.32,,,,,,,,,,,,,,,,,,,,,,,,,,,,,,,,,,,,
2023,12,20,2,0,5.1,1.9,79.97,,,,,,,,,,,,,,,,,,,,,,,,,,,,,,,,,,,,
2023,12,20,3,0,4.8,1.9,81.73,,,,,,,,,,,,,,,,,,,,,,,,,,,,,,,,,,,,
2023,12,20,4,0,4.6,2,83,,,,,,,,,,,,,,,,,,,,,,,,,,,,,,,,,,,,
2023,12,20,5,0,4.4,1.9,84,,,,,,,,,,,,,,,,,,,,,,,,,,,,,,,,,,,,
2023,12,20,6,0,4.1,1.9,85.35,,,,,,,,,,,,,,,,,,,,,,,,,,,,,,,,,,,,
2023,12,20,7,0,3.8,1.8,86.79,,,,,,,,,,,,,,,,,,,,,,,,,,,,,,,,,,,,
2023,12,20,8,0,3.6,1.8,87.75,,,,,,,,,,,,,,,,,,,,,,,,,,,,,,,,,,,,
2023,12,20,9,0,3.5,1.7,87.95,,,,,,,,,,,,,,,,,,,,,,,,,,,,,,,,,,,,
2023,12,20,10,0,3.3,1.6,88.91,,,,,,,,,,,,,,,,,,,,,,,,,,,,,,,,,,,,
2023,12,20,11,0,3.1,1.6,89.61,,,,,,,,,,,,,,,,,,,,,,,,,,,,,,,,,,,,
2023,12,20,12,0,2.9,1.4,90.09,,,,,,,,,,,,,,,,,,,,,,,,,,,,,,,,,,,,
2023,12,20,13,0,4.2,1.5,82.38,,,,,,,,,,,,,,,,,,,,,,,,,,,,,,,,,,,,
2023,12,20,14,0,5.9,1.2,71.56,,,,,,,,,,,,,,,,,,,,,,,,,,,,,,,,,,,,
2023,12,20,15,0,7.8,0.5,60.03,,,,,,,,,,,,,,,,,,,,,,,,,,,,,,,,,,,,
2023,12,20,16,0,9.1,0.4,54.61,,,,,,,,,,,,,,,,,,,,,,,,,,,,,,,,,,,,
2023,12,20,17,0,10,0.5,51.54,,,,,,,,,,,,,,,,,,,,,,,,,,,,,,,,,,,,
2023,12,20,18,0,10.5,0.6,50.38,,,,,,,,,,,,,,,,,,,,,,,,,,,,,,,,,,,,
2023,12,20,19,0,10.8,0.9,50.24,,,,,,,,,,,,,,,,,,,,,,,,,,,,,,,,,,,,
2023,12,20,20,0,10.6,1.4,52.95,,,,,,,,,,,,,,,,,,,,,,,,,,,,,,,,,,,,
2023,12,20,21,0,9.5,3.5,66.17,,,,,,,,,,,,,,,,,,,,,,,,,,,,,,,,,,,,
2023,12,20,22,0,7.9,3.3,72.59,,,,,,,,,,,,,,,,,,,,,,,,,,,,,,,,,,,,
2023,12,20,23,0,7.5,3.4,75.06,,,,,,,,,,,,,,,,,,,,,,,,,,,,,,,,,,,,
2023,12,21,0,0,6.9,3.4,78.18,,,,,,,,,,,,,,,,,,,,,,,,,,,,,,,,,,,,
2023,12,21,1,0,6.3,3.3,80.89,,,,,,,,,,,,,,,,,,,,,,,,,,,,,,,,,,,,
2023,12,21,2,0,5.9,3.2,82.82,,,,,,,,,,,,,,,,,,,,,,,,,,,,,,,,,,,,
2023,12,21,3,0,5.6,3.2,84.84,,,,,,,,,,,,,,,,,,,,,,,,,,,,,,,,,,,,
2023,12,21,4,0,5.4,3.3,86.5,,,,,,,,,,,,,,,,,,,,,,,,,,,,,,,,,,,,
2023,12,21,5,0,5.5,3.4,86.58,,,,,,,,,,,,,,,,,,,,,,,,,,,,,,,,,,,,
2023,12,21,6,0,5.5,3.5,86.8,,,,,,,,,,,,,,,,,,,,,,,,,,,,,,,,,,,,
2023,12,21,7,0,5.4,3.6,87.9,,,,,,,,,,,,,,,,,,,,,,,,,,,,,,,,,,,,
2023,12,21,8,0,5.4,3.6,88.17,,,,,,,,,,,,,,,,,,,,,,,,,,,,,,,,,,,,
2023,12,21,9,0,5.4,3.6,87.96,,,,,,,,,,,,,,,,,,,,,,,,,,,,,,,,,,,,
2023,12,21,10,0,5.3,3.5,88.33,,,,,,,,,,,,,,,,,,,,,,,,,,,,,,,,,,,,
2023,12,21,11,0,5.1,3.5,89.36,,,,,,,,,,,,,,,,,,,,,,,,,,,,,,,,,,,,
2023,12,21,12,0,4.9,3.4,90.2,,,,,,,,,,,,,,,,,,,,,,,,,,,,,,,,,,,,
2023,12,21,13,0,6.2,3.5,83.09,,,,,,,,,,,,,,,,,,,,,,,,,,,,,,,,,,,,
2023,12,21,14,0,7.7,3.6,75.32,,,,,,,,,,,,,,,,,,,,,,,,,,,,,,,,,,,,
2023,12,21,15,0,9.8,3.5,64.98,,,,,,,,,,,,,,,,,,,,,,,,,,,,,,,,,,,,
2023,12,21,16,0,11.6,3.3,56.91,,,,,,,,,,,,,,,,,,,,,,,,,,,,,,,,,,,,
2023,12,21,17,0,12.7,3.7,54.3,,,,,,,,,,,,,,,,,,,,,,,,,,,,,,,,,,,,
2023,12,21,18,0,13.7,3.7,50.9,,,,,,,,,,,,,,,,,,,,,,,,,,,,,,,,,,,,
2023,12,21,19,0,14,4.1,51.3,,,,,,,,,,,,,,,,,,,,,,,,,,,,,,,,,,,,
2023,12,21,20,0,14,5,54.7,,,,,,,,,,,,,,,,,,,,,,,,,,,,,,,,,,,,
2023,12,21,21,0,13.2,5.9,61.36,,,,,,,,,,,,,,,,,,,,,,,,,,,,,,,,,,,,
2023,12,21,22,0,12.1,4.6,60.29,,,,,,,,,,,,,,,,,,,,,,,,,,,,,,,,,,,,
2023,12,21,23,0,11.3,4.7,63.89,,,,,,,,,,,,,,,,,,,,,,,,,,,,,,,,,,,,
2023,12,22,0,0,10.9,5,67.11,,,,,,,,,,,,,,,,,,,,,,,,,,,,,,,,,,,,
2023,12,22,1,0,10.6,5.2,69.34,,,,,,,,,,,,,,,,,,,,,,,,,,,,,,,,,,,,
2023,12,22,2,0,10.3,5.2,70.88,,,,,,,,,,,,,,,,,,,,,,,,,,,,,,,,,,,,
2023,12,22,3,0,9.9,5.4,73.66,,,,,,,,,,,,,,,,,,,,,,,,,,,,,,,,,,,,
2023,12,22,4,0,9.5,5.7,76.94,,,,,,,,,,,,,,,,,,,,,,,,,,,,,,,,,,,,
2023,12,22,5,0,9.1,6,80.75,,,,,,,,,,,,,,,,,,,,,,,,,,,,,,,,,,,,
2023,12,22,6,0,8.8,6.3,84.39,,,,,,,,,,,,,,,,,,,,,,,,,,,,,,,,,,,,
2023,12,22,7,0,8.6,6.7,87.71,,,,,,,,,,,,,,,,,,,,,,,,,,,,,,,,,,,,
2023,12,22,8,0,8.6,7.1,90.01,,,,,,,,,,,,,,,,,,,,,,,,,,,,,,,,,,,,
2023,12,22,9,0,8.8,7.5,91.24,,,,,,,,,,,,,,,,,,,,,,,,,,,,,,,,,,,,
2023,12,22,10,0,9,7.7,91.41,,,,,,,,,,,,,,,,,,,,,,,,,,,,,,,,,,,,
2023,12,22,11,0,9.3,7.9,90.95,,,,,,,,,,,,,,,,,,,,,,,,,,,,,,,,,,,,
2023,12,22,12,0,9.6,8.1,90.19,,,,,,,,,,,,,,,,,,,,,,,,,,,,,,,,,,,,
2023,12,22,13,0,10.3,8.3,87.48,,,,,,,,,,,,,,,,,,,,,,,,,,,,,,,,,,,,
2023,12,22,14,0,11.2,8.6,83.88,,,,,,,,,,,,,,,,,,,,,,,,,,,,,,,,,,,,
2023,12,22,15,0,12.1,8.9,80.76,,,,,,,,,,,,,,,,,,,,,,,,,,,,,,,,,,,,
2023,12,22,16,0,13.2,9.4,77.64,,,,,,,,,,,,,,,,,,,,,,,,,,,,,,,,,,,,
2023,12,22,17,0,14.3,9.6,73.51,,,,,,,,,,,,,,,,,,,,,,,,,,,,,,,,,,,,
2023,12,22,18,0,14.9,9.9,72.2,,,,,,,,,,,,,,,,,,,,,,,,,,,,,,,,,,,,
2023,12,22,19,0,15,10.4,74.03,,,,,,,,,,,,,,,,,,,,,,,,,,,,,,,,,,,,
2023,12,22,20,0,14.8,11.1,78.26,,,,,,,,,,,,,,,,,,,,,,,,,,,,,,,,,,,,
2023,12,22,21,0,13.8,11.2,84.36,,,,,,,,,,,,,,,,,,,,,,,,,,,,,,,,,,,,
2023,12,22,22,0,12.3,10.6,89.42,,,,,,,,,,,,,,,,,,,,,,,,,,,,,,,,,,,,
2023,12,22,23,0,11.8,10.6,92.25,,,,,,,,,,,,,,,,,,,,,,,,,,,,,,,,,,,,
2023,12,23,0,0,11.6,10.6,93.35,,,,,,,,,,,,,,,,,,,,,,,,,,,,,,,,,,,,
2023,12,23,1,0,11.2,10.5,95.2,,,,,,,,,,,,,,,,,,,,,,,,,,,,,,,,,,,,
2023,12,23,2,0,11.1,10.3,94.88,,,,,,,,,,,,,,,,,,,,,,,,,,,,,,,,,,,,
2023,12,23,3,0,11.1,10.2,94.06,,,,,,,,,,,,,,,,,,,,,,,,,,,,,,,,,,,,
2023,12,23,4,0,11,10.1,94.12,,,,,,,,,,,,,,,,,,,,,,,,,,,,,,,,,,,,
2023,12,23,5,0,11,10.1,93.93,,,,,,,,,,,,,,,,,,,,,,,,,,,,,,,,,,,,
2023,12,23,6,0,11.1,10.1,93.85,,,,,,,,,,,,,,,,,,,,,,,,,,,,,,,,,,,,
2023,12,23,7,0,11.2,10.2,93.83,,,,,,,,,,,,,,,,,,,,,,,,,,,,,,,,,,,,
2023,12,23,8,0,11.3,10.3,93.78,,,,,,,,,,,,,,,,,,,,,,,,,,,,,,,,,,,,
2023,12,23,9,0,11.4,10.4,93.68,,,,,,,,,,,,,,,,,,,,,,,,,,,,,,,,,,,,
2023,12,23,10,0,11.4,10.4,93.7,,,,,,,,,,,,,,,,,,,,,,,,,,,,,,,,,,,,
2023,12,23,11,0,11.3,10.4,94.03,,,,,,,,,,,,,,,,,,,,,,,,,,,,,,,,,,,,
2023,12,23,12,0,11.3,10.3,93.77,,,,,,,,,,,,,,,,,,,,,,,,,,,,,,,,,,,,
2023,12,23,13,0,12.2,10.7,90.35,,,,,,,,,,,,,,,,,,,,,,,,,,,,,,,,,,,,
2023,12,23,14,0,13.3,11.3,87.79,,,,,,,,,,,,,,,,,,,,,,,,,,,,,,,,,,,,
2023,12,23,15,0,14.9,11.9,82.43,,,,,,,,,,,,,,,,,,,,,,,,,,,,,,,,,,,,
2023,12,23,16,0,16.4,12.4,76.98,,,,,,,,,,,,,,,,,,,,,,,,,,,,,,,,,,,,
2023,12,23,17,0,17.5,12.5,72.49,,,,,,,,,,,,,,,,,,,,,,,,,,,,,,,,,,,,
2023,12,23,18,0,18,12.6,70.66,,,,,,,,,,,,,,,,,,,,,,,,,,,,,,,,,,,,
2023,12,23,19,0,17.9,12.8,72.08,,,,,,,,,,,,,,,,,,,,,,,,,,,,,,,,,,,,
2023,12,23,20,0,17.4,13.2,76.41,,,,,,,,,,,,,,,,,,,,,,,,,,,,,,,,,,,,
2023,12,23,21,0,16.1,13.7,85.94,,,,,,,,,,,,,,,,,,,,,,,,,,,,,,,,,,,,
2023,12,23,22,0,14.1,13.1,93.43,,,,,,,,,,,,,,,,,,,,,,,,,,,,,,,,,,,,
2023,12,23,23,0,13.6,12.9,95.84,,,,,,,,,,,,,,,,,,,,,,,,,,,,,,,,,,,,
2023,12,24,0,0,13.2,12.9,98.13,,,,,,,,,,,,,,,,,,,,,,,,,,,,,,,,,,,,
2023,12,24,1,0,12.9,12.8,99.52,,,,,,,,,,,,,,,,,,,,,,,,,,,,,,,,,,,,
2023,12,24,2,0,12.8,12.7,99.57,,,,,,,,,,,,,,,,,,,,,,,,,,,,,,,,,,,,
2023,12,24,3,0,12.7,12.6,99.64,,,,,,,,,,,,,,,,,,,,,,,,,,,,,,,,,,,,
2023,12,24,4,0,12.7,12.6,99.03,,,,,,,,,,,,,,,,,,,,,,,,,,,,,,,,,,,,
2023,12,24,5,0,12.8,12.5,97.92,,,,,,,,,,,,,,,,,,,,,,,,,,,,,,,,,,,,
2023,12,24,6,0,12.8,12.4,97.71,,,,,,,,,,,,,,,,,,,,,,,,,,,,,,,,,,,,
2023,12,24,7,0,12.9,12.5,97.37,,,,,,,,,,,,,,,,,,,,,,,,,,,,,,,,,,,,
2023,12,24,8,0,12.9,12.5,97.58,,,,,,,,,,,,,,,,,,,,,,,,,,,,,,,,,,,,
2023,12,24,9,0,12.9,12.6,98,,,,,,,,,,,,,,,,,,,,,,,,,,,,,,,,,,,,
2023,12,24,10,0,12.7,12.6,99.28,,,,,,,,,,,,,,,,,,,,,,,,,,,,,,,,,,,,
2023,12,24,11,0,12.8,12.6,98.62,,,,,,,,,,,,,,,,,,,,,,,,,,,,,,,,,,,,
2023,12,24,12,0,13,12.6,97.22,,,,,,,,,,,,,,,,,,,,,,,,,,,,,,,,,,,,
2023,12,24,13,0,14.1,12.9,92.6,,,,,,,,,,,,,,,,,,,,,,,,,,,,,,,,,,,,
2023,12,24,14,0,15.5,13.6,88.56,,,,,,,,,,,,,,,,,,,,,,,,,,,,,,,,,,,,
2023,12,24,15,0,17.1,14.4,84.05,,,,,,,,,,,,,,,,,,,,,,,,,,,,,,,,,,,,
2023,12,24,16,0,18.5,14.9,79.4,,,,,,,,,,,,,,,,,,,,,,,,,,,,,,,,,,,,
2023,12,24,17,0,19.3,14.9,75.61,,,,,,,,,,,,,,,,,,,,,,,,,,,,,,,,,,,,
2023,12,24,18,0,19.6,14.7,73.56,,,,,,,,,,,,,,,,,,,,,,,,,,,,,,,,,,,,
2023,12,24,19,0,19.5,14.7,73.67,,,,,,,,,,,,,,,,,,,,,,,,,,,,,,,,,,,,
2023,12,24,20,0,18.8,15,78.35,,,,,,,,,,,,,,,,,,,,,,,,,,,,,,,,,,,,
2023,12,24,21,0,17.7,15.2,85.34,,,,,,,,,,,,,,,,,,,,,,,,,,,,,,,,,,,,
2023,12,24,22,0,16.7,14.8,88.47,,,,,,,,,,,,,,,,,,,,,,,,,,,,,,,,,,,,
2023,12,24,23,0,16.3,14.7,90.02,,,,,,,,,,,,,,,,,,,,,,,,,,,,,,,,,,,,
2023,12,25,0,0,16,14.5,91.07,,,,,,,,,,,,,,,,,,,,,,,,,,,,,,,,,,,,
2023,12,25,1,0,15.9,14.4,91.1,,,,,,,,,,,,,,,,,,,,,,,,,,,,,,,,,,,,
2023,12,25,2,0,15.8,14.4,91.36,,,,,,,,,,,,,,,,,,,,,,,,,,,,,,,,,,,,
2023,12,25,3,0,15.6,14.4,92.3,,,,,,,,,,,,,,,,,,,,,,,,,,,,,,,,,,,,
2023,12,25,4,0,15.4,14.3,93.41,,,,,,,,,,,,,,,,,,,,,,,,,,,,,,,,,,,,
2023,12,25,5,0,15.3,14.4,94.12,,,,,,,,,,,,,,,,,,,,,,,,,,,,,,,,,,,,
2023,12,25,6,0,15.2,14.5,95.34,,,,,,,,,,,,,,,,,,,,,,,,,,,,,,,,,,,,
2023,12,25,7,0,15.2,14.6,95.99,,,,,,,,,,,,,,,,,,,,,,,,,,,,,,,,,,,,
2023,12,25,8,0,15.4,14.6,95.25,,,,,,,,,,,,,,,,,,,,,,,,,,,,,,,,,,,,
2023,12,25,9,0,15.9,14.8,93.18,,,,,,,,,,,,,,,,,,,,,,,,,,,,,,,,,,,,
2023,12,25,10,0,16.3,15,92.21,,,,,,,,,,,,,,,,,,,,,,,,,,,,,,,,,,,,
2023,12,25,11,0,16.5,15.2,92,,,,,,,,,,,,,,,,,,,,,,,,,,,,,,,,,,,,
2023,12,25,12,0,16.8,15.3,91.12,,,,,,,,,,,,,,,,,,,,,,,,,,,,,,,,,,,,
2023,12,25,13,0,17.6,15.7,88.49,,,,,,,,,,,,,,,,,,,,,,,,,,,,,,,,,,,,
2023,12,25,14,0,18.3,16.2,87.3,,,,,,,,,,,,,,,,,,,,,,,,,,,,,,,,,,,,
2023,12,25,15,0,18.8,16.5,86.66,,,,,,,,,,,,,,,,,,,,,,,,,,,,,,,,,,,,
2023,12,25,16,0,18.9,16.7,87.2,,,,,,,,,,,,,,,,,,,,,,,,,,,,,,,,,,,,
2023,12,25,17,0,18.8,16.8,88.38,,,,,,,,,,,,,,,,,,,,,,,,,,,,,,,,,,,,
2023,12,25,18,0,18.5,16.9,90.35,,,,,,,,,,,,,,,,,,,,,,,,,,,,,,,,,,,,
2023,12,25,19,0,18.2,16.9,92.26,,,,,,,,,,,,,,,,,,,,,,,,,,,,,,,,,,,,
2023,12,25,20,0,17.9,16.9,93.75,,,,,,,,,,,,,,,,,,,,,,,,,,,,,,,,,,,,
2023,12,25,21,0,17.6,16.9,95.45,,,,,,,,,,,,,,,,,,,,,,,,,,,,,,,,,,,,
2023,12,25,22,0,17.4,16.8,96.45,,,,,,,,,,,,,,,,,,,,,,,,,,,,,,,,,,,,
2023,12,25,23,0,17.2,16.8,97.65,,,,,,,,,,,,,,,,,,,,,,,,,,,,,,,,,,,,
2023,12,26,0,0,17.2,16.9,97.89,,,,,,,,,,,,,,,,,,,,,,,,,,,,,,,,,,,,
2023,12,26,1,0,17.1,16.8,98.19,,,,,,,,,,,,,,,,,,,,,,,,,,,,,,,,,,,,
2023,12,26,2,0,17,16.7,98.29,,,,,,,,,,,,,,,,,,,,,,,,,,,,,,,,,,,,
2023,12,26,3,0,17,16.7,98.01,,,,,,,,,,,,,,,,,,,,,,,,,,,,,,,,,,,,
2023,12,26,4,0,17,16.6,97.72,,,,,,,,,,,,,,,,,,,,,,,,,,,,,,,,,,,,
2023,12,26,5,0,16.9,16.6,97.81,,,,,,,,,,,,,,,,,,,,,,,,,,,,,,,,,,,,
2023,12,26,6,0,16.9,16.5,97.75,,,,,,,,,,,,,,,,,,,,,,,,,,,,,,,,,,,,
2023,12,26,7,0,17,16.6,97.59,,,,,,,,,,,,,,,,,,,,,,,,,,,,,,,,,,,,
2023,12,26,8,0,17.1,16.7,97.51,,,,,,,,,,,,,,,,,,,,,,,,,,,,,,,,,,,,
2023,12,26,9,0,17.2,16.8,97.59,,,,,,,,,,,,,,,,,,,,,,,,,,,,,,,,,,,,
2023,12,26,10,0,17.4,17.1,98.09,,,,,,,,,,,,,,,,,,,,,,,,,,,,,,,,,,,,
2023,12,26,11,0,17.5,17.2,98,,,,,,,,,,,,,,,,,,,,,,,,,,,,,,,,,,,,
2023,12,26,12,0,17.5,17.1,97.75,,,,,,,,,,,,,,,,,,,,,,,,,,,,,,,,,,,,
2023,12,26,13,0,18,17.4,96.45,,,,,,,,,,,,,,,,,,,,,,,,,,,,,,,,,,,,
2023,12,26,14,0,18.8,17.9,94.34,,,,,,,,,,,,,,,,,,,,,,,,,,,,,,,,,,,,
2023,12,26,15,0,19.1,18.1,94.15,,,,,,,,,,,,,,,,,,,,,,,,,,,,,,,,,,,,
2023,12,26,16,0,19.2,18.1,93.46,,,,,,,,,,,,,,,,,,,,,,,,,,,,,,,,,,,,
2023,12,26,17,0,19.1,18,93.61,,,,,,,,,,,,,,,,,,,,,,,,,,,,,,,,,,,,
2023,12,26,18,0,18.9,17.8,93.56,,,,,,,,,,,,,,,,,,,,,,,,,,,,,,,,,,,,
2023,12,26,19,0,18.5,17.7,94.97,,,,,,,,,,,,,,,,,,,,,,,,,,,,,,,,,,,,
2023,12,26,20,0,18.2,17.5,95.96,,,,,,,,,,,,,,,,,,,,,,,,,,,,,,,,,,,,
2023,12,26,21,0,17.9,17.4,96.71,,,,,,,,,,,,,,,,,,,,,,,,,,,,,,,,,,,,
2023,12,26,22,0,17.7,17.3,97.21,,,,,,,,,,,,,,,,,,,,,,,,,,,,,,,,,,,,
2023,12,26,23,0,17.6,17.3,98.01,,,,,,,,,,,,,,,,,,,,,,,,,,,,,,,,,,,,
2023,12,27,0,0,17.7,17.4,98.07,,,,,,,,,,,,,,,,,,,,,,,,,,,,,,,,,,,,
2023,12,27,1,0,17.8,17.5,98.24,,,,,,,,,,,,,,,,,,,,,,,,,,,,,,,,,,,,
2023,12,27,2,0,17.8,17.6,98.93,,,,,,,,,,,,,,,,,,,,,,,,,,,,,,,,,,,,
2023,12,27,3,0,18,17.8,98.5,,,,,,,,,,,,,,,,,,,,,,,,,,,,,,,,,,,,
2023,12,27,4,0,18.1,17.9,98.89,,,,,,,,,,,,,,,,,,,,,,,,,,,,,,,,,,,,
2023,12,27,5,0,18.3,18,98.41,,,,,,,,,,,,,,,,,,,,,,,,,,,,,,,,,,,,
2023,12,27,6,0,18.2,18.1,99.07,,,,,,,,,,,,,,,,,,,,,,,,,,,,,,,,,,,,
2023,12,27,7,0,18.1,18,99.31,,,,,,,,,,,,,,,,,,,,,,,,,,,,,,,,,,,,
2023,12,27,8,0,17.9,17.8,99.37,,,,,,,,,,,,,,,,,,,,,,,,,,,,,,,,,,,,
2023,12,27,9,0,17.6,17.6,99.71,,,,,,,,,,,,,,,,,,,,,,,,,,,,,,,,,,,,
2023,12,27,10,0,17.3,17.2,99.39,,,,,,,,,,,,,,,,,,,,,,,,,,,,,,,,,,,,
2023,12,27,11,0,16.8,16.8,99.71,,,,,,,,,,,,,,,,,,,,,,,,,,,,,,,,,,,,
2023,12,27,12,0,16.4,16.4,99.71,,,,,,,,,,,,,,,,,,,,,,,,,,,,,,,,,,,,
2023,12,27,13,0,16.6,16.4,98.58,,,,,,,,,,,,,,,,,,,,,,,,,,,,,,,,,,,,
2023,12,27,14,0,16.8,16.4,97.5,,,,,,,,,,,,,,,,,,,,,,,,,,,,,,,,,,,,
2023,12,27,15,0,17.4,16.4,94.07,,,,,,,,,,,,,,,,,,,,,,,,,,,,,,,,,,,,
2023,12,27,16,0,18,16.3,89.69,,,,,,,,,,,,,,,,,,,,,,,,,,,,,,,,,,,,
2023,12,27,17,0,18.5,16.1,85.75,,,,,,,,,,,,,,,,,,,,,,,,,,,,,,,,,,,,
2023,12,27,18,0,18.8,15.8,82.75,,,,,,,,,,,,,,,,,,,,,,,,,,,,,,,,,,,,
2023,12,27,19,0,18.7,15.4,81.37,,,,,,,,,,,,,,,,,,,,,,,,,,,,,,,,,,,,
2023,12,27,20,0,18,15,82.37,,,,,,,,,,,,,,,,,,,,,,,,,,,,,,,,,,,,
2023,12,27,21,0,17.1,14.6,85.37,,,,,,,,,,,,,,,,,,,,,,,,,,,,,,,,,,,,
2023,12,27,22,0,16.2,14.2,87.72,,,,,,,,,,,,,,,,,,,,,,,,,,,,,,,,,,,,
2023,12,27,23,0,15.6,13.7,88.7,,,,,,,,,,,,,,,,,,,,,,,,,,,,,,,,,,,,
2023,12,28,0,0,15.1,13.4,89.63,,,,,,,,,,,,,,,,,,,,,,,,,,,,,,,,,,,,
2023,12,28,1,0,14.7,13.1,90.26,,,,,,,,,,,,,,,,,,,,,,,,,,,,,,,,,,,,
2023,12,28,2,0,14.4,12.8,90.11,,,,,,,,,,,,,,,,,,,,,,,,,,,,,,,,,,,,
2023,12,28,3,0,14.2,12.4,89.15,,,,,,,,,,,,,,,,,,,,,,,,,,,,,,,,,,,,
2023,12,28,4,0,13.9,12.1,88.87,,,,,,,,,,,,,,,,,,,,,,,,,,,,,,,,,,,,
2023,12,28,5,0,13.5,11.7,89.06,,,,,,,,,,,,,,,,,,,,,,,,,,,,,,,,,,,,
2023,12,28,6,0,13.2,11.4,88.88,,,,,,,,,,,,,,,,,,,,,,,,,,,,,,,,,,,,
2023,12,28,7,0,12.9,11,88.45,,,,,,,,,,,,,,,,,,,,,,,,,,,,,,,,,,,,
2023,12,28,8,0,12.6,10.6,87.51,,,,,,,,,,,,,,,,,,,,,,,,,,,,,,,,,,,,
2023,12,28,9,0,12.2,10.1,86.86,,,,,,,,,,,,,,,,,,,,,,,,,,,,,,,,,,,,
2023,12,28,10,0,12,9.5,84.87,,,,,,,,,,,,,,,,,,,,,,,,,,,,,,,,,,,,
2023,12,28,11,0,11.7,9.2,84.42,,,,,,,,,,,,,,,,,,,,,,,,,,,,,,,,,,,,
2023,12,28,12,0,11.5,8.9,83.94,,,,,,,,,,,,,,,,,,,,,,,,,,,,,,,,,,,,
2023,12,28,13,0,11.7,8.8,82.52,,,,,,,,,,,,,,,,,,,,,,,,,,,,,,,,,,,,
2023,12,28,14,0,12.2,8.7,79.43,,,,,,,,,,,,,,,,,,,,,,,,,,,,,,,,,,,,
2023,12,28,15,0,12.6,8.8,77.46,,,,,,,,,,,,,,,,,,,,,,,,,,,,,,,,,,,,
2023,12,28,16,0,13.1,9,76.36,,,,,,,,,,,,,,,,,,,,,,,,,,,,,,,,,,,,
2023,12,28,17,0,13.8,8.8,72.04,,,,,,,,,,,,,,,,,,,,,,,,,,,,,,,,,,,,
2023,12,28,18,0,14.2,8.6,68.86,,,,,,,,,,,,,,,,,,,,,,,,,,,,,,,,,,,,
2023,12,28,19,0,14.9,8.5,65.35,,,,,,,,,,,,,,,,,,,,,,,,,,,,,,,,,,,,
2023,12,28,20,0,15,8.6,65.73,,,,,,,,,,,,,,,,,,,,,,,,,,,,,,,,,,,,
2023,12,28,21,0,14.1,9.9,75.71,,,,,,,,,,,,,,,,,,,,,,,,,,,,,,,,,,,,
2023,12,28,22,0,12.4,9.5,82.38,,,,,,,,,,,,,,,,,,,,,,,,,,,,,,,,,,,,
2023,12,28,23,0,12,9.5,84.49,,,,,,,,,,,,,,,,,,,,,,,,,,,,,,,,,,,,
2023,12,29,0,0,11.9,9.7,86.33,,,,,,,,,,,,,,,,,,,,,,,,,,,,,,,,,,,,
2023,12,29,1,0,11.8,10,88.81,,,,,,,,,,,,,,,,,,,,,,,,,,,,,,,,,,,,
2023,12,29,2,0,11.8,10.4,90.99,,,,,,,,,,,,,,,,,,,,,,,,,,,,,,,,,,,,
2023,12,29,3,0,11.7,10.7,93.78,,,,,,,,,,,,,,,,,,,,,,,,,,,,,,,,,,,,
2023,12,29,4,0,11.9,11.1,94.67,,,,,,,,,,,,,,,,,,,,,,,,,,,,,,,,,,,,
2023,12,29,5,0,12.2,11.4,94.8,,,,,,,,,,,,,,,,,,,,,,,,,,,,,,,,,,,,
2023,12,29,6,0,11.9,11.5,97.17,,,,,,,,,,,,,,,,,,,,,,,,,,,,,,,,,,,,
2023,12,29,7,0,11.5,11.2,97.98,,,,,,,,,,,,,,,,,,,,,,,,,,,,,,,,,,,,
2023,12,29,8,0,11.1,10.7,97.36,,,,,,,,,,,,,,,,,,,,,,,,,,,,,,,,,,,,
2023,12,29,9,0,10.5,10,96.79,,,,,,,,,,,,,,,,,,,,,,,,,,,,,,,,,,,,
2023,12,29,10,0,10,9.3,95.52,,,,,,,,,,,,,,,,,,,,,,,,,,,,,,,,,,,,
2023,12,29,11,0,9.6,8.6,93.71,,,,,,,,,,,,,,,,,,,,,,,,,,,,,,,,,,,,
2023,12,29,12,0,8.8,7.8,93.57,,,,,,,,,,,,,,,,,,,,,,,,,,,,,,,,,,,,
2023,12,29,13,0,9,7.1,87.97,,,,,,,,,,,,,,,,,,,,,,,,,,,,,,,,,,,,
2023,12,29,14,0,9.9,6,76.56,,,,,,,,,,,,,,,,,,,,,,,,,,,,,,,,,,,,
2023,12,29,15,0,10.7,4.7,66.26,,,,,,,,,,,,,,,,,,,,,,,,,,,,,,,,,,,,
2023,12,29,16,0,10.9,3.9,62.09,,,,,,,,,,,,,,,,,,,,,,,,,,,,,,,,,,,,
2023,12,29,17,0,11,3.6,60.09,,,,,,,,,,,,,,,,,,,,,,,,,,,,,,,,,,,,
2023,12,29,18,0,11,3.4,59.31,,,,,,,,,,,,,,,,,,,,,,,,,,,,,,,,,,,,
2023,12,29,19,0,10.9,3.3,59.51,,,,,,,,,,,,,,,,,,,,,,,,,,,,,,,,,,,,
2023,12,29,20,0,10.7,3.3,60.36,,,,,,,,,,,,,,,,,,,,,,,,,,,,,,,,,,,,
2023,12,29,21,0,10.2,3.5,63.1,,,,,,,,,,,,,,,,,,,,,,,,,,,,,,,,,,,,
2023,12,29,22,0,9.2,3.8,69.14,,,,,,,,,,,,,,,,,,,,,,,,,,,,,,,,,,,,
2023,12,29,23,0,8.6,4.1,73.19,,,,,,,,,,,,,,,,,,,,,,,,,,,,,,,,,,,,
2023,12,30,0,0,8.1,4.2,76.55,,,,,,,,,,,,,,,,,,,,,,,,,,,,,,,,,,,,
2023,12,30,1,0,7.7,4.3,78.9,,,,,,,,,,,,,,,,,,,,,,,,,,,,,,,,,,,,
2023,12,30,2,0,7.3,4.2,80.79,,,,,,,,,,,,,,,,,,,,,,,,,,,,,,,,,,,,
2023,12,30,3,0,7,4.1,81.93,,,,,,,,,,,,,,,,,,,,,,,,,,,,,,,,,,,,
2023,12,30,4,0,6.8,4,82.54,,,,,,,,,,,,,,,,,,,,,,,,,,,,,,,,,,,,
2023,12,30,5,0,6.5,4,83.9,,,,,,,,,,,,,,,,,,,,,,,,,,,,,,,,,,,,
2023,12,30,6,0,6.4,3.9,84.32,,,,,,,,,,,,,,,,,,,,,,,,,,,,,,,,,,,,
2023,12,30,7,0,6.2,3.9,85.3,,,,,,,,,,,,,,,,,,,,,,,,,,,,,,,,,,,,
2023,12,30,8,0,6,3.9,86.3,,,,,,,,,,,,,,,,,,,,,,,,,,,,,,,,,,,,
2023,12,30,9,0,5.9,3.9,86.84,,,,,,,,,,,,,,,,,,,,,,,,,,,,,,,,,,,,
2023,12,30,10,0,5.8,3.9,87.42,,,,,,,,,,,,,,,,,,,,,,,,,,,,,,,,,,,,
2023,12,30,11,0,5.7,3.9,87.98,,,,,,,,,,,,,,,,,,,,,,,,,,,,,,,,,,,,
2023,12,30,12,0,5.8,3.9,87.43,,,,,,,,,,,,,,,,,,,,,,,,,,,,,,,,,,,,
2023,12,30,13,0,7.1,4.2,81.52,,,,,,,,,,,,,,,,,,,,,,,,,,,,,,,,,,,,
2023,12,30,14,0,8.7,4.3,74.04,,,,,,,,,,,,,,,,,,,,,,,,,,,,,,,,,,,,
2023,12,30,15,0,10.1,4.2,66.95,,,,,,,,,,,,,,,,,,,,,,,,,,,,,,,,,,,,
2023,12,30,16,0,10.9,4.2,63.26,,,,,,,,,,,,,,,,,,,,,,,,,,,,,,,,,,,,
2023,12,30,17,0,11.3,4.3,62.21,,,,,,,,,,,,,,,,,,,,,,,,,,,,,,,,,,,,
2023,12,30,18,0,11.6,4.4,61.41,,,,,,,,,,,,,,,,,,,,,,,,,,,,,,,,,,,,
2023,12,30,19,0,11.6,4.6,61.98,,,,,,,,,,,,,,,,,,,,,,,,,,,,,,,,,,,,
2023,12,30,20,0,11.5,4.7,63.19,,,,,,,,,,,,,,,,,,,,,,,,,,,,,,,,,,,,
2023,12,30,21,0,10.9,5.2,67.87,,,,,,,,,,,,,,,,,,,,,,,,,,,,,,,,,,,,
2023,12,30,22,0,9,5.4,78.12,,,,,,,,,,,,,,,,,,,,,,,,,,,,,,,,,,,,
2023,12,30,23,0,8.4,5.2,80.45,,,,,,,,,,,,,,,,,,,,,,,,,,,,,,,,,,,,
2023,12,31,0,0,8,5,81.29,,,,,,,,,,,,,,,,,,,,,,,,,,,,,,,,,,,,
2023,12,31,1,0,7.5,4.7,82.36,,,,,,,,,,,,,,,,,,,,,,,,,,,,,,,,,,,,
2023,12,31,2,0,7.1,4.4,82.77,,,,,,,,,,,,,,,,,,,,,,,,,,,,,,,,,,,,
2023,12,31,3,0,6.7,4.1,83.44,,,,,,,,,,,,,,,,,,,,,,,,,,,,,,,,,,,,
2023,12,31,4,0,6.4,3.9,83.79,,,,,,,,,,,,,,,,,,,,,,,,,,,,,,,,,,,,
2023,12,31,5,0,6.1,3.7,84.6,,,,,,,,,,,,,,,,,,,,,,,,,,,,,,,,,,,,
2023,12,31,6,0,5.9,3.6,85.31,,,,,,,,,,,,,,,,,,,,,,,,,,,,,,,,,,,,
2023,12,31,7,0,5.8,3.6,86.01,,,,,,,,,,,,,,,,,,,,,,,,,,,,,,,,,,,,
2023,12,31,8,0,5.6,3.8,87.9,,,,,,,,,,,,,,,,,,,,,,,,,,,,,,,,,,,,
2023,12,31,9,0,5.3,3.7,89.54,,,,,,,,,,,,,,,,,,,,,,,,,,,,,,,,,,,,
2023,12,31,10,0,4.8,3.6,91.89,,,,,,,,,,,,,,,,,,,,,,,,,,,,,,,,,,,,
2023,12,31,11,0,4.6,3.5,92.6,,,,,,,,,,,,,,,,,,,,,,,,,,,,,,,,,,,,
2023,12,31,12,0,4.7,3.4,91.57,,,,,,,,,,,,,,,,,,,,,,,,,,,,,,,,,,,,
2023,12,31,13,0,6,3.6,84.86,,,,,,,,,,,,,,,,,,,,,,,,,,,,,,,,,,,,
2023,12,31,14,0,7.5,4,78.65,,,,,,,,,,,,,,,,,,,,,,,,,,,,,,,,,,,,
2023,12,31,15,0,9.5,4.4,70.36,,,,,,,,,,,,,,,,,,,,,,,,,,,,,,,,,,,,
2023,12,31,16,0,11,4.8,65.69,,,,,,,,,,,,,,,,,,,,,,,,,,,,,,,,,,,,
2023,12,31,17,0,12,5.1,62.71,,,,,,,,,,,,,,,,,,,,,,,,,,,,,,,,,,,,
2023,12,31,18,0,12.7,5.4,61.09,,,,,,,,,,,,,,,,,,,,,,,,,,,,,,,,,,,,
2023,12,31,19,0,13,5.7,61.06,,,,,,,,,,,,,,,,,,,,,,,,,,,,,,,,,,,,
2023,12,31,20,0,13,6.1,62.85,,,,,,,,,,,,,,,,,,,,,,,,,,,,,,,,,,,,
2023,12,31,21,0,12.1,7,71.23,,,,,,,,,,,,,,,,,,,,,,,,,,,,,,,,,,,,
2023,12,31,22,0,10.2,6.8,79.7,,,,,,,,,,,,,,,,,,,,,,,,,,,,,,,,,,,,
2023,12,31,23,0,10.1,6.9,80.32,,,,,,,,,,,,,,,,,,,,,,,,,,,,,,,,,,,,
