Source,Location ID,City,State,Country,Latitude,Longitude,Time Zone,Clearsky DHI Units,Clearsky DNI Units,Clearsky GHI Units,Dew Point Units,DHI Units,DNI Units,GHI Units,Solar Zenith Angle Units,Temperature Units,Pressure Units,Relative Humidity Units,Precipitable Water Units,Wind Direction Units,Wind Speed Units,Cloud Type -15,Cloud Type 0,Cloud Type 1,Cloud Type 2,Cloud Type 3,Cloud Type 4,Cloud Type 5,Cloud Type 6,Cloud Type 7,Cloud Type 8,Cloud Type 9,Cloud Type 10,Cloud Type 11,Cloud Type 12,Fill Flag 0,Fill Flag 1,Fill Flag 2,Fill Flag 3,Fill Flag 4,Fill Flag 5,Surface Albedo Units,Version
NSRDB,1322583,-,-,-,40.76,-111.89,0,w/m2,w/m2,w/m2,c,w/m2,w/m2,w/m2,Degree,c,mbar,%,cm,Degrees,m/s,N/A,Clear,Probably Clear,Fog,Water,Super-Cooled Water,Mixed,Opaque Ice,Cirrus,Overlapping,Overshooting,Unknown,Dust,Smoke,N/A,Missing Image,Low Irradiance,Exceeds Clearsky,Missing CLoud Properties,Rayleigh Violation,N/A,4.0.1
Year,Month,Day,Hour,Minute,Temperature,Relative Humidity,Dew Point,,,,,,,,,,,,,,,,,,,,,,,,,,,,,,,,,,,,
2023,1,1,0,0,2.5,85.81,0.4,,,,,,,,,,,,,,,,,,,,,,,,,,,,,,,,,,,,
2023,1,1,1,0,2.4,84.65,0.1,,,,,,,,,,,,,,,,,,,,,,,,,,,,,,,,,,,,
2023,1,1,2,0,2.5,83.69,0,,,,,,,,,,,,,,,,,,,,,,,,,,,,,,,,,,,,
2023,1,1,3,0,2.3,84.74,0,,,,,,,,,,,,,,,,,,,,,,,,,,,,,,,,,,,,
2023,1,1,4,0,1.9,86.25,-0.2,,,,,,,,,,,,,,,,,,,,,,,,,,,,,,,,,,,,
2023,1,1,5,0,1.9,86.16,-0.2,,,,,,,,,,,,,,,,,,,,,,,,,,,,,,,,,,,,
2023,1,1,6,0,1.9,85.75,-0.2,,,,,,,,,,,,,,,,,,,,,,,,,,,,,,,,,,,,
2023,1,1,7,0,1.9,85.77,-0.2,,,,,,,,,,,,,,,,,,,,,,,,,,,,,,,,,,,,
2023,1,1,8,0,1.9,85.06,-0.3,,,,,,,,,,,,,,,,,,,,,,,,,,,,,,,,,,,,
2023,1,1,9,0,1.8,84.61,-0.5,,,,,,,,,,,,,,,,,,,,,,,,,,,,,,,,,,,,
2023,1,1,10,0,1.8,84.38,-0.6,,,,,,,,,,,,,,,,,,,,,,,,,,,,,,,,,,,,
2023,1,1,11,0,1.6,84.47,-0.7,,,,,,,,,,,,,,,,,,,,,,,,,,,,,,,,,,,,
2023,1,1,12,0,1.4,84.61,-0.9,,,,,,,,,,,,,,,,,,,,,,,,,,,,,,,,,,,,
2023,1,1,13,0,1.3,84.41,-1,,,,,,,,,,,,,,,,,,,,,,,,,,,,,,,,,,,,
2023,1,1,14,0,1.2,83.95,-1.2,,,,,,,,,,,,,,,,,,,,,,,,,,,,,,,,,,,,
2023,1,1,15,0,1.1,84.22,-1.3,,,,,,,,,,,,,,,,,,,,,,,,,,,,,,,,,,,,
2023,1,1,16,0,1.6,84.19,-0.8,,,,,,,,,,,,,,,,,,,,,,,,,,,,,,,,,,,,
2023,1,1,17,0,1.9,84.63,-0.4,,,,,,,,,,,,,,,,,,,,,,,,,,,,,,,,,,,,
2023,1,1,18,0,2.1,84.45,-0.2,,,,,,,,,,,,,,,,,,,,,,,,,,,,,,,,,,,,
2023,1,1,19,0,2.1,84.75,-0.2,,,,,,,,,,,,,,,,,,,,,,,,,,,,,,,,,,,,
2023,1,1,20,0,2.2,84.86,-0.1,,,,,,,,,,,,,,,,,,,,,,,,,,,,,,,,,,,,
2023,1,1,21,0,2.3,84.76,0,,,,,,,,,,,,,,,,,,,,,,,,,,,,,,,,,,,,
2023,1,1,22,0,2.2,85.06,-0.1,,,,,,,,,,,,,,,,,,,,,,,,,,,,,,,,,,,,
2023,1,1,23,0,1.9,84.86,-0.4,,,,,,,,,,,,,,,,,,,,,,,,,,,,,,,,,,,,
2023,1,2,0,0,1.1,84.68,-1.2,,,,,,,,,,,,,,,,,,,,,,,,,,,,,,,,,,,,
2023,1,2,1,0,0,84.08,-2.4,,,,,,,,,,,,,,,,,,,,,,,,,,,,,,,,,,,,
2023,1,2,2,0,-0.7,83.39,-3.2,,,,,,,,,,,,,,,,,,,,,,,,,,,,,,,,,,,,
2023,1,2,3,0,-1.1,82.73,-3.7,,,,,,,,,,,,,,,,,,,,,,,,,,,,,,,,,,,,
2023,1,2,4,0,-1.4,82.24,-4,,,,,,,,,,,,,,,,,,,,,,,,,,,,,,,,,,,,
2023,1,2,5,0,-1.6,81.99,-4.3,,,,,,,,,,,,,,,,,,,,,,,,,,,,,,,,,,,,
2023,1,2,6,0,-1.7,81.49,-4.5,,,,,,,,,,,,,,,,,,,,,,,,,,,,,,,,,,,,
2023,1,2,7,0,-1.9,80.85,-4.8,,,,,,,,,,,,,,,,,,,,,,,,,,,,,,,,,,,,
2023,1,2,8,0,-2.2,80.41,-5.1,,,,,,,,,,,,,,,,,,,,,,,,,,,,,,,,,,,,
2023,1,2,9,0,-2.2,79.27,-5.3,,,,,,,,,,,,,,,,,,,,,,,,,,,,,,,,,,,,
2023,1,2,10,0,-2.6,79.51,-5.7,,,,,,,,,,,,,,,,,,,,,,,,,,,,,,,,,,,,
2023,1,2,11,0,-3.2,80.22,-6.1,,,,,,,,,,,,,,,,,,,,,,,,,,,,,,,,,,,,
2023,1,2,12,0,-3.5,80.25,-6.4,,,,,,,,,,,,,,,,,,,,,,,,,,,,,,,,,,,,
2023,1,2,13,0,-4.1,80.84,-6.9,,,,,,,,,,,,,,,,,,,,,,,,,,,,,,,,,,,,
2023,1,2,14,0,-4.7,80.72,-7.5,,,,,,,,,,,,,,,,,,,,,,,,,,,,,,,,,,,,
2023,1,2,15,0,-5,80.43,-7.8,,,,,,,,,,,,,,,,,,,,,,,,,,,,,,,,,,,,
2023,1,2,16,0,-4.1,80.4,-7,,,,,,,,,,,,,,,,,,,,,,,,,,,,,,,,,,,,
2023,1,2,17,0,-2.4,79.98,-5.4,,,,,,,,,,,,,,,,,,,,,,,,,,,,,,,,,,,,
2023,1,2,18,0,-1.4,79.46,-4.5,,,,,,,,,,,,,,,,,,,,,,,,,,,,,,,,,,,,
2023,1,2,19,0,-0.8,78.63,-4,,,,,,,,,,,,,,,,,,,,,,,,,,,,,,,,,,,,
2023,1,2,20,0,-0.5,77.86,-3.9,,,,,,,,,,,,,,,,,,,,,,,,,,,,,,,,,,,,
2023,1,2,21,0,-0.5,77.71,-3.9,,,,,,,,,,,,,,,,,,,,,,,,,,,,,,,,,,,,
2023,1,2,22,0,-0.8,78.59,-4.1,,,,,,,,,,,,,,,,,,,,,,,,,,,,,,,,,,,,
2023,1,2,23,0,-1.9,80.82,-4.8,,,,,,,,,,,,,,,,,,,,,,,,,,,,,,,,,,,,
2023,1,3,0,0,-3.2,79.86,-6.2,,,,,,,,,,,,,,,,,,,,,,,,,,,,,,,,,,,,
2023,1,3,1,0,-4,80.48,-6.9,,,,,,,,,,,,,,,,,,,,,,,,,,,,,,,,,,,,
2023,1,3,2,0,-5,81.19,-7.7,,,,,,,,,,,,,,,,,,,,,,,,,,,,,,,,,,,,
2023,1,3,3,0,-5.8,80.86,-8.6,,,,,,,,,,,,,,,,,,,,,,,,,,,,,,,,,,,,
2023,1,3,4,0,-6.3,80.06,-9.2,,,,,,,,,,,,,,,,,,,,,,,,,,,,,,,,,,,,
2023,1,3,5,0,-6.8,79.75,-9.7,,,,,,,,,,,,,,,,,,,,,,,,,,,,,,,,,,,,
2023,1,3,6,0,-7.2,79.45,-10.1,,,,,,,,,,,,,,,,,,,,,,,,,,,,,,,,,,,,
2023,1,3,7,0,-7.5,79.11,-10.5,,,,,,,,,,,,,,,,,,,,,,,,,,,,,,,,,,,,
2023,1,3,8,0,-7.8,78.96,-10.8,,,,,,,,,,,,,,,,,,,,,,,,,,,,,,,,,,,,
2023,1,3,9,0,-7.8,78.09,-11,,,,,,,,,,,,,,,,,,,,,,,,,,,,,,,,,,,,
2023,1,3,10,0,-7.7,77.55,-10.9,,,,,,,,,,,,,,,,,,,,,,,,,,,,,,,,,,,,
2023,1,3,11,0,-7.5,76.68,-10.9,,,,,,,,,,,,,,,,,,,,,,,,,,,,,,,,,,,,
2023,1,3,12,0,-7.4,76.42,-10.8,,,,,,,,,,,,,,,,,,,,,,,,,,,,,,,,,,,,
2023,1,3,13,0,-7.2,75.51,-10.8,,,,,,,,,,,,,,,,,,,,,,,,,,,,,,,,,,,,
2023,1,3,14,0,-7.4,75.56,-11,,,,,,,,,,,,,,,,,,,,,,,,,,,,,,,,,,,,
2023,1,3,15,0,-7.6,75.96,-11.1,,,,,,,,,,,,,,,,,,,,,,,,,,,,,,,,,,,,
2023,1,3,16,0,-6.5,76.41,-10,,,,,,,,,,,,,,,,,,,,,,,,,,,,,,,,,,,,
2023,1,3,17,0,-3.8,77.32,-7.2,,,,,,,,,,,,,,,,,,,,,,,,,,,,,,,,,,,,
2023,1,3,18,0,-2,76.04,-5.7,,,,,,,,,,,,,,,,,,,,,,,,,,,,,,,,,,,,
2023,1,3,19,0,-0.8,73.52,-4.9,,,,,,,,,,,,,,,,,,,,,,,,,,,,,,,,,,,,
2023,1,3,20,0,-0.3,72.29,-4.7,,,,,,,,,,,,,,,,,,,,,,,,,,,,,,,,,,,,
2023,1,3,21,0,-0.4,72.84,-4.7,,,,,,,,,,,,,,,,,,,,,,,,,,,,,,,,,,,,
2023,1,3,22,0,-0.8,75.95,-4.5,,,,,,,,,,,,,,,,,,,,,,,,,,,,,,,,,,,,
2023,1,3,23,0,-2.2,75.37,-6,,,,,,,,,,,,,,,,,,,,,,,,,,,,,,,,,,,,
2023,1,4,0,0,-3.5,72.4,-7.7,,,,,,,,,,,,,,,,,,,,,,,,,,,,,,,,,,,,
2023,1,4,1,0,-4.7,75.16,-8.4,,,,,,,,,,,,,,,,,,,,,,,,,,,,,,,,,,,,
2023,1,4,2,0,-5.7,78.19,-8.9,,,,,,,,,,,,,,,,,,,,,,,,,,,,,,,,,,,,
2023,1,4,3,0,-6.7,81.61,-9.3,,,,,,,,,,,,,,,,,,,,,,,,,,,,,,,,,,,,
2023,1,4,4,0,-7.7,85.33,-9.7,,,,,,,,,,,,,,,,,,,,,,,,,,,,,,,,,,,,
2023,1,4,5,0,-8.7,88.02,-10.3,,,,,,,,,,,,,,,,,,,,,,,,,,,,,,,,,,,,
2023,1,4,6,0,-9.3,87.55,-11,,,,,,,,,,,,,,,,,,,,,,,,,,,,,,,,,,,,
2023,1,4,7,0,-9.7,85.44,-11.7,,,,,,,,,,,,,,,,,,,,,,,,,,,,,,,,,,,,
2023,1,4,8,0,-10,82.45,-12.4,,,,,,,,,,,,,,,,,,,,,,,,,,,,,,,,,,,,
2023,1,4,9,0,-10.1,80.04,-12.9,,,,,,,,,,,,,,,,,,,,,,,,,,,,,,,,,,,,
2023,1,4,10,0,-9.8,78.98,-12.8,,,,,,,,,,,,,,,,,,,,,,,,,,,,,,,,,,,,
2023,1,4,11,0,-9.8,77.95,-12.9,,,,,,,,,,,,,,,,,,,,,,,,,,,,,,,,,,,,
2023,1,4,12,0,-10,77.84,-13.1,,,,,,,,,,,,,,,,,,,,,,,,,,,,,,,,,,,,
2023,1,4,13,0,-10.2,78.29,-13.3,,,,,,,,,,,,,,,,,,,,,,,,,,,,,,,,,,,,
2023,1,4,14,0,-9.8,77.75,-13,,,,,,,,,,,,,,,,,,,,,,,,,,,,,,,,,,,,
2023,1,4,15,0,-8.9,77.47,-12.1,,,,,,,,,,,,,,,,,,,,,,,,,,,,,,,,,,,,
2023,1,4,16,0,-6.2,77.07,-9.6,,,,,,,,,,,,,,,,,,,,,,,,,,,,,,,,,,,,
2023,1,4,17,0,-2.1,77.91,-5.4,,,,,,,,,,,,,,,,,,,,,,,,,,,,,,,,,,,,
2023,1,4,18,0,0.2,78.54,-3.1,,,,,,,,,,,,,,,,,,,,,,,,,,,,,,,,,,,,
2023,1,4,19,0,1.8,78.27,-1.6,,,,,,,,,,,,,,,,,,,,,,,,,,,,,,,,,,,,
2023,1,4,20,0,2.4,78.39,-1,,,,,,,,,,,,,,,,,,,,,,,,,,,,,,,,,,,,
2023,1,4,21,0,2.6,79.18,-0.6,,,,,,,,,,,,,,,,,,,,,,,,,,,,,,,,,,,,
2023,1,4,22,0,2.5,80.26,-0.6,,,,,,,,,,,,,,,,,,,,,,,,,,,,,,,,,,,,
2023,1,4,23,0,1.5,81.09,-1.4,,,,,,,,,,,,,,,,,,,,,,,,,,,,,,,,,,,,
2023,1,5,0,0,-1.1,79.03,-4.3,,,,,,,,,,,,,,,,,,,,,,,,,,,,,,,,,,,,
2023,1,5,1,0,-3.3,78.05,-6.6,,,,,,,,,,,,,,,,,,,,,,,,,,,,,,,,,,,,
2023,1,5,2,0,-4.2,76.97,-7.6,,,,,,,,,,,,,,,,,,,,,,,,,,,,,,,,,,,,
2023,1,5,3,0,-4.5,75.8,-8.1,,,,,,,,,,,,,,,,,,,,,,,,,,,,,,,,,,,,
2023,1,5,4,0,-4.7,74.97,-8.5,,,,,,,,,,,,,,,,,,,,,,,,,,,,,,,,,,,,
2023,1,5,5,0,-4.8,73.88,-8.7,,,,,,,,,,,,,,,,,,,,,,,,,,,,,,,,,,,,
2023,1,5,6,0,-4.3,73.18,-8.4,,,,,,,,,,,,,,,,,,,,,,,,,,,,,,,,,,,,
2023,1,5,7,0,-3.4,72.59,-7.6,,,,,,,,,,,,,,,,,,,,,,,,,,,,,,,,,,,,
2023,1,5,8,0,-2.7,73.34,-6.8,,,,,,,,,,,,,,,,,,,,,,,,,,,,,,,,,,,,
2023,1,5,9,0,-1.8,73.47,-5.9,,,,,,,,,,,,,,,,,,,,,,,,,,,,,,,,,,,,
2023,1,5,10,0,-1,74.5,-5,,,,,,,,,,,,,,,,,,,,,,,,,,,,,,,,,,,,
2023,1,5,11,0,-0.4,75.33,-4.2,,,,,,,,,,,,,,,,,,,,,,,,,,,,,,,,,,,,
2023,1,5,12,0,-0.1,75.7,-3.9,,,,,,,,,,,,,,,,,,,,,,,,,,,,,,,,,,,,
2023,1,5,13,0,-0.2,75.84,-3.9,,,,,,,,,,,,,,,,,,,,,,,,,,,,,,,,,,,,
2023,1,5,14,0,-0.6,75.5,-4.4,,,,,,,,,,,,,,,,,,,,,,,,,,,,,,,,,,,,
2023,1,5,15,0,-0.5,74.84,-4.4,,,,,,,,,,,,,,,,,,,,,,,,,,,,,,,,,,,,
2023,1,5,16,0,1.4,74.54,-2.6,,,,,,,,,,,,,,,,,,,,,,,,,,,,,,,,,,,,
2023,1,5,17,0,3,74.63,-1.1,,,,,,,,,,,,,,,,,,,,,,,,,,,,,,,,,,,,
2023,1,5,18,0,3.5,75.89,-0.4,,,,,,,,,,,,,,,,,,,,,,,,,,,,,,,,,,,,
2023,1,5,19,0,3.6,77.19,0,,,,,,,,,,,,,,,,,,,,,,,,,,,,,,,,,,,,
2023,1,5,20,0,3.7,77.57,0.1,,,,,,,,,,,,,,,,,,,,,,,,,,,,,,,,,,,,
2023,1,5,21,0,3.7,77.83,0.2,,,,,,,,,,,,,,,,,,,,,,,,,,,,,,,,,,,,
2023,1,5,22,0,3.7,78.18,0.3,,,,,,,,,,,,,,,,,,,,,,,,,,,,,,,,,,,,
2023,1,5,23,0,3.3,80.79,0.3,,,,,,,,,,,,,,,,,,,,,,,,,,,,,,,,,,,,
2023,1,6,0,0,3.1,82.52,0.4,,,,,,,,,,,,,,,,,,,,,,,,,,,,,,,,,,,,
2023,1,6,1,0,3.1,82.68,0.4,,,,,,,,,,,,,,,,,,,,,,,,,,,,,,,,,,,,
2023,1,6,2,0,3,82.71,0.3,,,,,,,,,,,,,,,,,,,,,,,,,,,,,,,,,,,,
2023,1,6,3,0,2.8,82.14,0.1,,,,,,,,,,,,,,,,,,,,,,,,,,,,,,,,,,,,
2023,1,6,4,0,2.4,82.52,-0.3,,,,,,,,,,,,,,,,,,,,,,,,,,,,,,,,,,,,
2023,1,6,5,0,2.1,82.08,-0.6,,,,,,,,,,,,,,,,,,,,,,,,,,,,,,,,,,,,
2023,1,6,6,0,1.8,82.2,-0.9,,,,,,,,,,,,,,,,,,,,,,,,,,,,,,,,,,,,
2023,1,6,7,0,1.4,82.75,-1.2,,,,,,,,,,,,,,,,,,,,,,,,,,,,,,,,,,,,
2023,1,6,8,0,1.1,82.78,-1.5,,,,,,,,,,,,,,,,,,,,,,,,,,,,,,,,,,,,
2023,1,6,9,0,1.1,82.25,-1.6,,,,,,,,,,,,,,,,,,,,,,,,,,,,,,,,,,,,
2023,1,6,10,0,0.9,82.56,-1.7,,,,,,,,,,,,,,,,,,,,,,,,,,,,,,,,,,,,
2023,1,6,11,0,0.5,83,-2.1,,,,,,,,,,,,,,,,,,,,,,,,,,,,,,,,,,,,
2023,1,6,12,0,0.3,83.76,-2.1,,,,,,,,,,,,,,,,,,,,,,,,,,,,,,,,,,,,
2023,1,6,13,0,0.3,83.62,-2.1,,,,,,,,,,,,,,,,,,,,,,,,,,,,,,,,,,,,
2023,1,6,14,0,0.2,83.44,-2.3,,,,,,,,,,,,,,,,,,,,,,,,,,,,,,,,,,,,
2023,1,6,15,0,0.1,83.71,-2.3,,,,,,,,,,,,,,,,,,,,,,,,,,,,,,,,,,,,
2023,1,6,16,0,1.1,83.74,-1.3,,,,,,,,,,,,,,,,,,,,,,,,,,,,,,,,,,,,
2023,1,6,17,0,2.3,83.34,-0.2,,,,,,,,,,,,,,,,,,,,,,,,,,,,,,,,,,,,
2023,1,6,18,0,2.6,83.44,0.1,,,,,,,,,,,,,,,,,,,,,,,,,,,,,,,,,,,,
2023,1,6,19,0,2.8,82.63,0.1,,,,,,,,,,,,,,,,,,,,,,,,,,,,,,,,,,,,
2023,1,6,20,0,2.9,82.31,0.2,,,,,,,,,,,,,,,,,,,,,,,,,,,,,,,,,,,,
2023,1,6,21,0,3.1,81.48,0.2,,,,,,,,,,,,,,,,,,,,,,,,,,,,,,,,,,,,
2023,1,6,22,0,3.2,81.15,0.3,,,,,,,,,,,,,,,,,,,,,,,,,,,,,,,,,,,,
2023,1,6,23,0,3,80.78,0,,,,,,,,,,,,,,,,,,,,,,,,,,,,,,,,,,,,
2023,1,7,0,0,2.6,80.13,-0.5,,,,,,,,,,,,,,,,,,,,,,,,,,,,,,,,,,,,
2023,1,7,1,0,2.7,79.13,-0.6,,,,,,,,,,,,,,,,,,,,,,,,,,,,,,,,,,,,
2023,1,7,2,0,2.7,79.14,-0.6,,,,,,,,,,,,,,,,,,,,,,,,,,,,,,,,,,,,
2023,1,7,3,0,2.8,78.66,-0.5,,,,,,,,,,,,,,,,,,,,,,,,,,,,,,,,,,,,
2023,1,7,4,0,3,76.99,-0.6,,,,,,,,,,,,,,,,,,,,,,,,,,,,,,,,,,,,
2023,1,7,5,0,3.1,74.7,-1,,,,,,,,,,,,,,,,,,,,,,,,,,,,,,,,,,,,
2023,1,7,6,0,2.8,74.48,-1.3,,,,,,,,,,,,,,,,,,,,,,,,,,,,,,,,,,,,
2023,1,7,7,0,1.6,76.42,-2.1,,,,,,,,,,,,,,,,,,,,,,,,,,,,,,,,,,,,
2023,1,7,8,0,0.1,78.84,-3.1,,,,,,,,,,,,,,,,,,,,,,,,,,,,,,,,,,,,
2023,1,7,9,0,-0.8,81.08,-3.6,,,,,,,,,,,,,,,,,,,,,,,,,,,,,,,,,,,,
2023,1,7,10,0,-1.7,82.67,-4.3,,,,,,,,,,,,,,,,,,,,,,,,,,,,,,,,,,,,
2023,1,7,11,0,-2.5,84.17,-4.8,,,,,,,,,,,,,,,,,,,,,,,,,,,,,,,,,,,,
2023,1,7,12,0,-3.3,84.78,-5.5,,,,,,,,,,,,,,,,,,,,,,,,,,,,,,,,,,,,
2023,1,7,13,0,-4.5,84.87,-6.7,,,,,,,,,,,,,,,,,,,,,,,,,,,,,,,,,,,,
2023,1,7,14,0,-5.3,83.38,-7.7,,,,,,,,,,,,,,,,,,,,,,,,,,,,,,,,,,,,
2023,1,7,15,0,-5.3,80.6,-8.1,,,,,,,,,,,,,,,,,,,,,,,,,,,,,,,,,,,,
2023,1,7,16,0,-3.2,78.26,-6.4,,,,,,,,,,,,,,,,,,,,,,,,,,,,,,,,,,,,
2023,1,7,17,0,0.1,75.5,-3.7,,,,,,,,,,,,,,,,,,,,,,,,,,,,,,,,,,,,
2023,1,7,18,0,1.6,75.96,-2.2,,,,,,,,,,,,,,,,,,,,,,,,,,,,,,,,,,,,
2023,1,7,19,0,2.6,78.64,-0.7,,,,,,,,,,,,,,,,,,,,,,,,,,,,,,,,,,,,
2023,1,7,20,0,3,80.15,-0.1,,,,,,,,,,,,,,,,,,,,,,,,,,,,,,,,,,,,
2023,1,7,21,0,3.2,80,0.1,,,,,,,,,,,,,,,,,,,,,,,,,,,,,,,,,,,,
2023,1,7,22,0,3.3,79.63,0.1,,,,,,,,,,,,,,,,,,,,,,,,,,,,,,,,,,,,
2023,1,7,23,0,3.2,79.26,0,,,,,,,,,,,,,,,,,,,,,,,,,,,,,,,,,,,,
2023,1,8,0,0,0.8,73.86,-3.3,,,,,,,,,,,,,,,,,,,,,,,,,,,,,,,,,,,,
2023,1,8,1,0,-1.8,73.34,-5.9,,,,,,,,,,,,,,,,,,,,,,,,,,,,,,,,,,,,
2023,1,8,2,0,-3,74.24,-6.9,,,,,,,,,,,,,,,,,,,,,,,,,,,,,,,,,,,,
2023,1,8,3,0,-2.7,73.94,-6.7,,,,,,,,,,,,,,,,,,,,,,,,,,,,,,,,,,,,
2023,1,8,4,0,-2.5,73.04,-6.7,,,,,,,,,,,,,,,,,,,,,,,,,,,,,,,,,,,,
2023,1,8,5,0,-2.6,72.66,-6.8,,,,,,,,,,,,,,,,,,,,,,,,,,,,,,,,,,,,
2023,1,8,6,0,-2.5,72.44,-6.8,,,,,,,,,,,,,,,,,,,,,,,,,,,,,,,,,,,,
2023,1,8,7,0,-2.5,72.75,-6.7,,,,,,,,,,,,,,,,,,,,,,,,,,,,,,,,,,,,
2023,1,8,8,0,-2.6,72.62,-6.8,,,,,,,,,,,,,,,,,,,,,,,,,,,,,,,,,,,,
2023,1,8,9,0,-2.8,71.52,-7.2,,,,,,,,,,,,,,,,,,,,,,,,,,,,,,,,,,,,
2023,1,8,10,0,-2.9,69.43,-7.7,,,,,,,,,,,,,,,,,,,,,,,,,,,,,,,,,,,,
2023,1,8,11,0,-2.8,67.86,-7.9,,,,,,,,,,,,,,,,,,,,,,,,,,,,,,,,,,,,
2023,1,8,12,0,-2.4,66.76,-7.7,,,,,,,,,,,,,,,,,,,,,,,,,,,,,,,,,,,,
2023,1,8,13,0,-2.3,66.02,-7.8,,,,,,,,,,,,,,,,,,,,,,,,,,,,,,,,,,,,
2023,1,8,14,0,-2.9,66.01,-8.4,,,,,,,,,,,,,,,,,,,,,,,,,,,,,,,,,,,,
2023,1,8,15,0,-2.9,66.01,-8.4,,,,,,,,,,,,,,,,,,,,,,,,,,,,,,,,,,,,
2023,1,8,16,0,-0.6,67.69,-5.8,,,,,,,,,,,,,,,,,,,,,,,,,,,,,,,,,,,,
2023,1,8,17,0,2.3,69.23,-2.8,,,,,,,,,,,,,,,,,,,,,,,,,,,,,,,,,,,,
2023,1,8,18,0,3.4,71.79,-1.2,,,,,,,,,,,,,,,,,,,,,,,,,,,,,,,,,,,,
2023,1,8,19,0,3.7,72.76,-0.7,,,,,,,,,,,,,,,,,,,,,,,,,,,,,,,,,,,,
2023,1,8,20,0,3.8,71.91,-0.8,,,,,,,,,,,,,,,,,,,,,,,,,,,,,,,,,,,,
2023,1,8,21,0,3.8,70.59,-1.1,,,,,,,,,,,,,,,,,,,,,,,,,,,,,,,,,,,,
2023,1,8,22,0,3.7,72.85,-0.7,,,,,,,,,,,,,,,,,,,,,,,,,,,,,,,,,,,,
2023,1,8,23,0,3.6,73.24,-0.7,,,,,,,,,,,,,,,,,,,,,,,,,,,,,,,,,,,,
2023,1,9,0,0,2.8,71.2,-1.9,,,,,,,,,,,,,,,,,,,,,,,,,,,,,,,,,,,,
2023,1,9,1,0,1.3,65.53,-4.5,,,,,,,,,,,,,,,,,,,,,,,,,,,,,,,,,,,,
2023,1,9,2,0,0.6,62.43,-5.8,,,,,,,,,,,,,,,,,,,,,,,,,,,,,,,,,,,,
2023,1,9,3,0,0.5,58.01,-6.8,,,,,,,,,,,,,,,,,,,,,,,,,,,,,,,,,,,,
2023,1,9,4,0,-0.3,57.39,-7.7,,,,,,,,,,,,,,,,,,,,,,,,,,,,,,,,,,,,
2023,1,9,5,0,-1.1,57.59,-8.4,,,,,,,,,,,,,,,,,,,,,,,,,,,,,,,,,,,,
2023,1,9,6,0,-2,58.63,-9,,,,,,,,,,,,,,,,,,,,,,,,,,,,,,,,,,,,
2023,1,9,7,0,-3.1,60.38,-9.7,,,,,,,,,,,,,,,,,,,,,,,,,,,,,,,,,,,,
2023,1,9,8,0,-4.1,62.5,-10.2,,,,,,,,,,,,,,,,,,,,,,,,,,,,,,,,,,,,
2023,1,9,9,0,-4.2,63.45,-10.1,,,,,,,,,,,,,,,,,,,,,,,,,,,,,,,,,,,,
2023,1,9,10,0,-3.9,63.43,-9.8,,,,,,,,,,,,,,,,,,,,,,,,,,,,,,,,,,,,
2023,1,9,11,0,-3.4,63.23,-9.4,,,,,,,,,,,,,,,,,,,,,,,,,,,,,,,,,,,,
2023,1,9,12,0,-2.7,63.45,-8.7,,,,,,,,,,,,,,,,,,,,,,,,,,,,,,,,,,,,
2023,1,9,13,0,-1.7,63.58,-7.7,,,,,,,,,,,,,,,,,,,,,,,,,,,,,,,,,,,,
2023,1,9,14,0,-0.7,64.62,-6.5,,,,,,,,,,,,,,,,,,,,,,,,,,,,,,,,,,,,
2023,1,9,15,0,0.5,66.39,-5,,,,,,,,,,,,,,,,,,,,,,,,,,,,,,,,,,,,
2023,1,9,16,0,2.2,70.19,-2.7,,,,,,,,,,,,,,,,,,,,,,,,,,,,,,,,,,,,
2023,1,9,17,0,3,73.9,-1.2,,,,,,,,,,,,,,,,,,,,,,,,,,,,,,,,,,,,
2023,1,9,18,0,3.4,77.37,-0.2,,,,,,,,,,,,,,,,,,,,,,,,,,,,,,,,,,,,
2023,1,9,19,0,3.5,79.82,0.3,,,,,,,,,,,,,,,,,,,,,,,,,,,,,,,,,,,,
2023,1,9,20,0,3.5,81.1,0.6,,,,,,,,,,,,,,,,,,,,,,,,,,,,,,,,,,,,
2023,1,9,21,0,3.5,81.73,0.7,,,,,,,,,,,,,,,,,,,,,,,,,,,,,,,,,,,,
2023,1,9,22,0,3.5,82.19,0.7,,,,,,,,,,,,,,,,,,,,,,,,,,,,,,,,,,,,
2023,1,9,23,0,3.5,82.66,0.8,,,,,,,,,,,,,,,,,,,,,,,,,,,,,,,,,,,,
2023,1,10,0,0,3.4,83.67,0.9,,,,,,,,,,,,,,,,,,,,,,,,,,,,,,,,,,,,
2023,1,10,1,0,3.3,84.58,0.9,,,,,,,,,,,,,,,,,,,,,,,,,,,,,,,,,,,,
2023,1,10,2,0,3.2,85.14,0.9,,,,,,,,,,,,,,,,,,,,,,,,,,,,,,,,,,,,
2023,1,10,3,0,3.2,84.94,0.9,,,,,,,,,,,,,,,,,,,,,,,,,,,,,,,,,,,,
2023,1,10,4,0,3.2,84.77,0.9,,,,,,,,,,,,,,,,,,,,,,,,,,,,,,,,,,,,
2023,1,10,5,0,3.2,84.64,0.9,,,,,,,,,,,,,,,,,,,,,,,,,,,,,,,,,,,,
2023,1,10,6,0,3.2,84.55,0.8,,,,,,,,,,,,,,,,,,,,,,,,,,,,,,,,,,,,
2023,1,10,7,0,3.2,84.66,0.9,,,,,,,,,,,,,,,,,,,,,,,,,,,,,,,,,,,,
2023,1,10,8,0,3.2,84.78,0.9,,,,,,,,,,,,,,,,,,,,,,,,,,,,,,,,,,,,
2023,1,10,9,0,3.2,84.84,0.9,,,,,,,,,,,,,,,,,,,,,,,,,,,,,,,,,,,,
2023,1,10,10,0,3.4,83.55,0.9,,,,,,,,,,,,,,,,,,,,,,,,,,,,,,,,,,,,
2023,1,10,11,0,3.5,82.35,0.8,,,,,,,,,,,,,,,,,,,,,,,,,,,,,,,,,,,,
2023,1,10,12,0,3.6,81.21,0.7,,,,,,,,,,,,,,,,,,,,,,,,,,,,,,,,,,,,
2023,1,10,13,0,3.5,81.29,0.6,,,,,,,,,,,,,,,,,,,,,,,,,,,,,,,,,,,,
2023,1,10,14,0,3.2,82.25,0.5,,,,,,,,,,,,,,,,,,,,,,,,,,,,,,,,,,,,
2023,1,10,15,0,3.1,82.15,0.3,,,,,,,,,,,,,,,,,,,,,,,,,,,,,,,,,,,,
2023,1,10,16,0,3.4,81.33,0.5,,,,,,,,,,,,,,,,,,,,,,,,,,,,,,,,,,,,
2023,1,10,17,0,3.6,80.92,0.6,,,,,,,,,,,,,,,,,,,,,,,,,,,,,,,,,,,,
2023,1,10,18,0,3.7,80.79,0.7,,,,,,,,,,,,,,,,,,,,,,,,,,,,,,,,,,,,
2023,1,10,19,0,3.8,80.58,0.8,,,,,,,,,,,,,,,,,,,,,,,,,,,,,,,,,,,,
2023,1,10,20,0,3.8,81.02,0.8,,,,,,,,,,,,,,,,,,,,,,,,,,,,,,,,,,,,
2023,1,10,21,0,3.9,80.9,0.9,,,,,,,,,,,,,,,,,,,,,,,,,,,,,,,,,,,,
2023,1,10,22,0,4.1,80.36,1,,,,,,,,,,,,,,,,,,,,,,,,,,,,,,,,,,,,
2023,1,10,23,0,4.3,79.83,1.1,,,,,,,,,,,,,,,,,,,,,,,,,,,,,,,,,,,,
2023,1,11,0,0,4.5,78.77,1.1,,,,,,,,,,,,,,,,,,,,,,,,,,,,,,,,,,,,
2023,1,11,1,0,4.5,78.86,1.1,,,,,,,,,,,,,,,,,,,,,,,,,,,,,,,,,,,,
2023,1,11,2,0,4.2,80.74,1.2,,,,,,,,,,,,,,,,,,,,,,,,,,,,,,,,,,,,
2023,1,11,3,0,3.4,85.15,1.1,,,,,,,,,,,,,,,,,,,,,,,,,,,,,,,,,,,,
2023,1,11,4,0,3,85.99,0.9,,,,,,,,,,,,,,,,,,,,,,,,,,,,,,,,,,,,
2023,1,11,5,0,2.8,85.35,0.6,,,,,,,,,,,,,,,,,,,,,,,,,,,,,,,,,,,,
2023,1,11,6,0,2,84.56,-0.3,,,,,,,,,,,,,,,,,,,,,,,,,,,,,,,,,,,,
2023,1,11,7,0,0.5,83.59,-2,,,,,,,,,,,,,,,,,,,,,,,,,,,,,,,,,,,,
2023,1,11,8,0,-0.6,83.27,-3.1,,,,,,,,,,,,,,,,,,,,,,,,,,,,,,,,,,,,
2023,1,11,9,0,-1.1,82.41,-3.7,,,,,,,,,,,,,,,,,,,,,,,,,,,,,,,,,,,,
2023,1,11,10,0,-1.6,81.27,-4.4,,,,,,,,,,,,,,,,,,,,,,,,,,,,,,,,,,,,
2023,1,11,11,0,-2.2,80.4,-5.1,,,,,,,,,,,,,,,,,,,,,,,,,,,,,,,,,,,,
2023,1,11,12,0,-2.4,79.76,-5.4,,,,,,,,,,,,,,,,,,,,,,,,,,,,,,,,,,,,
2023,1,11,13,0,-2.5,78.93,-5.7,,,,,,,,,,,,,,,,,,,,,,,,,,,,,,,,,,,,
2023,1,11,14,0,-2.9,78.07,-6.2,,,,,,,,,,,,,,,,,,,,,,,,,,,,,,,,,,,,
2023,1,11,15,0,-3.1,76.32,-6.7,,,,,,,,,,,,,,,,,,,,,,,,,,,,,,,,,,,,
2023,1,11,16,0,-1.4,75.9,-5.1,,,,,,,,,,,,,,,,,,,,,,,,,,,,,,,,,,,,
2023,1,11,17,0,1.2,76.23,-2.5,,,,,,,,,,,,,,,,,,,,,,,,,,,,,,,,,,,,
2023,1,11,18,0,2.3,75.38,-1.6,,,,,,,,,,,,,,,,,,,,,,,,,,,,,,,,,,,,
2023,1,11,19,0,2.7,76.24,-1.1,,,,,,,,,,,,,,,,,,,,,,,,,,,,,,,,,,,,
2023,1,11,20,0,3,76.57,-0.7,,,,,,,,,,,,,,,,,,,,,,,,,,,,,,,,,,,,
2023,1,11,21,0,3.2,76.14,-0.6,,,,,,,,,,,,,,,,,,,,,,,,,,,,,,,,,,,,
2023,1,11,22,0,3.3,74.7,-0.8,,,,,,,,,,,,,,,,,,,,,,,,,,,,,,,,,,,,
2023,1,11,23,0,3.2,69.25,-1.9,,,,,,,,,,,,,,,,,,,,,,,,,,,,,,,,,,,,
2023,1,12,0,0,2.3,63.24,-4,,,,,,,,,,,,,,,,,,,,,,,,,,,,,,,,,,,,
2023,1,12,1,0,0.7,65.41,-5,,,,,,,,,,,,,,,,,,,,,,,,,,,,,,,,,,,,
2023,1,12,2,0,-1,69.29,-5.9,,,,,,,,,,,,,,,,,,,,,,,,,,,,,,,,,,,,
2023,1,12,3,0,-2.6,73.6,-6.7,,,,,,,,,,,,,,,,,,,,,,,,,,,,,,,,,,,,
2023,1,12,4,0,-3.7,76.67,-7.2,,,,,,,,,,,,,,,,,,,,,,,,,,,,,,,,,,,,
2023,1,12,5,0,-4.5,79.02,-7.6,,,,,,,,,,,,,,,,,,,,,,,,,,,,,,,,,,,,
2023,1,12,6,0,-5.8,81.06,-8.5,,,,,,,,,,,,,,,,,,,,,,,,,,,,,,,,,,,,
2023,1,12,7,0,-6.7,80.55,-9.5,,,,,,,,,,,,,,,,,,,,,,,,,,,,,,,,,,,,
2023,1,12,8,0,-6.2,79.23,-9.2,,,,,,,,,,,,,,,,,,,,,,,,,,,,,,,,,,,,
2023,1,12,9,0,-6.2,77.97,-9.4,,,,,,,,,,,,,,,,,,,,,,,,,,,,,,,,,,,,
2023,1,12,10,0,-6.2,75.87,-9.8,,,,,,,,,,,,,,,,,,,,,,,,,,,,,,,,,,,,
2023,1,12,11,0,-5.8,73.29,-9.8,,,,,,,,,,,,,,,,,,,,,,,,,,,,,,,,,,,,
2023,1,12,12,0,-5.2,71.55,-9.5,,,,,,,,,,,,,,,,,,,,,,,,,,,,,,,,,,,,
2023,1,12,13,0,-5,69.91,-9.6,,,,,,,,,,,,,,,,,,,,,,,,,,,,,,,,,,,,
2023,1,12,14,0,-4.8,67.3,-9.9,,,,,,,,,,,,,,,,,,,,,,,,,,,,,,,,,,,,
2023,1,12,15,0,-4.2,65.72,-9.7,,,,,,,,,,,,,,,,,,,,,,,,,,,,,,,,,,,,
2023,1,12,16,0,-1.8,68.32,-6.9,,,,,,,,,,,,,,,,,,,,,,,,,,,,,,,,,,,,
2023,1,12,17,0,1.8,69.9,-3.1,,,,,,,,,,,,,,,,,,,,,,,,,,,,,,,,,,,,
2023,1,12,18,0,3,72.13,-1.5,,,,,,,,,,,,,,,,,,,,,,,,,,,,,,,,,,,,
2023,1,12,19,0,3.3,74.53,-0.8,,,,,,,,,,,,,,,,,,,,,,,,,,,,,,,,,,,,
2023,1,12,20,0,3.7,71.93,-0.9,,,,,,,,,,,,,,,,,,,,,,,,,,,,,,,,,,,,
2023,1,12,21,0,4,69.62,-1.1,,,,,,,,,,,,,,,,,,,,,,,,,,,,,,,,,,,,
2023,1,12,22,0,4.1,69.7,-0.9,,,,,,,,,,,,,,,,,,,,,,,,,,,,,,,,,,,,
2023,1,12,23,0,3.8,72.29,-0.7,,,,,,,,,,,,,,,,,,,,,,,,,,,,,,,,,,,,
2023,1,13,0,0,2.9,72.75,-1.5,,,,,,,,,,,,,,,,,,,,,,,,,,,,,,,,,,,,
2023,1,13,1,0,1.4,68.08,-3.8,,,,,,,,,,,,,,,,,,,,,,,,,,,,,,,,,,,,
2023,1,13,2,0,0.7,67.99,-4.5,,,,,,,,,,,,,,,,,,,,,,,,,,,,,,,,,,,,
2023,1,13,3,0,-0.1,69.61,-5,,,,,,,,,,,,,,,,,,,,,,,,,,,,,,,,,,,,
2023,1,13,4,0,-0.6,69.81,-5.4,,,,,,,,,,,,,,,,,,,,,,,,,,,,,,,,,,,,
2023,1,13,5,0,-0.9,69.48,-5.8,,,,,,,,,,,,,,,,,,,,,,,,,,,,,,,,,,,,
2023,1,13,6,0,-1.4,69.37,-6.3,,,,,,,,,,,,,,,,,,,,,,,,,,,,,,,,,,,,
2023,1,13,7,0,-1.8,68.46,-6.8,,,,,,,,,,,,,,,,,,,,,,,,,,,,,,,,,,,,
2023,1,13,8,0,-2,66.8,-7.4,,,,,,,,,,,,,,,,,,,,,,,,,,,,,,,,,,,,
2023,1,13,9,0,-2,65.84,-7.5,,,,,,,,,,,,,,,,,,,,,,,,,,,,,,,,,,,,
2023,1,13,10,0,-1.8,64.96,-7.5,,,,,,,,,,,,,,,,,,,,,,,,,,,,,,,,,,,,
2023,1,13,11,0,-1.5,65.13,-7.2,,,,,,,,,,,,,,,,,,,,,,,,,,,,,,,,,,,,
2023,1,13,12,0,-1.1,65.22,-6.8,,,,,,,,,,,,,,,,,,,,,,,,,,,,,,,,,,,,
2023,1,13,13,0,-0.9,65.36,-6.6,,,,,,,,,,,,,,,,,,,,,,,,,,,,,,,,,,,,
2023,1,13,14,0,-1.1,66.67,-6.5,,,,,,,,,,,,,,,,,,,,,,,,,,,,,,,,,,,,
2023,1,13,15,0,-0.8,68.09,-6,,,,,,,,,,,,,,,,,,,,,,,,,,,,,,,,,,,,
2023,1,13,16,0,1.2,70.66,-3.5,,,,,,,,,,,,,,,,,,,,,,,,,,,,,,,,,,,,
2023,1,13,17,0,3.1,73.98,-1.1,,,,,,,,,,,,,,,,,,,,,,,,,,,,,,,,,,,,
2023,1,13,18,0,3.6,75.54,-0.3,,,,,,,,,,,,,,,,,,,,,,,,,,,,,,,,,,,,
2023,1,13,19,0,3.9,76.01,0.1,,,,,,,,,,,,,,,,,,,,,,,,,,,,,,,,,,,,
2023,1,13,20,0,4.1,76.03,0.3,,,,,,,,,,,,,,,,,,,,,,,,,,,,,,,,,,,,
2023,1,13,21,0,4.2,76.2,0.4,,,,,,,,,,,,,,,,,,,,,,,,,,,,,,,,,,,,
2023,1,13,22,0,4.3,76.19,0.5,,,,,,,,,,,,,,,,,,,,,,,,,,,,,,,,,,,,
2023,1,13,23,0,4.1,76.81,0.4,,,,,,,,,,,,,,,,,,,,,,,,,,,,,,,,,,,,
2023,1,14,0,0,3.9,77.07,0.2,,,,,,,,,,,,,,,,,,,,,,,,,,,,,,,,,,,,
2023,1,14,1,0,3.2,76.58,-0.5,,,,,,,,,,,,,,,,,,,,,,,,,,,,,,,,,,,,
2023,1,14,2,0,2.4,76.15,-1.4,,,,,,,,,,,,,,,,,,,,,,,,,,,,,,,,,,,,
2023,1,14,3,0,2,75.46,-1.9,,,,,,,,,,,,,,,,,,,,,,,,,,,,,,,,,,,,
2023,1,14,4,0,1.9,74.46,-2.2,,,,,,,,,,,,,,,,,,,,,,,,,,,,,,,,,,,,
2023,1,14,5,0,1.8,74.11,-2.3,,,,,,,,,,,,,,,,,,,,,,,,,,,,,,,,,,,,
2023,1,14,6,0,1.7,73.12,-2.6,,,,,,,,,,,,,,,,,,,,,,,,,,,,,,,,,,,,
2023,1,14,7,0,1.4,70.81,-3.3,,,,,,,,,,,,,,,,,,,,,,,,,,,,,,,,,,,,
2023,1,14,8,0,1,68.35,-4.2,,,,,,,,,,,,,,,,,,,,,,,,,,,,,,,,,,,,
2023,1,14,9,0,0.3,65.64,-5.4,,,,,,,,,,,,,,,,,,,,,,,,,,,,,,,,,,,,
2023,1,14,10,0,-0.4,62.74,-6.6,,,,,,,,,,,,,,,,,,,,,,,,,,,,,,,,,,,,
2023,1,14,11,0,-0.5,59.92,-7.3,,,,,,,,,,,,,,,,,,,,,,,,,,,,,,,,,,,,
2023,1,14,12,0,-0.2,57.37,-7.6,,,,,,,,,,,,,,,,,,,,,,,,,,,,,,,,,,,,
2023,1,14,13,0,-0.4,57.7,-7.7,,,,,,,,,,,,,,,,,,,,,,,,,,,,,,,,,,,,
2023,1,14,14,0,-0.6,59.29,-7.6,,,,,,,,,,,,,,,,,,,,,,,,,,,,,,,,,,,,
2023,1,14,15,0,-0.1,61.93,-6.5,,,,,,,,,,,,,,,,,,,,,,,,,,,,,,,,,,,,
2023,1,14,16,0,1.9,65.2,-3.9,,,,,,,,,,,,,,,,,,,,,,,,,,,,,,,,,,,,
2023,1,14,17,0,4,68.24,-1.3,,,,,,,,,,,,,,,,,,,,,,,,,,,,,,,,,,,,
2023,1,14,18,0,4.4,68.07,-1,,,,,,,,,,,,,,,,,,,,,,,,,,,,,,,,,,,,
2023,1,14,19,0,4.4,68.73,-0.8,,,,,,,,,,,,,,,,,,,,,,,,,,,,,,,,,,,,
2023,1,14,20,0,4.5,68.9,-0.7,,,,,,,,,,,,,,,,,,,,,,,,,,,,,,,,,,,,
2023,1,14,21,0,4.5,69.77,-0.5,,,,,,,,,,,,,,,,,,,,,,,,,,,,,,,,,,,,
2023,1,14,22,0,4.4,71.33,-0.3,,,,,,,,,,,,,,,,,,,,,,,,,,,,,,,,,,,,
2023,1,14,23,0,4.1,73.2,-0.3,,,,,,,,,,,,,,,,,,,,,,,,,,,,,,,,,,,,
2023,1,15,0,0,4,73.97,-0.2,,,,,,,,,,,,,,,,,,,,,,,,,,,,,,,,,,,,
2023,1,15,1,0,4.1,75,0.1,,,,,,,,,,,,,,,,,,,,,,,,,,,,,,,,,,,,
2023,1,15,2,0,3.9,78.23,0.5,,,,,,,,,,,,,,,,,,,,,,,,,,,,,,,,,,,,
2023,1,15,3,0,3.6,81.4,0.7,,,,,,,,,,,,,,,,,,,,,,,,,,,,,,,,,,,,
2023,1,15,4,0,3.4,82.86,0.8,,,,,,,,,,,,,,,,,,,,,,,,,,,,,,,,,,,,
2023,1,15,5,0,3.3,83.39,0.8,,,,,,,,,,,,,,,,,,,,,,,,,,,,,,,,,,,,
2023,1,15,6,0,3.2,83.67,0.7,,,,,,,,,,,,,,,,,,,,,,,,,,,,,,,,,,,,
2023,1,15,7,0,3.2,83.12,0.6,,,,,,,,,,,,,,,,,,,,,,,,,,,,,,,,,,,,
2023,1,15,8,0,3.2,82.65,0.5,,,,,,,,,,,,,,,,,,,,,,,,,,,,,,,,,,,,
2023,1,15,9,0,3.1,82.6,0.4,,,,,,,,,,,,,,,,,,,,,,,,,,,,,,,,,,,,
2023,1,15,10,0,2.9,82.76,0.3,,,,,,,,,,,,,,,,,,,,,,,,,,,,,,,,,,,,
2023,1,15,11,0,2.6,82.76,0,,,,,,,,,,,,,,,,,,,,,,,,,,,,,,,,,,,,
2023,1,15,12,0,2.3,82.74,-0.3,,,,,,,,,,,,,,,,,,,,,,,,,,,,,,,,,,,,
2023,1,15,13,0,1.8,83.82,-0.6,,,,,,,,,,,,,,,,,,,,,,,,,,,,,,,,,,,,
2023,1,15,14,0,1.6,83.6,-0.9,,,,,,,,,,,,,,,,,,,,,,,,,,,,,,,,,,,,
2023,1,15,15,0,1.4,83.58,-1.1,,,,,,,,,,,,,,,,,,,,,,,,,,,,,,,,,,,,
2023,1,15,16,0,1.5,83.95,-0.9,,,,,,,,,,,,,,,,,,,,,,,,,,,,,,,,,,,,
2023,1,15,17,0,2.1,83.15,-0.5,,,,,,,,,,,,,,,,,,,,,,,,,,,,,,,,,,,,
2023,1,15,18,0,2.4,82.62,-0.3,,,,,,,,,,,,,,,,,,,,,,,,,,,,,,,,,,,,
2023,1,15,19,0,2.5,82.22,-0.2,,,,,,,,,,,,,,,,,,,,,,,,,,,,,,,,,,,,
2023,1,15,20,0,2.7,80.8,-0.3,,,,,,,,,,,,,,,,,,,,,,,,,,,,,,,,,,,,
2023,1,15,21,0,2.7,80.32,-0.4,,,,,,,,,,,,,,,,,,,,,,,,,,,,,,,,,,,,
2023,1,15,22,0,2.7,80.62,-0.3,,,,,,,,,,,,,,,,,,,,,,,,,,,,,,,,,,,,
2023,1,15,23,0,2.5,80.97,-0.4,,,,,,,,,,,,,,,,,,,,,,,,,,,,,,,,,,,,
2023,1,16,0,0,1.8,80.42,-1.2,,,,,,,,,,,,,,,,,,,,,,,,,,,,,,,,,,,,
2023,1,16,1,0,1.5,79.69,-1.6,,,,,,,,,,,,,,,,,,,,,,,,,,,,,,,,,,,,
2023,1,16,2,0,1.2,80.25,-1.8,,,,,,,,,,,,,,,,,,,,,,,,,,,,,,,,,,,,
2023,1,16,3,0,0.8,78.37,-2.5,,,,,,,,,,,,,,,,,,,,,,,,,,,,,,,,,,,,
2023,1,16,4,0,0.3,78.02,-3.1,,,,,,,,,,,,,,,,,,,,,,,,,,,,,,,,,,,,
2023,1,16,5,0,0,78.41,-3.3,,,,,,,,,,,,,,,,,,,,,,,,,,,,,,,,,,,,
2023,1,16,6,0,-0.3,79.49,-3.4,,,,,,,,,,,,,,,,,,,,,,,,,,,,,,,,,,,,
2023,1,16,7,0,-0.7,80.29,-3.7,,,,,,,,,,,,,,,,,,,,,,,,,,,,,,,,,,,,
2023,1,16,8,0,-1.5,81.8,-4.2,,,,,,,,,,,,,,,,,,,,,,,,,,,,,,,,,,,,
2023,1,16,9,0,-2.5,82.9,-5,,,,,,,,,,,,,,,,,,,,,,,,,,,,,,,,,,,,
2023,1,16,10,0,-3.2,82.54,-5.8,,,,,,,,,,,,,,,,,,,,,,,,,,,,,,,,,,,,
2023,1,16,11,0,-3.5,81.63,-6.2,,,,,,,,,,,,,,,,,,,,,,,,,,,,,,,,,,,,
2023,1,16,12,0,-4,81.49,-6.7,,,,,,,,,,,,,,,,,,,,,,,,,,,,,,,,,,,,
2023,1,16,13,0,-4.4,81.06,-7.2,,,,,,,,,,,,,,,,,,,,,,,,,,,,,,,,,,,,
2023,1,16,14,0,-4.5,80.33,-7.4,,,,,,,,,,,,,,,,,,,,,,,,,,,,,,,,,,,,
2023,1,16,15,0,-3.7,79.08,-6.8,,,,,,,,,,,,,,,,,,,,,,,,,,,,,,,,,,,,
2023,1,16,16,0,-1.7,79.2,-4.8,,,,,,,,,,,,,,,,,,,,,,,,,,,,,,,,,,,,
2023,1,16,17,0,0.2,78.5,-3.1,,,,,,,,,,,,,,,,,,,,,,,,,,,,,,,,,,,,
2023,1,16,18,0,1.1,78.9,-2.2,,,,,,,,,,,,,,,,,,,,,,,,,,,,,,,,,,,,
2023,1,16,19,0,2,78.76,-1.3,,,,,,,,,,,,,,,,,,,,,,,,,,,,,,,,,,,,
2023,1,16,20,0,2.7,78.48,-0.7,,,,,,,,,,,,,,,,,,,,,,,,,,,,,,,,,,,,
2023,1,16,21,0,3,78.89,-0.3,,,,,,,,,,,,,,,,,,,,,,,,,,,,,,,,,,,,
2023,1,16,22,0,2.8,81.08,-0.1,,,,,,,,,,,,,,,,,,,,,,,,,,,,,,,,,,,,
2023,1,16,23,0,2.7,81.35,-0.2,,,,,,,,,,,,,,,,,,,,,,,,,,,,,,,,,,,,
2023,1,17,0,0,2.2,81.64,-0.6,,,,,,,,,,,,,,,,,,,,,,,,,,,,,,,,,,,,
2023,1,17,1,0,1.1,80.98,-1.8,,,,,,,,,,,,,,,,,,,,,,,,,,,,,,,,,,,,
2023,1,17,2,0,0,79.9,-3.1,,,,,,,,,,,,,,,,,,,,,,,,,,,,,,,,,,,,
2023,1,17,3,0,-0.4,79.53,-3.5,,,,,,,,,,,,,,,,,,,,,,,,,,,,,,,,,,,,
2023,1,17,4,0,-0.8,79.89,-3.8,,,,,,,,,,,,,,,,,,,,,,,,,,,,,,,,,,,,
2023,1,17,5,0,-1.1,80.46,-4,,,,,,,,,,,,,,,,,,,,,,,,,,,,,,,,,,,,
2023,1,17,6,0,-1.2,81.45,-4,,,,,,,,,,,,,,,,,,,,,,,,,,,,,,,,,,,,
2023,1,17,7,0,-0.9,80.9,-3.8,,,,,,,,,,,,,,,,,,,,,,,,,,,,,,,,,,,,
2023,1,17,8,0,-0.8,81.17,-3.6,,,,,,,,,,,,,,,,,,,,,,,,,,,,,,,,,,,,
2023,1,17,9,0,-0.9,81.17,-3.7,,,,,,,,,,,,,,,,,,,,,,,,,,,,,,,,,,,,
2023,1,17,10,0,-1.3,80.71,-4.2,,,,,,,,,,,,,,,,,,,,,,,,,,,,,,,,,,,,
2023,1,17,11,0,-1.7,80.58,-4.6,,,,,,,,,,,,,,,,,,,,,,,,,,,,,,,,,,,,
2023,1,17,12,0,-2.1,80.61,-5,,,,,,,,,,,,,,,,,,,,,,,,,,,,,,,,,,,,
2023,1,17,13,0,-2.5,80.73,-5.4,,,,,,,,,,,,,,,,,,,,,,,,,,,,,,,,,,,,
2023,1,17,14,0,-2.6,79.83,-5.6,,,,,,,,,,,,,,,,,,,,,,,,,,,,,,,,,,,,
2023,1,17,15,0,-2.5,78.96,-5.6,,,,,,,,,,,,,,,,,,,,,,,,,,,,,,,,,,,,
2023,1,17,16,0,-1.6,79.32,-4.7,,,,,,,,,,,,,,,,,,,,,,,,,,,,,,,,,,,,
2023,1,17,17,0,0.2,77.77,-3.2,,,,,,,,,,,,,,,,,,,,,,,,,,,,,,,,,,,,
2023,1,17,18,0,1.3,77.25,-2.2,,,,,,,,,,,,,,,,,,,,,,,,,,,,,,,,,,,,
2023,1,17,19,0,1.7,77.26,-1.9,,,,,,,,,,,,,,,,,,,,,,,,,,,,,,,,,,,,
2023,1,17,20,0,1.8,77.59,-1.7,,,,,,,,,,,,,,,,,,,,,,,,,,,,,,,,,,,,
2023,1,17,21,0,1.8,78.13,-1.6,,,,,,,,,,,,,,,,,,,,,,,,,,,,,,,,,,,,
2023,1,17,22,0,1.5,79.68,-1.6,,,,,,,,,,,,,,,,,,,,,,,,,,,,,,,,,,,,
2023,1,17,23,0,0.5,81.23,-2.3,,,,,,,,,,,,,,,,,,,,,,,,,,,,,,,,,,,,
2023,1,18,0,0,-1.9,82.27,-4.5,,,,,,,,,,,,,,,,,,,,,,,,,,,,,,,,,,,,
2023,1,18,1,0,-3.2,82.48,-5.8,,,,,,,,,,,,,,,,,,,,,,,,,,,,,,,,,,,,
2023,1,18,2,0,-3.7,82.42,-6.3,,,,,,,,,,,,,,,,,,,,,,,,,,,,,,,,,,,,
2023,1,18,3,0,-4,81.41,-6.7,,,,,,,,,,,,,,,,,,,,,,,,,,,,,,,,,,,,
2023,1,18,4,0,-4.4,81.14,-7.1,,,,,,,,,,,,,,,,,,,,,,,,,,,,,,,,,,,,
2023,1,18,5,0,-4.8,80.74,-7.6,,,,,,,,,,,,,,,,,,,,,,,,,,,,,,,,,,,,
2023,1,18,6,0,-5.1,80.82,-7.9,,,,,,,,,,,,,,,,,,,,,,,,,,,,,,,,,,,,
2023,1,18,7,0,-5.2,80.66,-8,,,,,,,,,,,,,,,,,,,,,,,,,,,,,,,,,,,,
2023,1,18,8,0,-5.4,80.28,-8.3,,,,,,,,,,,,,,,,,,,,,,,,,,,,,,,,,,,,
2023,1,18,9,0,-5.9,79.45,-8.9,,,,,,,,,,,,,,,,,,,,,,,,,,,,,,,,,,,,
2023,1,18,10,0,-6.6,79.56,-9.5,,,,,,,,,,,,,,,,,,,,,,,,,,,,,,,,,,,,
2023,1,18,11,0,-7.4,79.91,-10.3,,,,,,,,,,,,,,,,,,,,,,,,,,,,,,,,,,,,
2023,1,18,12,0,-7.8,79.91,-10.7,,,,,,,,,,,,,,,,,,,,,,,,,,,,,,,,,,,,
2023,1,18,13,0,-7.6,79.95,-10.5,,,,,,,,,,,,,,,,,,,,,,,,,,,,,,,,,,,,
2023,1,18,14,0,-7.4,79.46,-10.3,,,,,,,,,,,,,,,,,,,,,,,,,,,,,,,,,,,,
2023,1,18,15,0,-7.4,78.57,-10.5,,,,,,,,,,,,,,,,,,,,,,,,,,,,,,,,,,,,
2023,1,18,16,0,-6.1,76.83,-9.5,,,,,,,,,,,,,,,,,,,,,,,,,,,,,,,,,,,,
2023,1,18,17,0,-4,76.75,-7.5,,,,,,,,,,,,,,,,,,,,,,,,,,,,,,,,,,,,
2023,1,18,18,0,-2.3,75.47,-6,,,,,,,,,,,,,,,,,,,,,,,,,,,,,,,,,,,,
2023,1,18,19,0,-1,72.89,-5.2,,,,,,,,,,,,,,,,,,,,,,,,,,,,,,,,,,,,
2023,1,18,20,0,-0.5,71.38,-5,,,,,,,,,,,,,,,,,,,,,,,,,,,,,,,,,,,,
2023,1,18,21,0,-0.4,70.66,-5.1,,,,,,,,,,,,,,,,,,,,,,,,,,,,,,,,,,,,
2023,1,18,22,0,-0.6,71.32,-5.2,,,,,,,,,,,,,,,,,,,,,,,,,,,,,,,,,,,,
2023,1,18,23,0,-1.5,71.74,-5.9,,,,,,,,,,,,,,,,,,,,,,,,,,,,,,,,,,,,
2023,1,19,0,0,-2.7,68.74,-7.7,,,,,,,,,,,,,,,,,,,,,,,,,,,,,,,,,,,,
2023,1,19,1,0,-3.6,70.27,-8.2,,,,,,,,,,,,,,,,,,,,,,,,,,,,,,,,,,,,
2023,1,19,2,0,-4.7,73.44,-8.7,,,,,,,,,,,,,,,,,,,,,,,,,,,,,,,,,,,,
2023,1,19,3,0,-5.9,76.24,-9.4,,,,,,,,,,,,,,,,,,,,,,,,,,,,,,,,,,,,
2023,1,19,4,0,-7.2,78.96,-10.2,,,,,,,,,,,,,,,,,,,,,,,,,,,,,,,,,,,,
2023,1,19,5,0,-8.8,81.73,-11.4,,,,,,,,,,,,,,,,,,,,,,,,,,,,,,,,,,,,
2023,1,19,6,0,-10.4,83.05,-12.7,,,,,,,,,,,,,,,,,,,,,,,,,,,,,,,,,,,,
2023,1,19,7,0,-11.2,82.26,-13.6,,,,,,,,,,,,,,,,,,,,,,,,,,,,,,,,,,,,
2023,1,19,8,0,-10.9,79.48,-13.8,,,,,,,,,,,,,,,,,,,,,,,,,,,,,,,,,,,,
2023,1,19,9,0,-9.9,77.41,-13.1,,,,,,,,,,,,,,,,,,,,,,,,,,,,,,,,,,,,
2023,1,19,10,0,-8.7,75.84,-12.2,,,,,,,,,,,,,,,,,,,,,,,,,,,,,,,,,,,,
2023,1,19,11,0,-7.9,74.09,-11.7,,,,,,,,,,,,,,,,,,,,,,,,,,,,,,,,,,,,
2023,1,19,12,0,-7.2,71.93,-11.4,,,,,,,,,,,,,,,,,,,,,,,,,,,,,,,,,,,,
2023,1,19,13,0,-6.7,70.57,-11.2,,,,,,,,,,,,,,,,,,,,,,,,,,,,,,,,,,,,
2023,1,19,14,0,-6.2,69.19,-10.9,,,,,,,,,,,,,,,,,,,,,,,,,,,,,,,,,,,,
2023,1,19,15,0,-5.5,68.95,-10.3,,,,,,,,,,,,,,,,,,,,,,,,,,,,,,,,,,,,
2023,1,19,16,0,-4.1,70.97,-8.6,,,,,,,,,,,,,,,,,,,,,,,,,,,,,,,,,,,,
2023,1,19,17,0,-2.2,70.4,-6.9,,,,,,,,,,,,,,,,,,,,,,,,,,,,,,,,,,,,
2023,1,19,18,0,-1.3,71.57,-5.8,,,,,,,,,,,,,,,,,,,,,,,,,,,,,,,,,,,,
2023,1,19,19,0,-0.7,74.29,-4.7,,,,,,,,,,,,,,,,,,,,,,,,,,,,,,,,,,,,
2023,1,19,20,0,-0.3,74.3,-4.3,,,,,,,,,,,,,,,,,,,,,,,,,,,,,,,,,,,,
2023,1,19,21,0,-0.2,74.98,-4.1,,,,,,,,,,,,,,,,,,,,,,,,,,,,,,,,,,,,
2023,1,19,22,0,-0.4,77.74,-3.8,,,,,,,,,,,,,,,,,,,,,,,,,,,,,,,,,,,,
2023,1,19,23,0,-1,78.98,-4.2,,,,,,,,,,,,,,,,,,,,,,,,,,,,,,,,,,,,
2023,1,20,0,0,-2.3,78.65,-5.5,,,,,,,,,,,,,,,,,,,,,,,,,,,,,,,,,,,,
2023,1,20,1,0,-3.4,77.82,-6.7,,,,,,,,,,,,,,,,,,,,,,,,,,,,,,,,,,,,
2023,1,20,2,0,-4.5,77.48,-7.8,,,,,,,,,,,,,,,,,,,,,,,,,,,,,,,,,,,,
2023,1,20,3,0,-5.2,76.27,-8.7,,,,,,,,,,,,,,,,,,,,,,,,,,,,,,,,,,,,
2023,1,20,4,0,-5.5,74.3,-9.3,,,,,,,,,,,,,,,,,,,,,,,,,,,,,,,,,,,,
2023,1,20,5,0,-5.7,73.14,-9.7,,,,,,,,,,,,,,,,,,,,,,,,,,,,,,,,,,,,
2023,1,20,6,0,-5.9,73.13,-9.9,,,,,,,,,,,,,,,,,,,,,,,,,,,,,,,,,,,,
2023,1,20,7,0,-5.9,72.75,-10,,,,,,,,,,,,,,,,,,,,,,,,,,,,,,,,,,,,
2023,1,20,8,0,-6,73.15,-10,,,,,,,,,,,,,,,,,,,,,,,,,,,,,,,,,,,,
2023,1,20,9,0,-5.9,72.42,-10.1,,,,,,,,,,,,,,,,,,,,,,,,,,,,,,,,,,,,
2023,1,20,10,0,-5.8,71.76,-10.1,,,,,,,,,,,,,,,,,,,,,,,,,,,,,,,,,,,,
2023,1,20,11,0,-5.8,71.27,-10.2,,,,,,,,,,,,,,,,,,,,,,,,,,,,,,,,,,,,
2023,1,20,12,0,-6,71.58,-10.3,,,,,,,,,,,,,,,,,,,,,,,,,,,,,,,,,,,,
2023,1,20,13,0,-6.2,71.44,-10.5,,,,,,,,,,,,,,,,,,,,,,,,,,,,,,,,,,,,
2023,1,20,14,0,-6.6,71.46,-10.9,,,,,,,,,,,,,,,,,,,,,,,,,,,,,,,,,,,,
2023,1,20,15,0,-6.7,71.21,-11,,,,,,,,,,,,,,,,,,,,,,,,,,,,,,,,,,,,
2023,1,20,16,0,-5.5,71.68,-9.8,,,,,,,,,,,,,,,,,,,,,,,,,,,,,,,,,,,,
2023,1,20,17,0,-3.5,71.3,-7.9,,,,,,,,,,,,,,,,,,,,,,,,,,,,,,,,,,,,
2023,1,20,18,0,-1.8,71.57,-6.3,,,,,,,,,,,,,,,,,,,,,,,,,,,,,,,,,,,,
2023,1,20,19,0,-0.6,71.11,-5.2,,,,,,,,,,,,,,,,,,,,,,,,,,,,,,,,,,,,
2023,1,20,20,0,-0.1,71.6,-4.6,,,,,,,,,,,,,,,,,,,,,,,,,,,,,,,,,,,,
2023,1,20,21,0,0.1,71.6,-4.4,,,,,,,,,,,,,,,,,,,,,,,,,,,,,,,,,,,,
2023,1,20,22,0,-0.2,73.57,-4.4,,,,,,,,,,,,,,,,,,,,,,,,,,,,,,,,,,,,
2023,1,20,23,0,-1.3,76.47,-4.9,,,,,,,,,,,,,,,,,,,,,,,,,,,,,,,,,,,,
2023,1,21,0,0,-3.9,76.58,-7.4,,,,,,,,,,,,,,,,,,,,,,,,,,,,,,,,,,,,
2023,1,21,1,0,-5.6,77.56,-8.9,,,,,,,,,,,,,,,,,,,,,,,,,,,,,,,,,,,,
2023,1,21,2,0,-6.5,79.82,-9.4,,,,,,,,,,,,,,,,,,,,,,,,,,,,,,,,,,,,
2023,1,21,3,0,-7,81.17,-9.7,,,,,,,,,,,,,,,,,,,,,,,,,,,,,,,,,,,,
2023,1,21,4,0,-7.3,81.55,-9.9,,,,,,,,,,,,,,,,,,,,,,,,,,,,,,,,,,,,
2023,1,21,5,0,-7.3,80.86,-10,,,,,,,,,,,,,,,,,,,,,,,,,,,,,,,,,,,,
2023,1,21,6,0,-7.4,80.98,-10.1,,,,,,,,,,,,,,,,,,,,,,,,,,,,,,,,,,,,
2023,1,21,7,0,-7.8,80.7,-10.5,,,,,,,,,,,,,,,,,,,,,,,,,,,,,,,,,,,,
2023,1,21,8,0,-8.2,80.17,-11,,,,,,,,,,,,,,,,,,,,,,,,,,,,,,,,,,,,
2023,1,21,9,0,-8.6,80,-11.4,,,,,,,,,,,,,,,,,,,,,,,,,,,,,,,,,,,,
2023,1,21,10,0,-8.8,79.76,-11.7,,,,,,,,,,,,,,,,,,,,,,,,,,,,,,,,,,,,
2023,1,21,11,0,-9.2,79.82,-12,,,,,,,,,,,,,,,,,,,,,,,,,,,,,,,,,,,,
2023,1,21,12,0,-9.6,79.6,-12.5,,,,,,,,,,,,,,,,,,,,,,,,,,,,,,,,,,,,
2023,1,21,13,0,-10.1,79.34,-13,,,,,,,,,,,,,,,,,,,,,,,,,,,,,,,,,,,,
2023,1,21,14,0,-10.6,78.6,-13.6,,,,,,,,,,,,,,,,,,,,,,,,,,,,,,,,,,,,
2023,1,21,15,0,-10.6,76.69,-13.9,,,,,,,,,,,,,,,,,,,,,,,,,,,,,,,,,,,,
2023,1,21,16,0,-9.3,75.21,-12.9,,,,,,,,,,,,,,,,,,,,,,,,,,,,,,,,,,,,
2023,1,21,17,0,-7.4,75.35,-11,,,,,,,,,,,,,,,,,,,,,,,,,,,,,,,,,,,,
2023,1,21,18,0,-4.8,72.57,-9,,,,,,,,,,,,,,,,,,,,,,,,,,,,,,,,,,,,
2023,1,21,19,0,-3.5,70.6,-8.1,,,,,,,,,,,,,,,,,,,,,,,,,,,,,,,,,,,,
2023,1,21,20,0,-2.9,69.06,-7.8,,,,,,,,,,,,,,,,,,,,,,,,,,,,,,,,,,,,
2023,1,21,21,0,-2.8,68.45,-7.8,,,,,,,,,,,,,,,,,,,,,,,,,,,,,,,,,,,,
2023,1,21,22,0,-3,67.9,-8.1,,,,,,,,,,,,,,,,,,,,,,,,,,,,,,,,,,,,
2023,1,21,23,0,-3.7,68.66,-8.6,,,,,,,,,,,,,,,,,,,,,,,,,,,,,,,,,,,,
2023,1,22,0,0,-4.9,66.72,-10.1,,,,,,,,,,,,,,,,,,,,,,,,,,,,,,,,,,,,
2023,1,22,1,0,-6.3,69.1,-11,,,,,,,,,,,,,,,,,,,,,,,,,,,,,,,,,,,,
2023,1,22,2,0,-8.2,72.62,-12.2,,,,,,,,,,,,,,,,,,,,,,,,,,,,,,,,,,,,
2023,1,22,3,0,-10.3,75.79,-13.8,,,,,,,,,,,,,,,,,,,,,,,,,,,,,,,,,,,,
2023,1,22,4,0,-12,77.45,-15.1,,,,,,,,,,,,,,,,,,,,,,,,,,,,,,,,,,,,
2023,1,22,5,0,-12.2,77.52,-15.3,,,,,,,,,,,,,,,,,,,,,,,,,,,,,,,,,,,,
2023,1,22,6,0,-12.4,77.9,-15.5,,,,,,,,,,,,,,,,,,,,,,,,,,,,,,,,,,,,
2023,1,22,7,0,-13.6,78.99,-16.5,,,,,,,,,,,,,,,,,,,,,,,,,,,,,,,,,,,,
2023,1,22,8,0,-14.3,77.93,-17.3,,,,,,,,,,,,,,,,,,,,,,,,,,,,,,,,,,,,
2023,1,22,9,0,-13.6,76.02,-16.9,,,,,,,,,,,,,,,,,,,,,,,,,,,,,,,,,,,,
2023,1,22,10,0,-13.3,75.83,-16.7,,,,,,,,,,,,,,,,,,,,,,,,,,,,,,,,,,,,
2023,1,22,11,0,-12.4,74.63,-16,,,,,,,,,,,,,,,,,,,,,,,,,,,,,,,,,,,,
2023,1,22,12,0,-11.3,73.15,-15.2,,,,,,,,,,,,,,,,,,,,,,,,,,,,,,,,,,,,
2023,1,22,13,0,-10.8,72.91,-14.7,,,,,,,,,,,,,,,,,,,,,,,,,,,,,,,,,,,,
2023,1,22,14,0,-10.2,72.89,-14.1,,,,,,,,,,,,,,,,,,,,,,,,,,,,,,,,,,,,
2023,1,22,15,0,-9.3,72.92,-13.3,,,,,,,,,,,,,,,,,,,,,,,,,,,,,,,,,,,,
2023,1,22,16,0,-8.1,73.92,-11.9,,,,,,,,,,,,,,,,,,,,,,,,,,,,,,,,,,,,
2023,1,22,17,0,-6.9,75.29,-10.5,,,,,,,,,,,,,,,,,,,,,,,,,,,,,,,,,,,,
2023,1,22,18,0,-5.6,75.31,-9.3,,,,,,,,,,,,,,,,,,,,,,,,,,,,,,,,,,,,
2023,1,22,19,0,-5,74.65,-8.8,,,,,,,,,,,,,,,,,,,,,,,,,,,,,,,,,,,,
2023,1,22,20,0,-4.7,73.88,-8.6,,,,,,,,,,,,,,,,,,,,,,,,,,,,,,,,,,,,
2023,1,22,21,0,-4.6,73.69,-8.6,,,,,,,,,,,,,,,,,,,,,,,,,,,,,,,,,,,,
2023,1,22,22,0,-4.7,73.58,-8.7,,,,,,,,,,,,,,,,,,,,,,,,,,,,,,,,,,,,
2023,1,22,23,0,-5.2,75.06,-8.9,,,,,,,,,,,,,,,,,,,,,,,,,,,,,,,,,,,,
2023,1,23,0,0,-6.3,75.82,-9.9,,,,,,,,,,,,,,,,,,,,,,,,,,,,,,,,,,,,
2023,1,23,1,0,-7.3,76.12,-10.8,,,,,,,,,,,,,,,,,,,,,,,,,,,,,,,,,,,,
2023,1,23,2,0,-7.8,76.04,-11.3,,,,,,,,,,,,,,,,,,,,,,,,,,,,,,,,,,,,
2023,1,23,3,0,-8.3,76.02,-11.8,,,,,,,,,,,,,,,,,,,,,,,,,,,,,,,,,,,,
2023,1,23,4,0,-9,76.14,-12.4,,,,,,,,,,,,,,,,,,,,,,,,,,,,,,,,,,,,
2023,1,23,5,0,-9.9,76.84,-13.2,,,,,,,,,,,,,,,,,,,,,,,,,,,,,,,,,,,,
2023,1,23,6,0,-10.7,77.31,-13.9,,,,,,,,,,,,,,,,,,,,,,,,,,,,,,,,,,,,
2023,1,23,7,0,-11.6,77.27,-14.8,,,,,,,,,,,,,,,,,,,,,,,,,,,,,,,,,,,,
2023,1,23,8,0,-12.5,76.66,-15.8,,,,,,,,,,,,,,,,,,,,,,,,,,,,,,,,,,,,
2023,1,23,9,0,-13,75.11,-16.5,,,,,,,,,,,,,,,,,,,,,,,,,,,,,,,,,,,,
2023,1,23,10,0,-13.1,73.42,-16.9,,,,,,,,,,,,,,,,,,,,,,,,,,,,,,,,,,,,
2023,1,23,11,0,-12.9,70.8,-17.1,,,,,,,,,,,,,,,,,,,,,,,,,,,,,,,,,,,,
2023,1,23,12,0,-12.8,68.91,-17.3,,,,,,,,,,,,,,,,,,,,,,,,,,,,,,,,,,,,
2023,1,23,13,0,-12.6,67.29,-17.4,,,,,,,,,,,,,,,,,,,,,,,,,,,,,,,,,,,,
2023,1,23,14,0,-12.2,65.19,-17.4,,,,,,,,,,,,,,,,,,,,,,,,,,,,,,,,,,,,
2023,1,23,15,0,-11.8,63.93,-17.3,,,,,,,,,,,,,,,,,,,,,,,,,,,,,,,,,,,,
2023,1,23,16,0,-10.2,64.5,-15.6,,,,,,,,,,,,,,,,,,,,,,,,,,,,,,,,,,,,
2023,1,23,17,0,-6.7,67.54,-11.7,,,,,,,,,,,,,,,,,,,,,,,,,,,,,,,,,,,,
2023,1,23,18,0,-4.5,71.06,-9,,,,,,,,,,,,,,,,,,,,,,,,,,,,,,,,,,,,
2023,1,23,19,0,-2.1,69.95,-6.8,,,,,,,,,,,,,,,,,,,,,,,,,,,,,,,,,,,,
2023,1,23,20,0,-0.7,68.85,-5.7,,,,,,,,,,,,,,,,,,,,,,,,,,,,,,,,,,,,
2023,1,23,21,0,-0.2,69.08,-5.2,,,,,,,,,,,,,,,,,,,,,,,,,,,,,,,,,,,,
2023,1,23,22,0,-0.4,71.46,-4.9,,,,,,,,,,,,,,,,,,,,,,,,,,,,,,,,,,,,
2023,1,23,23,0,-1.9,75.27,-5.7,,,,,,,,,,,,,,,,,,,,,,,,,,,,,,,,,,,,
2023,1,24,0,0,-5.5,75.75,-9.1,,,,,,,,,,,,,,,,,,,,,,,,,,,,,,,,,,,,
2023,1,24,1,0,-8.1,77.23,-11.4,,,,,,,,,,,,,,,,,,,,,,,,,,,,,,,,,,,,
2023,1,24,2,0,-9.2,79.97,-12,,,,,,,,,,,,,,,,,,,,,,,,,,,,,,,,,,,,
2023,1,24,3,0,-8.9,81.32,-11.5,,,,,,,,,,,,,,,,,,,,,,,,,,,,,,,,,,,,
2023,1,24,4,0,-8.2,80.57,-10.9,,,,,,,,,,,,,,,,,,,,,,,,,,,,,,,,,,,,
2023,1,24,5,0,-7.8,79.16,-10.8,,,,,,,,,,,,,,,,,,,,,,,,,,,,,,,,,,,,
2023,1,24,6,0,-7.5,78.04,-10.7,,,,,,,,,,,,,,,,,,,,,,,,,,,,,,,,,,,,
2023,1,24,7,0,-7.5,77.86,-10.7,,,,,,,,,,,,,,,,,,,,,,,,,,,,,,,,,,,,
2023,1,24,8,0,-7.9,77.98,-11.1,,,,,,,,,,,,,,,,,,,,,,,,,,,,,,,,,,,,
2023,1,24,9,0,-8.5,77.79,-11.7,,,,,,,,,,,,,,,,,,,,,,,,,,,,,,,,,,,,
2023,1,24,10,0,-9.1,78,-12.2,,,,,,,,,,,,,,,,,,,,,,,,,,,,,,,,,,,,
2023,1,24,11,0,-9.2,77.2,-12.5,,,,,,,,,,,,,,,,,,,,,,,,,,,,,,,,,,,,
2023,1,24,12,0,-9.2,76.56,-12.6,,,,,,,,,,,,,,,,,,,,,,,,,,,,,,,,,,,,
2023,1,24,13,0,-9.2,75.88,-12.7,,,,,,,,,,,,,,,,,,,,,,,,,,,,,,,,,,,,
2023,1,24,14,0,-9.2,75.12,-12.8,,,,,,,,,,,,,,,,,,,,,,,,,,,,,,,,,,,,
2023,1,24,15,0,-8.9,73.98,-12.7,,,,,,,,,,,,,,,,,,,,,,,,,,,,,,,,,,,,
2023,1,24,16,0,-7.6,72.07,-11.8,,,,,,,,,,,,,,,,,,,,,,,,,,,,,,,,,,,,
2023,1,24,17,0,-5.3,71.76,-9.6,,,,,,,,,,,,,,,,,,,,,,,,,,,,,,,,,,,,
2023,1,24,18,0,-3.3,69.26,-8.1,,,,,,,,,,,,,,,,,,,,,,,,,,,,,,,,,,,,
2023,1,24,19,0,-2.2,68.22,-7.3,,,,,,,,,,,,,,,,,,,,,,,,,,,,,,,,,,,,
2023,1,24,20,0,-1.8,67.23,-7.1,,,,,,,,,,,,,,,,,,,,,,,,,,,,,,,,,,,,
2023,1,24,21,0,-1.6,65.86,-7.2,,,,,,,,,,,,,,,,,,,,,,,,,,,,,,,,,,,,
2023,1,24,22,0,-1.8,66.08,-7.3,,,,,,,,,,,,,,,,,,,,,,,,,,,,,,,,,,,,
2023,1,24,23,0,-2.8,68.49,-7.8,,,,,,,,,,,,,,,,,,,,,,,,,,,,,,,,,,,,
2023,1,25,0,0,-4.1,64.69,-9.8,,,,,,,,,,,,,,,,,,,,,,,,,,,,,,,,,,,,
2023,1,25,1,0,-5.1,65.74,-10.5,,,,,,,,,,,,,,,,,,,,,,,,,,,,,,,,,,,,
2023,1,25,2,0,-5.7,67.5,-10.8,,,,,,,,,,,,,,,,,,,,,,,,,,,,,,,,,,,,
2023,1,25,3,0,-6.6,71.08,-11,,,,,,,,,,,,,,,,,,,,,,,,,,,,,,,,,,,,
2023,1,25,4,0,-7,73.21,-11,,,,,,,,,,,,,,,,,,,,,,,,,,,,,,,,,,,,
2023,1,25,5,0,-7.1,74.94,-10.8,,,,,,,,,,,,,,,,,,,,,,,,,,,,,,,,,,,,
2023,1,25,6,0,-7.1,75.94,-10.6,,,,,,,,,,,,,,,,,,,,,,,,,,,,,,,,,,,,
2023,1,25,7,0,-6.8,76.03,-10.3,,,,,,,,,,,,,,,,,,,,,,,,,,,,,,,,,,,,
2023,1,25,8,0,-6.7,76.87,-10.1,,,,,,,,,,,,,,,,,,,,,,,,,,,,,,,,,,,,
2023,1,25,9,0,-7.5,78.12,-10.7,,,,,,,,,,,,,,,,,,,,,,,,,,,,,,,,,,,,
2023,1,25,10,0,-7.9,78.59,-11,,,,,,,,,,,,,,,,,,,,,,,,,,,,,,,,,,,,
2023,1,25,11,0,-7.8,79.2,-10.8,,,,,,,,,,,,,,,,,,,,,,,,,,,,,,,,,,,,
2023,1,25,12,0,-7.6,79.3,-10.6,,,,,,,,,,,,,,,,,,,,,,,,,,,,,,,,,,,,
2023,1,25,13,0,-7.6,79.56,-10.5,,,,,,,,,,,,,,,,,,,,,,,,,,,,,,,,,,,,
2023,1,25,14,0,-7.6,79.81,-10.5,,,,,,,,,,,,,,,,,,,,,,,,,,,,,,,,,,,,
2023,1,25,15,0,-7.5,79.4,-10.5,,,,,,,,,,,,,,,,,,,,,,,,,,,,,,,,,,,,
2023,1,25,16,0,-6.5,77.9,-9.7,,,,,,,,,,,,,,,,,,,,,,,,,,,,,,,,,,,,
2023,1,25,17,0,-4.1,75.46,-7.8,,,,,,,,,,,,,,,,,,,,,,,,,,,,,,,,,,,,
2023,1,25,18,0,-2.3,69.6,-7.1,,,,,,,,,,,,,,,,,,,,,,,,,,,,,,,,,,,,
2023,1,25,19,0,-1.1,66.74,-6.5,,,,,,,,,,,,,,,,,,,,,,,,,,,,,,,,,,,,
2023,1,25,20,0,-0.6,66.1,-6.2,,,,,,,,,,,,,,,,,,,,,,,,,,,,,,,,,,,,
2023,1,25,21,0,-0.5,66.93,-5.9,,,,,,,,,,,,,,,,,,,,,,,,,,,,,,,,,,,,
2023,1,25,22,0,-0.7,68.8,-5.7,,,,,,,,,,,,,,,,,,,,,,,,,,,,,,,,,,,,
2023,1,25,23,0,-1.4,73.26,-5.6,,,,,,,,,,,,,,,,,,,,,,,,,,,,,,,,,,,,
2023,1,26,0,0,-2.6,71.63,-7,,,,,,,,,,,,,,,,,,,,,,,,,,,,,,,,,,,,
2023,1,26,1,0,-3.7,73.43,-7.8,,,,,,,,,,,,,,,,,,,,,,,,,,,,,,,,,,,,
2023,1,26,2,0,-4.6,76.14,-8.2,,,,,,,,,,,,,,,,,,,,,,,,,,,,,,,,,,,,
2023,1,26,3,0,-5.2,78.66,-8.3,,,,,,,,,,,,,,,,,,,,,,,,,,,,,,,,,,,,
2023,1,26,4,0,-5.6,80.62,-8.4,,,,,,,,,,,,,,,,,,,,,,,,,,,,,,,,,,,,
2023,1,26,5,0,-6.2,81.96,-8.8,,,,,,,,,,,,,,,,,,,,,,,,,,,,,,,,,,,,
2023,1,26,6,0,-6.8,82.44,-9.3,,,,,,,,,,,,,,,,,,,,,,,,,,,,,,,,,,,,
2023,1,26,7,0,-7.5,82.32,-10,,,,,,,,,,,,,,,,,,,,,,,,,,,,,,,,,,,,
2023,1,26,8,0,-8.2,81.81,-10.8,,,,,,,,,,,,,,,,,,,,,,,,,,,,,,,,,,,,
2023,1,26,9,0,-8.8,81.23,-11.4,,,,,,,,,,,,,,,,,,,,,,,,,,,,,,,,,,,,
2023,1,26,10,0,-8.9,80.06,-11.7,,,,,,,,,,,,,,,,,,,,,,,,,,,,,,,,,,,,
2023,1,26,11,0,-9.1,79.51,-12,,,,,,,,,,,,,,,,,,,,,,,,,,,,,,,,,,,,
2023,1,26,12,0,-9.3,78.97,-12.3,,,,,,,,,,,,,,,,,,,,,,,,,,,,,,,,,,,,
2023,1,26,13,0,-9.2,78.99,-12.2,,,,,,,,,,,,,,,,,,,,,,,,,,,,,,,,,,,,
2023,1,26,14,0,-9.2,78.3,-12.3,,,,,,,,,,,,,,,,,,,,,,,,,,,,,,,,,,,,
2023,1,26,15,0,-9.1,77.5,-12.3,,,,,,,,,,,,,,,,,,,,,,,,,,,,,,,,,,,,
2023,1,26,16,0,-7.1,76.97,-10.5,,,,,,,,,,,,,,,,,,,,,,,,,,,,,,,,,,,,
2023,1,26,17,0,-5.1,77.71,-8.4,,,,,,,,,,,,,,,,,,,,,,,,,,,,,,,,,,,,
2023,1,26,18,0,-3.2,78.13,-6.5,,,,,,,,,,,,,,,,,,,,,,,,,,,,,,,,,,,,
2023,1,26,19,0,-1.5,76.93,-5,,,,,,,,,,,,,,,,,,,,,,,,,,,,,,,,,,,,
2023,1,26,20,0,-0.6,75.69,-4.4,,,,,,,,,,,,,,,,,,,,,,,,,,,,,,,,,,,,
2023,1,26,21,0,-0.2,75.31,-4,,,,,,,,,,,,,,,,,,,,,,,,,,,,,,,,,,,,
2023,1,26,22,0,0,75.16,-3.9,,,,,,,,,,,,,,,,,,,,,,,,,,,,,,,,,,,,
2023,1,26,23,0,-0.5,77.89,-3.9,,,,,,,,,,,,,,,,,,,,,,,,,,,,,,,,,,,,
2023,1,27,0,0,-2,77.26,-5.5,,,,,,,,,,,,,,,,,,,,,,,,,,,,,,,,,,,,
2023,1,27,1,0,-2.8,78.35,-6,,,,,,,,,,,,,,,,,,,,,,,,,,,,,,,,,,,,
2023,1,27,2,0,-3.3,79.97,-6.3,,,,,,,,,,,,,,,,,,,,,,,,,,,,,,,,,,,,
2023,1,27,3,0,-3.8,81.33,-6.5,,,,,,,,,,,,,,,,,,,,,,,,,,,,,,,,,,,,
2023,1,27,4,0,-4.2,82.73,-6.7,,,,,,,,,,,,,,,,,,,,,,,,,,,,,,,,,,,,
2023,1,27,5,0,-4.4,82.71,-6.9,,,,,,,,,,,,,,,,,,,,,,,,,,,,,,,,,,,,
2023,1,27,6,0,-4.7,82.59,-7.2,,,,,,,,,,,,,,,,,,,,,,,,,,,,,,,,,,,,
2023,1,27,7,0,-5,82.16,-7.6,,,,,,,,,,,,,,,,,,,,,,,,,,,,,,,,,,,,
2023,1,27,8,0,-5.3,82.06,-7.9,,,,,,,,,,,,,,,,,,,,,,,,,,,,,,,,,,,,
2023,1,27,9,0,-5.3,80.8,-8.1,,,,,,,,,,,,,,,,,,,,,,,,,,,,,,,,,,,,
2023,1,27,10,0,-5.4,80.02,-8.3,,,,,,,,,,,,,,,,,,,,,,,,,,,,,,,,,,,,
2023,1,27,11,0,-5.6,79.31,-8.6,,,,,,,,,,,,,,,,,,,,,,,,,,,,,,,,,,,,
2023,1,27,12,0,-5.4,78.9,-8.5,,,,,,,,,,,,,,,,,,,,,,,,,,,,,,,,,,,,
2023,1,27,13,0,-4.8,77.93,-8.1,,,,,,,,,,,,,,,,,,,,,,,,,,,,,,,,,,,,
2023,1,27,14,0,-4,77.15,-7.4,,,,,,,,,,,,,,,,,,,,,,,,,,,,,,,,,,,,
2023,1,27,15,0,-3,77.04,-6.5,,,,,,,,,,,,,,,,,,,,,,,,,,,,,,,,,,,,
2023,1,27,16,0,-1.7,76.6,-5.3,,,,,,,,,,,,,,,,,,,,,,,,,,,,,,,,,,,,
2023,1,27,17,0,-0.3,76.33,-4,,,,,,,,,,,,,,,,,,,,,,,,,,,,,,,,,,,,
2023,1,27,18,0,1,75.91,-2.8,,,,,,,,,,,,,,,,,,,,,,,,,,,,,,,,,,,,
2023,1,27,19,0,1.9,74.94,-2.1,,,,,,,,,,,,,,,,,,,,,,,,,,,,,,,,,,,,
2023,1,27,20,0,2.4,74.27,-1.7,,,,,,,,,,,,,,,,,,,,,,,,,,,,,,,,,,,,
2023,1,27,21,0,2.5,75.3,-1.4,,,,,,,,,,,,,,,,,,,,,,,,,,,,,,,,,,,,
2023,1,27,22,0,2.4,77.5,-1.1,,,,,,,,,,,,,,,,,,,,,,,,,,,,,,,,,,,,
2023,1,27,23,0,2.1,79.42,-1.1,,,,,,,,,,,,,,,,,,,,,,,,,,,,,,,,,,,,
2023,1,28,0,0,1.4,79.12,-1.8,,,,,,,,,,,,,,,,,,,,,,,,,,,,,,,,,,,,
2023,1,28,1,0,0,78.99,-3.2,,,,,,,,,,,,,,,,,,,,,,,,,,,,,,,,,,,,
2023,1,28,2,0,-1.6,77.55,-5,,,,,,,,,,,,,,,,,,,,,,,,,,,,,,,,,,,,
2023,1,28,3,0,-2.3,78.15,-5.6,,,,,,,,,,,,,,,,,,,,,,,,,,,,,,,,,,,,
2023,1,28,4,0,-2.5,78.59,-5.7,,,,,,,,,,,,,,,,,,,,,,,,,,,,,,,,,,,,
2023,1,28,5,0,-2.8,79.51,-5.8,,,,,,,,,,,,,,,,,,,,,,,,,,,,,,,,,,,,
2023,1,28,6,0,-2.8,80.45,-5.7,,,,,,,,,,,,,,,,,,,,,,,,,,,,,,,,,,,,
2023,1,28,7,0,-3,80.97,-5.8,,,,,,,,,,,,,,,,,,,,,,,,,,,,,,,,,,,,
2023,1,28,8,0,-3.2,81.72,-5.9,,,,,,,,,,,,,,,,,,,,,,,,,,,,,,,,,,,,
2023,1,28,9,0,-3.3,81.78,-6,,,,,,,,,,,,,,,,,,,,,,,,,,,,,,,,,,,,
2023,1,28,10,0,-3.4,81.32,-6.1,,,,,,,,,,,,,,,,,,,,,,,,,,,,,,,,,,,,
2023,1,28,11,0,-3.3,80.76,-6.1,,,,,,,,,,,,,,,,,,,,,,,,,,,,,,,,,,,,
2023,1,28,12,0,-3.6,80.16,-6.5,,,,,,,,,,,,,,,,,,,,,,,,,,,,,,,,,,,,
2023,1,28,13,0,-4.3,80.76,-7.1,,,,,,,,,,,,,,,,,,,,,,,,,,,,,,,,,,,,
2023,1,28,14,0,-4.8,80.91,-7.6,,,,,,,,,,,,,,,,,,,,,,,,,,,,,,,,,,,,
2023,1,28,15,0,-4.3,80.16,-7.2,,,,,,,,,,,,,,,,,,,,,,,,,,,,,,,,,,,,
2023,1,28,16,0,-2.2,79.79,-5.2,,,,,,,,,,,,,,,,,,,,,,,,,,,,,,,,,,,,
2023,1,28,17,0,-0.3,78.66,-3.6,,,,,,,,,,,,,,,,,,,,,,,,,,,,,,,,,,,,
2023,1,28,18,0,0.9,75.39,-3,,,,,,,,,,,,,,,,,,,,,,,,,,,,,,,,,,,,
2023,1,28,19,0,1.5,72.45,-2.9,,,,,,,,,,,,,,,,,,,,,,,,,,,,,,,,,,,,
2023,1,28,20,0,1.7,71.19,-3,,,,,,,,,,,,,,,,,,,,,,,,,,,,,,,,,,,,
2023,1,28,21,0,1.8,70.31,-3,,,,,,,,,,,,,,,,,,,,,,,,,,,,,,,,,,,,
2023,1,28,22,0,1.6,72.66,-2.8,,,,,,,,,,,,,,,,,,,,,,,,,,,,,,,,,,,,
2023,1,28,23,0,0.7,75.42,-3.2,,,,,,,,,,,,,,,,,,,,,,,,,,,,,,,,,,,,
2023,1,29,0,0,-0.9,70.79,-5.5,,,,,,,,,,,,,,,,,,,,,,,,,,,,,,,,,,,,
2023,1,29,1,0,-2.1,71.06,-6.6,,,,,,,,,,,,,,,,,,,,,,,,,,,,,,,,,,,,
2023,1,29,2,0,-2.8,73.14,-6.9,,,,,,,,,,,,,,,,,,,,,,,,,,,,,,,,,,,,
2023,1,29,3,0,-3.3,74.39,-7.2,,,,,,,,,,,,,,,,,,,,,,,,,,,,,,,,,,,,
2023,1,29,4,0,-3.7,75.42,-7.4,,,,,,,,,,,,,,,,,,,,,,,,,,,,,,,,,,,,
2023,1,29,5,0,-3.9,75.85,-7.5,,,,,,,,,,,,,,,,,,,,,,,,,,,,,,,,,,,,
2023,1,29,6,0,-4,76.13,-7.6,,,,,,,,,,,,,,,,,,,,,,,,,,,,,,,,,,,,
2023,1,29,7,0,-3.9,75.79,-7.5,,,,,,,,,,,,,,,,,,,,,,,,,,,,,,,,,,,,
2023,1,29,8,0,-3.8,75.64,-7.5,,,,,,,,,,,,,,,,,,,,,,,,,,,,,,,,,,,,
2023,1,29,9,0,-3.6,74.5,-7.5,,,,,,,,,,,,,,,,,,,,,,,,,,,,,,,,,,,,
2023,1,29,10,0,-3.6,74.02,-7.6,,,,,,,,,,,,,,,,,,,,,,,,,,,,,,,,,,,,
2023,1,29,11,0,-3.4,72.29,-7.7,,,,,,,,,,,,,,,,,,,,,,,,,,,,,,,,,,,,
2023,1,29,12,0,-3.2,71.08,-7.7,,,,,,,,,,,,,,,,,,,,,,,,,,,,,,,,,,,,
2023,1,29,13,0,-2.9,69.38,-7.7,,,,,,,,,,,,,,,,,,,,,,,,,,,,,,,,,,,,
2023,1,29,14,0,-2.5,68.29,-7.5,,,,,,,,,,,,,,,,,,,,,,,,,,,,,,,,,,,,
2023,1,29,15,0,-2.1,69.25,-7,,,,,,,,,,,,,,,,,,,,,,,,,,,,,,,,,,,,
2023,1,29,16,0,-1.6,73.32,-5.8,,,,,,,,,,,,,,,,,,,,,,,,,,,,,,,,,,,,
2023,1,29,17,0,-0.7,75.05,-4.6,,,,,,,,,,,,,,,,,,,,,,,,,,,,,,,,,,,,
2023,1,29,18,0,-0.1,75.39,-3.9,,,,,,,,,,,,,,,,,,,,,,,,,,,,,,,,,,,,
2023,1,29,19,0,0,75.68,-3.8,,,,,,,,,,,,,,,,,,,,,,,,,,,,,,,,,,,,
2023,1,29,20,0,-0.1,75.17,-4,,,,,,,,,,,,,,,,,,,,,,,,,,,,,,,,,,,,
2023,1,29,21,0,-0.6,76.04,-4.3,,,,,,,,,,,,,,,,,,,,,,,,,,,,,,,,,,,,
2023,1,29,22,0,-1.5,77.87,-4.9,,,,,,,,,,,,,,,,,,,,,,,,,,,,,,,,,,,,
2023,1,29,23,0,-2.6,79.2,-5.7,,,,,,,,,,,,,,,,,,,,,,,,,,,,,,,,,,,,
2023,1,30,0,0,-4,79.76,-7,,,,,,,,,,,,,,,,,,,,,,,,,,,,,,,,,,,,
2023,1,30,1,0,-5.5,78.9,-8.6,,,,,,,,,,,,,,,,,,,,,,,,,,,,,,,,,,,,
2023,1,30,2,0,-6.9,77.89,-10.1,,,,,,,,,,,,,,,,,,,,,,,,,,,,,,,,,,,,
2023,1,30,3,0,-8.3,77.24,-11.6,,,,,,,,,,,,,,,,,,,,,,,,,,,,,,,,,,,,
2023,1,30,4,0,-9.7,76.2,-13.1,,,,,,,,,,,,,,,,,,,,,,,,,,,,,,,,,,,,
2023,1,30,5,0,-11,74.97,-14.6,,,,,,,,,,,,,,,,,,,,,,,,,,,,,,,,,,,,
2023,1,30,6,0,-12.3,73.65,-16,,,,,,,,,,,,,,,,,,,,,,,,,,,,,,,,,,,,
2023,1,30,7,0,-13.7,72.53,-17.6,,,,,,,,,,,,,,,,,,,,,,,,,,,,,,,,,,,,
2023,1,30,8,0,-14.9,71.34,-18.9,,,,,,,,,,,,,,,,,,,,,,,,,,,,,,,,,,,,
2023,1,30,9,0,-15.8,70.34,-20,,,,,,,,,,,,,,,,,,,,,,,,,,,,,,,,,,,,
2023,1,30,10,0,-16.4,68.85,-20.8,,,,,,,,,,,,,,,,,,,,,,,,,,,,,,,,,,,,
2023,1,30,11,0,-17,67.17,-21.6,,,,,,,,,,,,,,,,,,,,,,,,,,,,,,,,,,,,
2023,1,30,12,0,-17.6,65.88,-22.4,,,,,,,,,,,,,,,,,,,,,,,,,,,,,,,,,,,,
2023,1,30,13,0,-18.2,64.59,-23.2,,,,,,,,,,,,,,,,,,,,,,,,,,,,,,,,,,,,
2023,1,30,14,0,-18.6,63.15,-23.9,,,,,,,,,,,,,,,,,,,,,,,,,,,,,,,,,,,,
2023,1,30,15,0,-18.6,60.32,-24.4,,,,,,,,,,,,,,,,,,,,,,,,,,,,,,,,,,,,
2023,1,30,16,0,-16.7,57.61,-23.1,,,,,,,,,,,,,,,,,,,,,,,,,,,,,,,,,,,,
2023,1,30,17,0,-13.9,57.39,-20.5,,,,,,,,,,,,,,,,,,,,,,,,,,,,,,,,,,,,
2023,1,30,18,0,-11.9,53.97,-19.3,,,,,,,,,,,,,,,,,,,,,,,,,,,,,,,,,,,,
2023,1,30,19,0,-10.3,50.11,-18.7,,,,,,,,,,,,,,,,,,,,,,,,,,,,,,,,,,,,
2023,1,30,20,0,-9.6,49.07,-18.3,,,,,,,,,,,,,,,,,,,,,,,,,,,,,,,,,,,,
2023,1,30,21,0,-9.6,49.85,-18.1,,,,,,,,,,,,,,,,,,,,,,,,,,,,,,,,,,,,
2023,1,30,22,0,-9.9,50.64,-18.2,,,,,,,,,,,,,,,,,,,,,,,,,,,,,,,,,,,,
2023,1,30,23,0,-11.2,57.2,-18,,,,,,,,,,,,,,,,,,,,,,,,,,,,,,,,,,,,
2023,1,31,0,0,-13.5,52.55,-21.1,,,,,,,,,,,,,,,,,,,,,,,,,,,,,,,,,,,,
2023,1,31,1,0,-14.8,51.36,-22.6,,,,,,,,,,,,,,,,,,,,,,,,,,,,,,,,,,,,
2023,1,31,2,0,-15.8,54.13,-23,,,,,,,,,,,,,,,,,,,,,,,,,,,,,,,,,,,,
2023,1,31,3,0,-16.6,57.87,-23,,,,,,,,,,,,,,,,,,,,,,,,,,,,,,,,,,,,
2023,1,31,4,0,-17.4,61.38,-23.1,,,,,,,,,,,,,,,,,,,,,,,,,,,,,,,,,,,,
2023,1,31,5,0,-18.2,64.15,-23.3,,,,,,,,,,,,,,,,,,,,,,,,,,,,,,,,,,,,
2023,1,31,6,0,-18.5,65.33,-23.4,,,,,,,,,,,,,,,,,,,,,,,,,,,,,,,,,,,,
2023,1,31,7,0,-18.6,65.13,-23.5,,,,,,,,,,,,,,,,,,,,,,,,,,,,,,,,,,,,
2023,1,31,8,0,-18.7,64.23,-23.8,,,,,,,,,,,,,,,,,,,,,,,,,,,,,,,,,,,,
2023,1,31,9,0,-18.7,62.55,-24.1,,,,,,,,,,,,,,,,,,,,,,,,,,,,,,,,,,,,
2023,1,31,10,0,-18.6,61.13,-24.2,,,,,,,,,,,,,,,,,,,,,,,,,,,,,,,,,,,,
2023,1,31,11,0,-18.7,60.8,-24.4,,,,,,,,,,,,,,,,,,,,,,,,,,,,,,,,,,,,
2023,1,31,12,0,-18.8,59.7,-24.7,,,,,,,,,,,,,,,,,,,,,,,,,,,,,,,,,,,,
2023,1,31,13,0,-18.9,58.02,-25.1,,,,,,,,,,,,,,,,,,,,,,,,,,,,,,,,,,,,
2023,1,31,14,0,-19.2,56.82,-25.6,,,,,,,,,,,,,,,,,,,,,,,,,,,,,,,,,,,,
2023,1,31,15,0,-18.2,51.69,-25.7,,,,,,,,,,,,,,,,,,,,,,,,,,,,,,,,,,,,
2023,1,31,16,0,-15.9,47.57,-24.5,,,,,,,,,,,,,,,,,,,,,,,,,,,,,,,,,,,,
2023,1,31,17,0,-12.7,51.47,-20.6,,,,,,,,,,,,,,,,,,,,,,,,,,,,,,,,,,,,
2023,1,31,18,0,-10.2,50.24,-18.6,,,,,,,,,,,,,,,,,,,,,,,,,,,,,,,,,,,,
2023,1,31,19,0,-8.2,47.87,-17.3,,,,,,,,,,,,,,,,,,,,,,,,,,,,,,,,,,,,
2023,1,31,20,0,-7.3,49.58,-16.1,,,,,,,,,,,,,,,,,,,,,,,,,,,,,,,,,,,,
2023,1,31,21,0,-6.8,50.4,-15.4,,,,,,,,,,,,,,,,,,,,,,,,,,,,,,,,,,,,
2023,1,31,22,0,-6.6,50.8,-15.1,,,,,,,,,,,,,,,,,,,,,,,,,,,,,,,,,,,,
2023,1,31,23,0,-7.2,52.84,-15.2,,,,,,,,,,,,,,,,,,,,,,,,,,,,,,,,,,,,
2023,2,1,0,0,-8.4,48.79,-17.3,,,,,,,,,,,,,,,,,,,,,,,,,,,,,,,,,,,,
2023,2,1,1,0,-9.8,49.06,-18.5,,,,,,,,,,,,,,,,,,,,,,,,,,,,,,,,,,,,
2023,2,1,2,0,-11.4,52.48,-19.2,,,,,,,,,,,,,,,,,,,,,,,,,,,,,,,,,,,,
2023,2,1,3,0,-12.8,55.99,-19.8,,,,,,,,,,,,,,,,,,,,,,,,,,,,,,,,,,,,
2023,2,1,4,0,-13.5,57.78,-20.1,,,,,,,,,,,,,,,,,,,,,,,,,,,,,,,,,,,,
2023,2,1,5,0,-14,59.14,-20.3,,,,,,,,,,,,,,,,,,,,,,,,,,,,,,,,,,,,
2023,2,1,6,0,-14.1,59.21,-20.3,,,,,,,,,,,,,,,,,,,,,,,,,,,,,,,,,,,,
2023,2,1,7,0,-13.7,57.84,-20.2,,,,,,,,,,,,,,,,,,,,,,,,,,,,,,,,,,,,
2023,2,1,8,0,-13.6,57.46,-20.2,,,,,,,,,,,,,,,,,,,,,,,,,,,,,,,,,,,,
2023,2,1,9,0,-13.8,57.33,-20.4,,,,,,,,,,,,,,,,,,,,,,,,,,,,,,,,,,,,
2023,2,1,10,0,-13.9,57.03,-20.6,,,,,,,,,,,,,,,,,,,,,,,,,,,,,,,,,,,,
2023,2,1,11,0,-14,56.77,-20.7,,,,,,,,,,,,,,,,,,,,,,,,,,,,,,,,,,,,
2023,2,1,12,0,-14.2,56.82,-20.9,,,,,,,,,,,,,,,,,,,,,,,,,,,,,,,,,,,,
2023,2,1,13,0,-14,55.71,-20.9,,,,,,,,,,,,,,,,,,,,,,,,,,,,,,,,,,,,
2023,2,1,14,0,-13.6,54.73,-20.8,,,,,,,,,,,,,,,,,,,,,,,,,,,,,,,,,,,,
2023,2,1,15,0,-12.6,53.03,-20.2,,,,,,,,,,,,,,,,,,,,,,,,,,,,,,,,,,,,
2023,2,1,16,0,-10.3,58.15,-17,,,,,,,,,,,,,,,,,,,,,,,,,,,,,,,,,,,,
2023,2,1,17,0,-6.3,59.63,-12.9,,,,,,,,,,,,,,,,,,,,,,,,,,,,,,,,,,,,
2023,2,1,18,0,-4.2,61.47,-10.5,,,,,,,,,,,,,,,,,,,,,,,,,,,,,,,,,,,,
2023,2,1,19,0,-2.6,61.29,-9,,,,,,,,,,,,,,,,,,,,,,,,,,,,,,,,,,,,
2023,2,1,20,0,-1.6,60.12,-8.3,,,,,,,,,,,,,,,,,,,,,,,,,,,,,,,,,,,,
2023,2,1,21,0,-1.1,59.15,-8.1,,,,,,,,,,,,,,,,,,,,,,,,,,,,,,,,,,,,
2023,2,1,22,0,-1.1,60.08,-7.9,,,,,,,,,,,,,,,,,,,,,,,,,,,,,,,,,,,,
2023,2,1,23,0,-1.8,62.55,-8,,,,,,,,,,,,,,,,,,,,,,,,,,,,,,,,,,,,
2023,2,2,0,0,-3.1,57.66,-10.3,,,,,,,,,,,,,,,,,,,,,,,,,,,,,,,,,,,,
2023,2,2,1,0,-4.5,58.82,-11.3,,,,,,,,,,,,,,,,,,,,,,,,,,,,,,,,,,,,
2023,2,2,2,0,-5.7,61.69,-11.9,,,,,,,,,,,,,,,,,,,,,,,,,,,,,,,,,,,,
2023,2,2,3,0,-7,66.2,-12.2,,,,,,,,,,,,,,,,,,,,,,,,,,,,,,,,,,,,
2023,2,2,4,0,-8.5,71.21,-12.8,,,,,,,,,,,,,,,,,,,,,,,,,,,,,,,,,,,,
2023,2,2,5,0,-9.5,73.21,-13.4,,,,,,,,,,,,,,,,,,,,,,,,,,,,,,,,,,,,
2023,2,2,6,0,-9.9,72.77,-13.9,,,,,,,,,,,,,,,,,,,,,,,,,,,,,,,,,,,,
2023,2,2,7,0,-9.8,70.96,-14.1,,,,,,,,,,,,,,,,,,,,,,,,,,,,,,,,,,,,
2023,2,2,8,0,-9.5,68.59,-14.2,,,,,,,,,,,,,,,,,,,,,,,,,,,,,,,,,,,,
2023,2,2,9,0,-9.2,66.22,-14.3,,,,,,,,,,,,,,,,,,,,,,,,,,,,,,,,,,,,
2023,2,2,10,0,-9.2,65.07,-14.6,,,,,,,,,,,,,,,,,,,,,,,,,,,,,,,,,,,,
2023,2,2,11,0,-9.2,64.12,-14.7,,,,,,,,,,,,,,,,,,,,,,,,,,,,,,,,,,,,
2023,2,2,12,0,-9.2,63.53,-14.9,,,,,,,,,,,,,,,,,,,,,,,,,,,,,,,,,,,,
2023,2,2,13,0,-9.4,63.49,-15.1,,,,,,,,,,,,,,,,,,,,,,,,,,,,,,,,,,,,
2023,2,2,14,0,-9.7,63.37,-15.4,,,,,,,,,,,,,,,,,,,,,,,,,,,,,,,,,,,,
2023,2,2,15,0,-9.1,62.21,-15,,,,,,,,,,,,,,,,,,,,,,,,,,,,,,,,,,,,
2023,2,2,16,0,-6.6,65.21,-12.1,,,,,,,,,,,,,,,,,,,,,,,,,,,,,,,,,,,,
2023,2,2,17,0,-2.4,66.05,-7.9,,,,,,,,,,,,,,,,,,,,,,,,,,,,,,,,,,,,
2023,2,2,18,0,-0.4,68.56,-5.5,,,,,,,,,,,,,,,,,,,,,,,,,,,,,,,,,,,,
2023,2,2,19,0,1.2,68.11,-4,,,,,,,,,,,,,,,,,,,,,,,,,,,,,,,,,,,,
2023,2,2,20,0,1.8,68.31,-3.4,,,,,,,,,,,,,,,,,,,,,,,,,,,,,,,,,,,,
2023,2,2,21,0,2.1,68.79,-3,,,,,,,,,,,,,,,,,,,,,,,,,,,,,,,,,,,,
2023,2,2,22,0,2.2,70.48,-2.6,,,,,,,,,,,,,,,,,,,,,,,,,,,,,,,,,,,,
2023,2,2,23,0,1.8,73.8,-2.4,,,,,,,,,,,,,,,,,,,,,,,,,,,,,,,,,,,,
2023,2,3,0,0,-0.5,72.96,-4.8,,,,,,,,,,,,,,,,,,,,,,,,,,,,,,,,,,,,
2023,2,3,1,0,-2.4,72.58,-6.7,,,,,,,,,,,,,,,,,,,,,,,,,,,,,,,,,,,,
2023,2,3,2,0,-3.6,72.4,-7.8,,,,,,,,,,,,,,,,,,,,,,,,,,,,,,,,,,,,
2023,2,3,3,0,-4.8,72.03,-9.1,,,,,,,,,,,,,,,,,,,,,,,,,,,,,,,,,,,,
2023,2,3,4,0,-5.8,70.94,-10.2,,,,,,,,,,,,,,,,,,,,,,,,,,,,,,,,,,,,
2023,2,3,5,0,-6.8,70.82,-11.2,,,,,,,,,,,,,,,,,,,,,,,,,,,,,,,,,,,,
2023,2,3,6,0,-7,69.01,-11.7,,,,,,,,,,,,,,,,,,,,,,,,,,,,,,,,,,,,
2023,2,3,7,0,-7.3,68.28,-12.1,,,,,,,,,,,,,,,,,,,,,,,,,,,,,,,,,,,,
2023,2,3,8,0,-7.8,66.4,-13,,,,,,,,,,,,,,,,,,,,,,,,,,,,,,,,,,,,
2023,2,3,9,0,-8.3,63.83,-13.9,,,,,,,,,,,,,,,,,,,,,,,,,,,,,,,,,,,,
2023,2,3,10,0,-8.7,61.76,-14.7,,,,,,,,,,,,,,,,,,,,,,,,,,,,,,,,,,,,
2023,2,3,11,0,-8.5,59.32,-15,,,,,,,,,,,,,,,,,,,,,,,,,,,,,,,,,,,,
2023,2,3,12,0,-7.9,56.97,-14.9,,,,,,,,,,,,,,,,,,,,,,,,,,,,,,,,,,,,
2023,2,3,13,0,-7.3,56.13,-14.6,,,,,,,,,,,,,,,,,,,,,,,,,,,,,,,,,,,,
2023,2,3,14,0,-6.6,56.84,-13.7,,,,,,,,,,,,,,,,,,,,,,,,,,,,,,,,,,,,
2023,2,3,15,0,-4.6,59.52,-11.3,,,,,,,,,,,,,,,,,,,,,,,,,,,,,,,,,,,,
2023,2,3,16,0,-1.1,63.65,-7.1,,,,,,,,,,,,,,,,,,,,,,,,,,,,,,,,,,,,
2023,2,3,17,0,1.3,69.31,-3.7,,,,,,,,,,,,,,,,,,,,,,,,,,,,,,,,,,,,
2023,2,3,18,0,2.3,74.72,-1.7,,,,,,,,,,,,,,,,,,,,,,,,,,,,,,,,,,,,
2023,2,3,19,0,2.9,76.58,-0.8,,,,,,,,,,,,,,,,,,,,,,,,,,,,,,,,,,,,
2023,2,3,20,0,3.3,77.4,-0.3,,,,,,,,,,,,,,,,,,,,,,,,,,,,,,,,,,,,
2023,2,3,21,0,3.5,77.5,-0.1,,,,,,,,,,,,,,,,,,,,,,,,,,,,,,,,,,,,
2023,2,3,22,0,3.5,78.37,0.1,,,,,,,,,,,,,,,,,,,,,,,,,,,,,,,,,,,,
2023,2,3,23,0,3.3,79.56,0.1,,,,,,,,,,,,,,,,,,,,,,,,,,,,,,,,,,,,
2023,2,4,0,0,3.2,79.42,0,,,,,,,,,,,,,,,,,,,,,,,,,,,,,,,,,,,,
2023,2,4,1,0,2.4,78.96,-0.9,,,,,,,,,,,,,,,,,,,,,,,,,,,,,,,,,,,,
2023,2,4,2,0,1.4,76.94,-2.2,,,,,,,,,,,,,,,,,,,,,,,,,,,,,,,,,,,,
2023,2,4,3,0,0.5,75.6,-3.3,,,,,,,,,,,,,,,,,,,,,,,,,,,,,,,,,,,,
2023,2,4,4,0,-0.3,74.29,-4.3,,,,,,,,,,,,,,,,,,,,,,,,,,,,,,,,,,,,
2023,2,4,5,0,-0.9,72.96,-5.1,,,,,,,,,,,,,,,,,,,,,,,,,,,,,,,,,,,,
2023,2,4,6,0,-1.3,71.49,-5.8,,,,,,,,,,,,,,,,,,,,,,,,,,,,,,,,,,,,
2023,2,4,7,0,-1.7,70.34,-6.4,,,,,,,,,,,,,,,,,,,,,,,,,,,,,,,,,,,,
2023,2,4,8,0,-1.7,67.72,-6.9,,,,,,,,,,,,,,,,,,,,,,,,,,,,,,,,,,,,
2023,2,4,9,0,-1.8,65.01,-7.5,,,,,,,,,,,,,,,,,,,,,,,,,,,,,,,,,,,,
2023,2,4,10,0,-2,62.46,-8.2,,,,,,,,,,,,,,,,,,,,,,,,,,,,,,,,,,,,
2023,2,4,11,0,-2,60.5,-8.6,,,,,,,,,,,,,,,,,,,,,,,,,,,,,,,,,,,,
2023,2,4,12,0,-2,59.54,-8.8,,,,,,,,,,,,,,,,,,,,,,,,,,,,,,,,,,,,
2023,2,4,13,0,-2.4,59.85,-9.1,,,,,,,,,,,,,,,,,,,,,,,,,,,,,,,,,,,,
2023,2,4,14,0,-3.2,61.93,-9.5,,,,,,,,,,,,,,,,,,,,,,,,,,,,,,,,,,,,
2023,2,4,15,0,-3.5,63.66,-9.4,,,,,,,,,,,,,,,,,,,,,,,,,,,,,,,,,,,,
2023,2,4,16,0,-1.5,68.44,-6.6,,,,,,,,,,,,,,,,,,,,,,,,,,,,,,,,,,,,
2023,2,4,17,0,2.1,66.98,-3.4,,,,,,,,,,,,,,,,,,,,,,,,,,,,,,,,,,,,
2023,2,4,18,0,3.1,69.15,-2,,,,,,,,,,,,,,,,,,,,,,,,,,,,,,,,,,,,
2023,2,4,19,0,3.4,72.25,-1.1,,,,,,,,,,,,,,,,,,,,,,,,,,,,,,,,,,,,
2023,2,4,20,0,3.6,73.17,-0.8,,,,,,,,,,,,,,,,,,,,,,,,,,,,,,,,,,,,
2023,2,4,21,0,3.7,73.18,-0.7,,,,,,,,,,,,,,,,,,,,,,,,,,,,,,,,,,,,
2023,2,4,22,0,3.7,74.02,-0.5,,,,,,,,,,,,,,,,,,,,,,,,,,,,,,,,,,,,
2023,2,4,23,0,3.5,75.74,-0.4,,,,,,,,,,,,,,,,,,,,,,,,,,,,,,,,,,,,
2023,2,5,0,0,2.6,76.07,-1.2,,,,,,,,,,,,,,,,,,,,,,,,,,,,,,,,,,,,
2023,2,5,1,0,0.9,72.09,-3.6,,,,,,,,,,,,,,,,,,,,,,,,,,,,,,,,,,,,
2023,2,5,2,0,0.2,70.43,-4.5,,,,,,,,,,,,,,,,,,,,,,,,,,,,,,,,,,,,
2023,2,5,3,0,0,69.24,-5,,,,,,,,,,,,,,,,,,,,,,,,,,,,,,,,,,,,
2023,2,5,4,0,-0.3,69.31,-5.2,,,,,,,,,,,,,,,,,,,,,,,,,,,,,,,,,,,,
2023,2,5,5,0,-0.4,69.23,-5.4,,,,,,,,,,,,,,,,,,,,,,,,,,,,,,,,,,,,
2023,2,5,6,0,-0.4,69.47,-5.3,,,,,,,,,,,,,,,,,,,,,,,,,,,,,,,,,,,,
2023,2,5,7,0,-0.4,68.73,-5.4,,,,,,,,,,,,,,,,,,,,,,,,,,,,,,,,,,,,
2023,2,5,8,0,-0.2,67.56,-5.5,,,,,,,,,,,,,,,,,,,,,,,,,,,,,,,,,,,,
2023,2,5,9,0,0.2,66.62,-5.3,,,,,,,,,,,,,,,,,,,,,,,,,,,,,,,,,,,,
2023,2,5,10,0,0.6,65.44,-5.1,,,,,,,,,,,,,,,,,,,,,,,,,,,,,,,,,,,,
2023,2,5,11,0,0.6,64.59,-5.3,,,,,,,,,,,,,,,,,,,,,,,,,,,,,,,,,,,,
2023,2,5,12,0,0.5,63.53,-5.6,,,,,,,,,,,,,,,,,,,,,,,,,,,,,,,,,,,,
2023,2,5,13,0,0.9,63.25,-5.3,,,,,,,,,,,,,,,,,,,,,,,,,,,,,,,,,,,,
2023,2,5,14,0,1.4,63.84,-4.7,,,,,,,,,,,,,,,,,,,,,,,,,,,,,,,,,,,,
2023,2,5,15,0,2.3,65.96,-3.4,,,,,,,,,,,,,,,,,,,,,,,,,,,,,,,,,,,,
2023,2,5,16,0,3.5,70.06,-1.4,,,,,,,,,,,,,,,,,,,,,,,,,,,,,,,,,,,,
2023,2,5,17,0,3.3,75.78,-0.6,,,,,,,,,,,,,,,,,,,,,,,,,,,,,,,,,,,,
2023,2,5,18,0,2.9,78.21,-0.5,,,,,,,,,,,,,,,,,,,,,,,,,,,,,,,,,,,,
2023,2,5,19,0,2.6,79.97,-0.5,,,,,,,,,,,,,,,,,,,,,,,,,,,,,,,,,,,,
2023,2,5,20,0,2.5,80.77,-0.5,,,,,,,,,,,,,,,,,,,,,,,,,,,,,,,,,,,,
2023,2,5,21,0,2.5,80.29,-0.6,,,,,,,,,,,,,,,,,,,,,,,,,,,,,,,,,,,,
2023,2,5,22,0,2.7,78.28,-0.7,,,,,,,,,,,,,,,,,,,,,,,,,,,,,,,,,,,,
2023,2,5,23,0,2.6,78.44,-0.8,,,,,,,,,,,,,,,,,,,,,,,,,,,,,,,,,,,,
2023,2,6,0,0,1.6,77.87,-1.8,,,,,,,,,,,,,,,,,,,,,,,,,,,,,,,,,,,,
2023,2,6,1,0,0.3,75.9,-3.5,,,,,,,,,,,,,,,,,,,,,,,,,,,,,,,,,,,,
2023,2,6,2,0,-0.3,75.92,-4,,,,,,,,,,,,,,,,,,,,,,,,,,,,,,,,,,,,
2023,2,6,3,0,-0.9,76.33,-4.5,,,,,,,,,,,,,,,,,,,,,,,,,,,,,,,,,,,,
2023,2,6,4,0,-1.6,76.04,-5.3,,,,,,,,,,,,,,,,,,,,,,,,,,,,,,,,,,,,
2023,2,6,5,0,-2.2,75.74,-5.9,,,,,,,,,,,,,,,,,,,,,,,,,,,,,,,,,,,,
2023,2,6,6,0,-2.6,76.03,-6.2,,,,,,,,,,,,,,,,,,,,,,,,,,,,,,,,,,,,
2023,2,6,7,0,-3,77.04,-6.5,,,,,,,,,,,,,,,,,,,,,,,,,,,,,,,,,,,,
2023,2,6,8,0,-3.5,77.77,-6.8,,,,,,,,,,,,,,,,,,,,,,,,,,,,,,,,,,,,
2023,2,6,9,0,-4.5,79.62,-7.5,,,,,,,,,,,,,,,,,,,,,,,,,,,,,,,,,,,,
2023,2,6,10,0,-4.6,80.01,-7.5,,,,,,,,,,,,,,,,,,,,,,,,,,,,,,,,,,,,
2023,2,6,11,0,-4.5,80.63,-7.3,,,,,,,,,,,,,,,,,,,,,,,,,,,,,,,,,,,,
2023,2,6,12,0,-4.1,80.71,-6.9,,,,,,,,,,,,,,,,,,,,,,,,,,,,,,,,,,,,
2023,2,6,13,0,-3.8,80.65,-6.6,,,,,,,,,,,,,,,,,,,,,,,,,,,,,,,,,,,,
2023,2,6,14,0,-3.5,80.35,-6.4,,,,,,,,,,,,,,,,,,,,,,,,,,,,,,,,,,,,
2023,2,6,15,0,-2.8,80.41,-5.7,,,,,,,,,,,,,,,,,,,,,,,,,,,,,,,,,,,,
2023,2,6,16,0,-1,80.24,-4,,,,,,,,,,,,,,,,,,,,,,,,,,,,,,,,,,,,
2023,2,6,17,0,0.3,79.2,-2.9,,,,,,,,,,,,,,,,,,,,,,,,,,,,,,,,,,,,
2023,2,6,18,0,0.9,78.63,-2.4,,,,,,,,,,,,,,,,,,,,,,,,,,,,,,,,,,,,
2023,2,6,19,0,1.5,76.94,-2.1,,,,,,,,,,,,,,,,,,,,,,,,,,,,,,,,,,,,
2023,2,6,20,0,2,75.33,-1.9,,,,,,,,,,,,,,,,,,,,,,,,,,,,,,,,,,,,
2023,2,6,21,0,2.3,74.5,-1.8,,,,,,,,,,,,,,,,,,,,,,,,,,,,,,,,,,,,
2023,2,6,22,0,2.5,73.86,-1.7,,,,,,,,,,,,,,,,,,,,,,,,,,,,,,,,,,,,
2023,2,6,23,0,2,76.12,-1.8,,,,,,,,,,,,,,,,,,,,,,,,,,,,,,,,,,,,
2023,2,7,0,0,-0.2,77.81,-3.6,,,,,,,,,,,,,,,,,,,,,,,,,,,,,,,,,,,,
2023,2,7,1,0,-2,77.57,-5.4,,,,,,,,,,,,,,,,,,,,,,,,,,,,,,,,,,,,
2023,2,7,2,0,-2.5,78.16,-5.8,,,,,,,,,,,,,,,,,,,,,,,,,,,,,,,,,,,,
2023,2,7,3,0,-2.9,80.03,-5.9,,,,,,,,,,,,,,,,,,,,,,,,,,,,,,,,,,,,
2023,2,7,4,0,-3.2,81.4,-5.9,,,,,,,,,,,,,,,,,,,,,,,,,,,,,,,,,,,,
2023,2,7,5,0,-3.3,82.5,-5.9,,,,,,,,,,,,,,,,,,,,,,,,,,,,,,,,,,,,
2023,2,7,6,0,-3.3,83.44,-5.7,,,,,,,,,,,,,,,,,,,,,,,,,,,,,,,,,,,,
2023,2,7,7,0,-3.1,83.38,-5.5,,,,,,,,,,,,,,,,,,,,,,,,,,,,,,,,,,,,
2023,2,7,8,0,-3,83.31,-5.4,,,,,,,,,,,,,,,,,,,,,,,,,,,,,,,,,,,,
2023,2,7,9,0,-2.9,82.32,-5.5,,,,,,,,,,,,,,,,,,,,,,,,,,,,,,,,,,,,
2023,2,7,10,0,-2.9,81.73,-5.6,,,,,,,,,,,,,,,,,,,,,,,,,,,,,,,,,,,,
2023,2,7,11,0,-3,81.32,-5.8,,,,,,,,,,,,,,,,,,,,,,,,,,,,,,,,,,,,
2023,2,7,12,0,-3,80.74,-5.8,,,,,,,,,,,,,,,,,,,,,,,,,,,,,,,,,,,,
2023,2,7,13,0,-3,80.07,-6,,,,,,,,,,,,,,,,,,,,,,,,,,,,,,,,,,,,
2023,2,7,14,0,-2.9,79.35,-6,,,,,,,,,,,,,,,,,,,,,,,,,,,,,,,,,,,,
2023,2,7,15,0,-2.5,78.16,-5.8,,,,,,,,,,,,,,,,,,,,,,,,,,,,,,,,,,,,
2023,2,7,16,0,-1.3,76.39,-4.9,,,,,,,,,,,,,,,,,,,,,,,,,,,,,,,,,,,,
2023,2,7,17,0,0.9,73.31,-3.3,,,,,,,,,,,,,,,,,,,,,,,,,,,,,,,,,,,,
2023,2,7,18,0,2,70.01,-2.9,,,,,,,,,,,,,,,,,,,,,,,,,,,,,,,,,,,,
2023,2,7,19,0,2.5,68.94,-2.6,,,,,,,,,,,,,,,,,,,,,,,,,,,,,,,,,,,,
2023,2,7,20,0,2.8,68.51,-2.4,,,,,,,,,,,,,,,,,,,,,,,,,,,,,,,,,,,,
2023,2,7,21,0,2.9,68.58,-2.3,,,,,,,,,,,,,,,,,,,,,,,,,,,,,,,,,,,,
2023,2,7,22,0,2.9,68.18,-2.4,,,,,,,,,,,,,,,,,,,,,,,,,,,,,,,,,,,,
2023,2,7,23,0,2.6,68.97,-2.5,,,,,,,,,,,,,,,,,,,,,,,,,,,,,,,,,,,,
2023,2,8,0,0,1.6,68.14,-3.6,,,,,,,,,,,,,,,,,,,,,,,,,,,,,,,,,,,,
2023,2,8,1,0,0.1,69.17,-4.9,,,,,,,,,,,,,,,,,,,,,,,,,,,,,,,,,,,,
2023,2,8,2,0,-1.2,72.23,-5.6,,,,,,,,,,,,,,,,,,,,,,,,,,,,,,,,,,,,
2023,2,8,3,0,-2.4,75.13,-6.2,,,,,,,,,,,,,,,,,,,,,,,,,,,,,,,,,,,,
2023,2,8,4,0,-3.4,77.45,-6.8,,,,,,,,,,,,,,,,,,,,,,,,,,,,,,,,,,,,
2023,2,8,5,0,-4.3,79.49,-7.3,,,,,,,,,,,,,,,,,,,,,,,,,,,,,,,,,,,,
2023,2,8,6,0,-5,80.3,-7.9,,,,,,,,,,,,,,,,,,,,,,,,,,,,,,,,,,,,
2023,2,8,7,0,-5.3,80.56,-8.1,,,,,,,,,,,,,,,,,,,,,,,,,,,,,,,,,,,,
2023,2,8,8,0,-5.3,80.64,-8.1,,,,,,,,,,,,,,,,,,,,,,,,,,,,,,,,,,,,
2023,2,8,9,0,-4.4,78.18,-7.6,,,,,,,,,,,,,,,,,,,,,,,,,,,,,,,,,,,,
2023,2,8,10,0,-4,77.04,-7.4,,,,,,,,,,,,,,,,,,,,,,,,,,,,,,,,,,,,
2023,2,8,11,0,-3.8,76.4,-7.3,,,,,,,,,,,,,,,,,,,,,,,,,,,,,,,,,,,,
2023,2,8,12,0,-4,76.59,-7.5,,,,,,,,,,,,,,,,,,,,,,,,,,,,,,,,,,,,
2023,2,8,13,0,-4.4,77.53,-7.7,,,,,,,,,,,,,,,,,,,,,,,,,,,,,,,,,,,,
2023,2,8,14,0,-4.7,77.83,-8,,,,,,,,,,,,,,,,,,,,,,,,,,,,,,,,,,,,
2023,2,8,15,0,-4,76.72,-7.5,,,,,,,,,,,,,,,,,,,,,,,,,,,,,,,,,,,,
2023,2,8,16,0,-1.2,75.56,-5,,,,,,,,,,,,,,,,,,,,,,,,,,,,,,,,,,,,
2023,2,8,17,0,1.2,73.99,-2.9,,,,,,,,,,,,,,,,,,,,,,,,,,,,,,,,,,,,
2023,2,8,18,0,2.4,72.4,-2.1,,,,,,,,,,,,,,,,,,,,,,,,,,,,,,,,,,,,
2023,2,8,19,0,3,72.24,-1.5,,,,,,,,,,,,,,,,,,,,,,,,,,,,,,,,,,,,
2023,2,8,20,0,3.2,72.9,-1.2,,,,,,,,,,,,,,,,,,,,,,,,,,,,,,,,,,,,
2023,2,8,21,0,3.2,72.06,-1.4,,,,,,,,,,,,,,,,,,,,,,,,,,,,,,,,,,,,
2023,2,8,22,0,2.8,69.7,-2.2,,,,,,,,,,,,,,,,,,,,,,,,,,,,,,,,,,,,
2023,2,8,23,0,1.8,66.22,-3.8,,,,,,,,,,,,,,,,,,,,,,,,,,,,,,,,,,,,
2023,2,9,0,0,-0.8,65.25,-6.5,,,,,,,,,,,,,,,,,,,,,,,,,,,,,,,,,,,,
2023,2,9,1,0,-3.7,65.65,-9.2,,,,,,,,,,,,,,,,,,,,,,,,,,,,,,,,,,,,
2023,2,9,2,0,-5.6,65.32,-11.1,,,,,,,,,,,,,,,,,,,,,,,,,,,,,,,,,,,,
2023,2,9,3,0,-6,63.12,-11.9,,,,,,,,,,,,,,,,,,,,,,,,,,,,,,,,,,,,
2023,2,9,4,0,-5.7,60.92,-12,,,,,,,,,,,,,,,,,,,,,,,,,,,,,,,,,,,,
2023,2,9,5,0,-5.7,60.59,-12.1,,,,,,,,,,,,,,,,,,,,,,,,,,,,,,,,,,,,
2023,2,9,6,0,-5.9,61.58,-12.1,,,,,,,,,,,,,,,,,,,,,,,,,,,,,,,,,,,,
2023,2,9,7,0,-6.4,63.48,-12.2,,,,,,,,,,,,,,,,,,,,,,,,,,,,,,,,,,,,
2023,2,9,8,0,-7,65.19,-12.4,,,,,,,,,,,,,,,,,,,,,,,,,,,,,,,,,,,,
2023,2,9,9,0,-7.6,66.37,-12.8,,,,,,,,,,,,,,,,,,,,,,,,,,,,,,,,,,,,
2023,2,9,10,0,-7.9,66.59,-13,,,,,,,,,,,,,,,,,,,,,,,,,,,,,,,,,,,,
2023,2,9,11,0,-7.9,66.45,-13.1,,,,,,,,,,,,,,,,,,,,,,,,,,,,,,,,,,,,
2023,2,9,12,0,-8.1,66.85,-13.2,,,,,,,,,,,,,,,,,,,,,,,,,,,,,,,,,,,,
2023,2,9,13,0,-8.4,67.36,-13.4,,,,,,,,,,,,,,,,,,,,,,,,,,,,,,,,,,,,
2023,2,9,14,0,-8.5,67.03,-13.5,,,,,,,,,,,,,,,,,,,,,,,,,,,,,,,,,,,,
2023,2,9,15,0,-8.3,66.96,-13.3,,,,,,,,,,,,,,,,,,,,,,,,,,,,,,,,,,,,
2023,2,9,16,0,-6.8,65.52,-12.2,,,,,,,,,,,,,,,,,,,,,,,,,,,,,,,,,,,,
2023,2,9,17,0,-3.5,63.71,-9.4,,,,,,,,,,,,,,,,,,,,,,,,,,,,,,,,,,,,
2023,2,9,18,0,-1.3,58.94,-8.3,,,,,,,,,,,,,,,,,,,,,,,,,,,,,,,,,,,,
2023,2,9,19,0,0,54.24,-8.2,,,,,,,,,,,,,,,,,,,,,,,,,,,,,,,,,,,,
2023,2,9,20,0,0.5,52.07,-8.2,,,,,,,,,,,,,,,,,,,,,,,,,,,,,,,,,,,,
2023,2,9,21,0,0.7,50.94,-8.3,,,,,,,,,,,,,,,,,,,,,,,,,,,,,,,,,,,,
2023,2,9,22,0,0.7,50.26,-8.5,,,,,,,,,,,,,,,,,,,,,,,,,,,,,,,,,,,,
2023,2,9,23,0,0.3,52,-8.4,,,,,,,,,,,,,,,,,,,,,,,,,,,,,,,,,,,,
2023,2,10,0,0,-0.6,46.09,-10.8,,,,,,,,,,,,,,,,,,,,,,,,,,,,,,,,,,,,
2023,2,10,1,0,-1.8,45.69,-12,,,,,,,,,,,,,,,,,,,,,,,,,,,,,,,,,,,,
2023,2,10,2,0,-2.9,48.31,-12.3,,,,,,,,,,,,,,,,,,,,,,,,,,,,,,,,,,,,
2023,2,10,3,0,-4.3,52.41,-12.6,,,,,,,,,,,,,,,,,,,,,,,,,,,,,,,,,,,,
2023,2,10,4,0,-5.9,57,-13.1,,,,,,,,,,,,,,,,,,,,,,,,,,,,,,,,,,,,
2023,2,10,5,0,-7.6,61.44,-13.7,,,,,,,,,,,,,,,,,,,,,,,,,,,,,,,,,,,,
2023,2,10,6,0,-8.4,63.74,-14,,,,,,,,,,,,,,,,,,,,,,,,,,,,,,,,,,,,
2023,2,10,7,0,-8.9,64.91,-14.3,,,,,,,,,,,,,,,,,,,,,,,,,,,,,,,,,,,,
2023,2,10,8,0,-9.2,64.74,-14.6,,,,,,,,,,,,,,,,,,,,,,,,,,,,,,,,,,,,
2023,2,10,9,0,-9.4,63.59,-15,,,,,,,,,,,,,,,,,,,,,,,,,,,,,,,,,,,,
2023,2,10,10,0,-9.2,60.58,-15.4,,,,,,,,,,,,,,,,,,,,,,,,,,,,,,,,,,,,
2023,2,10,11,0,-8.7,56.62,-15.8,,,,,,,,,,,,,,,,,,,,,,,,,,,,,,,,,,,,
2023,2,10,12,0,-8.4,53.34,-16.2,,,,,,,,,,,,,,,,,,,,,,,,,,,,,,,,,,,,
2023,2,10,13,0,-8.5,51.55,-16.7,,,,,,,,,,,,,,,,,,,,,,,,,,,,,,,,,,,,
2023,2,10,14,0,-8.6,49.38,-17.3,,,,,,,,,,,,,,,,,,,,,,,,,,,,,,,,,,,,
2023,2,10,15,0,-8,50.64,-16.5,,,,,,,,,,,,,,,,,,,,,,,,,,,,,,,,,,,,
2023,2,10,16,0,-4.9,56.64,-12.2,,,,,,,,,,,,,,,,,,,,,,,,,,,,,,,,,,,,
2023,2,10,17,0,-1,54.07,-9.1,,,,,,,,,,,,,,,,,,,,,,,,,,,,,,,,,,,,
2023,2,10,18,0,0.8,58.24,-6.5,,,,,,,,,,,,,,,,,,,,,,,,,,,,,,,,,,,,
2023,2,10,19,0,2.2,61.75,-4.4,,,,,,,,,,,,,,,,,,,,,,,,,,,,,,,,,,,,
2023,2,10,20,0,3,64.63,-3,,,,,,,,,,,,,,,,,,,,,,,,,,,,,,,,,,,,
2023,2,10,21,0,3.3,69.29,-1.8,,,,,,,,,,,,,,,,,,,,,,,,,,,,,,,,,,,,
2023,2,10,22,0,3.4,72.76,-1,,,,,,,,,,,,,,,,,,,,,,,,,,,,,,,,,,,,
2023,2,10,23,0,3.1,77.29,-0.5,,,,,,,,,,,,,,,,,,,,,,,,,,,,,,,,,,,,
2023,2,11,0,0,1.8,78.33,-1.6,,,,,,,,,,,,,,,,,,,,,,,,,,,,,,,,,,,,
2023,2,11,1,0,-0.7,77.37,-4.2,,,,,,,,,,,,,,,,,,,,,,,,,,,,,,,,,,,,
2023,2,11,2,0,-2.1,76.36,-5.7,,,,,,,,,,,,,,,,,,,,,,,,,,,,,,,,,,,,
2023,2,11,3,0,-2.8,73.38,-6.9,,,,,,,,,,,,,,,,,,,,,,,,,,,,,,,,,,,,
2023,2,11,4,0,-3.4,70.08,-8.1,,,,,,,,,,,,,,,,,,,,,,,,,,,,,,,,,,,,
2023,2,11,5,0,-3.9,67.46,-9,,,,,,,,,,,,,,,,,,,,,,,,,,,,,,,,,,,,
2023,2,11,6,0,-4.4,66.21,-9.8,,,,,,,,,,,,,,,,,,,,,,,,,,,,,,,,,,,,
2023,2,11,7,0,-4.7,65.21,-10.2,,,,,,,,,,,,,,,,,,,,,,,,,,,,,,,,,,,,
2023,2,11,8,0,-5,65.02,-10.6,,,,,,,,,,,,,,,,,,,,,,,,,,,,,,,,,,,,
2023,2,11,9,0,-5.2,64.54,-10.8,,,,,,,,,,,,,,,,,,,,,,,,,,,,,,,,,,,,
2023,2,11,10,0,-5.4,63.48,-11.2,,,,,,,,,,,,,,,,,,,,,,,,,,,,,,,,,,,,
2023,2,11,11,0,-5.5,61.87,-11.7,,,,,,,,,,,,,,,,,,,,,,,,,,,,,,,,,,,,
2023,2,11,12,0,-5.5,60.85,-11.9,,,,,,,,,,,,,,,,,,,,,,,,,,,,,,,,,,,,
2023,2,11,13,0,-5.2,59.81,-11.8,,,,,,,,,,,,,,,,,,,,,,,,,,,,,,,,,,,,
2023,2,11,14,0,-4.2,56.13,-11.7,,,,,,,,,,,,,,,,,,,,,,,,,,,,,,,,,,,,
2023,2,11,15,0,-2.8,56.01,-10.4,,,,,,,,,,,,,,,,,,,,,,,,,,,,,,,,,,,,
2023,2,11,16,0,-0.6,58.92,-7.6,,,,,,,,,,,,,,,,,,,,,,,,,,,,,,,,,,,,
2023,2,11,17,0,1.4,66.23,-4.2,,,,,,,,,,,,,,,,,,,,,,,,,,,,,,,,,,,,
2023,2,11,18,0,2.8,69.64,-2.2,,,,,,,,,,,,,,,,,,,,,,,,,,,,,,,,,,,,
2023,2,11,19,0,3.5,71.76,-1.1,,,,,,,,,,,,,,,,,,,,,,,,,,,,,,,,,,,,
2023,2,11,20,0,3.9,71.54,-0.8,,,,,,,,,,,,,,,,,,,,,,,,,,,,,,,,,,,,
2023,2,11,21,0,4.1,69.15,-1.1,,,,,,,,,,,,,,,,,,,,,,,,,,,,,,,,,,,,
2023,2,11,22,0,4.2,68.75,-1,,,,,,,,,,,,,,,,,,,,,,,,,,,,,,,,,,,,
2023,2,11,23,0,3.8,73.59,-0.5,,,,,,,,,,,,,,,,,,,,,,,,,,,,,,,,,,,,
2023,2,12,0,0,3.5,75.55,-0.4,,,,,,,,,,,,,,,,,,,,,,,,,,,,,,,,,,,,
2023,2,12,1,0,2.6,74.5,-1.5,,,,,,,,,,,,,,,,,,,,,,,,,,,,,,,,,,,,
2023,2,12,2,0,1.7,71.47,-2.9,,,,,,,,,,,,,,,,,,,,,,,,,,,,,,,,,,,,
2023,2,12,3,0,1,70.81,-3.7,,,,,,,,,,,,,,,,,,,,,,,,,,,,,,,,,,,,
2023,2,12,4,0,0.7,69.01,-4.3,,,,,,,,,,,,,,,,,,,,,,,,,,,,,,,,,,,,
2023,2,12,5,0,0.5,66.72,-5,,,,,,,,,,,,,,,,,,,,,,,,,,,,,,,,,,,,
2023,2,12,6,0,0.3,64.15,-5.7,,,,,,,,,,,,,,,,,,,,,,,,,,,,,,,,,,,,
2023,2,12,7,0,0,62.35,-6.3,,,,,,,,,,,,,,,,,,,,,,,,,,,,,,,,,,,,
2023,2,12,8,0,-0.2,60.76,-6.9,,,,,,,,,,,,,,,,,,,,,,,,,,,,,,,,,,,,
2023,2,12,9,0,-0.5,60.01,-7.3,,,,,,,,,,,,,,,,,,,,,,,,,,,,,,,,,,,,
2023,2,12,10,0,-0.6,58.61,-7.7,,,,,,,,,,,,,,,,,,,,,,,,,,,,,,,,,,,,
2023,2,12,11,0,-0.6,56.48,-8.2,,,,,,,,,,,,,,,,,,,,,,,,,,,,,,,,,,,,
2023,2,12,12,0,-0.7,55.07,-8.6,,,,,,,,,,,,,,,,,,,,,,,,,,,,,,,,,,,,
2023,2,12,13,0,-1,54.14,-9.1,,,,,,,,,,,,,,,,,,,,,,,,,,,,,,,,,,,,
2023,2,12,14,0,-1.5,55.64,-9.2,,,,,,,,,,,,,,,,,,,,,,,,,,,,,,,,,,,,
2023,2,12,15,0,-1.3,57.07,-8.7,,,,,,,,,,,,,,,,,,,,,,,,,,,,,,,,,,,,
2023,2,12,16,0,-0.2,61.6,-6.7,,,,,,,,,,,,,,,,,,,,,,,,,,,,,,,,,,,,
2023,2,12,17,0,1.7,64.55,-4.3,,,,,,,,,,,,,,,,,,,,,,,,,,,,,,,,,,,,
2023,2,12,18,0,2.6,65.53,-3.2,,,,,,,,,,,,,,,,,,,,,,,,,,,,,,,,,,,,
2023,2,12,19,0,3,68.03,-2.3,,,,,,,,,,,,,,,,,,,,,,,,,,,,,,,,,,,,
2023,2,12,20,0,3.2,69.36,-1.9,,,,,,,,,,,,,,,,,,,,,,,,,,,,,,,,,,,,
2023,2,12,21,0,3.2,71.57,-1.4,,,,,,,,,,,,,,,,,,,,,,,,,,,,,,,,,,,,
2023,2,12,22,0,3.2,73.59,-1.1,,,,,,,,,,,,,,,,,,,,,,,,,,,,,,,,,,,,
2023,2,12,23,0,3.1,76.47,-0.6,,,,,,,,,,,,,,,,,,,,,,,,,,,,,,,,,,,,
2023,2,13,0,0,2.2,77.81,-1.3,,,,,,,,,,,,,,,,,,,,,,,,,,,,,,,,,,,,
2023,2,13,1,0,0.8,77.25,-2.7,,,,,,,,,,,,,,,,,,,,,,,,,,,,,,,,,,,,
2023,2,13,2,0,-0.3,79.49,-3.4,,,,,,,,,,,,,,,,,,,,,,,,,,,,,,,,,,,,
2023,2,13,3,0,-1.2,80.42,-4.1,,,,,,,,,,,,,,,,,,,,,,,,,,,,,,,,,,,,
2023,2,13,4,0,-2.1,80.34,-5,,,,,,,,,,,,,,,,,,,,,,,,,,,,,,,,,,,,
2023,2,13,5,0,-2.5,79.99,-5.5,,,,,,,,,,,,,,,,,,,,,,,,,,,,,,,,,,,,
2023,2,13,6,0,-2.7,78.18,-6,,,,,,,,,,,,,,,,,,,,,,,,,,,,,,,,,,,,
2023,2,13,7,0,-3.2,75.71,-6.9,,,,,,,,,,,,,,,,,,,,,,,,,,,,,,,,,,,,
2023,2,13,8,0,-3.5,71.67,-7.9,,,,,,,,,,,,,,,,,,,,,,,,,,,,,,,,,,,,
2023,2,13,9,0,-3.5,66.77,-8.8,,,,,,,,,,,,,,,,,,,,,,,,,,,,,,,,,,,,
2023,2,13,10,0,-3.7,62.23,-9.9,,,,,,,,,,,,,,,,,,,,,,,,,,,,,,,,,,,,
2023,2,13,11,0,-3.9,57.27,-11.1,,,,,,,,,,,,,,,,,,,,,,,,,,,,,,,,,,,,
2023,2,13,12,0,-4.2,53.37,-12.3,,,,,,,,,,,,,,,,,,,,,,,,,,,,,,,,,,,,
2023,2,13,13,0,-4.3,48.92,-13.4,,,,,,,,,,,,,,,,,,,,,,,,,,,,,,,,,,,,
2023,2,13,14,0,-4.4,46.63,-14.1,,,,,,,,,,,,,,,,,,,,,,,,,,,,,,,,,,,,
2023,2,13,15,0,-3.7,47.73,-13.2,,,,,,,,,,,,,,,,,,,,,,,,,,,,,,,,,,,,
2023,2,13,16,0,-1.7,56.43,-9.2,,,,,,,,,,,,,,,,,,,,,,,,,,,,,,,,,,,,
2023,2,13,17,0,1.7,58.76,-5.5,,,,,,,,,,,,,,,,,,,,,,,,,,,,,,,,,,,,
2023,2,13,18,0,2.8,63.07,-3.5,,,,,,,,,,,,,,,,,,,,,,,,,,,,,,,,,,,,
2023,2,13,19,0,3.3,68.73,-1.9,,,,,,,,,,,,,,,,,,,,,,,,,,,,,,,,,,,,
2023,2,13,20,0,3.5,70.45,-1.4,,,,,,,,,,,,,,,,,,,,,,,,,,,,,,,,,,,,
2023,2,13,21,0,3.7,71.53,-1,,,,,,,,,,,,,,,,,,,,,,,,,,,,,,,,,,,,
2023,2,13,22,0,3.8,72.82,-0.6,,,,,,,,,,,,,,,,,,,,,,,,,,,,,,,,,,,,
2023,2,13,23,0,3.7,75.34,-0.3,,,,,,,,,,,,,,,,,,,,,,,,,,,,,,,,,,,,
2023,2,14,0,0,2.5,76.12,-1.3,,,,,,,,,,,,,,,,,,,,,,,,,,,,,,,,,,,,
2023,2,14,1,0,0.6,74.01,-3.5,,,,,,,,,,,,,,,,,,,,,,,,,,,,,,,,,,,,
2023,2,14,2,0,-0.3,72.95,-4.6,,,,,,,,,,,,,,,,,,,,,,,,,,,,,,,,,,,,
2023,2,14,3,0,-1.1,72.74,-5.4,,,,,,,,,,,,,,,,,,,,,,,,,,,,,,,,,,,,
2023,2,14,4,0,-1.7,72.06,-6.1,,,,,,,,,,,,,,,,,,,,,,,,,,,,,,,,,,,,
2023,2,14,5,0,-1.8,71.37,-6.3,,,,,,,,,,,,,,,,,,,,,,,,,,,,,,,,,,,,
2023,2,14,6,0,-3,75.17,-6.8,,,,,,,,,,,,,,,,,,,,,,,,,,,,,,,,,,,,
2023,2,14,7,0,-3.6,78.34,-6.8,,,,,,,,,,,,,,,,,,,,,,,,,,,,,,,,,,,,
2023,2,14,8,0,-3.5,79.02,-6.6,,,,,,,,,,,,,,,,,,,,,,,,,,,,,,,,,,,,
2023,2,14,9,0,-3.6,77.03,-7,,,,,,,,,,,,,,,,,,,,,,,,,,,,,,,,,,,,
2023,2,14,10,0,-4.4,74.88,-8.2,,,,,,,,,,,,,,,,,,,,,,,,,,,,,,,,,,,,
2023,2,14,11,0,-5.3,73.27,-9.3,,,,,,,,,,,,,,,,,,,,,,,,,,,,,,,,,,,,
2023,2,14,12,0,-5.9,72.76,-10,,,,,,,,,,,,,,,,,,,,,,,,,,,,,,,,,,,,
2023,2,14,13,0,-6.3,73.31,-10.3,,,,,,,,,,,,,,,,,,,,,,,,,,,,,,,,,,,,
2023,2,14,14,0,-6.6,73.98,-10.5,,,,,,,,,,,,,,,,,,,,,,,,,,,,,,,,,,,,
2023,2,14,15,0,-5.8,72.57,-9.9,,,,,,,,,,,,,,,,,,,,,,,,,,,,,,,,,,,,
2023,2,14,16,0,-3.7,71.76,-8.1,,,,,,,,,,,,,,,,,,,,,,,,,,,,,,,,,,,,
2023,2,14,17,0,-2.3,67.49,-7.5,,,,,,,,,,,,,,,,,,,,,,,,,,,,,,,,,,,,
2023,2,14,18,0,-2,64.89,-7.7,,,,,,,,,,,,,,,,,,,,,,,,,,,,,,,,,,,,
2023,2,14,19,0,-2.1,63.65,-8.1,,,,,,,,,,,,,,,,,,,,,,,,,,,,,,,,,,,,
2023,2,14,20,0,-2.4,63.21,-8.4,,,,,,,,,,,,,,,,,,,,,,,,,,,,,,,,,,,,
2023,2,14,21,0,-2.6,61.98,-8.9,,,,,,,,,,,,,,,,,,,,,,,,,,,,,,,,,,,,
2023,2,14,22,0,-2.9,61.92,-9.2,,,,,,,,,,,,,,,,,,,,,,,,,,,,,,,,,,,,
2023,2,14,23,0,-3.3,64.24,-9.1,,,,,,,,,,,,,,,,,,,,,,,,,,,,,,,,,,,,
2023,2,15,0,0,-4.3,67.69,-9.4,,,,,,,,,,,,,,,,,,,,,,,,,,,,,,,,,,,,
2023,2,15,1,0,-5.4,67.66,-10.4,,,,,,,,,,,,,,,,,,,,,,,,,,,,,,,,,,,,
2023,2,15,2,0,-6.1,68,-11,,,,,,,,,,,,,,,,,,,,,,,,,,,,,,,,,,,,
2023,2,15,3,0,-6.6,69.16,-11.3,,,,,,,,,,,,,,,,,,,,,,,,,,,,,,,,,,,,
2023,2,15,4,0,-7.2,70.97,-11.6,,,,,,,,,,,,,,,,,,,,,,,,,,,,,,,,,,,,
2023,2,15,5,0,-8.3,73.21,-12.2,,,,,,,,,,,,,,,,,,,,,,,,,,,,,,,,,,,,
2023,2,15,6,0,-9.3,74.64,-13,,,,,,,,,,,,,,,,,,,,,,,,,,,,,,,,,,,,
2023,2,15,7,0,-9.6,74.4,-13.3,,,,,,,,,,,,,,,,,,,,,,,,,,,,,,,,,,,,
2023,2,15,8,0,-9.6,73.16,-13.5,,,,,,,,,,,,,,,,,,,,,,,,,,,,,,,,,,,,
2023,2,15,9,0,-9.6,69.68,-14.1,,,,,,,,,,,,,,,,,,,,,,,,,,,,,,,,,,,,
2023,2,15,10,0,-9.7,66.79,-14.7,,,,,,,,,,,,,,,,,,,,,,,,,,,,,,,,,,,,
2023,2,15,11,0,-9.6,64.99,-15,,,,,,,,,,,,,,,,,,,,,,,,,,,,,,,,,,,,
2023,2,15,12,0,-9.5,63.92,-15.1,,,,,,,,,,,,,,,,,,,,,,,,,,,,,,,,,,,,
2023,2,15,13,0,-9.6,64.27,-15.1,,,,,,,,,,,,,,,,,,,,,,,,,,,,,,,,,,,,
2023,2,15,14,0,-9.4,63.83,-15,,,,,,,,,,,,,,,,,,,,,,,,,,,,,,,,,,,,
2023,2,15,15,0,-8.6,63.19,-14.3,,,,,,,,,,,,,,,,,,,,,,,,,,,,,,,,,,,,
2023,2,15,16,0,-6.9,60.72,-13.2,,,,,,,,,,,,,,,,,,,,,,,,,,,,,,,,,,,,
2023,2,15,17,0,-5.4,58.28,-12.3,,,,,,,,,,,,,,,,,,,,,,,,,,,,,,,,,,,,
2023,2,15,18,0,-4.1,57.56,-11.2,,,,,,,,,,,,,,,,,,,,,,,,,,,,,,,,,,,,
2023,2,15,19,0,-3,56.9,-10.4,,,,,,,,,,,,,,,,,,,,,,,,,,,,,,,,,,,,
2023,2,15,20,0,-2.4,56.56,-9.9,,,,,,,,,,,,,,,,,,,,,,,,,,,,,,,,,,,,
2023,2,15,21,0,-2.1,55.81,-9.8,,,,,,,,,,,,,,,,,,,,,,,,,,,,,,,,,,,,
2023,2,15,22,0,-2.2,55.94,-9.8,,,,,,,,,,,,,,,,,,,,,,,,,,,,,,,,,,,,
2023,2,15,23,0,-2.7,58.1,-9.8,,,,,,,,,,,,,,,,,,,,,,,,,,,,,,,,,,,,
2023,2,16,0,0,-4.6,61.76,-10.8,,,,,,,,,,,,,,,,,,,,,,,,,,,,,,,,,,,,
2023,2,16,1,0,-6.9,59.72,-13.4,,,,,,,,,,,,,,,,,,,,,,,,,,,,,,,,,,,,
2023,2,16,2,0,-7.5,56.64,-14.6,,,,,,,,,,,,,,,,,,,,,,,,,,,,,,,,,,,,
2023,2,16,3,0,-7.6,55.3,-15,,,,,,,,,,,,,,,,,,,,,,,,,,,,,,,,,,,,
2023,2,16,4,0,-7.7,55.11,-15.2,,,,,,,,,,,,,,,,,,,,,,,,,,,,,,,,,,,,
2023,2,16,5,0,-8,55.76,-15.3,,,,,,,,,,,,,,,,,,,,,,,,,,,,,,,,,,,,
2023,2,16,6,0,-8.4,56.85,-15.4,,,,,,,,,,,,,,,,,,,,,,,,,,,,,,,,,,,,
2023,2,16,7,0,-8.9,58.46,-15.6,,,,,,,,,,,,,,,,,,,,,,,,,,,,,,,,,,,,
2023,2,16,8,0,-9.4,60.01,-15.7,,,,,,,,,,,,,,,,,,,,,,,,,,,,,,,,,,,,
2023,2,16,9,0,-9.9,61.03,-16,,,,,,,,,,,,,,,,,,,,,,,,,,,,,,,,,,,,
2023,2,16,10,0,-10.3,62.12,-16.2,,,,,,,,,,,,,,,,,,,,,,,,,,,,,,,,,,,,
2023,2,16,11,0,-10.6,62.62,-16.4,,,,,,,,,,,,,,,,,,,,,,,,,,,,,,,,,,,,
2023,2,16,12,0,-11,63.69,-16.5,,,,,,,,,,,,,,,,,,,,,,,,,,,,,,,,,,,,
2023,2,16,13,0,-11.3,63.98,-16.8,,,,,,,,,,,,,,,,,,,,,,,,,,,,,,,,,,,,
2023,2,16,14,0,-11.6,64.26,-17,,,,,,,,,,,,,,,,,,,,,,,,,,,,,,,,,,,,
2023,2,16,15,0,-11.3,64.59,-16.7,,,,,,,,,,,,,,,,,,,,,,,,,,,,,,,,,,,,
2023,2,16,16,0,-9.3,64.24,-14.8,,,,,,,,,,,,,,,,,,,,,,,,,,,,,,,,,,,,
2023,2,16,17,0,-6,62.65,-12,,,,,,,,,,,,,,,,,,,,,,,,,,,,,,,,,,,,
2023,2,16,18,0,-3.2,59.95,-9.9,,,,,,,,,,,,,,,,,,,,,,,,,,,,,,,,,,,,
2023,2,16,19,0,-1.4,55.92,-9.1,,,,,,,,,,,,,,,,,,,,,,,,,,,,,,,,,,,,
2023,2,16,20,0,-0.7,54.22,-8.8,,,,,,,,,,,,,,,,,,,,,,,,,,,,,,,,,,,,
2023,2,16,21,0,-0.4,53.58,-8.7,,,,,,,,,,,,,,,,,,,,,,,,,,,,,,,,,,,,
2023,2,16,22,0,-0.2,52.79,-8.7,,,,,,,,,,,,,,,,,,,,,,,,,,,,,,,,,,,,
2023,2,16,23,0,-0.4,52.33,-9,,,,,,,,,,,,,,,,,,,,,,,,,,,,,,,,,,,,
2023,2,17,0,0,-1.2,51.78,-9.9,,,,,,,,,,,,,,,,,,,,,,,,,,,,,,,,,,,,
2023,2,17,1,0,-2.4,51.05,-11.2,,,,,,,,,,,,,,,,,,,,,,,,,,,,,,,,,,,,
2023,2,17,2,0,-3.9,54.63,-11.7,,,,,,,,,,,,,,,,,,,,,,,,,,,,,,,,,,,,
2023,2,17,3,0,-5.6,59.41,-12.3,,,,,,,,,,,,,,,,,,,,,,,,,,,,,,,,,,,,
2023,2,17,4,0,-7.2,63.79,-12.9,,,,,,,,,,,,,,,,,,,,,,,,,,,,,,,,,,,,
2023,2,17,5,0,-8,66.14,-13.2,,,,,,,,,,,,,,,,,,,,,,,,,,,,,,,,,,,,
2023,2,17,6,0,-8.8,68.74,-13.5,,,,,,,,,,,,,,,,,,,,,,,,,,,,,,,,,,,,
2023,2,17,7,0,-9.3,69.59,-13.8,,,,,,,,,,,,,,,,,,,,,,,,,,,,,,,,,,,,
2023,2,17,8,0,-10,71.11,-14.2,,,,,,,,,,,,,,,,,,,,,,,,,,,,,,,,,,,,
2023,2,17,9,0,-10.5,71.58,-14.6,,,,,,,,,,,,,,,,,,,,,,,,,,,,,,,,,,,,
2023,2,17,10,0,-10.7,70.73,-15,,,,,,,,,,,,,,,,,,,,,,,,,,,,,,,,,,,,
2023,2,17,11,0,-10.5,67.91,-15.3,,,,,,,,,,,,,,,,,,,,,,,,,,,,,,,,,,,,
2023,2,17,12,0,-10.2,64.67,-15.6,,,,,,,,,,,,,,,,,,,,,,,,,,,,,,,,,,,,
2023,2,17,13,0,-9.9,61.24,-16,,,,,,,,,,,,,,,,,,,,,,,,,,,,,,,,,,,,
2023,2,17,14,0,-9.7,58.72,-16.3,,,,,,,,,,,,,,,,,,,,,,,,,,,,,,,,,,,,
2023,2,17,15,0,-8.6,57.98,-15.4,,,,,,,,,,,,,,,,,,,,,,,,,,,,,,,,,,,,
2023,2,17,16,0,-5.7,61.28,-12,,,,,,,,,,,,,,,,,,,,,,,,,,,,,,,,,,,,
2023,2,17,17,0,-2.2,59.04,-9.1,,,,,,,,,,,,,,,,,,,,,,,,,,,,,,,,,,,,
2023,2,17,18,0,0.1,60.74,-6.6,,,,,,,,,,,,,,,,,,,,,,,,,,,,,,,,,,,,
2023,2,17,19,0,1.6,59.7,-5.4,,,,,,,,,,,,,,,,,,,,,,,,,,,,,,,,,,,,
2023,2,17,20,0,2.2,61.33,-4.5,,,,,,,,,,,,,,,,,,,,,,,,,,,,,,,,,,,,
2023,2,17,21,0,2.5,62.61,-3.9,,,,,,,,,,,,,,,,,,,,,,,,,,,,,,,,,,,,
2023,2,17,22,0,2.6,63.54,-3.6,,,,,,,,,,,,,,,,,,,,,,,,,,,,,,,,,,,,
2023,2,17,23,0,2.5,66.73,-3.1,,,,,,,,,,,,,,,,,,,,,,,,,,,,,,,,,,,,
2023,2,18,0,0,1.5,68.44,-3.7,,,,,,,,,,,,,,,,,,,,,,,,,,,,,,,,,,,,
2023,2,18,1,0,-0.3,66.74,-5.7,,,,,,,,,,,,,,,,,,,,,,,,,,,,,,,,,,,,
2023,2,18,2,0,-1.8,67.96,-6.9,,,,,,,,,,,,,,,,,,,,,,,,,,,,,,,,,,,,
2023,2,18,3,0,-3.2,69.63,-8,,,,,,,,,,,,,,,,,,,,,,,,,,,,,,,,,,,,
2023,2,18,4,0,-4.2,70.27,-8.8,,,,,,,,,,,,,,,,,,,,,,,,,,,,,,,,,,,,
2023,2,18,5,0,-5,69.91,-9.6,,,,,,,,,,,,,,,,,,,,,,,,,,,,,,,,,,,,
2023,2,18,6,0,-5.6,68.35,-10.5,,,,,,,,,,,,,,,,,,,,,,,,,,,,,,,,,,,,
2023,2,18,7,0,-5.9,65.21,-11.4,,,,,,,,,,,,,,,,,,,,,,,,,,,,,,,,,,,,
2023,2,18,8,0,-6.2,61.78,-12.3,,,,,,,,,,,,,,,,,,,,,,,,,,,,,,,,,,,,
2023,2,18,9,0,-6.2,57.4,-13.3,,,,,,,,,,,,,,,,,,,,,,,,,,,,,,,,,,,,
2023,2,18,10,0,-6,54.09,-13.8,,,,,,,,,,,,,,,,,,,,,,,,,,,,,,,,,,,,
2023,2,18,11,0,-5.7,50.88,-14.3,,,,,,,,,,,,,,,,,,,,,,,,,,,,,,,,,,,,
2023,2,18,12,0,-5.5,47.37,-14.9,,,,,,,,,,,,,,,,,,,,,,,,,,,,,,,,,,,,
2023,2,18,13,0,-5.6,45.21,-15.6,,,,,,,,,,,,,,,,,,,,,,,,,,,,,,,,,,,,
2023,2,18,14,0,-5.6,43.53,-16.1,,,,,,,,,,,,,,,,,,,,,,,,,,,,,,,,,,,,
2023,2,18,15,0,-4.8,44.07,-15.2,,,,,,,,,,,,,,,,,,,,,,,,,,,,,,,,,,,,
2023,2,18,16,0,-3.1,53.5,-11.2,,,,,,,,,,,,,,,,,,,,,,,,,,,,,,,,,,,,
2023,2,18,17,0,-0.2,54.14,-8.4,,,,,,,,,,,,,,,,,,,,,,,,,,,,,,,,,,,,
2023,2,18,18,0,1.3,57.33,-6.2,,,,,,,,,,,,,,,,,,,,,,,,,,,,,,,,,,,,
2023,2,18,19,0,2.1,59.92,-4.9,,,,,,,,,,,,,,,,,,,,,,,,,,,,,,,,,,,,
2023,2,18,20,0,2.7,61.33,-4,,,,,,,,,,,,,,,,,,,,,,,,,,,,,,,,,,,,
2023,2,18,21,0,3,64.34,-3.1,,,,,,,,,,,,,,,,,,,,,,,,,,,,,,,,,,,,
2023,2,18,22,0,3,66.32,-2.7,,,,,,,,,,,,,,,,,,,,,,,,,,,,,,,,,,,,
2023,2,18,23,0,2.8,68.95,-2.3,,,,,,,,,,,,,,,,,,,,,,,,,,,,,,,,,,,,
2023,2,19,0,0,2,68.9,-3.1,,,,,,,,,,,,,,,,,,,,,,,,,,,,,,,,,,,,
2023,2,19,1,0,0.6,66.91,-4.8,,,,,,,,,,,,,,,,,,,,,,,,,,,,,,,,,,,,
2023,2,19,2,0,-0.2,63.53,-6.3,,,,,,,,,,,,,,,,,,,,,,,,,,,,,,,,,,,,
2023,2,19,3,0,-0.3,60.65,-7,,,,,,,,,,,,,,,,,,,,,,,,,,,,,,,,,,,,
2023,2,19,4,0,-0.1,59.08,-7.1,,,,,,,,,,,,,,,,,,,,,,,,,,,,,,,,,,,,
2023,2,19,5,0,-0.2,58.37,-7.4,,,,,,,,,,,,,,,,,,,,,,,,,,,,,,,,,,,,
2023,2,19,6,0,-0.9,60.59,-7.6,,,,,,,,,,,,,,,,,,,,,,,,,,,,,,,,,,,,
2023,2,19,7,0,-1.6,64.93,-7.3,,,,,,,,,,,,,,,,,,,,,,,,,,,,,,,,,,,,
2023,2,19,8,0,-2,68.76,-7,,,,,,,,,,,,,,,,,,,,,,,,,,,,,,,,,,,,
2023,2,19,9,0,-2.1,70.53,-6.7,,,,,,,,,,,,,,,,,,,,,,,,,,,,,,,,,,,,
2023,2,19,10,0,-2.1,71.33,-6.6,,,,,,,,,,,,,,,,,,,,,,,,,,,,,,,,,,,,
2023,2,19,11,0,-2.2,71.95,-6.6,,,,,,,,,,,,,,,,,,,,,,,,,,,,,,,,,,,,
2023,2,19,12,0,-2.5,73.27,-6.6,,,,,,,,,,,,,,,,,,,,,,,,,,,,,,,,,,,,
2023,2,19,13,0,-2.4,73.61,-6.5,,,,,,,,,,,,,,,,,,,,,,,,,,,,,,,,,,,,
2023,2,19,14,0,-2.2,73.95,-6.2,,,,,,,,,,,,,,,,,,,,,,,,,,,,,,,,,,,,
2023,2,19,15,0,-1.1,72.81,-5.4,,,,,,,,,,,,,,,,,,,,,,,,,,,,,,,,,,,,
2023,2,19,16,0,0.7,72.32,-3.7,,,,,,,,,,,,,,,,,,,,,,,,,,,,,,,,,,,,
2023,2,19,17,0,2.4,68.79,-2.8,,,,,,,,,,,,,,,,,,,,,,,,,,,,,,,,,,,,
2023,2,19,18,0,2.9,67.28,-2.6,,,,,,,,,,,,,,,,,,,,,,,,,,,,,,,,,,,,
2023,2,19,19,0,3.1,66.5,-2.5,,,,,,,,,,,,,,,,,,,,,,,,,,,,,,,,,,,,
2023,2,19,20,0,3.2,66.1,-2.5,,,,,,,,,,,,,,,,,,,,,,,,,,,,,,,,,,,,
2023,2,19,21,0,3.3,67,-2.2,,,,,,,,,,,,,,,,,,,,,,,,,,,,,,,,,,,,
2023,2,19,22,0,3.4,68.32,-1.9,,,,,,,,,,,,,,,,,,,,,,,,,,,,,,,,,,,,
2023,2,19,23,0,3.2,71.37,-1.5,,,,,,,,,,,,,,,,,,,,,,,,,,,,,,,,,,,,
2023,2,20,0,0,2.6,69.45,-2.4,,,,,,,,,,,,,,,,,,,,,,,,,,,,,,,,,,,,
2023,2,20,1,0,1.6,59.66,-5.4,,,,,,,,,,,,,,,,,,,,,,,,,,,,,,,,,,,,
2023,2,20,2,0,0.8,57.39,-6.7,,,,,,,,,,,,,,,,,,,,,,,,,,,,,,,,,,,,
2023,2,20,3,0,0.2,56.93,-7.3,,,,,,,,,,,,,,,,,,,,,,,,,,,,,,,,,,,,
2023,2,20,4,0,-0.7,58.61,-7.8,,,,,,,,,,,,,,,,,,,,,,,,,,,,,,,,,,,,
2023,2,20,5,0,-1.2,59.66,-8.1,,,,,,,,,,,,,,,,,,,,,,,,,,,,,,,,,,,,
2023,2,20,6,0,-1.6,60.97,-8.2,,,,,,,,,,,,,,,,,,,,,,,,,,,,,,,,,,,,
2023,2,20,7,0,-1.4,61.31,-7.9,,,,,,,,,,,,,,,,,,,,,,,,,,,,,,,,,,,,
2023,2,20,8,0,-1.4,62.76,-7.6,,,,,,,,,,,,,,,,,,,,,,,,,,,,,,,,,,,,
2023,2,20,9,0,-1.2,63.13,-7.3,,,,,,,,,,,,,,,,,,,,,,,,,,,,,,,,,,,,
2023,2,20,10,0,-1,63.06,-7.1,,,,,,,,,,,,,,,,,,,,,,,,,,,,,,,,,,,,
2023,2,20,11,0,-0.7,62.75,-6.9,,,,,,,,,,,,,,,,,,,,,,,,,,,,,,,,,,,,
2023,2,20,12,0,-0.4,62.99,-6.6,,,,,,,,,,,,,,,,,,,,,,,,,,,,,,,,,,,,
2023,2,20,13,0,-0.2,62.77,-6.4,,,,,,,,,,,,,,,,,,,,,,,,,,,,,,,,,,,,
2023,2,20,14,0,0.1,62.47,-6.2,,,,,,,,,,,,,,,,,,,,,,,,,,,,,,,,,,,,
2023,2,20,15,0,1.1,63.23,-5.1,,,,,,,,,,,,,,,,,,,,,,,,,,,,,,,,,,,,
2023,2,20,16,0,2.8,67.65,-2.6,,,,,,,,,,,,,,,,,,,,,,,,,,,,,,,,,,,,
2023,2,20,17,0,4,70.89,-0.8,,,,,,,,,,,,,,,,,,,,,,,,,,,,,,,,,,,,
2023,2,20,18,0,4.3,71.76,-0.4,,,,,,,,,,,,,,,,,,,,,,,,,,,,,,,,,,,,
2023,2,20,19,0,4.6,71.56,-0.1,,,,,,,,,,,,,,,,,,,,,,,,,,,,,,,,,,,,
2023,2,20,20,0,4.9,70.94,0.1,,,,,,,,,,,,,,,,,,,,,,,,,,,,,,,,,,,,
2023,2,20,21,0,5.1,70.12,0.1,,,,,,,,,,,,,,,,,,,,,,,,,,,,,,,,,,,,
2023,2,20,22,0,5.3,69.11,0.1,,,,,,,,,,,,,,,,,,,,,,,,,,,,,,,,,,,,
2023,2,20,23,0,5.2,70.99,0.4,,,,,,,,,,,,,,,,,,,,,,,,,,,,,,,,,,,,
2023,2,21,0,0,4.6,73.3,0.2,,,,,,,,,,,,,,,,,,,,,,,,,,,,,,,,,,,,
2023,2,21,1,0,4.5,72.02,-0.1,,,,,,,,,,,,,,,,,,,,,,,,,,,,,,,,,,,,
2023,2,21,2,0,4.2,73.15,-0.2,,,,,,,,,,,,,,,,,,,,,,,,,,,,,,,,,,,,
2023,2,21,3,0,3.8,75.35,-0.2,,,,,,,,,,,,,,,,,,,,,,,,,,,,,,,,,,,,
2023,2,21,4,0,3.6,76.51,-0.1,,,,,,,,,,,,,,,,,,,,,,,,,,,,,,,,,,,,
2023,2,21,5,0,3.3,77.85,-0.2,,,,,,,,,,,,,,,,,,,,,,,,,,,,,,,,,,,,
2023,2,21,6,0,3,79.14,-0.3,,,,,,,,,,,,,,,,,,,,,,,,,,,,,,,,,,,,
2023,2,21,7,0,2.9,79.02,-0.4,,,,,,,,,,,,,,,,,,,,,,,,,,,,,,,,,,,,
2023,2,21,8,0,2.7,79.39,-0.5,,,,,,,,,,,,,,,,,,,,,,,,,,,,,,,,,,,,
2023,2,21,9,0,2.3,79.24,-0.9,,,,,,,,,,,,,,,,,,,,,,,,,,,,,,,,,,,,
2023,2,21,10,0,1.7,78.77,-1.6,,,,,,,,,,,,,,,,,,,,,,,,,,,,,,,,,,,,
2023,2,21,11,0,1.5,78.27,-1.9,,,,,,,,,,,,,,,,,,,,,,,,,,,,,,,,,,,,
2023,2,21,12,0,1.4,78.13,-2,,,,,,,,,,,,,,,,,,,,,,,,,,,,,,,,,,,,
2023,2,21,13,0,1.4,78.83,-1.9,,,,,,,,,,,,,,,,,,,,,,,,,,,,,,,,,,,,
2023,2,21,14,0,1.7,79.23,-1.5,,,,,,,,,,,,,,,,,,,,,,,,,,,,,,,,,,,,
2023,2,21,15,0,2.2,79.96,-0.9,,,,,,,,,,,,,,,,,,,,,,,,,,,,,,,,,,,,
2023,2,21,16,0,3,80.51,0,,,,,,,,,,,,,,,,,,,,,,,,,,,,,,,,,,,,
2023,2,21,17,0,3.8,79.97,0.7,,,,,,,,,,,,,,,,,,,,,,,,,,,,,,,,,,,,
2023,2,21,18,0,4.1,79.78,0.9,,,,,,,,,,,,,,,,,,,,,,,,,,,,,,,,,,,,
2023,2,21,19,0,4.4,79.01,1.1,,,,,,,,,,,,,,,,,,,,,,,,,,,,,,,,,,,,
2023,2,21,20,0,4.4,79.55,1.2,,,,,,,,,,,,,,,,,,,,,,,,,,,,,,,,,,,,
2023,2,21,21,0,4.1,81.17,1.2,,,,,,,,,,,,,,,,,,,,,,,,,,,,,,,,,,,,
2023,2,21,22,0,3.5,83.7,1,,,,,,,,,,,,,,,,,,,,,,,,,,,,,,,,,,,,
2023,2,21,23,0,3,85.16,0.8,,,,,,,,,,,,,,,,,,,,,,,,,,,,,,,,,,,,
2023,2,22,0,0,2.2,86.38,0.2,,,,,,,,,,,,,,,,,,,,,,,,,,,,,,,,,,,,
2023,2,22,1,0,1.5,85.38,-0.7,,,,,,,,,,,,,,,,,,,,,,,,,,,,,,,,,,,,
2023,2,22,2,0,0.9,84.55,-1.4,,,,,,,,,,,,,,,,,,,,,,,,,,,,,,,,,,,,
2023,2,22,3,0,0.4,83.21,-2.1,,,,,,,,,,,,,,,,,,,,,,,,,,,,,,,,,,,,
2023,2,22,4,0,-0.1,81.53,-2.9,,,,,,,,,,,,,,,,,,,,,,,,,,,,,,,,,,,,
2023,2,22,5,0,-0.7,80.47,-3.6,,,,,,,,,,,,,,,,,,,,,,,,,,,,,,,,,,,,
2023,2,22,6,0,-1.4,80.27,-4.4,,,,,,,,,,,,,,,,,,,,,,,,,,,,,,,,,,,,
2023,2,22,7,0,-2,79.68,-5,,,,,,,,,,,,,,,,,,,,,,,,,,,,,,,,,,,,
2023,2,22,8,0,-2.6,79.33,-5.7,,,,,,,,,,,,,,,,,,,,,,,,,,,,,,,,,,,,
2023,2,22,9,0,-3.1,78.89,-6.2,,,,,,,,,,,,,,,,,,,,,,,,,,,,,,,,,,,,
2023,2,22,10,0,-3.4,78.2,-6.7,,,,,,,,,,,,,,,,,,,,,,,,,,,,,,,,,,,,
2023,2,22,11,0,-3.7,77.79,-7,,,,,,,,,,,,,,,,,,,,,,,,,,,,,,,,,,,,
2023,2,22,12,0,-4.1,77.86,-7.4,,,,,,,,,,,,,,,,,,,,,,,,,,,,,,,,,,,,
2023,2,22,13,0,-4.5,77.75,-7.8,,,,,,,,,,,,,,,,,,,,,,,,,,,,,,,,,,,,
2023,2,22,14,0,-4.9,78.27,-8.1,,,,,,,,,,,,,,,,,,,,,,,,,,,,,,,,,,,,
2023,2,22,15,0,-4.7,77.92,-8,,,,,,,,,,,,,,,,,,,,,,,,,,,,,,,,,,,,
2023,2,22,16,0,-4.4,75.52,-8.1,,,,,,,,,,,,,,,,,,,,,,,,,,,,,,,,,,,,
2023,2,22,17,0,-4.4,74.45,-8.3,,,,,,,,,,,,,,,,,,,,,,,,,,,,,,,,,,,,
2023,2,22,18,0,-4.5,74.11,-8.4,,,,,,,,,,,,,,,,,,,,,,,,,,,,,,,,,,,,
2023,2,22,19,0,-4.6,72.98,-8.7,,,,,,,,,,,,,,,,,,,,,,,,,,,,,,,,,,,,
2023,2,22,20,0,-4.9,72.66,-9.1,,,,,,,,,,,,,,,,,,,,,,,,,,,,,,,,,,,,
2023,2,22,21,0,-4.9,71.55,-9.3,,,,,,,,,,,,,,,,,,,,,,,,,,,,,,,,,,,,
2023,2,22,22,0,-5,71.37,-9.4,,,,,,,,,,,,,,,,,,,,,,,,,,,,,,,,,,,,
2023,2,22,23,0,-5.2,72.2,-9.4,,,,,,,,,,,,,,,,,,,,,,,,,,,,,,,,,,,,
2023,2,23,0,0,-6,73.9,-9.9,,,,,,,,,,,,,,,,,,,,,,,,,,,,,,,,,,,,
2023,2,23,1,0,-6.9,72.78,-11,,,,,,,,,,,,,,,,,,,,,,,,,,,,,,,,,,,,
2023,2,23,2,0,-7.1,72.48,-11.2,,,,,,,,,,,,,,,,,,,,,,,,,,,,,,,,,,,,
2023,2,23,3,0,-7.7,72.34,-11.8,,,,,,,,,,,,,,,,,,,,,,,,,,,,,,,,,,,,
2023,2,23,4,0,-8.2,71.65,-12.4,,,,,,,,,,,,,,,,,,,,,,,,,,,,,,,,,,,,
2023,2,23,5,0,-8.5,70.8,-12.9,,,,,,,,,,,,,,,,,,,,,,,,,,,,,,,,,,,,
2023,2,23,6,0,-8.8,70.24,-13.2,,,,,,,,,,,,,,,,,,,,,,,,,,,,,,,,,,,,
2023,2,23,7,0,-9,69.17,-13.6,,,,,,,,,,,,,,,,,,,,,,,,,,,,,,,,,,,,
2023,2,23,8,0,-9.2,68.25,-14,,,,,,,,,,,,,,,,,,,,,,,,,,,,,,,,,,,,
2023,2,23,9,0,-9.4,67.46,-14.3,,,,,,,,,,,,,,,,,,,,,,,,,,,,,,,,,,,,
2023,2,23,10,0,-9.6,66.95,-14.6,,,,,,,,,,,,,,,,,,,,,,,,,,,,,,,,,,,,
2023,2,23,11,0,-9.7,65.33,-15,,,,,,,,,,,,,,,,,,,,,,,,,,,,,,,,,,,,
2023,2,23,12,0,-10.2,64.87,-15.6,,,,,,,,,,,,,,,,,,,,,,,,,,,,,,,,,,,,
2023,2,23,13,0,-10.6,66.08,-15.7,,,,,,,,,,,,,,,,,,,,,,,,,,,,,,,,,,,,
2023,2,23,14,0,-9.9,67.76,-14.7,,,,,,,,,,,,,,,,,,,,,,,,,,,,,,,,,,,,
2023,2,23,15,0,-7,69.82,-11.6,,,,,,,,,,,,,,,,,,,,,,,,,,,,,,,,,,,,
2023,2,23,16,0,-4.1,70.7,-8.6,,,,,,,,,,,,,,,,,,,,,,,,,,,,,,,,,,,,
2023,2,23,17,0,-2.6,70.09,-7.3,,,,,,,,,,,,,,,,,,,,,,,,,,,,,,,,,,,,
2023,2,23,18,0,-1.7,67.96,-6.8,,,,,,,,,,,,,,,,,,,,,,,,,,,,,,,,,,,,
2023,2,23,19,0,-1.2,66.74,-6.6,,,,,,,,,,,,,,,,,,,,,,,,,,,,,,,,,,,,
2023,2,23,20,0,-0.9,65.45,-6.6,,,,,,,,,,,,,,,,,,,,,,,,,,,,,,,,,,,,
2023,2,23,21,0,-0.8,65.33,-6.5,,,,,,,,,,,,,,,,,,,,,,,,,,,,,,,,,,,,
2023,2,23,22,0,-0.9,66.25,-6.4,,,,,,,,,,,,,,,,,,,,,,,,,,,,,,,,,,,,
2023,2,23,23,0,-1.4,67.93,-6.6,,,,,,,,,,,,,,,,,,,,,,,,,,,,,,,,,,,,
2023,2,24,0,0,-2.5,69.45,-7.3,,,,,,,,,,,,,,,,,,,,,,,,,,,,,,,,,,,,
2023,2,24,1,0,-4,70.24,-8.6,,,,,,,,,,,,,,,,,,,,,,,,,,,,,,,,,,,,
2023,2,24,2,0,-4.9,70.81,-9.4,,,,,,,,,,,,,,,,,,,,,,,,,,,,,,,,,,,,
2023,2,24,3,0,-5.5,71.17,-9.9,,,,,,,,,,,,,,,,,,,,,,,,,,,,,,,,,,,,
2023,2,24,4,0,-6,71.64,-10.3,,,,,,,,,,,,,,,,,,,,,,,,,,,,,,,,,,,,
2023,2,24,5,0,-6.4,71.76,-10.7,,,,,,,,,,,,,,,,,,,,,,,,,,,,,,,,,,,,
2023,2,24,6,0,-6.9,71.66,-11.2,,,,,,,,,,,,,,,,,,,,,,,,,,,,,,,,,,,,
2023,2,24,7,0,-7.4,70.61,-11.8,,,,,,,,,,,,,,,,,,,,,,,,,,,,,,,,,,,,
2023,2,24,8,0,-8.1,70.35,-12.5,,,,,,,,,,,,,,,,,,,,,,,,,,,,,,,,,,,,
2023,2,24,9,0,-8.5,69.76,-13,,,,,,,,,,,,,,,,,,,,,,,,,,,,,,,,,,,,
2023,2,24,10,0,-8.5,69.47,-13.1,,,,,,,,,,,,,,,,,,,,,,,,,,,,,,,,,,,,
2023,2,24,11,0,-8.5,69.66,-13.1,,,,,,,,,,,,,,,,,,,,,,,,,,,,,,,,,,,,
2023,2,24,12,0,-9,71.7,-13.2,,,,,,,,,,,,,,,,,,,,,,,,,,,,,,,,,,,,
2023,2,24,13,0,-9.1,73.16,-13,,,,,,,,,,,,,,,,,,,,,,,,,,,,,,,,,,,,
2023,2,24,14,0,-8.3,74.22,-12.1,,,,,,,,,,,,,,,,,,,,,,,,,,,,,,,,,,,,
2023,2,24,15,0,-5.5,75.56,-9.1,,,,,,,,,,,,,,,,,,,,,,,,,,,,,,,,,,,,
2023,2,24,16,0,-2.2,75.31,-6,,,,,,,,,,,,,,,,,,,,,,,,,,,,,,,,,,,,
2023,2,24,17,0,-0.3,72.96,-4.6,,,,,,,,,,,,,,,,,,,,,,,,,,,,,,,,,,,,
2023,2,24,18,0,0.6,70.34,-4.2,,,,,,,,,,,,,,,,,,,,,,,,,,,,,,,,,,,,
2023,2,24,19,0,1.2,68.02,-4.1,,,,,,,,,,,,,,,,,,,,,,,,,,,,,,,,,,,,
2023,2,24,20,0,1.8,65.57,-4,,,,,,,,,,,,,,,,,,,,,,,,,,,,,,,,,,,,
2023,2,24,21,0,2.2,64.62,-3.8,,,,,,,,,,,,,,,,,,,,,,,,,,,,,,,,,,,,
2023,2,24,22,0,2.5,66.08,-3.2,,,,,,,,,,,,,,,,,,,,,,,,,,,,,,,,,,,,
2023,2,24,23,0,2.4,70.12,-2.5,,,,,,,,,,,,,,,,,,,,,,,,,,,,,,,,,,,,
2023,2,25,0,0,1.3,71.25,-3.3,,,,,,,,,,,,,,,,,,,,,,,,,,,,,,,,,,,,
2023,2,25,1,0,-0.7,65.72,-6.3,,,,,,,,,,,,,,,,,,,,,,,,,,,,,,,,,,,,
2023,2,25,2,0,-1.9,64.18,-7.8,,,,,,,,,,,,,,,,,,,,,,,,,,,,,,,,,,,,
2023,2,25,3,0,-2.9,65.54,-8.5,,,,,,,,,,,,,,,,,,,,,,,,,,,,,,,,,,,,
2023,2,25,4,0,-3.7,67.13,-8.9,,,,,,,,,,,,,,,,,,,,,,,,,,,,,,,,,,,,
2023,2,25,5,0,-4.4,67.6,-9.5,,,,,,,,,,,,,,,,,,,,,,,,,,,,,,,,,,,,
2023,2,25,6,0,-5.1,66.43,-10.4,,,,,,,,,,,,,,,,,,,,,,,,,,,,,,,,,,,,
2023,2,25,7,0,-5.9,65.64,-11.3,,,,,,,,,,,,,,,,,,,,,,,,,,,,,,,,,,,,
2023,2,25,8,0,-6.2,64.59,-11.8,,,,,,,,,,,,,,,,,,,,,,,,,,,,,,,,,,,,
2023,2,25,9,0,-6.1,63.95,-11.8,,,,,,,,,,,,,,,,,,,,,,,,,,,,,,,,,,,,
2023,2,25,10,0,-5.7,63.19,-11.6,,,,,,,,,,,,,,,,,,,,,,,,,,,,,,,,,,,,
2023,2,25,11,0,-5.4,62.6,-11.4,,,,,,,,,,,,,,,,,,,,,,,,,,,,,,,,,,,,
2023,2,25,12,0,-5,62.38,-11.1,,,,,,,,,,,,,,,,,,,,,,,,,,,,,,,,,,,,
2023,2,25,13,0,-4.8,62.26,-10.9,,,,,,,,,,,,,,,,,,,,,,,,,,,,,,,,,,,,
2023,2,25,14,0,-4.5,62.83,-10.5,,,,,,,,,,,,,,,,,,,,,,,,,,,,,,,,,,,,
2023,2,25,15,0,-1.5,64.41,-7.3,,,,,,,,,,,,,,,,,,,,,,,,,,,,,,,,,,,,
2023,2,25,16,0,2.2,67.19,-3.3,,,,,,,,,,,,,,,,,,,,,,,,,,,,,,,,,,,,
2023,2,25,17,0,3.4,71.67,-1.2,,,,,,,,,,,,,,,,,,,,,,,,,,,,,,,,,,,,
2023,2,25,18,0,3.8,74.09,-0.4,,,,,,,,,,,,,,,,,,,,,,,,,,,,,,,,,,,,
2023,2,25,19,0,4.3,72.84,-0.1,,,,,,,,,,,,,,,,,,,,,,,,,,,,,,,,,,,,
2023,2,25,20,0,4.8,71.02,0,,,,,,,,,,,,,,,,,,,,,,,,,,,,,,,,,,,,
2023,2,25,21,0,5,70.86,0.2,,,,,,,,,,,,,,,,,,,,,,,,,,,,,,,,,,,,
2023,2,25,22,0,5.1,71.74,0.4,,,,,,,,,,,,,,,,,,,,,,,,,,,,,,,,,,,,
2023,2,25,23,0,4.7,75.01,0.6,,,,,,,,,,,,,,,,,,,,,,,,,,,,,,,,,,,,
2023,2,26,0,0,4,76.2,0.2,,,,,,,,,,,,,,,,,,,,,,,,,,,,,,,,,,,,
2023,2,26,1,0,3,76.79,-0.7,,,,,,,,,,,,,,,,,,,,,,,,,,,,,,,,,,,,
2023,2,26,2,0,1.8,76.1,-2,,,,,,,,,,,,,,,,,,,,,,,,,,,,,,,,,,,,
2023,2,26,3,0,1.2,74.9,-2.8,,,,,,,,,,,,,,,,,,,,,,,,,,,,,,,,,,,,
2023,2,26,4,0,0.9,73.29,-3.3,,,,,,,,,,,,,,,,,,,,,,,,,,,,,,,,,,,,
2023,2,26,5,0,0.6,71.83,-3.9,,,,,,,,,,,,,,,,,,,,,,,,,,,,,,,,,,,,
2023,2,26,6,0,0.3,71.04,-4.3,,,,,,,,,,,,,,,,,,,,,,,,,,,,,,,,,,,,
2023,2,26,7,0,0.1,70.63,-4.6,,,,,,,,,,,,,,,,,,,,,,,,,,,,,,,,,,,,
2023,2,26,8,0,0.1,70.01,-4.7,,,,,,,,,,,,,,,,,,,,,,,,,,,,,,,,,,,,
2023,2,26,9,0,0,69.86,-4.8,,,,,,,,,,,,,,,,,,,,,,,,,,,,,,,,,,,,
2023,2,26,10,0,-0.2,69.32,-5.1,,,,,,,,,,,,,,,,,,,,,,,,,,,,,,,,,,,,
2023,2,26,11,0,-0.8,69.18,-5.7,,,,,,,,,,,,,,,,,,,,,,,,,,,,,,,,,,,,
2023,2,26,12,0,-1.1,68.2,-6.2,,,,,,,,,,,,,,,,,,,,,,,,,,,,,,,,,,,,
2023,2,26,13,0,-1.2,67.79,-6.4,,,,,,,,,,,,,,,,,,,,,,,,,,,,,,,,,,,,
2023,2,26,14,0,-0.8,68.77,-5.8,,,,,,,,,,,,,,,,,,,,,,,,,,,,,,,,,,,,
2023,2,26,15,0,1.1,71.68,-3.4,,,,,,,,,,,,,,,,,,,,,,,,,,,,,,,,,,,,
2023,2,26,16,0,2.7,74,-1.5,,,,,,,,,,,,,,,,,,,,,,,,,,,,,,,,,,,,
2023,2,26,17,0,3.2,74.92,-0.8,,,,,,,,,,,,,,,,,,,,,,,,,,,,,,,,,,,,
2023,2,26,18,0,3.6,72.82,-0.8,,,,,,,,,,,,,,,,,,,,,,,,,,,,,,,,,,,,
2023,2,26,19,0,3.9,70.4,-1,,,,,,,,,,,,,,,,,,,,,,,,,,,,,,,,,,,,
2023,2,26,20,0,4.1,68.01,-1.3,,,,,,,,,,,,,,,,,,,,,,,,,,,,,,,,,,,,
2023,2,26,21,0,4.4,65.13,-1.6,,,,,,,,,,,,,,,,,,,,,,,,,,,,,,,,,,,,
2023,2,26,22,0,4.4,64.13,-1.8,,,,,,,,,,,,,,,,,,,,,,,,,,,,,,,,,,,,
2023,2,26,23,0,4.1,65.16,-1.9,,,,,,,,,,,,,,,,,,,,,,,,,,,,,,,,,,,,
2023,2,27,0,0,2.9,69.1,-2.2,,,,,,,,,,,,,,,,,,,,,,,,,,,,,,,,,,,,
2023,2,27,1,0,1.2,70.93,-3.5,,,,,,,,,,,,,,,,,,,,,,,,,,,,,,,,,,,,
2023,2,27,2,0,0.6,72.6,-3.8,,,,,,,,,,,,,,,,,,,,,,,,,,,,,,,,,,,,
2023,2,27,3,0,0.6,74.19,-3.5,,,,,,,,,,,,,,,,,,,,,,,,,,,,,,,,,,,,
2023,2,27,4,0,0.7,75.81,-3.1,,,,,,,,,,,,,,,,,,,,,,,,,,,,,,,,,,,,
2023,2,27,5,0,0.7,76.4,-3,,,,,,,,,,,,,,,,,,,,,,,,,,,,,,,,,,,,
2023,2,27,6,0,0.6,76.71,-3,,,,,,,,,,,,,,,,,,,,,,,,,,,,,,,,,,,,
2023,2,27,7,0,0.5,77.37,-3,,,,,,,,,,,,,,,,,,,,,,,,,,,,,,,,,,,,
2023,2,27,8,0,0.4,77.33,-3.1,,,,,,,,,,,,,,,,,,,,,,,,,,,,,,,,,,,,
2023,2,27,9,0,0.1,77.6,-3.4,,,,,,,,,,,,,,,,,,,,,,,,,,,,,,,,,,,,
2023,2,27,10,0,-0.2,77.64,-3.6,,,,,,,,,,,,,,,,,,,,,,,,,,,,,,,,,,,,
2023,2,27,11,0,-0.5,77.73,-3.9,,,,,,,,,,,,,,,,,,,,,,,,,,,,,,,,,,,,
2023,2,27,12,0,-0.8,77.97,-4.2,,,,,,,,,,,,,,,,,,,,,,,,,,,,,,,,,,,,
2023,2,27,13,0,-1.1,78.14,-4.4,,,,,,,,,,,,,,,,,,,,,,,,,,,,,,,,,,,,
2023,2,27,14,0,-1.1,78.35,-4.4,,,,,,,,,,,,,,,,,,,,,,,,,,,,,,,,,,,,
2023,2,27,15,0,0.1,77.82,-3.3,,,,,,,,,,,,,,,,,,,,,,,,,,,,,,,,,,,,
2023,2,27,16,0,1.3,75.79,-2.5,,,,,,,,,,,,,,,,,,,,,,,,,,,,,,,,,,,,
2023,2,27,17,0,2.2,73.72,-2,,,,,,,,,,,,,,,,,,,,,,,,,,,,,,,,,,,,
2023,2,27,18,0,3.1,70.66,-1.7,,,,,,,,,,,,,,,,,,,,,,,,,,,,,,,,,,,,
2023,2,27,19,0,3.7,68.29,-1.6,,,,,,,,,,,,,,,,,,,,,,,,,,,,,,,,,,,,
2023,2,27,20,0,4,67.04,-1.6,,,,,,,,,,,,,,,,,,,,,,,,,,,,,,,,,,,,
2023,2,27,21,0,4,67.45,-1.5,,,,,,,,,,,,,,,,,,,,,,,,,,,,,,,,,,,,
2023,2,27,22,0,3.7,69.29,-1.4,,,,,,,,,,,,,,,,,,,,,,,,,,,,,,,,,,,,
2023,2,27,23,0,3.1,73.1,-1.3,,,,,,,,,,,,,,,,,,,,,,,,,,,,,,,,,,,,
2023,2,28,0,0,2.5,74.97,-1.5,,,,,,,,,,,,,,,,,,,,,,,,,,,,,,,,,,,,
2023,2,28,1,0,1.9,76.47,-1.8,,,,,,,,,,,,,,,,,,,,,,,,,,,,,,,,,,,,
2023,2,28,2,0,1.7,77.32,-1.8,,,,,,,,,,,,,,,,,,,,,,,,,,,,,,,,,,,,
2023,2,28,3,0,1.7,78.22,-1.7,,,,,,,,,,,,,,,,,,,,,,,,,,,,,,,,,,,,
2023,2,28,4,0,1.8,78.95,-1.5,,,,,,,,,,,,,,,,,,,,,,,,,,,,,,,,,,,,
2023,2,28,5,0,2,78.68,-1.3,,,,,,,,,,,,,,,,,,,,,,,,,,,,,,,,,,,,
2023,2,28,6,0,1.9,78.35,-1.5,,,,,,,,,,,,,,,,,,,,,,,,,,,,,,,,,,,,
2023,2,28,7,0,1.5,77.63,-2,,,,,,,,,,,,,,,,,,,,,,,,,,,,,,,,,,,,
2023,2,28,8,0,0.8,78.57,-2.5,,,,,,,,,,,,,,,,,,,,,,,,,,,,,,,,,,,,
2023,2,28,9,0,0.4,79.94,-2.7,,,,,,,,,,,,,,,,,,,,,,,,,,,,,,,,,,,,
2023,2,28,10,0,0,79.62,-3.1,,,,,,,,,,,,,,,,,,,,,,,,,,,,,,,,,,,,
2023,2,28,11,0,-1.2,74.03,-5.2,,,,,,,,,,,,,,,,,,,,,,,,,,,,,,,,,,,,
2023,2,28,12,0,-2.3,69.39,-7.1,,,,,,,,,,,,,,,,,,,,,,,,,,,,,,,,,,,,
2023,2,28,13,0,-3.4,66.55,-8.7,,,,,,,,,,,,,,,,,,,,,,,,,,,,,,,,,,,,
2023,2,28,14,0,-3.7,64.56,-9.4,,,,,,,,,,,,,,,,,,,,,,,,,,,,,,,,,,,,
2023,2,28,15,0,-2.4,64.84,-8.1,,,,,,,,,,,,,,,,,,,,,,,,,,,,,,,,,,,,
2023,2,28,16,0,-0.7,60.73,-7.3,,,,,,,,,,,,,,,,,,,,,,,,,,,,,,,,,,,,
2023,2,28,17,0,0.1,55.24,-7.8,,,,,,,,,,,,,,,,,,,,,,,,,,,,,,,,,,,,
2023,2,28,18,0,0.4,52.46,-8.2,,,,,,,,,,,,,,,,,,,,,,,,,,,,,,,,,,,,
2023,2,28,19,0,0.7,50.79,-8.3,,,,,,,,,,,,,,,,,,,,,,,,,,,,,,,,,,,,
2023,2,28,20,0,1.1,49,-8.4,,,,,,,,,,,,,,,,,,,,,,,,,,,,,,,,,,,,
2023,2,28,21,0,1.5,47.22,-8.5,,,,,,,,,,,,,,,,,,,,,,,,,,,,,,,,,,,,
2023,2,28,22,0,1.6,47.93,-8.3,,,,,,,,,,,,,,,,,,,,,,,,,,,,,,,,,,,,
2023,2,28,23,0,1.1,55.65,-6.8,,,,,,,,,,,,,,,,,,,,,,,,,,,,,,,,,,,,
2023,3,1,0,0,-0.3,58.99,-7.4,,,,,,,,,,,,,,,,,,,,,,,,,,,,,,,,,,,,
2023,3,1,1,0,-1.8,57.63,-9.1,,,,,,,,,,,,,,,,,,,,,,,,,,,,,,,,,,,,
2023,3,1,2,0,-2.5,59.04,-9.4,,,,,,,,,,,,,,,,,,,,,,,,,,,,,,,,,,,,
2023,3,1,3,0,-2.6,61.39,-9,,,,,,,,,,,,,,,,,,,,,,,,,,,,,,,,,,,,
2023,3,1,4,0,-2.6,63.82,-8.5,,,,,,,,,,,,,,,,,,,,,,,,,,,,,,,,,,,,
2023,3,1,5,0,-2.6,65.31,-8.2,,,,,,,,,,,,,,,,,,,,,,,,,,,,,,,,,,,,
2023,3,1,6,0,-2.6,66.63,-8,,,,,,,,,,,,,,,,,,,,,,,,,,,,,,,,,,,,
2023,3,1,7,0,-2.6,68.72,-7.6,,,,,,,,,,,,,,,,,,,,,,,,,,,,,,,,,,,,
2023,3,1,8,0,-2.4,70.66,-7,,,,,,,,,,,,,,,,,,,,,,,,,,,,,,,,,,,,
2023,3,1,9,0,-2.2,72.51,-6.5,,,,,,,,,,,,,,,,,,,,,,,,,,,,,,,,,,,,
2023,3,1,10,0,-2,74.11,-6,,,,,,,,,,,,,,,,,,,,,,,,,,,,,,,,,,,,
2023,3,1,11,0,-1.9,74.83,-5.8,,,,,,,,,,,,,,,,,,,,,,,,,,,,,,,,,,,,
2023,3,1,12,0,-2,75.52,-5.7,,,,,,,,,,,,,,,,,,,,,,,,,,,,,,,,,,,,
2023,3,1,13,0,-2.2,76.19,-5.8,,,,,,,,,,,,,,,,,,,,,,,,,,,,,,,,,,,,
2023,3,1,14,0,-2.1,76.19,-5.7,,,,,,,,,,,,,,,,,,,,,,,,,,,,,,,,,,,,
2023,3,1,15,0,-1.5,76.45,-5.1,,,,,,,,,,,,,,,,,,,,,,,,,,,,,,,,,,,,
2023,3,1,16,0,-0.8,76.4,-4.4,,,,,,,,,,,,,,,,,,,,,,,,,,,,,,,,,,,,
2023,3,1,17,0,0.1,75.96,-3.6,,,,,,,,,,,,,,,,,,,,,,,,,,,,,,,,,,,,
2023,3,1,18,0,1,75.36,-2.9,,,,,,,,,,,,,,,,,,,,,,,,,,,,,,,,,,,,
2023,3,1,19,0,1.6,75.02,-2.4,,,,,,,,,,,,,,,,,,,,,,,,,,,,,,,,,,,,
2023,3,1,20,0,1.9,74.53,-2.1,,,,,,,,,,,,,,,,,,,,,,,,,,,,,,,,,,,,
2023,3,1,21,0,2.1,73.96,-2.1,,,,,,,,,,,,,,,,,,,,,,,,,,,,,,,,,,,,
2023,3,1,22,0,2.1,73.94,-2.1,,,,,,,,,,,,,,,,,,,,,,,,,,,,,,,,,,,,
2023,3,1,23,0,1.9,75.07,-2.1,,,,,,,,,,,,,,,,,,,,,,,,,,,,,,,,,,,,
2023,3,2,0,0,0.9,78.09,-2.5,,,,,,,,,,,,,,,,,,,,,,,,,,,,,,,,,,,,
2023,3,2,1,0,-1.4,79.87,-4.4,,,,,,,,,,,,,,,,,,,,,,,,,,,,,,,,,,,,
2023,3,2,2,0,-2.8,80.25,-5.7,,,,,,,,,,,,,,,,,,,,,,,,,,,,,,,,,,,,
2023,3,2,3,0,-3.3,80.84,-6.1,,,,,,,,,,,,,,,,,,,,,,,,,,,,,,,,,,,,
2023,3,2,4,0,-3.4,80.49,-6.3,,,,,,,,,,,,,,,,,,,,,,,,,,,,,,,,,,,,
2023,3,2,5,0,-4,80.37,-6.9,,,,,,,,,,,,,,,,,,,,,,,,,,,,,,,,,,,,
2023,3,2,6,0,-4.4,79.89,-7.3,,,,,,,,,,,,,,,,,,,,,,,,,,,,,,,,,,,,
2023,3,2,7,0,-4.6,79.89,-7.5,,,,,,,,,,,,,,,,,,,,,,,,,,,,,,,,,,,,
2023,3,2,8,0,-4.7,79.48,-7.7,,,,,,,,,,,,,,,,,,,,,,,,,,,,,,,,,,,,
2023,3,2,9,0,-4.8,79.68,-7.8,,,,,,,,,,,,,,,,,,,,,,,,,,,,,,,,,,,,
2023,3,2,10,0,-5.1,80.16,-8,,,,,,,,,,,,,,,,,,,,,,,,,,,,,,,,,,,,
2023,3,2,11,0,-6,80.68,-8.8,,,,,,,,,,,,,,,,,,,,,,,,,,,,,,,,,,,,
2023,3,2,12,0,-6.2,80.52,-9,,,,,,,,,,,,,,,,,,,,,,,,,,,,,,,,,,,,
2023,3,2,13,0,-6.2,80.52,-9,,,,,,,,,,,,,,,,,,,,,,,,,,,,,,,,,,,,
2023,3,2,14,0,-5.9,79.04,-8.9,,,,,,,,,,,,,,,,,,,,,,,,,,,,,,,,,,,,
2023,3,2,15,0,-4.4,75.87,-8,,,,,,,,,,,,,,,,,,,,,,,,,,,,,,,,,,,,
2023,3,2,16,0,-2.4,71.92,-6.8,,,,,,,,,,,,,,,,,,,,,,,,,,,,,,,,,,,,
2023,3,2,17,0,-1.4,68.43,-6.5,,,,,,,,,,,,,,,,,,,,,,,,,,,,,,,,,,,,
2023,3,2,18,0,-0.7,64.78,-6.5,,,,,,,,,,,,,,,,,,,,,,,,,,,,,,,,,,,,
2023,3,2,19,0,-0.1,62.22,-6.5,,,,,,,,,,,,,,,,,,,,,,,,,,,,,,,,,,,,
2023,3,2,20,0,0.4,60.09,-6.4,,,,,,,,,,,,,,,,,,,,,,,,,,,,,,,,,,,,
2023,3,2,21,0,0.8,57.81,-6.6,,,,,,,,,,,,,,,,,,,,,,,,,,,,,,,,,,,,
2023,3,2,22,0,0.7,56.35,-7,,,,,,,,,,,,,,,,,,,,,,,,,,,,,,,,,,,,
2023,3,2,23,0,0.4,55.64,-7.4,,,,,,,,,,,,,,,,,,,,,,,,,,,,,,,,,,,,
2023,3,3,0,0,-0.4,57.67,-7.7,,,,,,,,,,,,,,,,,,,,,,,,,,,,,,,,,,,,
2023,3,3,1,0,-1.6,55.31,-9.4,,,,,,,,,,,,,,,,,,,,,,,,,,,,,,,,,,,,
2023,3,3,2,0,-2.5,57.39,-9.8,,,,,,,,,,,,,,,,,,,,,,,,,,,,,,,,,,,,
2023,3,3,3,0,-3.1,59.78,-9.8,,,,,,,,,,,,,,,,,,,,,,,,,,,,,,,,,,,,
2023,3,3,4,0,-3.2,59.96,-9.9,,,,,,,,,,,,,,,,,,,,,,,,,,,,,,,,,,,,
2023,3,3,5,0,-3.3,59.73,-10,,,,,,,,,,,,,,,,,,,,,,,,,,,,,,,,,,,,
2023,3,3,6,0,-3.4,59.38,-10.2,,,,,,,,,,,,,,,,,,,,,,,,,,,,,,,,,,,,
2023,3,3,7,0,-3.6,59.86,-10.3,,,,,,,,,,,,,,,,,,,,,,,,,,,,,,,,,,,,
2023,3,3,8,0,-3.6,59.67,-10.3,,,,,,,,,,,,,,,,,,,,,,,,,,,,,,,,,,,,
2023,3,3,9,0,-3.9,60.4,-10.4,,,,,,,,,,,,,,,,,,,,,,,,,,,,,,,,,,,,
2023,3,3,10,0,-4,60.72,-10.5,,,,,,,,,,,,,,,,,,,,,,,,,,,,,,,,,,,,
2023,3,3,11,0,-4.1,61.3,-10.4,,,,,,,,,,,,,,,,,,,,,,,,,,,,,,,,,,,,
2023,3,3,12,0,-4.1,61.37,-10.4,,,,,,,,,,,,,,,,,,,,,,,,,,,,,,,,,,,,
2023,3,3,13,0,-3.8,60.75,-10.3,,,,,,,,,,,,,,,,,,,,,,,,,,,,,,,,,,,,
2023,3,3,14,0,-3,62.24,-9.2,,,,,,,,,,,,,,,,,,,,,,,,,,,,,,,,,,,,
2023,3,3,15,0,-1.8,63.85,-7.7,,,,,,,,,,,,,,,,,,,,,,,,,,,,,,,,,,,,
2023,3,3,16,0,-0.4,69.32,-5.3,,,,,,,,,,,,,,,,,,,,,,,,,,,,,,,,,,,,
2023,3,3,17,0,0.2,71.08,-4.4,,,,,,,,,,,,,,,,,,,,,,,,,,,,,,,,,,,,
2023,3,3,18,0,0.5,69.77,-4.4,,,,,,,,,,,,,,,,,,,,,,,,,,,,,,,,,,,,
2023,3,3,19,0,0.7,66.16,-4.9,,,,,,,,,,,,,,,,,,,,,,,,,,,,,,,,,,,,
2023,3,3,20,0,0.7,63.61,-5.4,,,,,,,,,,,,,,,,,,,,,,,,,,,,,,,,,,,,
2023,3,3,21,0,0.8,61.39,-5.8,,,,,,,,,,,,,,,,,,,,,,,,,,,,,,,,,,,,
2023,3,3,22,0,0.8,59.81,-6.1,,,,,,,,,,,,,,,,,,,,,,,,,,,,,,,,,,,,
2023,3,3,23,0,0.6,60.6,-6.1,,,,,,,,,,,,,,,,,,,,,,,,,,,,,,,,,,,,
2023,3,4,0,0,-0.5,63.3,-6.6,,,,,,,,,,,,,,,,,,,,,,,,,,,,,,,,,,,,
2023,3,4,1,0,-1.5,56.34,-9.1,,,,,,,,,,,,,,,,,,,,,,,,,,,,,,,,,,,,
2023,3,4,2,0,-2.5,57.49,-9.8,,,,,,,,,,,,,,,,,,,,,,,,,,,,,,,,,,,,
2023,3,4,3,0,-3.8,61.15,-10.2,,,,,,,,,,,,,,,,,,,,,,,,,,,,,,,,,,,,
2023,3,4,4,0,-5.4,65.84,-10.8,,,,,,,,,,,,,,,,,,,,,,,,,,,,,,,,,,,,
2023,3,4,5,0,-6.9,70.69,-11.3,,,,,,,,,,,,,,,,,,,,,,,,,,,,,,,,,,,,
2023,3,4,6,0,-8,73.83,-11.8,,,,,,,,,,,,,,,,,,,,,,,,,,,,,,,,,,,,
2023,3,4,7,0,-8.5,74.49,-12.2,,,,,,,,,,,,,,,,,,,,,,,,,,,,,,,,,,,,
2023,3,4,8,0,-8.3,73.44,-12.2,,,,,,,,,,,,,,,,,,,,,,,,,,,,,,,,,,,,
2023,3,4,9,0,-7.8,71.51,-12.1,,,,,,,,,,,,,,,,,,,,,,,,,,,,,,,,,,,,
2023,3,4,10,0,-7,69.95,-11.6,,,,,,,,,,,,,,,,,,,,,,,,,,,,,,,,,,,,
2023,3,4,11,0,-5.8,67.87,-10.8,,,,,,,,,,,,,,,,,,,,,,,,,,,,,,,,,,,,
2023,3,4,12,0,-4.7,66.61,-10,,,,,,,,,,,,,,,,,,,,,,,,,,,,,,,,,,,,
2023,3,4,13,0,-3.9,66.15,-9.3,,,,,,,,,,,,,,,,,,,,,,,,,,,,,,,,,,,,
2023,3,4,14,0,-2.9,65.2,-8.5,,,,,,,,,,,,,,,,,,,,,,,,,,,,,,,,,,,,
2023,3,4,15,0,-1.2,64.61,-7,,,,,,,,,,,,,,,,,,,,,,,,,,,,,,,,,,,,
2023,3,4,16,0,0.5,65.24,-5.3,,,,,,,,,,,,,,,,,,,,,,,,,,,,,,,,,,,,
2023,3,4,17,0,1.8,67.76,-3.5,,,,,,,,,,,,,,,,,,,,,,,,,,,,,,,,,,,,
2023,3,4,18,0,3,69.33,-2.1,,,,,,,,,,,,,,,,,,,,,,,,,,,,,,,,,,,,
2023,3,4,19,0,3.6,69.1,-1.5,,,,,,,,,,,,,,,,,,,,,,,,,,,,,,,,,,,,
2023,3,4,20,0,4,67.35,-1.5,,,,,,,,,,,,,,,,,,,,,,,,,,,,,,,,,,,,
2023,3,4,21,0,4.1,66.29,-1.6,,,,,,,,,,,,,,,,,,,,,,,,,,,,,,,,,,,,
2023,3,4,22,0,4,66.45,-1.7,,,,,,,,,,,,,,,,,,,,,,,,,,,,,,,,,,,,
2023,3,4,23,0,3.5,68.81,-1.7,,,,,,,,,,,,,,,,,,,,,,,,,,,,,,,,,,,,
2023,3,5,0,0,2.8,71.85,-1.8,,,,,,,,,,,,,,,,,,,,,,,,,,,,,,,,,,,,
2023,3,5,1,0,2.2,73.52,-2,,,,,,,,,,,,,,,,,,,,,,,,,,,,,,,,,,,,
2023,3,5,2,0,2,73.87,-2.2,,,,,,,,,,,,,,,,,,,,,,,,,,,,,,,,,,,,
2023,3,5,3,0,1.6,74.5,-2.4,,,,,,,,,,,,,,,,,,,,,,,,,,,,,,,,,,,,
2023,3,5,4,0,1.1,74.78,-2.9,,,,,,,,,,,,,,,,,,,,,,,,,,,,,,,,,,,,
2023,3,5,5,0,0.7,74.69,-3.3,,,,,,,,,,,,,,,,,,,,,,,,,,,,,,,,,,,,
2023,3,5,6,0,-0.3,75.02,-4.2,,,,,,,,,,,,,,,,,,,,,,,,,,,,,,,,,,,,
2023,3,5,7,0,-1.5,74.56,-5.4,,,,,,,,,,,,,,,,,,,,,,,,,,,,,,,,,,,,
2023,3,5,8,0,-2.2,73.96,-6.2,,,,,,,,,,,,,,,,,,,,,,,,,,,,,,,,,,,,
2023,3,5,9,0,-2.2,73.64,-6.3,,,,,,,,,,,,,,,,,,,,,,,,,,,,,,,,,,,,
2023,3,5,10,0,-2.3,74.29,-6.3,,,,,,,,,,,,,,,,,,,,,,,,,,,,,,,,,,,,
2023,3,5,11,0,-2.5,73.87,-6.5,,,,,,,,,,,,,,,,,,,,,,,,,,,,,,,,,,,,
2023,3,5,12,0,-2.9,71.64,-7.3,,,,,,,,,,,,,,,,,,,,,,,,,,,,,,,,,,,,
2023,3,5,13,0,-2.9,68.73,-7.8,,,,,,,,,,,,,,,,,,,,,,,,,,,,,,,,,,,,
2023,3,5,14,0,-2.4,66.23,-7.8,,,,,,,,,,,,,,,,,,,,,,,,,,,,,,,,,,,,
2023,3,5,15,0,-1.9,63.73,-7.9,,,,,,,,,,,,,,,,,,,,,,,,,,,,,,,,,,,,
2023,3,5,16,0,-0.7,63.7,-6.7,,,,,,,,,,,,,,,,,,,,,,,,,,,,,,,,,,,,
2023,3,5,17,0,0.1,61.45,-6.4,,,,,,,,,,,,,,,,,,,,,,,,,,,,,,,,,,,,
2023,3,5,18,0,0.8,60.78,-5.9,,,,,,,,,,,,,,,,,,,,,,,,,,,,,,,,,,,,
2023,3,5,19,0,1.6,60.63,-5.2,,,,,,,,,,,,,,,,,,,,,,,,,,,,,,,,,,,,
2023,3,5,20,0,2.3,61.11,-4.4,,,,,,,,,,,,,,,,,,,,,,,,,,,,,,,,,,,,
2023,3,5,21,0,2.8,62.24,-3.7,,,,,,,,,,,,,,,,,,,,,,,,,,,,,,,,,,,,
2023,3,5,22,0,3,65.65,-2.8,,,,,,,,,,,,,,,,,,,,,,,,,,,,,,,,,,,,
2023,3,5,23,0,2.8,71.41,-1.9,,,,,,,,,,,,,,,,,,,,,,,,,,,,,,,,,,,,
2023,3,6,0,0,2.2,74.02,-2,,,,,,,,,,,,,,,,,,,,,,,,,,,,,,,,,,,,
2023,3,6,1,0,1.3,75.56,-2.5,,,,,,,,,,,,,,,,,,,,,,,,,,,,,,,,,,,,
2023,3,6,2,0,1,76.95,-2.6,,,,,,,,,,,,,,,,,,,,,,,,,,,,,,,,,,,,
2023,3,6,3,0,0.7,78.79,-2.6,,,,,,,,,,,,,,,,,,,,,,,,,,,,,,,,,,,,
2023,3,6,4,0,-0.3,82.28,-3,,,,,,,,,,,,,,,,,,,,,,,,,,,,,,,,,,,,
2023,3,6,5,0,-1.1,82.65,-3.7,,,,,,,,,,,,,,,,,,,,,,,,,,,,,,,,,,,,
2023,3,6,6,0,-1.5,82.77,-4,,,,,,,,,,,,,,,,,,,,,,,,,,,,,,,,,,,,
2023,3,6,7,0,-2,82.46,-4.6,,,,,,,,,,,,,,,,,,,,,,,,,,,,,,,,,,,,
2023,3,6,8,0,-2.4,81.61,-5.1,,,,,,,,,,,,,,,,,,,,,,,,,,,,,,,,,,,,
2023,3,6,9,0,-2.6,81.43,-5.3,,,,,,,,,,,,,,,,,,,,,,,,,,,,,,,,,,,,
2023,3,6,10,0,-2.7,80.17,-5.6,,,,,,,,,,,,,,,,,,,,,,,,,,,,,,,,,,,,
2023,3,6,11,0,-3.1,79.13,-6.2,,,,,,,,,,,,,,,,,,,,,,,,,,,,,,,,,,,,
2023,3,6,12,0,-3.3,78.17,-6.6,,,,,,,,,,,,,,,,,,,,,,,,,,,,,,,,,,,,
2023,3,6,13,0,-3.3,77.09,-6.7,,,,,,,,,,,,,,,,,,,,,,,,,,,,,,,,,,,,
2023,3,6,14,0,-3.1,75.08,-6.9,,,,,,,,,,,,,,,,,,,,,,,,,,,,,,,,,,,,
2023,3,6,15,0,-2,72.72,-6.2,,,,,,,,,,,,,,,,,,,,,,,,,,,,,,,,,,,,
2023,3,6,16,0,-0.9,67.88,-6.1,,,,,,,,,,,,,,,,,,,,,,,,,,,,,,,,,,,,
2023,3,6,17,0,-0.4,64.44,-6.3,,,,,,,,,,,,,,,,,,,,,,,,,,,,,,,,,,,,
2023,3,6,18,0,-0.3,63.93,-6.3,,,,,,,,,,,,,,,,,,,,,,,,,,,,,,,,,,,,
2023,3,6,19,0,-0.2,63.67,-6.3,,,,,,,,,,,,,,,,,,,,,,,,,,,,,,,,,,,,
2023,3,6,20,0,-0.3,64.29,-6.2,,,,,,,,,,,,,,,,,,,,,,,,,,,,,,,,,,,,
2023,3,6,21,0,-0.3,64.24,-6.2,,,,,,,,,,,,,,,,,,,,,,,,,,,,,,,,,,,,
2023,3,6,22,0,-0.3,64.08,-6.3,,,,,,,,,,,,,,,,,,,,,,,,,,,,,,,,,,,,
2023,3,6,23,0,-0.5,65.48,-6.2,,,,,,,,,,,,,,,,,,,,,,,,,,,,,,,,,,,,
2023,3,7,0,0,-1.3,69.42,-6.2,,,,,,,,,,,,,,,,,,,,,,,,,,,,,,,,,,,,
2023,3,7,1,0,-2.6,65.8,-8.1,,,,,,,,,,,,,,,,,,,,,,,,,,,,,,,,,,,,
2023,3,7,2,0,-3.5,66.14,-8.9,,,,,,,,,,,,,,,,,,,,,,,,,,,,,,,,,,,,
2023,3,7,3,0,-4,67,-9.2,,,,,,,,,,,,,,,,,,,,,,,,,,,,,,,,,,,,
2023,3,7,4,0,-4.4,67.64,-9.5,,,,,,,,,,,,,,,,,,,,,,,,,,,,,,,,,,,,
2023,3,7,5,0,-4.9,68.88,-9.7,,,,,,,,,,,,,,,,,,,,,,,,,,,,,,,,,,,,
2023,3,7,6,0,-5.5,70.35,-10,,,,,,,,,,,,,,,,,,,,,,,,,,,,,,,,,,,,
2023,3,7,7,0,-6,71.85,-10.3,,,,,,,,,,,,,,,,,,,,,,,,,,,,,,,,,,,,
2023,3,7,8,0,-6.3,72.81,-10.4,,,,,,,,,,,,,,,,,,,,,,,,,,,,,,,,,,,,
2023,3,7,9,0,-6.4,72.98,-10.4,,,,,,,,,,,,,,,,,,,,,,,,,,,,,,,,,,,,
2023,3,7,10,0,-6.1,71.66,-10.4,,,,,,,,,,,,,,,,,,,,,,,,,,,,,,,,,,,,
2023,3,7,11,0,-5.9,71.04,-10.3,,,,,,,,,,,,,,,,,,,,,,,,,,,,,,,,,,,,
2023,3,7,12,0,-5.6,69.76,-10.2,,,,,,,,,,,,,,,,,,,,,,,,,,,,,,,,,,,,
2023,3,7,13,0,-5.2,68.26,-10.1,,,,,,,,,,,,,,,,,,,,,,,,,,,,,,,,,,,,
2023,3,7,14,0,-4.8,67.57,-9.9,,,,,,,,,,,,,,,,,,,,,,,,,,,,,,,,,,,,
2023,3,7,15,0,-3.3,69.02,-8.2,,,,,,,,,,,,,,,,,,,,,,,,,,,,,,,,,,,,
2023,3,7,16,0,-1.1,66.52,-6.5,,,,,,,,,,,,,,,,,,,,,,,,,,,,,,,,,,,,
2023,3,7,17,0,0.1,64.2,-5.9,,,,,,,,,,,,,,,,,,,,,,,,,,,,,,,,,,,,
2023,3,7,18,0,0.4,64.46,-5.5,,,,,,,,,,,,,,,,,,,,,,,,,,,,,,,,,,,,
2023,3,7,19,0,0.6,64.67,-5.3,,,,,,,,,,,,,,,,,,,,,,,,,,,,,,,,,,,,
2023,3,7,20,0,0.8,63.95,-5.3,,,,,,,,,,,,,,,,,,,,,,,,,,,,,,,,,,,,
2023,3,7,21,0,1,62.53,-5.4,,,,,,,,,,,,,,,,,,,,,,,,,,,,,,,,,,,,
2023,3,7,22,0,1.2,60.77,-5.5,,,,,,,,,,,,,,,,,,,,,,,,,,,,,,,,,,,,
2023,3,7,23,0,1.3,59.76,-5.7,,,,,,,,,,,,,,,,,,,,,,,,,,,,,,,,,,,,
2023,3,8,0,0,0.7,58.71,-6.5,,,,,,,,,,,,,,,,,,,,,,,,,,,,,,,,,,,,
2023,3,8,1,0,-0.8,57.63,-8.1,,,,,,,,,,,,,,,,,,,,,,,,,,,,,,,,,,,,
2023,3,8,2,0,-2.6,62.67,-8.7,,,,,,,,,,,,,,,,,,,,,,,,,,,,,,,,,,,,
2023,3,8,3,0,-4,66.79,-9.3,,,,,,,,,,,,,,,,,,,,,,,,,,,,,,,,,,,,
2023,3,8,4,0,-4.8,69.21,-9.6,,,,,,,,,,,,,,,,,,,,,,,,,,,,,,,,,,,,
2023,3,8,5,0,-5.2,69.72,-9.9,,,,,,,,,,,,,,,,,,,,,,,,,,,,,,,,,,,,
2023,3,8,6,0,-5.1,69.47,-9.8,,,,,,,,,,,,,,,,,,,,,,,,,,,,,,,,,,,,
2023,3,8,7,0,-4.9,68.46,-9.8,,,,,,,,,,,,,,,,,,,,,,,,,,,,,,,,,,,,
2023,3,8,8,0,-4.8,67.62,-9.9,,,,,,,,,,,,,,,,,,,,,,,,,,,,,,,,,,,,
2023,3,8,9,0,-4.7,66.64,-10,,,,,,,,,,,,,,,,,,,,,,,,,,,,,,,,,,,,
2023,3,8,10,0,-4.6,65.57,-10.1,,,,,,,,,,,,,,,,,,,,,,,,,,,,,,,,,,,,
2023,3,8,11,0,-4.5,65.05,-10.1,,,,,,,,,,,,,,,,,,,,,,,,,,,,,,,,,,,,
2023,3,8,12,0,-4.3,64.11,-10.1,,,,,,,,,,,,,,,,,,,,,,,,,,,,,,,,,,,,
2023,3,8,13,0,-4.4,63.73,-10.2,,,,,,,,,,,,,,,,,,,,,,,,,,,,,,,,,,,,
2023,3,8,14,0,-3.6,63.7,-9.5,,,,,,,,,,,,,,,,,,,,,,,,,,,,,,,,,,,,
2023,3,8,15,0,-0.5,65.51,-6.2,,,,,,,,,,,,,,,,,,,,,,,,,,,,,,,,,,,,
2023,3,8,16,0,2,65.4,-3.8,,,,,,,,,,,,,,,,,,,,,,,,,,,,,,,,,,,,
2023,3,8,17,0,2.9,68.33,-2.4,,,,,,,,,,,,,,,,,,,,,,,,,,,,,,,,,,,,
2023,3,8,18,0,3.4,69.82,-1.6,,,,,,,,,,,,,,,,,,,,,,,,,,,,,,,,,,,,
2023,3,8,19,0,3.5,70.43,-1.4,,,,,,,,,,,,,,,,,,,,,,,,,,,,,,,,,,,,
2023,3,8,20,0,3.2,71.54,-1.5,,,,,,,,,,,,,,,,,,,,,,,,,,,,,,,,,,,,
2023,3,8,21,0,2.9,72.84,-1.5,,,,,,,,,,,,,,,,,,,,,,,,,,,,,,,,,,,,
2023,3,8,22,0,2.4,74.62,-1.6,,,,,,,,,,,,,,,,,,,,,,,,,,,,,,,,,,,,
2023,3,8,23,0,1.8,77.4,-1.7,,,,,,,,,,,,,,,,,,,,,,,,,,,,,,,,,,,,
2023,3,9,0,0,1,79.5,-2.1,,,,,,,,,,,,,,,,,,,,,,,,,,,,,,,,,,,,
2023,3,9,1,0,-0.1,80.15,-3.1,,,,,,,,,,,,,,,,,,,,,,,,,,,,,,,,,,,,
2023,3,9,2,0,-1.2,79.68,-4.3,,,,,,,,,,,,,,,,,,,,,,,,,,,,,,,,,,,,
2023,3,9,3,0,-1.7,78.09,-5,,,,,,,,,,,,,,,,,,,,,,,,,,,,,,,,,,,,
2023,3,9,4,0,-1.7,76.97,-5.2,,,,,,,,,,,,,,,,,,,,,,,,,,,,,,,,,,,,
2023,3,9,5,0,-1.9,78.08,-5.2,,,,,,,,,,,,,,,,,,,,,,,,,,,,,,,,,,,,
2023,3,9,6,0,-2.5,80.46,-5.4,,,,,,,,,,,,,,,,,,,,,,,,,,,,,,,,,,,,
2023,3,9,7,0,-3.2,82.2,-5.8,,,,,,,,,,,,,,,,,,,,,,,,,,,,,,,,,,,,
2023,3,9,8,0,-4,82.32,-6.6,,,,,,,,,,,,,,,,,,,,,,,,,,,,,,,,,,,,
2023,3,9,9,0,-4.8,81.66,-7.5,,,,,,,,,,,,,,,,,,,,,,,,,,,,,,,,,,,,
2023,3,9,10,0,-5.1,80.27,-8,,,,,,,,,,,,,,,,,,,,,,,,,,,,,,,,,,,,
2023,3,9,11,0,-4.8,77.93,-8.1,,,,,,,,,,,,,,,,,,,,,,,,,,,,,,,,,,,,
2023,3,9,12,0,-4.5,72.93,-8.6,,,,,,,,,,,,,,,,,,,,,,,,,,,,,,,,,,,,
2023,3,9,13,0,-5.1,73,-9.2,,,,,,,,,,,,,,,,,,,,,,,,,,,,,,,,,,,,
2023,3,9,14,0,-5.7,74.16,-9.6,,,,,,,,,,,,,,,,,,,,,,,,,,,,,,,,,,,,
2023,3,9,15,0,-4.3,69.23,-9.1,,,,,,,,,,,,,,,,,,,,,,,,,,,,,,,,,,,,
2023,3,9,16,0,-0.7,63.27,-6.8,,,,,,,,,,,,,,,,,,,,,,,,,,,,,,,,,,,,
2023,3,9,17,0,0.9,59.35,-6.1,,,,,,,,,,,,,,,,,,,,,,,,,,,,,,,,,,,,
2023,3,9,18,0,2.1,57.35,-5.5,,,,,,,,,,,,,,,,,,,,,,,,,,,,,,,,,,,,
2023,3,9,19,0,3,57.06,-4.7,,,,,,,,,,,,,,,,,,,,,,,,,,,,,,,,,,,,
2023,3,9,20,0,3.8,58.97,-3.5,,,,,,,,,,,,,,,,,,,,,,,,,,,,,,,,,,,,
2023,3,9,21,0,4.4,59.44,-2.8,,,,,,,,,,,,,,,,,,,,,,,,,,,,,,,,,,,,
2023,3,9,22,0,4.9,58.45,-2.6,,,,,,,,,,,,,,,,,,,,,,,,,,,,,,,,,,,,
2023,3,9,23,0,4.8,63.15,-1.6,,,,,,,,,,,,,,,,,,,,,,,,,,,,,,,,,,,,
2023,3,10,0,0,4.1,68.82,-1.1,,,,,,,,,,,,,,,,,,,,,,,,,,,,,,,,,,,,
2023,3,10,1,0,2.6,67.81,-2.8,,,,,,,,,,,,,,,,,,,,,,,,,,,,,,,,,,,,
2023,3,10,2,0,1.4,65.72,-4.3,,,,,,,,,,,,,,,,,,,,,,,,,,,,,,,,,,,,
2023,3,10,3,0,1.4,66.42,-4.2,,,,,,,,,,,,,,,,,,,,,,,,,,,,,,,,,,,,
2023,3,10,4,0,2.1,65.35,-3.7,,,,,,,,,,,,,,,,,,,,,,,,,,,,,,,,,,,,
2023,3,10,5,0,2.5,64.8,-3.5,,,,,,,,,,,,,,,,,,,,,,,,,,,,,,,,,,,,
2023,3,10,6,0,2.8,66.88,-2.7,,,,,,,,,,,,,,,,,,,,,,,,,,,,,,,,,,,,
2023,3,10,7,0,2.2,72.97,-2.1,,,,,,,,,,,,,,,,,,,,,,,,,,,,,,,,,,,,
2023,3,10,8,0,2.3,72.89,-2.1,,,,,,,,,,,,,,,,,,,,,,,,,,,,,,,,,,,,
2023,3,10,9,0,3.4,64.57,-2.6,,,,,,,,,,,,,,,,,,,,,,,,,,,,,,,,,,,,
2023,3,10,10,0,3.9,61.95,-2.7,,,,,,,,,,,,,,,,,,,,,,,,,,,,,,,,,,,,
2023,3,10,11,0,3.4,68.18,-1.9,,,,,,,,,,,,,,,,,,,,,,,,,,,,,,,,,,,,
2023,3,10,12,0,3.4,70.32,-1.5,,,,,,,,,,,,,,,,,,,,,,,,,,,,,,,,,,,,
2023,3,10,13,0,3.8,68.65,-1.4,,,,,,,,,,,,,,,,,,,,,,,,,,,,,,,,,,,,
2023,3,10,14,0,4.4,68.68,-0.9,,,,,,,,,,,,,,,,,,,,,,,,,,,,,,,,,,,,
2023,3,10,15,0,4.5,72.93,0.1,,,,,,,,,,,,,,,,,,,,,,,,,,,,,,,,,,,,
2023,3,10,16,0,4.4,77.88,0.9,,,,,,,,,,,,,,,,,,,,,,,,,,,,,,,,,,,,
2023,3,10,17,0,4.9,77.95,1.4,,,,,,,,,,,,,,,,,,,,,,,,,,,,,,,,,,,,
2023,3,10,18,0,6,75.03,1.9,,,,,,,,,,,,,,,,,,,,,,,,,,,,,,,,,,,,
2023,3,10,19,0,6.7,73.77,2.3,,,,,,,,,,,,,,,,,,,,,,,,,,,,,,,,,,,,
2023,3,10,20,0,7.4,72.36,2.8,,,,,,,,,,,,,,,,,,,,,,,,,,,,,,,,,,,,
2023,3,10,21,0,7.9,72.38,3.2,,,,,,,,,,,,,,,,,,,,,,,,,,,,,,,,,,,,
2023,3,10,22,0,7.9,74.67,3.7,,,,,,,,,,,,,,,,,,,,,,,,,,,,,,,,,,,,
2023,3,10,23,0,7,79.65,3.7,,,,,,,,,,,,,,,,,,,,,,,,,,,,,,,,,,,,
2023,3,11,0,0,5,85.3,2.7,,,,,,,,,,,,,,,,,,,,,,,,,,,,,,,,,,,,
2023,3,11,1,0,3.2,88.31,1.5,,,,,,,,,,,,,,,,,,,,,,,,,,,,,,,,,,,,
2023,3,11,2,0,2.9,86.09,0.8,,,,,,,,,,,,,,,,,,,,,,,,,,,,,,,,,,,,
2023,3,11,3,0,3,83.85,0.5,,,,,,,,,,,,,,,,,,,,,,,,,,,,,,,,,,,,
2023,3,11,4,0,2,84.93,-0.3,,,,,,,,,,,,,,,,,,,,,,,,,,,,,,,,,,,,
2023,3,11,5,0,1,85.26,-1.2,,,,,,,,,,,,,,,,,,,,,,,,,,,,,,,,,,,,
2023,3,11,6,0,0.4,81.47,-2.4,,,,,,,,,,,,,,,,,,,,,,,,,,,,,,,,,,,,
2023,3,11,7,0,-0.1,77.62,-3.5,,,,,,,,,,,,,,,,,,,,,,,,,,,,,,,,,,,,
2023,3,11,8,0,-0.7,73.99,-4.8,,,,,,,,,,,,,,,,,,,,,,,,,,,,,,,,,,,,
2023,3,11,9,0,-1.3,72.17,-5.7,,,,,,,,,,,,,,,,,,,,,,,,,,,,,,,,,,,,
2023,3,11,10,0,-1.7,71.9,-6.1,,,,,,,,,,,,,,,,,,,,,,,,,,,,,,,,,,,,
2023,3,11,11,0,-1.7,70.16,-6.4,,,,,,,,,,,,,,,,,,,,,,,,,,,,,,,,,,,,
2023,3,11,12,0,-1.9,69.18,-6.8,,,,,,,,,,,,,,,,,,,,,,,,,,,,,,,,,,,,
2023,3,11,13,0,-2,68.29,-7.1,,,,,,,,,,,,,,,,,,,,,,,,,,,,,,,,,,,,
2023,3,11,14,0,-1.4,67.76,-6.6,,,,,,,,,,,,,,,,,,,,,,,,,,,,,,,,,,,,
2023,3,11,15,0,0.2,60.67,-6.5,,,,,,,,,,,,,,,,,,,,,,,,,,,,,,,,,,,,
2023,3,11,16,0,2,57.49,-5.5,,,,,,,,,,,,,,,,,,,,,,,,,,,,,,,,,,,,
2023,3,11,17,0,3.4,52.9,-5.3,,,,,,,,,,,,,,,,,,,,,,,,,,,,,,,,,,,,
2023,3,11,18,0,4.2,50.55,-5.2,,,,,,,,,,,,,,,,,,,,,,,,,,,,,,,,,,,,
2023,3,11,19,0,4.8,49.86,-4.8,,,,,,,,,,,,,,,,,,,,,,,,,,,,,,,,,,,,
2023,3,11,20,0,5.2,48.19,-4.9,,,,,,,,,,,,,,,,,,,,,,,,,,,,,,,,,,,,
2023,3,11,21,0,5.4,47,-5,,,,,,,,,,,,,,,,,,,,,,,,,,,,,,,,,,,,
2023,3,11,22,0,5.5,46.95,-4.9,,,,,,,,,,,,,,,,,,,,,,,,,,,,,,,,,,,,
2023,3,11,23,0,5.1,49.61,-4.6,,,,,,,,,,,,,,,,,,,,,,,,,,,,,,,,,,,,
2023,3,12,0,0,4.1,56.09,-3.9,,,,,,,,,,,,,,,,,,,,,,,,,,,,,,,,,,,,
2023,3,12,1,0,2.6,58.32,-4.8,,,,,,,,,,,,,,,,,,,,,,,,,,,,,,,,,,,,
2023,3,12,2,0,1.4,64.34,-4.6,,,,,,,,,,,,,,,,,,,,,,,,,,,,,,,,,,,,
2023,3,12,3,0,0.9,67.29,-4.5,,,,,,,,,,,,,,,,,,,,,,,,,,,,,,,,,,,,
2023,3,12,4,0,0.3,68.23,-4.9,,,,,,,,,,,,,,,,,,,,,,,,,,,,,,,,,,,,
2023,3,12,5,0,-0.2,67.73,-5.4,,,,,,,,,,,,,,,,,,,,,,,,,,,,,,,,,,,,
2023,3,12,6,0,-0.5,67.65,-5.8,,,,,,,,,,,,,,,,,,,,,,,,,,,,,,,,,,,,
2023,3,12,7,0,-0.6,68.1,-5.8,,,,,,,,,,,,,,,,,,,,,,,,,,,,,,,,,,,,
2023,3,12,8,0,-0.2,70.04,-5,,,,,,,,,,,,,,,,,,,,,,,,,,,,,,,,,,,,
2023,3,12,9,0,-0.1,73.91,-4.2,,,,,,,,,,,,,,,,,,,,,,,,,,,,,,,,,,,,
2023,3,12,10,0,-0.1,76.78,-3.7,,,,,,,,,,,,,,,,,,,,,,,,,,,,,,,,,,,,
2023,3,12,11,0,0,77.93,-3.4,,,,,,,,,,,,,,,,,,,,,,,,,,,,,,,,,,,,
2023,3,12,12,0,0,78.12,-3.4,,,,,,,,,,,,,,,,,,,,,,,,,,,,,,,,,,,,
2023,3,12,13,0,0,78.09,-3.4,,,,,,,,,,,,,,,,,,,,,,,,,,,,,,,,,,,,
2023,3,12,14,0,0.9,77.36,-2.6,,,,,,,,,,,,,,,,,,,,,,,,,,,,,,,,,,,,
2023,3,12,15,0,2.8,76.33,-1,,,,,,,,,,,,,,,,,,,,,,,,,,,,,,,,,,,,
2023,3,12,16,0,4.3,75.21,0.3,,,,,,,,,,,,,,,,,,,,,,,,,,,,,,,,,,,,
2023,3,12,17,0,5.1,73.21,0.7,,,,,,,,,,,,,,,,,,,,,,,,,,,,,,,,,,,,
2023,3,12,18,0,5.5,72.27,0.9,,,,,,,,,,,,,,,,,,,,,,,,,,,,,,,,,,,,
2023,3,12,19,0,5.8,71.63,1.1,,,,,,,,,,,,,,,,,,,,,,,,,,,,,,,,,,,,
2023,3,12,20,0,6,70.43,1,,,,,,,,,,,,,,,,,,,,,,,,,,,,,,,,,,,,
2023,3,12,21,0,6.1,69.7,1,,,,,,,,,,,,,,,,,,,,,,,,,,,,,,,,,,,,
2023,3,12,22,0,6.2,68.65,0.9,,,,,,,,,,,,,,,,,,,,,,,,,,,,,,,,,,,,
2023,3,12,23,0,6.1,68.94,0.8,,,,,,,,,,,,,,,,,,,,,,,,,,,,,,,,,,,,
2023,3,13,0,0,5.6,71.17,0.8,,,,,,,,,,,,,,,,,,,,,,,,,,,,,,,,,,,,
2023,3,13,1,0,4.8,71.74,0.1,,,,,,,,,,,,,,,,,,,,,,,,,,,,,,,,,,,,
2023,3,13,2,0,3.7,73.57,-0.6,,,,,,,,,,,,,,,,,,,,,,,,,,,,,,,,,,,,
2023,3,13,3,0,2.7,76.41,-1,,,,,,,,,,,,,,,,,,,,,,,,,,,,,,,,,,,,
2023,3,13,4,0,1.8,79.64,-1.3,,,,,,,,,,,,,,,,,,,,,,,,,,,,,,,,,,,,
2023,3,13,5,0,1.1,82.05,-1.6,,,,,,,,,,,,,,,,,,,,,,,,,,,,,,,,,,,,
2023,3,13,6,0,0.7,83.57,-1.8,,,,,,,,,,,,,,,,,,,,,,,,,,,,,,,,,,,,
2023,3,13,7,0,0.3,84.84,-2,,,,,,,,,,,,,,,,,,,,,,,,,,,,,,,,,,,,
2023,3,13,8,0,0.1,85.47,-2,,,,,,,,,,,,,,,,,,,,,,,,,,,,,,,,,,,,
2023,3,13,9,0,-0.2,86.11,-2.2,,,,,,,,,,,,,,,,,,,,,,,,,,,,,,,,,,,,
2023,3,13,10,0,-0.2,84.88,-2.4,,,,,,,,,,,,,,,,,,,,,,,,,,,,,,,,,,,,
2023,3,13,11,0,0.2,82.5,-2.4,,,,,,,,,,,,,,,,,,,,,,,,,,,,,,,,,,,,
2023,3,13,12,0,0.6,80.71,-2.3,,,,,,,,,,,,,,,,,,,,,,,,,,,,,,,,,,,,
2023,3,13,13,0,0.9,79.45,-2.3,,,,,,,,,,,,,,,,,,,,,,,,,,,,,,,,,,,,
2023,3,13,14,0,1.9,77.78,-1.6,,,,,,,,,,,,,,,,,,,,,,,,,,,,,,,,,,,,
2023,3,13,15,0,3.9,74.95,-0.1,,,,,,,,,,,,,,,,,,,,,,,,,,,,,,,,,,,,
2023,3,13,16,0,5.7,71.91,1,,,,,,,,,,,,,,,,,,,,,,,,,,,,,,,,,,,,
2023,3,13,17,0,6.6,70.27,1.6,,,,,,,,,,,,,,,,,,,,,,,,,,,,,,,,,,,,
2023,3,13,18,0,7.3,68.16,1.8,,,,,,,,,,,,,,,,,,,,,,,,,,,,,,,,,,,,
2023,3,13,19,0,7.7,65.9,1.7,,,,,,,,,,,,,,,,,,,,,,,,,,,,,,,,,,,,
2023,3,13,20,0,8,64.24,1.7,,,,,,,,,,,,,,,,,,,,,,,,,,,,,,,,,,,,
2023,3,13,21,0,8.3,62.84,1.6,,,,,,,,,,,,,,,,,,,,,,,,,,,,,,,,,,,,
2023,3,13,22,0,8.4,62.55,1.7,,,,,,,,,,,,,,,,,,,,,,,,,,,,,,,,,,,,
2023,3,13,23,0,8,66.75,2.2,,,,,,,,,,,,,,,,,,,,,,,,,,,,,,,,,,,,
2023,3,14,0,0,6.9,70.95,2,,,,,,,,,,,,,,,,,,,,,,,,,,,,,,,,,,,,
2023,3,14,1,0,5.2,70.67,0.3,,,,,,,,,,,,,,,,,,,,,,,,,,,,,,,,,,,,
2023,3,14,2,0,4,73.92,-0.2,,,,,,,,,,,,,,,,,,,,,,,,,,,,,,,,,,,,
2023,3,14,3,0,3.1,76.92,-0.6,,,,,,,,,,,,,,,,,,,,,,,,,,,,,,,,,,,,
2023,3,14,4,0,2.6,78.29,-0.8,,,,,,,,,,,,,,,,,,,,,,,,,,,,,,,,,,,,
2023,3,14,5,0,2.5,78.47,-0.9,,,,,,,,,,,,,,,,,,,,,,,,,,,,,,,,,,,,
2023,3,14,6,0,2.3,78.83,-1,,,,,,,,,,,,,,,,,,,,,,,,,,,,,,,,,,,,
2023,3,14,7,0,2.3,78.34,-1.1,,,,,,,,,,,,,,,,,,,,,,,,,,,,,,,,,,,,
2023,3,14,8,0,2.7,76.84,-1,,,,,,,,,,,,,,,,,,,,,,,,,,,,,,,,,,,,
2023,3,14,9,0,3,76.11,-0.8,,,,,,,,,,,,,,,,,,,,,,,,,,,,,,,,,,,,
2023,3,14,10,0,3.2,75.52,-0.7,,,,,,,,,,,,,,,,,,,,,,,,,,,,,,,,,,,,
2023,3,14,11,0,3.3,75.53,-0.6,,,,,,,,,,,,,,,,,,,,,,,,,,,,,,,,,,,,
2023,3,14,12,0,3.2,75.31,-0.7,,,,,,,,,,,,,,,,,,,,,,,,,,,,,,,,,,,,
2023,3,14,13,0,3.5,73.7,-0.8,,,,,,,,,,,,,,,,,,,,,,,,,,,,,,,,,,,,
2023,3,14,14,0,4.7,72.86,0.2,,,,,,,,,,,,,,,,,,,,,,,,,,,,,,,,,,,,
2023,3,14,15,0,6.4,69.82,1.3,,,,,,,,,,,,,,,,,,,,,,,,,,,,,,,,,,,,
2023,3,14,16,0,7.6,64.37,1.3,,,,,,,,,,,,,,,,,,,,,,,,,,,,,,,,,,,,
2023,3,14,17,0,8.8,60.3,1.5,,,,,,,,,,,,,,,,,,,,,,,,,,,,,,,,,,,,
2023,3,14,18,0,10.2,54.85,1.5,,,,,,,,,,,,,,,,,,,,,,,,,,,,,,,,,,,,
2023,3,14,19,0,11.1,51.38,1.4,,,,,,,,,,,,,,,,,,,,,,,,,,,,,,,,,,,,
2023,3,14,20,0,11.2,51.51,1.6,,,,,,,,,,,,,,,,,,,,,,,,,,,,,,,,,,,,
2023,3,14,21,0,10.7,55.23,2.1,,,,,,,,,,,,,,,,,,,,,,,,,,,,,,,,,,,,
2023,3,14,22,0,9.4,64.08,2.9,,,,,,,,,,,,,,,,,,,,,,,,,,,,,,,,,,,,
2023,3,14,23,0,7.9,73.72,3.5,,,,,,,,,,,,,,,,,,,,,,,,,,,,,,,,,,,,
2023,3,15,0,0,6.7,79.64,3.4,,,,,,,,,,,,,,,,,,,,,,,,,,,,,,,,,,,,
2023,3,15,1,0,5.9,82.18,3.1,,,,,,,,,,,,,,,,,,,,,,,,,,,,,,,,,,,,
2023,3,15,2,0,6,81.09,3,,,,,,,,,,,,,,,,,,,,,,,,,,,,,,,,,,,,
2023,3,15,3,0,6.3,80.08,3.1,,,,,,,,,,,,,,,,,,,,,,,,,,,,,,,,,,,,
2023,3,15,4,0,6.5,79.57,3.2,,,,,,,,,,,,,,,,,,,,,,,,,,,,,,,,,,,,
2023,3,15,5,0,6.5,79.4,3.2,,,,,,,,,,,,,,,,,,,,,,,,,,,,,,,,,,,,
2023,3,15,6,0,6.3,79.91,3.1,,,,,,,,,,,,,,,,,,,,,,,,,,,,,,,,,,,,
2023,3,15,7,0,6.3,79.65,3,,,,,,,,,,,,,,,,,,,,,,,,,,,,,,,,,,,,
2023,3,15,8,0,6.3,79.91,3.1,,,,,,,,,,,,,,,,,,,,,,,,,,,,,,,,,,,,
2023,3,15,9,0,6,81.85,3.1,,,,,,,,,,,,,,,,,,,,,,,,,,,,,,,,,,,,
2023,3,15,10,0,5.8,83.21,3.2,,,,,,,,,,,,,,,,,,,,,,,,,,,,,,,,,,,,
2023,3,15,11,0,5.6,84.63,3.2,,,,,,,,,,,,,,,,,,,,,,,,,,,,,,,,,,,,
2023,3,15,12,0,4.8,86.89,2.8,,,,,,,,,,,,,,,,,,,,,,,,,,,,,,,,,,,,
2023,3,15,13,0,3.8,88.65,2.1,,,,,,,,,,,,,,,,,,,,,,,,,,,,,,,,,,,,
2023,3,15,14,0,4,86.57,2,,,,,,,,,,,,,,,,,,,,,,,,,,,,,,,,,,,,
2023,3,15,15,0,4.7,83.1,2.1,,,,,,,,,,,,,,,,,,,,,,,,,,,,,,,,,,,,
2023,3,15,16,0,5.5,77.23,1.8,,,,,,,,,,,,,,,,,,,,,,,,,,,,,,,,,,,,
2023,3,15,17,0,6.2,69.48,1,,,,,,,,,,,,,,,,,,,,,,,,,,,,,,,,,,,,
2023,3,15,18,0,6.4,64.22,0.1,,,,,,,,,,,,,,,,,,,,,,,,,,,,,,,,,,,,
2023,3,15,19,0,6.3,61.35,-0.6,,,,,,,,,,,,,,,,,,,,,,,,,,,,,,,,,,,,
2023,3,15,20,0,6.3,58.26,-1.3,,,,,,,,,,,,,,,,,,,,,,,,,,,,,,,,,,,,
2023,3,15,21,0,6.2,55.29,-2.1,,,,,,,,,,,,,,,,,,,,,,,,,,,,,,,,,,,,
2023,3,15,22,0,5.9,53.4,-2.9,,,,,,,,,,,,,,,,,,,,,,,,,,,,,,,,,,,,
2023,3,15,23,0,5.6,52.75,-3.3,,,,,,,,,,,,,,,,,,,,,,,,,,,,,,,,,,,,
2023,3,16,0,0,4.4,59.91,-2.7,,,,,,,,,,,,,,,,,,,,,,,,,,,,,,,,,,,,
2023,3,16,1,0,1.4,65.79,-4.3,,,,,,,,,,,,,,,,,,,,,,,,,,,,,,,,,,,,
2023,3,16,2,0,0,67.31,-5.3,,,,,,,,,,,,,,,,,,,,,,,,,,,,,,,,,,,,
2023,3,16,3,0,-0.7,69.37,-5.6,,,,,,,,,,,,,,,,,,,,,,,,,,,,,,,,,,,,
2023,3,16,4,0,-1.1,71.13,-5.7,,,,,,,,,,,,,,,,,,,,,,,,,,,,,,,,,,,,
2023,3,16,5,0,-1.5,73.6,-5.6,,,,,,,,,,,,,,,,,,,,,,,,,,,,,,,,,,,,
2023,3,16,6,0,-1.7,75.47,-5.5,,,,,,,,,,,,,,,,,,,,,,,,,,,,,,,,,,,,
2023,3,16,7,0,-1.8,76.81,-5.3,,,,,,,,,,,,,,,,,,,,,,,,,,,,,,,,,,,,
2023,3,16,8,0,-1.9,77.22,-5.4,,,,,,,,,,,,,,,,,,,,,,,,,,,,,,,,,,,,
2023,3,16,9,0,-2,76.41,-5.6,,,,,,,,,,,,,,,,,,,,,,,,,,,,,,,,,,,,
2023,3,16,10,0,-2.1,74.75,-6,,,,,,,,,,,,,,,,,,,,,,,,,,,,,,,,,,,,
2023,3,16,11,0,-2.3,72.94,-6.5,,,,,,,,,,,,,,,,,,,,,,,,,,,,,,,,,,,,
2023,3,16,12,0,-2.6,71.73,-7,,,,,,,,,,,,,,,,,,,,,,,,,,,,,,,,,,,,
2023,3,16,13,0,-2.9,71.09,-7.4,,,,,,,,,,,,,,,,,,,,,,,,,,,,,,,,,,,,
2023,3,16,14,0,-1.6,63.72,-7.6,,,,,,,,,,,,,,,,,,,,,,,,,,,,,,,,,,,,
2023,3,16,15,0,0.8,49.26,-8.6,,,,,,,,,,,,,,,,,,,,,,,,,,,,,,,,,,,,
2023,3,16,16,0,2.4,39.98,-9.8,,,,,,,,,,,,,,,,,,,,,,,,,,,,,,,,,,,,
2023,3,16,17,0,3.5,36.2,-10.1,,,,,,,,,,,,,,,,,,,,,,,,,,,,,,,,,,,,
2023,3,16,18,0,4.4,34.29,-10,,,,,,,,,,,,,,,,,,,,,,,,,,,,,,,,,,,,
2023,3,16,19,0,5.2,33.55,-9.6,,,,,,,,,,,,,,,,,,,,,,,,,,,,,,,,,,,,
2023,3,16,20,0,5.7,33.67,-9.1,,,,,,,,,,,,,,,,,,,,,,,,,,,,,,,,,,,,
2023,3,16,21,0,5.9,33.75,-8.9,,,,,,,,,,,,,,,,,,,,,,,,,,,,,,,,,,,,
2023,3,16,22,0,5.7,34.77,-8.7,,,,,,,,,,,,,,,,,,,,,,,,,,,,,,,,,,,,
2023,3,16,23,0,5.1,37.2,-8.3,,,,,,,,,,,,,,,,,,,,,,,,,,,,,,,,,,,,
2023,3,17,0,0,3.4,50.64,-5.9,,,,,,,,,,,,,,,,,,,,,,,,,,,,,,,,,,,,
2023,3,17,1,0,0.5,56.84,-7.1,,,,,,,,,,,,,,,,,,,,,,,,,,,,,,,,,,,,
2023,3,17,2,0,-0.2,58.76,-7.3,,,,,,,,,,,,,,,,,,,,,,,,,,,,,,,,,,,,
2023,3,17,3,0,-0.6,61.21,-7.2,,,,,,,,,,,,,,,,,,,,,,,,,,,,,,,,,,,,
2023,3,17,4,0,-1,63.08,-7.1,,,,,,,,,,,,,,,,,,,,,,,,,,,,,,,,,,,,
2023,3,17,5,0,-1.4,64.24,-7.3,,,,,,,,,,,,,,,,,,,,,,,,,,,,,,,,,,,,
2023,3,17,6,0,-1.9,65.44,-7.5,,,,,,,,,,,,,,,,,,,,,,,,,,,,,,,,,,,,
2023,3,17,7,0,-2.2,65.83,-7.7,,,,,,,,,,,,,,,,,,,,,,,,,,,,,,,,,,,,
2023,3,17,8,0,-2.4,65.56,-8,,,,,,,,,,,,,,,,,,,,,,,,,,,,,,,,,,,,
2023,3,17,9,0,-2.5,64.58,-8.3,,,,,,,,,,,,,,,,,,,,,,,,,,,,,,,,,,,,
2023,3,17,10,0,-2.6,63.57,-8.6,,,,,,,,,,,,,,,,,,,,,,,,,,,,,,,,,,,,
2023,3,17,11,0,-2.7,62.61,-8.9,,,,,,,,,,,,,,,,,,,,,,,,,,,,,,,,,,,,
2023,3,17,12,0,-2.8,61.94,-9.1,,,,,,,,,,,,,,,,,,,,,,,,,,,,,,,,,,,,
2023,3,17,13,0,-3,61.69,-9.3,,,,,,,,,,,,,,,,,,,,,,,,,,,,,,,,,,,,
2023,3,17,14,0,-1.3,55.13,-9.2,,,,,,,,,,,,,,,,,,,,,,,,,,,,,,,,,,,,
2023,3,17,15,0,1.1,44.1,-9.8,,,,,,,,,,,,,,,,,,,,,,,,,,,,,,,,,,,,
2023,3,17,16,0,2.7,40.39,-9.4,,,,,,,,,,,,,,,,,,,,,,,,,,,,,,,,,,,,
2023,3,17,17,0,4,38.06,-9,,,,,,,,,,,,,,,,,,,,,,,,,,,,,,,,,,,,
2023,3,17,18,0,5.1,36.22,-8.7,,,,,,,,,,,,,,,,,,,,,,,,,,,,,,,,,,,,
2023,3,17,19,0,6,34.53,-8.5,,,,,,,,,,,,,,,,,,,,,,,,,,,,,,,,,,,,
2023,3,17,20,0,6.6,33.68,-8.3,,,,,,,,,,,,,,,,,,,,,,,,,,,,,,,,,,,,
2023,3,17,21,0,6.8,33.62,-8.1,,,,,,,,,,,,,,,,,,,,,,,,,,,,,,,,,,,,
2023,3,17,22,0,6.6,34.32,-8,,,,,,,,,,,,,,,,,,,,,,,,,,,,,,,,,,,,
2023,3,17,23,0,6,36.3,-7.9,,,,,,,,,,,,,,,,,,,,,,,,,,,,,,,,,,,,
2023,3,18,0,0,4.5,47.45,-5.7,,,,,,,,,,,,,,,,,,,,,,,,,,,,,,,,,,,,
2023,3,18,1,0,2.7,45.5,-7.9,,,,,,,,,,,,,,,,,,,,,,,,,,,,,,,,,,,,
2023,3,18,2,0,1.8,48,-8.1,,,,,,,,,,,,,,,,,,,,,,,,,,,,,,,,,,,,
2023,3,18,3,0,1.3,51.38,-7.6,,,,,,,,,,,,,,,,,,,,,,,,,,,,,,,,,,,,
2023,3,18,4,0,0.9,54.41,-7.3,,,,,,,,,,,,,,,,,,,,,,,,,,,,,,,,,,,,
2023,3,18,5,0,0.5,57.24,-7,,,,,,,,,,,,,,,,,,,,,,,,,,,,,,,,,,,,
2023,3,18,6,0,-0.1,59.69,-7,,,,,,,,,,,,,,,,,,,,,,,,,,,,,,,,,,,,
2023,3,18,7,0,-0.7,61.6,-7.2,,,,,,,,,,,,,,,,,,,,,,,,,,,,,,,,,,,,
2023,3,18,8,0,-1.1,62.03,-7.5,,,,,,,,,,,,,,,,,,,,,,,,,,,,,,,,,,,,
2023,3,18,9,0,-1.4,61.88,-7.8,,,,,,,,,,,,,,,,,,,,,,,,,,,,,,,,,,,,
2023,3,18,10,0,-1.8,62.01,-8.1,,,,,,,,,,,,,,,,,,,,,,,,,,,,,,,,,,,,
2023,3,18,11,0,-2.1,61.82,-8.4,,,,,,,,,,,,,,,,,,,,,,,,,,,,,,,,,,,,
2023,3,18,12,0,-2.5,61.89,-8.8,,,,,,,,,,,,,,,,,,,,,,,,,,,,,,,,,,,,
2023,3,18,13,0,-2.7,60.91,-9.2,,,,,,,,,,,,,,,,,,,,,,,,,,,,,,,,,,,,
2023,3,18,14,0,-0.8,53.97,-9,,,,,,,,,,,,,,,,,,,,,,,,,,,,,,,,,,,,
2023,3,18,15,0,1.5,44.68,-9.3,,,,,,,,,,,,,,,,,,,,,,,,,,,,,,,,,,,,
2023,3,18,16,0,4.2,35.57,-9.7,,,,,,,,,,,,,,,,,,,,,,,,,,,,,,,,,,,,
2023,3,18,17,0,6,31.66,-9.6,,,,,,,,,,,,,,,,,,,,,,,,,,,,,,,,,,,,
2023,3,18,18,0,7.2,30.32,-9.1,,,,,,,,,,,,,,,,,,,,,,,,,,,,,,,,,,,,
2023,3,18,19,0,8,30.03,-8.5,,,,,,,,,,,,,,,,,,,,,,,,,,,,,,,,,,,,
2023,3,18,20,0,8.5,30.35,-8,,,,,,,,,,,,,,,,,,,,,,,,,,,,,,,,,,,,
2023,3,18,21,0,8.6,31.22,-7.5,,,,,,,,,,,,,,,,,,,,,,,,,,,,,,,,,,,,
2023,3,18,22,0,8.3,32.44,-7.3,,,,,,,,,,,,,,,,,,,,,,,,,,,,,,,,,,,,
2023,3,18,23,0,7.6,37.66,-5.9,,,,,,,,,,,,,,,,,,,,,,,,,,,,,,,,,,,,
2023,3,19,0,0,5.6,56.38,-2.4,,,,,,,,,,,,,,,,,,,,,,,,,,,,,,,,,,,,
2023,3,19,1,0,3.4,55.79,-4.6,,,,,,,,,,,,,,,,,,,,,,,,,,,,,,,,,,,,
2023,3,19,2,0,2.7,57.02,-5,,,,,,,,,,,,,,,,,,,,,,,,,,,,,,,,,,,,
2023,3,19,3,0,2,58.37,-5.3,,,,,,,,,,,,,,,,,,,,,,,,,,,,,,,,,,,,
2023,3,19,4,0,1.3,59.52,-5.7,,,,,,,,,,,,,,,,,,,,,,,,,,,,,,,,,,,,
2023,3,19,5,0,0.9,60.15,-6,,,,,,,,,,,,,,,,,,,,,,,,,,,,,,,,,,,,
2023,3,19,6,0,0.6,60.4,-6.2,,,,,,,,,,,,,,,,,,,,,,,,,,,,,,,,,,,,
2023,3,19,7,0,0.4,59.85,-6.5,,,,,,,,,,,,,,,,,,,,,,,,,,,,,,,,,,,,
2023,3,19,8,0,0.1,59.19,-6.9,,,,,,,,,,,,,,,,,,,,,,,,,,,,,,,,,,,,
2023,3,19,9,0,-0.1,58.11,-7.4,,,,,,,,,,,,,,,,,,,,,,,,,,,,,,,,,,,,
2023,3,19,10,0,-0.3,57.73,-7.6,,,,,,,,,,,,,,,,,,,,,,,,,,,,,,,,,,,,
2023,3,19,11,0,-0.3,57.39,-7.7,,,,,,,,,,,,,,,,,,,,,,,,,,,,,,,,,,,,
2023,3,19,12,0,-0.4,57.64,-7.7,,,,,,,,,,,,,,,,,,,,,,,,,,,,,,,,,,,,
2023,3,19,13,0,-0.2,57.16,-7.7,,,,,,,,,,,,,,,,,,,,,,,,,,,,,,,,,,,,
2023,3,19,14,0,1.9,51.75,-7,,,,,,,,,,,,,,,,,,,,,,,,,,,,,,,,,,,,
2023,3,19,15,0,4.1,44.43,-6.9,,,,,,,,,,,,,,,,,,,,,,,,,,,,,,,,,,,,
2023,3,19,16,0,6.2,41.83,-5.8,,,,,,,,,,,,,,,,,,,,,,,,,,,,,,,,,,,,
2023,3,19,17,0,7.9,39.41,-5.1,,,,,,,,,,,,,,,,,,,,,,,,,,,,,,,,,,,,
2023,3,19,18,0,9,38.99,-4.2,,,,,,,,,,,,,,,,,,,,,,,,,,,,,,,,,,,,
2023,3,19,19,0,9.8,39.87,-3.2,,,,,,,,,,,,,,,,,,,,,,,,,,,,,,,,,,,,
2023,3,19,20,0,10.3,41.7,-2.2,,,,,,,,,,,,,,,,,,,,,,,,,,,,,,,,,,,,
2023,3,19,21,0,10.1,46.03,-1,,,,,,,,,,,,,,,,,,,,,,,,,,,,,,,,,,,,
2023,3,19,22,0,9.2,53.22,0.2,,,,,,,,,,,,,,,,,,,,,,,,,,,,,,,,,,,,
2023,3,19,23,0,7.3,64.72,1.1,,,,,,,,,,,,,,,,,,,,,,,,,,,,,,,,,,,,
2023,3,20,0,0,5.2,76.03,1.3,,,,,,,,,,,,,,,,,,,,,,,,,,,,,,,,,,,,
2023,3,20,1,0,3.8,83.3,1.2,,,,,,,,,,,,,,,,,,,,,,,,,,,,,,,,,,,,
2023,3,20,2,0,3.3,86.4,1.2,,,,,,,,,,,,,,,,,,,,,,,,,,,,,,,,,,,,
2023,3,20,3,0,3.1,86.53,1.1,,,,,,,,,,,,,,,,,,,,,,,,,,,,,,,,,,,,
2023,3,20,4,0,3,86.3,0.9,,,,,,,,,,,,,,,,,,,,,,,,,,,,,,,,,,,,
2023,3,20,5,0,2.8,86.64,0.8,,,,,,,,,,,,,,,,,,,,,,,,,,,,,,,,,,,,
2023,3,20,6,0,2.7,86.46,0.7,,,,,,,,,,,,,,,,,,,,,,,,,,,,,,,,,,,,
2023,3,20,7,0,2.6,85.95,0.5,,,,,,,,,,,,,,,,,,,,,,,,,,,,,,,,,,,,
2023,3,20,8,0,2.6,84.6,0.3,,,,,,,,,,,,,,,,,,,,,,,,,,,,,,,,,,,,
2023,3,20,9,0,2.5,83.37,0,,,,,,,,,,,,,,,,,,,,,,,,,,,,,,,,,,,,
2023,3,20,10,0,2,83.89,-0.4,,,,,,,,,,,,,,,,,,,,,,,,,,,,,,,,,,,,
2023,3,20,11,0,1.4,84.94,-0.9,,,,,,,,,,,,,,,,,,,,,,,,,,,,,,,,,,,,
2023,3,20,12,0,1.4,84.46,-0.9,,,,,,,,,,,,,,,,,,,,,,,,,,,,,,,,,,,,
2023,3,20,13,0,1.7,83.28,-0.8,,,,,,,,,,,,,,,,,,,,,,,,,,,,,,,,,,,,
2023,3,20,14,0,3.6,78.95,0.3,,,,,,,,,,,,,,,,,,,,,,,,,,,,,,,,,,,,
2023,3,20,15,0,4.8,74.72,0.7,,,,,,,,,,,,,,,,,,,,,,,,,,,,,,,,,,,,
2023,3,20,16,0,6,69.97,0.9,,,,,,,,,,,,,,,,,,,,,,,,,,,,,,,,,,,,
2023,3,20,17,0,7.3,62.86,0.7,,,,,,,,,,,,,,,,,,,,,,,,,,,,,,,,,,,,
2023,3,20,18,0,7.9,58.44,0.2,,,,,,,,,,,,,,,,,,,,,,,,,,,,,,,,,,,,
2023,3,20,19,0,7.7,58.32,0,,,,,,,,,,,,,,,,,,,,,,,,,,,,,,,,,,,,
2023,3,20,20,0,6.6,62.78,0,,,,,,,,,,,,,,,,,,,,,,,,,,,,,,,,,,,,
2023,3,20,21,0,5.6,66.85,-0.1,,,,,,,,,,,,,,,,,,,,,,,,,,,,,,,,,,,,
2023,3,20,22,0,5.1,68.39,-0.2,,,,,,,,,,,,,,,,,,,,,,,,,,,,,,,,,,,,
2023,3,20,23,0,4.9,68.71,-0.4,,,,,,,,,,,,,,,,,,,,,,,,,,,,,,,,,,,,
2023,3,21,0,0,4.3,73.4,0,,,,,,,,,,,,,,,,,,,,,,,,,,,,,,,,,,,,
2023,3,21,1,0,2.7,74.1,-1.5,,,,,,,,,,,,,,,,,,,,,,,,,,,,,,,,,,,,
2023,3,21,2,0,1.6,77.32,-1.9,,,,,,,,,,,,,,,,,,,,,,,,,,,,,,,,,,,,
2023,3,21,3,0,0.8,80.48,-2.2,,,,,,,,,,,,,,,,,,,,,,,,,,,,,,,,,,,,
2023,3,21,4,0,0.4,81.66,-2.4,,,,,,,,,,,,,,,,,,,,,,,,,,,,,,,,,,,,
2023,3,21,5,0,0.2,81.26,-2.6,,,,,,,,,,,,,,,,,,,,,,,,,,,,,,,,,,,,
2023,3,21,6,0,0,80.4,-3,,,,,,,,,,,,,,,,,,,,,,,,,,,,,,,,,,,,
2023,3,21,7,0,-0.3,80.21,-3.3,,,,,,,,,,,,,,,,,,,,,,,,,,,,,,,,,,,,
2023,3,21,8,0,-0.4,78.85,-3.6,,,,,,,,,,,,,,,,,,,,,,,,,,,,,,,,,,,,
2023,3,21,9,0,-0.4,77.48,-3.9,,,,,,,,,,,,,,,,,,,,,,,,,,,,,,,,,,,,
2023,3,21,10,0,-0.4,76.75,-4,,,,,,,,,,,,,,,,,,,,,,,,,,,,,,,,,,,,
2023,3,21,11,0,-0.4,76.57,-4,,,,,,,,,,,,,,,,,,,,,,,,,,,,,,,,,,,,
2023,3,21,12,0,-0.1,75.24,-4,,,,,,,,,,,,,,,,,,,,,,,,,,,,,,,,,,,,
2023,3,21,13,0,0.2,74.03,-3.9,,,,,,,,,,,,,,,,,,,,,,,,,,,,,,,,,,,,
2023,3,21,14,0,2,68.24,-3.2,,,,,,,,,,,,,,,,,,,,,,,,,,,,,,,,,,,,
2023,3,21,15,0,3.9,56.09,-4.1,,,,,,,,,,,,,,,,,,,,,,,,,,,,,,,,,,,,
2023,3,21,16,0,5.3,47.48,-5,,,,,,,,,,,,,,,,,,,,,,,,,,,,,,,,,,,,
2023,3,21,17,0,6.5,42.36,-5.4,,,,,,,,,,,,,,,,,,,,,,,,,,,,,,,,,,,,
2023,3,21,18,0,7.4,39.93,-5.4,,,,,,,,,,,,,,,,,,,,,,,,,,,,,,,,,,,,
2023,3,21,19,0,7.8,40.28,-4.9,,,,,,,,,,,,,,,,,,,,,,,,,,,,,,,,,,,,
2023,3,21,20,0,7.7,43.19,-4,,,,,,,,,,,,,,,,,,,,,,,,,,,,,,,,,,,,
2023,3,21,21,0,7.2,48.19,-3,,,,,,,,,,,,,,,,,,,,,,,,,,,,,,,,,,,,
2023,3,21,22,0,6.7,53.39,-2.1,,,,,,,,,,,,,,,,,,,,,,,,,,,,,,,,,,,,
2023,3,21,23,0,6.2,60.13,-1,,,,,,,,,,,,,,,,,,,,,,,,,,,,,,,,,,,,
2023,3,22,0,0,4.8,70.76,-0.1,,,,,,,,,,,,,,,,,,,,,,,,,,,,,,,,,,,,
2023,3,22,1,0,3.1,76.13,-0.7,,,,,,,,,,,,,,,,,,,,,,,,,,,,,,,,,,,,
2023,3,22,2,0,2.5,78.38,-0.9,,,,,,,,,,,,,,,,,,,,,,,,,,,,,,,,,,,,
2023,3,22,3,0,2.4,78.19,-1,,,,,,,,,,,,,,,,,,,,,,,,,,,,,,,,,,,,
2023,3,22,4,0,2.4,78,-1,,,,,,,,,,,,,,,,,,,,,,,,,,,,,,,,,,,,
2023,3,22,5,0,2.4,77.78,-1.1,,,,,,,,,,,,,,,,,,,,,,,,,,,,,,,,,,,,
2023,3,22,6,0,2.6,76.36,-1.1,,,,,,,,,,,,,,,,,,,,,,,,,,,,,,,,,,,,
2023,3,22,7,0,2.7,78.6,-0.6,,,,,,,,,,,,,,,,,,,,,,,,,,,,,,,,,,,,
2023,3,22,8,0,2.9,82.1,0.1,,,,,,,,,,,,,,,,,,,,,,,,,,,,,,,,,,,,
2023,3,22,9,0,2.8,84.25,0.4,,,,,,,,,,,,,,,,,,,,,,,,,,,,,,,,,,,,
2023,3,22,10,0,2.7,85.15,0.5,,,,,,,,,,,,,,,,,,,,,,,,,,,,,,,,,,,,
2023,3,22,11,0,2,87.36,0.1,,,,,,,,,,,,,,,,,,,,,,,,,,,,,,,,,,,,
2023,3,22,12,0,1.6,87.68,-0.2,,,,,,,,,,,,,,,,,,,,,,,,,,,,,,,,,,,,
2023,3,22,13,0,1.8,86.86,-0.2,,,,,,,,,,,,,,,,,,,,,,,,,,,,,,,,,,,,
2023,3,22,14,0,3.7,81.59,0.8,,,,,,,,,,,,,,,,,,,,,,,,,,,,,,,,,,,,
2023,3,22,15,0,4.2,78.68,0.8,,,,,,,,,,,,,,,,,,,,,,,,,,,,,,,,,,,,
2023,3,22,16,0,4.1,73.76,-0.2,,,,,,,,,,,,,,,,,,,,,,,,,,,,,,,,,,,,
2023,3,22,17,0,4.6,66.91,-1,,,,,,,,,,,,,,,,,,,,,,,,,,,,,,,,,,,,
2023,3,22,18,0,5.3,61.9,-1.4,,,,,,,,,,,,,,,,,,,,,,,,,,,,,,,,,,,,
2023,3,22,19,0,5.6,60.83,-1.4,,,,,,,,,,,,,,,,,,,,,,,,,,,,,,,,,,,,
2023,3,22,20,0,5.8,60.86,-1.2,,,,,,,,,,,,,,,,,,,,,,,,,,,,,,,,,,,,
2023,3,22,21,0,5.9,60.86,-1.1,,,,,,,,,,,,,,,,,,,,,,,,,,,,,,,,,,,,
2023,3,22,22,0,5.7,61.18,-1.2,,,,,,,,,,,,,,,,,,,,,,,,,,,,,,,,,,,,
2023,3,22,23,0,5.4,62.19,-1.3,,,,,,,,,,,,,,,,,,,,,,,,,,,,,,,,,,,,
2023,3,23,0,0,4.6,68.18,-0.8,,,,,,,,,,,,,,,,,,,,,,,,,,,,,,,,,,,,
2023,3,23,1,0,2.7,72.77,-1.7,,,,,,,,,,,,,,,,,,,,,,,,,,,,,,,,,,,,
2023,3,23,2,0,1.9,73.98,-2.2,,,,,,,,,,,,,,,,,,,,,,,,,,,,,,,,,,,,
2023,3,23,3,0,1.6,74.88,-2.4,,,,,,,,,,,,,,,,,,,,,,,,,,,,,,,,,,,,
2023,3,23,4,0,1.7,74.43,-2.4,,,,,,,,,,,,,,,,,,,,,,,,,,,,,,,,,,,,
2023,3,23,5,0,1.7,74.25,-2.4,,,,,,,,,,,,,,,,,,,,,,,,,,,,,,,,,,,,
2023,3,23,6,0,1.7,74.13,-2.4,,,,,,,,,,,,,,,,,,,,,,,,,,,,,,,,,,,,
2023,3,23,7,0,1.9,72.98,-2.4,,,,,,,,,,,,,,,,,,,,,,,,,,,,,,,,,,,,
2023,3,23,8,0,2,72.2,-2.5,,,,,,,,,,,,,,,,,,,,,,,,,,,,,,,,,,,,
2023,3,23,9,0,1.8,72.71,-2.6,,,,,,,,,,,,,,,,,,,,,,,,,,,,,,,,,,,,
2023,3,23,10,0,1.5,73.73,-2.7,,,,,,,,,,,,,,,,,,,,,,,,,,,,,,,,,,,,
2023,3,23,11,0,1.2,74.91,-2.8,,,,,,,,,,,,,,,,,,,,,,,,,,,,,,,,,,,,
2023,3,23,12,0,0.9,76.26,-2.8,,,,,,,,,,,,,,,,,,,,,,,,,,,,,,,,,,,,
2023,3,23,13,0,0.8,77.22,-2.7,,,,,,,,,,,,,,,,,,,,,,,,,,,,,,,,,,,,
2023,3,23,14,0,2.4,74.2,-1.7,,,,,,,,,,,,,,,,,,,,,,,,,,,,,,,,,,,,
2023,3,23,15,0,4.3,66.98,-1.3,,,,,,,,,,,,,,,,,,,,,,,,,,,,,,,,,,,,
2023,3,23,16,0,5.2,61.87,-1.5,,,,,,,,,,,,,,,,,,,,,,,,,,,,,,,,,,,,
2023,3,23,17,0,5.4,60.06,-1.7,,,,,,,,,,,,,,,,,,,,,,,,,,,,,,,,,,,,
2023,3,23,18,0,5.6,58.38,-1.9,,,,,,,,,,,,,,,,,,,,,,,,,,,,,,,,,,,,
2023,3,23,19,0,5.6,57.36,-2.2,,,,,,,,,,,,,,,,,,,,,,,,,,,,,,,,,,,,
2023,3,23,20,0,5.7,56.12,-2.4,,,,,,,,,,,,,,,,,,,,,,,,,,,,,,,,,,,,
2023,3,23,21,0,5.7,55.32,-2.6,,,,,,,,,,,,,,,,,,,,,,,,,,,,,,,,,,,,
2023,3,23,22,0,5.7,54.65,-2.7,,,,,,,,,,,,,,,,,,,,,,,,,,,,,,,,,,,,
2023,3,23,23,0,5.6,54.38,-2.9,,,,,,,,,,,,,,,,,,,,,,,,,,,,,,,,,,,,
2023,3,24,0,0,5.1,59.98,-2,,,,,,,,,,,,,,,,,,,,,,,,,,,,,,,,,,,,
2023,3,24,1,0,3.7,58.64,-3.7,,,,,,,,,,,,,,,,,,,,,,,,,,,,,,,,,,,,
2023,3,24,2,0,2.7,61.32,-4,,,,,,,,,,,,,,,,,,,,,,,,,,,,,,,,,,,,
2023,3,24,3,0,1.9,66.74,-3.6,,,,,,,,,,,,,,,,,,,,,,,,,,,,,,,,,,,,
2023,3,24,4,0,1.6,69.86,-3.3,,,,,,,,,,,,,,,,,,,,,,,,,,,,,,,,,,,,
2023,3,24,5,0,1.5,71.86,-3,,,,,,,,,,,,,,,,,,,,,,,,,,,,,,,,,,,,
2023,3,24,6,0,1.5,72.66,-2.9,,,,,,,,,,,,,,,,,,,,,,,,,,,,,,,,,,,,
2023,3,24,7,0,1.4,73.3,-2.9,,,,,,,,,,,,,,,,,,,,,,,,,,,,,,,,,,,,
2023,3,24,8,0,1.2,75.1,-2.7,,,,,,,,,,,,,,,,,,,,,,,,,,,,,,,,,,,,
2023,3,24,9,0,1,78.14,-2.4,,,,,,,,,,,,,,,,,,,,,,,,,,,,,,,,,,,,
2023,3,24,10,0,1,79.93,-2.1,,,,,,,,,,,,,,,,,,,,,,,,,,,,,,,,,,,,
2023,3,24,11,0,0.9,81.6,-1.9,,,,,,,,,,,,,,,,,,,,,,,,,,,,,,,,,,,,
2023,3,24,12,0,0.8,82.37,-1.9,,,,,,,,,,,,,,,,,,,,,,,,,,,,,,,,,,,,
2023,3,24,13,0,0.8,82.47,-1.8,,,,,,,,,,,,,,,,,,,,,,,,,,,,,,,,,,,,
2023,3,24,14,0,1.6,80.45,-1.4,,,,,,,,,,,,,,,,,,,,,,,,,,,,,,,,,,,,
2023,3,24,15,0,2.1,76.96,-1.5,,,,,,,,,,,,,,,,,,,,,,,,,,,,,,,,,,,,
2023,3,24,16,0,1.7,72.18,-2.8,,,,,,,,,,,,,,,,,,,,,,,,,,,,,,,,,,,,
2023,3,24,17,0,0.9,66.77,-4.6,,,,,,,,,,,,,,,,,,,,,,,,,,,,,,,,,,,,
2023,3,24,18,0,0.6,59.75,-6.3,,,,,,,,,,,,,,,,,,,,,,,,,,,,,,,,,,,,
2023,3,24,19,0,0.8,54.55,-7.3,,,,,,,,,,,,,,,,,,,,,,,,,,,,,,,,,,,,
2023,3,24,20,0,1,52.02,-7.8,,,,,,,,,,,,,,,,,,,,,,,,,,,,,,,,,,,,
2023,3,24,21,0,1,51.36,-7.9,,,,,,,,,,,,,,,,,,,,,,,,,,,,,,,,,,,,
2023,3,24,22,0,0.7,52.35,-8,,,,,,,,,,,,,,,,,,,,,,,,,,,,,,,,,,,,
2023,3,24,23,0,0.2,54.09,-8,,,,,,,,,,,,,,,,,,,,,,,,,,,,,,,,,,,,
2023,3,25,0,0,-0.5,56.64,-8.1,,,,,,,,,,,,,,,,,,,,,,,,,,,,,,,,,,,,
2023,3,25,1,0,-1.4,59.39,-8.3,,,,,,,,,,,,,,,,,,,,,,,,,,,,,,,,,,,,
2023,3,25,2,0,-2,60.52,-8.6,,,,,,,,,,,,,,,,,,,,,,,,,,,,,,,,,,,,
2023,3,25,3,0,-2.1,61.05,-8.6,,,,,,,,,,,,,,,,,,,,,,,,,,,,,,,,,,,,
2023,3,25,4,0,-2.3,62.07,-8.6,,,,,,,,,,,,,,,,,,,,,,,,,,,,,,,,,,,,
2023,3,25,5,0,-2.5,62.49,-8.7,,,,,,,,,,,,,,,,,,,,,,,,,,,,,,,,,,,,
2023,3,25,6,0,-3,63.63,-8.9,,,,,,,,,,,,,,,,,,,,,,,,,,,,,,,,,,,,
2023,3,25,7,0,-3.5,64.93,-9.1,,,,,,,,,,,,,,,,,,,,,,,,,,,,,,,,,,,,
2023,3,25,8,0,-3.5,65.74,-9,,,,,,,,,,,,,,,,,,,,,,,,,,,,,,,,,,,,
2023,3,25,9,0,-3.5,67.57,-8.6,,,,,,,,,,,,,,,,,,,,,,,,,,,,,,,,,,,,
2023,3,25,10,0,-3.5,69.6,-8.3,,,,,,,,,,,,,,,,,,,,,,,,,,,,,,,,,,,,
2023,3,25,11,0,-3.8,71.08,-8.3,,,,,,,,,,,,,,,,,,,,,,,,,,,,,,,,,,,,
2023,3,25,12,0,-4.3,72.47,-8.5,,,,,,,,,,,,,,,,,,,,,,,,,,,,,,,,,,,,
2023,3,25,13,0,-4.4,72.79,-8.5,,,,,,,,,,,,,,,,,,,,,,,,,,,,,,,,,,,,
2023,3,25,14,0,-3.3,70.1,-8,,,,,,,,,,,,,,,,,,,,,,,,,,,,,,,,,,,,
2023,3,25,15,0,-2.1,64.32,-7.9,,,,,,,,,,,,,,,,,,,,,,,,,,,,,,,,,,,,
2023,3,25,16,0,-1.6,60.24,-8.3,,,,,,,,,,,,,,,,,,,,,,,,,,,,,,,,,,,,
2023,3,25,17,0,-1.1,56.7,-8.6,,,,,,,,,,,,,,,,,,,,,,,,,,,,,,,,,,,,
2023,3,25,18,0,-0.9,54.66,-8.9,,,,,,,,,,,,,,,,,,,,,,,,,,,,,,,,,,,,
2023,3,25,19,0,-0.8,53.38,-9.1,,,,,,,,,,,,,,,,,,,,,,,,,,,,,,,,,,,,
2023,3,25,20,0,-0.7,52.03,-9.3,,,,,,,,,,,,,,,,,,,,,,,,,,,,,,,,,,,,
2023,3,25,21,0,-0.7,51.04,-9.6,,,,,,,,,,,,,,,,,,,,,,,,,,,,,,,,,,,,
2023,3,25,22,0,-0.7,50.26,-9.8,,,,,,,,,,,,,,,,,,,,,,,,,,,,,,,,,,,,
2023,3,25,23,0,-0.8,50.39,-9.8,,,,,,,,,,,,,,,,,,,,,,,,,,,,,,,,,,,,
2023,3,26,0,0,-1.3,53.01,-9.7,,,,,,,,,,,,,,,,,,,,,,,,,,,,,,,,,,,,
2023,3,26,1,0,-2.3,54.42,-10.3,,,,,,,,,,,,,,,,,,,,,,,,,,,,,,,,,,,,
2023,3,26,2,0,-2.5,53.41,-10.7,,,,,,,,,,,,,,,,,,,,,,,,,,,,,,,,,,,,
2023,3,26,3,0,-2.5,52.06,-11,,,,,,,,,,,,,,,,,,,,,,,,,,,,,,,,,,,,
2023,3,26,4,0,-2.7,51.75,-11.3,,,,,,,,,,,,,,,,,,,,,,,,,,,,,,,,,,,,
2023,3,26,5,0,-3.1,52.78,-11.4,,,,,,,,,,,,,,,,,,,,,,,,,,,,,,,,,,,,
2023,3,26,6,0,-3.6,55.62,-11.2,,,,,,,,,,,,,,,,,,,,,,,,,,,,,,,,,,,,
2023,3,26,7,0,-4.1,57.29,-11.3,,,,,,,,,,,,,,,,,,,,,,,,,,,,,,,,,,,,
2023,3,26,8,0,-4.4,58.75,-11.3,,,,,,,,,,,,,,,,,,,,,,,,,,,,,,,,,,,,
2023,3,26,9,0,-4.5,60.23,-11,,,,,,,,,,,,,,,,,,,,,,,,,,,,,,,,,,,,
2023,3,26,10,0,-4.6,62.69,-10.6,,,,,,,,,,,,,,,,,,,,,,,,,,,,,,,,,,,,
2023,3,26,11,0,-4.6,64.95,-10.2,,,,,,,,,,,,,,,,,,,,,,,,,,,,,,,,,,,,
2023,3,26,12,0,-4.6,67.13,-9.8,,,,,,,,,,,,,,,,,,,,,,,,,,,,,,,,,,,,
2023,3,26,13,0,-4.6,69.3,-9.4,,,,,,,,,,,,,,,,,,,,,,,,,,,,,,,,,,,,
2023,3,26,14,0,-3.9,68.21,-8.9,,,,,,,,,,,,,,,,,,,,,,,,,,,,,,,,,,,,
2023,3,26,15,0,-2.7,65.05,-8.4,,,,,,,,,,,,,,,,,,,,,,,,,,,,,,,,,,,,
2023,3,26,16,0,-2.2,61.12,-8.7,,,,,,,,,,,,,,,,,,,,,,,,,,,,,,,,,,,,
2023,3,26,17,0,-2,58.23,-9.1,,,,,,,,,,,,,,,,,,,,,,,,,,,,,,,,,,,,
2023,3,26,18,0,-1.7,56.19,-9.3,,,,,,,,,,,,,,,,,,,,,,,,,,,,,,,,,,,,
2023,3,26,19,0,-1.3,53.99,-9.4,,,,,,,,,,,,,,,,,,,,,,,,,,,,,,,,,,,,
2023,3,26,20,0,-1.1,52.81,-9.5,,,,,,,,,,,,,,,,,,,,,,,,,,,,,,,,,,,,
2023,3,26,21,0,-0.9,51.3,-9.7,,,,,,,,,,,,,,,,,,,,,,,,,,,,,,,,,,,,
2023,3,26,22,0,-1,50.61,-10,,,,,,,,,,,,,,,,,,,,,,,,,,,,,,,,,,,,
2023,3,26,23,0,-1.4,51.32,-10.2,,,,,,,,,,,,,,,,,,,,,,,,,,,,,,,,,,,,
2023,3,27,0,0,-2.1,54.24,-10.1,,,,,,,,,,,,,,,,,,,,,,,,,,,,,,,,,,,,
2023,3,27,1,0,-3.4,57.78,-10.5,,,,,,,,,,,,,,,,,,,,,,,,,,,,,,,,,,,,
2023,3,27,2,0,-4,60.02,-10.6,,,,,,,,,,,,,,,,,,,,,,,,,,,,,,,,,,,,
2023,3,27,3,0,-4.3,62.17,-10.5,,,,,,,,,,,,,,,,,,,,,,,,,,,,,,,,,,,,
2023,3,27,4,0,-4.6,64.52,-10.3,,,,,,,,,,,,,,,,,,,,,,,,,,,,,,,,,,,,
2023,3,27,5,0,-4.8,66.93,-10,,,,,,,,,,,,,,,,,,,,,,,,,,,,,,,,,,,,
2023,3,27,6,0,-4.8,68.54,-9.7,,,,,,,,,,,,,,,,,,,,,,,,,,,,,,,,,,,,
2023,3,27,7,0,-4.8,70.02,-9.4,,,,,,,,,,,,,,,,,,,,,,,,,,,,,,,,,,,,
2023,3,27,8,0,-4.8,70.96,-9.3,,,,,,,,,,,,,,,,,,,,,,,,,,,,,,,,,,,,
2023,3,27,9,0,-5,72.09,-9.3,,,,,,,,,,,,,,,,,,,,,,,,,,,,,,,,,,,,
2023,3,27,10,0,-5.1,73.02,-9.2,,,,,,,,,,,,,,,,,,,,,,,,,,,,,,,,,,,,
2023,3,27,11,0,-5.1,73.95,-9,,,,,,,,,,,,,,,,,,,,,,,,,,,,,,,,,,,,
2023,3,27,12,0,-5,75.19,-8.7,,,,,,,,,,,,,,,,,,,,,,,,,,,,,,,,,,,,
2023,3,27,13,0,-4.7,75.3,-8.4,,,,,,,,,,,,,,,,,,,,,,,,,,,,,,,,,,,,
2023,3,27,14,0,-3.8,73.61,-7.8,,,,,,,,,,,,,,,,,,,,,,,,,,,,,,,,,,,,
2023,3,27,15,0,-2.7,71.9,-7.1,,,,,,,,,,,,,,,,,,,,,,,,,,,,,,,,,,,,
2023,3,27,16,0,-2.2,70.96,-6.8,,,,,,,,,,,,,,,,,,,,,,,,,,,,,,,,,,,,
2023,3,27,17,0,-1.4,68.4,-6.5,,,,,,,,,,,,,,,,,,,,,,,,,,,,,,,,,,,,
2023,3,27,18,0,-0.4,64.68,-6.2,,,,,,,,,,,,,,,,,,,,,,,,,,,,,,,,,,,,
2023,3,27,19,0,0.2,61.98,-6.2,,,,,,,,,,,,,,,,,,,,,,,,,,,,,,,,,,,,
2023,3,27,20,0,0.6,59.77,-6.3,,,,,,,,,,,,,,,,,,,,,,,,,,,,,,,,,,,,
2023,3,27,21,0,1,56.91,-6.6,,,,,,,,,,,,,,,,,,,,,,,,,,,,,,,,,,,,
2023,3,27,22,0,1.3,54.17,-7,,,,,,,,,,,,,,,,,,,,,,,,,,,,,,,,,,,,
2023,3,27,23,0,1.5,52.57,-7.2,,,,,,,,,,,,,,,,,,,,,,,,,,,,,,,,,,,,
2023,3,28,0,0,1.1,56.64,-6.6,,,,,,,,,,,,,,,,,,,,,,,,,,,,,,,,,,,,
2023,3,28,1,0,-0.4,58.54,-7.5,,,,,,,,,,,,,,,,,,,,,,,,,,,,,,,,,,,,
2023,3,28,2,0,-1.7,58.62,-8.7,,,,,,,,,,,,,,,,,,,,,,,,,,,,,,,,,,,,
2023,3,28,3,0,-2.7,61.05,-9.2,,,,,,,,,,,,,,,,,,,,,,,,,,,,,,,,,,,,
2023,3,28,4,0,-3.8,63.85,-9.6,,,,,,,,,,,,,,,,,,,,,,,,,,,,,,,,,,,,
2023,3,28,5,0,-4.7,66.03,-10.1,,,,,,,,,,,,,,,,,,,,,,,,,,,,,,,,,,,,
2023,3,28,6,0,-5.3,67.72,-10.3,,,,,,,,,,,,,,,,,,,,,,,,,,,,,,,,,,,,
2023,3,28,7,0,-5.3,67.15,-10.4,,,,,,,,,,,,,,,,,,,,,,,,,,,,,,,,,,,,
2023,3,28,8,0,-5.5,66.8,-10.7,,,,,,,,,,,,,,,,,,,,,,,,,,,,,,,,,,,,
2023,3,28,9,0,-5.7,65.4,-11.2,,,,,,,,,,,,,,,,,,,,,,,,,,,,,,,,,,,,
2023,3,28,10,0,-5.5,63.06,-11.4,,,,,,,,,,,,,,,,,,,,,,,,,,,,,,,,,,,,
2023,3,28,11,0,-4.9,60.77,-11.3,,,,,,,,,,,,,,,,,,,,,,,,,,,,,,,,,,,,
2023,3,28,12,0,-4.4,59.75,-11.1,,,,,,,,,,,,,,,,,,,,,,,,,,,,,,,,,,,,
2023,3,28,13,0,-4.3,59.7,-11,,,,,,,,,,,,,,,,,,,,,,,,,,,,,,,,,,,,
2023,3,28,14,0,-2.3,57.36,-9.6,,,,,,,,,,,,,,,,,,,,,,,,,,,,,,,,,,,,
2023,3,28,15,0,0.1,57.48,-7.3,,,,,,,,,,,,,,,,,,,,,,,,,,,,,,,,,,,,
2023,3,28,16,0,2.7,52.79,-6,,,,,,,,,,,,,,,,,,,,,,,,,,,,,,,,,,,,
2023,3,28,17,0,4.8,48.78,-5.1,,,,,,,,,,,,,,,,,,,,,,,,,,,,,,,,,,,,
2023,3,28,18,0,6.2,45.83,-4.6,,,,,,,,,,,,,,,,,,,,,,,,,,,,,,,,,,,,
2023,3,28,19,0,7.1,44.73,-4.1,,,,,,,,,,,,,,,,,,,,,,,,,,,,,,,,,,,,
2023,3,28,20,0,7.8,44.37,-3.6,,,,,,,,,,,,,,,,,,,,,,,,,,,,,,,,,,,,
2023,3,28,21,0,8.6,43.53,-3.1,,,,,,,,,,,,,,,,,,,,,,,,,,,,,,,,,,,,
2023,3,28,22,0,9,43.9,-2.6,,,,,,,,,,,,,,,,,,,,,,,,,,,,,,,,,,,,
2023,3,28,23,0,8.8,48.73,-1.4,,,,,,,,,,,,,,,,,,,,,,,,,,,,,,,,,,,,
2023,3,29,0,0,6.8,61.4,-0.1,,,,,,,,,,,,,,,,,,,,,,,,,,,,,,,,,,,,
2023,3,29,1,0,4.2,66.14,-1.6,,,,,,,,,,,,,,,,,,,,,,,,,,,,,,,,,,,,
2023,3,29,2,0,3.6,66.23,-2.1,,,,,,,,,,,,,,,,,,,,,,,,,,,,,,,,,,,,
2023,3,29,3,0,3.9,65.48,-2,,,,,,,,,,,,,,,,,,,,,,,,,,,,,,,,,,,,
2023,3,29,4,0,4.1,64.35,-2,,,,,,,,,,,,,,,,,,,,,,,,,,,,,,,,,,,,
2023,3,29,5,0,4,63.79,-2.2,,,,,,,,,,,,,,,,,,,,,,,,,,,,,,,,,,,,
2023,3,29,6,0,3.9,62.83,-2.5,,,,,,,,,,,,,,,,,,,,,,,,,,,,,,,,,,,,
2023,3,29,7,0,3.7,62.13,-2.9,,,,,,,,,,,,,,,,,,,,,,,,,,,,,,,,,,,,
2023,3,29,8,0,3.7,61.39,-3,,,,,,,,,,,,,,,,,,,,,,,,,,,,,,,,,,,,
2023,3,29,9,0,3.9,61.62,-2.8,,,,,,,,,,,,,,,,,,,,,,,,,,,,,,,,,,,,
2023,3,29,10,0,4.2,62.35,-2.4,,,,,,,,,,,,,,,,,,,,,,,,,,,,,,,,,,,,
2023,3,29,11,0,4.3,63.88,-1.9,,,,,,,,,,,,,,,,,,,,,,,,,,,,,,,,,,,,
2023,3,29,12,0,4.2,65.88,-1.6,,,,,,,,,,,,,,,,,,,,,,,,,,,,,,,,,,,,
2023,3,29,13,0,4.3,67.26,-1.2,,,,,,,,,,,,,,,,,,,,,,,,,,,,,,,,,,,,
2023,3,29,14,0,5.3,66.45,-0.4,,,,,,,,,,,,,,,,,,,,,,,,,,,,,,,,,,,,
2023,3,29,15,0,6.6,62.08,-0.1,,,,,,,,,,,,,,,,,,,,,,,,,,,,,,,,,,,,
2023,3,29,16,0,7.7,58.2,0,,,,,,,,,,,,,,,,,,,,,,,,,,,,,,,,,,,,
2023,3,29,17,0,8.9,54.39,0.2,,,,,,,,,,,,,,,,,,,,,,,,,,,,,,,,,,,,
2023,3,29,18,0,10.5,46.12,-0.6,,,,,,,,,,,,,,,,,,,,,,,,,,,,,,,,,,,,
2023,3,29,19,0,11.6,40.76,-1.3,,,,,,,,,,,,,,,,,,,,,,,,,,,,,,,,,,,,
2023,3,29,20,0,12.2,40.39,-0.9,,,,,,,,,,,,,,,,,,,,,,,,,,,,,,,,,,,,
2023,3,29,21,0,12.6,41.39,-0.2,,,,,,,,,,,,,,,,,,,,,,,,,,,,,,,,,,,,
2023,3,29,22,0,12.3,45.42,0.8,,,,,,,,,,,,,,,,,,,,,,,,,,,,,,,,,,,,
2023,3,29,23,0,10.7,56.34,2.4,,,,,,,,,,,,,,,,,,,,,,,,,,,,,,,,,,,,
2023,3,30,0,0,8,67.67,2.4,,,,,,,,,,,,,,,,,,,,,,,,,,,,,,,,,,,,
2023,3,30,1,0,5.4,73.2,1,,,,,,,,,,,,,,,,,,,,,,,,,,,,,,,,,,,,
2023,3,30,2,0,4,78.99,0.7,,,,,,,,,,,,,,,,,,,,,,,,,,,,,,,,,,,,
2023,3,30,3,0,3.1,82.78,0.5,,,,,,,,,,,,,,,,,,,,,,,,,,,,,,,,,,,,
2023,3,30,4,0,2.6,83.49,0.1,,,,,,,,,,,,,,,,,,,,,,,,,,,,,,,,,,,,
2023,3,30,5,0,1.9,85.66,-0.2,,,,,,,,,,,,,,,,,,,,,,,,,,,,,,,,,,,,
2023,3,30,6,0,1.3,86.05,-0.8,,,,,,,,,,,,,,,,,,,,,,,,,,,,,,,,,,,,
2023,3,30,7,0,0.9,85.54,-1.3,,,,,,,,,,,,,,,,,,,,,,,,,,,,,,,,,,,,
2023,3,30,8,0,0.6,85.05,-1.6,,,,,,,,,,,,,,,,,,,,,,,,,,,,,,,,,,,,
2023,3,30,9,0,0.6,83.68,-1.8,,,,,,,,,,,,,,,,,,,,,,,,,,,,,,,,,,,,
2023,3,30,10,0,0.5,83.24,-2,,,,,,,,,,,,,,,,,,,,,,,,,,,,,,,,,,,,
2023,3,30,11,0,0.4,82.6,-2.2,,,,,,,,,,,,,,,,,,,,,,,,,,,,,,,,,,,,
2023,3,30,12,0,0.3,82.04,-2.4,,,,,,,,,,,,,,,,,,,,,,,,,,,,,,,,,,,,
2023,3,30,13,0,0.3,81.48,-2.5,,,,,,,,,,,,,,,,,,,,,,,,,,,,,,,,,,,,
2023,3,30,14,0,1.2,78.2,-2.2,,,,,,,,,,,,,,,,,,,,,,,,,,,,,,,,,,,,
2023,3,30,15,0,2,73.9,-2.2,,,,,,,,,,,,,,,,,,,,,,,,,,,,,,,,,,,,
2023,3,30,16,0,2.4,69.56,-2.6,,,,,,,,,,,,,,,,,,,,,,,,,,,,,,,,,,,,
2023,3,30,17,0,2.6,66.49,-3,,,,,,,,,,,,,,,,,,,,,,,,,,,,,,,,,,,,
2023,3,30,18,0,2.7,64.64,-3.3,,,,,,,,,,,,,,,,,,,,,,,,,,,,,,,,,,,,
2023,3,30,19,0,3,62.42,-3.5,,,,,,,,,,,,,,,,,,,,,,,,,,,,,,,,,,,,
2023,3,30,20,0,3.2,60.57,-3.7,,,,,,,,,,,,,,,,,,,,,,,,,,,,,,,,,,,,
2023,3,30,21,0,3.4,58.58,-4,,,,,,,,,,,,,,,,,,,,,,,,,,,,,,,,,,,,
2023,3,30,22,0,3.6,56.77,-4.2,,,,,,,,,,,,,,,,,,,,,,,,,,,,,,,,,,,,
2023,3,30,23,0,3.7,55.36,-4.4,,,,,,,,,,,,,,,,,,,,,,,,,,,,,,,,,,,,
2023,3,31,0,0,3.3,58.47,-4.1,,,,,,,,,,,,,,,,,,,,,,,,,,,,,,,,,,,,
2023,3,31,1,0,1.6,65.13,-4.2,,,,,,,,,,,,,,,,,,,,,,,,,,,,,,,,,,,,
2023,3,31,2,0,0.7,66.02,-4.9,,,,,,,,,,,,,,,,,,,,,,,,,,,,,,,,,,,,
2023,3,31,3,0,0.2,70.27,-4.6,,,,,,,,,,,,,,,,,,,,,,,,,,,,,,,,,,,,
2023,3,31,4,0,0.2,72.15,-4.2,,,,,,,,,,,,,,,,,,,,,,,,,,,,,,,,,,,,
2023,3,31,5,0,0.1,73.94,-4,,,,,,,,,,,,,,,,,,,,,,,,,,,,,,,,,,,,
2023,3,31,6,0,-0.2,76.06,-3.9,,,,,,,,,,,,,,,,,,,,,,,,,,,,,,,,,,,,
2023,3,31,7,0,-0.4,77.78,-3.8,,,,,,,,,,,,,,,,,,,,,,,,,,,,,,,,,,,,
2023,3,31,8,0,-0.5,79.59,-3.6,,,,,,,,,,,,,,,,,,,,,,,,,,,,,,,,,,,,
2023,3,31,9,0,-0.3,79.59,-3.4,,,,,,,,,,,,,,,,,,,,,,,,,,,,,,,,,,,,
2023,3,31,10,0,0,79.3,-3.2,,,,,,,,,,,,,,,,,,,,,,,,,,,,,,,,,,,,
2023,3,31,11,0,0.1,79.09,-3.1,,,,,,,,,,,,,,,,,,,,,,,,,,,,,,,,,,,,
2023,3,31,12,0,0.2,78.34,-3.1,,,,,,,,,,,,,,,,,,,,,,,,,,,,,,,,,,,,
2023,3,31,13,0,0.3,77.86,-3.1,,,,,,,,,,,,,,,,,,,,,,,,,,,,,,,,,,,,
2023,3,31,14,0,1.1,75.99,-2.7,,,,,,,,,,,,,,,,,,,,,,,,,,,,,,,,,,,,
2023,3,31,15,0,1.9,73.27,-2.4,,,,,,,,,,,,,,,,,,,,,,,,,,,,,,,,,,,,
2023,3,31,16,0,2.5,71.32,-2.2,,,,,,,,,,,,,,,,,,,,,,,,,,,,,,,,,,,,
2023,3,31,17,0,3.1,69.38,-2,,,,,,,,,,,,,,,,,,,,,,,,,,,,,,,,,,,,
2023,3,31,18,0,3.7,67.02,-1.9,,,,,,,,,,,,,,,,,,,,,,,,,,,,,,,,,,,,
2023,3,31,19,0,4.4,63.84,-1.9,,,,,,,,,,,,,,,,,,,,,,,,,,,,,,,,,,,,
2023,3,31,20,0,4.8,61.44,-2,,,,,,,,,,,,,,,,,,,,,,,,,,,,,,,,,,,,
2023,3,31,21,0,5.1,59.39,-2.2,,,,,,,,,,,,,,,,,,,,,,,,,,,,,,,,,,,,
2023,3,31,22,0,5.3,57.6,-2.4,,,,,,,,,,,,,,,,,,,,,,,,,,,,,,,,,,,,
2023,3,31,23,0,5.4,56.28,-2.6,,,,,,,,,,,,,,,,,,,,,,,,,,,,,,,,,,,,
2023,4,1,0,0,5.3,59.01,-2.1,,,,,,,,,,,,,,,,,,,,,,,,,,,,,,,,,,,,
2023,4,1,1,0,4.3,54.8,-4,,,,,,,,,,,,,,,,,,,,,,,,,,,,,,,,,,,,
2023,4,1,2,0,3.1,55.6,-4.9,,,,,,,,,,,,,,,,,,,,,,,,,,,,,,,,,,,,
2023,4,1,3,0,2.3,58.47,-5,,,,,,,,,,,,,,,,,,,,,,,,,,,,,,,,,,,,
2023,4,1,4,0,1.8,60.02,-5.1,,,,,,,,,,,,,,,,,,,,,,,,,,,,,,,,,,,,
2023,4,1,5,0,1.5,61.36,-5.1,,,,,,,,,,,,,,,,,,,,,,,,,,,,,,,,,,,,
2023,4,1,6,0,1.4,61.46,-5.2,,,,,,,,,,,,,,,,,,,,,,,,,,,,,,,,,,,,
2023,4,1,7,0,1.2,62.39,-5.2,,,,,,,,,,,,,,,,,,,,,,,,,,,,,,,,,,,,
2023,4,1,8,0,0.9,63.89,-5.2,,,,,,,,,,,,,,,,,,,,,,,,,,,,,,,,,,,,
2023,4,1,9,0,0.7,64.79,-5.2,,,,,,,,,,,,,,,,,,,,,,,,,,,,,,,,,,,,
2023,4,1,10,0,0.7,66.01,-4.9,,,,,,,,,,,,,,,,,,,,,,,,,,,,,,,,,,,,
2023,4,1,11,0,0.8,66.53,-4.7,,,,,,,,,,,,,,,,,,,,,,,,,,,,,,,,,,,,
2023,4,1,12,0,0.8,67.35,-4.6,,,,,,,,,,,,,,,,,,,,,,,,,,,,,,,,,,,,
2023,4,1,13,0,1.4,68.06,-3.9,,,,,,,,,,,,,,,,,,,,,,,,,,,,,,,,,,,,
2023,4,1,14,0,4.2,65.26,-1.7,,,,,,,,,,,,,,,,,,,,,,,,,,,,,,,,,,,,
2023,4,1,15,0,6.2,58.94,-1.2,,,,,,,,,,,,,,,,,,,,,,,,,,,,,,,,,,,,
2023,4,1,16,0,7.5,54.96,-1,,,,,,,,,,,,,,,,,,,,,,,,,,,,,,,,,,,,
2023,4,1,17,0,8.8,50.39,-1,,,,,,,,,,,,,,,,,,,,,,,,,,,,,,,,,,,,
2023,4,1,18,0,9.7,47.88,-0.8,,,,,,,,,,,,,,,,,,,,,,,,,,,,,,,,,,,,
2023,4,1,19,0,10.3,46.69,-0.6,,,,,,,,,,,,,,,,,,,,,,,,,,,,,,,,,,,,
2023,4,1,20,0,11,44.71,-0.6,,,,,,,,,,,,,,,,,,,,,,,,,,,,,,,,,,,,
2023,4,1,21,0,11.7,42.86,-0.5,,,,,,,,,,,,,,,,,,,,,,,,,,,,,,,,,,,,
2023,4,1,22,0,11.6,45.3,0.2,,,,,,,,,,,,,,,,,,,,,,,,,,,,,,,,,,,,
2023,4,1,23,0,10.9,52.74,1.6,,,,,,,,,,,,,,,,,,,,,,,,,,,,,,,,,,,,
2023,4,2,0,0,8.8,63.57,2.3,,,,,,,,,,,,,,,,,,,,,,,,,,,,,,,,,,,,
2023,4,2,1,0,7,65.11,0.9,,,,,,,,,,,,,,,,,,,,,,,,,,,,,,,,,,,,
2023,4,2,2,0,6.5,64.17,0.2,,,,,,,,,,,,,,,,,,,,,,,,,,,,,,,,,,,,
2023,4,2,3,0,6.2,65.77,0.3,,,,,,,,,,,,,,,,,,,,,,,,,,,,,,,,,,,,
2023,4,2,4,0,5.7,68.63,0.4,,,,,,,,,,,,,,,,,,,,,,,,,,,,,,,,,,,,
2023,4,2,5,0,5.4,70.09,0.4,,,,,,,,,,,,,,,,,,,,,,,,,,,,,,,,,,,,
2023,4,2,6,0,5,72.35,0.4,,,,,,,,,,,,,,,,,,,,,,,,,,,,,,,,,,,,
2023,4,2,7,0,4.7,75.1,0.7,,,,,,,,,,,,,,,,,,,,,,,,,,,,,,,,,,,,
2023,4,2,8,0,4.6,75.42,0.6,,,,,,,,,,,,,,,,,,,,,,,,,,,,,,,,,,,,
2023,4,2,9,0,4.2,77.73,0.7,,,,,,,,,,,,,,,,,,,,,,,,,,,,,,,,,,,,
2023,4,2,10,0,3.9,79.81,0.7,,,,,,,,,,,,,,,,,,,,,,,,,,,,,,,,,,,,
2023,4,2,11,0,3.7,81.15,0.8,,,,,,,,,,,,,,,,,,,,,,,,,,,,,,,,,,,,
2023,4,2,12,0,3.6,81.38,0.7,,,,,,,,,,,,,,,,,,,,,,,,,,,,,,,,,,,,
2023,4,2,13,0,3.7,81.02,0.7,,,,,,,,,,,,,,,,,,,,,,,,,,,,,,,,,,,,
2023,4,2,14,0,4.9,78.76,1.5,,,,,,,,,,,,,,,,,,,,,,,,,,,,,,,,,,,,
2023,4,2,15,0,6.1,74.29,1.9,,,,,,,,,,,,,,,,,,,,,,,,,,,,,,,,,,,,
2023,4,2,16,0,7.4,68.17,1.9,,,,,,,,,,,,,,,,,,,,,,,,,,,,,,,,,,,,
2023,4,2,17,0,8.2,64.18,1.8,,,,,,,,,,,,,,,,,,,,,,,,,,,,,,,,,,,,
2023,4,2,18,0,8.9,60.68,1.7,,,,,,,,,,,,,,,,,,,,,,,,,,,,,,,,,,,,
2023,4,2,19,0,9.1,59.13,1.5,,,,,,,,,,,,,,,,,,,,,,,,,,,,,,,,,,,,
2023,4,2,20,0,8.9,59.56,1.4,,,,,,,,,,,,,,,,,,,,,,,,,,,,,,,,,,,,
2023,4,2,21,0,8.7,60.45,1.5,,,,,,,,,,,,,,,,,,,,,,,,,,,,,,,,,,,,
2023,4,2,22,0,8.3,61.91,1.4,,,,,,,,,,,,,,,,,,,,,,,,,,,,,,,,,,,,
2023,4,2,23,0,7.8,63.77,1.4,,,,,,,,,,,,,,,,,,,,,,,,,,,,,,,,,,,,
2023,4,3,0,0,6.9,67.87,1.4,,,,,,,,,,,,,,,,,,,,,,,,,,,,,,,,,,,,
2023,4,3,1,0,5,78.93,1.6,,,,,,,,,,,,,,,,,,,,,,,,,,,,,,,,,,,,
2023,4,3,2,0,3.4,84.4,1,,,,,,,,,,,,,,,,,,,,,,,,,,,,,,,,,,,,
2023,4,3,3,0,2.9,85.6,0.7,,,,,,,,,,,,,,,,,,,,,,,,,,,,,,,,,,,,
2023,4,3,4,0,2.6,85.89,0.5,,,,,,,,,,,,,,,,,,,,,,,,,,,,,,,,,,,,
2023,4,3,5,0,2.7,84.31,0.3,,,,,,,,,,,,,,,,,,,,,,,,,,,,,,,,,,,,
2023,4,3,6,0,2.5,83.8,0,,,,,,,,,,,,,,,,,,,,,,,,,,,,,,,,,,,,
2023,4,3,7,0,1.6,86.5,-0.4,,,,,,,,,,,,,,,,,,,,,,,,,,,,,,,,,,,,
2023,4,3,8,0,1.5,85.33,-0.7,,,,,,,,,,,,,,,,,,,,,,,,,,,,,,,,,,,,
2023,4,3,9,0,1.3,84.91,-1,,,,,,,,,,,,,,,,,,,,,,,,,,,,,,,,,,,,
2023,4,3,10,0,1.2,84.31,-1.2,,,,,,,,,,,,,,,,,,,,,,,,,,,,,,,,,,,,
2023,4,3,11,0,1,84.22,-1.4,,,,,,,,,,,,,,,,,,,,,,,,,,,,,,,,,,,,
2023,4,3,12,0,0.8,84.13,-1.6,,,,,,,,,,,,,,,,,,,,,,,,,,,,,,,,,,,,
2023,4,3,13,0,0.8,84,-1.6,,,,,,,,,,,,,,,,,,,,,,,,,,,,,,,,,,,,
2023,4,3,14,0,1.9,80.64,-1.1,,,,,,,,,,,,,,,,,,,,,,,,,,,,,,,,,,,,
2023,4,3,15,0,3,74.94,-1,,,,,,,,,,,,,,,,,,,,,,,,,,,,,,,,,,,,
2023,4,3,16,0,3.6,69.3,-1.5,,,,,,,,,,,,,,,,,,,,,,,,,,,,,,,,,,,,
2023,4,3,17,0,3.9,66.89,-1.7,,,,,,,,,,,,,,,,,,,,,,,,,,,,,,,,,,,,
2023,4,3,18,0,3.9,66.26,-1.8,,,,,,,,,,,,,,,,,,,,,,,,,,,,,,,,,,,,
2023,4,3,19,0,3.7,66.84,-1.9,,,,,,,,,,,,,,,,,,,,,,,,,,,,,,,,,,,,
2023,4,3,20,0,3.1,69,-2,,,,,,,,,,,,,,,,,,,,,,,,,,,,,,,,,,,,
2023,4,3,21,0,2.4,70.8,-2.4,,,,,,,,,,,,,,,,,,,,,,,,,,,,,,,,,,,,
2023,4,3,22,0,1.5,71.95,-3,,,,,,,,,,,,,,,,,,,,,,,,,,,,,,,,,,,,
2023,4,3,23,0,0.8,72.42,-3.6,,,,,,,,,,,,,,,,,,,,,,,,,,,,,,,,,,,,
2023,4,4,0,0,0.2,73.1,-4.1,,,,,,,,,,,,,,,,,,,,,,,,,,,,,,,,,,,,
2023,4,4,1,0,-0.5,74.86,-4.4,,,,,,,,,,,,,,,,,,,,,,,,,,,,,,,,,,,,
2023,4,4,2,0,-1.1,76.53,-4.7,,,,,,,,,,,,,,,,,,,,,,,,,,,,,,,,,,,,
2023,4,4,3,0,-1.4,76.96,-4.9,,,,,,,,,,,,,,,,,,,,,,,,,,,,,,,,,,,,
2023,4,4,4,0,-1.7,77.24,-5.2,,,,,,,,,,,,,,,,,,,,,,,,,,,,,,,,,,,,
2023,4,4,5,0,-2,76.71,-5.5,,,,,,,,,,,,,,,,,,,,,,,,,,,,,,,,,,,,
2023,4,4,6,0,-2.4,76.46,-6,,,,,,,,,,,,,,,,,,,,,,,,,,,,,,,,,,,,
2023,4,4,7,0,-2.7,76.08,-6.3,,,,,,,,,,,,,,,,,,,,,,,,,,,,,,,,,,,,
2023,4,4,8,0,-3,76.17,-6.6,,,,,,,,,,,,,,,,,,,,,,,,,,,,,,,,,,,,
2023,4,4,9,0,-3.1,75.83,-6.8,,,,,,,,,,,,,,,,,,,,,,,,,,,,,,,,,,,,
2023,4,4,10,0,-3.3,76.07,-6.9,,,,,,,,,,,,,,,,,,,,,,,,,,,,,,,,,,,,
2023,4,4,11,0,-3.4,75.67,-7.1,,,,,,,,,,,,,,,,,,,,,,,,,,,,,,,,,,,,
2023,4,4,12,0,-3.5,75.41,-7.2,,,,,,,,,,,,,,,,,,,,,,,,,,,,,,,,,,,,
2023,4,4,13,0,-3.6,75.56,-7.3,,,,,,,,,,,,,,,,,,,,,,,,,,,,,,,,,,,,
2023,4,4,14,0,-2.9,73.8,-6.9,,,,,,,,,,,,,,,,,,,,,,,,,,,,,,,,,,,,
2023,4,4,15,0,-2.4,72.9,-6.6,,,,,,,,,,,,,,,,,,,,,,,,,,,,,,,,,,,,
2023,4,4,16,0,-1.7,70.96,-6.3,,,,,,,,,,,,,,,,,,,,,,,,,,,,,,,,,,,,
2023,4,4,17,0,-1.1,69.64,-5.9,,,,,,,,,,,,,,,,,,,,,,,,,,,,,,,,,,,,
2023,4,4,18,0,-0.6,68.73,-5.6,,,,,,,,,,,,,,,,,,,,,,,,,,,,,,,,,,,,
2023,4,4,19,0,-0.1,67.56,-5.4,,,,,,,,,,,,,,,,,,,,,,,,,,,,,,,,,,,,
2023,4,4,20,0,0.1,67.39,-5.2,,,,,,,,,,,,,,,,,,,,,,,,,,,,,,,,,,,,
2023,4,4,21,0,0.2,67.66,-5.1,,,,,,,,,,,,,,,,,,,,,,,,,,,,,,,,,,,,
2023,4,4,22,0,0.2,67.75,-5.1,,,,,,,,,,,,,,,,,,,,,,,,,,,,,,,,,,,,
2023,4,4,23,0,0,68.42,-5.1,,,,,,,,,,,,,,,,,,,,,,,,,,,,,,,,,,,,
2023,4,5,0,0,-0.4,70.5,-5.1,,,,,,,,,,,,,,,,,,,,,,,,,,,,,,,,,,,,
2023,4,5,1,0,-1.3,73.54,-5.4,,,,,,,,,,,,,,,,,,,,,,,,,,,,,,,,,,,,
2023,4,5,2,0,-2.3,75.56,-6,,,,,,,,,,,,,,,,,,,,,,,,,,,,,,,,,,,,
2023,4,5,3,0,-2.5,76.43,-6.1,,,,,,,,,,,,,,,,,,,,,,,,,,,,,,,,,,,,
2023,4,5,4,0,-2.5,77.22,-5.9,,,,,,,,,,,,,,,,,,,,,,,,,,,,,,,,,,,,
2023,4,5,5,0,-2.5,77.41,-5.9,,,,,,,,,,,,,,,,,,,,,,,,,,,,,,,,,,,,
2023,4,5,6,0,-2.7,77.45,-6.1,,,,,,,,,,,,,,,,,,,,,,,,,,,,,,,,,,,,
2023,4,5,7,0,-2.9,76.79,-6.4,,,,,,,,,,,,,,,,,,,,,,,,,,,,,,,,,,,,
2023,4,5,8,0,-3.2,76.36,-6.8,,,,,,,,,,,,,,,,,,,,,,,,,,,,,,,,,,,,
2023,4,5,9,0,-3.4,75.53,-7.1,,,,,,,,,,,,,,,,,,,,,,,,,,,,,,,,,,,,
2023,4,5,10,0,-3.6,74.19,-7.5,,,,,,,,,,,,,,,,,,,,,,,,,,,,,,,,,,,,
2023,4,5,11,0,-4,73.62,-8,,,,,,,,,,,,,,,,,,,,,,,,,,,,,,,,,,,,
2023,4,5,12,0,-4.2,73.43,-8.2,,,,,,,,,,,,,,,,,,,,,,,,,,,,,,,,,,,,
2023,4,5,13,0,-4.2,73.1,-8.3,,,,,,,,,,,,,,,,,,,,,,,,,,,,,,,,,,,,
2023,4,5,14,0,-2.8,70.54,-7.4,,,,,,,,,,,,,,,,,,,,,,,,,,,,,,,,,,,,
2023,4,5,15,0,-0.9,67.62,-6.1,,,,,,,,,,,,,,,,,,,,,,,,,,,,,,,,,,,,
2023,4,5,16,0,-0.6,66.53,-6.1,,,,,,,,,,,,,,,,,,,,,,,,,,,,,,,,,,,,
2023,4,5,17,0,-0.3,65.5,-6,,,,,,,,,,,,,,,,,,,,,,,,,,,,,,,,,,,,
2023,4,5,18,0,-0.1,65.04,-5.9,,,,,,,,,,,,,,,,,,,,,,,,,,,,,,,,,,,,
2023,4,5,19,0,0.1,63.77,-6,,,,,,,,,,,,,,,,,,,,,,,,,,,,,,,,,,,,
2023,4,5,20,0,0.2,62.59,-6.1,,,,,,,,,,,,,,,,,,,,,,,,,,,,,,,,,,,,
2023,4,5,21,0,0.4,60.51,-6.4,,,,,,,,,,,,,,,,,,,,,,,,,,,,,,,,,,,,
2023,4,5,22,0,0.6,58.26,-6.7,,,,,,,,,,,,,,,,,,,,,,,,,,,,,,,,,,,,
2023,4,5,23,0,0.6,57.02,-6.9,,,,,,,,,,,,,,,,,,,,,,,,,,,,,,,,,,,,
2023,4,6,0,0,0.5,59,-6.6,,,,,,,,,,,,,,,,,,,,,,,,,,,,,,,,,,,,
2023,4,6,1,0,-0.3,55.56,-8.1,,,,,,,,,,,,,,,,,,,,,,,,,,,,,,,,,,,,
2023,4,6,2,0,-1.6,53.42,-9.8,,,,,,,,,,,,,,,,,,,,,,,,,,,,,,,,,,,,
2023,4,6,3,0,-2.7,55.3,-10.4,,,,,,,,,,,,,,,,,,,,,,,,,,,,,,,,,,,,
2023,4,6,4,0,-3.8,58.04,-10.9,,,,,,,,,,,,,,,,,,,,,,,,,,,,,,,,,,,,
2023,4,6,5,0,-4.7,60.64,-11.2,,,,,,,,,,,,,,,,,,,,,,,,,,,,,,,,,,,,
2023,4,6,6,0,-5.3,62.28,-11.4,,,,,,,,,,,,,,,,,,,,,,,,,,,,,,,,,,,,
2023,4,6,7,0,-5.8,63.73,-11.6,,,,,,,,,,,,,,,,,,,,,,,,,,,,,,,,,,,,
2023,4,6,8,0,-6.2,65.27,-11.7,,,,,,,,,,,,,,,,,,,,,,,,,,,,,,,,,,,,
2023,4,6,9,0,-6.5,66.11,-11.8,,,,,,,,,,,,,,,,,,,,,,,,,,,,,,,,,,,,
2023,4,6,10,0,-6.8,67.03,-11.9,,,,,,,,,,,,,,,,,,,,,,,,,,,,,,,,,,,,
2023,4,6,11,0,-7,67.06,-12.1,,,,,,,,,,,,,,,,,,,,,,,,,,,,,,,,,,,,
2023,4,6,12,0,-7.4,67.59,-12.4,,,,,,,,,,,,,,,,,,,,,,,,,,,,,,,,,,,,
2023,4,6,13,0,-7.5,67.61,-12.5,,,,,,,,,,,,,,,,,,,,,,,,,,,,,,,,,,,,
2023,4,6,14,0,-5.2,64.98,-10.8,,,,,,,,,,,,,,,,,,,,,,,,,,,,,,,,,,,,
2023,4,6,15,0,-0.8,59.95,-7.6,,,,,,,,,,,,,,,,,,,,,,,,,,,,,,,,,,,,
2023,4,6,16,0,1.5,53.72,-6.9,,,,,,,,,,,,,,,,,,,,,,,,,,,,,,,,,,,,
2023,4,6,17,0,2.8,51.46,-6.2,,,,,,,,,,,,,,,,,,,,,,,,,,,,,,,,,,,,
2023,4,6,18,0,3.9,50.26,-5.5,,,,,,,,,,,,,,,,,,,,,,,,,,,,,,,,,,,,
2023,4,6,19,0,4.9,48.37,-5.1,,,,,,,,,,,,,,,,,,,,,,,,,,,,,,,,,,,,
2023,4,6,20,0,5.9,43.5,-5.6,,,,,,,,,,,,,,,,,,,,,,,,,,,,,,,,,,,,
2023,4,6,21,0,6.7,39.2,-6.2,,,,,,,,,,,,,,,,,,,,,,,,,,,,,,,,,,,,
2023,4,6,22,0,7.2,36.47,-6.7,,,,,,,,,,,,,,,,,,,,,,,,,,,,,,,,,,,,
2023,4,6,23,0,7.3,36.55,-6.6,,,,,,,,,,,,,,,,,,,,,,,,,,,,,,,,,,,,
2023,4,7,0,0,6.6,47.1,-3.9,,,,,,,,,,,,,,,,,,,,,,,,,,,,,,,,,,,,
2023,4,7,1,0,4.3,47.78,-5.8,,,,,,,,,,,,,,,,,,,,,,,,,,,,,,,,,,,,
2023,4,7,2,0,2.1,52.18,-6.7,,,,,,,,,,,,,,,,,,,,,,,,,,,,,,,,,,,,
2023,4,7,3,0,0.8,59.15,-6.3,,,,,,,,,,,,,,,,,,,,,,,,,,,,,,,,,,,,
2023,4,7,4,0,0,63.09,-6.2,,,,,,,,,,,,,,,,,,,,,,,,,,,,,,,,,,,,
2023,4,7,5,0,-0.6,64.87,-6.4,,,,,,,,,,,,,,,,,,,,,,,,,,,,,,,,,,,,
2023,4,7,6,0,-1.1,65.14,-6.8,,,,,,,,,,,,,,,,,,,,,,,,,,,,,,,,,,,,
2023,4,7,7,0,-1.6,64.66,-7.4,,,,,,,,,,,,,,,,,,,,,,,,,,,,,,,,,,,,
2023,4,7,8,0,-1.8,62.9,-7.9,,,,,,,,,,,,,,,,,,,,,,,,,,,,,,,,,,,,
2023,4,7,9,0,-1.9,61.35,-8.4,,,,,,,,,,,,,,,,,,,,,,,,,,,,,,,,,,,,
2023,4,7,10,0,-2.1,61.24,-8.6,,,,,,,,,,,,,,,,,,,,,,,,,,,,,,,,,,,,
2023,4,7,11,0,-2.3,61.47,-8.7,,,,,,,,,,,,,,,,,,,,,,,,,,,,,,,,,,,,
2023,4,7,12,0,-2.4,61.33,-8.8,,,,,,,,,,,,,,,,,,,,,,,,,,,,,,,,,,,,
2023,4,7,13,0,-1.6,60.31,-8.3,,,,,,,,,,,,,,,,,,,,,,,,,,,,,,,,,,,,
2023,4,7,14,0,1.8,54.03,-6.5,,,,,,,,,,,,,,,,,,,,,,,,,,,,,,,,,,,,
2023,4,7,15,0,4.2,55.14,-4,,,,,,,,,,,,,,,,,,,,,,,,,,,,,,,,,,,,
2023,4,7,16,0,6.6,50.7,-2.9,,,,,,,,,,,,,,,,,,,,,,,,,,,,,,,,,,,,
2023,4,7,17,0,8.9,45.14,-2.4,,,,,,,,,,,,,,,,,,,,,,,,,,,,,,,,,,,,
2023,4,7,18,0,10.6,43.02,-1.5,,,,,,,,,,,,,,,,,,,,,,,,,,,,,,,,,,,,
2023,4,7,19,0,11.9,42.08,-0.6,,,,,,,,,,,,,,,,,,,,,,,,,,,,,,,,,,,,
2023,4,7,20,0,12.6,42.29,0.1,,,,,,,,,,,,,,,,,,,,,,,,,,,,,,,,,,,,
2023,4,7,21,0,12.6,45.17,1,,,,,,,,,,,,,,,,,,,,,,,,,,,,,,,,,,,,
2023,4,7,22,0,12.3,51.08,2.5,,,,,,,,,,,,,,,,,,,,,,,,,,,,,,,,,,,,
2023,4,7,23,0,11.4,56.99,3.2,,,,,,,,,,,,,,,,,,,,,,,,,,,,,,,,,,,,
2023,4,8,0,0,10.2,54.81,1.5,,,,,,,,,,,,,,,,,,,,,,,,,,,,,,,,,,,,
2023,4,8,1,0,8.8,53.41,-0.2,,,,,,,,,,,,,,,,,,,,,,,,,,,,,,,,,,,,
2023,4,8,2,0,7.5,55.29,-0.9,,,,,,,,,,,,,,,,,,,,,,,,,,,,,,,,,,,,
2023,4,8,3,0,6.6,58.92,-0.9,,,,,,,,,,,,,,,,,,,,,,,,,,,,,,,,,,,,
2023,4,8,4,0,5.8,62.32,-0.9,,,,,,,,,,,,,,,,,,,,,,,,,,,,,,,,,,,,
2023,4,8,5,0,5,65.17,-1,,,,,,,,,,,,,,,,,,,,,,,,,,,,,,,,,,,,
2023,4,8,6,0,4.4,66.58,-1.3,,,,,,,,,,,,,,,,,,,,,,,,,,,,,,,,,,,,
2023,4,8,7,0,4.3,66.81,-1.3,,,,,,,,,,,,,,,,,,,,,,,,,,,,,,,,,,,,
2023,4,8,8,0,4.5,65.07,-1.5,,,,,,,,,,,,,,,,,,,,,,,,,,,,,,,,,,,,
2023,4,8,9,0,5.2,59.6,-2,,,,,,,,,,,,,,,,,,,,,,,,,,,,,,,,,,,,
2023,4,8,10,0,6.1,54.16,-2.5,,,,,,,,,,,,,,,,,,,,,,,,,,,,,,,,,,,,
2023,4,8,11,0,6.7,51.52,-2.6,,,,,,,,,,,,,,,,,,,,,,,,,,,,,,,,,,,,
2023,4,8,12,0,6.8,51.44,-2.5,,,,,,,,,,,,,,,,,,,,,,,,,,,,,,,,,,,,
2023,4,8,13,0,6.8,53.98,-1.9,,,,,,,,,,,,,,,,,,,,,,,,,,,,,,,,,,,,
2023,4,8,14,0,7.4,59.65,0.1,,,,,,,,,,,,,,,,,,,,,,,,,,,,,,,,,,,,
2023,4,8,15,0,8,59.54,0.6,,,,,,,,,,,,,,,,,,,,,,,,,,,,,,,,,,,,
2023,4,8,16,0,8.9,58.86,1.3,,,,,,,,,,,,,,,,,,,,,,,,,,,,,,,,,,,,
2023,4,8,17,0,10.4,56.86,2.2,,,,,,,,,,,,,,,,,,,,,,,,,,,,,,,,,,,,
2023,4,8,18,0,12.4,51.23,2.6,,,,,,,,,,,,,,,,,,,,,,,,,,,,,,,,,,,,
2023,4,8,19,0,13.7,47.62,2.8,,,,,,,,,,,,,,,,,,,,,,,,,,,,,,,,,,,,
2023,4,8,20,0,14.3,46.8,3.1,,,,,,,,,,,,,,,,,,,,,,,,,,,,,,,,,,,,
2023,4,8,21,0,14.5,46.53,3.2,,,,,,,,,,,,,,,,,,,,,,,,,,,,,,,,,,,,
2023,4,8,22,0,14.5,45.91,3,,,,,,,,,,,,,,,,,,,,,,,,,,,,,,,,,,,,
2023,4,8,23,0,14.3,46.4,3,,,,,,,,,,,,,,,,,,,,,,,,,,,,,,,,,,,,
2023,4,9,0,0,13.7,49.46,3.3,,,,,,,,,,,,,,,,,,,,,,,,,,,,,,,,,,,,
2023,4,9,1,0,12.2,50.28,2.2,,,,,,,,,,,,,,,,,,,,,,,,,,,,,,,,,,,,
2023,4,9,2,0,10.4,54.14,1.5,,,,,,,,,,,,,,,,,,,,,,,,,,,,,,,,,,,,
2023,4,9,3,0,8.9,59.42,1.4,,,,,,,,,,,,,,,,,,,,,,,,,,,,,,,,,,,,
2023,4,9,4,0,7.5,65,1.3,,,,,,,,,,,,,,,,,,,,,,,,,,,,,,,,,,,,
2023,4,9,5,0,6.5,69.54,1.3,,,,,,,,,,,,,,,,,,,,,,,,,,,,,,,,,,,,
2023,4,9,6,0,6.3,69.84,1.2,,,,,,,,,,,,,,,,,,,,,,,,,,,,,,,,,,,,
2023,4,9,7,0,6.7,66.97,1,,,,,,,,,,,,,,,,,,,,,,,,,,,,,,,,,,,,
2023,4,9,8,0,7.9,62.39,1.2,,,,,,,,,,,,,,,,,,,,,,,,,,,,,,,,,,,,
2023,4,9,9,0,8.6,59.56,1.2,,,,,,,,,,,,,,,,,,,,,,,,,,,,,,,,,,,,
2023,4,9,10,0,8.7,58.51,1,,,,,,,,,,,,,,,,,,,,,,,,,,,,,,,,,,,,
2023,4,9,11,0,8.5,58.28,0.8,,,,,,,,,,,,,,,,,,,,,,,,,,,,,,,,,,,,
2023,4,9,12,0,8.5,57.92,0.7,,,,,,,,,,,,,,,,,,,,,,,,,,,,,,,,,,,,
2023,4,9,13,0,8.8,57.48,0.9,,,,,,,,,,,,,,,,,,,,,,,,,,,,,,,,,,,,
2023,4,9,14,0,10.3,61.4,3.2,,,,,,,,,,,,,,,,,,,,,,,,,,,,,,,,,,,,
2023,4,9,15,0,12.7,49.86,2.5,,,,,,,,,,,,,,,,,,,,,,,,,,,,,,,,,,,,
2023,4,9,16,0,14.7,41.85,1.9,,,,,,,,,,,,,,,,,,,,,,,,,,,,,,,,,,,,
2023,4,9,17,0,15.9,38.89,1.9,,,,,,,,,,,,,,,,,,,,,,,,,,,,,,,,,,,,
2023,4,9,18,0,16.8,36.79,1.9,,,,,,,,,,,,,,,,,,,,,,,,,,,,,,,,,,,,
2023,4,9,19,0,17.6,34.82,1.9,,,,,,,,,,,,,,,,,,,,,,,,,,,,,,,,,,,,
2023,4,9,20,0,18.1,33.53,1.8,,,,,,,,,,,,,,,,,,,,,,,,,,,,,,,,,,,,
2023,4,9,21,0,18.3,32.94,1.7,,,,,,,,,,,,,,,,,,,,,,,,,,,,,,,,,,,,
2023,4,9,22,0,18,33.44,1.7,,,,,,,,,,,,,,,,,,,,,,,,,,,,,,,,,,,,
2023,4,9,23,0,17.3,34.75,1.6,,,,,,,,,,,,,,,,,,,,,,,,,,,,,,,,,,,,
2023,4,10,0,0,16.1,40.49,2.7,,,,,,,,,,,,,,,,,,,,,,,,,,,,,,,,,,,,
2023,4,10,1,0,12.9,56.09,4.4,,,,,,,,,,,,,,,,,,,,,,,,,,,,,,,,,,,,
2023,4,10,2,0,9.5,62.69,2.7,,,,,,,,,,,,,,,,,,,,,,,,,,,,,,,,,,,,
2023,4,10,3,0,7.8,67.01,2.1,,,,,,,,,,,,,,,,,,,,,,,,,,,,,,,,,,,,
2023,4,10,4,0,7,67.42,1.4,,,,,,,,,,,,,,,,,,,,,,,,,,,,,,,,,,,,
2023,4,10,5,0,6.5,66.27,0.7,,,,,,,,,,,,,,,,,,,,,,,,,,,,,,,,,,,,
2023,4,10,6,0,6.4,62.93,-0.2,,,,,,,,,,,,,,,,,,,,,,,,,,,,,,,,,,,,
2023,4,10,7,0,6.6,58.44,-1,,,,,,,,,,,,,,,,,,,,,,,,,,,,,,,,,,,,
2023,4,10,8,0,6.9,54.38,-1.7,,,,,,,,,,,,,,,,,,,,,,,,,,,,,,,,,,,,
2023,4,10,9,0,7.3,50.99,-2.2,,,,,,,,,,,,,,,,,,,,,,,,,,,,,,,,,,,,
2023,4,10,10,0,7.3,50.06,-2.4,,,,,,,,,,,,,,,,,,,,,,,,,,,,,,,,,,,,
2023,4,10,11,0,7.2,50.14,-2.5,,,,,,,,,,,,,,,,,,,,,,,,,,,,,,,,,,,,
2023,4,10,12,0,6.9,51.39,-2.4,,,,,,,,,,,,,,,,,,,,,,,,,,,,,,,,,,,,
2023,4,10,13,0,7.2,55.73,-1.1,,,,,,,,,,,,,,,,,,,,,,,,,,,,,,,,,,,,
2023,4,10,14,0,10.3,62.36,3.4,,,,,,,,,,,,,,,,,,,,,,,,,,,,,,,,,,,,
2023,4,10,15,0,13,47.5,2.1,,,,,,,,,,,,,,,,,,,,,,,,,,,,,,,,,,,,
2023,4,10,16,0,16.1,41.22,2.9,,,,,,,,,,,,,,,,,,,,,,,,,,,,,,,,,,,,
2023,4,10,17,0,18.4,37.6,3.7,,,,,,,,,,,,,,,,,,,,,,,,,,,,,,,,,,,,
2023,4,10,18,0,19.8,36.49,4.5,,,,,,,,,,,,,,,,,,,,,,,,,,,,,,,,,,,,
2023,4,10,19,0,20.9,35.55,5.1,,,,,,,,,,,,,,,,,,,,,,,,,,,,,,,,,,,,
2023,4,10,20,0,21.8,34.65,5.5,,,,,,,,,,,,,,,,,,,,,,,,,,,,,,,,,,,,
2023,4,10,21,0,22.3,34.34,5.8,,,,,,,,,,,,,,,,,,,,,,,,,,,,,,,,,,,,
2023,4,10,22,0,22.3,34.94,6.1,,,,,,,,,,,,,,,,,,,,,,,,,,,,,,,,,,,,
2023,4,10,23,0,21.8,37.47,6.6,,,,,,,,,,,,,,,,,,,,,,,,,,,,,,,,,,,,
2023,4,11,0,0,20.2,49.29,9.2,,,,,,,,,,,,,,,,,,,,,,,,,,,,,,,,,,,,
2023,4,11,1,0,16.6,58.18,8.3,,,,,,,,,,,,,,,,,,,,,,,,,,,,,,,,,,,,
2023,4,11,2,0,13.4,59.7,5.7,,,,,,,,,,,,,,,,,,,,,,,,,,,,,,,,,,,,
2023,4,11,3,0,11.5,64.92,5.1,,,,,,,,,,,,,,,,,,,,,,,,,,,,,,,,,,,,
2023,4,11,4,0,10.4,66.05,4.3,,,,,,,,,,,,,,,,,,,,,,,,,,,,,,,,,,,,
2023,4,11,5,0,9.6,65.09,3.4,,,,,,,,,,,,,,,,,,,,,,,,,,,,,,,,,,,,
2023,4,11,6,0,9.1,62.9,2.4,,,,,,,,,,,,,,,,,,,,,,,,,,,,,,,,,,,,
2023,4,11,7,0,8.7,61.43,1.7,,,,,,,,,,,,,,,,,,,,,,,,,,,,,,,,,,,,
2023,4,11,8,0,8.3,60.95,1.2,,,,,,,,,,,,,,,,,,,,,,,,,,,,,,,,,,,,
2023,4,11,9,0,8,60.74,0.9,,,,,,,,,,,,,,,,,,,,,,,,,,,,,,,,,,,,
2023,4,11,10,0,7.7,60.84,0.6,,,,,,,,,,,,,,,,,,,,,,,,,,,,,,,,,,,,
2023,4,11,11,0,7.4,60.81,0.3,,,,,,,,,,,,,,,,,,,,,,,,,,,,,,,,,,,,
2023,4,11,12,0,7.2,60.46,0.1,,,,,,,,,,,,,,,,,,,,,,,,,,,,,,,,,,,,
2023,4,11,13,0,8.3,60.08,1,,,,,,,,,,,,,,,,,,,,,,,,,,,,,,,,,,,,
2023,4,11,14,0,12.9,56.67,4.5,,,,,,,,,,,,,,,,,,,,,,,,,,,,,,,,,,,,
2023,4,11,15,0,16.8,44.95,4.8,,,,,,,,,,,,,,,,,,,,,,,,,,,,,,,,,,,,
2023,4,11,16,0,19.4,37.89,4.7,,,,,,,,,,,,,,,,,,,,,,,,,,,,,,,,,,,,
2023,4,11,17,0,21.3,33.55,4.6,,,,,,,,,,,,,,,,,,,,,,,,,,,,,,,,,,,,
2023,4,11,18,0,22.4,32.06,4.9,,,,,,,,,,,,,,,,,,,,,,,,,,,,,,,,,,,,
2023,4,11,19,0,23,31.32,5.1,,,,,,,,,,,,,,,,,,,,,,,,,,,,,,,,,,,,
2023,4,11,20,0,23.4,30.94,5.3,,,,,,,,,,,,,,,,,,,,,,,,,,,,,,,,,,,,
2023,4,11,21,0,23.5,31.1,5.4,,,,,,,,,,,,,,,,,,,,,,,,,,,,,,,,,,,,
2023,4,11,22,0,23.4,31.56,5.6,,,,,,,,,,,,,,,,,,,,,,,,,,,,,,,,,,,,
2023,4,11,23,0,22.7,34.22,6.1,,,,,,,,,,,,,,,,,,,,,,,,,,,,,,,,,,,,
2023,4,12,0,0,20.6,50.26,9.9,,,,,,,,,,,,,,,,,,,,,,,,,,,,,,,,,,,,
2023,4,12,1,0,16.5,58.85,8.4,,,,,,,,,,,,,,,,,,,,,,,,,,,,,,,,,,,,
2023,4,12,2,0,14,58.37,6,,,,,,,,,,,,,,,,,,,,,,,,,,,,,,,,,,,,
2023,4,12,3,0,13.2,59.61,5.5,,,,,,,,,,,,,,,,,,,,,,,,,,,,,,,,,,,,
2023,4,12,4,0,12.5,61.46,5.3,,,,,,,,,,,,,,,,,,,,,,,,,,,,,,,,,,,,
2023,4,12,5,0,11.9,62.38,4.9,,,,,,,,,,,,,,,,,,,,,,,,,,,,,,,,,,,,
2023,4,12,6,0,11.8,60.3,4.4,,,,,,,,,,,,,,,,,,,,,,,,,,,,,,,,,,,,
2023,4,12,7,0,11.3,59,3.6,,,,,,,,,,,,,,,,,,,,,,,,,,,,,,,,,,,,
2023,4,12,8,0,10.5,58.61,2.7,,,,,,,,,,,,,,,,,,,,,,,,,,,,,,,,,,,,
2023,4,12,9,0,9.7,59.74,2.2,,,,,,,,,,,,,,,,,,,,,,,,,,,,,,,,,,,,
2023,4,12,10,0,9.2,61.83,2.3,,,,,,,,,,,,,,,,,,,,,,,,,,,,,,,,,,,,
2023,4,12,11,0,9.3,63.11,2.6,,,,,,,,,,,,,,,,,,,,,,,,,,,,,,,,,,,,
2023,4,12,12,0,9.5,63.19,2.8,,,,,,,,,,,,,,,,,,,,,,,,,,,,,,,,,,,,
2023,4,12,13,0,10,63.75,3.4,,,,,,,,,,,,,,,,,,,,,,,,,,,,,,,,,,,,
2023,4,12,14,0,11.9,63.95,5.3,,,,,,,,,,,,,,,,,,,,,,,,,,,,,,,,,,,,
2023,4,12,15,0,14.9,56.29,6.3,,,,,,,,,,,,,,,,,,,,,,,,,,,,,,,,,,,,
2023,4,12,16,0,16.6,49.81,6.1,,,,,,,,,,,,,,,,,,,,,,,,,,,,,,,,,,,,
2023,4,12,17,0,18.1,45.46,6.1,,,,,,,,,,,,,,,,,,,,,,,,,,,,,,,,,,,,
2023,4,12,18,0,19.7,40.02,5.7,,,,,,,,,,,,,,,,,,,,,,,,,,,,,,,,,,,,
2023,4,12,19,0,20.8,36.76,5.5,,,,,,,,,,,,,,,,,,,,,,,,,,,,,,,,,,,,
2023,4,12,20,0,21.2,35.99,5.5,,,,,,,,,,,,,,,,,,,,,,,,,,,,,,,,,,,,
2023,4,12,21,0,21.1,36.27,5.6,,,,,,,,,,,,,,,,,,,,,,,,,,,,,,,,,,,,
2023,4,12,22,0,20.9,36.9,5.6,,,,,,,,,,,,,,,,,,,,,,,,,,,,,,,,,,,,
2023,4,12,23,0,20.1,40.15,6.1,,,,,,,,,,,,,,,,,,,,,,,,,,,,,,,,,,,,
2023,4,13,0,0,18.5,47.79,7.2,,,,,,,,,,,,,,,,,,,,,,,,,,,,,,,,,,,,
2023,4,13,1,0,15.6,55.79,6.8,,,,,,,,,,,,,,,,,,,,,,,,,,,,,,,,,,,,
2023,4,13,2,0,13.5,59.06,5.7,,,,,,,,,,,,,,,,,,,,,,,,,,,,,,,,,,,,
2023,4,13,3,0,12.5,60.84,5.1,,,,,,,,,,,,,,,,,,,,,,,,,,,,,,,,,,,,
2023,4,13,4,0,11.7,62.56,4.8,,,,,,,,,,,,,,,,,,,,,,,,,,,,,,,,,,,,
2023,4,13,5,0,10.8,64.98,4.5,,,,,,,,,,,,,,,,,,,,,,,,,,,,,,,,,,,,
2023,4,13,6,0,9.6,68.92,4.2,,,,,,,,,,,,,,,,,,,,,,,,,,,,,,,,,,,,
2023,4,13,7,0,8.1,74.49,3.8,,,,,,,,,,,,,,,,,,,,,,,,,,,,,,,,,,,,
2023,4,13,8,0,6.7,78.41,3.2,,,,,,,,,,,,,,,,,,,,,,,,,,,,,,,,,,,,
2023,4,13,9,0,6.1,78.57,2.7,,,,,,,,,,,,,,,,,,,,,,,,,,,,,,,,,,,,
2023,4,13,10,0,5.3,79.2,2,,,,,,,,,,,,,,,,,,,,,,,,,,,,,,,,,,,,
2023,4,13,11,0,4.2,79.77,1,,,,,,,,,,,,,,,,,,,,,,,,,,,,,,,,,,,,
2023,4,13,12,0,3,79.71,-0.2,,,,,,,,,,,,,,,,,,,,,,,,,,,,,,,,,,,,
2023,4,13,13,0,2.1,78.38,-1.3,,,,,,,,,,,,,,,,,,,,,,,,,,,,,,,,,,,,
2023,4,13,14,0,2.1,73.75,-2.1,,,,,,,,,,,,,,,,,,,,,,,,,,,,,,,,,,,,
2023,4,13,15,0,2.4,68.88,-2.7,,,,,,,,,,,,,,,,,,,,,,,,,,,,,,,,,,,,
2023,4,13,16,0,3,63.04,-3.4,,,,,,,,,,,,,,,,,,,,,,,,,,,,,,,,,,,,
2023,4,13,17,0,3.9,56.78,-3.9,,,,,,,,,,,,,,,,,,,,,,,,,,,,,,,,,,,,
2023,4,13,18,0,5,50.72,-4.4,,,,,,,,,,,,,,,,,,,,,,,,,,,,,,,,,,,,
2023,4,13,19,0,5.8,46.13,-4.9,,,,,,,,,,,,,,,,,,,,,,,,,,,,,,,,,,,,
2023,4,13,20,0,6.6,41.75,-5.5,,,,,,,,,,,,,,,,,,,,,,,,,,,,,,,,,,,,
2023,4,13,21,0,7.1,38.45,-6.1,,,,,,,,,,,,,,,,,,,,,,,,,,,,,,,,,,,,
2023,4,13,22,0,7.1,37.2,-6.6,,,,,,,,,,,,,,,,,,,,,,,,,,,,,,,,,,,,
2023,4,13,23,0,6.7,37.87,-6.7,,,,,,,,,,,,,,,,,,,,,,,,,,,,,,,,,,,,
2023,4,14,0,0,5.8,40.92,-6.5,,,,,,,,,,,,,,,,,,,,,,,,,,,,,,,,,,,,
2023,4,14,1,0,4,54.68,-4.3,,,,,,,,,,,,,,,,,,,,,,,,,,,,,,,,,,,,
2023,4,14,2,0,2.1,61.64,-4.5,,,,,,,,,,,,,,,,,,,,,,,,,,,,,,,,,,,,
2023,4,14,3,0,1.8,61.2,-4.9,,,,,,,,,,,,,,,,,,,,,,,,,,,,,,,,,,,,
2023,4,14,4,0,1.8,60.66,-5,,,,,,,,,,,,,,,,,,,,,,,,,,,,,,,,,,,,
2023,4,14,5,0,1.7,60.64,-5.1,,,,,,,,,,,,,,,,,,,,,,,,,,,,,,,,,,,,
2023,4,14,6,0,1.6,60.54,-5.2,,,,,,,,,,,,,,,,,,,,,,,,,,,,,,,,,,,,
2023,4,14,7,0,1.7,58.92,-5.5,,,,,,,,,,,,,,,,,,,,,,,,,,,,,,,,,,,,
2023,4,14,8,0,1.8,56.69,-5.9,,,,,,,,,,,,,,,,,,,,,,,,,,,,,,,,,,,,
2023,4,14,9,0,1.9,55.93,-6,,,,,,,,,,,,,,,,,,,,,,,,,,,,,,,,,,,,
2023,4,14,10,0,2,55.39,-6,,,,,,,,,,,,,,,,,,,,,,,,,,,,,,,,,,,,
2023,4,14,11,0,1.9,55.4,-6.1,,,,,,,,,,,,,,,,,,,,,,,,,,,,,,,,,,,,
2023,4,14,12,0,1.8,56.92,-5.8,,,,,,,,,,,,,,,,,,,,,,,,,,,,,,,,,,,,
2023,4,14,13,0,2.1,63.79,-4,,,,,,,,,,,,,,,,,,,,,,,,,,,,,,,,,,,,
2023,4,14,14,0,3.5,49.32,-6.1,,,,,,,,,,,,,,,,,,,,,,,,,,,,,,,,,,,,
2023,4,14,15,0,4.4,43.71,-6.9,,,,,,,,,,,,,,,,,,,,,,,,,,,,,,,,,,,,
2023,4,14,16,0,5.1,41.35,-7,,,,,,,,,,,,,,,,,,,,,,,,,,,,,,,,,,,,
2023,4,14,17,0,6.1,39.38,-6.7,,,,,,,,,,,,,,,,,,,,,,,,,,,,,,,,,,,,
2023,4,14,18,0,7,37.82,-6.4,,,,,,,,,,,,,,,,,,,,,,,,,,,,,,,,,,,,
2023,4,14,19,0,7.6,37.34,-6.1,,,,,,,,,,,,,,,,,,,,,,,,,,,,,,,,,,,,
2023,4,14,20,0,8,37.02,-5.8,,,,,,,,,,,,,,,,,,,,,,,,,,,,,,,,,,,,
2023,4,14,21,0,8,37.29,-5.7,,,,,,,,,,,,,,,,,,,,,,,,,,,,,,,,,,,,
2023,4,14,22,0,7.8,37.83,-5.7,,,,,,,,,,,,,,,,,,,,,,,,,,,,,,,,,,,,
2023,4,14,23,0,7.4,38.94,-5.7,,,,,,,,,,,,,,,,,,,,,,,,,,,,,,,,,,,,
2023,4,15,0,0,6.8,41.22,-5.5,,,,,,,,,,,,,,,,,,,,,,,,,,,,,,,,,,,,
2023,4,15,1,0,5,56.43,-3,,,,,,,,,,,,,,,,,,,,,,,,,,,,,,,,,,,,
2023,4,15,2,0,4.2,49.85,-5.3,,,,,,,,,,,,,,,,,,,,,,,,,,,,,,,,,,,,
2023,4,15,3,0,4.4,45.55,-6.4,,,,,,,,,,,,,,,,,,,,,,,,,,,,,,,,,,,,
2023,4,15,4,0,4.5,43.32,-6.9,,,,,,,,,,,,,,,,,,,,,,,,,,,,,,,,,,,,
2023,4,15,5,0,4.4,41.93,-7.4,,,,,,,,,,,,,,,,,,,,,,,,,,,,,,,,,,,,
2023,4,15,6,0,4.3,41.58,-7.6,,,,,,,,,,,,,,,,,,,,,,,,,,,,,,,,,,,,
2023,4,15,7,0,4,42.53,-7.6,,,,,,,,,,,,,,,,,,,,,,,,,,,,,,,,,,,,
2023,4,15,8,0,3.9,42.63,-7.7,,,,,,,,,,,,,,,,,,,,,,,,,,,,,,,,,,,,
2023,4,15,9,0,3.9,42.26,-7.8,,,,,,,,,,,,,,,,,,,,,,,,,,,,,,,,,,,,
2023,4,15,10,0,4,41.54,-7.9,,,,,,,,,,,,,,,,,,,,,,,,,,,,,,,,,,,,
2023,4,15,11,0,4,41.19,-8,,,,,,,,,,,,,,,,,,,,,,,,,,,,,,,,,,,,
2023,4,15,12,0,3.9,40.91,-8.2,,,,,,,,,,,,,,,,,,,,,,,,,,,,,,,,,,,,
2023,4,15,13,0,4,45.64,-6.7,,,,,,,,,,,,,,,,,,,,,,,,,,,,,,,,,,,,
2023,4,15,14,0,5.8,43.07,-5.8,,,,,,,,,,,,,,,,,,,,,,,,,,,,,,,,,,,,
2023,4,15,15,0,7.3,33.8,-7.6,,,,,,,,,,,,,,,,,,,,,,,,,,,,,,,,,,,,
2023,4,15,16,0,8.7,30.67,-7.6,,,,,,,,,,,,,,,,,,,,,,,,,,,,,,,,,,,,
2023,4,15,17,0,10,28.38,-7.5,,,,,,,,,,,,,,,,,,,,,,,,,,,,,,,,,,,,
2023,4,15,18,0,11.2,26.87,-7.2,,,,,,,,,,,,,,,,,,,,,,,,,,,,,,,,,,,,
2023,4,15,19,0,12.3,25.43,-7,,,,,,,,,,,,,,,,,,,,,,,,,,,,,,,,,,,,
2023,4,15,20,0,13.1,24.72,-6.7,,,,,,,,,,,,,,,,,,,,,,,,,,,,,,,,,,,,
2023,4,15,21,0,13.6,24.5,-6.3,,,,,,,,,,,,,,,,,,,,,,,,,,,,,,,,,,,,
2023,4,15,22,0,13.7,24.7,-6.2,,,,,,,,,,,,,,,,,,,,,,,,,,,,,,,,,,,,
2023,4,15,23,0,13.3,25.83,-5.9,,,,,,,,,,,,,,,,,,,,,,,,,,,,,,,,,,,,
2023,4,16,0,0,12.4,29.34,-5,,,,,,,,,,,,,,,,,,,,,,,,,,,,,,,,,,,,
2023,4,16,1,0,10.1,46.23,-0.9,,,,,,,,,,,,,,,,,,,,,,,,,,,,,,,,,,,,
2023,4,16,2,0,7.4,50.3,-2.3,,,,,,,,,,,,,,,,,,,,,,,,,,,,,,,,,,,,
2023,4,16,3,0,5.9,55.2,-2.4,,,,,,,,,,,,,,,,,,,,,,,,,,,,,,,,,,,,
2023,4,16,4,0,4.8,59.25,-2.5,,,,,,,,,,,,,,,,,,,,,,,,,,,,,,,,,,,,
2023,4,16,5,0,4,62.5,-2.5,,,,,,,,,,,,,,,,,,,,,,,,,,,,,,,,,,,,
2023,4,16,6,0,3.5,64,-2.7,,,,,,,,,,,,,,,,,,,,,,,,,,,,,,,,,,,,
2023,4,16,7,0,3.2,64.37,-2.9,,,,,,,,,,,,,,,,,,,,,,,,,,,,,,,,,,,,
2023,4,16,8,0,3.2,63.38,-3.1,,,,,,,,,,,,,,,,,,,,,,,,,,,,,,,,,,,,
2023,4,16,9,0,3.3,61.74,-3.3,,,,,,,,,,,,,,,,,,,,,,,,,,,,,,,,,,,,
2023,4,16,10,0,3.3,60.55,-3.6,,,,,,,,,,,,,,,,,,,,,,,,,,,,,,,,,,,,
2023,4,16,11,0,3,60.74,-3.9,,,,,,,,,,,,,,,,,,,,,,,,,,,,,,,,,,,,
2023,4,16,12,0,2.7,60.92,-4.1,,,,,,,,,,,,,,,,,,,,,,,,,,,,,,,,,,,,
2023,4,16,13,0,4.1,61.57,-2.6,,,,,,,,,,,,,,,,,,,,,,,,,,,,,,,,,,,,
2023,4,16,14,0,8.1,49.46,-1.9,,,,,,,,,,,,,,,,,,,,,,,,,,,,,,,,,,,,
2023,4,16,15,0,10.7,44.02,-1.1,,,,,,,,,,,,,,,,,,,,,,,,,,,,,,,,,,,,
2023,4,16,16,0,14.4,33.33,-1.5,,,,,,,,,,,,,,,,,,,,,,,,,,,,,,,,,,,,
2023,4,16,17,0,16.9,27.7,-1.9,,,,,,,,,,,,,,,,,,,,,,,,,,,,,,,,,,,,
2023,4,16,18,0,18.3,27.52,-0.8,,,,,,,,,,,,,,,,,,,,,,,,,,,,,,,,,,,,
2023,4,16,19,0,19.3,27.75,0.2,,,,,,,,,,,,,,,,,,,,,,,,,,,,,,,,,,,,
2023,4,16,20,0,19.9,27.81,0.7,,,,,,,,,,,,,,,,,,,,,,,,,,,,,,,,,,,,
2023,4,16,21,0,20.2,28.05,1.1,,,,,,,,,,,,,,,,,,,,,,,,,,,,,,,,,,,,
2023,4,16,22,0,20.1,28.66,1.3,,,,,,,,,,,,,,,,,,,,,,,,,,,,,,,,,,,,
2023,4,16,23,0,19.5,30.57,1.7,,,,,,,,,,,,,,,,,,,,,,,,,,,,,,,,,,,,
2023,4,17,0,0,18.1,40.7,4.5,,,,,,,,,,,,,,,,,,,,,,,,,,,,,,,,,,,,
2023,4,17,1,0,14.9,57.92,6.7,,,,,,,,,,,,,,,,,,,,,,,,,,,,,,,,,,,,
2023,4,17,2,0,12.3,54.1,3.3,,,,,,,,,,,,,,,,,,,,,,,,,,,,,,,,,,,,
2023,4,17,3,0,10.7,57.07,2.5,,,,,,,,,,,,,,,,,,,,,,,,,,,,,,,,,,,,
2023,4,17,4,0,9.7,58.44,1.9,,,,,,,,,,,,,,,,,,,,,,,,,,,,,,,,,,,,
2023,4,17,5,0,9.1,58.69,1.4,,,,,,,,,,,,,,,,,,,,,,,,,,,,,,,,,,,,
2023,4,17,6,0,8.7,59.22,1.2,,,,,,,,,,,,,,,,,,,,,,,,,,,,,,,,,,,,
2023,4,17,7,0,8.5,60.31,1.2,,,,,,,,,,,,,,,,,,,,,,,,,,,,,,,,,,,,
2023,4,17,8,0,8.4,61.32,1.4,,,,,,,,,,,,,,,,,,,,,,,,,,,,,,,,,,,,
2023,4,17,9,0,8.1,62.47,1.4,,,,,,,,,,,,,,,,,,,,,,,,,,,,,,,,,,,,
2023,4,17,10,0,8,61.72,1.1,,,,,,,,,,,,,,,,,,,,,,,,,,,,,,,,,,,,
2023,4,17,11,0,7.9,61.11,0.9,,,,,,,,,,,,,,,,,,,,,,,,,,,,,,,,,,,,
2023,4,17,12,0,8.1,59.62,0.7,,,,,,,,,,,,,,,,,,,,,,,,,,,,,,,,,,,,
2023,4,17,13,0,9,59.4,1.5,,,,,,,,,,,,,,,,,,,,,,,,,,,,,,,,,,,,
2023,4,17,14,0,11.7,60.3,4.3,,,,,,,,,,,,,,,,,,,,,,,,,,,,,,,,,,,,
2023,4,17,15,0,14.6,40.32,1.3,,,,,,,,,,,,,,,,,,,,,,,,,,,,,,,,,,,,
2023,4,17,16,0,16.8,32.37,0.2,,,,,,,,,,,,,,,,,,,,,,,,,,,,,,,,,,,,
2023,4,17,17,0,18.2,31.04,0.8,,,,,,,,,,,,,,,,,,,,,,,,,,,,,,,,,,,,
2023,4,17,18,0,19.1,31.19,1.7,,,,,,,,,,,,,,,,,,,,,,,,,,,,,,,,,,,,
2023,4,17,19,0,19.7,31.14,2.2,,,,,,,,,,,,,,,,,,,,,,,,,,,,,,,,,,,,
2023,4,17,20,0,20,31.57,2.6,,,,,,,,,,,,,,,,,,,,,,,,,,,,,,,,,,,,
2023,4,17,21,0,20.2,31.57,2.8,,,,,,,,,,,,,,,,,,,,,,,,,,,,,,,,,,,,
2023,4,17,22,0,19.7,33.11,3,,,,,,,,,,,,,,,,,,,,,,,,,,,,,,,,,,,,
2023,4,17,23,0,18.3,40.06,4.5,,,,,,,,,,,,,,,,,,,,,,,,,,,,,,,,,,,,
2023,4,18,0,0,16.1,52.39,6.3,,,,,,,,,,,,,,,,,,,,,,,,,,,,,,,,,,,,
2023,4,18,1,0,13.7,62.08,6.6,,,,,,,,,,,,,,,,,,,,,,,,,,,,,,,,,,,,
2023,4,18,2,0,11.7,69.43,6.3,,,,,,,,,,,,,,,,,,,,,,,,,,,,,,,,,,,,
2023,4,18,3,0,10.3,75.5,6.2,,,,,,,,,,,,,,,,,,,,,,,,,,,,,,,,,,,,
2023,4,18,4,0,9.3,80.33,6.1,,,,,,,,,,,,,,,,,,,,,,,,,,,,,,,,,,,,
2023,4,18,5,0,8.6,82.69,5.8,,,,,,,,,,,,,,,,,,,,,,,,,,,,,,,,,,,,
2023,4,18,6,0,8,84.4,5.5,,,,,,,,,,,,,,,,,,,,,,,,,,,,,,,,,,,,
2023,4,18,7,0,7.6,84.57,5.2,,,,,,,,,,,,,,,,,,,,,,,,,,,,,,,,,,,,
2023,4,18,8,0,7.1,84.54,4.7,,,,,,,,,,,,,,,,,,,,,,,,,,,,,,,,,,,,
2023,4,18,9,0,7,82.79,4.3,,,,,,,,,,,,,,,,,,,,,,,,,,,,,,,,,,,,
2023,4,18,10,0,6.9,81.45,3.9,,,,,,,,,,,,,,,,,,,,,,,,,,,,,,,,,,,,
2023,4,18,11,0,6.6,81.59,3.7,,,,,,,,,,,,,,,,,,,,,,,,,,,,,,,,,,,,
2023,4,18,12,0,6.2,82.88,3.5,,,,,,,,,,,,,,,,,,,,,,,,,,,,,,,,,,,,
2023,4,18,13,0,6.5,83.06,3.8,,,,,,,,,,,,,,,,,,,,,,,,,,,,,,,,,,,,
2023,4,18,14,0,7.8,77.75,4.2,,,,,,,,,,,,,,,,,,,,,,,,,,,,,,,,,,,,
2023,4,18,15,0,8.2,74.56,3.9,,,,,,,,,,,,,,,,,,,,,,,,,,,,,,,,,,,,
2023,4,18,16,0,8.7,71.3,3.8,,,,,,,,,,,,,,,,,,,,,,,,,,,,,,,,,,,,
2023,4,18,17,0,9,66.82,3.2,,,,,,,,,,,,,,,,,,,,,,,,,,,,,,,,,,,,
2023,4,18,18,0,9.1,61.58,2.1,,,,,,,,,,,,,,,,,,,,,,,,,,,,,,,,,,,,
2023,4,18,19,0,8.9,57.13,0.9,,,,,,,,,,,,,,,,,,,,,,,,,,,,,,,,,,,,
2023,4,18,20,0,9,49.84,-0.9,,,,,,,,,,,,,,,,,,,,,,,,,,,,,,,,,,,,
2023,4,18,21,0,8.7,43.1,-3.2,,,,,,,,,,,,,,,,,,,,,,,,,,,,,,,,,,,,
2023,4,18,22,0,7.7,40.51,-4.9,,,,,,,,,,,,,,,,,,,,,,,,,,,,,,,,,,,,
2023,4,18,23,0,6.9,39.2,-6,,,,,,,,,,,,,,,,,,,,,,,,,,,,,,,,,,,,
2023,4,19,0,0,5.9,40.01,-6.7,,,,,,,,,,,,,,,,,,,,,,,,,,,,,,,,,,,,
2023,4,19,1,0,4.3,44.67,-6.7,,,,,,,,,,,,,,,,,,,,,,,,,,,,,,,,,,,,
2023,4,19,2,0,2.2,55.79,-5.7,,,,,,,,,,,,,,,,,,,,,,,,,,,,,,,,,,,,
2023,4,19,3,0,1.3,58.11,-6,,,,,,,,,,,,,,,,,,,,,,,,,,,,,,,,,,,,
2023,4,19,4,0,0.8,58.31,-6.5,,,,,,,,,,,,,,,,,,,,,,,,,,,,,,,,,,,,
2023,4,19,5,0,0.6,58.99,-6.5,,,,,,,,,,,,,,,,,,,,,,,,,,,,,,,,,,,,
2023,4,19,6,0,0.6,59.68,-6.3,,,,,,,,,,,,,,,,,,,,,,,,,,,,,,,,,,,,
2023,4,19,7,0,0.4,60.72,-6.3,,,,,,,,,,,,,,,,,,,,,,,,,,,,,,,,,,,,
2023,4,19,8,0,0.2,60.12,-6.6,,,,,,,,,,,,,,,,,,,,,,,,,,,,,,,,,,,,
2023,4,19,9,0,0,59.77,-6.9,,,,,,,,,,,,,,,,,,,,,,,,,,,,,,,,,,,,
2023,4,19,10,0,-0.2,60.78,-6.9,,,,,,,,,,,,,,,,,,,,,,,,,,,,,,,,,,,,
2023,4,19,11,0,-0.4,61.63,-6.9,,,,,,,,,,,,,,,,,,,,,,,,,,,,,,,,,,,,
2023,4,19,12,0,-0.7,61.9,-7.1,,,,,,,,,,,,,,,,,,,,,,,,,,,,,,,,,,,,
2023,4,19,13,0,0,56.65,-7.6,,,,,,,,,,,,,,,,,,,,,,,,,,,,,,,,,,,,
2023,4,19,14,0,1.6,43.17,-9.6,,,,,,,,,,,,,,,,,,,,,,,,,,,,,,,,,,,,
2023,4,19,15,0,2.6,39.38,-9.9,,,,,,,,,,,,,,,,,,,,,,,,,,,,,,,,,,,,
2023,4,19,16,0,3.6,36.94,-9.8,,,,,,,,,,,,,,,,,,,,,,,,,,,,,,,,,,,,
2023,4,19,17,0,4.6,34.9,-9.6,,,,,,,,,,,,,,,,,,,,,,,,,,,,,,,,,,,,
2023,4,19,18,0,5.5,33.13,-9.5,,,,,,,,,,,,,,,,,,,,,,,,,,,,,,,,,,,,
2023,4,19,19,0,6.2,31.66,-9.4,,,,,,,,,,,,,,,,,,,,,,,,,,,,,,,,,,,,
2023,4,19,20,0,6.6,30.47,-9.6,,,,,,,,,,,,,,,,,,,,,,,,,,,,,,,,,,,,
2023,4,19,21,0,6.8,29.44,-9.8,,,,,,,,,,,,,,,,,,,,,,,,,,,,,,,,,,,,
2023,4,19,22,0,6.7,29.12,-10.1,,,,,,,,,,,,,,,,,,,,,,,,,,,,,,,,,,,,
2023,4,19,23,0,6.4,29.31,-10.2,,,,,,,,,,,,,,,,,,,,,,,,,,,,,,,,,,,,
2023,4,20,0,0,5.7,30.73,-10.3,,,,,,,,,,,,,,,,,,,,,,,,,,,,,,,,,,,,
2023,4,20,1,0,4.1,44.33,-7,,,,,,,,,,,,,,,,,,,,,,,,,,,,,,,,,,,,
2023,4,20,2,0,3.1,38,-9.9,,,,,,,,,,,,,,,,,,,,,,,,,,,,,,,,,,,,
2023,4,20,3,0,3.2,33.76,-11.3,,,,,,,,,,,,,,,,,,,,,,,,,,,,,,,,,,,,
2023,4,20,4,0,3.2,32.35,-11.8,,,,,,,,,,,,,,,,,,,,,,,,,,,,,,,,,,,,
2023,4,20,5,0,3,34.28,-11.3,,,,,,,,,,,,,,,,,,,,,,,,,,,,,,,,,,,,
2023,4,20,6,0,2.8,36.46,-10.7,,,,,,,,,,,,,,,,,,,,,,,,,,,,,,,,,,,,
2023,4,20,7,0,2.6,38.98,-10,,,,,,,,,,,,,,,,,,,,,,,,,,,,,,,,,,,,
2023,4,20,8,0,2.2,43.78,-8.9,,,,,,,,,,,,,,,,,,,,,,,,,,,,,,,,,,,,
2023,4,20,9,0,1.7,54.37,-6.5,,,,,,,,,,,,,,,,,,,,,,,,,,,,,,,,,,,,
2023,4,20,10,0,1.2,62.78,-5.1,,,,,,,,,,,,,,,,,,,,,,,,,,,,,,,,,,,,
2023,4,20,11,0,0.9,66.73,-4.6,,,,,,,,,,,,,,,,,,,,,,,,,,,,,,,,,,,,
2023,4,20,12,0,0.7,71.28,-3.9,,,,,,,,,,,,,,,,,,,,,,,,,,,,,,,,,,,,
2023,4,20,13,0,1.2,72.17,-3.3,,,,,,,,,,,,,,,,,,,,,,,,,,,,,,,,,,,,
2023,4,20,14,0,2.3,64.05,-3.8,,,,,,,,,,,,,,,,,,,,,,,,,,,,,,,,,,,,
2023,4,20,15,0,3.1,56.27,-4.8,,,,,,,,,,,,,,,,,,,,,,,,,,,,,,,,,,,,
2023,4,20,16,0,3.8,50.58,-5.5,,,,,,,,,,,,,,,,,,,,,,,,,,,,,,,,,,,,
2023,4,20,17,0,4.6,46.34,-5.9,,,,,,,,,,,,,,,,,,,,,,,,,,,,,,,,,,,,
2023,4,20,18,0,5.3,43.11,-6.2,,,,,,,,,,,,,,,,,,,,,,,,,,,,,,,,,,,,
2023,4,20,19,0,5.8,41.08,-6.4,,,,,,,,,,,,,,,,,,,,,,,,,,,,,,,,,,,,
2023,4,20,20,0,6.1,40.18,-6.4,,,,,,,,,,,,,,,,,,,,,,,,,,,,,,,,,,,,
2023,4,20,21,0,6.3,39.62,-6.4,,,,,,,,,,,,,,,,,,,,,,,,,,,,,,,,,,,,
2023,4,20,22,0,6.2,39.4,-6.6,,,,,,,,,,,,,,,,,,,,,,,,,,,,,,,,,,,,
2023,4,20,23,0,6.1,38.95,-6.9,,,,,,,,,,,,,,,,,,,,,,,,,,,,,,,,,,,,
2023,4,21,0,0,5.7,39.69,-7,,,,,,,,,,,,,,,,,,,,,,,,,,,,,,,,,,,,
2023,4,21,1,0,4.1,52.67,-4.7,,,,,,,,,,,,,,,,,,,,,,,,,,,,,,,,,,,,
2023,4,21,2,0,3,46.37,-7.4,,,,,,,,,,,,,,,,,,,,,,,,,,,,,,,,,,,,
2023,4,21,3,0,3.1,41.49,-8.7,,,,,,,,,,,,,,,,,,,,,,,,,,,,,,,,,,,,
2023,4,21,4,0,2.9,41.07,-9.1,,,,,,,,,,,,,,,,,,,,,,,,,,,,,,,,,,,,
2023,4,21,5,0,2.5,45.13,-8.2,,,,,,,,,,,,,,,,,,,,,,,,,,,,,,,,,,,,
2023,4,21,6,0,2.2,50.15,-7.1,,,,,,,,,,,,,,,,,,,,,,,,,,,,,,,,,,,,
2023,4,21,7,0,2,56.16,-5.8,,,,,,,,,,,,,,,,,,,,,,,,,,,,,,,,,,,,
2023,4,21,8,0,2.1,59.52,-5,,,,,,,,,,,,,,,,,,,,,,,,,,,,,,,,,,,,
2023,4,21,9,0,2.3,60.26,-4.6,,,,,,,,,,,,,,,,,,,,,,,,,,,,,,,,,,,,
2023,4,21,10,0,2.5,61.21,-4.2,,,,,,,,,,,,,,,,,,,,,,,,,,,,,,,,,,,,
2023,4,21,11,0,2.7,61.81,-3.9,,,,,,,,,,,,,,,,,,,,,,,,,,,,,,,,,,,,
2023,4,21,12,0,2.7,63.69,-3.5,,,,,,,,,,,,,,,,,,,,,,,,,,,,,,,,,,,,
2023,4,21,13,0,3.2,64.91,-2.8,,,,,,,,,,,,,,,,,,,,,,,,,,,,,,,,,,,,
2023,4,21,14,0,4.2,64.21,-2,,,,,,,,,,,,,,,,,,,,,,,,,,,,,,,,,,,,
2023,4,21,15,0,5.3,59.77,-1.9,,,,,,,,,,,,,,,,,,,,,,,,,,,,,,,,,,,,
2023,4,21,16,0,6.4,61.87,-0.4,,,,,,,,,,,,,,,,,,,,,,,,,,,,,,,,,,,,
2023,4,21,17,0,7.6,64.32,1.3,,,,,,,,,,,,,,,,,,,,,,,,,,,,,,,,,,,,
2023,4,21,18,0,8.1,65.67,2.1,,,,,,,,,,,,,,,,,,,,,,,,,,,,,,,,,,,,
2023,4,21,19,0,8,67.76,2.4,,,,,,,,,,,,,,,,,,,,,,,,,,,,,,,,,,,,
2023,4,21,20,0,8.2,68.25,2.7,,,,,,,,,,,,,,,,,,,,,,,,,,,,,,,,,,,,
2023,4,21,21,0,8.2,68.64,2.8,,,,,,,,,,,,,,,,,,,,,,,,,,,,,,,,,,,,
2023,4,21,22,0,8,69.32,2.7,,,,,,,,,,,,,,,,,,,,,,,,,,,,,,,,,,,,
2023,4,21,23,0,7.5,71.16,2.6,,,,,,,,,,,,,,,,,,,,,,,,,,,,,,,,,,,,
2023,4,22,0,0,6.9,73.08,2.4,,,,,,,,,,,,,,,,,,,,,,,,,,,,,,,,,,,,
2023,4,22,1,0,5.6,78.37,2.1,,,,,,,,,,,,,,,,,,,,,,,,,,,,,,,,,,,,
2023,4,22,2,0,3.9,84.27,1.5,,,,,,,,,,,,,,,,,,,,,,,,,,,,,,,,,,,,
2023,4,22,3,0,3.3,84.74,1,,,,,,,,,,,,,,,,,,,,,,,,,,,,,,,,,,,,
2023,4,22,4,0,2.7,84.48,0.3,,,,,,,,,,,,,,,,,,,,,,,,,,,,,,,,,,,,
2023,4,22,5,0,2.4,82.77,-0.2,,,,,,,,,,,,,,,,,,,,,,,,,,,,,,,,,,,,
2023,4,22,6,0,2.1,81.39,-0.8,,,,,,,,,,,,,,,,,,,,,,,,,,,,,,,,,,,,
2023,4,22,7,0,1.7,81.01,-1.2,,,,,,,,,,,,,,,,,,,,,,,,,,,,,,,,,,,,
2023,4,22,8,0,1.6,80,-1.5,,,,,,,,,,,,,,,,,,,,,,,,,,,,,,,,,,,,
2023,4,22,9,0,1.8,77.99,-1.6,,,,,,,,,,,,,,,,,,,,,,,,,,,,,,,,,,,,
2023,4,22,10,0,2,75.87,-1.8,,,,,,,,,,,,,,,,,,,,,,,,,,,,,,,,,,,,
2023,4,22,11,0,2.2,73.65,-2,,,,,,,,,,,,,,,,,,,,,,,,,,,,,,,,,,,,
2023,4,22,12,0,2.2,72.22,-2.3,,,,,,,,,,,,,,,,,,,,,,,,,,,,,,,,,,,,
2023,4,22,13,0,3.3,72.36,-1.2,,,,,,,,,,,,,,,,,,,,,,,,,,,,,,,,,,,,
2023,4,22,14,0,5.4,60.8,-1.6,,,,,,,,,,,,,,,,,,,,,,,,,,,,,,,,,,,,
2023,4,22,15,0,6.6,53.12,-2.3,,,,,,,,,,,,,,,,,,,,,,,,,,,,,,,,,,,,
2023,4,22,16,0,7.5,49.48,-2.4,,,,,,,,,,,,,,,,,,,,,,,,,,,,,,,,,,,,
2023,4,22,17,0,8.4,46.93,-2.3,,,,,,,,,,,,,,,,,,,,,,,,,,,,,,,,,,,,
2023,4,22,18,0,9.3,44.92,-2.1,,,,,,,,,,,,,,,,,,,,,,,,,,,,,,,,,,,,
2023,4,22,19,0,9.7,44.47,-1.8,,,,,,,,,,,,,,,,,,,,,,,,,,,,,,,,,,,,
2023,4,22,20,0,9.9,44.48,-1.6,,,,,,,,,,,,,,,,,,,,,,,,,,,,,,,,,,,,
2023,4,22,21,0,9.8,45.17,-1.5,,,,,,,,,,,,,,,,,,,,,,,,,,,,,,,,,,,,
2023,4,22,22,0,9.4,46.49,-1.5,,,,,,,,,,,,,,,,,,,,,,,,,,,,,,,,,,,,
2023,4,22,23,0,8.9,48,-1.5,,,,,,,,,,,,,,,,,,,,,,,,,,,,,,,,,,,,
2023,4,23,0,0,8,51.16,-1.5,,,,,,,,,,,,,,,,,,,,,,,,,,,,,,,,,,,,
2023,4,23,1,0,6.5,60.62,-0.6,,,,,,,,,,,,,,,,,,,,,,,,,,,,,,,,,,,,
2023,4,23,2,0,5.1,63.32,-1.3,,,,,,,,,,,,,,,,,,,,,,,,,,,,,,,,,,,,
2023,4,23,3,0,5,60.21,-2.1,,,,,,,,,,,,,,,,,,,,,,,,,,,,,,,,,,,,
2023,4,23,4,0,5,58.19,-2.5,,,,,,,,,,,,,,,,,,,,,,,,,,,,,,,,,,,,
2023,4,23,5,0,4.8,57.88,-2.8,,,,,,,,,,,,,,,,,,,,,,,,,,,,,,,,,,,,
2023,4,23,6,0,4.6,58.07,-2.9,,,,,,,,,,,,,,,,,,,,,,,,,,,,,,,,,,,,
2023,4,23,7,0,4.3,59.12,-3,,,,,,,,,,,,,,,,,,,,,,,,,,,,,,,,,,,,
2023,4,23,8,0,4,60.33,-3,,,,,,,,,,,,,,,,,,,,,,,,,,,,,,,,,,,,
2023,4,23,9,0,3.8,61.05,-3,,,,,,,,,,,,,,,,,,,,,,,,,,,,,,,,,,,,
2023,4,23,10,0,3.6,61.77,-3.1,,,,,,,,,,,,,,,,,,,,,,,,,,,,,,,,,,,,
2023,4,23,11,0,3.6,61.6,-3.1,,,,,,,,,,,,,,,,,,,,,,,,,,,,,,,,,,,,
2023,4,23,12,0,3.5,61.91,-3.1,,,,,,,,,,,,,,,,,,,,,,,,,,,,,,,,,,,,
2023,4,23,13,0,4.4,65.68,-1.5,,,,,,,,,,,,,,,,,,,,,,,,,,,,,,,,,,,,
2023,4,23,14,0,6.8,55.95,-1.4,,,,,,,,,,,,,,,,,,,,,,,,,,,,,,,,,,,,
2023,4,23,15,0,8.7,46.37,-2.2,,,,,,,,,,,,,,,,,,,,,,,,,,,,,,,,,,,,
2023,4,23,16,0,10.2,41.82,-2.2,,,,,,,,,,,,,,,,,,,,,,,,,,,,,,,,,,,,
2023,4,23,17,0,11.8,38.08,-2,,,,,,,,,,,,,,,,,,,,,,,,,,,,,,,,,,,,
2023,4,23,18,0,13,36.43,-1.6,,,,,,,,,,,,,,,,,,,,,,,,,,,,,,,,,,,,
2023,4,23,19,0,13.8,35.74,-1.1,,,,,,,,,,,,,,,,,,,,,,,,,,,,,,,,,,,,
2023,4,23,20,0,14.2,35.57,-0.8,,,,,,,,,,,,,,,,,,,,,,,,,,,,,,,,,,,,
2023,4,23,21,0,14.6,34.8,-0.8,,,,,,,,,,,,,,,,,,,,,,,,,,,,,,,,,,,,
2023,4,23,22,0,14.8,34.06,-0.9,,,,,,,,,,,,,,,,,,,,,,,,,,,,,,,,,,,,
2023,4,23,23,0,14.6,34.39,-0.9,,,,,,,,,,,,,,,,,,,,,,,,,,,,,,,,,,,,
2023,4,24,0,0,13.7,39.76,0.3,,,,,,,,,,,,,,,,,,,,,,,,,,,,,,,,,,,,
2023,4,24,1,0,11.9,54.43,3,,,,,,,,,,,,,,,,,,,,,,,,,,,,,,,,,,,,
2023,4,24,2,0,10.1,55.22,1.5,,,,,,,,,,,,,,,,,,,,,,,,,,,,,,,,,,,,
2023,4,24,3,0,9.3,54.26,0.5,,,,,,,,,,,,,,,,,,,,,,,,,,,,,,,,,,,,
2023,4,24,4,0,9,53.31,0,,,,,,,,,,,,,,,,,,,,,,,,,,,,,,,,,,,,
2023,4,24,5,0,9.2,51.86,-0.2,,,,,,,,,,,,,,,,,,,,,,,,,,,,,,,,,,,,
2023,4,24,6,0,9.1,52.82,0,,,,,,,,,,,,,,,,,,,,,,,,,,,,,,,,,,,,
2023,4,24,7,0,9,54.19,0.2,,,,,,,,,,,,,,,,,,,,,,,,,,,,,,,,,,,,
2023,4,24,8,0,8.4,58.22,0.7,,,,,,,,,,,,,,,,,,,,,,,,,,,,,,,,,,,,
2023,4,24,9,0,7.6,64.37,1.3,,,,,,,,,,,,,,,,,,,,,,,,,,,,,,,,,,,,
2023,4,24,10,0,7,70.3,2,,,,,,,,,,,,,,,,,,,,,,,,,,,,,,,,,,,,
2023,4,24,11,0,6.7,74.81,2.5,,,,,,,,,,,,,,,,,,,,,,,,,,,,,,,,,,,,
2023,4,24,12,0,6.4,78.8,3,,,,,,,,,,,,,,,,,,,,,,,,,,,,,,,,,,,,
2023,4,24,13,0,6.9,80.02,3.7,,,,,,,,,,,,,,,,,,,,,,,,,,,,,,,,,,,,
2023,4,24,14,0,8.9,76.56,5,,,,,,,,,,,,,,,,,,,,,,,,,,,,,,,,,,,,
2023,4,24,15,0,10.9,67.96,5.2,,,,,,,,,,,,,,,,,,,,,,,,,,,,,,,,,,,,
2023,4,24,16,0,12.9,58.56,5,,,,,,,,,,,,,,,,,,,,,,,,,,,,,,,,,,,,
2023,4,24,17,0,14.3,51.22,4.4,,,,,,,,,,,,,,,,,,,,,,,,,,,,,,,,,,,,
2023,4,24,18,0,15,47.25,3.8,,,,,,,,,,,,,,,,,,,,,,,,,,,,,,,,,,,,
2023,4,24,19,0,15.2,45.37,3.5,,,,,,,,,,,,,,,,,,,,,,,,,,,,,,,,,,,,
2023,4,24,20,0,15.5,43.73,3.2,,,,,,,,,,,,,,,,,,,,,,,,,,,,,,,,,,,,
2023,4,24,21,0,15.3,43.4,2.9,,,,,,,,,,,,,,,,,,,,,,,,,,,,,,,,,,,,
2023,4,24,22,0,14.8,43.12,2.4,,,,,,,,,,,,,,,,,,,,,,,,,,,,,,,,,,,,
2023,4,24,23,0,14.5,41.56,1.6,,,,,,,,,,,,,,,,,,,,,,,,,,,,,,,,,,,,
2023,4,25,0,0,13.7,42.74,1.3,,,,,,,,,,,,,,,,,,,,,,,,,,,,,,,,,,,,
2023,4,25,1,0,11.6,58.18,3.7,,,,,,,,,,,,,,,,,,,,,,,,,,,,,,,,,,,,
2023,4,25,2,0,9,67.28,3.3,,,,,,,,,,,,,,,,,,,,,,,,,,,,,,,,,,,,
2023,4,25,3,0,7.8,71.05,2.9,,,,,,,,,,,,,,,,,,,,,,,,,,,,,,,,,,,,
2023,4,25,4,0,6.8,73.93,2.5,,,,,,,,,,,,,,,,,,,,,,,,,,,,,,,,,,,,
2023,4,25,5,0,5.7,75.86,1.8,,,,,,,,,,,,,,,,,,,,,,,,,,,,,,,,,,,,
2023,4,25,6,0,4.8,77.23,1.2,,,,,,,,,,,,,,,,,,,,,,,,,,,,,,,,,,,,
2023,4,25,7,0,4.3,77.38,0.7,,,,,,,,,,,,,,,,,,,,,,,,,,,,,,,,,,,,
2023,4,25,8,0,3.2,77.41,-0.4,,,,,,,,,,,,,,,,,,,,,,,,,,,,,,,,,,,,
2023,4,25,9,0,2,78.14,-1.4,,,,,,,,,,,,,,,,,,,,,,,,,,,,,,,,,,,,
2023,4,25,10,0,1.4,78.64,-1.9,,,,,,,,,,,,,,,,,,,,,,,,,,,,,,,,,,,,
2023,4,25,11,0,1.4,78.74,-1.9,,,,,,,,,,,,,,,,,,,,,,,,,,,,,,,,,,,,
2023,4,25,12,0,1.6,79.89,-1.5,,,,,,,,,,,,,,,,,,,,,,,,,,,,,,,,,,,,
2023,4,25,13,0,2.5,79.02,-0.8,,,,,,,,,,,,,,,,,,,,,,,,,,,,,,,,,,,,
2023,4,25,14,0,3.4,74.79,-0.7,,,,,,,,,,,,,,,,,,,,,,,,,,,,,,,,,,,,
2023,4,25,15,0,4.5,69.35,-0.6,,,,,,,,,,,,,,,,,,,,,,,,,,,,,,,,,,,,
2023,4,25,16,0,6,62.1,-0.7,,,,,,,,,,,,,,,,,,,,,,,,,,,,,,,,,,,,
2023,4,25,17,0,7.1,57.68,-0.7,,,,,,,,,,,,,,,,,,,,,,,,,,,,,,,,,,,,
2023,4,25,18,0,7.7,55.7,-0.6,,,,,,,,,,,,,,,,,,,,,,,,,,,,,,,,,,,,
2023,4,25,19,0,8.8,52.9,-0.3,,,,,,,,,,,,,,,,,,,,,,,,,,,,,,,,,,,,
2023,4,25,20,0,10.1,50.28,0.2,,,,,,,,,,,,,,,,,,,,,,,,,,,,,,,,,,,,
2023,4,25,21,0,10.9,49.33,0.7,,,,,,,,,,,,,,,,,,,,,,,,,,,,,,,,,,,,
2023,4,25,22,0,11.2,50.06,1.2,,,,,,,,,,,,,,,,,,,,,,,,,,,,,,,,,,,,
2023,4,25,23,0,11.2,51.74,1.6,,,,,,,,,,,,,,,,,,,,,,,,,,,,,,,,,,,,
2023,4,26,0,0,10.7,55.35,2.1,,,,,,,,,,,,,,,,,,,,,,,,,,,,,,,,,,,,
2023,4,26,1,0,9.5,65.8,3.4,,,,,,,,,,,,,,,,,,,,,,,,,,,,,,,,,,,,
2023,4,26,2,0,8.1,66.8,2.3,,,,,,,,,,,,,,,,,,,,,,,,,,,,,,,,,,,,
2023,4,26,3,0,8.1,64.19,1.7,,,,,,,,,,,,,,,,,,,,,,,,,,,,,,,,,,,,
2023,4,26,4,0,7.8,64.96,1.6,,,,,,,,,,,,,,,,,,,,,,,,,,,,,,,,,,,,
2023,4,26,5,0,7.4,66.53,1.6,,,,,,,,,,,,,,,,,,,,,,,,,,,,,,,,,,,,
2023,4,26,6,0,7.2,67.5,1.6,,,,,,,,,,,,,,,,,,,,,,,,,,,,,,,,,,,,
2023,4,26,7,0,6.8,69.31,1.6,,,,,,,,,,,,,,,,,,,,,,,,,,,,,,,,,,,,
2023,4,26,8,0,6.3,71.6,1.5,,,,,,,,,,,,,,,,,,,,,,,,,,,,,,,,,,,,
2023,4,26,9,0,5.9,73.59,1.5,,,,,,,,,,,,,,,,,,,,,,,,,,,,,,,,,,,,
2023,4,26,10,0,5.6,75.3,1.6,,,,,,,,,,,,,,,,,,,,,,,,,,,,,,,,,,,,
2023,4,26,11,0,5.3,77.08,1.6,,,,,,,,,,,,,,,,,,,,,,,,,,,,,,,,,,,,
2023,4,26,12,0,5.1,78.26,1.6,,,,,,,,,,,,,,,,,,,,,,,,,,,,,,,,,,,,
2023,4,26,13,0,6,76.71,2.2,,,,,,,,,,,,,,,,,,,,,,,,,,,,,,,,,,,,
2023,4,26,14,0,8.7,66.06,2.7,,,,,,,,,,,,,,,,,,,,,,,,,,,,,,,,,,,,
2023,4,26,15,0,11.2,53.92,2.2,,,,,,,,,,,,,,,,,,,,,,,,,,,,,,,,,,,,
2023,4,26,16,0,12.9,48.12,2.2,,,,,,,,,,,,,,,,,,,,,,,,,,,,,,,,,,,,
2023,4,26,17,0,14.3,44.24,2.3,,,,,,,,,,,,,,,,,,,,,,,,,,,,,,,,,,,,
2023,4,26,18,0,15.5,41.2,2.4,,,,,,,,,,,,,,,,,,,,,,,,,,,,,,,,,,,,
2023,4,26,19,0,16.3,39.26,2.4,,,,,,,,,,,,,,,,,,,,,,,,,,,,,,,,,,,,
2023,4,26,20,0,16.8,37.86,2.3,,,,,,,,,,,,,,,,,,,,,,,,,,,,,,,,,,,,
2023,4,26,21,0,17.1,36.62,2.1,,,,,,,,,,,,,,,,,,,,,,,,,,,,,,,,,,,,
2023,4,26,22,0,16.9,36.13,1.8,,,,,,,,,,,,,,,,,,,,,,,,,,,,,,,,,,,,
2023,4,26,23,0,16.3,36.45,1.4,,,,,,,,,,,,,,,,,,,,,,,,,,,,,,,,,,,,
2023,4,27,0,0,15.1,38.67,1.1,,,,,,,,,,,,,,,,,,,,,,,,,,,,,,,,,,,,
2023,4,27,1,0,13.1,54.86,4.2,,,,,,,,,,,,,,,,,,,,,,,,,,,,,,,,,,,,
2023,4,27,2,0,11.4,52.55,2,,,,,,,,,,,,,,,,,,,,,,,,,,,,,,,,,,,,
2023,4,27,3,0,11.2,47.74,0.5,,,,,,,,,,,,,,,,,,,,,,,,,,,,,,,,,,,,
2023,4,27,4,0,11,47.67,0.3,,,,,,,,,,,,,,,,,,,,,,,,,,,,,,,,,,,,
2023,4,27,5,0,10.9,48.45,0.4,,,,,,,,,,,,,,,,,,,,,,,,,,,,,,,,,,,,
2023,4,27,6,0,10.7,48.22,0.2,,,,,,,,,,,,,,,,,,,,,,,,,,,,,,,,,,,,
2023,4,27,7,0,10.4,47.06,-0.4,,,,,,,,,,,,,,,,,,,,,,,,,,,,,,,,,,,,
2023,4,27,8,0,9.9,47.34,-0.8,,,,,,,,,,,,,,,,,,,,,,,,,,,,,,,,,,,,
2023,4,27,9,0,9.6,47.74,-1,,,,,,,,,,,,,,,,,,,,,,,,,,,,,,,,,,,,
2023,4,27,10,0,9.3,48.19,-1.1,,,,,,,,,,,,,,,,,,,,,,,,,,,,,,,,,,,,
2023,4,27,11,0,9,48.8,-1.2,,,,,,,,,,,,,,,,,,,,,,,,,,,,,,,,,,,,
2023,4,27,12,0,8.4,50.76,-1.2,,,,,,,,,,,,,,,,,,,,,,,,,,,,,,,,,,,,
2023,4,27,13,0,8.8,55.15,0.3,,,,,,,,,,,,,,,,,,,,,,,,,,,,,,,,,,,,
2023,4,27,14,0,11.4,52.27,2,,,,,,,,,,,,,,,,,,,,,,,,,,,,,,,,,,,,
2023,4,27,15,0,14.1,39.87,0.6,,,,,,,,,,,,,,,,,,,,,,,,,,,,,,,,,,,,
2023,4,27,16,0,16,35.32,0.7,,,,,,,,,,,,,,,,,,,,,,,,,,,,,,,,,,,,
2023,4,27,17,0,17.2,33.95,1.2,,,,,,,,,,,,,,,,,,,,,,,,,,,,,,,,,,,,
2023,4,27,18,0,18.1,33.16,1.6,,,,,,,,,,,,,,,,,,,,,,,,,,,,,,,,,,,,
2023,4,27,19,0,18.7,32.57,1.9,,,,,,,,,,,,,,,,,,,,,,,,,,,,,,,,,,,,
2023,4,27,20,0,19.1,32.12,2.1,,,,,,,,,,,,,,,,,,,,,,,,,,,,,,,,,,,,
2023,4,27,21,0,19.3,32.22,2.3,,,,,,,,,,,,,,,,,,,,,,,,,,,,,,,,,,,,
2023,4,27,22,0,19.2,33.24,2.6,,,,,,,,,,,,,,,,,,,,,,,,,,,,,,,,,,,,
2023,4,27,23,0,18.7,35.77,3.2,,,,,,,,,,,,,,,,,,,,,,,,,,,,,,,,,,,,
2023,4,28,0,0,17.8,40.78,4.3,,,,,,,,,,,,,,,,,,,,,,,,,,,,,,,,,,,,
2023,4,28,1,0,15.5,53.15,6,,,,,,,,,,,,,,,,,,,,,,,,,,,,,,,,,,,,
2023,4,28,2,0,12.7,62.26,5.7,,,,,,,,,,,,,,,,,,,,,,,,,,,,,,,,,,,,
2023,4,28,3,0,11.5,63.46,4.8,,,,,,,,,,,,,,,,,,,,,,,,,,,,,,,,,,,,
2023,4,28,4,0,9.9,65.55,3.7,,,,,,,,,,,,,,,,,,,,,,,,,,,,,,,,,,,,
2023,4,28,5,0,7.8,68.89,2.4,,,,,,,,,,,,,,,,,,,,,,,,,,,,,,,,,,,,
2023,4,28,6,0,6.3,69.54,1.1,,,,,,,,,,,,,,,,,,,,,,,,,,,,,,,,,,,,
2023,4,28,7,0,5.3,70,0.3,,,,,,,,,,,,,,,,,,,,,,,,,,,,,,,,,,,,
2023,4,28,8,0,4.7,70.11,-0.3,,,,,,,,,,,,,,,,,,,,,,,,,,,,,,,,,,,,
2023,4,28,9,0,4,72.12,-0.6,,,,,,,,,,,,,,,,,,,,,,,,,,,,,,,,,,,,
2023,4,28,10,0,3.5,73.67,-0.8,,,,,,,,,,,,,,,,,,,,,,,,,,,,,,,,,,,,
2023,4,28,11,0,3.2,74.05,-1,,,,,,,,,,,,,,,,,,,,,,,,,,,,,,,,,,,,
2023,4,28,12,0,3,73.8,-1.2,,,,,,,,,,,,,,,,,,,,,,,,,,,,,,,,,,,,
2023,4,28,13,0,5.2,68.26,-0.2,,,,,,,,,,,,,,,,,,,,,,,,,,,,,,,,,,,,
2023,4,28,14,0,8.7,52.46,-0.5,,,,,,,,,,,,,,,,,,,,,,,,,,,,,,,,,,,,
2023,4,28,15,0,12.3,32,-3.9,,,,,,,,,,,,,,,,,,,,,,,,,,,,,,,,,,,,
2023,4,28,16,0,14.7,24.15,-5.6,,,,,,,,,,,,,,,,,,,,,,,,,,,,,,,,,,,,
2023,4,28,17,0,16.7,20.71,-5.9,,,,,,,,,,,,,,,,,,,,,,,,,,,,,,,,,,,,
2023,4,28,18,0,18.3,19.69,-5.3,,,,,,,,,,,,,,,,,,,,,,,,,,,,,,,,,,,,
2023,4,28,19,0,19.4,19.77,-4.3,,,,,,,,,,,,,,,,,,,,,,,,,,,,,,,,,,,,
2023,4,28,20,0,20.1,20.3,-3.4,,,,,,,,,,,,,,,,,,,,,,,,,,,,,,,,,,,,
2023,4,28,21,0,20.4,21.12,-2.6,,,,,,,,,,,,,,,,,,,,,,,,,,,,,,,,,,,,
2023,4,28,22,0,20.3,21.64,-2.3,,,,,,,,,,,,,,,,,,,,,,,,,,,,,,,,,,,,
2023,4,28,23,0,19.7,22.38,-2.4,,,,,,,,,,,,,,,,,,,,,,,,,,,,,,,,,,,,
2023,4,29,0,0,18.3,27.91,-0.6,,,,,,,,,,,,,,,,,,,,,,,,,,,,,,,,,,,,
2023,4,29,1,0,15.9,45.25,4.1,,,,,,,,,,,,,,,,,,,,,,,,,,,,,,,,,,,,
2023,4,29,2,0,14.4,38.25,0.3,,,,,,,,,,,,,,,,,,,,,,,,,,,,,,,,,,,,
2023,4,29,3,0,13.8,36.07,-1,,,,,,,,,,,,,,,,,,,,,,,,,,,,,,,,,,,,
2023,4,29,4,0,12.9,38.02,-1.1,,,,,,,,,,,,,,,,,,,,,,,,,,,,,,,,,,,,
2023,4,29,5,0,12.1,40.26,-1,,,,,,,,,,,,,,,,,,,,,,,,,,,,,,,,,,,,
2023,4,29,6,0,11.5,41.87,-1,,,,,,,,,,,,,,,,,,,,,,,,,,,,,,,,,,,,
2023,4,29,7,0,11.1,42.61,-1.1,,,,,,,,,,,,,,,,,,,,,,,,,,,,,,,,,,,,
2023,4,29,8,0,10.9,42.47,-1.4,,,,,,,,,,,,,,,,,,,,,,,,,,,,,,,,,,,,
2023,4,29,9,0,10.5,43.15,-1.5,,,,,,,,,,,,,,,,,,,,,,,,,,,,,,,,,,,,
2023,4,29,10,0,10,44.3,-1.6,,,,,,,,,,,,,,,,,,,,,,,,,,,,,,,,,,,,
2023,4,29,11,0,9.5,45.47,-1.7,,,,,,,,,,,,,,,,,,,,,,,,,,,,,,,,,,,,
2023,4,29,12,0,9,46.69,-1.8,,,,,,,,,,,,,,,,,,,,,,,,,,,,,,,,,,,,
2023,4,29,13,0,9.7,54.24,0.9,,,,,,,,,,,,,,,,,,,,,,,,,,,,,,,,,,,,
2023,4,29,14,0,13.3,49.62,3,,,,,,,,,,,,,,,,,,,,,,,,,,,,,,,,,,,,
2023,4,29,15,0,16.4,33.85,0.4,,,,,,,,,,,,,,,,,,,,,,,,,,,,,,,,,,,,
2023,4,29,16,0,20,20.73,-3.2,,,,,,,,,,,,,,,,,,,,,,,,,,,,,,,,,,,,
2023,4,29,17,0,21.7,20.97,-1.6,,,,,,,,,,,,,,,,,,,,,,,,,,,,,,,,,,,,
2023,4,29,18,0,22.8,21.56,-0.3,,,,,,,,,,,,,,,,,,,,,,,,,,,,,,,,,,,,
2023,4,29,19,0,23.6,22.57,1,,,,,,,,,,,,,,,,,,,,,,,,,,,,,,,,,,,,
2023,4,29,20,0,24,23.75,2,,,,,,,,,,,,,,,,,,,,,,,,,,,,,,,,,,,,
2023,4,29,21,0,24.1,24.41,2.5,,,,,,,,,,,,,,,,,,,,,,,,,,,,,,,,,,,,
2023,4,29,22,0,23.9,24.78,2.5,,,,,,,,,,,,,,,,,,,,,,,,,,,,,,,,,,,,
2023,4,29,23,0,23.3,25.46,2.4,,,,,,,,,,,,,,,,,,,,,,,,,,,,,,,,,,,,
2023,4,30,0,0,22.4,29.32,3.6,,,,,,,,,,,,,,,,,,,,,,,,,,,,,,,,,,,,
2023,4,30,1,0,20.3,42.6,7.2,,,,,,,,,,,,,,,,,,,,,,,,,,,,,,,,,,,,
2023,4,30,2,0,18.8,34.5,2.8,,,,,,,,,,,,,,,,,,,,,,,,,,,,,,,,,,,,
2023,4,30,3,0,17.3,37.25,2.6,,,,,,,,,,,,,,,,,,,,,,,,,,,,,,,,,,,,
2023,4,30,4,0,15.9,41.49,2.8,,,,,,,,,,,,,,,,,,,,,,,,,,,,,,,,,,,,
2023,4,30,5,0,14.9,43.96,2.7,,,,,,,,,,,,,,,,,,,,,,,,,,,,,,,,,,,,
2023,4,30,6,0,14.1,45.57,2.5,,,,,,,,,,,,,,,,,,,,,,,,,,,,,,,,,,,,
2023,4,30,7,0,13.5,46.03,2.1,,,,,,,,,,,,,,,,,,,,,,,,,,,,,,,,,,,,
2023,4,30,8,0,12.9,46.56,1.7,,,,,,,,,,,,,,,,,,,,,,,,,,,,,,,,,,,,
2023,4,30,9,0,12.5,47.03,1.5,,,,,,,,,,,,,,,,,,,,,,,,,,,,,,,,,,,,
2023,4,30,10,0,12.2,47.62,1.4,,,,,,,,,,,,,,,,,,,,,,,,,,,,,,,,,,,,
2023,4,30,11,0,11.7,48.86,1.3,,,,,,,,,,,,,,,,,,,,,,,,,,,,,,,,,,,,
2023,4,30,12,0,11.2,50.65,1.3,,,,,,,,,,,,,,,,,,,,,,,,,,,,,,,,,,,,
2023,4,30,13,0,12.6,57.18,4.3,,,,,,,,,,,,,,,,,,,,,,,,,,,,,,,,,,,,
2023,4,30,14,0,16.6,51.48,6.6,,,,,,,,,,,,,,,,,,,,,,,,,,,,,,,,,,,,
2023,4,30,15,0,19.4,38.14,4.8,,,,,,,,,,,,,,,,,,,,,,,,,,,,,,,,,,,,
2023,4,30,16,0,22.8,30.35,4.5,,,,,,,,,,,,,,,,,,,,,,,,,,,,,,,,,,,,
2023,4,30,17,0,24.7,25.91,3.9,,,,,,,,,,,,,,,,,,,,,,,,,,,,,,,,,,,,
2023,4,30,18,0,25.8,24.38,3.9,,,,,,,,,,,,,,,,,,,,,,,,,,,,,,,,,,,,
2023,4,30,19,0,26.6,23.58,4.1,,,,,,,,,,,,,,,,,,,,,,,,,,,,,,,,,,,,
2023,4,30,20,0,27.2,22.79,4.1,,,,,,,,,,,,,,,,,,,,,,,,,,,,,,,,,,,,
2023,4,30,21,0,27.5,22.17,4,,,,,,,,,,,,,,,,,,,,,,,,,,,,,,,,,,,,
2023,4,30,22,0,27.4,22.27,4,,,,,,,,,,,,,,,,,,,,,,,,,,,,,,,,,,,,
2023,4,30,23,0,26.8,23.65,4.3,,,,,,,,,,,,,,,,,,,,,,,,,,,,,,,,,,,,
2023,5,1,0,0,26.1,27.1,5.7,,,,,,,,,,,,,,,,,,,,,,,,,,,,,,,,,,,,
2023,5,1,1,0,23.2,44.93,10.6,,,,,,,,,,,,,,,,,,,,,,,,,,,,,,,,,,,,
2023,5,1,2,0,19.9,48.78,8.8,,,,,,,,,,,,,,,,,,,,,,,,,,,,,,,,,,,,
2023,5,1,3,0,17.7,53.59,8.2,,,,,,,,,,,,,,,,,,,,,,,,,,,,,,,,,,,,
2023,5,1,4,0,16.3,55.29,7.3,,,,,,,,,,,,,,,,,,,,,,,,,,,,,,,,,,,,
2023,5,1,5,0,15.3,54.81,6.3,,,,,,,,,,,,,,,,,,,,,,,,,,,,,,,,,,,,
2023,5,1,6,0,14.3,55.64,5.5,,,,,,,,,,,,,,,,,,,,,,,,,,,,,,,,,,,,
2023,5,1,7,0,13.6,56,5,,,,,,,,,,,,,,,,,,,,,,,,,,,,,,,,,,,,
2023,5,1,8,0,13,56.45,4.5,,,,,,,,,,,,,,,,,,,,,,,,,,,,,,,,,,,,
2023,5,1,9,0,12.5,56.56,4.1,,,,,,,,,,,,,,,,,,,,,,,,,,,,,,,,,,,,
2023,5,1,10,0,12.3,56.04,3.8,,,,,,,,,,,,,,,,,,,,,,,,,,,,,,,,,,,,
2023,5,1,11,0,12.1,55.97,3.6,,,,,,,,,,,,,,,,,,,,,,,,,,,,,,,,,,,,
2023,5,1,12,0,12.1,56.21,3.6,,,,,,,,,,,,,,,,,,,,,,,,,,,,,,,,,,,,
2023,5,1,13,0,14,56.89,5.6,,,,,,,,,,,,,,,,,,,,,,,,,,,,,,,,,,,,
2023,5,1,14,0,17.6,52.68,7.8,,,,,,,,,,,,,,,,,,,,,,,,,,,,,,,,,,,,
2023,5,1,15,0,20.7,38.64,6.1,,,,,,,,,,,,,,,,,,,,,,,,,,,,,,,,,,,,
2023,5,1,16,0,23.2,31.78,5.5,,,,,,,,,,,,,,,,,,,,,,,,,,,,,,,,,,,,
2023,5,1,17,0,24.5,29.8,5.7,,,,,,,,,,,,,,,,,,,,,,,,,,,,,,,,,,,,
2023,5,1,18,0,25.5,29.16,6.2,,,,,,,,,,,,,,,,,,,,,,,,,,,,,,,,,,,,
2023,5,1,19,0,26.3,28.7,6.7,,,,,,,,,,,,,,,,,,,,,,,,,,,,,,,,,,,,
2023,5,1,20,0,26.8,28.01,6.8,,,,,,,,,,,,,,,,,,,,,,,,,,,,,,,,,,,,
2023,5,1,21,0,26.9,27.77,6.7,,,,,,,,,,,,,,,,,,,,,,,,,,,,,,,,,,,,
2023,5,1,22,0,26.8,27.54,6.5,,,,,,,,,,,,,,,,,,,,,,,,,,,,,,,,,,,,
2023,5,1,23,0,26.2,28.74,6.6,,,,,,,,,,,,,,,,,,,,,,,,,,,,,,,,,,,,
2023,5,2,0,0,25.5,32.23,7.7,,,,,,,,,,,,,,,,,,,,,,,,,,,,,,,,,,,,
2023,5,2,1,0,22.7,51.97,12.3,,,,,,,,,,,,,,,,,,,,,,,,,,,,,,,,,,,,
2023,5,2,2,0,19.8,56.78,11,,,,,,,,,,,,,,,,,,,,,,,,,,,,,,,,,,,,
2023,5,2,3,0,18.5,58.89,10.3,,,,,,,,,,,,,,,,,,,,,,,,,,,,,,,,,,,,
2023,5,2,4,0,17.6,57.7,9.2,,,,,,,,,,,,,,,,,,,,,,,,,,,,,,,,,,,,
2023,5,2,5,0,17.1,55.82,8.2,,,,,,,,,,,,,,,,,,,,,,,,,,,,,,,,,,,,
2023,5,2,6,0,16.4,57.02,7.9,,,,,,,,,,,,,,,,,,,,,,,,,,,,,,,,,,,,
2023,5,2,7,0,15.4,59.34,7.5,,,,,,,,,,,,,,,,,,,,,,,,,,,,,,,,,,,,
2023,5,2,8,0,14.4,62.75,7.4,,,,,,,,,,,,,,,,,,,,,,,,,,,,,,,,,,,,
2023,5,2,9,0,14.1,62.43,7,,,,,,,,,,,,,,,,,,,,,,,,,,,,,,,,,,,,
2023,5,2,10,0,14,62.32,6.9,,,,,,,,,,,,,,,,,,,,,,,,,,,,,,,,,,,,
2023,5,2,11,0,13.8,61.36,6.5,,,,,,,,,,,,,,,,,,,,,,,,,,,,,,,,,,,,
2023,5,2,12,0,13.7,59.21,5.9,,,,,,,,,,,,,,,,,,,,,,,,,,,,,,,,,,,,
2023,5,2,13,0,14.5,61.34,7.1,,,,,,,,,,,,,,,,,,,,,,,,,,,,,,,,,,,,
2023,5,2,14,0,16.9,50.86,6.7,,,,,,,,,,,,,,,,,,,,,,,,,,,,,,,,,,,,
2023,5,2,15,0,18.6,37.68,3.9,,,,,,,,,,,,,,,,,,,,,,,,,,,,,,,,,,,,
2023,5,2,16,0,19.7,33.92,3.4,,,,,,,,,,,,,,,,,,,,,,,,,,,,,,,,,,,,
2023,5,2,17,0,20.9,31.35,3.3,,,,,,,,,,,,,,,,,,,,,,,,,,,,,,,,,,,,
2023,5,2,18,0,22.1,28.78,3.1,,,,,,,,,,,,,,,,,,,,,,,,,,,,,,,,,,,,
2023,5,2,19,0,23.1,26.4,2.8,,,,,,,,,,,,,,,,,,,,,,,,,,,,,,,,,,,,
2023,5,2,20,0,23.9,24.04,2.1,,,,,,,,,,,,,,,,,,,,,,,,,,,,,,,,,,,,
2023,5,2,21,0,24.4,22.23,1.4,,,,,,,,,,,,,,,,,,,,,,,,,,,,,,,,,,,,
2023,5,2,22,0,24.4,21.32,0.9,,,,,,,,,,,,,,,,,,,,,,,,,,,,,,,,,,,,
2023,5,2,23,0,23.9,21.35,0.5,,,,,,,,,,,,,,,,,,,,,,,,,,,,,,,,,,,,
2023,5,3,0,0,23.1,23.92,1.4,,,,,,,,,,,,,,,,,,,,,,,,,,,,,,,,,,,,
2023,5,3,1,0,21.3,37.33,6.1,,,,,,,,,,,,,,,,,,,,,,,,,,,,,,,,,,,,
2023,5,3,2,0,19.6,33.07,2.9,,,,,,,,,,,,,,,,,,,,,,,,,,,,,,,,,,,,
2023,5,3,3,0,18,38.16,3.5,,,,,,,,,,,,,,,,,,,,,,,,,,,,,,,,,,,,
2023,5,3,4,0,16.2,45.53,4.4,,,,,,,,,,,,,,,,,,,,,,,,,,,,,,,,,,,,
2023,5,3,5,0,14.2,54.01,5,,,,,,,,,,,,,,,,,,,,,,,,,,,,,,,,,,,,
2023,5,3,6,0,12.9,58.97,5.1,,,,,,,,,,,,,,,,,,,,,,,,,,,,,,,,,,,,
2023,5,3,7,0,12,60.45,4.6,,,,,,,,,,,,,,,,,,,,,,,,,,,,,,,,,,,,
2023,5,3,8,0,11.4,60.78,4.1,,,,,,,,,,,,,,,,,,,,,,,,,,,,,,,,,,,,
2023,5,3,9,0,10.8,61.53,3.7,,,,,,,,,,,,,,,,,,,,,,,,,,,,,,,,,,,,
2023,5,3,10,0,10.3,61.48,3.2,,,,,,,,,,,,,,,,,,,,,,,,,,,,,,,,,,,,
2023,5,3,11,0,10,60.57,2.7,,,,,,,,,,,,,,,,,,,,,,,,,,,,,,,,,,,,
2023,5,3,12,0,9.9,59.53,2.4,,,,,,,,,,,,,,,,,,,,,,,,,,,,,,,,,,,,
2023,5,3,13,0,12.1,61.09,4.8,,,,,,,,,,,,,,,,,,,,,,,,,,,,,,,,,,,,
2023,5,3,14,0,15.9,48.19,5,,,,,,,,,,,,,,,,,,,,,,,,,,,,,,,,,,,,
2023,5,3,15,0,18.5,37.22,3.6,,,,,,,,,,,,,,,,,,,,,,,,,,,,,,,,,,,,
2023,5,3,16,0,21.1,29.57,2.6,,,,,,,,,,,,,,,,,,,,,,,,,,,,,,,,,,,,
2023,5,3,17,0,22.5,27.45,2.8,,,,,,,,,,,,,,,,,,,,,,,,,,,,,,,,,,,,
2023,5,3,18,0,23.5,26.1,2.9,,,,,,,,,,,,,,,,,,,,,,,,,,,,,,,,,,,,
2023,5,3,19,0,24.2,25.09,3,,,,,,,,,,,,,,,,,,,,,,,,,,,,,,,,,,,,
2023,5,3,20,0,24.8,24.19,3,,,,,,,,,,,,,,,,,,,,,,,,,,,,,,,,,,,,
2023,5,3,21,0,25.2,23.54,2.9,,,,,,,,,,,,,,,,,,,,,,,,,,,,,,,,,,,,
2023,5,3,22,0,25.2,23.74,3,,,,,,,,,,,,,,,,,,,,,,,,,,,,,,,,,,,,
2023,5,3,23,0,24.6,25.53,3.6,,,,,,,,,,,,,,,,,,,,,,,,,,,,,,,,,,,,
2023,5,4,0,0,23.8,29.41,4.9,,,,,,,,,,,,,,,,,,,,,,,,,,,,,,,,,,,,
2023,5,4,1,0,21.6,44.67,9,,,,,,,,,,,,,,,,,,,,,,,,,,,,,,,,,,,,
2023,5,4,2,0,19.3,48.87,8.3,,,,,,,,,,,,,,,,,,,,,,,,,,,,,,,,,,,,
2023,5,4,3,0,17.1,57.93,8.8,,,,,,,,,,,,,,,,,,,,,,,,,,,,,,,,,,,,
2023,5,4,4,0,15.6,64.09,8.8,,,,,,,,,,,,,,,,,,,,,,,,,,,,,,,,,,,,
2023,5,4,5,0,14.4,68.82,8.7,,,,,,,,,,,,,,,,,,,,,,,,,,,,,,,,,,,,
2023,5,4,6,0,14,71.04,8.8,,,,,,,,,,,,,,,,,,,,,,,,,,,,,,,,,,,,
2023,5,4,7,0,13.1,74.83,8.7,,,,,,,,,,,,,,,,,,,,,,,,,,,,,,,,,,,,
2023,5,4,8,0,12.5,77.89,8.7,,,,,,,,,,,,,,,,,,,,,,,,,,,,,,,,,,,,
2023,5,4,9,0,12.3,78.07,8.6,,,,,,,,,,,,,,,,,,,,,,,,,,,,,,,,,,,,
2023,5,4,10,0,12.5,74.85,8.2,,,,,,,,,,,,,,,,,,,,,,,,,,,,,,,,,,,,
2023,5,4,11,0,12.3,74.26,7.8,,,,,,,,,,,,,,,,,,,,,,,,,,,,,,,,,,,,
2023,5,4,12,0,11.9,75.08,7.6,,,,,,,,,,,,,,,,,,,,,,,,,,,,,,,,,,,,
2023,5,4,13,0,12.8,76.35,8.7,,,,,,,,,,,,,,,,,,,,,,,,,,,,,,,,,,,,
2023,5,4,14,0,14.8,65.72,8.4,,,,,,,,,,,,,,,,,,,,,,,,,,,,,,,,,,,,
2023,5,4,15,0,16.3,56.22,7.6,,,,,,,,,,,,,,,,,,,,,,,,,,,,,,,,,,,,
2023,5,4,16,0,17.1,50.92,6.9,,,,,,,,,,,,,,,,,,,,,,,,,,,,,,,,,,,,
2023,5,4,17,0,17.8,46.96,6.3,,,,,,,,,,,,,,,,,,,,,,,,,,,,,,,,,,,,
2023,5,4,18,0,19,41.17,5.5,,,,,,,,,,,,,,,,,,,,,,,,,,,,,,,,,,,,
2023,5,4,19,0,20,35.9,4.4,,,,,,,,,,,,,,,,,,,,,,,,,,,,,,,,,,,,
2023,5,4,20,0,20.3,33.82,3.8,,,,,,,,,,,,,,,,,,,,,,,,,,,,,,,,,,,,
2023,5,4,21,0,19.8,34.36,3.6,,,,,,,,,,,,,,,,,,,,,,,,,,,,,,,,,,,,
2023,5,4,22,0,18.7,36.82,3.6,,,,,,,,,,,,,,,,,,,,,,,,,,,,,,,,,,,,
2023,5,4,23,0,17.4,40.76,3.9,,,,,,,,,,,,,,,,,,,,,,,,,,,,,,,,,,,,
2023,5,5,0,0,15.8,47.09,4.5,,,,,,,,,,,,,,,,,,,,,,,,,,,,,,,,,,,,
2023,5,5,1,0,13.3,60.99,5.9,,,,,,,,,,,,,,,,,,,,,,,,,,,,,,,,,,,,
2023,5,5,2,0,10.3,76.04,6.3,,,,,,,,,,,,,,,,,,,,,,,,,,,,,,,,,,,,
2023,5,5,3,0,9.4,79.51,6,,,,,,,,,,,,,,,,,,,,,,,,,,,,,,,,,,,,
2023,5,5,4,0,9.1,78.88,5.6,,,,,,,,,,,,,,,,,,,,,,,,,,,,,,,,,,,,
2023,5,5,5,0,8.8,77.61,5.1,,,,,,,,,,,,,,,,,,,,,,,,,,,,,,,,,,,,
2023,5,5,6,0,8.3,76.37,4.4,,,,,,,,,,,,,,,,,,,,,,,,,,,,,,,,,,,,
2023,5,5,7,0,7.7,75.38,3.6,,,,,,,,,,,,,,,,,,,,,,,,,,,,,,,,,,,,
2023,5,5,8,0,6.8,76.19,2.9,,,,,,,,,,,,,,,,,,,,,,,,,,,,,,,,,,,,
2023,5,5,9,0,6.3,76.13,2.4,,,,,,,,,,,,,,,,,,,,,,,,,,,,,,,,,,,,
2023,5,5,10,0,5.9,76.45,2.1,,,,,,,,,,,,,,,,,,,,,,,,,,,,,,,,,,,,
2023,5,5,11,0,5.7,76.65,1.9,,,,,,,,,,,,,,,,,,,,,,,,,,,,,,,,,,,,
2023,5,5,12,0,5.7,77.28,2,,,,,,,,,,,,,,,,,,,,,,,,,,,,,,,,,,,,
2023,5,5,13,0,8.1,72.72,3.5,,,,,,,,,,,,,,,,,,,,,,,,,,,,,,,,,,,,
2023,5,5,14,0,9.8,64.64,3.5,,,,,,,,,,,,,,,,,,,,,,,,,,,,,,,,,,,,
2023,5,5,15,0,10.8,56.81,2.6,,,,,,,,,,,,,,,,,,,,,,,,,,,,,,,,,,,,
2023,5,5,16,0,11.3,50.99,1.5,,,,,,,,,,,,,,,,,,,,,,,,,,,,,,,,,,,,
2023,5,5,17,0,12,46.7,0.9,,,,,,,,,,,,,,,,,,,,,,,,,,,,,,,,,,,,
2023,5,5,18,0,12.7,43.52,0.6,,,,,,,,,,,,,,,,,,,,,,,,,,,,,,,,,,,,
2023,5,5,19,0,13.3,41.67,0.5,,,,,,,,,,,,,,,,,,,,,,,,,,,,,,,,,,,,
2023,5,5,20,0,13.5,41.55,0.7,,,,,,,,,,,,,,,,,,,,,,,,,,,,,,,,,,,,
2023,5,5,21,0,13.2,43.26,1,,,,,,,,,,,,,,,,,,,,,,,,,,,,,,,,,,,,
2023,5,5,22,0,12.5,46.68,1.4,,,,,,,,,,,,,,,,,,,,,,,,,,,,,,,,,,,,
2023,5,5,23,0,11.5,51.53,1.9,,,,,,,,,,,,,,,,,,,,,,,,,,,,,,,,,,,,
2023,5,6,0,0,10.8,55.5,2.2,,,,,,,,,,,,,,,,,,,,,,,,,,,,,,,,,,,,
2023,5,6,1,0,10,62.95,3.3,,,,,,,,,,,,,,,,,,,,,,,,,,,,,,,,,,,,
2023,5,6,2,0,8.5,71.94,3.7,,,,,,,,,,,,,,,,,,,,,,,,,,,,,,,,,,,,
2023,5,6,3,0,8,72.7,3.4,,,,,,,,,,,,,,,,,,,,,,,,,,,,,,,,,,,,
2023,5,6,4,0,7.7,73.05,3.2,,,,,,,,,,,,,,,,,,,,,,,,,,,,,,,,,,,,
2023,5,6,5,0,7.3,73.91,3,,,,,,,,,,,,,,,,,,,,,,,,,,,,,,,,,,,,
2023,5,6,6,0,6.9,75.48,2.9,,,,,,,,,,,,,,,,,,,,,,,,,,,,,,,,,,,,
2023,5,6,7,0,6.4,77.84,2.8,,,,,,,,,,,,,,,,,,,,,,,,,,,,,,,,,,,,
2023,5,6,8,0,6.2,79.29,2.9,,,,,,,,,,,,,,,,,,,,,,,,,,,,,,,,,,,,
2023,5,6,9,0,5.9,79.98,2.7,,,,,,,,,,,,,,,,,,,,,,,,,,,,,,,,,,,,
2023,5,6,10,0,5.8,78.35,2.3,,,,,,,,,,,,,,,,,,,,,,,,,,,,,,,,,,,,
2023,5,6,11,0,5.7,76.81,1.9,,,,,,,,,,,,,,,,,,,,,,,,,,,,,,,,,,,,
2023,5,6,12,0,5.3,77.43,1.7,,,,,,,,,,,,,,,,,,,,,,,,,,,,,,,,,,,,
2023,5,6,13,0,7,76.59,3.2,,,,,,,,,,,,,,,,,,,,,,,,,,,,,,,,,,,,
2023,5,6,14,0,9.3,65.72,3.2,,,,,,,,,,,,,,,,,,,,,,,,,,,,,,,,,,,,
2023,5,6,15,0,11.3,52.32,1.9,,,,,,,,,,,,,,,,,,,,,,,,,,,,,,,,,,,,
2023,5,6,16,0,12.4,45.09,0.8,,,,,,,,,,,,,,,,,,,,,,,,,,,,,,,,,,,,
2023,5,6,17,0,13.1,41.37,0.3,,,,,,,,,,,,,,,,,,,,,,,,,,,,,,,,,,,,
2023,5,6,18,0,13.5,39.45,0,,,,,,,,,,,,,,,,,,,,,,,,,,,,,,,,,,,,
2023,5,6,19,0,13.7,38.63,-0.1,,,,,,,,,,,,,,,,,,,,,,,,,,,,,,,,,,,,
2023,5,6,20,0,13.4,40.03,0.1,,,,,,,,,,,,,,,,,,,,,,,,,,,,,,,,,,,,
2023,5,6,21,0,12.9,42.73,0.5,,,,,,,,,,,,,,,,,,,,,,,,,,,,,,,,,,,,
2023,5,6,22,0,12.4,45.66,1,,,,,,,,,,,,,,,,,,,,,,,,,,,,,,,,,,,,
2023,5,6,23,0,11.9,48.73,1.4,,,,,,,,,,,,,,,,,,,,,,,,,,,,,,,,,,,,
2023,5,7,0,0,11.3,52.83,2,,,,,,,,,,,,,,,,,,,,,,,,,,,,,,,,,,,,
2023,5,7,1,0,10.2,64.26,3.7,,,,,,,,,,,,,,,,,,,,,,,,,,,,,,,,,,,,
2023,5,7,2,0,8.8,73.61,4.3,,,,,,,,,,,,,,,,,,,,,,,,,,,,,,,,,,,,
2023,5,7,3,0,8.1,74.22,3.8,,,,,,,,,,,,,,,,,,,,,,,,,,,,,,,,,,,,
2023,5,7,4,0,7.7,73.77,3.3,,,,,,,,,,,,,,,,,,,,,,,,,,,,,,,,,,,,
2023,5,7,5,0,7.4,73.16,2.9,,,,,,,,,,,,,,,,,,,,,,,,,,,,,,,,,,,,
2023,5,7,6,0,7.1,72.86,2.6,,,,,,,,,,,,,,,,,,,,,,,,,,,,,,,,,,,,
2023,5,7,7,0,7.1,70.71,2.1,,,,,,,,,,,,,,,,,,,,,,,,,,,,,,,,,,,,
2023,5,7,8,0,7,69.26,1.8,,,,,,,,,,,,,,,,,,,,,,,,,,,,,,,,,,,,
2023,5,7,9,0,6.8,68.91,1.5,,,,,,,,,,,,,,,,,,,,,,,,,,,,,,,,,,,,
2023,5,7,10,0,7,67.86,1.5,,,,,,,,,,,,,,,,,,,,,,,,,,,,,,,,,,,,
2023,5,7,11,0,7.2,66.25,1.3,,,,,,,,,,,,,,,,,,,,,,,,,,,,,,,,,,,,
2023,5,7,12,0,7.5,63.32,1,,,,,,,,,,,,,,,,,,,,,,,,,,,,,,,,,,,,
2023,5,7,13,0,8.3,62.2,1.5,,,,,,,,,,,,,,,,,,,,,,,,,,,,,,,,,,,,
2023,5,7,14,0,9.5,61.75,2.5,,,,,,,,,,,,,,,,,,,,,,,,,,,,,,,,,,,,
2023,5,7,15,0,10.4,53.46,1.3,,,,,,,,,,,,,,,,,,,,,,,,,,,,,,,,,,,,
2023,5,7,16,0,11.5,49.04,1.2,,,,,,,,,,,,,,,,,,,,,,,,,,,,,,,,,,,,
2023,5,7,17,0,12.7,44.22,0.8,,,,,,,,,,,,,,,,,,,,,,,,,,,,,,,,,,,,
2023,5,7,18,0,14.2,41.31,1.2,,,,,,,,,,,,,,,,,,,,,,,,,,,,,,,,,,,,
2023,5,7,19,0,15.3,39.13,1.5,,,,,,,,,,,,,,,,,,,,,,,,,,,,,,,,,,,,
2023,5,7,20,0,15.7,38.23,1.5,,,,,,,,,,,,,,,,,,,,,,,,,,,,,,,,,,,,
2023,5,7,21,0,15.8,38.02,1.5,,,,,,,,,,,,,,,,,,,,,,,,,,,,,,,,,,,,
2023,5,7,22,0,15.6,38.48,1.5,,,,,,,,,,,,,,,,,,,,,,,,,,,,,,,,,,,,
2023,5,7,23,0,15.2,39.46,1.5,,,,,,,,,,,,,,,,,,,,,,,,,,,,,,,,,,,,
2023,5,8,0,0,14.7,41.08,1.6,,,,,,,,,,,,,,,,,,,,,,,,,,,,,,,,,,,,
2023,5,8,1,0,13.5,52.33,3.9,,,,,,,,,,,,,,,,,,,,,,,,,,,,,,,,,,,,
2023,5,8,2,0,12.1,54.85,3.3,,,,,,,,,,,,,,,,,,,,,,,,,,,,,,,,,,,,
2023,5,8,3,0,11.3,54.32,2.4,,,,,,,,,,,,,,,,,,,,,,,,,,,,,,,,,,,,
2023,5,8,4,0,10.7,55.19,2.1,,,,,,,,,,,,,,,,,,,,,,,,,,,,,,,,,,,,
2023,5,8,5,0,10.3,55.44,1.8,,,,,,,,,,,,,,,,,,,,,,,,,,,,,,,,,,,,
2023,5,8,6,0,9.8,56.6,1.6,,,,,,,,,,,,,,,,,,,,,,,,,,,,,,,,,,,,
2023,5,8,7,0,9.4,57.65,1.5,,,,,,,,,,,,,,,,,,,,,,,,,,,,,,,,,,,,
2023,5,8,8,0,9,58.66,1.3,,,,,,,,,,,,,,,,,,,,,,,,,,,,,,,,,,,,
2023,5,8,9,0,8.5,60.45,1.3,,,,,,,,,,,,,,,,,,,,,,,,,,,,,,,,,,,,
2023,5,8,10,0,7.9,62.95,1.3,,,,,,,,,,,,,,,,,,,,,,,,,,,,,,,,,,,,
2023,5,8,11,0,7.1,66.46,1.3,,,,,,,,,,,,,,,,,,,,,,,,,,,,,,,,,,,,
2023,5,8,12,0,6.6,68.94,1.3,,,,,,,,,,,,,,,,,,,,,,,,,,,,,,,,,,,,
2023,5,8,13,0,8.7,69.69,3.5,,,,,,,,,,,,,,,,,,,,,,,,,,,,,,,,,,,,
2023,5,8,14,0,12,55.67,3.4,,,,,,,,,,,,,,,,,,,,,,,,,,,,,,,,,,,,
2023,5,8,15,0,15.3,42.75,2.7,,,,,,,,,,,,,,,,,,,,,,,,,,,,,,,,,,,,
2023,5,8,16,0,17.3,37.53,2.7,,,,,,,,,,,,,,,,,,,,,,,,,,,,,,,,,,,,
2023,5,8,17,0,18.7,35.11,3,,,,,,,,,,,,,,,,,,,,,,,,,,,,,,,,,,,,
2023,5,8,18,0,19.7,33.05,3,,,,,,,,,,,,,,,,,,,,,,,,,,,,,,,,,,,,
2023,5,8,19,0,20.4,31.52,2.9,,,,,,,,,,,,,,,,,,,,,,,,,,,,,,,,,,,,
2023,5,8,20,0,20.8,30.71,2.9,,,,,,,,,,,,,,,,,,,,,,,,,,,,,,,,,,,,
2023,5,8,21,0,20.9,30.57,2.9,,,,,,,,,,,,,,,,,,,,,,,,,,,,,,,,,,,,
2023,5,8,22,0,20.4,32.01,3.2,,,,,,,,,,,,,,,,,,,,,,,,,,,,,,,,,,,,
2023,5,8,23,0,19.2,36.65,4,,,,,,,,,,,,,,,,,,,,,,,,,,,,,,,,,,,,
2023,5,9,0,0,16.8,47.31,5.5,,,,,,,,,,,,,,,,,,,,,,,,,,,,,,,,,,,,
2023,5,9,1,0,13.9,62.59,6.9,,,,,,,,,,,,,,,,,,,,,,,,,,,,,,,,,,,,
2023,5,9,2,0,11.4,77.17,7.5,,,,,,,,,,,,,,,,,,,,,,,,,,,,,,,,,,,,
2023,5,9,3,0,10.1,83.37,7.4,,,,,,,,,,,,,,,,,,,,,,,,,,,,,,,,,,,,
2023,5,9,4,0,9.3,84.68,6.9,,,,,,,,,,,,,,,,,,,,,,,,,,,,,,,,,,,,
2023,5,9,5,0,8.9,84.81,6.5,,,,,,,,,,,,,,,,,,,,,,,,,,,,,,,,,,,,
2023,5,9,6,0,8.9,82.69,6.1,,,,,,,,,,,,,,,,,,,,,,,,,,,,,,,,,,,,
2023,5,9,7,0,9.3,78.33,5.7,,,,,,,,,,,,,,,,,,,,,,,,,,,,,,,,,,,,
2023,5,9,8,0,10.1,72.71,5.4,,,,,,,,,,,,,,,,,,,,,,,,,,,,,,,,,,,,
2023,5,9,9,0,10.6,69.34,5.2,,,,,,,,,,,,,,,,,,,,,,,,,,,,,,,,,,,,
2023,5,9,10,0,10.4,70.48,5.3,,,,,,,,,,,,,,,,,,,,,,,,,,,,,,,,,,,,
2023,5,9,11,0,9.5,75.26,5.3,,,,,,,,,,,,,,,,,,,,,,,,,,,,,,,,,,,,
2023,5,9,12,0,8.1,82.36,5.3,,,,,,,,,,,,,,,,,,,,,,,,,,,,,,,,,,,,
2023,5,9,13,0,8.9,80.73,5.8,,,,,,,,,,,,,,,,,,,,,,,,,,,,,,,,,,,,
2023,5,9,14,0,10.7,68.1,5.1,,,,,,,,,,,,,,,,,,,,,,,,,,,,,,,,,,,,
2023,5,9,15,0,12.1,56.09,3.6,,,,,,,,,,,,,,,,,,,,,,,,,,,,,,,,,,,,
2023,5,9,16,0,13.7,47.42,2.7,,,,,,,,,,,,,,,,,,,,,,,,,,,,,,,,,,,,
2023,5,9,17,0,15.3,41.42,2.3,,,,,,,,,,,,,,,,,,,,,,,,,,,,,,,,,,,,
2023,5,9,18,0,16.7,37.75,2.2,,,,,,,,,,,,,,,,,,,,,,,,,,,,,,,,,,,,
2023,5,9,19,0,17.9,35.29,2.3,,,,,,,,,,,,,,,,,,,,,,,,,,,,,,,,,,,,
2023,5,9,20,0,18.7,33.67,2.4,,,,,,,,,,,,,,,,,,,,,,,,,,,,,,,,,,,,
2023,5,9,21,0,19,32.88,2.3,,,,,,,,,,,,,,,,,,,,,,,,,,,,,,,,,,,,
2023,5,9,22,0,18.6,32.95,2,,,,,,,,,,,,,,,,,,,,,,,,,,,,,,,,,,,,
2023,5,9,23,0,18,33.7,1.8,,,,,,,,,,,,,,,,,,,,,,,,,,,,,,,,,,,,
2023,5,10,0,0,16.7,38.34,2.4,,,,,,,,,,,,,,,,,,,,,,,,,,,,,,,,,,,,
2023,5,10,1,0,14.5,52.72,5,,,,,,,,,,,,,,,,,,,,,,,,,,,,,,,,,,,,
2023,5,10,2,0,12.5,62.74,5.6,,,,,,,,,,,,,,,,,,,,,,,,,,,,,,,,,,,,
2023,5,10,3,0,11.9,64.64,5.4,,,,,,,,,,,,,,,,,,,,,,,,,,,,,,,,,,,,
2023,5,10,4,0,11.8,65.32,5.5,,,,,,,,,,,,,,,,,,,,,,,,,,,,,,,,,,,,
2023,5,10,5,0,11.6,67.13,5.7,,,,,,,,,,,,,,,,,,,,,,,,,,,,,,,,,,,,
2023,5,10,6,0,11.3,69.37,5.9,,,,,,,,,,,,,,,,,,,,,,,,,,,,,,,,,,,,
2023,5,10,7,0,10.5,73.52,6,,,,,,,,,,,,,,,,,,,,,,,,,,,,,,,,,,,,
2023,5,10,8,0,10,76.12,6,,,,,,,,,,,,,,,,,,,,,,,,,,,,,,,,,,,,
2023,5,10,9,0,9.7,77.39,5.9,,,,,,,,,,,,,,,,,,,,,,,,,,,,,,,,,,,,
2023,5,10,10,0,9.5,78,5.9,,,,,,,,,,,,,,,,,,,,,,,,,,,,,,,,,,,,
2023,5,10,11,0,9.3,78.65,5.8,,,,,,,,,,,,,,,,,,,,,,,,,,,,,,,,,,,,
2023,5,10,12,0,9.3,78.92,5.8,,,,,,,,,,,,,,,,,,,,,,,,,,,,,,,,,,,,
2023,5,10,13,0,10.4,76.24,6.4,,,,,,,,,,,,,,,,,,,,,,,,,,,,,,,,,,,,
2023,5,10,14,0,12.3,64.9,5.9,,,,,,,,,,,,,,,,,,,,,,,,,,,,,,,,,,,,
2023,5,10,15,0,14.8,52.04,5,,,,,,,,,,,,,,,,,,,,,,,,,,,,,,,,,,,,
2023,5,10,16,0,17.1,42.89,4.4,,,,,,,,,,,,,,,,,,,,,,,,,,,,,,,,,,,,
2023,5,10,17,0,18.1,40.5,4.5,,,,,,,,,,,,,,,,,,,,,,,,,,,,,,,,,,,,
2023,5,10,18,0,18,42.72,5.1,,,,,,,,,,,,,,,,,,,,,,,,,,,,,,,,,,,,
2023,5,10,19,0,17.3,46.84,5.8,,,,,,,,,,,,,,,,,,,,,,,,,,,,,,,,,,,,
2023,5,10,20,0,16.3,51.79,6.4,,,,,,,,,,,,,,,,,,,,,,,,,,,,,,,,,,,,
2023,5,10,21,0,15.4,56.71,6.8,,,,,,,,,,,,,,,,,,,,,,,,,,,,,,,,,,,,
2023,5,10,22,0,15,59.14,7.1,,,,,,,,,,,,,,,,,,,,,,,,,,,,,,,,,,,,
2023,5,10,23,0,14.8,60.37,7.2,,,,,,,,,,,,,,,,,,,,,,,,,,,,,,,,,,,,
2023,5,11,0,0,14.8,61.2,7.4,,,,,,,,,,,,,,,,,,,,,,,,,,,,,,,,,,,,
2023,5,11,1,0,14,68.34,8.3,,,,,,,,,,,,,,,,,,,,,,,,,,,,,,,,,,,,
2023,5,11,2,0,11.8,74.47,7.4,,,,,,,,,,,,,,,,,,,,,,,,,,,,,,,,,,,,
2023,5,11,3,0,11.2,73.54,6.6,,,,,,,,,,,,,,,,,,,,,,,,,,,,,,,,,,,,
2023,5,11,4,0,10.7,74.43,6.3,,,,,,,,,,,,,,,,,,,,,,,,,,,,,,,,,,,,
2023,5,11,5,0,10.2,75.6,6.1,,,,,,,,,,,,,,,,,,,,,,,,,,,,,,,,,,,,
2023,5,11,6,0,9.9,75.78,5.8,,,,,,,,,,,,,,,,,,,,,,,,,,,,,,,,,,,,
2023,5,11,7,0,9.6,76.02,5.6,,,,,,,,,,,,,,,,,,,,,,,,,,,,,,,,,,,,
2023,5,11,8,0,9.3,76.45,5.4,,,,,,,,,,,,,,,,,,,,,,,,,,,,,,,,,,,,
2023,5,11,9,0,8.9,77.33,5.1,,,,,,,,,,,,,,,,,,,,,,,,,,,,,,,,,,,,
2023,5,11,10,0,8.6,77.89,5,,,,,,,,,,,,,,,,,,,,,,,,,,,,,,,,,,,,
2023,5,11,11,0,8.4,78.1,4.8,,,,,,,,,,,,,,,,,,,,,,,,,,,,,,,,,,,,
2023,5,11,12,0,8.3,77.93,4.7,,,,,,,,,,,,,,,,,,,,,,,,,,,,,,,,,,,,
2023,5,11,13,0,9.5,75.4,5.4,,,,,,,,,,,,,,,,,,,,,,,,,,,,,,,,,,,,
2023,5,11,14,0,12.3,56.71,3.9,,,,,,,,,,,,,,,,,,,,,,,,,,,,,,,,,,,,
2023,5,11,15,0,14.6,41.59,1.7,,,,,,,,,,,,,,,,,,,,,,,,,,,,,,,,,,,,
2023,5,11,16,0,16.2,35.79,1,,,,,,,,,,,,,,,,,,,,,,,,,,,,,,,,,,,,
2023,5,11,17,0,17.5,33,1,,,,,,,,,,,,,,,,,,,,,,,,,,,,,,,,,,,,
2023,5,11,18,0,18.4,31.54,1.2,,,,,,,,,,,,,,,,,,,,,,,,,,,,,,,,,,,,
2023,5,11,19,0,19,30.65,1.3,,,,,,,,,,,,,,,,,,,,,,,,,,,,,,,,,,,,
2023,5,11,20,0,19.4,30,1.4,,,,,,,,,,,,,,,,,,,,,,,,,,,,,,,,,,,,
2023,5,11,21,0,19.5,29.67,1.3,,,,,,,,,,,,,,,,,,,,,,,,,,,,,,,,,,,,
2023,5,11,22,0,19.3,29.63,1.1,,,,,,,,,,,,,,,,,,,,,,,,,,,,,,,,,,,,
2023,5,11,23,0,18.9,29.93,0.9,,,,,,,,,,,,,,,,,,,,,,,,,,,,,,,,,,,,
2023,5,12,0,0,18.1,31.02,0.7,,,,,,,,,,,,,,,,,,,,,,,,,,,,,,,,,,,,
2023,5,12,1,0,16.3,45.1,4.4,,,,,,,,,,,,,,,,,,,,,,,,,,,,,,,,,,,,
2023,5,12,2,0,14,53.49,4.7,,,,,,,,,,,,,,,,,,,,,,,,,,,,,,,,,,,,
2023,5,12,3,0,13.7,49.42,3.3,,,,,,,,,,,,,,,,,,,,,,,,,,,,,,,,,,,,
2023,5,12,4,0,13.7,48.11,2.9,,,,,,,,,,,,,,,,,,,,,,,,,,,,,,,,,,,,
2023,5,12,5,0,13.5,48.68,2.9,,,,,,,,,,,,,,,,,,,,,,,,,,,,,,,,,,,,
2023,5,12,6,0,13.1,50.62,3.1,,,,,,,,,,,,,,,,,,,,,,,,,,,,,,,,,,,,
2023,5,12,7,0,12.6,52.66,3.2,,,,,,,,,,,,,,,,,,,,,,,,,,,,,,,,,,,,
2023,5,12,8,0,12,55.03,3.2,,,,,,,,,,,,,,,,,,,,,,,,,,,,,,,,,,,,
2023,5,12,9,0,11.5,56.89,3.2,,,,,,,,,,,,,,,,,,,,,,,,,,,,,,,,,,,,
2023,5,12,10,0,11,58.97,3.3,,,,,,,,,,,,,,,,,,,,,,,,,,,,,,,,,,,,
2023,5,12,11,0,10.7,59.98,3.2,,,,,,,,,,,,,,,,,,,,,,,,,,,,,,,,,,,,
2023,5,12,12,0,10.6,60.48,3.3,,,,,,,,,,,,,,,,,,,,,,,,,,,,,,,,,,,,
2023,5,12,13,0,11.6,64.77,5.2,,,,,,,,,,,,,,,,,,,,,,,,,,,,,,,,,,,,
2023,5,12,14,0,13.9,51.11,4,,,,,,,,,,,,,,,,,,,,,,,,,,,,,,,,,,,,
2023,5,12,15,0,16.6,38.65,2.5,,,,,,,,,,,,,,,,,,,,,,,,,,,,,,,,,,,,
2023,5,12,16,0,18.6,33.5,2.2,,,,,,,,,,,,,,,,,,,,,,,,,,,,,,,,,,,,
2023,5,12,17,0,19.9,31.52,2.5,,,,,,,,,,,,,,,,,,,,,,,,,,,,,,,,,,,,
2023,5,12,18,0,20.8,30.62,2.9,,,,,,,,,,,,,,,,,,,,,,,,,,,,,,,,,,,,
2023,5,12,19,0,21.4,30.31,3.2,,,,,,,,,,,,,,,,,,,,,,,,,,,,,,,,,,,,
2023,5,12,20,0,21.8,30.26,3.6,,,,,,,,,,,,,,,,,,,,,,,,,,,,,,,,,,,,
2023,5,12,21,0,21.8,30.71,3.8,,,,,,,,,,,,,,,,,,,,,,,,,,,,,,,,,,,,
2023,5,12,22,0,21.6,31.39,3.9,,,,,,,,,,,,,,,,,,,,,,,,,,,,,,,,,,,,
2023,5,12,23,0,21.2,32.37,4,,,,,,,,,,,,,,,,,,,,,,,,,,,,,,,,,,,,
2023,5,13,0,0,20.4,35.18,4.5,,,,,,,,,,,,,,,,,,,,,,,,,,,,,,,,,,,,
2023,5,13,1,0,18.6,50.91,8.2,,,,,,,,,,,,,,,,,,,,,,,,,,,,,,,,,,,,
2023,5,13,2,0,16.3,57.04,7.8,,,,,,,,,,,,,,,,,,,,,,,,,,,,,,,,,,,,
2023,5,13,3,0,15.3,55.9,6.5,,,,,,,,,,,,,,,,,,,,,,,,,,,,,,,,,,,,
2023,5,13,4,0,14,60.99,6.6,,,,,,,,,,,,,,,,,,,,,,,,,,,,,,,,,,,,
2023,5,13,5,0,12.6,67.18,6.7,,,,,,,,,,,,,,,,,,,,,,,,,,,,,,,,,,,,
2023,5,13,6,0,11.7,70.47,6.5,,,,,,,,,,,,,,,,,,,,,,,,,,,,,,,,,,,,
2023,5,13,7,0,11,72.62,6.3,,,,,,,,,,,,,,,,,,,,,,,,,,,,,,,,,,,,
2023,5,13,8,0,10.3,75,6.1,,,,,,,,,,,,,,,,,,,,,,,,,,,,,,,,,,,,
2023,5,13,9,0,9.8,76.57,5.9,,,,,,,,,,,,,,,,,,,,,,,,,,,,,,,,,,,,
2023,5,13,10,0,9.5,77.07,5.7,,,,,,,,,,,,,,,,,,,,,,,,,,,,,,,,,,,,
2023,5,13,11,0,9.5,77.27,5.7,,,,,,,,,,,,,,,,,,,,,,,,,,,,,,,,,,,,
2023,5,13,12,0,9.7,77.21,5.9,,,,,,,,,,,,,,,,,,,,,,,,,,,,,,,,,,,,
2023,5,13,13,0,11.6,73.88,7.1,,,,,,,,,,,,,,,,,,,,,,,,,,,,,,,,,,,,
2023,5,13,14,0,12.9,68.54,7.3,,,,,,,,,,,,,,,,,,,,,,,,,,,,,,,,,,,,
2023,5,13,15,0,13.9,63.83,7.2,,,,,,,,,,,,,,,,,,,,,,,,,,,,,,,,,,,,
2023,5,13,16,0,14.9,58.37,6.8,,,,,,,,,,,,,,,,,,,,,,,,,,,,,,,,,,,,
2023,5,13,17,0,15.9,53.67,6.5,,,,,,,,,,,,,,,,,,,,,,,,,,,,,,,,,,,,
2023,5,13,18,0,16.8,49.77,6.2,,,,,,,,,,,,,,,,,,,,,,,,,,,,,,,,,,,,
2023,5,13,19,0,17.2,48.33,6.2,,,,,,,,,,,,,,,,,,,,,,,,,,,,,,,,,,,,
2023,5,13,20,0,17.6,47.71,6.4,,,,,,,,,,,,,,,,,,,,,,,,,,,,,,,,,,,,
2023,5,13,21,0,17.7,48.15,6.6,,,,,,,,,,,,,,,,,,,,,,,,,,,,,,,,,,,,
2023,5,13,22,0,17.7,48.53,6.7,,,,,,,,,,,,,,,,,,,,,,,,,,,,,,,,,,,,
2023,5,13,23,0,17.8,48.97,6.9,,,,,,,,,,,,,,,,,,,,,,,,,,,,,,,,,,,,
2023,5,14,0,0,17.4,54.53,8.1,,,,,,,,,,,,,,,,,,,,,,,,,,,,,,,,,,,,
2023,5,14,1,0,16.1,64.66,9.4,,,,,,,,,,,,,,,,,,,,,,,,,,,,,,,,,,,,
2023,5,14,2,0,14.6,66.66,8.5,,,,,,,,,,,,,,,,,,,,,,,,,,,,,,,,,,,,
2023,5,14,3,0,13.7,68,7.9,,,,,,,,,,,,,,,,,,,,,,,,,,,,,,,,,,,,
2023,5,14,4,0,13.3,68.87,7.7,,,,,,,,,,,,,,,,,,,,,,,,,,,,,,,,,,,,
2023,5,14,5,0,12.9,69.27,7.4,,,,,,,,,,,,,,,,,,,,,,,,,,,,,,,,,,,,
2023,5,14,6,0,12.3,70.83,7.2,,,,,,,,,,,,,,,,,,,,,,,,,,,,,,,,,,,,
2023,5,14,7,0,11.7,72.82,7,,,,,,,,,,,,,,,,,,,,,,,,,,,,,,,,,,,,
2023,5,14,8,0,11.3,74.32,6.9,,,,,,,,,,,,,,,,,,,,,,,,,,,,,,,,,,,,
2023,5,14,9,0,11.3,74.98,7,,,,,,,,,,,,,,,,,,,,,,,,,,,,,,,,,,,,
2023,5,14,10,0,11.1,75.79,7,,,,,,,,,,,,,,,,,,,,,,,,,,,,,,,,,,,,
2023,5,14,11,0,10.8,76.64,6.9,,,,,,,,,,,,,,,,,,,,,,,,,,,,,,,,,,,,
2023,5,14,12,0,10.8,77.38,7,,,,,,,,,,,,,,,,,,,,,,,,,,,,,,,,,,,,
2023,5,14,13,0,12.6,74.17,8.1,,,,,,,,,,,,,,,,,,,,,,,,,,,,,,,,,,,,
2023,5,14,14,0,15,65.83,8.7,,,,,,,,,,,,,,,,,,,,,,,,,,,,,,,,,,,,
2023,5,14,15,0,17.1,58.61,8.9,,,,,,,,,,,,,,,,,,,,,,,,,,,,,,,,,,,,
2023,5,14,16,0,18.7,53.1,9,,,,,,,,,,,,,,,,,,,,,,,,,,,,,,,,,,,,
2023,5,14,17,0,18.7,52.37,8.7,,,,,,,,,,,,,,,,,,,,,,,,,,,,,,,,,,,,
2023,5,14,18,0,17.7,56.01,8.8,,,,,,,,,,,,,,,,,,,,,,,,,,,,,,,,,,,,
2023,5,14,19,0,17,59.16,9,,,,,,,,,,,,,,,,,,,,,,,,,,,,,,,,,,,,
2023,5,14,20,0,17.8,55.93,8.9,,,,,,,,,,,,,,,,,,,,,,,,,,,,,,,,,,,,
2023,5,14,21,0,19.3,50.08,8.6,,,,,,,,,,,,,,,,,,,,,,,,,,,,,,,,,,,,
2023,5,14,22,0,20.5,45.58,8.3,,,,,,,,,,,,,,,,,,,,,,,,,,,,,,,,,,,,
2023,5,14,23,0,20.8,44.58,8.3,,,,,,,,,,,,,,,,,,,,,,,,,,,,,,,,,,,,
2023,5,15,0,0,20.7,48.01,9.3,,,,,,,,,,,,,,,,,,,,,,,,,,,,,,,,,,,,
2023,5,15,1,0,19.4,57.74,10.9,,,,,,,,,,,,,,,,,,,,,,,,,,,,,,,,,,,,
2023,5,15,2,0,17.3,61.65,9.9,,,,,,,,,,,,,,,,,,,,,,,,,,,,,,,,,,,,
2023,5,15,3,0,15.6,68.75,9.9,,,,,,,,,,,,,,,,,,,,,,,,,,,,,,,,,,,,
2023,5,15,4,0,14.6,74.02,10,,,,,,,,,,,,,,,,,,,,,,,,,,,,,,,,,,,,
2023,5,15,5,0,13.9,76.78,9.9,,,,,,,,,,,,,,,,,,,,,,,,,,,,,,,,,,,,
2023,5,15,6,0,13.5,77.21,9.6,,,,,,,,,,,,,,,,,,,,,,,,,,,,,,,,,,,,
2023,5,15,7,0,13.1,77.52,9.3,,,,,,,,,,,,,,,,,,,,,,,,,,,,,,,,,,,,
2023,5,15,8,0,12.5,78.61,8.9,,,,,,,,,,,,,,,,,,,,,,,,,,,,,,,,,,,,
2023,5,15,9,0,11.8,80.13,8.5,,,,,,,,,,,,,,,,,,,,,,,,,,,,,,,,,,,,
2023,5,15,10,0,11.2,81.31,8.1,,,,,,,,,,,,,,,,,,,,,,,,,,,,,,,,,,,,
2023,5,15,11,0,10.8,81.81,7.8,,,,,,,,,,,,,,,,,,,,,,,,,,,,,,,,,,,,
2023,5,15,12,0,10.7,81.85,7.7,,,,,,,,,,,,,,,,,,,,,,,,,,,,,,,,,,,,
2023,5,15,13,0,12.8,76.28,8.7,,,,,,,,,,,,,,,,,,,,,,,,,,,,,,,,,,,,
2023,5,15,14,0,15.3,66.72,9.1,,,,,,,,,,,,,,,,,,,,,,,,,,,,,,,,,,,,
2023,5,15,15,0,18.7,52.36,8.7,,,,,,,,,,,,,,,,,,,,,,,,,,,,,,,,,,,,
2023,5,15,16,0,20.8,44.18,8.2,,,,,,,,,,,,,,,,,,,,,,,,,,,,,,,,,,,,
2023,5,15,17,0,22.4,40.2,8.2,,,,,,,,,,,,,,,,,,,,,,,,,,,,,,,,,,,,
2023,5,15,18,0,23.5,38.83,8.7,,,,,,,,,,,,,,,,,,,,,,,,,,,,,,,,,,,,
2023,5,15,19,0,24.4,37.27,8.9,,,,,,,,,,,,,,,,,,,,,,,,,,,,,,,,,,,,
2023,5,15,20,0,24.9,35.95,8.8,,,,,,,,,,,,,,,,,,,,,,,,,,,,,,,,,,,,
2023,5,15,21,0,25.2,34.75,8.5,,,,,,,,,,,,,,,,,,,,,,,,,,,,,,,,,,,,
2023,5,15,22,0,25.1,34.32,8.3,,,,,,,,,,,,,,,,,,,,,,,,,,,,,,,,,,,,
2023,5,15,23,0,24.8,34.3,8,,,,,,,,,,,,,,,,,,,,,,,,,,,,,,,,,,,,
2023,5,16,0,0,24.1,35.96,8.1,,,,,,,,,,,,,,,,,,,,,,,,,,,,,,,,,,,,
2023,5,16,1,0,22.5,44.87,9.9,,,,,,,,,,,,,,,,,,,,,,,,,,,,,,,,,,,,
2023,5,16,2,0,19.6,56.86,10.8,,,,,,,,,,,,,,,,,,,,,,,,,,,,,,,,,,,,
2023,5,16,3,0,18.2,56.98,9.5,,,,,,,,,,,,,,,,,,,,,,,,,,,,,,,,,,,,
2023,5,16,4,0,17.4,57.84,9,,,,,,,,,,,,,,,,,,,,,,,,,,,,,,,,,,,,
2023,5,16,5,0,16.7,58.29,8.5,,,,,,,,,,,,,,,,,,,,,,,,,,,,,,,,,,,,
2023,5,16,6,0,16.1,58.6,8,,,,,,,,,,,,,,,,,,,,,,,,,,,,,,,,,,,,
2023,5,16,7,0,15.9,57.7,7.6,,,,,,,,,,,,,,,,,,,,,,,,,,,,,,,,,,,,
2023,5,16,8,0,15.9,56.4,7.2,,,,,,,,,,,,,,,,,,,,,,,,,,,,,,,,,,,,
2023,5,16,9,0,15.6,56.78,7.1,,,,,,,,,,,,,,,,,,,,,,,,,,,,,,,,,,,,
2023,5,16,10,0,15.1,57.91,6.9,,,,,,,,,,,,,,,,,,,,,,,,,,,,,,,,,,,,
2023,5,16,11,0,14.7,58.37,6.6,,,,,,,,,,,,,,,,,,,,,,,,,,,,,,,,,,,,
2023,5,16,12,0,14.5,59.13,6.6,,,,,,,,,,,,,,,,,,,,,,,,,,,,,,,,,,,,
2023,5,16,13,0,16,65.59,9.6,,,,,,,,,,,,,,,,,,,,,,,,,,,,,,,,,,,,
2023,5,16,14,0,18.9,47.92,7.6,,,,,,,,,,,,,,,,,,,,,,,,,,,,,,,,,,,,
2023,5,16,15,0,21.9,35.11,5.8,,,,,,,,,,,,,,,,,,,,,,,,,,,,,,,,,,,,
2023,5,16,16,0,23.9,30.95,5.7,,,,,,,,,,,,,,,,,,,,,,,,,,,,,,,,,,,,
2023,5,16,17,0,24.9,30.66,6.5,,,,,,,,,,,,,,,,,,,,,,,,,,,,,,,,,,,,
2023,5,16,18,0,25.6,30.83,7.1,,,,,,,,,,,,,,,,,,,,,,,,,,,,,,,,,,,,
2023,5,16,19,0,26,30.6,7.4,,,,,,,,,,,,,,,,,,,,,,,,,,,,,,,,,,,,
2023,5,16,20,0,26.1,30.38,7.4,,,,,,,,,,,,,,,,,,,,,,,,,,,,,,,,,,,,
2023,5,16,21,0,26,30.55,7.4,,,,,,,,,,,,,,,,,,,,,,,,,,,,,,,,,,,,
2023,5,16,22,0,25.7,30.41,7,,,,,,,,,,,,,,,,,,,,,,,,,,,,,,,,,,,,
2023,5,16,23,0,24.9,30.68,6.5,,,,,,,,,,,,,,,,,,,,,,,,,,,,,,,,,,,,
2023,5,17,0,0,23.7,35.09,7.4,,,,,,,,,,,,,,,,,,,,,,,,,,,,,,,,,,,,
2023,5,17,1,0,22,49.03,10.8,,,,,,,,,,,,,,,,,,,,,,,,,,,,,,,,,,,,
2023,5,17,2,0,20.4,52.91,10.5,,,,,,,,,,,,,,,,,,,,,,,,,,,,,,,,,,,,
2023,5,17,3,0,19.9,50.73,9.4,,,,,,,,,,,,,,,,,,,,,,,,,,,,,,,,,,,,
2023,5,17,4,0,19.5,50.42,8.9,,,,,,,,,,,,,,,,,,,,,,,,,,,,,,,,,,,,
2023,5,17,5,0,18.6,54.17,9.2,,,,,,,,,,,,,,,,,,,,,,,,,,,,,,,,,,,,
2023,5,17,6,0,17.9,55.69,8.9,,,,,,,,,,,,,,,,,,,,,,,,,,,,,,,,,,,,
2023,5,17,7,0,17.6,55.52,8.6,,,,,,,,,,,,,,,,,,,,,,,,,,,,,,,,,,,,
2023,5,17,8,0,16.9,58.12,8.6,,,,,,,,,,,,,,,,,,,,,,,,,,,,,,,,,,,,
2023,5,17,9,0,16.4,59.46,8.5,,,,,,,,,,,,,,,,,,,,,,,,,,,,,,,,,,,,
2023,5,17,10,0,16.1,60,8.3,,,,,,,,,,,,,,,,,,,,,,,,,,,,,,,,,,,,
2023,5,17,11,0,15.8,59.94,8,,,,,,,,,,,,,,,,,,,,,,,,,,,,,,,,,,,,
2023,5,17,12,0,15.8,59.28,7.9,,,,,,,,,,,,,,,,,,,,,,,,,,,,,,,,,,,,
2023,5,17,13,0,16.9,63.52,9.9,,,,,,,,,,,,,,,,,,,,,,,,,,,,,,,,,,,,
2023,5,17,14,0,19.8,49.94,9.1,,,,,,,,,,,,,,,,,,,,,,,,,,,,,,,,,,,,
2023,5,17,15,0,21.8,40.32,7.7,,,,,,,,,,,,,,,,,,,,,,,,,,,,,,,,,,,,
2023,5,17,16,0,23,37.04,7.5,,,,,,,,,,,,,,,,,,,,,,,,,,,,,,,,,,,,
2023,5,17,17,0,23.9,35.38,7.7,,,,,,,,,,,,,,,,,,,,,,,,,,,,,,,,,,,,
2023,5,17,18,0,24.5,34.27,7.7,,,,,,,,,,,,,,,,,,,,,,,,,,,,,,,,,,,,
2023,5,17,19,0,24.8,33.63,7.7,,,,,,,,,,,,,,,,,,,,,,,,,,,,,,,,,,,,
2023,5,17,20,0,25,33.18,7.7,,,,,,,,,,,,,,,,,,,,,,,,,,,,,,,,,,,,
2023,5,17,21,0,25,33.33,7.8,,,,,,,,,,,,,,,,,,,,,,,,,,,,,,,,,,,,
2023,5,17,22,0,24.8,33.56,7.7,,,,,,,,,,,,,,,,,,,,,,,,,,,,,,,,,,,,
2023,5,17,23,0,24.4,34.36,7.7,,,,,,,,,,,,,,,,,,,,,,,,,,,,,,,,,,,,
2023,5,18,0,0,23.8,35.98,7.8,,,,,,,,,,,,,,,,,,,,,,,,,,,,,,,,,,,,
2023,5,18,1,0,22.6,44.05,9.7,,,,,,,,,,,,,,,,,,,,,,,,,,,,,,,,,,,,
2023,5,18,2,0,20.8,52.3,10.7,,,,,,,,,,,,,,,,,,,,,,,,,,,,,,,,,,,,
2023,5,18,3,0,20,50.6,9.4,,,,,,,,,,,,,,,,,,,,,,,,,,,,,,,,,,,,
2023,5,18,4,0,19,54.03,9.5,,,,,,,,,,,,,,,,,,,,,,,,,,,,,,,,,,,,
2023,5,18,5,0,17.8,59.6,9.8,,,,,,,,,,,,,,,,,,,,,,,,,,,,,,,,,,,,
2023,5,18,6,0,16.9,62.35,9.7,,,,,,,,,,,,,,,,,,,,,,,,,,,,,,,,,,,,
2023,5,18,7,0,16.2,64.39,9.5,,,,,,,,,,,,,,,,,,,,,,,,,,,,,,,,,,,,
2023,5,18,8,0,15.8,64.65,9.2,,,,,,,,,,,,,,,,,,,,,,,,,,,,,,,,,,,,
2023,5,18,9,0,15.7,63.04,8.7,,,,,,,,,,,,,,,,,,,,,,,,,,,,,,,,,,,,
2023,5,18,10,0,16,60.68,8.4,,,,,,,,,,,,,,,,,,,,,,,,,,,,,,,,,,,,
2023,5,18,11,0,16.2,59.73,8.4,,,,,,,,,,,,,,,,,,,,,,,,,,,,,,,,,,,,
2023,5,18,12,0,16.2,59.94,8.4,,,,,,,,,,,,,,,,,,,,,,,,,,,,,,,,,,,,
2023,5,18,13,0,16.9,66.15,10.5,,,,,,,,,,,,,,,,,,,,,,,,,,,,,,,,,,,,
2023,5,18,14,0,19,54.66,9.7,,,,,,,,,,,,,,,,,,,,,,,,,,,,,,,,,,,,
2023,5,18,15,0,20.3,45.49,8.1,,,,,,,,,,,,,,,,,,,,,,,,,,,,,,,,,,,,
2023,5,18,16,0,21.3,42.43,8,,,,,,,,,,,,,,,,,,,,,,,,,,,,,,,,,,,,
2023,5,18,17,0,21.9,41.65,8.3,,,,,,,,,,,,,,,,,,,,,,,,,,,,,,,,,,,,
2023,5,18,18,0,22.1,42.05,8.6,,,,,,,,,,,,,,,,,,,,,,,,,,,,,,,,,,,,
2023,5,18,19,0,22.3,42.27,8.9,,,,,,,,,,,,,,,,,,,,,,,,,,,,,,,,,,,,
2023,5,18,20,0,22.3,43,9.1,,,,,,,,,,,,,,,,,,,,,,,,,,,,,,,,,,,,
2023,5,18,21,0,22.2,43.76,9.3,,,,,,,,,,,,,,,,,,,,,,,,,,,,,,,,,,,,
2023,5,18,22,0,22,44.25,9.3,,,,,,,,,,,,,,,,,,,,,,,,,,,,,,,,,,,,
2023,5,18,23,0,21.5,45.49,9.2,,,,,,,,,,,,,,,,,,,,,,,,,,,,,,,,,,,,
2023,5,19,0,0,20.9,49.29,9.9,,,,,,,,,,,,,,,,,,,,,,,,,,,,,,,,,,,,
2023,5,19,1,0,19.8,60.26,11.9,,,,,,,,,,,,,,,,,,,,,,,,,,,,,,,,,,,,
2023,5,19,2,0,18,66,11.6,,,,,,,,,,,,,,,,,,,,,,,,,,,,,,,,,,,,
2023,5,19,3,0,17.6,62.15,10.3,,,,,,,,,,,,,,,,,,,,,,,,,,,,,,,,,,,,
2023,5,19,4,0,17.4,60.28,9.6,,,,,,,,,,,,,,,,,,,,,,,,,,,,,,,,,,,,
2023,5,19,5,0,16.9,60.76,9.3,,,,,,,,,,,,,,,,,,,,,,,,,,,,,,,,,,,,
2023,5,19,6,0,16.1,62.9,9,,,,,,,,,,,,,,,,,,,,,,,,,,,,,,,,,,,,
2023,5,19,7,0,15.3,65.16,8.8,,,,,,,,,,,,,,,,,,,,,,,,,,,,,,,,,,,,
2023,5,19,8,0,14.5,67.6,8.6,,,,,,,,,,,,,,,,,,,,,,,,,,,,,,,,,,,,
2023,5,19,9,0,13.5,70.94,8.3,,,,,,,,,,,,,,,,,,,,,,,,,,,,,,,,,,,,
2023,5,19,10,0,12.6,73.62,8,,,,,,,,,,,,,,,,,,,,,,,,,,,,,,,,,,,,
2023,5,19,11,0,11.9,74.96,7.6,,,,,,,,,,,,,,,,,,,,,,,,,,,,,,,,,,,,
2023,5,19,12,0,11.7,75.28,7.5,,,,,,,,,,,,,,,,,,,,,,,,,,,,,,,,,,,,
2023,5,19,13,0,14.1,67.99,8.3,,,,,,,,,,,,,,,,,,,,,,,,,,,,,,,,,,,,
2023,5,19,14,0,16.8,56.07,8,,,,,,,,,,,,,,,,,,,,,,,,,,,,,,,,,,,,
2023,5,19,15,0,19.8,43.76,7.1,,,,,,,,,,,,,,,,,,,,,,,,,,,,,,,,,,,,
2023,5,19,16,0,21.9,36.4,6.3,,,,,,,,,,,,,,,,,,,,,,,,,,,,,,,,,,,,
2023,5,19,17,0,23.5,31.95,5.8,,,,,,,,,,,,,,,,,,,,,,,,,,,,,,,,,,,,
2023,5,19,18,0,24.6,29.79,5.8,,,,,,,,,,,,,,,,,,,,,,,,,,,,,,,,,,,,
2023,5,19,19,0,25.3,28.71,5.8,,,,,,,,,,,,,,,,,,,,,,,,,,,,,,,,,,,,
2023,5,19,20,0,25.7,27.97,5.8,,,,,,,,,,,,,,,,,,,,,,,,,,,,,,,,,,,,
2023,5,19,21,0,25.9,27.61,5.8,,,,,,,,,,,,,,,,,,,,,,,,,,,,,,,,,,,,
2023,5,19,22,0,25.7,27.92,5.8,,,,,,,,,,,,,,,,,,,,,,,,,,,,,,,,,,,,
2023,5,19,23,0,25.3,28.49,5.7,,,,,,,,,,,,,,,,,,,,,,,,,,,,,,,,,,,,
2023,5,20,0,0,24.5,30.79,6.2,,,,,,,,,,,,,,,,,,,,,,,,,,,,,,,,,,,,
2023,5,20,1,0,22.7,41.1,8.8,,,,,,,,,,,,,,,,,,,,,,,,,,,,,,,,,,,,
2023,5,20,2,0,20,53.31,10.2,,,,,,,,,,,,,,,,,,,,,,,,,,,,,,,,,,,,
2023,5,20,3,0,19.1,50.2,8.5,,,,,,,,,,,,,,,,,,,,,,,,,,,,,,,,,,,,
2023,5,20,4,0,18.5,49.2,7.6,,,,,,,,,,,,,,,,,,,,,,,,,,,,,,,,,,,,
2023,5,20,5,0,17.7,49.59,7,,,,,,,,,,,,,,,,,,,,,,,,,,,,,,,,,,,,
2023,5,20,6,0,16.7,51.81,6.7,,,,,,,,,,,,,,,,,,,,,,,,,,,,,,,,,,,,
2023,5,20,7,0,15.7,54.17,6.5,,,,,,,,,,,,,,,,,,,,,,,,,,,,,,,,,,,,
2023,5,20,8,0,14.8,56.27,6.2,,,,,,,,,,,,,,,,,,,,,,,,,,,,,,,,,,,,
2023,5,20,9,0,14.1,57.81,5.9,,,,,,,,,,,,,,,,,,,,,,,,,,,,,,,,,,,,
2023,5,20,10,0,13.6,58.23,5.5,,,,,,,,,,,,,,,,,,,,,,,,,,,,,,,,,,,,
2023,5,20,11,0,13.3,57.48,5.1,,,,,,,,,,,,,,,,,,,,,,,,,,,,,,,,,,,,
2023,5,20,12,0,13.3,56.97,5,,,,,,,,,,,,,,,,,,,,,,,,,,,,,,,,,,,,
2023,5,20,13,0,15.7,59.71,7.9,,,,,,,,,,,,,,,,,,,,,,,,,,,,,,,,,,,,
2023,5,20,14,0,18.8,41.94,5.6,,,,,,,,,,,,,,,,,,,,,,,,,,,,,,,,,,,,
2023,5,20,15,0,22.2,30.42,4,,,,,,,,,,,,,,,,,,,,,,,,,,,,,,,,,,,,
2023,5,20,16,0,24.5,24.72,3,,,,,,,,,,,,,,,,,,,,,,,,,,,,,,,,,,,,
2023,5,20,17,0,25.7,22.92,3,,,,,,,,,,,,,,,,,,,,,,,,,,,,,,,,,,,,
2023,5,20,18,0,26.6,21.91,3.1,,,,,,,,,,,,,,,,,,,,,,,,,,,,,,,,,,,,
2023,5,20,19,0,27.3,21.37,3.3,,,,,,,,,,,,,,,,,,,,,,,,,,,,,,,,,,,,
2023,5,20,20,0,27.6,21.57,3.7,,,,,,,,,,,,,,,,,,,,,,,,,,,,,,,,,,,,
2023,5,20,21,0,27.8,21.83,4,,,,,,,,,,,,,,,,,,,,,,,,,,,,,,,,,,,,
2023,5,20,22,0,27.5,22.63,4.3,,,,,,,,,,,,,,,,,,,,,,,,,,,,,,,,,,,,
2023,5,20,23,0,27,23.4,4.4,,,,,,,,,,,,,,,,,,,,,,,,,,,,,,,,,,,,
2023,5,21,0,0,26.1,25.86,5,,,,,,,,,,,,,,,,,,,,,,,,,,,,,,,,,,,,
2023,5,21,1,0,24.2,35.85,8.1,,,,,,,,,,,,,,,,,,,,,,,,,,,,,,,,,,,,
2023,5,21,2,0,21.4,47.81,9.9,,,,,,,,,,,,,,,,,,,,,,,,,,,,,,,,,,,,
2023,5,21,3,0,20.8,41.87,7.4,,,,,,,,,,,,,,,,,,,,,,,,,,,,,,,,,,,,
2023,5,21,4,0,20.7,39.29,6.4,,,,,,,,,,,,,,,,,,,,,,,,,,,,,,,,,,,,
2023,5,21,5,0,20.2,39.73,6.1,,,,,,,,,,,,,,,,,,,,,,,,,,,,,,,,,,,,
2023,5,21,6,0,19.4,41.85,6.1,,,,,,,,,,,,,,,,,,,,,,,,,,,,,,,,,,,,
2023,5,21,7,0,18.3,45.74,6.4,,,,,,,,,,,,,,,,,,,,,,,,,,,,,,,,,,,,
2023,5,21,8,0,17.2,49.71,6.6,,,,,,,,,,,,,,,,,,,,,,,,,,,,,,,,,,,,
2023,5,21,9,0,16.4,52.8,6.7,,,,,,,,,,,,,,,,,,,,,,,,,,,,,,,,,,,,
2023,5,21,10,0,15.9,55.13,6.9,,,,,,,,,,,,,,,,,,,,,,,,,,,,,,,,,,,,
2023,5,21,11,0,15.8,55.42,6.9,,,,,,,,,,,,,,,,,,,,,,,,,,,,,,,,,,,,
2023,5,21,12,0,15.8,56.59,7.2,,,,,,,,,,,,,,,,,,,,,,,,,,,,,,,,,,,,
2023,5,21,13,0,17.5,62.32,10.2,,,,,,,,,,,,,,,,,,,,,,,,,,,,,,,,,,,,
2023,5,21,14,0,20.2,45.4,8,,,,,,,,,,,,,,,,,,,,,,,,,,,,,,,,,,,,
2023,5,21,15,0,23.4,32.45,6,,,,,,,,,,,,,,,,,,,,,,,,,,,,,,,,,,,,
2023,5,21,16,0,25.5,26.59,4.9,,,,,,,,,,,,,,,,,,,,,,,,,,,,,,,,,,,,
2023,5,21,17,0,26.9,24.38,4.9,,,,,,,,,,,,,,,,,,,,,,,,,,,,,,,,,,,,
2023,5,21,18,0,27.8,23.37,5,,,,,,,,,,,,,,,,,,,,,,,,,,,,,,,,,,,,
2023,5,21,19,0,28.4,22.95,5.2,,,,,,,,,,,,,,,,,,,,,,,,,,,,,,,,,,,,
2023,5,21,20,0,28.6,22.94,5.4,,,,,,,,,,,,,,,,,,,,,,,,,,,,,,,,,,,,
2023,5,21,21,0,28.6,23.18,5.6,,,,,,,,,,,,,,,,,,,,,,,,,,,,,,,,,,,,
2023,5,21,22,0,28.5,23.12,5.4,,,,,,,,,,,,,,,,,,,,,,,,,,,,,,,,,,,,
2023,5,21,23,0,27.9,24.12,5.5,,,,,,,,,,,,,,,,,,,,,,,,,,,,,,,,,,,,
2023,5,22,0,0,27,27.03,6.4,,,,,,,,,,,,,,,,,,,,,,,,,,,,,,,,,,,,
2023,5,22,1,0,25.2,35.65,8.9,,,,,,,,,,,,,,,,,,,,,,,,,,,,,,,,,,,,
2023,5,22,2,0,22.3,51.06,11.7,,,,,,,,,,,,,,,,,,,,,,,,,,,,,,,,,,,,
2023,5,22,3,0,20.5,54.47,11,,,,,,,,,,,,,,,,,,,,,,,,,,,,,,,,,,,,
2023,5,22,4,0,19,61.46,11.4,,,,,,,,,,,,,,,,,,,,,,,,,,,,,,,,,,,,
2023,5,22,5,0,17.8,68.12,11.8,,,,,,,,,,,,,,,,,,,,,,,,,,,,,,,,,,,,
2023,5,22,6,0,17.2,71.85,12.1,,,,,,,,,,,,,,,,,,,,,,,,,,,,,,,,,,,,
2023,5,22,7,0,16.6,73.68,11.9,,,,,,,,,,,,,,,,,,,,,,,,,,,,,,,,,,,,
2023,5,22,8,0,16.2,73.77,11.5,,,,,,,,,,,,,,,,,,,,,,,,,,,,,,,,,,,,
2023,5,22,9,0,16,72.8,11.1,,,,,,,,,,,,,,,,,,,,,,,,,,,,,,,,,,,,
2023,5,22,10,0,15.3,73.59,10.6,,,,,,,,,,,,,,,,,,,,,,,,,,,,,,,,,,,,
2023,5,22,11,0,14.9,74.14,10.3,,,,,,,,,,,,,,,,,,,,,,,,,,,,,,,,,,,,
2023,5,22,12,0,15,74.27,10.5,,,,,,,,,,,,,,,,,,,,,,,,,,,,,,,,,,,,
2023,5,22,13,0,17.6,68.73,11.8,,,,,,,,,,,,,,,,,,,,,,,,,,,,,,,,,,,,
2023,5,22,14,0,20.3,53.62,10.6,,,,,,,,,,,,,,,,,,,,,,,,,,,,,,,,,,,,
2023,5,22,15,0,22.9,42.69,9.6,,,,,,,,,,,,,,,,,,,,,,,,,,,,,,,,,,,,
2023,5,22,16,0,24.5,38.35,9.4,,,,,,,,,,,,,,,,,,,,,,,,,,,,,,,,,,,,
2023,5,22,17,0,25.6,36.33,9.6,,,,,,,,,,,,,,,,,,,,,,,,,,,,,,,,,,,,
2023,5,22,18,0,26.5,34.96,9.8,,,,,,,,,,,,,,,,,,,,,,,,,,,,,,,,,,,,
2023,5,22,19,0,26.9,34.4,9.9,,,,,,,,,,,,,,,,,,,,,,,,,,,,,,,,,,,,
2023,5,22,20,0,26.8,34.5,9.8,,,,,,,,,,,,,,,,,,,,,,,,,,,,,,,,,,,,
2023,5,22,21,0,26.7,34.44,9.7,,,,,,,,,,,,,,,,,,,,,,,,,,,,,,,,,,,,
2023,5,22,22,0,26.3,35.08,9.7,,,,,,,,,,,,,,,,,,,,,,,,,,,,,,,,,,,,
2023,5,22,23,0,25.6,36.97,9.8,,,,,,,,,,,,,,,,,,,,,,,,,,,,,,,,,,,,
2023,5,23,0,0,24.6,41.86,10.8,,,,,,,,,,,,,,,,,,,,,,,,,,,,,,,,,,,,
2023,5,23,1,0,23.3,51.18,12.7,,,,,,,,,,,,,,,,,,,,,,,,,,,,,,,,,,,,
2023,5,23,2,0,22.2,54.84,12.7,,,,,,,,,,,,,,,,,,,,,,,,,,,,,,,,,,,,
2023,5,23,3,0,20.3,61.57,12.7,,,,,,,,,,,,,,,,,,,,,,,,,,,,,,,,,,,,
2023,5,23,4,0,18.3,68.07,12.3,,,,,,,,,,,,,,,,,,,,,,,,,,,,,,,,,,,,
2023,5,23,5,0,16.5,73.49,11.7,,,,,,,,,,,,,,,,,,,,,,,,,,,,,,,,,,,,
2023,5,23,6,0,15.2,77.13,11.2,,,,,,,,,,,,,,,,,,,,,,,,,,,,,,,,,,,,
2023,5,23,7,0,14.5,78.07,10.7,,,,,,,,,,,,,,,,,,,,,,,,,,,,,,,,,,,,
2023,5,23,8,0,14,78.82,10.4,,,,,,,,,,,,,,,,,,,,,,,,,,,,,,,,,,,,
2023,5,23,9,0,13.6,80.02,10.2,,,,,,,,,,,,,,,,,,,,,,,,,,,,,,,,,,,,
2023,5,23,10,0,13.4,80.05,10,,,,,,,,,,,,,,,,,,,,,,,,,,,,,,,,,,,,
2023,5,23,11,0,13.2,80.12,9.8,,,,,,,,,,,,,,,,,,,,,,,,,,,,,,,,,,,,
2023,5,23,12,0,13.5,79.3,10,,,,,,,,,,,,,,,,,,,,,,,,,,,,,,,,,,,,
2023,5,23,13,0,15.9,72.08,10.9,,,,,,,,,,,,,,,,,,,,,,,,,,,,,,,,,,,,
2023,5,23,14,0,18.2,64.84,11.5,,,,,,,,,,,,,,,,,,,,,,,,,,,,,,,,,,,,
2023,5,23,15,0,20.6,56.12,11.5,,,,,,,,,,,,,,,,,,,,,,,,,,,,,,,,,,,,
2023,5,23,16,0,21.8,51.46,11.4,,,,,,,,,,,,,,,,,,,,,,,,,,,,,,,,,,,,
2023,5,23,17,0,22.5,48.67,11.2,,,,,,,,,,,,,,,,,,,,,,,,,,,,,,,,,,,,
2023,5,23,18,0,22.8,47.63,11.1,,,,,,,,,,,,,,,,,,,,,,,,,,,,,,,,,,,,
2023,5,23,19,0,23.1,46.9,11.1,,,,,,,,,,,,,,,,,,,,,,,,,,,,,,,,,,,,
2023,5,23,20,0,23.4,45.99,11.1,,,,,,,,,,,,,,,,,,,,,,,,,,,,,,,,,,,,
2023,5,23,21,0,23.3,46.48,11.2,,,,,,,,,,,,,,,,,,,,,,,,,,,,,,,,,,,,
2023,5,23,22,0,23,47.95,11.4,,,,,,,,,,,,,,,,,,,,,,,,,,,,,,,,,,,,
2023,5,23,23,0,22.5,50.97,11.9,,,,,,,,,,,,,,,,,,,,,,,,,,,,,,,,,,,,
2023,5,24,0,0,21.8,55.92,12.6,,,,,,,,,,,,,,,,,,,,,,,,,,,,,,,,,,,,
2023,5,24,1,0,20.3,66.71,13.9,,,,,,,,,,,,,,,,,,,,,,,,,,,,,,,,,,,,
2023,5,24,2,0,18.2,71.79,13,,,,,,,,,,,,,,,,,,,,,,,,,,,,,,,,,,,,
2023,5,24,3,0,17.1,73.97,12.4,,,,,,,,,,,,,,,,,,,,,,,,,,,,,,,,,,,,
2023,5,24,4,0,16.4,77.32,12.4,,,,,,,,,,,,,,,,,,,,,,,,,,,,,,,,,,,,
2023,5,24,5,0,15.9,79.5,12.4,,,,,,,,,,,,,,,,,,,,,,,,,,,,,,,,,,,,
2023,5,24,6,0,15.2,81.14,12,,,,,,,,,,,,,,,,,,,,,,,,,,,,,,,,,,,,
2023,5,24,7,0,14.4,81.39,11.3,,,,,,,,,,,,,,,,,,,,,,,,,,,,,,,,,,,,
2023,5,24,8,0,13.9,80.19,10.5,,,,,,,,,,,,,,,,,,,,,,,,,,,,,,,,,,,,
2023,5,24,9,0,13.1,81.08,9.9,,,,,,,,,,,,,,,,,,,,,,,,,,,,,,,,,,,,
2023,5,24,10,0,12.7,80.33,9.4,,,,,,,,,,,,,,,,,,,,,,,,,,,,,,,,,,,,
2023,5,24,11,0,12.3,79.9,8.9,,,,,,,,,,,,,,,,,,,,,,,,,,,,,,,,,,,,
2023,5,24,12,0,12.4,79.55,9,,,,,,,,,,,,,,,,,,,,,,,,,,,,,,,,,,,,
2023,5,24,13,0,14.6,74.33,10.1,,,,,,,,,,,,,,,,,,,,,,,,,,,,,,,,,,,,
2023,5,24,14,0,17,63.39,10,,,,,,,,,,,,,,,,,,,,,,,,,,,,,,,,,,,,
2023,5,24,15,0,20,44.35,7.5,,,,,,,,,,,,,,,,,,,,,,,,,,,,,,,,,,,,
2023,5,24,16,0,21.9,35.36,5.9,,,,,,,,,,,,,,,,,,,,,,,,,,,,,,,,,,,,
2023,5,24,17,0,23.4,30.91,5.3,,,,,,,,,,,,,,,,,,,,,,,,,,,,,,,,,,,,
2023,5,24,18,0,24.7,27.98,5,,,,,,,,,,,,,,,,,,,,,,,,,,,,,,,,,,,,
2023,5,24,19,0,25.7,26.12,4.8,,,,,,,,,,,,,,,,,,,,,,,,,,,,,,,,,,,,
2023,5,24,20,0,26.3,25.49,5,,,,,,,,,,,,,,,,,,,,,,,,,,,,,,,,,,,,
2023,5,24,21,0,26.2,26.27,5.3,,,,,,,,,,,,,,,,,,,,,,,,,,,,,,,,,,,,
2023,5,24,22,0,25.4,29.09,6.1,,,,,,,,,,,,,,,,,,,,,,,,,,,,,,,,,,,,
2023,5,24,23,0,23.9,34.64,7.4,,,,,,,,,,,,,,,,,,,,,,,,,,,,,,,,,,,,
2023,5,25,0,0,22.1,42.38,8.7,,,,,,,,,,,,,,,,,,,,,,,,,,,,,,,,,,,,
2023,5,25,1,0,20.1,53.59,10.4,,,,,,,,,,,,,,,,,,,,,,,,,,,,,,,,,,,,
2023,5,25,2,0,17.6,70.09,12.1,,,,,,,,,,,,,,,,,,,,,,,,,,,,,,,,,,,,
2023,5,25,3,0,16.4,73.84,11.7,,,,,,,,,,,,,,,,,,,,,,,,,,,,,,,,,,,,
2023,5,25,4,0,16,72.28,11,,,,,,,,,,,,,,,,,,,,,,,,,,,,,,,,,,,,
2023,5,25,5,0,15.6,71.26,10.4,,,,,,,,,,,,,,,,,,,,,,,,,,,,,,,,,,,,
2023,5,25,6,0,15.3,70.28,9.9,,,,,,,,,,,,,,,,,,,,,,,,,,,,,,,,,,,,
2023,5,25,7,0,14.9,70.17,9.5,,,,,,,,,,,,,,,,,,,,,,,,,,,,,,,,,,,,
2023,5,25,8,0,14.6,69.86,9.2,,,,,,,,,,,,,,,,,,,,,,,,,,,,,,,,,,,,
2023,5,25,9,0,14,71.01,8.8,,,,,,,,,,,,,,,,,,,,,,,,,,,,,,,,,,,,
2023,5,25,10,0,13.4,72,8.5,,,,,,,,,,,,,,,,,,,,,,,,,,,,,,,,,,,,
2023,5,25,11,0,12.8,72.91,8.1,,,,,,,,,,,,,,,,,,,,,,,,,,,,,,,,,,,,
2023,5,25,12,0,12.7,73.74,8.1,,,,,,,,,,,,,,,,,,,,,,,,,,,,,,,,,,,,
2023,5,25,13,0,15.2,71.01,10,,,,,,,,,,,,,,,,,,,,,,,,,,,,,,,,,,,,
2023,5,25,14,0,17.6,59,9.5,,,,,,,,,,,,,,,,,,,,,,,,,,,,,,,,,,,,
2023,5,25,15,0,20.2,45.48,8,,,,,,,,,,,,,,,,,,,,,,,,,,,,,,,,,,,,
2023,5,25,16,0,21.9,39.28,7.4,,,,,,,,,,,,,,,,,,,,,,,,,,,,,,,,,,,,
2023,5,25,17,0,23.1,35.84,7.2,,,,,,,,,,,,,,,,,,,,,,,,,,,,,,,,,,,,
2023,5,25,18,0,23.8,34.22,7.1,,,,,,,,,,,,,,,,,,,,,,,,,,,,,,,,,,,,
2023,5,25,19,0,23.8,34.22,7.1,,,,,,,,,,,,,,,,,,,,,,,,,,,,,,,,,,,,
2023,5,25,20,0,23.8,34.36,7.2,,,,,,,,,,,,,,,,,,,,,,,,,,,,,,,,,,,,
2023,5,25,21,0,23.6,35.1,7.3,,,,,,,,,,,,,,,,,,,,,,,,,,,,,,,,,,,,
2023,5,25,22,0,23.1,36.82,7.5,,,,,,,,,,,,,,,,,,,,,,,,,,,,,,,,,,,,
2023,5,25,23,0,22.2,40.93,8.3,,,,,,,,,,,,,,,,,,,,,,,,,,,,,,,,,,,,
2023,5,26,0,0,21.2,46.74,9.4,,,,,,,,,,,,,,,,,,,,,,,,,,,,,,,,,,,,
2023,5,26,1,0,19.5,59.21,11.3,,,,,,,,,,,,,,,,,,,,,,,,,,,,,,,,,,,,
2023,5,26,2,0,17.4,67.66,11.4,,,,,,,,,,,,,,,,,,,,,,,,,,,,,,,,,,,,
2023,5,26,3,0,16.1,71.26,10.9,,,,,,,,,,,,,,,,,,,,,,,,,,,,,,,,,,,,
2023,5,26,4,0,15.1,75.81,10.9,,,,,,,,,,,,,,,,,,,,,,,,,,,,,,,,,,,,
2023,5,26,5,0,14.5,78.27,10.8,,,,,,,,,,,,,,,,,,,,,,,,,,,,,,,,,,,,
2023,5,26,6,0,14.2,79.74,10.7,,,,,,,,,,,,,,,,,,,,,,,,,,,,,,,,,,,,
2023,5,26,7,0,13.9,80.58,10.6,,,,,,,,,,,,,,,,,,,,,,,,,,,,,,,,,,,,
2023,5,26,8,0,13.7,80.85,10.5,,,,,,,,,,,,,,,,,,,,,,,,,,,,,,,,,,,,
2023,5,26,9,0,13.5,80.29,10.2,,,,,,,,,,,,,,,,,,,,,,,,,,,,,,,,,,,,
2023,5,26,10,0,13.6,78.07,9.8,,,,,,,,,,,,,,,,,,,,,,,,,,,,,,,,,,,,
2023,5,26,11,0,13.3,77.89,9.5,,,,,,,,,,,,,,,,,,,,,,,,,,,,,,,,,,,,
2023,5,26,12,0,13.2,78.24,9.5,,,,,,,,,,,,,,,,,,,,,,,,,,,,,,,,,,,,
2023,5,26,13,0,15.1,75.11,10.7,,,,,,,,,,,,,,,,,,,,,,,,,,,,,,,,,,,,
2023,5,26,14,0,17.8,59.32,9.8,,,,,,,,,,,,,,,,,,,,,,,,,,,,,,,,,,,,
2023,5,26,15,0,20.3,40.68,6.5,,,,,,,,,,,,,,,,,,,,,,,,,,,,,,,,,,,,
2023,5,26,16,0,22.1,33.33,5.2,,,,,,,,,,,,,,,,,,,,,,,,,,,,,,,,,,,,
2023,5,26,17,0,23.4,30.57,5.1,,,,,,,,,,,,,,,,,,,,,,,,,,,,,,,,,,,,
2023,5,26,18,0,24.2,29.6,5.3,,,,,,,,,,,,,,,,,,,,,,,,,,,,,,,,,,,,
2023,5,26,19,0,24.4,29.52,5.5,,,,,,,,,,,,,,,,,,,,,,,,,,,,,,,,,,,,
2023,5,26,20,0,24.1,30.47,5.7,,,,,,,,,,,,,,,,,,,,,,,,,,,,,,,,,,,,
2023,5,26,21,0,24.1,30.76,5.8,,,,,,,,,,,,,,,,,,,,,,,,,,,,,,,,,,,,
2023,5,26,22,0,23.6,32.26,6.1,,,,,,,,,,,,,,,,,,,,,,,,,,,,,,,,,,,,
2023,5,26,23,0,22.4,36.39,6.8,,,,,,,,,,,,,,,,,,,,,,,,,,,,,,,,,,,,
2023,5,27,0,0,20.4,43.64,7.6,,,,,,,,,,,,,,,,,,,,,,,,,,,,,,,,,,,,
2023,5,27,1,0,18.3,53.49,8.7,,,,,,,,,,,,,,,,,,,,,,,,,,,,,,,,,,,,
2023,5,27,2,0,16.1,63.62,9.2,,,,,,,,,,,,,,,,,,,,,,,,,,,,,,,,,,,,
2023,5,27,3,0,14.6,70.83,9.4,,,,,,,,,,,,,,,,,,,,,,,,,,,,,,,,,,,,
2023,5,27,4,0,14,73.6,9.4,,,,,,,,,,,,,,,,,,,,,,,,,,,,,,,,,,,,
2023,5,27,5,0,13.6,74.79,9.2,,,,,,,,,,,,,,,,,,,,,,,,,,,,,,,,,,,,
2023,5,27,6,0,13.6,72.5,8.7,,,,,,,,,,,,,,,,,,,,,,,,,,,,,,,,,,,,
2023,5,27,7,0,13.7,70.96,8.5,,,,,,,,,,,,,,,,,,,,,,,,,,,,,,,,,,,,
2023,5,27,8,0,13.6,70.49,8.3,,,,,,,,,,,,,,,,,,,,,,,,,,,,,,,,,,,,
2023,5,27,9,0,13.5,70.42,8.2,,,,,,,,,,,,,,,,,,,,,,,,,,,,,,,,,,,,
2023,5,27,10,0,13.3,70.98,8.1,,,,,,,,,,,,,,,,,,,,,,,,,,,,,,,,,,,,
2023,5,27,11,0,13.1,71.56,8.1,,,,,,,,,,,,,,,,,,,,,,,,,,,,,,,,,,,,
2023,5,27,12,0,13.3,71.61,8.3,,,,,,,,,,,,,,,,,,,,,,,,,,,,,,,,,,,,
2023,5,27,13,0,15,74.09,10.4,,,,,,,,,,,,,,,,,,,,,,,,,,,,,,,,,,,,
2023,5,27,14,0,17.1,64.42,10.3,,,,,,,,,,,,,,,,,,,,,,,,,,,,,,,,,,,,
2023,5,27,15,0,18.2,53.72,8.7,,,,,,,,,,,,,,,,,,,,,,,,,,,,,,,,,,,,
2023,5,27,16,0,19.1,49.04,8.1,,,,,,,,,,,,,,,,,,,,,,,,,,,,,,,,,,,,
2023,5,27,17,0,19.9,45.65,7.8,,,,,,,,,,,,,,,,,,,,,,,,,,,,,,,,,,,,
2023,5,27,18,0,20.3,43.9,7.6,,,,,,,,,,,,,,,,,,,,,,,,,,,,,,,,,,,,
2023,5,27,19,0,20.4,43.19,7.5,,,,,,,,,,,,,,,,,,,,,,,,,,,,,,,,,,,,
2023,5,27,20,0,20.6,42.16,7.3,,,,,,,,,,,,,,,,,,,,,,,,,,,,,,,,,,,,
2023,5,27,21,0,20.8,40.99,7.1,,,,,,,,,,,,,,,,,,,,,,,,,,,,,,,,,,,,
2023,5,27,22,0,21,39.39,6.7,,,,,,,,,,,,,,,,,,,,,,,,,,,,,,,,,,,,
2023,5,27,23,0,20.9,38.33,6.2,,,,,,,,,,,,,,,,,,,,,,,,,,,,,,,,,,,,
2023,5,28,0,0,20.7,37.88,5.8,,,,,,,,,,,,,,,,,,,,,,,,,,,,,,,,,,,,
2023,5,28,1,0,20.2,41.73,6.8,,,,,,,,,,,,,,,,,,,,,,,,,,,,,,,,,,,,
2023,5,28,2,0,19,46.12,7.2,,,,,,,,,,,,,,,,,,,,,,,,,,,,,,,,,,,,
2023,5,28,3,0,17.6,50.14,7.1,,,,,,,,,,,,,,,,,,,,,,,,,,,,,,,,,,,,
2023,5,28,4,0,16.4,54.96,7.3,,,,,,,,,,,,,,,,,,,,,,,,,,,,,,,,,,,,
2023,5,28,5,0,15.7,56.92,7.2,,,,,,,,,,,,,,,,,,,,,,,,,,,,,,,,,,,,
2023,5,28,6,0,15.2,58.11,7,,,,,,,,,,,,,,,,,,,,,,,,,,,,,,,,,,,,
2023,5,28,7,0,14.7,58.49,6.6,,,,,,,,,,,,,,,,,,,,,,,,,,,,,,,,,,,,
2023,5,28,8,0,14.4,58.26,6.3,,,,,,,,,,,,,,,,,,,,,,,,,,,,,,,,,,,,
2023,5,28,9,0,14.1,58.47,6.1,,,,,,,,,,,,,,,,,,,,,,,,,,,,,,,,,,,,
2023,5,28,10,0,13.5,60.2,5.9,,,,,,,,,,,,,,,,,,,,,,,,,,,,,,,,,,,,
2023,5,28,11,0,12.8,62.62,5.8,,,,,,,,,,,,,,,,,,,,,,,,,,,,,,,,,,,,
2023,5,28,12,0,12.4,66.67,6.4,,,,,,,,,,,,,,,,,,,,,,,,,,,,,,,,,,,,
2023,5,28,13,0,14.4,67.54,8.5,,,,,,,,,,,,,,,,,,,,,,,,,,,,,,,,,,,,
2023,5,28,14,0,16.7,53.67,7.3,,,,,,,,,,,,,,,,,,,,,,,,,,,,,,,,,,,,
2023,5,28,15,0,18.7,43.79,6.1,,,,,,,,,,,,,,,,,,,,,,,,,,,,,,,,,,,,
2023,5,28,16,0,19.5,42.11,6.3,,,,,,,,,,,,,,,,,,,,,,,,,,,,,,,,,,,,
2023,5,28,17,0,19.7,42.99,6.8,,,,,,,,,,,,,,,,,,,,,,,,,,,,,,,,,,,,
2023,5,28,18,0,20,43.65,7.3,,,,,,,,,,,,,,,,,,,,,,,,,,,,,,,,,,,,
2023,5,28,19,0,20.7,42.87,7.6,,,,,,,,,,,,,,,,,,,,,,,,,,,,,,,,,,,,
2023,5,28,20,0,21.5,41.64,7.9,,,,,,,,,,,,,,,,,,,,,,,,,,,,,,,,,,,,
2023,5,28,21,0,22,40.69,8,,,,,,,,,,,,,,,,,,,,,,,,,,,,,,,,,,,,
2023,5,28,22,0,21.6,41.79,8.1,,,,,,,,,,,,,,,,,,,,,,,,,,,,,,,,,,,,
2023,5,28,23,0,20.8,44.36,8.2,,,,,,,,,,,,,,,,,,,,,,,,,,,,,,,,,,,,
2023,5,29,0,0,19.8,48.74,8.7,,,,,,,,,,,,,,,,,,,,,,,,,,,,,,,,,,,,
2023,5,29,1,0,18.6,59.14,10.5,,,,,,,,,,,,,,,,,,,,,,,,,,,,,,,,,,,,
2023,5,29,2,0,17.6,63.87,10.7,,,,,,,,,,,,,,,,,,,,,,,,,,,,,,,,,,,,
2023,5,29,3,0,17.4,60.59,9.7,,,,,,,,,,,,,,,,,,,,,,,,,,,,,,,,,,,,
2023,5,29,4,0,17.1,59.94,9.3,,,,,,,,,,,,,,,,,,,,,,,,,,,,,,,,,,,,
2023,5,29,5,0,16.7,58.96,8.6,,,,,,,,,,,,,,,,,,,,,,,,,,,,,,,,,,,,
2023,5,29,6,0,16.2,59.82,8.4,,,,,,,,,,,,,,,,,,,,,,,,,,,,,,,,,,,,
2023,5,29,7,0,15.4,62.5,8.3,,,,,,,,,,,,,,,,,,,,,,,,,,,,,,,,,,,,
2023,5,29,8,0,14.7,65.01,8.2,,,,,,,,,,,,,,,,,,,,,,,,,,,,,,,,,,,,
2023,5,29,9,0,14.3,66.4,8.1,,,,,,,,,,,,,,,,,,,,,,,,,,,,,,,,,,,,
2023,5,29,10,0,14.1,66.99,8.1,,,,,,,,,,,,,,,,,,,,,,,,,,,,,,,,,,,,
2023,5,29,11,0,14,67.04,8,,,,,,,,,,,,,,,,,,,,,,,,,,,,,,,,,,,,
2023,5,29,12,0,14,67.8,8.1,,,,,,,,,,,,,,,,,,,,,,,,,,,,,,,,,,,,
2023,5,29,13,0,15.6,69.79,10.1,,,,,,,,,,,,,,,,,,,,,,,,,,,,,,,,,,,,
2023,5,29,14,0,18.2,54.64,8.9,,,,,,,,,,,,,,,,,,,,,,,,,,,,,,,,,,,,
2023,5,29,15,0,20.6,39.96,6.5,,,,,,,,,,,,,,,,,,,,,,,,,,,,,,,,,,,,
2023,5,29,16,0,22.3,35.44,6.3,,,,,,,,,,,,,,,,,,,,,,,,,,,,,,,,,,,,
2023,5,29,17,0,23.6,33.4,6.6,,,,,,,,,,,,,,,,,,,,,,,,,,,,,,,,,,,,
2023,5,29,18,0,24.6,31.79,6.7,,,,,,,,,,,,,,,,,,,,,,,,,,,,,,,,,,,,
2023,5,29,19,0,25.5,30.41,6.8,,,,,,,,,,,,,,,,,,,,,,,,,,,,,,,,,,,,
2023,5,29,20,0,26,29.63,6.9,,,,,,,,,,,,,,,,,,,,,,,,,,,,,,,,,,,,
2023,5,29,21,0,26.2,29.03,6.8,,,,,,,,,,,,,,,,,,,,,,,,,,,,,,,,,,,,
2023,5,29,22,0,26.1,28.66,6.5,,,,,,,,,,,,,,,,,,,,,,,,,,,,,,,,,,,,
2023,5,29,23,0,25.8,28.62,6.2,,,,,,,,,,,,,,,,,,,,,,,,,,,,,,,,,,,,
2023,5,30,0,0,24.9,30.55,6.4,,,,,,,,,,,,,,,,,,,,,,,,,,,,,,,,,,,,
2023,5,30,1,0,23.4,38.81,8.6,,,,,,,,,,,,,,,,,,,,,,,,,,,,,,,,,,,,
2023,5,30,2,0,21,50.33,10.3,,,,,,,,,,,,,,,,,,,,,,,,,,,,,,,,,,,,
2023,5,30,3,0,19.7,49.23,8.8,,,,,,,,,,,,,,,,,,,,,,,,,,,,,,,,,,,,
2023,5,30,4,0,18.6,52.95,8.8,,,,,,,,,,,,,,,,,,,,,,,,,,,,,,,,,,,,
2023,5,30,5,0,17.7,54.98,8.5,,,,,,,,,,,,,,,,,,,,,,,,,,,,,,,,,,,,
2023,5,30,6,0,17.1,55.4,8.1,,,,,,,,,,,,,,,,,,,,,,,,,,,,,,,,,,,,
2023,5,30,7,0,16.5,55.62,7.6,,,,,,,,,,,,,,,,,,,,,,,,,,,,,,,,,,,,
2023,5,30,8,0,15.9,55.99,7.1,,,,,,,,,,,,,,,,,,,,,,,,,,,,,,,,,,,,
2023,5,30,9,0,14.9,58.36,6.8,,,,,,,,,,,,,,,,,,,,,,,,,,,,,,,,,,,,
2023,5,30,10,0,14.2,59.21,6.4,,,,,,,,,,,,,,,,,,,,,,,,,,,,,,,,,,,,
2023,5,30,11,0,13.6,59.84,5.9,,,,,,,,,,,,,,,,,,,,,,,,,,,,,,,,,,,,
2023,5,30,12,0,13.4,62.03,6.3,,,,,,,,,,,,,,,,,,,,,,,,,,,,,,,,,,,,
2023,5,30,13,0,16.2,60.41,8.5,,,,,,,,,,,,,,,,,,,,,,,,,,,,,,,,,,,,
2023,5,30,14,0,19.3,40.9,5.7,,,,,,,,,,,,,,,,,,,,,,,,,,,,,,,,,,,,
2023,5,30,15,0,21.9,31.22,4.1,,,,,,,,,,,,,,,,,,,,,,,,,,,,,,,,,,,,
2023,5,30,16,0,23.6,28.45,4.2,,,,,,,,,,,,,,,,,,,,,,,,,,,,,,,,,,,,
2023,5,30,17,0,24.9,26.73,4.5,,,,,,,,,,,,,,,,,,,,,,,,,,,,,,,,,,,,
2023,5,30,18,0,25.9,25.48,4.6,,,,,,,,,,,,,,,,,,,,,,,,,,,,,,,,,,,,
2023,5,30,19,0,26.7,24.5,4.8,,,,,,,,,,,,,,,,,,,,,,,,,,,,,,,,,,,,
2023,5,30,20,0,27.1,23.94,4.8,,,,,,,,,,,,,,,,,,,,,,,,,,,,,,,,,,,,
2023,5,30,21,0,27.3,23.36,4.6,,,,,,,,,,,,,,,,,,,,,,,,,,,,,,,,,,,,
2023,5,30,22,0,27,23.25,4.3,,,,,,,,,,,,,,,,,,,,,,,,,,,,,,,,,,,,
2023,5,30,23,0,26.6,23.22,3.9,,,,,,,,,,,,,,,,,,,,,,,,,,,,,,,,,,,,
2023,5,31,0,0,25.6,24.85,4,,,,,,,,,,,,,,,,,,,,,,,,,,,,,,,,,,,,
2023,5,31,1,0,23.9,33.14,6.7,,,,,,,,,,,,,,,,,,,,,,,,,,,,,,,,,,,,
2023,5,31,2,0,20.3,52.54,10.3,,,,,,,,,,,,,,,,,,,,,,,,,,,,,,,,,,,,
2023,5,31,3,0,18.5,54.36,9.1,,,,,,,,,,,,,,,,,,,,,,,,,,,,,,,,,,,,
2023,5,31,4,0,17.8,56.19,9,,,,,,,,,,,,,,,,,,,,,,,,,,,,,,,,,,,,
2023,5,31,5,0,16.9,58.97,8.8,,,,,,,,,,,,,,,,,,,,,,,,,,,,,,,,,,,,
2023,5,31,6,0,16.3,60.73,8.7,,,,,,,,,,,,,,,,,,,,,,,,,,,,,,,,,,,,
2023,5,31,7,0,16,60.76,8.4,,,,,,,,,,,,,,,,,,,,,,,,,,,,,,,,,,,,
2023,5,31,8,0,16,58.82,7.9,,,,,,,,,,,,,,,,,,,,,,,,,,,,,,,,,,,,
2023,5,31,9,0,16,56.57,7.4,,,,,,,,,,,,,,,,,,,,,,,,,,,,,,,,,,,,
2023,5,31,10,0,15.9,54.47,6.7,,,,,,,,,,,,,,,,,,,,,,,,,,,,,,,,,,,,
2023,5,31,11,0,15.5,53.25,6,,,,,,,,,,,,,,,,,,,,,,,,,,,,,,,,,,,,
2023,5,31,12,0,15.3,54.29,6.1,,,,,,,,,,,,,,,,,,,,,,,,,,,,,,,,,,,,
2023,5,31,13,0,17.4,56.81,8.7,,,,,,,,,,,,,,,,,,,,,,,,,,,,,,,,,,,,
2023,5,31,14,0,20.4,36.97,5.2,,,,,,,,,,,,,,,,,,,,,,,,,,,,,,,,,,,,
2023,5,31,15,0,23.4,25.93,2.8,,,,,,,,,,,,,,,,,,,,,,,,,,,,,,,,,,,,
2023,5,31,16,0,25.3,21.72,1.9,,,,,,,,,,,,,,,,,,,,,,,,,,,,,,,,,,,,
2023,5,31,17,0,26.6,20.61,2.2,,,,,,,,,,,,,,,,,,,,,,,,,,,,,,,,,,,,
2023,5,31,18,0,27.5,20.43,2.8,,,,,,,,,,,,,,,,,,,,,,,,,,,,,,,,,,,,
2023,5,31,19,0,28,20.83,3.5,,,,,,,,,,,,,,,,,,,,,,,,,,,,,,,,,,,,
2023,5,31,20,0,28.1,21.61,4.1,,,,,,,,,,,,,,,,,,,,,,,,,,,,,,,,,,,,
2023,5,31,21,0,28,22.38,4.6,,,,,,,,,,,,,,,,,,,,,,,,,,,,,,,,,,,,
2023,5,31,22,0,27.5,23.39,4.8,,,,,,,,,,,,,,,,,,,,,,,,,,,,,,,,,,,,
2023,5,31,23,0,25.9,27.37,5.7,,,,,,,,,,,,,,,,,,,,,,,,,,,,,,,,,,,,
2023,6,1,0,0,23.7,33.4,6.7,,,,,,,,,,,,,,,,,,,,,,,,,,,,,,,,,,,,
2023,6,1,1,0,21.5,43.86,8.7,,,,,,,,,,,,,,,,,,,,,,,,,,,,,,,,,,,,
2023,6,1,2,0,18.7,60.01,10.8,,,,,,,,,,,,,,,,,,,,,,,,,,,,,,,,,,,,
2023,6,1,3,0,17.2,66.53,10.9,,,,,,,,,,,,,,,,,,,,,,,,,,,,,,,,,,,,
2023,6,1,4,0,16.7,68.67,10.9,,,,,,,,,,,,,,,,,,,,,,,,,,,,,,,,,,,,
2023,6,1,5,0,16,70.59,10.7,,,,,,,,,,,,,,,,,,,,,,,,,,,,,,,,,,,,
2023,6,1,6,0,15.6,70.68,10.3,,,,,,,,,,,,,,,,,,,,,,,,,,,,,,,,,,,,
2023,6,1,7,0,15.2,70.91,10,,,,,,,,,,,,,,,,,,,,,,,,,,,,,,,,,,,,
2023,6,1,8,0,14.9,70.52,9.6,,,,,,,,,,,,,,,,,,,,,,,,,,,,,,,,,,,,
2023,6,1,9,0,14.8,69.35,9.2,,,,,,,,,,,,,,,,,,,,,,,,,,,,,,,,,,,,
2023,6,1,10,0,14.6,68.87,8.9,,,,,,,,,,,,,,,,,,,,,,,,,,,,,,,,,,,,
2023,6,1,11,0,14.3,69.38,8.8,,,,,,,,,,,,,,,,,,,,,,,,,,,,,,,,,,,,
2023,6,1,12,0,14.3,70.74,9.1,,,,,,,,,,,,,,,,,,,,,,,,,,,,,,,,,,,,
2023,6,1,13,0,16.3,68.85,10.6,,,,,,,,,,,,,,,,,,,,,,,,,,,,,,,,,,,,
2023,6,1,14,0,18.8,54.62,9.5,,,,,,,,,,,,,,,,,,,,,,,,,,,,,,,,,,,,
2023,6,1,15,0,20.9,45.15,8.6,,,,,,,,,,,,,,,,,,,,,,,,,,,,,,,,,,,,
2023,6,1,16,0,22.3,40.94,8.4,,,,,,,,,,,,,,,,,,,,,,,,,,,,,,,,,,,,
2023,6,1,17,0,23.2,39.18,8.5,,,,,,,,,,,,,,,,,,,,,,,,,,,,,,,,,,,,
2023,6,1,18,0,23.4,39.49,8.8,,,,,,,,,,,,,,,,,,,,,,,,,,,,,,,,,,,,
2023,6,1,19,0,23.4,40.33,9.2,,,,,,,,,,,,,,,,,,,,,,,,,,,,,,,,,,,,
2023,6,1,20,0,23,41.9,9.4,,,,,,,,,,,,,,,,,,,,,,,,,,,,,,,,,,,,
2023,6,1,21,0,22.6,43.1,9.4,,,,,,,,,,,,,,,,,,,,,,,,,,,,,,,,,,,,
2023,6,1,22,0,22.1,43.87,9.2,,,,,,,,,,,,,,,,,,,,,,,,,,,,,,,,,,,,
2023,6,1,23,0,21.5,44.53,8.9,,,,,,,,,,,,,,,,,,,,,,,,,,,,,,,,,,,,
2023,6,2,0,0,20.8,48.4,9.5,,,,,,,,,,,,,,,,,,,,,,,,,,,,,,,,,,,,
2023,6,2,1,0,19.4,57.32,10.7,,,,,,,,,,,,,,,,,,,,,,,,,,,,,,,,,,,,
2023,6,2,2,0,17.4,65.24,10.8,,,,,,,,,,,,,,,,,,,,,,,,,,,,,,,,,,,,
2023,6,2,3,0,16,68.32,10.2,,,,,,,,,,,,,,,,,,,,,,,,,,,,,,,,,,,,
2023,6,2,4,0,15.2,71.42,10.1,,,,,,,,,,,,,,,,,,,,,,,,,,,,,,,,,,,,
2023,6,2,5,0,14.7,73.56,10,,,,,,,,,,,,,,,,,,,,,,,,,,,,,,,,,,,,
2023,6,2,6,0,14.3,75.15,10,,,,,,,,,,,,,,,,,,,,,,,,,,,,,,,,,,,,
2023,6,2,7,0,14.1,75.81,9.9,,,,,,,,,,,,,,,,,,,,,,,,,,,,,,,,,,,,
2023,6,2,8,0,14,75.68,9.8,,,,,,,,,,,,,,,,,,,,,,,,,,,,,,,,,,,,
2023,6,2,9,0,13.9,74.52,9.4,,,,,,,,,,,,,,,,,,,,,,,,,,,,,,,,,,,,
2023,6,2,10,0,13.7,72.91,8.9,,,,,,,,,,,,,,,,,,,,,,,,,,,,,,,,,,,,
2023,6,2,11,0,13.8,70.95,8.6,,,,,,,,,,,,,,,,,,,,,,,,,,,,,,,,,,,,
2023,6,2,12,0,14.1,70.93,8.9,,,,,,,,,,,,,,,,,,,,,,,,,,,,,,,,,,,,
2023,6,2,13,0,15.6,71.38,10.4,,,,,,,,,,,,,,,,,,,,,,,,,,,,,,,,,,,,
2023,6,2,14,0,17.5,61.21,9.9,,,,,,,,,,,,,,,,,,,,,,,,,,,,,,,,,,,,
2023,6,2,15,0,18.2,56.69,9.5,,,,,,,,,,,,,,,,,,,,,,,,,,,,,,,,,,,,
2023,6,2,16,0,18.7,53.4,9,,,,,,,,,,,,,,,,,,,,,,,,,,,,,,,,,,,,
2023,6,2,17,0,19.2,51.88,9.1,,,,,,,,,,,,,,,,,,,,,,,,,,,,,,,,,,,,
2023,6,2,18,0,19.3,51.95,9.2,,,,,,,,,,,,,,,,,,,,,,,,,,,,,,,,,,,,
2023,6,2,19,0,19.2,52.78,9.3,,,,,,,,,,,,,,,,,,,,,,,,,,,,,,,,,,,,
2023,6,2,20,0,19.3,52.71,9.4,,,,,,,,,,,,,,,,,,,,,,,,,,,,,,,,,,,,
2023,6,2,21,0,19.8,50.34,9.2,,,,,,,,,,,,,,,,,,,,,,,,,,,,,,,,,,,,
2023,6,2,22,0,20.3,47.12,8.7,,,,,,,,,,,,,,,,,,,,,,,,,,,,,,,,,,,,
2023,6,2,23,0,20.3,45.96,8.3,,,,,,,,,,,,,,,,,,,,,,,,,,,,,,,,,,,,
2023,6,3,0,0,20.1,46.28,8.2,,,,,,,,,,,,,,,,,,,,,,,,,,,,,,,,,,,,
2023,6,3,1,0,19.4,52.24,9.4,,,,,,,,,,,,,,,,,,,,,,,,,,,,,,,,,,,,
2023,6,3,2,0,18,59.71,10,,,,,,,,,,,,,,,,,,,,,,,,,,,,,,,,,,,,
2023,6,3,3,0,17.7,54.14,8.3,,,,,,,,,,,,,,,,,,,,,,,,,,,,,,,,,,,,
2023,6,3,4,0,17.6,52.41,7.7,,,,,,,,,,,,,,,,,,,,,,,,,,,,,,,,,,,,
2023,6,3,5,0,17.2,52.64,7.4,,,,,,,,,,,,,,,,,,,,,,,,,,,,,,,,,,,,
2023,6,3,6,0,16.6,54.04,7.3,,,,,,,,,,,,,,,,,,,,,,,,,,,,,,,,,,,,
2023,6,3,7,0,15.8,56.88,7.3,,,,,,,,,,,,,,,,,,,,,,,,,,,,,,,,,,,,
2023,6,3,8,0,15,59.93,7.3,,,,,,,,,,,,,,,,,,,,,,,,,,,,,,,,,,,,
2023,6,3,9,0,14.5,61.85,7.3,,,,,,,,,,,,,,,,,,,,,,,,,,,,,,,,,,,,
2023,6,3,10,0,13.9,64.12,7.2,,,,,,,,,,,,,,,,,,,,,,,,,,,,,,,,,,,,
2023,6,3,11,0,13.4,66.22,7.2,,,,,,,,,,,,,,,,,,,,,,,,,,,,,,,,,,,,
2023,6,3,12,0,13.3,67.87,7.5,,,,,,,,,,,,,,,,,,,,,,,,,,,,,,,,,,,,
2023,6,3,13,0,15.3,66.87,9.2,,,,,,,,,,,,,,,,,,,,,,,,,,,,,,,,,,,,
2023,6,3,14,0,18.2,49.84,7.6,,,,,,,,,,,,,,,,,,,,,,,,,,,,,,,,,,,,
2023,6,3,15,0,20.1,41.42,6.6,,,,,,,,,,,,,,,,,,,,,,,,,,,,,,,,,,,,
2023,6,3,16,0,21.2,38.09,6.4,,,,,,,,,,,,,,,,,,,,,,,,,,,,,,,,,,,,
2023,6,3,17,0,22.1,36.27,6.4,,,,,,,,,,,,,,,,,,,,,,,,,,,,,,,,,,,,
2023,6,3,18,0,22.6,35.56,6.6,,,,,,,,,,,,,,,,,,,,,,,,,,,,,,,,,,,,
2023,6,3,19,0,22.9,35.14,6.7,,,,,,,,,,,,,,,,,,,,,,,,,,,,,,,,,,,,
2023,6,3,20,0,22.9,35.15,6.7,,,,,,,,,,,,,,,,,,,,,,,,,,,,,,,,,,,,
2023,6,3,21,0,22.6,35.56,6.6,,,,,,,,,,,,,,,,,,,,,,,,,,,,,,,,,,,,
2023,6,3,22,0,22.2,36.06,6.4,,,,,,,,,,,,,,,,,,,,,,,,,,,,,,,,,,,,
2023,6,3,23,0,21.7,36.81,6.3,,,,,,,,,,,,,,,,,,,,,,,,,,,,,,,,,,,,
2023,6,4,0,0,21.1,37.81,6.2,,,,,,,,,,,,,,,,,,,,,,,,,,,,,,,,,,,,
2023,6,4,1,0,20.3,42.65,7.2,,,,,,,,,,,,,,,,,,,,,,,,,,,,,,,,,,,,
2023,6,4,2,0,18.7,52.72,8.8,,,,,,,,,,,,,,,,,,,,,,,,,,,,,,,,,,,,
2023,6,4,3,0,18.1,48.81,7.2,,,,,,,,,,,,,,,,,,,,,,,,,,,,,,,,,,,,
2023,6,4,4,0,18,46.83,6.5,,,,,,,,,,,,,,,,,,,,,,,,,,,,,,,,,,,,
2023,6,4,5,0,17.3,48.37,6.3,,,,,,,,,,,,,,,,,,,,,,,,,,,,,,,,,,,,
2023,6,4,6,0,16.3,53.14,6.7,,,,,,,,,,,,,,,,,,,,,,,,,,,,,,,,,,,,
2023,6,4,7,0,15.6,57,7.1,,,,,,,,,,,,,,,,,,,,,,,,,,,,,,,,,,,,
2023,6,4,8,0,15,59.49,7.2,,,,,,,,,,,,,,,,,,,,,,,,,,,,,,,,,,,,
2023,6,4,9,0,14.5,61.05,7.1,,,,,,,,,,,,,,,,,,,,,,,,,,,,,,,,,,,,
2023,6,4,10,0,13.9,62.48,6.8,,,,,,,,,,,,,,,,,,,,,,,,,,,,,,,,,,,,
2023,6,4,11,0,13,64.96,6.6,,,,,,,,,,,,,,,,,,,,,,,,,,,,,,,,,,,,
2023,6,4,12,0,12.6,69.44,7.2,,,,,,,,,,,,,,,,,,,,,,,,,,,,,,,,,,,,
2023,6,4,13,0,14.8,67.99,8.9,,,,,,,,,,,,,,,,,,,,,,,,,,,,,,,,,,,,
2023,6,4,14,0,17,56.47,8.3,,,,,,,,,,,,,,,,,,,,,,,,,,,,,,,,,,,,
2023,6,4,15,0,20,43.39,7.2,,,,,,,,,,,,,,,,,,,,,,,,,,,,,,,,,,,,
2023,6,4,16,0,21.6,38.66,6.9,,,,,,,,,,,,,,,,,,,,,,,,,,,,,,,,,,,,
2023,6,4,17,0,22.6,36.42,6.9,,,,,,,,,,,,,,,,,,,,,,,,,,,,,,,,,,,,
2023,6,4,18,0,23.2,35.4,7.1,,,,,,,,,,,,,,,,,,,,,,,,,,,,,,,,,,,,
2023,6,4,19,0,23.6,34.74,7.1,,,,,,,,,,,,,,,,,,,,,,,,,,,,,,,,,,,,
2023,6,4,20,0,24.2,33.47,7.1,,,,,,,,,,,,,,,,,,,,,,,,,,,,,,,,,,,,
2023,6,4,21,0,24.7,32.11,6.9,,,,,,,,,,,,,,,,,,,,,,,,,,,,,,,,,,,,
2023,6,4,22,0,24.9,31.11,6.7,,,,,,,,,,,,,,,,,,,,,,,,,,,,,,,,,,,,
2023,6,4,23,0,24.7,30.93,6.4,,,,,,,,,,,,,,,,,,,,,,,,,,,,,,,,,,,,
2023,6,5,0,0,24.1,31.78,6.3,,,,,,,,,,,,,,,,,,,,,,,,,,,,,,,,,,,,
2023,6,5,1,0,23.1,37.3,7.7,,,,,,,,,,,,,,,,,,,,,,,,,,,,,,,,,,,,
2023,6,5,2,0,20.5,50.97,10,,,,,,,,,,,,,,,,,,,,,,,,,,,,,,,,,,,,
2023,6,5,3,0,19.2,49.89,8.5,,,,,,,,,,,,,,,,,,,,,,,,,,,,,,,,,,,,
2023,6,5,4,0,18.4,50.87,8,,,,,,,,,,,,,,,,,,,,,,,,,,,,,,,,,,,,
2023,6,5,5,0,17.6,52.66,7.8,,,,,,,,,,,,,,,,,,,,,,,,,,,,,,,,,,,,
2023,6,5,6,0,16.9,54.3,7.6,,,,,,,,,,,,,,,,,,,,,,,,,,,,,,,,,,,,
2023,6,5,7,0,16.1,56.5,7.4,,,,,,,,,,,,,,,,,,,,,,,,,,,,,,,,,,,,
2023,6,5,8,0,15.5,58.08,7.3,,,,,,,,,,,,,,,,,,,,,,,,,,,,,,,,,,,,
2023,6,5,9,0,15,59.11,7.1,,,,,,,,,,,,,,,,,,,,,,,,,,,,,,,,,,,,
2023,6,5,10,0,14.6,59.66,6.8,,,,,,,,,,,,,,,,,,,,,,,,,,,,,,,,,,,,
2023,6,5,11,0,14.4,59.34,6.6,,,,,,,,,,,,,,,,,,,,,,,,,,,,,,,,,,,,
2023,6,5,12,0,14.4,61.36,7.1,,,,,,,,,,,,,,,,,,,,,,,,,,,,,,,,,,,,
2023,6,5,13,0,16.9,58.75,8.8,,,,,,,,,,,,,,,,,,,,,,,,,,,,,,,,,,,,
2023,6,5,14,0,19.8,43.69,7.1,,,,,,,,,,,,,,,,,,,,,,,,,,,,,,,,,,,,
2023,6,5,15,0,23,33.22,6,,,,,,,,,,,,,,,,,,,,,,,,,,,,,,,,,,,,
2023,6,5,16,0,24.7,30.83,6.4,,,,,,,,,,,,,,,,,,,,,,,,,,,,,,,,,,,,
2023,6,5,17,0,26,29.86,7,,,,,,,,,,,,,,,,,,,,,,,,,,,,,,,,,,,,
2023,6,5,18,0,26.8,29.51,7.5,,,,,,,,,,,,,,,,,,,,,,,,,,,,,,,,,,,,
2023,6,5,19,0,27.1,29.56,7.8,,,,,,,,,,,,,,,,,,,,,,,,,,,,,,,,,,,,
2023,6,5,20,0,27.2,29.65,7.9,,,,,,,,,,,,,,,,,,,,,,,,,,,,,,,,,,,,
2023,6,5,21,0,27.4,29.09,7.8,,,,,,,,,,,,,,,,,,,,,,,,,,,,,,,,,,,,
2023,6,5,22,0,27.3,29,7.7,,,,,,,,,,,,,,,,,,,,,,,,,,,,,,,,,,,,
2023,6,5,23,0,26.9,30.2,8,,,,,,,,,,,,,,,,,,,,,,,,,,,,,,,,,,,,
2023,6,6,0,0,26.2,33.51,8.9,,,,,,,,,,,,,,,,,,,,,,,,,,,,,,,,,,,,
2023,6,6,1,0,24.8,41.12,10.7,,,,,,,,,,,,,,,,,,,,,,,,,,,,,,,,,,,,
2023,6,6,2,0,21.9,58,13.3,,,,,,,,,,,,,,,,,,,,,,,,,,,,,,,,,,,,
2023,6,6,3,0,20.1,60.51,12.2,,,,,,,,,,,,,,,,,,,,,,,,,,,,,,,,,,,,
2023,6,6,4,0,19.1,62.97,11.9,,,,,,,,,,,,,,,,,,,,,,,,,,,,,,,,,,,,
2023,6,6,5,0,18.1,65.71,11.6,,,,,,,,,,,,,,,,,,,,,,,,,,,,,,,,,,,,
2023,6,6,6,0,17.1,68.49,11.3,,,,,,,,,,,,,,,,,,,,,,,,,,,,,,,,,,,,
2023,6,6,7,0,16.3,70.2,10.9,,,,,,,,,,,,,,,,,,,,,,,,,,,,,,,,,,,,
2023,6,6,8,0,15.5,71.73,10.4,,,,,,,,,,,,,,,,,,,,,,,,,,,,,,,,,,,,
2023,6,6,9,0,14.9,72,9.9,,,,,,,,,,,,,,,,,,,,,,,,,,,,,,,,,,,,
2023,6,6,10,0,14.7,70.5,9.4,,,,,,,,,,,,,,,,,,,,,,,,,,,,,,,,,,,,
2023,6,6,11,0,14.6,68.71,8.9,,,,,,,,,,,,,,,,,,,,,,,,,,,,,,,,,,,,
2023,6,6,12,0,15.4,66.38,9.2,,,,,,,,,,,,,,,,,,,,,,,,,,,,,,,,,,,,
2023,6,6,13,0,18.2,60.39,10.4,,,,,,,,,,,,,,,,,,,,,,,,,,,,,,,,,,,,
2023,6,6,14,0,20.7,50.44,10,,,,,,,,,,,,,,,,,,,,,,,,,,,,,,,,,,,,
2023,6,6,15,0,23.2,42.23,9.7,,,,,,,,,,,,,,,,,,,,,,,,,,,,,,,,,,,,
2023,6,6,16,0,23.1,42.89,9.8,,,,,,,,,,,,,,,,,,,,,,,,,,,,,,,,,,,,
2023,6,6,17,0,21.3,49.59,10.3,,,,,,,,,,,,,,,,,,,,,,,,,,,,,,,,,,,,
2023,6,6,18,0,20.6,52.31,10.5,,,,,,,,,,,,,,,,,,,,,,,,,,,,,,,,,,,,
2023,6,6,19,0,21.9,48.12,10.4,,,,,,,,,,,,,,,,,,,,,,,,,,,,,,,,,,,,
2023,6,6,20,0,24.3,42.05,10.6,,,,,,,,,,,,,,,,,,,,,,,,,,,,,,,,,,,,
2023,6,6,21,0,25.7,38.85,10.7,,,,,,,,,,,,,,,,,,,,,,,,,,,,,,,,,,,,
2023,6,6,22,0,26.2,37.13,10.4,,,,,,,,,,,,,,,,,,,,,,,,,,,,,,,,,,,,
2023,6,6,23,0,26.2,37.12,10.4,,,,,,,,,,,,,,,,,,,,,,,,,,,,,,,,,,,,
2023,6,7,0,0,25.9,37.44,10.3,,,,,,,,,,,,,,,,,,,,,,,,,,,,,,,,,,,,
2023,6,7,1,0,24,52.25,13.6,,,,,,,,,,,,,,,,,,,,,,,,,,,,,,,,,,,,
2023,6,7,2,0,21,63.57,13.8,,,,,,,,,,,,,,,,,,,,,,,,,,,,,,,,,,,,
2023,6,7,3,0,19.1,68.51,13.2,,,,,,,,,,,,,,,,,,,,,,,,,,,,,,,,,,,,
2023,6,7,4,0,18.5,68.78,12.7,,,,,,,,,,,,,,,,,,,,,,,,,,,,,,,,,,,,
2023,6,7,5,0,17.5,70.8,12.1,,,,,,,,,,,,,,,,,,,,,,,,,,,,,,,,,,,,
2023,6,7,6,0,16.3,74.96,11.9,,,,,,,,,,,,,,,,,,,,,,,,,,,,,,,,,,,,
2023,6,7,7,0,15.7,76.06,11.5,,,,,,,,,,,,,,,,,,,,,,,,,,,,,,,,,,,,
2023,6,7,8,0,15.5,74.49,11,,,,,,,,,,,,,,,,,,,,,,,,,,,,,,,,,,,,
2023,6,7,9,0,15.3,75.46,11,,,,,,,,,,,,,,,,,,,,,,,,,,,,,,,,,,,,
2023,6,7,10,0,15.2,74.73,10.7,,,,,,,,,,,,,,,,,,,,,,,,,,,,,,,,,,,,
2023,6,7,11,0,15.2,72.86,10.4,,,,,,,,,,,,,,,,,,,,,,,,,,,,,,,,,,,,
2023,6,7,12,0,15.2,73.65,10.5,,,,,,,,,,,,,,,,,,,,,,,,,,,,,,,,,,,,
2023,6,7,13,0,16.6,73.5,11.8,,,,,,,,,,,,,,,,,,,,,,,,,,,,,,,,,,,,
2023,6,7,14,0,18.5,64.78,11.7,,,,,,,,,,,,,,,,,,,,,,,,,,,,,,,,,,,,
2023,6,7,15,0,20.9,51.25,10.5,,,,,,,,,,,,,,,,,,,,,,,,,,,,,,,,,,,,
2023,6,7,16,0,22,46.04,9.9,,,,,,,,,,,,,,,,,,,,,,,,,,,,,,,,,,,,
2023,6,7,17,0,22.5,43.37,9.4,,,,,,,,,,,,,,,,,,,,,,,,,,,,,,,,,,,,
2023,6,7,18,0,23.3,39.62,8.8,,,,,,,,,,,,,,,,,,,,,,,,,,,,,,,,,,,,
2023,6,7,19,0,24.1,36.25,8.2,,,,,,,,,,,,,,,,,,,,,,,,,,,,,,,,,,,,
2023,6,7,20,0,24.6,34.18,7.8,,,,,,,,,,,,,,,,,,,,,,,,,,,,,,,,,,,,
2023,6,7,21,0,25.1,32.3,7.4,,,,,,,,,,,,,,,,,,,,,,,,,,,,,,,,,,,,
2023,6,7,22,0,24.9,32.1,7.1,,,,,,,,,,,,,,,,,,,,,,,,,,,,,,,,,,,,
2023,6,7,23,0,24.8,32.46,7.2,,,,,,,,,,,,,,,,,,,,,,,,,,,,,,,,,,,,
2023,6,8,0,0,24,36.96,8.4,,,,,,,,,,,,,,,,,,,,,,,,,,,,,,,,,,,,
2023,6,8,1,0,22.5,45.63,10.2,,,,,,,,,,,,,,,,,,,,,,,,,,,,,,,,,,,,
2023,6,8,2,0,20.5,55.67,11.3,,,,,,,,,,,,,,,,,,,,,,,,,,,,,,,,,,,,
2023,6,8,3,0,19,57.49,10.4,,,,,,,,,,,,,,,,,,,,,,,,,,,,,,,,,,,,
2023,6,8,4,0,18.4,58.3,10.1,,,,,,,,,,,,,,,,,,,,,,,,,,,,,,,,,,,,
2023,6,8,5,0,18.4,55.21,9.3,,,,,,,,,,,,,,,,,,,,,,,,,,,,,,,,,,,,
2023,6,8,6,0,18.1,54.57,8.8,,,,,,,,,,,,,,,,,,,,,,,,,,,,,,,,,,,,
2023,6,8,7,0,17.3,57.08,8.7,,,,,,,,,,,,,,,,,,,,,,,,,,,,,,,,,,,,
2023,6,8,8,0,16.4,60.53,8.7,,,,,,,,,,,,,,,,,,,,,,,,,,,,,,,,,,,,
2023,6,8,9,0,15.6,63.43,8.7,,,,,,,,,,,,,,,,,,,,,,,,,,,,,,,,,,,,
2023,6,8,10,0,15,64.63,8.4,,,,,,,,,,,,,,,,,,,,,,,,,,,,,,,,,,,,
2023,6,8,11,0,14.4,65.66,8.1,,,,,,,,,,,,,,,,,,,,,,,,,,,,,,,,,,,,
2023,6,8,12,0,14.4,66.88,8.3,,,,,,,,,,,,,,,,,,,,,,,,,,,,,,,,,,,,
2023,6,8,13,0,16.8,61.24,9.3,,,,,,,,,,,,,,,,,,,,,,,,,,,,,,,,,,,,
2023,6,8,14,0,19.6,46.13,7.7,,,,,,,,,,,,,,,,,,,,,,,,,,,,,,,,,,,,
2023,6,8,15,0,22.5,35.53,6.5,,,,,,,,,,,,,,,,,,,,,,,,,,,,,,,,,,,,
2023,6,8,16,0,24.2,31.42,6.2,,,,,,,,,,,,,,,,,,,,,,,,,,,,,,,,,,,,
2023,6,8,17,0,25.4,28.84,6,,,,,,,,,,,,,,,,,,,,,,,,,,,,,,,,,,,,
2023,6,8,18,0,26.4,26.99,5.9,,,,,,,,,,,,,,,,,,,,,,,,,,,,,,,,,,,,
2023,6,8,19,0,26.9,26.17,5.9,,,,,,,,,,,,,,,,,,,,,,,,,,,,,,,,,,,,
2023,6,8,20,0,27.1,25.71,5.8,,,,,,,,,,,,,,,,,,,,,,,,,,,,,,,,,,,,
2023,6,8,21,0,26.8,26.32,5.9,,,,,,,,,,,,,,,,,,,,,,,,,,,,,,,,,,,,
2023,6,8,22,0,25.6,29.26,6.4,,,,,,,,,,,,,,,,,,,,,,,,,,,,,,,,,,,,
2023,6,8,23,0,23.5,35.59,7.4,,,,,,,,,,,,,,,,,,,,,,,,,,,,,,,,,,,,
2023,6,9,0,0,21.3,44.4,8.7,,,,,,,,,,,,,,,,,,,,,,,,,,,,,,,,,,,,
2023,6,9,1,0,19.2,53.53,9.5,,,,,,,,,,,,,,,,,,,,,,,,,,,,,,,,,,,,
2023,6,9,2,0,17.1,64.52,10.4,,,,,,,,,,,,,,,,,,,,,,,,,,,,,,,,,,,,
2023,6,9,3,0,15.9,70.28,10.5,,,,,,,,,,,,,,,,,,,,,,,,,,,,,,,,,,,,
2023,6,9,4,0,15.8,69.46,10.2,,,,,,,,,,,,,,,,,,,,,,,,,,,,,,,,,,,,
2023,6,9,5,0,15.6,68.32,9.8,,,,,,,,,,,,,,,,,,,,,,,,,,,,,,,,,,,,
2023,6,9,6,0,15.6,66.68,9.4,,,,,,,,,,,,,,,,,,,,,,,,,,,,,,,,,,,,
2023,6,9,7,0,15.6,65.35,9.1,,,,,,,,,,,,,,,,,,,,,,,,,,,,,,,,,,,,
2023,6,9,8,0,15.8,63.11,8.8,,,,,,,,,,,,,,,,,,,,,,,,,,,,,,,,,,,,
2023,6,9,9,0,15.8,61.66,8.5,,,,,,,,,,,,,,,,,,,,,,,,,,,,,,,,,,,,
2023,6,9,10,0,15.4,61.53,8,,,,,,,,,,,,,,,,,,,,,,,,,,,,,,,,,,,,
2023,6,9,11,0,14.8,62.18,7.6,,,,,,,,,,,,,,,,,,,,,,,,,,,,,,,,,,,,
2023,6,9,12,0,14.5,64.84,8,,,,,,,,,,,,,,,,,,,,,,,,,,,,,,,,,,,,
2023,6,9,13,0,16.8,63.4,9.8,,,,,,,,,,,,,,,,,,,,,,,,,,,,,,,,,,,,
2023,6,9,14,0,19.6,46.09,7.7,,,,,,,,,,,,,,,,,,,,,,,,,,,,,,,,,,,,
2023,6,9,15,0,22.2,34.91,6,,,,,,,,,,,,,,,,,,,,,,,,,,,,,,,,,,,,
2023,6,9,16,0,23.2,32.75,5.9,,,,,,,,,,,,,,,,,,,,,,,,,,,,,,,,,,,,
2023,6,9,17,0,23.8,32.08,6.1,,,,,,,,,,,,,,,,,,,,,,,,,,,,,,,,,,,,
2023,6,9,18,0,24.1,31.93,6.3,,,,,,,,,,,,,,,,,,,,,,,,,,,,,,,,,,,,
2023,6,9,19,0,24.1,32.25,6.5,,,,,,,,,,,,,,,,,,,,,,,,,,,,,,,,,,,,
2023,6,9,20,0,24,32.57,6.5,,,,,,,,,,,,,,,,,,,,,,,,,,,,,,,,,,,,
2023,6,9,21,0,24,32.37,6.5,,,,,,,,,,,,,,,,,,,,,,,,,,,,,,,,,,,,
2023,6,9,22,0,23.9,32.03,6.2,,,,,,,,,,,,,,,,,,,,,,,,,,,,,,,,,,,,
2023,6,9,23,0,23.8,32.38,6.3,,,,,,,,,,,,,,,,,,,,,,,,,,,,,,,,,,,,
2023,6,10,0,0,23.5,32.92,6.3,,,,,,,,,,,,,,,,,,,,,,,,,,,,,,,,,,,,
2023,6,10,1,0,22.7,38.87,8,,,,,,,,,,,,,,,,,,,,,,,,,,,,,,,,,,,,
2023,6,10,2,0,21.4,44.62,8.9,,,,,,,,,,,,,,,,,,,,,,,,,,,,,,,,,,,,
2023,6,10,3,0,20.7,42.22,7.4,,,,,,,,,,,,,,,,,,,,,,,,,,,,,,,,,,,,
2023,6,10,4,0,20.2,42.83,7.2,,,,,,,,,,,,,,,,,,,,,,,,,,,,,,,,,,,,
2023,6,10,5,0,19.6,44.29,7.1,,,,,,,,,,,,,,,,,,,,,,,,,,,,,,,,,,,,
2023,6,10,6,0,19,45.89,7.1,,,,,,,,,,,,,,,,,,,,,,,,,,,,,,,,,,,,
2023,6,10,7,0,18.4,47.63,7.1,,,,,,,,,,,,,,,,,,,,,,,,,,,,,,,,,,,,
2023,6,10,8,0,17.7,50.11,7.2,,,,,,,,,,,,,,,,,,,,,,,,,,,,,,,,,,,,
2023,6,10,9,0,17.1,51.91,7.1,,,,,,,,,,,,,,,,,,,,,,,,,,,,,,,,,,,,
2023,6,10,10,0,16.5,53.33,7,,,,,,,,,,,,,,,,,,,,,,,,,,,,,,,,,,,,
2023,6,10,11,0,16,54.58,6.8,,,,,,,,,,,,,,,,,,,,,,,,,,,,,,,,,,,,
2023,6,10,12,0,15.7,57.2,7.3,,,,,,,,,,,,,,,,,,,,,,,,,,,,,,,,,,,,
2023,6,10,13,0,17.4,58.48,9.2,,,,,,,,,,,,,,,,,,,,,,,,,,,,,,,,,,,,
2023,6,10,14,0,19.7,45.4,7.6,,,,,,,,,,,,,,,,,,,,,,,,,,,,,,,,,,,,
2023,6,10,15,0,21.4,39.71,7.1,,,,,,,,,,,,,,,,,,,,,,,,,,,,,,,,,,,,
2023,6,10,16,0,22.6,36.81,7.1,,,,,,,,,,,,,,,,,,,,,,,,,,,,,,,,,,,,
2023,6,10,17,0,23.4,35.42,7.2,,,,,,,,,,,,,,,,,,,,,,,,,,,,,,,,,,,,
2023,6,10,18,0,24.1,34,7.3,,,,,,,,,,,,,,,,,,,,,,,,,,,,,,,,,,,,
2023,6,10,19,0,24.4,33.53,7.3,,,,,,,,,,,,,,,,,,,,,,,,,,,,,,,,,,,,
2023,6,10,20,0,24.6,33.3,7.4,,,,,,,,,,,,,,,,,,,,,,,,,,,,,,,,,,,,
2023,6,10,21,0,24.6,33.3,7.4,,,,,,,,,,,,,,,,,,,,,,,,,,,,,,,,,,,,
2023,6,10,22,0,24.5,33.54,7.4,,,,,,,,,,,,,,,,,,,,,,,,,,,,,,,,,,,,
2023,6,10,23,0,24.3,33.94,7.4,,,,,,,,,,,,,,,,,,,,,,,,,,,,,,,,,,,,
2023,6,11,0,0,23.9,35.35,7.7,,,,,,,,,,,,,,,,,,,,,,,,,,,,,,,,,,,,
2023,6,11,1,0,23.2,41.83,9.5,,,,,,,,,,,,,,,,,,,,,,,,,,,,,,,,,,,,
2023,6,11,2,0,21.5,50.02,10.6,,,,,,,,,,,,,,,,,,,,,,,,,,,,,,,,,,,,
2023,6,11,3,0,20.3,52.95,10.4,,,,,,,,,,,,,,,,,,,,,,,,,,,,,,,,,,,,
2023,6,11,4,0,19.1,58.39,10.7,,,,,,,,,,,,,,,,,,,,,,,,,,,,,,,,,,,,
2023,6,11,5,0,17.9,63.82,11,,,,,,,,,,,,,,,,,,,,,,,,,,,,,,,,,,,,
2023,6,11,6,0,17.1,67.55,11,,,,,,,,,,,,,,,,,,,,,,,,,,,,,,,,,,,,
2023,6,11,7,0,16.3,70.89,11,,,,,,,,,,,,,,,,,,,,,,,,,,,,,,,,,,,,
2023,6,11,8,0,15.2,74.06,10.6,,,,,,,,,,,,,,,,,,,,,,,,,,,,,,,,,,,,
2023,6,11,9,0,14.4,75.67,10.2,,,,,,,,,,,,,,,,,,,,,,,,,,,,,,,,,,,,
2023,6,11,10,0,13.9,76.96,9.9,,,,,,,,,,,,,,,,,,,,,,,,,,,,,,,,,,,,
2023,6,11,11,0,13.5,77.81,9.7,,,,,,,,,,,,,,,,,,,,,,,,,,,,,,,,,,,,
2023,6,11,12,0,14.1,76.07,9.9,,,,,,,,,,,,,,,,,,,,,,,,,,,,,,,,,,,,
2023,6,11,13,0,16.7,67.04,10.6,,,,,,,,,,,,,,,,,,,,,,,,,,,,,,,,,,,,
2023,6,11,14,0,19.5,54.16,10,,,,,,,,,,,,,,,,,,,,,,,,,,,,,,,,,,,,
2023,6,11,15,0,22.8,39.39,8.3,,,,,,,,,,,,,,,,,,,,,,,,,,,,,,,,,,,,
2023,6,11,16,0,24.9,32.11,7.1,,,,,,,,,,,,,,,,,,,,,,,,,,,,,,,,,,,,
2023,6,11,17,0,26.4,28.63,6.8,,,,,,,,,,,,,,,,,,,,,,,,,,,,,,,,,,,,
2023,6,11,18,0,27.5,27.07,6.9,,,,,,,,,,,,,,,,,,,,,,,,,,,,,,,,,,,,
2023,6,11,19,0,27.8,27.16,7.2,,,,,,,,,,,,,,,,,,,,,,,,,,,,,,,,,,,,
2023,6,11,20,0,26.8,30.22,7.9,,,,,,,,,,,,,,,,,,,,,,,,,,,,,,,,,,,,
2023,6,11,21,0,25.3,34.68,8.6,,,,,,,,,,,,,,,,,,,,,,,,,,,,,,,,,,,,
2023,6,11,22,0,24.3,38.16,9.1,,,,,,,,,,,,,,,,,,,,,,,,,,,,,,,,,,,,
2023,6,11,23,0,23.6,40.33,9.3,,,,,,,,,,,,,,,,,,,,,,,,,,,,,,,,,,,,
2023,6,12,0,0,22.8,43.79,9.8,,,,,,,,,,,,,,,,,,,,,,,,,,,,,,,,,,,,
2023,6,12,1,0,21.4,52.44,11.3,,,,,,,,,,,,,,,,,,,,,,,,,,,,,,,,,,,,
2023,6,12,2,0,19.1,66.81,12.8,,,,,,,,,,,,,,,,,,,,,,,,,,,,,,,,,,,,
2023,6,12,3,0,17,72.57,12,,,,,,,,,,,,,,,,,,,,,,,,,,,,,,,,,,,,
2023,6,12,4,0,16,76.68,11.9,,,,,,,,,,,,,,,,,,,,,,,,,,,,,,,,,,,,
2023,6,12,5,0,15.6,79.34,12,,,,,,,,,,,,,,,,,,,,,,,,,,,,,,,,,,,,
2023,6,12,6,0,15.5,79.61,12,,,,,,,,,,,,,,,,,,,,,,,,,,,,,,,,,,,,
2023,6,12,7,0,15.1,81.19,11.9,,,,,,,,,,,,,,,,,,,,,,,,,,,,,,,,,,,,
2023,6,12,8,0,14.7,82.03,11.7,,,,,,,,,,,,,,,,,,,,,,,,,,,,,,,,,,,,
2023,6,12,9,0,14.6,80.06,11.2,,,,,,,,,,,,,,,,,,,,,,,,,,,,,,,,,,,,
2023,6,12,10,0,14.6,78.26,10.9,,,,,,,,,,,,,,,,,,,,,,,,,,,,,,,,,,,,
2023,6,12,11,0,14.5,77.58,10.6,,,,,,,,,,,,,,,,,,,,,,,,,,,,,,,,,,,,
2023,6,12,12,0,14.6,77.47,10.7,,,,,,,,,,,,,,,,,,,,,,,,,,,,,,,,,,,,
2023,6,12,13,0,16.2,76.23,12,,,,,,,,,,,,,,,,,,,,,,,,,,,,,,,,,,,,
2023,6,12,14,0,18.6,60.88,10.9,,,,,,,,,,,,,,,,,,,,,,,,,,,,,,,,,,,,
2023,6,12,15,0,20.5,46.54,8.7,,,,,,,,,,,,,,,,,,,,,,,,,,,,,,,,,,,,
2023,6,12,16,0,21.6,40.77,7.7,,,,,,,,,,,,,,,,,,,,,,,,,,,,,,,,,,,,
2023,6,12,17,0,22.4,39.25,7.9,,,,,,,,,,,,,,,,,,,,,,,,,,,,,,,,,,,,
2023,6,12,18,0,22.7,39.17,8.1,,,,,,,,,,,,,,,,,,,,,,,,,,,,,,,,,,,,
2023,6,12,19,0,22.4,40.58,8.3,,,,,,,,,,,,,,,,,,,,,,,,,,,,,,,,,,,,
2023,6,12,20,0,22.2,42.2,8.7,,,,,,,,,,,,,,,,,,,,,,,,,,,,,,,,,,,,
2023,6,12,21,0,21.9,43.46,8.9,,,,,,,,,,,,,,,,,,,,,,,,,,,,,,,,,,,,
2023,6,12,22,0,21.4,44.82,8.9,,,,,,,,,,,,,,,,,,,,,,,,,,,,,,,,,,,,
2023,6,12,23,0,21,46.36,9.1,,,,,,,,,,,,,,,,,,,,,,,,,,,,,,,,,,,,
2023,6,13,0,0,20.4,49.4,9.4,,,,,,,,,,,,,,,,,,,,,,,,,,,,,,,,,,,,
2023,6,13,1,0,19.8,54.1,10.3,,,,,,,,,,,,,,,,,,,,,,,,,,,,,,,,,,,,
2023,6,13,2,0,18.4,62.63,11.1,,,,,,,,,,,,,,,,,,,,,,,,,,,,,,,,,,,,
2023,6,13,3,0,17.7,61.28,10.2,,,,,,,,,,,,,,,,,,,,,,,,,,,,,,,,,,,,
2023,6,13,4,0,17.2,62.79,10,,,,,,,,,,,,,,,,,,,,,,,,,,,,,,,,,,,,
2023,6,13,5,0,16.7,65.88,10.3,,,,,,,,,,,,,,,,,,,,,,,,,,,,,,,,,,,,
2023,6,13,6,0,16.4,67.08,10.3,,,,,,,,,,,,,,,,,,,,,,,,,,,,,,,,,,,,
2023,6,13,7,0,16.1,68.29,10.3,,,,,,,,,,,,,,,,,,,,,,,,,,,,,,,,,,,,
2023,6,13,8,0,16,68.32,10.2,,,,,,,,,,,,,,,,,,,,,,,,,,,,,,,,,,,,
2023,6,13,9,0,16,67.76,10,,,,,,,,,,,,,,,,,,,,,,,,,,,,,,,,,,,,
2023,6,13,10,0,16,66.93,9.9,,,,,,,,,,,,,,,,,,,,,,,,,,,,,,,,,,,,
2023,6,13,11,0,15.8,68.17,9.9,,,,,,,,,,,,,,,,,,,,,,,,,,,,,,,,,,,,
2023,6,13,12,0,15.7,71.29,10.5,,,,,,,,,,,,,,,,,,,,,,,,,,,,,,,,,,,,
2023,6,13,13,0,16.5,75.21,12.1,,,,,,,,,,,,,,,,,,,,,,,,,,,,,,,,,,,,
2023,6,13,14,0,17.6,69.48,12,,,,,,,,,,,,,,,,,,,,,,,,,,,,,,,,,,,,
2023,6,13,15,0,18.3,61.03,10.7,,,,,,,,,,,,,,,,,,,,,,,,,,,,,,,,,,,,
2023,6,13,16,0,19.3,54.9,10,,,,,,,,,,,,,,,,,,,,,,,,,,,,,,,,,,,,
2023,6,13,17,0,20.3,50.15,9.6,,,,,,,,,,,,,,,,,,,,,,,,,,,,,,,,,,,,
2023,6,13,18,0,20.9,47.78,9.4,,,,,,,,,,,,,,,,,,,,,,,,,,,,,,,,,,,,
2023,6,13,19,0,21.5,45.57,9.3,,,,,,,,,,,,,,,,,,,,,,,,,,,,,,,,,,,,
2023,6,13,20,0,22,43.64,9.1,,,,,,,,,,,,,,,,,,,,,,,,,,,,,,,,,,,,
2023,6,13,21,0,22.4,41.77,8.8,,,,,,,,,,,,,,,,,,,,,,,,,,,,,,,,,,,,
2023,6,13,22,0,22.6,40.43,8.5,,,,,,,,,,,,,,,,,,,,,,,,,,,,,,,,,,,,
2023,6,13,23,0,22.5,40.14,8.3,,,,,,,,,,,,,,,,,,,,,,,,,,,,,,,,,,,,
2023,6,14,0,0,22.1,41.14,8.3,,,,,,,,,,,,,,,,,,,,,,,,,,,,,,,,,,,,
2023,6,14,1,0,21.2,46.28,9.2,,,,,,,,,,,,,,,,,,,,,,,,,,,,,,,,,,,,
2023,6,14,2,0,19.4,59.94,11.4,,,,,,,,,,,,,,,,,,,,,,,,,,,,,,,,,,,,
2023,6,14,3,0,18.7,57.62,10.2,,,,,,,,,,,,,,,,,,,,,,,,,,,,,,,,,,,,
2023,6,14,4,0,18.4,58.91,10.2,,,,,,,,,,,,,,,,,,,,,,,,,,,,,,,,,,,,
2023,6,14,5,0,17.8,62.31,10.5,,,,,,,,,,,,,,,,,,,,,,,,,,,,,,,,,,,,
2023,6,14,6,0,17.2,65.58,10.7,,,,,,,,,,,,,,,,,,,,,,,,,,,,,,,,,,,,
2023,6,14,7,0,16.7,68.39,10.9,,,,,,,,,,,,,,,,,,,,,,,,,,,,,,,,,,,,
2023,6,14,8,0,16.4,70.21,11,,,,,,,,,,,,,,,,,,,,,,,,,,,,,,,,,,,,
2023,6,14,9,0,16.4,69.67,10.8,,,,,,,,,,,,,,,,,,,,,,,,,,,,,,,,,,,,
2023,6,14,10,0,16.4,68.78,10.7,,,,,,,,,,,,,,,,,,,,,,,,,,,,,,,,,,,,
2023,6,14,11,0,16.3,68.04,10.4,,,,,,,,,,,,,,,,,,,,,,,,,,,,,,,,,,,,
2023,6,14,12,0,16.3,69.17,10.6,,,,,,,,,,,,,,,,,,,,,,,,,,,,,,,,,,,,
2023,6,14,13,0,17.7,70.17,12.2,,,,,,,,,,,,,,,,,,,,,,,,,,,,,,,,,,,,
2023,6,14,14,0,18.9,64,11.9,,,,,,,,,,,,,,,,,,,,,,,,,,,,,,,,,,,,
2023,6,14,15,0,19.5,59.15,11.3,,,,,,,,,,,,,,,,,,,,,,,,,,,,,,,,,,,,
2023,6,14,16,0,19.9,57.33,11.2,,,,,,,,,,,,,,,,,,,,,,,,,,,,,,,,,,,,
2023,6,14,17,0,20.3,55.89,11.2,,,,,,,,,,,,,,,,,,,,,,,,,,,,,,,,,,,,
2023,6,14,18,0,20.7,54.17,11.1,,,,,,,,,,,,,,,,,,,,,,,,,,,,,,,,,,,,
2023,6,14,19,0,21,52.75,11,,,,,,,,,,,,,,,,,,,,,,,,,,,,,,,,,,,,
2023,6,14,20,0,21.2,51.57,10.8,,,,,,,,,,,,,,,,,,,,,,,,,,,,,,,,,,,,
2023,6,14,21,0,21.5,50.06,10.7,,,,,,,,,,,,,,,,,,,,,,,,,,,,,,,,,,,,
2023,6,14,22,0,22.1,47.56,10.4,,,,,,,,,,,,,,,,,,,,,,,,,,,,,,,,,,,,
2023,6,14,23,0,22.3,46.31,10.2,,,,,,,,,,,,,,,,,,,,,,,,,,,,,,,,,,,,
2023,6,15,0,0,22.2,46.86,10.3,,,,,,,,,,,,,,,,,,,,,,,,,,,,,,,,,,,,
2023,6,15,1,0,21.6,53.64,11.8,,,,,,,,,,,,,,,,,,,,,,,,,,,,,,,,,,,,
2023,6,15,2,0,20.3,59.89,12.3,,,,,,,,,,,,,,,,,,,,,,,,,,,,,,,,,,,,
2023,6,15,3,0,18.8,60.95,11.1,,,,,,,,,,,,,,,,,,,,,,,,,,,,,,,,,,,,
2023,6,15,4,0,17.5,66.97,11.3,,,,,,,,,,,,,,,,,,,,,,,,,,,,,,,,,,,,
2023,6,15,5,0,16.6,71.89,11.5,,,,,,,,,,,,,,,,,,,,,,,,,,,,,,,,,,,,
2023,6,15,6,0,16,76.46,11.9,,,,,,,,,,,,,,,,,,,,,,,,,,,,,,,,,,,,
2023,6,15,7,0,15.5,80,12.1,,,,,,,,,,,,,,,,,,,,,,,,,,,,,,,,,,,,
2023,6,15,8,0,15.1,83.01,12.2,,,,,,,,,,,,,,,,,,,,,,,,,,,,,,,,,,,,
2023,6,15,9,0,15,83.41,12.2,,,,,,,,,,,,,,,,,,,,,,,,,,,,,,,,,,,,
2023,6,15,10,0,14.6,82.9,11.7,,,,,,,,,,,,,,,,,,,,,,,,,,,,,,,,,,,,
2023,6,15,11,0,13.6,83.1,10.8,,,,,,,,,,,,,,,,,,,,,,,,,,,,,,,,,,,,
2023,6,15,12,0,12.5,80.77,9.3,,,,,,,,,,,,,,,,,,,,,,,,,,,,,,,,,,,,
2023,6,15,13,0,11.8,77.22,7.9,,,,,,,,,,,,,,,,,,,,,,,,,,,,,,,,,,,,
2023,6,15,14,0,12.3,69.89,7,,,,,,,,,,,,,,,,,,,,,,,,,,,,,,,,,,,,
2023,6,15,15,0,14,60.62,6.5,,,,,,,,,,,,,,,,,,,,,,,,,,,,,,,,,,,,
2023,6,15,16,0,17.1,45.19,5.1,,,,,,,,,,,,,,,,,,,,,,,,,,,,,,,,,,,,
2023,6,15,17,0,20.2,32.65,3.3,,,,,,,,,,,,,,,,,,,,,,,,,,,,,,,,,,,,
2023,6,15,18,0,21.4,30.88,3.5,,,,,,,,,,,,,,,,,,,,,,,,,,,,,,,,,,,,
2023,6,15,19,0,22,30.15,3.7,,,,,,,,,,,,,,,,,,,,,,,,,,,,,,,,,,,,
2023,6,15,20,0,22.4,29.23,3.6,,,,,,,,,,,,,,,,,,,,,,,,,,,,,,,,,,,,
2023,6,15,21,0,22.5,28.36,3.3,,,,,,,,,,,,,,,,,,,,,,,,,,,,,,,,,,,,
2023,6,15,22,0,22.3,27.59,2.7,,,,,,,,,,,,,,,,,,,,,,,,,,,,,,,,,,,,
2023,6,15,23,0,21.9,27.03,2.1,,,,,,,,,,,,,,,,,,,,,,,,,,,,,,,,,,,,
2023,6,16,0,0,21.1,27.19,1.5,,,,,,,,,,,,,,,,,,,,,,,,,,,,,,,,,,,,
2023,6,16,1,0,19.9,30.08,1.8,,,,,,,,,,,,,,,,,,,,,,,,,,,,,,,,,,,,
2023,6,16,2,0,17.5,45.18,5.5,,,,,,,,,,,,,,,,,,,,,,,,,,,,,,,,,,,,
2023,6,16,3,0,16.4,42.74,3.7,,,,,,,,,,,,,,,,,,,,,,,,,,,,,,,,,,,,
2023,6,16,4,0,16.1,40.82,2.8,,,,,,,,,,,,,,,,,,,,,,,,,,,,,,,,,,,,
2023,6,16,5,0,15.7,40.03,2.1,,,,,,,,,,,,,,,,,,,,,,,,,,,,,,,,,,,,
2023,6,16,6,0,15.3,40.44,1.9,,,,,,,,,,,,,,,,,,,,,,,,,,,,,,,,,,,,
2023,6,16,7,0,14.7,41.98,1.9,,,,,,,,,,,,,,,,,,,,,,,,,,,,,,,,,,,,
2023,6,16,8,0,14.4,42.46,1.8,,,,,,,,,,,,,,,,,,,,,,,,,,,,,,,,,,,,
2023,6,16,9,0,13.8,43.81,1.7,,,,,,,,,,,,,,,,,,,,,,,,,,,,,,,,,,,,
2023,6,16,10,0,13.2,45,1.5,,,,,,,,,,,,,,,,,,,,,,,,,,,,,,,,,,,,
2023,6,16,11,0,12.6,46.6,1.5,,,,,,,,,,,,,,,,,,,,,,,,,,,,,,,,,,,,
2023,6,16,12,0,12.6,49.46,2.3,,,,,,,,,,,,,,,,,,,,,,,,,,,,,,,,,,,,
2023,6,16,13,0,14.6,51.09,4.6,,,,,,,,,,,,,,,,,,,,,,,,,,,,,,,,,,,,
2023,6,16,14,0,17.3,35.11,1.7,,,,,,,,,,,,,,,,,,,,,,,,,,,,,,,,,,,,
2023,6,16,15,0,19.3,31.03,1.8,,,,,,,,,,,,,,,,,,,,,,,,,,,,,,,,,,,,
2023,6,16,16,0,20.6,29.6,2.2,,,,,,,,,,,,,,,,,,,,,,,,,,,,,,,,,,,,
2023,6,16,17,0,21.6,28.53,2.6,,,,,,,,,,,,,,,,,,,,,,,,,,,,,,,,,,,,
2023,6,16,18,0,22.5,27.41,2.8,,,,,,,,,,,,,,,,,,,,,,,,,,,,,,,,,,,,
2023,6,16,19,0,23.1,26.71,2.9,,,,,,,,,,,,,,,,,,,,,,,,,,,,,,,,,,,,
2023,6,16,20,0,23.4,26.27,2.9,,,,,,,,,,,,,,,,,,,,,,,,,,,,,,,,,,,,
2023,6,16,21,0,23.5,25.83,2.8,,,,,,,,,,,,,,,,,,,,,,,,,,,,,,,,,,,,
2023,6,16,22,0,23.3,25.58,2.5,,,,,,,,,,,,,,,,,,,,,,,,,,,,,,,,,,,,
2023,6,16,23,0,22.8,25.76,2.2,,,,,,,,,,,,,,,,,,,,,,,,,,,,,,,,,,,,
2023,6,17,0,0,22,26.5,1.9,,,,,,,,,,,,,,,,,,,,,,,,,,,,,,,,,,,,
2023,6,17,1,0,20.8,30.11,2.6,,,,,,,,,,,,,,,,,,,,,,,,,,,,,,,,,,,,
2023,6,17,2,0,18.6,43.49,5.9,,,,,,,,,,,,,,,,,,,,,,,,,,,,,,,,,,,,
2023,6,17,3,0,17.8,39.14,3.7,,,,,,,,,,,,,,,,,,,,,,,,,,,,,,,,,,,,
2023,6,17,4,0,17.6,36.98,2.7,,,,,,,,,,,,,,,,,,,,,,,,,,,,,,,,,,,,
2023,6,17,5,0,17,37.9,2.5,,,,,,,,,,,,,,,,,,,,,,,,,,,,,,,,,,,,
2023,6,17,6,0,16.3,39.48,2.5,,,,,,,,,,,,,,,,,,,,,,,,,,,,,,,,,,,,
2023,6,17,7,0,15.7,40.88,2.4,,,,,,,,,,,,,,,,,,,,,,,,,,,,,,,,,,,,
2023,6,17,8,0,14.8,43.8,2.6,,,,,,,,,,,,,,,,,,,,,,,,,,,,,,,,,,,,
2023,6,17,9,0,14.1,47.08,3,,,,,,,,,,,,,,,,,,,,,,,,,,,,,,,,,,,,
2023,6,17,10,0,14,47.69,3.1,,,,,,,,,,,,,,,,,,,,,,,,,,,,,,,,,,,,
2023,6,17,11,0,13.9,48.84,3.3,,,,,,,,,,,,,,,,,,,,,,,,,,,,,,,,,,,,
2023,6,17,12,0,14.2,51.51,4.3,,,,,,,,,,,,,,,,,,,,,,,,,,,,,,,,,,,,
2023,6,17,13,0,16.4,54.12,7.1,,,,,,,,,,,,,,,,,,,,,,,,,,,,,,,,,,,,
2023,6,17,14,0,19,37.54,4.2,,,,,,,,,,,,,,,,,,,,,,,,,,,,,,,,,,,,
2023,6,17,15,0,20.5,32.86,3.6,,,,,,,,,,,,,,,,,,,,,,,,,,,,,,,,,,,,
2023,6,17,16,0,21.7,31.12,3.9,,,,,,,,,,,,,,,,,,,,,,,,,,,,,,,,,,,,
2023,6,17,17,0,23,29.81,4.4,,,,,,,,,,,,,,,,,,,,,,,,,,,,,,,,,,,,
2023,6,17,18,0,24.1,28.89,4.9,,,,,,,,,,,,,,,,,,,,,,,,,,,,,,,,,,,,
2023,6,17,19,0,24.6,28.66,5.2,,,,,,,,,,,,,,,,,,,,,,,,,,,,,,,,,,,,
2023,6,17,20,0,25.1,27.98,5.3,,,,,,,,,,,,,,,,,,,,,,,,,,,,,,,,,,,,
2023,6,17,21,0,25.7,27.25,5.4,,,,,,,,,,,,,,,,,,,,,,,,,,,,,,,,,,,,
2023,6,17,22,0,25.8,26.98,5.4,,,,,,,,,,,,,,,,,,,,,,,,,,,,,,,,,,,,
2023,6,17,23,0,25.6,27.04,5.2,,,,,,,,,,,,,,,,,,,,,,,,,,,,,,,,,,,,
2023,6,18,0,0,25.1,27.67,5.1,,,,,,,,,,,,,,,,,,,,,,,,,,,,,,,,,,,,
2023,6,18,1,0,24.1,32.48,6.6,,,,,,,,,,,,,,,,,,,,,,,,,,,,,,,,,,,,
2023,6,18,2,0,22.9,37.51,7.6,,,,,,,,,,,,,,,,,,,,,,,,,,,,,,,,,,,,
2023,6,18,3,0,21.4,39.63,7.1,,,,,,,,,,,,,,,,,,,,,,,,,,,,,,,,,,,,
2023,6,18,4,0,19.5,48.81,8.4,,,,,,,,,,,,,,,,,,,,,,,,,,,,,,,,,,,,
2023,6,18,5,0,18.3,52.86,8.5,,,,,,,,,,,,,,,,,,,,,,,,,,,,,,,,,,,,
2023,6,18,6,0,17.9,54.12,8.5,,,,,,,,,,,,,,,,,,,,,,,,,,,,,,,,,,,,
2023,6,18,7,0,18,54.26,8.6,,,,,,,,,,,,,,,,,,,,,,,,,,,,,,,,,,,,
2023,6,18,8,0,18.1,54.04,8.7,,,,,,,,,,,,,,,,,,,,,,,,,,,,,,,,,,,,
2023,6,18,9,0,17.5,57.16,8.9,,,,,,,,,,,,,,,,,,,,,,,,,,,,,,,,,,,,
2023,6,18,10,0,16.3,61.33,8.8,,,,,,,,,,,,,,,,,,,,,,,,,,,,,,,,,,,,
2023,6,18,11,0,16.4,62.02,9.1,,,,,,,,,,,,,,,,,,,,,,,,,,,,,,,,,,,,
2023,6,18,12,0,16.9,63.55,9.9,,,,,,,,,,,,,,,,,,,,,,,,,,,,,,,,,,,,
2023,6,18,13,0,19.3,57.86,10.8,,,,,,,,,,,,,,,,,,,,,,,,,,,,,,,,,,,,
2023,6,18,14,0,21.7,49.54,10.7,,,,,,,,,,,,,,,,,,,,,,,,,,,,,,,,,,,,
2023,6,18,15,0,23.2,42.23,9.7,,,,,,,,,,,,,,,,,,,,,,,,,,,,,,,,,,,,
2023,6,18,16,0,24.6,37.98,9.3,,,,,,,,,,,,,,,,,,,,,,,,,,,,,,,,,,,,
2023,6,18,17,0,25.9,34.56,9.1,,,,,,,,,,,,,,,,,,,,,,,,,,,,,,,,,,,,
2023,6,18,18,0,27.4,31.19,8.9,,,,,,,,,,,,,,,,,,,,,,,,,,,,,,,,,,,,
2023,6,18,19,0,28.2,29.57,8.8,,,,,,,,,,,,,,,,,,,,,,,,,,,,,,,,,,,,
2023,6,18,20,0,28.5,29.19,8.8,,,,,,,,,,,,,,,,,,,,,,,,,,,,,,,,,,,,
2023,6,18,21,0,28.6,29.18,8.9,,,,,,,,,,,,,,,,,,,,,,,,,,,,,,,,,,,,
2023,6,18,22,0,28.8,28.85,8.9,,,,,,,,,,,,,,,,,,,,,,,,,,,,,,,,,,,,
2023,6,18,23,0,28.4,30.07,9.2,,,,,,,,,,,,,,,,,,,,,,,,,,,,,,,,,,,,
2023,6,19,0,0,27,34.47,10,,,,,,,,,,,,,,,,,,,,,,,,,,,,,,,,,,,,
2023,6,19,1,0,24.7,43.37,11.4,,,,,,,,,,,,,,,,,,,,,,,,,,,,,,,,,,,,
2023,6,19,2,0,21.9,56.19,12.8,,,,,,,,,,,,,,,,,,,,,,,,,,,,,,,,,,,,
2023,6,19,3,0,19.9,67.81,13.8,,,,,,,,,,,,,,,,,,,,,,,,,,,,,,,,,,,,
2023,6,19,4,0,19,74.42,14.3,,,,,,,,,,,,,,,,,,,,,,,,,,,,,,,,,,,,
2023,6,19,5,0,18.7,75.83,14.3,,,,,,,,,,,,,,,,,,,,,,,,,,,,,,,,,,,,
2023,6,19,6,0,18.6,73.93,13.9,,,,,,,,,,,,,,,,,,,,,,,,,,,,,,,,,,,,
2023,6,19,7,0,18.1,74.7,13.5,,,,,,,,,,,,,,,,,,,,,,,,,,,,,,,,,,,,
2023,6,19,8,0,17.6,74.7,13.1,,,,,,,,,,,,,,,,,,,,,,,,,,,,,,,,,,,,
2023,6,19,9,0,17.3,72.38,12.3,,,,,,,,,,,,,,,,,,,,,,,,,,,,,,,,,,,,
2023,6,19,10,0,16.8,70.73,11.5,,,,,,,,,,,,,,,,,,,,,,,,,,,,,,,,,,,,
2023,6,19,11,0,16,70.03,10.5,,,,,,,,,,,,,,,,,,,,,,,,,,,,,,,,,,,,
2023,6,19,12,0,15.9,69,10.2,,,,,,,,,,,,,,,,,,,,,,,,,,,,,,,,,,,,
2023,6,19,13,0,17.8,60.7,10.1,,,,,,,,,,,,,,,,,,,,,,,,,,,,,,,,,,,,
2023,6,19,14,0,20.2,46.95,8.5,,,,,,,,,,,,,,,,,,,,,,,,,,,,,,,,,,,,
2023,6,19,15,0,22.6,35.93,6.7,,,,,,,,,,,,,,,,,,,,,,,,,,,,,,,,,,,,
2023,6,19,16,0,24.3,31.66,6.4,,,,,,,,,,,,,,,,,,,,,,,,,,,,,,,,,,,,
2023,6,19,17,0,25.9,28.94,6.5,,,,,,,,,,,,,,,,,,,,,,,,,,,,,,,,,,,,
2023,6,19,18,0,27.3,27.12,6.7,,,,,,,,,,,,,,,,,,,,,,,,,,,,,,,,,,,,
2023,6,19,19,0,28.4,25.77,6.9,,,,,,,,,,,,,,,,,,,,,,,,,,,,,,,,,,,,
2023,6,19,20,0,29.1,24.88,7,,,,,,,,,,,,,,,,,,,,,,,,,,,,,,,,,,,,
2023,6,19,21,0,29.3,24.86,7.2,,,,,,,,,,,,,,,,,,,,,,,,,,,,,,,,,,,,
2023,6,19,22,0,29.1,25.77,7.5,,,,,,,,,,,,,,,,,,,,,,,,,,,,,,,,,,,,
2023,6,19,23,0,28.5,27.51,8,,,,,,,,,,,,,,,,,,,,,,,,,,,,,,,,,,,,
2023,6,20,0,0,27.3,30.93,8.7,,,,,,,,,,,,,,,,,,,,,,,,,,,,,,,,,,,,
2023,6,20,1,0,25.2,38.28,10,,,,,,,,,,,,,,,,,,,,,,,,,,,,,,,,,,,,
2023,6,20,2,0,22.2,50.83,11.5,,,,,,,,,,,,,,,,,,,,,,,,,,,,,,,,,,,,
2023,6,20,3,0,19.6,62.78,12.3,,,,,,,,,,,,,,,,,,,,,,,,,,,,,,,,,,,,
2023,6,20,4,0,17.9,69.04,12.1,,,,,,,,,,,,,,,,,,,,,,,,,,,,,,,,,,,,
2023,6,20,5,0,16,74.29,11.4,,,,,,,,,,,,,,,,,,,,,,,,,,,,,,,,,,,,
2023,6,20,6,0,14,79.24,10.5,,,,,,,,,,,,,,,,,,,,,,,,,,,,,,,,,,,,
2023,6,20,7,0,12.5,80.54,9.2,,,,,,,,,,,,,,,,,,,,,,,,,,,,,,,,,,,,
2023,6,20,8,0,11.7,80.48,8.5,,,,,,,,,,,,,,,,,,,,,,,,,,,,,,,,,,,,
2023,6,20,9,0,11.2,81.1,8.1,,,,,,,,,,,,,,,,,,,,,,,,,,,,,,,,,,,,
2023,6,20,10,0,11.2,80.73,8,,,,,,,,,,,,,,,,,,,,,,,,,,,,,,,,,,,,
2023,6,20,11,0,11.2,79.98,7.9,,,,,,,,,,,,,,,,,,,,,,,,,,,,,,,,,,,,
2023,6,20,12,0,11.6,79.65,8.2,,,,,,,,,,,,,,,,,,,,,,,,,,,,,,,,,,,,
2023,6,20,13,0,12.9,73.75,8.3,,,,,,,,,,,,,,,,,,,,,,,,,,,,,,,,,,,,
2023,6,20,14,0,14.5,66.12,8.3,,,,,,,,,,,,,,,,,,,,,,,,,,,,,,,,,,,,
2023,6,20,15,0,16.4,58.06,8.1,,,,,,,,,,,,,,,,,,,,,,,,,,,,,,,,,,,,
2023,6,20,16,0,18,51.12,7.7,,,,,,,,,,,,,,,,,,,,,,,,,,,,,,,,,,,,
2023,6,20,17,0,19.1,46.47,7.4,,,,,,,,,,,,,,,,,,,,,,,,,,,,,,,,,,,,
2023,6,20,18,0,20,42.63,6.9,,,,,,,,,,,,,,,,,,,,,,,,,,,,,,,,,,,,
2023,6,20,19,0,20.4,40.22,6.4,,,,,,,,,,,,,,,,,,,,,,,,,,,,,,,,,,,,
2023,6,20,20,0,20.7,38.03,5.9,,,,,,,,,,,,,,,,,,,,,,,,,,,,,,,,,,,,
2023,6,20,21,0,21.1,34.82,5,,,,,,,,,,,,,,,,,,,,,,,,,,,,,,,,,,,,
2023,6,20,22,0,21.2,32.27,4,,,,,,,,,,,,,,,,,,,,,,,,,,,,,,,,,,,,
2023,6,20,23,0,21.1,30.74,3.2,,,,,,,,,,,,,,,,,,,,,,,,,,,,,,,,,,,,
2023,6,21,0,0,20.5,31.14,2.8,,,,,,,,,,,,,,,,,,,,,,,,,,,,,,,,,,,,
2023,6,21,1,0,19.3,34.4,3.2,,,,,,,,,,,,,,,,,,,,,,,,,,,,,,,,,,,,
2023,6,21,2,0,16.3,51.22,6.2,,,,,,,,,,,,,,,,,,,,,,,,,,,,,,,,,,,,
2023,6,21,3,0,14.1,59.41,6.3,,,,,,,,,,,,,,,,,,,,,,,,,,,,,,,,,,,,
2023,6,21,4,0,13.5,60.58,6,,,,,,,,,,,,,,,,,,,,,,,,,,,,,,,,,,,,
2023,6,21,5,0,13,61.05,5.7,,,,,,,,,,,,,,,,,,,,,,,,,,,,,,,,,,,,
2023,6,21,6,0,12.6,61.32,5.4,,,,,,,,,,,,,,,,,,,,,,,,,,,,,,,,,,,,
2023,6,21,7,0,12.1,62.43,5.1,,,,,,,,,,,,,,,,,,,,,,,,,,,,,,,,,,,,
2023,6,21,8,0,11.4,64.89,5,,,,,,,,,,,,,,,,,,,,,,,,,,,,,,,,,,,,
2023,6,21,9,0,10.7,67.19,4.9,,,,,,,,,,,,,,,,,,,,,,,,,,,,,,,,,,,,
2023,6,21,10,0,10.2,68.56,4.7,,,,,,,,,,,,,,,,,,,,,,,,,,,,,,,,,,,,
2023,6,21,11,0,9.9,68.71,4.4,,,,,,,,,,,,,,,,,,,,,,,,,,,,,,,,,,,,
2023,6,21,12,0,10.3,68.22,4.7,,,,,,,,,,,,,,,,,,,,,,,,,,,,,,,,,,,,
2023,6,21,13,0,13.2,56.68,4.8,,,,,,,,,,,,,,,,,,,,,,,,,,,,,,,,,,,,
2023,6,21,14,0,16.3,39.57,2.5,,,,,,,,,,,,,,,,,,,,,,,,,,,,,,,,,,,,
2023,6,21,15,0,18.9,30.4,1.1,,,,,,,,,,,,,,,,,,,,,,,,,,,,,,,,,,,,
2023,6,21,16,0,20.7,27.04,1,,,,,,,,,,,,,,,,,,,,,,,,,,,,,,,,,,,,
2023,6,21,17,0,21.9,25.66,1.3,,,,,,,,,,,,,,,,,,,,,,,,,,,,,,,,,,,,
2023,6,21,18,0,22.8,24.73,1.6,,,,,,,,,,,,,,,,,,,,,,,,,,,,,,,,,,,,
2023,6,21,19,0,23.3,24.57,1.9,,,,,,,,,,,,,,,,,,,,,,,,,,,,,,,,,,,,
2023,6,21,20,0,23.5,24.86,2.3,,,,,,,,,,,,,,,,,,,,,,,,,,,,,,,,,,,,
2023,6,21,21,0,23.6,25.01,2.4,,,,,,,,,,,,,,,,,,,,,,,,,,,,,,,,,,,,
2023,6,21,22,0,23.4,25.3,2.4,,,,,,,,,,,,,,,,,,,,,,,,,,,,,,,,,,,,
2023,6,21,23,0,22.9,25.97,2.4,,,,,,,,,,,,,,,,,,,,,,,,,,,,,,,,,,,,
2023,6,22,0,0,22.1,27.33,2.4,,,,,,,,,,,,,,,,,,,,,,,,,,,,,,,,,,,,
2023,6,22,1,0,20.6,31.86,3.3,,,,,,,,,,,,,,,,,,,,,,,,,,,,,,,,,,,,
2023,6,22,2,0,17.6,48.53,6.6,,,,,,,,,,,,,,,,,,,,,,,,,,,,,,,,,,,,
2023,6,22,3,0,15.7,53.08,6.2,,,,,,,,,,,,,,,,,,,,,,,,,,,,,,,,,,,,
2023,6,22,4,0,15.1,53.29,5.7,,,,,,,,,,,,,,,,,,,,,,,,,,,,,,,,,,,,
2023,6,22,5,0,14.5,53.86,5.3,,,,,,,,,,,,,,,,,,,,,,,,,,,,,,,,,,,,
2023,6,22,6,0,13.9,54.87,5,,,,,,,,,,,,,,,,,,,,,,,,,,,,,,,,,,,,
2023,6,22,7,0,13.3,56.42,4.8,,,,,,,,,,,,,,,,,,,,,,,,,,,,,,,,,,,,
2023,6,22,8,0,13,57.98,4.9,,,,,,,,,,,,,,,,,,,,,,,,,,,,,,,,,,,,
2023,6,22,9,0,12.8,59.04,5,,,,,,,,,,,,,,,,,,,,,,,,,,,,,,,,,,,,
2023,6,22,10,0,12.6,59.78,5,,,,,,,,,,,,,,,,,,,,,,,,,,,,,,,,,,,,
2023,6,22,11,0,12.4,60.26,4.9,,,,,,,,,,,,,,,,,,,,,,,,,,,,,,,,,,,,
2023,6,22,12,0,12.9,60.61,5.5,,,,,,,,,,,,,,,,,,,,,,,,,,,,,,,,,,,,
2023,6,22,13,0,15.5,53.68,6.1,,,,,,,,,,,,,,,,,,,,,,,,,,,,,,,,,,,,
2023,6,22,14,0,18.4,38.88,4.1,,,,,,,,,,,,,,,,,,,,,,,,,,,,,,,,,,,,
2023,6,22,15,0,21.3,29.99,3,,,,,,,,,,,,,,,,,,,,,,,,,,,,,,,,,,,,
2023,6,22,16,0,23.2,26.6,3,,,,,,,,,,,,,,,,,,,,,,,,,,,,,,,,,,,,
2023,6,22,17,0,24.7,25.01,3.4,,,,,,,,,,,,,,,,,,,,,,,,,,,,,,,,,,,,
2023,6,22,18,0,26,24.28,4,,,,,,,,,,,,,,,,,,,,,,,,,,,,,,,,,,,,
2023,6,22,19,0,27.1,23.91,4.7,,,,,,,,,,,,,,,,,,,,,,,,,,,,,,,,,,,,
2023,6,22,20,0,27.9,23.78,5.3,,,,,,,,,,,,,,,,,,,,,,,,,,,,,,,,,,,,
2023,6,22,21,0,28.4,23.57,5.6,,,,,,,,,,,,,,,,,,,,,,,,,,,,,,,,,,,,
2023,6,22,22,0,28.2,23.88,5.6,,,,,,,,,,,,,,,,,,,,,,,,,,,,,,,,,,,,
2023,6,22,23,0,27.2,26.1,6.1,,,,,,,,,,,,,,,,,,,,,,,,,,,,,,,,,,,,
2023,6,23,0,0,26,29.84,7,,,,,,,,,,,,,,,,,,,,,,,,,,,,,,,,,,,,
2023,6,23,1,0,24.6,35.82,8.5,,,,,,,,,,,,,,,,,,,,,,,,,,,,,,,,,,,,
2023,6,23,2,0,21.1,55.12,11.7,,,,,,,,,,,,,,,,,,,,,,,,,,,,,,,,,,,,
2023,6,23,3,0,18.6,60.24,10.7,,,,,,,,,,,,,,,,,,,,,,,,,,,,,,,,,,,,
2023,6,23,4,0,17.7,63.26,10.6,,,,,,,,,,,,,,,,,,,,,,,,,,,,,,,,,,,,
2023,6,23,5,0,16.9,66.34,10.6,,,,,,,,,,,,,,,,,,,,,,,,,,,,,,,,,,,,
2023,6,23,6,0,16.3,68.64,10.5,,,,,,,,,,,,,,,,,,,,,,,,,,,,,,,,,,,,
2023,6,23,7,0,16,69.64,10.5,,,,,,,,,,,,,,,,,,,,,,,,,,,,,,,,,,,,
2023,6,23,8,0,15.8,69.99,10.3,,,,,,,,,,,,,,,,,,,,,,,,,,,,,,,,,,,,
2023,6,23,9,0,15.5,69.54,10,,,,,,,,,,,,,,,,,,,,,,,,,,,,,,,,,,,,
2023,6,23,10,0,15.1,68.17,9.3,,,,,,,,,,,,,,,,,,,,,,,,,,,,,,,,,,,,
2023,6,23,11,0,14.7,65.61,8.3,,,,,,,,,,,,,,,,,,,,,,,,,,,,,,,,,,,,
2023,6,23,12,0,15.1,63.05,8.1,,,,,,,,,,,,,,,,,,,,,,,,,,,,,,,,,,,,
2023,6,23,13,0,18.1,57.84,9.7,,,,,,,,,,,,,,,,,,,,,,,,,,,,,,,,,,,,
2023,6,23,14,0,20.2,45.13,7.9,,,,,,,,,,,,,,,,,,,,,,,,,,,,,,,,,,,,
2023,6,23,15,0,21.5,32.13,4.2,,,,,,,,,,,,,,,,,,,,,,,,,,,,,,,,,,,,
2023,6,23,16,0,22.5,23.07,0.4,,,,,,,,,,,,,,,,,,,,,,,,,,,,,,,,,,,,
2023,6,23,17,0,23.5,19.63,-1,,,,,,,,,,,,,,,,,,,,,,,,,,,,,,,,,,,,
2023,6,23,18,0,24.3,17.82,-1.7,,,,,,,,,,,,,,,,,,,,,,,,,,,,,,,,,,,,
2023,6,23,19,0,24.9,16.68,-2.1,,,,,,,,,,,,,,,,,,,,,,,,,,,,,,,,,,,,
2023,6,23,20,0,25.4,16.73,-1.6,,,,,,,,,,,,,,,,,,,,,,,,,,,,,,,,,,,,
2023,6,23,21,0,25.7,18.16,-0.3,,,,,,,,,,,,,,,,,,,,,,,,,,,,,,,,,,,,
2023,6,23,22,0,25.6,20.73,1.5,,,,,,,,,,,,,,,,,,,,,,,,,,,,,,,,,,,,
2023,6,23,23,0,24.8,24.03,2.9,,,,,,,,,,,,,,,,,,,,,,,,,,,,,,,,,,,,
2023,6,24,0,0,23.7,27.27,3.7,,,,,,,,,,,,,,,,,,,,,,,,,,,,,,,,,,,,
2023,6,24,1,0,22,32.18,4.6,,,,,,,,,,,,,,,,,,,,,,,,,,,,,,,,,,,,
2023,6,24,2,0,18.6,48.61,7.6,,,,,,,,,,,,,,,,,,,,,,,,,,,,,,,,,,,,
2023,6,24,3,0,16.8,53.53,7.3,,,,,,,,,,,,,,,,,,,,,,,,,,,,,,,,,,,,
2023,6,24,4,0,17.3,48.03,6.2,,,,,,,,,,,,,,,,,,,,,,,,,,,,,,,,,,,,
2023,6,24,5,0,17.7,44.07,5.3,,,,,,,,,,,,,,,,,,,,,,,,,,,,,,,,,,,,
2023,6,24,6,0,17.8,42.05,4.7,,,,,,,,,,,,,,,,,,,,,,,,,,,,,,,,,,,,
2023,6,24,7,0,17.6,41.92,4.5,,,,,,,,,,,,,,,,,,,,,,,,,,,,,,,,,,,,
2023,6,24,8,0,17,44.08,4.7,,,,,,,,,,,,,,,,,,,,,,,,,,,,,,,,,,,,
2023,6,24,9,0,16.5,46.02,4.8,,,,,,,,,,,,,,,,,,,,,,,,,,,,,,,,,,,,
2023,6,24,10,0,15.8,48.7,5,,,,,,,,,,,,,,,,,,,,,,,,,,,,,,,,,,,,
2023,6,24,11,0,15.1,51.26,5.1,,,,,,,,,,,,,,,,,,,,,,,,,,,,,,,,,,,,
2023,6,24,12,0,15.1,53.9,5.8,,,,,,,,,,,,,,,,,,,,,,,,,,,,,,,,,,,,
2023,6,24,13,0,17.2,54.93,8.1,,,,,,,,,,,,,,,,,,,,,,,,,,,,,,,,,,,,
2023,6,24,14,0,20.3,36.74,5,,,,,,,,,,,,,,,,,,,,,,,,,,,,,,,,,,,,
2023,6,24,15,0,22.5,29.34,3.7,,,,,,,,,,,,,,,,,,,,,,,,,,,,,,,,,,,,
2023,6,24,16,0,24.1,25.75,3.3,,,,,,,,,,,,,,,,,,,,,,,,,,,,,,,,,,,,
2023,6,24,17,0,25.4,23.71,3.2,,,,,,,,,,,,,,,,,,,,,,,,,,,,,,,,,,,,
2023,6,24,18,0,26.4,22.76,3.5,,,,,,,,,,,,,,,,,,,,,,,,,,,,,,,,,,,,
2023,6,24,19,0,27.1,22.19,3.7,,,,,,,,,,,,,,,,,,,,,,,,,,,,,,,,,,,,
2023,6,24,20,0,27.4,22.15,3.9,,,,,,,,,,,,,,,,,,,,,,,,,,,,,,,,,,,,
2023,6,24,21,0,27.6,22.12,4,,,,,,,,,,,,,,,,,,,,,,,,,,,,,,,,,,,,
2023,6,24,22,0,27.2,22.53,4,,,,,,,,,,,,,,,,,,,,,,,,,,,,,,,,,,,,
2023,6,24,23,0,26.2,23.83,3.9,,,,,,,,,,,,,,,,,,,,,,,,,,,,,,,,,,,,
2023,6,25,0,0,25.2,26.91,4.8,,,,,,,,,,,,,,,,,,,,,,,,,,,,,,,,,,,,
2023,6,25,1,0,23.4,36.99,7.9,,,,,,,,,,,,,,,,,,,,,,,,,,,,,,,,,,,,
2023,6,25,2,0,20.8,51.55,10.5,,,,,,,,,,,,,,,,,,,,,,,,,,,,,,,,,,,,
2023,6,25,3,0,19.7,53.82,10.1,,,,,,,,,,,,,,,,,,,,,,,,,,,,,,,,,,,,
2023,6,25,4,0,19.3,54.52,9.9,,,,,,,,,,,,,,,,,,,,,,,,,,,,,,,,,,,,
2023,6,25,5,0,19,54.32,9.6,,,,,,,,,,,,,,,,,,,,,,,,,,,,,,,,,,,,
2023,6,25,6,0,18.5,55.26,9.4,,,,,,,,,,,,,,,,,,,,,,,,,,,,,,,,,,,,
2023,6,25,7,0,18.1,55.14,9,,,,,,,,,,,,,,,,,,,,,,,,,,,,,,,,,,,,
2023,6,25,8,0,17.5,54.34,8.2,,,,,,,,,,,,,,,,,,,,,,,,,,,,,,,,,,,,
2023,6,25,9,0,16.9,54.92,7.8,,,,,,,,,,,,,,,,,,,,,,,,,,,,,,,,,,,,
2023,6,25,10,0,16.1,57.11,7.6,,,,,,,,,,,,,,,,,,,,,,,,,,,,,,,,,,,,
2023,6,25,11,0,15.5,57.88,7.2,,,,,,,,,,,,,,,,,,,,,,,,,,,,,,,,,,,,
2023,6,25,12,0,15.9,58.83,7.9,,,,,,,,,,,,,,,,,,,,,,,,,,,,,,,,,,,,
2023,6,25,13,0,18.8,52.88,9,,,,,,,,,,,,,,,,,,,,,,,,,,,,,,,,,,,,
2023,6,25,14,0,21.9,35.99,6.2,,,,,,,,,,,,,,,,,,,,,,,,,,,,,,,,,,,,
2023,6,25,15,0,25.2,25.62,4.1,,,,,,,,,,,,,,,,,,,,,,,,,,,,,,,,,,,,
2023,6,25,16,0,27,21.67,3.3,,,,,,,,,,,,,,,,,,,,,,,,,,,,,,,,,,,,
2023,6,25,17,0,28.2,19.52,2.8,,,,,,,,,,,,,,,,,,,,,,,,,,,,,,,,,,,,
2023,6,25,18,0,29,18.04,2.3,,,,,,,,,,,,,,,,,,,,,,,,,,,,,,,,,,,,
2023,6,25,19,0,29.6,16.85,1.8,,,,,,,,,,,,,,,,,,,,,,,,,,,,,,,,,,,,
2023,6,25,20,0,30.1,15.57,1.1,,,,,,,,,,,,,,,,,,,,,,,,,,,,,,,,,,,,
2023,6,25,21,0,30.3,14.75,0.6,,,,,,,,,,,,,,,,,,,,,,,,,,,,,,,,,,,,
2023,6,25,22,0,30.2,14.56,0.3,,,,,,,,,,,,,,,,,,,,,,,,,,,,,,,,,,,,
2023,6,25,23,0,29.8,14.68,0.1,,,,,,,,,,,,,,,,,,,,,,,,,,,,,,,,,,,,
2023,6,26,0,0,29,15.9,0.6,,,,,,,,,,,,,,,,,,,,,,,,,,,,,,,,,,,,
2023,6,26,1,0,27.3,24.17,5.1,,,,,,,,,,,,,,,,,,,,,,,,,,,,,,,,,,,,
2023,6,26,2,0,25,31.49,6.9,,,,,,,,,,,,,,,,,,,,,,,,,,,,,,,,,,,,
2023,6,26,3,0,23.7,26.07,3.1,,,,,,,,,,,,,,,,,,,,,,,,,,,,,,,,,,,,
2023,6,26,4,0,21.7,31.08,3.9,,,,,,,,,,,,,,,,,,,,,,,,,,,,,,,,,,,,
2023,6,26,5,0,19.6,36.87,4.5,,,,,,,,,,,,,,,,,,,,,,,,,,,,,,,,,,,,
2023,6,26,6,0,18,40.79,4.5,,,,,,,,,,,,,,,,,,,,,,,,,,,,,,,,,,,,
2023,6,26,7,0,16.9,42.99,4.2,,,,,,,,,,,,,,,,,,,,,,,,,,,,,,,,,,,,
2023,6,26,8,0,16.2,43.9,3.9,,,,,,,,,,,,,,,,,,,,,,,,,,,,,,,,,,,,
2023,6,26,9,0,15.6,44.78,3.6,,,,,,,,,,,,,,,,,,,,,,,,,,,,,,,,,,,,
2023,6,26,10,0,15.2,45.27,3.4,,,,,,,,,,,,,,,,,,,,,,,,,,,,,,,,,,,,
2023,6,26,11,0,14.8,45.68,3.2,,,,,,,,,,,,,,,,,,,,,,,,,,,,,,,,,,,,
2023,6,26,12,0,15.2,46.88,3.9,,,,,,,,,,,,,,,,,,,,,,,,,,,,,,,,,,,,
2023,6,26,13,0,18.4,47.68,7.1,,,,,,,,,,,,,,,,,,,,,,,,,,,,,,,,,,,,
2023,6,26,14,0,22.3,28.45,3.1,,,,,,,,,,,,,,,,,,,,,,,,,,,,,,,,,,,,
2023,6,26,15,0,24.9,19.2,-0.2,,,,,,,,,,,,,,,,,,,,,,,,,,,,,,,,,,,,
2023,6,26,16,0,26.6,16.64,-0.7,,,,,,,,,,,,,,,,,,,,,,,,,,,,,,,,,,,,
2023,6,26,17,0,27.8,15.25,-1,,,,,,,,,,,,,,,,,,,,,,,,,,,,,,,,,,,,
2023,6,26,18,0,28.7,14.36,-1.1,,,,,,,,,,,,,,,,,,,,,,,,,,,,,,,,,,,,
2023,6,26,19,0,29.4,13.83,-1,,,,,,,,,,,,,,,,,,,,,,,,,,,,,,,,,,,,
2023,6,26,20,0,29.9,13.56,-0.9,,,,,,,,,,,,,,,,,,,,,,,,,,,,,,,,,,,,
2023,6,26,21,0,30.2,13.46,-0.8,,,,,,,,,,,,,,,,,,,,,,,,,,,,,,,,,,,,
2023,6,26,22,0,30.1,13.6,-0.7,,,,,,,,,,,,,,,,,,,,,,,,,,,,,,,,,,,,
2023,6,26,23,0,29.7,14.16,-0.5,,,,,,,,,,,,,,,,,,,,,,,,,,,,,,,,,,,,
2023,6,27,0,0,28.7,16.08,0.5,,,,,,,,,,,,,,,,,,,,,,,,,,,,,,,,,,,,
2023,6,27,1,0,26.7,25.11,5.1,,,,,,,,,,,,,,,,,,,,,,,,,,,,,,,,,,,,
2023,6,27,2,0,23.7,40.34,9.4,,,,,,,,,,,,,,,,,,,,,,,,,,,,,,,,,,,,
2023,6,27,3,0,21.7,44.3,9,,,,,,,,,,,,,,,,,,,,,,,,,,,,,,,,,,,,
2023,6,27,4,0,20.7,47.38,9.1,,,,,,,,,,,,,,,,,,,,,,,,,,,,,,,,,,,,
2023,6,27,5,0,19.9,49.63,9.1,,,,,,,,,,,,,,,,,,,,,,,,,,,,,,,,,,,,
2023,6,27,6,0,19.1,52.87,9.3,,,,,,,,,,,,,,,,,,,,,,,,,,,,,,,,,,,,
2023,6,27,7,0,18.5,56.4,9.7,,,,,,,,,,,,,,,,,,,,,,,,,,,,,,,,,,,,
2023,6,27,8,0,18.1,58.05,9.7,,,,,,,,,,,,,,,,,,,,,,,,,,,,,,,,,,,,
2023,6,27,9,0,17.3,62.65,10.1,,,,,,,,,,,,,,,,,,,,,,,,,,,,,,,,,,,,
2023,6,27,10,0,16.3,67.58,10.3,,,,,,,,,,,,,,,,,,,,,,,,,,,,,,,,,,,,
2023,6,27,11,0,15.5,71.97,10.5,,,,,,,,,,,,,,,,,,,,,,,,,,,,,,,,,,,,
2023,6,27,12,0,15.4,74.87,11,,,,,,,,,,,,,,,,,,,,,,,,,,,,,,,,,,,,
2023,6,27,13,0,17.8,64.25,11,,,,,,,,,,,,,,,,,,,,,,,,,,,,,,,,,,,,
2023,6,27,14,0,19.5,52.22,9.4,,,,,,,,,,,,,,,,,,,,,,,,,,,,,,,,,,,,
2023,6,27,15,0,21.1,44.72,8.6,,,,,,,,,,,,,,,,,,,,,,,,,,,,,,,,,,,,
2023,6,27,16,0,22.5,40.12,8.3,,,,,,,,,,,,,,,,,,,,,,,,,,,,,,,,,,,,
2023,6,27,17,0,23.7,36.56,8,,,,,,,,,,,,,,,,,,,,,,,,,,,,,,,,,,,,
2023,6,27,18,0,24.8,33.54,7.7,,,,,,,,,,,,,,,,,,,,,,,,,,,,,,,,,,,,
2023,6,27,19,0,25.7,31.09,7.3,,,,,,,,,,,,,,,,,,,,,,,,,,,,,,,,,,,,
2023,6,27,20,0,26.3,29.25,7,,,,,,,,,,,,,,,,,,,,,,,,,,,,,,,,,,,,
2023,6,27,21,0,26.7,27.93,6.6,,,,,,,,,,,,,,,,,,,,,,,,,,,,,,,,,,,,
2023,6,27,22,0,26.6,27.53,6.3,,,,,,,,,,,,,,,,,,,,,,,,,,,,,,,,,,,,
2023,6,27,23,0,26.1,27.92,6.1,,,,,,,,,,,,,,,,,,,,,,,,,,,,,,,,,,,,
2023,6,28,0,0,25.2,29.2,6,,,,,,,,,,,,,,,,,,,,,,,,,,,,,,,,,,,,
2023,6,28,1,0,23.5,36.16,7.6,,,,,,,,,,,,,,,,,,,,,,,,,,,,,,,,,,,,
2023,6,28,2,0,20.9,51.64,10.6,,,,,,,,,,,,,,,,,,,,,,,,,,,,,,,,,,,,
2023,6,28,3,0,19.6,55.55,10.5,,,,,,,,,,,,,,,,,,,,,,,,,,,,,,,,,,,,
2023,6,28,4,0,18.8,56.94,10.1,,,,,,,,,,,,,,,,,,,,,,,,,,,,,,,,,,,,
2023,6,28,5,0,17.9,60.39,10.1,,,,,,,,,,,,,,,,,,,,,,,,,,,,,,,,,,,,
2023,6,28,6,0,17,63.71,10.1,,,,,,,,,,,,,,,,,,,,,,,,,,,,,,,,,,,,
2023,6,28,7,0,16.4,64.78,9.8,,,,,,,,,,,,,,,,,,,,,,,,,,,,,,,,,,,,
2023,6,28,8,0,16.4,62.32,9.2,,,,,,,,,,,,,,,,,,,,,,,,,,,,,,,,,,,,
2023,6,28,9,0,16.7,59,8.6,,,,,,,,,,,,,,,,,,,,,,,,,,,,,,,,,,,,
2023,6,28,10,0,16.7,58.17,8.4,,,,,,,,,,,,,,,,,,,,,,,,,,,,,,,,,,,,
2023,6,28,11,0,16.6,58.61,8.5,,,,,,,,,,,,,,,,,,,,,,,,,,,,,,,,,,,,
2023,6,28,12,0,17,59.53,9.1,,,,,,,,,,,,,,,,,,,,,,,,,,,,,,,,,,,,
2023,6,28,13,0,18.5,63.92,11.5,,,,,,,,,,,,,,,,,,,,,,,,,,,,,,,,,,,,
2023,6,28,14,0,20.5,51.95,10.3,,,,,,,,,,,,,,,,,,,,,,,,,,,,,,,,,,,,
2023,6,28,15,0,22.1,42.48,8.8,,,,,,,,,,,,,,,,,,,,,,,,,,,,,,,,,,,,
2023,6,28,16,0,22.9,36.75,7.3,,,,,,,,,,,,,,,,,,,,,,,,,,,,,,,,,,,,
2023,6,28,17,0,23.4,35.62,7.3,,,,,,,,,,,,,,,,,,,,,,,,,,,,,,,,,,,,
2023,6,28,18,0,23.8,34.98,7.4,,,,,,,,,,,,,,,,,,,,,,,,,,,,,,,,,,,,
2023,6,28,19,0,24,34.65,7.4,,,,,,,,,,,,,,,,,,,,,,,,,,,,,,,,,,,,
2023,6,28,20,0,24.1,34.33,7.4,,,,,,,,,,,,,,,,,,,,,,,,,,,,,,,,,,,,
2023,6,28,21,0,24.2,33.85,7.3,,,,,,,,,,,,,,,,,,,,,,,,,,,,,,,,,,,,
2023,6,28,22,0,24.4,33.14,7.1,,,,,,,,,,,,,,,,,,,,,,,,,,,,,,,,,,,,
2023,6,28,23,0,24.2,33.17,7,,,,,,,,,,,,,,,,,,,,,,,,,,,,,,,,,,,,
2023,6,29,0,0,23.8,34.51,7.2,,,,,,,,,,,,,,,,,,,,,,,,,,,,,,,,,,,,
2023,6,29,1,0,22.9,42.29,9.4,,,,,,,,,,,,,,,,,,,,,,,,,,,,,,,,,,,,
2023,6,29,2,0,21.5,48.34,10.1,,,,,,,,,,,,,,,,,,,,,,,,,,,,,,,,,,,,
2023,6,29,3,0,19.6,51.98,9.5,,,,,,,,,,,,,,,,,,,,,,,,,,,,,,,,,,,,
2023,6,29,4,0,18.2,57.35,9.6,,,,,,,,,,,,,,,,,,,,,,,,,,,,,,,,,,,,
2023,6,29,5,0,17.3,59.97,9.5,,,,,,,,,,,,,,,,,,,,,,,,,,,,,,,,,,,,
2023,6,29,6,0,16.2,62.66,9.1,,,,,,,,,,,,,,,,,,,,,,,,,,,,,,,,,,,,
2023,6,29,7,0,15.5,64.05,8.7,,,,,,,,,,,,,,,,,,,,,,,,,,,,,,,,,,,,
2023,6,29,8,0,15,64.79,8.4,,,,,,,,,,,,,,,,,,,,,,,,,,,,,,,,,,,,
2023,6,29,9,0,14.5,66.53,8.3,,,,,,,,,,,,,,,,,,,,,,,,,,,,,,,,,,,,
2023,6,29,10,0,14.4,67.32,8.4,,,,,,,,,,,,,,,,,,,,,,,,,,,,,,,,,,,,
2023,6,29,11,0,14.2,68.23,8.4,,,,,,,,,,,,,,,,,,,,,,,,,,,,,,,,,,,,
2023,6,29,12,0,14.7,67.65,8.8,,,,,,,,,,,,,,,,,,,,,,,,,,,,,,,,,,,,
2023,6,29,13,0,17.1,60.58,9.4,,,,,,,,,,,,,,,,,,,,,,,,,,,,,,,,,,,,
2023,6,29,14,0,19.9,46.49,8.1,,,,,,,,,,,,,,,,,,,,,,,,,,,,,,,,,,,,
2023,6,29,15,0,22.3,37.74,7.2,,,,,,,,,,,,,,,,,,,,,,,,,,,,,,,,,,,,
2023,6,29,16,0,23.8,34.09,7,,,,,,,,,,,,,,,,,,,,,,,,,,,,,,,,,,,,
2023,6,29,17,0,24.9,32.39,7.2,,,,,,,,,,,,,,,,,,,,,,,,,,,,,,,,,,,,
2023,6,29,18,0,25.8,31.46,7.6,,,,,,,,,,,,,,,,,,,,,,,,,,,,,,,,,,,,
2023,6,29,19,0,26.4,31.18,8,,,,,,,,,,,,,,,,,,,,,,,,,,,,,,,,,,,,
2023,6,29,20,0,26.6,31.59,8.4,,,,,,,,,,,,,,,,,,,,,,,,,,,,,,,,,,,,
2023,6,29,21,0,26.4,32.56,8.6,,,,,,,,,,,,,,,,,,,,,,,,,,,,,,,,,,,,
2023,6,29,22,0,25.9,33.85,8.8,,,,,,,,,,,,,,,,,,,,,,,,,,,,,,,,,,,,
2023,6,29,23,0,25.2,35.59,8.9,,,,,,,,,,,,,,,,,,,,,,,,,,,,,,,,,,,,
2023,6,30,0,0,24.5,37.77,9.2,,,,,,,,,,,,,,,,,,,,,,,,,,,,,,,,,,,,
2023,6,30,1,0,23.4,45.26,10.9,,,,,,,,,,,,,,,,,,,,,,,,,,,,,,,,,,,,
2023,6,30,2,0,21,60.01,12.9,,,,,,,,,,,,,,,,,,,,,,,,,,,,,,,,,,,,
2023,6,30,3,0,19.8,59.71,11.7,,,,,,,,,,,,,,,,,,,,,,,,,,,,,,,,,,,,
2023,6,30,4,0,19.7,57.77,11.1,,,,,,,,,,,,,,,,,,,,,,,,,,,,,,,,,,,,
2023,6,30,5,0,19.4,57.35,10.8,,,,,,,,,,,,,,,,,,,,,,,,,,,,,,,,,,,,
2023,6,30,6,0,18.9,58.15,10.5,,,,,,,,,,,,,,,,,,,,,,,,,,,,,,,,,,,,
2023,6,30,7,0,18.3,59.48,10.3,,,,,,,,,,,,,,,,,,,,,,,,,,,,,,,,,,,,
2023,6,30,8,0,18.1,59.17,10,,,,,,,,,,,,,,,,,,,,,,,,,,,,,,,,,,,,
2023,6,30,9,0,17.6,60.39,9.8,,,,,,,,,,,,,,,,,,,,,,,,,,,,,,,,,,,,
2023,6,30,10,0,17.1,61.99,9.8,,,,,,,,,,,,,,,,,,,,,,,,,,,,,,,,,,,,
2023,6,30,11,0,16.8,62.81,9.7,,,,,,,,,,,,,,,,,,,,,,,,,,,,,,,,,,,,
2023,6,30,12,0,16.9,64.26,10.1,,,,,,,,,,,,,,,,,,,,,,,,,,,,,,,,,,,,
2023,6,30,13,0,19.1,63.86,12.1,,,,,,,,,,,,,,,,,,,,,,,,,,,,,,,,,,,,
2023,6,30,14,0,22.2,47.3,10.4,,,,,,,,,,,,,,,,,,,,,,,,,,,,,,,,,,,,
2023,6,30,15,0,24.7,35.69,8.5,,,,,,,,,,,,,,,,,,,,,,,,,,,,,,,,,,,,
2023,6,30,16,0,26.1,31.61,7.9,,,,,,,,,,,,,,,,,,,,,,,,,,,,,,,,,,,,
2023,6,30,17,0,27.2,29.35,7.8,,,,,,,,,,,,,,,,,,,,,,,,,,,,,,,,,,,,
2023,6,30,18,0,28,28,7.8,,,,,,,,,,,,,,,,,,,,,,,,,,,,,,,,,,,,
2023,6,30,19,0,28.6,27.11,7.8,,,,,,,,,,,,,,,,,,,,,,,,,,,,,,,,,,,,
2023,6,30,20,0,29,26.6,7.9,,,,,,,,,,,,,,,,,,,,,,,,,,,,,,,,,,,,
2023,6,30,21,0,29.2,26.39,7.9,,,,,,,,,,,,,,,,,,,,,,,,,,,,,,,,,,,,
2023,6,30,22,0,29.2,26.41,8,,,,,,,,,,,,,,,,,,,,,,,,,,,,,,,,,,,,
2023,6,30,23,0,28.9,26.58,7.8,,,,,,,,,,,,,,,,,,,,,,,,,,,,,,,,,,,,
2023,7,1,0,0,28.1,27.68,7.7,,,,,,,,,,,,,,,,,,,,,,,,,,,,,,,,,,,,
2023,7,1,1,0,26.8,32.43,8.9,,,,,,,,,,,,,,,,,,,,,,,,,,,,,,,,,,,,
2023,7,1,2,0,23.9,48.24,12.3,,,,,,,,,,,,,,,,,,,,,,,,,,,,,,,,,,,,
2023,7,1,3,0,23.1,44.04,10.2,,,,,,,,,,,,,,,,,,,,,,,,,,,,,,,,,,,,
2023,7,1,4,0,23.1,41.8,9.4,,,,,,,,,,,,,,,,,,,,,,,,,,,,,,,,,,,,
2023,7,1,5,0,22.7,41.89,9.1,,,,,,,,,,,,,,,,,,,,,,,,,,,,,,,,,,,,
2023,7,1,6,0,21.6,44.96,9.1,,,,,,,,,,,,,,,,,,,,,,,,,,,,,,,,,,,,
2023,7,1,7,0,20.6,48.24,9.3,,,,,,,,,,,,,,,,,,,,,,,,,,,,,,,,,,,,
2023,7,1,8,0,19.7,51.26,9.4,,,,,,,,,,,,,,,,,,,,,,,,,,,,,,,,,,,,
2023,7,1,9,0,19.1,52.68,9.2,,,,,,,,,,,,,,,,,,,,,,,,,,,,,,,,,,,,
2023,7,1,10,0,18.7,53.14,9,,,,,,,,,,,,,,,,,,,,,,,,,,,,,,,,,,,,
2023,7,1,11,0,18.3,53.54,8.7,,,,,,,,,,,,,,,,,,,,,,,,,,,,,,,,,,,,
2023,7,1,12,0,18.5,54.97,9.3,,,,,,,,,,,,,,,,,,,,,,,,,,,,,,,,,,,,
2023,7,1,13,0,21,54.03,11.3,,,,,,,,,,,,,,,,,,,,,,,,,,,,,,,,,,,,
2023,7,1,14,0,24.2,37.02,8.6,,,,,,,,,,,,,,,,,,,,,,,,,,,,,,,,,,,,
2023,7,1,15,0,27.7,26.73,6.9,,,,,,,,,,,,,,,,,,,,,,,,,,,,,,,,,,,,
2023,7,1,16,0,29.3,23.5,6.3,,,,,,,,,,,,,,,,,,,,,,,,,,,,,,,,,,,,
2023,7,1,17,0,30.4,22.13,6.4,,,,,,,,,,,,,,,,,,,,,,,,,,,,,,,,,,,,
2023,7,1,18,0,31.1,21.83,6.8,,,,,,,,,,,,,,,,,,,,,,,,,,,,,,,,,,,,
2023,7,1,19,0,31.8,21.49,7.1,,,,,,,,,,,,,,,,,,,,,,,,,,,,,,,,,,,,
2023,7,1,20,0,32.1,21.53,7.4,,,,,,,,,,,,,,,,,,,,,,,,,,,,,,,,,,,,
2023,7,1,21,0,32.2,21.59,7.5,,,,,,,,,,,,,,,,,,,,,,,,,,,,,,,,,,,,
2023,7,1,22,0,32.1,21.42,7.3,,,,,,,,,,,,,,,,,,,,,,,,,,,,,,,,,,,,
2023,7,1,23,0,31.6,21.17,6.7,,,,,,,,,,,,,,,,,,,,,,,,,,,,,,,,,,,,
2023,7,2,0,0,30.8,21.86,6.5,,,,,,,,,,,,,,,,,,,,,,,,,,,,,,,,,,,,
2023,7,2,1,0,29.5,26.14,8.1,,,,,,,,,,,,,,,,,,,,,,,,,,,,,,,,,,,,
2023,7,2,2,0,27.1,37,11.2,,,,,,,,,,,,,,,,,,,,,,,,,,,,,,,,,,,,
2023,7,2,3,0,25.3,37.11,9.6,,,,,,,,,,,,,,,,,,,,,,,,,,,,,,,,,,,,
2023,7,2,4,0,24.1,40.41,9.8,,,,,,,,,,,,,,,,,,,,,,,,,,,,,,,,,,,,
2023,7,2,5,0,23.1,42.95,9.8,,,,,,,,,,,,,,,,,,,,,,,,,,,,,,,,,,,,
2023,7,2,6,0,22.3,45.17,9.9,,,,,,,,,,,,,,,,,,,,,,,,,,,,,,,,,,,,
2023,7,2,7,0,21.7,46.38,9.7,,,,,,,,,,,,,,,,,,,,,,,,,,,,,,,,,,,,
2023,7,2,8,0,21.2,47.18,9.5,,,,,,,,,,,,,,,,,,,,,,,,,,,,,,,,,,,,
2023,7,2,9,0,20.8,47.45,9.2,,,,,,,,,,,,,,,,,,,,,,,,,,,,,,,,,,,,
2023,7,2,10,0,20.4,47.89,9,,,,,,,,,,,,,,,,,,,,,,,,,,,,,,,,,,,,
2023,7,2,11,0,20.1,47.5,8.6,,,,,,,,,,,,,,,,,,,,,,,,,,,,,,,,,,,,
2023,7,2,12,0,20.6,46.89,8.9,,,,,,,,,,,,,,,,,,,,,,,,,,,,,,,,,,,,
2023,7,2,13,0,22.7,52.18,12.4,,,,,,,,,,,,,,,,,,,,,,,,,,,,,,,,,,,,
2023,7,2,14,0,25.7,34.24,8.8,,,,,,,,,,,,,,,,,,,,,,,,,,,,,,,,,,,,
2023,7,2,15,0,28.8,27.2,8.1,,,,,,,,,,,,,,,,,,,,,,,,,,,,,,,,,,,,
2023,7,2,16,0,30.6,24.15,7.8,,,,,,,,,,,,,,,,,,,,,,,,,,,,,,,,,,,,
2023,7,2,17,0,31.6,20.74,6.4,,,,,,,,,,,,,,,,,,,,,,,,,,,,,,,,,,,,
2023,7,2,18,0,32.5,20.26,6.8,,,,,,,,,,,,,,,,,,,,,,,,,,,,,,,,,,,,
2023,7,2,19,0,33,20.06,7.1,,,,,,,,,,,,,,,,,,,,,,,,,,,,,,,,,,,,
2023,7,2,20,0,33.3,19.87,7.2,,,,,,,,,,,,,,,,,,,,,,,,,,,,,,,,,,,,
2023,7,2,21,0,33.4,19.87,7.3,,,,,,,,,,,,,,,,,,,,,,,,,,,,,,,,,,,,
2023,7,2,22,0,33.1,19.98,7.1,,,,,,,,,,,,,,,,,,,,,,,,,,,,,,,,,,,,
2023,7,2,23,0,32.5,20.22,6.8,,,,,,,,,,,,,,,,,,,,,,,,,,,,,,,,,,,,
2023,7,3,0,0,31.7,21.11,6.8,,,,,,,,,,,,,,,,,,,,,,,,,,,,,,,,,,,,
2023,7,3,1,0,30.4,24.76,8,,,,,,,,,,,,,,,,,,,,,,,,,,,,,,,,,,,,
2023,7,3,2,0,27.9,36.3,11.6,,,,,,,,,,,,,,,,,,,,,,,,,,,,,,,,,,,,
2023,7,3,3,0,26.3,36.73,10.3,,,,,,,,,,,,,,,,,,,,,,,,,,,,,,,,,,,,
2023,7,3,4,0,24.9,40.7,10.6,,,,,,,,,,,,,,,,,,,,,,,,,,,,,,,,,,,,
2023,7,3,5,0,23.6,44.29,10.7,,,,,,,,,,,,,,,,,,,,,,,,,,,,,,,,,,,,
2023,7,3,6,0,22.7,46.39,10.6,,,,,,,,,,,,,,,,,,,,,,,,,,,,,,,,,,,,
2023,7,3,7,0,22.1,47.24,10.3,,,,,,,,,,,,,,,,,,,,,,,,,,,,,,,,,,,,
2023,7,3,8,0,21.7,47.41,10,,,,,,,,,,,,,,,,,,,,,,,,,,,,,,,,,,,,
2023,7,3,9,0,21.1,48.35,9.8,,,,,,,,,,,,,,,,,,,,,,,,,,,,,,,,,,,,
2023,7,3,10,0,20.5,49.21,9.5,,,,,,,,,,,,,,,,,,,,,,,,,,,,,,,,,,,,
2023,7,3,11,0,20,49.92,9.2,,,,,,,,,,,,,,,,,,,,,,,,,,,,,,,,,,,,
2023,7,3,12,0,19.9,52.78,10,,,,,,,,,,,,,,,,,,,,,,,,,,,,,,,,,,,,
2023,7,3,13,0,23.1,48.62,11.7,,,,,,,,,,,,,,,,,,,,,,,,,,,,,,,,,,,,
2023,7,3,14,0,26.6,33.28,9.1,,,,,,,,,,,,,,,,,,,,,,,,,,,,,,,,,,,,
2023,7,3,15,0,29.6,27,8.6,,,,,,,,,,,,,,,,,,,,,,,,,,,,,,,,,,,,
2023,7,3,16,0,31.3,25.15,9,,,,,,,,,,,,,,,,,,,,,,,,,,,,,,,,,,,,
2023,7,3,17,0,32.5,23.69,9.1,,,,,,,,,,,,,,,,,,,,,,,,,,,,,,,,,,,,
2023,7,3,18,0,33.7,22.43,9.3,,,,,,,,,,,,,,,,,,,,,,,,,,,,,,,,,,,,
2023,7,3,19,0,35.1,20.66,9.3,,,,,,,,,,,,,,,,,,,,,,,,,,,,,,,,,,,,
2023,7,3,20,0,35.9,19.47,9,,,,,,,,,,,,,,,,,,,,,,,,,,,,,,,,,,,,
2023,7,3,21,0,36.1,18.89,8.8,,,,,,,,,,,,,,,,,,,,,,,,,,,,,,,,,,,,
2023,7,3,22,0,35.8,18.88,8.5,,,,,,,,,,,,,,,,,,,,,,,,,,,,,,,,,,,,
2023,7,3,23,0,35,19.43,8.3,,,,,,,,,,,,,,,,,,,,,,,,,,,,,,,,,,,,
2023,7,4,0,0,33.2,21.78,8.5,,,,,,,,,,,,,,,,,,,,,,,,,,,,,,,,,,,,
2023,7,4,1,0,30.9,28.6,10.6,,,,,,,,,,,,,,,,,,,,,,,,,,,,,,,,,,,,
2023,7,4,2,0,27.2,44.21,14,,,,,,,,,,,,,,,,,,,,,,,,,,,,,,,,,,,,
2023,7,4,3,0,25.1,47.66,13.2,,,,,,,,,,,,,,,,,,,,,,,,,,,,,,,,,,,,
2023,7,4,4,0,24.3,48.19,12.6,,,,,,,,,,,,,,,,,,,,,,,,,,,,,,,,,,,,
2023,7,4,5,0,23.2,53.16,13.1,,,,,,,,,,,,,,,,,,,,,,,,,,,,,,,,,,,,
2023,7,4,6,0,21.7,59.3,13.4,,,,,,,,,,,,,,,,,,,,,,,,,,,,,,,,,,,,
2023,7,4,7,0,20.8,61.85,13.2,,,,,,,,,,,,,,,,,,,,,,,,,,,,,,,,,,,,
2023,7,4,8,0,20.3,63.36,13.1,,,,,,,,,,,,,,,,,,,,,,,,,,,,,,,,,,,,
2023,7,4,9,0,20.2,62.26,12.8,,,,,,,,,,,,,,,,,,,,,,,,,,,,,,,,,,,,
2023,7,4,10,0,20.8,57.15,12,,,,,,,,,,,,,,,,,,,,,,,,,,,,,,,,,,,,
2023,7,4,11,0,20.9,55.04,11.5,,,,,,,,,,,,,,,,,,,,,,,,,,,,,,,,,,,,
2023,7,4,12,0,20.9,55.66,11.7,,,,,,,,,,,,,,,,,,,,,,,,,,,,,,,,,,,,
2023,7,4,13,0,22.8,55.99,13.6,,,,,,,,,,,,,,,,,,,,,,,,,,,,,,,,,,,,
2023,7,4,14,0,25,40.92,10.8,,,,,,,,,,,,,,,,,,,,,,,,,,,,,,,,,,,,
2023,7,4,15,0,27.5,27.87,7.3,,,,,,,,,,,,,,,,,,,,,,,,,,,,,,,,,,,,
2023,7,4,16,0,29.2,24.2,6.7,,,,,,,,,,,,,,,,,,,,,,,,,,,,,,,,,,,,
2023,7,4,17,0,30.2,23.48,7.1,,,,,,,,,,,,,,,,,,,,,,,,,,,,,,,,,,,,
2023,7,4,18,0,30.8,23.71,7.7,,,,,,,,,,,,,,,,,,,,,,,,,,,,,,,,,,,,
2023,7,4,19,0,31.1,24.22,8.3,,,,,,,,,,,,,,,,,,,,,,,,,,,,,,,,,,,,
2023,7,4,20,0,30.9,25.07,8.6,,,,,,,,,,,,,,,,,,,,,,,,,,,,,,,,,,,,
2023,7,4,21,0,30.7,25.25,8.6,,,,,,,,,,,,,,,,,,,,,,,,,,,,,,,,,,,,
2023,7,4,22,0,30.4,24.75,8,,,,,,,,,,,,,,,,,,,,,,,,,,,,,,,,,,,,
2023,7,4,23,0,29.9,24.29,7.3,,,,,,,,,,,,,,,,,,,,,,,,,,,,,,,,,,,,
2023,7,5,0,0,29,24.47,6.7,,,,,,,,,,,,,,,,,,,,,,,,,,,,,,,,,,,,
2023,7,5,1,0,27.7,27.37,7.2,,,,,,,,,,,,,,,,,,,,,,,,,,,,,,,,,,,,
2023,7,5,2,0,25,41.96,11.2,,,,,,,,,,,,,,,,,,,,,,,,,,,,,,,,,,,,
2023,7,5,3,0,23,45.21,10.5,,,,,,,,,,,,,,,,,,,,,,,,,,,,,,,,,,,,
2023,7,5,4,0,21.7,48.76,10.4,,,,,,,,,,,,,,,,,,,,,,,,,,,,,,,,,,,,
2023,7,5,5,0,20.8,50.8,10.2,,,,,,,,,,,,,,,,,,,,,,,,,,,,,,,,,,,,
2023,7,5,6,0,20.1,52.19,10,,,,,,,,,,,,,,,,,,,,,,,,,,,,,,,,,,,,
2023,7,5,7,0,19.6,52.97,9.8,,,,,,,,,,,,,,,,,,,,,,,,,,,,,,,,,,,,
2023,7,5,8,0,19.2,53.69,9.6,,,,,,,,,,,,,,,,,,,,,,,,,,,,,,,,,,,,
2023,7,5,9,0,18.9,54.25,9.5,,,,,,,,,,,,,,,,,,,,,,,,,,,,,,,,,,,,
2023,7,5,10,0,18.5,54.62,9.2,,,,,,,,,,,,,,,,,,,,,,,,,,,,,,,,,,,,
2023,7,5,11,0,18.2,54.75,8.9,,,,,,,,,,,,,,,,,,,,,,,,,,,,,,,,,,,,
2023,7,5,12,0,18.5,54.92,9.3,,,,,,,,,,,,,,,,,,,,,,,,,,,,,,,,,,,,
2023,7,5,13,0,20.7,49.58,9.8,,,,,,,,,,,,,,,,,,,,,,,,,,,,,,,,,,,,
2023,7,5,14,0,23.8,34.25,7.1,,,,,,,,,,,,,,,,,,,,,,,,,,,,,,,,,,,,
2023,7,5,15,0,26.3,27.34,6,,,,,,,,,,,,,,,,,,,,,,,,,,,,,,,,,,,,
2023,7,5,16,0,27.8,25.34,6.2,,,,,,,,,,,,,,,,,,,,,,,,,,,,,,,,,,,,
2023,7,5,17,0,28.9,24.6,6.7,,,,,,,,,,,,,,,,,,,,,,,,,,,,,,,,,,,,
2023,7,5,18,0,29.7,24.25,7.1,,,,,,,,,,,,,,,,,,,,,,,,,,,,,,,,,,,,
2023,7,5,19,0,30.2,24,7.4,,,,,,,,,,,,,,,,,,,,,,,,,,,,,,,,,,,,
2023,7,5,20,0,30.4,23.8,7.4,,,,,,,,,,,,,,,,,,,,,,,,,,,,,,,,,,,,
2023,7,5,21,0,30.4,23.38,7.2,,,,,,,,,,,,,,,,,,,,,,,,,,,,,,,,,,,,
2023,7,5,22,0,30.2,22.59,6.5,,,,,,,,,,,,,,,,,,,,,,,,,,,,,,,,,,,,
2023,7,5,23,0,29.7,21.61,5.5,,,,,,,,,,,,,,,,,,,,,,,,,,,,,,,,,,,,
2023,7,6,0,0,28.9,21.06,4.4,,,,,,,,,,,,,,,,,,,,,,,,,,,,,,,,,,,,
2023,7,6,1,0,27.4,24.24,5.2,,,,,,,,,,,,,,,,,,,,,,,,,,,,,,,,,,,,
2023,7,6,2,0,24.9,35.47,8.6,,,,,,,,,,,,,,,,,,,,,,,,,,,,,,,,,,,,
2023,7,6,3,0,23.1,37.43,7.8,,,,,,,,,,,,,,,,,,,,,,,,,,,,,,,,,,,,
2023,7,6,4,0,22.2,39.05,7.6,,,,,,,,,,,,,,,,,,,,,,,,,,,,,,,,,,,,
2023,7,6,5,0,22.2,37.04,6.8,,,,,,,,,,,,,,,,,,,,,,,,,,,,,,,,,,,,
2023,7,6,6,0,22.8,34.89,6.5,,,,,,,,,,,,,,,,,,,,,,,,,,,,,,,,,,,,
2023,7,6,7,0,22.2,36.32,6.5,,,,,,,,,,,,,,,,,,,,,,,,,,,,,,,,,,,,
2023,7,6,8,0,21.7,37.06,6.4,,,,,,,,,,,,,,,,,,,,,,,,,,,,,,,,,,,,
2023,7,6,9,0,21.4,36.12,5.8,,,,,,,,,,,,,,,,,,,,,,,,,,,,,,,,,,,,
2023,7,6,10,0,21,35.65,5.2,,,,,,,,,,,,,,,,,,,,,,,,,,,,,,,,,,,,
2023,7,6,11,0,20.6,36.63,5.3,,,,,,,,,,,,,,,,,,,,,,,,,,,,,,,,,,,,
2023,7,6,12,0,20.9,38.63,6.3,,,,,,,,,,,,,,,,,,,,,,,,,,,,,,,,,,,,
2023,7,6,13,0,22,46.64,10.1,,,,,,,,,,,,,,,,,,,,,,,,,,,,,,,,,,,,
2023,7,6,14,0,24.8,33.38,7.6,,,,,,,,,,,,,,,,,,,,,,,,,,,,,,,,,,,,
2023,7,6,15,0,27.1,22.29,3.7,,,,,,,,,,,,,,,,,,,,,,,,,,,,,,,,,,,,
2023,7,6,16,0,28.4,19.43,2.9,,,,,,,,,,,,,,,,,,,,,,,,,,,,,,,,,,,,
2023,7,6,17,0,29.7,18.74,3.4,,,,,,,,,,,,,,,,,,,,,,,,,,,,,,,,,,,,
2023,7,6,18,0,30.7,18.55,4.1,,,,,,,,,,,,,,,,,,,,,,,,,,,,,,,,,,,,
2023,7,6,19,0,31.3,18.72,4.7,,,,,,,,,,,,,,,,,,,,,,,,,,,,,,,,,,,,
2023,7,6,20,0,31.5,19.13,5.2,,,,,,,,,,,,,,,,,,,,,,,,,,,,,,,,,,,,
2023,7,6,21,0,31.4,19.62,5.5,,,,,,,,,,,,,,,,,,,,,,,,,,,,,,,,,,,,
2023,7,6,22,0,31.2,20.04,5.6,,,,,,,,,,,,,,,,,,,,,,,,,,,,,,,,,,,,
2023,7,6,23,0,30.7,20.71,5.7,,,,,,,,,,,,,,,,,,,,,,,,,,,,,,,,,,,,
2023,7,7,0,0,29.9,22,5.9,,,,,,,,,,,,,,,,,,,,,,,,,,,,,,,,,,,,
2023,7,7,1,0,28.3,26.97,7.5,,,,,,,,,,,,,,,,,,,,,,,,,,,,,,,,,,,,
2023,7,7,2,0,24.8,43.41,11.5,,,,,,,,,,,,,,,,,,,,,,,,,,,,,,,,,,,,
2023,7,7,3,0,23.1,45.37,10.6,,,,,,,,,,,,,,,,,,,,,,,,,,,,,,,,,,,,
2023,7,7,4,0,22.4,47.06,10.6,,,,,,,,,,,,,,,,,,,,,,,,,,,,,,,,,,,,
2023,7,7,5,0,21.7,48.04,10.2,,,,,,,,,,,,,,,,,,,,,,,,,,,,,,,,,,,,
2023,7,7,6,0,21,49.3,10,,,,,,,,,,,,,,,,,,,,,,,,,,,,,,,,,,,,
2023,7,7,7,0,20.4,50.2,9.7,,,,,,,,,,,,,,,,,,,,,,,,,,,,,,,,,,,,
2023,7,7,8,0,20.1,50.8,9.6,,,,,,,,,,,,,,,,,,,,,,,,,,,,,,,,,,,,
2023,7,7,9,0,19.8,51.13,9.4,,,,,,,,,,,,,,,,,,,,,,,,,,,,,,,,,,,,
2023,7,7,10,0,19.5,51.03,9.1,,,,,,,,,,,,,,,,,,,,,,,,,,,,,,,,,,,,
2023,7,7,11,0,19.1,51.43,8.8,,,,,,,,,,,,,,,,,,,,,,,,,,,,,,,,,,,,
2023,7,7,12,0,19.4,51.46,9.1,,,,,,,,,,,,,,,,,,,,,,,,,,,,,,,,,,,,
2023,7,7,13,0,21.7,49.45,10.7,,,,,,,,,,,,,,,,,,,,,,,,,,,,,,,,,,,,
2023,7,7,14,0,24.6,35.93,8.5,,,,,,,,,,,,,,,,,,,,,,,,,,,,,,,,,,,,
2023,7,7,15,0,27.8,25,6,,,,,,,,,,,,,,,,,,,,,,,,,,,,,,,,,,,,
2023,7,7,16,0,29.8,21.31,5.3,,,,,,,,,,,,,,,,,,,,,,,,,,,,,,,,,,,,
2023,7,7,17,0,31.2,19.64,5.3,,,,,,,,,,,,,,,,,,,,,,,,,,,,,,,,,,,,
2023,7,7,18,0,32.3,18.34,5.2,,,,,,,,,,,,,,,,,,,,,,,,,,,,,,,,,,,,
2023,7,7,19,0,33.1,17.29,5,,,,,,,,,,,,,,,,,,,,,,,,,,,,,,,,,,,,
2023,7,7,20,0,33.7,16.49,4.8,,,,,,,,,,,,,,,,,,,,,,,,,,,,,,,,,,,,
2023,7,7,21,0,33.9,16.22,4.8,,,,,,,,,,,,,,,,,,,,,,,,,,,,,,,,,,,,
2023,7,7,22,0,33.7,16.27,4.6,,,,,,,,,,,,,,,,,,,,,,,,,,,,,,,,,,,,
2023,7,7,23,0,33.1,16.88,4.7,,,,,,,,,,,,,,,,,,,,,,,,,,,,,,,,,,,,
2023,7,8,0,0,31.9,18.71,5.2,,,,,,,,,,,,,,,,,,,,,,,,,,,,,,,,,,,,
2023,7,8,1,0,30,24.65,7.6,,,,,,,,,,,,,,,,,,,,,,,,,,,,,,,,,,,,
2023,7,8,2,0,25.7,42.25,11.9,,,,,,,,,,,,,,,,,,,,,,,,,,,,,,,,,,,,
2023,7,8,3,0,23.5,47.5,11.7,,,,,,,,,,,,,,,,,,,,,,,,,,,,,,,,,,,,
2023,7,8,4,0,22.9,49.09,11.7,,,,,,,,,,,,,,,,,,,,,,,,,,,,,,,,,,,,
2023,7,8,5,0,22.4,50.41,11.6,,,,,,,,,,,,,,,,,,,,,,,,,,,,,,,,,,,,
2023,7,8,6,0,21.7,52.06,11.4,,,,,,,,,,,,,,,,,,,,,,,,,,,,,,,,,,,,
2023,7,8,7,0,20.9,54.07,11.3,,,,,,,,,,,,,,,,,,,,,,,,,,,,,,,,,,,,
2023,7,8,8,0,20.1,56.28,11.1,,,,,,,,,,,,,,,,,,,,,,,,,,,,,,,,,,,,
2023,7,8,9,0,19.4,57.59,10.8,,,,,,,,,,,,,,,,,,,,,,,,,,,,,,,,,,,,
2023,7,8,10,0,18.7,58.42,10.4,,,,,,,,,,,,,,,,,,,,,,,,,,,,,,,,,,,,
2023,7,8,11,0,18,58.71,9.8,,,,,,,,,,,,,,,,,,,,,,,,,,,,,,,,,,,,
2023,7,8,12,0,18.3,58.28,10,,,,,,,,,,,,,,,,,,,,,,,,,,,,,,,,,,,,
2023,7,8,13,0,21.6,49.8,10.7,,,,,,,,,,,,,,,,,,,,,,,,,,,,,,,,,,,,
2023,7,8,14,0,25,33.77,8,,,,,,,,,,,,,,,,,,,,,,,,,,,,,,,,,,,,
2023,7,8,15,0,27.8,24.8,5.9,,,,,,,,,,,,,,,,,,,,,,,,,,,,,,,,,,,,
2023,7,8,16,0,29.5,21.2,5,,,,,,,,,,,,,,,,,,,,,,,,,,,,,,,,,,,,
2023,7,8,17,0,30.9,19.21,4.8,,,,,,,,,,,,,,,,,,,,,,,,,,,,,,,,,,,,
2023,7,8,18,0,31.9,18.53,5.1,,,,,,,,,,,,,,,,,,,,,,,,,,,,,,,,,,,,
2023,7,8,19,0,32.6,18.51,5.6,,,,,,,,,,,,,,,,,,,,,,,,,,,,,,,,,,,,
2023,7,8,20,0,33,18.92,6.3,,,,,,,,,,,,,,,,,,,,,,,,,,,,,,,,,,,,
2023,7,8,21,0,33.2,19.42,6.8,,,,,,,,,,,,,,,,,,,,,,,,,,,,,,,,,,,,
2023,7,8,22,0,33,19.88,7,,,,,,,,,,,,,,,,,,,,,,,,,,,,,,,,,,,,
2023,7,8,23,0,32.5,20.41,6.9,,,,,,,,,,,,,,,,,,,,,,,,,,,,,,,,,,,,
2023,7,9,0,0,31.7,21.36,7,,,,,,,,,,,,,,,,,,,,,,,,,,,,,,,,,,,,
2023,7,9,1,0,30.3,25.34,8.3,,,,,,,,,,,,,,,,,,,,,,,,,,,,,,,,,,,,
2023,7,9,2,0,27.1,40.3,12.5,,,,,,,,,,,,,,,,,,,,,,,,,,,,,,,,,,,,
2023,7,9,3,0,24.9,43.17,11.5,,,,,,,,,,,,,,,,,,,,,,,,,,,,,,,,,,,,
2023,7,9,4,0,23.6,46.5,11.5,,,,,,,,,,,,,,,,,,,,,,,,,,,,,,,,,,,,
2023,7,9,5,0,22.4,49.14,11.2,,,,,,,,,,,,,,,,,,,,,,,,,,,,,,,,,,,,
2023,7,9,6,0,21.5,50.87,10.9,,,,,,,,,,,,,,,,,,,,,,,,,,,,,,,,,,,,
2023,7,9,7,0,20.6,52.92,10.7,,,,,,,,,,,,,,,,,,,,,,,,,,,,,,,,,,,,
2023,7,9,8,0,19.7,54.72,10.3,,,,,,,,,,,,,,,,,,,,,,,,,,,,,,,,,,,,
2023,7,9,9,0,18.9,55.4,9.8,,,,,,,,,,,,,,,,,,,,,,,,,,,,,,,,,,,,
2023,7,9,10,0,18.4,54.93,9.2,,,,,,,,,,,,,,,,,,,,,,,,,,,,,,,,,,,,
2023,7,9,11,0,17.8,56,8.9,,,,,,,,,,,,,,,,,,,,,,,,,,,,,,,,,,,,
2023,7,9,12,0,18,56.07,9.1,,,,,,,,,,,,,,,,,,,,,,,,,,,,,,,,,,,,
2023,7,9,13,0,21.3,45.96,9.2,,,,,,,,,,,,,,,,,,,,,,,,,,,,,,,,,,,,
2023,7,9,14,0,24.6,37.22,9,,,,,,,,,,,,,,,,,,,,,,,,,,,,,,,,,,,,
2023,7,9,15,0,28.8,23.46,5.9,,,,,,,,,,,,,,,,,,,,,,,,,,,,,,,,,,,,
2023,7,9,16,0,31,16.52,2.7,,,,,,,,,,,,,,,,,,,,,,,,,,,,,,,,,,,,
2023,7,9,17,0,32.5,14.25,1.8,,,,,,,,,,,,,,,,,,,,,,,,,,,,,,,,,,,,
2023,7,9,18,0,33.8,12.75,1.3,,,,,,,,,,,,,,,,,,,,,,,,,,,,,,,,,,,,
2023,7,9,19,0,34.7,11.77,0.9,,,,,,,,,,,,,,,,,,,,,,,,,,,,,,,,,,,,
2023,7,9,20,0,35.2,11.13,0.5,,,,,,,,,,,,,,,,,,,,,,,,,,,,,,,,,,,,
2023,7,9,21,0,35.5,11.02,0.6,,,,,,,,,,,,,,,,,,,,,,,,,,,,,,,,,,,,
2023,7,9,22,0,35.5,11.42,1.1,,,,,,,,,,,,,,,,,,,,,,,,,,,,,,,,,,,,
2023,7,9,23,0,35,12.23,1.6,,,,,,,,,,,,,,,,,,,,,,,,,,,,,,,,,,,,
2023,7,10,0,0,34.3,13.36,2.3,,,,,,,,,,,,,,,,,,,,,,,,,,,,,,,,,,,,
2023,7,10,1,0,32.7,19.98,6.8,,,,,,,,,,,,,,,,,,,,,,,,,,,,,,,,,,,,
2023,7,10,2,0,30.1,29.09,10.2,,,,,,,,,,,,,,,,,,,,,,,,,,,,,,,,,,,,
2023,7,10,3,0,27.6,31.83,9.3,,,,,,,,,,,,,,,,,,,,,,,,,,,,,,,,,,,,
2023,7,10,4,0,25.6,36.6,9.7,,,,,,,,,,,,,,,,,,,,,,,,,,,,,,,,,,,,
2023,7,10,5,0,24,39.31,9.3,,,,,,,,,,,,,,,,,,,,,,,,,,,,,,,,,,,,
2023,7,10,6,0,23,40.22,8.8,,,,,,,,,,,,,,,,,,,,,,,,,,,,,,,,,,,,
2023,7,10,7,0,22.7,39.7,8.3,,,,,,,,,,,,,,,,,,,,,,,,,,,,,,,,,,,,
2023,7,10,8,0,22.1,40.84,8.2,,,,,,,,,,,,,,,,,,,,,,,,,,,,,,,,,,,,
2023,7,10,9,0,21.2,43.65,8.3,,,,,,,,,,,,,,,,,,,,,,,,,,,,,,,,,,,,
2023,7,10,10,0,20.5,46.6,8.7,,,,,,,,,,,,,,,,,,,,,,,,,,,,,,,,,,,,
2023,7,10,11,0,19.9,49.32,9,,,,,,,,,,,,,,,,,,,,,,,,,,,,,,,,,,,,
2023,7,10,12,0,20.2,50.78,9.7,,,,,,,,,,,,,,,,,,,,,,,,,,,,,,,,,,,,
2023,7,10,13,0,23.9,43.19,10.6,,,,,,,,,,,,,,,,,,,,,,,,,,,,,,,,,,,,
2023,7,10,14,0,27.1,33.08,9.5,,,,,,,,,,,,,,,,,,,,,,,,,,,,,,,,,,,,
2023,7,10,15,0,29.5,26.53,8.3,,,,,,,,,,,,,,,,,,,,,,,,,,,,,,,,,,,,
2023,7,10,16,0,30.7,22.88,7.1,,,,,,,,,,,,,,,,,,,,,,,,,,,,,,,,,,,,
2023,7,10,17,0,31.7,20.03,6,,,,,,,,,,,,,,,,,,,,,,,,,,,,,,,,,,,,
2023,7,10,18,0,32.6,17.28,4.6,,,,,,,,,,,,,,,,,,,,,,,,,,,,,,,,,,,,
2023,7,10,19,0,33.3,14.83,3,,,,,,,,,,,,,,,,,,,,,,,,,,,,,,,,,,,,
2023,7,10,20,0,33.8,12.94,1.5,,,,,,,,,,,,,,,,,,,,,,,,,,,,,,,,,,,,
2023,7,10,21,0,34.1,11.76,0.4,,,,,,,,,,,,,,,,,,,,,,,,,,,,,,,,,,,,
2023,7,10,22,0,34,11.31,-0.2,,,,,,,,,,,,,,,,,,,,,,,,,,,,,,,,,,,,
2023,7,10,23,0,33.6,11.26,-0.6,,,,,,,,,,,,,,,,,,,,,,,,,,,,,,,,,,,,
2023,7,11,0,0,32.8,11.78,-0.6,,,,,,,,,,,,,,,,,,,,,,,,,,,,,,,,,,,,
2023,7,11,1,0,31,19.22,4.8,,,,,,,,,,,,,,,,,,,,,,,,,,,,,,,,,,,,
2023,7,11,2,0,28.9,25.57,7.2,,,,,,,,,,,,,,,,,,,,,,,,,,,,,,,,,,,,
2023,7,11,3,0,28.2,21.32,4,,,,,,,,,,,,,,,,,,,,,,,,,,,,,,,,,,,,
2023,7,11,4,0,27,23.4,4.3,,,,,,,,,,,,,,,,,,,,,,,,,,,,,,,,,,,,
2023,7,11,5,0,26.1,24.67,4.3,,,,,,,,,,,,,,,,,,,,,,,,,,,,,,,,,,,,
2023,7,11,6,0,25.5,25.31,4.2,,,,,,,,,,,,,,,,,,,,,,,,,,,,,,,,,,,,
2023,7,11,7,0,24.7,26.68,4.3,,,,,,,,,,,,,,,,,,,,,,,,,,,,,,,,,,,,
2023,7,11,8,0,23.8,28.8,4.6,,,,,,,,,,,,,,,,,,,,,,,,,,,,,,,,,,,,
2023,7,11,9,0,22.6,32.46,5.3,,,,,,,,,,,,,,,,,,,,,,,,,,,,,,,,,,,,
2023,7,11,10,0,21.3,36.74,5.9,,,,,,,,,,,,,,,,,,,,,,,,,,,,,,,,,,,,
2023,7,11,11,0,20.2,40.69,6.4,,,,,,,,,,,,,,,,,,,,,,,,,,,,,,,,,,,,
2023,7,11,12,0,19.6,44.85,7.3,,,,,,,,,,,,,,,,,,,,,,,,,,,,,,,,,,,,
2023,7,11,13,0,22.3,44.17,9.5,,,,,,,,,,,,,,,,,,,,,,,,,,,,,,,,,,,,
2023,7,11,14,0,25.8,28.33,6.1,,,,,,,,,,,,,,,,,,,,,,,,,,,,,,,,,,,,
2023,7,11,15,0,28.9,20.75,4.2,,,,,,,,,,,,,,,,,,,,,,,,,,,,,,,,,,,,
2023,7,11,16,0,31.1,17.94,3.9,,,,,,,,,,,,,,,,,,,,,,,,,,,,,,,,,,,,
2023,7,11,17,0,32.6,16.33,3.8,,,,,,,,,,,,,,,,,,,,,,,,,,,,,,,,,,,,
2023,7,11,18,0,33.6,15.2,3.6,,,,,,,,,,,,,,,,,,,,,,,,,,,,,,,,,,,,
2023,7,11,19,0,34.3,14.31,3.3,,,,,,,,,,,,,,,,,,,,,,,,,,,,,,,,,,,,
2023,7,11,20,0,34.8,13.57,2.9,,,,,,,,,,,,,,,,,,,,,,,,,,,,,,,,,,,,
2023,7,11,21,0,34.9,13.22,2.6,,,,,,,,,,,,,,,,,,,,,,,,,,,,,,,,,,,,
2023,7,11,22,0,34.6,13.25,2.4,,,,,,,,,,,,,,,,,,,,,,,,,,,,,,,,,,,,
2023,7,11,23,0,34,13.49,2.2,,,,,,,,,,,,,,,,,,,,,,,,,,,,,,,,,,,,
2023,7,12,0,0,33.1,14.24,2.3,,,,,,,,,,,,,,,,,,,,,,,,,,,,,,,,,,,,
2023,7,12,1,0,31.1,20.81,6.1,,,,,,,,,,,,,,,,,,,,,,,,,,,,,,,,,,,,
2023,7,12,2,0,27.5,34.59,10.5,,,,,,,,,,,,,,,,,,,,,,,,,,,,,,,,,,,,
2023,7,12,3,0,25.8,34.65,9,,,,,,,,,,,,,,,,,,,,,,,,,,,,,,,,,,,,
2023,7,12,4,0,25,35.63,8.7,,,,,,,,,,,,,,,,,,,,,,,,,,,,,,,,,,,,
2023,7,12,5,0,24.5,35.6,8.3,,,,,,,,,,,,,,,,,,,,,,,,,,,,,,,,,,,,
2023,7,12,6,0,24.2,35.36,7.9,,,,,,,,,,,,,,,,,,,,,,,,,,,,,,,,,,,,
2023,7,12,7,0,23.8,35.8,7.8,,,,,,,,,,,,,,,,,,,,,,,,,,,,,,,,,,,,
2023,7,12,8,0,23.2,37.32,7.8,,,,,,,,,,,,,,,,,,,,,,,,,,,,,,,,,,,,
2023,7,12,9,0,22.6,38.83,7.9,,,,,,,,,,,,,,,,,,,,,,,,,,,,,,,,,,,,
2023,7,12,10,0,22.1,40.15,7.9,,,,,,,,,,,,,,,,,,,,,,,,,,,,,,,,,,,,
2023,7,12,11,0,21.7,41,7.9,,,,,,,,,,,,,,,,,,,,,,,,,,,,,,,,,,,,
2023,7,12,12,0,21.5,43.47,8.6,,,,,,,,,,,,,,,,,,,,,,,,,,,,,,,,,,,,
2023,7,12,13,0,23.5,47.41,11.7,,,,,,,,,,,,,,,,,,,,,,,,,,,,,,,,,,,,
2023,7,12,14,0,26.7,29.65,7.5,,,,,,,,,,,,,,,,,,,,,,,,,,,,,,,,,,,,
2023,7,12,15,0,29.6,22.28,5.8,,,,,,,,,,,,,,,,,,,,,,,,,,,,,,,,,,,,
2023,7,12,16,0,31.5,19.17,5.2,,,,,,,,,,,,,,,,,,,,,,,,,,,,,,,,,,,,
2023,7,12,17,0,32.8,17.76,5.2,,,,,,,,,,,,,,,,,,,,,,,,,,,,,,,,,,,,
2023,7,12,18,0,33.7,17.07,5.3,,,,,,,,,,,,,,,,,,,,,,,,,,,,,,,,,,,,
2023,7,12,19,0,34.4,16.54,5.4,,,,,,,,,,,,,,,,,,,,,,,,,,,,,,,,,,,,
2023,7,12,20,0,34.9,15.97,5.3,,,,,,,,,,,,,,,,,,,,,,,,,,,,,,,,,,,,
2023,7,12,21,0,35.1,15.51,5.1,,,,,,,,,,,,,,,,,,,,,,,,,,,,,,,,,,,,
2023,7,12,22,0,34.9,15.19,4.6,,,,,,,,,,,,,,,,,,,,,,,,,,,,,,,,,,,,
2023,7,12,23,0,34.4,15.02,4.1,,,,,,,,,,,,,,,,,,,,,,,,,,,,,,,,,,,,
2023,7,13,0,0,33.5,15.56,3.8,,,,,,,,,,,,,,,,,,,,,,,,,,,,,,,,,,,,
2023,7,13,1,0,31.8,20.48,6.4,,,,,,,,,,,,,,,,,,,,,,,,,,,,,,,,,,,,
2023,7,13,2,0,28.1,35.26,11.3,,,,,,,,,,,,,,,,,,,,,,,,,,,,,,,,,,,,
2023,7,13,3,0,25.7,37.36,10.1,,,,,,,,,,,,,,,,,,,,,,,,,,,,,,,,,,,,
2023,7,13,4,0,24.6,39.41,9.9,,,,,,,,,,,,,,,,,,,,,,,,,,,,,,,,,,,,
2023,7,13,5,0,23.9,40.23,9.6,,,,,,,,,,,,,,,,,,,,,,,,,,,,,,,,,,,,
2023,7,13,6,0,23.6,39.85,9.2,,,,,,,,,,,,,,,,,,,,,,,,,,,,,,,,,,,,
2023,7,13,7,0,23.3,39.42,8.7,,,,,,,,,,,,,,,,,,,,,,,,,,,,,,,,,,,,
2023,7,13,8,0,23.2,38.63,8.3,,,,,,,,,,,,,,,,,,,,,,,,,,,,,,,,,,,,
2023,7,13,9,0,23.3,37.16,7.9,,,,,,,,,,,,,,,,,,,,,,,,,,,,,,,,,,,,
2023,7,13,10,0,22.8,38.35,7.9,,,,,,,,,,,,,,,,,,,,,,,,,,,,,,,,,,,,
2023,7,13,11,0,22.3,39.86,8,,,,,,,,,,,,,,,,,,,,,,,,,,,,,,,,,,,,
2023,7,13,12,0,21.9,43.02,8.8,,,,,,,,,,,,,,,,,,,,,,,,,,,,,,,,,,,,
2023,7,13,13,0,23.4,48.39,11.9,,,,,,,,,,,,,,,,,,,,,,,,,,,,,,,,,,,,
2023,7,13,14,0,26.5,32.06,8.5,,,,,,,,,,,,,,,,,,,,,,,,,,,,,,,,,,,,
2023,7,13,15,0,29.4,23.53,6.4,,,,,,,,,,,,,,,,,,,,,,,,,,,,,,,,,,,,
2023,7,13,16,0,31.2,19.77,5.4,,,,,,,,,,,,,,,,,,,,,,,,,,,,,,,,,,,,
2023,7,13,17,0,32.3,18.2,5.1,,,,,,,,,,,,,,,,,,,,,,,,,,,,,,,,,,,,
2023,7,13,18,0,33,17.12,4.8,,,,,,,,,,,,,,,,,,,,,,,,,,,,,,,,,,,,
2023,7,13,19,0,33.4,16.05,4.2,,,,,,,,,,,,,,,,,,,,,,,,,,,,,,,,,,,,
2023,7,13,20,0,33.6,14.87,3.3,,,,,,,,,,,,,,,,,,,,,,,,,,,,,,,,,,,,
2023,7,13,21,0,33.7,13.62,2.1,,,,,,,,,,,,,,,,,,,,,,,,,,,,,,,,,,,,
2023,7,13,22,0,33.6,12.49,0.8,,,,,,,,,,,,,,,,,,,,,,,,,,,,,,,,,,,,
2023,7,13,23,0,33.1,11.87,-0.3,,,,,,,,,,,,,,,,,,,,,,,,,,,,,,,,,,,,
2023,7,14,0,0,32.2,11.97,-0.8,,,,,,,,,,,,,,,,,,,,,,,,,,,,,,,,,,,,
2023,7,14,1,0,30.4,18.74,4,,,,,,,,,,,,,,,,,,,,,,,,,,,,,,,,,,,,
2023,7,14,2,0,28.3,25.48,6.7,,,,,,,,,,,,,,,,,,,,,,,,,,,,,,,,,,,,
2023,7,14,3,0,27.3,22.94,4.3,,,,,,,,,,,,,,,,,,,,,,,,,,,,,,,,,,,,
2023,7,14,4,0,26.3,24.82,4.6,,,,,,,,,,,,,,,,,,,,,,,,,,,,,,,,,,,,
2023,7,14,5,0,25.8,25.91,4.8,,,,,,,,,,,,,,,,,,,,,,,,,,,,,,,,,,,,
2023,7,14,6,0,25.3,27.46,5.2,,,,,,,,,,,,,,,,,,,,,,,,,,,,,,,,,,,,
2023,7,14,7,0,24.6,29.88,5.8,,,,,,,,,,,,,,,,,,,,,,,,,,,,,,,,,,,,
2023,7,14,8,0,23.1,36.13,7.3,,,,,,,,,,,,,,,,,,,,,,,,,,,,,,,,,,,,
2023,7,14,9,0,22.1,40.56,8.1,,,,,,,,,,,,,,,,,,,,,,,,,,,,,,,,,,,,
2023,7,14,10,0,21.7,42.49,8.4,,,,,,,,,,,,,,,,,,,,,,,,,,,,,,,,,,,,
2023,7,14,11,0,21.3,44.03,8.6,,,,,,,,,,,,,,,,,,,,,,,,,,,,,,,,,,,,
2023,7,14,12,0,21.3,45.54,9.1,,,,,,,,,,,,,,,,,,,,,,,,,,,,,,,,,,,,
2023,7,14,13,0,23.2,48.54,11.8,,,,,,,,,,,,,,,,,,,,,,,,,,,,,,,,,,,,
2023,7,14,14,0,25.3,39.47,10.5,,,,,,,,,,,,,,,,,,,,,,,,,,,,,,,,,,,,
2023,7,14,15,0,27.8,30.91,9.1,,,,,,,,,,,,,,,,,,,,,,,,,,,,,,,,,,,,
2023,7,14,16,0,29.2,26.79,8.2,,,,,,,,,,,,,,,,,,,,,,,,,,,,,,,,,,,,
2023,7,14,17,0,30.3,25.33,8.3,,,,,,,,,,,,,,,,,,,,,,,,,,,,,,,,,,,,
2023,7,14,18,0,31.1,24.16,8.3,,,,,,,,,,,,,,,,,,,,,,,,,,,,,,,,,,,,
2023,7,14,19,0,31.6,23.34,8.2,,,,,,,,,,,,,,,,,,,,,,,,,,,,,,,,,,,,
2023,7,14,20,0,31.9,22.5,7.9,,,,,,,,,,,,,,,,,,,,,,,,,,,,,,,,,,,,
2023,7,14,21,0,31.9,21.8,7.4,,,,,,,,,,,,,,,,,,,,,,,,,,,,,,,,,,,,
2023,7,14,22,0,31.7,21.16,6.8,,,,,,,,,,,,,,,,,,,,,,,,,,,,,,,,,,,,
2023,7,14,23,0,31.2,20.95,6.3,,,,,,,,,,,,,,,,,,,,,,,,,,,,,,,,,,,,
2023,7,15,0,0,30.3,21.57,5.9,,,,,,,,,,,,,,,,,,,,,,,,,,,,,,,,,,,,
2023,7,15,1,0,28.7,25.57,7.1,,,,,,,,,,,,,,,,,,,,,,,,,,,,,,,,,,,,
2023,7,15,2,0,25.7,38.98,10.7,,,,,,,,,,,,,,,,,,,,,,,,,,,,,,,,,,,,
2023,7,15,3,0,25,36.19,9,,,,,,,,,,,,,,,,,,,,,,,,,,,,,,,,,,,,
2023,7,15,4,0,24.7,35.15,8.3,,,,,,,,,,,,,,,,,,,,,,,,,,,,,,,,,,,,
2023,7,15,5,0,23.8,36.47,8,,,,,,,,,,,,,,,,,,,,,,,,,,,,,,,,,,,,
2023,7,15,6,0,23.2,37.07,7.7,,,,,,,,,,,,,,,,,,,,,,,,,,,,,,,,,,,,
2023,7,15,7,0,22.5,38.2,7.6,,,,,,,,,,,,,,,,,,,,,,,,,,,,,,,,,,,,
2023,7,15,8,0,21.7,39.63,7.4,,,,,,,,,,,,,,,,,,,,,,,,,,,,,,,,,,,,
2023,7,15,9,0,21.1,40.52,7.2,,,,,,,,,,,,,,,,,,,,,,,,,,,,,,,,,,,,
2023,7,15,10,0,20.5,41.53,7,,,,,,,,,,,,,,,,,,,,,,,,,,,,,,,,,,,,
2023,7,15,11,0,19.9,42.8,6.9,,,,,,,,,,,,,,,,,,,,,,,,,,,,,,,,,,,,
2023,7,15,12,0,19.7,44.91,7.4,,,,,,,,,,,,,,,,,,,,,,,,,,,,,,,,,,,,
2023,7,15,13,0,22.1,44.67,9.5,,,,,,,,,,,,,,,,,,,,,,,,,,,,,,,,,,,,
2023,7,15,14,0,25.5,29.32,6.3,,,,,,,,,,,,,,,,,,,,,,,,,,,,,,,,,,,,
2023,7,15,15,0,28.9,20.63,4.1,,,,,,,,,,,,,,,,,,,,,,,,,,,,,,,,,,,,
2023,7,15,16,0,30.6,18.64,4.1,,,,,,,,,,,,,,,,,,,,,,,,,,,,,,,,,,,,
2023,7,15,17,0,31.8,17.52,4.2,,,,,,,,,,,,,,,,,,,,,,,,,,,,,,,,,,,,
2023,7,15,18,0,32.7,16.74,4.2,,,,,,,,,,,,,,,,,,,,,,,,,,,,,,,,,,,,
2023,7,15,19,0,33.4,16.08,4.2,,,,,,,,,,,,,,,,,,,,,,,,,,,,,,,,,,,,
2023,7,15,20,0,33.8,15.56,4.1,,,,,,,,,,,,,,,,,,,,,,,,,,,,,,,,,,,,
2023,7,15,21,0,33.9,15.28,3.9,,,,,,,,,,,,,,,,,,,,,,,,,,,,,,,,,,,,
2023,7,15,22,0,33.8,15.13,3.7,,,,,,,,,,,,,,,,,,,,,,,,,,,,,,,,,,,,
2023,7,15,23,0,33.2,15.36,3.4,,,,,,,,,,,,,,,,,,,,,,,,,,,,,,,,,,,,
2023,7,16,0,0,32.4,15.99,3.4,,,,,,,,,,,,,,,,,,,,,,,,,,,,,,,,,,,,
2023,7,16,1,0,30.7,22.47,6.9,,,,,,,,,,,,,,,,,,,,,,,,,,,,,,,,,,,,
2023,7,16,2,0,28.3,30.59,9.4,,,,,,,,,,,,,,,,,,,,,,,,,,,,,,,,,,,,
2023,7,16,3,0,27,29.2,7.6,,,,,,,,,,,,,,,,,,,,,,,,,,,,,,,,,,,,
2023,7,16,4,0,25.8,31.68,7.7,,,,,,,,,,,,,,,,,,,,,,,,,,,,,,,,,,,,
2023,7,16,5,0,24.8,33.64,7.7,,,,,,,,,,,,,,,,,,,,,,,,,,,,,,,,,,,,
2023,7,16,6,0,23.9,35.46,7.7,,,,,,,,,,,,,,,,,,,,,,,,,,,,,,,,,,,,
2023,7,16,7,0,23.1,37.11,7.7,,,,,,,,,,,,,,,,,,,,,,,,,,,,,,,,,,,,
2023,7,16,8,0,22.5,38.15,7.5,,,,,,,,,,,,,,,,,,,,,,,,,,,,,,,,,,,,
2023,7,16,9,0,21.6,40.29,7.5,,,,,,,,,,,,,,,,,,,,,,,,,,,,,,,,,,,,
2023,7,16,10,0,20.7,42.35,7.4,,,,,,,,,,,,,,,,,,,,,,,,,,,,,,,,,,,,
2023,7,16,11,0,20,43.88,7.3,,,,,,,,,,,,,,,,,,,,,,,,,,,,,,,,,,,,
2023,7,16,12,0,19.9,45.42,7.8,,,,,,,,,,,,,,,,,,,,,,,,,,,,,,,,,,,,
2023,7,16,13,0,23.4,40.3,9.1,,,,,,,,,,,,,,,,,,,,,,,,,,,,,,,,,,,,
2023,7,16,14,0,27.2,26.6,6.4,,,,,,,,,,,,,,,,,,,,,,,,,,,,,,,,,,,,
2023,7,16,15,0,31.2,19.28,5.1,,,,,,,,,,,,,,,,,,,,,,,,,,,,,,,,,,,,
2023,7,16,16,0,34.1,15.37,4.1,,,,,,,,,,,,,,,,,,,,,,,,,,,,,,,,,,,,
2023,7,16,17,0,35.6,15.36,5.3,,,,,,,,,,,,,,,,,,,,,,,,,,,,,,,,,,,,
2023,7,16,18,0,36.8,14.85,5.8,,,,,,,,,,,,,,,,,,,,,,,,,,,,,,,,,,,,
2023,7,16,19,0,37.6,14.68,6.3,,,,,,,,,,,,,,,,,,,,,,,,,,,,,,,,,,,,
2023,7,16,20,0,38.1,15.04,7,,,,,,,,,,,,,,,,,,,,,,,,,,,,,,,,,,,,
2023,7,16,21,0,38.3,15.04,7.2,,,,,,,,,,,,,,,,,,,,,,,,,,,,,,,,,,,,
2023,7,16,22,0,38.3,14.98,7.1,,,,,,,,,,,,,,,,,,,,,,,,,,,,,,,,,,,,
2023,7,16,23,0,37.7,15.32,7,,,,,,,,,,,,,,,,,,,,,,,,,,,,,,,,,,,,
2023,7,17,0,0,36.9,15.73,6.7,,,,,,,,,,,,,,,,,,,,,,,,,,,,,,,,,,,,
2023,7,17,1,0,34.8,24.27,11.4,,,,,,,,,,,,,,,,,,,,,,,,,,,,,,,,,,,,
2023,7,17,2,0,31.9,27.86,11.1,,,,,,,,,,,,,,,,,,,,,,,,,,,,,,,,,,,,
2023,7,17,3,0,29.7,28.46,9.5,,,,,,,,,,,,,,,,,,,,,,,,,,,,,,,,,,,,
2023,7,17,4,0,28.2,31,9.5,,,,,,,,,,,,,,,,,,,,,,,,,,,,,,,,,,,,
2023,7,17,5,0,27,33.17,9.4,,,,,,,,,,,,,,,,,,,,,,,,,,,,,,,,,,,,
2023,7,17,6,0,26,35.23,9.5,,,,,,,,,,,,,,,,,,,,,,,,,,,,,,,,,,,,
2023,7,17,7,0,25.1,37.32,9.5,,,,,,,,,,,,,,,,,,,,,,,,,,,,,,,,,,,,
2023,7,17,8,0,24.7,39.17,9.9,,,,,,,,,,,,,,,,,,,,,,,,,,,,,,,,,,,,
2023,7,17,9,0,24.3,40.63,10.1,,,,,,,,,,,,,,,,,,,,,,,,,,,,,,,,,,,,
2023,7,17,10,0,23.9,41.15,9.9,,,,,,,,,,,,,,,,,,,,,,,,,,,,,,,,,,,,
2023,7,17,11,0,23.1,42.08,9.5,,,,,,,,,,,,,,,,,,,,,,,,,,,,,,,,,,,,
2023,7,17,12,0,23.3,41.83,9.6,,,,,,,,,,,,,,,,,,,,,,,,,,,,,,,,,,,,
2023,7,17,13,0,26,37.04,10.2,,,,,,,,,,,,,,,,,,,,,,,,,,,,,,,,,,,,
2023,7,17,14,0,29.6,27.64,9,,,,,,,,,,,,,,,,,,,,,,,,,,,,,,,,,,,,
2023,7,17,15,0,32.4,21.78,7.8,,,,,,,,,,,,,,,,,,,,,,,,,,,,,,,,,,,,
2023,7,17,16,0,34.7,18.17,7,,,,,,,,,,,,,,,,,,,,,,,,,,,,,,,,,,,,
2023,7,17,17,0,36.2,16.78,7.1,,,,,,,,,,,,,,,,,,,,,,,,,,,,,,,,,,,,
2023,7,17,18,0,37.1,16.29,7.4,,,,,,,,,,,,,,,,,,,,,,,,,,,,,,,,,,,,
2023,7,17,19,0,37.6,16.28,7.8,,,,,,,,,,,,,,,,,,,,,,,,,,,,,,,,,,,,
2023,7,17,20,0,37.6,16.71,8.2,,,,,,,,,,,,,,,,,,,,,,,,,,,,,,,,,,,,
2023,7,17,21,0,37,17.79,8.6,,,,,,,,,,,,,,,,,,,,,,,,,,,,,,,,,,,,
2023,7,17,22,0,36.3,18.71,8.8,,,,,,,,,,,,,,,,,,,,,,,,,,,,,,,,,,,,
2023,7,17,23,0,35.5,19.38,8.6,,,,,,,,,,,,,,,,,,,,,,,,,,,,,,,,,,,,
2023,7,18,0,0,34.6,19.95,8.3,,,,,,,,,,,,,,,,,,,,,,,,,,,,,,,,,,,,
2023,7,18,1,0,32.6,25.62,10.4,,,,,,,,,,,,,,,,,,,,,,,,,,,,,,,,,,,,
2023,7,18,2,0,29.5,38.73,14,,,,,,,,,,,,,,,,,,,,,,,,,,,,,,,,,,,,
2023,7,18,3,0,29.3,35.73,12.6,,,,,,,,,,,,,,,,,,,,,,,,,,,,,,,,,,,,
2023,7,18,4,0,29.7,32.75,11.6,,,,,,,,,,,,,,,,,,,,,,,,,,,,,,,,,,,,
2023,7,18,5,0,29.5,32.11,11.1,,,,,,,,,,,,,,,,,,,,,,,,,,,,,,,,,,,,
2023,7,18,6,0,28.8,33.56,11.2,,,,,,,,,,,,,,,,,,,,,,,,,,,,,,,,,,,,
2023,7,18,7,0,28.1,35.79,11.5,,,,,,,,,,,,,,,,,,,,,,,,,,,,,,,,,,,,
2023,7,18,8,0,28,35.15,11.2,,,,,,,,,,,,,,,,,,,,,,,,,,,,,,,,,,,,
2023,7,18,9,0,27.7,35.46,11,,,,,,,,,,,,,,,,,,,,,,,,,,,,,,,,,,,,
2023,7,18,10,0,26.8,38.47,11.5,,,,,,,,,,,,,,,,,,,,,,,,,,,,,,,,,,,,
2023,7,18,11,0,26,41.48,11.9,,,,,,,,,,,,,,,,,,,,,,,,,,,,,,,,,,,,
2023,7,18,12,0,24.9,47.47,13,,,,,,,,,,,,,,,,,,,,,,,,,,,,,,,,,,,,
2023,7,18,13,0,25,51.92,14.4,,,,,,,,,,,,,,,,,,,,,,,,,,,,,,,,,,,,
2023,7,18,14,0,26.8,43.15,13.2,,,,,,,,,,,,,,,,,,,,,,,,,,,,,,,,,,,,
2023,7,18,15,0,29.8,30.29,10.5,,,,,,,,,,,,,,,,,,,,,,,,,,,,,,,,,,,,
2023,7,18,16,0,32.3,24.37,9.4,,,,,,,,,,,,,,,,,,,,,,,,,,,,,,,,,,,,
2023,7,18,17,0,34.6,21.04,9.1,,,,,,,,,,,,,,,,,,,,,,,,,,,,,,,,,,,,
2023,7,18,18,0,35.7,20.31,9.5,,,,,,,,,,,,,,,,,,,,,,,,,,,,,,,,,,,,
2023,7,18,19,0,35.3,21.52,10,,,,,,,,,,,,,,,,,,,,,,,,,,,,,,,,,,,,
2023,7,18,20,0,34.1,23.93,10.6,,,,,,,,,,,,,,,,,,,,,,,,,,,,,,,,,,,,
2023,7,18,21,0,33.3,25.58,11,,,,,,,,,,,,,,,,,,,,,,,,,,,,,,,,,,,,
2023,7,18,22,0,32.8,26.6,11.1,,,,,,,,,,,,,,,,,,,,,,,,,,,,,,,,,,,,
2023,7,18,23,0,32.2,27.8,11.3,,,,,,,,,,,,,,,,,,,,,,,,,,,,,,,,,,,,
2023,7,19,0,0,31.4,29.64,11.6,,,,,,,,,,,,,,,,,,,,,,,,,,,,,,,,,,,,
2023,7,19,1,0,30.6,34.43,13.2,,,,,,,,,,,,,,,,,,,,,,,,,,,,,,,,,,,,
2023,7,19,2,0,28.5,42.72,14.6,,,,,,,,,,,,,,,,,,,,,,,,,,,,,,,,,,,,
2023,7,19,3,0,26.4,50.5,15.3,,,,,,,,,,,,,,,,,,,,,,,,,,,,,,,,,,,,
2023,7,19,4,0,25.4,55.02,15.7,,,,,,,,,,,,,,,,,,,,,,,,,,,,,,,,,,,,
2023,7,19,5,0,25,57.12,15.9,,,,,,,,,,,,,,,,,,,,,,,,,,,,,,,,,,,,
2023,7,19,6,0,25.2,55.29,15.6,,,,,,,,,,,,,,,,,,,,,,,,,,,,,,,,,,,,
2023,7,19,7,0,24.8,56.66,15.6,,,,,,,,,,,,,,,,,,,,,,,,,,,,,,,,,,,,
2023,7,19,8,0,24.3,58.57,15.7,,,,,,,,,,,,,,,,,,,,,,,,,,,,,,,,,,,,
2023,7,19,9,0,23.6,61.82,15.9,,,,,,,,,,,,,,,,,,,,,,,,,,,,,,,,,,,,
2023,7,19,10,0,22.6,66.01,15.9,,,,,,,,,,,,,,,,,,,,,,,,,,,,,,,,,,,,
2023,7,19,11,0,21.9,68.61,15.9,,,,,,,,,,,,,,,,,,,,,,,,,,,,,,,,,,,,
2023,7,19,12,0,21.6,70.52,16,,,,,,,,,,,,,,,,,,,,,,,,,,,,,,,,,,,,
2023,7,19,13,0,22.4,69.4,16.5,,,,,,,,,,,,,,,,,,,,,,,,,,,,,,,,,,,,
2023,7,19,14,0,23.9,63.33,16.5,,,,,,,,,,,,,,,,,,,,,,,,,,,,,,,,,,,,
2023,7,19,15,0,27,45.79,14.3,,,,,,,,,,,,,,,,,,,,,,,,,,,,,,,,,,,,
2023,7,19,16,0,29.9,34.66,12.6,,,,,,,,,,,,,,,,,,,,,,,,,,,,,,,,,,,,
2023,7,19,17,0,31.8,29.72,11.9,,,,,,,,,,,,,,,,,,,,,,,,,,,,,,,,,,,,
2023,7,19,18,0,33.1,27.43,11.8,,,,,,,,,,,,,,,,,,,,,,,,,,,,,,,,,,,,
2023,7,19,19,0,33.7,26.55,11.9,,,,,,,,,,,,,,,,,,,,,,,,,,,,,,,,,,,,
2023,7,19,20,0,33.8,26.53,11.9,,,,,,,,,,,,,,,,,,,,,,,,,,,,,,,,,,,,
2023,7,19,21,0,33.6,27.11,12.1,,,,,,,,,,,,,,,,,,,,,,,,,,,,,,,,,,,,
2023,7,19,22,0,33,28.48,12.3,,,,,,,,,,,,,,,,,,,,,,,,,,,,,,,,,,,,
2023,7,19,23,0,32,30.78,12.7,,,,,,,,,,,,,,,,,,,,,,,,,,,,,,,,,,,,
2023,7,20,0,0,30.6,34.77,13.3,,,,,,,,,,,,,,,,,,,,,,,,,,,,,,,,,,,,
2023,7,20,1,0,28.4,44.25,15.1,,,,,,,,,,,,,,,,,,,,,,,,,,,,,,,,,,,,
2023,7,20,2,0,25.7,58.81,17,,,,,,,,,,,,,,,,,,,,,,,,,,,,,,,,,,,,
2023,7,20,3,0,24.3,66.47,17.7,,,,,,,,,,,,,,,,,,,,,,,,,,,,,,,,,,,,
2023,7,20,4,0,23.2,72.32,17.9,,,,,,,,,,,,,,,,,,,,,,,,,,,,,,,,,,,,
2023,7,20,5,0,22.3,75.69,17.8,,,,,,,,,,,,,,,,,,,,,,,,,,,,,,,,,,,,
2023,7,20,6,0,21.8,77.92,17.8,,,,,,,,,,,,,,,,,,,,,,,,,,,,,,,,,,,,
2023,7,20,7,0,21.2,79.58,17.5,,,,,,,,,,,,,,,,,,,,,,,,,,,,,,,,,,,,
2023,7,20,8,0,20.7,80.93,17.3,,,,,,,,,,,,,,,,,,,,,,,,,,,,,,,,,,,,
2023,7,20,9,0,20.3,82.49,17.2,,,,,,,,,,,,,,,,,,,,,,,,,,,,,,,,,,,,
2023,7,20,10,0,20.1,83.24,17.2,,,,,,,,,,,,,,,,,,,,,,,,,,,,,,,,,,,,
2023,7,20,11,0,19.9,83.62,17,,,,,,,,,,,,,,,,,,,,,,,,,,,,,,,,,,,,
2023,7,20,12,0,20,83.44,17.1,,,,,,,,,,,,,,,,,,,,,,,,,,,,,,,,,,,,
2023,7,20,13,0,22.2,76.16,17.8,,,,,,,,,,,,,,,,,,,,,,,,,,,,,,,,,,,,
2023,7,20,14,0,24.7,56.17,15.4,,,,,,,,,,,,,,,,,,,,,,,,,,,,,,,,,,,,
2023,7,20,15,0,26.6,46.84,14.3,,,,,,,,,,,,,,,,,,,,,,,,,,,,,,,,,,,,
2023,7,20,16,0,28.3,40.94,13.8,,,,,,,,,,,,,,,,,,,,,,,,,,,,,,,,,,,,
2023,7,20,17,0,30,36.23,13.4,,,,,,,,,,,,,,,,,,,,,,,,,,,,,,,,,,,,
2023,7,20,18,0,31.3,33.13,13.2,,,,,,,,,,,,,,,,,,,,,,,,,,,,,,,,,,,,
2023,7,20,19,0,32.2,31.44,13.2,,,,,,,,,,,,,,,,,,,,,,,,,,,,,,,,,,,,
2023,7,20,20,0,32.8,30.39,13.2,,,,,,,,,,,,,,,,,,,,,,,,,,,,,,,,,,,,
2023,7,20,21,0,33.3,29.16,12.9,,,,,,,,,,,,,,,,,,,,,,,,,,,,,,,,,,,,
2023,7,20,22,0,33.5,27.75,12.4,,,,,,,,,,,,,,,,,,,,,,,,,,,,,,,,,,,,
2023,7,20,23,0,33.1,27.08,11.7,,,,,,,,,,,,,,,,,,,,,,,,,,,,,,,,,,,,
2023,7,21,0,0,32.2,27.18,10.9,,,,,,,,,,,,,,,,,,,,,,,,,,,,,,,,,,,,
2023,7,21,1,0,30.7,30.63,11.5,,,,,,,,,,,,,,,,,,,,,,,,,,,,,,,,,,,,
2023,7,21,2,0,28,42.32,14,,,,,,,,,,,,,,,,,,,,,,,,,,,,,,,,,,,,
2023,7,21,3,0,27.3,39.59,12.4,,,,,,,,,,,,,,,,,,,,,,,,,,,,,,,,,,,,
2023,7,21,4,0,26.7,40.33,12.1,,,,,,,,,,,,,,,,,,,,,,,,,,,,,,,,,,,,
2023,7,21,5,0,25.4,44.45,12.4,,,,,,,,,,,,,,,,,,,,,,,,,,,,,,,,,,,,
2023,7,21,6,0,24.1,48.52,12.6,,,,,,,,,,,,,,,,,,,,,,,,,,,,,,,,,,,,
2023,7,21,7,0,23,51.53,12.5,,,,,,,,,,,,,,,,,,,,,,,,,,,,,,,,,,,,
2023,7,21,8,0,22.2,53.4,12.3,,,,,,,,,,,,,,,,,,,,,,,,,,,,,,,,,,,,
2023,7,21,9,0,21.5,54.6,12,,,,,,,,,,,,,,,,,,,,,,,,,,,,,,,,,,,,
2023,7,21,10,0,20.9,55.09,11.5,,,,,,,,,,,,,,,,,,,,,,,,,,,,,,,,,,,,
2023,7,21,11,0,20.3,55.5,11.1,,,,,,,,,,,,,,,,,,,,,,,,,,,,,,,,,,,,
2023,7,21,12,0,20.3,55.22,11,,,,,,,,,,,,,,,,,,,,,,,,,,,,,,,,,,,,
2023,7,21,13,0,23.6,44.83,10.9,,,,,,,,,,,,,,,,,,,,,,,,,,,,,,,,,,,,
2023,7,21,14,0,26.8,35.39,10.2,,,,,,,,,,,,,,,,,,,,,,,,,,,,,,,,,,,,
2023,7,21,15,0,30.6,26.92,9.4,,,,,,,,,,,,,,,,,,,,,,,,,,,,,,,,,,,,
2023,7,21,16,0,32.9,21.87,8.3,,,,,,,,,,,,,,,,,,,,,,,,,,,,,,,,,,,,
2023,7,21,17,0,34.6,19.22,7.8,,,,,,,,,,,,,,,,,,,,,,,,,,,,,,,,,,,,
2023,7,21,18,0,35.7,18.14,7.8,,,,,,,,,,,,,,,,,,,,,,,,,,,,,,,,,,,,
2023,7,21,19,0,36.4,17.6,8,,,,,,,,,,,,,,,,,,,,,,,,,,,,,,,,,,,,
2023,7,21,20,0,36.8,17.31,8,,,,,,,,,,,,,,,,,,,,,,,,,,,,,,,,,,,,
2023,7,21,21,0,37,17.17,8.1,,,,,,,,,,,,,,,,,,,,,,,,,,,,,,,,,,,,
2023,7,21,22,0,36.7,17.41,8,,,,,,,,,,,,,,,,,,,,,,,,,,,,,,,,,,,,
2023,7,21,23,0,36.1,17.87,7.9,,,,,,,,,,,,,,,,,,,,,,,,,,,,,,,,,,,,
2023,7,22,0,0,35.1,18.69,7.8,,,,,,,,,,,,,,,,,,,,,,,,,,,,,,,,,,,,
2023,7,22,1,0,33.2,24.58,10.3,,,,,,,,,,,,,,,,,,,,,,,,,,,,,,,,,,,,
2023,7,22,2,0,30.4,33.27,12.5,,,,,,,,,,,,,,,,,,,,,,,,,,,,,,,,,,,,
2023,7,22,3,0,29,33.69,11.4,,,,,,,,,,,,,,,,,,,,,,,,,,,,,,,,,,,,
2023,7,22,4,0,27.9,36.05,11.5,,,,,,,,,,,,,,,,,,,,,,,,,,,,,,,,,,,,
2023,7,22,5,0,26.7,38.42,11.4,,,,,,,,,,,,,,,,,,,,,,,,,,,,,,,,,,,,
2023,7,22,6,0,25.7,40.25,11.2,,,,,,,,,,,,,,,,,,,,,,,,,,,,,,,,,,,,
2023,7,22,7,0,24.8,41.89,11,,,,,,,,,,,,,,,,,,,,,,,,,,,,,,,,,,,,
2023,7,22,8,0,24.2,42.8,10.8,,,,,,,,,,,,,,,,,,,,,,,,,,,,,,,,,,,,
2023,7,22,9,0,23.5,43.88,10.5,,,,,,,,,,,,,,,,,,,,,,,,,,,,,,,,,,,,
2023,7,22,10,0,22.9,44.34,10.1,,,,,,,,,,,,,,,,,,,,,,,,,,,,,,,,,,,,
2023,7,22,11,0,22.4,44.41,9.7,,,,,,,,,,,,,,,,,,,,,,,,,,,,,,,,,,,,
2023,7,22,12,0,22.5,44.4,9.8,,,,,,,,,,,,,,,,,,,,,,,,,,,,,,,,,,,,
2023,7,22,13,0,25.2,43.51,11.9,,,,,,,,,,,,,,,,,,,,,,,,,,,,,,,,,,,,
2023,7,22,14,0,28.6,29.63,9.1,,,,,,,,,,,,,,,,,,,,,,,,,,,,,,,,,,,,
2023,7,22,15,0,32.6,19.7,6.5,,,,,,,,,,,,,,,,,,,,,,,,,,,,,,,,,,,,
2023,7,22,16,0,35.1,16.71,6.2,,,,,,,,,,,,,,,,,,,,,,,,,,,,,,,,,,,,
2023,7,22,17,0,36.6,15.77,6.5,,,,,,,,,,,,,,,,,,,,,,,,,,,,,,,,,,,,
2023,7,22,18,0,37.6,15.32,6.9,,,,,,,,,,,,,,,,,,,,,,,,,,,,,,,,,,,,
2023,7,22,19,0,38.3,15,7.1,,,,,,,,,,,,,,,,,,,,,,,,,,,,,,,,,,,,
2023,7,22,20,0,38.8,14.51,7,,,,,,,,,,,,,,,,,,,,,,,,,,,,,,,,,,,,
2023,7,22,21,0,38.9,14.09,6.7,,,,,,,,,,,,,,,,,,,,,,,,,,,,,,,,,,,,
2023,7,22,22,0,38.7,13.49,5.9,,,,,,,,,,,,,,,,,,,,,,,,,,,,,,,,,,,,
2023,7,22,23,0,38,13.41,5.3,,,,,,,,,,,,,,,,,,,,,,,,,,,,,,,,,,,,
2023,7,23,0,0,37,13.9,5,,,,,,,,,,,,,,,,,,,,,,,,,,,,,,,,,,,,
2023,7,23,1,0,34.8,21.38,9.5,,,,,,,,,,,,,,,,,,,,,,,,,,,,,,,,,,,,
2023,7,23,2,0,30.8,31.18,11.8,,,,,,,,,,,,,,,,,,,,,,,,,,,,,,,,,,,,
2023,7,23,3,0,29,32.59,10.9,,,,,,,,,,,,,,,,,,,,,,,,,,,,,,,,,,,,
2023,7,23,4,0,28.6,32.62,10.6,,,,,,,,,,,,,,,,,,,,,,,,,,,,,,,,,,,,
2023,7,23,5,0,28.4,32.34,10.3,,,,,,,,,,,,,,,,,,,,,,,,,,,,,,,,,,,,
2023,7,23,6,0,28.1,32.87,10.3,,,,,,,,,,,,,,,,,,,,,,,,,,,,,,,,,,,,
2023,7,23,7,0,26.4,41.39,12.2,,,,,,,,,,,,,,,,,,,,,,,,,,,,,,,,,,,,
2023,7,23,8,0,25.3,49.7,14,,,,,,,,,,,,,,,,,,,,,,,,,,,,,,,,,,,,
2023,7,23,9,0,24,58.78,15.4,,,,,,,,,,,,,,,,,,,,,,,,,,,,,,,,,,,,
2023,7,23,10,0,23.8,60.33,15.7,,,,,,,,,,,,,,,,,,,,,,,,,,,,,,,,,,,,
2023,7,23,11,0,24.3,57.7,15.4,,,,,,,,,,,,,,,,,,,,,,,,,,,,,,,,,,,,
2023,7,23,12,0,24,57.98,15.2,,,,,,,,,,,,,,,,,,,,,,,,,,,,,,,,,,,,
2023,7,23,13,0,26.1,50.51,15,,,,,,,,,,,,,,,,,,,,,,,,,,,,,,,,,,,,
2023,7,23,14,0,29.7,38.35,14,,,,,,,,,,,,,,,,,,,,,,,,,,,,,,,,,,,,
2023,7,23,15,0,33.7,26.19,11.7,,,,,,,,,,,,,,,,,,,,,,,,,,,,,,,,,,,,
2023,7,23,16,0,35.9,22.22,11,,,,,,,,,,,,,,,,,,,,,,,,,,,,,,,,,,,,
2023,7,23,17,0,37.2,21.08,11.3,,,,,,,,,,,,,,,,,,,,,,,,,,,,,,,,,,,,
2023,7,23,18,0,38.3,20.11,11.5,,,,,,,,,,,,,,,,,,,,,,,,,,,,,,,,,,,,
2023,7,23,19,0,39,19.31,11.4,,,,,,,,,,,,,,,,,,,,,,,,,,,,,,,,,,,,
2023,7,23,20,0,39.3,18.53,11.1,,,,,,,,,,,,,,,,,,,,,,,,,,,,,,,,,,,,
2023,7,23,21,0,39.4,18,10.7,,,,,,,,,,,,,,,,,,,,,,,,,,,,,,,,,,,,
2023,7,23,22,0,39.1,17.83,10.3,,,,,,,,,,,,,,,,,,,,,,,,,,,,,,,,,,,,
2023,7,23,23,0,38.6,17.81,9.9,,,,,,,,,,,,,,,,,,,,,,,,,,,,,,,,,,,,
2023,7,24,0,0,37.8,17.12,8.7,,,,,,,,,,,,,,,,,,,,,,,,,,,,,,,,,,,,
2023,7,24,1,0,36.2,22.95,11.8,,,,,,,,,,,,,,,,,,,,,,,,,,,,,,,,,,,,
2023,7,24,2,0,32.2,33.8,14.3,,,,,,,,,,,,,,,,,,,,,,,,,,,,,,,,,,,,
2023,7,24,3,0,29.8,35.77,13,,,,,,,,,,,,,,,,,,,,,,,,,,,,,,,,,,,,
2023,7,24,4,0,28.9,36.78,12.7,,,,,,,,,,,,,,,,,,,,,,,,,,,,,,,,,,,,
2023,7,24,5,0,27.8,41.45,13.5,,,,,,,,,,,,,,,,,,,,,,,,,,,,,,,,,,,,
2023,7,24,6,0,27.3,45.74,14.6,,,,,,,,,,,,,,,,,,,,,,,,,,,,,,,,,,,,
2023,7,24,7,0,25.8,53.66,15.7,,,,,,,,,,,,,,,,,,,,,,,,,,,,,,,,,,,,
2023,7,24,8,0,25.5,53.69,15.4,,,,,,,,,,,,,,,,,,,,,,,,,,,,,,,,,,,,
2023,7,24,9,0,25,51.74,14.4,,,,,,,,,,,,,,,,,,,,,,,,,,,,,,,,,,,,
2023,7,24,10,0,24.9,49.18,13.5,,,,,,,,,,,,,,,,,,,,,,,,,,,,,,,,,,,,
2023,7,24,11,0,25.1,47.08,13,,,,,,,,,,,,,,,,,,,,,,,,,,,,,,,,,,,,
2023,7,24,12,0,25.2,47.22,13.2,,,,,,,,,,,,,,,,,,,,,,,,,,,,,,,,,,,,
2023,7,24,13,0,27.1,47.73,15.1,,,,,,,,,,,,,,,,,,,,,,,,,,,,,,,,,,,,
2023,7,24,14,0,28.5,40.31,13.7,,,,,,,,,,,,,,,,,,,,,,,,,,,,,,,,,,,,
2023,7,24,15,0,28.7,39.07,13.4,,,,,,,,,,,,,,,,,,,,,,,,,,,,,,,,,,,,
2023,7,24,16,0,29,40.28,14.1,,,,,,,,,,,,,,,,,,,,,,,,,,,,,,,,,,,,
2023,7,24,17,0,29.7,39.14,14.3,,,,,,,,,,,,,,,,,,,,,,,,,,,,,,,,,,,,
2023,7,24,18,0,30.6,37.34,14.4,,,,,,,,,,,,,,,,,,,,,,,,,,,,,,,,,,,,
2023,7,24,19,0,31.7,34.85,14.3,,,,,,,,,,,,,,,,,,,,,,,,,,,,,,,,,,,,
2023,7,24,20,0,34,30.05,14,,,,,,,,,,,,,,,,,,,,,,,,,,,,,,,,,,,,
2023,7,24,21,0,35.5,26.99,13.6,,,,,,,,,,,,,,,,,,,,,,,,,,,,,,,,,,,,
2023,7,24,22,0,35.4,26.77,13.4,,,,,,,,,,,,,,,,,,,,,,,,,,,,,,,,,,,,
2023,7,24,23,0,35.5,26.35,13.3,,,,,,,,,,,,,,,,,,,,,,,,,,,,,,,,,,,,
2023,7,25,0,0,35.1,26.5,13,,,,,,,,,,,,,,,,,,,,,,,,,,,,,,,,,,,,
2023,7,25,1,0,33.2,31.18,13.9,,,,,,,,,,,,,,,,,,,,,,,,,,,,,,,,,,,,
2023,7,25,2,0,29.7,41.54,15.3,,,,,,,,,,,,,,,,,,,,,,,,,,,,,,,,,,,,
2023,7,25,3,0,27.6,48.68,15.8,,,,,,,,,,,,,,,,,,,,,,,,,,,,,,,,,,,,
2023,7,25,4,0,25.4,59.09,16.8,,,,,,,,,,,,,,,,,,,,,,,,,,,,,,,,,,,,
2023,7,25,5,0,24.9,63.51,17.5,,,,,,,,,,,,,,,,,,,,,,,,,,,,,,,,,,,,
2023,7,25,6,0,24.7,63.91,17.4,,,,,,,,,,,,,,,,,,,,,,,,,,,,,,,,,,,,
2023,7,25,7,0,23.9,65.67,17.1,,,,,,,,,,,,,,,,,,,,,,,,,,,,,,,,,,,,
2023,7,25,8,0,23.2,66.82,16.7,,,,,,,,,,,,,,,,,,,,,,,,,,,,,,,,,,,,
2023,7,25,9,0,22.7,67.86,16.5,,,,,,,,,,,,,,,,,,,,,,,,,,,,,,,,,,,,
2023,7,25,10,0,22.3,68.37,16.2,,,,,,,,,,,,,,,,,,,,,,,,,,,,,,,,,,,,
2023,7,25,11,0,22.2,67.87,16,,,,,,,,,,,,,,,,,,,,,,,,,,,,,,,,,,,,
2023,7,25,12,0,22.4,67.02,16,,,,,,,,,,,,,,,,,,,,,,,,,,,,,,,,,,,,
2023,7,25,13,0,24.4,62.73,16.8,,,,,,,,,,,,,,,,,,,,,,,,,,,,,,,,,,,,
2023,7,25,14,0,26.9,46.83,14.6,,,,,,,,,,,,,,,,,,,,,,,,,,,,,,,,,,,,
2023,7,25,15,0,29.5,32.76,11.4,,,,,,,,,,,,,,,,,,,,,,,,,,,,,,,,,,,,
2023,7,25,16,0,31.4,26.16,9.7,,,,,,,,,,,,,,,,,,,,,,,,,,,,,,,,,,,,
2023,7,25,17,0,32.7,23.24,9,,,,,,,,,,,,,,,,,,,,,,,,,,,,,,,,,,,,
2023,7,25,18,0,33.8,21.41,8.7,,,,,,,,,,,,,,,,,,,,,,,,,,,,,,,,,,,,
2023,7,25,19,0,34.5,20.43,8.6,,,,,,,,,,,,,,,,,,,,,,,,,,,,,,,,,,,,
2023,7,25,20,0,34.9,19.85,8.5,,,,,,,,,,,,,,,,,,,,,,,,,,,,,,,,,,,,
2023,7,25,21,0,35.1,19.44,8.4,,,,,,,,,,,,,,,,,,,,,,,,,,,,,,,,,,,,
2023,7,25,22,0,35,19.22,8.1,,,,,,,,,,,,,,,,,,,,,,,,,,,,,,,,,,,,
2023,7,25,23,0,34.6,19.29,7.8,,,,,,,,,,,,,,,,,,,,,,,,,,,,,,,,,,,,
2023,7,26,0,0,33.8,19.99,7.7,,,,,,,,,,,,,,,,,,,,,,,,,,,,,,,,,,,,
2023,7,26,1,0,32.1,25.9,10.1,,,,,,,,,,,,,,,,,,,,,,,,,,,,,,,,,,,,
2023,7,26,2,0,29.6,35.56,12.8,,,,,,,,,,,,,,,,,,,,,,,,,,,,,,,,,,,,
2023,7,26,3,0,28.4,35.97,11.9,,,,,,,,,,,,,,,,,,,,,,,,,,,,,,,,,,,,
2023,7,26,4,0,27,40.41,12.4,,,,,,,,,,,,,,,,,,,,,,,,,,,,,,,,,,,,
2023,7,26,5,0,25.9,44.41,12.9,,,,,,,,,,,,,,,,,,,,,,,,,,,,,,,,,,,,
2023,7,26,6,0,25.2,46.7,13,,,,,,,,,,,,,,,,,,,,,,,,,,,,,,,,,,,,
2023,7,26,7,0,24.7,48.41,13.1,,,,,,,,,,,,,,,,,,,,,,,,,,,,,,,,,,,,
2023,7,26,8,0,24.4,50.45,13.4,,,,,,,,,,,,,,,,,,,,,,,,,,,,,,,,,,,,
2023,7,26,9,0,24.4,52.9,14.2,,,,,,,,,,,,,,,,,,,,,,,,,,,,,,,,,,,,
2023,7,26,10,0,24.6,53.02,14.4,,,,,,,,,,,,,,,,,,,,,,,,,,,,,,,,,,,,
2023,7,26,11,0,23.3,59.88,15.1,,,,,,,,,,,,,,,,,,,,,,,,,,,,,,,,,,,,
2023,7,26,12,0,22.8,62.36,15.2,,,,,,,,,,,,,,,,,,,,,,,,,,,,,,,,,,,,
2023,7,26,13,0,24.8,55.52,15.3,,,,,,,,,,,,,,,,,,,,,,,,,,,,,,,,,,,,
2023,7,26,14,0,28.1,41.39,13.8,,,,,,,,,,,,,,,,,,,,,,,,,,,,,,,,,,,,
2023,7,26,15,0,32,27.46,10.9,,,,,,,,,,,,,,,,,,,,,,,,,,,,,,,,,,,,
2023,7,26,16,0,34.2,21.9,9.4,,,,,,,,,,,,,,,,,,,,,,,,,,,,,,,,,,,,
2023,7,26,17,0,35.4,20.11,9.1,,,,,,,,,,,,,,,,,,,,,,,,,,,,,,,,,,,,
2023,7,26,18,0,36,19.34,9,,,,,,,,,,,,,,,,,,,,,,,,,,,,,,,,,,,,
2023,7,26,19,0,36.2,18.8,8.8,,,,,,,,,,,,,,,,,,,,,,,,,,,,,,,,,,,,
2023,7,26,20,0,36,18.6,8.4,,,,,,,,,,,,,,,,,,,,,,,,,,,,,,,,,,,,
2023,7,26,21,0,35.7,18.54,8.2,,,,,,,,,,,,,,,,,,,,,,,,,,,,,,,,,,,,
2023,7,26,22,0,35.7,18.38,8,,,,,,,,,,,,,,,,,,,,,,,,,,,,,,,,,,,,
2023,7,26,23,0,35.2,18.76,7.9,,,,,,,,,,,,,,,,,,,,,,,,,,,,,,,,,,,,
2023,7,27,0,0,34.2,19.66,7.8,,,,,,,,,,,,,,,,,,,,,,,,,,,,,,,,,,,,
2023,7,27,1,0,32.6,24.73,9.9,,,,,,,,,,,,,,,,,,,,,,,,,,,,,,,,,,,,
2023,7,27,2,0,29.7,35.01,12.6,,,,,,,,,,,,,,,,,,,,,,,,,,,,,,,,,,,,
2023,7,27,3,0,27.5,39.13,12.4,,,,,,,,,,,,,,,,,,,,,,,,,,,,,,,,,,,,
2023,7,27,4,0,26.5,42.23,12.6,,,,,,,,,,,,,,,,,,,,,,,,,,,,,,,,,,,,
2023,7,27,5,0,26.2,43.06,12.7,,,,,,,,,,,,,,,,,,,,,,,,,,,,,,,,,,,,
2023,7,27,6,0,26.1,44,12.9,,,,,,,,,,,,,,,,,,,,,,,,,,,,,,,,,,,,
2023,7,27,7,0,25.4,47.62,13.5,,,,,,,,,,,,,,,,,,,,,,,,,,,,,,,,,,,,
2023,7,27,8,0,24.2,50.54,13.3,,,,,,,,,,,,,,,,,,,,,,,,,,,,,,,,,,,,
2023,7,27,9,0,23.3,51.76,12.8,,,,,,,,,,,,,,,,,,,,,,,,,,,,,,,,,,,,
2023,7,27,10,0,22.8,53.48,12.9,,,,,,,,,,,,,,,,,,,,,,,,,,,,,,,,,,,,
2023,7,27,11,0,22.8,53.76,12.9,,,,,,,,,,,,,,,,,,,,,,,,,,,,,,,,,,,,
2023,7,27,12,0,22.9,53.73,13,,,,,,,,,,,,,,,,,,,,,,,,,,,,,,,,,,,,
2023,7,27,13,0,25.3,46.87,13.1,,,,,,,,,,,,,,,,,,,,,,,,,,,,,,,,,,,,
2023,7,27,14,0,28.4,34.68,11.3,,,,,,,,,,,,,,,,,,,,,,,,,,,,,,,,,,,,
2023,7,27,15,0,31.5,25.06,9.1,,,,,,,,,,,,,,,,,,,,,,,,,,,,,,,,,,,,
2023,7,27,16,0,34,19.41,7.4,,,,,,,,,,,,,,,,,,,,,,,,,,,,,,,,,,,,
2023,7,27,17,0,35.4,17.35,6.9,,,,,,,,,,,,,,,,,,,,,,,,,,,,,,,,,,,,
2023,7,27,18,0,36.2,16.41,6.8,,,,,,,,,,,,,,,,,,,,,,,,,,,,,,,,,,,,
2023,7,27,19,0,36.7,15.68,6.5,,,,,,,,,,,,,,,,,,,,,,,,,,,,,,,,,,,,
2023,7,27,20,0,36.9,15.23,6.2,,,,,,,,,,,,,,,,,,,,,,,,,,,,,,,,,,,,
2023,7,27,21,0,36.9,15.02,6,,,,,,,,,,,,,,,,,,,,,,,,,,,,,,,,,,,,
2023,7,27,22,0,36.7,15.02,5.9,,,,,,,,,,,,,,,,,,,,,,,,,,,,,,,,,,,,
2023,7,27,23,0,36,15.53,5.8,,,,,,,,,,,,,,,,,,,,,,,,,,,,,,,,,,,,
2023,7,28,0,0,34.9,16.61,5.9,,,,,,,,,,,,,,,,,,,,,,,,,,,,,,,,,,,,
2023,7,28,1,0,32.7,23.35,9.1,,,,,,,,,,,,,,,,,,,,,,,,,,,,,,,,,,,,
2023,7,28,2,0,29.3,32.9,11.3,,,,,,,,,,,,,,,,,,,,,,,,,,,,,,,,,,,,
2023,7,28,3,0,28.2,34.14,10.9,,,,,,,,,,,,,,,,,,,,,,,,,,,,,,,,,,,,
2023,7,28,4,0,27.9,33.75,10.5,,,,,,,,,,,,,,,,,,,,,,,,,,,,,,,,,,,,
2023,7,28,5,0,27.7,33.4,10.1,,,,,,,,,,,,,,,,,,,,,,,,,,,,,,,,,,,,
2023,7,28,6,0,27,35.31,10.4,,,,,,,,,,,,,,,,,,,,,,,,,,,,,,,,,,,,
2023,7,28,7,0,26.1,38.85,11,,,,,,,,,,,,,,,,,,,,,,,,,,,,,,,,,,,,
2023,7,28,8,0,25.6,40.9,11.3,,,,,,,,,,,,,,,,,,,,,,,,,,,,,,,,,,,,
2023,7,28,9,0,25.7,40.23,11.2,,,,,,,,,,,,,,,,,,,,,,,,,,,,,,,,,,,,
2023,7,28,10,0,25.4,39.67,10.7,,,,,,,,,,,,,,,,,,,,,,,,,,,,,,,,,,,,
2023,7,28,11,0,24.3,40.31,10,,,,,,,,,,,,,,,,,,,,,,,,,,,,,,,,,,,,
2023,7,28,12,0,23.2,43.17,10,,,,,,,,,,,,,,,,,,,,,,,,,,,,,,,,,,,,
2023,7,28,13,0,24.4,46.79,12.3,,,,,,,,,,,,,,,,,,,,,,,,,,,,,,,,,,,,
2023,7,28,14,0,27.9,31.37,9.4,,,,,,,,,,,,,,,,,,,,,,,,,,,,,,,,,,,,
2023,7,28,15,0,31.8,17.41,4.1,,,,,,,,,,,,,,,,,,,,,,,,,,,,,,,,,,,,
2023,7,28,16,0,33.9,13.37,2,,,,,,,,,,,,,,,,,,,,,,,,,,,,,,,,,,,,
2023,7,28,17,0,35.3,12.54,2.2,,,,,,,,,,,,,,,,,,,,,,,,,,,,,,,,,,,,
2023,7,28,18,0,36.4,12.48,3,,,,,,,,,,,,,,,,,,,,,,,,,,,,,,,,,,,,
2023,7,28,19,0,37.1,12.89,4,,,,,,,,,,,,,,,,,,,,,,,,,,,,,,,,,,,,
2023,7,28,20,0,37.6,12.87,4.4,,,,,,,,,,,,,,,,,,,,,,,,,,,,,,,,,,,,
2023,7,28,21,0,37.8,12.83,4.5,,,,,,,,,,,,,,,,,,,,,,,,,,,,,,,,,,,,
2023,7,28,22,0,37.6,12.8,4.3,,,,,,,,,,,,,,,,,,,,,,,,,,,,,,,,,,,,
2023,7,28,23,0,37,12.59,3.6,,,,,,,,,,,,,,,,,,,,,,,,,,,,,,,,,,,,
2023,7,29,0,0,35.9,13.07,3.3,,,,,,,,,,,,,,,,,,,,,,,,,,,,,,,,,,,,
2023,7,29,1,0,33.3,23.08,9.4,,,,,,,,,,,,,,,,,,,,,,,,,,,,,,,,,,,,
2023,7,29,2,0,30.5,28.71,10.3,,,,,,,,,,,,,,,,,,,,,,,,,,,,,,,,,,,,
2023,7,29,3,0,28.6,31.26,9.9,,,,,,,,,,,,,,,,,,,,,,,,,,,,,,,,,,,,
2023,7,29,4,0,27.3,33.61,9.9,,,,,,,,,,,,,,,,,,,,,,,,,,,,,,,,,,,,
2023,7,29,5,0,26.3,35.6,9.9,,,,,,,,,,,,,,,,,,,,,,,,,,,,,,,,,,,,
2023,7,29,6,0,25.7,37.51,10.1,,,,,,,,,,,,,,,,,,,,,,,,,,,,,,,,,,,,
2023,7,29,7,0,25.5,38.11,10.2,,,,,,,,,,,,,,,,,,,,,,,,,,,,,,,,,,,,
2023,7,29,8,0,25.4,38.26,10.2,,,,,,,,,,,,,,,,,,,,,,,,,,,,,,,,,,,,
2023,7,29,9,0,25.2,38.94,10.2,,,,,,,,,,,,,,,,,,,,,,,,,,,,,,,,,,,,
2023,7,29,10,0,24.7,40.08,10.2,,,,,,,,,,,,,,,,,,,,,,,,,,,,,,,,,,,,
2023,7,29,11,0,24.2,41.28,10.2,,,,,,,,,,,,,,,,,,,,,,,,,,,,,,,,,,,,
2023,7,29,12,0,23.8,43.75,10.7,,,,,,,,,,,,,,,,,,,,,,,,,,,,,,,,,,,,
2023,7,29,13,0,25.4,44.44,12.4,,,,,,,,,,,,,,,,,,,,,,,,,,,,,,,,,,,,
2023,7,29,14,0,28.7,30.02,9.4,,,,,,,,,,,,,,,,,,,,,,,,,,,,,,,,,,,,
2023,7,29,15,0,31.6,21.65,7.1,,,,,,,,,,,,,,,,,,,,,,,,,,,,,,,,,,,,
2023,7,29,16,0,33.7,17.52,5.7,,,,,,,,,,,,,,,,,,,,,,,,,,,,,,,,,,,,
2023,7,29,17,0,35.4,15.58,5.4,,,,,,,,,,,,,,,,,,,,,,,,,,,,,,,,,,,,
2023,7,29,18,0,36.7,14.55,5.4,,,,,,,,,,,,,,,,,,,,,,,,,,,,,,,,,,,,
2023,7,29,19,0,37.6,14.49,6.1,,,,,,,,,,,,,,,,,,,,,,,,,,,,,,,,,,,,
2023,7,29,20,0,38.1,15,7,,,,,,,,,,,,,,,,,,,,,,,,,,,,,,,,,,,,
2023,7,29,21,0,38.3,15.4,7.5,,,,,,,,,,,,,,,,,,,,,,,,,,,,,,,,,,,,
2023,7,29,22,0,38.2,15.51,7.5,,,,,,,,,,,,,,,,,,,,,,,,,,,,,,,,,,,,
2023,7,29,23,0,37.7,15.51,7.1,,,,,,,,,,,,,,,,,,,,,,,,,,,,,,,,,,,,
2023,7,30,0,0,36.8,15.77,6.7,,,,,,,,,,,,,,,,,,,,,,,,,,,,,,,,,,,,
2023,7,30,1,0,34.8,22.64,10.4,,,,,,,,,,,,,,,,,,,,,,,,,,,,,,,,,,,,
2023,7,30,2,0,32.6,26.66,11,,,,,,,,,,,,,,,,,,,,,,,,,,,,,,,,,,,,
2023,7,30,3,0,30.6,29.18,10.6,,,,,,,,,,,,,,,,,,,,,,,,,,,,,,,,,,,,
2023,7,30,4,0,28.4,35.04,11.5,,,,,,,,,,,,,,,,,,,,,,,,,,,,,,,,,,,,
2023,7,30,5,0,27,38.09,11.5,,,,,,,,,,,,,,,,,,,,,,,,,,,,,,,,,,,,
2023,7,30,6,0,26.4,38.82,11.3,,,,,,,,,,,,,,,,,,,,,,,,,,,,,,,,,,,,
2023,7,30,7,0,26.3,38.8,11.2,,,,,,,,,,,,,,,,,,,,,,,,,,,,,,,,,,,,
2023,7,30,8,0,26.1,39.97,11.4,,,,,,,,,,,,,,,,,,,,,,,,,,,,,,,,,,,,
2023,7,30,9,0,25.9,41.6,11.9,,,,,,,,,,,,,,,,,,,,,,,,,,,,,,,,,,,,
2023,7,30,10,0,25.3,43.75,12.1,,,,,,,,,,,,,,,,,,,,,,,,,,,,,,,,,,,,
2023,7,30,11,0,24.5,46.17,12.2,,,,,,,,,,,,,,,,,,,,,,,,,,,,,,,,,,,,
2023,7,30,12,0,23.9,47.98,12.2,,,,,,,,,,,,,,,,,,,,,,,,,,,,,,,,,,,,
2023,7,30,13,0,26.6,42.99,13,,,,,,,,,,,,,,,,,,,,,,,,,,,,,,,,,,,,
2023,7,30,14,0,30.1,29.93,10.6,,,,,,,,,,,,,,,,,,,,,,,,,,,,,,,,,,,,
2023,7,30,15,0,32.7,23.06,8.9,,,,,,,,,,,,,,,,,,,,,,,,,,,,,,,,,,,,
2023,7,30,16,0,34.3,20.15,8.2,,,,,,,,,,,,,,,,,,,,,,,,,,,,,,,,,,,,
2023,7,30,17,0,35.6,18.17,7.8,,,,,,,,,,,,,,,,,,,,,,,,,,,,,,,,,,,,
2023,7,30,18,0,36.6,16.74,7.4,,,,,,,,,,,,,,,,,,,,,,,,,,,,,,,,,,,,
2023,7,30,19,0,37.2,15.82,7,,,,,,,,,,,,,,,,,,,,,,,,,,,,,,,,,,,,
2023,7,30,20,0,37,15.86,6.9,,,,,,,,,,,,,,,,,,,,,,,,,,,,,,,,,,,,
2023,7,30,21,0,36.4,16.49,7,,,,,,,,,,,,,,,,,,,,,,,,,,,,,,,,,,,,
2023,7,30,22,0,35.8,17.12,7.1,,,,,,,,,,,,,,,,,,,,,,,,,,,,,,,,,,,,
2023,7,30,23,0,35,17.95,7.1,,,,,,,,,,,,,,,,,,,,,,,,,,,,,,,,,,,,
2023,7,31,0,0,34,19.08,7.2,,,,,,,,,,,,,,,,,,,,,,,,,,,,,,,,,,,,
2023,7,31,1,0,32,28.2,11.3,,,,,,,,,,,,,,,,,,,,,,,,,,,,,,,,,,,,
2023,7,31,2,0,29.8,35.88,13.1,,,,,,,,,,,,,,,,,,,,,,,,,,,,,,,,,,,,
2023,7,31,3,0,29.4,35.22,12.4,,,,,,,,,,,,,,,,,,,,,,,,,,,,,,,,,,,,
2023,7,31,4,0,28.8,36.22,12.3,,,,,,,,,,,,,,,,,,,,,,,,,,,,,,,,,,,,
2023,7,31,5,0,27.7,39.74,12.8,,,,,,,,,,,,,,,,,,,,,,,,,,,,,,,,,,,,
2023,7,31,6,0,26.7,42.74,13,,,,,,,,,,,,,,,,,,,,,,,,,,,,,,,,,,,,
2023,7,31,7,0,25.9,45.1,13.1,,,,,,,,,,,,,,,,,,,,,,,,,,,,,,,,,,,,
2023,7,31,8,0,25,48.28,13.3,,,,,,,,,,,,,,,,,,,,,,,,,,,,,,,,,,,,
2023,7,31,9,0,24.6,50.11,13.5,,,,,,,,,,,,,,,,,,,,,,,,,,,,,,,,,,,,
2023,7,31,10,0,24.2,51.07,13.4,,,,,,,,,,,,,,,,,,,,,,,,,,,,,,,,,,,,
2023,7,31,11,0,23.8,51.69,13.3,,,,,,,,,,,,,,,,,,,,,,,,,,,,,,,,,,,,
2023,7,31,12,0,23.9,52.06,13.5,,,,,,,,,,,,,,,,,,,,,,,,,,,,,,,,,,,,
2023,7,31,13,0,25.7,47.87,13.8,,,,,,,,,,,,,,,,,,,,,,,,,,,,,,,,,,,,
2023,7,31,14,0,28.3,39.94,13.4,,,,,,,,,,,,,,,,,,,,,,,,,,,,,,,,,,,,
2023,7,31,15,0,30.5,35.44,13.5,,,,,,,,,,,,,,,,,,,,,,,,,,,,,,,,,,,,
2023,7,31,16,0,31.5,32.55,13.1,,,,,,,,,,,,,,,,,,,,,,,,,,,,,,,,,,,,
2023,7,31,17,0,31.1,32.73,12.8,,,,,,,,,,,,,,,,,,,,,,,,,,,,,,,,,,,,
2023,7,31,18,0,31.3,32.03,12.7,,,,,,,,,,,,,,,,,,,,,,,,,,,,,,,,,,,,
2023,7,31,19,0,31.4,31.62,12.5,,,,,,,,,,,,,,,,,,,,,,,,,,,,,,,,,,,,
2023,7,31,20,0,31.1,32.25,12.6,,,,,,,,,,,,,,,,,,,,,,,,,,,,,,,,,,,,
2023,7,31,21,0,30.4,34.08,12.8,,,,,,,,,,,,,,,,,,,,,,,,,,,,,,,,,,,,
2023,7,31,22,0,29.6,36.58,13.2,,,,,,,,,,,,,,,,,,,,,,,,,,,,,,,,,,,,
2023,7,31,23,0,28.8,39.35,13.6,,,,,,,,,,,,,,,,,,,,,,,,,,,,,,,,,,,,
2023,8,1,0,0,27.9,44,14.5,,,,,,,,,,,,,,,,,,,,,,,,,,,,,,,,,,,,
2023,8,1,1,0,26.9,50.73,15.8,,,,,,,,,,,,,,,,,,,,,,,,,,,,,,,,,,,,
2023,8,1,2,0,25.7,55.75,16.2,,,,,,,,,,,,,,,,,,,,,,,,,,,,,,,,,,,,
2023,8,1,3,0,25.1,57.1,16,,,,,,,,,,,,,,,,,,,,,,,,,,,,,,,,,,,,
2023,8,1,4,0,24.8,57.96,16,,,,,,,,,,,,,,,,,,,,,,,,,,,,,,,,,,,,
2023,8,1,5,0,24.4,59.8,16.1,,,,,,,,,,,,,,,,,,,,,,,,,,,,,,,,,,,,
2023,8,1,6,0,24.1,61.41,16.2,,,,,,,,,,,,,,,,,,,,,,,,,,,,,,,,,,,,
2023,8,1,7,0,23.9,62.07,16.2,,,,,,,,,,,,,,,,,,,,,,,,,,,,,,,,,,,,
2023,8,1,8,0,23.2,64.67,16.2,,,,,,,,,,,,,,,,,,,,,,,,,,,,,,,,,,,,
2023,8,1,9,0,22.6,67.86,16.4,,,,,,,,,,,,,,,,,,,,,,,,,,,,,,,,,,,,
2023,8,1,10,0,22.1,70.43,16.5,,,,,,,,,,,,,,,,,,,,,,,,,,,,,,,,,,,,
2023,8,1,11,0,21.8,72.05,16.5,,,,,,,,,,,,,,,,,,,,,,,,,,,,,,,,,,,,
2023,8,1,12,0,21.7,72.85,16.6,,,,,,,,,,,,,,,,,,,,,,,,,,,,,,,,,,,,
2023,8,1,13,0,23.3,68.94,17.3,,,,,,,,,,,,,,,,,,,,,,,,,,,,,,,,,,,,
2023,8,1,14,0,24.9,61.01,16.9,,,,,,,,,,,,,,,,,,,,,,,,,,,,,,,,,,,,
2023,8,1,15,0,27.2,46.97,14.9,,,,,,,,,,,,,,,,,,,,,,,,,,,,,,,,,,,,
2023,8,1,16,0,29,39.38,13.8,,,,,,,,,,,,,,,,,,,,,,,,,,,,,,,,,,,,
2023,8,1,17,0,29.6,37.65,13.6,,,,,,,,,,,,,,,,,,,,,,,,,,,,,,,,,,,,
2023,8,1,18,0,29.5,38.38,13.8,,,,,,,,,,,,,,,,,,,,,,,,,,,,,,,,,,,,
2023,8,1,19,0,28.9,40.87,14.3,,,,,,,,,,,,,,,,,,,,,,,,,,,,,,,,,,,,
2023,8,1,20,0,28.1,44.79,15,,,,,,,,,,,,,,,,,,,,,,,,,,,,,,,,,,,,
2023,8,1,21,0,27.6,47.41,15.4,,,,,,,,,,,,,,,,,,,,,,,,,,,,,,,,,,,,
2023,8,1,22,0,27.4,48.61,15.6,,,,,,,,,,,,,,,,,,,,,,,,,,,,,,,,,,,,
2023,8,1,23,0,26.8,51.22,15.9,,,,,,,,,,,,,,,,,,,,,,,,,,,,,,,,,,,,
2023,8,2,0,0,25.9,56.61,16.6,,,,,,,,,,,,,,,,,,,,,,,,,,,,,,,,,,,,
2023,8,2,1,0,24.7,64.16,17.5,,,,,,,,,,,,,,,,,,,,,,,,,,,,,,,,,,,,
2023,8,2,2,0,23.5,71.23,18,,,,,,,,,,,,,,,,,,,,,,,,,,,,,,,,,,,,
2023,8,2,3,0,22.8,75.15,18.2,,,,,,,,,,,,,,,,,,,,,,,,,,,,,,,,,,,,
2023,8,2,4,0,22.2,77.92,18.2,,,,,,,,,,,,,,,,,,,,,,,,,,,,,,,,,,,,
2023,8,2,5,0,21.7,79.99,18.1,,,,,,,,,,,,,,,,,,,,,,,,,,,,,,,,,,,,
2023,8,2,6,0,21.3,81.34,18,,,,,,,,,,,,,,,,,,,,,,,,,,,,,,,,,,,,
2023,8,2,7,0,21,82.17,17.8,,,,,,,,,,,,,,,,,,,,,,,,,,,,,,,,,,,,
2023,8,2,8,0,20.7,82.84,17.7,,,,,,,,,,,,,,,,,,,,,,,,,,,,,,,,,,,,
2023,8,2,9,0,20.2,83.52,17.3,,,,,,,,,,,,,,,,,,,,,,,,,,,,,,,,,,,,
2023,8,2,10,0,19.7,84.23,17,,,,,,,,,,,,,,,,,,,,,,,,,,,,,,,,,,,,
2023,8,2,11,0,19.4,84.33,16.7,,,,,,,,,,,,,,,,,,,,,,,,,,,,,,,,,,,,
2023,8,2,12,0,19.2,84.48,16.5,,,,,,,,,,,,,,,,,,,,,,,,,,,,,,,,,,,,
2023,8,2,13,0,19.7,83.38,16.8,,,,,,,,,,,,,,,,,,,,,,,,,,,,,,,,,,,,
2023,8,2,14,0,20.6,80.26,17.1,,,,,,,,,,,,,,,,,,,,,,,,,,,,,,,,,,,,
2023,8,2,15,0,22.1,73.29,17.1,,,,,,,,,,,,,,,,,,,,,,,,,,,,,,,,,,,,
2023,8,2,16,0,23.8,63.58,16.5,,,,,,,,,,,,,,,,,,,,,,,,,,,,,,,,,,,,
2023,8,2,17,0,25.1,56.94,16,,,,,,,,,,,,,,,,,,,,,,,,,,,,,,,,,,,,
2023,8,2,18,0,26.1,52.31,15.6,,,,,,,,,,,,,,,,,,,,,,,,,,,,,,,,,,,,
2023,8,2,19,0,26.6,49.56,15.2,,,,,,,,,,,,,,,,,,,,,,,,,,,,,,,,,,,,
2023,8,2,20,0,26.8,48.05,14.9,,,,,,,,,,,,,,,,,,,,,,,,,,,,,,,,,,,,
2023,8,2,21,0,26.9,46.63,14.5,,,,,,,,,,,,,,,,,,,,,,,,,,,,,,,,,,,,
2023,8,2,22,0,26.7,45.82,14.1,,,,,,,,,,,,,,,,,,,,,,,,,,,,,,,,,,,,
2023,8,2,23,0,26,47.24,13.9,,,,,,,,,,,,,,,,,,,,,,,,,,,,,,,,,,,,
2023,8,3,0,0,25,50.55,14,,,,,,,,,,,,,,,,,,,,,,,,,,,,,,,,,,,,
2023,8,3,1,0,23.5,59.57,15.2,,,,,,,,,,,,,,,,,,,,,,,,,,,,,,,,,,,,
2023,8,3,2,0,22,69.2,16.1,,,,,,,,,,,,,,,,,,,,,,,,,,,,,,,,,,,,
2023,8,3,3,0,21.4,72.32,16.2,,,,,,,,,,,,,,,,,,,,,,,,,,,,,,,,,,,,
2023,8,3,4,0,20.9,74.65,16.2,,,,,,,,,,,,,,,,,,,,,,,,,,,,,,,,,,,,
2023,8,3,5,0,20.3,78.1,16.4,,,,,,,,,,,,,,,,,,,,,,,,,,,,,,,,,,,,
2023,8,3,6,0,19.8,79.21,16.1,,,,,,,,,,,,,,,,,,,,,,,,,,,,,,,,,,,,
2023,8,3,7,0,19.3,80.63,15.9,,,,,,,,,,,,,,,,,,,,,,,,,,,,,,,,,,,,
2023,8,3,8,0,19,82.01,15.9,,,,,,,,,,,,,,,,,,,,,,,,,,,,,,,,,,,,
2023,8,3,9,0,18.7,83.92,15.9,,,,,,,,,,,,,,,,,,,,,,,,,,,,,,,,,,,,
2023,8,3,10,0,18.6,85.24,16.1,,,,,,,,,,,,,,,,,,,,,,,,,,,,,,,,,,,,
2023,8,3,11,0,18.5,86.16,16.1,,,,,,,,,,,,,,,,,,,,,,,,,,,,,,,,,,,,
2023,8,3,12,0,18.4,86.95,16.2,,,,,,,,,,,,,,,,,,,,,,,,,,,,,,,,,,,,
2023,8,3,13,0,19,84.94,16.4,,,,,,,,,,,,,,,,,,,,,,,,,,,,,,,,,,,,
2023,8,3,14,0,19.8,81.19,16.5,,,,,,,,,,,,,,,,,,,,,,,,,,,,,,,,,,,,
2023,8,3,15,0,20.9,74.46,16.2,,,,,,,,,,,,,,,,,,,,,,,,,,,,,,,,,,,,
2023,8,3,16,0,22.3,64.35,15.2,,,,,,,,,,,,,,,,,,,,,,,,,,,,,,,,,,,,
2023,8,3,17,0,23.8,54.63,14.1,,,,,,,,,,,,,,,,,,,,,,,,,,,,,,,,,,,,
2023,8,3,18,0,25.3,47.4,13.3,,,,,,,,,,,,,,,,,,,,,,,,,,,,,,,,,,,,
2023,8,3,19,0,26.6,42,12.6,,,,,,,,,,,,,,,,,,,,,,,,,,,,,,,,,,,,
2023,8,3,20,0,27.4,38.57,12.1,,,,,,,,,,,,,,,,,,,,,,,,,,,,,,,,,,,,
2023,8,3,21,0,27.9,36.44,11.6,,,,,,,,,,,,,,,,,,,,,,,,,,,,,,,,,,,,
2023,8,3,22,0,28,35.57,11.4,,,,,,,,,,,,,,,,,,,,,,,,,,,,,,,,,,,,
2023,8,3,23,0,27.7,35.96,11.3,,,,,,,,,,,,,,,,,,,,,,,,,,,,,,,,,,,,
2023,8,4,0,0,27.1,37.21,11.2,,,,,,,,,,,,,,,,,,,,,,,,,,,,,,,,,,,,
2023,8,4,1,0,25.6,44.06,12.5,,,,,,,,,,,,,,,,,,,,,,,,,,,,,,,,,,,,
2023,8,4,2,0,23.3,54.93,13.7,,,,,,,,,,,,,,,,,,,,,,,,,,,,,,,,,,,,
2023,8,4,3,0,22.4,55.53,13.1,,,,,,,,,,,,,,,,,,,,,,,,,,,,,,,,,,,,
2023,8,4,4,0,21.9,56.48,12.9,,,,,,,,,,,,,,,,,,,,,,,,,,,,,,,,,,,,
2023,8,4,5,0,21.4,57.76,12.7,,,,,,,,,,,,,,,,,,,,,,,,,,,,,,,,,,,,
2023,8,4,6,0,20.9,59.77,12.8,,,,,,,,,,,,,,,,,,,,,,,,,,,,,,,,,,,,
2023,8,4,7,0,20.6,60.93,12.8,,,,,,,,,,,,,,,,,,,,,,,,,,,,,,,,,,,,
2023,8,4,8,0,20.4,61.01,12.6,,,,,,,,,,,,,,,,,,,,,,,,,,,,,,,,,,,,
2023,8,4,9,0,19.9,62.74,12.6,,,,,,,,,,,,,,,,,,,,,,,,,,,,,,,,,,,,
2023,8,4,10,0,19.2,65,12.5,,,,,,,,,,,,,,,,,,,,,,,,,,,,,,,,,,,,
2023,8,4,11,0,18.7,66.51,12.3,,,,,,,,,,,,,,,,,,,,,,,,,,,,,,,,,,,,
2023,8,4,12,0,18.3,68.07,12.3,,,,,,,,,,,,,,,,,,,,,,,,,,,,,,,,,,,,
2023,8,4,13,0,20,66.47,13.6,,,,,,,,,,,,,,,,,,,,,,,,,,,,,,,,,,,,
2023,8,4,14,0,22.6,53.1,12.6,,,,,,,,,,,,,,,,,,,,,,,,,,,,,,,,,,,,
2023,8,4,15,0,24.9,42.06,11.1,,,,,,,,,,,,,,,,,,,,,,,,,,,,,,,,,,,,
2023,8,4,16,0,26.4,37.46,10.7,,,,,,,,,,,,,,,,,,,,,,,,,,,,,,,,,,,,
2023,8,4,17,0,27.7,34.51,10.6,,,,,,,,,,,,,,,,,,,,,,,,,,,,,,,,,,,,
2023,8,4,18,0,28.7,32.47,10.6,,,,,,,,,,,,,,,,,,,,,,,,,,,,,,,,,,,,
2023,8,4,19,0,29.4,31.07,10.5,,,,,,,,,,,,,,,,,,,,,,,,,,,,,,,,,,,,
2023,8,4,20,0,29.8,30.2,10.5,,,,,,,,,,,,,,,,,,,,,,,,,,,,,,,,,,,,
2023,8,4,21,0,30,29.52,10.3,,,,,,,,,,,,,,,,,,,,,,,,,,,,,,,,,,,,
2023,8,4,22,0,29.9,29.11,10,,,,,,,,,,,,,,,,,,,,,,,,,,,,,,,,,,,,
2023,8,4,23,0,29.4,29.21,9.6,,,,,,,,,,,,,,,,,,,,,,,,,,,,,,,,,,,,
2023,8,5,0,0,28.5,30.21,9.4,,,,,,,,,,,,,,,,,,,,,,,,,,,,,,,,,,,,
2023,8,5,1,0,26.7,36.36,10.5,,,,,,,,,,,,,,,,,,,,,,,,,,,,,,,,,,,,
2023,8,5,2,0,23.5,49.78,12.4,,,,,,,,,,,,,,,,,,,,,,,,,,,,,,,,,,,,
2023,8,5,3,0,22,53.34,12.1,,,,,,,,,,,,,,,,,,,,,,,,,,,,,,,,,,,,
2023,8,5,4,0,21,55.94,11.9,,,,,,,,,,,,,,,,,,,,,,,,,,,,,,,,,,,,
2023,8,5,5,0,20.2,57.93,11.7,,,,,,,,,,,,,,,,,,,,,,,,,,,,,,,,,,,,
2023,8,5,6,0,19.6,59.27,11.4,,,,,,,,,,,,,,,,,,,,,,,,,,,,,,,,,,,,
2023,8,5,7,0,19,60.68,11.2,,,,,,,,,,,,,,,,,,,,,,,,,,,,,,,,,,,,
2023,8,5,8,0,18.4,62.02,11,,,,,,,,,,,,,,,,,,,,,,,,,,,,,,,,,,,,
2023,8,5,9,0,18.1,62.54,10.8,,,,,,,,,,,,,,,,,,,,,,,,,,,,,,,,,,,,
2023,8,5,10,0,17.5,63.45,10.5,,,,,,,,,,,,,,,,,,,,,,,,,,,,,,,,,,,,
2023,8,5,11,0,16.9,63.61,10,,,,,,,,,,,,,,,,,,,,,,,,,,,,,,,,,,,,
2023,8,5,12,0,16.7,62.86,9.6,,,,,,,,,,,,,,,,,,,,,,,,,,,,,,,,,,,,
2023,8,5,13,0,19.2,54.12,9.7,,,,,,,,,,,,,,,,,,,,,,,,,,,,,,,,,,,,
2023,8,5,14,0,22.3,39.53,7.9,,,,,,,,,,,,,,,,,,,,,,,,,,,,,,,,,,,,
2023,8,5,15,0,25.8,28.05,5.9,,,,,,,,,,,,,,,,,,,,,,,,,,,,,,,,,,,,
2023,8,5,16,0,27.9,24.21,5.6,,,,,,,,,,,,,,,,,,,,,,,,,,,,,,,,,,,,
2023,8,5,17,0,29.5,22.67,6,,,,,,,,,,,,,,,,,,,,,,,,,,,,,,,,,,,,
2023,8,5,18,0,30.6,21.93,6.4,,,,,,,,,,,,,,,,,,,,,,,,,,,,,,,,,,,,
2023,8,5,19,0,31.3,21.53,6.7,,,,,,,,,,,,,,,,,,,,,,,,,,,,,,,,,,,,
2023,8,5,20,0,31.7,21.26,6.9,,,,,,,,,,,,,,,,,,,,,,,,,,,,,,,,,,,,
2023,8,5,21,0,31.8,21.1,6.9,,,,,,,,,,,,,,,,,,,,,,,,,,,,,,,,,,,,
2023,8,5,22,0,31.5,21.14,6.6,,,,,,,,,,,,,,,,,,,,,,,,,,,,,,,,,,,,
2023,8,5,23,0,30.8,21.62,6.4,,,,,,,,,,,,,,,,,,,,,,,,,,,,,,,,,,,,
2023,8,6,0,0,29.6,22.97,6.3,,,,,,,,,,,,,,,,,,,,,,,,,,,,,,,,,,,,
2023,8,6,1,0,27.4,30.22,8.4,,,,,,,,,,,,,,,,,,,,,,,,,,,,,,,,,,,,
2023,8,6,2,0,24.3,41.47,10.4,,,,,,,,,,,,,,,,,,,,,,,,,,,,,,,,,,,,
2023,8,6,3,0,23.4,41.42,9.6,,,,,,,,,,,,,,,,,,,,,,,,,,,,,,,,,,,,
2023,8,6,4,0,22.7,42.44,9.3,,,,,,,,,,,,,,,,,,,,,,,,,,,,,,,,,,,,
2023,8,6,5,0,21.7,44.99,9.2,,,,,,,,,,,,,,,,,,,,,,,,,,,,,,,,,,,,
2023,8,6,6,0,20.6,48.48,9.4,,,,,,,,,,,,,,,,,,,,,,,,,,,,,,,,,,,,
2023,8,6,7,0,19.7,51.78,9.5,,,,,,,,,,,,,,,,,,,,,,,,,,,,,,,,,,,,
2023,8,6,8,0,18.9,54.24,9.5,,,,,,,,,,,,,,,,,,,,,,,,,,,,,,,,,,,,
2023,8,6,9,0,18.2,56.54,9.4,,,,,,,,,,,,,,,,,,,,,,,,,,,,,,,,,,,,
2023,8,6,10,0,17.6,58.46,9.4,,,,,,,,,,,,,,,,,,,,,,,,,,,,,,,,,,,,
2023,8,6,11,0,17.1,60.05,9.3,,,,,,,,,,,,,,,,,,,,,,,,,,,,,,,,,,,,
2023,8,6,12,0,16.8,61.39,9.3,,,,,,,,,,,,,,,,,,,,,,,,,,,,,,,,,,,,
2023,8,6,13,0,19.2,56.71,10.4,,,,,,,,,,,,,,,,,,,,,,,,,,,,,,,,,,,,
2023,8,6,14,0,22.3,44.66,9.7,,,,,,,,,,,,,,,,,,,,,,,,,,,,,,,,,,,,
2023,8,6,15,0,25.7,33.44,8.4,,,,,,,,,,,,,,,,,,,,,,,,,,,,,,,,,,,,
2023,8,6,16,0,27.8,28.18,7.7,,,,,,,,,,,,,,,,,,,,,,,,,,,,,,,,,,,,
2023,8,6,17,0,29.2,26.11,7.8,,,,,,,,,,,,,,,,,,,,,,,,,,,,,,,,,,,,
2023,8,6,18,0,30.3,25.15,8.2,,,,,,,,,,,,,,,,,,,,,,,,,,,,,,,,,,,,
2023,8,6,19,0,30.9,25.07,8.6,,,,,,,,,,,,,,,,,,,,,,,,,,,,,,,,,,,,
2023,8,6,20,0,31.2,25.35,9.1,,,,,,,,,,,,,,,,,,,,,,,,,,,,,,,,,,,,
2023,8,6,21,0,31.2,25.85,9.3,,,,,,,,,,,,,,,,,,,,,,,,,,,,,,,,,,,,
2023,8,6,22,0,30.8,26.58,9.4,,,,,,,,,,,,,,,,,,,,,,,,,,,,,,,,,,,,
2023,8,6,23,0,30.1,27.73,9.4,,,,,,,,,,,,,,,,,,,,,,,,,,,,,,,,,,,,
2023,8,7,0,0,29,29.66,9.5,,,,,,,,,,,,,,,,,,,,,,,,,,,,,,,,,,,,
2023,8,7,1,0,27.1,35.3,10.5,,,,,,,,,,,,,,,,,,,,,,,,,,,,,,,,,,,,
2023,8,7,2,0,24,48.2,12.4,,,,,,,,,,,,,,,,,,,,,,,,,,,,,,,,,,,,
2023,8,7,3,0,23.4,47.98,11.8,,,,,,,,,,,,,,,,,,,,,,,,,,,,,,,,,,,,
2023,8,7,4,0,23.2,47.11,11.3,,,,,,,,,,,,,,,,,,,,,,,,,,,,,,,,,,,,
2023,8,7,5,0,22.7,47.4,10.9,,,,,,,,,,,,,,,,,,,,,,,,,,,,,,,,,,,,
2023,8,7,6,0,22.3,47.65,10.7,,,,,,,,,,,,,,,,,,,,,,,,,,,,,,,,,,,,
2023,8,7,7,0,22,47.73,10.4,,,,,,,,,,,,,,,,,,,,,,,,,,,,,,,,,,,,
2023,8,7,8,0,21.9,47.59,10.3,,,,,,,,,,,,,,,,,,,,,,,,,,,,,,,,,,,,
2023,8,7,9,0,21.4,49.43,10.4,,,,,,,,,,,,,,,,,,,,,,,,,,,,,,,,,,,,
2023,8,7,10,0,20.8,51.59,10.5,,,,,,,,,,,,,,,,,,,,,,,,,,,,,,,,,,,,
2023,8,7,11,0,20.4,52.85,10.5,,,,,,,,,,,,,,,,,,,,,,,,,,,,,,,,,,,,
2023,8,7,12,0,20.1,53.99,10.5,,,,,,,,,,,,,,,,,,,,,,,,,,,,,,,,,,,,
2023,8,7,13,0,21.1,57.43,12.4,,,,,,,,,,,,,,,,,,,,,,,,,,,,,,,,,,,,
2023,8,7,14,0,23.8,43.07,10.5,,,,,,,,,,,,,,,,,,,,,,,,,,,,,,,,,,,,
2023,8,7,15,0,25.9,33.85,8.8,,,,,,,,,,,,,,,,,,,,,,,,,,,,,,,,,,,,
2023,8,7,16,0,27.3,29.85,8.1,,,,,,,,,,,,,,,,,,,,,,,,,,,,,,,,,,,,
2023,8,7,17,0,28.4,26.91,7.6,,,,,,,,,,,,,,,,,,,,,,,,,,,,,,,,,,,,
2023,8,7,18,0,29,25.16,7.1,,,,,,,,,,,,,,,,,,,,,,,,,,,,,,,,,,,,
2023,8,7,19,0,29.2,24.01,6.6,,,,,,,,,,,,,,,,,,,,,,,,,,,,,,,,,,,,
2023,8,7,20,0,29.7,22.58,6.1,,,,,,,,,,,,,,,,,,,,,,,,,,,,,,,,,,,,
2023,8,7,21,0,30.1,21.51,5.7,,,,,,,,,,,,,,,,,,,,,,,,,,,,,,,,,,,,
2023,8,7,22,0,29.4,22.01,5.5,,,,,,,,,,,,,,,,,,,,,,,,,,,,,,,,,,,,
2023,8,7,23,0,28.6,23.03,5.5,,,,,,,,,,,,,,,,,,,,,,,,,,,,,,,,,,,,
2023,8,8,0,0,27.9,24.57,5.8,,,,,,,,,,,,,,,,,,,,,,,,,,,,,,,,,,,,
2023,8,8,1,0,26.2,32.01,8.2,,,,,,,,,,,,,,,,,,,,,,,,,,,,,,,,,,,,
2023,8,8,2,0,22.9,43.51,9.8,,,,,,,,,,,,,,,,,,,,,,,,,,,,,,,,,,,,
2023,8,8,3,0,22,45.68,9.7,,,,,,,,,,,,,,,,,,,,,,,,,,,,,,,,,,,,
2023,8,8,4,0,21.8,46.97,10,,,,,,,,,,,,,,,,,,,,,,,,,,,,,,,,,,,,
2023,8,8,5,0,21.2,49.36,10.2,,,,,,,,,,,,,,,,,,,,,,,,,,,,,,,,,,,,
2023,8,8,6,0,20.9,50.08,10.1,,,,,,,,,,,,,,,,,,,,,,,,,,,,,,,,,,,,
2023,8,8,7,0,20.6,50.91,10.1,,,,,,,,,,,,,,,,,,,,,,,,,,,,,,,,,,,,
2023,8,8,8,0,20.3,53.33,10.5,,,,,,,,,,,,,,,,,,,,,,,,,,,,,,,,,,,,
2023,8,8,9,0,19.5,59.52,11.4,,,,,,,,,,,,,,,,,,,,,,,,,,,,,,,,,,,,
2023,8,8,10,0,18.3,68.28,12.4,,,,,,,,,,,,,,,,,,,,,,,,,,,,,,,,,,,,
2023,8,8,11,0,17.6,72.8,12.7,,,,,,,,,,,,,,,,,,,,,,,,,,,,,,,,,,,,
2023,8,8,12,0,17,75.57,12.7,,,,,,,,,,,,,,,,,,,,,,,,,,,,,,,,,,,,
2023,8,8,13,0,17.4,74.35,12.8,,,,,,,,,,,,,,,,,,,,,,,,,,,,,,,,,,,,
2023,8,8,14,0,20.1,61.84,12.6,,,,,,,,,,,,,,,,,,,,,,,,,,,,,,,,,,,,
2023,8,8,15,0,22.2,50.9,11.6,,,,,,,,,,,,,,,,,,,,,,,,,,,,,,,,,,,,
2023,8,8,16,0,23.2,47.74,11.5,,,,,,,,,,,,,,,,,,,,,,,,,,,,,,,,,,,,
2023,8,8,17,0,24.4,43.26,11.1,,,,,,,,,,,,,,,,,,,,,,,,,,,,,,,,,,,,
2023,8,8,18,0,25.4,39.02,10.5,,,,,,,,,,,,,,,,,,,,,,,,,,,,,,,,,,,,
2023,8,8,19,0,26.3,34.76,9.5,,,,,,,,,,,,,,,,,,,,,,,,,,,,,,,,,,,,
2023,8,8,20,0,26.9,31.34,8.5,,,,,,,,,,,,,,,,,,,,,,,,,,,,,,,,,,,,
2023,8,8,21,0,27.3,28.76,7.6,,,,,,,,,,,,,,,,,,,,,,,,,,,,,,,,,,,,
2023,8,8,22,0,27.1,27.29,6.6,,,,,,,,,,,,,,,,,,,,,,,,,,,,,,,,,,,,
2023,8,8,23,0,26.6,26.38,5.7,,,,,,,,,,,,,,,,,,,,,,,,,,,,,,,,,,,,
2023,8,9,0,0,25.7,26.42,5,,,,,,,,,,,,,,,,,,,,,,,,,,,,,,,,,,,,
2023,8,9,1,0,23.9,31.99,6.2,,,,,,,,,,,,,,,,,,,,,,,,,,,,,,,,,,,,
2023,8,9,2,0,21.3,41.12,7.6,,,,,,,,,,,,,,,,,,,,,,,,,,,,,,,,,,,,
2023,8,9,3,0,20.1,43.03,7.1,,,,,,,,,,,,,,,,,,,,,,,,,,,,,,,,,,,,
2023,8,9,4,0,19.2,45.32,7.1,,,,,,,,,,,,,,,,,,,,,,,,,,,,,,,,,,,,
2023,8,9,5,0,18.4,47.23,7,,,,,,,,,,,,,,,,,,,,,,,,,,,,,,,,,,,,
2023,8,9,6,0,17.8,48.55,6.8,,,,,,,,,,,,,,,,,,,,,,,,,,,,,,,,,,,,
2023,8,9,7,0,17.4,49.22,6.6,,,,,,,,,,,,,,,,,,,,,,,,,,,,,,,,,,,,
2023,8,9,8,0,17.1,49.49,6.4,,,,,,,,,,,,,,,,,,,,,,,,,,,,,,,,,,,,
2023,8,9,9,0,16.9,49.49,6.3,,,,,,,,,,,,,,,,,,,,,,,,,,,,,,,,,,,,
2023,8,9,10,0,16.6,49.96,6.1,,,,,,,,,,,,,,,,,,,,,,,,,,,,,,,,,,,,
2023,8,9,11,0,16.2,50.95,6,,,,,,,,,,,,,,,,,,,,,,,,,,,,,,,,,,,,
2023,8,9,12,0,16,51.84,6.1,,,,,,,,,,,,,,,,,,,,,,,,,,,,,,,,,,,,
2023,8,9,13,0,18.2,50.35,7.7,,,,,,,,,,,,,,,,,,,,,,,,,,,,,,,,,,,,
2023,8,9,14,0,21.8,35.04,5.7,,,,,,,,,,,,,,,,,,,,,,,,,,,,,,,,,,,,
2023,8,9,15,0,24.9,27.68,5,,,,,,,,,,,,,,,,,,,,,,,,,,,,,,,,,,,,
2023,8,9,16,0,27,24.25,4.9,,,,,,,,,,,,,,,,,,,,,,,,,,,,,,,,,,,,
2023,8,9,17,0,28.4,22.6,5,,,,,,,,,,,,,,,,,,,,,,,,,,,,,,,,,,,,
2023,8,9,18,0,29.6,21.41,5.2,,,,,,,,,,,,,,,,,,,,,,,,,,,,,,,,,,,,
2023,8,9,19,0,30.4,20.64,5.4,,,,,,,,,,,,,,,,,,,,,,,,,,,,,,,,,,,,
2023,8,9,20,0,30.9,20.16,5.4,,,,,,,,,,,,,,,,,,,,,,,,,,,,,,,,,,,,
2023,8,9,21,0,31.1,19.8,5.4,,,,,,,,,,,,,,,,,,,,,,,,,,,,,,,,,,,,
2023,8,9,22,0,30.9,19.54,5,,,,,,,,,,,,,,,,,,,,,,,,,,,,,,,,,,,,
2023,8,9,23,0,30.3,19.71,4.6,,,,,,,,,,,,,,,,,,,,,,,,,,,,,,,,,,,,
2023,8,10,0,0,29.2,21.01,4.6,,,,,,,,,,,,,,,,,,,,,,,,,,,,,,,,,,,,
2023,8,10,1,0,27.2,31,8.6,,,,,,,,,,,,,,,,,,,,,,,,,,,,,,,,,,,,
2023,8,10,2,0,24.4,39.21,9.6,,,,,,,,,,,,,,,,,,,,,,,,,,,,,,,,,,,,
2023,8,10,3,0,22.7,41.38,8.9,,,,,,,,,,,,,,,,,,,,,,,,,,,,,,,,,,,,
2023,8,10,4,0,22.1,42.76,8.9,,,,,,,,,,,,,,,,,,,,,,,,,,,,,,,,,,,,
2023,8,10,5,0,21.4,44.39,8.8,,,,,,,,,,,,,,,,,,,,,,,,,,,,,,,,,,,,
2023,8,10,6,0,20.8,45.65,8.6,,,,,,,,,,,,,,,,,,,,,,,,,,,,,,,,,,,,
2023,8,10,7,0,20.3,47.48,8.8,,,,,,,,,,,,,,,,,,,,,,,,,,,,,,,,,,,,
2023,8,10,8,0,20,49.27,9,,,,,,,,,,,,,,,,,,,,,,,,,,,,,,,,,,,,
2023,8,10,9,0,19.7,51.53,9.4,,,,,,,,,,,,,,,,,,,,,,,,,,,,,,,,,,,,
2023,8,10,10,0,19.3,53.95,9.7,,,,,,,,,,,,,,,,,,,,,,,,,,,,,,,,,,,,
2023,8,10,11,0,19.3,55.22,10.1,,,,,,,,,,,,,,,,,,,,,,,,,,,,,,,,,,,,
2023,8,10,12,0,19.4,55.34,10.2,,,,,,,,,,,,,,,,,,,,,,,,,,,,,,,,,,,,
2023,8,10,13,0,21.2,56.62,12.2,,,,,,,,,,,,,,,,,,,,,,,,,,,,,,,,,,,,
2023,8,10,14,0,24.9,40.7,10.6,,,,,,,,,,,,,,,,,,,,,,,,,,,,,,,,,,,,
2023,8,10,15,0,27.8,29.5,8.4,,,,,,,,,,,,,,,,,,,,,,,,,,,,,,,,,,,,
2023,8,10,16,0,29.7,23.31,6.6,,,,,,,,,,,,,,,,,,,,,,,,,,,,,,,,,,,,
2023,8,10,17,0,31,19.49,5,,,,,,,,,,,,,,,,,,,,,,,,,,,,,,,,,,,,
2023,8,10,18,0,31.9,17.19,4,,,,,,,,,,,,,,,,,,,,,,,,,,,,,,,,,,,,
2023,8,10,19,0,32.4,16.05,3.4,,,,,,,,,,,,,,,,,,,,,,,,,,,,,,,,,,,,
2023,8,10,20,0,32.7,15.44,3.1,,,,,,,,,,,,,,,,,,,,,,,,,,,,,,,,,,,,
2023,8,10,21,0,32.7,15.16,2.8,,,,,,,,,,,,,,,,,,,,,,,,,,,,,,,,,,,,
2023,8,10,22,0,32.4,15.14,2.6,,,,,,,,,,,,,,,,,,,,,,,,,,,,,,,,,,,,
2023,8,10,23,0,31.8,15.31,2.3,,,,,,,,,,,,,,,,,,,,,,,,,,,,,,,,,,,,
2023,8,11,0,0,30.7,16.12,2.1,,,,,,,,,,,,,,,,,,,,,,,,,,,,,,,,,,,,
2023,8,11,1,0,28.4,27.44,7.8,,,,,,,,,,,,,,,,,,,,,,,,,,,,,,,,,,,,
2023,8,11,2,0,26.5,30.8,7.9,,,,,,,,,,,,,,,,,,,,,,,,,,,,,,,,,,,,
2023,8,11,3,0,26,29.85,7,,,,,,,,,,,,,,,,,,,,,,,,,,,,,,,,,,,,
2023,8,11,4,0,24.3,37.05,8.7,,,,,,,,,,,,,,,,,,,,,,,,,,,,,,,,,,,,
2023,8,11,5,0,22.8,44.12,10,,,,,,,,,,,,,,,,,,,,,,,,,,,,,,,,,,,,
2023,8,11,6,0,21.7,50.75,11.1,,,,,,,,,,,,,,,,,,,,,,,,,,,,,,,,,,,,
2023,8,11,7,0,21.1,56,12,,,,,,,,,,,,,,,,,,,,,,,,,,,,,,,,,,,,
2023,8,11,8,0,21,59.28,12.8,,,,,,,,,,,,,,,,,,,,,,,,,,,,,,,,,,,,
2023,8,11,9,0,21,60.71,13.1,,,,,,,,,,,,,,,,,,,,,,,,,,,,,,,,,,,,
2023,8,11,10,0,20.6,62.95,13.3,,,,,,,,,,,,,,,,,,,,,,,,,,,,,,,,,,,,
2023,8,11,11,0,20.1,65.05,13.3,,,,,,,,,,,,,,,,,,,,,,,,,,,,,,,,,,,,
2023,8,11,12,0,19.7,66.77,13.3,,,,,,,,,,,,,,,,,,,,,,,,,,,,,,,,,,,,
2023,8,11,13,0,22.1,59.4,13.8,,,,,,,,,,,,,,,,,,,,,,,,,,,,,,,,,,,,
2023,8,11,14,0,25,50.11,13.9,,,,,,,,,,,,,,,,,,,,,,,,,,,,,,,,,,,,
2023,8,11,15,0,27.1,44.1,13.8,,,,,,,,,,,,,,,,,,,,,,,,,,,,,,,,,,,,
2023,8,11,16,0,28.5,39.29,13.3,,,,,,,,,,,,,,,,,,,,,,,,,,,,,,,,,,,,
2023,8,11,17,0,29.6,35.66,12.8,,,,,,,,,,,,,,,,,,,,,,,,,,,,,,,,,,,,
2023,8,11,18,0,30.5,32.94,12.4,,,,,,,,,,,,,,,,,,,,,,,,,,,,,,,,,,,,
2023,8,11,19,0,31.6,30.4,12.1,,,,,,,,,,,,,,,,,,,,,,,,,,,,,,,,,,,,
2023,8,11,20,0,32.5,28.13,11.7,,,,,,,,,,,,,,,,,,,,,,,,,,,,,,,,,,,,
2023,8,11,21,0,33.1,26.65,11.4,,,,,,,,,,,,,,,,,,,,,,,,,,,,,,,,,,,,
2023,8,11,22,0,33,26.06,11,,,,,,,,,,,,,,,,,,,,,,,,,,,,,,,,,,,,
2023,8,11,23,0,32.6,25.8,10.5,,,,,,,,,,,,,,,,,,,,,,,,,,,,,,,,,,,,
2023,8,12,0,0,31.8,26.03,10,,,,,,,,,,,,,,,,,,,,,,,,,,,,,,,,,,,,
2023,8,12,1,0,29.8,35.8,13,,,,,,,,,,,,,,,,,,,,,,,,,,,,,,,,,,,,
2023,8,12,2,0,27.5,41.79,13.4,,,,,,,,,,,,,,,,,,,,,,,,,,,,,,,,,,,,
2023,8,12,3,0,26.4,43.19,12.9,,,,,,,,,,,,,,,,,,,,,,,,,,,,,,,,,,,,
2023,8,12,4,0,25.6,44.86,12.7,,,,,,,,,,,,,,,,,,,,,,,,,,,,,,,,,,,,
2023,8,12,5,0,24.9,47.6,13,,,,,,,,,,,,,,,,,,,,,,,,,,,,,,,,,,,,
2023,8,12,6,0,24.4,49.22,13.1,,,,,,,,,,,,,,,,,,,,,,,,,,,,,,,,,,,,
2023,8,12,7,0,24.1,50.22,13.1,,,,,,,,,,,,,,,,,,,,,,,,,,,,,,,,,,,,
2023,8,12,8,0,23.8,50.8,13,,,,,,,,,,,,,,,,,,,,,,,,,,,,,,,,,,,,
2023,8,12,9,0,23.3,52.62,13.1,,,,,,,,,,,,,,,,,,,,,,,,,,,,,,,,,,,,
2023,8,12,10,0,22.7,54.06,12.9,,,,,,,,,,,,,,,,,,,,,,,,,,,,,,,,,,,,
2023,8,12,11,0,22.2,55.15,12.8,,,,,,,,,,,,,,,,,,,,,,,,,,,,,,,,,,,,
2023,8,12,12,0,21.6,56.46,12.6,,,,,,,,,,,,,,,,,,,,,,,,,,,,,,,,,,,,
2023,8,12,13,0,22.9,52.97,12.8,,,,,,,,,,,,,,,,,,,,,,,,,,,,,,,,,,,,
2023,8,12,14,0,24.9,41.85,11.1,,,,,,,,,,,,,,,,,,,,,,,,,,,,,,,,,,,,
2023,8,12,15,0,27.1,34.19,10,,,,,,,,,,,,,,,,,,,,,,,,,,,,,,,,,,,,
2023,8,12,16,0,28.8,29.94,9.5,,,,,,,,,,,,,,,,,,,,,,,,,,,,,,,,,,,,
2023,8,12,17,0,29.9,28.31,9.6,,,,,,,,,,,,,,,,,,,,,,,,,,,,,,,,,,,,
2023,8,12,18,0,30.7,27.67,9.9,,,,,,,,,,,,,,,,,,,,,,,,,,,,,,,,,,,,
2023,8,12,19,0,31.3,27.29,10.2,,,,,,,,,,,,,,,,,,,,,,,,,,,,,,,,,,,,
2023,8,12,20,0,31.8,26.84,10.4,,,,,,,,,,,,,,,,,,,,,,,,,,,,,,,,,,,,
2023,8,12,21,0,32,26.49,10.4,,,,,,,,,,,,,,,,,,,,,,,,,,,,,,,,,,,,
2023,8,12,22,0,31.9,26.03,10,,,,,,,,,,,,,,,,,,,,,,,,,,,,,,,,,,,,
2023,8,12,23,0,31.4,25.98,9.6,,,,,,,,,,,,,,,,,,,,,,,,,,,,,,,,,,,,
2023,8,13,0,0,30.6,26.34,9.1,,,,,,,,,,,,,,,,,,,,,,,,,,,,,,,,,,,,
2023,8,13,1,0,28.6,35.28,11.8,,,,,,,,,,,,,,,,,,,,,,,,,,,,,,,,,,,,
2023,8,13,2,0,26.4,40.52,11.9,,,,,,,,,,,,,,,,,,,,,,,,,,,,,,,,,,,,
2023,8,13,3,0,26.2,37.87,10.7,,,,,,,,,,,,,,,,,,,,,,,,,,,,,,,,,,,,
2023,8,13,4,0,26,36.97,10.2,,,,,,,,,,,,,,,,,,,,,,,,,,,,,,,,,,,,
2023,8,13,5,0,25.6,37.42,10,,,,,,,,,,,,,,,,,,,,,,,,,,,,,,,,,,,,
2023,8,13,6,0,25.2,38.19,10,,,,,,,,,,,,,,,,,,,,,,,,,,,,,,,,,,,,
2023,8,13,7,0,24.6,39.5,9.9,,,,,,,,,,,,,,,,,,,,,,,,,,,,,,,,,,,,
2023,8,13,8,0,24,41.03,9.9,,,,,,,,,,,,,,,,,,,,,,,,,,,,,,,,,,,,
2023,8,13,9,0,23.2,42.83,9.9,,,,,,,,,,,,,,,,,,,,,,,,,,,,,,,,,,,,
2023,8,13,10,0,22.2,45.19,9.8,,,,,,,,,,,,,,,,,,,,,,,,,,,,,,,,,,,,
2023,8,13,11,0,21.2,47.47,9.6,,,,,,,,,,,,,,,,,,,,,,,,,,,,,,,,,,,,
2023,8,13,12,0,20.5,49.31,9.5,,,,,,,,,,,,,,,,,,,,,,,,,,,,,,,,,,,,
2023,8,13,13,0,21.5,52.58,11.4,,,,,,,,,,,,,,,,,,,,,,,,,,,,,,,,,,,,
2023,8,13,14,0,24.8,39.12,10,,,,,,,,,,,,,,,,,,,,,,,,,,,,,,,,,,,,
2023,8,13,15,0,27.7,28.01,7.5,,,,,,,,,,,,,,,,,,,,,,,,,,,,,,,,,,,,
2023,8,13,16,0,29.6,22.97,6.3,,,,,,,,,,,,,,,,,,,,,,,,,,,,,,,,,,,,
2023,8,13,17,0,30.9,20.96,6,,,,,,,,,,,,,,,,,,,,,,,,,,,,,,,,,,,,
2023,8,13,18,0,31.8,19.58,5.8,,,,,,,,,,,,,,,,,,,,,,,,,,,,,,,,,,,,
2023,8,13,19,0,32.3,18.54,5.4,,,,,,,,,,,,,,,,,,,,,,,,,,,,,,,,,,,,
2023,8,13,20,0,32.5,17.67,4.9,,,,,,,,,,,,,,,,,,,,,,,,,,,,,,,,,,,,
2023,8,13,21,0,32.5,16.86,4.2,,,,,,,,,,,,,,,,,,,,,,,,,,,,,,,,,,,,
2023,8,13,22,0,32.3,16.03,3.3,,,,,,,,,,,,,,,,,,,,,,,,,,,,,,,,,,,,
2023,8,13,23,0,31.7,15.73,2.6,,,,,,,,,,,,,,,,,,,,,,,,,,,,,,,,,,,,
2023,8,14,0,0,30.6,16.35,2.2,,,,,,,,,,,,,,,,,,,,,,,,,,,,,,,,,,,,
2023,8,14,1,0,28,26.5,7,,,,,,,,,,,,,,,,,,,,,,,,,,,,,,,,,,,,
2023,8,14,2,0,25,33.83,8,,,,,,,,,,,,,,,,,,,,,,,,,,,,,,,,,,,,
2023,8,14,3,0,24.2,34,7.3,,,,,,,,,,,,,,,,,,,,,,,,,,,,,,,,,,,,
2023,8,14,4,0,23.3,36.01,7.4,,,,,,,,,,,,,,,,,,,,,,,,,,,,,,,,,,,,
2023,8,14,5,0,22.2,39.11,7.6,,,,,,,,,,,,,,,,,,,,,,,,,,,,,,,,,,,,
2023,8,14,6,0,21.3,42.03,7.9,,,,,,,,,,,,,,,,,,,,,,,,,,,,,,,,,,,,
2023,8,14,7,0,20.1,46.06,8.1,,,,,,,,,,,,,,,,,,,,,,,,,,,,,,,,,,,,
2023,8,14,8,0,19.2,49.16,8.3,,,,,,,,,,,,,,,,,,,,,,,,,,,,,,,,,,,,
2023,8,14,9,0,18.5,51.88,8.4,,,,,,,,,,,,,,,,,,,,,,,,,,,,,,,,,,,,
2023,8,14,10,0,18,54.2,8.6,,,,,,,,,,,,,,,,,,,,,,,,,,,,,,,,,,,,
2023,8,14,11,0,17.4,56.87,8.8,,,,,,,,,,,,,,,,,,,,,,,,,,,,,,,,,,,,
2023,8,14,12,0,17.2,57.84,8.8,,,,,,,,,,,,,,,,,,,,,,,,,,,,,,,,,,,,
2023,8,14,13,0,19.5,51.58,9.3,,,,,,,,,,,,,,,,,,,,,,,,,,,,,,,,,,,,
2023,8,14,14,0,23.1,39.41,8.5,,,,,,,,,,,,,,,,,,,,,,,,,,,,,,,,,,,,
2023,8,14,15,0,27.4,28.55,7.6,,,,,,,,,,,,,,,,,,,,,,,,,,,,,,,,,,,,
2023,8,14,16,0,30.3,22.86,6.8,,,,,,,,,,,,,,,,,,,,,,,,,,,,,,,,,,,,
2023,8,14,17,0,32,20.2,6.4,,,,,,,,,,,,,,,,,,,,,,,,,,,,,,,,,,,,
2023,8,14,18,0,33.3,18.52,6.2,,,,,,,,,,,,,,,,,,,,,,,,,,,,,,,,,,,,
2023,8,14,19,0,34.3,17.78,6.4,,,,,,,,,,,,,,,,,,,,,,,,,,,,,,,,,,,,
2023,8,14,20,0,34.8,17.99,7,,,,,,,,,,,,,,,,,,,,,,,,,,,,,,,,,,,,
2023,8,14,21,0,35.1,18.22,7.4,,,,,,,,,,,,,,,,,,,,,,,,,,,,,,,,,,,,
2023,8,14,22,0,34.8,18.41,7.3,,,,,,,,,,,,,,,,,,,,,,,,,,,,,,,,,,,,
2023,8,14,23,0,34.2,18.76,7.1,,,,,,,,,,,,,,,,,,,,,,,,,,,,,,,,,,,,
2023,8,15,0,0,33,20.22,7.2,,,,,,,,,,,,,,,,,,,,,,,,,,,,,,,,,,,,
2023,8,15,1,0,30.5,30.11,11,,,,,,,,,,,,,,,,,,,,,,,,,,,,,,,,,,,,
2023,8,15,2,0,27.7,37.72,12,,,,,,,,,,,,,,,,,,,,,,,,,,,,,,,,,,,,
2023,8,15,3,0,27,38.04,11.5,,,,,,,,,,,,,,,,,,,,,,,,,,,,,,,,,,,,
2023,8,15,4,0,26.4,39.51,11.5,,,,,,,,,,,,,,,,,,,,,,,,,,,,,,,,,,,,
2023,8,15,5,0,26.1,39.59,11.3,,,,,,,,,,,,,,,,,,,,,,,,,,,,,,,,,,,,
2023,8,15,6,0,25.7,40.04,11.1,,,,,,,,,,,,,,,,,,,,,,,,,,,,,,,,,,,,
2023,8,15,7,0,25.1,42.52,11.5,,,,,,,,,,,,,,,,,,,,,,,,,,,,,,,,,,,,
2023,8,15,8,0,24.9,43.27,11.6,,,,,,,,,,,,,,,,,,,,,,,,,,,,,,,,,,,,
2023,8,15,9,0,24.6,44.02,11.5,,,,,,,,,,,,,,,,,,,,,,,,,,,,,,,,,,,,
2023,8,15,10,0,24,45.68,11.6,,,,,,,,,,,,,,,,,,,,,,,,,,,,,,,,,,,,
2023,8,15,11,0,23.1,49.66,12,,,,,,,,,,,,,,,,,,,,,,,,,,,,,,,,,,,,
2023,8,15,12,0,22.2,53.69,12.4,,,,,,,,,,,,,,,,,,,,,,,,,,,,,,,,,,,,
2023,8,15,13,0,23.5,55.52,14.1,,,,,,,,,,,,,,,,,,,,,,,,,,,,,,,,,,,,
2023,8,15,14,0,27.3,41.07,12.9,,,,,,,,,,,,,,,,,,,,,,,,,,,,,,,,,,,,
2023,8,15,15,0,30.4,30.25,11,,,,,,,,,,,,,,,,,,,,,,,,,,,,,,,,,,,,
2023,8,15,16,0,32.6,24.7,9.8,,,,,,,,,,,,,,,,,,,,,,,,,,,,,,,,,,,,
2023,8,15,17,0,34.2,22.9,10.1,,,,,,,,,,,,,,,,,,,,,,,,,,,,,,,,,,,,
2023,8,15,18,0,35.2,23.15,11,,,,,,,,,,,,,,,,,,,,,,,,,,,,,,,,,,,,
2023,8,15,19,0,35.6,23.54,11.6,,,,,,,,,,,,,,,,,,,,,,,,,,,,,,,,,,,,
2023,8,15,20,0,35.4,24.11,11.8,,,,,,,,,,,,,,,,,,,,,,,,,,,,,,,,,,,,
2023,8,15,21,0,34.7,25.05,11.8,,,,,,,,,,,,,,,,,,,,,,,,,,,,,,,,,,,,
2023,8,15,22,0,33.9,25.79,11.6,,,,,,,,,,,,,,,,,,,,,,,,,,,,,,,,,,,,
2023,8,15,23,0,33.1,26.55,11.4,,,,,,,,,,,,,,,,,,,,,,,,,,,,,,,,,,,,
2023,8,16,0,0,32.2,29.2,12,,,,,,,,,,,,,,,,,,,,,,,,,,,,,,,,,,,,
2023,8,16,1,0,30.4,38.12,14.5,,,,,,,,,,,,,,,,,,,,,,,,,,,,,,,,,,,,
2023,8,16,2,0,27.7,44.82,14.6,,,,,,,,,,,,,,,,,,,,,,,,,,,,,,,,,,,,
2023,8,16,3,0,25.6,52.66,15.2,,,,,,,,,,,,,,,,,,,,,,,,,,,,,,,,,,,,
2023,8,16,4,0,24.4,57.03,15.3,,,,,,,,,,,,,,,,,,,,,,,,,,,,,,,,,,,,
2023,8,16,5,0,23.7,59.33,15.3,,,,,,,,,,,,,,,,,,,,,,,,,,,,,,,,,,,,
2023,8,16,6,0,23.3,60.59,15.3,,,,,,,,,,,,,,,,,,,,,,,,,,,,,,,,,,,,
2023,8,16,7,0,23,61.33,15.2,,,,,,,,,,,,,,,,,,,,,,,,,,,,,,,,,,,,
2023,8,16,8,0,22.8,61.85,15.1,,,,,,,,,,,,,,,,,,,,,,,,,,,,,,,,,,,,
2023,8,16,9,0,22.8,62.1,15.2,,,,,,,,,,,,,,,,,,,,,,,,,,,,,,,,,,,,
2023,8,16,10,0,22.7,62.63,15.2,,,,,,,,,,,,,,,,,,,,,,,,,,,,,,,,,,,,
2023,8,16,11,0,22.6,63.18,15.2,,,,,,,,,,,,,,,,,,,,,,,,,,,,,,,,,,,,
2023,8,16,12,0,22.6,63.42,15.3,,,,,,,,,,,,,,,,,,,,,,,,,,,,,,,,,,,,
2023,8,16,13,0,23.7,62.47,16.1,,,,,,,,,,,,,,,,,,,,,,,,,,,,,,,,,,,,
2023,8,16,14,0,26.5,50.4,15.4,,,,,,,,,,,,,,,,,,,,,,,,,,,,,,,,,,,,
2023,8,16,15,0,29.2,38.05,13.5,,,,,,,,,,,,,,,,,,,,,,,,,,,,,,,,,,,,
2023,8,16,16,0,31.3,30,11.7,,,,,,,,,,,,,,,,,,,,,,,,,,,,,,,,,,,,
2023,8,16,17,0,33.2,25.45,10.8,,,,,,,,,,,,,,,,,,,,,,,,,,,,,,,,,,,,
2023,8,16,18,0,34.5,23.37,10.6,,,,,,,,,,,,,,,,,,,,,,,,,,,,,,,,,,,,
2023,8,16,19,0,35.3,22.51,10.7,,,,,,,,,,,,,,,,,,,,,,,,,,,,,,,,,,,,
2023,8,16,20,0,35.7,22.2,10.8,,,,,,,,,,,,,,,,,,,,,,,,,,,,,,,,,,,,
2023,8,16,21,0,35.8,22.19,10.9,,,,,,,,,,,,,,,,,,,,,,,,,,,,,,,,,,,,
2023,8,16,22,0,35.4,22.66,10.9,,,,,,,,,,,,,,,,,,,,,,,,,,,,,,,,,,,,
2023,8,16,23,0,34.7,23.45,10.8,,,,,,,,,,,,,,,,,,,,,,,,,,,,,,,,,,,,
2023,8,17,0,0,33.6,24.94,10.8,,,,,,,,,,,,,,,,,,,,,,,,,,,,,,,,,,,,
2023,8,17,1,0,31.2,32.91,13,,,,,,,,,,,,,,,,,,,,,,,,,,,,,,,,,,,,
2023,8,17,2,0,27.9,44.23,14.6,,,,,,,,,,,,,,,,,,,,,,,,,,,,,,,,,,,,
2023,8,17,3,0,27.5,43.54,14,,,,,,,,,,,,,,,,,,,,,,,,,,,,,,,,,,,,
2023,8,17,4,0,27.5,41.89,13.4,,,,,,,,,,,,,,,,,,,,,,,,,,,,,,,,,,,,
2023,8,17,5,0,27.2,41.83,13.1,,,,,,,,,,,,,,,,,,,,,,,,,,,,,,,,,,,,
2023,8,17,6,0,26.5,43.8,13.2,,,,,,,,,,,,,,,,,,,,,,,,,,,,,,,,,,,,
2023,8,17,7,0,25.7,46.15,13.3,,,,,,,,,,,,,,,,,,,,,,,,,,,,,,,,,,,,
2023,8,17,8,0,24.9,48.76,13.4,,,,,,,,,,,,,,,,,,,,,,,,,,,,,,,,,,,,
2023,8,17,9,0,24.4,50.38,13.4,,,,,,,,,,,,,,,,,,,,,,,,,,,,,,,,,,,,
2023,8,17,10,0,23.8,51.66,13.3,,,,,,,,,,,,,,,,,,,,,,,,,,,,,,,,,,,,
2023,8,17,11,0,23.1,53.01,13,,,,,,,,,,,,,,,,,,,,,,,,,,,,,,,,,,,,
2023,8,17,12,0,22.5,54.58,12.9,,,,,,,,,,,,,,,,,,,,,,,,,,,,,,,,,,,,
2023,8,17,13,0,24.2,53.06,14,,,,,,,,,,,,,,,,,,,,,,,,,,,,,,,,,,,,
2023,8,17,14,0,27.7,39.54,12.7,,,,,,,,,,,,,,,,,,,,,,,,,,,,,,,,,,,,
2023,8,17,15,0,31.2,30.23,11.7,,,,,,,,,,,,,,,,,,,,,,,,,,,,,,,,,,,,
2023,8,17,16,0,33.2,26.51,11.4,,,,,,,,,,,,,,,,,,,,,,,,,,,,,,,,,,,,
2023,8,17,17,0,34.6,24.97,11.7,,,,,,,,,,,,,,,,,,,,,,,,,,,,,,,,,,,,
2023,8,17,18,0,35.7,24.53,12.3,,,,,,,,,,,,,,,,,,,,,,,,,,,,,,,,,,,,
2023,8,17,19,0,36.4,24.32,12.8,,,,,,,,,,,,,,,,,,,,,,,,,,,,,,,,,,,,
2023,8,17,20,0,36.9,24.04,13,,,,,,,,,,,,,,,,,,,,,,,,,,,,,,,,,,,,
2023,8,17,21,0,37,23.45,12.7,,,,,,,,,,,,,,,,,,,,,,,,,,,,,,,,,,,,
2023,8,17,22,0,36.6,23,12.1,,,,,,,,,,,,,,,,,,,,,,,,,,,,,,,,,,,,
2023,8,17,23,0,35.8,22.85,11.4,,,,,,,,,,,,,,,,,,,,,,,,,,,,,,,,,,,,
2023,8,18,0,0,34.3,24.16,10.9,,,,,,,,,,,,,,,,,,,,,,,,,,,,,,,,,,,,
2023,8,18,1,0,31.6,34.3,14,,,,,,,,,,,,,,,,,,,,,,,,,,,,,,,,,,,,
2023,8,18,2,0,28.6,44.58,15.4,,,,,,,,,,,,,,,,,,,,,,,,,,,,,,,,,,,,
2023,8,18,3,0,26.5,50.01,15.2,,,,,,,,,,,,,,,,,,,,,,,,,,,,,,,,,,,,
2023,8,18,4,0,25.4,55.26,15.8,,,,,,,,,,,,,,,,,,,,,,,,,,,,,,,,,,,,
2023,8,18,5,0,24.6,60.78,16.5,,,,,,,,,,,,,,,,,,,,,,,,,,,,,,,,,,,,
2023,8,18,6,0,23.8,65.25,16.9,,,,,,,,,,,,,,,,,,,,,,,,,,,,,,,,,,,,
2023,8,18,7,0,23,69.25,17.1,,,,,,,,,,,,,,,,,,,,,,,,,,,,,,,,,,,,
2023,8,18,8,0,22.6,71.55,17.2,,,,,,,,,,,,,,,,,,,,,,,,,,,,,,,,,,,,
2023,8,18,9,0,22.2,73.25,17.2,,,,,,,,,,,,,,,,,,,,,,,,,,,,,,,,,,,,
2023,8,18,10,0,22,73.28,17,,,,,,,,,,,,,,,,,,,,,,,,,,,,,,,,,,,,
2023,8,18,11,0,21.7,74.05,16.9,,,,,,,,,,,,,,,,,,,,,,,,,,,,,,,,,,,,
2023,8,18,12,0,21.4,74.79,16.7,,,,,,,,,,,,,,,,,,,,,,,,,,,,,,,,,,,,
2023,8,18,13,0,23.4,69.6,17.5,,,,,,,,,,,,,,,,,,,,,,,,,,,,,,,,,,,,
2023,8,18,14,0,25.9,58.41,17.1,,,,,,,,,,,,,,,,,,,,,,,,,,,,,,,,,,,,
2023,8,18,15,0,27.8,46.46,15.3,,,,,,,,,,,,,,,,,,,,,,,,,,,,,,,,,,,,
2023,8,18,16,0,29.7,37.58,13.7,,,,,,,,,,,,,,,,,,,,,,,,,,,,,,,,,,,,
2023,8,18,17,0,32,29.76,12.1,,,,,,,,,,,,,,,,,,,,,,,,,,,,,,,,,,,,
2023,8,18,18,0,33.5,24.77,10.6,,,,,,,,,,,,,,,,,,,,,,,,,,,,,,,,,,,,
2023,8,18,19,0,34.4,21.67,9.4,,,,,,,,,,,,,,,,,,,,,,,,,,,,,,,,,,,,
2023,8,18,20,0,34.7,19.82,8.3,,,,,,,,,,,,,,,,,,,,,,,,,,,,,,,,,,,,
2023,8,18,21,0,34.6,18.92,7.6,,,,,,,,,,,,,,,,,,,,,,,,,,,,,,,,,,,,
2023,8,18,22,0,34.1,18.78,7,,,,,,,,,,,,,,,,,,,,,,,,,,,,,,,,,,,,
2023,8,18,23,0,33.4,19.1,6.7,,,,,,,,,,,,,,,,,,,,,,,,,,,,,,,,,,,,
2023,8,19,0,0,32.2,20.54,6.8,,,,,,,,,,,,,,,,,,,,,,,,,,,,,,,,,,,,
2023,8,19,1,0,30.1,30.63,10.9,,,,,,,,,,,,,,,,,,,,,,,,,,,,,,,,,,,,
2023,8,19,2,0,27.3,40.9,12.9,,,,,,,,,,,,,,,,,,,,,,,,,,,,,,,,,,,,
2023,8,19,3,0,25.7,46.36,13.3,,,,,,,,,,,,,,,,,,,,,,,,,,,,,,,,,,,,
2023,8,19,4,0,24.9,49.47,13.6,,,,,,,,,,,,,,,,,,,,,,,,,,,,,,,,,,,,
2023,8,19,5,0,24.3,53.48,14.3,,,,,,,,,,,,,,,,,,,,,,,,,,,,,,,,,,,,
2023,8,19,6,0,23.5,59.08,15,,,,,,,,,,,,,,,,,,,,,,,,,,,,,,,,,,,,
2023,8,19,7,0,22.9,62.74,15.4,,,,,,,,,,,,,,,,,,,,,,,,,,,,,,,,,,,,
2023,8,19,8,0,22.5,64.68,15.5,,,,,,,,,,,,,,,,,,,,,,,,,,,,,,,,,,,,
2023,8,19,9,0,22,66.89,15.6,,,,,,,,,,,,,,,,,,,,,,,,,,,,,,,,,,,,
2023,8,19,10,0,21.3,69.17,15.4,,,,,,,,,,,,,,,,,,,,,,,,,,,,,,,,,,,,
2023,8,19,11,0,20.4,71.55,15.1,,,,,,,,,,,,,,,,,,,,,,,,,,,,,,,,,,,,
2023,8,19,12,0,20.8,69.47,15,,,,,,,,,,,,,,,,,,,,,,,,,,,,,,,,,,,,
2023,8,19,13,0,21.9,65.58,15.2,,,,,,,,,,,,,,,,,,,,,,,,,,,,,,,,,,,,
2023,8,19,14,0,23.1,61.29,15.2,,,,,,,,,,,,,,,,,,,,,,,,,,,,,,,,,,,,
2023,8,19,15,0,24.8,53.79,14.8,,,,,,,,,,,,,,,,,,,,,,,,,,,,,,,,,,,,
2023,8,19,16,0,26.6,45.16,13.8,,,,,,,,,,,,,,,,,,,,,,,,,,,,,,,,,,,,
2023,8,19,17,0,28.7,38.58,13.2,,,,,,,,,,,,,,,,,,,,,,,,,,,,,,,,,,,,
2023,8,19,18,0,30,35.11,12.9,,,,,,,,,,,,,,,,,,,,,,,,,,,,,,,,,,,,
2023,8,19,19,0,30,34.95,12.9,,,,,,,,,,,,,,,,,,,,,,,,,,,,,,,,,,,,
2023,8,19,20,0,28.8,38.36,13.2,,,,,,,,,,,,,,,,,,,,,,,,,,,,,,,,,,,,
2023,8,19,21,0,27.8,42.2,13.8,,,,,,,,,,,,,,,,,,,,,,,,,,,,,,,,,,,,
2023,8,19,22,0,27.5,43.98,14.2,,,,,,,,,,,,,,,,,,,,,,,,,,,,,,,,,,,,
2023,8,19,23,0,27,45.86,14.4,,,,,,,,,,,,,,,,,,,,,,,,,,,,,,,,,,,,
2023,8,20,0,0,26.2,50.72,15.2,,,,,,,,,,,,,,,,,,,,,,,,,,,,,,,,,,,,
2023,8,20,1,0,25,61.81,17.2,,,,,,,,,,,,,,,,,,,,,,,,,,,,,,,,,,,,
2023,8,20,2,0,24.5,60.9,16.5,,,,,,,,,,,,,,,,,,,,,,,,,,,,,,,,,,,,
2023,8,20,3,0,24.4,58.99,15.9,,,,,,,,,,,,,,,,,,,,,,,,,,,,,,,,,,,,
2023,8,20,4,0,24.1,59.4,15.7,,,,,,,,,,,,,,,,,,,,,,,,,,,,,,,,,,,,
2023,8,20,5,0,23.2,63.05,15.8,,,,,,,,,,,,,,,,,,,,,,,,,,,,,,,,,,,,
2023,8,20,6,0,22.3,66.79,15.8,,,,,,,,,,,,,,,,,,,,,,,,,,,,,,,,,,,,
2023,8,20,7,0,21.9,67.58,15.6,,,,,,,,,,,,,,,,,,,,,,,,,,,,,,,,,,,,
2023,8,20,8,0,21.6,68.53,15.6,,,,,,,,,,,,,,,,,,,,,,,,,,,,,,,,,,,,
2023,8,20,9,0,21.3,70.2,15.7,,,,,,,,,,,,,,,,,,,,,,,,,,,,,,,,,,,,
2023,8,20,10,0,20.8,73.05,15.8,,,,,,,,,,,,,,,,,,,,,,,,,,,,,,,,,,,,
2023,8,20,11,0,20.7,73.64,15.8,,,,,,,,,,,,,,,,,,,,,,,,,,,,,,,,,,,,
2023,8,20,12,0,20.6,72.87,15.6,,,,,,,,,,,,,,,,,,,,,,,,,,,,,,,,,,,,
2023,8,20,13,0,21.1,72.74,16,,,,,,,,,,,,,,,,,,,,,,,,,,,,,,,,,,,,
2023,8,20,14,0,23.1,62.72,15.6,,,,,,,,,,,,,,,,,,,,,,,,,,,,,,,,,,,,
2023,8,20,15,0,24.8,50.76,13.9,,,,,,,,,,,,,,,,,,,,,,,,,,,,,,,,,,,,
2023,8,20,16,0,26.6,44.18,13.4,,,,,,,,,,,,,,,,,,,,,,,,,,,,,,,,,,,,
2023,8,20,17,0,27.9,39.98,13,,,,,,,,,,,,,,,,,,,,,,,,,,,,,,,,,,,,
2023,8,20,18,0,29.2,36.44,12.8,,,,,,,,,,,,,,,,,,,,,,,,,,,,,,,,,,,,
2023,8,20,19,0,30.7,33.02,12.6,,,,,,,,,,,,,,,,,,,,,,,,,,,,,,,,,,,,
2023,8,20,20,0,31.8,30.81,12.5,,,,,,,,,,,,,,,,,,,,,,,,,,,,,,,,,,,,
2023,8,20,21,0,31.9,30.62,12.5,,,,,,,,,,,,,,,,,,,,,,,,,,,,,,,,,,,,
2023,8,20,22,0,31,32.66,12.7,,,,,,,,,,,,,,,,,,,,,,,,,,,,,,,,,,,,
2023,8,20,23,0,29.7,36.33,13.2,,,,,,,,,,,,,,,,,,,,,,,,,,,,,,,,,,,,
2023,8,21,0,0,27.9,42.13,13.9,,,,,,,,,,,,,,,,,,,,,,,,,,,,,,,,,,,,
2023,8,21,1,0,25.5,51.58,14.8,,,,,,,,,,,,,,,,,,,,,,,,,,,,,,,,,,,,
2023,8,21,2,0,23.5,60.7,15.5,,,,,,,,,,,,,,,,,,,,,,,,,,,,,,,,,,,,
2023,8,21,3,0,22.6,65.56,15.8,,,,,,,,,,,,,,,,,,,,,,,,,,,,,,,,,,,,
2023,8,21,4,0,22.3,68.06,16.1,,,,,,,,,,,,,,,,,,,,,,,,,,,,,,,,,,,,
2023,8,21,5,0,22,71.18,16.5,,,,,,,,,,,,,,,,,,,,,,,,,,,,,,,,,,,,
2023,8,21,6,0,21.6,75.31,17,,,,,,,,,,,,,,,,,,,,,,,,,,,,,,,,,,,,
2023,8,21,7,0,21.5,77.14,17.3,,,,,,,,,,,,,,,,,,,,,,,,,,,,,,,,,,,,
2023,8,21,8,0,21.2,78.91,17.4,,,,,,,,,,,,,,,,,,,,,,,,,,,,,,,,,,,,
2023,8,21,9,0,21.2,78.01,17.2,,,,,,,,,,,,,,,,,,,,,,,,,,,,,,,,,,,,
2023,8,21,10,0,22.4,72.58,17.2,,,,,,,,,,,,,,,,,,,,,,,,,,,,,,,,,,,,
2023,8,21,11,0,23.1,70.52,17.4,,,,,,,,,,,,,,,,,,,,,,,,,,,,,,,,,,,,
2023,8,21,12,0,22.6,72.65,17.4,,,,,,,,,,,,,,,,,,,,,,,,,,,,,,,,,,,,
2023,8,21,13,0,23.5,68.51,17.4,,,,,,,,,,,,,,,,,,,,,,,,,,,,,,,,,,,,
2023,8,21,14,0,25.8,57.16,16.7,,,,,,,,,,,,,,,,,,,,,,,,,,,,,,,,,,,,
2023,8,21,15,0,27.4,47.92,15.4,,,,,,,,,,,,,,,,,,,,,,,,,,,,,,,,,,,,
2023,8,21,16,0,28.5,42.84,14.7,,,,,,,,,,,,,,,,,,,,,,,,,,,,,,,,,,,,
2023,8,21,17,0,29.4,39.69,14.3,,,,,,,,,,,,,,,,,,,,,,,,,,,,,,,,,,,,
2023,8,21,18,0,29.4,39.25,14.1,,,,,,,,,,,,,,,,,,,,,,,,,,,,,,,,,,,,
2023,8,21,19,0,28.7,41.42,14.3,,,,,,,,,,,,,,,,,,,,,,,,,,,,,,,,,,,,
2023,8,21,20,0,28.2,42.95,14.4,,,,,,,,,,,,,,,,,,,,,,,,,,,,,,,,,,,,
2023,8,21,21,0,27.7,42.96,14,,,,,,,,,,,,,,,,,,,,,,,,,,,,,,,,,,,,
2023,8,21,22,0,26.6,43.9,13.3,,,,,,,,,,,,,,,,,,,,,,,,,,,,,,,,,,,,
2023,8,21,23,0,25.9,44.74,13,,,,,,,,,,,,,,,,,,,,,,,,,,,,,,,,,,,,
2023,8,22,0,0,25.4,45.78,12.9,,,,,,,,,,,,,,,,,,,,,,,,,,,,,,,,,,,,
2023,8,22,1,0,24.5,49.18,13.1,,,,,,,,,,,,,,,,,,,,,,,,,,,,,,,,,,,,
2023,8,22,2,0,22.7,56.64,13.6,,,,,,,,,,,,,,,,,,,,,,,,,,,,,,,,,,,,
2023,8,22,3,0,22,58.79,13.6,,,,,,,,,,,,,,,,,,,,,,,,,,,,,,,,,,,,
2023,8,22,4,0,21.7,59.54,13.5,,,,,,,,,,,,,,,,,,,,,,,,,,,,,,,,,,,,
2023,8,22,5,0,21.6,59.48,13.4,,,,,,,,,,,,,,,,,,,,,,,,,,,,,,,,,,,,
2023,8,22,6,0,21.5,59.5,13.3,,,,,,,,,,,,,,,,,,,,,,,,,,,,,,,,,,,,
2023,8,22,7,0,21.1,60.63,13.2,,,,,,,,,,,,,,,,,,,,,,,,,,,,,,,,,,,,
2023,8,22,8,0,20.6,62.02,13.1,,,,,,,,,,,,,,,,,,,,,,,,,,,,,,,,,,,,
2023,8,22,9,0,19.8,64.86,13,,,,,,,,,,,,,,,,,,,,,,,,,,,,,,,,,,,,
2023,8,22,10,0,19.2,67.56,13.1,,,,,,,,,,,,,,,,,,,,,,,,,,,,,,,,,,,,
2023,8,22,11,0,19.1,68.3,13.1,,,,,,,,,,,,,,,,,,,,,,,,,,,,,,,,,,,,
2023,8,22,12,0,19.4,67.16,13.2,,,,,,,,,,,,,,,,,,,,,,,,,,,,,,,,,,,,
2023,8,22,13,0,20.5,65.54,13.8,,,,,,,,,,,,,,,,,,,,,,,,,,,,,,,,,,,,
2023,8,22,14,0,22,60.41,14,,,,,,,,,,,,,,,,,,,,,,,,,,,,,,,,,,,,
2023,8,22,15,0,23.1,51.97,12.7,,,,,,,,,,,,,,,,,,,,,,,,,,,,,,,,,,,,
2023,8,22,16,0,23.9,47.46,12.1,,,,,,,,,,,,,,,,,,,,,,,,,,,,,,,,,,,,
2023,8,22,17,0,24.7,45.29,12.1,,,,,,,,,,,,,,,,,,,,,,,,,,,,,,,,,,,,
2023,8,22,18,0,23.9,49.7,12.8,,,,,,,,,,,,,,,,,,,,,,,,,,,,,,,,,,,,
2023,8,22,19,0,22.6,56.73,13.6,,,,,,,,,,,,,,,,,,,,,,,,,,,,,,,,,,,,
2023,8,22,20,0,21.7,61.4,14,,,,,,,,,,,,,,,,,,,,,,,,,,,,,,,,,,,,
2023,8,22,21,0,21.6,62.6,14.2,,,,,,,,,,,,,,,,,,,,,,,,,,,,,,,,,,,,
2023,8,22,22,0,21.6,63.73,14.4,,,,,,,,,,,,,,,,,,,,,,,,,,,,,,,,,,,,
2023,8,22,23,0,21.6,65.62,14.9,,,,,,,,,,,,,,,,,,,,,,,,,,,,,,,,,,,,
2023,8,23,0,0,21.4,68.87,15.4,,,,,,,,,,,,,,,,,,,,,,,,,,,,,,,,,,,,
2023,8,23,1,0,20.8,75.03,16.2,,,,,,,,,,,,,,,,,,,,,,,,,,,,,,,,,,,,
2023,8,23,2,0,20.2,78.23,16.3,,,,,,,,,,,,,,,,,,,,,,,,,,,,,,,,,,,,
2023,8,23,3,0,20,78.92,16.2,,,,,,,,,,,,,,,,,,,,,,,,,,,,,,,,,,,,
2023,8,23,4,0,19.5,80.65,16.1,,,,,,,,,,,,,,,,,,,,,,,,,,,,,,,,,,,,
2023,8,23,5,0,19.3,80.64,15.9,,,,,,,,,,,,,,,,,,,,,,,,,,,,,,,,,,,,
2023,8,23,6,0,19.1,80.05,15.6,,,,,,,,,,,,,,,,,,,,,,,,,,,,,,,,,,,,
2023,8,23,7,0,18.9,79.11,15.2,,,,,,,,,,,,,,,,,,,,,,,,,,,,,,,,,,,,
2023,8,23,8,0,18.7,78.25,14.8,,,,,,,,,,,,,,,,,,,,,,,,,,,,,,,,,,,,
2023,8,23,9,0,18.6,76.79,14.4,,,,,,,,,,,,,,,,,,,,,,,,,,,,,,,,,,,,
2023,8,23,10,0,18.3,76.52,14.1,,,,,,,,,,,,,,,,,,,,,,,,,,,,,,,,,,,,
2023,8,23,11,0,18.1,75.96,13.8,,,,,,,,,,,,,,,,,,,,,,,,,,,,,,,,,,,,
2023,8,23,12,0,17.8,76.13,13.5,,,,,,,,,,,,,,,,,,,,,,,,,,,,,,,,,,,,
2023,8,23,13,0,19.4,72.66,14.4,,,,,,,,,,,,,,,,,,,,,,,,,,,,,,,,,,,,
2023,8,23,14,0,22.2,62.29,14.6,,,,,,,,,,,,,,,,,,,,,,,,,,,,,,,,,,,,
2023,8,23,15,0,24.4,50.43,13.4,,,,,,,,,,,,,,,,,,,,,,,,,,,,,,,,,,,,
2023,8,23,16,0,26,44.64,13,,,,,,,,,,,,,,,,,,,,,,,,,,,,,,,,,,,,
2023,8,23,17,0,27.7,40.03,12.9,,,,,,,,,,,,,,,,,,,,,,,,,,,,,,,,,,,,
2023,8,23,18,0,28.9,37.42,12.9,,,,,,,,,,,,,,,,,,,,,,,,,,,,,,,,,,,,
2023,8,23,19,0,29.7,36.02,13.1,,,,,,,,,,,,,,,,,,,,,,,,,,,,,,,,,,,,
2023,8,23,20,0,30,35.92,13.3,,,,,,,,,,,,,,,,,,,,,,,,,,,,,,,,,,,,
2023,8,23,21,0,30,35.88,13.3,,,,,,,,,,,,,,,,,,,,,,,,,,,,,,,,,,,,
2023,8,23,22,0,29.8,35.89,13.1,,,,,,,,,,,,,,,,,,,,,,,,,,,,,,,,,,,,
2023,8,23,23,0,29.3,36.7,13,,,,,,,,,,,,,,,,,,,,,,,,,,,,,,,,,,,,
2023,8,24,0,0,28.4,38.56,12.9,,,,,,,,,,,,,,,,,,,,,,,,,,,,,,,,,,,,
2023,8,24,1,0,26.6,50.82,15.6,,,,,,,,,,,,,,,,,,,,,,,,,,,,,,,,,,,,
2023,8,24,2,0,25.1,54.08,15.2,,,,,,,,,,,,,,,,,,,,,,,,,,,,,,,,,,,,
2023,8,24,3,0,24,57.25,15,,,,,,,,,,,,,,,,,,,,,,,,,,,,,,,,,,,,
2023,8,24,4,0,22.5,63.91,15.3,,,,,,,,,,,,,,,,,,,,,,,,,,,,,,,,,,,,
2023,8,24,5,0,21.4,68.21,15.3,,,,,,,,,,,,,,,,,,,,,,,,,,,,,,,,,,,,
2023,8,24,6,0,20.6,71.63,15.3,,,,,,,,,,,,,,,,,,,,,,,,,,,,,,,,,,,,
2023,8,24,7,0,19.9,74.76,15.3,,,,,,,,,,,,,,,,,,,,,,,,,,,,,,,,,,,,
2023,8,24,8,0,19.2,77.7,15.2,,,,,,,,,,,,,,,,,,,,,,,,,,,,,,,,,,,,
2023,8,24,9,0,18.8,78.45,15,,,,,,,,,,,,,,,,,,,,,,,,,,,,,,,,,,,,
2023,8,24,10,0,18.6,77.44,14.6,,,,,,,,,,,,,,,,,,,,,,,,,,,,,,,,,,,,
2023,8,24,11,0,18.6,75.56,14.2,,,,,,,,,,,,,,,,,,,,,,,,,,,,,,,,,,,,
2023,8,24,12,0,18.6,73.99,13.9,,,,,,,,,,,,,,,,,,,,,,,,,,,,,,,,,,,,
2023,8,24,13,0,20.2,70.2,14.6,,,,,,,,,,,,,,,,,,,,,,,,,,,,,,,,,,,,
2023,8,24,14,0,22.8,58.02,14.1,,,,,,,,,,,,,,,,,,,,,,,,,,,,,,,,,,,,
2023,8,24,15,0,25.6,45.9,13.1,,,,,,,,,,,,,,,,,,,,,,,,,,,,,,,,,,,,
2023,8,24,16,0,27.6,38.7,12.3,,,,,,,,,,,,,,,,,,,,,,,,,,,,,,,,,,,,
2023,8,24,17,0,28.9,35.53,12.1,,,,,,,,,,,,,,,,,,,,,,,,,,,,,,,,,,,,
2023,8,24,18,0,29.5,34.54,12.2,,,,,,,,,,,,,,,,,,,,,,,,,,,,,,,,,,,,
2023,8,24,19,0,29.7,34.87,12.6,,,,,,,,,,,,,,,,,,,,,,,,,,,,,,,,,,,,
2023,8,24,20,0,29.7,34.34,12.3,,,,,,,,,,,,,,,,,,,,,,,,,,,,,,,,,,,,
2023,8,24,21,0,29.4,35.12,12.4,,,,,,,,,,,,,,,,,,,,,,,,,,,,,,,,,,,,
2023,8,24,22,0,29.2,35.62,12.4,,,,,,,,,,,,,,,,,,,,,,,,,,,,,,,,,,,,
2023,8,24,23,0,28.8,36.56,12.5,,,,,,,,,,,,,,,,,,,,,,,,,,,,,,,,,,,,
2023,8,25,0,0,27.9,39.67,12.9,,,,,,,,,,,,,,,,,,,,,,,,,,,,,,,,,,,,
2023,8,25,1,0,26,51.91,15.4,,,,,,,,,,,,,,,,,,,,,,,,,,,,,,,,,,,,
2023,8,25,2,0,24.1,57.17,15.1,,,,,,,,,,,,,,,,,,,,,,,,,,,,,,,,,,,,
2023,8,25,3,0,23.4,59.03,14.9,,,,,,,,,,,,,,,,,,,,,,,,,,,,,,,,,,,,
2023,8,25,4,0,22.9,60,14.7,,,,,,,,,,,,,,,,,,,,,,,,,,,,,,,,,,,,
2023,8,25,5,0,22.3,61.31,14.5,,,,,,,,,,,,,,,,,,,,,,,,,,,,,,,,,,,,
2023,8,25,6,0,21.8,62.29,14.3,,,,,,,,,,,,,,,,,,,,,,,,,,,,,,,,,,,,
2023,8,25,7,0,21.2,63.84,14.1,,,,,,,,,,,,,,,,,,,,,,,,,,,,,,,,,,,,
2023,8,25,8,0,20.6,65.59,13.9,,,,,,,,,,,,,,,,,,,,,,,,,,,,,,,,,,,,
2023,8,25,9,0,20,67.62,13.8,,,,,,,,,,,,,,,,,,,,,,,,,,,,,,,,,,,,
2023,8,25,10,0,19.6,69.12,13.8,,,,,,,,,,,,,,,,,,,,,,,,,,,,,,,,,,,,
2023,8,25,11,0,19.3,70.44,13.8,,,,,,,,,,,,,,,,,,,,,,,,,,,,,,,,,,,,
2023,8,25,12,0,18.9,72.45,13.8,,,,,,,,,,,,,,,,,,,,,,,,,,,,,,,,,,,,
2023,8,25,13,0,20.3,70.58,14.8,,,,,,,,,,,,,,,,,,,,,,,,,,,,,,,,,,,,
2023,8,25,14,0,23.7,57.74,14.9,,,,,,,,,,,,,,,,,,,,,,,,,,,,,,,,,,,,
2023,8,25,15,0,26.8,45.58,14.1,,,,,,,,,,,,,,,,,,,,,,,,,,,,,,,,,,,,
2023,8,25,16,0,28.7,38.35,13.1,,,,,,,,,,,,,,,,,,,,,,,,,,,,,,,,,,,,
2023,8,25,17,0,30.2,33.7,12.5,,,,,,,,,,,,,,,,,,,,,,,,,,,,,,,,,,,,
2023,8,25,18,0,31.4,30.47,12,,,,,,,,,,,,,,,,,,,,,,,,,,,,,,,,,,,,
2023,8,25,19,0,32.3,28.93,12,,,,,,,,,,,,,,,,,,,,,,,,,,,,,,,,,,,,
2023,8,25,20,0,32.9,27.79,11.9,,,,,,,,,,,,,,,,,,,,,,,,,,,,,,,,,,,,
2023,8,25,21,0,33.2,26.75,11.6,,,,,,,,,,,,,,,,,,,,,,,,,,,,,,,,,,,,
2023,8,25,22,0,33.1,25.52,10.8,,,,,,,,,,,,,,,,,,,,,,,,,,,,,,,,,,,,
2023,8,25,23,0,32.5,25.16,10,,,,,,,,,,,,,,,,,,,,,,,,,,,,,,,,,,,,
2023,8,26,0,0,31.5,25.62,9.5,,,,,,,,,,,,,,,,,,,,,,,,,,,,,,,,,,,,
2023,8,26,1,0,29,37.55,13.1,,,,,,,,,,,,,,,,,,,,,,,,,,,,,,,,,,,,
2023,8,26,2,0,26.7,41.45,12.5,,,,,,,,,,,,,,,,,,,,,,,,,,,,,,,,,,,,
2023,8,26,3,0,25.1,44.9,12.3,,,,,,,,,,,,,,,,,,,,,,,,,,,,,,,,,,,,
2023,8,26,4,0,24.1,47.21,12.2,,,,,,,,,,,,,,,,,,,,,,,,,,,,,,,,,,,,
2023,8,26,5,0,23.1,50.51,12.3,,,,,,,,,,,,,,,,,,,,,,,,,,,,,,,,,,,,
2023,8,26,6,0,22.1,53.76,12.3,,,,,,,,,,,,,,,,,,,,,,,,,,,,,,,,,,,,
2023,8,26,7,0,21.4,56.15,12.3,,,,,,,,,,,,,,,,,,,,,,,,,,,,,,,,,,,,
2023,8,26,8,0,20.8,58.18,12.3,,,,,,,,,,,,,,,,,,,,,,,,,,,,,,,,,,,,
2023,8,26,9,0,20.3,59.53,12.2,,,,,,,,,,,,,,,,,,,,,,,,,,,,,,,,,,,,
2023,8,26,10,0,19.8,60.6,12,,,,,,,,,,,,,,,,,,,,,,,,,,,,,,,,,,,,
2023,8,26,11,0,19.5,61.12,11.8,,,,,,,,,,,,,,,,,,,,,,,,,,,,,,,,,,,,
2023,8,26,12,0,19.2,61.9,11.7,,,,,,,,,,,,,,,,,,,,,,,,,,,,,,,,,,,,
2023,8,26,13,0,20.9,57.55,12.2,,,,,,,,,,,,,,,,,,,,,,,,,,,,,,,,,,,,
2023,8,26,14,0,24.5,45.23,11.9,,,,,,,,,,,,,,,,,,,,,,,,,,,,,,,,,,,,
2023,8,26,15,0,28.3,35.25,11.5,,,,,,,,,,,,,,,,,,,,,,,,,,,,,,,,,,,,
2023,8,26,16,0,30.9,28.77,10.7,,,,,,,,,,,,,,,,,,,,,,,,,,,,,,,,,,,,
2023,8,26,17,0,32.4,27.02,11,,,,,,,,,,,,,,,,,,,,,,,,,,,,,,,,,,,,
2023,8,26,18,0,33.4,25.82,11.2,,,,,,,,,,,,,,,,,,,,,,,,,,,,,,,,,,,,
2023,8,26,19,0,34.1,25.07,11.3,,,,,,,,,,,,,,,,,,,,,,,,,,,,,,,,,,,,
2023,8,26,20,0,34.1,25.43,11.5,,,,,,,,,,,,,,,,,,,,,,,,,,,,,,,,,,,,
2023,8,26,21,0,33.9,26.13,11.8,,,,,,,,,,,,,,,,,,,,,,,,,,,,,,,,,,,,
2023,8,26,22,0,33.3,27.32,12,,,,,,,,,,,,,,,,,,,,,,,,,,,,,,,,,,,,
2023,8,26,23,0,32.6,28.38,11.9,,,,,,,,,,,,,,,,,,,,,,,,,,,,,,,,,,,,
2023,8,27,0,0,31.5,30.45,12.1,,,,,,,,,,,,,,,,,,,,,,,,,,,,,,,,,,,,
2023,8,27,1,0,29.8,40.59,15,,,,,,,,,,,,,,,,,,,,,,,,,,,,,,,,,,,,
2023,8,27,2,0,28.1,43.97,14.7,,,,,,,,,,,,,,,,,,,,,,,,,,,,,,,,,,,,
2023,8,27,3,0,26.4,50.39,15.3,,,,,,,,,,,,,,,,,,,,,,,,,,,,,,,,,,,,
2023,8,27,4,0,25.1,54.43,15.3,,,,,,,,,,,,,,,,,,,,,,,,,,,,,,,,,,,,
2023,8,27,5,0,24.1,57.14,15.1,,,,,,,,,,,,,,,,,,,,,,,,,,,,,,,,,,,,
2023,8,27,6,0,23.2,58.96,14.7,,,,,,,,,,,,,,,,,,,,,,,,,,,,,,,,,,,,
2023,8,27,7,0,22.5,60.42,14.5,,,,,,,,,,,,,,,,,,,,,,,,,,,,,,,,,,,,
2023,8,27,8,0,22.1,61.08,14.2,,,,,,,,,,,,,,,,,,,,,,,,,,,,,,,,,,,,
2023,8,27,9,0,21.7,61.37,13.9,,,,,,,,,,,,,,,,,,,,,,,,,,,,,,,,,,,,
2023,8,27,10,0,21.2,61.59,13.5,,,,,,,,,,,,,,,,,,,,,,,,,,,,,,,,,,,,
2023,8,27,11,0,20.7,62.08,13.2,,,,,,,,,,,,,,,,,,,,,,,,,,,,,,,,,,,,
2023,8,27,12,0,20.6,62,13.1,,,,,,,,,,,,,,,,,,,,,,,,,,,,,,,,,,,,
2023,8,27,13,0,21.7,59.38,13.4,,,,,,,,,,,,,,,,,,,,,,,,,,,,,,,,,,,,
2023,8,27,14,0,23.8,49.86,12.7,,,,,,,,,,,,,,,,,,,,,,,,,,,,,,,,,,,,
2023,8,27,15,0,26.4,40.42,11.9,,,,,,,,,,,,,,,,,,,,,,,,,,,,,,,,,,,,
2023,8,27,16,0,28.8,35.04,11.8,,,,,,,,,,,,,,,,,,,,,,,,,,,,,,,,,,,,
2023,8,27,17,0,30.8,29.84,11.2,,,,,,,,,,,,,,,,,,,,,,,,,,,,,,,,,,,,
2023,8,27,18,0,32.4,25.59,10.2,,,,,,,,,,,,,,,,,,,,,,,,,,,,,,,,,,,,
2023,8,27,19,0,33.3,22.66,9.1,,,,,,,,,,,,,,,,,,,,,,,,,,,,,,,,,,,,
2023,8,27,20,0,33.7,20.89,8.3,,,,,,,,,,,,,,,,,,,,,,,,,,,,,,,,,,,,
2023,8,27,21,0,33.6,20.01,7.6,,,,,,,,,,,,,,,,,,,,,,,,,,,,,,,,,,,,
2023,8,27,22,0,33.2,19.7,7,,,,,,,,,,,,,,,,,,,,,,,,,,,,,,,,,,,,
2023,8,27,23,0,32.5,19.98,6.6,,,,,,,,,,,,,,,,,,,,,,,,,,,,,,,,,,,,
2023,8,28,0,0,31.2,21.89,6.9,,,,,,,,,,,,,,,,,,,,,,,,,,,,,,,,,,,,
2023,8,28,1,0,27.8,38.89,12.5,,,,,,,,,,,,,,,,,,,,,,,,,,,,,,,,,,,,
2023,8,28,2,0,25.4,43.7,12.2,,,,,,,,,,,,,,,,,,,,,,,,,,,,,,,,,,,,
2023,8,28,3,0,24.8,44.19,11.8,,,,,,,,,,,,,,,,,,,,,,,,,,,,,,,,,,,,
2023,8,28,4,0,24,45.88,11.6,,,,,,,,,,,,,,,,,,,,,,,,,,,,,,,,,,,,
2023,8,28,5,0,23,48.49,11.6,,,,,,,,,,,,,,,,,,,,,,,,,,,,,,,,,,,,
2023,8,28,6,0,22,51.12,11.4,,,,,,,,,,,,,,,,,,,,,,,,,,,,,,,,,,,,
2023,8,28,7,0,21.2,52.99,11.2,,,,,,,,,,,,,,,,,,,,,,,,,,,,,,,,,,,,
2023,8,28,8,0,20.5,54.59,11,,,,,,,,,,,,,,,,,,,,,,,,,,,,,,,,,,,,
2023,8,28,9,0,20,55.26,10.8,,,,,,,,,,,,,,,,,,,,,,,,,,,,,,,,,,,,
2023,8,28,10,0,19.5,55.69,10.4,,,,,,,,,,,,,,,,,,,,,,,,,,,,,,,,,,,,
2023,8,28,11,0,19.2,55.5,10.1,,,,,,,,,,,,,,,,,,,,,,,,,,,,,,,,,,,,
2023,8,28,12,0,19,54.92,9.7,,,,,,,,,,,,,,,,,,,,,,,,,,,,,,,,,,,,
2023,8,28,13,0,20.2,53.71,10.5,,,,,,,,,,,,,,,,,,,,,,,,,,,,,,,,,,,,
2023,8,28,14,0,24.2,39.4,9.5,,,,,,,,,,,,,,,,,,,,,,,,,,,,,,,,,,,,
2023,8,28,15,0,27.8,29.19,8.2,,,,,,,,,,,,,,,,,,,,,,,,,,,,,,,,,,,,
2023,8,28,16,0,31,21.07,6.2,,,,,,,,,,,,,,,,,,,,,,,,,,,,,,,,,,,,
2023,8,28,17,0,32.4,18.95,5.8,,,,,,,,,,,,,,,,,,,,,,,,,,,,,,,,,,,,
2023,8,28,18,0,33.4,17.94,5.8,,,,,,,,,,,,,,,,,,,,,,,,,,,,,,,,,,,,
2023,8,28,19,0,34,17.44,5.9,,,,,,,,,,,,,,,,,,,,,,,,,,,,,,,,,,,,
2023,8,28,20,0,34.3,17.14,5.9,,,,,,,,,,,,,,,,,,,,,,,,,,,,,,,,,,,,
2023,8,28,21,0,34.3,17.12,5.9,,,,,,,,,,,,,,,,,,,,,,,,,,,,,,,,,,,,
2023,8,28,22,0,33.9,17.42,5.8,,,,,,,,,,,,,,,,,,,,,,,,,,,,,,,,,,,,
2023,8,28,23,0,33.1,18.07,5.7,,,,,,,,,,,,,,,,,,,,,,,,,,,,,,,,,,,,
2023,8,29,0,0,31.7,19.81,5.9,,,,,,,,,,,,,,,,,,,,,,,,,,,,,,,,,,,,
2023,8,29,1,0,28.3,34.01,10.9,,,,,,,,,,,,,,,,,,,,,,,,,,,,,,,,,,,,
2023,8,29,2,0,26,37.42,10.4,,,,,,,,,,,,,,,,,,,,,,,,,,,,,,,,,,,,
2023,8,29,3,0,25.4,37.21,9.7,,,,,,,,,,,,,,,,,,,,,,,,,,,,,,,,,,,,
2023,8,29,4,0,24.5,38.44,9.4,,,,,,,,,,,,,,,,,,,,,,,,,,,,,,,,,,,,
2023,8,29,5,0,23.1,41.3,9.2,,,,,,,,,,,,,,,,,,,,,,,,,,,,,,,,,,,,
2023,8,29,6,0,21.9,43.86,9,,,,,,,,,,,,,,,,,,,,,,,,,,,,,,,,,,,,
2023,8,29,7,0,20.9,45.73,8.8,,,,,,,,,,,,,,,,,,,,,,,,,,,,,,,,,,,,
2023,8,29,8,0,20.1,46.62,8.3,,,,,,,,,,,,,,,,,,,,,,,,,,,,,,,,,,,,
2023,8,29,9,0,19.5,47.27,8,,,,,,,,,,,,,,,,,,,,,,,,,,,,,,,,,,,,
2023,8,29,10,0,19,47.79,7.7,,,,,,,,,,,,,,,,,,,,,,,,,,,,,,,,,,,,
2023,8,29,11,0,18.7,47.86,7.4,,,,,,,,,,,,,,,,,,,,,,,,,,,,,,,,,,,,
2023,8,29,12,0,18.3,48.7,7.3,,,,,,,,,,,,,,,,,,,,,,,,,,,,,,,,,,,,
2023,8,29,13,0,19.8,46.23,7.9,,,,,,,,,,,,,,,,,,,,,,,,,,,,,,,,,,,,
2023,8,29,14,0,24.3,34.14,7.5,,,,,,,,,,,,,,,,,,,,,,,,,,,,,,,,,,,,
2023,8,29,15,0,28.1,26.78,7.2,,,,,,,,,,,,,,,,,,,,,,,,,,,,,,,,,,,,
2023,8,29,16,0,31.8,19.73,5.9,,,,,,,,,,,,,,,,,,,,,,,,,,,,,,,,,,,,
2023,8,29,17,0,33.6,18,6,,,,,,,,,,,,,,,,,,,,,,,,,,,,,,,,,,,,
2023,8,29,18,0,34.8,17.31,6.4,,,,,,,,,,,,,,,,,,,,,,,,,,,,,,,,,,,,
2023,8,29,19,0,35.8,16.91,6.9,,,,,,,,,,,,,,,,,,,,,,,,,,,,,,,,,,,,
2023,8,29,20,0,36.4,17.06,7.5,,,,,,,,,,,,,,,,,,,,,,,,,,,,,,,,,,,,
2023,8,29,21,0,36.7,17.39,8,,,,,,,,,,,,,,,,,,,,,,,,,,,,,,,,,,,,
2023,8,29,22,0,36.6,17.78,8.3,,,,,,,,,,,,,,,,,,,,,,,,,,,,,,,,,,,,
2023,8,29,23,0,36.2,18.3,8.4,,,,,,,,,,,,,,,,,,,,,,,,,,,,,,,,,,,,
2023,8,30,0,0,35.1,20.1,8.9,,,,,,,,,,,,,,,,,,,,,,,,,,,,,,,,,,,,
2023,8,30,1,0,31.3,28.72,11,,,,,,,,,,,,,,,,,,,,,,,,,,,,,,,,,,,,
2023,8,30,2,0,27.7,36.32,11.4,,,,,,,,,,,,,,,,,,,,,,,,,,,,,,,,,,,,
2023,8,30,3,0,26.3,37.6,10.7,,,,,,,,,,,,,,,,,,,,,,,,,,,,,,,,,,,,
2023,8,30,4,0,24.8,39.17,10,,,,,,,,,,,,,,,,,,,,,,,,,,,,,,,,,,,,
2023,8,30,5,0,23.1,38.21,8.1,,,,,,,,,,,,,,,,,,,,,,,,,,,,,,,,,,,,
2023,8,30,6,0,21.5,40.43,7.5,,,,,,,,,,,,,,,,,,,,,,,,,,,,,,,,,,,,
2023,8,30,7,0,20.7,43.14,7.7,,,,,,,,,,,,,,,,,,,,,,,,,,,,,,,,,,,,
2023,8,30,8,0,20.4,44.72,8,,,,,,,,,,,,,,,,,,,,,,,,,,,,,,,,,,,,
2023,8,30,9,0,20.1,45.52,8,,,,,,,,,,,,,,,,,,,,,,,,,,,,,,,,,,,,
2023,8,30,10,0,19.7,46.27,7.8,,,,,,,,,,,,,,,,,,,,,,,,,,,,,,,,,,,,
2023,8,30,11,0,19.3,46.58,7.6,,,,,,,,,,,,,,,,,,,,,,,,,,,,,,,,,,,,
2023,8,30,12,0,19,46.66,7.3,,,,,,,,,,,,,,,,,,,,,,,,,,,,,,,,,,,,
2023,8,30,13,0,19.4,47.64,8,,,,,,,,,,,,,,,,,,,,,,,,,,,,,,,,,,,,
2023,8,30,14,0,22,40.42,7.9,,,,,,,,,,,,,,,,,,,,,,,,,,,,,,,,,,,,
2023,8,30,15,0,24.5,27.96,4.8,,,,,,,,,,,,,,,,,,,,,,,,,,,,,,,,,,,,
2023,8,30,16,0,26.4,23.01,3.6,,,,,,,,,,,,,,,,,,,,,,,,,,,,,,,,,,,,
2023,8,30,17,0,27.9,20.36,3.1,,,,,,,,,,,,,,,,,,,,,,,,,,,,,,,,,,,,
2023,8,30,18,0,29,19.02,3.1,,,,,,,,,,,,,,,,,,,,,,,,,,,,,,,,,,,,
2023,8,30,19,0,29.7,18.59,3.3,,,,,,,,,,,,,,,,,,,,,,,,,,,,,,,,,,,,
2023,8,30,20,0,29.9,18.65,3.5,,,,,,,,,,,,,,,,,,,,,,,,,,,,,,,,,,,,
2023,8,30,21,0,29.9,18.66,3.5,,,,,,,,,,,,,,,,,,,,,,,,,,,,,,,,,,,,
2023,8,30,22,0,29.6,18.81,3.4,,,,,,,,,,,,,,,,,,,,,,,,,,,,,,,,,,,,
2023,8,30,23,0,29.1,19,3.1,,,,,,,,,,,,,,,,,,,,,,,,,,,,,,,,,,,,
2023,8,31,0,0,28,20.17,3.1,,,,,,,,,,,,,,,,,,,,,,,,,,,,,,,,,,,,
2023,8,31,1,0,25,31.78,7.1,,,,,,,,,,,,,,,,,,,,,,,,,,,,,,,,,,,,
2023,8,31,2,0,22.5,36.82,7,,,,,,,,,,,,,,,,,,,,,,,,,,,,,,,,,,,,
2023,8,31,3,0,21.6,38.81,7,,,,,,,,,,,,,,,,,,,,,,,,,,,,,,,,,,,,
2023,8,31,4,0,21.4,38.3,6.6,,,,,,,,,,,,,,,,,,,,,,,,,,,,,,,,,,,,
2023,8,31,5,0,21.5,37.18,6.3,,,,,,,,,,,,,,,,,,,,,,,,,,,,,,,,,,,,
2023,8,31,6,0,20.9,38.45,6.2,,,,,,,,,,,,,,,,,,,,,,,,,,,,,,,,,,,,
2023,8,31,7,0,19.9,40.83,6.2,,,,,,,,,,,,,,,,,,,,,,,,,,,,,,,,,,,,
2023,8,31,8,0,18.9,43,6,,,,,,,,,,,,,,,,,,,,,,,,,,,,,,,,,,,,
2023,8,31,9,0,18.2,43.89,5.7,,,,,,,,,,,,,,,,,,,,,,,,,,,,,,,,,,,,
2023,8,31,10,0,17.8,43.4,5.2,,,,,,,,,,,,,,,,,,,,,,,,,,,,,,,,,,,,
2023,8,31,11,0,17.9,41.64,4.7,,,,,,,,,,,,,,,,,,,,,,,,,,,,,,,,,,,,
2023,8,31,12,0,17.8,40.85,4.3,,,,,,,,,,,,,,,,,,,,,,,,,,,,,,,,,,,,
2023,8,31,13,0,18.1,42.95,5.3,,,,,,,,,,,,,,,,,,,,,,,,,,,,,,,,,,,,
2023,8,31,14,0,21.2,35.52,5.3,,,,,,,,,,,,,,,,,,,,,,,,,,,,,,,,,,,,
2023,8,31,15,0,24.4,24.68,2.9,,,,,,,,,,,,,,,,,,,,,,,,,,,,,,,,,,,,
2023,8,31,16,0,26.8,20.82,2.5,,,,,,,,,,,,,,,,,,,,,,,,,,,,,,,,,,,,
2023,8,31,17,0,28.9,18.23,2.4,,,,,,,,,,,,,,,,,,,,,,,,,,,,,,,,,,,,
2023,8,31,18,0,31,15.68,2,,,,,,,,,,,,,,,,,,,,,,,,,,,,,,,,,,,,
2023,8,31,19,0,32.5,14.69,2.2,,,,,,,,,,,,,,,,,,,,,,,,,,,,,,,,,,,,
2023,8,31,20,0,33.5,14.26,2.6,,,,,,,,,,,,,,,,,,,,,,,,,,,,,,,,,,,,
2023,8,31,21,0,34.1,13.68,2.5,,,,,,,,,,,,,,,,,,,,,,,,,,,,,,,,,,,,
2023,8,31,22,0,34.2,13.36,2.2,,,,,,,,,,,,,,,,,,,,,,,,,,,,,,,,,,,,
2023,8,31,23,0,33.9,13.88,2.5,,,,,,,,,,,,,,,,,,,,,,,,,,,,,,,,,,,,
2023,9,1,0,0,32.6,17.23,4.6,,,,,,,,,,,,,,,,,,,,,,,,,,,,,,,,,,,,
2023,9,1,1,0,28.6,26.84,7.7,,,,,,,,,,,,,,,,,,,,,,,,,,,,,,,,,,,,
2023,9,1,2,0,26.2,28.41,6.5,,,,,,,,,,,,,,,,,,,,,,,,,,,,,,,,,,,,
2023,9,1,3,0,26.8,27.76,6.6,,,,,,,,,,,,,,,,,,,,,,,,,,,,,,,,,,,,
2023,9,1,4,0,26.6,29.48,7.3,,,,,,,,,,,,,,,,,,,,,,,,,,,,,,,,,,,,
2023,9,1,5,0,26,32.16,8.1,,,,,,,,,,,,,,,,,,,,,,,,,,,,,,,,,,,,
2023,9,1,6,0,25.4,35.32,9,,,,,,,,,,,,,,,,,,,,,,,,,,,,,,,,,,,,
2023,9,1,7,0,24.7,38.98,9.8,,,,,,,,,,,,,,,,,,,,,,,,,,,,,,,,,,,,
2023,9,1,8,0,24.2,42.16,10.5,,,,,,,,,,,,,,,,,,,,,,,,,,,,,,,,,,,,
2023,9,1,9,0,23.8,44.8,11.1,,,,,,,,,,,,,,,,,,,,,,,,,,,,,,,,,,,,
2023,9,1,10,0,23.2,47.12,11.3,,,,,,,,,,,,,,,,,,,,,,,,,,,,,,,,,,,,
2023,9,1,11,0,22.7,47.25,10.9,,,,,,,,,,,,,,,,,,,,,,,,,,,,,,,,,,,,
2023,9,1,12,0,21.9,47.42,10.2,,,,,,,,,,,,,,,,,,,,,,,,,,,,,,,,,,,,
2023,9,1,13,0,22.4,44.88,9.8,,,,,,,,,,,,,,,,,,,,,,,,,,,,,,,,,,,,
2023,9,1,14,0,24.3,39.4,9.6,,,,,,,,,,,,,,,,,,,,,,,,,,,,,,,,,,,,
2023,9,1,15,0,24.9,38.37,9.8,,,,,,,,,,,,,,,,,,,,,,,,,,,,,,,,,,,,
2023,9,1,16,0,25.4,38.81,10.4,,,,,,,,,,,,,,,,,,,,,,,,,,,,,,,,,,,,
2023,9,1,17,0,26.1,39.46,11.2,,,,,,,,,,,,,,,,,,,,,,,,,,,,,,,,,,,,
2023,9,1,18,0,26.2,41.76,12.2,,,,,,,,,,,,,,,,,,,,,,,,,,,,,,,,,,,,
2023,9,1,19,0,25.9,44.82,13,,,,,,,,,,,,,,,,,,,,,,,,,,,,,,,,,,,,
2023,9,1,20,0,24.6,51.6,14,,,,,,,,,,,,,,,,,,,,,,,,,,,,,,,,,,,,
2023,9,1,21,0,23.6,57.34,14.7,,,,,,,,,,,,,,,,,,,,,,,,,,,,,,,,,,,,
2023,9,1,22,0,23.2,60.08,15,,,,,,,,,,,,,,,,,,,,,,,,,,,,,,,,,,,,
2023,9,1,23,0,22.7,62.93,15.3,,,,,,,,,,,,,,,,,,,,,,,,,,,,,,,,,,,,
2023,9,2,0,0,22,67.03,15.6,,,,,,,,,,,,,,,,,,,,,,,,,,,,,,,,,,,,
2023,9,2,1,0,21.2,71.77,15.9,,,,,,,,,,,,,,,,,,,,,,,,,,,,,,,,,,,,
2023,9,2,2,0,20.7,74.38,16,,,,,,,,,,,,,,,,,,,,,,,,,,,,,,,,,,,,
2023,9,2,3,0,20.5,75.99,16.1,,,,,,,,,,,,,,,,,,,,,,,,,,,,,,,,,,,,
2023,9,2,4,0,20.1,78.79,16.3,,,,,,,,,,,,,,,,,,,,,,,,,,,,,,,,,,,,
2023,9,2,5,0,19.7,80.83,16.3,,,,,,,,,,,,,,,,,,,,,,,,,,,,,,,,,,,,
2023,9,2,6,0,19.5,81.17,16.2,,,,,,,,,,,,,,,,,,,,,,,,,,,,,,,,,,,,
2023,9,2,7,0,19.2,81.34,15.9,,,,,,,,,,,,,,,,,,,,,,,,,,,,,,,,,,,,
2023,9,2,8,0,19,80.48,15.6,,,,,,,,,,,,,,,,,,,,,,,,,,,,,,,,,,,,
2023,9,2,9,0,18.8,79.6,15.2,,,,,,,,,,,,,,,,,,,,,,,,,,,,,,,,,,,,
2023,9,2,10,0,18.8,76.95,14.7,,,,,,,,,,,,,,,,,,,,,,,,,,,,,,,,,,,,
2023,9,2,11,0,18.7,74.97,14.2,,,,,,,,,,,,,,,,,,,,,,,,,,,,,,,,,,,,
2023,9,2,12,0,18.2,75.24,13.7,,,,,,,,,,,,,,,,,,,,,,,,,,,,,,,,,,,,
2023,9,2,13,0,18.6,73.39,13.7,,,,,,,,,,,,,,,,,,,,,,,,,,,,,,,,,,,,
2023,9,2,14,0,21.1,62.8,13.7,,,,,,,,,,,,,,,,,,,,,,,,,,,,,,,,,,,,
2023,9,2,15,0,23.3,52.39,13,,,,,,,,,,,,,,,,,,,,,,,,,,,,,,,,,,,,
2023,9,2,16,0,25.2,45.78,12.7,,,,,,,,,,,,,,,,,,,,,,,,,,,,,,,,,,,,
2023,9,2,17,0,26.6,42.16,12.7,,,,,,,,,,,,,,,,,,,,,,,,,,,,,,,,,,,,
2023,9,2,18,0,27.7,39.33,12.6,,,,,,,,,,,,,,,,,,,,,,,,,,,,,,,,,,,,
2023,9,2,19,0,28.6,37.03,12.5,,,,,,,,,,,,,,,,,,,,,,,,,,,,,,,,,,,,
2023,9,2,20,0,29.2,35.13,12.2,,,,,,,,,,,,,,,,,,,,,,,,,,,,,,,,,,,,
2023,9,2,21,0,29.5,33.72,11.9,,,,,,,,,,,,,,,,,,,,,,,,,,,,,,,,,,,,
2023,9,2,22,0,29.5,33.4,11.7,,,,,,,,,,,,,,,,,,,,,,,,,,,,,,,,,,,,
2023,9,2,23,0,29,34.24,11.7,,,,,,,,,,,,,,,,,,,,,,,,,,,,,,,,,,,,
2023,9,3,0,0,28.1,36,11.6,,,,,,,,,,,,,,,,,,,,,,,,,,,,,,,,,,,,
2023,9,3,1,0,25.6,47.19,13.5,,,,,,,,,,,,,,,,,,,,,,,,,,,,,,,,,,,,
2023,9,3,2,0,23.5,52.8,13.3,,,,,,,,,,,,,,,,,,,,,,,,,,,,,,,,,,,,
2023,9,3,3,0,22.7,54.32,13,,,,,,,,,,,,,,,,,,,,,,,,,,,,,,,,,,,,
2023,9,3,4,0,22.1,55.71,12.8,,,,,,,,,,,,,,,,,,,,,,,,,,,,,,,,,,,,
2023,9,3,5,0,21.7,56.6,12.7,,,,,,,,,,,,,,,,,,,,,,,,,,,,,,,,,,,,
2023,9,3,6,0,21.4,57.42,12.6,,,,,,,,,,,,,,,,,,,,,,,,,,,,,,,,,,,,
2023,9,3,7,0,21.1,58.68,12.7,,,,,,,,,,,,,,,,,,,,,,,,,,,,,,,,,,,,
2023,9,3,8,0,21,59.57,12.8,,,,,,,,,,,,,,,,,,,,,,,,,,,,,,,,,,,,
2023,9,3,9,0,20.7,60.85,12.9,,,,,,,,,,,,,,,,,,,,,,,,,,,,,,,,,,,,
2023,9,3,10,0,20.1,62.52,12.7,,,,,,,,,,,,,,,,,,,,,,,,,,,,,,,,,,,,
2023,9,3,11,0,19.4,64.62,12.6,,,,,,,,,,,,,,,,,,,,,,,,,,,,,,,,,,,,
2023,9,3,12,0,18.6,67.86,12.5,,,,,,,,,,,,,,,,,,,,,,,,,,,,,,,,,,,,
2023,9,3,13,0,19.3,67.69,13.2,,,,,,,,,,,,,,,,,,,,,,,,,,,,,,,,,,,,
2023,9,3,14,0,21.9,59.32,13.6,,,,,,,,,,,,,,,,,,,,,,,,,,,,,,,,,,,,
2023,9,3,15,0,23.6,53.96,13.7,,,,,,,,,,,,,,,,,,,,,,,,,,,,,,,,,,,,
2023,9,3,16,0,25,50.48,14,,,,,,,,,,,,,,,,,,,,,,,,,,,,,,,,,,,,
2023,9,3,17,0,26,47.57,14,,,,,,,,,,,,,,,,,,,,,,,,,,,,,,,,,,,,
2023,9,3,18,0,26.7,45.43,13.9,,,,,,,,,,,,,,,,,,,,,,,,,,,,,,,,,,,,
2023,9,3,19,0,27.1,43.46,13.6,,,,,,,,,,,,,,,,,,,,,,,,,,,,,,,,,,,,
2023,9,3,20,0,27.3,41.52,13.1,,,,,,,,,,,,,,,,,,,,,,,,,,,,,,,,,,,,
2023,9,3,21,0,27.6,38.52,12.2,,,,,,,,,,,,,,,,,,,,,,,,,,,,,,,,,,,,
2023,9,3,22,0,27.9,34.81,10.9,,,,,,,,,,,,,,,,,,,,,,,,,,,,,,,,,,,,
2023,9,3,23,0,27.6,32.93,9.9,,,,,,,,,,,,,,,,,,,,,,,,,,,,,,,,,,,,
2023,9,4,0,0,26.5,34.09,9.4,,,,,,,,,,,,,,,,,,,,,,,,,,,,,,,,,,,,
2023,9,4,1,0,23.6,48.84,12.2,,,,,,,,,,,,,,,,,,,,,,,,,,,,,,,,,,,,
2023,9,4,2,0,21.3,57.53,12.6,,,,,,,,,,,,,,,,,,,,,,,,,,,,,,,,,,,,
2023,9,4,3,0,20.2,60.39,12.3,,,,,,,,,,,,,,,,,,,,,,,,,,,,,,,,,,,,
2023,9,4,4,0,19.1,63.1,11.9,,,,,,,,,,,,,,,,,,,,,,,,,,,,,,,,,,,,
2023,9,4,5,0,18.3,66.32,11.9,,,,,,,,,,,,,,,,,,,,,,,,,,,,,,,,,,,,
2023,9,4,6,0,18,69.47,12.3,,,,,,,,,,,,,,,,,,,,,,,,,,,,,,,,,,,,
2023,9,4,7,0,17.4,72.65,12.4,,,,,,,,,,,,,,,,,,,,,,,,,,,,,,,,,,,,
2023,9,4,8,0,15.9,79.55,12.4,,,,,,,,,,,,,,,,,,,,,,,,,,,,,,,,,,,,
2023,9,4,9,0,15.4,81.61,12.3,,,,,,,,,,,,,,,,,,,,,,,,,,,,,,,,,,,,
2023,9,4,10,0,14.7,82.88,11.8,,,,,,,,,,,,,,,,,,,,,,,,,,,,,,,,,,,,
2023,9,4,11,0,14.1,83.12,11.3,,,,,,,,,,,,,,,,,,,,,,,,,,,,,,,,,,,,
2023,9,4,12,0,13.6,83.27,10.8,,,,,,,,,,,,,,,,,,,,,,,,,,,,,,,,,,,,
2023,9,4,13,0,13.4,82.35,10.5,,,,,,,,,,,,,,,,,,,,,,,,,,,,,,,,,,,,
2023,9,4,14,0,13.7,78.91,10.1,,,,,,,,,,,,,,,,,,,,,,,,,,,,,,,,,,,,
2023,9,4,15,0,14.3,73.56,9.6,,,,,,,,,,,,,,,,,,,,,,,,,,,,,,,,,,,,
2023,9,4,16,0,14.9,69.25,9.3,,,,,,,,,,,,,,,,,,,,,,,,,,,,,,,,,,,,
2023,9,4,17,0,15.7,66.42,9.5,,,,,,,,,,,,,,,,,,,,,,,,,,,,,,,,,,,,
2023,9,4,18,0,16.8,63.53,9.8,,,,,,,,,,,,,,,,,,,,,,,,,,,,,,,,,,,,
2023,9,4,19,0,17.9,60.42,10.1,,,,,,,,,,,,,,,,,,,,,,,,,,,,,,,,,,,,
2023,9,4,20,0,19,56.2,10.1,,,,,,,,,,,,,,,,,,,,,,,,,,,,,,,,,,,,
2023,9,4,21,0,19.9,51.89,9.7,,,,,,,,,,,,,,,,,,,,,,,,,,,,,,,,,,,,
2023,9,4,22,0,20.3,49.01,9.2,,,,,,,,,,,,,,,,,,,,,,,,,,,,,,,,,,,,
2023,9,4,23,0,20.2,47.77,8.8,,,,,,,,,,,,,,,,,,,,,,,,,,,,,,,,,,,,
2023,9,5,0,0,19.6,48.91,8.6,,,,,,,,,,,,,,,,,,,,,,,,,,,,,,,,,,,,
2023,9,5,1,0,18,59.5,10,,,,,,,,,,,,,,,,,,,,,,,,,,,,,,,,,,,,
2023,9,5,2,0,17.3,56.23,8.5,,,,,,,,,,,,,,,,,,,,,,,,,,,,,,,,,,,,
2023,9,5,3,0,16.6,57.72,8.2,,,,,,,,,,,,,,,,,,,,,,,,,,,,,,,,,,,,
2023,9,5,4,0,15.7,61.24,8.3,,,,,,,,,,,,,,,,,,,,,,,,,,,,,,,,,,,,
2023,9,5,5,0,15,63.82,8.2,,,,,,,,,,,,,,,,,,,,,,,,,,,,,,,,,,,,
2023,9,5,6,0,14.5,65.7,8.2,,,,,,,,,,,,,,,,,,,,,,,,,,,,,,,,,,,,
2023,9,5,7,0,14.2,66.87,8.1,,,,,,,,,,,,,,,,,,,,,,,,,,,,,,,,,,,,
2023,9,5,8,0,13.8,68.41,8.1,,,,,,,,,,,,,,,,,,,,,,,,,,,,,,,,,,,,
2023,9,5,9,0,13.6,69.06,8,,,,,,,,,,,,,,,,,,,,,,,,,,,,,,,,,,,,
2023,9,5,10,0,13.4,69.65,8,,,,,,,,,,,,,,,,,,,,,,,,,,,,,,,,,,,,
2023,9,5,11,0,13,71.11,7.9,,,,,,,,,,,,,,,,,,,,,,,,,,,,,,,,,,,,
2023,9,5,12,0,12.6,72.32,7.7,,,,,,,,,,,,,,,,,,,,,,,,,,,,,,,,,,,,
2023,9,5,13,0,13.1,71.69,8.1,,,,,,,,,,,,,,,,,,,,,,,,,,,,,,,,,,,,
2023,9,5,14,0,16.4,61.47,9,,,,,,,,,,,,,,,,,,,,,,,,,,,,,,,,,,,,
2023,9,5,15,0,19.4,45.8,7.4,,,,,,,,,,,,,,,,,,,,,,,,,,,,,,,,,,,,
2023,9,5,16,0,21.7,35.57,5.8,,,,,,,,,,,,,,,,,,,,,,,,,,,,,,,,,,,,
2023,9,5,17,0,23.5,29.77,4.8,,,,,,,,,,,,,,,,,,,,,,,,,,,,,,,,,,,,
2023,9,5,18,0,24.9,26.55,4.4,,,,,,,,,,,,,,,,,,,,,,,,,,,,,,,,,,,,
2023,9,5,19,0,25.9,24.76,4.2,,,,,,,,,,,,,,,,,,,,,,,,,,,,,,,,,,,,
2023,9,5,20,0,26.6,23.68,4.2,,,,,,,,,,,,,,,,,,,,,,,,,,,,,,,,,,,,
2023,9,5,21,0,26.9,23.55,4.4,,,,,,,,,,,,,,,,,,,,,,,,,,,,,,,,,,,,
2023,9,5,22,0,26.7,24.26,4.6,,,,,,,,,,,,,,,,,,,,,,,,,,,,,,,,,,,,
2023,9,5,23,0,25.9,26,4.9,,,,,,,,,,,,,,,,,,,,,,,,,,,,,,,,,,,,
2023,9,6,0,0,24.5,29.39,5.5,,,,,,,,,,,,,,,,,,,,,,,,,,,,,,,,,,,,
2023,9,6,1,0,21.1,43.65,8.3,,,,,,,,,,,,,,,,,,,,,,,,,,,,,,,,,,,,
2023,9,6,2,0,18.4,53.52,8.8,,,,,,,,,,,,,,,,,,,,,,,,,,,,,,,,,,,,
2023,9,6,3,0,17.7,55.01,8.5,,,,,,,,,,,,,,,,,,,,,,,,,,,,,,,,,,,,
2023,9,6,4,0,16.9,56.8,8.3,,,,,,,,,,,,,,,,,,,,,,,,,,,,,,,,,,,,
2023,9,6,5,0,16.4,57.43,8,,,,,,,,,,,,,,,,,,,,,,,,,,,,,,,,,,,,
2023,9,6,6,0,16,57.74,7.7,,,,,,,,,,,,,,,,,,,,,,,,,,,,,,,,,,,,
2023,9,6,7,0,15.7,57.75,7.4,,,,,,,,,,,,,,,,,,,,,,,,,,,,,,,,,,,,
2023,9,6,8,0,15.5,57.5,7.1,,,,,,,,,,,,,,,,,,,,,,,,,,,,,,,,,,,,
2023,9,6,9,0,15.2,57.82,6.9,,,,,,,,,,,,,,,,,,,,,,,,,,,,,,,,,,,,
2023,9,6,10,0,15,57.85,6.8,,,,,,,,,,,,,,,,,,,,,,,,,,,,,,,,,,,,
2023,9,6,11,0,14.7,58.47,6.6,,,,,,,,,,,,,,,,,,,,,,,,,,,,,,,,,,,,
2023,9,6,12,0,14.3,59.5,6.5,,,,,,,,,,,,,,,,,,,,,,,,,,,,,,,,,,,,
2023,9,6,13,0,14.8,59.94,7.1,,,,,,,,,,,,,,,,,,,,,,,,,,,,,,,,,,,,
2023,9,6,14,0,18.5,49.6,7.8,,,,,,,,,,,,,,,,,,,,,,,,,,,,,,,,,,,,
2023,9,6,15,0,21.8,36.06,6.1,,,,,,,,,,,,,,,,,,,,,,,,,,,,,,,,,,,,
2023,9,6,16,0,24.4,28.74,5.1,,,,,,,,,,,,,,,,,,,,,,,,,,,,,,,,,,,,
2023,9,6,17,0,26.2,24.61,4.4,,,,,,,,,,,,,,,,,,,,,,,,,,,,,,,,,,,,
2023,9,6,18,0,27.5,21.87,3.8,,,,,,,,,,,,,,,,,,,,,,,,,,,,,,,,,,,,
2023,9,6,19,0,28.4,20.39,3.6,,,,,,,,,,,,,,,,,,,,,,,,,,,,,,,,,,,,
2023,9,6,20,0,29,19.59,3.5,,,,,,,,,,,,,,,,,,,,,,,,,,,,,,,,,,,,
2023,9,6,21,0,29.3,19.39,3.6,,,,,,,,,,,,,,,,,,,,,,,,,,,,,,,,,,,,
2023,9,6,22,0,29,19.9,3.7,,,,,,,,,,,,,,,,,,,,,,,,,,,,,,,,,,,,
2023,9,6,23,0,28.4,20.81,3.8,,,,,,,,,,,,,,,,,,,,,,,,,,,,,,,,,,,,
2023,9,7,0,0,27.1,23.4,4.4,,,,,,,,,,,,,,,,,,,,,,,,,,,,,,,,,,,,
2023,9,7,1,0,23.7,38.23,8.6,,,,,,,,,,,,,,,,,,,,,,,,,,,,,,,,,,,,
2023,9,7,2,0,23,35.52,6.9,,,,,,,,,,,,,,,,,,,,,,,,,,,,,,,,,,,,
2023,9,7,3,0,22.7,34.74,6.3,,,,,,,,,,,,,,,,,,,,,,,,,,,,,,,,,,,,
2023,9,7,4,0,21.7,36.92,6.3,,,,,,,,,,,,,,,,,,,,,,,,,,,,,,,,,,,,
2023,9,7,5,0,20.8,38.8,6.3,,,,,,,,,,,,,,,,,,,,,,,,,,,,,,,,,,,,
2023,9,7,6,0,20,40.5,6.2,,,,,,,,,,,,,,,,,,,,,,,,,,,,,,,,,,,,
2023,9,7,7,0,19.2,42.57,6.2,,,,,,,,,,,,,,,,,,,,,,,,,,,,,,,,,,,,
2023,9,7,8,0,18.6,44.27,6.2,,,,,,,,,,,,,,,,,,,,,,,,,,,,,,,,,,,,
2023,9,7,9,0,18,46.38,6.3,,,,,,,,,,,,,,,,,,,,,,,,,,,,,,,,,,,,
2023,9,7,10,0,17.5,47.3,6.2,,,,,,,,,,,,,,,,,,,,,,,,,,,,,,,,,,,,
2023,9,7,11,0,17,48.16,6,,,,,,,,,,,,,,,,,,,,,,,,,,,,,,,,,,,,
2023,9,7,12,0,16.6,48.83,5.8,,,,,,,,,,,,,,,,,,,,,,,,,,,,,,,,,,,,
2023,9,7,13,0,16.8,50.13,6.4,,,,,,,,,,,,,,,,,,,,,,,,,,,,,,,,,,,,
2023,9,7,14,0,20.4,43.01,7.4,,,,,,,,,,,,,,,,,,,,,,,,,,,,,,,,,,,,
2023,9,7,15,0,23.9,29.19,4.9,,,,,,,,,,,,,,,,,,,,,,,,,,,,,,,,,,,,
2023,9,7,16,0,26.8,23.31,4.1,,,,,,,,,,,,,,,,,,,,,,,,,,,,,,,,,,,,
2023,9,7,17,0,28.4,21.5,4.3,,,,,,,,,,,,,,,,,,,,,,,,,,,,,,,,,,,,
2023,9,7,18,0,29.4,20.45,4.4,,,,,,,,,,,,,,,,,,,,,,,,,,,,,,,,,,,,
2023,9,7,19,0,30.2,19.63,4.5,,,,,,,,,,,,,,,,,,,,,,,,,,,,,,,,,,,,
2023,9,7,20,0,30.6,19.41,4.7,,,,,,,,,,,,,,,,,,,,,,,,,,,,,,,,,,,,
2023,9,7,21,0,30.8,18.85,4.4,,,,,,,,,,,,,,,,,,,,,,,,,,,,,,,,,,,,
2023,9,7,22,0,30.7,18.17,3.8,,,,,,,,,,,,,,,,,,,,,,,,,,,,,,,,,,,,
2023,9,7,23,0,30.2,17.93,3.2,,,,,,,,,,,,,,,,,,,,,,,,,,,,,,,,,,,,
2023,9,8,0,0,28.7,22.5,5.2,,,,,,,,,,,,,,,,,,,,,,,,,,,,,,,,,,,,
2023,9,8,1,0,25.8,34.25,8.9,,,,,,,,,,,,,,,,,,,,,,,,,,,,,,,,,,,,
2023,9,8,2,0,24.5,30.66,6.1,,,,,,,,,,,,,,,,,,,,,,,,,,,,,,,,,,,,
2023,9,8,3,0,22.9,33.3,5.9,,,,,,,,,,,,,,,,,,,,,,,,,,,,,,,,,,,,
2023,9,8,4,0,21.3,36.8,5.9,,,,,,,,,,,,,,,,,,,,,,,,,,,,,,,,,,,,
2023,9,8,5,0,20,39.26,5.7,,,,,,,,,,,,,,,,,,,,,,,,,,,,,,,,,,,,
2023,9,8,6,0,18.9,41.24,5.4,,,,,,,,,,,,,,,,,,,,,,,,,,,,,,,,,,,,
2023,9,8,7,0,18.1,43.04,5.3,,,,,,,,,,,,,,,,,,,,,,,,,,,,,,,,,,,,
2023,9,8,8,0,17.6,45.02,5.5,,,,,,,,,,,,,,,,,,,,,,,,,,,,,,,,,,,,
2023,9,8,9,0,17,47.69,5.8,,,,,,,,,,,,,,,,,,,,,,,,,,,,,,,,,,,,
2023,9,8,10,0,16.5,49.99,6,,,,,,,,,,,,,,,,,,,,,,,,,,,,,,,,,,,,
2023,9,8,11,0,16.1,51.61,6.1,,,,,,,,,,,,,,,,,,,,,,,,,,,,,,,,,,,,
2023,9,8,12,0,15.9,52.09,6.1,,,,,,,,,,,,,,,,,,,,,,,,,,,,,,,,,,,,
2023,9,8,13,0,16.6,51.48,6.6,,,,,,,,,,,,,,,,,,,,,,,,,,,,,,,,,,,,
2023,9,8,14,0,21,41.16,7.3,,,,,,,,,,,,,,,,,,,,,,,,,,,,,,,,,,,,
2023,9,8,15,0,24.6,28.35,5.1,,,,,,,,,,,,,,,,,,,,,,,,,,,,,,,,,,,,
2023,9,8,16,0,27.4,21.31,3.4,,,,,,,,,,,,,,,,,,,,,,,,,,,,,,,,,,,,
2023,9,8,17,0,29,18.57,2.7,,,,,,,,,,,,,,,,,,,,,,,,,,,,,,,,,,,,
2023,9,8,18,0,30.1,17.34,2.7,,,,,,,,,,,,,,,,,,,,,,,,,,,,,,,,,,,,
2023,9,8,19,0,30.9,16.84,2.9,,,,,,,,,,,,,,,,,,,,,,,,,,,,,,,,,,,,
2023,9,8,20,0,31.4,16.38,2.9,,,,,,,,,,,,,,,,,,,,,,,,,,,,,,,,,,,,
2023,9,8,21,0,31.5,16.08,2.7,,,,,,,,,,,,,,,,,,,,,,,,,,,,,,,,,,,,
2023,9,8,22,0,31.2,16.17,2.6,,,,,,,,,,,,,,,,,,,,,,,,,,,,,,,,,,,,
2023,9,8,23,0,30.5,16.75,2.5,,,,,,,,,,,,,,,,,,,,,,,,,,,,,,,,,,,,
2023,9,9,0,0,28.8,21.73,4.8,,,,,,,,,,,,,,,,,,,,,,,,,,,,,,,,,,,,
2023,9,9,1,0,25.5,32.98,8,,,,,,,,,,,,,,,,,,,,,,,,,,,,,,,,,,,,
2023,9,9,2,0,24.1,28.74,4.8,,,,,,,,,,,,,,,,,,,,,,,,,,,,,,,,,,,,
2023,9,9,3,0,22.9,30.31,4.6,,,,,,,,,,,,,,,,,,,,,,,,,,,,,,,,,,,,
2023,9,9,4,0,21.9,32.19,4.5,,,,,,,,,,,,,,,,,,,,,,,,,,,,,,,,,,,,
2023,9,9,5,0,21.2,33.19,4.4,,,,,,,,,,,,,,,,,,,,,,,,,,,,,,,,,,,,
2023,9,9,6,0,20.7,33.59,4.1,,,,,,,,,,,,,,,,,,,,,,,,,,,,,,,,,,,,
2023,9,9,7,0,20.3,33.69,3.8,,,,,,,,,,,,,,,,,,,,,,,,,,,,,,,,,,,,
2023,9,9,8,0,20,33.71,3.5,,,,,,,,,,,,,,,,,,,,,,,,,,,,,,,,,,,,
2023,9,9,9,0,19.5,34.24,3.3,,,,,,,,,,,,,,,,,,,,,,,,,,,,,,,,,,,,
2023,9,9,10,0,18.9,35.33,3.2,,,,,,,,,,,,,,,,,,,,,,,,,,,,,,,,,,,,
2023,9,9,11,0,18.1,37.24,3.3,,,,,,,,,,,,,,,,,,,,,,,,,,,,,,,,,,,,
2023,9,9,12,0,17.2,39.85,3.4,,,,,,,,,,,,,,,,,,,,,,,,,,,,,,,,,,,,
2023,9,9,13,0,16.8,43.94,4.5,,,,,,,,,,,,,,,,,,,,,,,,,,,,,,,,,,,,
2023,9,9,14,0,20.2,39.41,6,,,,,,,,,,,,,,,,,,,,,,,,,,,,,,,,,,,,
2023,9,9,15,0,23.8,26.53,3.4,,,,,,,,,,,,,,,,,,,,,,,,,,,,,,,,,,,,
2023,9,9,16,0,27,20.15,2.2,,,,,,,,,,,,,,,,,,,,,,,,,,,,,,,,,,,,
2023,9,9,17,0,29.2,18.04,2.5,,,,,,,,,,,,,,,,,,,,,,,,,,,,,,,,,,,,
2023,9,9,18,0,30.5,17.93,3.4,,,,,,,,,,,,,,,,,,,,,,,,,,,,,,,,,,,,
2023,9,9,19,0,31.4,17.73,4,,,,,,,,,,,,,,,,,,,,,,,,,,,,,,,,,,,,
2023,9,9,20,0,31.7,18.03,4.5,,,,,,,,,,,,,,,,,,,,,,,,,,,,,,,,,,,,
2023,9,9,21,0,31.5,18.68,4.8,,,,,,,,,,,,,,,,,,,,,,,,,,,,,,,,,,,,
2023,9,9,22,0,30.5,19.99,5,,,,,,,,,,,,,,,,,,,,,,,,,,,,,,,,,,,,
2023,9,9,23,0,29.2,21.54,5,,,,,,,,,,,,,,,,,,,,,,,,,,,,,,,,,,,,
2023,9,10,0,0,27.1,30.16,8.1,,,,,,,,,,,,,,,,,,,,,,,,,,,,,,,,,,,,
2023,9,10,1,0,25,37.55,9.5,,,,,,,,,,,,,,,,,,,,,,,,,,,,,,,,,,,,
2023,9,10,2,0,23.7,38.11,8.6,,,,,,,,,,,,,,,,,,,,,,,,,,,,,,,,,,,,
2023,9,10,3,0,22.5,41.71,8.8,,,,,,,,,,,,,,,,,,,,,,,,,,,,,,,,,,,,
2023,9,10,4,0,21.6,44.68,9.1,,,,,,,,,,,,,,,,,,,,,,,,,,,,,,,,,,,,
2023,9,10,5,0,20.8,45.88,8.7,,,,,,,,,,,,,,,,,,,,,,,,,,,,,,,,,,,,
2023,9,10,6,0,20.3,47.49,8.8,,,,,,,,,,,,,,,,,,,,,,,,,,,,,,,,,,,,
2023,9,10,7,0,20,49.38,9.1,,,,,,,,,,,,,,,,,,,,,,,,,,,,,,,,,,,,
2023,9,10,8,0,19.7,51.05,9.3,,,,,,,,,,,,,,,,,,,,,,,,,,,,,,,,,,,,
2023,9,10,9,0,19.4,52.09,9.3,,,,,,,,,,,,,,,,,,,,,,,,,,,,,,,,,,,,
2023,9,10,10,0,19.2,52.86,9.3,,,,,,,,,,,,,,,,,,,,,,,,,,,,,,,,,,,,
2023,9,10,11,0,19,53.48,9.3,,,,,,,,,,,,,,,,,,,,,,,,,,,,,,,,,,,,
2023,9,10,12,0,18.7,54.6,9.4,,,,,,,,,,,,,,,,,,,,,,,,,,,,,,,,,,,,
2023,9,10,13,0,18.8,55.08,9.6,,,,,,,,,,,,,,,,,,,,,,,,,,,,,,,,,,,,
2023,9,10,14,0,20.9,51.11,10.4,,,,,,,,,,,,,,,,,,,,,,,,,,,,,,,,,,,,
2023,9,10,15,0,23.6,37.94,8.4,,,,,,,,,,,,,,,,,,,,,,,,,,,,,,,,,,,,
2023,9,10,16,0,26.2,30.33,7.4,,,,,,,,,,,,,,,,,,,,,,,,,,,,,,,,,,,,
2023,9,10,17,0,27.9,26.35,6.8,,,,,,,,,,,,,,,,,,,,,,,,,,,,,,,,,,,,
2023,9,10,18,0,29,24.59,6.7,,,,,,,,,,,,,,,,,,,,,,,,,,,,,,,,,,,,
2023,9,10,19,0,29.6,23.97,6.9,,,,,,,,,,,,,,,,,,,,,,,,,,,,,,,,,,,,
2023,9,10,20,0,29.9,23.83,7,,,,,,,,,,,,,,,,,,,,,,,,,,,,,,,,,,,,
2023,9,10,21,0,29.7,24.3,7.2,,,,,,,,,,,,,,,,,,,,,,,,,,,,,,,,,,,,
2023,9,10,22,0,29.2,24.96,7.1,,,,,,,,,,,,,,,,,,,,,,,,,,,,,,,,,,,,
2023,9,10,23,0,28.2,26.34,7.1,,,,,,,,,,,,,,,,,,,,,,,,,,,,,,,,,,,,
2023,9,11,0,0,26.6,29.16,7.2,,,,,,,,,,,,,,,,,,,,,,,,,,,,,,,,,,,,
2023,9,11,1,0,23.1,42.8,9.8,,,,,,,,,,,,,,,,,,,,,,,,,,,,,,,,,,,,
2023,9,11,2,0,21.4,47.3,9.7,,,,,,,,,,,,,,,,,,,,,,,,,,,,,,,,,,,,
2023,9,11,3,0,21.3,45.52,9.1,,,,,,,,,,,,,,,,,,,,,,,,,,,,,,,,,,,,
2023,9,11,4,0,20.9,45.38,8.6,,,,,,,,,,,,,,,,,,,,,,,,,,,,,,,,,,,,
2023,9,11,5,0,20.3,46.37,8.4,,,,,,,,,,,,,,,,,,,,,,,,,,,,,,,,,,,,
2023,9,11,6,0,19.6,47.81,8.2,,,,,,,,,,,,,,,,,,,,,,,,,,,,,,,,,,,,
2023,9,11,7,0,19,48.84,8,,,,,,,,,,,,,,,,,,,,,,,,,,,,,,,,,,,,
2023,9,11,8,0,18.5,49.47,7.7,,,,,,,,,,,,,,,,,,,,,,,,,,,,,,,,,,,,
2023,9,11,9,0,17.8,50.81,7.5,,,,,,,,,,,,,,,,,,,,,,,,,,,,,,,,,,,,
2023,9,11,10,0,17,52.53,7.2,,,,,,,,,,,,,,,,,,,,,,,,,,,,,,,,,,,,
2023,9,11,11,0,16.4,53.78,7,,,,,,,,,,,,,,,,,,,,,,,,,,,,,,,,,,,,
2023,9,11,12,0,15.7,55.68,6.9,,,,,,,,,,,,,,,,,,,,,,,,,,,,,,,,,,,,
2023,9,11,13,0,15.7,57.07,7.2,,,,,,,,,,,,,,,,,,,,,,,,,,,,,,,,,,,,
2023,9,11,14,0,19.3,46.85,7.7,,,,,,,,,,,,,,,,,,,,,,,,,,,,,,,,,,,,
2023,9,11,15,0,22.8,35.21,6.6,,,,,,,,,,,,,,,,,,,,,,,,,,,,,,,,,,,,
2023,9,11,16,0,25.7,27.18,5.4,,,,,,,,,,,,,,,,,,,,,,,,,,,,,,,,,,,,
2023,9,11,17,0,27.4,22.88,4.4,,,,,,,,,,,,,,,,,,,,,,,,,,,,,,,,,,,,
2023,9,11,18,0,28.6,20.34,3.7,,,,,,,,,,,,,,,,,,,,,,,,,,,,,,,,,,,,
2023,9,11,19,0,29.4,18.74,3.2,,,,,,,,,,,,,,,,,,,,,,,,,,,,,,,,,,,,
2023,9,11,20,0,29.8,18.03,3,,,,,,,,,,,,,,,,,,,,,,,,,,,,,,,,,,,,
2023,9,11,21,0,29.9,17.69,2.8,,,,,,,,,,,,,,,,,,,,,,,,,,,,,,,,,,,,
2023,9,11,22,0,29.5,17.87,2.6,,,,,,,,,,,,,,,,,,,,,,,,,,,,,,,,,,,,
2023,9,11,23,0,28.7,18.58,2.5,,,,,,,,,,,,,,,,,,,,,,,,,,,,,,,,,,,,
2023,9,12,0,0,27.2,21.57,3.4,,,,,,,,,,,,,,,,,,,,,,,,,,,,,,,,,,,,
2023,9,12,1,0,23.3,37.55,8,,,,,,,,,,,,,,,,,,,,,,,,,,,,,,,,,,,,
2023,9,12,2,0,21.9,38.73,7.2,,,,,,,,,,,,,,,,,,,,,,,,,,,,,,,,,,,,
2023,9,12,3,0,21.5,38.6,6.8,,,,,,,,,,,,,,,,,,,,,,,,,,,,,,,,,,,,
2023,9,12,4,0,20.8,39.74,6.6,,,,,,,,,,,,,,,,,,,,,,,,,,,,,,,,,,,,
2023,9,12,5,0,20.2,40.79,6.4,,,,,,,,,,,,,,,,,,,,,,,,,,,,,,,,,,,,
2023,9,12,6,0,19.5,42.65,6.5,,,,,,,,,,,,,,,,,,,,,,,,,,,,,,,,,,,,
2023,9,12,7,0,18.6,45.57,6.6,,,,,,,,,,,,,,,,,,,,,,,,,,,,,,,,,,,,
2023,9,12,8,0,17.9,47.88,6.7,,,,,,,,,,,,,,,,,,,,,,,,,,,,,,,,,,,,
2023,9,12,9,0,17.6,48.31,6.6,,,,,,,,,,,,,,,,,,,,,,,,,,,,,,,,,,,,
2023,9,12,10,0,17.3,48,6.2,,,,,,,,,,,,,,,,,,,,,,,,,,,,,,,,,,,,
2023,9,12,11,0,17.1,47.25,5.8,,,,,,,,,,,,,,,,,,,,,,,,,,,,,,,,,,,,
2023,9,12,12,0,16.9,46.68,5.4,,,,,,,,,,,,,,,,,,,,,,,,,,,,,,,,,,,,
2023,9,12,13,0,17,46.87,5.6,,,,,,,,,,,,,,,,,,,,,,,,,,,,,,,,,,,,
2023,9,12,14,0,20.1,39.93,6.1,,,,,,,,,,,,,,,,,,,,,,,,,,,,,,,,,,,,
2023,9,12,15,0,23.6,27.27,3.6,,,,,,,,,,,,,,,,,,,,,,,,,,,,,,,,,,,,
2023,9,12,16,0,26.4,21.7,2.8,,,,,,,,,,,,,,,,,,,,,,,,,,,,,,,,,,,,
2023,9,12,17,0,27.8,20.27,3,,,,,,,,,,,,,,,,,,,,,,,,,,,,,,,,,,,,
2023,9,12,18,0,28.8,19.54,3.3,,,,,,,,,,,,,,,,,,,,,,,,,,,,,,,,,,,,
2023,9,12,19,0,29.3,19.3,3.5,,,,,,,,,,,,,,,,,,,,,,,,,,,,,,,,,,,,
2023,9,12,20,0,29.5,19.17,3.6,,,,,,,,,,,,,,,,,,,,,,,,,,,,,,,,,,,,
2023,9,12,21,0,29.3,19.3,3.5,,,,,,,,,,,,,,,,,,,,,,,,,,,,,,,,,,,,
2023,9,12,22,0,28.8,19.7,3.4,,,,,,,,,,,,,,,,,,,,,,,,,,,,,,,,,,,,
2023,9,12,23,0,27.8,20.73,3.3,,,,,,,,,,,,,,,,,,,,,,,,,,,,,,,,,,,,
2023,9,13,0,0,26.3,24.22,4.3,,,,,,,,,,,,,,,,,,,,,,,,,,,,,,,,,,,,
2023,9,13,1,0,23.3,37.13,7.8,,,,,,,,,,,,,,,,,,,,,,,,,,,,,,,,,,,,
2023,9,13,2,0,22.6,35.88,6.7,,,,,,,,,,,,,,,,,,,,,,,,,,,,,,,,,,,,
2023,9,13,3,0,22.7,33.04,5.6,,,,,,,,,,,,,,,,,,,,,,,,,,,,,,,,,,,,
2023,9,13,4,0,22.1,34.72,5.8,,,,,,,,,,,,,,,,,,,,,,,,,,,,,,,,,,,,
2023,9,13,5,0,21,38.69,6.4,,,,,,,,,,,,,,,,,,,,,,,,,,,,,,,,,,,,
2023,9,13,6,0,19.9,42.97,6.9,,,,,,,,,,,,,,,,,,,,,,,,,,,,,,,,,,,,
2023,9,13,7,0,18.8,47.69,7.5,,,,,,,,,,,,,,,,,,,,,,,,,,,,,,,,,,,,
2023,9,13,8,0,17.9,52.51,8,,,,,,,,,,,,,,,,,,,,,,,,,,,,,,,,,,,,
2023,9,13,9,0,17.1,57.87,8.7,,,,,,,,,,,,,,,,,,,,,,,,,,,,,,,,,,,,
2023,9,13,10,0,16.6,61.84,9.3,,,,,,,,,,,,,,,,,,,,,,,,,,,,,,,,,,,,
2023,9,13,11,0,16.3,65.22,9.8,,,,,,,,,,,,,,,,,,,,,,,,,,,,,,,,,,,,
2023,9,13,12,0,16,68.24,10.1,,,,,,,,,,,,,,,,,,,,,,,,,,,,,,,,,,,,
2023,9,13,13,0,16.2,69.64,10.6,,,,,,,,,,,,,,,,,,,,,,,,,,,,,,,,,,,,
2023,9,13,14,0,18.7,61.63,11.2,,,,,,,,,,,,,,,,,,,,,,,,,,,,,,,,,,,,
2023,9,13,15,0,21.1,50.36,10.4,,,,,,,,,,,,,,,,,,,,,,,,,,,,,,,,,,,,
2023,9,13,16,0,23.7,37.5,8.3,,,,,,,,,,,,,,,,,,,,,,,,,,,,,,,,,,,,
2023,9,13,17,0,24.8,34.66,8.2,,,,,,,,,,,,,,,,,,,,,,,,,,,,,,,,,,,,
2023,9,13,18,0,25.5,33.59,8.3,,,,,,,,,,,,,,,,,,,,,,,,,,,,,,,,,,,,
2023,9,13,19,0,25.8,33.43,8.5,,,,,,,,,,,,,,,,,,,,,,,,,,,,,,,,,,,,
2023,9,13,20,0,26.1,33.11,8.6,,,,,,,,,,,,,,,,,,,,,,,,,,,,,,,,,,,,
2023,9,13,21,0,26.4,32.17,8.5,,,,,,,,,,,,,,,,,,,,,,,,,,,,,,,,,,,,
2023,9,13,22,0,26.3,31.75,8.2,,,,,,,,,,,,,,,,,,,,,,,,,,,,,,,,,,,,
2023,9,13,23,0,25.8,32.18,7.9,,,,,,,,,,,,,,,,,,,,,,,,,,,,,,,,,,,,
2023,9,14,0,0,24.6,34.97,8.1,,,,,,,,,,,,,,,,,,,,,,,,,,,,,,,,,,,,
2023,9,14,1,0,22,46.84,10.1,,,,,,,,,,,,,,,,,,,,,,,,,,,,,,,,,,,,
2023,9,14,2,0,20.7,49.56,9.8,,,,,,,,,,,,,,,,,,,,,,,,,,,,,,,,,,,,
2023,9,14,3,0,20.2,50.93,9.7,,,,,,,,,,,,,,,,,,,,,,,,,,,,,,,,,,,,
2023,9,14,4,0,19.6,52.48,9.6,,,,,,,,,,,,,,,,,,,,,,,,,,,,,,,,,,,,
2023,9,14,5,0,18.8,54.43,9.4,,,,,,,,,,,,,,,,,,,,,,,,,,,,,,,,,,,,
2023,9,14,6,0,18.4,54.78,9.1,,,,,,,,,,,,,,,,,,,,,,,,,,,,,,,,,,,,
2023,9,14,7,0,17.7,56.04,8.8,,,,,,,,,,,,,,,,,,,,,,,,,,,,,,,,,,,,
2023,9,14,8,0,16.9,58.68,8.8,,,,,,,,,,,,,,,,,,,,,,,,,,,,,,,,,,,,
2023,9,14,9,0,16.2,61.53,8.8,,,,,,,,,,,,,,,,,,,,,,,,,,,,,,,,,,,,
2023,9,14,10,0,15.8,62.9,8.7,,,,,,,,,,,,,,,,,,,,,,,,,,,,,,,,,,,,
2023,9,14,11,0,15.6,63.03,8.6,,,,,,,,,,,,,,,,,,,,,,,,,,,,,,,,,,,,
2023,9,14,12,0,15.5,62.28,8.3,,,,,,,,,,,,,,,,,,,,,,,,,,,,,,,,,,,,
2023,9,14,13,0,15.7,60.87,8.2,,,,,,,,,,,,,,,,,,,,,,,,,,,,,,,,,,,,
2023,9,14,14,0,17.7,54.81,8.5,,,,,,,,,,,,,,,,,,,,,,,,,,,,,,,,,,,,
2023,9,14,15,0,20.5,40.86,6.7,,,,,,,,,,,,,,,,,,,,,,,,,,,,,,,,,,,,
2023,9,14,16,0,22.7,33.35,5.8,,,,,,,,,,,,,,,,,,,,,,,,,,,,,,,,,,,,
2023,9,14,17,0,24.2,29.57,5.3,,,,,,,,,,,,,,,,,,,,,,,,,,,,,,,,,,,,
2023,9,14,18,0,25.2,27.13,4.9,,,,,,,,,,,,,,,,,,,,,,,,,,,,,,,,,,,,
2023,9,14,19,0,26,25.03,4.5,,,,,,,,,,,,,,,,,,,,,,,,,,,,,,,,,,,,
2023,9,14,20,0,26.5,23.38,3.9,,,,,,,,,,,,,,,,,,,,,,,,,,,,,,,,,,,,
2023,9,14,21,0,26.6,22.39,3.4,,,,,,,,,,,,,,,,,,,,,,,,,,,,,,,,,,,,
2023,9,14,22,0,26.3,22.3,3.1,,,,,,,,,,,,,,,,,,,,,,,,,,,,,,,,,,,,
2023,9,14,23,0,25.5,23.19,3,,,,,,,,,,,,,,,,,,,,,,,,,,,,,,,,,,,,
2023,9,15,0,0,24.2,25.92,3.4,,,,,,,,,,,,,,,,,,,,,,,,,,,,,,,,,,,,
2023,9,15,1,0,20.3,41.78,6.9,,,,,,,,,,,,,,,,,,,,,,,,,,,,,,,,,,,,
2023,9,15,2,0,18.4,47.35,7,,,,,,,,,,,,,,,,,,,,,,,,,,,,,,,,,,,,
2023,9,15,3,0,17.9,48.44,6.9,,,,,,,,,,,,,,,,,,,,,,,,,,,,,,,,,,,,
2023,9,15,4,0,17.7,48.36,6.7,,,,,,,,,,,,,,,,,,,,,,,,,,,,,,,,,,,,
2023,9,15,5,0,17.4,48.46,6.4,,,,,,,,,,,,,,,,,,,,,,,,,,,,,,,,,,,,
2023,9,15,6,0,17.1,48.69,6.2,,,,,,,,,,,,,,,,,,,,,,,,,,,,,,,,,,,,
2023,9,15,7,0,16.6,49.94,6.1,,,,,,,,,,,,,,,,,,,,,,,,,,,,,,,,,,,,
2023,9,15,8,0,16.1,51.26,6,,,,,,,,,,,,,,,,,,,,,,,,,,,,,,,,,,,,
2023,9,15,9,0,15.5,53,6,,,,,,,,,,,,,,,,,,,,,,,,,,,,,,,,,,,,
2023,9,15,10,0,15.1,54.15,5.9,,,,,,,,,,,,,,,,,,,,,,,,,,,,,,,,,,,,
2023,9,15,11,0,14.9,54.57,5.8,,,,,,,,,,,,,,,,,,,,,,,,,,,,,,,,,,,,
2023,9,15,12,0,14.7,55.21,5.8,,,,,,,,,,,,,,,,,,,,,,,,,,,,,,,,,,,,
2023,9,15,13,0,14.8,55.76,6,,,,,,,,,,,,,,,,,,,,,,,,,,,,,,,,,,,,
2023,9,15,14,0,18,48.57,7,,,,,,,,,,,,,,,,,,,,,,,,,,,,,,,,,,,,
2023,9,15,15,0,21.4,35.65,5.6,,,,,,,,,,,,,,,,,,,,,,,,,,,,,,,,,,,,
2023,9,15,16,0,24.1,26.99,3.9,,,,,,,,,,,,,,,,,,,,,,,,,,,,,,,,,,,,
2023,9,15,17,0,25.7,22.81,2.9,,,,,,,,,,,,,,,,,,,,,,,,,,,,,,,,,,,,
2023,9,15,18,0,26.8,20.71,2.4,,,,,,,,,,,,,,,,,,,,,,,,,,,,,,,,,,,,
2023,9,15,19,0,27.5,19.6,2.3,,,,,,,,,,,,,,,,,,,,,,,,,,,,,,,,,,,,
2023,9,15,20,0,27.8,19.05,2.1,,,,,,,,,,,,,,,,,,,,,,,,,,,,,,,,,,,,
2023,9,15,21,0,27.8,18.84,1.9,,,,,,,,,,,,,,,,,,,,,,,,,,,,,,,,,,,,
2023,9,15,22,0,27.4,18.96,1.7,,,,,,,,,,,,,,,,,,,,,,,,,,,,,,,,,,,,
2023,9,15,23,0,26.6,19.68,1.6,,,,,,,,,,,,,,,,,,,,,,,,,,,,,,,,,,,,
2023,9,16,0,0,25.1,23.16,2.6,,,,,,,,,,,,,,,,,,,,,,,,,,,,,,,,,,,,
2023,9,16,1,0,21.5,37.49,6.4,,,,,,,,,,,,,,,,,,,,,,,,,,,,,,,,,,,,
2023,9,16,2,0,20.2,38.59,5.6,,,,,,,,,,,,,,,,,,,,,,,,,,,,,,,,,,,,
2023,9,16,3,0,19.8,38.62,5.3,,,,,,,,,,,,,,,,,,,,,,,,,,,,,,,,,,,,
2023,9,16,4,0,19.3,39.41,5.1,,,,,,,,,,,,,,,,,,,,,,,,,,,,,,,,,,,,
2023,9,16,5,0,18.6,40.77,5,,,,,,,,,,,,,,,,,,,,,,,,,,,,,,,,,,,,
2023,9,16,6,0,17.8,42.88,5,,,,,,,,,,,,,,,,,,,,,,,,,,,,,,,,,,,,
2023,9,16,7,0,17,45.13,5,,,,,,,,,,,,,,,,,,,,,,,,,,,,,,,,,,,,
2023,9,16,8,0,16.3,47.16,5,,,,,,,,,,,,,,,,,,,,,,,,,,,,,,,,,,,,
2023,9,16,9,0,15.7,48.87,5,,,,,,,,,,,,,,,,,,,,,,,,,,,,,,,,,,,,
2023,9,16,10,0,15.3,49.75,4.9,,,,,,,,,,,,,,,,,,,,,,,,,,,,,,,,,,,,
2023,9,16,11,0,15.1,49.8,4.7,,,,,,,,,,,,,,,,,,,,,,,,,,,,,,,,,,,,
2023,9,16,12,0,14.8,50.15,4.5,,,,,,,,,,,,,,,,,,,,,,,,,,,,,,,,,,,,
2023,9,16,13,0,14.9,50.38,4.7,,,,,,,,,,,,,,,,,,,,,,,,,,,,,,,,,,,,
2023,9,16,14,0,18.3,43.93,5.8,,,,,,,,,,,,,,,,,,,,,,,,,,,,,,,,,,,,
2023,9,16,15,0,22,30.7,4,,,,,,,,,,,,,,,,,,,,,,,,,,,,,,,,,,,,
2023,9,16,16,0,25.1,23.6,2.9,,,,,,,,,,,,,,,,,,,,,,,,,,,,,,,,,,,,
2023,9,16,17,0,26.6,21.29,2.7,,,,,,,,,,,,,,,,,,,,,,,,,,,,,,,,,,,,
2023,9,16,18,0,27.7,20.04,2.7,,,,,,,,,,,,,,,,,,,,,,,,,,,,,,,,,,,,
2023,9,16,19,0,28.5,19.21,2.8,,,,,,,,,,,,,,,,,,,,,,,,,,,,,,,,,,,,
2023,9,16,20,0,29,18.73,2.8,,,,,,,,,,,,,,,,,,,,,,,,,,,,,,,,,,,,
2023,9,16,21,0,29.1,18.56,2.8,,,,,,,,,,,,,,,,,,,,,,,,,,,,,,,,,,,,
2023,9,16,22,0,28.8,18.66,2.6,,,,,,,,,,,,,,,,,,,,,,,,,,,,,,,,,,,,
2023,9,16,23,0,28.1,19.28,2.5,,,,,,,,,,,,,,,,,,,,,,,,,,,,,,,,,,,,
2023,9,17,0,0,26.4,23.95,4.2,,,,,,,,,,,,,,,,,,,,,,,,,,,,,,,,,,,,
2023,9,17,1,0,22.3,39.02,7.7,,,,,,,,,,,,,,,,,,,,,,,,,,,,,,,,,,,,
2023,9,17,2,0,20.6,40.94,6.9,,,,,,,,,,,,,,,,,,,,,,,,,,,,,,,,,,,,
2023,9,17,3,0,19.9,41.51,6.4,,,,,,,,,,,,,,,,,,,,,,,,,,,,,,,,,,,,
2023,9,17,4,0,19.1,42.8,6.2,,,,,,,,,,,,,,,,,,,,,,,,,,,,,,,,,,,,
2023,9,17,5,0,18.2,44.84,6,,,,,,,,,,,,,,,,,,,,,,,,,,,,,,,,,,,,
2023,9,17,6,0,17.4,46.62,5.9,,,,,,,,,,,,,,,,,,,,,,,,,,,,,,,,,,,,
2023,9,17,7,0,16.6,48.42,5.7,,,,,,,,,,,,,,,,,,,,,,,,,,,,,,,,,,,,
2023,9,17,8,0,16.1,49.47,5.5,,,,,,,,,,,,,,,,,,,,,,,,,,,,,,,,,,,,
2023,9,17,9,0,15.7,50.12,5.3,,,,,,,,,,,,,,,,,,,,,,,,,,,,,,,,,,,,
2023,9,17,10,0,15.4,50.48,5.2,,,,,,,,,,,,,,,,,,,,,,,,,,,,,,,,,,,,
2023,9,17,11,0,15.2,50.68,5,,,,,,,,,,,,,,,,,,,,,,,,,,,,,,,,,,,,
2023,9,17,12,0,15.1,50.7,4.9,,,,,,,,,,,,,,,,,,,,,,,,,,,,,,,,,,,,
2023,9,17,13,0,15.2,51.33,5.2,,,,,,,,,,,,,,,,,,,,,,,,,,,,,,,,,,,,
2023,9,17,14,0,18.5,45.8,6.6,,,,,,,,,,,,,,,,,,,,,,,,,,,,,,,,,,,,
2023,9,17,15,0,22.3,32.39,5,,,,,,,,,,,,,,,,,,,,,,,,,,,,,,,,,,,,
2023,9,17,16,0,25.7,24.11,3.7,,,,,,,,,,,,,,,,,,,,,,,,,,,,,,,,,,,,
2023,9,17,17,0,27.6,20.11,2.7,,,,,,,,,,,,,,,,,,,,,,,,,,,,,,,,,,,,
2023,9,17,18,0,28.8,17.89,2,,,,,,,,,,,,,,,,,,,,,,,,,,,,,,,,,,,,
2023,9,17,19,0,29.6,16.68,1.7,,,,,,,,,,,,,,,,,,,,,,,,,,,,,,,,,,,,
2023,9,17,20,0,30.1,16,1.5,,,,,,,,,,,,,,,,,,,,,,,,,,,,,,,,,,,,
2023,9,17,21,0,30.1,15.65,1.2,,,,,,,,,,,,,,,,,,,,,,,,,,,,,,,,,,,,
2023,9,17,22,0,29.6,15.94,1.1,,,,,,,,,,,,,,,,,,,,,,,,,,,,,,,,,,,,
2023,9,17,23,0,28.7,16.94,1.2,,,,,,,,,,,,,,,,,,,,,,,,,,,,,,,,,,,,
2023,9,18,0,0,26.8,22.99,3.9,,,,,,,,,,,,,,,,,,,,,,,,,,,,,,,,,,,,
2023,9,18,1,0,23.9,32.47,6.4,,,,,,,,,,,,,,,,,,,,,,,,,,,,,,,,,,,,
2023,9,18,2,0,22.8,31.57,5,,,,,,,,,,,,,,,,,,,,,,,,,,,,,,,,,,,,
2023,9,18,3,0,21.9,32.91,4.9,,,,,,,,,,,,,,,,,,,,,,,,,,,,,,,,,,,,
2023,9,18,4,0,21.2,34.48,4.9,,,,,,,,,,,,,,,,,,,,,,,,,,,,,,,,,,,,
2023,9,18,5,0,20.4,36.57,5.1,,,,,,,,,,,,,,,,,,,,,,,,,,,,,,,,,,,,
2023,9,18,6,0,19.8,38.1,5.1,,,,,,,,,,,,,,,,,,,,,,,,,,,,,,,,,,,,
2023,9,18,7,0,19.6,39.04,5.3,,,,,,,,,,,,,,,,,,,,,,,,,,,,,,,,,,,,
2023,9,18,8,0,19.6,38.97,5.3,,,,,,,,,,,,,,,,,,,,,,,,,,,,,,,,,,,,
2023,9,18,9,0,19.9,38.7,5.4,,,,,,,,,,,,,,,,,,,,,,,,,,,,,,,,,,,,
2023,9,18,10,0,19.5,41.82,6.2,,,,,,,,,,,,,,,,,,,,,,,,,,,,,,,,,,,,
2023,9,18,11,0,19,45.22,6.9,,,,,,,,,,,,,,,,,,,,,,,,,,,,,,,,,,,,
2023,9,18,12,0,18.2,49.03,7.3,,,,,,,,,,,,,,,,,,,,,,,,,,,,,,,,,,,,
2023,9,18,13,0,17.4,52.62,7.6,,,,,,,,,,,,,,,,,,,,,,,,,,,,,,,,,,,,
2023,9,18,14,0,20.2,47.13,8.6,,,,,,,,,,,,,,,,,,,,,,,,,,,,,,,,,,,,
2023,9,18,15,0,23,36.95,7.5,,,,,,,,,,,,,,,,,,,,,,,,,,,,,,,,,,,,
2023,9,18,16,0,26.1,27.77,6,,,,,,,,,,,,,,,,,,,,,,,,,,,,,,,,,,,,
2023,9,18,17,0,28.3,24.1,5.9,,,,,,,,,,,,,,,,,,,,,,,,,,,,,,,,,,,,
2023,9,18,18,0,29.1,23.79,6.4,,,,,,,,,,,,,,,,,,,,,,,,,,,,,,,,,,,,
2023,9,18,19,0,29.4,24.16,6.8,,,,,,,,,,,,,,,,,,,,,,,,,,,,,,,,,,,,
2023,9,18,20,0,29.2,24.72,7,,,,,,,,,,,,,,,,,,,,,,,,,,,,,,,,,,,,
2023,9,18,21,0,28.5,25.89,7.1,,,,,,,,,,,,,,,,,,,,,,,,,,,,,,,,,,,,
2023,9,18,22,0,27.8,26.7,6.9,,,,,,,,,,,,,,,,,,,,,,,,,,,,,,,,,,,,
2023,9,18,23,0,26.8,27.93,6.7,,,,,,,,,,,,,,,,,,,,,,,,,,,,,,,,,,,,
2023,9,19,0,0,25.2,34.83,8.6,,,,,,,,,,,,,,,,,,,,,,,,,,,,,,,,,,,,
2023,9,19,1,0,23.2,42.2,9.7,,,,,,,,,,,,,,,,,,,,,,,,,,,,,,,,,,,,
2023,9,19,2,0,22.6,40.67,8.6,,,,,,,,,,,,,,,,,,,,,,,,,,,,,,,,,,,,
2023,9,19,3,0,22,40.98,8.1,,,,,,,,,,,,,,,,,,,,,,,,,,,,,,,,,,,,
2023,9,19,4,0,21.5,41.62,7.9,,,,,,,,,,,,,,,,,,,,,,,,,,,,,,,,,,,,
2023,9,19,5,0,21.1,42.1,7.7,,,,,,,,,,,,,,,,,,,,,,,,,,,,,,,,,,,,
2023,9,19,6,0,20.7,42.75,7.6,,,,,,,,,,,,,,,,,,,,,,,,,,,,,,,,,,,,
2023,9,19,7,0,20.3,43.63,7.5,,,,,,,,,,,,,,,,,,,,,,,,,,,,,,,,,,,,
2023,9,19,8,0,19.9,44.75,7.5,,,,,,,,,,,,,,,,,,,,,,,,,,,,,,,,,,,,
2023,9,19,9,0,19.7,44.97,7.4,,,,,,,,,,,,,,,,,,,,,,,,,,,,,,,,,,,,
2023,9,19,10,0,19.3,45.67,7.3,,,,,,,,,,,,,,,,,,,,,,,,,,,,,,,,,,,,
2023,9,19,11,0,18.4,48.22,7.3,,,,,,,,,,,,,,,,,,,,,,,,,,,,,,,,,,,,
2023,9,19,12,0,17.9,50.25,7.4,,,,,,,,,,,,,,,,,,,,,,,,,,,,,,,,,,,,
2023,9,19,13,0,17.6,52.58,7.8,,,,,,,,,,,,,,,,,,,,,,,,,,,,,,,,,,,,
2023,9,19,14,0,18.9,56.13,10,,,,,,,,,,,,,,,,,,,,,,,,,,,,,,,,,,,,
2023,9,19,15,0,21.5,44.52,8.9,,,,,,,,,,,,,,,,,,,,,,,,,,,,,,,,,,,,
2023,9,19,16,0,23,36.42,7.3,,,,,,,,,,,,,,,,,,,,,,,,,,,,,,,,,,,,
2023,9,19,17,0,23.6,34.93,7.2,,,,,,,,,,,,,,,,,,,,,,,,,,,,,,,,,,,,
2023,9,19,18,0,23.7,35.2,7.4,,,,,,,,,,,,,,,,,,,,,,,,,,,,,,,,,,,,
2023,9,19,19,0,24.1,34.31,7.4,,,,,,,,,,,,,,,,,,,,,,,,,,,,,,,,,,,,
2023,9,19,20,0,25,32.02,7.2,,,,,,,,,,,,,,,,,,,,,,,,,,,,,,,,,,,,
2023,9,19,21,0,25.8,29.74,6.8,,,,,,,,,,,,,,,,,,,,,,,,,,,,,,,,,,,,
2023,9,19,22,0,26.6,27.33,6.2,,,,,,,,,,,,,,,,,,,,,,,,,,,,,,,,,,,,
2023,9,19,23,0,26.6,26.52,5.8,,,,,,,,,,,,,,,,,,,,,,,,,,,,,,,,,,,,
2023,9,20,0,0,25,34.3,8.2,,,,,,,,,,,,,,,,,,,,,,,,,,,,,,,,,,,,
2023,9,20,1,0,21.7,44.63,9.1,,,,,,,,,,,,,,,,,,,,,,,,,,,,,,,,,,,,
2023,9,20,2,0,19.8,54.25,10.3,,,,,,,,,,,,,,,,,,,,,,,,,,,,,,,,,,,,
2023,9,20,3,0,18,65.47,11.4,,,,,,,,,,,,,,,,,,,,,,,,,,,,,,,,,,,,
2023,9,20,4,0,17.1,70.56,11.7,,,,,,,,,,,,,,,,,,,,,,,,,,,,,,,,,,,,
2023,9,20,5,0,16.5,72.58,11.6,,,,,,,,,,,,,,,,,,,,,,,,,,,,,,,,,,,,
2023,9,20,6,0,16,73.02,11.2,,,,,,,,,,,,,,,,,,,,,,,,,,,,,,,,,,,,
2023,9,20,7,0,15.8,72.46,10.9,,,,,,,,,,,,,,,,,,,,,,,,,,,,,,,,,,,,
2023,9,20,8,0,15.9,70.54,10.5,,,,,,,,,,,,,,,,,,,,,,,,,,,,,,,,,,,,
2023,9,20,9,0,16.1,68.12,10.2,,,,,,,,,,,,,,,,,,,,,,,,,,,,,,,,,,,,
2023,9,20,10,0,16.4,65.81,10,,,,,,,,,,,,,,,,,,,,,,,,,,,,,,,,,,,,
2023,9,20,11,0,16.7,65.81,10.3,,,,,,,,,,,,,,,,,,,,,,,,,,,,,,,,,,,,
2023,9,20,12,0,16.7,66.14,10.3,,,,,,,,,,,,,,,,,,,,,,,,,,,,,,,,,,,,
2023,9,20,13,0,16.7,63.84,9.8,,,,,,,,,,,,,,,,,,,,,,,,,,,,,,,,,,,,
2023,9,20,14,0,18.7,61.34,11.1,,,,,,,,,,,,,,,,,,,,,,,,,,,,,,,,,,,,
2023,9,20,15,0,21.4,48.12,10,,,,,,,,,,,,,,,,,,,,,,,,,,,,,,,,,,,,
2023,9,20,16,0,23.6,33.36,6.5,,,,,,,,,,,,,,,,,,,,,,,,,,,,,,,,,,,,
2023,9,20,17,0,24.8,29.15,5.6,,,,,,,,,,,,,,,,,,,,,,,,,,,,,,,,,,,,
2023,9,20,18,0,26.1,25.74,5,,,,,,,,,,,,,,,,,,,,,,,,,,,,,,,,,,,,
2023,9,20,19,0,27.3,22.71,4.2,,,,,,,,,,,,,,,,,,,,,,,,,,,,,,,,,,,,
2023,9,20,20,0,28.2,20.24,3.3,,,,,,,,,,,,,,,,,,,,,,,,,,,,,,,,,,,,
2023,9,20,21,0,28.5,18.63,2.4,,,,,,,,,,,,,,,,,,,,,,,,,,,,,,,,,,,,
2023,9,20,22,0,28.2,18.16,1.8,,,,,,,,,,,,,,,,,,,,,,,,,,,,,,,,,,,,
2023,9,20,23,0,27.4,18.63,1.5,,,,,,,,,,,,,,,,,,,,,,,,,,,,,,,,,,,,
2023,9,21,0,0,25.6,22.67,2.7,,,,,,,,,,,,,,,,,,,,,,,,,,,,,,,,,,,,
2023,9,21,1,0,21.1,34.75,4.9,,,,,,,,,,,,,,,,,,,,,,,,,,,,,,,,,,,,
2023,9,21,2,0,19.6,37.01,4.5,,,,,,,,,,,,,,,,,,,,,,,,,,,,,,,,,,,,
2023,9,21,3,0,19.2,37.3,4.3,,,,,,,,,,,,,,,,,,,,,,,,,,,,,,,,,,,,
2023,9,21,4,0,18.9,37.79,4.2,,,,,,,,,,,,,,,,,,,,,,,,,,,,,,,,,,,,
2023,9,21,5,0,18.1,40.1,4.3,,,,,,,,,,,,,,,,,,,,,,,,,,,,,,,,,,,,
2023,9,21,6,0,16.4,46.24,4.8,,,,,,,,,,,,,,,,,,,,,,,,,,,,,,,,,,,,
2023,9,21,7,0,15.3,51.16,5.3,,,,,,,,,,,,,,,,,,,,,,,,,,,,,,,,,,,,
2023,9,21,8,0,15,53.07,5.5,,,,,,,,,,,,,,,,,,,,,,,,,,,,,,,,,,,,
2023,9,21,9,0,14.8,54.01,5.6,,,,,,,,,,,,,,,,,,,,,,,,,,,,,,,,,,,,
2023,9,21,10,0,14.7,55.16,5.8,,,,,,,,,,,,,,,,,,,,,,,,,,,,,,,,,,,,
2023,9,21,11,0,14.6,56.87,6.1,,,,,,,,,,,,,,,,,,,,,,,,,,,,,,,,,,,,
2023,9,21,12,0,14.2,60.27,6.6,,,,,,,,,,,,,,,,,,,,,,,,,,,,,,,,,,,,
2023,9,21,13,0,13.5,65.42,7.1,,,,,,,,,,,,,,,,,,,,,,,,,,,,,,,,,,,,
2023,9,21,14,0,14.3,66.93,8.2,,,,,,,,,,,,,,,,,,,,,,,,,,,,,,,,,,,,
2023,9,21,15,0,14.7,64.67,8.1,,,,,,,,,,,,,,,,,,,,,,,,,,,,,,,,,,,,
2023,9,21,16,0,14.8,62.67,7.7,,,,,,,,,,,,,,,,,,,,,,,,,,,,,,,,,,,,
2023,9,21,17,0,15.2,59.22,7.3,,,,,,,,,,,,,,,,,,,,,,,,,,,,,,,,,,,,
2023,9,21,18,0,15.8,55.89,7,,,,,,,,,,,,,,,,,,,,,,,,,,,,,,,,,,,,
2023,9,21,19,0,16.5,52.89,6.9,,,,,,,,,,,,,,,,,,,,,,,,,,,,,,,,,,,,
2023,9,21,20,0,16.9,50.98,6.7,,,,,,,,,,,,,,,,,,,,,,,,,,,,,,,,,,,,
2023,9,21,21,0,16.6,51.7,6.6,,,,,,,,,,,,,,,,,,,,,,,,,,,,,,,,,,,,
2023,9,21,22,0,15.9,54.56,6.8,,,,,,,,,,,,,,,,,,,,,,,,,,,,,,,,,,,,
2023,9,21,23,0,15.1,58.65,7.1,,,,,,,,,,,,,,,,,,,,,,,,,,,,,,,,,,,,
2023,9,22,0,0,14.2,63.7,7.4,,,,,,,,,,,,,,,,,,,,,,,,,,,,,,,,,,,,
2023,9,22,1,0,13.1,70.59,7.9,,,,,,,,,,,,,,,,,,,,,,,,,,,,,,,,,,,,
2023,9,22,2,0,12.5,74.66,8.1,,,,,,,,,,,,,,,,,,,,,,,,,,,,,,,,,,,,
2023,9,22,3,0,12.1,78.13,8.4,,,,,,,,,,,,,,,,,,,,,,,,,,,,,,,,,,,,
2023,9,22,4,0,11.6,80.97,8.4,,,,,,,,,,,,,,,,,,,,,,,,,,,,,,,,,,,,
2023,9,22,5,0,11.3,81.55,8.3,,,,,,,,,,,,,,,,,,,,,,,,,,,,,,,,,,,,
2023,9,22,6,0,11,81.94,8,,,,,,,,,,,,,,,,,,,,,,,,,,,,,,,,,,,,
2023,9,22,7,0,10.9,81.99,7.9,,,,,,,,,,,,,,,,,,,,,,,,,,,,,,,,,,,,
2023,9,22,8,0,11.3,81.21,8.2,,,,,,,,,,,,,,,,,,,,,,,,,,,,,,,,,,,,
2023,9,22,9,0,11.1,81.64,8.1,,,,,,,,,,,,,,,,,,,,,,,,,,,,,,,,,,,,
2023,9,22,10,0,10.7,82.16,7.8,,,,,,,,,,,,,,,,,,,,,,,,,,,,,,,,,,,,
2023,9,22,11,0,10.4,80.32,7.2,,,,,,,,,,,,,,,,,,,,,,,,,,,,,,,,,,,,
2023,9,22,12,0,10.1,79.47,6.7,,,,,,,,,,,,,,,,,,,,,,,,,,,,,,,,,,,,
2023,9,22,13,0,10.3,78.2,6.7,,,,,,,,,,,,,,,,,,,,,,,,,,,,,,,,,,,,
2023,9,22,14,0,12.1,74.06,7.6,,,,,,,,,,,,,,,,,,,,,,,,,,,,,,,,,,,,
2023,9,22,15,0,13.4,62.41,6.4,,,,,,,,,,,,,,,,,,,,,,,,,,,,,,,,,,,,
2023,9,22,16,0,14.6,53.41,5.2,,,,,,,,,,,,,,,,,,,,,,,,,,,,,,,,,,,,
2023,9,22,17,0,15.5,48.1,4.6,,,,,,,,,,,,,,,,,,,,,,,,,,,,,,,,,,,,
2023,9,22,18,0,16.2,43.61,3.8,,,,,,,,,,,,,,,,,,,,,,,,,,,,,,,,,,,,
2023,9,22,19,0,16.7,38.91,2.6,,,,,,,,,,,,,,,,,,,,,,,,,,,,,,,,,,,,
2023,9,22,20,0,17.1,34.32,1.2,,,,,,,,,,,,,,,,,,,,,,,,,,,,,,,,,,,,
2023,9,22,21,0,17.1,31.13,-0.1,,,,,,,,,,,,,,,,,,,,,,,,,,,,,,,,,,,,
2023,9,22,22,0,16.9,29.31,-1.1,,,,,,,,,,,,,,,,,,,,,,,,,,,,,,,,,,,,
2023,9,22,23,0,16.3,28.98,-1.8,,,,,,,,,,,,,,,,,,,,,,,,,,,,,,,,,,,,
2023,9,23,0,0,15.2,31.17,-1.8,,,,,,,,,,,,,,,,,,,,,,,,,,,,,,,,,,,,
2023,9,23,1,0,12.1,47.03,1.1,,,,,,,,,,,,,,,,,,,,,,,,,,,,,,,,,,,,
2023,9,23,2,0,11.6,46.76,0.6,,,,,,,,,,,,,,,,,,,,,,,,,,,,,,,,,,,,
2023,9,23,3,0,11.7,44.5,0,,,,,,,,,,,,,,,,,,,,,,,,,,,,,,,,,,,,
2023,9,23,4,0,11.7,43.54,-0.3,,,,,,,,,,,,,,,,,,,,,,,,,,,,,,,,,,,,
2023,9,23,5,0,11.7,43.32,-0.4,,,,,,,,,,,,,,,,,,,,,,,,,,,,,,,,,,,,
2023,9,23,6,0,11.6,43.56,-0.4,,,,,,,,,,,,,,,,,,,,,,,,,,,,,,,,,,,,
2023,9,23,7,0,11.4,44.31,-0.3,,,,,,,,,,,,,,,,,,,,,,,,,,,,,,,,,,,,
2023,9,23,8,0,11.1,45.43,-0.3,,,,,,,,,,,,,,,,,,,,,,,,,,,,,,,,,,,,
2023,9,23,9,0,10.7,46.52,-0.3,,,,,,,,,,,,,,,,,,,,,,,,,,,,,,,,,,,,
2023,9,23,10,0,10.3,47.29,-0.4,,,,,,,,,,,,,,,,,,,,,,,,,,,,,,,,,,,,
2023,9,23,11,0,9.8,48.39,-0.6,,,,,,,,,,,,,,,,,,,,,,,,,,,,,,,,,,,,
2023,9,23,12,0,9.1,50.27,-0.7,,,,,,,,,,,,,,,,,,,,,,,,,,,,,,,,,,,,
2023,9,23,13,0,8.7,51.58,-0.7,,,,,,,,,,,,,,,,,,,,,,,,,,,,,,,,,,,,
2023,9,23,14,0,11.2,50.29,1.2,,,,,,,,,,,,,,,,,,,,,,,,,,,,,,,,,,,,
2023,9,23,15,0,14.9,32.6,-1.4,,,,,,,,,,,,,,,,,,,,,,,,,,,,,,,,,,,,
2023,9,23,16,0,17.2,24.41,-3.3,,,,,,,,,,,,,,,,,,,,,,,,,,,,,,,,,,,,
2023,9,23,17,0,19,20.23,-4.3,,,,,,,,,,,,,,,,,,,,,,,,,,,,,,,,,,,,
2023,9,23,18,0,20.6,17.64,-4.8,,,,,,,,,,,,,,,,,,,,,,,,,,,,,,,,,,,,
2023,9,23,19,0,21.8,16.25,-4.9,,,,,,,,,,,,,,,,,,,,,,,,,,,,,,,,,,,,
2023,9,23,20,0,22.4,15.74,-4.9,,,,,,,,,,,,,,,,,,,,,,,,,,,,,,,,,,,,
2023,9,23,21,0,22.7,15.56,-4.8,,,,,,,,,,,,,,,,,,,,,,,,,,,,,,,,,,,,
2023,9,23,22,0,22.4,15.89,-4.8,,,,,,,,,,,,,,,,,,,,,,,,,,,,,,,,,,,,
2023,9,23,23,0,21.6,16.9,-4.6,,,,,,,,,,,,,,,,,,,,,,,,,,,,,,,,,,,,
2023,9,24,0,0,19.5,24.95,-1.1,,,,,,,,,,,,,,,,,,,,,,,,,,,,,,,,,,,,
2023,9,24,1,0,15.8,37.72,1.4,,,,,,,,,,,,,,,,,,,,,,,,,,,,,,,,,,,,
2023,9,24,2,0,14.4,38.19,0.3,,,,,,,,,,,,,,,,,,,,,,,,,,,,,,,,,,,,
2023,9,24,3,0,13.5,39.56,0,,,,,,,,,,,,,,,,,,,,,,,,,,,,,,,,,,,,
2023,9,24,4,0,12.8,40.48,-0.3,,,,,,,,,,,,,,,,,,,,,,,,,,,,,,,,,,,,
2023,9,24,5,0,12.3,41.01,-0.6,,,,,,,,,,,,,,,,,,,,,,,,,,,,,,,,,,,,
2023,9,24,6,0,12,40.96,-0.9,,,,,,,,,,,,,,,,,,,,,,,,,,,,,,,,,,,,
2023,9,24,7,0,12,40.06,-1.2,,,,,,,,,,,,,,,,,,,,,,,,,,,,,,,,,,,,
2023,9,24,8,0,12.2,38.63,-1.5,,,,,,,,,,,,,,,,,,,,,,,,,,,,,,,,,,,,
2023,9,24,9,0,12.3,37.91,-1.7,,,,,,,,,,,,,,,,,,,,,,,,,,,,,,,,,,,,
2023,9,24,10,0,12.2,37.94,-1.7,,,,,,,,,,,,,,,,,,,,,,,,,,,,,,,,,,,,
2023,9,24,11,0,11.8,39.08,-1.7,,,,,,,,,,,,,,,,,,,,,,,,,,,,,,,,,,,,
2023,9,24,12,0,11.1,41.51,-1.5,,,,,,,,,,,,,,,,,,,,,,,,,,,,,,,,,,,,
2023,9,24,13,0,10.6,43.89,-1.2,,,,,,,,,,,,,,,,,,,,,,,,,,,,,,,,,,,,
2023,9,24,14,0,13.1,45.38,1.5,,,,,,,,,,,,,,,,,,,,,,,,,,,,,,,,,,,,
2023,9,24,15,0,17.3,29.33,-0.8,,,,,,,,,,,,,,,,,,,,,,,,,,,,,,,,,,,,
2023,9,24,16,0,20.7,23.65,-0.8,,,,,,,,,,,,,,,,,,,,,,,,,,,,,,,,,,,,
2023,9,24,17,0,22.9,22.02,0.1,,,,,,,,,,,,,,,,,,,,,,,,,,,,,,,,,,,,
2023,9,24,18,0,24.3,21.24,0.7,,,,,,,,,,,,,,,,,,,,,,,,,,,,,,,,,,,,
2023,9,24,19,0,25.2,20.7,1.1,,,,,,,,,,,,,,,,,,,,,,,,,,,,,,,,,,,,
2023,9,24,20,0,25.9,19.95,1.2,,,,,,,,,,,,,,,,,,,,,,,,,,,,,,,,,,,,
2023,9,24,21,0,26.2,20.31,1.7,,,,,,,,,,,,,,,,,,,,,,,,,,,,,,,,,,,,
2023,9,24,22,0,26.1,19.86,1.3,,,,,,,,,,,,,,,,,,,,,,,,,,,,,,,,,,,,
2023,9,24,23,0,25.3,21.25,1.6,,,,,,,,,,,,,,,,,,,,,,,,,,,,,,,,,,,,
2023,9,25,0,0,23.4,29.92,4.8,,,,,,,,,,,,,,,,,,,,,,,,,,,,,,,,,,,,
2023,9,25,1,0,21.4,31.08,3.6,,,,,,,,,,,,,,,,,,,,,,,,,,,,,,,,,,,,
2023,9,25,2,0,19.2,34.97,3.4,,,,,,,,,,,,,,,,,,,,,,,,,,,,,,,,,,,,
2023,9,25,3,0,17.1,40.87,3.7,,,,,,,,,,,,,,,,,,,,,,,,,,,,,,,,,,,,
2023,9,25,4,0,15.9,43.16,3.4,,,,,,,,,,,,,,,,,,,,,,,,,,,,,,,,,,,,
2023,9,25,5,0,15.1,44.16,3,,,,,,,,,,,,,,,,,,,,,,,,,,,,,,,,,,,,
2023,9,25,6,0,14.6,44.56,2.7,,,,,,,,,,,,,,,,,,,,,,,,,,,,,,,,,,,,
2023,9,25,7,0,14.2,44.85,2.4,,,,,,,,,,,,,,,,,,,,,,,,,,,,,,,,,,,,
2023,9,25,8,0,13.8,45.57,2.2,,,,,,,,,,,,,,,,,,,,,,,,,,,,,,,,,,,,
2023,9,25,9,0,13.5,47.24,2.5,,,,,,,,,,,,,,,,,,,,,,,,,,,,,,,,,,,,
2023,9,25,10,0,13.2,48.36,2.5,,,,,,,,,,,,,,,,,,,,,,,,,,,,,,,,,,,,
2023,9,25,11,0,13.2,47.81,2.4,,,,,,,,,,,,,,,,,,,,,,,,,,,,,,,,,,,,
2023,9,25,12,0,13.1,47.24,2.1,,,,,,,,,,,,,,,,,,,,,,,,,,,,,,,,,,,,
2023,9,25,13,0,13,47.4,2.1,,,,,,,,,,,,,,,,,,,,,,,,,,,,,,,,,,,,
2023,9,25,14,0,15.7,48.73,4.9,,,,,,,,,,,,,,,,,,,,,,,,,,,,,,,,,,,,
2023,9,25,15,0,20,35.33,4.2,,,,,,,,,,,,,,,,,,,,,,,,,,,,,,,,,,,,
2023,9,25,16,0,23.5,25.11,2.4,,,,,,,,,,,,,,,,,,,,,,,,,,,,,,,,,,,,
2023,9,25,17,0,25.8,20.67,1.6,,,,,,,,,,,,,,,,,,,,,,,,,,,,,,,,,,,,
2023,9,25,18,0,27.2,18.74,1.4,,,,,,,,,,,,,,,,,,,,,,,,,,,,,,,,,,,,
2023,9,25,19,0,28.3,17.68,1.5,,,,,,,,,,,,,,,,,,,,,,,,,,,,,,,,,,,,
2023,9,25,20,0,28.9,17.08,1.5,,,,,,,,,,,,,,,,,,,,,,,,,,,,,,,,,,,,
2023,9,25,21,0,29.2,16.55,1.3,,,,,,,,,,,,,,,,,,,,,,,,,,,,,,,,,,,,
2023,9,25,22,0,28.9,16.54,1,,,,,,,,,,,,,,,,,,,,,,,,,,,,,,,,,,,,
2023,9,25,23,0,28.1,17.3,1,,,,,,,,,,,,,,,,,,,,,,,,,,,,,,,,,,,,
2023,9,26,0,0,25.9,29.32,6.7,,,,,,,,,,,,,,,,,,,,,,,,,,,,,,,,,,,,
2023,9,26,1,0,24.1,26.46,3.6,,,,,,,,,,,,,,,,,,,,,,,,,,,,,,,,,,,,
2023,9,26,2,0,22.6,28.03,3.2,,,,,,,,,,,,,,,,,,,,,,,,,,,,,,,,,,,,
2023,9,26,3,0,20.5,34.08,4.1,,,,,,,,,,,,,,,,,,,,,,,,,,,,,,,,,,,,
2023,9,26,4,0,18.6,38.42,4.2,,,,,,,,,,,,,,,,,,,,,,,,,,,,,,,,,,,,
2023,9,26,5,0,17,41.88,3.9,,,,,,,,,,,,,,,,,,,,,,,,,,,,,,,,,,,,
2023,9,26,6,0,15.9,44.39,3.8,,,,,,,,,,,,,,,,,,,,,,,,,,,,,,,,,,,,
2023,9,26,7,0,15.1,45.98,3.6,,,,,,,,,,,,,,,,,,,,,,,,,,,,,,,,,,,,
2023,9,26,8,0,14.7,46.11,3.2,,,,,,,,,,,,,,,,,,,,,,,,,,,,,,,,,,,,
2023,9,26,9,0,14.5,45.85,3,,,,,,,,,,,,,,,,,,,,,,,,,,,,,,,,,,,,
2023,9,26,10,0,14.5,45.28,2.8,,,,,,,,,,,,,,,,,,,,,,,,,,,,,,,,,,,,
2023,9,26,11,0,14.6,44.86,2.7,,,,,,,,,,,,,,,,,,,,,,,,,,,,,,,,,,,,
2023,9,26,12,0,15.2,42.96,2.7,,,,,,,,,,,,,,,,,,,,,,,,,,,,,,,,,,,,
2023,9,26,13,0,15.6,41.84,2.7,,,,,,,,,,,,,,,,,,,,,,,,,,,,,,,,,,,,
2023,9,26,14,0,17.8,44.25,5.5,,,,,,,,,,,,,,,,,,,,,,,,,,,,,,,,,,,,
2023,9,26,15,0,22.2,29.01,3.3,,,,,,,,,,,,,,,,,,,,,,,,,,,,,,,,,,,,
2023,9,26,16,0,25.5,23.15,2.9,,,,,,,,,,,,,,,,,,,,,,,,,,,,,,,,,,,,
2023,9,26,17,0,27.2,20.97,3,,,,,,,,,,,,,,,,,,,,,,,,,,,,,,,,,,,,
2023,9,26,18,0,28.3,19.5,2.8,,,,,,,,,,,,,,,,,,,,,,,,,,,,,,,,,,,,
2023,9,26,19,0,29,18.46,2.6,,,,,,,,,,,,,,,,,,,,,,,,,,,,,,,,,,,,
2023,9,26,20,0,29.4,17.82,2.5,,,,,,,,,,,,,,,,,,,,,,,,,,,,,,,,,,,,
2023,9,26,21,0,29.4,17.69,2.4,,,,,,,,,,,,,,,,,,,,,,,,,,,,,,,,,,,,
2023,9,26,22,0,29,18.08,2.3,,,,,,,,,,,,,,,,,,,,,,,,,,,,,,,,,,,,
2023,9,26,23,0,28.1,19.21,2.5,,,,,,,,,,,,,,,,,,,,,,,,,,,,,,,,,,,,
2023,9,27,0,0,25.7,31.53,7.6,,,,,,,,,,,,,,,,,,,,,,,,,,,,,,,,,,,,
2023,9,27,1,0,23.7,30.99,5.6,,,,,,,,,,,,,,,,,,,,,,,,,,,,,,,,,,,,
2023,9,27,2,0,22.8,31.18,4.9,,,,,,,,,,,,,,,,,,,,,,,,,,,,,,,,,,,,
2023,9,27,3,0,21.2,35,5.1,,,,,,,,,,,,,,,,,,,,,,,,,,,,,,,,,,,,
2023,9,27,4,0,19.7,37.92,5,,,,,,,,,,,,,,,,,,,,,,,,,,,,,,,,,,,,
2023,9,27,5,0,18.5,40.17,4.7,,,,,,,,,,,,,,,,,,,,,,,,,,,,,,,,,,,,
2023,9,27,6,0,17.6,41.36,4.3,,,,,,,,,,,,,,,,,,,,,,,,,,,,,,,,,,,,
2023,9,27,7,0,16.8,42.4,3.9,,,,,,,,,,,,,,,,,,,,,,,,,,,,,,,,,,,,
2023,9,27,8,0,16,43.97,3.7,,,,,,,,,,,,,,,,,,,,,,,,,,,,,,,,,,,,
2023,9,27,9,0,15.4,45.53,3.7,,,,,,,,,,,,,,,,,,,,,,,,,,,,,,,,,,,,
2023,9,27,10,0,15,46.24,3.5,,,,,,,,,,,,,,,,,,,,,,,,,,,,,,,,,,,,
2023,9,27,11,0,14.7,46.6,3.4,,,,,,,,,,,,,,,,,,,,,,,,,,,,,,,,,,,,
2023,9,27,12,0,14.4,46.91,3.2,,,,,,,,,,,,,,,,,,,,,,,,,,,,,,,,,,,,
2023,9,27,13,0,14.1,47.44,3.1,,,,,,,,,,,,,,,,,,,,,,,,,,,,,,,,,,,,
2023,9,27,14,0,17,45.02,5,,,,,,,,,,,,,,,,,,,,,,,,,,,,,,,,,,,,
2023,9,27,15,0,21.7,29.78,3.3,,,,,,,,,,,,,,,,,,,,,,,,,,,,,,,,,,,,
2023,9,27,16,0,24.7,22.01,1.6,,,,,,,,,,,,,,,,,,,,,,,,,,,,,,,,,,,,
2023,9,27,17,0,26.8,18.84,1.1,,,,,,,,,,,,,,,,,,,,,,,,,,,,,,,,,,,,
2023,9,27,18,0,28,17.03,0.7,,,,,,,,,,,,,,,,,,,,,,,,,,,,,,,,,,,,
2023,9,27,19,0,28.8,16.09,0.6,,,,,,,,,,,,,,,,,,,,,,,,,,,,,,,,,,,,
2023,9,27,20,0,29.1,15.79,0.5,,,,,,,,,,,,,,,,,,,,,,,,,,,,,,,,,,,,
2023,9,27,21,0,29.1,15.74,0.5,,,,,,,,,,,,,,,,,,,,,,,,,,,,,,,,,,,,
2023,9,27,22,0,28.6,16.21,0.5,,,,,,,,,,,,,,,,,,,,,,,,,,,,,,,,,,,,
2023,9,27,23,0,27.5,17.3,0.5,,,,,,,,,,,,,,,,,,,,,,,,,,,,,,,,,,,,
2023,9,28,0,0,24.4,27.95,4.7,,,,,,,,,,,,,,,,,,,,,,,,,,,,,,,,,,,,
2023,9,28,1,0,20.7,35.43,4.9,,,,,,,,,,,,,,,,,,,,,,,,,,,,,,,,,,,,
2023,9,28,2,0,19.6,35.11,3.8,,,,,,,,,,,,,,,,,,,,,,,,,,,,,,,,,,,,
2023,9,28,3,0,18.9,36.07,3.5,,,,,,,,,,,,,,,,,,,,,,,,,,,,,,,,,,,,
2023,9,28,4,0,18.1,37.99,3.6,,,,,,,,,,,,,,,,,,,,,,,,,,,,,,,,,,,,
2023,9,28,5,0,16.9,41.24,3.6,,,,,,,,,,,,,,,,,,,,,,,,,,,,,,,,,,,,
2023,9,28,6,0,15.6,45.41,3.8,,,,,,,,,,,,,,,,,,,,,,,,,,,,,,,,,,,,
2023,9,28,7,0,14.5,49.22,4,,,,,,,,,,,,,,,,,,,,,,,,,,,,,,,,,,,,
2023,9,28,8,0,13.8,51.59,4,,,,,,,,,,,,,,,,,,,,,,,,,,,,,,,,,,,,
2023,9,28,9,0,13.1,53.76,3.9,,,,,,,,,,,,,,,,,,,,,,,,,,,,,,,,,,,,
2023,9,28,10,0,12.8,54.58,3.9,,,,,,,,,,,,,,,,,,,,,,,,,,,,,,,,,,,,
2023,9,28,11,0,12.7,54.74,3.8,,,,,,,,,,,,,,,,,,,,,,,,,,,,,,,,,,,,
2023,9,28,12,0,12.6,54.35,3.6,,,,,,,,,,,,,,,,,,,,,,,,,,,,,,,,,,,,
2023,9,28,13,0,12.7,53.6,3.5,,,,,,,,,,,,,,,,,,,,,,,,,,,,,,,,,,,,
2023,9,28,14,0,14.3,52.58,4.7,,,,,,,,,,,,,,,,,,,,,,,,,,,,,,,,,,,,
2023,9,28,15,0,17.1,38.41,2.8,,,,,,,,,,,,,,,,,,,,,,,,,,,,,,,,,,,,
2023,9,28,16,0,20.1,29.5,1.7,,,,,,,,,,,,,,,,,,,,,,,,,,,,,,,,,,,,
2023,9,28,17,0,22.1,25.63,1.5,,,,,,,,,,,,,,,,,,,,,,,,,,,,,,,,,,,,
2023,9,28,18,0,23.3,23.74,1.4,,,,,,,,,,,,,,,,,,,,,,,,,,,,,,,,,,,,
2023,9,28,19,0,24.3,22.46,1.5,,,,,,,,,,,,,,,,,,,,,,,,,,,,,,,,,,,,
2023,9,28,20,0,24.8,21.84,1.5,,,,,,,,,,,,,,,,,,,,,,,,,,,,,,,,,,,,
2023,9,28,21,0,25,21.47,1.5,,,,,,,,,,,,,,,,,,,,,,,,,,,,,,,,,,,,
2023,9,28,22,0,24.7,21.7,1.4,,,,,,,,,,,,,,,,,,,,,,,,,,,,,,,,,,,,
2023,9,28,23,0,23.8,22.9,1.4,,,,,,,,,,,,,,,,,,,,,,,,,,,,,,,,,,,,
2023,9,29,0,0,21.6,30.18,3.4,,,,,,,,,,,,,,,,,,,,,,,,,,,,,,,,,,,,
2023,9,29,1,0,17.8,43.75,5.3,,,,,,,,,,,,,,,,,,,,,,,,,,,,,,,,,,,,
2023,9,29,2,0,16.4,46.65,4.9,,,,,,,,,,,,,,,,,,,,,,,,,,,,,,,,,,,,
2023,9,29,3,0,15.6,48.24,4.7,,,,,,,,,,,,,,,,,,,,,,,,,,,,,,,,,,,,
2023,9,29,4,0,15.1,48.65,4.4,,,,,,,,,,,,,,,,,,,,,,,,,,,,,,,,,,,,
2023,9,29,5,0,15,47.51,3.9,,,,,,,,,,,,,,,,,,,,,,,,,,,,,,,,,,,,
2023,9,29,6,0,15,46,3.5,,,,,,,,,,,,,,,,,,,,,,,,,,,,,,,,,,,,
2023,9,29,7,0,15.1,44.52,3.1,,,,,,,,,,,,,,,,,,,,,,,,,,,,,,,,,,,,
2023,9,29,8,0,15.3,42.91,2.8,,,,,,,,,,,,,,,,,,,,,,,,,,,,,,,,,,,,
2023,9,29,9,0,15.1,42.89,2.6,,,,,,,,,,,,,,,,,,,,,,,,,,,,,,,,,,,,
2023,9,29,10,0,14.7,43.91,2.5,,,,,,,,,,,,,,,,,,,,,,,,,,,,,,,,,,,,
2023,9,29,11,0,14.4,44.74,2.5,,,,,,,,,,,,,,,,,,,,,,,,,,,,,,,,,,,,
2023,9,29,12,0,13.8,46.25,2.4,,,,,,,,,,,,,,,,,,,,,,,,,,,,,,,,,,,,
2023,9,29,13,0,12.9,48.28,2.2,,,,,,,,,,,,,,,,,,,,,,,,,,,,,,,,,,,,
2023,9,29,14,0,14.2,50.16,4,,,,,,,,,,,,,,,,,,,,,,,,,,,,,,,,,,,,
2023,9,29,15,0,17.9,34.06,1.8,,,,,,,,,,,,,,,,,,,,,,,,,,,,,,,,,,,,
2023,9,29,16,0,20.9,26.38,0.9,,,,,,,,,,,,,,,,,,,,,,,,,,,,,,,,,,,,
2023,9,29,17,0,23.5,21.33,0.1,,,,,,,,,,,,,,,,,,,,,,,,,,,,,,,,,,,,
2023,9,29,18,0,25.4,18.5,-0.3,,,,,,,,,,,,,,,,,,,,,,,,,,,,,,,,,,,,
2023,9,29,19,0,26.7,17.11,-0.3,,,,,,,,,,,,,,,,,,,,,,,,,,,,,,,,,,,,
2023,9,29,20,0,27.4,17.01,0.2,,,,,,,,,,,,,,,,,,,,,,,,,,,,,,,,,,,,
2023,9,29,21,0,27.7,16.88,0.3,,,,,,,,,,,,,,,,,,,,,,,,,,,,,,,,,,,,
2023,9,29,22,0,27.6,16.99,0.3,,,,,,,,,,,,,,,,,,,,,,,,,,,,,,,,,,,,
2023,9,29,23,0,27,17.44,0.2,,,,,,,,,,,,,,,,,,,,,,,,,,,,,,,,,,,,
2023,9,30,0,0,24.2,29.68,5.4,,,,,,,,,,,,,,,,,,,,,,,,,,,,,,,,,,,,
2023,9,30,1,0,20.5,36.24,5,,,,,,,,,,,,,,,,,,,,,,,,,,,,,,,,,,,,
2023,9,30,2,0,18.8,38.01,4.2,,,,,,,,,,,,,,,,,,,,,,,,,,,,,,,,,,,,
2023,9,30,3,0,17.9,37.99,3.4,,,,,,,,,,,,,,,,,,,,,,,,,,,,,,,,,,,,
2023,9,30,4,0,17.3,38.86,3.2,,,,,,,,,,,,,,,,,,,,,,,,,,,,,,,,,,,,
2023,9,30,5,0,16.6,39.97,2.9,,,,,,,,,,,,,,,,,,,,,,,,,,,,,,,,,,,,
2023,9,30,6,0,16.1,40.12,2.5,,,,,,,,,,,,,,,,,,,,,,,,,,,,,,,,,,,,
2023,9,30,7,0,15.7,40.61,2.3,,,,,,,,,,,,,,,,,,,,,,,,,,,,,,,,,,,,
2023,9,30,8,0,15.6,40.77,2.3,,,,,,,,,,,,,,,,,,,,,,,,,,,,,,,,,,,,
2023,9,30,9,0,15.6,41.03,2.4,,,,,,,,,,,,,,,,,,,,,,,,,,,,,,,,,,,,
2023,9,30,10,0,15.4,41.79,2.5,,,,,,,,,,,,,,,,,,,,,,,,,,,,,,,,,,,,
2023,9,30,11,0,15.2,42.25,2.4,,,,,,,,,,,,,,,,,,,,,,,,,,,,,,,,,,,,
2023,9,30,12,0,15,42.51,2.4,,,,,,,,,,,,,,,,,,,,,,,,,,,,,,,,,,,,
2023,9,30,13,0,15.1,41.99,2.3,,,,,,,,,,,,,,,,,,,,,,,,,,,,,,,,,,,,
2023,9,30,14,0,17.5,37.11,2.7,,,,,,,,,,,,,,,,,,,,,,,,,,,,,,,,,,,,
2023,9,30,15,0,20.9,28.67,2,,,,,,,,,,,,,,,,,,,,,,,,,,,,,,,,,,,,
2023,9,30,16,0,23.1,23.26,1,,,,,,,,,,,,,,,,,,,,,,,,,,,,,,,,,,,,
2023,9,30,17,0,24.5,20.4,0.3,,,,,,,,,,,,,,,,,,,,,,,,,,,,,,,,,,,,
2023,9,30,18,0,25.5,19.03,0.2,,,,,,,,,,,,,,,,,,,,,,,,,,,,,,,,,,,,
2023,9,30,19,0,26.1,18.56,0.3,,,,,,,,,,,,,,,,,,,,,,,,,,,,,,,,,,,,
2023,9,30,20,0,25.9,19.19,0.6,,,,,,,,,,,,,,,,,,,,,,,,,,,,,,,,,,,,
2023,9,30,21,0,25.5,20.32,1.1,,,,,,,,,,,,,,,,,,,,,,,,,,,,,,,,,,,,
2023,9,30,22,0,24.7,22.65,2,,,,,,,,,,,,,,,,,,,,,,,,,,,,,,,,,,,,
2023,9,30,23,0,23.3,27.65,3.6,,,,,,,,,,,,,,,,,,,,,,,,,,,,,,,,,,,,
2023,10,1,0,0,21.1,35.47,5.2,,,,,,,,,,,,,,,,,,,,,,,,,,,,,,,,,,,,
2023,10,1,1,0,19.2,43.41,6.5,,,,,,,,,,,,,,,,,,,,,,,,,,,,,,,,,,,,
2023,10,1,2,0,17.7,52.02,7.7,,,,,,,,,,,,,,,,,,,,,,,,,,,,,,,,,,,,
2023,10,1,3,0,16.4,59.71,8.5,,,,,,,,,,,,,,,,,,,,,,,,,,,,,,,,,,,,
2023,10,1,4,0,15.8,63.7,8.9,,,,,,,,,,,,,,,,,,,,,,,,,,,,,,,,,,,,
2023,10,1,5,0,15.7,64.41,9,,,,,,,,,,,,,,,,,,,,,,,,,,,,,,,,,,,,
2023,10,1,6,0,15.4,67.03,9.3,,,,,,,,,,,,,,,,,,,,,,,,,,,,,,,,,,,,
2023,10,1,7,0,14.9,71.45,9.8,,,,,,,,,,,,,,,,,,,,,,,,,,,,,,,,,,,,
2023,10,1,8,0,14.5,74.02,9.9,,,,,,,,,,,,,,,,,,,,,,,,,,,,,,,,,,,,
2023,10,1,9,0,14.1,75.31,9.8,,,,,,,,,,,,,,,,,,,,,,,,,,,,,,,,,,,,
2023,10,1,10,0,13.1,80.01,9.7,,,,,,,,,,,,,,,,,,,,,,,,,,,,,,,,,,,,
2023,10,1,11,0,12.4,79.16,8.9,,,,,,,,,,,,,,,,,,,,,,,,,,,,,,,,,,,,
2023,10,1,12,0,12.2,75.23,7.9,,,,,,,,,,,,,,,,,,,,,,,,,,,,,,,,,,,,
2023,10,1,13,0,11.9,71.16,6.8,,,,,,,,,,,,,,,,,,,,,,,,,,,,,,,,,,,,
2023,10,1,14,0,12.6,64.74,6.1,,,,,,,,,,,,,,,,,,,,,,,,,,,,,,,,,,,,
2023,10,1,15,0,14,54.61,5,,,,,,,,,,,,,,,,,,,,,,,,,,,,,,,,,,,,
2023,10,1,16,0,15.3,45.61,3.6,,,,,,,,,,,,,,,,,,,,,,,,,,,,,,,,,,,,
2023,10,1,17,0,16.4,39.9,2.7,,,,,,,,,,,,,,,,,,,,,,,,,,,,,,,,,,,,
2023,10,1,18,0,17.5,35.51,2.1,,,,,,,,,,,,,,,,,,,,,,,,,,,,,,,,,,,,
2023,10,1,19,0,18.6,31.8,1.5,,,,,,,,,,,,,,,,,,,,,,,,,,,,,,,,,,,,
2023,10,1,20,0,19.4,29.11,1,,,,,,,,,,,,,,,,,,,,,,,,,,,,,,,,,,,,
2023,10,1,21,0,19.8,27.43,0.5,,,,,,,,,,,,,,,,,,,,,,,,,,,,,,,,,,,,
2023,10,1,22,0,19.8,26.72,0.1,,,,,,,,,,,,,,,,,,,,,,,,,,,,,,,,,,,,
2023,10,1,23,0,19.2,27.55,0,,,,,,,,,,,,,,,,,,,,,,,,,,,,,,,,,,,,
2023,10,2,0,0,17.5,36.01,2.3,,,,,,,,,,,,,,,,,,,,,,,,,,,,,,,,,,,,
2023,10,2,1,0,14.9,48.58,4.2,,,,,,,,,,,,,,,,,,,,,,,,,,,,,,,,,,,,
2023,10,2,2,0,14.6,48.04,3.7,,,,,,,,,,,,,,,,,,,,,,,,,,,,,,,,,,,,
2023,10,2,3,0,14.5,47.79,3.6,,,,,,,,,,,,,,,,,,,,,,,,,,,,,,,,,,,,
2023,10,2,4,0,14.1,49.73,3.8,,,,,,,,,,,,,,,,,,,,,,,,,,,,,,,,,,,,
2023,10,2,5,0,13.8,50.81,3.8,,,,,,,,,,,,,,,,,,,,,,,,,,,,,,,,,,,,
2023,10,2,6,0,13.1,52.64,3.6,,,,,,,,,,,,,,,,,,,,,,,,,,,,,,,,,,,,
2023,10,2,7,0,12.1,56.31,3.7,,,,,,,,,,,,,,,,,,,,,,,,,,,,,,,,,,,,
2023,10,2,8,0,11.4,60.36,4,,,,,,,,,,,,,,,,,,,,,,,,,,,,,,,,,,,,
2023,10,2,9,0,11.2,63.29,4.5,,,,,,,,,,,,,,,,,,,,,,,,,,,,,,,,,,,,
2023,10,2,10,0,11.1,67.63,5.3,,,,,,,,,,,,,,,,,,,,,,,,,,,,,,,,,,,,
2023,10,2,11,0,10.9,71.79,6,,,,,,,,,,,,,,,,,,,,,,,,,,,,,,,,,,,,
2023,10,2,12,0,10.6,74.74,6.3,,,,,,,,,,,,,,,,,,,,,,,,,,,,,,,,,,,,
2023,10,2,13,0,10.5,75.81,6.4,,,,,,,,,,,,,,,,,,,,,,,,,,,,,,,,,,,,
2023,10,2,14,0,11.5,76.19,7.5,,,,,,,,,,,,,,,,,,,,,,,,,,,,,,,,,,,,
2023,10,2,15,0,12.9,68.57,7.3,,,,,,,,,,,,,,,,,,,,,,,,,,,,,,,,,,,,
2023,10,2,16,0,13.5,61.98,6.4,,,,,,,,,,,,,,,,,,,,,,,,,,,,,,,,,,,,
2023,10,2,17,0,13.7,59.1,5.9,,,,,,,,,,,,,,,,,,,,,,,,,,,,,,,,,,,,
2023,10,2,18,0,13.6,57.59,5.4,,,,,,,,,,,,,,,,,,,,,,,,,,,,,,,,,,,,
2023,10,2,19,0,13.4,57.49,5.2,,,,,,,,,,,,,,,,,,,,,,,,,,,,,,,,,,,,
2023,10,2,20,0,13,58.92,5.2,,,,,,,,,,,,,,,,,,,,,,,,,,,,,,,,,,,,
2023,10,2,21,0,12.9,58.46,4.9,,,,,,,,,,,,,,,,,,,,,,,,,,,,,,,,,,,,
2023,10,2,22,0,12.8,57.61,4.6,,,,,,,,,,,,,,,,,,,,,,,,,,,,,,,,,,,,
2023,10,2,23,0,12.2,58.93,4.4,,,,,,,,,,,,,,,,,,,,,,,,,,,,,,,,,,,,
2023,10,3,0,0,11.2,63.19,4.5,,,,,,,,,,,,,,,,,,,,,,,,,,,,,,,,,,,,
2023,10,3,1,0,10.1,72.66,5.4,,,,,,,,,,,,,,,,,,,,,,,,,,,,,,,,,,,,
2023,10,3,2,0,9.7,74.14,5.3,,,,,,,,,,,,,,,,,,,,,,,,,,,,,,,,,,,,
2023,10,3,3,0,9.8,71.38,4.9,,,,,,,,,,,,,,,,,,,,,,,,,,,,,,,,,,,,
2023,10,3,4,0,9.7,70.99,4.7,,,,,,,,,,,,,,,,,,,,,,,,,,,,,,,,,,,,
2023,10,3,5,0,9.2,70.89,4.2,,,,,,,,,,,,,,,,,,,,,,,,,,,,,,,,,,,,
2023,10,3,6,0,8.8,71.71,4,,,,,,,,,,,,,,,,,,,,,,,,,,,,,,,,,,,,
2023,10,3,7,0,8.7,71.35,3.8,,,,,,,,,,,,,,,,,,,,,,,,,,,,,,,,,,,,
2023,10,3,8,0,8.8,71.08,3.8,,,,,,,,,,,,,,,,,,,,,,,,,,,,,,,,,,,,
2023,10,3,9,0,8.9,70.53,3.8,,,,,,,,,,,,,,,,,,,,,,,,,,,,,,,,,,,,
2023,10,3,10,0,8.9,70.58,3.8,,,,,,,,,,,,,,,,,,,,,,,,,,,,,,,,,,,,
2023,10,3,11,0,9,70.04,3.8,,,,,,,,,,,,,,,,,,,,,,,,,,,,,,,,,,,,
2023,10,3,12,0,9,69.29,3.7,,,,,,,,,,,,,,,,,,,,,,,,,,,,,,,,,,,,
2023,10,3,13,0,8.6,68.84,3.2,,,,,,,,,,,,,,,,,,,,,,,,,,,,,,,,,,,,
2023,10,3,14,0,9.8,70.56,4.7,,,,,,,,,,,,,,,,,,,,,,,,,,,,,,,,,,,,
2023,10,3,15,0,11,66.3,5,,,,,,,,,,,,,,,,,,,,,,,,,,,,,,,,,,,,
2023,10,3,16,0,11.5,63.12,4.7,,,,,,,,,,,,,,,,,,,,,,,,,,,,,,,,,,,,
2023,10,3,17,0,11.8,61.13,4.6,,,,,,,,,,,,,,,,,,,,,,,,,,,,,,,,,,,,
2023,10,3,18,0,12.1,58.89,4.3,,,,,,,,,,,,,,,,,,,,,,,,,,,,,,,,,,,,
2023,10,3,19,0,12.7,56.25,4.2,,,,,,,,,,,,,,,,,,,,,,,,,,,,,,,,,,,,
2023,10,3,20,0,13.7,52.53,4.2,,,,,,,,,,,,,,,,,,,,,,,,,,,,,,,,,,,,
2023,10,3,21,0,14.4,50.15,4.1,,,,,,,,,,,,,,,,,,,,,,,,,,,,,,,,,,,,
2023,10,3,22,0,14.3,50.64,4.2,,,,,,,,,,,,,,,,,,,,,,,,,,,,,,,,,,,,
2023,10,3,23,0,13.8,52.71,4.3,,,,,,,,,,,,,,,,,,,,,,,,,,,,,,,,,,,,
2023,10,4,0,0,12.7,58.58,4.8,,,,,,,,,,,,,,,,,,,,,,,,,,,,,,,,,,,,
2023,10,4,1,0,11.2,66.32,5.2,,,,,,,,,,,,,,,,,,,,,,,,,,,,,,,,,,,,
2023,10,4,2,0,10.8,66.84,4.9,,,,,,,,,,,,,,,,,,,,,,,,,,,,,,,,,,,,
2023,10,4,3,0,10.5,68.2,4.9,,,,,,,,,,,,,,,,,,,,,,,,,,,,,,,,,,,,
2023,10,4,4,0,10.4,69.33,5,,,,,,,,,,,,,,,,,,,,,,,,,,,,,,,,,,,,
2023,10,4,5,0,10.4,70.2,5.2,,,,,,,,,,,,,,,,,,,,,,,,,,,,,,,,,,,,
2023,10,4,6,0,10.4,71.37,5.4,,,,,,,,,,,,,,,,,,,,,,,,,,,,,,,,,,,,
2023,10,4,7,0,10.3,73.33,5.7,,,,,,,,,,,,,,,,,,,,,,,,,,,,,,,,,,,,
2023,10,4,8,0,10.3,74.95,6.1,,,,,,,,,,,,,,,,,,,,,,,,,,,,,,,,,,,,
2023,10,4,9,0,10.2,76.85,6.3,,,,,,,,,,,,,,,,,,,,,,,,,,,,,,,,,,,,
2023,10,4,10,0,10.1,78.68,6.6,,,,,,,,,,,,,,,,,,,,,,,,,,,,,,,,,,,,
2023,10,4,11,0,10,80.13,6.7,,,,,,,,,,,,,,,,,,,,,,,,,,,,,,,,,,,,
2023,10,4,12,0,9.9,81.47,6.9,,,,,,,,,,,,,,,,,,,,,,,,,,,,,,,,,,,,
2023,10,4,13,0,9.8,82.86,7,,,,,,,,,,,,,,,,,,,,,,,,,,,,,,,,,,,,
2023,10,4,14,0,11,81.54,8,,,,,,,,,,,,,,,,,,,,,,,,,,,,,,,,,,,,
2023,10,4,15,0,12.5,74.54,8.1,,,,,,,,,,,,,,,,,,,,,,,,,,,,,,,,,,,,
2023,10,4,16,0,13.8,65.68,7.5,,,,,,,,,,,,,,,,,,,,,,,,,,,,,,,,,,,,
2023,10,4,17,0,15.5,55.13,6.5,,,,,,,,,,,,,,,,,,,,,,,,,,,,,,,,,,,,
2023,10,4,18,0,16.9,48.28,5.9,,,,,,,,,,,,,,,,,,,,,,,,,,,,,,,,,,,,
2023,10,4,19,0,17.8,44.72,5.6,,,,,,,,,,,,,,,,,,,,,,,,,,,,,,,,,,,,
2023,10,4,20,0,18.4,42.23,5.3,,,,,,,,,,,,,,,,,,,,,,,,,,,,,,,,,,,,
2023,10,4,21,0,18.5,40.96,5,,,,,,,,,,,,,,,,,,,,,,,,,,,,,,,,,,,,
2023,10,4,22,0,18.3,40.34,4.6,,,,,,,,,,,,,,,,,,,,,,,,,,,,,,,,,,,,
2023,10,4,23,0,17.5,41.51,4.3,,,,,,,,,,,,,,,,,,,,,,,,,,,,,,,,,,,,
2023,10,5,0,0,15.8,47.65,4.7,,,,,,,,,,,,,,,,,,,,,,,,,,,,,,,,,,,,
2023,10,5,1,0,13.1,58.49,5.1,,,,,,,,,,,,,,,,,,,,,,,,,,,,,,,,,,,,
2023,10,5,2,0,12.6,58.65,4.7,,,,,,,,,,,,,,,,,,,,,,,,,,,,,,,,,,,,
2023,10,5,3,0,12.3,58.94,4.5,,,,,,,,,,,,,,,,,,,,,,,,,,,,,,,,,,,,
2023,10,5,4,0,11.9,59.99,4.4,,,,,,,,,,,,,,,,,,,,,,,,,,,,,,,,,,,,
2023,10,5,5,0,11.5,61.12,4.3,,,,,,,,,,,,,,,,,,,,,,,,,,,,,,,,,,,,
2023,10,5,6,0,11.2,61.98,4.2,,,,,,,,,,,,,,,,,,,,,,,,,,,,,,,,,,,,
2023,10,5,7,0,10.9,62.95,4.1,,,,,,,,,,,,,,,,,,,,,,,,,,,,,,,,,,,,
2023,10,5,8,0,10.7,63.51,4.1,,,,,,,,,,,,,,,,,,,,,,,,,,,,,,,,,,,,
2023,10,5,9,0,10.5,64.16,4,,,,,,,,,,,,,,,,,,,,,,,,,,,,,,,,,,,,
2023,10,5,10,0,10.3,65.1,4,,,,,,,,,,,,,,,,,,,,,,,,,,,,,,,,,,,,
2023,10,5,11,0,10,66.21,4,,,,,,,,,,,,,,,,,,,,,,,,,,,,,,,,,,,,
2023,10,5,12,0,9.7,67.03,3.9,,,,,,,,,,,,,,,,,,,,,,,,,,,,,,,,,,,,
2023,10,5,13,0,9.5,67.4,3.8,,,,,,,,,,,,,,,,,,,,,,,,,,,,,,,,,,,,
2023,10,5,14,0,10.8,64.36,4.3,,,,,,,,,,,,,,,,,,,,,,,,,,,,,,,,,,,,
2023,10,5,15,0,14.1,50.29,3.9,,,,,,,,,,,,,,,,,,,,,,,,,,,,,,,,,,,,
2023,10,5,16,0,16.9,40.17,3.3,,,,,,,,,,,,,,,,,,,,,,,,,,,,,,,,,,,,
2023,10,5,17,0,19,34.42,3,,,,,,,,,,,,,,,,,,,,,,,,,,,,,,,,,,,,
2023,10,5,18,0,20.4,31.83,3.1,,,,,,,,,,,,,,,,,,,,,,,,,,,,,,,,,,,,
2023,10,5,19,0,21.2,30.83,3.3,,,,,,,,,,,,,,,,,,,,,,,,,,,,,,,,,,,,
2023,10,5,20,0,21.7,30.29,3.5,,,,,,,,,,,,,,,,,,,,,,,,,,,,,,,,,,,,
2023,10,5,21,0,21.7,30.63,3.7,,,,,,,,,,,,,,,,,,,,,,,,,,,,,,,,,,,,
2023,10,5,22,0,21.2,31.82,3.8,,,,,,,,,,,,,,,,,,,,,,,,,,,,,,,,,,,,
2023,10,5,23,0,20.1,34.36,3.9,,,,,,,,,,,,,,,,,,,,,,,,,,,,,,,,,,,,
2023,10,6,0,0,17.8,43.37,5.2,,,,,,,,,,,,,,,,,,,,,,,,,,,,,,,,,,,,
2023,10,6,1,0,14.2,57.11,5.8,,,,,,,,,,,,,,,,,,,,,,,,,,,,,,,,,,,,
2023,10,6,2,0,13.4,58.35,5.4,,,,,,,,,,,,,,,,,,,,,,,,,,,,,,,,,,,,
2023,10,6,3,0,13.1,58.53,5.2,,,,,,,,,,,,,,,,,,,,,,,,,,,,,,,,,,,,
2023,10,6,4,0,12.8,59.2,5,,,,,,,,,,,,,,,,,,,,,,,,,,,,,,,,,,,,
2023,10,6,5,0,12.5,60.14,5,,,,,,,,,,,,,,,,,,,,,,,,,,,,,,,,,,,,
2023,10,6,6,0,12.1,61.59,4.9,,,,,,,,,,,,,,,,,,,,,,,,,,,,,,,,,,,,
2023,10,6,7,0,11.7,63.01,4.9,,,,,,,,,,,,,,,,,,,,,,,,,,,,,,,,,,,,
2023,10,6,8,0,11.2,64.78,4.8,,,,,,,,,,,,,,,,,,,,,,,,,,,,,,,,,,,,
2023,10,6,9,0,10.8,66.18,4.7,,,,,,,,,,,,,,,,,,,,,,,,,,,,,,,,,,,,
2023,10,6,10,0,10.5,67.3,4.7,,,,,,,,,,,,,,,,,,,,,,,,,,,,,,,,,,,,
2023,10,6,11,0,10.2,68.12,4.6,,,,,,,,,,,,,,,,,,,,,,,,,,,,,,,,,,,,
2023,10,6,12,0,9.9,68.74,4.4,,,,,,,,,,,,,,,,,,,,,,,,,,,,,,,,,,,,
2023,10,6,13,0,9.8,68.37,4.2,,,,,,,,,,,,,,,,,,,,,,,,,,,,,,,,,,,,
2023,10,6,14,0,11.6,63.02,4.8,,,,,,,,,,,,,,,,,,,,,,,,,,,,,,,,,,,,
2023,10,6,15,0,14.9,49.94,4.5,,,,,,,,,,,,,,,,,,,,,,,,,,,,,,,,,,,,
2023,10,6,16,0,18.5,37.8,3.8,,,,,,,,,,,,,,,,,,,,,,,,,,,,,,,,,,,,
2023,10,6,17,0,20.9,31.55,3.4,,,,,,,,,,,,,,,,,,,,,,,,,,,,,,,,,,,,
2023,10,6,18,0,22.5,29.38,3.8,,,,,,,,,,,,,,,,,,,,,,,,,,,,,,,,,,,,
2023,10,6,19,0,23.5,28.8,4.3,,,,,,,,,,,,,,,,,,,,,,,,,,,,,,,,,,,,
2023,10,6,20,0,24.1,27.86,4.4,,,,,,,,,,,,,,,,,,,,,,,,,,,,,,,,,,,,
2023,10,6,21,0,24.2,27.64,4.4,,,,,,,,,,,,,,,,,,,,,,,,,,,,,,,,,,,,
2023,10,6,22,0,23.8,28.14,4.3,,,,,,,,,,,,,,,,,,,,,,,,,,,,,,,,,,,,
2023,10,6,23,0,22.8,29.99,4.3,,,,,,,,,,,,,,,,,,,,,,,,,,,,,,,,,,,,
2023,10,7,0,0,20,41.59,6.6,,,,,,,,,,,,,,,,,,,,,,,,,,,,,,,,,,,,
2023,10,7,1,0,16.6,50.58,6.3,,,,,,,,,,,,,,,,,,,,,,,,,,,,,,,,,,,,
2023,10,7,2,0,15.4,53.5,6,,,,,,,,,,,,,,,,,,,,,,,,,,,,,,,,,,,,
2023,10,7,3,0,14.6,55.1,5.7,,,,,,,,,,,,,,,,,,,,,,,,,,,,,,,,,,,,
2023,10,7,4,0,14.2,55.33,5.4,,,,,,,,,,,,,,,,,,,,,,,,,,,,,,,,,,,,
2023,10,7,5,0,13.6,56.64,5.1,,,,,,,,,,,,,,,,,,,,,,,,,,,,,,,,,,,,
2023,10,7,6,0,12.9,58.62,5,,,,,,,,,,,,,,,,,,,,,,,,,,,,,,,,,,,,
2023,10,7,7,0,12.2,60.61,4.8,,,,,,,,,,,,,,,,,,,,,,,,,,,,,,,,,,,,
2023,10,7,8,0,11.6,61.98,4.6,,,,,,,,,,,,,,,,,,,,,,,,,,,,,,,,,,,,
2023,10,7,9,0,11.2,62.07,4.2,,,,,,,,,,,,,,,,,,,,,,,,,,,,,,,,,,,,
2023,10,7,10,0,11,61.02,3.8,,,,,,,,,,,,,,,,,,,,,,,,,,,,,,,,,,,,
2023,10,7,11,0,10.8,59.81,3.3,,,,,,,,,,,,,,,,,,,,,,,,,,,,,,,,,,,,
2023,10,7,12,0,10.6,58.62,2.8,,,,,,,,,,,,,,,,,,,,,,,,,,,,,,,,,,,,
2023,10,7,13,0,10.4,57.54,2.4,,,,,,,,,,,,,,,,,,,,,,,,,,,,,,,,,,,,
2023,10,7,14,0,12,56.22,3.5,,,,,,,,,,,,,,,,,,,,,,,,,,,,,,,,,,,,
2023,10,7,15,0,15.7,42.39,2.9,,,,,,,,,,,,,,,,,,,,,,,,,,,,,,,,,,,,
2023,10,7,16,0,19.2,30.79,1.6,,,,,,,,,,,,,,,,,,,,,,,,,,,,,,,,,,,,
2023,10,7,17,0,21.7,26.28,1.5,,,,,,,,,,,,,,,,,,,,,,,,,,,,,,,,,,,,
2023,10,7,18,0,23.3,24.95,2.1,,,,,,,,,,,,,,,,,,,,,,,,,,,,,,,,,,,,
2023,10,7,19,0,24.4,22.85,1.8,,,,,,,,,,,,,,,,,,,,,,,,,,,,,,,,,,,,
2023,10,7,20,0,25.1,21.56,1.6,,,,,,,,,,,,,,,,,,,,,,,,,,,,,,,,,,,,
2023,10,7,21,0,25.4,21.28,1.7,,,,,,,,,,,,,,,,,,,,,,,,,,,,,,,,,,,,
2023,10,7,22,0,25,22,1.8,,,,,,,,,,,,,,,,,,,,,,,,,,,,,,,,,,,,
2023,10,7,23,0,23.8,24.06,2,,,,,,,,,,,,,,,,,,,,,,,,,,,,,,,,,,,,
2023,10,8,0,0,20.3,39.54,6.1,,,,,,,,,,,,,,,,,,,,,,,,,,,,,,,,,,,,
2023,10,8,1,0,17.1,45.03,5.1,,,,,,,,,,,,,,,,,,,,,,,,,,,,,,,,,,,,
2023,10,8,2,0,16.4,44.73,4.3,,,,,,,,,,,,,,,,,,,,,,,,,,,,,,,,,,,,
2023,10,8,3,0,15.6,45.74,3.9,,,,,,,,,,,,,,,,,,,,,,,,,,,,,,,,,,,,
2023,10,8,4,0,14.9,46.18,3.4,,,,,,,,,,,,,,,,,,,,,,,,,,,,,,,,,,,,
2023,10,8,5,0,14.5,45.8,3,,,,,,,,,,,,,,,,,,,,,,,,,,,,,,,,,,,,
2023,10,8,6,0,14,45.88,2.5,,,,,,,,,,,,,,,,,,,,,,,,,,,,,,,,,,,,
2023,10,8,7,0,13.5,46.18,2.2,,,,,,,,,,,,,,,,,,,,,,,,,,,,,,,,,,,,
2023,10,8,8,0,13.2,46.06,1.8,,,,,,,,,,,,,,,,,,,,,,,,,,,,,,,,,,,,
2023,10,8,9,0,13,45.74,1.6,,,,,,,,,,,,,,,,,,,,,,,,,,,,,,,,,,,,
2023,10,8,10,0,13,44.84,1.3,,,,,,,,,,,,,,,,,,,,,,,,,,,,,,,,,,,,
2023,10,8,11,0,13.1,43.67,1,,,,,,,,,,,,,,,,,,,,,,,,,,,,,,,,,,,,
2023,10,8,12,0,13.1,42.9,0.8,,,,,,,,,,,,,,,,,,,,,,,,,,,,,,,,,,,,
2023,10,8,13,0,13,42.57,0.6,,,,,,,,,,,,,,,,,,,,,,,,,,,,,,,,,,,,
2023,10,8,14,0,13.9,44.43,2,,,,,,,,,,,,,,,,,,,,,,,,,,,,,,,,,,,,
2023,10,8,15,0,17,38.12,2.6,,,,,,,,,,,,,,,,,,,,,,,,,,,,,,,,,,,,
2023,10,8,16,0,20.3,27.94,1.2,,,,,,,,,,,,,,,,,,,,,,,,,,,,,,,,,,,,
2023,10,8,17,0,23.2,22.32,0.5,,,,,,,,,,,,,,,,,,,,,,,,,,,,,,,,,,,,
2023,10,8,18,0,24.8,19.96,0.3,,,,,,,,,,,,,,,,,,,,,,,,,,,,,,,,,,,,
2023,10,8,19,0,25.8,19.19,0.6,,,,,,,,,,,,,,,,,,,,,,,,,,,,,,,,,,,,
2023,10,8,20,0,26.2,19.08,0.8,,,,,,,,,,,,,,,,,,,,,,,,,,,,,,,,,,,,
2023,10,8,21,0,26.2,19.08,0.8,,,,,,,,,,,,,,,,,,,,,,,,,,,,,,,,,,,,
2023,10,8,22,0,25.7,19.67,0.8,,,,,,,,,,,,,,,,,,,,,,,,,,,,,,,,,,,,
2023,10,8,23,0,24.6,21.68,1.3,,,,,,,,,,,,,,,,,,,,,,,,,,,,,,,,,,,,
2023,10,9,0,0,21.6,37.75,6.6,,,,,,,,,,,,,,,,,,,,,,,,,,,,,,,,,,,,
2023,10,9,1,0,19.6,35.45,3.9,,,,,,,,,,,,,,,,,,,,,,,,,,,,,,,,,,,,
2023,10,9,2,0,18.6,33.89,2.4,,,,,,,,,,,,,,,,,,,,,,,,,,,,,,,,,,,,
2023,10,9,3,0,17.4,35.43,1.9,,,,,,,,,,,,,,,,,,,,,,,,,,,,,,,,,,,,
2023,10,9,4,0,16.3,37.35,1.7,,,,,,,,,,,,,,,,,,,,,,,,,,,,,,,,,,,,
2023,10,9,5,0,15.5,38.19,1.3,,,,,,,,,,,,,,,,,,,,,,,,,,,,,,,,,,,,
2023,10,9,6,0,14.9,38.57,0.9,,,,,,,,,,,,,,,,,,,,,,,,,,,,,,,,,,,,
2023,10,9,7,0,14.4,38.97,0.6,,,,,,,,,,,,,,,,,,,,,,,,,,,,,,,,,,,,
2023,10,9,8,0,14.1,38.96,0.3,,,,,,,,,,,,,,,,,,,,,,,,,,,,,,,,,,,,
2023,10,9,9,0,14.2,37.7,0,,,,,,,,,,,,,,,,,,,,,,,,,,,,,,,,,,,,
2023,10,9,10,0,14.3,36.75,-0.3,,,,,,,,,,,,,,,,,,,,,,,,,,,,,,,,,,,,
2023,10,9,11,0,13.9,37.35,-0.4,,,,,,,,,,,,,,,,,,,,,,,,,,,,,,,,,,,,
2023,10,9,12,0,13.3,38.82,-0.4,,,,,,,,,,,,,,,,,,,,,,,,,,,,,,,,,,,,
2023,10,9,13,0,12.7,40.25,-0.5,,,,,,,,,,,,,,,,,,,,,,,,,,,,,,,,,,,,
2023,10,9,14,0,13.5,43.81,1.4,,,,,,,,,,,,,,,,,,,,,,,,,,,,,,,,,,,,
2023,10,9,15,0,17.7,34.61,1.9,,,,,,,,,,,,,,,,,,,,,,,,,,,,,,,,,,,,
2023,10,9,16,0,21,24.87,0.1,,,,,,,,,,,,,,,,,,,,,,,,,,,,,,,,,,,,
2023,10,9,17,0,24.2,19.45,-0.6,,,,,,,,,,,,,,,,,,,,,,,,,,,,,,,,,,,,
2023,10,9,18,0,25.9,16.77,-1.2,,,,,,,,,,,,,,,,,,,,,,,,,,,,,,,,,,,,
2023,10,9,19,0,26.9,15.09,-1.8,,,,,,,,,,,,,,,,,,,,,,,,,,,,,,,,,,,,
2023,10,9,20,0,27.3,14.47,-2.1,,,,,,,,,,,,,,,,,,,,,,,,,,,,,,,,,,,,
2023,10,9,21,0,27.3,14.31,-2.2,,,,,,,,,,,,,,,,,,,,,,,,,,,,,,,,,,,,
2023,10,9,22,0,26.9,14.42,-2.5,,,,,,,,,,,,,,,,,,,,,,,,,,,,,,,,,,,,
2023,10,9,23,0,25.8,16.4,-1.6,,,,,,,,,,,,,,,,,,,,,,,,,,,,,,,,,,,,
2023,10,10,0,0,22.9,29.22,4,,,,,,,,,,,,,,,,,,,,,,,,,,,,,,,,,,,,
2023,10,10,1,0,21.2,26.99,1.4,,,,,,,,,,,,,,,,,,,,,,,,,,,,,,,,,,,,
2023,10,10,2,0,20.4,27.19,0.9,,,,,,,,,,,,,,,,,,,,,,,,,,,,,,,,,,,,
2023,10,10,3,0,18.7,31.39,1.4,,,,,,,,,,,,,,,,,,,,,,,,,,,,,,,,,,,,
2023,10,10,4,0,16.8,35.04,1.3,,,,,,,,,,,,,,,,,,,,,,,,,,,,,,,,,,,,
2023,10,10,5,0,15.5,37.24,1,,,,,,,,,,,,,,,,,,,,,,,,,,,,,,,,,,,,
2023,10,10,6,0,14.4,38.84,0.6,,,,,,,,,,,,,,,,,,,,,,,,,,,,,,,,,,,,
2023,10,10,7,0,13.6,39.63,0.1,,,,,,,,,,,,,,,,,,,,,,,,,,,,,,,,,,,,
2023,10,10,8,0,13.4,40.49,0.2,,,,,,,,,,,,,,,,,,,,,,,,,,,,,,,,,,,,
2023,10,10,9,0,13.5,40.68,0.4,,,,,,,,,,,,,,,,,,,,,,,,,,,,,,,,,,,,
2023,10,10,10,0,13.7,40.38,0.5,,,,,,,,,,,,,,,,,,,,,,,,,,,,,,,,,,,,
2023,10,10,11,0,14.4,39.15,0.7,,,,,,,,,,,,,,,,,,,,,,,,,,,,,,,,,,,,
2023,10,10,12,0,15,38.83,1.1,,,,,,,,,,,,,,,,,,,,,,,,,,,,,,,,,,,,
2023,10,10,13,0,15.3,38.44,1.2,,,,,,,,,,,,,,,,,,,,,,,,,,,,,,,,,,,,
2023,10,10,14,0,16.1,40.12,2.5,,,,,,,,,,,,,,,,,,,,,,,,,,,,,,,,,,,,
2023,10,10,15,0,18.8,39.82,4.8,,,,,,,,,,,,,,,,,,,,,,,,,,,,,,,,,,,,
2023,10,10,16,0,21.8,27.55,2.3,,,,,,,,,,,,,,,,,,,,,,,,,,,,,,,,,,,,
2023,10,10,17,0,23.8,24.77,2.5,,,,,,,,,,,,,,,,,,,,,,,,,,,,,,,,,,,,
2023,10,10,18,0,24.9,23.51,2.7,,,,,,,,,,,,,,,,,,,,,,,,,,,,,,,,,,,,
2023,10,10,19,0,25.4,22.4,2.4,,,,,,,,,,,,,,,,,,,,,,,,,,,,,,,,,,,,
2023,10,10,20,0,25.6,21.28,1.8,,,,,,,,,,,,,,,,,,,,,,,,,,,,,,,,,,,,
2023,10,10,21,0,25.5,20.61,1.3,,,,,,,,,,,,,,,,,,,,,,,,,,,,,,,,,,,,
2023,10,10,22,0,24.8,21.15,1.1,,,,,,,,,,,,,,,,,,,,,,,,,,,,,,,,,,,,
2023,10,10,23,0,23.7,22.95,1.3,,,,,,,,,,,,,,,,,,,,,,,,,,,,,,,,,,,,
2023,10,11,0,0,20.4,38.41,5.8,,,,,,,,,,,,,,,,,,,,,,,,,,,,,,,,,,,,
2023,10,11,1,0,17.8,42.55,4.9,,,,,,,,,,,,,,,,,,,,,,,,,,,,,,,,,,,,
2023,10,11,2,0,16.9,43.93,4.5,,,,,,,,,,,,,,,,,,,,,,,,,,,,,,,,,,,,
2023,10,11,3,0,16.6,44.04,4.3,,,,,,,,,,,,,,,,,,,,,,,,,,,,,,,,,,,,
2023,10,11,4,0,16.5,43.3,4,,,,,,,,,,,,,,,,,,,,,,,,,,,,,,,,,,,,
2023,10,11,5,0,16.6,42.32,3.7,,,,,,,,,,,,,,,,,,,,,,,,,,,,,,,,,,,,
2023,10,11,6,0,16.2,43.47,3.8,,,,,,,,,,,,,,,,,,,,,,,,,,,,,,,,,,,,
2023,10,11,7,0,15.6,46.17,4.1,,,,,,,,,,,,,,,,,,,,,,,,,,,,,,,,,,,,
2023,10,11,8,0,14.7,49.43,4.2,,,,,,,,,,,,,,,,,,,,,,,,,,,,,,,,,,,,
2023,10,11,9,0,13.3,55.71,4.6,,,,,,,,,,,,,,,,,,,,,,,,,,,,,,,,,,,,
2023,10,11,10,0,12.3,61.13,5,,,,,,,,,,,,,,,,,,,,,,,,,,,,,,,,,,,,
2023,10,11,11,0,11.4,67.64,5.6,,,,,,,,,,,,,,,,,,,,,,,,,,,,,,,,,,,,
2023,10,11,12,0,10.5,74.25,6.1,,,,,,,,,,,,,,,,,,,,,,,,,,,,,,,,,,,,
2023,10,11,13,0,10,78.2,6.4,,,,,,,,,,,,,,,,,,,,,,,,,,,,,,,,,,,,
2023,10,11,14,0,10.1,79.93,6.8,,,,,,,,,,,,,,,,,,,,,,,,,,,,,,,,,,,,
2023,10,11,15,0,10.1,76.36,6.1,,,,,,,,,,,,,,,,,,,,,,,,,,,,,,,,,,,,
2023,10,11,16,0,10.4,73.96,6,,,,,,,,,,,,,,,,,,,,,,,,,,,,,,,,,,,,
2023,10,11,17,0,11.3,69.66,6,,,,,,,,,,,,,,,,,,,,,,,,,,,,,,,,,,,,
2023,10,11,18,0,12.3,63.41,5.6,,,,,,,,,,,,,,,,,,,,,,,,,,,,,,,,,,,,
2023,10,11,19,0,12.5,58.66,4.6,,,,,,,,,,,,,,,,,,,,,,,,,,,,,,,,,,,,
2023,10,11,20,0,11.7,59.47,4.1,,,,,,,,,,,,,,,,,,,,,,,,,,,,,,,,,,,,
2023,10,11,21,0,10.9,61.56,3.8,,,,,,,,,,,,,,,,,,,,,,,,,,,,,,,,,,,,
2023,10,11,22,0,10.5,61.33,3.4,,,,,,,,,,,,,,,,,,,,,,,,,,,,,,,,,,,,
2023,10,11,23,0,10.1,61.13,2.9,,,,,,,,,,,,,,,,,,,,,,,,,,,,,,,,,,,,
2023,10,12,0,0,9.5,63.21,2.8,,,,,,,,,,,,,,,,,,,,,,,,,,,,,,,,,,,,
2023,10,12,1,0,8.5,67.94,2.9,,,,,,,,,,,,,,,,,,,,,,,,,,,,,,,,,,,,
2023,10,12,2,0,7.9,68.31,2.4,,,,,,,,,,,,,,,,,,,,,,,,,,,,,,,,,,,,
2023,10,12,3,0,7.4,67.5,1.8,,,,,,,,,,,,,,,,,,,,,,,,,,,,,,,,,,,,
2023,10,12,4,0,6.9,67.19,1.2,,,,,,,,,,,,,,,,,,,,,,,,,,,,,,,,,,,,
2023,10,12,5,0,6.3,69.37,1.1,,,,,,,,,,,,,,,,,,,,,,,,,,,,,,,,,,,,
2023,10,12,6,0,5.8,73.03,1.3,,,,,,,,,,,,,,,,,,,,,,,,,,,,,,,,,,,,
2023,10,12,7,0,5.4,77.16,1.7,,,,,,,,,,,,,,,,,,,,,,,,,,,,,,,,,,,,
2023,10,12,8,0,5.1,80.8,2.1,,,,,,,,,,,,,,,,,,,,,,,,,,,,,,,,,,,,
2023,10,12,9,0,5.1,82.38,2.3,,,,,,,,,,,,,,,,,,,,,,,,,,,,,,,,,,,,
2023,10,12,10,0,5.3,82.53,2.6,,,,,,,,,,,,,,,,,,,,,,,,,,,,,,,,,,,,
2023,10,12,11,0,5.5,82.19,2.7,,,,,,,,,,,,,,,,,,,,,,,,,,,,,,,,,,,,
2023,10,12,12,0,5.5,82.54,2.8,,,,,,,,,,,,,,,,,,,,,,,,,,,,,,,,,,,,
2023,10,12,13,0,5.4,82.84,2.7,,,,,,,,,,,,,,,,,,,,,,,,,,,,,,,,,,,,
2023,10,12,14,0,5.7,81.04,2.7,,,,,,,,,,,,,,,,,,,,,,,,,,,,,,,,,,,,
2023,10,12,15,0,6.2,78.05,2.7,,,,,,,,,,,,,,,,,,,,,,,,,,,,,,,,,,,,
2023,10,12,16,0,7.1,72.53,2.5,,,,,,,,,,,,,,,,,,,,,,,,,,,,,,,,,,,,
2023,10,12,17,0,8.6,64.52,2.3,,,,,,,,,,,,,,,,,,,,,,,,,,,,,,,,,,,,
2023,10,12,18,0,10.1,57.02,2,,,,,,,,,,,,,,,,,,,,,,,,,,,,,,,,,,,,
2023,10,12,19,0,11.2,52.28,1.8,,,,,,,,,,,,,,,,,,,,,,,,,,,,,,,,,,,,
2023,10,12,20,0,11.7,50.39,1.7,,,,,,,,,,,,,,,,,,,,,,,,,,,,,,,,,,,,
2023,10,12,21,0,11.7,50.42,1.7,,,,,,,,,,,,,,,,,,,,,,,,,,,,,,,,,,,,
2023,10,12,22,0,11.6,50.88,1.8,,,,,,,,,,,,,,,,,,,,,,,,,,,,,,,,,,,,
2023,10,12,23,0,11,53.58,1.9,,,,,,,,,,,,,,,,,,,,,,,,,,,,,,,,,,,,
2023,10,13,0,0,9.7,60.86,2.5,,,,,,,,,,,,,,,,,,,,,,,,,,,,,,,,,,,,
2023,10,13,1,0,7.9,70.27,2.8,,,,,,,,,,,,,,,,,,,,,,,,,,,,,,,,,,,,
2023,10,13,2,0,7.7,71.28,2.8,,,,,,,,,,,,,,,,,,,,,,,,,,,,,,,,,,,,
2023,10,13,3,0,7.6,71.64,2.8,,,,,,,,,,,,,,,,,,,,,,,,,,,,,,,,,,,,
2023,10,13,4,0,7.4,72.58,2.8,,,,,,,,,,,,,,,,,,,,,,,,,,,,,,,,,,,,
2023,10,13,5,0,7.1,73.94,2.8,,,,,,,,,,,,,,,,,,,,,,,,,,,,,,,,,,,,
2023,10,13,6,0,6.5,76.6,2.7,,,,,,,,,,,,,,,,,,,,,,,,,,,,,,,,,,,,
2023,10,13,7,0,5.9,79.02,2.5,,,,,,,,,,,,,,,,,,,,,,,,,,,,,,,,,,,,
2023,10,13,8,0,5.3,80.74,2.3,,,,,,,,,,,,,,,,,,,,,,,,,,,,,,,,,,,,
2023,10,13,9,0,4.9,80.46,1.8,,,,,,,,,,,,,,,,,,,,,,,,,,,,,,,,,,,,
2023,10,13,10,0,4.6,79.36,1.3,,,,,,,,,,,,,,,,,,,,,,,,,,,,,,,,,,,,
2023,10,13,11,0,4.3,78.72,0.9,,,,,,,,,,,,,,,,,,,,,,,,,,,,,,,,,,,,
2023,10,13,12,0,4,78.65,0.6,,,,,,,,,,,,,,,,,,,,,,,,,,,,,,,,,,,,
2023,10,13,13,0,3.6,79.42,0.4,,,,,,,,,,,,,,,,,,,,,,,,,,,,,,,,,,,,
2023,10,13,14,0,5.2,72.56,0.7,,,,,,,,,,,,,,,,,,,,,,,,,,,,,,,,,,,,
2023,10,13,15,0,8.6,57.55,0.7,,,,,,,,,,,,,,,,,,,,,,,,,,,,,,,,,,,,
2023,10,13,16,0,11.3,44.34,-0.4,,,,,,,,,,,,,,,,,,,,,,,,,,,,,,,,,,,,
2023,10,13,17,0,13.5,36.44,-1.1,,,,,,,,,,,,,,,,,,,,,,,,,,,,,,,,,,,,
2023,10,13,18,0,15.2,31.97,-1.4,,,,,,,,,,,,,,,,,,,,,,,,,,,,,,,,,,,,
2023,10,13,19,0,16.4,29.29,-1.6,,,,,,,,,,,,,,,,,,,,,,,,,,,,,,,,,,,,
2023,10,13,20,0,17.2,27.46,-1.7,,,,,,,,,,,,,,,,,,,,,,,,,,,,,,,,,,,,
2023,10,13,21,0,17.6,26.26,-2,,,,,,,,,,,,,,,,,,,,,,,,,,,,,,,,,,,,
2023,10,13,22,0,17.5,25.77,-2.4,,,,,,,,,,,,,,,,,,,,,,,,,,,,,,,,,,,,
2023,10,13,23,0,16.8,26.64,-2.5,,,,,,,,,,,,,,,,,,,,,,,,,,,,,,,,,,,,
2023,10,14,0,0,15,35.73,-0.1,,,,,,,,,,,,,,,,,,,,,,,,,,,,,,,,,,,,
2023,10,14,1,0,13.2,37.18,-1.1,,,,,,,,,,,,,,,,,,,,,,,,,,,,,,,,,,,,
2023,10,14,2,0,11.3,44.37,-0.4,,,,,,,,,,,,,,,,,,,,,,,,,,,,,,,,,,,,
2023,10,14,3,0,9.8,49.95,-0.2,,,,,,,,,,,,,,,,,,,,,,,,,,,,,,,,,,,,
2023,10,14,4,0,8.8,52.83,-0.3,,,,,,,,,,,,,,,,,,,,,,,,,,,,,,,,,,,,
2023,10,14,5,0,7.8,55.1,-0.7,,,,,,,,,,,,,,,,,,,,,,,,,,,,,,,,,,,,
2023,10,14,6,0,6.8,57.38,-1,,,,,,,,,,,,,,,,,,,,,,,,,,,,,,,,,,,,
2023,10,14,7,0,6,58.87,-1.4,,,,,,,,,,,,,,,,,,,,,,,,,,,,,,,,,,,,
2023,10,14,8,0,5.5,59.37,-1.8,,,,,,,,,,,,,,,,,,,,,,,,,,,,,,,,,,,,
2023,10,14,9,0,5.3,59.25,-2,,,,,,,,,,,,,,,,,,,,,,,,,,,,,,,,,,,,
2023,10,14,10,0,5.4,58.5,-2.1,,,,,,,,,,,,,,,,,,,,,,,,,,,,,,,,,,,,
2023,10,14,11,0,5.6,58.01,-2,,,,,,,,,,,,,,,,,,,,,,,,,,,,,,,,,,,,
2023,10,14,12,0,5.6,58.28,-2,,,,,,,,,,,,,,,,,,,,,,,,,,,,,,,,,,,,
2023,10,14,13,0,6.5,57.07,-1.4,,,,,,,,,,,,,,,,,,,,,,,,,,,,,,,,,,,,
2023,10,14,14,0,7.8,55.29,-0.6,,,,,,,,,,,,,,,,,,,,,,,,,,,,,,,,,,,,
2023,10,14,15,0,9.8,51.27,0.2,,,,,,,,,,,,,,,,,,,,,,,,,,,,,,,,,,,,
2023,10,14,16,0,12.9,38.15,-1,,,,,,,,,,,,,,,,,,,,,,,,,,,,,,,,,,,,
2023,10,14,17,0,16.7,27.06,-2.4,,,,,,,,,,,,,,,,,,,,,,,,,,,,,,,,,,,,
2023,10,14,18,0,18.9,23.82,-2.2,,,,,,,,,,,,,,,,,,,,,,,,,,,,,,,,,,,,
2023,10,14,19,0,19.8,23.65,-1.6,,,,,,,,,,,,,,,,,,,,,,,,,,,,,,,,,,,,
2023,10,14,20,0,20.4,23.37,-1.2,,,,,,,,,,,,,,,,,,,,,,,,,,,,,,,,,,,,
2023,10,14,21,0,20.7,22.54,-1.5,,,,,,,,,,,,,,,,,,,,,,,,,,,,,,,,,,,,
2023,10,14,22,0,20.5,22.42,-1.7,,,,,,,,,,,,,,,,,,,,,,,,,,,,,,,,,,,,
2023,10,14,23,0,19.4,25.1,-1.1,,,,,,,,,,,,,,,,,,,,,,,,,,,,,,,,,,,,
2023,10,15,0,0,16.5,41.46,3.4,,,,,,,,,,,,,,,,,,,,,,,,,,,,,,,,,,,,
2023,10,15,1,0,14.7,37.24,0.2,,,,,,,,,,,,,,,,,,,,,,,,,,,,,,,,,,,,
2023,10,15,2,0,13.5,38.81,-0.3,,,,,,,,,,,,,,,,,,,,,,,,,,,,,,,,,,,,
2023,10,15,3,0,12.4,42.4,0,,,,,,,,,,,,,,,,,,,,,,,,,,,,,,,,,,,,
2023,10,15,4,0,11.9,45.5,0.5,,,,,,,,,,,,,,,,,,,,,,,,,,,,,,,,,,,,
2023,10,15,5,0,11.5,46.67,0.5,,,,,,,,,,,,,,,,,,,,,,,,,,,,,,,,,,,,
2023,10,15,6,0,11.3,46.58,0.3,,,,,,,,,,,,,,,,,,,,,,,,,,,,,,,,,,,,
2023,10,15,7,0,10.9,45.51,-0.4,,,,,,,,,,,,,,,,,,,,,,,,,,,,,,,,,,,,
2023,10,15,8,0,10.7,44.67,-0.9,,,,,,,,,,,,,,,,,,,,,,,,,,,,,,,,,,,,
2023,10,15,9,0,10.5,44.27,-1.2,,,,,,,,,,,,,,,,,,,,,,,,,,,,,,,,,,,,
2023,10,15,10,0,10.3,44.08,-1.4,,,,,,,,,,,,,,,,,,,,,,,,,,,,,,,,,,,,
2023,10,15,11,0,9.9,44.78,-1.6,,,,,,,,,,,,,,,,,,,,,,,,,,,,,,,,,,,,
2023,10,15,12,0,9.5,45.4,-1.7,,,,,,,,,,,,,,,,,,,,,,,,,,,,,,,,,,,,
2023,10,15,13,0,9.1,45.85,-2,,,,,,,,,,,,,,,,,,,,,,,,,,,,,,,,,,,,
2023,10,15,14,0,9.9,47.33,-0.8,,,,,,,,,,,,,,,,,,,,,,,,,,,,,,,,,,,,
2023,10,15,15,0,13.7,37.26,-0.6,,,,,,,,,,,,,,,,,,,,,,,,,,,,,,,,,,,,
2023,10,15,16,0,16.8,27.51,-2.1,,,,,,,,,,,,,,,,,,,,,,,,,,,,,,,,,,,,
2023,10,15,17,0,20.6,21.19,-2.4,,,,,,,,,,,,,,,,,,,,,,,,,,,,,,,,,,,,
2023,10,15,18,0,22.5,18.68,-2.5,,,,,,,,,,,,,,,,,,,,,,,,,,,,,,,,,,,,
2023,10,15,19,0,23.5,18.1,-2.1,,,,,,,,,,,,,,,,,,,,,,,,,,,,,,,,,,,,
2023,10,15,20,0,24.1,18.06,-1.7,,,,,,,,,,,,,,,,,,,,,,,,,,,,,,,,,,,,
2023,10,15,21,0,24.2,18.32,-1.4,,,,,,,,,,,,,,,,,,,,,,,,,,,,,,,,,,,,
2023,10,15,22,0,23.7,19.24,-1.1,,,,,,,,,,,,,,,,,,,,,,,,,,,,,,,,,,,,
2023,10,15,23,0,22.5,22.26,-0.1,,,,,,,,,,,,,,,,,,,,,,,,,,,,,,,,,,,,
2023,10,16,0,0,18.6,41.59,5.3,,,,,,,,,,,,,,,,,,,,,,,,,,,,,,,,,,,,
2023,10,16,1,0,16.4,40.39,2.9,,,,,,,,,,,,,,,,,,,,,,,,,,,,,,,,,,,,
2023,10,16,2,0,15.3,41.84,2.4,,,,,,,,,,,,,,,,,,,,,,,,,,,,,,,,,,,,
2023,10,16,3,0,14.3,43.94,2.2,,,,,,,,,,,,,,,,,,,,,,,,,,,,,,,,,,,,
2023,10,16,4,0,13.8,44.98,2.1,,,,,,,,,,,,,,,,,,,,,,,,,,,,,,,,,,,,
2023,10,16,5,0,13.1,45.92,1.7,,,,,,,,,,,,,,,,,,,,,,,,,,,,,,,,,,,,
2023,10,16,6,0,12.3,47.32,1.4,,,,,,,,,,,,,,,,,,,,,,,,,,,,,,,,,,,,
2023,10,16,7,0,11.4,48.78,1,,,,,,,,,,,,,,,,,,,,,,,,,,,,,,,,,,,,
2023,10,16,8,0,10.6,50.53,0.7,,,,,,,,,,,,,,,,,,,,,,,,,,,,,,,,,,,,
2023,10,16,9,0,9.9,51.9,0.5,,,,,,,,,,,,,,,,,,,,,,,,,,,,,,,,,,,,
2023,10,16,10,0,9.5,51.98,0.1,,,,,,,,,,,,,,,,,,,,,,,,,,,,,,,,,,,,
2023,10,16,11,0,9.3,51.29,-0.2,,,,,,,,,,,,,,,,,,,,,,,,,,,,,,,,,,,,
2023,10,16,12,0,9.2,50.46,-0.6,,,,,,,,,,,,,,,,,,,,,,,,,,,,,,,,,,,,
2023,10,16,13,0,9.2,49.47,-0.8,,,,,,,,,,,,,,,,,,,,,,,,,,,,,,,,,,,,
2023,10,16,14,0,10.5,48.5,0.1,,,,,,,,,,,,,,,,,,,,,,,,,,,,,,,,,,,,
2023,10,16,15,0,15,38,0.8,,,,,,,,,,,,,,,,,,,,,,,,,,,,,,,,,,,,
2023,10,16,16,0,18.2,28.75,-0.3,,,,,,,,,,,,,,,,,,,,,,,,,,,,,,,,,,,,
2023,10,16,17,0,21.6,23,-0.4,,,,,,,,,,,,,,,,,,,,,,,,,,,,,,,,,,,,
2023,10,16,18,0,23.7,19.3,-1.1,,,,,,,,,,,,,,,,,,,,,,,,,,,,,,,,,,,,
2023,10,16,19,0,24.9,17.34,-1.6,,,,,,,,,,,,,,,,,,,,,,,,,,,,,,,,,,,,
2023,10,16,20,0,25.6,16.31,-1.8,,,,,,,,,,,,,,,,,,,,,,,,,,,,,,,,,,,,
2023,10,16,21,0,25.8,15.97,-2,,,,,,,,,,,,,,,,,,,,,,,,,,,,,,,,,,,,
2023,10,16,22,0,25.5,16.35,-1.9,,,,,,,,,,,,,,,,,,,,,,,,,,,,,,,,,,,,
2023,10,16,23,0,24.2,20.85,0.4,,,,,,,,,,,,,,,,,,,,,,,,,,,,,,,,,,,,
2023,10,17,0,0,21.3,32.02,3.9,,,,,,,,,,,,,,,,,,,,,,,,,,,,,,,,,,,,
2023,10,17,1,0,19.7,28.51,0.9,,,,,,,,,,,,,,,,,,,,,,,,,,,,,,,,,,,,
2023,10,17,2,0,17.8,33.33,1.4,,,,,,,,,,,,,,,,,,,,,,,,,,,,,,,,,,,,
2023,10,17,3,0,16,38.7,1.9,,,,,,,,,,,,,,,,,,,,,,,,,,,,,,,,,,,,
2023,10,17,4,0,15.1,40.89,1.9,,,,,,,,,,,,,,,,,,,,,,,,,,,,,,,,,,,,
2023,10,17,5,0,14.5,41.88,1.7,,,,,,,,,,,,,,,,,,,,,,,,,,,,,,,,,,,,
2023,10,17,6,0,13.9,42.87,1.5,,,,,,,,,,,,,,,,,,,,,,,,,,,,,,,,,,,,
2023,10,17,7,0,13.3,43.65,1.2,,,,,,,,,,,,,,,,,,,,,,,,,,,,,,,,,,,,
2023,10,17,8,0,12.9,43.57,0.8,,,,,,,,,,,,,,,,,,,,,,,,,,,,,,,,,,,,
2023,10,17,9,0,12.9,42.13,0.3,,,,,,,,,,,,,,,,,,,,,,,,,,,,,,,,,,,,
2023,10,17,10,0,13.2,40.01,-0.1,,,,,,,,,,,,,,,,,,,,,,,,,,,,,,,,,,,,
2023,10,17,11,0,13.3,39.34,-0.3,,,,,,,,,,,,,,,,,,,,,,,,,,,,,,,,,,,,
2023,10,17,12,0,13.5,38.9,-0.2,,,,,,,,,,,,,,,,,,,,,,,,,,,,,,,,,,,,
2023,10,17,13,0,13.6,38.93,-0.1,,,,,,,,,,,,,,,,,,,,,,,,,,,,,,,,,,,,
2023,10,17,14,0,14.1,39.83,0.6,,,,,,,,,,,,,,,,,,,,,,,,,,,,,,,,,,,,
2023,10,17,15,0,15.9,45.07,4,,,,,,,,,,,,,,,,,,,,,,,,,,,,,,,,,,,,
2023,10,17,16,0,18.9,27.41,-0.3,,,,,,,,,,,,,,,,,,,,,,,,,,,,,,,,,,,,
2023,10,17,17,0,21.3,22.81,-0.8,,,,,,,,,,,,,,,,,,,,,,,,,,,,,,,,,,,,
2023,10,17,18,0,23,21.7,-0.1,,,,,,,,,,,,,,,,,,,,,,,,,,,,,,,,,,,,
2023,10,17,19,0,23.9,21.25,0.4,,,,,,,,,,,,,,,,,,,,,,,,,,,,,,,,,,,,
2023,10,17,20,0,24.3,21.41,0.8,,,,,,,,,,,,,,,,,,,,,,,,,,,,,,,,,,,,
2023,10,17,21,0,24.2,22.04,1.2,,,,,,,,,,,,,,,,,,,,,,,,,,,,,,,,,,,,
2023,10,17,22,0,23.5,23.37,1.4,,,,,,,,,,,,,,,,,,,,,,,,,,,,,,,,,,,,
2023,10,17,23,0,22.1,26.24,1.8,,,,,,,,,,,,,,,,,,,,,,,,,,,,,,,,,,,,
2023,10,18,0,0,18.2,41.67,5,,,,,,,,,,,,,,,,,,,,,,,,,,,,,,,,,,,,
2023,10,18,1,0,16.3,43.21,3.8,,,,,,,,,,,,,,,,,,,,,,,,,,,,,,,,,,,,
2023,10,18,2,0,16.5,39.02,2.5,,,,,,,,,,,,,,,,,,,,,,,,,,,,,,,,,,,,
2023,10,18,3,0,16.4,37.67,1.9,,,,,,,,,,,,,,,,,,,,,,,,,,,,,,,,,,,,
2023,10,18,4,0,16.2,38,1.9,,,,,,,,,,,,,,,,,,,,,,,,,,,,,,,,,,,,
2023,10,18,5,0,16,38.43,1.8,,,,,,,,,,,,,,,,,,,,,,,,,,,,,,,,,,,,
2023,10,18,6,0,15.5,39.46,1.8,,,,,,,,,,,,,,,,,,,,,,,,,,,,,,,,,,,,
2023,10,18,7,0,14.8,42.13,2,,,,,,,,,,,,,,,,,,,,,,,,,,,,,,,,,,,,
2023,10,18,8,0,14.7,42.81,2.2,,,,,,,,,,,,,,,,,,,,,,,,,,,,,,,,,,,,
2023,10,18,9,0,14.3,43.78,2.1,,,,,,,,,,,,,,,,,,,,,,,,,,,,,,,,,,,,
2023,10,18,10,0,13.9,45.72,2.4,,,,,,,,,,,,,,,,,,,,,,,,,,,,,,,,,,,,
2023,10,18,11,0,13.3,48.95,2.8,,,,,,,,,,,,,,,,,,,,,,,,,,,,,,,,,,,,
2023,10,18,12,0,12.6,53.66,3.4,,,,,,,,,,,,,,,,,,,,,,,,,,,,,,,,,,,,
2023,10,18,13,0,12.4,56.56,4,,,,,,,,,,,,,,,,,,,,,,,,,,,,,,,,,,,,
2023,10,18,14,0,12.8,57.25,4.6,,,,,,,,,,,,,,,,,,,,,,,,,,,,,,,,,,,,
2023,10,18,15,0,14.8,54.87,5.8,,,,,,,,,,,,,,,,,,,,,,,,,,,,,,,,,,,,
2023,10,18,16,0,17.9,37.39,3.1,,,,,,,,,,,,,,,,,,,,,,,,,,,,,,,,,,,,
2023,10,18,17,0,19.9,31.79,2.6,,,,,,,,,,,,,,,,,,,,,,,,,,,,,,,,,,,,
2023,10,18,18,0,21.3,28.97,2.5,,,,,,,,,,,,,,,,,,,,,,,,,,,,,,,,,,,,
2023,10,18,19,0,22.3,27.62,2.7,,,,,,,,,,,,,,,,,,,,,,,,,,,,,,,,,,,,
2023,10,18,20,0,22.7,27.47,3,,,,,,,,,,,,,,,,,,,,,,,,,,,,,,,,,,,,
2023,10,18,21,0,22.7,28.01,3.3,,,,,,,,,,,,,,,,,,,,,,,,,,,,,,,,,,,,
2023,10,18,22,0,22.2,29.23,3.4,,,,,,,,,,,,,,,,,,,,,,,,,,,,,,,,,,,,
2023,10,18,23,0,21.1,31.54,3.6,,,,,,,,,,,,,,,,,,,,,,,,,,,,,,,,,,,,
2023,10,19,0,0,17.9,45.37,5.9,,,,,,,,,,,,,,,,,,,,,,,,,,,,,,,,,,,,
2023,10,19,1,0,16.3,43.44,3.8,,,,,,,,,,,,,,,,,,,,,,,,,,,,,,,,,,,,
2023,10,19,2,0,16,41.27,2.8,,,,,,,,,,,,,,,,,,,,,,,,,,,,,,,,,,,,
2023,10,19,3,0,15.4,42.19,2.6,,,,,,,,,,,,,,,,,,,,,,,,,,,,,,,,,,,,
2023,10,19,4,0,14.6,44.64,2.7,,,,,,,,,,,,,,,,,,,,,,,,,,,,,,,,,,,,
2023,10,19,5,0,14,46.41,2.7,,,,,,,,,,,,,,,,,,,,,,,,,,,,,,,,,,,,
2023,10,19,6,0,13.7,47.11,2.6,,,,,,,,,,,,,,,,,,,,,,,,,,,,,,,,,,,,
2023,10,19,7,0,13.4,47.82,2.6,,,,,,,,,,,,,,,,,,,,,,,,,,,,,,,,,,,,
2023,10,19,8,0,13.1,48.61,2.5,,,,,,,,,,,,,,,,,,,,,,,,,,,,,,,,,,,,
2023,10,19,9,0,13,48.73,2.5,,,,,,,,,,,,,,,,,,,,,,,,,,,,,,,,,,,,
2023,10,19,10,0,13.1,48.21,2.4,,,,,,,,,,,,,,,,,,,,,,,,,,,,,,,,,,,,
2023,10,19,11,0,13,48.42,2.4,,,,,,,,,,,,,,,,,,,,,,,,,,,,,,,,,,,,
2023,10,19,12,0,12.9,48.7,2.4,,,,,,,,,,,,,,,,,,,,,,,,,,,,,,,,,,,,
2023,10,19,13,0,12.7,49.31,2.3,,,,,,,,,,,,,,,,,,,,,,,,,,,,,,,,,,,,
2023,10,19,14,0,12.9,49.84,2.7,,,,,,,,,,,,,,,,,,,,,,,,,,,,,,,,,,,,
2023,10,19,15,0,15.2,48.27,4.3,,,,,,,,,,,,,,,,,,,,,,,,,,,,,,,,,,,,
2023,10,19,16,0,18.3,36.15,3,,,,,,,,,,,,,,,,,,,,,,,,,,,,,,,,,,,,
2023,10,19,17,0,21.5,28.3,2.4,,,,,,,,,,,,,,,,,,,,,,,,,,,,,,,,,,,,
2023,10,19,18,0,23.5,24.11,1.8,,,,,,,,,,,,,,,,,,,,,,,,,,,,,,,,,,,,
2023,10,19,19,0,24.7,22.18,1.7,,,,,,,,,,,,,,,,,,,,,,,,,,,,,,,,,,,,
2023,10,19,20,0,25.4,20.75,1.3,,,,,,,,,,,,,,,,,,,,,,,,,,,,,,,,,,,,
2023,10,19,21,0,25.7,20,1.1,,,,,,,,,,,,,,,,,,,,,,,,,,,,,,,,,,,,
2023,10,19,22,0,25.3,20.59,1.1,,,,,,,,,,,,,,,,,,,,,,,,,,,,,,,,,,,,
2023,10,19,23,0,23.7,26.45,3.3,,,,,,,,,,,,,,,,,,,,,,,,,,,,,,,,,,,,
2023,10,20,0,0,19.5,43.54,6.8,,,,,,,,,,,,,,,,,,,,,,,,,,,,,,,,,,,,
2023,10,20,1,0,17.6,40.5,4,,,,,,,,,,,,,,,,,,,,,,,,,,,,,,,,,,,,
2023,10,20,2,0,16.6,41.85,3.6,,,,,,,,,,,,,,,,,,,,,,,,,,,,,,,,,,,,
2023,10,20,3,0,15.8,42.75,3.2,,,,,,,,,,,,,,,,,,,,,,,,,,,,,,,,,,,,
2023,10,20,4,0,15.5,41.84,2.6,,,,,,,,,,,,,,,,,,,,,,,,,,,,,,,,,,,,
2023,10,20,5,0,15.4,40.14,1.9,,,,,,,,,,,,,,,,,,,,,,,,,,,,,,,,,,,,
2023,10,20,6,0,15.4,38.01,1.1,,,,,,,,,,,,,,,,,,,,,,,,,,,,,,,,,,,,
2023,10,20,7,0,15.3,36.23,0.4,,,,,,,,,,,,,,,,,,,,,,,,,,,,,,,,,,,,
2023,10,20,8,0,15.1,35.5,-0.1,,,,,,,,,,,,,,,,,,,,,,,,,,,,,,,,,,,,
2023,10,20,9,0,14.8,35.82,-0.2,,,,,,,,,,,,,,,,,,,,,,,,,,,,,,,,,,,,
2023,10,20,10,0,14.5,36.56,-0.2,,,,,,,,,,,,,,,,,,,,,,,,,,,,,,,,,,,,
2023,10,20,11,0,14.1,37.48,-0.2,,,,,,,,,,,,,,,,,,,,,,,,,,,,,,,,,,,,
2023,10,20,12,0,13.7,38.37,-0.2,,,,,,,,,,,,,,,,,,,,,,,,,,,,,,,,,,,,
2023,10,20,13,0,13.3,39.13,-0.3,,,,,,,,,,,,,,,,,,,,,,,,,,,,,,,,,,,,
2023,10,20,14,0,13.5,40.41,0.3,,,,,,,,,,,,,,,,,,,,,,,,,,,,,,,,,,,,
2023,10,20,15,0,16.2,42.85,3.6,,,,,,,,,,,,,,,,,,,,,,,,,,,,,,,,,,,,
2023,10,20,16,0,19.4,28.35,0.6,,,,,,,,,,,,,,,,,,,,,,,,,,,,,,,,,,,,
2023,10,20,17,0,22.7,23.5,0.8,,,,,,,,,,,,,,,,,,,,,,,,,,,,,,,,,,,,
2023,10,20,18,0,24.5,21.58,1.1,,,,,,,,,,,,,,,,,,,,,,,,,,,,,,,,,,,,
2023,10,20,19,0,25.6,20.26,1.2,,,,,,,,,,,,,,,,,,,,,,,,,,,,,,,,,,,,
2023,10,20,20,0,26.1,19.98,1.4,,,,,,,,,,,,,,,,,,,,,,,,,,,,,,,,,,,,
2023,10,20,21,0,26,20.4,1.6,,,,,,,,,,,,,,,,,,,,,,,,,,,,,,,,,,,,
2023,10,20,22,0,25.5,21.33,1.8,,,,,,,,,,,,,,,,,,,,,,,,,,,,,,,,,,,,
2023,10,20,23,0,23.9,27.25,3.9,,,,,,,,,,,,,,,,,,,,,,,,,,,,,,,,,,,,
2023,10,21,0,0,20.3,42.08,7,,,,,,,,,,,,,,,,,,,,,,,,,,,,,,,,,,,,
2023,10,21,1,0,18.6,39.51,4.6,,,,,,,,,,,,,,,,,,,,,,,,,,,,,,,,,,,,
2023,10,21,2,0,17.2,41.85,4.1,,,,,,,,,,,,,,,,,,,,,,,,,,,,,,,,,,,,
2023,10,21,3,0,16,44.13,3.8,,,,,,,,,,,,,,,,,,,,,,,,,,,,,,,,,,,,
2023,10,21,4,0,15.7,44.03,3.5,,,,,,,,,,,,,,,,,,,,,,,,,,,,,,,,,,,,
2023,10,21,5,0,15.6,43.15,3.1,,,,,,,,,,,,,,,,,,,,,,,,,,,,,,,,,,,,
2023,10,21,6,0,15.7,40.98,2.5,,,,,,,,,,,,,,,,,,,,,,,,,,,,,,,,,,,,
2023,10,21,7,0,15.6,39.54,1.9,,,,,,,,,,,,,,,,,,,,,,,,,,,,,,,,,,,,
2023,10,21,8,0,15.4,39.29,1.6,,,,,,,,,,,,,,,,,,,,,,,,,,,,,,,,,,,,
2023,10,21,9,0,15.2,39.71,1.6,,,,,,,,,,,,,,,,,,,,,,,,,,,,,,,,,,,,
2023,10,21,10,0,14.9,40.47,1.6,,,,,,,,,,,,,,,,,,,,,,,,,,,,,,,,,,,,
2023,10,21,11,0,14.8,40.55,1.5,,,,,,,,,,,,,,,,,,,,,,,,,,,,,,,,,,,,
2023,10,21,12,0,14.6,40.64,1.4,,,,,,,,,,,,,,,,,,,,,,,,,,,,,,,,,,,,
2023,10,21,13,0,14.3,40.96,1.2,,,,,,,,,,,,,,,,,,,,,,,,,,,,,,,,,,,,
2023,10,21,14,0,14.3,42.44,1.7,,,,,,,,,,,,,,,,,,,,,,,,,,,,,,,,,,,,
2023,10,21,15,0,16.5,43.76,4.1,,,,,,,,,,,,,,,,,,,,,,,,,,,,,,,,,,,,
2023,10,21,16,0,19.4,30.89,1.8,,,,,,,,,,,,,,,,,,,,,,,,,,,,,,,,,,,,
2023,10,21,17,0,22.1,26.52,2,,,,,,,,,,,,,,,,,,,,,,,,,,,,,,,,,,,,
2023,10,21,18,0,23.8,24.04,2,,,,,,,,,,,,,,,,,,,,,,,,,,,,,,,,,,,,
2023,10,21,19,0,24.7,23.15,2.3,,,,,,,,,,,,,,,,,,,,,,,,,,,,,,,,,,,,
2023,10,21,20,0,25,23.33,2.6,,,,,,,,,,,,,,,,,,,,,,,,,,,,,,,,,,,,
2023,10,21,21,0,24.8,23.9,2.8,,,,,,,,,,,,,,,,,,,,,,,,,,,,,,,,,,,,
2023,10,21,22,0,24.1,25.23,3,,,,,,,,,,,,,,,,,,,,,,,,,,,,,,,,,,,,
2023,10,21,23,0,22.7,29.1,3.8,,,,,,,,,,,,,,,,,,,,,,,,,,,,,,,,,,,,
2023,10,22,0,0,19.3,44.15,6.8,,,,,,,,,,,,,,,,,,,,,,,,,,,,,,,,,,,,
2023,10,22,1,0,18.1,40.26,4.4,,,,,,,,,,,,,,,,,,,,,,,,,,,,,,,,,,,,
2023,10,22,2,0,17.1,40.67,3.6,,,,,,,,,,,,,,,,,,,,,,,,,,,,,,,,,,,,
2023,10,22,3,0,16.1,42.87,3.5,,,,,,,,,,,,,,,,,,,,,,,,,,,,,,,,,,,,
2023,10,22,4,0,15.5,44.05,3.3,,,,,,,,,,,,,,,,,,,,,,,,,,,,,,,,,,,,
2023,10,22,5,0,15,44.75,3.1,,,,,,,,,,,,,,,,,,,,,,,,,,,,,,,,,,,,
2023,10,22,6,0,14.7,44.82,2.8,,,,,,,,,,,,,,,,,,,,,,,,,,,,,,,,,,,,
2023,10,22,7,0,14.5,44.54,2.6,,,,,,,,,,,,,,,,,,,,,,,,,,,,,,,,,,,,
2023,10,22,8,0,14.1,45.1,2.4,,,,,,,,,,,,,,,,,,,,,,,,,,,,,,,,,,,,
2023,10,22,9,0,13.6,46.1,2.2,,,,,,,,,,,,,,,,,,,,,,,,,,,,,,,,,,,,
2023,10,22,10,0,12.9,47.88,2.1,,,,,,,,,,,,,,,,,,,,,,,,,,,,,,,,,,,,
2023,10,22,11,0,12.3,49.5,2,,,,,,,,,,,,,,,,,,,,,,,,,,,,,,,,,,,,
2023,10,22,12,0,11.7,51.18,1.9,,,,,,,,,,,,,,,,,,,,,,,,,,,,,,,,,,,,
2023,10,22,13,0,11.1,52.94,1.9,,,,,,,,,,,,,,,,,,,,,,,,,,,,,,,,,,,,
2023,10,22,14,0,11.7,52.58,2.3,,,,,,,,,,,,,,,,,,,,,,,,,,,,,,,,,,,,
2023,10,22,15,0,16.1,41.15,2.9,,,,,,,,,,,,,,,,,,,,,,,,,,,,,,,,,,,,
2023,10,22,16,0,19.1,32.23,2.1,,,,,,,,,,,,,,,,,,,,,,,,,,,,,,,,,,,,
2023,10,22,17,0,22.2,26.43,2,,,,,,,,,,,,,,,,,,,,,,,,,,,,,,,,,,,,
2023,10,22,18,0,23.5,24.3,1.9,,,,,,,,,,,,,,,,,,,,,,,,,,,,,,,,,,,,
2023,10,22,19,0,24.2,23.17,1.9,,,,,,,,,,,,,,,,,,,,,,,,,,,,,,,,,,,,
2023,10,22,20,0,24.4,22.8,1.8,,,,,,,,,,,,,,,,,,,,,,,,,,,,,,,,,,,,
2023,10,22,21,0,24.2,23.07,1.8,,,,,,,,,,,,,,,,,,,,,,,,,,,,,,,,,,,,
2023,10,22,22,0,23.8,23.71,1.8,,,,,,,,,,,,,,,,,,,,,,,,,,,,,,,,,,,,
2023,10,22,23,0,22.1,34.32,5.6,,,,,,,,,,,,,,,,,,,,,,,,,,,,,,,,,,,,
2023,10,23,0,0,19.6,42.84,6.6,,,,,,,,,,,,,,,,,,,,,,,,,,,,,,,,,,,,
2023,10,23,1,0,18.6,41.7,5.3,,,,,,,,,,,,,,,,,,,,,,,,,,,,,,,,,,,,
2023,10,23,2,0,17.7,43.58,5.2,,,,,,,,,,,,,,,,,,,,,,,,,,,,,,,,,,,,
2023,10,23,3,0,16.7,45.7,4.9,,,,,,,,,,,,,,,,,,,,,,,,,,,,,,,,,,,,
2023,10,23,4,0,15.7,47.19,4.5,,,,,,,,,,,,,,,,,,,,,,,,,,,,,,,,,,,,
2023,10,23,5,0,14.8,46.88,3.6,,,,,,,,,,,,,,,,,,,,,,,,,,,,,,,,,,,,
2023,10,23,6,0,13.9,47.59,2.9,,,,,,,,,,,,,,,,,,,,,,,,,,,,,,,,,,,,
2023,10,23,7,0,13.2,49.07,2.7,,,,,,,,,,,,,,,,,,,,,,,,,,,,,,,,,,,,
2023,10,23,8,0,12.9,49.78,2.7,,,,,,,,,,,,,,,,,,,,,,,,,,,,,,,,,,,,
2023,10,23,9,0,13.1,48.6,2.5,,,,,,,,,,,,,,,,,,,,,,,,,,,,,,,,,,,,
2023,10,23,10,0,13.3,47.36,2.3,,,,,,,,,,,,,,,,,,,,,,,,,,,,,,,,,,,,
2023,10,23,11,0,13.3,46.88,2.2,,,,,,,,,,,,,,,,,,,,,,,,,,,,,,,,,,,,
2023,10,23,12,0,13.1,47.52,2.2,,,,,,,,,,,,,,,,,,,,,,,,,,,,,,,,,,,,
2023,10,23,13,0,12.6,49.63,2.3,,,,,,,,,,,,,,,,,,,,,,,,,,,,,,,,,,,,
2023,10,23,14,0,12.5,51.9,2.9,,,,,,,,,,,,,,,,,,,,,,,,,,,,,,,,,,,,
2023,10,23,15,0,14.2,52.4,4.6,,,,,,,,,,,,,,,,,,,,,,,,,,,,,,,,,,,,
2023,10,23,16,0,16.6,41.16,3.3,,,,,,,,,,,,,,,,,,,,,,,,,,,,,,,,,,,,
2023,10,23,17,0,18.8,34.17,2.7,,,,,,,,,,,,,,,,,,,,,,,,,,,,,,,,,,,,
2023,10,23,18,0,20.1,31.05,2.5,,,,,,,,,,,,,,,,,,,,,,,,,,,,,,,,,,,,
2023,10,23,19,0,20.7,30.8,2.9,,,,,,,,,,,,,,,,,,,,,,,,,,,,,,,,,,,,
2023,10,23,20,0,20.8,31.67,3.4,,,,,,,,,,,,,,,,,,,,,,,,,,,,,,,,,,,,
2023,10,23,21,0,20.4,33.59,3.8,,,,,,,,,,,,,,,,,,,,,,,,,,,,,,,,,,,,
2023,10,23,22,0,19.5,37.04,4.4,,,,,,,,,,,,,,,,,,,,,,,,,,,,,,,,,,,,
2023,10,23,23,0,18.1,42.99,5.3,,,,,,,,,,,,,,,,,,,,,,,,,,,,,,,,,,,,
2023,10,24,0,0,15.4,55.77,6.6,,,,,,,,,,,,,,,,,,,,,,,,,,,,,,,,,,,,
2023,10,24,1,0,13.4,64.16,6.8,,,,,,,,,,,,,,,,,,,,,,,,,,,,,,,,,,,,
2023,10,24,2,0,13.1,65.81,6.8,,,,,,,,,,,,,,,,,,,,,,,,,,,,,,,,,,,,
2023,10,24,3,0,12.7,68.19,7,,,,,,,,,,,,,,,,,,,,,,,,,,,,,,,,,,,,
2023,10,24,4,0,12.2,71.06,7.1,,,,,,,,,,,,,,,,,,,,,,,,,,,,,,,,,,,,
2023,10,24,5,0,11.9,72.67,7.1,,,,,,,,,,,,,,,,,,,,,,,,,,,,,,,,,,,,
2023,10,24,6,0,11.5,74.54,7.1,,,,,,,,,,,,,,,,,,,,,,,,,,,,,,,,,,,,
2023,10,24,7,0,11,76.88,7.1,,,,,,,,,,,,,,,,,,,,,,,,,,,,,,,,,,,,
2023,10,24,8,0,10.6,78.51,7,,,,,,,,,,,,,,,,,,,,,,,,,,,,,,,,,,,,
2023,10,24,9,0,10.4,78.84,6.9,,,,,,,,,,,,,,,,,,,,,,,,,,,,,,,,,,,,
2023,10,24,10,0,10.3,78.16,6.7,,,,,,,,,,,,,,,,,,,,,,,,,,,,,,,,,,,,
2023,10,24,11,0,10.4,76.03,6.4,,,,,,,,,,,,,,,,,,,,,,,,,,,,,,,,,,,,
2023,10,24,12,0,10.5,73.8,6,,,,,,,,,,,,,,,,,,,,,,,,,,,,,,,,,,,,
2023,10,24,13,0,10.3,73.35,5.7,,,,,,,,,,,,,,,,,,,,,,,,,,,,,,,,,,,,
2023,10,24,14,0,10.2,72.85,5.5,,,,,,,,,,,,,,,,,,,,,,,,,,,,,,,,,,,,
2023,10,24,15,0,12.1,64.43,5.6,,,,,,,,,,,,,,,,,,,,,,,,,,,,,,,,,,,,
2023,10,24,16,0,14.3,42.26,1.6,,,,,,,,,,,,,,,,,,,,,,,,,,,,,,,,,,,,
2023,10,24,17,0,15.9,35.23,0.5,,,,,,,,,,,,,,,,,,,,,,,,,,,,,,,,,,,,
2023,10,24,18,0,17.1,31.98,0.3,,,,,,,,,,,,,,,,,,,,,,,,,,,,,,,,,,,,
2023,10,24,19,0,18,30.11,0.2,,,,,,,,,,,,,,,,,,,,,,,,,,,,,,,,,,,,
2023,10,24,20,0,18.3,29.77,0.3,,,,,,,,,,,,,,,,,,,,,,,,,,,,,,,,,,,,
2023,10,24,21,0,18.4,29.52,0.3,,,,,,,,,,,,,,,,,,,,,,,,,,,,,,,,,,,,
2023,10,24,22,0,18.1,29.42,0,,,,,,,,,,,,,,,,,,,,,,,,,,,,,,,,,,,,
2023,10,24,23,0,17.3,30.98,0,,,,,,,,,,,,,,,,,,,,,,,,,,,,,,,,,,,,
2023,10,25,0,0,14.6,43.59,2.3,,,,,,,,,,,,,,,,,,,,,,,,,,,,,,,,,,,,
2023,10,25,1,0,13.6,43.19,1.3,,,,,,,,,,,,,,,,,,,,,,,,,,,,,,,,,,,,
2023,10,25,2,0,12.5,46.14,1.2,,,,,,,,,,,,,,,,,,,,,,,,,,,,,,,,,,,,
2023,10,25,3,0,11,51.58,1.4,,,,,,,,,,,,,,,,,,,,,,,,,,,,,,,,,,,,
2023,10,25,4,0,10.3,54.24,1.5,,,,,,,,,,,,,,,,,,,,,,,,,,,,,,,,,,,,
2023,10,25,5,0,9.9,56.17,1.6,,,,,,,,,,,,,,,,,,,,,,,,,,,,,,,,,,,,
2023,10,25,6,0,9.9,56.74,1.7,,,,,,,,,,,,,,,,,,,,,,,,,,,,,,,,,,,,
2023,10,25,7,0,9.9,57.21,1.8,,,,,,,,,,,,,,,,,,,,,,,,,,,,,,,,,,,,
2023,10,25,8,0,9.9,57.83,2,,,,,,,,,,,,,,,,,,,,,,,,,,,,,,,,,,,,
2023,10,25,9,0,9.8,58.1,1.9,,,,,,,,,,,,,,,,,,,,,,,,,,,,,,,,,,,,
2023,10,25,10,0,9.6,58.17,1.8,,,,,,,,,,,,,,,,,,,,,,,,,,,,,,,,,,,,
2023,10,25,11,0,9.3,58.63,1.6,,,,,,,,,,,,,,,,,,,,,,,,,,,,,,,,,,,,
2023,10,25,12,0,9.1,58.63,1.4,,,,,,,,,,,,,,,,,,,,,,,,,,,,,,,,,,,,
2023,10,25,13,0,9.1,57.82,1.2,,,,,,,,,,,,,,,,,,,,,,,,,,,,,,,,,,,,
2023,10,25,14,0,10.1,54.16,1.2,,,,,,,,,,,,,,,,,,,,,,,,,,,,,,,,,,,,
2023,10,25,15,0,13.6,43.08,1.3,,,,,,,,,,,,,,,,,,,,,,,,,,,,,,,,,,,,
2023,10,25,16,0,16.2,34.43,0.5,,,,,,,,,,,,,,,,,,,,,,,,,,,,,,,,,,,,
2023,10,25,17,0,18.5,28.25,-0.2,,,,,,,,,,,,,,,,,,,,,,,,,,,,,,,,,,,,
2023,10,25,18,0,20.1,25.59,-0.2,,,,,,,,,,,,,,,,,,,,,,,,,,,,,,,,,,,,
2023,10,25,19,0,21,24.79,0.1,,,,,,,,,,,,,,,,,,,,,,,,,,,,,,,,,,,,
2023,10,25,20,0,21.7,24.46,0.5,,,,,,,,,,,,,,,,,,,,,,,,,,,,,,,,,,,,
2023,10,25,21,0,22,24.55,0.8,,,,,,,,,,,,,,,,,,,,,,,,,,,,,,,,,,,,
2023,10,25,22,0,21.7,25.25,0.9,,,,,,,,,,,,,,,,,,,,,,,,,,,,,,,,,,,,
2023,10,25,23,0,20.7,28.26,1.7,,,,,,,,,,,,,,,,,,,,,,,,,,,,,,,,,,,,
2023,10,26,0,0,17.4,38.63,3.2,,,,,,,,,,,,,,,,,,,,,,,,,,,,,,,,,,,,
2023,10,26,1,0,15.3,45.73,3.7,,,,,,,,,,,,,,,,,,,,,,,,,,,,,,,,,,,,
2023,10,26,2,0,13.9,52.09,4.2,,,,,,,,,,,,,,,,,,,,,,,,,,,,,,,,,,,,
2023,10,26,3,0,12.4,61.08,5.1,,,,,,,,,,,,,,,,,,,,,,,,,,,,,,,,,,,,
2023,10,26,4,0,11.3,66.91,5.4,,,,,,,,,,,,,,,,,,,,,,,,,,,,,,,,,,,,
2023,10,26,5,0,10.5,70.44,5.3,,,,,,,,,,,,,,,,,,,,,,,,,,,,,,,,,,,,
2023,10,26,6,0,9.9,72.73,5.2,,,,,,,,,,,,,,,,,,,,,,,,,,,,,,,,,,,,
2023,10,26,7,0,9.3,75.09,5.1,,,,,,,,,,,,,,,,,,,,,,,,,,,,,,,,,,,,
2023,10,26,8,0,8.9,76.21,4.9,,,,,,,,,,,,,,,,,,,,,,,,,,,,,,,,,,,,
2023,10,26,9,0,8.4,77.68,4.7,,,,,,,,,,,,,,,,,,,,,,,,,,,,,,,,,,,,
2023,10,26,10,0,7.3,81.19,4.3,,,,,,,,,,,,,,,,,,,,,,,,,,,,,,,,,,,,
2023,10,26,11,0,6.1,82.5,3.3,,,,,,,,,,,,,,,,,,,,,,,,,,,,,,,,,,,,
2023,10,26,12,0,4.7,80.92,1.7,,,,,,,,,,,,,,,,,,,,,,,,,,,,,,,,,,,,
2023,10,26,13,0,3.5,76.7,-0.2,,,,,,,,,,,,,,,,,,,,,,,,,,,,,,,,,,,,
2023,10,26,14,0,3,71.33,-1.7,,,,,,,,,,,,,,,,,,,,,,,,,,,,,,,,,,,,
2023,10,26,15,0,3.5,61.68,-3.2,,,,,,,,,,,,,,,,,,,,,,,,,,,,,,,,,,,,
2023,10,26,16,0,4.6,50.12,-4.9,,,,,,,,,,,,,,,,,,,,,,,,,,,,,,,,,,,,
2023,10,26,17,0,5.7,43.49,-5.8,,,,,,,,,,,,,,,,,,,,,,,,,,,,,,,,,,,,
2023,10,26,18,0,6.4,40.81,-6,,,,,,,,,,,,,,,,,,,,,,,,,,,,,,,,,,,,
2023,10,26,19,0,6.8,39.84,-5.9,,,,,,,,,,,,,,,,,,,,,,,,,,,,,,,,,,,,
2023,10,26,20,0,7.3,38.39,-6,,,,,,,,,,,,,,,,,,,,,,,,,,,,,,,,,,,,
2023,10,26,21,0,7.6,37.02,-6.2,,,,,,,,,,,,,,,,,,,,,,,,,,,,,,,,,,,,
2023,10,26,22,0,7.6,36.09,-6.5,,,,,,,,,,,,,,,,,,,,,,,,,,,,,,,,,,,,
2023,10,26,23,0,7.1,36.45,-6.8,,,,,,,,,,,,,,,,,,,,,,,,,,,,,,,,,,,,
2023,10,27,0,0,5.2,46.78,-5.3,,,,,,,,,,,,,,,,,,,,,,,,,,,,,,,,,,,,
2023,10,27,1,0,4.1,47.18,-6.2,,,,,,,,,,,,,,,,,,,,,,,,,,,,,,,,,,,,
2023,10,27,2,0,3.7,46.68,-6.7,,,,,,,,,,,,,,,,,,,,,,,,,,,,,,,,,,,,
2023,10,27,3,0,3.2,47.19,-7,,,,,,,,,,,,,,,,,,,,,,,,,,,,,,,,,,,,
2023,10,27,4,0,2.5,49.26,-7.1,,,,,,,,,,,,,,,,,,,,,,,,,,,,,,,,,,,,
2023,10,27,5,0,1.8,51.26,-7.2,,,,,,,,,,,,,,,,,,,,,,,,,,,,,,,,,,,,
2023,10,27,6,0,1.3,52.28,-7.4,,,,,,,,,,,,,,,,,,,,,,,,,,,,,,,,,,,,
2023,10,27,7,0,1,52.23,-7.7,,,,,,,,,,,,,,,,,,,,,,,,,,,,,,,,,,,,
2023,10,27,8,0,0.8,51.88,-8,,,,,,,,,,,,,,,,,,,,,,,,,,,,,,,,,,,,
2023,10,27,9,0,0.6,51.57,-8.2,,,,,,,,,,,,,,,,,,,,,,,,,,,,,,,,,,,,
2023,10,27,10,0,0.4,51.34,-8.5,,,,,,,,,,,,,,,,,,,,,,,,,,,,,,,,,,,,
2023,10,27,11,0,0.4,50.88,-8.6,,,,,,,,,,,,,,,,,,,,,,,,,,,,,,,,,,,,
2023,10,27,12,0,0.6,50.39,-8.5,,,,,,,,,,,,,,,,,,,,,,,,,,,,,,,,,,,,
2023,10,27,13,0,0.7,50.38,-8.5,,,,,,,,,,,,,,,,,,,,,,,,,,,,,,,,,,,,
2023,10,27,14,0,1.3,50.84,-7.8,,,,,,,,,,,,,,,,,,,,,,,,,,,,,,,,,,,,
2023,10,27,15,0,4.6,42.43,-7.1,,,,,,,,,,,,,,,,,,,,,,,,,,,,,,,,,,,,
2023,10,27,16,0,7.1,31.46,-8.7,,,,,,,,,,,,,,,,,,,,,,,,,,,,,,,,,,,,
2023,10,27,17,0,9.4,25.84,-9.2,,,,,,,,,,,,,,,,,,,,,,,,,,,,,,,,,,,,
2023,10,27,18,0,11.1,23.06,-9.3,,,,,,,,,,,,,,,,,,,,,,,,,,,,,,,,,,,,
2023,10,27,19,0,12.1,21.86,-9.1,,,,,,,,,,,,,,,,,,,,,,,,,,,,,,,,,,,,
2023,10,27,20,0,12.6,21.31,-9,,,,,,,,,,,,,,,,,,,,,,,,,,,,,,,,,,,,
2023,10,27,21,0,12.5,21.49,-9,,,,,,,,,,,,,,,,,,,,,,,,,,,,,,,,,,,,
2023,10,27,22,0,11.9,22.21,-9.1,,,,,,,,,,,,,,,,,,,,,,,,,,,,,,,,,,,,
2023,10,27,23,0,10.7,24.68,-8.7,,,,,,,,,,,,,,,,,,,,,,,,,,,,,,,,,,,,
2023,10,28,0,0,7.7,40.76,-4.8,,,,,,,,,,,,,,,,,,,,,,,,,,,,,,,,,,,,
2023,10,28,1,0,6,43.48,-5.5,,,,,,,,,,,,,,,,,,,,,,,,,,,,,,,,,,,,
2023,10,28,2,0,5,46.03,-5.7,,,,,,,,,,,,,,,,,,,,,,,,,,,,,,,,,,,,
2023,10,28,3,0,4.5,46.34,-6,,,,,,,,,,,,,,,,,,,,,,,,,,,,,,,,,,,,
2023,10,28,4,0,4.6,43.96,-6.6,,,,,,,,,,,,,,,,,,,,,,,,,,,,,,,,,,,,
2023,10,28,5,0,4.8,41.35,-7.2,,,,,,,,,,,,,,,,,,,,,,,,,,,,,,,,,,,,
2023,10,28,6,0,4.7,40.48,-7.6,,,,,,,,,,,,,,,,,,,,,,,,,,,,,,,,,,,,
2023,10,28,7,0,4.1,42.28,-7.6,,,,,,,,,,,,,,,,,,,,,,,,,,,,,,,,,,,,
2023,10,28,8,0,3.1,46.15,-7.4,,,,,,,,,,,,,,,,,,,,,,,,,,,,,,,,,,,,
2023,10,28,9,0,2.2,50.22,-7.1,,,,,,,,,,,,,,,,,,,,,,,,,,,,,,,,,,,,
2023,10,28,10,0,1.5,53.94,-6.8,,,,,,,,,,,,,,,,,,,,,,,,,,,,,,,,,,,,
2023,10,28,11,0,1,57.02,-6.6,,,,,,,,,,,,,,,,,,,,,,,,,,,,,,,,,,,,
2023,10,28,12,0,0.7,59.09,-6.4,,,,,,,,,,,,,,,,,,,,,,,,,,,,,,,,,,,,
2023,10,28,13,0,0.6,60.32,-6.2,,,,,,,,,,,,,,,,,,,,,,,,,,,,,,,,,,,,
2023,10,28,14,0,0.8,61.54,-5.8,,,,,,,,,,,,,,,,,,,,,,,,,,,,,,,,,,,,
2023,10,28,15,0,3.4,51.2,-5.7,,,,,,,,,,,,,,,,,,,,,,,,,,,,,,,,,,,,
2023,10,28,16,0,5.2,41.6,-6.8,,,,,,,,,,,,,,,,,,,,,,,,,,,,,,,,,,,,
2023,10,28,17,0,6.4,37.75,-7,,,,,,,,,,,,,,,,,,,,,,,,,,,,,,,,,,,,
2023,10,28,18,0,7.1,35.73,-7.1,,,,,,,,,,,,,,,,,,,,,,,,,,,,,,,,,,,,
2023,10,28,19,0,7.4,34.66,-7.2,,,,,,,,,,,,,,,,,,,,,,,,,,,,,,,,,,,,
2023,10,28,20,0,7.2,34.87,-7.3,,,,,,,,,,,,,,,,,,,,,,,,,,,,,,,,,,,,
2023,10,28,21,0,6.9,34.93,-7.6,,,,,,,,,,,,,,,,,,,,,,,,,,,,,,,,,,,,
2023,10,28,22,0,6.2,35.63,-7.9,,,,,,,,,,,,,,,,,,,,,,,,,,,,,,,,,,,,
2023,10,28,23,0,5.1,37.8,-8.1,,,,,,,,,,,,,,,,,,,,,,,,,,,,,,,,,,,,
2023,10,29,0,0,2.7,47.02,-7.5,,,,,,,,,,,,,,,,,,,,,,,,,,,,,,,,,,,,
2023,10,29,1,0,0.7,56.38,-7,,,,,,,,,,,,,,,,,,,,,,,,,,,,,,,,,,,,
2023,10,29,2,0,0,59.65,-6.9,,,,,,,,,,,,,,,,,,,,,,,,,,,,,,,,,,,,
2023,10,29,3,0,-0.6,61.8,-7,,,,,,,,,,,,,,,,,,,,,,,,,,,,,,,,,,,,
2023,10,29,4,0,-0.9,62.29,-7.2,,,,,,,,,,,,,,,,,,,,,,,,,,,,,,,,,,,,
2023,10,29,5,0,-1.1,62.33,-7.4,,,,,,,,,,,,,,,,,,,,,,,,,,,,,,,,,,,,
2023,10,29,6,0,-1.3,62.61,-7.5,,,,,,,,,,,,,,,,,,,,,,,,,,,,,,,,,,,,
2023,10,29,7,0,-1.5,62.66,-7.7,,,,,,,,,,,,,,,,,,,,,,,,,,,,,,,,,,,,
2023,10,29,8,0,-1.7,62.28,-8,,,,,,,,,,,,,,,,,,,,,,,,,,,,,,,,,,,,
2023,10,29,9,0,-1.9,61.66,-8.3,,,,,,,,,,,,,,,,,,,,,,,,,,,,,,,,,,,,
2023,10,29,10,0,-2,60.77,-8.6,,,,,,,,,,,,,,,,,,,,,,,,,,,,,,,,,,,,
2023,10,29,11,0,-2.1,60.51,-8.7,,,,,,,,,,,,,,,,,,,,,,,,,,,,,,,,,,,,
2023,10,29,12,0,-2.2,60.69,-8.8,,,,,,,,,,,,,,,,,,,,,,,,,,,,,,,,,,,,
2023,10,29,13,0,-2.2,60.54,-8.8,,,,,,,,,,,,,,,,,,,,,,,,,,,,,,,,,,,,
2023,10,29,14,0,-1.5,58.28,-8.6,,,,,,,,,,,,,,,,,,,,,,,,,,,,,,,,,,,,
2023,10,29,15,0,1.1,45.54,-9.4,,,,,,,,,,,,,,,,,,,,,,,,,,,,,,,,,,,,
2023,10,29,16,0,2.9,35.31,-11,,,,,,,,,,,,,,,,,,,,,,,,,,,,,,,,,,,,
2023,10,29,17,0,4.5,29.36,-11.9,,,,,,,,,,,,,,,,,,,,,,,,,,,,,,,,,,,,
2023,10,29,18,0,5.6,26.92,-12,,,,,,,,,,,,,,,,,,,,,,,,,,,,,,,,,,,,
2023,10,29,19,0,6.5,25.47,-11.9,,,,,,,,,,,,,,,,,,,,,,,,,,,,,,,,,,,,
2023,10,29,20,0,7,24.86,-11.8,,,,,,,,,,,,,,,,,,,,,,,,,,,,,,,,,,,,
2023,10,29,21,0,7.1,25.06,-11.6,,,,,,,,,,,,,,,,,,,,,,,,,,,,,,,,,,,,
2023,10,29,22,0,6.7,26.11,-11.4,,,,,,,,,,,,,,,,,,,,,,,,,,,,,,,,,,,,
2023,10,29,23,0,5.6,29.8,-10.7,,,,,,,,,,,,,,,,,,,,,,,,,,,,,,,,,,,,
2023,10,30,0,0,2.5,42.96,-8.8,,,,,,,,,,,,,,,,,,,,,,,,,,,,,,,,,,,,
2023,10,30,1,0,1,46.08,-9.3,,,,,,,,,,,,,,,,,,,,,,,,,,,,,,,,,,,,
2023,10,30,2,0,0.7,46.58,-9.5,,,,,,,,,,,,,,,,,,,,,,,,,,,,,,,,,,,,
2023,10,30,3,0,0.6,46.45,-9.6,,,,,,,,,,,,,,,,,,,,,,,,,,,,,,,,,,,,
2023,10,30,4,0,0.7,45.79,-9.7,,,,,,,,,,,,,,,,,,,,,,,,,,,,,,,,,,,,
2023,10,30,5,0,0.9,44.97,-9.7,,,,,,,,,,,,,,,,,,,,,,,,,,,,,,,,,,,,
2023,10,30,6,0,1.1,43.76,-9.9,,,,,,,,,,,,,,,,,,,,,,,,,,,,,,,,,,,,
2023,10,30,7,0,1.2,42.87,-10.1,,,,,,,,,,,,,,,,,,,,,,,,,,,,,,,,,,,,
2023,10,30,8,0,1.2,42.95,-10,,,,,,,,,,,,,,,,,,,,,,,,,,,,,,,,,,,,
2023,10,30,9,0,1.2,43.5,-9.9,,,,,,,,,,,,,,,,,,,,,,,,,,,,,,,,,,,,
2023,10,30,10,0,1,44.68,-9.7,,,,,,,,,,,,,,,,,,,,,,,,,,,,,,,,,,,,
2023,10,30,11,0,1,45.16,-9.6,,,,,,,,,,,,,,,,,,,,,,,,,,,,,,,,,,,,
2023,10,30,12,0,0.9,46.04,-9.4,,,,,,,,,,,,,,,,,,,,,,,,,,,,,,,,,,,,
2023,10,30,13,0,0.9,46.54,-9.3,,,,,,,,,,,,,,,,,,,,,,,,,,,,,,,,,,,,
2023,10,30,14,0,1,48.12,-8.8,,,,,,,,,,,,,,,,,,,,,,,,,,,,,,,,,,,,
2023,10,30,15,0,2.7,43.82,-8.4,,,,,,,,,,,,,,,,,,,,,,,,,,,,,,,,,,,,
2023,10,30,16,0,4.2,34.66,-10.1,,,,,,,,,,,,,,,,,,,,,,,,,,,,,,,,,,,,
2023,10,30,17,0,5.7,28.65,-11.1,,,,,,,,,,,,,,,,,,,,,,,,,,,,,,,,,,,,
2023,10,30,18,0,6.9,25,-11.8,,,,,,,,,,,,,,,,,,,,,,,,,,,,,,,,,,,,
2023,10,30,19,0,7.8,22.83,-12.2,,,,,,,,,,,,,,,,,,,,,,,,,,,,,,,,,,,,
2023,10,30,20,0,8.2,22.34,-12.1,,,,,,,,,,,,,,,,,,,,,,,,,,,,,,,,,,,,
2023,10,30,21,0,8.2,22.62,-11.9,,,,,,,,,,,,,,,,,,,,,,,,,,,,,,,,,,,,
2023,10,30,22,0,7.7,23.53,-11.9,,,,,,,,,,,,,,,,,,,,,,,,,,,,,,,,,,,,
2023,10,30,23,0,6.4,27.13,-11.2,,,,,,,,,,,,,,,,,,,,,,,,,,,,,,,,,,,,
2023,10,31,0,0,2.7,43.2,-8.6,,,,,,,,,,,,,,,,,,,,,,,,,,,,,,,,,,,,
2023,10,31,1,0,1.5,43.43,-9.6,,,,,,,,,,,,,,,,,,,,,,,,,,,,,,,,,,,,
2023,10,31,2,0,1.5,42.66,-9.8,,,,,,,,,,,,,,,,,,,,,,,,,,,,,,,,,,,,
2023,10,31,3,0,1.7,41.62,-10,,,,,,,,,,,,,,,,,,,,,,,,,,,,,,,,,,,,
2023,10,31,4,0,1.9,40.93,-10,,,,,,,,,,,,,,,,,,,,,,,,,,,,,,,,,,,,
2023,10,31,5,0,2.2,40.26,-9.9,,,,,,,,,,,,,,,,,,,,,,,,,,,,,,,,,,,,
2023,10,31,6,0,2.6,39.16,-9.9,,,,,,,,,,,,,,,,,,,,,,,,,,,,,,,,,,,,
2023,10,31,7,0,2.8,38.73,-9.9,,,,,,,,,,,,,,,,,,,,,,,,,,,,,,,,,,,,
2023,10,31,8,0,3,38.45,-9.8,,,,,,,,,,,,,,,,,,,,,,,,,,,,,,,,,,,,
2023,10,31,9,0,3,39.02,-9.6,,,,,,,,,,,,,,,,,,,,,,,,,,,,,,,,,,,,
2023,10,31,10,0,2.7,40.45,-9.4,,,,,,,,,,,,,,,,,,,,,,,,,,,,,,,,,,,,
2023,10,31,11,0,2.4,42.09,-9.2,,,,,,,,,,,,,,,,,,,,,,,,,,,,,,,,,,,,
2023,10,31,12,0,2.3,42.81,-9.1,,,,,,,,,,,,,,,,,,,,,,,,,,,,,,,,,,,,
2023,10,31,13,0,2.1,43.7,-9,,,,,,,,,,,,,,,,,,,,,,,,,,,,,,,,,,,,
2023,10,31,14,0,2.1,45.42,-8.5,,,,,,,,,,,,,,,,,,,,,,,,,,,,,,,,,,,,
2023,10,31,15,0,4.2,39.46,-8.4,,,,,,,,,,,,,,,,,,,,,,,,,,,,,,,,,,,,
2023,10,31,16,0,6.5,27.26,-11.1,,,,,,,,,,,,,,,,,,,,,,,,,,,,,,,,,,,,
2023,10,31,17,0,8.3,23.04,-11.6,,,,,,,,,,,,,,,,,,,,,,,,,,,,,,,,,,,,
2023,10,31,18,0,9.6,21.35,-11.5,,,,,,,,,,,,,,,,,,,,,,,,,,,,,,,,,,,,
2023,10,31,19,0,10.6,20.42,-11.2,,,,,,,,,,,,,,,,,,,,,,,,,,,,,,,,,,,,
2023,10,31,20,0,11.4,19.75,-11,,,,,,,,,,,,,,,,,,,,,,,,,,,,,,,,,,,,
2023,10,31,21,0,12,19.21,-10.8,,,,,,,,,,,,,,,,,,,,,,,,,,,,,,,,,,,,
2023,10,31,22,0,11.9,19.61,-10.6,,,,,,,,,,,,,,,,,,,,,,,,,,,,,,,,,,,,
2023,10,31,23,0,10.5,29.22,-6.7,,,,,,,,,,,,,,,,,,,,,,,,,,,,,,,,,,,,
2023,11,1,0,0,8,33.06,-7.3,,,,,,,,,,,,,,,,,,,,,,,,,,,,,,,,,,,,
2023,11,1,1,0,7,32.07,-8.6,,,,,,,,,,,,,,,,,,,,,,,,,,,,,,,,,,,,
2023,11,1,2,0,6.5,33.24,-8.5,,,,,,,,,,,,,,,,,,,,,,,,,,,,,,,,,,,,
2023,11,1,3,0,5.8,35.13,-8.5,,,,,,,,,,,,,,,,,,,,,,,,,,,,,,,,,,,,
2023,11,1,4,0,5.2,37.09,-8.3,,,,,,,,,,,,,,,,,,,,,,,,,,,,,,,,,,,,
2023,11,1,5,0,4.9,38,-8.2,,,,,,,,,,,,,,,,,,,,,,,,,,,,,,,,,,,,
2023,11,1,6,0,4.7,38.32,-8.3,,,,,,,,,,,,,,,,,,,,,,,,,,,,,,,,,,,,
2023,11,1,7,0,4.7,38.05,-8.4,,,,,,,,,,,,,,,,,,,,,,,,,,,,,,,,,,,,
2023,11,1,8,0,4.6,38.34,-8.4,,,,,,,,,,,,,,,,,,,,,,,,,,,,,,,,,,,,
2023,11,1,9,0,4.8,38.21,-8.3,,,,,,,,,,,,,,,,,,,,,,,,,,,,,,,,,,,,
2023,11,1,10,0,4.8,38.18,-8.3,,,,,,,,,,,,,,,,,,,,,,,,,,,,,,,,,,,,
2023,11,1,11,0,4.5,38.8,-8.3,,,,,,,,,,,,,,,,,,,,,,,,,,,,,,,,,,,,
2023,11,1,12,0,4.1,40.02,-8.3,,,,,,,,,,,,,,,,,,,,,,,,,,,,,,,,,,,,
2023,11,1,13,0,4.1,39.9,-8.3,,,,,,,,,,,,,,,,,,,,,,,,,,,,,,,,,,,,
2023,11,1,14,0,4.1,40.98,-8,,,,,,,,,,,,,,,,,,,,,,,,,,,,,,,,,,,,
2023,11,1,15,0,6.1,44.91,-5,,,,,,,,,,,,,,,,,,,,,,,,,,,,,,,,,,,,
2023,11,1,16,0,8.9,30.19,-7.7,,,,,,,,,,,,,,,,,,,,,,,,,,,,,,,,,,,,
2023,11,1,17,0,11,23.6,-9,,,,,,,,,,,,,,,,,,,,,,,,,,,,,,,,,,,,
2023,11,1,18,0,12.7,21.72,-8.7,,,,,,,,,,,,,,,,,,,,,,,,,,,,,,,,,,,,
2023,11,1,19,0,14.5,19.32,-8.7,,,,,,,,,,,,,,,,,,,,,,,,,,,,,,,,,,,,
2023,11,1,20,0,15.4,18.54,-8.4,,,,,,,,,,,,,,,,,,,,,,,,,,,,,,,,,,,,
2023,11,1,21,0,15.6,18.73,-8.2,,,,,,,,,,,,,,,,,,,,,,,,,,,,,,,,,,,,
2023,11,1,22,0,14.5,22.52,-6.7,,,,,,,,,,,,,,,,,,,,,,,,,,,,,,,,,,,,
2023,11,1,23,0,12.6,34.92,-2.5,,,,,,,,,,,,,,,,,,,,,,,,,,,,,,,,,,,,
2023,11,2,0,0,10.5,33.81,-4.8,,,,,,,,,,,,,,,,,,,,,,,,,,,,,,,,,,,,
2023,11,2,1,0,9.5,31.86,-6.5,,,,,,,,,,,,,,,,,,,,,,,,,,,,,,,,,,,,
2023,11,2,2,0,8.4,33.63,-6.7,,,,,,,,,,,,,,,,,,,,,,,,,,,,,,,,,,,,
2023,11,2,3,0,7.5,34.78,-7.1,,,,,,,,,,,,,,,,,,,,,,,,,,,,,,,,,,,,
2023,11,2,4,0,7.3,34.9,-7.2,,,,,,,,,,,,,,,,,,,,,,,,,,,,,,,,,,,,
2023,11,2,5,0,7.3,34.76,-7.3,,,,,,,,,,,,,,,,,,,,,,,,,,,,,,,,,,,,
2023,11,2,6,0,7.6,34.17,-7.2,,,,,,,,,,,,,,,,,,,,,,,,,,,,,,,,,,,,
2023,11,2,7,0,7,35.7,-7.2,,,,,,,,,,,,,,,,,,,,,,,,,,,,,,,,,,,,
2023,11,2,8,0,6.3,37.69,-7.1,,,,,,,,,,,,,,,,,,,,,,,,,,,,,,,,,,,,
2023,11,2,9,0,6.3,37.59,-7.1,,,,,,,,,,,,,,,,,,,,,,,,,,,,,,,,,,,,
2023,11,2,10,0,6.2,37.75,-7.2,,,,,,,,,,,,,,,,,,,,,,,,,,,,,,,,,,,,
2023,11,2,11,0,5.9,38.88,-7.1,,,,,,,,,,,,,,,,,,,,,,,,,,,,,,,,,,,,
2023,11,2,12,0,5.8,39.85,-6.8,,,,,,,,,,,,,,,,,,,,,,,,,,,,,,,,,,,,
2023,11,2,13,0,5.8,39.58,-6.9,,,,,,,,,,,,,,,,,,,,,,,,,,,,,,,,,,,,
2023,11,2,14,0,5.7,40.87,-6.6,,,,,,,,,,,,,,,,,,,,,,,,,,,,,,,,,,,,
2023,11,2,15,0,8.1,43.44,-3.6,,,,,,,,,,,,,,,,,,,,,,,,,,,,,,,,,,,,
2023,11,2,16,0,11.5,28.09,-6.4,,,,,,,,,,,,,,,,,,,,,,,,,,,,,,,,,,,,
2023,11,2,17,0,14.6,22.34,-6.7,,,,,,,,,,,,,,,,,,,,,,,,,,,,,,,,,,,,
2023,11,2,18,0,17,18.35,-7.3,,,,,,,,,,,,,,,,,,,,,,,,,,,,,,,,,,,,
2023,11,2,19,0,18.3,17.4,-6.9,,,,,,,,,,,,,,,,,,,,,,,,,,,,,,,,,,,,
2023,11,2,20,0,19,17.46,-6.3,,,,,,,,,,,,,,,,,,,,,,,,,,,,,,,,,,,,
2023,11,2,21,0,19,18.12,-5.8,,,,,,,,,,,,,,,,,,,,,,,,,,,,,,,,,,,,
2023,11,2,22,0,18.5,19.33,-5.4,,,,,,,,,,,,,,,,,,,,,,,,,,,,,,,,,,,,
2023,11,2,23,0,16.4,32.65,-0.1,,,,,,,,,,,,,,,,,,,,,,,,,,,,,,,,,,,,
2023,11,3,0,0,14.7,30.69,-2.4,,,,,,,,,,,,,,,,,,,,,,,,,,,,,,,,,,,,
2023,11,3,1,0,14.2,27.91,-4.1,,,,,,,,,,,,,,,,,,,,,,,,,,,,,,,,,,,,
2023,11,3,2,0,14,27.47,-4.5,,,,,,,,,,,,,,,,,,,,,,,,,,,,,,,,,,,,
2023,11,3,3,0,13.2,29.47,-4.3,,,,,,,,,,,,,,,,,,,,,,,,,,,,,,,,,,,,
2023,11,3,4,0,12.7,30.87,-4.1,,,,,,,,,,,,,,,,,,,,,,,,,,,,,,,,,,,,
2023,11,3,5,0,12.2,33.11,-3.6,,,,,,,,,,,,,,,,,,,,,,,,,,,,,,,,,,,,
2023,11,3,6,0,11.4,36.2,-3.1,,,,,,,,,,,,,,,,,,,,,,,,,,,,,,,,,,,,
2023,11,3,7,0,10.9,37.09,-3.2,,,,,,,,,,,,,,,,,,,,,,,,,,,,,,,,,,,,
2023,11,3,8,0,10.7,37.48,-3.2,,,,,,,,,,,,,,,,,,,,,,,,,,,,,,,,,,,,
2023,11,3,9,0,10.5,39.04,-2.9,,,,,,,,,,,,,,,,,,,,,,,,,,,,,,,,,,,,
2023,11,3,10,0,10.5,42.45,-1.7,,,,,,,,,,,,,,,,,,,,,,,,,,,,,,,,,,,,
2023,11,3,11,0,10.6,45.17,-0.8,,,,,,,,,,,,,,,,,,,,,,,,,,,,,,,,,,,,
2023,11,3,12,0,10.6,47.64,-0.1,,,,,,,,,,,,,,,,,,,,,,,,,,,,,,,,,,,,
2023,11,3,13,0,10.4,49.98,0.4,,,,,,,,,,,,,,,,,,,,,,,,,,,,,,,,,,,,
2023,11,3,14,0,10.3,51.31,0.7,,,,,,,,,,,,,,,,,,,,,,,,,,,,,,,,,,,,
2023,11,3,15,0,11.5,52.43,2.1,,,,,,,,,,,,,,,,,,,,,,,,,,,,,,,,,,,,
2023,11,3,16,0,13.8,51.3,3.9,,,,,,,,,,,,,,,,,,,,,,,,,,,,,,,,,,,,
2023,11,3,17,0,15.6,48,4.6,,,,,,,,,,,,,,,,,,,,,,,,,,,,,,,,,,,,
2023,11,3,18,0,16.8,45.05,4.8,,,,,,,,,,,,,,,,,,,,,,,,,,,,,,,,,,,,
2023,11,3,19,0,17.4,43.3,4.8,,,,,,,,,,,,,,,,,,,,,,,,,,,,,,,,,,,,
2023,11,3,20,0,17.7,42.14,4.7,,,,,,,,,,,,,,,,,,,,,,,,,,,,,,,,,,,,
2023,11,3,21,0,17.8,41.37,4.5,,,,,,,,,,,,,,,,,,,,,,,,,,,,,,,,,,,,
2023,11,3,22,0,17.5,41.25,4.2,,,,,,,,,,,,,,,,,,,,,,,,,,,,,,,,,,,,
2023,11,3,23,0,16.2,46.89,4.8,,,,,,,,,,,,,,,,,,,,,,,,,,,,,,,,,,,,
2023,11,4,0,0,13.2,57.29,4.9,,,,,,,,,,,,,,,,,,,,,,,,,,,,,,,,,,,,
2023,11,4,1,0,12.4,57.23,4.2,,,,,,,,,,,,,,,,,,,,,,,,,,,,,,,,,,,,
2023,11,4,2,0,11.5,59.82,4,,,,,,,,,,,,,,,,,,,,,,,,,,,,,,,,,,,,
2023,11,4,3,0,11,60.88,3.7,,,,,,,,,,,,,,,,,,,,,,,,,,,,,,,,,,,,
2023,11,4,4,0,10.7,60.79,3.4,,,,,,,,,,,,,,,,,,,,,,,,,,,,,,,,,,,,
2023,11,4,5,0,10.3,61.03,3.1,,,,,,,,,,,,,,,,,,,,,,,,,,,,,,,,,,,,
2023,11,4,6,0,10,61.14,2.9,,,,,,,,,,,,,,,,,,,,,,,,,,,,,,,,,,,,
2023,11,4,7,0,9.7,61.48,2.6,,,,,,,,,,,,,,,,,,,,,,,,,,,,,,,,,,,,
2023,11,4,8,0,9.2,62.67,2.4,,,,,,,,,,,,,,,,,,,,,,,,,,,,,,,,,,,,
2023,11,4,9,0,8.7,63.87,2.2,,,,,,,,,,,,,,,,,,,,,,,,,,,,,,,,,,,,
2023,11,4,10,0,8.2,65,2,,,,,,,,,,,,,,,,,,,,,,,,,,,,,,,,,,,,
2023,11,4,11,0,7.8,65.73,1.8,,,,,,,,,,,,,,,,,,,,,,,,,,,,,,,,,,,,
2023,11,4,12,0,7.5,66.04,1.6,,,,,,,,,,,,,,,,,,,,,,,,,,,,,,,,,,,,
2023,11,4,13,0,7.2,66.37,1.3,,,,,,,,,,,,,,,,,,,,,,,,,,,,,,,,,,,,
2023,11,4,14,0,7.3,65.27,1.2,,,,,,,,,,,,,,,,,,,,,,,,,,,,,,,,,,,,
2023,11,4,15,0,10.6,57.74,2.6,,,,,,,,,,,,,,,,,,,,,,,,,,,,,,,,,,,,
2023,11,4,16,0,14,45.45,2.4,,,,,,,,,,,,,,,,,,,,,,,,,,,,,,,,,,,,
2023,11,4,17,0,17.3,36.7,2.4,,,,,,,,,,,,,,,,,,,,,,,,,,,,,,,,,,,,
2023,11,4,18,0,19.6,31.42,2.2,,,,,,,,,,,,,,,,,,,,,,,,,,,,,,,,,,,,
2023,11,4,19,0,20.6,29.12,2,,,,,,,,,,,,,,,,,,,,,,,,,,,,,,,,,,,,
2023,11,4,20,0,20.4,29.05,1.8,,,,,,,,,,,,,,,,,,,,,,,,,,,,,,,,,,,,
2023,11,4,21,0,19.4,31.98,2.3,,,,,,,,,,,,,,,,,,,,,,,,,,,,,,,,,,,,
2023,11,4,22,0,18.2,43.23,5.5,,,,,,,,,,,,,,,,,,,,,,,,,,,,,,,,,,,,
2023,11,4,23,0,16.9,46.09,5.2,,,,,,,,,,,,,,,,,,,,,,,,,,,,,,,,,,,,
2023,11,5,0,0,15.9,42.1,3,,,,,,,,,,,,,,,,,,,,,,,,,,,,,,,,,,,,
2023,11,5,1,0,15,43.91,2.8,,,,,,,,,,,,,,,,,,,,,,,,,,,,,,,,,,,,
2023,11,5,2,0,13.3,49.04,2.8,,,,,,,,,,,,,,,,,,,,,,,,,,,,,,,,,,,,
2023,11,5,3,0,12,51.62,2.3,,,,,,,,,,,,,,,,,,,,,,,,,,,,,,,,,,,,
2023,11,5,4,0,11.5,51.67,1.9,,,,,,,,,,,,,,,,,,,,,,,,,,,,,,,,,,,,
2023,11,5,5,0,11.1,51.17,1.4,,,,,,,,,,,,,,,,,,,,,,,,,,,,,,,,,,,,
2023,11,5,6,0,10.8,51.74,1.3,,,,,,,,,,,,,,,,,,,,,,,,,,,,,,,,,,,,
2023,11,5,7,0,10.6,51.42,1,,,,,,,,,,,,,,,,,,,,,,,,,,,,,,,,,,,,
2023,11,5,8,0,10.6,49.13,0.4,,,,,,,,,,,,,,,,,,,,,,,,,,,,,,,,,,,,
2023,11,5,9,0,10.7,47.3,-0.1,,,,,,,,,,,,,,,,,,,,,,,,,,,,,,,,,,,,
2023,11,5,10,0,10.8,45.55,-0.5,,,,,,,,,,,,,,,,,,,,,,,,,,,,,,,,,,,,
2023,11,5,11,0,11,43.22,-1,,,,,,,,,,,,,,,,,,,,,,,,,,,,,,,,,,,,
2023,11,5,12,0,11.2,41.25,-1.5,,,,,,,,,,,,,,,,,,,,,,,,,,,,,,,,,,,,
2023,11,5,13,0,11.2,40.07,-1.9,,,,,,,,,,,,,,,,,,,,,,,,,,,,,,,,,,,,
2023,11,5,14,0,11.3,39.15,-2.1,,,,,,,,,,,,,,,,,,,,,,,,,,,,,,,,,,,,
2023,11,5,15,0,12.3,44.69,0.6,,,,,,,,,,,,,,,,,,,,,,,,,,,,,,,,,,,,
2023,11,5,16,0,14.3,33.38,-1.6,,,,,,,,,,,,,,,,,,,,,,,,,,,,,,,,,,,,
2023,11,5,17,0,15.7,25.53,-4,,,,,,,,,,,,,,,,,,,,,,,,,,,,,,,,,,,,
2023,11,5,18,0,16.4,25.2,-3.6,,,,,,,,,,,,,,,,,,,,,,,,,,,,,,,,,,,,
2023,11,5,19,0,17,26.26,-2.5,,,,,,,,,,,,,,,,,,,,,,,,,,,,,,,,,,,,
2023,11,5,20,0,17.5,27.54,-1.4,,,,,,,,,,,,,,,,,,,,,,,,,,,,,,,,,,,,
2023,11,5,21,0,17.5,28.83,-0.8,,,,,,,,,,,,,,,,,,,,,,,,,,,,,,,,,,,,
2023,11,5,22,0,17.3,30.33,-0.3,,,,,,,,,,,,,,,,,,,,,,,,,,,,,,,,,,,,
2023,11,5,23,0,15.7,43.55,3.3,,,,,,,,,,,,,,,,,,,,,,,,,,,,,,,,,,,,
2023,11,6,0,0,14.4,44,2.3,,,,,,,,,,,,,,,,,,,,,,,,,,,,,,,,,,,,
2023,11,6,1,0,14.7,40.16,1.3,,,,,,,,,,,,,,,,,,,,,,,,,,,,,,,,,,,,
2023,11,6,2,0,14.5,40.26,1.1,,,,,,,,,,,,,,,,,,,,,,,,,,,,,,,,,,,,
2023,11,6,3,0,13.9,42.15,1.2,,,,,,,,,,,,,,,,,,,,,,,,,,,,,,,,,,,,
2023,11,6,4,0,13.1,44.44,1.3,,,,,,,,,,,,,,,,,,,,,,,,,,,,,,,,,,,,
2023,11,6,5,0,12.4,46.02,1.1,,,,,,,,,,,,,,,,,,,,,,,,,,,,,,,,,,,,
2023,11,6,6,0,11.9,46.47,0.8,,,,,,,,,,,,,,,,,,,,,,,,,,,,,,,,,,,,
2023,11,6,7,0,11.4,46.92,0.5,,,,,,,,,,,,,,,,,,,,,,,,,,,,,,,,,,,,
2023,11,6,8,0,11,47.29,0.2,,,,,,,,,,,,,,,,,,,,,,,,,,,,,,,,,,,,
2023,11,6,9,0,10.7,46.83,-0.2,,,,,,,,,,,,,,,,,,,,,,,,,,,,,,,,,,,,
2023,11,6,10,0,10.3,46.83,-0.6,,,,,,,,,,,,,,,,,,,,,,,,,,,,,,,,,,,,
2023,11,6,11,0,9.9,46.75,-1,,,,,,,,,,,,,,,,,,,,,,,,,,,,,,,,,,,,
2023,11,6,12,0,9.9,46.57,-1,,,,,,,,,,,,,,,,,,,,,,,,,,,,,,,,,,,,
2023,11,6,13,0,10,46.19,-1,,,,,,,,,,,,,,,,,,,,,,,,,,,,,,,,,,,,
2023,11,6,14,0,10,45.69,-1.2,,,,,,,,,,,,,,,,,,,,,,,,,,,,,,,,,,,,
2023,11,6,15,0,11.5,42.85,-0.7,,,,,,,,,,,,,,,,,,,,,,,,,,,,,,,,,,,,
2023,11,6,16,0,14.1,35.16,-1.1,,,,,,,,,,,,,,,,,,,,,,,,,,,,,,,,,,,,
2023,11,6,17,0,15.9,29.35,-2,,,,,,,,,,,,,,,,,,,,,,,,,,,,,,,,,,,,
2023,11,6,18,0,16.9,27.31,-2.1,,,,,,,,,,,,,,,,,,,,,,,,,,,,,,,,,,,,
2023,11,6,19,0,17.2,27.24,-1.9,,,,,,,,,,,,,,,,,,,,,,,,,,,,,,,,,,,,
2023,11,6,20,0,17.4,27.55,-1.5,,,,,,,,,,,,,,,,,,,,,,,,,,,,,,,,,,,,
2023,11,6,21,0,17.5,28.99,-0.7,,,,,,,,,,,,,,,,,,,,,,,,,,,,,,,,,,,,
2023,11,6,22,0,17.1,35.17,1.6,,,,,,,,,,,,,,,,,,,,,,,,,,,,,,,,,,,,
2023,11,6,23,0,15.4,46.31,3.9,,,,,,,,,,,,,,,,,,,,,,,,,,,,,,,,,,,,
2023,11,7,0,0,13.4,52.24,3.8,,,,,,,,,,,,,,,,,,,,,,,,,,,,,,,,,,,,
2023,11,7,1,0,12.4,58.45,4.5,,,,,,,,,,,,,,,,,,,,,,,,,,,,,,,,,,,,
2023,11,7,2,0,11.4,68.21,5.7,,,,,,,,,,,,,,,,,,,,,,,,,,,,,,,,,,,,
2023,11,7,3,0,10.7,74.53,6.4,,,,,,,,,,,,,,,,,,,,,,,,,,,,,,,,,,,,
2023,11,7,4,0,10.2,77.18,6.4,,,,,,,,,,,,,,,,,,,,,,,,,,,,,,,,,,,,
2023,11,7,5,0,9.7,78.69,6.2,,,,,,,,,,,,,,,,,,,,,,,,,,,,,,,,,,,,
2023,11,7,6,0,9.2,80.46,6,,,,,,,,,,,,,,,,,,,,,,,,,,,,,,,,,,,,
2023,11,7,7,0,8.7,83.49,6.1,,,,,,,,,,,,,,,,,,,,,,,,,,,,,,,,,,,,
2023,11,7,8,0,8.4,84.78,6,,,,,,,,,,,,,,,,,,,,,,,,,,,,,,,,,,,,
2023,11,7,9,0,8.1,85.12,5.8,,,,,,,,,,,,,,,,,,,,,,,,,,,,,,,,,,,,
2023,11,7,10,0,7.7,84.53,5.3,,,,,,,,,,,,,,,,,,,,,,,,,,,,,,,,,,,,
2023,11,7,11,0,7.2,84.05,4.7,,,,,,,,,,,,,,,,,,,,,,,,,,,,,,,,,,,,
2023,11,7,12,0,6.6,83.69,4,,,,,,,,,,,,,,,,,,,,,,,,,,,,,,,,,,,,
2023,11,7,13,0,6.1,83.24,3.5,,,,,,,,,,,,,,,,,,,,,,,,,,,,,,,,,,,,
2023,11,7,14,0,5.6,83.38,3,,,,,,,,,,,,,,,,,,,,,,,,,,,,,,,,,,,,
2023,11,7,15,0,5.6,82.04,2.8,,,,,,,,,,,,,,,,,,,,,,,,,,,,,,,,,,,,
2023,11,7,16,0,6,79.93,2.8,,,,,,,,,,,,,,,,,,,,,,,,,,,,,,,,,,,,
2023,11,7,17,0,7.3,71.35,2.5,,,,,,,,,,,,,,,,,,,,,,,,,,,,,,,,,,,,
2023,11,7,18,0,8.1,64.53,1.8,,,,,,,,,,,,,,,,,,,,,,,,,,,,,,,,,,,,
2023,11,7,19,0,8.5,60.38,1.3,,,,,,,,,,,,,,,,,,,,,,,,,,,,,,,,,,,,
2023,11,7,20,0,8.5,58.68,0.9,,,,,,,,,,,,,,,,,,,,,,,,,,,,,,,,,,,,
2023,11,7,21,0,8.2,59,0.7,,,,,,,,,,,,,,,,,,,,,,,,,,,,,,,,,,,,
2023,11,7,22,0,7.7,60.54,0.5,,,,,,,,,,,,,,,,,,,,,,,,,,,,,,,,,,,,
2023,11,7,23,0,7.1,63.46,0.6,,,,,,,,,,,,,,,,,,,,,,,,,,,,,,,,,,,,
2023,11,8,0,0,6.1,69.92,1,,,,,,,,,,,,,,,,,,,,,,,,,,,,,,,,,,,,
2023,11,8,1,0,5.6,72.12,1,,,,,,,,,,,,,,,,,,,,,,,,,,,,,,,,,,,,
2023,11,8,2,0,5.2,73.65,0.9,,,,,,,,,,,,,,,,,,,,,,,,,,,,,,,,,,,,
2023,11,8,3,0,4.6,75.89,0.7,,,,,,,,,,,,,,,,,,,,,,,,,,,,,,,,,,,,
2023,11,8,4,0,4,77.34,0.4,,,,,,,,,,,,,,,,,,,,,,,,,,,,,,,,,,,,
2023,11,8,5,0,3.5,78.11,0,,,,,,,,,,,,,,,,,,,,,,,,,,,,,,,,,,,,
2023,11,8,6,0,2.8,78.51,-0.6,,,,,,,,,,,,,,,,,,,,,,,,,,,,,,,,,,,,
2023,11,8,7,0,1.8,79.96,-1.3,,,,,,,,,,,,,,,,,,,,,,,,,,,,,,,,,,,,
2023,11,8,8,0,1.2,80.9,-1.7,,,,,,,,,,,,,,,,,,,,,,,,,,,,,,,,,,,,
2023,11,8,9,0,0.7,82.69,-1.9,,,,,,,,,,,,,,,,,,,,,,,,,,,,,,,,,,,,
2023,11,8,10,0,0.6,83.98,-1.8,,,,,,,,,,,,,,,,,,,,,,,,,,,,,,,,,,,,
2023,11,8,11,0,0.8,84.98,-1.4,,,,,,,,,,,,,,,,,,,,,,,,,,,,,,,,,,,,
2023,11,8,12,0,1,85.43,-1.2,,,,,,,,,,,,,,,,,,,,,,,,,,,,,,,,,,,,
2023,11,8,13,0,1.2,85.6,-0.9,,,,,,,,,,,,,,,,,,,,,,,,,,,,,,,,,,,,
2023,11,8,14,0,1.4,85.12,-0.8,,,,,,,,,,,,,,,,,,,,,,,,,,,,,,,,,,,,
2023,11,8,15,0,3.5,76.84,-0.2,,,,,,,,,,,,,,,,,,,,,,,,,,,,,,,,,,,,
2023,11,8,16,0,4.7,70,-0.3,,,,,,,,,,,,,,,,,,,,,,,,,,,,,,,,,,,,
2023,11,8,17,0,6.1,60.25,-1,,,,,,,,,,,,,,,,,,,,,,,,,,,,,,,,,,,,
2023,11,8,18,0,7.6,50.77,-2,,,,,,,,,,,,,,,,,,,,,,,,,,,,,,,,,,,,
2023,11,8,19,0,8.5,45.5,-2.6,,,,,,,,,,,,,,,,,,,,,,,,,,,,,,,,,,,,
2023,11,8,20,0,9.1,42.34,-3,,,,,,,,,,,,,,,,,,,,,,,,,,,,,,,,,,,,
2023,11,8,21,0,9.2,41.14,-3.3,,,,,,,,,,,,,,,,,,,,,,,,,,,,,,,,,,,,
2023,11,8,22,0,8.9,41.03,-3.6,,,,,,,,,,,,,,,,,,,,,,,,,,,,,,,,,,,,
2023,11,8,23,0,7.8,44.95,-3.4,,,,,,,,,,,,,,,,,,,,,,,,,,,,,,,,,,,,
2023,11,9,0,0,4.5,58.47,-2.9,,,,,,,,,,,,,,,,,,,,,,,,,,,,,,,,,,,,
2023,11,9,1,0,3.3,60.63,-3.6,,,,,,,,,,,,,,,,,,,,,,,,,,,,,,,,,,,,
2023,11,9,2,0,3.1,60.14,-3.9,,,,,,,,,,,,,,,,,,,,,,,,,,,,,,,,,,,,
2023,11,9,3,0,2.9,59.97,-4.1,,,,,,,,,,,,,,,,,,,,,,,,,,,,,,,,,,,,
2023,11,9,4,0,2.8,59.53,-4.3,,,,,,,,,,,,,,,,,,,,,,,,,,,,,,,,,,,,
2023,11,9,5,0,2.7,59.18,-4.5,,,,,,,,,,,,,,,,,,,,,,,,,,,,,,,,,,,,
2023,11,9,6,0,2.5,59.23,-4.7,,,,,,,,,,,,,,,,,,,,,,,,,,,,,,,,,,,,
2023,11,9,7,0,2.3,59.07,-4.9,,,,,,,,,,,,,,,,,,,,,,,,,,,,,,,,,,,,
2023,11,9,8,0,2.2,58.86,-5,,,,,,,,,,,,,,,,,,,,,,,,,,,,,,,,,,,,
2023,11,9,9,0,2.2,58.53,-5.1,,,,,,,,,,,,,,,,,,,,,,,,,,,,,,,,,,,,
2023,11,9,10,0,2.2,58.21,-5.2,,,,,,,,,,,,,,,,,,,,,,,,,,,,,,,,,,,,
2023,11,9,11,0,2.1,58.3,-5.2,,,,,,,,,,,,,,,,,,,,,,,,,,,,,,,,,,,,
2023,11,9,12,0,2.1,58.19,-5.3,,,,,,,,,,,,,,,,,,,,,,,,,,,,,,,,,,,,
2023,11,9,13,0,2,58.5,-5.3,,,,,,,,,,,,,,,,,,,,,,,,,,,,,,,,,,,,
2023,11,9,14,0,2,58.54,-5.3,,,,,,,,,,,,,,,,,,,,,,,,,,,,,,,,,,,,
2023,11,9,15,0,3.3,57.2,-4.4,,,,,,,,,,,,,,,,,,,,,,,,,,,,,,,,,,,,
2023,11,9,16,0,5.5,43.85,-5.8,,,,,,,,,,,,,,,,,,,,,,,,,,,,,,,,,,,,
2023,11,9,17,0,7.1,35.27,-7.2,,,,,,,,,,,,,,,,,,,,,,,,,,,,,,,,,,,,
2023,11,9,18,0,8.5,30.14,-8.1,,,,,,,,,,,,,,,,,,,,,,,,,,,,,,,,,,,,
2023,11,9,19,0,9.4,27.73,-8.3,,,,,,,,,,,,,,,,,,,,,,,,,,,,,,,,,,,,
2023,11,9,20,0,9.9,26.65,-8.4,,,,,,,,,,,,,,,,,,,,,,,,,,,,,,,,,,,,
2023,11,9,21,0,10,26.5,-8.4,,,,,,,,,,,,,,,,,,,,,,,,,,,,,,,,,,,,
2023,11,9,22,0,9.5,27.63,-8.3,,,,,,,,,,,,,,,,,,,,,,,,,,,,,,,,,,,,
2023,11,9,23,0,7.6,38.47,-5.7,,,,,,,,,,,,,,,,,,,,,,,,,,,,,,,,,,,,
2023,11,10,0,0,4.5,46.6,-6,,,,,,,,,,,,,,,,,,,,,,,,,,,,,,,,,,,,
2023,11,10,1,0,4.1,45.67,-6.6,,,,,,,,,,,,,,,,,,,,,,,,,,,,,,,,,,,,
2023,11,10,2,0,3.8,46.73,-6.6,,,,,,,,,,,,,,,,,,,,,,,,,,,,,,,,,,,,
2023,11,10,3,0,3.2,48.66,-6.6,,,,,,,,,,,,,,,,,,,,,,,,,,,,,,,,,,,,
2023,11,10,4,0,2.5,50.51,-6.8,,,,,,,,,,,,,,,,,,,,,,,,,,,,,,,,,,,,
2023,11,10,5,0,1.9,51.77,-7,,,,,,,,,,,,,,,,,,,,,,,,,,,,,,,,,,,,
2023,11,10,6,0,1.8,50.96,-7.3,,,,,,,,,,,,,,,,,,,,,,,,,,,,,,,,,,,,
2023,11,10,7,0,1.8,50.03,-7.5,,,,,,,,,,,,,,,,,,,,,,,,,,,,,,,,,,,,
2023,11,10,8,0,1.8,49.39,-7.7,,,,,,,,,,,,,,,,,,,,,,,,,,,,,,,,,,,,
2023,11,10,9,0,1.3,50.9,-7.8,,,,,,,,,,,,,,,,,,,,,,,,,,,,,,,,,,,,
2023,11,10,10,0,1,52.16,-7.7,,,,,,,,,,,,,,,,,,,,,,,,,,,,,,,,,,,,
2023,11,10,11,0,1,52.26,-7.7,,,,,,,,,,,,,,,,,,,,,,,,,,,,,,,,,,,,
2023,11,10,12,0,1.1,51.96,-7.7,,,,,,,,,,,,,,,,,,,,,,,,,,,,,,,,,,,,
2023,11,10,13,0,1.4,51.48,-7.5,,,,,,,,,,,,,,,,,,,,,,,,,,,,,,,,,,,,
2023,11,10,14,0,1.7,51.38,-7.3,,,,,,,,,,,,,,,,,,,,,,,,,,,,,,,,,,,,
2023,11,10,15,0,3.5,49.08,-6.2,,,,,,,,,,,,,,,,,,,,,,,,,,,,,,,,,,,,
2023,11,10,16,0,6.1,34.19,-8.5,,,,,,,,,,,,,,,,,,,,,,,,,,,,,,,,,,,,
2023,11,10,17,0,8.2,27.4,-9.5,,,,,,,,,,,,,,,,,,,,,,,,,,,,,,,,,,,,
2023,11,10,18,0,9.9,22.54,-10.6,,,,,,,,,,,,,,,,,,,,,,,,,,,,,,,,,,,,
2023,11,10,19,0,11.2,19.97,-11,,,,,,,,,,,,,,,,,,,,,,,,,,,,,,,,,,,,
2023,11,10,20,0,11.9,19.1,-11,,,,,,,,,,,,,,,,,,,,,,,,,,,,,,,,,,,,
2023,11,10,21,0,12,19.09,-10.9,,,,,,,,,,,,,,,,,,,,,,,,,,,,,,,,,,,,
2023,11,10,22,0,11.4,20.59,-10.4,,,,,,,,,,,,,,,,,,,,,,,,,,,,,,,,,,,,
2023,11,10,23,0,9.1,35.2,-5.5,,,,,,,,,,,,,,,,,,,,,,,,,,,,,,,,,,,,
2023,11,11,0,0,7.2,32.34,-8.3,,,,,,,,,,,,,,,,,,,,,,,,,,,,,,,,,,,,
2023,11,11,1,0,6.7,31.16,-9.2,,,,,,,,,,,,,,,,,,,,,,,,,,,,,,,,,,,,
2023,11,11,2,0,5.7,32.73,-9.4,,,,,,,,,,,,,,,,,,,,,,,,,,,,,,,,,,,,
2023,11,11,3,0,4.7,34.9,-9.5,,,,,,,,,,,,,,,,,,,,,,,,,,,,,,,,,,,,
2023,11,11,4,0,4.2,35.49,-9.7,,,,,,,,,,,,,,,,,,,,,,,,,,,,,,,,,,,,
2023,11,11,5,0,3.7,36.32,-9.9,,,,,,,,,,,,,,,,,,,,,,,,,,,,,,,,,,,,
2023,11,11,6,0,3.6,36.25,-10,,,,,,,,,,,,,,,,,,,,,,,,,,,,,,,,,,,,
2023,11,11,7,0,3.8,35.45,-10.1,,,,,,,,,,,,,,,,,,,,,,,,,,,,,,,,,,,,
2023,11,11,8,0,3.7,35.83,-10.1,,,,,,,,,,,,,,,,,,,,,,,,,,,,,,,,,,,,
2023,11,11,9,0,3.3,37.49,-9.9,,,,,,,,,,,,,,,,,,,,,,,,,,,,,,,,,,,,
2023,11,11,10,0,3.1,38.36,-9.7,,,,,,,,,,,,,,,,,,,,,,,,,,,,,,,,,,,,
2023,11,11,11,0,2.9,39.04,-9.7,,,,,,,,,,,,,,,,,,,,,,,,,,,,,,,,,,,,
2023,11,11,12,0,2.5,40.68,-9.5,,,,,,,,,,,,,,,,,,,,,,,,,,,,,,,,,,,,
2023,11,11,13,0,2.4,41.69,-9.3,,,,,,,,,,,,,,,,,,,,,,,,,,,,,,,,,,,,
2023,11,11,14,0,2.6,41.46,-9.2,,,,,,,,,,,,,,,,,,,,,,,,,,,,,,,,,,,,
2023,11,11,15,0,4.7,45.06,-6.2,,,,,,,,,,,,,,,,,,,,,,,,,,,,,,,,,,,,
2023,11,11,16,0,7.4,28.6,-9.7,,,,,,,,,,,,,,,,,,,,,,,,,,,,,,,,,,,,
2023,11,11,17,0,9.7,22.08,-11,,,,,,,,,,,,,,,,,,,,,,,,,,,,,,,,,,,,
2023,11,11,18,0,11.6,21.04,-10,,,,,,,,,,,,,,,,,,,,,,,,,,,,,,,,,,,,
2023,11,11,19,0,12.8,20.87,-9.1,,,,,,,,,,,,,,,,,,,,,,,,,,,,,,,,,,,,
2023,11,11,20,0,13.5,20.76,-8.6,,,,,,,,,,,,,,,,,,,,,,,,,,,,,,,,,,,,
2023,11,11,21,0,13.6,21.64,-8,,,,,,,,,,,,,,,,,,,,,,,,,,,,,,,,,,,,
2023,11,11,22,0,13.1,23.43,-7.4,,,,,,,,,,,,,,,,,,,,,,,,,,,,,,,,,,,,
2023,11,11,23,0,11.1,34.34,-4.1,,,,,,,,,,,,,,,,,,,,,,,,,,,,,,,,,,,,
2023,11,12,0,0,10,28.4,-7.5,,,,,,,,,,,,,,,,,,,,,,,,,,,,,,,,,,,,
2023,11,12,1,0,9.5,28.33,-8,,,,,,,,,,,,,,,,,,,,,,,,,,,,,,,,,,,,
2023,11,12,2,0,8.2,31.27,-7.8,,,,,,,,,,,,,,,,,,,,,,,,,,,,,,,,,,,,
2023,11,12,3,0,7.2,33.81,-7.7,,,,,,,,,,,,,,,,,,,,,,,,,,,,,,,,,,,,
2023,11,12,4,0,6.6,34.59,-7.9,,,,,,,,,,,,,,,,,,,,,,,,,,,,,,,,,,,,
2023,11,12,5,0,6.2,34.51,-8.3,,,,,,,,,,,,,,,,,,,,,,,,,,,,,,,,,,,,
2023,11,12,6,0,5.7,35.26,-8.5,,,,,,,,,,,,,,,,,,,,,,,,,,,,,,,,,,,,
2023,11,12,7,0,5.2,36.32,-8.6,,,,,,,,,,,,,,,,,,,,,,,,,,,,,,,,,,,,
2023,11,12,8,0,4.8,37.24,-8.6,,,,,,,,,,,,,,,,,,,,,,,,,,,,,,,,,,,,
2023,11,12,9,0,4.5,37.6,-8.7,,,,,,,,,,,,,,,,,,,,,,,,,,,,,,,,,,,,
2023,11,12,10,0,4.3,37.7,-8.9,,,,,,,,,,,,,,,,,,,,,,,,,,,,,,,,,,,,
2023,11,12,11,0,4,38.43,-8.9,,,,,,,,,,,,,,,,,,,,,,,,,,,,,,,,,,,,
2023,11,12,12,0,3.8,39.21,-8.8,,,,,,,,,,,,,,,,,,,,,,,,,,,,,,,,,,,,
2023,11,12,13,0,3.7,39.8,-8.7,,,,,,,,,,,,,,,,,,,,,,,,,,,,,,,,,,,,
2023,11,12,14,0,3.7,40.59,-8.5,,,,,,,,,,,,,,,,,,,,,,,,,,,,,,,,,,,,
2023,11,12,15,0,5.7,44.68,-5.4,,,,,,,,,,,,,,,,,,,,,,,,,,,,,,,,,,,,
2023,11,12,16,0,9.3,30.7,-7.1,,,,,,,,,,,,,,,,,,,,,,,,,,,,,,,,,,,,
2023,11,12,17,0,11.9,25.66,-7.2,,,,,,,,,,,,,,,,,,,,,,,,,,,,,,,,,,,,
2023,11,12,18,0,14.3,21.24,-7.6,,,,,,,,,,,,,,,,,,,,,,,,,,,,,,,,,,,,
2023,11,12,19,0,15.9,18.54,-8,,,,,,,,,,,,,,,,,,,,,,,,,,,,,,,,,,,,
2023,11,12,20,0,16.9,16.88,-8.4,,,,,,,,,,,,,,,,,,,,,,,,,,,,,,,,,,,,
2023,11,12,21,0,17.4,16.2,-8.5,,,,,,,,,,,,,,,,,,,,,,,,,,,,,,,,,,,,
2023,11,12,22,0,17,20.57,-5.8,,,,,,,,,,,,,,,,,,,,,,,,,,,,,,,,,,,,
2023,11,12,23,0,14.5,32.13,-2,,,,,,,,,,,,,,,,,,,,,,,,,,,,,,,,,,,,
2023,11,13,0,0,10.6,33.77,-4.7,,,,,,,,,,,,,,,,,,,,,,,,,,,,,,,,,,,,
2023,11,13,1,0,8.1,38.8,-5.1,,,,,,,,,,,,,,,,,,,,,,,,,,,,,,,,,,,,
2023,11,13,2,0,6.6,41.82,-5.5,,,,,,,,,,,,,,,,,,,,,,,,,,,,,,,,,,,,
2023,11,13,3,0,5.9,41.65,-6.2,,,,,,,,,,,,,,,,,,,,,,,,,,,,,,,,,,,,
2023,11,13,4,0,5.5,41.03,-6.7,,,,,,,,,,,,,,,,,,,,,,,,,,,,,,,,,,,,
2023,11,13,5,0,5.1,41.06,-7.1,,,,,,,,,,,,,,,,,,,,,,,,,,,,,,,,,,,,
2023,11,13,6,0,4.9,40.56,-7.4,,,,,,,,,,,,,,,,,,,,,,,,,,,,,,,,,,,,
2023,11,13,7,0,4.8,40.17,-7.6,,,,,,,,,,,,,,,,,,,,,,,,,,,,,,,,,,,,
2023,11,13,8,0,4.9,39.96,-7.6,,,,,,,,,,,,,,,,,,,,,,,,,,,,,,,,,,,,
2023,11,13,9,0,4.8,40.47,-7.5,,,,,,,,,,,,,,,,,,,,,,,,,,,,,,,,,,,,
2023,11,13,10,0,4.5,41.17,-7.6,,,,,,,,,,,,,,,,,,,,,,,,,,,,,,,,,,,,
2023,11,13,11,0,3.8,42.18,-7.9,,,,,,,,,,,,,,,,,,,,,,,,,,,,,,,,,,,,
2023,11,13,12,0,3.5,42.47,-8.1,,,,,,,,,,,,,,,,,,,,,,,,,,,,,,,,,,,,
2023,11,13,13,0,3.5,42.45,-8.1,,,,,,,,,,,,,,,,,,,,,,,,,,,,,,,,,,,,
2023,11,13,14,0,3.7,42.27,-8,,,,,,,,,,,,,,,,,,,,,,,,,,,,,,,,,,,,
2023,11,13,15,0,6.8,37.51,-6.7,,,,,,,,,,,,,,,,,,,,,,,,,,,,,,,,,,,,
2023,11,13,16,0,11.1,27.81,-6.8,,,,,,,,,,,,,,,,,,,,,,,,,,,,,,,,,,,,
2023,11,13,17,0,14.2,22.91,-6.7,,,,,,,,,,,,,,,,,,,,,,,,,,,,,,,,,,,,
2023,11,13,18,0,16.7,19.47,-6.7,,,,,,,,,,,,,,,,,,,,,,,,,,,,,,,,,,,,
2023,11,13,19,0,17.8,19.28,-6,,,,,,,,,,,,,,,,,,,,,,,,,,,,,,,,,,,,
2023,11,13,20,0,18.4,19.78,-5.1,,,,,,,,,,,,,,,,,,,,,,,,,,,,,,,,,,,,
2023,11,13,21,0,18.3,20.94,-4.5,,,,,,,,,,,,,,,,,,,,,,,,,,,,,,,,,,,,
2023,11,13,22,0,17,26.06,-2.6,,,,,,,,,,,,,,,,,,,,,,,,,,,,,,,,,,,,
2023,11,13,23,0,13.9,41.24,0.9,,,,,,,,,,,,,,,,,,,,,,,,,,,,,,,,,,,,
2023,11,14,0,0,12.3,41.19,-0.5,,,,,,,,,,,,,,,,,,,,,,,,,,,,,,,,,,,,
2023,11,14,1,0,11.3,40.67,-1.6,,,,,,,,,,,,,,,,,,,,,,,,,,,,,,,,,,,,
2023,11,14,2,0,10.3,44.04,-1.4,,,,,,,,,,,,,,,,,,,,,,,,,,,,,,,,,,,,
2023,11,14,3,0,9.4,48.81,-0.8,,,,,,,,,,,,,,,,,,,,,,,,,,,,,,,,,,,,
2023,11,14,4,0,8.4,51.41,-1.1,,,,,,,,,,,,,,,,,,,,,,,,,,,,,,,,,,,,
2023,11,14,5,0,7.9,52.73,-1.2,,,,,,,,,,,,,,,,,,,,,,,,,,,,,,,,,,,,
2023,11,14,6,0,8.1,52.79,-1,,,,,,,,,,,,,,,,,,,,,,,,,,,,,,,,,,,,
2023,11,14,7,0,8,53.13,-1,,,,,,,,,,,,,,,,,,,,,,,,,,,,,,,,,,,,
2023,11,14,8,0,7.3,53.84,-1.4,,,,,,,,,,,,,,,,,,,,,,,,,,,,,,,,,,,,
2023,11,14,9,0,6.9,54.2,-1.7,,,,,,,,,,,,,,,,,,,,,,,,,,,,,,,,,,,,
2023,11,14,10,0,6.5,56.02,-1.6,,,,,,,,,,,,,,,,,,,,,,,,,,,,,,,,,,,,
2023,11,14,11,0,6.2,58.41,-1.4,,,,,,,,,,,,,,,,,,,,,,,,,,,,,,,,,,,,
2023,11,14,12,0,6,60.58,-1.1,,,,,,,,,,,,,,,,,,,,,,,,,,,,,,,,,,,,
2023,11,14,13,0,5.7,63.19,-0.8,,,,,,,,,,,,,,,,,,,,,,,,,,,,,,,,,,,,
2023,11,14,14,0,5.6,64.9,-0.5,,,,,,,,,,,,,,,,,,,,,,,,,,,,,,,,,,,,
2023,11,14,15,0,8.4,59.02,0.9,,,,,,,,,,,,,,,,,,,,,,,,,,,,,,,,,,,,
2023,11,14,16,0,12.7,45.74,1.3,,,,,,,,,,,,,,,,,,,,,,,,,,,,,,,,,,,,
2023,11,14,17,0,15.1,38.69,1.1,,,,,,,,,,,,,,,,,,,,,,,,,,,,,,,,,,,,
2023,11,14,18,0,16.5,32.35,-0.1,,,,,,,,,,,,,,,,,,,,,,,,,,,,,,,,,,,,
2023,11,14,19,0,17.4,28.32,-1.2,,,,,,,,,,,,,,,,,,,,,,,,,,,,,,,,,,,,
2023,11,14,20,0,18,25.74,-1.9,,,,,,,,,,,,,,,,,,,,,,,,,,,,,,,,,,,,
2023,11,14,21,0,18.1,24.63,-2.5,,,,,,,,,,,,,,,,,,,,,,,,,,,,,,,,,,,,
2023,11,14,22,0,17.6,25.19,-2.6,,,,,,,,,,,,,,,,,,,,,,,,,,,,,,,,,,,,
2023,11,14,23,0,15.3,38.65,1.3,,,,,,,,,,,,,,,,,,,,,,,,,,,,,,,,,,,,
2023,11,15,0,0,13.5,35.63,-1.4,,,,,,,,,,,,,,,,,,,,,,,,,,,,,,,,,,,,
2023,11,15,1,0,11.9,38.94,-1.7,,,,,,,,,,,,,,,,,,,,,,,,,,,,,,,,,,,,
2023,11,15,2,0,9.9,45.61,-1.3,,,,,,,,,,,,,,,,,,,,,,,,,,,,,,,,,,,,
2023,11,15,3,0,8.5,50.13,-1.3,,,,,,,,,,,,,,,,,,,,,,,,,,,,,,,,,,,,
2023,11,15,4,0,7.6,52.57,-1.5,,,,,,,,,,,,,,,,,,,,,,,,,,,,,,,,,,,,
2023,11,15,5,0,6.9,54.11,-1.7,,,,,,,,,,,,,,,,,,,,,,,,,,,,,,,,,,,,
2023,11,15,6,0,6.5,54.37,-2.1,,,,,,,,,,,,,,,,,,,,,,,,,,,,,,,,,,,,
2023,11,15,7,0,6.2,54.34,-2.3,,,,,,,,,,,,,,,,,,,,,,,,,,,,,,,,,,,,
2023,11,15,8,0,6.1,53.95,-2.5,,,,,,,,,,,,,,,,,,,,,,,,,,,,,,,,,,,,
2023,11,15,9,0,6,54.31,-2.5,,,,,,,,,,,,,,,,,,,,,,,,,,,,,,,,,,,,
2023,11,15,10,0,6.2,54.16,-2.4,,,,,,,,,,,,,,,,,,,,,,,,,,,,,,,,,,,,
2023,11,15,11,0,6.7,53.98,-2,,,,,,,,,,,,,,,,,,,,,,,,,,,,,,,,,,,,
2023,11,15,12,0,7,54.33,-1.6,,,,,,,,,,,,,,,,,,,,,,,,,,,,,,,,,,,,
2023,11,15,13,0,7,54.76,-1.5,,,,,,,,,,,,,,,,,,,,,,,,,,,,,,,,,,,,
2023,11,15,14,0,7.1,55.1,-1.3,,,,,,,,,,,,,,,,,,,,,,,,,,,,,,,,,,,,
2023,11,15,15,0,8.8,55.05,0.3,,,,,,,,,,,,,,,,,,,,,,,,,,,,,,,,,,,,
2023,11,15,16,0,12.8,45.16,1.2,,,,,,,,,,,,,,,,,,,,,,,,,,,,,,,,,,,,
2023,11,15,17,0,15.5,36.59,0.7,,,,,,,,,,,,,,,,,,,,,,,,,,,,,,,,,,,,
2023,11,15,18,0,17.1,33.26,0.8,,,,,,,,,,,,,,,,,,,,,,,,,,,,,,,,,,,,
2023,11,15,19,0,18,31.06,0.6,,,,,,,,,,,,,,,,,,,,,,,,,,,,,,,,,,,,
2023,11,15,20,0,18.6,29.28,0.3,,,,,,,,,,,,,,,,,,,,,,,,,,,,,,,,,,,,
2023,11,15,21,0,18.7,28.52,0.1,,,,,,,,,,,,,,,,,,,,,,,,,,,,,,,,,,,,
2023,11,15,22,0,18.2,29.12,-0.1,,,,,,,,,,,,,,,,,,,,,,,,,,,,,,,,,,,,
2023,11,15,23,0,15,42.86,2.5,,,,,,,,,,,,,,,,,,,,,,,,,,,,,,,,,,,,
2023,11,16,0,0,12.1,48.98,1.7,,,,,,,,,,,,,,,,,,,,,,,,,,,,,,,,,,,,
2023,11,16,1,0,10.9,50.07,0.9,,,,,,,,,,,,,,,,,,,,,,,,,,,,,,,,,,,,
2023,11,16,2,0,10.4,50.63,0.6,,,,,,,,,,,,,,,,,,,,,,,,,,,,,,,,,,,,
2023,11,16,3,0,10.5,49.86,0.5,,,,,,,,,,,,,,,,,,,,,,,,,,,,,,,,,,,,
2023,11,16,4,0,11.2,49.5,1,,,,,,,,,,,,,,,,,,,,,,,,,,,,,,,,,,,,
2023,11,16,5,0,12.1,51.63,2.4,,,,,,,,,,,,,,,,,,,,,,,,,,,,,,,,,,,,
2023,11,16,6,0,12.1,57.52,4,,,,,,,,,,,,,,,,,,,,,,,,,,,,,,,,,,,,
2023,11,16,7,0,11.4,64.47,4.9,,,,,,,,,,,,,,,,,,,,,,,,,,,,,,,,,,,,
2023,11,16,8,0,10.7,68.95,5.2,,,,,,,,,,,,,,,,,,,,,,,,,,,,,,,,,,,,
2023,11,16,9,0,10.2,73.54,5.7,,,,,,,,,,,,,,,,,,,,,,,,,,,,,,,,,,,,
2023,11,16,10,0,9.1,79.7,5.8,,,,,,,,,,,,,,,,,,,,,,,,,,,,,,,,,,,,
2023,11,16,11,0,8.5,80.23,5.3,,,,,,,,,,,,,,,,,,,,,,,,,,,,,,,,,,,,
2023,11,16,12,0,8,80.34,4.8,,,,,,,,,,,,,,,,,,,,,,,,,,,,,,,,,,,,
2023,11,16,13,0,6.8,84.25,4.3,,,,,,,,,,,,,,,,,,,,,,,,,,,,,,,,,,,,
2023,11,16,14,0,6.5,84.26,4,,,,,,,,,,,,,,,,,,,,,,,,,,,,,,,,,,,,
2023,11,16,15,0,7,81.76,4.1,,,,,,,,,,,,,,,,,,,,,,,,,,,,,,,,,,,,
2023,11,16,16,0,7.9,78.35,4.4,,,,,,,,,,,,,,,,,,,,,,,,,,,,,,,,,,,,
2023,11,16,17,0,9.6,70.95,4.6,,,,,,,,,,,,,,,,,,,,,,,,,,,,,,,,,,,,
2023,11,16,18,0,10.9,65.33,4.6,,,,,,,,,,,,,,,,,,,,,,,,,,,,,,,,,,,,
2023,11,16,19,0,12.1,59.76,4.5,,,,,,,,,,,,,,,,,,,,,,,,,,,,,,,,,,,,
2023,11,16,20,0,13,55.69,4.3,,,,,,,,,,,,,,,,,,,,,,,,,,,,,,,,,,,,
2023,11,16,21,0,13.3,53.47,4,,,,,,,,,,,,,,,,,,,,,,,,,,,,,,,,,,,,
2023,11,16,22,0,13.1,52.96,3.7,,,,,,,,,,,,,,,,,,,,,,,,,,,,,,,,,,,,
2023,11,16,23,0,11.8,61.23,4.6,,,,,,,,,,,,,,,,,,,,,,,,,,,,,,,,,,,,
2023,11,17,0,0,9.7,65.31,3.5,,,,,,,,,,,,,,,,,,,,,,,,,,,,,,,,,,,,
2023,11,17,1,0,8.7,67.94,3.1,,,,,,,,,,,,,,,,,,,,,,,,,,,,,,,,,,,,
2023,11,17,2,0,7.5,72.61,2.9,,,,,,,,,,,,,,,,,,,,,,,,,,,,,,,,,,,,
2023,11,17,3,0,6.7,76.01,2.8,,,,,,,,,,,,,,,,,,,,,,,,,,,,,,,,,,,,
2023,11,17,4,0,6.4,77.44,2.7,,,,,,,,,,,,,,,,,,,,,,,,,,,,,,,,,,,,
2023,11,17,5,0,6.3,78.15,2.8,,,,,,,,,,,,,,,,,,,,,,,,,,,,,,,,,,,,
2023,11,17,6,0,6.3,78.14,2.8,,,,,,,,,,,,,,,,,,,,,,,,,,,,,,,,,,,,
2023,11,17,7,0,6.2,78.57,2.8,,,,,,,,,,,,,,,,,,,,,,,,,,,,,,,,,,,,
2023,11,17,8,0,5.9,80,2.7,,,,,,,,,,,,,,,,,,,,,,,,,,,,,,,,,,,,
2023,11,17,9,0,5.7,80.87,2.7,,,,,,,,,,,,,,,,,,,,,,,,,,,,,,,,,,,,
2023,11,17,10,0,5.6,81.14,2.6,,,,,,,,,,,,,,,,,,,,,,,,,,,,,,,,,,,,
2023,11,17,11,0,5.3,82.27,2.5,,,,,,,,,,,,,,,,,,,,,,,,,,,,,,,,,,,,
2023,11,17,12,0,5,83.05,2.4,,,,,,,,,,,,,,,,,,,,,,,,,,,,,,,,,,,,
2023,11,17,13,0,4.8,82.87,2.1,,,,,,,,,,,,,,,,,,,,,,,,,,,,,,,,,,,,
2023,11,17,14,0,4.7,81.63,1.8,,,,,,,,,,,,,,,,,,,,,,,,,,,,,,,,,,,,
2023,11,17,15,0,6.1,75.42,2.1,,,,,,,,,,,,,,,,,,,,,,,,,,,,,,,,,,,,
2023,11,17,16,0,8.9,63.12,2.3,,,,,,,,,,,,,,,,,,,,,,,,,,,,,,,,,,,,
2023,11,17,17,0,11.9,49.29,1.6,,,,,,,,,,,,,,,,,,,,,,,,,,,,,,,,,,,,
2023,11,17,18,0,14.1,40.04,0.7,,,,,,,,,,,,,,,,,,,,,,,,,,,,,,,,,,,,
2023,11,17,19,0,15.2,36.34,0.3,,,,,,,,,,,,,,,,,,,,,,,,,,,,,,,,,,,,
2023,11,17,20,0,15.7,34.5,0.1,,,,,,,,,,,,,,,,,,,,,,,,,,,,,,,,,,,,
2023,11,17,21,0,15.8,33.79,-0.1,,,,,,,,,,,,,,,,,,,,,,,,,,,,,,,,,,,,
2023,11,17,22,0,15.4,34.65,-0.1,,,,,,,,,,,,,,,,,,,,,,,,,,,,,,,,,,,,
2023,11,17,23,0,13.9,44.37,2,,,,,,,,,,,,,,,,,,,,,,,,,,,,,,,,,,,,
2023,11,18,0,0,11.5,46.53,0.4,,,,,,,,,,,,,,,,,,,,,,,,,,,,,,,,,,,,
2023,11,18,1,0,9.3,53.78,0.4,,,,,,,,,,,,,,,,,,,,,,,,,,,,,,,,,,,,
2023,11,18,2,0,7.7,58.86,0.2,,,,,,,,,,,,,,,,,,,,,,,,,,,,,,,,,,,,
2023,11,18,3,0,6.8,60.93,-0.2,,,,,,,,,,,,,,,,,,,,,,,,,,,,,,,,,,,,
2023,11,18,4,0,6.1,62.27,-0.6,,,,,,,,,,,,,,,,,,,,,,,,,,,,,,,,,,,,
2023,11,18,5,0,5.6,63.51,-0.8,,,,,,,,,,,,,,,,,,,,,,,,,,,,,,,,,,,,
2023,11,18,6,0,5.1,66.11,-0.7,,,,,,,,,,,,,,,,,,,,,,,,,,,,,,,,,,,,
2023,11,18,7,0,4.8,69.45,-0.3,,,,,,,,,,,,,,,,,,,,,,,,,,,,,,,,,,,,
2023,11,18,8,0,4.5,73.74,0.2,,,,,,,,,,,,,,,,,,,,,,,,,,,,,,,,,,,,
2023,11,18,9,0,4.6,76.51,0.8,,,,,,,,,,,,,,,,,,,,,,,,,,,,,,,,,,,,
2023,11,18,10,0,4.8,77.78,1.2,,,,,,,,,,,,,,,,,,,,,,,,,,,,,,,,,,,,
2023,11,18,11,0,4.8,78.94,1.5,,,,,,,,,,,,,,,,,,,,,,,,,,,,,,,,,,,,
2023,11,18,12,0,4.7,79.72,1.5,,,,,,,,,,,,,,,,,,,,,,,,,,,,,,,,,,,,
2023,11,18,13,0,4.6,80.19,1.5,,,,,,,,,,,,,,,,,,,,,,,,,,,,,,,,,,,,
2023,11,18,14,0,4.6,80.09,1.5,,,,,,,,,,,,,,,,,,,,,,,,,,,,,,,,,,,,
2023,11,18,15,0,6.9,71.67,2.1,,,,,,,,,,,,,,,,,,,,,,,,,,,,,,,,,,,,
2023,11,18,16,0,10.3,59.49,2.8,,,,,,,,,,,,,,,,,,,,,,,,,,,,,,,,,,,,
2023,11,18,17,0,12.2,54.39,3.3,,,,,,,,,,,,,,,,,,,,,,,,,,,,,,,,,,,,
2023,11,18,18,0,12.5,54.16,3.5,,,,,,,,,,,,,,,,,,,,,,,,,,,,,,,,,,,,
2023,11,18,19,0,12.3,54.23,3.3,,,,,,,,,,,,,,,,,,,,,,,,,,,,,,,,,,,,
2023,11,18,20,0,12.1,54.75,3.3,,,,,,,,,,,,,,,,,,,,,,,,,,,,,,,,,,,,
2023,11,18,21,0,11.7,56.41,3.3,,,,,,,,,,,,,,,,,,,,,,,,,,,,,,,,,,,,
2023,11,18,22,0,11.2,58.94,3.5,,,,,,,,,,,,,,,,,,,,,,,,,,,,,,,,,,,,
2023,11,18,23,0,10,67.05,4.2,,,,,,,,,,,,,,,,,,,,,,,,,,,,,,,,,,,,
2023,11,19,0,0,8.3,71.62,3.5,,,,,,,,,,,,,,,,,,,,,,,,,,,,,,,,,,,,
2023,11,19,1,0,7.5,74.19,3.2,,,,,,,,,,,,,,,,,,,,,,,,,,,,,,,,,,,,
2023,11,19,2,0,6.6,77.17,2.9,,,,,,,,,,,,,,,,,,,,,,,,,,,,,,,,,,,,
2023,11,19,3,0,6,79.16,2.7,,,,,,,,,,,,,,,,,,,,,,,,,,,,,,,,,,,,
2023,11,19,4,0,5.5,80.92,2.5,,,,,,,,,,,,,,,,,,,,,,,,,,,,,,,,,,,,
2023,11,19,5,0,5.3,81.18,2.3,,,,,,,,,,,,,,,,,,,,,,,,,,,,,,,,,,,,
2023,11,19,6,0,5.2,81.16,2.2,,,,,,,,,,,,,,,,,,,,,,,,,,,,,,,,,,,,
2023,11,19,7,0,5.4,80.93,2.4,,,,,,,,,,,,,,,,,,,,,,,,,,,,,,,,,,,,
2023,11,19,8,0,5.7,81.5,2.8,,,,,,,,,,,,,,,,,,,,,,,,,,,,,,,,,,,,
2023,11,19,9,0,5.5,84.89,3.2,,,,,,,,,,,,,,,,,,,,,,,,,,,,,,,,,,,,
2023,11,19,10,0,5.5,85.46,3.3,,,,,,,,,,,,,,,,,,,,,,,,,,,,,,,,,,,,
2023,11,19,11,0,5.6,85.15,3.3,,,,,,,,,,,,,,,,,,,,,,,,,,,,,,,,,,,,
2023,11,19,12,0,5.8,84.57,3.4,,,,,,,,,,,,,,,,,,,,,,,,,,,,,,,,,,,,
2023,11,19,13,0,5.7,85.7,3.5,,,,,,,,,,,,,,,,,,,,,,,,,,,,,,,,,,,,
2023,11,19,14,0,5.4,86,3.2,,,,,,,,,,,,,,,,,,,,,,,,,,,,,,,,,,,,
2023,11,19,15,0,5.1,84.59,2.7,,,,,,,,,,,,,,,,,,,,,,,,,,,,,,,,,,,,
2023,11,19,16,0,4.8,82.61,2.1,,,,,,,,,,,,,,,,,,,,,,,,,,,,,,,,,,,,
2023,11,19,17,0,5.1,79.92,1.9,,,,,,,,,,,,,,,,,,,,,,,,,,,,,,,,,,,,
2023,11,19,18,0,5.3,78.33,1.8,,,,,,,,,,,,,,,,,,,,,,,,,,,,,,,,,,,,
2023,11,19,19,0,5.7,75.83,1.8,,,,,,,,,,,,,,,,,,,,,,,,,,,,,,,,,,,,
2023,11,19,20,0,6.2,72.71,1.7,,,,,,,,,,,,,,,,,,,,,,,,,,,,,,,,,,,,
2023,11,19,21,0,6.6,68.28,1.2,,,,,,,,,,,,,,,,,,,,,,,,,,,,,,,,,,,,
2023,11,19,22,0,6.2,66.89,0.5,,,,,,,,,,,,,,,,,,,,,,,,,,,,,,,,,,,,
2023,11,19,23,0,5.1,68.94,-0.1,,,,,,,,,,,,,,,,,,,,,,,,,,,,,,,,,,,,
2023,11,20,0,0,3.6,73.02,-0.8,,,,,,,,,,,,,,,,,,,,,,,,,,,,,,,,,,,,
2023,11,20,1,0,2.8,73.59,-1.5,,,,,,,,,,,,,,,,,,,,,,,,,,,,,,,,,,,,
2023,11,20,2,0,2.1,72.78,-2.3,,,,,,,,,,,,,,,,,,,,,,,,,,,,,,,,,,,,
2023,11,20,3,0,1.4,72.23,-3.1,,,,,,,,,,,,,,,,,,,,,,,,,,,,,,,,,,,,
2023,11,20,4,0,0.8,73.07,-3.5,,,,,,,,,,,,,,,,,,,,,,,,,,,,,,,,,,,,
2023,11,20,5,0,0.2,75.52,-3.6,,,,,,,,,,,,,,,,,,,,,,,,,,,,,,,,,,,,
2023,11,20,6,0,-0.4,78.8,-3.6,,,,,,,,,,,,,,,,,,,,,,,,,,,,,,,,,,,,
2023,11,20,7,0,-0.5,79.88,-3.5,,,,,,,,,,,,,,,,,,,,,,,,,,,,,,,,,,,,
2023,11,20,8,0,-0.7,81.6,-3.5,,,,,,,,,,,,,,,,,,,,,,,,,,,,,,,,,,,,
2023,11,20,9,0,-0.7,82.02,-3.4,,,,,,,,,,,,,,,,,,,,,,,,,,,,,,,,,,,,
2023,11,20,10,0,-0.6,81.67,-3.3,,,,,,,,,,,,,,,,,,,,,,,,,,,,,,,,,,,,
2023,11,20,11,0,-0.4,80.8,-3.3,,,,,,,,,,,,,,,,,,,,,,,,,,,,,,,,,,,,
2023,11,20,12,0,-0.8,83,-3.3,,,,,,,,,,,,,,,,,,,,,,,,,,,,,,,,,,,,
2023,11,20,13,0,-0.9,83.51,-3.3,,,,,,,,,,,,,,,,,,,,,,,,,,,,,,,,,,,,
2023,11,20,14,0,-1,83.94,-3.4,,,,,,,,,,,,,,,,,,,,,,,,,,,,,,,,,,,,
2023,11,20,15,0,0.8,75.07,-3.1,,,,,,,,,,,,,,,,,,,,,,,,,,,,,,,,,,,,
2023,11,20,16,0,2.7,64.58,-3.3,,,,,,,,,,,,,,,,,,,,,,,,,,,,,,,,,,,,
2023,11,20,17,0,4.4,55.23,-3.8,,,,,,,,,,,,,,,,,,,,,,,,,,,,,,,,,,,,
2023,11,20,18,0,5.8,49.08,-4.1,,,,,,,,,,,,,,,,,,,,,,,,,,,,,,,,,,,,
2023,11,20,19,0,6.6,46.43,-4.1,,,,,,,,,,,,,,,,,,,,,,,,,,,,,,,,,,,,
2023,11,20,20,0,6.9,45.62,-4,,,,,,,,,,,,,,,,,,,,,,,,,,,,,,,,,,,,
2023,11,20,21,0,6.9,45.6,-4.1,,,,,,,,,,,,,,,,,,,,,,,,,,,,,,,,,,,,
2023,11,20,22,0,6.5,46.77,-4.1,,,,,,,,,,,,,,,,,,,,,,,,,,,,,,,,,,,,
2023,11,20,23,0,4.9,53.93,-3.7,,,,,,,,,,,,,,,,,,,,,,,,,,,,,,,,,,,,
2023,11,21,0,0,1.7,64.56,-4.3,,,,,,,,,,,,,,,,,,,,,,,,,,,,,,,,,,,,
2023,11,21,1,0,1.1,65.55,-4.6,,,,,,,,,,,,,,,,,,,,,,,,,,,,,,,,,,,,
2023,11,21,2,0,1.1,64.83,-4.8,,,,,,,,,,,,,,,,,,,,,,,,,,,,,,,,,,,,
2023,11,21,3,0,1.2,63.93,-4.9,,,,,,,,,,,,,,,,,,,,,,,,,,,,,,,,,,,,
2023,11,21,4,0,1.2,63.82,-4.9,,,,,,,,,,,,,,,,,,,,,,,,,,,,,,,,,,,,
2023,11,21,5,0,1.1,63.95,-5,,,,,,,,,,,,,,,,,,,,,,,,,,,,,,,,,,,,
2023,11,21,6,0,0.9,64.5,-5,,,,,,,,,,,,,,,,,,,,,,,,,,,,,,,,,,,,
2023,11,21,7,0,0.9,63.96,-5.2,,,,,,,,,,,,,,,,,,,,,,,,,,,,,,,,,,,,
2023,11,21,8,0,0.9,63.44,-5.3,,,,,,,,,,,,,,,,,,,,,,,,,,,,,,,,,,,,
2023,11,21,9,0,0.8,63.53,-5.3,,,,,,,,,,,,,,,,,,,,,,,,,,,,,,,,,,,,
2023,11,21,10,0,0.9,62.86,-5.4,,,,,,,,,,,,,,,,,,,,,,,,,,,,,,,,,,,,
2023,11,21,11,0,0.9,62.72,-5.4,,,,,,,,,,,,,,,,,,,,,,,,,,,,,,,,,,,,
2023,11,21,12,0,0.9,62.68,-5.4,,,,,,,,,,,,,,,,,,,,,,,,,,,,,,,,,,,,
2023,11,21,13,0,0.9,62.71,-5.4,,,,,,,,,,,,,,,,,,,,,,,,,,,,,,,,,,,,
2023,11,21,14,0,0.9,62.88,-5.4,,,,,,,,,,,,,,,,,,,,,,,,,,,,,,,,,,,,
2023,11,21,15,0,1.9,61.24,-4.8,,,,,,,,,,,,,,,,,,,,,,,,,,,,,,,,,,,,
2023,11,21,16,0,3.9,50.44,-5.5,,,,,,,,,,,,,,,,,,,,,,,,,,,,,,,,,,,,
2023,11,21,17,0,5.6,43.33,-5.9,,,,,,,,,,,,,,,,,,,,,,,,,,,,,,,,,,,,
2023,11,21,18,0,6.8,39.54,-6,,,,,,,,,,,,,,,,,,,,,,,,,,,,,,,,,,,,
2023,11,21,19,0,7.7,37.05,-6.1,,,,,,,,,,,,,,,,,,,,,,,,,,,,,,,,,,,,
2023,11,21,20,0,8.3,35.49,-6.1,,,,,,,,,,,,,,,,,,,,,,,,,,,,,,,,,,,,
2023,11,21,21,0,8.6,34.96,-6,,,,,,,,,,,,,,,,,,,,,,,,,,,,,,,,,,,,
2023,11,21,22,0,8.2,36.53,-5.8,,,,,,,,,,,,,,,,,,,,,,,,,,,,,,,,,,,,
2023,11,21,23,0,6.1,49.34,-3.7,,,,,,,,,,,,,,,,,,,,,,,,,,,,,,,,,,,,
2023,11,22,0,0,4,48.64,-5.9,,,,,,,,,,,,,,,,,,,,,,,,,,,,,,,,,,,,
2023,11,22,1,0,3.4,49.31,-6.2,,,,,,,,,,,,,,,,,,,,,,,,,,,,,,,,,,,,
2023,11,22,2,0,2.9,50.85,-6.3,,,,,,,,,,,,,,,,,,,,,,,,,,,,,,,,,,,,
2023,11,22,3,0,2.4,53.05,-6.2,,,,,,,,,,,,,,,,,,,,,,,,,,,,,,,,,,,,
2023,11,22,4,0,2.2,54.42,-6.1,,,,,,,,,,,,,,,,,,,,,,,,,,,,,,,,,,,,
2023,11,22,5,0,2.3,54.38,-6,,,,,,,,,,,,,,,,,,,,,,,,,,,,,,,,,,,,
2023,11,22,6,0,2.4,54.28,-5.9,,,,,,,,,,,,,,,,,,,,,,,,,,,,,,,,,,,,
2023,11,22,7,0,2.5,54.08,-5.9,,,,,,,,,,,,,,,,,,,,,,,,,,,,,,,,,,,,
2023,11,22,8,0,2.4,54.73,-5.8,,,,,,,,,,,,,,,,,,,,,,,,,,,,,,,,,,,,
2023,11,22,9,0,2.4,54.99,-5.7,,,,,,,,,,,,,,,,,,,,,,,,,,,,,,,,,,,,
2023,11,22,10,0,2.5,54.82,-5.7,,,,,,,,,,,,,,,,,,,,,,,,,,,,,,,,,,,,
2023,11,22,11,0,2.6,54.52,-5.7,,,,,,,,,,,,,,,,,,,,,,,,,,,,,,,,,,,,
2023,11,22,12,0,2.6,54.69,-5.6,,,,,,,,,,,,,,,,,,,,,,,,,,,,,,,,,,,,
2023,11,22,13,0,2.2,56.82,-5.5,,,,,,,,,,,,,,,,,,,,,,,,,,,,,,,,,,,,
2023,11,22,14,0,1.9,58.72,-5.3,,,,,,,,,,,,,,,,,,,,,,,,,,,,,,,,,,,,
2023,11,22,15,0,3,60.62,-3.9,,,,,,,,,,,,,,,,,,,,,,,,,,,,,,,,,,,,
2023,11,22,16,0,5.4,48.63,-4.6,,,,,,,,,,,,,,,,,,,,,,,,,,,,,,,,,,,,
2023,11,22,17,0,7.3,41.19,-5,,,,,,,,,,,,,,,,,,,,,,,,,,,,,,,,,,,,
2023,11,22,18,0,8.6,37.4,-5.1,,,,,,,,,,,,,,,,,,,,,,,,,,,,,,,,,,,,
2023,11,22,19,0,9.6,35.65,-4.9,,,,,,,,,,,,,,,,,,,,,,,,,,,,,,,,,,,,
2023,11,22,20,0,10.2,33.76,-5.1,,,,,,,,,,,,,,,,,,,,,,,,,,,,,,,,,,,,
2023,11,22,21,0,10.3,33.28,-5.2,,,,,,,,,,,,,,,,,,,,,,,,,,,,,,,,,,,,
2023,11,22,22,0,9.6,35.74,-4.9,,,,,,,,,,,,,,,,,,,,,,,,,,,,,,,,,,,,
2023,11,22,23,0,7.4,46.9,-3.2,,,,,,,,,,,,,,,,,,,,,,,,,,,,,,,,,,,,
2023,11,23,0,0,5.3,45.49,-5.5,,,,,,,,,,,,,,,,,,,,,,,,,,,,,,,,,,,,
2023,11,23,1,0,4.5,46.65,-5.9,,,,,,,,,,,,,,,,,,,,,,,,,,,,,,,,,,,,
2023,11,23,2,0,3.4,50.68,-5.9,,,,,,,,,,,,,,,,,,,,,,,,,,,,,,,,,,,,
2023,11,23,3,0,3,52.07,-5.9,,,,,,,,,,,,,,,,,,,,,,,,,,,,,,,,,,,,
2023,11,23,4,0,3.1,51.67,-5.9,,,,,,,,,,,,,,,,,,,,,,,,,,,,,,,,,,,,
2023,11,23,5,0,3.2,51.09,-6,,,,,,,,,,,,,,,,,,,,,,,,,,,,,,,,,,,,
2023,11,23,6,0,3.6,49.39,-6,,,,,,,,,,,,,,,,,,,,,,,,,,,,,,,,,,,,
2023,11,23,7,0,3.9,48.41,-6,,,,,,,,,,,,,,,,,,,,,,,,,,,,,,,,,,,,
2023,11,23,8,0,4,49.46,-5.6,,,,,,,,,,,,,,,,,,,,,,,,,,,,,,,,,,,,
2023,11,23,9,0,3.8,50.85,-5.5,,,,,,,,,,,,,,,,,,,,,,,,,,,,,,,,,,,,
2023,11,23,10,0,3.9,50.16,-5.5,,,,,,,,,,,,,,,,,,,,,,,,,,,,,,,,,,,,
2023,11,23,11,0,4,49.35,-5.7,,,,,,,,,,,,,,,,,,,,,,,,,,,,,,,,,,,,
2023,11,23,12,0,4,49.65,-5.6,,,,,,,,,,,,,,,,,,,,,,,,,,,,,,,,,,,,
2023,11,23,13,0,3.9,50.28,-5.5,,,,,,,,,,,,,,,,,,,,,,,,,,,,,,,,,,,,
2023,11,23,14,0,3.8,50.66,-5.5,,,,,,,,,,,,,,,,,,,,,,,,,,,,,,,,,,,,
2023,11,23,15,0,3.8,55.27,-4.4,,,,,,,,,,,,,,,,,,,,,,,,,,,,,,,,,,,,
2023,11,23,16,0,4.8,54.92,-3.5,,,,,,,,,,,,,,,,,,,,,,,,,,,,,,,,,,,,
2023,11,23,17,0,5.9,45.37,-5,,,,,,,,,,,,,,,,,,,,,,,,,,,,,,,,,,,,
2023,11,23,18,0,6.7,42.59,-5.1,,,,,,,,,,,,,,,,,,,,,,,,,,,,,,,,,,,,
2023,11,23,19,0,6.9,42.66,-4.9,,,,,,,,,,,,,,,,,,,,,,,,,,,,,,,,,,,,
2023,11,23,20,0,6.7,44.44,-4.6,,,,,,,,,,,,,,,,,,,,,,,,,,,,,,,,,,,,
2023,11,23,21,0,6.2,48.11,-4,,,,,,,,,,,,,,,,,,,,,,,,,,,,,,,,,,,,
2023,11,23,22,0,5.1,58.74,-2.3,,,,,,,,,,,,,,,,,,,,,,,,,,,,,,,,,,,,
2023,11,23,23,0,3.5,67.86,-1.9,,,,,,,,,,,,,,,,,,,,,,,,,,,,,,,,,,,,
2023,11,24,0,0,2.3,73.74,-1.9,,,,,,,,,,,,,,,,,,,,,,,,,,,,,,,,,,,,
2023,11,24,1,0,1.9,77.36,-1.6,,,,,,,,,,,,,,,,,,,,,,,,,,,,,,,,,,,,
2023,11,24,2,0,1.6,80.26,-1.4,,,,,,,,,,,,,,,,,,,,,,,,,,,,,,,,,,,,
2023,11,24,3,0,1.6,80.83,-1.3,,,,,,,,,,,,,,,,,,,,,,,,,,,,,,,,,,,,
2023,11,24,4,0,1.5,81.36,-1.3,,,,,,,,,,,,,,,,,,,,,,,,,,,,,,,,,,,,
2023,11,24,5,0,1.4,81.72,-1.4,,,,,,,,,,,,,,,,,,,,,,,,,,,,,,,,,,,,
2023,11,24,6,0,1.2,82.47,-1.5,,,,,,,,,,,,,,,,,,,,,,,,,,,,,,,,,,,,
2023,11,24,7,0,1,82.93,-1.6,,,,,,,,,,,,,,,,,,,,,,,,,,,,,,,,,,,,
2023,11,24,8,0,0.7,83.46,-1.8,,,,,,,,,,,,,,,,,,,,,,,,,,,,,,,,,,,,
2023,11,24,9,0,0.5,83.3,-2,,,,,,,,,,,,,,,,,,,,,,,,,,,,,,,,,,,,
2023,11,24,10,0,0.4,82.61,-2.2,,,,,,,,,,,,,,,,,,,,,,,,,,,,,,,,,,,,
2023,11,24,11,0,0.5,81.15,-2.4,,,,,,,,,,,,,,,,,,,,,,,,,,,,,,,,,,,,
2023,11,24,12,0,0.5,80.02,-2.5,,,,,,,,,,,,,,,,,,,,,,,,,,,,,,,,,,,,
2023,11,24,13,0,0.3,79.83,-2.8,,,,,,,,,,,,,,,,,,,,,,,,,,,,,,,,,,,,
2023,11,24,14,0,-0.1,80.62,-3,,,,,,,,,,,,,,,,,,,,,,,,,,,,,,,,,,,,
2023,11,24,15,0,0.7,76.08,-3,,,,,,,,,,,,,,,,,,,,,,,,,,,,,,,,,,,,
2023,11,24,16,0,1.8,69.71,-3.1,,,,,,,,,,,,,,,,,,,,,,,,,,,,,,,,,,,,
2023,11,24,17,0,2.9,63.3,-3.4,,,,,,,,,,,,,,,,,,,,,,,,,,,,,,,,,,,,
2023,11,24,18,0,3.7,59.52,-3.5,,,,,,,,,,,,,,,,,,,,,,,,,,,,,,,,,,,,
2023,11,24,19,0,4.3,56.74,-3.5,,,,,,,,,,,,,,,,,,,,,,,,,,,,,,,,,,,,
2023,11,24,20,0,4.3,56.01,-3.7,,,,,,,,,,,,,,,,,,,,,,,,,,,,,,,,,,,,
2023,11,24,21,0,3.8,57.23,-3.9,,,,,,,,,,,,,,,,,,,,,,,,,,,,,,,,,,,,
2023,11,24,22,0,3.1,59.35,-4.1,,,,,,,,,,,,,,,,,,,,,,,,,,,,,,,,,,,,
2023,11,24,23,0,1.9,63.32,-4.3,,,,,,,,,,,,,,,,,,,,,,,,,,,,,,,,,,,,
2023,11,25,0,0,0.3,69.3,-4.7,,,,,,,,,,,,,,,,,,,,,,,,,,,,,,,,,,,,
2023,11,25,1,0,-0.1,68.4,-5.2,,,,,,,,,,,,,,,,,,,,,,,,,,,,,,,,,,,,
2023,11,25,2,0,-0.5,68.01,-5.7,,,,,,,,,,,,,,,,,,,,,,,,,,,,,,,,,,,,
2023,11,25,3,0,-0.8,67.66,-6,,,,,,,,,,,,,,,,,,,,,,,,,,,,,,,,,,,,
2023,11,25,4,0,-0.9,66.64,-6.3,,,,,,,,,,,,,,,,,,,,,,,,,,,,,,,,,,,,
2023,11,25,5,0,-1.1,66.03,-6.6,,,,,,,,,,,,,,,,,,,,,,,,,,,,,,,,,,,,
2023,11,25,6,0,-1.4,66.08,-6.9,,,,,,,,,,,,,,,,,,,,,,,,,,,,,,,,,,,,
2023,11,25,7,0,-1.8,66.54,-7.2,,,,,,,,,,,,,,,,,,,,,,,,,,,,,,,,,,,,
2023,11,25,8,0,-2.1,66.83,-7.4,,,,,,,,,,,,,,,,,,,,,,,,,,,,,,,,,,,,
2023,11,25,9,0,-2.2,66.4,-7.6,,,,,,,,,,,,,,,,,,,,,,,,,,,,,,,,,,,,
2023,11,25,10,0,-2.3,65.77,-7.8,,,,,,,,,,,,,,,,,,,,,,,,,,,,,,,,,,,,
2023,11,25,11,0,-2.3,64.49,-8.1,,,,,,,,,,,,,,,,,,,,,,,,,,,,,,,,,,,,
2023,11,25,12,0,-2.2,62.86,-8.3,,,,,,,,,,,,,,,,,,,,,,,,,,,,,,,,,,,,
2023,11,25,13,0,-2.2,61.81,-8.5,,,,,,,,,,,,,,,,,,,,,,,,,,,,,,,,,,,,
2023,11,25,14,0,-2.2,60.76,-8.8,,,,,,,,,,,,,,,,,,,,,,,,,,,,,,,,,,,,
2023,11,25,15,0,-1.3,55.41,-9.1,,,,,,,,,,,,,,,,,,,,,,,,,,,,,,,,,,,,
2023,11,25,16,0,0.2,50.5,-8.9,,,,,,,,,,,,,,,,,,,,,,,,,,,,,,,,,,,,
2023,11,25,17,0,1.4,46.67,-8.8,,,,,,,,,,,,,,,,,,,,,,,,,,,,,,,,,,,,
2023,11,25,18,0,2.2,44.88,-8.6,,,,,,,,,,,,,,,,,,,,,,,,,,,,,,,,,,,,
2023,11,25,19,0,2.5,44.74,-8.3,,,,,,,,,,,,,,,,,,,,,,,,,,,,,,,,,,,,
2023,11,25,20,0,2.5,45.19,-8.2,,,,,,,,,,,,,,,,,,,,,,,,,,,,,,,,,,,,
2023,11,25,21,0,2.3,45.92,-8.2,,,,,,,,,,,,,,,,,,,,,,,,,,,,,,,,,,,,
2023,11,25,22,0,1.7,47.95,-8.2,,,,,,,,,,,,,,,,,,,,,,,,,,,,,,,,,,,,
2023,11,25,23,0,0.5,51.42,-8.4,,,,,,,,,,,,,,,,,,,,,,,,,,,,,,,,,,,,
2023,11,26,0,0,-1.8,60.16,-8.5,,,,,,,,,,,,,,,,,,,,,,,,,,,,,,,,,,,,
2023,11,26,1,0,-2.3,62.49,-8.5,,,,,,,,,,,,,,,,,,,,,,,,,,,,,,,,,,,,
2023,11,26,2,0,-2.5,63.66,-8.4,,,,,,,,,,,,,,,,,,,,,,,,,,,,,,,,,,,,
2023,11,26,3,0,-2.4,62.85,-8.5,,,,,,,,,,,,,,,,,,,,,,,,,,,,,,,,,,,,
2023,11,26,4,0,-2.3,62.08,-8.6,,,,,,,,,,,,,,,,,,,,,,,,,,,,,,,,,,,,
2023,11,26,5,0,-2.2,61.55,-8.6,,,,,,,,,,,,,,,,,,,,,,,,,,,,,,,,,,,,
2023,11,26,6,0,-2.3,61.93,-8.6,,,,,,,,,,,,,,,,,,,,,,,,,,,,,,,,,,,,
2023,11,26,7,0,-2.3,61.54,-8.7,,,,,,,,,,,,,,,,,,,,,,,,,,,,,,,,,,,,
2023,11,26,8,0,-2.2,60.46,-8.8,,,,,,,,,,,,,,,,,,,,,,,,,,,,,,,,,,,,
2023,11,26,9,0,-2.2,60.22,-8.9,,,,,,,,,,,,,,,,,,,,,,,,,,,,,,,,,,,,
2023,11,26,10,0,-2.2,60.21,-8.9,,,,,,,,,,,,,,,,,,,,,,,,,,,,,,,,,,,,
2023,11,26,11,0,-2.3,60.49,-8.9,,,,,,,,,,,,,,,,,,,,,,,,,,,,,,,,,,,,
2023,11,26,12,0,-2.3,60.38,-8.9,,,,,,,,,,,,,,,,,,,,,,,,,,,,,,,,,,,,
2023,11,26,13,0,-2.3,60.21,-9,,,,,,,,,,,,,,,,,,,,,,,,,,,,,,,,,,,,
2023,11,26,14,0,-2.3,60.34,-8.9,,,,,,,,,,,,,,,,,,,,,,,,,,,,,,,,,,,,
2023,11,26,15,0,-1.7,58.98,-8.7,,,,,,,,,,,,,,,,,,,,,,,,,,,,,,,,,,,,
2023,11,26,16,0,-0.2,54.42,-8.3,,,,,,,,,,,,,,,,,,,,,,,,,,,,,,,,,,,,
2023,11,26,17,0,1,48.89,-8.6,,,,,,,,,,,,,,,,,,,,,,,,,,,,,,,,,,,,
2023,11,26,18,0,1.9,46.51,-8.4,,,,,,,,,,,,,,,,,,,,,,,,,,,,,,,,,,,,
2023,11,26,19,0,2.5,45.12,-8.2,,,,,,,,,,,,,,,,,,,,,,,,,,,,,,,,,,,,
2023,11,26,20,0,2.7,44.9,-8.1,,,,,,,,,,,,,,,,,,,,,,,,,,,,,,,,,,,,
2023,11,26,21,0,2.6,45.24,-8.1,,,,,,,,,,,,,,,,,,,,,,,,,,,,,,,,,,,,
2023,11,26,22,0,2.1,46.69,-8.1,,,,,,,,,,,,,,,,,,,,,,,,,,,,,,,,,,,,
2023,11,26,23,0,0.6,52.08,-8.1,,,,,,,,,,,,,,,,,,,,,,,,,,,,,,,,,,,,
2023,11,27,0,0,-1.7,60.59,-8.3,,,,,,,,,,,,,,,,,,,,,,,,,,,,,,,,,,,,
2023,11,27,1,0,-2.2,61.81,-8.5,,,,,,,,,,,,,,,,,,,,,,,,,,,,,,,,,,,,
2023,11,27,2,0,-2.2,61.49,-8.6,,,,,,,,,,,,,,,,,,,,,,,,,,,,,,,,,,,,
2023,11,27,3,0,-2.1,60.6,-8.7,,,,,,,,,,,,,,,,,,,,,,,,,,,,,,,,,,,,
2023,11,27,4,0,-2.1,60.28,-8.8,,,,,,,,,,,,,,,,,,,,,,,,,,,,,,,,,,,,
2023,11,27,5,0,-2.1,60.03,-8.8,,,,,,,,,,,,,,,,,,,,,,,,,,,,,,,,,,,,
2023,11,27,6,0,-2.1,59.75,-8.9,,,,,,,,,,,,,,,,,,,,,,,,,,,,,,,,,,,,
2023,11,27,7,0,-2.2,60.06,-8.9,,,,,,,,,,,,,,,,,,,,,,,,,,,,,,,,,,,,
2023,11,27,8,0,-2.4,60.94,-8.9,,,,,,,,,,,,,,,,,,,,,,,,,,,,,,,,,,,,
2023,11,27,9,0,-2.5,61.26,-8.9,,,,,,,,,,,,,,,,,,,,,,,,,,,,,,,,,,,,
2023,11,27,10,0,-2.7,62.05,-9,,,,,,,,,,,,,,,,,,,,,,,,,,,,,,,,,,,,
2023,11,27,11,0,-2.9,62.66,-9,,,,,,,,,,,,,,,,,,,,,,,,,,,,,,,,,,,,
2023,11,27,12,0,-2.9,62.26,-9.1,,,,,,,,,,,,,,,,,,,,,,,,,,,,,,,,,,,,
2023,11,27,13,0,-2.8,61.04,-9.3,,,,,,,,,,,,,,,,,,,,,,,,,,,,,,,,,,,,
2023,11,27,14,0,-2.8,59.93,-9.5,,,,,,,,,,,,,,,,,,,,,,,,,,,,,,,,,,,,
2023,11,27,15,0,-2.2,58.97,-9.1,,,,,,,,,,,,,,,,,,,,,,,,,,,,,,,,,,,,
2023,11,27,16,0,-0.5,52.69,-9,,,,,,,,,,,,,,,,,,,,,,,,,,,,,,,,,,,,
2023,11,27,17,0,1.1,46.08,-9.2,,,,,,,,,,,,,,,,,,,,,,,,,,,,,,,,,,,,
2023,11,27,18,0,2.3,42.98,-9,,,,,,,,,,,,,,,,,,,,,,,,,,,,,,,,,,,,
2023,11,27,19,0,3.2,41.37,-8.7,,,,,,,,,,,,,,,,,,,,,,,,,,,,,,,,,,,,
2023,11,27,20,0,3.8,40.94,-8.3,,,,,,,,,,,,,,,,,,,,,,,,,,,,,,,,,,,,
2023,11,27,21,0,3.9,41.69,-8,,,,,,,,,,,,,,,,,,,,,,,,,,,,,,,,,,,,
2023,11,27,22,0,3.5,43.73,-7.7,,,,,,,,,,,,,,,,,,,,,,,,,,,,,,,,,,,,
2023,11,27,23,0,1.7,54.65,-6.5,,,,,,,,,,,,,,,,,,,,,,,,,,,,,,,,,,,,
2023,11,28,0,0,-0.1,56.91,-7.6,,,,,,,,,,,,,,,,,,,,,,,,,,,,,,,,,,,,
2023,11,28,1,0,-0.3,56.74,-7.9,,,,,,,,,,,,,,,,,,,,,,,,,,,,,,,,,,,,
2023,11,28,2,0,-0.6,57.98,-7.9,,,,,,,,,,,,,,,,,,,,,,,,,,,,,,,,,,,,
2023,11,28,3,0,-0.7,58.26,-7.9,,,,,,,,,,,,,,,,,,,,,,,,,,,,,,,,,,,,
2023,11,28,4,0,-0.6,57.5,-8,,,,,,,,,,,,,,,,,,,,,,,,,,,,,,,,,,,,
2023,11,28,5,0,-0.5,56.32,-8.1,,,,,,,,,,,,,,,,,,,,,,,,,,,,,,,,,,,,
2023,11,28,6,0,-0.5,55.51,-8.3,,,,,,,,,,,,,,,,,,,,,,,,,,,,,,,,,,,,
2023,11,28,7,0,-0.6,55.2,-8.5,,,,,,,,,,,,,,,,,,,,,,,,,,,,,,,,,,,,
2023,11,28,8,0,-0.8,55.06,-8.7,,,,,,,,,,,,,,,,,,,,,,,,,,,,,,,,,,,,
2023,11,28,9,0,-1,55.14,-8.9,,,,,,,,,,,,,,,,,,,,,,,,,,,,,,,,,,,,
2023,11,28,10,0,-1.2,55.24,-9,,,,,,,,,,,,,,,,,,,,,,,,,,,,,,,,,,,,
2023,11,28,11,0,-1.4,55.25,-9.2,,,,,,,,,,,,,,,,,,,,,,,,,,,,,,,,,,,,
2023,11,28,12,0,-1.6,54.88,-9.5,,,,,,,,,,,,,,,,,,,,,,,,,,,,,,,,,,,,
2023,11,28,13,0,-1.7,53.66,-9.9,,,,,,,,,,,,,,,,,,,,,,,,,,,,,,,,,,,,
2023,11,28,14,0,-1.8,52.2,-10.3,,,,,,,,,,,,,,,,,,,,,,,,,,,,,,,,,,,,
2023,11,28,15,0,-1.2,51.89,-9.8,,,,,,,,,,,,,,,,,,,,,,,,,,,,,,,,,,,,
2023,11,28,16,0,1.3,48.44,-8.4,,,,,,,,,,,,,,,,,,,,,,,,,,,,,,,,,,,,
2023,11,28,17,0,3.4,39.43,-9.1,,,,,,,,,,,,,,,,,,,,,,,,,,,,,,,,,,,,
2023,11,28,18,0,5.2,35.66,-8.8,,,,,,,,,,,,,,,,,,,,,,,,,,,,,,,,,,,,
2023,11,28,19,0,6.5,32.22,-8.9,,,,,,,,,,,,,,,,,,,,,,,,,,,,,,,,,,,,
2023,11,28,20,0,7.3,30.33,-9,,,,,,,,,,,,,,,,,,,,,,,,,,,,,,,,,,,,
2023,11,28,21,0,7.5,30.45,-8.8,,,,,,,,,,,,,,,,,,,,,,,,,,,,,,,,,,,,
2023,11,28,22,0,6.7,37.43,-6.8,,,,,,,,,,,,,,,,,,,,,,,,,,,,,,,,,,,,
2023,11,28,23,0,4.8,40.87,-7.4,,,,,,,,,,,,,,,,,,,,,,,,,,,,,,,,,,,,
2023,11,29,0,0,3.1,41.26,-8.8,,,,,,,,,,,,,,,,,,,,,,,,,,,,,,,,,,,,
2023,11,29,1,0,1.9,46.6,-8.3,,,,,,,,,,,,,,,,,,,,,,,,,,,,,,,,,,,,
2023,11,29,2,0,1.2,50.51,-8,,,,,,,,,,,,,,,,,,,,,,,,,,,,,,,,,,,,
2023,11,29,3,0,0.7,52.23,-8,,,,,,,,,,,,,,,,,,,,,,,,,,,,,,,,,,,,
2023,11,29,4,0,0.2,53.97,-8,,,,,,,,,,,,,,,,,,,,,,,,,,,,,,,,,,,,
2023,11,29,5,0,-0.3,55.27,-8.2,,,,,,,,,,,,,,,,,,,,,,,,,,,,,,,,,,,,
2023,11,29,6,0,-0.7,55.92,-8.4,,,,,,,,,,,,,,,,,,,,,,,,,,,,,,,,,,,,
2023,11,29,7,0,-1.2,56.54,-8.7,,,,,,,,,,,,,,,,,,,,,,,,,,,,,,,,,,,,
2023,11,29,8,0,-1.7,56.78,-9.2,,,,,,,,,,,,,,,,,,,,,,,,,,,,,,,,,,,,
2023,11,29,9,0,-2.1,56.33,-9.6,,,,,,,,,,,,,,,,,,,,,,,,,,,,,,,,,,,,
2023,11,29,10,0,-2.3,55.17,-10.1,,,,,,,,,,,,,,,,,,,,,,,,,,,,,,,,,,,,
2023,11,29,11,0,-2.3,53.74,-10.4,,,,,,,,,,,,,,,,,,,,,,,,,,,,,,,,,,,,
2023,11,29,12,0,-2,52.63,-10.4,,,,,,,,,,,,,,,,,,,,,,,,,,,,,,,,,,,,
2023,11,29,13,0,-1.7,51.81,-10.3,,,,,,,,,,,,,,,,,,,,,,,,,,,,,,,,,,,,
2023,11,29,14,0,-1.5,50.79,-10.4,,,,,,,,,,,,,,,,,,,,,,,,,,,,,,,,,,,,
2023,11,29,15,0,-0.5,51.83,-9.2,,,,,,,,,,,,,,,,,,,,,,,,,,,,,,,,,,,,
2023,11,29,16,0,2,44.04,-9,,,,,,,,,,,,,,,,,,,,,,,,,,,,,,,,,,,,
2023,11,29,17,0,3.8,34.8,-10.4,,,,,,,,,,,,,,,,,,,,,,,,,,,,,,,,,,,,
2023,11,29,18,0,5.6,30.96,-10.2,,,,,,,,,,,,,,,,,,,,,,,,,,,,,,,,,,,,
2023,11,29,19,0,6.5,30.44,-9.7,,,,,,,,,,,,,,,,,,,,,,,,,,,,,,,,,,,,
2023,11,29,20,0,6.8,31.96,-8.8,,,,,,,,,,,,,,,,,,,,,,,,,,,,,,,,,,,,
2023,11,29,21,0,6.7,33.56,-8.2,,,,,,,,,,,,,,,,,,,,,,,,,,,,,,,,,,,,
2023,11,29,22,0,6,39.07,-6.9,,,,,,,,,,,,,,,,,,,,,,,,,,,,,,,,,,,,
2023,11,29,23,0,4.1,45.3,-6.7,,,,,,,,,,,,,,,,,,,,,,,,,,,,,,,,,,,,
2023,11,30,0,0,2.8,43.84,-8.3,,,,,,,,,,,,,,,,,,,,,,,,,,,,,,,,,,,,
2023,11,30,1,0,2.1,47.16,-8,,,,,,,,,,,,,,,,,,,,,,,,,,,,,,,,,,,,
2023,11,30,2,0,1.6,49.91,-7.7,,,,,,,,,,,,,,,,,,,,,,,,,,,,,,,,,,,,
2023,11,30,3,0,1.4,52.01,-7.4,,,,,,,,,,,,,,,,,,,,,,,,,,,,,,,,,,,,
2023,11,30,4,0,1.2,53.79,-7.1,,,,,,,,,,,,,,,,,,,,,,,,,,,,,,,,,,,,
2023,11,30,5,0,0.9,55.84,-6.9,,,,,,,,,,,,,,,,,,,,,,,,,,,,,,,,,,,,
2023,11,30,6,0,0.6,58.41,-6.6,,,,,,,,,,,,,,,,,,,,,,,,,,,,,,,,,,,,
2023,11,30,7,0,0.3,60.37,-6.5,,,,,,,,,,,,,,,,,,,,,,,,,,,,,,,,,,,,
2023,11,30,8,0,-0.1,62.79,-6.3,,,,,,,,,,,,,,,,,,,,,,,,,,,,,,,,,,,,
2023,11,30,9,0,-0.4,64.46,-6.3,,,,,,,,,,,,,,,,,,,,,,,,,,,,,,,,,,,,
2023,11,30,10,0,-0.6,65.09,-6.4,,,,,,,,,,,,,,,,,,,,,,,,,,,,,,,,,,,,
2023,11,30,11,0,-0.9,65.84,-6.5,,,,,,,,,,,,,,,,,,,,,,,,,,,,,,,,,,,,
2023,11,30,12,0,-1.3,66.95,-6.7,,,,,,,,,,,,,,,,,,,,,,,,,,,,,,,,,,,,
2023,11,30,13,0,-1.6,68.21,-6.7,,,,,,,,,,,,,,,,,,,,,,,,,,,,,,,,,,,,
2023,11,30,14,0,-1.9,70.08,-6.6,,,,,,,,,,,,,,,,,,,,,,,,,,,,,,,,,,,,
2023,11,30,15,0,-1.8,70.58,-6.4,,,,,,,,,,,,,,,,,,,,,,,,,,,,,,,,,,,,
2023,11,30,16,0,-1.2,68.53,-6.3,,,,,,,,,,,,,,,,,,,,,,,,,,,,,,,,,,,,
2023,11,30,17,0,0.4,60.14,-6.4,,,,,,,,,,,,,,,,,,,,,,,,,,,,,,,,,,,,
2023,11,30,18,0,2.2,51.61,-6.7,,,,,,,,,,,,,,,,,,,,,,,,,,,,,,,,,,,,
2023,11,30,19,0,3.8,43.86,-7.4,,,,,,,,,,,,,,,,,,,,,,,,,,,,,,,,,,,,
2023,11,30,20,0,4.5,41.22,-7.6,,,,,,,,,,,,,,,,,,,,,,,,,,,,,,,,,,,,
2023,11,30,21,0,4.3,42.51,-7.3,,,,,,,,,,,,,,,,,,,,,,,,,,,,,,,,,,,,
2023,11,30,22,0,3.5,45.83,-7.1,,,,,,,,,,,,,,,,,,,,,,,,,,,,,,,,,,,,
2023,11,30,23,0,1.9,54.83,-6.2,,,,,,,,,,,,,,,,,,,,,,,,,,,,,,,,,,,,
2023,12,1,0,0,0.5,63.67,-5.6,,,,,,,,,,,,,,,,,,,,,,,,,,,,,,,,,,,,
2023,12,1,1,0,0.2,65.73,-5.5,,,,,,,,,,,,,,,,,,,,,,,,,,,,,,,,,,,,
2023,12,1,2,0,-0.1,66.05,-5.7,,,,,,,,,,,,,,,,,,,,,,,,,,,,,,,,,,,,
2023,12,1,3,0,-0.4,66.14,-6,,,,,,,,,,,,,,,,,,,,,,,,,,,,,,,,,,,,
2023,12,1,4,0,-0.3,64.38,-6.2,,,,,,,,,,,,,,,,,,,,,,,,,,,,,,,,,,,,
2023,12,1,5,0,-0.3,62.68,-6.6,,,,,,,,,,,,,,,,,,,,,,,,,,,,,,,,,,,,
2023,12,1,6,0,-0.2,61.36,-6.7,,,,,,,,,,,,,,,,,,,,,,,,,,,,,,,,,,,,
2023,12,1,7,0,-0.2,61.01,-6.8,,,,,,,,,,,,,,,,,,,,,,,,,,,,,,,,,,,,
2023,12,1,8,0,-0.1,61.85,-6.5,,,,,,,,,,,,,,,,,,,,,,,,,,,,,,,,,,,,
2023,12,1,9,0,-0.1,63.72,-6.2,,,,,,,,,,,,,,,,,,,,,,,,,,,,,,,,,,,,
2023,12,1,10,0,-0.2,65.61,-5.9,,,,,,,,,,,,,,,,,,,,,,,,,,,,,,,,,,,,
2023,12,1,11,0,-0.5,68.02,-5.7,,,,,,,,,,,,,,,,,,,,,,,,,,,,,,,,,,,,
2023,12,1,12,0,-0.7,69.33,-5.6,,,,,,,,,,,,,,,,,,,,,,,,,,,,,,,,,,,,
2023,12,1,13,0,-0.8,69.95,-5.6,,,,,,,,,,,,,,,,,,,,,,,,,,,,,,,,,,,,
2023,12,1,14,0,-1,71.71,-5.5,,,,,,,,,,,,,,,,,,,,,,,,,,,,,,,,,,,,
2023,12,1,15,0,-0.4,71.62,-4.9,,,,,,,,,,,,,,,,,,,,,,,,,,,,,,,,,,,,
2023,12,1,16,0,0.5,69.83,-4.4,,,,,,,,,,,,,,,,,,,,,,,,,,,,,,,,,,,,
2023,12,1,17,0,1,69.84,-3.9,,,,,,,,,,,,,,,,,,,,,,,,,,,,,,,,,,,,
2023,12,1,18,0,1.6,68.66,-3.5,,,,,,,,,,,,,,,,,,,,,,,,,,,,,,,,,,,,
2023,12,1,19,0,2.1,65.37,-3.7,,,,,,,,,,,,,,,,,,,,,,,,,,,,,,,,,,,,
2023,12,1,20,0,2.5,60.87,-4.3,,,,,,,,,,,,,,,,,,,,,,,,,,,,,,,,,,,,
2023,12,1,21,0,2.5,58.11,-4.9,,,,,,,,,,,,,,,,,,,,,,,,,,,,,,,,,,,,
2023,12,1,22,0,2.2,57.17,-5.4,,,,,,,,,,,,,,,,,,,,,,,,,,,,,,,,,,,,
2023,12,1,23,0,1.1,59.92,-5.8,,,,,,,,,,,,,,,,,,,,,,,,,,,,,,,,,,,,
2023,12,2,0,0,-0.1,63.9,-6.1,,,,,,,,,,,,,,,,,,,,,,,,,,,,,,,,,,,,
2023,12,2,1,0,-0.2,64.3,-6.1,,,,,,,,,,,,,,,,,,,,,,,,,,,,,,,,,,,,
2023,12,2,2,0,-0.5,65.78,-6.1,,,,,,,,,,,,,,,,,,,,,,,,,,,,,,,,,,,,
2023,12,2,3,0,-0.8,66.98,-6.2,,,,,,,,,,,,,,,,,,,,,,,,,,,,,,,,,,,,
2023,12,2,4,0,-0.9,68.58,-6,,,,,,,,,,,,,,,,,,,,,,,,,,,,,,,,,,,,
2023,12,2,5,0,-0.9,71.26,-5.5,,,,,,,,,,,,,,,,,,,,,,,,,,,,,,,,,,,,
2023,12,2,6,0,-0.8,74.22,-4.8,,,,,,,,,,,,,,,,,,,,,,,,,,,,,,,,,,,,
2023,12,2,7,0,-0.8,76.45,-4.4,,,,,,,,,,,,,,,,,,,,,,,,,,,,,,,,,,,,
2023,12,2,8,0,-1.2,79.68,-4.3,,,,,,,,,,,,,,,,,,,,,,,,,,,,,,,,,,,,
2023,12,2,9,0,-1.3,81.51,-4.1,,,,,,,,,,,,,,,,,,,,,,,,,,,,,,,,,,,,
2023,12,2,10,0,-1.1,81.89,-3.8,,,,,,,,,,,,,,,,,,,,,,,,,,,,,,,,,,,,
2023,12,2,11,0,-1,82.82,-3.6,,,,,,,,,,,,,,,,,,,,,,,,,,,,,,,,,,,,
2023,12,2,12,0,-0.9,83.45,-3.4,,,,,,,,,,,,,,,,,,,,,,,,,,,,,,,,,,,,
2023,12,2,13,0,-0.8,84.12,-3.1,,,,,,,,,,,,,,,,,,,,,,,,,,,,,,,,,,,,
2023,12,2,14,0,-0.7,84.3,-3,,,,,,,,,,,,,,,,,,,,,,,,,,,,,,,,,,,,
2023,12,2,15,0,-0.1,81.81,-2.8,,,,,,,,,,,,,,,,,,,,,,,,,,,,,,,,,,,,
2023,12,2,16,0,1.6,76.13,-2.2,,,,,,,,,,,,,,,,,,,,,,,,,,,,,,,,,,,,
2023,12,2,17,0,2.7,71.31,-2,,,,,,,,,,,,,,,,,,,,,,,,,,,,,,,,,,,,
2023,12,2,18,0,3.1,69.88,-1.9,,,,,,,,,,,,,,,,,,,,,,,,,,,,,,,,,,,,
2023,12,2,19,0,3.4,69.6,-1.6,,,,,,,,,,,,,,,,,,,,,,,,,,,,,,,,,,,,
2023,12,2,20,0,3.9,67.92,-1.5,,,,,,,,,,,,,,,,,,,,,,,,,,,,,,,,,,,,
2023,12,2,21,0,4.3,65.66,-1.6,,,,,,,,,,,,,,,,,,,,,,,,,,,,,,,,,,,,
2023,12,2,22,0,4.3,65.3,-1.6,,,,,,,,,,,,,,,,,,,,,,,,,,,,,,,,,,,,
2023,12,2,23,0,3.3,68.55,-1.9,,,,,,,,,,,,,,,,,,,,,,,,,,,,,,,,,,,,
2023,12,3,0,0,2.5,69.61,-2.5,,,,,,,,,,,,,,,,,,,,,,,,,,,,,,,,,,,,
2023,12,3,1,0,2.2,70.55,-2.6,,,,,,,,,,,,,,,,,,,,,,,,,,,,,,,,,,,,
2023,12,3,2,0,2.1,75.99,-1.7,,,,,,,,,,,,,,,,,,,,,,,,,,,,,,,,,,,,
2023,12,3,3,0,1.7,80.21,-1.3,,,,,,,,,,,,,,,,,,,,,,,,,,,,,,,,,,,,
2023,12,3,4,0,2,80.44,-1,,,,,,,,,,,,,,,,,,,,,,,,,,,,,,,,,,,,
2023,12,3,5,0,2.2,80.88,-0.7,,,,,,,,,,,,,,,,,,,,,,,,,,,,,,,,,,,,
2023,12,3,6,0,2.3,81.74,-0.5,,,,,,,,,,,,,,,,,,,,,,,,,,,,,,,,,,,,
2023,12,3,7,0,2.4,82.89,-0.2,,,,,,,,,,,,,,,,,,,,,,,,,,,,,,,,,,,,
2023,12,3,8,0,2.6,84.32,0.2,,,,,,,,,,,,,,,,,,,,,,,,,,,,,,,,,,,,
2023,12,3,9,0,2.5,85.58,0.3,,,,,,,,,,,,,,,,,,,,,,,,,,,,,,,,,,,,
2023,12,3,10,0,2.2,86.05,0.1,,,,,,,,,,,,,,,,,,,,,,,,,,,,,,,,,,,,
2023,12,3,11,0,1.9,86.11,-0.2,,,,,,,,,,,,,,,,,,,,,,,,,,,,,,,,,,,,
2023,12,3,12,0,1.7,86.08,-0.4,,,,,,,,,,,,,,,,,,,,,,,,,,,,,,,,,,,,
2023,12,3,13,0,1.6,85.95,-0.5,,,,,,,,,,,,,,,,,,,,,,,,,,,,,,,,,,,,
2023,12,3,14,0,1.4,85.93,-0.7,,,,,,,,,,,,,,,,,,,,,,,,,,,,,,,,,,,,
2023,12,3,15,0,1.7,84.76,-0.6,,,,,,,,,,,,,,,,,,,,,,,,,,,,,,,,,,,,
2023,12,3,16,0,2.8,83.29,0.2,,,,,,,,,,,,,,,,,,,,,,,,,,,,,,,,,,,,
2023,12,3,17,0,3.4,82.84,0.8,,,,,,,,,,,,,,,,,,,,,,,,,,,,,,,,,,,,
2023,12,3,18,0,3.7,82.24,1,,,,,,,,,,,,,,,,,,,,,,,,,,,,,,,,,,,,
2023,12,3,19,0,4,81.57,1.1,,,,,,,,,,,,,,,,,,,,,,,,,,,,,,,,,,,,
2023,12,3,20,0,4.1,81.69,1.3,,,,,,,,,,,,,,,,,,,,,,,,,,,,,,,,,,,,
2023,12,3,21,0,4.2,81.99,1.4,,,,,,,,,,,,,,,,,,,,,,,,,,,,,,,,,,,,
2023,12,3,22,0,4,83.85,1.5,,,,,,,,,,,,,,,,,,,,,,,,,,,,,,,,,,,,
2023,12,3,23,0,3.7,85.26,1.5,,,,,,,,,,,,,,,,,,,,,,,,,,,,,,,,,,,,
2023,12,4,0,0,3.4,86.57,1.4,,,,,,,,,,,,,,,,,,,,,,,,,,,,,,,,,,,,
2023,12,4,1,0,3.3,86.89,1.3,,,,,,,,,,,,,,,,,,,,,,,,,,,,,,,,,,,,
2023,12,4,2,0,3.3,87.11,1.4,,,,,,,,,,,,,,,,,,,,,,,,,,,,,,,,,,,,
2023,12,4,3,0,3.4,86.93,1.4,,,,,,,,,,,,,,,,,,,,,,,,,,,,,,,,,,,,
2023,12,4,4,0,3.4,87.14,1.5,,,,,,,,,,,,,,,,,,,,,,,,,,,,,,,,,,,,
2023,12,4,5,0,3.3,86.89,1.3,,,,,,,,,,,,,,,,,,,,,,,,,,,,,,,,,,,,
2023,12,4,6,0,3,86.82,1,,,,,,,,,,,,,,,,,,,,,,,,,,,,,,,,,,,,
2023,12,4,7,0,2.9,85.85,0.8,,,,,,,,,,,,,,,,,,,,,,,,,,,,,,,,,,,,
2023,12,4,8,0,2.9,84.81,0.6,,,,,,,,,,,,,,,,,,,,,,,,,,,,,,,,,,,,
2023,12,4,9,0,3.1,83.55,0.6,,,,,,,,,,,,,,,,,,,,,,,,,,,,,,,,,,,,
2023,12,4,10,0,3.2,82.44,0.5,,,,,,,,,,,,,,,,,,,,,,,,,,,,,,,,,,,,
2023,12,4,11,0,3.2,81.76,0.4,,,,,,,,,,,,,,,,,,,,,,,,,,,,,,,,,,,,
2023,12,4,12,0,3.5,80.73,0.5,,,,,,,,,,,,,,,,,,,,,,,,,,,,,,,,,,,,
2023,12,4,13,0,3.7,79.85,0.5,,,,,,,,,,,,,,,,,,,,,,,,,,,,,,,,,,,,
2023,12,4,14,0,3.6,80.06,0.5,,,,,,,,,,,,,,,,,,,,,,,,,,,,,,,,,,,,
2023,12,4,15,0,3.7,80.26,0.6,,,,,,,,,,,,,,,,,,,,,,,,,,,,,,,,,,,,
2023,12,4,16,0,4.8,78.93,1.5,,,,,,,,,,,,,,,,,,,,,,,,,,,,,,,,,,,,
2023,12,4,17,0,5.7,76.29,1.9,,,,,,,,,,,,,,,,,,,,,,,,,,,,,,,,,,,,
2023,12,4,18,0,6.9,71.86,2.2,,,,,,,,,,,,,,,,,,,,,,,,,,,,,,,,,,,,
2023,12,4,19,0,7.7,68.98,2.4,,,,,,,,,,,,,,,,,,,,,,,,,,,,,,,,,,,,
2023,12,4,20,0,8.2,67.44,2.5,,,,,,,,,,,,,,,,,,,,,,,,,,,,,,,,,,,,
2023,12,4,21,0,8.5,66.78,2.7,,,,,,,,,,,,,,,,,,,,,,,,,,,,,,,,,,,,
2023,12,4,22,0,8.4,69.32,3.1,,,,,,,,,,,,,,,,,,,,,,,,,,,,,,,,,,,,
2023,12,4,23,0,7.9,67.49,2.2,,,,,,,,,,,,,,,,,,,,,,,,,,,,,,,,,,,,
2023,12,5,0,0,7,69.19,1.7,,,,,,,,,,,,,,,,,,,,,,,,,,,,,,,,,,,,
2023,12,5,1,0,5.9,72.67,1.4,,,,,,,,,,,,,,,,,,,,,,,,,,,,,,,,,,,,
2023,12,5,2,0,4.8,76.44,1,,,,,,,,,,,,,,,,,,,,,,,,,,,,,,,,,,,,
2023,12,5,3,0,4.1,78.88,0.8,,,,,,,,,,,,,,,,,,,,,,,,,,,,,,,,,,,,
2023,12,5,4,0,3.6,80.89,0.6,,,,,,,,,,,,,,,,,,,,,,,,,,,,,,,,,,,,
2023,12,5,5,0,3.1,82.77,0.5,,,,,,,,,,,,,,,,,,,,,,,,,,,,,,,,,,,,
2023,12,5,6,0,2.6,84.41,0.2,,,,,,,,,,,,,,,,,,,,,,,,,,,,,,,,,,,,
2023,12,5,7,0,2.1,85.99,0,,,,,,,,,,,,,,,,,,,,,,,,,,,,,,,,,,,,
2023,12,5,8,0,1.8,86.48,-0.2,,,,,,,,,,,,,,,,,,,,,,,,,,,,,,,,,,,,
2023,12,5,9,0,1.7,85.94,-0.4,,,,,,,,,,,,,,,,,,,,,,,,,,,,,,,,,,,,
2023,12,5,10,0,1.8,84.73,-0.5,,,,,,,,,,,,,,,,,,,,,,,,,,,,,,,,,,,,
2023,12,5,11,0,2.1,82.6,-0.6,,,,,,,,,,,,,,,,,,,,,,,,,,,,,,,,,,,,
2023,12,5,12,0,2.3,80.99,-0.6,,,,,,,,,,,,,,,,,,,,,,,,,,,,,,,,,,,,
2023,12,5,13,0,2.5,79.13,-0.8,,,,,,,,,,,,,,,,,,,,,,,,,,,,,,,,,,,,
2023,12,5,14,0,2.6,77.39,-1,,,,,,,,,,,,,,,,,,,,,,,,,,,,,,,,,,,,
2023,12,5,15,0,3.1,74.92,-0.9,,,,,,,,,,,,,,,,,,,,,,,,,,,,,,,,,,,,
2023,12,5,16,0,5.5,71.52,0.8,,,,,,,,,,,,,,,,,,,,,,,,,,,,,,,,,,,,
2023,12,5,17,0,7.2,65.15,1.1,,,,,,,,,,,,,,,,,,,,,,,,,,,,,,,,,,,,
2023,12,5,18,0,8.7,59.89,1.3,,,,,,,,,,,,,,,,,,,,,,,,,,,,,,,,,,,,
2023,12,5,19,0,10.6,51.6,1,,,,,,,,,,,,,,,,,,,,,,,,,,,,,,,,,,,,
2023,12,5,20,0,11.4,48.48,0.9,,,,,,,,,,,,,,,,,,,,,,,,,,,,,,,,,,,,
2023,12,5,21,0,11.5,49.1,1.2,,,,,,,,,,,,,,,,,,,,,,,,,,,,,,,,,,,,
2023,12,5,22,0,10.6,54.06,1.7,,,,,,,,,,,,,,,,,,,,,,,,,,,,,,,,,,,,
2023,12,5,23,0,9,52.67,-0.2,,,,,,,,,,,,,,,,,,,,,,,,,,,,,,,,,,,,
2023,12,6,0,0,6.9,55.35,-1.4,,,,,,,,,,,,,,,,,,,,,,,,,,,,,,,,,,,,
2023,12,6,1,0,5.7,57.24,-2.1,,,,,,,,,,,,,,,,,,,,,,,,,,,,,,,,,,,,
2023,12,6,2,0,4.7,58.73,-2.7,,,,,,,,,,,,,,,,,,,,,,,,,,,,,,,,,,,,
2023,12,6,3,0,4,59.56,-3.2,,,,,,,,,,,,,,,,,,,,,,,,,,,,,,,,,,,,
2023,12,6,4,0,3.4,60.42,-3.5,,,,,,,,,,,,,,,,,,,,,,,,,,,,,,,,,,,,
2023,12,6,5,0,2.9,61.11,-3.9,,,,,,,,,,,,,,,,,,,,,,,,,,,,,,,,,,,,
2023,12,6,6,0,2.5,61.45,-4.2,,,,,,,,,,,,,,,,,,,,,,,,,,,,,,,,,,,,
2023,12,6,7,0,2.3,61.1,-4.4,,,,,,,,,,,,,,,,,,,,,,,,,,,,,,,,,,,,
2023,12,6,8,0,2.2,60.32,-4.7,,,,,,,,,,,,,,,,,,,,,,,,,,,,,,,,,,,,
2023,12,6,9,0,2.1,59.85,-4.9,,,,,,,,,,,,,,,,,,,,,,,,,,,,,,,,,,,,
2023,12,6,10,0,2.2,58.8,-5,,,,,,,,,,,,,,,,,,,,,,,,,,,,,,,,,,,,
2023,12,6,11,0,2.2,58.24,-5.2,,,,,,,,,,,,,,,,,,,,,,,,,,,,,,,,,,,,
2023,12,6,12,0,2.2,57.56,-5.3,,,,,,,,,,,,,,,,,,,,,,,,,,,,,,,,,,,,
2023,12,6,13,0,2,58.02,-5.4,,,,,,,,,,,,,,,,,,,,,,,,,,,,,,,,,,,,
2023,12,6,14,0,1.8,59.02,-5.4,,,,,,,,,,,,,,,,,,,,,,,,,,,,,,,,,,,,
2023,12,6,15,0,2.8,60.07,-4.2,,,,,,,,,,,,,,,,,,,,,,,,,,,,,,,,,,,,
2023,12,6,16,0,5.9,58.47,-1.6,,,,,,,,,,,,,,,,,,,,,,,,,,,,,,,,,,,,
2023,12,6,17,0,7.7,54.69,-0.9,,,,,,,,,,,,,,,,,,,,,,,,,,,,,,,,,,,,
2023,12,6,18,0,9.2,52.12,-0.1,,,,,,,,,,,,,,,,,,,,,,,,,,,,,,,,,,,,
2023,12,6,19,0,10.8,47.65,0.1,,,,,,,,,,,,,,,,,,,,,,,,,,,,,,,,,,,,
2023,12,6,20,0,11.8,45.56,0.4,,,,,,,,,,,,,,,,,,,,,,,,,,,,,,,,,,,,
2023,12,6,21,0,11.5,51.2,1.8,,,,,,,,,,,,,,,,,,,,,,,,,,,,,,,,,,,,
2023,12,6,22,0,9.4,58.74,1.7,,,,,,,,,,,,,,,,,,,,,,,,,,,,,,,,,,,,
2023,12,6,23,0,6.6,60.55,-0.5,,,,,,,,,,,,,,,,,,,,,,,,,,,,,,,,,,,,
2023,12,7,0,0,4.5,61.08,-2.4,,,,,,,,,,,,,,,,,,,,,,,,,,,,,,,,,,,,
2023,12,7,1,0,4.2,60.52,-2.8,,,,,,,,,,,,,,,,,,,,,,,,,,,,,,,,,,,,
2023,12,7,2,0,4.2,59.63,-3,,,,,,,,,,,,,,,,,,,,,,,,,,,,,,,,,,,,
2023,12,7,3,0,4.6,57.76,-3,,,,,,,,,,,,,,,,,,,,,,,,,,,,,,,,,,,,
2023,12,7,4,0,5.1,56.37,-2.9,,,,,,,,,,,,,,,,,,,,,,,,,,,,,,,,,,,,
2023,12,7,5,0,5.4,55.72,-2.8,,,,,,,,,,,,,,,,,,,,,,,,,,,,,,,,,,,,
2023,12,7,6,0,5.6,55.64,-2.6,,,,,,,,,,,,,,,,,,,,,,,,,,,,,,,,,,,,
2023,12,7,7,0,5.6,56.64,-2.3,,,,,,,,,,,,,,,,,,,,,,,,,,,,,,,,,,,,
2023,12,7,8,0,5.3,59.15,-2,,,,,,,,,,,,,,,,,,,,,,,,,,,,,,,,,,,,
2023,12,7,9,0,4.6,62.88,-1.9,,,,,,,,,,,,,,,,,,,,,,,,,,,,,,,,,,,,
2023,12,7,10,0,3.9,65.62,-2,,,,,,,,,,,,,,,,,,,,,,,,,,,,,,,,,,,,
2023,12,7,11,0,3.3,68.2,-2,,,,,,,,,,,,,,,,,,,,,,,,,,,,,,,,,,,,
2023,12,7,12,0,3.1,69.05,-2,,,,,,,,,,,,,,,,,,,,,,,,,,,,,,,,,,,,
2023,12,7,13,0,2.2,72.4,-2.3,,,,,,,,,,,,,,,,,,,,,,,,,,,,,,,,,,,,
2023,12,7,14,0,1.7,73.75,-2.5,,,,,,,,,,,,,,,,,,,,,,,,,,,,,,,,,,,,
2023,12,7,15,0,2.8,72.53,-1.7,,,,,,,,,,,,,,,,,,,,,,,,,,,,,,,,,,,,
2023,12,7,16,0,4.9,68.24,-0.5,,,,,,,,,,,,,,,,,,,,,,,,,,,,,,,,,,,,
2023,12,7,17,0,5.7,65.11,-0.3,,,,,,,,,,,,,,,,,,,,,,,,,,,,,,,,,,,,
2023,12,7,18,0,6.2,58.86,-1.3,,,,,,,,,,,,,,,,,,,,,,,,,,,,,,,,,,,,
2023,12,7,19,0,6.5,53.55,-2.3,,,,,,,,,,,,,,,,,,,,,,,,,,,,,,,,,,,,
2023,12,7,20,0,6.5,50.79,-3,,,,,,,,,,,,,,,,,,,,,,,,,,,,,,,,,,,,
2023,12,7,21,0,6.3,49.97,-3.4,,,,,,,,,,,,,,,,,,,,,,,,,,,,,,,,,,,,
2023,12,7,22,0,5.8,52.44,-3.2,,,,,,,,,,,,,,,,,,,,,,,,,,,,,,,,,,,,
2023,12,7,23,0,4.2,57.31,-3.5,,,,,,,,,,,,,,,,,,,,,,,,,,,,,,,,,,,,
2023,12,8,0,0,4,51.3,-5.2,,,,,,,,,,,,,,,,,,,,,,,,,,,,,,,,,,,,
2023,12,8,1,0,3.6,53.24,-5,,,,,,,,,,,,,,,,,,,,,,,,,,,,,,,,,,,,
2023,12,8,2,0,2.7,58.62,-4.6,,,,,,,,,,,,,,,,,,,,,,,,,,,,,,,,,,,,
2023,12,8,3,0,1.7,61.73,-4.9,,,,,,,,,,,,,,,,,,,,,,,,,,,,,,,,,,,,
2023,12,8,4,0,0.9,63.9,-5.2,,,,,,,,,,,,,,,,,,,,,,,,,,,,,,,,,,,,
2023,12,8,5,0,0.6,65.39,-5.1,,,,,,,,,,,,,,,,,,,,,,,,,,,,,,,,,,,,
2023,12,8,6,0,1.2,65.66,-4.5,,,,,,,,,,,,,,,,,,,,,,,,,,,,,,,,,,,,
2023,12,8,7,0,1.7,66.97,-3.8,,,,,,,,,,,,,,,,,,,,,,,,,,,,,,,,,,,,
2023,12,8,8,0,1.5,69.8,-3.4,,,,,,,,,,,,,,,,,,,,,,,,,,,,,,,,,,,,
2023,12,8,9,0,1,74.24,-3.1,,,,,,,,,,,,,,,,,,,,,,,,,,,,,,,,,,,,
2023,12,8,10,0,0.9,76.55,-2.8,,,,,,,,,,,,,,,,,,,,,,,,,,,,,,,,,,,,
2023,12,8,11,0,0.9,77.55,-2.6,,,,,,,,,,,,,,,,,,,,,,,,,,,,,,,,,,,,
2023,12,8,12,0,0.7,76.89,-2.9,,,,,,,,,,,,,,,,,,,,,,,,,,,,,,,,,,,,
2023,12,8,13,0,0.2,74.33,-3.8,,,,,,,,,,,,,,,,,,,,,,,,,,,,,,,,,,,,
2023,12,8,14,0,-0.3,71.38,-4.9,,,,,,,,,,,,,,,,,,,,,,,,,,,,,,,,,,,,
2023,12,8,15,0,-0.5,69.13,-5.5,,,,,,,,,,,,,,,,,,,,,,,,,,,,,,,,,,,,
2023,12,8,16,0,0,65.06,-5.8,,,,,,,,,,,,,,,,,,,,,,,,,,,,,,,,,,,,
2023,12,8,17,0,0.4,62.02,-6,,,,,,,,,,,,,,,,,,,,,,,,,,,,,,,,,,,,
2023,12,8,18,0,0.7,59.5,-6.3,,,,,,,,,,,,,,,,,,,,,,,,,,,,,,,,,,,,
2023,12,8,19,0,0.8,57.72,-6.6,,,,,,,,,,,,,,,,,,,,,,,,,,,,,,,,,,,,
2023,12,8,20,0,0.8,56.22,-6.9,,,,,,,,,,,,,,,,,,,,,,,,,,,,,,,,,,,,
2023,12,8,21,0,0.7,55.45,-7.2,,,,,,,,,,,,,,,,,,,,,,,,,,,,,,,,,,,,
2023,12,8,22,0,0.5,55.95,-7.3,,,,,,,,,,,,,,,,,,,,,,,,,,,,,,,,,,,,
2023,12,8,23,0,-0.1,58.69,-7.2,,,,,,,,,,,,,,,,,,,,,,,,,,,,,,,,,,,,
2023,12,9,0,0,-1.1,63.18,-7.2,,,,,,,,,,,,,,,,,,,,,,,,,,,,,,,,,,,,
2023,12,9,1,0,-1.6,66.12,-7.1,,,,,,,,,,,,,,,,,,,,,,,,,,,,,,,,,,,,
2023,12,9,2,0,-1.9,68.1,-7,,,,,,,,,,,,,,,,,,,,,,,,,,,,,,,,,,,,
2023,12,9,3,0,-2.3,70.23,-7,,,,,,,,,,,,,,,,,,,,,,,,,,,,,,,,,,,,
2023,12,9,4,0,-2.7,72.46,-7,,,,,,,,,,,,,,,,,,,,,,,,,,,,,,,,,,,,
2023,12,9,5,0,-3,74.83,-6.8,,,,,,,,,,,,,,,,,,,,,,,,,,,,,,,,,,,,
2023,12,9,6,0,-3.3,77.21,-6.7,,,,,,,,,,,,,,,,,,,,,,,,,,,,,,,,,,,,
2023,12,9,7,0,-3.6,79.16,-6.7,,,,,,,,,,,,,,,,,,,,,,,,,,,,,,,,,,,,
2023,12,9,8,0,-3.9,80.75,-6.7,,,,,,,,,,,,,,,,,,,,,,,,,,,,,,,,,,,,
2023,12,9,9,0,-3.9,80.36,-6.8,,,,,,,,,,,,,,,,,,,,,,,,,,,,,,,,,,,,
2023,12,9,10,0,-4,80.38,-6.9,,,,,,,,,,,,,,,,,,,,,,,,,,,,,,,,,,,,
2023,12,9,11,0,-4.2,80.86,-7,,,,,,,,,,,,,,,,,,,,,,,,,,,,,,,,,,,,
2023,12,9,12,0,-4.3,80.41,-7.2,,,,,,,,,,,,,,,,,,,,,,,,,,,,,,,,,,,,
2023,12,9,13,0,-4.4,79.8,-7.4,,,,,,,,,,,,,,,,,,,,,,,,,,,,,,,,,,,,
2023,12,9,14,0,-4.5,79.24,-7.6,,,,,,,,,,,,,,,,,,,,,,,,,,,,,,,,,,,,
2023,12,9,15,0,-4.1,76.68,-7.6,,,,,,,,,,,,,,,,,,,,,,,,,,,,,,,,,,,,
2023,12,9,16,0,-2.5,69.02,-7.4,,,,,,,,,,,,,,,,,,,,,,,,,,,,,,,,,,,,
2023,12,9,17,0,-0.7,57.96,-8,,,,,,,,,,,,,,,,,,,,,,,,,,,,,,,,,,,,
2023,12,9,18,0,0.5,49.81,-8.8,,,,,,,,,,,,,,,,,,,,,,,,,,,,,,,,,,,,
2023,12,9,19,0,1.2,45.62,-9.3,,,,,,,,,,,,,,,,,,,,,,,,,,,,,,,,,,,,
2023,12,9,20,0,1.6,43.23,-9.6,,,,,,,,,,,,,,,,,,,,,,,,,,,,,,,,,,,,
2023,12,9,21,0,1.7,41.65,-10,,,,,,,,,,,,,,,,,,,,,,,,,,,,,,,,,,,,
2023,12,9,22,0,1.4,41.82,-10.2,,,,,,,,,,,,,,,,,,,,,,,,,,,,,,,,,,,,
2023,12,9,23,0,0.4,43.68,-10.5,,,,,,,,,,,,,,,,,,,,,,,,,,,,,,,,,,,,
2023,12,10,0,0,-0.6,44.35,-11.3,,,,,,,,,,,,,,,,,,,,,,,,,,,,,,,,,,,,
2023,12,10,1,0,-1.6,50.02,-10.7,,,,,,,,,,,,,,,,,,,,,,,,,,,,,,,,,,,,
2023,12,10,2,0,-2.2,51.33,-10.9,,,,,,,,,,,,,,,,,,,,,,,,,,,,,,,,,,,,
2023,12,10,3,0,-2.8,52.75,-11.1,,,,,,,,,,,,,,,,,,,,,,,,,,,,,,,,,,,,
2023,12,10,4,0,-4,56.5,-11.4,,,,,,,,,,,,,,,,,,,,,,,,,,,,,,,,,,,,
2023,12,10,5,0,-4.7,57.81,-11.8,,,,,,,,,,,,,,,,,,,,,,,,,,,,,,,,,,,,
2023,12,10,6,0,-4.8,57.43,-11.9,,,,,,,,,,,,,,,,,,,,,,,,,,,,,,,,,,,,
2023,12,10,7,0,-4.7,56.85,-12,,,,,,,,,,,,,,,,,,,,,,,,,,,,,,,,,,,,
2023,12,10,8,0,-4.5,56.25,-11.9,,,,,,,,,,,,,,,,,,,,,,,,,,,,,,,,,,,,
2023,12,10,9,0,-4.5,56.12,-11.9,,,,,,,,,,,,,,,,,,,,,,,,,,,,,,,,,,,,
2023,12,10,10,0,-4.4,55.45,-12,,,,,,,,,,,,,,,,,,,,,,,,,,,,,,,,,,,,
2023,12,10,11,0,-4.1,55.02,-11.8,,,,,,,,,,,,,,,,,,,,,,,,,,,,,,,,,,,,
2023,12,10,12,0,-4,54.11,-11.9,,,,,,,,,,,,,,,,,,,,,,,,,,,,,,,,,,,,
2023,12,10,13,0,-3.9,52.74,-12.1,,,,,,,,,,,,,,,,,,,,,,,,,,,,,,,,,,,,
2023,12,10,14,0,-3.7,51.36,-12.3,,,,,,,,,,,,,,,,,,,,,,,,,,,,,,,,,,,,
2023,12,10,15,0,-2.4,47.81,-12,,,,,,,,,,,,,,,,,,,,,,,,,,,,,,,,,,,,
2023,12,10,16,0,-0.1,41.17,-11.7,,,,,,,,,,,,,,,,,,,,,,,,,,,,,,,,,,,,
2023,12,10,17,0,2.1,37.18,-11,,,,,,,,,,,,,,,,,,,,,,,,,,,,,,,,,,,,
2023,12,10,18,0,4.1,35.64,-9.8,,,,,,,,,,,,,,,,,,,,,,,,,,,,,,,,,,,,
2023,12,10,19,0,5.5,34.21,-9.1,,,,,,,,,,,,,,,,,,,,,,,,,,,,,,,,,,,,
2023,12,10,20,0,6.2,33.3,-8.8,,,,,,,,,,,,,,,,,,,,,,,,,,,,,,,,,,,,
2023,12,10,21,0,6.3,34.09,-8.4,,,,,,,,,,,,,,,,,,,,,,,,,,,,,,,,,,,,
2023,12,10,22,0,5.2,47.39,-5.1,,,,,,,,,,,,,,,,,,,,,,,,,,,,,,,,,,,,
2023,12,10,23,0,3.4,49.17,-6.3,,,,,,,,,,,,,,,,,,,,,,,,,,,,,,,,,,,,
2023,12,11,0,0,2,48.63,-7.7,,,,,,,,,,,,,,,,,,,,,,,,,,,,,,,,,,,,
2023,12,11,1,0,1.6,49.88,-7.7,,,,,,,,,,,,,,,,,,,,,,,,,,,,,,,,,,,,
2023,12,11,2,0,1.4,49.88,-7.9,,,,,,,,,,,,,,,,,,,,,,,,,,,,,,,,,,,,
2023,12,11,3,0,1.2,49.77,-8.1,,,,,,,,,,,,,,,,,,,,,,,,,,,,,,,,,,,,
2023,12,11,4,0,1.2,48.75,-8.4,,,,,,,,,,,,,,,,,,,,,,,,,,,,,,,,,,,,
2023,12,11,5,0,1.1,47.87,-8.7,,,,,,,,,,,,,,,,,,,,,,,,,,,,,,,,,,,,
2023,12,11,6,0,1,46.75,-9.1,,,,,,,,,,,,,,,,,,,,,,,,,,,,,,,,,,,,
2023,12,11,7,0,0.8,46.4,-9.4,,,,,,,,,,,,,,,,,,,,,,,,,,,,,,,,,,,,
2023,12,11,8,0,0.2,48.28,-9.5,,,,,,,,,,,,,,,,,,,,,,,,,,,,,,,,,,,,
2023,12,11,9,0,0,49.5,-9.3,,,,,,,,,,,,,,,,,,,,,,,,,,,,,,,,,,,,
2023,12,11,10,0,0.1,50.41,-9,,,,,,,,,,,,,,,,,,,,,,,,,,,,,,,,,,,,
2023,12,11,11,0,0.2,50.22,-9,,,,,,,,,,,,,,,,,,,,,,,,,,,,,,,,,,,,
2023,12,11,12,0,0.2,49.65,-9.1,,,,,,,,,,,,,,,,,,,,,,,,,,,,,,,,,,,,
2023,12,11,13,0,0.3,49.67,-9,,,,,,,,,,,,,,,,,,,,,,,,,,,,,,,,,,,,
2023,12,11,14,0,0.1,47.98,-9.6,,,,,,,,,,,,,,,,,,,,,,,,,,,,,,,,,,,,
2023,12,11,15,0,0.4,50.57,-8.7,,,,,,,,,,,,,,,,,,,,,,,,,,,,,,,,,,,,
2023,12,11,16,0,2.6,52.64,-6.1,,,,,,,,,,,,,,,,,,,,,,,,,,,,,,,,,,,,
2023,12,11,17,0,4.7,42.83,-6.9,,,,,,,,,,,,,,,,,,,,,,,,,,,,,,,,,,,,
2023,12,11,18,0,6.8,36.24,-7.2,,,,,,,,,,,,,,,,,,,,,,,,,,,,,,,,,,,,
2023,12,11,19,0,8,33.99,-6.9,,,,,,,,,,,,,,,,,,,,,,,,,,,,,,,,,,,,
2023,12,11,20,0,8.3,33.86,-6.7,,,,,,,,,,,,,,,,,,,,,,,,,,,,,,,,,,,,
2023,12,11,21,0,8.1,35.36,-6.3,,,,,,,,,,,,,,,,,,,,,,,,,,,,,,,,,,,,
2023,12,11,22,0,6.8,46.49,-3.9,,,,,,,,,,,,,,,,,,,,,,,,,,,,,,,,,,,,
2023,12,11,23,0,4.2,51.51,-4.9,,,,,,,,,,,,,,,,,,,,,,,,,,,,,,,,,,,,
2023,12,12,0,0,2.2,52.12,-6.6,,,,,,,,,,,,,,,,,,,,,,,,,,,,,,,,,,,,
2023,12,12,1,0,1.2,56.72,-6.4,,,,,,,,,,,,,,,,,,,,,,,,,,,,,,,,,,,,
2023,12,12,2,0,1,58.57,-6.2,,,,,,,,,,,,,,,,,,,,,,,,,,,,,,,,,,,,
2023,12,12,3,0,1.2,58.7,-6,,,,,,,,,,,,,,,,,,,,,,,,,,,,,,,,,,,,
2023,12,12,4,0,1.4,58.59,-5.8,,,,,,,,,,,,,,,,,,,,,,,,,,,,,,,,,,,,
2023,12,12,5,0,1.6,58.96,-5.6,,,,,,,,,,,,,,,,,,,,,,,,,,,,,,,,,,,,
2023,12,12,6,0,1.5,59.95,-5.4,,,,,,,,,,,,,,,,,,,,,,,,,,,,,,,,,,,,
2023,12,12,7,0,1.4,60.83,-5.3,,,,,,,,,,,,,,,,,,,,,,,,,,,,,,,,,,,,
2023,12,12,8,0,1.2,62.13,-5.3,,,,,,,,,,,,,,,,,,,,,,,,,,,,,,,,,,,,
2023,12,12,9,0,1.2,62.03,-5.3,,,,,,,,,,,,,,,,,,,,,,,,,,,,,,,,,,,,
2023,12,12,10,0,1.1,62.37,-5.3,,,,,,,,,,,,,,,,,,,,,,,,,,,,,,,,,,,,
2023,12,12,11,0,1.1,62.4,-5.3,,,,,,,,,,,,,,,,,,,,,,,,,,,,,,,,,,,,
2023,12,12,12,0,1,62.46,-5.4,,,,,,,,,,,,,,,,,,,,,,,,,,,,,,,,,,,,
2023,12,12,13,0,0.9,62.13,-5.5,,,,,,,,,,,,,,,,,,,,,,,,,,,,,,,,,,,,
2023,12,12,14,0,0.8,62,-5.7,,,,,,,,,,,,,,,,,,,,,,,,,,,,,,,,,,,,
2023,12,12,15,0,0.9,62.31,-5.5,,,,,,,,,,,,,,,,,,,,,,,,,,,,,,,,,,,,
2023,12,12,16,0,1.6,60.98,-5.1,,,,,,,,,,,,,,,,,,,,,,,,,,,,,,,,,,,,
2023,12,12,17,0,2.8,54.12,-5.6,,,,,,,,,,,,,,,,,,,,,,,,,,,,,,,,,,,,
2023,12,12,18,0,3.9,49.55,-5.7,,,,,,,,,,,,,,,,,,,,,,,,,,,,,,,,,,,,
2023,12,12,19,0,4.4,48.69,-5.5,,,,,,,,,,,,,,,,,,,,,,,,,,,,,,,,,,,,
2023,12,12,20,0,4.6,49.58,-5.1,,,,,,,,,,,,,,,,,,,,,,,,,,,,,,,,,,,,
2023,12,12,21,0,4.6,51.7,-4.5,,,,,,,,,,,,,,,,,,,,,,,,,,,,,,,,,,,,
2023,12,12,22,0,4,59.28,-3.2,,,,,,,,,,,,,,,,,,,,,,,,,,,,,,,,,,,,
2023,12,12,23,0,2.4,67.54,-3,,,,,,,,,,,,,,,,,,,,,,,,,,,,,,,,,,,,
2023,12,13,0,0,1.3,70.84,-3.4,,,,,,,,,,,,,,,,,,,,,,,,,,,,,,,,,,,,
2023,12,13,1,0,1.2,71.99,-3.3,,,,,,,,,,,,,,,,,,,,,,,,,,,,,,,,,,,,
2023,12,13,2,0,1.3,72.11,-3.2,,,,,,,,,,,,,,,,,,,,,,,,,,,,,,,,,,,,
2023,12,13,3,0,1.6,70.36,-3.2,,,,,,,,,,,,,,,,,,,,,,,,,,,,,,,,,,,,
2023,12,13,4,0,1.7,69.5,-3.3,,,,,,,,,,,,,,,,,,,,,,,,,,,,,,,,,,,,
2023,12,13,5,0,1.6,69.01,-3.5,,,,,,,,,,,,,,,,,,,,,,,,,,,,,,,,,,,,
2023,12,13,6,0,1.3,69.19,-3.7,,,,,,,,,,,,,,,,,,,,,,,,,,,,,,,,,,,,
2023,12,13,7,0,1,69.52,-4,,,,,,,,,,,,,,,,,,,,,,,,,,,,,,,,,,,,
2023,12,13,8,0,0.5,71.12,-4.1,,,,,,,,,,,,,,,,,,,,,,,,,,,,,,,,,,,,
2023,12,13,9,0,0,72.33,-4.4,,,,,,,,,,,,,,,,,,,,,,,,,,,,,,,,,,,,
2023,12,13,10,0,-0.5,73.18,-4.7,,,,,,,,,,,,,,,,,,,,,,,,,,,,,,,,,,,,
2023,12,13,11,0,-0.9,73.52,-5,,,,,,,,,,,,,,,,,,,,,,,,,,,,,,,,,,,,
2023,12,13,12,0,-1.2,73.38,-5.4,,,,,,,,,,,,,,,,,,,,,,,,,,,,,,,,,,,,
2023,12,13,13,0,-1.6,73.94,-5.6,,,,,,,,,,,,,,,,,,,,,,,,,,,,,,,,,,,,
2023,12,13,14,0,-1.9,74.2,-5.9,,,,,,,,,,,,,,,,,,,,,,,,,,,,,,,,,,,,
2023,12,13,15,0,-1.3,72.2,-5.7,,,,,,,,,,,,,,,,,,,,,,,,,,,,,,,,,,,,
2023,12,13,16,0,1.3,65.18,-4.5,,,,,,,,,,,,,,,,,,,,,,,,,,,,,,,,,,,,
2023,12,13,17,0,3.6,58.31,-3.8,,,,,,,,,,,,,,,,,,,,,,,,,,,,,,,,,,,,
2023,12,13,18,0,6.5,49.65,-3.3,,,,,,,,,,,,,,,,,,,,,,,,,,,,,,,,,,,,
2023,12,13,19,0,8.5,43.78,-3.1,,,,,,,,,,,,,,,,,,,,,,,,,,,,,,,,,,,,
2023,12,13,20,0,8.8,44.03,-2.8,,,,,,,,,,,,,,,,,,,,,,,,,,,,,,,,,,,,
2023,12,13,21,0,8.3,46.96,-2.4,,,,,,,,,,,,,,,,,,,,,,,,,,,,,,,,,,,,
2023,12,13,22,0,6.6,56.78,-1.4,,,,,,,,,,,,,,,,,,,,,,,,,,,,,,,,,,,,
2023,12,13,23,0,3.4,67.21,-2.1,,,,,,,,,,,,,,,,,,,,,,,,,,,,,,,,,,,,
2023,12,14,0,0,2.1,67.83,-3.2,,,,,,,,,,,,,,,,,,,,,,,,,,,,,,,,,,,,
2023,12,14,1,0,2.1,67.71,-3.3,,,,,,,,,,,,,,,,,,,,,,,,,,,,,,,,,,,,
2023,12,14,2,0,1.9,68.47,-3.3,,,,,,,,,,,,,,,,,,,,,,,,,,,,,,,,,,,,
2023,12,14,3,0,2.2,66.86,-3.3,,,,,,,,,,,,,,,,,,,,,,,,,,,,,,,,,,,,
2023,12,14,4,0,2.4,65.58,-3.4,,,,,,,,,,,,,,,,,,,,,,,,,,,,,,,,,,,,
2023,12,14,5,0,2.5,64.68,-3.5,,,,,,,,,,,,,,,,,,,,,,,,,,,,,,,,,,,,
2023,12,14,6,0,2.4,64.98,-3.5,,,,,,,,,,,,,,,,,,,,,,,,,,,,,,,,,,,,
2023,12,14,7,0,2.2,65.73,-3.6,,,,,,,,,,,,,,,,,,,,,,,,,,,,,,,,,,,,
2023,12,14,8,0,2,66.53,-3.6,,,,,,,,,,,,,,,,,,,,,,,,,,,,,,,,,,,,
2023,12,14,9,0,1.7,67.69,-3.6,,,,,,,,,,,,,,,,,,,,,,,,,,,,,,,,,,,,
2023,12,14,10,0,1.5,68.02,-3.8,,,,,,,,,,,,,,,,,,,,,,,,,,,,,,,,,,,,
2023,12,14,11,0,1.3,68.13,-3.9,,,,,,,,,,,,,,,,,,,,,,,,,,,,,,,,,,,,
2023,12,14,12,0,1.1,68.49,-4.1,,,,,,,,,,,,,,,,,,,,,,,,,,,,,,,,,,,,
2023,12,14,13,0,0.8,69.46,-4.2,,,,,,,,,,,,,,,,,,,,,,,,,,,,,,,,,,,,
2023,12,14,14,0,0.8,69.02,-4.2,,,,,,,,,,,,,,,,,,,,,,,,,,,,,,,,,,,,
2023,12,14,15,0,1.1,67.91,-4.2,,,,,,,,,,,,,,,,,,,,,,,,,,,,,,,,,,,,
2023,12,14,16,0,2.1,66.78,-3.4,,,,,,,,,,,,,,,,,,,,,,,,,,,,,,,,,,,,
2023,12,14,17,0,4.1,58.37,-3.3,,,,,,,,,,,,,,,,,,,,,,,,,,,,,,,,,,,,
2023,12,14,18,0,5.6,53.39,-3.1,,,,,,,,,,,,,,,,,,,,,,,,,,,,,,,,,,,,
2023,12,14,19,0,6.3,51.97,-2.9,,,,,,,,,,,,,,,,,,,,,,,,,,,,,,,,,,,,
2023,12,14,20,0,6.6,51.34,-2.7,,,,,,,,,,,,,,,,,,,,,,,,,,,,,,,,,,,,
2023,12,14,21,0,6.6,51.56,-2.7,,,,,,,,,,,,,,,,,,,,,,,,,,,,,,,,,,,,
2023,12,14,22,0,5.9,56.8,-2,,,,,,,,,,,,,,,,,,,,,,,,,,,,,,,,,,,,
2023,12,14,23,0,3.6,65,-2.4,,,,,,,,,,,,,,,,,,,,,,,,,,,,,,,,,,,,
2023,12,15,0,0,2.6,64.96,-3.3,,,,,,,,,,,,,,,,,,,,,,,,,,,,,,,,,,,,
2023,12,15,1,0,2.5,65.1,-3.4,,,,,,,,,,,,,,,,,,,,,,,,,,,,,,,,,,,,
2023,12,15,2,0,2.2,66.32,-3.4,,,,,,,,,,,,,,,,,,,,,,,,,,,,,,,,,,,,
2023,12,15,3,0,1.9,67.53,-3.5,,,,,,,,,,,,,,,,,,,,,,,,,,,,,,,,,,,,
2023,12,15,4,0,1.8,67.8,-3.5,,,,,,,,,,,,,,,,,,,,,,,,,,,,,,,,,,,,
2023,12,15,5,0,2,66.35,-3.6,,,,,,,,,,,,,,,,,,,,,,,,,,,,,,,,,,,,
2023,12,15,6,0,2,65.82,-3.7,,,,,,,,,,,,,,,,,,,,,,,,,,,,,,,,,,,,
2023,12,15,7,0,2.2,64.25,-3.9,,,,,,,,,,,,,,,,,,,,,,,,,,,,,,,,,,,,
2023,12,15,8,0,2.4,62.69,-4,,,,,,,,,,,,,,,,,,,,,,,,,,,,,,,,,,,,
2023,12,15,9,0,2.1,63.74,-4.1,,,,,,,,,,,,,,,,,,,,,,,,,,,,,,,,,,,,
2023,12,15,10,0,1.7,65.19,-4.1,,,,,,,,,,,,,,,,,,,,,,,,,,,,,,,,,,,,
2023,12,15,11,0,1.4,66.19,-4.2,,,,,,,,,,,,,,,,,,,,,,,,,,,,,,,,,,,,
2023,12,15,12,0,1.1,67.3,-4.3,,,,,,,,,,,,,,,,,,,,,,,,,,,,,,,,,,,,
2023,12,15,13,0,0.9,67.86,-4.4,,,,,,,,,,,,,,,,,,,,,,,,,,,,,,,,,,,,
2023,12,15,14,0,0.7,68.11,-4.5,,,,,,,,,,,,,,,,,,,,,,,,,,,,,,,,,,,,
2023,12,15,15,0,0.7,67.81,-4.6,,,,,,,,,,,,,,,,,,,,,,,,,,,,,,,,,,,,
2023,12,15,16,0,1.9,67.17,-3.5,,,,,,,,,,,,,,,,,,,,,,,,,,,,,,,,,,,,
2023,12,15,17,0,4.1,57.24,-3.6,,,,,,,,,,,,,,,,,,,,,,,,,,,,,,,,,,,,
2023,12,15,18,0,6.5,46.78,-4.1,,,,,,,,,,,,,,,,,,,,,,,,,,,,,,,,,,,,
2023,12,15,19,0,7.6,41.59,-4.6,,,,,,,,,,,,,,,,,,,,,,,,,,,,,,,,,,,,
2023,12,15,20,0,8.1,39.16,-5,,,,,,,,,,,,,,,,,,,,,,,,,,,,,,,,,,,,
2023,12,15,21,0,7.9,40.16,-4.8,,,,,,,,,,,,,,,,,,,,,,,,,,,,,,,,,,,,
2023,12,15,22,0,6.7,51.89,-2.5,,,,,,,,,,,,,,,,,,,,,,,,,,,,,,,,,,,,
2023,12,15,23,0,4.5,54.81,-3.8,,,,,,,,,,,,,,,,,,,,,,,,,,,,,,,,,,,,
2023,12,16,0,0,3.3,55.07,-4.9,,,,,,,,,,,,,,,,,,,,,,,,,,,,,,,,,,,,
2023,12,16,1,0,3,55.91,-5,,,,,,,,,,,,,,,,,,,,,,,,,,,,,,,,,,,,
2023,12,16,2,0,2.8,55.66,-5.2,,,,,,,,,,,,,,,,,,,,,,,,,,,,,,,,,,,,
2023,12,16,3,0,2.8,54.22,-5.5,,,,,,,,,,,,,,,,,,,,,,,,,,,,,,,,,,,,
2023,12,16,4,0,2.8,52.56,-6,,,,,,,,,,,,,,,,,,,,,,,,,,,,,,,,,,,,
2023,12,16,5,0,2.5,52.39,-6.3,,,,,,,,,,,,,,,,,,,,,,,,,,,,,,,,,,,,
2023,12,16,6,0,2.3,51.8,-6.6,,,,,,,,,,,,,,,,,,,,,,,,,,,,,,,,,,,,
2023,12,16,7,0,2.1,50.88,-7,,,,,,,,,,,,,,,,,,,,,,,,,,,,,,,,,,,,
2023,12,16,8,0,2,49.19,-7.6,,,,,,,,,,,,,,,,,,,,,,,,,,,,,,,,,,,,
2023,12,16,9,0,1.8,47.49,-8.2,,,,,,,,,,,,,,,,,,,,,,,,,,,,,,,,,,,,
2023,12,16,10,0,1.7,45.73,-8.8,,,,,,,,,,,,,,,,,,,,,,,,,,,,,,,,,,,,
2023,12,16,11,0,1.6,44.53,-9.2,,,,,,,,,,,,,,,,,,,,,,,,,,,,,,,,,,,,
2023,12,16,12,0,1.5,43.73,-9.5,,,,,,,,,,,,,,,,,,,,,,,,,,,,,,,,,,,,
2023,12,16,13,0,1.4,43.24,-9.8,,,,,,,,,,,,,,,,,,,,,,,,,,,,,,,,,,,,
2023,12,16,14,0,1.2,43.49,-9.9,,,,,,,,,,,,,,,,,,,,,,,,,,,,,,,,,,,,
2023,12,16,15,0,1.4,44.59,-9.4,,,,,,,,,,,,,,,,,,,,,,,,,,,,,,,,,,,,
2023,12,16,16,0,3.2,51.72,-5.8,,,,,,,,,,,,,,,,,,,,,,,,,,,,,,,,,,,,
2023,12,16,17,0,5.6,38.88,-7.3,,,,,,,,,,,,,,,,,,,,,,,,,,,,,,,,,,,,
2023,12,16,18,0,7.3,33.45,-7.8,,,,,,,,,,,,,,,,,,,,,,,,,,,,,,,,,,,,
2023,12,16,19,0,8.4,31.32,-7.6,,,,,,,,,,,,,,,,,,,,,,,,,,,,,,,,,,,,
2023,12,16,20,0,8.9,30.35,-7.6,,,,,,,,,,,,,,,,,,,,,,,,,,,,,,,,,,,,
2023,12,16,21,0,8.7,32.05,-7.1,,,,,,,,,,,,,,,,,,,,,,,,,,,,,,,,,,,,
2023,12,16,22,0,7.5,42.63,-4.4,,,,,,,,,,,,,,,,,,,,,,,,,,,,,,,,,,,,
2023,12,16,23,0,6.1,38.95,-6.9,,,,,,,,,,,,,,,,,,,,,,,,,,,,,,,,,,,,
2023,12,17,0,0,4.8,40.52,-7.5,,,,,,,,,,,,,,,,,,,,,,,,,,,,,,,,,,,,
2023,12,17,1,0,3.8,44.75,-7.1,,,,,,,,,,,,,,,,,,,,,,,,,,,,,,,,,,,,
2023,12,17,2,0,3,48.71,-6.8,,,,,,,,,,,,,,,,,,,,,,,,,,,,,,,,,,,,
2023,12,17,3,0,2.7,49.37,-6.9,,,,,,,,,,,,,,,,,,,,,,,,,,,,,,,,,,,,
2023,12,17,4,0,2.8,47.51,-7.3,,,,,,,,,,,,,,,,,,,,,,,,,,,,,,,,,,,,
2023,12,17,5,0,3,45.28,-7.7,,,,,,,,,,,,,,,,,,,,,,,,,,,,,,,,,,,,
2023,12,17,6,0,3.1,43.6,-8.1,,,,,,,,,,,,,,,,,,,,,,,,,,,,,,,,,,,,
2023,12,17,7,0,3.2,42.21,-8.4,,,,,,,,,,,,,,,,,,,,,,,,,,,,,,,,,,,,
2023,12,17,8,0,2.9,42.3,-8.7,,,,,,,,,,,,,,,,,,,,,,,,,,,,,,,,,,,,
2023,12,17,9,0,2.4,42.91,-8.9,,,,,,,,,,,,,,,,,,,,,,,,,,,,,,,,,,,,
2023,12,17,10,0,2.1,42.35,-9.4,,,,,,,,,,,,,,,,,,,,,,,,,,,,,,,,,,,,
2023,12,17,11,0,2,41.54,-9.7,,,,,,,,,,,,,,,,,,,,,,,,,,,,,,,,,,,,
2023,12,17,12,0,1.7,42.08,-9.8,,,,,,,,,,,,,,,,,,,,,,,,,,,,,,,,,,,,
2023,12,17,13,0,1.1,43.36,-10,,,,,,,,,,,,,,,,,,,,,,,,,,,,,,,,,,,,
2023,12,17,14,0,0.7,44.24,-10.1,,,,,,,,,,,,,,,,,,,,,,,,,,,,,,,,,,,,
2023,12,17,15,0,0.9,44.75,-9.8,,,,,,,,,,,,,,,,,,,,,,,,,,,,,,,,,,,,
2023,12,17,16,0,2.2,52.13,-6.6,,,,,,,,,,,,,,,,,,,,,,,,,,,,,,,,,,,,
2023,12,17,17,0,4.4,39.87,-8.1,,,,,,,,,,,,,,,,,,,,,,,,,,,,,,,,,,,,
2023,12,17,18,0,6.8,34.95,-7.6,,,,,,,,,,,,,,,,,,,,,,,,,,,,,,,,,,,,
2023,12,17,19,0,8.7,29.85,-8,,,,,,,,,,,,,,,,,,,,,,,,,,,,,,,,,,,,
2023,12,17,20,0,9.1,30.48,-7.4,,,,,,,,,,,,,,,,,,,,,,,,,,,,,,,,,,,,
2023,12,17,21,0,8.2,35.02,-6.4,,,,,,,,,,,,,,,,,,,,,,,,,,,,,,,,,,,,
2023,12,17,22,0,6.4,50.26,-3.2,,,,,,,,,,,,,,,,,,,,,,,,,,,,,,,,,,,,
2023,12,17,23,0,4.2,51.53,-4.9,,,,,,,,,,,,,,,,,,,,,,,,,,,,,,,,,,,,
2023,12,18,0,0,3.1,50.3,-6.3,,,,,,,,,,,,,,,,,,,,,,,,,,,,,,,,,,,,
2023,12,18,1,0,2.5,52.73,-6.2,,,,,,,,,,,,,,,,,,,,,,,,,,,,,,,,,,,,
2023,12,18,2,0,2.4,52.61,-6.3,,,,,,,,,,,,,,,,,,,,,,,,,,,,,,,,,,,,
2023,12,18,3,0,2.2,52.45,-6.5,,,,,,,,,,,,,,,,,,,,,,,,,,,,,,,,,,,,
2023,12,18,4,0,2.2,51.34,-6.8,,,,,,,,,,,,,,,,,,,,,,,,,,,,,,,,,,,,
2023,12,18,5,0,2,51.8,-6.9,,,,,,,,,,,,,,,,,,,,,,,,,,,,,,,,,,,,
2023,12,18,6,0,1.9,52.2,-6.9,,,,,,,,,,,,,,,,,,,,,,,,,,,,,,,,,,,,
2023,12,18,7,0,1.8,51.62,-7.1,,,,,,,,,,,,,,,,,,,,,,,,,,,,,,,,,,,,
2023,12,18,8,0,1.7,51.1,-7.3,,,,,,,,,,,,,,,,,,,,,,,,,,,,,,,,,,,,
2023,12,18,9,0,1.7,51.37,-7.3,,,,,,,,,,,,,,,,,,,,,,,,,,,,,,,,,,,,
2023,12,18,10,0,1.9,51.01,-7.2,,,,,,,,,,,,,,,,,,,,,,,,,,,,,,,,,,,,
2023,12,18,11,0,2,50.36,-7.3,,,,,,,,,,,,,,,,,,,,,,,,,,,,,,,,,,,,
2023,12,18,12,0,1.9,49.96,-7.4,,,,,,,,,,,,,,,,,,,,,,,,,,,,,,,,,,,,
2023,12,18,13,0,1.5,50.5,-7.7,,,,,,,,,,,,,,,,,,,,,,,,,,,,,,,,,,,,
2023,12,18,14,0,1.3,50.86,-7.8,,,,,,,,,,,,,,,,,,,,,,,,,,,,,,,,,,,,
2023,12,18,15,0,1.6,51.34,-7.4,,,,,,,,,,,,,,,,,,,,,,,,,,,,,,,,,,,,
2023,12,18,16,0,3.2,49.14,-6.5,,,,,,,,,,,,,,,,,,,,,,,,,,,,,,,,,,,,
2023,12,18,17,0,5.2,45.22,-5.7,,,,,,,,,,,,,,,,,,,,,,,,,,,,,,,,,,,,
2023,12,18,18,0,7.2,39.57,-5.7,,,,,,,,,,,,,,,,,,,,,,,,,,,,,,,,,,,,
2023,12,18,19,0,8.6,38.87,-4.6,,,,,,,,,,,,,,,,,,,,,,,,,,,,,,,,,,,,
2023,12,18,20,0,9.7,38.54,-3.8,,,,,,,,,,,,,,,,,,,,,,,,,,,,,,,,,,,,
2023,12,18,21,0,9.6,44.9,-1.8,,,,,,,,,,,,,,,,,,,,,,,,,,,,,,,,,,,,
2023,12,18,22,0,7.4,53.32,-1.5,,,,,,,,,,,,,,,,,,,,,,,,,,,,,,,,,,,,
2023,12,18,23,0,5.2,53.98,-3.4,,,,,,,,,,,,,,,,,,,,,,,,,,,,,,,,,,,,
2023,12,19,0,0,4.2,53.44,-4.4,,,,,,,,,,,,,,,,,,,,,,,,,,,,,,,,,,,,
2023,12,19,1,0,3.7,54.07,-4.7,,,,,,,,,,,,,,,,,,,,,,,,,,,,,,,,,,,,
2023,12,19,2,0,3,55.7,-5,,,,,,,,,,,,,,,,,,,,,,,,,,,,,,,,,,,,
2023,12,19,3,0,2.7,55.22,-5.4,,,,,,,,,,,,,,,,,,,,,,,,,,,,,,,,,,,,
2023,12,19,4,0,2.5,54.07,-5.9,,,,,,,,,,,,,,,,,,,,,,,,,,,,,,,,,,,,
2023,12,19,5,0,2.3,53.99,-6.1,,,,,,,,,,,,,,,,,,,,,,,,,,,,,,,,,,,,
2023,12,19,6,0,2.3,53.76,-6.1,,,,,,,,,,,,,,,,,,,,,,,,,,,,,,,,,,,,
2023,12,19,7,0,2.4,53.79,-6,,,,,,,,,,,,,,,,,,,,,,,,,,,,,,,,,,,,
2023,12,19,8,0,2.4,53.35,-6.1,,,,,,,,,,,,,,,,,,,,,,,,,,,,,,,,,,,,
2023,12,19,9,0,2.4,52.99,-6.2,,,,,,,,,,,,,,,,,,,,,,,,,,,,,,,,,,,,
2023,12,19,10,0,2.5,52.5,-6.2,,,,,,,,,,,,,,,,,,,,,,,,,,,,,,,,,,,,
2023,12,19,11,0,2.6,52.04,-6.3,,,,,,,,,,,,,,,,,,,,,,,,,,,,,,,,,,,,
2023,12,19,12,0,2.5,51.7,-6.4,,,,,,,,,,,,,,,,,,,,,,,,,,,,,,,,,,,,
2023,12,19,13,0,2.4,51.54,-6.6,,,,,,,,,,,,,,,,,,,,,,,,,,,,,,,,,,,,
2023,12,19,14,0,2.4,51.14,-6.7,,,,,,,,,,,,,,,,,,,,,,,,,,,,,,,,,,,,
2023,12,19,15,0,3.4,50.07,-6,,,,,,,,,,,,,,,,,,,,,,,,,,,,,,,,,,,,
2023,12,19,16,0,6.5,43.84,-4.9,,,,,,,,,,,,,,,,,,,,,,,,,,,,,,,,,,,,
2023,12,19,17,0,8.8,37.02,-5.1,,,,,,,,,,,,,,,,,,,,,,,,,,,,,,,,,,,,
2023,12,19,18,0,10.6,33.8,-4.7,,,,,,,,,,,,,,,,,,,,,,,,,,,,,,,,,,,,
2023,12,19,19,0,11.8,34.04,-3.6,,,,,,,,,,,,,,,,,,,,,,,,,,,,,,,,,,,,
2023,12,19,20,0,12.2,36.34,-2.3,,,,,,,,,,,,,,,,,,,,,,,,,,,,,,,,,,,,
2023,12,19,21,0,11.7,42.63,-0.6,,,,,,,,,,,,,,,,,,,,,,,,,,,,,,,,,,,,
2023,12,19,22,0,9.4,52.86,0.3,,,,,,,,,,,,,,,,,,,,,,,,,,,,,,,,,,,,
2023,12,19,23,0,7.9,50.99,-1.6,,,,,,,,,,,,,,,,,,,,,,,,,,,,,,,,,,,,
2023,12,20,0,0,7,53.84,-1.7,,,,,,,,,,,,,,,,,,,,,,,,,,,,,,,,,,,,
2023,12,20,1,0,6.4,59.02,-1,,,,,,,,,,,,,,,,,,,,,,,,,,,,,,,,,,,,
2023,12,20,2,0,5.2,65.97,-0.6,,,,,,,,,,,,,,,,,,,,,,,,,,,,,,,,,,,,
2023,12,20,3,0,4.1,70.19,-0.8,,,,,,,,,,,,,,,,,,,,,,,,,,,,,,,,,,,,
2023,12,20,4,0,3.7,69.09,-1.4,,,,,,,,,,,,,,,,,,,,,,,,,,,,,,,,,,,,
2023,12,20,5,0,3.2,67.12,-2.3,,,,,,,,,,,,,,,,,,,,,,,,,,,,,,,,,,,,
2023,12,20,6,0,2.8,64.41,-3.3,,,,,,,,,,,,,,,,,,,,,,,,,,,,,,,,,,,,
2023,12,20,7,0,2.6,62.47,-3.9,,,,,,,,,,,,,,,,,,,,,,,,,,,,,,,,,,,,
2023,12,20,8,0,2.6,60.74,-4.2,,,,,,,,,,,,,,,,,,,,,,,,,,,,,,,,,,,,
2023,12,20,9,0,3.2,58.85,-4.1,,,,,,,,,,,,,,,,,,,,,,,,,,,,,,,,,,,,
2023,12,20,10,0,3.7,59.04,-3.6,,,,,,,,,,,,,,,,,,,,,,,,,,,,,,,,,,,,
2023,12,20,11,0,4,60.28,-3,,,,,,,,,,,,,,,,,,,,,,,,,,,,,,,,,,,,
2023,12,20,12,0,4.3,60.74,-2.6,,,,,,,,,,,,,,,,,,,,,,,,,,,,,,,,,,,,
2023,12,20,13,0,4.3,60.87,-2.6,,,,,,,,,,,,,,,,,,,,,,,,,,,,,,,,,,,,
2023,12,20,14,0,4.3,60.9,-2.6,,,,,,,,,,,,,,,,,,,,,,,,,,,,,,,,,,,,
2023,12,20,15,0,4.8,61.33,-2,,,,,,,,,,,,,,,,,,,,,,,,,,,,,,,,,,,,
2023,12,20,16,0,7.3,57.32,-0.6,,,,,,,,,,,,,,,,,,,,,,,,,,,,,,,,,,,,
2023,12,20,17,0,9.3,48.03,-1.1,,,,,,,,,,,,,,,,,,,,,,,,,,,,,,,,,,,,
2023,12,20,18,0,11,45.3,-0.4,,,,,,,,,,,,,,,,,,,,,,,,,,,,,,,,,,,,
2023,12,20,19,0,12,46.13,0.8,,,,,,,,,,,,,,,,,,,,,,,,,,,,,,,,,,,,
2023,12,20,20,0,12.3,47.66,1.5,,,,,,,,,,,,,,,,,,,,,,,,,,,,,,,,,,,,
2023,12,20,21,0,12,50.45,2,,,,,,,,,,,,,,,,,,,,,,,,,,,,,,,,,,,,
2023,12,20,22,0,10.7,58.95,3,,,,,,,,,,,,,,,,,,,,,,,,,,,,,,,,,,,,
2023,12,20,23,0,9.3,56.89,1.2,,,,,,,,,,,,,,,,,,,,,,,,,,,,,,,,,,,,
2023,12,21,0,0,8.1,60.49,0.9,,,,,,,,,,,,,,,,,,,,,,,,,,,,,,,,,,,,
2023,12,21,1,0,7,64.66,0.8,,,,,,,,,,,,,,,,,,,,,,,,,,,,,,,,,,,,
2023,12,21,2,0,5.7,69.44,0.5,,,,,,,,,,,,,,,,,,,,,,,,,,,,,,,,,,,,
2023,12,21,3,0,4.7,72.16,0.1,,,,,,,,,,,,,,,,,,,,,,,,,,,,,,,,,,,,
2023,12,21,4,0,4.1,71.95,-0.5,,,,,,,,,,,,,,,,,,,,,,,,,,,,,,,,,,,,
2023,12,21,5,0,3.6,70.74,-1.2,,,,,,,,,,,,,,,,,,,,,,,,,,,,,,,,,,,,
2023,12,21,6,0,3.2,69.79,-1.8,,,,,,,,,,,,,,,,,,,,,,,,,,,,,,,,,,,,
2023,12,21,7,0,3,68.7,-2.2,,,,,,,,,,,,,,,,,,,,,,,,,,,,,,,,,,,,
2023,12,21,8,0,2.9,68.25,-2.4,,,,,,,,,,,,,,,,,,,,,,,,,,,,,,,,,,,,
2023,12,21,9,0,3.1,68.37,-2.2,,,,,,,,,,,,,,,,,,,,,,,,,,,,,,,,,,,,
2023,12,21,10,0,3.3,69.26,-1.8,,,,,,,,,,,,,,,,,,,,,,,,,,,,,,,,,,,,
2023,12,21,11,0,3.5,69.9,-1.5,,,,,,,,,,,,,,,,,,,,,,,,,,,,,,,,,,,,
2023,12,21,12,0,3.6,71.18,-1.1,,,,,,,,,,,,,,,,,,,,,,,,,,,,,,,,,,,,
2023,12,21,13,0,3.8,71.94,-0.8,,,,,,,,,,,,,,,,,,,,,,,,,,,,,,,,,,,,
2023,12,21,14,0,4,72.49,-0.5,,,,,,,,,,,,,,,,,,,,,,,,,,,,,,,,,,,,
2023,12,21,15,0,4.5,72.2,-0.1,,,,,,,,,,,,,,,,,,,,,,,,,,,,,,,,,,,,
2023,12,21,16,0,6.8,67.81,1.3,,,,,,,,,,,,,,,,,,,,,,,,,,,,,,,,,,,,
2023,12,21,17,0,8.8,58.96,1.2,,,,,,,,,,,,,,,,,,,,,,,,,,,,,,,,,,,,
2023,12,21,18,0,10.9,52.71,1.6,,,,,,,,,,,,,,,,,,,,,,,,,,,,,,,,,,,,
2023,12,21,19,0,12.1,49.25,1.8,,,,,,,,,,,,,,,,,,,,,,,,,,,,,,,,,,,,
2023,12,21,20,0,12.6,47.71,1.8,,,,,,,,,,,,,,,,,,,,,,,,,,,,,,,,,,,,
2023,12,21,21,0,12.5,48.52,1.9,,,,,,,,,,,,,,,,,,,,,,,,,,,,,,,,,,,,
2023,12,21,22,0,11.1,57.39,3,,,,,,,,,,,,,,,,,,,,,,,,,,,,,,,,,,,,
2023,12,21,23,0,9.8,54.98,1.2,,,,,,,,,,,,,,,,,,,,,,,,,,,,,,,,,,,,
2023,12,22,0,0,8.6,58.22,0.8,,,,,,,,,,,,,,,,,,,,,,,,,,,,,,,,,,,,
2023,12,22,1,0,7.2,63.59,0.8,,,,,,,,,,,,,,,,,,,,,,,,,,,,,,,,,,,,
2023,12,22,2,0,5.7,69.81,0.6,,,,,,,,,,,,,,,,,,,,,,,,,,,,,,,,,,,,
2023,12,22,3,0,4.7,74.01,0.5,,,,,,,,,,,,,,,,,,,,,,,,,,,,,,,,,,,,
2023,12,22,4,0,4.1,76.18,0.3,,,,,,,,,,,,,,,,,,,,,,,,,,,,,,,,,,,,
2023,12,22,5,0,3.6,77.95,0.1,,,,,,,,,,,,,,,,,,,,,,,,,,,,,,,,,,,,
2023,12,22,6,0,3.3,78.89,0,,,,,,,,,,,,,,,,,,,,,,,,,,,,,,,,,,,,
2023,12,22,7,0,3,79.95,-0.1,,,,,,,,,,,,,,,,,,,,,,,,,,,,,,,,,,,,
2023,12,22,8,0,2.9,80.15,-0.2,,,,,,,,,,,,,,,,,,,,,,,,,,,,,,,,,,,,
2023,12,22,9,0,2.9,79.88,-0.2,,,,,,,,,,,,,,,,,,,,,,,,,,,,,,,,,,,,
2023,12,22,10,0,3,79.04,-0.3,,,,,,,,,,,,,,,,,,,,,,,,,,,,,,,,,,,,
2023,12,22,11,0,3.1,78.38,-0.3,,,,,,,,,,,,,,,,,,,,,,,,,,,,,,,,,,,,
2023,12,22,12,0,3.2,77.87,-0.3,,,,,,,,,,,,,,,,,,,,,,,,,,,,,,,,,,,,
2023,12,22,13,0,3.1,78.37,-0.3,,,,,,,,,,,,,,,,,,,,,,,,,,,,,,,,,,,,
2023,12,22,14,0,2.9,79.3,-0.3,,,,,,,,,,,,,,,,,,,,,,,,,,,,,,,,,,,,
2023,12,22,15,0,3.5,76.73,-0.2,,,,,,,,,,,,,,,,,,,,,,,,,,,,,,,,,,,,
2023,12,22,16,0,6.2,67.3,0.6,,,,,,,,,,,,,,,,,,,,,,,,,,,,,,,,,,,,
2023,12,22,17,0,8.3,59.03,0.8,,,,,,,,,,,,,,,,,,,,,,,,,,,,,,,,,,,,
2023,12,22,18,0,9.9,55.18,1.3,,,,,,,,,,,,,,,,,,,,,,,,,,,,,,,,,,,,
2023,12,22,19,0,11,52.36,1.6,,,,,,,,,,,,,,,,,,,,,,,,,,,,,,,,,,,,
2023,12,22,20,0,11.4,51.81,1.8,,,,,,,,,,,,,,,,,,,,,,,,,,,,,,,,,,,,
2023,12,22,21,0,11.1,53.8,2.1,,,,,,,,,,,,,,,,,,,,,,,,,,,,,,,,,,,,
2023,12,22,22,0,9.5,63.25,2.9,,,,,,,,,,,,,,,,,,,,,,,,,,,,,,,,,,,,
2023,12,22,23,0,8.2,63.39,1.7,,,,,,,,,,,,,,,,,,,,,,,,,,,,,,,,,,,,
2023,12,23,0,0,7.5,64.71,1.3,,,,,,,,,,,,,,,,,,,,,,,,,,,,,,,,,,,,
2023,12,23,1,0,6.5,68.55,1.1,,,,,,,,,,,,,,,,,,,,,,,,,,,,,,,,,,,,
2023,12,23,2,0,5.4,73.05,1,,,,,,,,,,,,,,,,,,,,,,,,,,,,,,,,,,,,
2023,12,23,3,0,4.9,74.42,0.7,,,,,,,,,,,,,,,,,,,,,,,,,,,,,,,,,,,,
2023,12,23,4,0,4.7,74.29,0.5,,,,,,,,,,,,,,,,,,,,,,,,,,,,,,,,,,,,
2023,12,23,5,0,4.5,74.21,0.3,,,,,,,,,,,,,,,,,,,,,,,,,,,,,,,,,,,,
2023,12,23,6,0,4.2,74.81,0.1,,,,,,,,,,,,,,,,,,,,,,,,,,,,,,,,,,,,
2023,12,23,7,0,4.1,75.06,0.1,,,,,,,,,,,,,,,,,,,,,,,,,,,,,,,,,,,,
2023,12,23,8,0,4.1,75.2,0.1,,,,,,,,,,,,,,,,,,,,,,,,,,,,,,,,,,,,
2023,12,23,9,0,4.1,75.77,0.2,,,,,,,,,,,,,,,,,,,,,,,,,,,,,,,,,,,,
2023,12,23,10,0,3.8,78.37,0.4,,,,,,,,,,,,,,,,,,,,,,,,,,,,,,,,,,,,
2023,12,23,11,0,2.7,85.95,0.6,,,,,,,,,,,,,,,,,,,,,,,,,,,,,,,,,,,,
2023,12,23,12,0,2.2,87.45,0.3,,,,,,,,,,,,,,,,,,,,,,,,,,,,,,,,,,,,
2023,12,23,13,0,1.7,85.82,-0.4,,,,,,,,,,,,,,,,,,,,,,,,,,,,,,,,,,,,
2023,12,23,14,0,0.9,82.63,-1.7,,,,,,,,,,,,,,,,,,,,,,,,,,,,,,,,,,,,
2023,12,23,15,0,0.4,77.28,-3.1,,,,,,,,,,,,,,,,,,,,,,,,,,,,,,,,,,,,
2023,12,23,16,0,0.9,66.06,-4.7,,,,,,,,,,,,,,,,,,,,,,,,,,,,,,,,,,,,
2023,12,23,17,0,1.7,54.9,-6.4,,,,,,,,,,,,,,,,,,,,,,,,,,,,,,,,,,,,
2023,12,23,18,0,2.4,47.74,-7.6,,,,,,,,,,,,,,,,,,,,,,,,,,,,,,,,,,,,
2023,12,23,19,0,2.6,45.16,-8.1,,,,,,,,,,,,,,,,,,,,,,,,,,,,,,,,,,,,
2023,12,23,20,0,2.5,44.51,-8.4,,,,,,,,,,,,,,,,,,,,,,,,,,,,,,,,,,,,
2023,12,23,21,0,2.2,45.34,-8.4,,,,,,,,,,,,,,,,,,,,,,,,,,,,,,,,,,,,
2023,12,23,22,0,1.4,48.32,-8.3,,,,,,,,,,,,,,,,,,,,,,,,,,,,,,,,,,,,
2023,12,23,23,0,0.1,54.42,-8,,,,,,,,,,,,,,,,,,,,,,,,,,,,,,,,,,,,
2023,12,24,0,0,-1.4,63.97,-7.3,,,,,,,,,,,,,,,,,,,,,,,,,,,,,,,,,,,,
2023,12,24,1,0,-1.6,66.47,-7,,,,,,,,,,,,,,,,,,,,,,,,,,,,,,,,,,,,
2023,12,24,2,0,-1.9,68.91,-6.9,,,,,,,,,,,,,,,,,,,,,,,,,,,,,,,,,,,,
2023,12,24,3,0,-2.1,70.04,-6.8,,,,,,,,,,,,,,,,,,,,,,,,,,,,,,,,,,,,
2023,12,24,4,0,-2.4,71.47,-6.9,,,,,,,,,,,,,,,,,,,,,,,,,,,,,,,,,,,,
2023,12,24,5,0,-2.6,72.41,-6.9,,,,,,,,,,,,,,,,,,,,,,,,,,,,,,,,,,,,
2023,12,24,6,0,-2.7,72.65,-6.9,,,,,,,,,,,,,,,,,,,,,,,,,,,,,,,,,,,,
2023,12,24,7,0,-2.9,73.56,-7,,,,,,,,,,,,,,,,,,,,,,,,,,,,,,,,,,,,
2023,12,24,8,0,-2.9,73.22,-7,,,,,,,,,,,,,,,,,,,,,,,,,,,,,,,,,,,,
2023,12,24,9,0,-2.9,72.7,-7.1,,,,,,,,,,,,,,,,,,,,,,,,,,,,,,,,,,,,
2023,12,24,10,0,-2.9,72.19,-7.2,,,,,,,,,,,,,,,,,,,,,,,,,,,,,,,,,,,,
2023,12,24,11,0,-2.8,70.79,-7.4,,,,,,,,,,,,,,,,,,,,,,,,,,,,,,,,,,,,
2023,12,24,12,0,-2.8,70.09,-7.5,,,,,,,,,,,,,,,,,,,,,,,,,,,,,,,,,,,,
2023,12,24,13,0,-2.9,70.03,-7.6,,,,,,,,,,,,,,,,,,,,,,,,,,,,,,,,,,,,
2023,12,24,14,0,-3,70.34,-7.6,,,,,,,,,,,,,,,,,,,,,,,,,,,,,,,,,,,,
2023,12,24,15,0,-2.5,67.93,-7.6,,,,,,,,,,,,,,,,,,,,,,,,,,,,,,,,,,,,
2023,12,24,16,0,-1.1,54.3,-9.2,,,,,,,,,,,,,,,,,,,,,,,,,,,,,,,,,,,,
2023,12,24,17,0,0.2,45.39,-10.2,,,,,,,,,,,,,,,,,,,,,,,,,,,,,,,,,,,,
2023,12,24,18,0,1,41.19,-10.7,,,,,,,,,,,,,,,,,,,,,,,,,,,,,,,,,,,,
2023,12,24,19,0,1.5,39.15,-10.9,,,,,,,,,,,,,,,,,,,,,,,,,,,,,,,,,,,,
2023,12,24,20,0,1.7,38.17,-11.1,,,,,,,,,,,,,,,,,,,,,,,,,,,,,,,,,,,,
2023,12,24,21,0,1.5,38.3,-11.2,,,,,,,,,,,,,,,,,,,,,,,,,,,,,,,,,,,,
2023,12,24,22,0,1,39.31,-11.3,,,,,,,,,,,,,,,,,,,,,,,,,,,,,,,,,,,,
2023,12,24,23,0,-0.5,47.36,-10.3,,,,,,,,,,,,,,,,,,,,,,,,,,,,,,,,,,,,
2023,12,25,0,0,-2.4,56.42,-9.9,,,,,,,,,,,,,,,,,,,,,,,,,,,,,,,,,,,,
2023,12,25,1,0,-2.8,57.81,-10,,,,,,,,,,,,,,,,,,,,,,,,,,,,,,,,,,,,
2023,12,25,2,0,-2.8,57.2,-10.1,,,,,,,,,,,,,,,,,,,,,,,,,,,,,,,,,,,,
2023,12,25,3,0,-2.7,55.51,-10.4,,,,,,,,,,,,,,,,,,,,,,,,,,,,,,,,,,,,
2023,12,25,4,0,-2.6,53.81,-10.7,,,,,,,,,,,,,,,,,,,,,,,,,,,,,,,,,,,,
2023,12,25,5,0,-2.5,52.76,-10.8,,,,,,,,,,,,,,,,,,,,,,,,,,,,,,,,,,,,
2023,12,25,6,0,-2.6,53.04,-10.9,,,,,,,,,,,,,,,,,,,,,,,,,,,,,,,,,,,,
2023,12,25,7,0,-2.9,54.45,-10.8,,,,,,,,,,,,,,,,,,,,,,,,,,,,,,,,,,,,
2023,12,25,8,0,-3,53.94,-11,,,,,,,,,,,,,,,,,,,,,,,,,,,,,,,,,,,,
2023,12,25,9,0,-3,52.76,-11.3,,,,,,,,,,,,,,,,,,,,,,,,,,,,,,,,,,,,
2023,12,25,10,0,-3,51.84,-11.5,,,,,,,,,,,,,,,,,,,,,,,,,,,,,,,,,,,,
2023,12,25,11,0,-3.2,51.94,-11.7,,,,,,,,,,,,,,,,,,,,,,,,,,,,,,,,,,,,
2023,12,25,12,0,-3.5,53.08,-11.7,,,,,,,,,,,,,,,,,,,,,,,,,,,,,,,,,,,,
2023,12,25,13,0,-3.8,54.13,-11.7,,,,,,,,,,,,,,,,,,,,,,,,,,,,,,,,,,,,
2023,12,25,14,0,-4.2,55.91,-11.7,,,,,,,,,,,,,,,,,,,,,,,,,,,,,,,,,,,,
2023,12,25,15,0,-4.1,56.26,-11.5,,,,,,,,,,,,,,,,,,,,,,,,,,,,,,,,,,,,
2023,12,25,16,0,-2.8,51.35,-11.5,,,,,,,,,,,,,,,,,,,,,,,,,,,,,,,,,,,,
2023,12,25,17,0,-1.1,40.1,-13,,,,,,,,,,,,,,,,,,,,,,,,,,,,,,,,,,,,
2023,12,25,18,0,0.1,35.32,-13.5,,,,,,,,,,,,,,,,,,,,,,,,,,,,,,,,,,,,
2023,12,25,19,0,0.8,34.47,-13.1,,,,,,,,,,,,,,,,,,,,,,,,,,,,,,,,,,,,
2023,12,25,20,0,1.2,33.66,-13.1,,,,,,,,,,,,,,,,,,,,,,,,,,,,,,,,,,,,
2023,12,25,21,0,1.2,33.92,-13,,,,,,,,,,,,,,,,,,,,,,,,,,,,,,,,,,,,
2023,12,25,22,0,0.5,36.62,-12.7,,,,,,,,,,,,,,,,,,,,,,,,,,,,,,,,,,,,
2023,12,25,23,0,-1.2,44.53,-11.8,,,,,,,,,,,,,,,,,,,,,,,,,,,,,,,,,,,,
2023,12,26,0,0,-3.2,55.34,-10.9,,,,,,,,,,,,,,,,,,,,,,,,,,,,,,,,,,,,
2023,12,26,1,0,-3.7,55.5,-11.3,,,,,,,,,,,,,,,,,,,,,,,,,,,,,,,,,,,,
2023,12,26,2,0,-4,54.17,-11.9,,,,,,,,,,,,,,,,,,,,,,,,,,,,,,,,,,,,
2023,12,26,3,0,-4.1,52.4,-12.4,,,,,,,,,,,,,,,,,,,,,,,,,,,,,,,,,,,,
2023,12,26,4,0,-4.1,51.08,-12.7,,,,,,,,,,,,,,,,,,,,,,,,,,,,,,,,,,,,
2023,12,26,5,0,-4.1,50.35,-12.9,,,,,,,,,,,,,,,,,,,,,,,,,,,,,,,,,,,,
2023,12,26,6,0,-4.3,50.81,-13,,,,,,,,,,,,,,,,,,,,,,,,,,,,,,,,,,,,
2023,12,26,7,0,-4.6,51.74,-13,,,,,,,,,,,,,,,,,,,,,,,,,,,,,,,,,,,,
2023,12,26,8,0,-4.7,52.01,-13.1,,,,,,,,,,,,,,,,,,,,,,,,,,,,,,,,,,,,
2023,12,26,9,0,-4.8,52.46,-13.1,,,,,,,,,,,,,,,,,,,,,,,,,,,,,,,,,,,,
2023,12,26,10,0,-4.9,52.82,-13.1,,,,,,,,,,,,,,,,,,,,,,,,,,,,,,,,,,,,
2023,12,26,11,0,-5.2,53.85,-13.1,,,,,,,,,,,,,,,,,,,,,,,,,,,,,,,,,,,,
2023,12,26,12,0,-5.6,55.16,-13.2,,,,,,,,,,,,,,,,,,,,,,,,,,,,,,,,,,,,
2023,12,26,13,0,-5.8,55.54,-13.3,,,,,,,,,,,,,,,,,,,,,,,,,,,,,,,,,,,,
2023,12,26,14,0,-6.2,56.88,-13.4,,,,,,,,,,,,,,,,,,,,,,,,,,,,,,,,,,,,
2023,12,26,15,0,-6.5,59.49,-13.1,,,,,,,,,,,,,,,,,,,,,,,,,,,,,,,,,,,,
2023,12,26,16,0,-4.3,53.19,-12.4,,,,,,,,,,,,,,,,,,,,,,,,,,,,,,,,,,,,
2023,12,26,17,0,-1.7,41.98,-13,,,,,,,,,,,,,,,,,,,,,,,,,,,,,,,,,,,,
2023,12,26,18,0,0.3,33.95,-13.8,,,,,,,,,,,,,,,,,,,,,,,,,,,,,,,,,,,,
2023,12,26,19,0,1.5,31.39,-13.7,,,,,,,,,,,,,,,,,,,,,,,,,,,,,,,,,,,,
2023,12,26,20,0,2,31.71,-13.1,,,,,,,,,,,,,,,,,,,,,,,,,,,,,,,,,,,,
2023,12,26,21,0,2,33.23,-12.5,,,,,,,,,,,,,,,,,,,,,,,,,,,,,,,,,,,,
2023,12,26,22,0,1.7,35.6,-11.9,,,,,,,,,,,,,,,,,,,,,,,,,,,,,,,,,,,,
2023,12,26,23,0,0.3,48.29,-9.4,,,,,,,,,,,,,,,,,,,,,,,,,,,,,,,,,,,,
2023,12,27,0,0,-0.7,50.16,-9.8,,,,,,,,,,,,,,,,,,,,,,,,,,,,,,,,,,,,
2023,12,27,1,0,-0.9,49.43,-10.2,,,,,,,,,,,,,,,,,,,,,,,,,,,,,,,,,,,,
2023,12,27,2,0,-1.3,49.81,-10.4,,,,,,,,,,,,,,,,,,,,,,,,,,,,,,,,,,,,
2023,12,27,3,0,-1.7,49.54,-10.9,,,,,,,,,,,,,,,,,,,,,,,,,,,,,,,,,,,,
2023,12,27,4,0,-1.9,49.09,-11.2,,,,,,,,,,,,,,,,,,,,,,,,,,,,,,,,,,,,
2023,12,27,5,0,-2.1,48.26,-11.6,,,,,,,,,,,,,,,,,,,,,,,,,,,,,,,,,,,,
2023,12,27,6,0,-2.4,48.47,-11.8,,,,,,,,,,,,,,,,,,,,,,,,,,,,,,,,,,,,
2023,12,27,7,0,-2.7,48.71,-12,,,,,,,,,,,,,,,,,,,,,,,,,,,,,,,,,,,,
2023,12,27,8,0,-3.1,49.59,-12.2,,,,,,,,,,,,,,,,,,,,,,,,,,,,,,,,,,,,
2023,12,27,9,0,-3.5,50.89,-12.2,,,,,,,,,,,,,,,,,,,,,,,,,,,,,,,,,,,,
2023,12,27,10,0,-3.5,50.5,-12.3,,,,,,,,,,,,,,,,,,,,,,,,,,,,,,,,,,,,
2023,12,27,11,0,-3.3,49.76,-12.3,,,,,,,,,,,,,,,,,,,,,,,,,,,,,,,,,,,,
2023,12,27,12,0,-3.1,49.73,-12.1,,,,,,,,,,,,,,,,,,,,,,,,,,,,,,,,,,,,
2023,12,27,13,0,-3,50.3,-11.9,,,,,,,,,,,,,,,,,,,,,,,,,,,,,,,,,,,,
2023,12,27,14,0,-3.1,51.59,-11.7,,,,,,,,,,,,,,,,,,,,,,,,,,,,,,,,,,,,
2023,12,27,15,0,-2.9,53.28,-11.1,,,,,,,,,,,,,,,,,,,,,,,,,,,,,,,,,,,,
2023,12,27,16,0,-1,50.88,-9.9,,,,,,,,,,,,,,,,,,,,,,,,,,,,,,,,,,,,
2023,12,27,17,0,1.2,50.31,-8,,,,,,,,,,,,,,,,,,,,,,,,,,,,,,,,,,,,
2023,12,27,18,0,2.5,50.67,-6.7,,,,,,,,,,,,,,,,,,,,,,,,,,,,,,,,,,,,
2023,12,27,19,0,3.5,49.44,-6.1,,,,,,,,,,,,,,,,,,,,,,,,,,,,,,,,,,,,
2023,12,27,20,0,4.1,49.27,-5.6,,,,,,,,,,,,,,,,,,,,,,,,,,,,,,,,,,,,
2023,12,27,21,0,4.2,50.31,-5.2,,,,,,,,,,,,,,,,,,,,,,,,,,,,,,,,,,,,
2023,12,27,22,0,3.7,53,-5,,,,,,,,,,,,,,,,,,,,,,,,,,,,,,,,,,,,
2023,12,27,23,0,2.4,60.98,-4.4,,,,,,,,,,,,,,,,,,,,,,,,,,,,,,,,,,,,
2023,12,28,0,0,1.4,61.31,-5.2,,,,,,,,,,,,,,,,,,,,,,,,,,,,,,,,,,,,
2023,12,28,1,0,1.1,61.91,-5.4,,,,,,,,,,,,,,,,,,,,,,,,,,,,,,,,,,,,
2023,12,28,2,0,0.6,64.85,-5.3,,,,,,,,,,,,,,,,,,,,,,,,,,,,,,,,,,,,
2023,12,28,3,0,0.8,64.11,-5.2,,,,,,,,,,,,,,,,,,,,,,,,,,,,,,,,,,,,
2023,12,28,4,0,1.2,61.48,-5.4,,,,,,,,,,,,,,,,,,,,,,,,,,,,,,,,,,,,
2023,12,28,5,0,1.4,59.89,-5.5,,,,,,,,,,,,,,,,,,,,,,,,,,,,,,,,,,,,
2023,12,28,6,0,1.6,58.48,-5.7,,,,,,,,,,,,,,,,,,,,,,,,,,,,,,,,,,,,
2023,12,28,7,0,1.3,59.14,-5.8,,,,,,,,,,,,,,,,,,,,,,,,,,,,,,,,,,,,
2023,12,28,8,0,0.8,60.47,-6,,,,,,,,,,,,,,,,,,,,,,,,,,,,,,,,,,,,
2023,12,28,9,0,0.4,61.3,-6.2,,,,,,,,,,,,,,,,,,,,,,,,,,,,,,,,,,,,
2023,12,28,10,0,0.3,61.34,-6.3,,,,,,,,,,,,,,,,,,,,,,,,,,,,,,,,,,,,
2023,12,28,11,0,0.4,60.41,-6.4,,,,,,,,,,,,,,,,,,,,,,,,,,,,,,,,,,,,
2023,12,28,12,0,0.8,58.11,-6.5,,,,,,,,,,,,,,,,,,,,,,,,,,,,,,,,,,,,
2023,12,28,13,0,1.2,55.23,-6.8,,,,,,,,,,,,,,,,,,,,,,,,,,,,,,,,,,,,
2023,12,28,14,0,1.6,52.22,-7.2,,,,,,,,,,,,,,,,,,,,,,,,,,,,,,,,,,,,
2023,12,28,15,0,1.6,53.35,-6.9,,,,,,,,,,,,,,,,,,,,,,,,,,,,,,,,,,,,
2023,12,28,16,0,2.7,54.42,-5.6,,,,,,,,,,,,,,,,,,,,,,,,,,,,,,,,,,,,
2023,12,28,17,0,4.7,46.13,-5.9,,,,,,,,,,,,,,,,,,,,,,,,,,,,,,,,,,,,
2023,12,28,18,0,6.1,44.25,-5.2,,,,,,,,,,,,,,,,,,,,,,,,,,,,,,,,,,,,
2023,12,28,19,0,7,44.27,-4.4,,,,,,,,,,,,,,,,,,,,,,,,,,,,,,,,,,,,
2023,12,28,20,0,7.2,45.57,-3.8,,,,,,,,,,,,,,,,,,,,,,,,,,,,,,,,,,,,
2023,12,28,21,0,6.9,47.79,-3.4,,,,,,,,,,,,,,,,,,,,,,,,,,,,,,,,,,,,
2023,12,28,22,0,6.1,54.09,-2.5,,,,,,,,,,,,,,,,,,,,,,,,,,,,,,,,,,,,
2023,12,28,23,0,3.9,62.7,-2.6,,,,,,,,,,,,,,,,,,,,,,,,,,,,,,,,,,,,
2023,12,29,0,0,2.7,63.23,-3.6,,,,,,,,,,,,,,,,,,,,,,,,,,,,,,,,,,,,
2023,12,29,1,0,2.3,64.78,-3.7,,,,,,,,,,,,,,,,,,,,,,,,,,,,,,,,,,,,
2023,12,29,2,0,2.2,65.07,-3.7,,,,,,,,,,,,,,,,,,,,,,,,,,,,,,,,,,,,
2023,12,29,3,0,2.5,63.18,-3.8,,,,,,,,,,,,,,,,,,,,,,,,,,,,,,,,,,,,
2023,12,29,4,0,2.7,61.48,-4,,,,,,,,,,,,,,,,,,,,,,,,,,,,,,,,,,,,
2023,12,29,5,0,2.9,60.05,-4.1,,,,,,,,,,,,,,,,,,,,,,,,,,,,,,,,,,,,
2023,12,29,6,0,3,58.95,-4.2,,,,,,,,,,,,,,,,,,,,,,,,,,,,,,,,,,,,
2023,12,29,7,0,3,58.15,-4.4,,,,,,,,,,,,,,,,,,,,,,,,,,,,,,,,,,,,
2023,12,29,8,0,2.9,57.68,-4.6,,,,,,,,,,,,,,,,,,,,,,,,,,,,,,,,,,,,
2023,12,29,9,0,2.4,58.92,-4.8,,,,,,,,,,,,,,,,,,,,,,,,,,,,,,,,,,,,
2023,12,29,10,0,1.8,60.12,-5.1,,,,,,,,,,,,,,,,,,,,,,,,,,,,,,,,,,,,
2023,12,29,11,0,1.3,59.55,-5.7,,,,,,,,,,,,,,,,,,,,,,,,,,,,,,,,,,,,
2023,12,29,12,0,1,57.29,-6.5,,,,,,,,,,,,,,,,,,,,,,,,,,,,,,,,,,,,
2023,12,29,13,0,0.7,55.22,-7.3,,,,,,,,,,,,,,,,,,,,,,,,,,,,,,,,,,,,
2023,12,29,14,0,0.3,53.78,-8,,,,,,,,,,,,,,,,,,,,,,,,,,,,,,,,,,,,
2023,12,29,15,0,0.5,53.96,-7.8,,,,,,,,,,,,,,,,,,,,,,,,,,,,,,,,,,,,
2023,12,29,16,0,3.2,52.02,-5.7,,,,,,,,,,,,,,,,,,,,,,,,,,,,,,,,,,,,
2023,12,29,17,0,5.8,38.76,-7.2,,,,,,,,,,,,,,,,,,,,,,,,,,,,,,,,,,,,
2023,12,29,18,0,8,34.87,-6.6,,,,,,,,,,,,,,,,,,,,,,,,,,,,,,,,,,,,
2023,12,29,19,0,9.6,31.49,-6.5,,,,,,,,,,,,,,,,,,,,,,,,,,,,,,,,,,,,
2023,12,29,20,0,10.3,30.04,-6.5,,,,,,,,,,,,,,,,,,,,,,,,,,,,,,,,,,,,
2023,12,29,21,0,10.1,32.44,-5.7,,,,,,,,,,,,,,,,,,,,,,,,,,,,,,,,,,,,
2023,12,29,22,0,8.8,44.04,-2.8,,,,,,,,,,,,,,,,,,,,,,,,,,,,,,,,,,,,
2023,12,29,23,0,7.1,38.79,-6,,,,,,,,,,,,,,,,,,,,,,,,,,,,,,,,,,,,
2023,12,30,0,0,5,42.92,-6.6,,,,,,,,,,,,,,,,,,,,,,,,,,,,,,,,,,,,
2023,12,30,1,0,3.5,49.97,-6,,,,,,,,,,,,,,,,,,,,,,,,,,,,,,,,,,,,
2023,12,30,2,0,2.6,54.7,-5.6,,,,,,,,,,,,,,,,,,,,,,,,,,,,,,,,,,,,
2023,12,30,3,0,2.3,56.53,-5.5,,,,,,,,,,,,,,,,,,,,,,,,,,,,,,,,,,,,
2023,12,30,4,0,2.3,56.62,-5.4,,,,,,,,,,,,,,,,,,,,,,,,,,,,,,,,,,,,
2023,12,30,5,0,2.2,56.72,-5.5,,,,,,,,,,,,,,,,,,,,,,,,,,,,,,,,,,,,
2023,12,30,6,0,2.1,56.44,-5.7,,,,,,,,,,,,,,,,,,,,,,,,,,,,,,,,,,,,
2023,12,30,7,0,2,56.08,-5.8,,,,,,,,,,,,,,,,,,,,,,,,,,,,,,,,,,,,
2023,12,30,8,0,2.1,55.23,-6,,,,,,,,,,,,,,,,,,,,,,,,,,,,,,,,,,,,
2023,12,30,9,0,2.3,54.31,-6,,,,,,,,,,,,,,,,,,,,,,,,,,,,,,,,,,,,
2023,12,30,10,0,2.5,53.27,-6.1,,,,,,,,,,,,,,,,,,,,,,,,,,,,,,,,,,,,
2023,12,30,11,0,2.7,52.68,-6,,,,,,,,,,,,,,,,,,,,,,,,,,,,,,,,,,,,
2023,12,30,12,0,3,52.13,-5.9,,,,,,,,,,,,,,,,,,,,,,,,,,,,,,,,,,,,
2023,12,30,13,0,3.4,51.36,-5.7,,,,,,,,,,,,,,,,,,,,,,,,,,,,,,,,,,,,
2023,12,30,14,0,3.6,51.43,-5.5,,,,,,,,,,,,,,,,,,,,,,,,,,,,,,,,,,,,
2023,12,30,15,0,4,51.81,-5,,,,,,,,,,,,,,,,,,,,,,,,,,,,,,,,,,,,
2023,12,30,16,0,5.1,49.92,-4.5,,,,,,,,,,,,,,,,,,,,,,,,,,,,,,,,,,,,
2023,12,30,17,0,6.4,47.55,-4,,,,,,,,,,,,,,,,,,,,,,,,,,,,,,,,,,,,
2023,12,30,18,0,7,49.74,-2.8,,,,,,,,,,,,,,,,,,,,,,,,,,,,,,,,,,,,
2023,12,30,19,0,7.3,53.79,-1.5,,,,,,,,,,,,,,,,,,,,,,,,,,,,,,,,,,,,
2023,12,30,20,0,7.2,58.99,-0.3,,,,,,,,,,,,,,,,,,,,,,,,,,,,,,,,,,,,
2023,12,30,21,0,6.5,65.23,0.4,,,,,,,,,,,,,,,,,,,,,,,,,,,,,,,,,,,,
2023,12,30,22,0,5.4,69.88,0.3,,,,,,,,,,,,,,,,,,,,,,,,,,,,,,,,,,,,
2023,12,30,23,0,4.4,73.03,0,,,,,,,,,,,,,,,,,,,,,,,,,,,,,,,,,,,,
2023,12,31,0,0,4.1,73.56,-0.2,,,,,,,,,,,,,,,,,,,,,,,,,,,,,,,,,,,,
2023,12,31,1,0,4.1,73.32,-0.2,,,,,,,,,,,,,,,,,,,,,,,,,,,,,,,,,,,,
2023,12,31,2,0,4,73.25,-0.4,,,,,,,,,,,,,,,,,,,,,,,,,,,,,,,,,,,,
2023,12,31,3,0,3.9,72.98,-0.5,,,,,,,,,,,,,,,,,,,,,,,,,,,,,,,,,,,,
2023,12,31,4,0,3.8,72.45,-0.7,,,,,,,,,,,,,,,,,,,,,,,,,,,,,,,,,,,,
2023,12,31,5,0,3.7,71.62,-1,,,,,,,,,,,,,,,,,,,,,,,,,,,,,,,,,,,,
2023,12,31,6,0,3.6,70.71,-1.2,,,,,,,,,,,,,,,,,,,,,,,,,,,,,,,,,,,,
2023,12,31,7,0,3.6,69.08,-1.5,,,,,,,,,,,,,,,,,,,,,,,,,,,,,,,,,,,,
2023,12,31,8,0,3.5,67.92,-1.9,,,,,,,,,,,,,,,,,,,,,,,,,,,,,,,,,,,,
2023,12,31,9,0,3.4,66.65,-2.2,,,,,,,,,,,,,,,,,,,,,,,,,,,,,,,,,,,,
2023,12,31,10,0,3.2,65.74,-2.6,,,,,,,,,,,,,,,,,,,,,,,,,,,,,,,,,,,,
2023,12,31,11,0,3,64.8,-3,,,,,,,,,,,,,,,,,,,,,,,,,,,,,,,,,,,,
2023,12,31,12,0,2.6,64.88,-3.3,,,,,,,,,,,,,,,,,,,,,,,,,,,,,,,,,,,,
2023,12,31,13,0,2.3,64.78,-3.7,,,,,,,,,,,,,,,,,,,,,,,,,,,,,,,,,,,,
2023,12,31,14,0,2,64.79,-3.9,,,,,,,,,,,,,,,,,,,,,,,,,,,,,,,,,,,,
2023,12,31,15,0,1.8,65.82,-3.9,,,,,,,,,,,,,,,,,,,,,,,,,,,,,,,,,,,,
2023,12,31,16,0,3.3,63.15,-3,,,,,,,,,,,,,,,,,,,,,,,,,,,,,,,,,,,,
2023,12,31,17,0,5.3,52.34,-3.7,,,,,,,,,,,,,,,,,,,,,,,,,,,,,,,,,,,,
2023,12,31,18,0,7.3,44.04,-4.2,,,,,,,,,,,,,,,,,,,,,,,,,,,,,,,,,,,,
2023,12,31,19,0,8.4,39.97,-4.4,,,,,,,,,,,,,,,,,,,,,,,,,,,,,,,,,,,,
2023,12,31,20,0,8.9,38.13,-4.6,,,,,,,,,,,,,,,,,,,,,,,,,,,,,,,,,,,,
2023,12,31,21,0,8.7,39.27,-4.4,,,,,,,,,,,,,,,,,,,,,,,,,,,,,,,,,,,,
2023,12,31,22,0,7.2,50.83,-2.3,,,,,,,,,,,,,,,,,,,,,,,,,,,,,,,,,,,,
2023,12,31,23,0,4.7,54.51,-3.7,,,,,,,,,,,,,,,,,,,,,,,,,,,,,,,,,,,,
