Source,Location ID,City,State,Country,Latitude,Longitude,Time Zone,Clearsky DHI Units,Clearsky DNI Units,Clearsky GHI Units,Dew Point Units,DHI Units,DNI Units,GHI Units,Solar Zenith Angle Units,Temperature Units,Pressure Units,Relative Humidity Units,Precipitable Water Units,Wind Direction Units,Wind Speed Units,Cloud Type -15,Cloud Type 0,Cloud Type 1,Cloud Type 2,Cloud Type 3,Cloud Type 4,Cloud Type 5,Cloud Type 6,Cloud Type 7,Cloud Type 8,Cloud Type 9,Cloud Type 10,Cloud Type 11,Cloud Type 12,Fill Flag 0,Fill Flag 1,Fill Flag 2,Fill Flag 3,Fill Flag 4,Fill Flag 5,Surface Albedo Units,Version
NSRDB,567323,-,-,-,47.6,-122.33,0,w/m2,w/m2,w/m2,c,w/m2,w/m2,w/m2,Degree,c,mbar,%,cm,Degrees,m/s,N/A,Clear,Probably Clear,Fog,Water,Super-Cooled Water,Mixed,Opaque Ice,Cirrus,Overlapping,Overshooting,Unknown,Dust,Smoke,N/A,Missing Image,Low Irradiance,Exceeds Clearsky,Missing CLoud Properties,Rayleigh Violation,N/A,4.0.1
Year,Month,Day,Hour,Minute,Temperature,Dew Point,Relative Humidity,,,,,,,,,,,,,,,,,,,,,,,,,,,,,,,,,,,,
2023,1,1,0,0,6.1,4.8,91.54,,,,,,,,,,,,,,,,,,,,,,,,,,,,,,,,,,,,
2023,1,1,1,0,6,4.7,91.42,,,,,,,,,,,,,,,,,,,,,,,,,,,,,,,,,,,,
2023,1,1,2,0,5.8,4.5,91.35,,,,,,,,,,,,,,,,,,,,,,,,,,,,,,,,,,,,
2023,1,1,3,0,5.5,4.2,91.58,,,,,,,,,,,,,,,,,,,,,,,,,,,,,,,,,,,,
2023,1,1,4,0,5.2,4,91.73,,,,,,,,,,,,,,,,,,,,,,,,,,,,,,,,,,,,
2023,1,1,5,0,5,3.7,91.4,,,,,,,,,,,,,,,,,,,,,,,,,,,,,,,,,,,,
2023,1,1,6,0,5,3.6,90.49,,,,,,,,,,,,,,,,,,,,,,,,,,,,,,,,,,,,
2023,1,1,7,0,4.9,3.5,90.69,,,,,,,,,,,,,,,,,,,,,,,,,,,,,,,,,,,,
2023,1,1,8,0,4.8,3.5,91.22,,,,,,,,,,,,,,,,,,,,,,,,,,,,,,,,,,,,
2023,1,1,9,0,4.7,3.5,91.95,,,,,,,,,,,,,,,,,,,,,,,,,,,,,,,,,,,,
2023,1,1,10,0,4.8,3.5,91.26,,,,,,,,,,,,,,,,,,,,,,,,,,,,,,,,,,,,
2023,1,1,11,0,4.9,3.5,90.86,,,,,,,,,,,,,,,,,,,,,,,,,,,,,,,,,,,,
2023,1,1,12,0,4.9,3.6,91.06,,,,,,,,,,,,,,,,,,,,,,,,,,,,,,,,,,,,
2023,1,1,13,0,4.9,3.6,91.16,,,,,,,,,,,,,,,,,,,,,,,,,,,,,,,,,,,,
2023,1,1,14,0,4.9,3.6,91.43,,,,,,,,,,,,,,,,,,,,,,,,,,,,,,,,,,,,
2023,1,1,15,0,4.8,3.6,91.86,,,,,,,,,,,,,,,,,,,,,,,,,,,,,,,,,,,,
2023,1,1,16,0,4.8,3.8,92.94,,,,,,,,,,,,,,,,,,,,,,,,,,,,,,,,,,,,
2023,1,1,17,0,5.7,4.9,94.37,,,,,,,,,,,,,,,,,,,,,,,,,,,,,,,,,,,,
2023,1,1,18,0,6.8,5.8,93.28,,,,,,,,,,,,,,,,,,,,,,,,,,,,,,,,,,,,
2023,1,1,19,0,7.9,5.5,84.56,,,,,,,,,,,,,,,,,,,,,,,,,,,,,,,,,,,,
2023,1,1,20,0,8.8,5,76.86,,,,,,,,,,,,,,,,,,,,,,,,,,,,,,,,,,,,
2023,1,1,21,0,9.2,4.2,70.74,,,,,,,,,,,,,,,,,,,,,,,,,,,,,,,,,,,,
2023,1,1,22,0,8.7,4.4,74.61,,,,,,,,,,,,,,,,,,,,,,,,,,,,,,,,,,,,
2023,1,1,23,0,7.4,3.6,76.79,,,,,,,,,,,,,,,,,,,,,,,,,,,,,,,,,,,,
2023,1,2,0,0,5.7,1.7,75.43,,,,,,,,,,,,,,,,,,,,,,,,,,,,,,,,,,,,
2023,1,2,1,0,4.1,1.4,82.69,,,,,,,,,,,,,,,,,,,,,,,,,,,,,,,,,,,,
2023,1,2,2,0,3.3,1.5,87.81,,,,,,,,,,,,,,,,,,,,,,,,,,,,,,,,,,,,
2023,1,2,3,0,3.2,1.5,88.63,,,,,,,,,,,,,,,,,,,,,,,,,,,,,,,,,,,,
2023,1,2,4,0,3.1,1.3,87.83,,,,,,,,,,,,,,,,,,,,,,,,,,,,,,,,,,,,
2023,1,2,5,0,2.6,0.9,88.72,,,,,,,,,,,,,,,,,,,,,,,,,,,,,,,,,,,,
2023,1,2,6,0,2.1,0.5,89.13,,,,,,,,,,,,,,,,,,,,,,,,,,,,,,,,,,,,
2023,1,2,7,0,1.6,0.1,89.86,,,,,,,,,,,,,,,,,,,,,,,,,,,,,,,,,,,,
2023,1,2,8,0,1.6,-0.1,88.62,,,,,,,,,,,,,,,,,,,,,,,,,,,,,,,,,,,,
2023,1,2,9,0,1,-0.3,90.88,,,,,,,,,,,,,,,,,,,,,,,,,,,,,,,,,,,,
2023,1,2,10,0,0.7,-0.5,91.83,,,,,,,,,,,,,,,,,,,,,,,,,,,,,,,,,,,,
2023,1,2,11,0,1.2,-0.7,87.26,,,,,,,,,,,,,,,,,,,,,,,,,,,,,,,,,,,,
2023,1,2,12,0,1.4,-1.3,82,,,,,,,,,,,,,,,,,,,,,,,,,,,,,,,,,,,,
2023,1,2,13,0,1.7,-1.7,77.9,,,,,,,,,,,,,,,,,,,,,,,,,,,,,,,,,,,,
2023,1,2,14,0,1.7,-2,76.51,,,,,,,,,,,,,,,,,,,,,,,,,,,,,,,,,,,,
2023,1,2,15,0,1.8,-2.2,74.81,,,,,,,,,,,,,,,,,,,,,,,,,,,,,,,,,,,,
2023,1,2,16,0,2.2,-2.1,73.03,,,,,,,,,,,,,,,,,,,,,,,,,,,,,,,,,,,,
2023,1,2,17,0,3.6,-0.8,72.91,,,,,,,,,,,,,,,,,,,,,,,,,,,,,,,,,,,,
2023,1,2,18,0,5.2,0.4,71.34,,,,,,,,,,,,,,,,,,,,,,,,,,,,,,,,,,,,
2023,1,2,19,0,6.6,0.8,66.37,,,,,,,,,,,,,,,,,,,,,,,,,,,,,,,,,,,,
2023,1,2,20,0,7.6,1.5,65.07,,,,,,,,,,,,,,,,,,,,,,,,,,,,,,,,,,,,
2023,1,2,21,0,8,2.3,67.42,,,,,,,,,,,,,,,,,,,,,,,,,,,,,,,,,,,,
2023,1,2,22,0,7.5,3.2,74.44,,,,,,,,,,,,,,,,,,,,,,,,,,,,,,,,,,,,
2023,1,2,23,0,5.6,2.4,79.84,,,,,,,,,,,,,,,,,,,,,,,,,,,,,,,,,,,,
2023,1,3,0,0,3.1,0.3,81.66,,,,,,,,,,,,,,,,,,,,,,,,,,,,,,,,,,,,
2023,1,3,1,0,2.2,-0.6,81.61,,,,,,,,,,,,,,,,,,,,,,,,,,,,,,,,,,,,
2023,1,3,2,0,1.8,-1.4,79.05,,,,,,,,,,,,,,,,,,,,,,,,,,,,,,,,,,,,
2023,1,3,3,0,1.6,-2.1,76.53,,,,,,,,,,,,,,,,,,,,,,,,,,,,,,,,,,,,
2023,1,3,4,0,1.4,-2.3,76.12,,,,,,,,,,,,,,,,,,,,,,,,,,,,,,,,,,,,
2023,1,3,5,0,1,-2.4,77.82,,,,,,,,,,,,,,,,,,,,,,,,,,,,,,,,,,,,
2023,1,3,6,0,0.7,-2.5,79.36,,,,,,,,,,,,,,,,,,,,,,,,,,,,,,,,,,,,
2023,1,3,7,0,1,-2,80.14,,,,,,,,,,,,,,,,,,,,,,,,,,,,,,,,,,,,
2023,1,3,8,0,1.4,-1.4,81.68,,,,,,,,,,,,,,,,,,,,,,,,,,,,,,,,,,,,
2023,1,3,9,0,1.7,-0.6,84.73,,,,,,,,,,,,,,,,,,,,,,,,,,,,,,,,,,,,
2023,1,3,10,0,2.1,0.2,87.25,,,,,,,,,,,,,,,,,,,,,,,,,,,,,,,,,,,,
2023,1,3,11,0,2.4,0.9,89.75,,,,,,,,,,,,,,,,,,,,,,,,,,,,,,,,,,,,
2023,1,3,12,0,2.6,1.5,92.49,,,,,,,,,,,,,,,,,,,,,,,,,,,,,,,,,,,,
2023,1,3,13,0,2.8,2,94.46,,,,,,,,,,,,,,,,,,,,,,,,,,,,,,,,,,,,
2023,1,3,14,0,3,2.4,95.61,,,,,,,,,,,,,,,,,,,,,,,,,,,,,,,,,,,,
2023,1,3,15,0,2.9,2.4,96.4,,,,,,,,,,,,,,,,,,,,,,,,,,,,,,,,,,,,
2023,1,3,16,0,3,2.4,95.91,,,,,,,,,,,,,,,,,,,,,,,,,,,,,,,,,,,,
2023,1,3,17,0,4.3,3.3,92.91,,,,,,,,,,,,,,,,,,,,,,,,,,,,,,,,,,,,
2023,1,3,18,0,5.6,4.1,89.9,,,,,,,,,,,,,,,,,,,,,,,,,,,,,,,,,,,,
2023,1,3,19,0,6.9,4.7,86.15,,,,,,,,,,,,,,,,,,,,,,,,,,,,,,,,,,,,
2023,1,3,20,0,7.9,4.9,81.54,,,,,,,,,,,,,,,,,,,,,,,,,,,,,,,,,,,,
2023,1,3,21,0,8.4,5,79.07,,,,,,,,,,,,,,,,,,,,,,,,,,,,,,,,,,,,
2023,1,3,22,0,8.2,5.5,83.1,,,,,,,,,,,,,,,,,,,,,,,,,,,,,,,,,,,,
2023,1,3,23,0,6.3,5,91.68,,,,,,,,,,,,,,,,,,,,,,,,,,,,,,,,,,,,
2023,1,4,0,0,4.2,3.2,93.02,,,,,,,,,,,,,,,,,,,,,,,,,,,,,,,,,,,,
2023,1,4,1,0,4,2.4,89.57,,,,,,,,,,,,,,,,,,,,,,,,,,,,,,,,,,,,
2023,1,4,2,0,3.8,1.6,85.61,,,,,,,,,,,,,,,,,,,,,,,,,,,,,,,,,,,,
2023,1,4,3,0,3.6,1.2,84.14,,,,,,,,,,,,,,,,,,,,,,,,,,,,,,,,,,,,
2023,1,4,4,0,3.4,0.9,83.9,,,,,,,,,,,,,,,,,,,,,,,,,,,,,,,,,,,,
2023,1,4,5,0,3.1,0.8,84.63,,,,,,,,,,,,,,,,,,,,,,,,,,,,,,,,,,,,
2023,1,4,6,0,3.3,0.9,84,,,,,,,,,,,,,,,,,,,,,,,,,,,,,,,,,,,,
2023,1,4,7,0,3.1,0.8,85.04,,,,,,,,,,,,,,,,,,,,,,,,,,,,,,,,,,,,
2023,1,4,8,0,2.9,0.9,86.99,,,,,,,,,,,,,,,,,,,,,,,,,,,,,,,,,,,,
2023,1,4,9,0,2.7,0.9,87.92,,,,,,,,,,,,,,,,,,,,,,,,,,,,,,,,,,,,
2023,1,4,10,0,2.8,0.8,86.48,,,,,,,,,,,,,,,,,,,,,,,,,,,,,,,,,,,,
2023,1,4,11,0,2.9,0.7,85.15,,,,,,,,,,,,,,,,,,,,,,,,,,,,,,,,,,,,
2023,1,4,12,0,2.8,0.3,83.52,,,,,,,,,,,,,,,,,,,,,,,,,,,,,,,,,,,,
2023,1,4,13,0,2.5,-0.3,81.65,,,,,,,,,,,,,,,,,,,,,,,,,,,,,,,,,,,,
2023,1,4,14,0,2.2,-0.9,79.95,,,,,,,,,,,,,,,,,,,,,,,,,,,,,,,,,,,,
2023,1,4,15,0,1.8,-1.5,78.51,,,,,,,,,,,,,,,,,,,,,,,,,,,,,,,,,,,,
2023,1,4,16,0,1.7,-1.3,80.38,,,,,,,,,,,,,,,,,,,,,,,,,,,,,,,,,,,,
2023,1,4,17,0,3,-0.1,79.97,,,,,,,,,,,,,,,,,,,,,,,,,,,,,,,,,,,,
2023,1,4,18,0,4.2,0.7,78.01,,,,,,,,,,,,,,,,,,,,,,,,,,,,,,,,,,,,
2023,1,4,19,0,4.9,1.3,77.72,,,,,,,,,,,,,,,,,,,,,,,,,,,,,,,,,,,,
2023,1,4,20,0,5.4,1.6,76.44,,,,,,,,,,,,,,,,,,,,,,,,,,,,,,,,,,,,
2023,1,4,21,0,5.5,1.8,76.98,,,,,,,,,,,,,,,,,,,,,,,,,,,,,,,,,,,,
2023,1,4,22,0,5.1,1.3,76.63,,,,,,,,,,,,,,,,,,,,,,,,,,,,,,,,,,,,
2023,1,4,23,0,4.7,0.9,76.63,,,,,,,,,,,,,,,,,,,,,,,,,,,,,,,,,,,,
2023,1,5,0,0,4.2,0.4,76.21,,,,,,,,,,,,,,,,,,,,,,,,,,,,,,,,,,,,
2023,1,5,1,0,4.2,0.1,74.82,,,,,,,,,,,,,,,,,,,,,,,,,,,,,,,,,,,,
2023,1,5,2,0,4.5,0.2,73.85,,,,,,,,,,,,,,,,,,,,,,,,,,,,,,,,,,,,
2023,1,5,3,0,4.5,0.9,77.33,,,,,,,,,,,,,,,,,,,,,,,,,,,,,,,,,,,,
2023,1,5,4,0,4.8,1.4,78.6,,,,,,,,,,,,,,,,,,,,,,,,,,,,,,,,,,,,
2023,1,5,5,0,5.1,1.7,78.62,,,,,,,,,,,,,,,,,,,,,,,,,,,,,,,,,,,,
2023,1,5,6,0,5.5,1.8,77.32,,,,,,,,,,,,,,,,,,,,,,,,,,,,,,,,,,,,
2023,1,5,7,0,5.8,2.1,77.36,,,,,,,,,,,,,,,,,,,,,,,,,,,,,,,,,,,,
2023,1,5,8,0,6,2.5,78.32,,,,,,,,,,,,,,,,,,,,,,,,,,,,,,,,,,,,
2023,1,5,9,0,6.1,2.8,79.42,,,,,,,,,,,,,,,,,,,,,,,,,,,,,,,,,,,,
2023,1,5,10,0,6.2,3.1,80.59,,,,,,,,,,,,,,,,,,,,,,,,,,,,,,,,,,,,
2023,1,5,11,0,6,3.3,83.1,,,,,,,,,,,,,,,,,,,,,,,,,,,,,,,,,,,,
2023,1,5,12,0,5.8,3.4,84.66,,,,,,,,,,,,,,,,,,,,,,,,,,,,,,,,,,,,
2023,1,5,13,0,5.5,3,83.98,,,,,,,,,,,,,,,,,,,,,,,,,,,,,,,,,,,,
2023,1,5,14,0,5.2,2.4,82.41,,,,,,,,,,,,,,,,,,,,,,,,,,,,,,,,,,,,
2023,1,5,15,0,5.1,1.9,79.89,,,,,,,,,,,,,,,,,,,,,,,,,,,,,,,,,,,,
2023,1,5,16,0,5.3,2.3,81.16,,,,,,,,,,,,,,,,,,,,,,,,,,,,,,,,,,,,
2023,1,5,17,0,6.7,3.7,81.45,,,,,,,,,,,,,,,,,,,,,,,,,,,,,,,,,,,,
2023,1,5,18,0,7.5,4.7,82.17,,,,,,,,,,,,,,,,,,,,,,,,,,,,,,,,,,,,
2023,1,5,19,0,8.2,5.5,82.85,,,,,,,,,,,,,,,,,,,,,,,,,,,,,,,,,,,,
2023,1,5,20,0,8.9,6,82.15,,,,,,,,,,,,,,,,,,,,,,,,,,,,,,,,,,,,
2023,1,5,21,0,9.3,6.2,80.98,,,,,,,,,,,,,,,,,,,,,,,,,,,,,,,,,,,,
2023,1,5,22,0,9.3,6.4,82.27,,,,,,,,,,,,,,,,,,,,,,,,,,,,,,,,,,,,
2023,1,5,23,0,9.1,6.6,84.53,,,,,,,,,,,,,,,,,,,,,,,,,,,,,,,,,,,,
2023,1,6,0,0,8.7,6.6,86.82,,,,,,,,,,,,,,,,,,,,,,,,,,,,,,,,,,,,
2023,1,6,1,0,8.6,6.7,88.05,,,,,,,,,,,,,,,,,,,,,,,,,,,,,,,,,,,,
2023,1,6,2,0,8.6,6.9,89.15,,,,,,,,,,,,,,,,,,,,,,,,,,,,,,,,,,,,
2023,1,6,3,0,8.5,7,90.46,,,,,,,,,,,,,,,,,,,,,,,,,,,,,,,,,,,,
2023,1,6,4,0,8.3,7,91.38,,,,,,,,,,,,,,,,,,,,,,,,,,,,,,,,,,,,
2023,1,6,5,0,7.9,6.8,92.84,,,,,,,,,,,,,,,,,,,,,,,,,,,,,,,,,,,,
2023,1,6,6,0,7.6,6.6,93.59,,,,,,,,,,,,,,,,,,,,,,,,,,,,,,,,,,,,
2023,1,6,7,0,7.3,6.4,94.14,,,,,,,,,,,,,,,,,,,,,,,,,,,,,,,,,,,,
2023,1,6,8,0,7.1,6.3,94.46,,,,,,,,,,,,,,,,,,,,,,,,,,,,,,,,,,,,
2023,1,6,9,0,6.7,5.9,94.95,,,,,,,,,,,,,,,,,,,,,,,,,,,,,,,,,,,,
2023,1,6,10,0,6.2,5.6,95.78,,,,,,,,,,,,,,,,,,,,,,,,,,,,,,,,,,,,
2023,1,6,11,0,5.7,5.1,96.1,,,,,,,,,,,,,,,,,,,,,,,,,,,,,,,,,,,,
2023,1,6,12,0,5.4,4.8,95.79,,,,,,,,,,,,,,,,,,,,,,,,,,,,,,,,,,,,
2023,1,6,13,0,5.2,4.5,95.05,,,,,,,,,,,,,,,,,,,,,,,,,,,,,,,,,,,,
2023,1,6,14,0,4.8,4,94.69,,,,,,,,,,,,,,,,,,,,,,,,,,,,,,,,,,,,
2023,1,6,15,0,4.4,3.6,94.35,,,,,,,,,,,,,,,,,,,,,,,,,,,,,,,,,,,,
2023,1,6,16,0,4.7,3.6,92.46,,,,,,,,,,,,,,,,,,,,,,,,,,,,,,,,,,,,
2023,1,6,17,0,5.9,4.3,89.47,,,,,,,,,,,,,,,,,,,,,,,,,,,,,,,,,,,,
2023,1,6,18,0,7.1,5,86.77,,,,,,,,,,,,,,,,,,,,,,,,,,,,,,,,,,,,
2023,1,6,19,0,8.3,6,85.35,,,,,,,,,,,,,,,,,,,,,,,,,,,,,,,,,,,,
2023,1,6,20,0,9.6,6.8,82.54,,,,,,,,,,,,,,,,,,,,,,,,,,,,,,,,,,,,
2023,1,6,21,0,10.5,7.4,81.36,,,,,,,,,,,,,,,,,,,,,,,,,,,,,,,,,,,,
2023,1,6,22,0,10,7.6,85.14,,,,,,,,,,,,,,,,,,,,,,,,,,,,,,,,,,,,
2023,1,6,23,0,8.7,6.5,85.84,,,,,,,,,,,,,,,,,,,,,,,,,,,,,,,,,,,,
2023,1,7,0,0,8,5.8,86.19,,,,,,,,,,,,,,,,,,,,,,,,,,,,,,,,,,,,
2023,1,7,1,0,7.5,5.4,86.72,,,,,,,,,,,,,,,,,,,,,,,,,,,,,,,,,,,,
2023,1,7,2,0,7,5,87.17,,,,,,,,,,,,,,,,,,,,,,,,,,,,,,,,,,,,
2023,1,7,3,0,6.6,4.7,87.91,,,,,,,,,,,,,,,,,,,,,,,,,,,,,,,,,,,,
2023,1,7,4,0,6.2,4.5,88.75,,,,,,,,,,,,,,,,,,,,,,,,,,,,,,,,,,,,
2023,1,7,5,0,6,4.3,88.84,,,,,,,,,,,,,,,,,,,,,,,,,,,,,,,,,,,,
2023,1,7,6,0,5.8,4.2,89.4,,,,,,,,,,,,,,,,,,,,,,,,,,,,,,,,,,,,
2023,1,7,7,0,5.5,4.1,90.51,,,,,,,,,,,,,,,,,,,,,,,,,,,,,,,,,,,,
2023,1,7,8,0,5.6,4.1,90.38,,,,,,,,,,,,,,,,,,,,,,,,,,,,,,,,,,,,
2023,1,7,9,0,5.8,4.3,90.1,,,,,,,,,,,,,,,,,,,,,,,,,,,,,,,,,,,,
2023,1,7,10,0,5.9,4.5,90.47,,,,,,,,,,,,,,,,,,,,,,,,,,,,,,,,,,,,
2023,1,7,11,0,6.1,4.6,89.9,,,,,,,,,,,,,,,,,,,,,,,,,,,,,,,,,,,,
2023,1,7,12,0,6.3,4.6,89.03,,,,,,,,,,,,,,,,,,,,,,,,,,,,,,,,,,,,
2023,1,7,13,0,6.4,4.7,89.06,,,,,,,,,,,,,,,,,,,,,,,,,,,,,,,,,,,,
2023,1,7,14,0,6.4,4.7,89.03,,,,,,,,,,,,,,,,,,,,,,,,,,,,,,,,,,,,
2023,1,7,15,0,6.4,4.7,88.96,,,,,,,,,,,,,,,,,,,,,,,,,,,,,,,,,,,,
2023,1,7,16,0,6.3,4.8,89.81,,,,,,,,,,,,,,,,,,,,,,,,,,,,,,,,,,,,
2023,1,7,17,0,6.5,5.1,90.65,,,,,,,,,,,,,,,,,,,,,,,,,,,,,,,,,,,,
2023,1,7,18,0,6.8,5.6,92.11,,,,,,,,,,,,,,,,,,,,,,,,,,,,,,,,,,,,
2023,1,7,19,0,7.3,6.1,92.16,,,,,,,,,,,,,,,,,,,,,,,,,,,,,,,,,,,,
2023,1,7,20,0,7.7,6.5,91.9,,,,,,,,,,,,,,,,,,,,,,,,,,,,,,,,,,,,
2023,1,7,21,0,7.7,6.4,91.46,,,,,,,,,,,,,,,,,,,,,,,,,,,,,,,,,,,,
2023,1,7,22,0,7.5,6.2,91.65,,,,,,,,,,,,,,,,,,,,,,,,,,,,,,,,,,,,
2023,1,7,23,0,7.2,5.9,91.69,,,,,,,,,,,,,,,,,,,,,,,,,,,,,,,,,,,,
2023,1,8,0,0,6.9,5.5,90.57,,,,,,,,,,,,,,,,,,,,,,,,,,,,,,,,,,,,
2023,1,8,1,0,6.5,5.1,90.84,,,,,,,,,,,,,,,,,,,,,,,,,,,,,,,,,,,,
2023,1,8,2,0,5.8,4.6,91.8,,,,,,,,,,,,,,,,,,,,,,,,,,,,,,,,,,,,
2023,1,8,3,0,4.8,3.5,91.44,,,,,,,,,,,,,,,,,,,,,,,,,,,,,,,,,,,,
2023,1,8,4,0,4.8,3.1,88.76,,,,,,,,,,,,,,,,,,,,,,,,,,,,,,,,,,,,
2023,1,8,5,0,5.1,3.1,86.88,,,,,,,,,,,,,,,,,,,,,,,,,,,,,,,,,,,,
2023,1,8,6,0,4.9,2.9,87.08,,,,,,,,,,,,,,,,,,,,,,,,,,,,,,,,,,,,
2023,1,8,7,0,5.2,2.7,83.69,,,,,,,,,,,,,,,,,,,,,,,,,,,,,,,,,,,,
2023,1,8,8,0,5.3,2.8,83.65,,,,,,,,,,,,,,,,,,,,,,,,,,,,,,,,,,,,
2023,1,8,9,0,5.5,3,83.78,,,,,,,,,,,,,,,,,,,,,,,,,,,,,,,,,,,,
2023,1,8,10,0,6,3.3,82.65,,,,,,,,,,,,,,,,,,,,,,,,,,,,,,,,,,,,
2023,1,8,11,0,6.4,3.6,82.18,,,,,,,,,,,,,,,,,,,,,,,,,,,,,,,,,,,,
2023,1,8,12,0,6,3.8,86.03,,,,,,,,,,,,,,,,,,,,,,,,,,,,,,,,,,,,
2023,1,8,13,0,5.8,3.9,87.6,,,,,,,,,,,,,,,,,,,,,,,,,,,,,,,,,,,,
2023,1,8,14,0,6.1,3.9,85.93,,,,,,,,,,,,,,,,,,,,,,,,,,,,,,,,,,,,
2023,1,8,15,0,6.3,4.1,86.06,,,,,,,,,,,,,,,,,,,,,,,,,,,,,,,,,,,,
2023,1,8,16,0,6.1,4.4,88.85,,,,,,,,,,,,,,,,,,,,,,,,,,,,,,,,,,,,
2023,1,8,17,0,6,4.8,91.79,,,,,,,,,,,,,,,,,,,,,,,,,,,,,,,,,,,,
2023,1,8,18,0,6.5,5.3,91.83,,,,,,,,,,,,,,,,,,,,,,,,,,,,,,,,,,,,
2023,1,8,19,0,7.2,5.9,91.38,,,,,,,,,,,,,,,,,,,,,,,,,,,,,,,,,,,,
2023,1,8,20,0,7.5,6.2,91.43,,,,,,,,,,,,,,,,,,,,,,,,,,,,,,,,,,,,
2023,1,8,21,0,7.7,6.5,91.85,,,,,,,,,,,,,,,,,,,,,,,,,,,,,,,,,,,,
2023,1,8,22,0,8,6.7,91.35,,,,,,,,,,,,,,,,,,,,,,,,,,,,,,,,,,,,
2023,1,8,23,0,7.8,6.5,91.22,,,,,,,,,,,,,,,,,,,,,,,,,,,,,,,,,,,,
2023,1,9,0,0,7.3,6,91.65,,,,,,,,,,,,,,,,,,,,,,,,,,,,,,,,,,,,
2023,1,9,1,0,7,5.8,91.79,,,,,,,,,,,,,,,,,,,,,,,,,,,,,,,,,,,,
2023,1,9,2,0,6.7,5.6,92.52,,,,,,,,,,,,,,,,,,,,,,,,,,,,,,,,,,,,
2023,1,9,3,0,6.3,5.3,93.22,,,,,,,,,,,,,,,,,,,,,,,,,,,,,,,,,,,,
2023,1,9,4,0,5.8,4.8,93.55,,,,,,,,,,,,,,,,,,,,,,,,,,,,,,,,,,,,
2023,1,9,5,0,5.6,4.7,94.02,,,,,,,,,,,,,,,,,,,,,,,,,,,,,,,,,,,,
2023,1,9,6,0,5.8,5,94.4,,,,,,,,,,,,,,,,,,,,,,,,,,,,,,,,,,,,
2023,1,9,7,0,5.3,4.6,95.52,,,,,,,,,,,,,,,,,,,,,,,,,,,,,,,,,,,,
2023,1,9,8,0,4.9,4.2,95.27,,,,,,,,,,,,,,,,,,,,,,,,,,,,,,,,,,,,
2023,1,9,9,0,4.5,3.7,94.77,,,,,,,,,,,,,,,,,,,,,,,,,,,,,,,,,,,,
2023,1,9,10,0,4.8,3.6,91.71,,,,,,,,,,,,,,,,,,,,,,,,,,,,,,,,,,,,
2023,1,9,11,0,5.2,3.5,89.08,,,,,,,,,,,,,,,,,,,,,,,,,,,,,,,,,,,,
2023,1,9,12,0,5.1,3.7,90.42,,,,,,,,,,,,,,,,,,,,,,,,,,,,,,,,,,,,
2023,1,9,13,0,5.1,3.6,90.2,,,,,,,,,,,,,,,,,,,,,,,,,,,,,,,,,,,,
2023,1,9,14,0,5.2,3.5,88.51,,,,,,,,,,,,,,,,,,,,,,,,,,,,,,,,,,,,
2023,1,9,15,0,5.4,3.2,85.63,,,,,,,,,,,,,,,,,,,,,,,,,,,,,,,,,,,,
2023,1,9,16,0,5.6,3.4,85.76,,,,,,,,,,,,,,,,,,,,,,,,,,,,,,,,,,,,
2023,1,9,17,0,6.2,3.8,84.75,,,,,,,,,,,,,,,,,,,,,,,,,,,,,,,,,,,,
2023,1,9,18,0,7.1,4.2,81.87,,,,,,,,,,,,,,,,,,,,,,,,,,,,,,,,,,,,
2023,1,9,19,0,7.7,4.9,82.37,,,,,,,,,,,,,,,,,,,,,,,,,,,,,,,,,,,,
2023,1,9,20,0,7.6,5,83.81,,,,,,,,,,,,,,,,,,,,,,,,,,,,,,,,,,,,
2023,1,9,21,0,7.9,5.6,85.25,,,,,,,,,,,,,,,,,,,,,,,,,,,,,,,,,,,,
2023,1,9,22,0,8.1,6,86.49,,,,,,,,,,,,,,,,,,,,,,,,,,,,,,,,,,,,
2023,1,9,23,0,7.8,6.1,88.74,,,,,,,,,,,,,,,,,,,,,,,,,,,,,,,,,,,,
2023,1,10,0,0,7.4,6,90.69,,,,,,,,,,,,,,,,,,,,,,,,,,,,,,,,,,,,
2023,1,10,1,0,7.1,5.9,92.17,,,,,,,,,,,,,,,,,,,,,,,,,,,,,,,,,,,,
2023,1,10,2,0,6.6,5.6,93.28,,,,,,,,,,,,,,,,,,,,,,,,,,,,,,,,,,,,
2023,1,10,3,0,5.9,5.1,94.51,,,,,,,,,,,,,,,,,,,,,,,,,,,,,,,,,,,,
2023,1,10,4,0,5.4,4.7,95.06,,,,,,,,,,,,,,,,,,,,,,,,,,,,,,,,,,,,
2023,1,10,5,0,5.6,4.7,93.94,,,,,,,,,,,,,,,,,,,,,,,,,,,,,,,,,,,,
2023,1,10,6,0,5.8,4.9,93.89,,,,,,,,,,,,,,,,,,,,,,,,,,,,,,,,,,,,
2023,1,10,7,0,5.9,5.1,94.29,,,,,,,,,,,,,,,,,,,,,,,,,,,,,,,,,,,,
2023,1,10,8,0,5.9,5.2,95.26,,,,,,,,,,,,,,,,,,,,,,,,,,,,,,,,,,,,
2023,1,10,9,0,6.2,5.4,94.54,,,,,,,,,,,,,,,,,,,,,,,,,,,,,,,,,,,,
2023,1,10,10,0,6.2,5.4,94.85,,,,,,,,,,,,,,,,,,,,,,,,,,,,,,,,,,,,
2023,1,10,11,0,5.8,5.1,95.36,,,,,,,,,,,,,,,,,,,,,,,,,,,,,,,,,,,,
2023,1,10,12,0,5.1,4.3,94.55,,,,,,,,,,,,,,,,,,,,,,,,,,,,,,,,,,,,
2023,1,10,13,0,4.8,3.8,93.27,,,,,,,,,,,,,,,,,,,,,,,,,,,,,,,,,,,,
2023,1,10,14,0,5,3.3,89.07,,,,,,,,,,,,,,,,,,,,,,,,,,,,,,,,,,,,
2023,1,10,15,0,4.7,2.6,86.5,,,,,,,,,,,,,,,,,,,,,,,,,,,,,,,,,,,,
2023,1,10,16,0,4.8,2.7,86.56,,,,,,,,,,,,,,,,,,,,,,,,,,,,,,,,,,,,
2023,1,10,17,0,6.4,4.7,88.88,,,,,,,,,,,,,,,,,,,,,,,,,,,,,,,,,,,,
2023,1,10,18,0,7.8,5.7,86.56,,,,,,,,,,,,,,,,,,,,,,,,,,,,,,,,,,,,
2023,1,10,19,0,9.2,5.9,79.74,,,,,,,,,,,,,,,,,,,,,,,,,,,,,,,,,,,,
2023,1,10,20,0,10,5.7,74.8,,,,,,,,,,,,,,,,,,,,,,,,,,,,,,,,,,,,
2023,1,10,21,0,10.3,6,74.79,,,,,,,,,,,,,,,,,,,,,,,,,,,,,,,,,,,,
2023,1,10,22,0,9.9,6.3,78.09,,,,,,,,,,,,,,,,,,,,,,,,,,,,,,,,,,,,
2023,1,10,23,0,8.4,5.9,84.32,,,,,,,,,,,,,,,,,,,,,,,,,,,,,,,,,,,,
2023,1,11,0,0,6,4.1,87.44,,,,,,,,,,,,,,,,,,,,,,,,,,,,,,,,,,,,
2023,1,11,1,0,5.6,3,83.39,,,,,,,,,,,,,,,,,,,,,,,,,,,,,,,,,,,,
2023,1,11,2,0,5.3,2.3,81.05,,,,,,,,,,,,,,,,,,,,,,,,,,,,,,,,,,,,
2023,1,11,3,0,5.4,1.8,77.81,,,,,,,,,,,,,,,,,,,,,,,,,,,,,,,,,,,,
2023,1,11,4,0,5.4,1.5,76.16,,,,,,,,,,,,,,,,,,,,,,,,,,,,,,,,,,,,
2023,1,11,5,0,5.2,1.4,76.44,,,,,,,,,,,,,,,,,,,,,,,,,,,,,,,,,,,,
2023,1,11,6,0,4.8,1.3,77.95,,,,,,,,,,,,,,,,,,,,,,,,,,,,,,,,,,,,
2023,1,11,7,0,4.4,1.2,79.46,,,,,,,,,,,,,,,,,,,,,,,,,,,,,,,,,,,,
2023,1,11,8,0,3.7,1.3,84.09,,,,,,,,,,,,,,,,,,,,,,,,,,,,,,,,,,,,
2023,1,11,9,0,3.5,1.4,85.98,,,,,,,,,,,,,,,,,,,,,,,,,,,,,,,,,,,,
2023,1,11,10,0,3.4,1.6,87.8,,,,,,,,,,,,,,,,,,,,,,,,,,,,,,,,,,,,
2023,1,11,11,0,3.1,1.7,90.43,,,,,,,,,,,,,,,,,,,,,,,,,,,,,,,,,,,,
2023,1,11,12,0,3,1.9,92.74,,,,,,,,,,,,,,,,,,,,,,,,,,,,,,,,,,,,
2023,1,11,13,0,3.7,2.6,92.27,,,,,,,,,,,,,,,,,,,,,,,,,,,,,,,,,,,,
2023,1,11,14,0,4.3,3.2,92.61,,,,,,,,,,,,,,,,,,,,,,,,,,,,,,,,,,,,
2023,1,11,15,0,4.8,3.8,93.44,,,,,,,,,,,,,,,,,,,,,,,,,,,,,,,,,,,,
2023,1,11,16,0,5.3,4.3,93.26,,,,,,,,,,,,,,,,,,,,,,,,,,,,,,,,,,,,
2023,1,11,17,0,7,5.5,90.08,,,,,,,,,,,,,,,,,,,,,,,,,,,,,,,,,,,,
2023,1,11,18,0,8.6,6.5,86.85,,,,,,,,,,,,,,,,,,,,,,,,,,,,,,,,,,,,
2023,1,11,19,0,10,7.3,83.47,,,,,,,,,,,,,,,,,,,,,,,,,,,,,,,,,,,,
2023,1,11,20,0,10.8,7.5,79.97,,,,,,,,,,,,,,,,,,,,,,,,,,,,,,,,,,,,
2023,1,11,21,0,10.7,7.4,80.12,,,,,,,,,,,,,,,,,,,,,,,,,,,,,,,,,,,,
2023,1,11,22,0,9.8,6.9,81.91,,,,,,,,,,,,,,,,,,,,,,,,,,,,,,,,,,,,
2023,1,11,23,0,8.4,5.6,82.29,,,,,,,,,,,,,,,,,,,,,,,,,,,,,,,,,,,,
2023,1,12,0,0,7.2,4.4,82.44,,,,,,,,,,,,,,,,,,,,,,,,,,,,,,,,,,,,
2023,1,12,1,0,6.7,3.6,80.7,,,,,,,,,,,,,,,,,,,,,,,,,,,,,,,,,,,,
2023,1,12,2,0,6.6,3.6,81.23,,,,,,,,,,,,,,,,,,,,,,,,,,,,,,,,,,,,
2023,1,12,3,0,6.6,3.8,82.06,,,,,,,,,,,,,,,,,,,,,,,,,,,,,,,,,,,,
2023,1,12,4,0,6.5,4,84.27,,,,,,,,,,,,,,,,,,,,,,,,,,,,,,,,,,,,
2023,1,12,5,0,6.4,4.2,86.04,,,,,,,,,,,,,,,,,,,,,,,,,,,,,,,,,,,,
2023,1,12,6,0,6.7,4.6,86.29,,,,,,,,,,,,,,,,,,,,,,,,,,,,,,,,,,,,
2023,1,12,7,0,7.1,5,86.29,,,,,,,,,,,,,,,,,,,,,,,,,,,,,,,,,,,,
2023,1,12,8,0,7.2,5.2,86.97,,,,,,,,,,,,,,,,,,,,,,,,,,,,,,,,,,,,
2023,1,12,9,0,7.3,5.3,87.37,,,,,,,,,,,,,,,,,,,,,,,,,,,,,,,,,,,,
2023,1,12,10,0,7.6,5.7,87.86,,,,,,,,,,,,,,,,,,,,,,,,,,,,,,,,,,,,
2023,1,12,11,0,8,6.2,88.64,,,,,,,,,,,,,,,,,,,,,,,,,,,,,,,,,,,,
2023,1,12,12,0,8.4,6.4,87.38,,,,,,,,,,,,,,,,,,,,,,,,,,,,,,,,,,,,
2023,1,12,13,0,8.6,6.6,87.44,,,,,,,,,,,,,,,,,,,,,,,,,,,,,,,,,,,,
2023,1,12,14,0,8.8,6.9,87.68,,,,,,,,,,,,,,,,,,,,,,,,,,,,,,,,,,,,
2023,1,12,15,0,8.7,7.1,89.41,,,,,,,,,,,,,,,,,,,,,,,,,,,,,,,,,,,,
2023,1,12,16,0,8.7,7.2,90.12,,,,,,,,,,,,,,,,,,,,,,,,,,,,,,,,,,,,
2023,1,12,17,0,9,7.5,90.14,,,,,,,,,,,,,,,,,,,,,,,,,,,,,,,,,,,,
2023,1,12,18,0,9.4,7.9,90.18,,,,,,,,,,,,,,,,,,,,,,,,,,,,,,,,,,,,
2023,1,12,19,0,9.7,8.2,90.51,,,,,,,,,,,,,,,,,,,,,,,,,,,,,,,,,,,,
2023,1,12,20,0,10,8.5,90.5,,,,,,,,,,,,,,,,,,,,,,,,,,,,,,,,,,,,
2023,1,12,21,0,10.3,8.8,90.24,,,,,,,,,,,,,,,,,,,,,,,,,,,,,,,,,,,,
2023,1,12,22,0,10.4,8.8,90.09,,,,,,,,,,,,,,,,,,,,,,,,,,,,,,,,,,,,
2023,1,12,23,0,10.3,8.6,89.31,,,,,,,,,,,,,,,,,,,,,,,,,,,,,,,,,,,,
2023,1,13,0,0,9.6,8.2,91.12,,,,,,,,,,,,,,,,,,,,,,,,,,,,,,,,,,,,
2023,1,13,1,0,9.4,8.2,92.08,,,,,,,,,,,,,,,,,,,,,,,,,,,,,,,,,,,,
2023,1,13,2,0,9.5,8.3,92.31,,,,,,,,,,,,,,,,,,,,,,,,,,,,,,,,,,,,
2023,1,13,3,0,9.6,8.4,92.18,,,,,,,,,,,,,,,,,,,,,,,,,,,,,,,,,,,,
2023,1,13,4,0,9.5,8.5,93.17,,,,,,,,,,,,,,,,,,,,,,,,,,,,,,,,,,,,
2023,1,13,5,0,9.7,8.4,91.89,,,,,,,,,,,,,,,,,,,,,,,,,,,,,,,,,,,,
2023,1,13,6,0,9.6,8.4,92.38,,,,,,,,,,,,,,,,,,,,,,,,,,,,,,,,,,,,
2023,1,13,7,0,9.1,8.1,93.49,,,,,,,,,,,,,,,,,,,,,,,,,,,,,,,,,,,,
2023,1,13,8,0,8.8,7.7,93.02,,,,,,,,,,,,,,,,,,,,,,,,,,,,,,,,,,,,
2023,1,13,9,0,8.9,7.8,92.72,,,,,,,,,,,,,,,,,,,,,,,,,,,,,,,,,,,,
2023,1,13,10,0,9.3,8,91.33,,,,,,,,,,,,,,,,,,,,,,,,,,,,,,,,,,,,
2023,1,13,11,0,9.3,7.8,90.25,,,,,,,,,,,,,,,,,,,,,,,,,,,,,,,,,,,,
2023,1,13,12,0,9,7.4,89.56,,,,,,,,,,,,,,,,,,,,,,,,,,,,,,,,,,,,
2023,1,13,13,0,8.8,7.4,90.72,,,,,,,,,,,,,,,,,,,,,,,,,,,,,,,,,,,,
2023,1,13,14,0,8.5,7.3,92.28,,,,,,,,,,,,,,,,,,,,,,,,,,,,,,,,,,,,
2023,1,13,15,0,8.2,7.2,93.18,,,,,,,,,,,,,,,,,,,,,,,,,,,,,,,,,,,,
2023,1,13,16,0,8.4,7.5,94.15,,,,,,,,,,,,,,,,,,,,,,,,,,,,,,,,,,,,
2023,1,13,17,0,9.3,8.1,92.49,,,,,,,,,,,,,,,,,,,,,,,,,,,,,,,,,,,,
2023,1,13,18,0,10,8.7,91.87,,,,,,,,,,,,,,,,,,,,,,,,,,,,,,,,,,,,
2023,1,13,19,0,10.3,9.2,92.64,,,,,,,,,,,,,,,,,,,,,,,,,,,,,,,,,,,,
2023,1,13,20,0,10.6,9.4,92.58,,,,,,,,,,,,,,,,,,,,,,,,,,,,,,,,,,,,
2023,1,13,21,0,10.8,9.6,92.27,,,,,,,,,,,,,,,,,,,,,,,,,,,,,,,,,,,,
2023,1,13,22,0,10.5,9.5,93.53,,,,,,,,,,,,,,,,,,,,,,,,,,,,,,,,,,,,
2023,1,13,23,0,9.8,9.1,95.28,,,,,,,,,,,,,,,,,,,,,,,,,,,,,,,,,,,,
2023,1,14,0,0,8.8,8.3,96.68,,,,,,,,,,,,,,,,,,,,,,,,,,,,,,,,,,,,
2023,1,14,1,0,8.5,8,96.57,,,,,,,,,,,,,,,,,,,,,,,,,,,,,,,,,,,,
2023,1,14,2,0,8.3,7.7,96.18,,,,,,,,,,,,,,,,,,,,,,,,,,,,,,,,,,,,
2023,1,14,3,0,8.1,7.5,96.02,,,,,,,,,,,,,,,,,,,,,,,,,,,,,,,,,,,,
2023,1,14,4,0,7.9,7.3,95.72,,,,,,,,,,,,,,,,,,,,,,,,,,,,,,,,,,,,
2023,1,14,5,0,7.9,7.2,95.37,,,,,,,,,,,,,,,,,,,,,,,,,,,,,,,,,,,,
2023,1,14,6,0,8.1,7.4,95.11,,,,,,,,,,,,,,,,,,,,,,,,,,,,,,,,,,,,
2023,1,14,7,0,8.1,7.5,95.76,,,,,,,,,,,,,,,,,,,,,,,,,,,,,,,,,,,,
2023,1,14,8,0,8,7.4,95.73,,,,,,,,,,,,,,,,,,,,,,,,,,,,,,,,,,,,
2023,1,14,9,0,7.9,7.2,95.38,,,,,,,,,,,,,,,,,,,,,,,,,,,,,,,,,,,,
2023,1,14,10,0,7.8,7.1,95.23,,,,,,,,,,,,,,,,,,,,,,,,,,,,,,,,,,,,
2023,1,14,11,0,7.6,7,95.69,,,,,,,,,,,,,,,,,,,,,,,,,,,,,,,,,,,,
2023,1,14,12,0,7.2,6.6,95.82,,,,,,,,,,,,,,,,,,,,,,,,,,,,,,,,,,,,
2023,1,14,13,0,6.5,5.8,95.6,,,,,,,,,,,,,,,,,,,,,,,,,,,,,,,,,,,,
2023,1,14,14,0,6.3,5.5,94.49,,,,,,,,,,,,,,,,,,,,,,,,,,,,,,,,,,,,
2023,1,14,15,0,6.5,5.3,92.34,,,,,,,,,,,,,,,,,,,,,,,,,,,,,,,,,,,,
2023,1,14,16,0,7.4,6,90.61,,,,,,,,,,,,,,,,,,,,,,,,,,,,,,,,,,,,
2023,1,14,17,0,9.1,7.8,91.63,,,,,,,,,,,,,,,,,,,,,,,,,,,,,,,,,,,,
2023,1,14,18,0,10.2,8.7,90.11,,,,,,,,,,,,,,,,,,,,,,,,,,,,,,,,,,,,
2023,1,14,19,0,11.1,9.1,87.46,,,,,,,,,,,,,,,,,,,,,,,,,,,,,,,,,,,,
2023,1,14,20,0,12,9,81.76,,,,,,,,,,,,,,,,,,,,,,,,,,,,,,,,,,,,
2023,1,14,21,0,12.4,8.5,77.07,,,,,,,,,,,,,,,,,,,,,,,,,,,,,,,,,,,,
2023,1,14,22,0,12.2,8,75.58,,,,,,,,,,,,,,,,,,,,,,,,,,,,,,,,,,,,
2023,1,14,23,0,10.7,7.5,80.61,,,,,,,,,,,,,,,,,,,,,,,,,,,,,,,,,,,,
2023,1,15,0,0,8.5,6,84.27,,,,,,,,,,,,,,,,,,,,,,,,,,,,,,,,,,,,
2023,1,15,1,0,7.7,5.4,85.19,,,,,,,,,,,,,,,,,,,,,,,,,,,,,,,,,,,,
2023,1,15,2,0,8.1,5.2,81.87,,,,,,,,,,,,,,,,,,,,,,,,,,,,,,,,,,,,
2023,1,15,3,0,8.3,5.4,81.76,,,,,,,,,,,,,,,,,,,,,,,,,,,,,,,,,,,,
2023,1,15,4,0,8.1,5.8,85.64,,,,,,,,,,,,,,,,,,,,,,,,,,,,,,,,,,,,
2023,1,15,5,0,7.9,6.1,88.38,,,,,,,,,,,,,,,,,,,,,,,,,,,,,,,,,,,,
2023,1,15,6,0,7.9,6.2,89.09,,,,,,,,,,,,,,,,,,,,,,,,,,,,,,,,,,,,
2023,1,15,7,0,7.9,6.1,88.7,,,,,,,,,,,,,,,,,,,,,,,,,,,,,,,,,,,,
2023,1,15,8,0,7.5,5.8,88.83,,,,,,,,,,,,,,,,,,,,,,,,,,,,,,,,,,,,
2023,1,15,9,0,6.9,5.2,88.95,,,,,,,,,,,,,,,,,,,,,,,,,,,,,,,,,,,,
2023,1,15,10,0,6.3,4.5,88.45,,,,,,,,,,,,,,,,,,,,,,,,,,,,,,,,,,,,
2023,1,15,11,0,6,4.1,87.48,,,,,,,,,,,,,,,,,,,,,,,,,,,,,,,,,,,,
2023,1,15,12,0,6,3.8,85.96,,,,,,,,,,,,,,,,,,,,,,,,,,,,,,,,,,,,
2023,1,15,13,0,5.7,3.5,85.84,,,,,,,,,,,,,,,,,,,,,,,,,,,,,,,,,,,,
2023,1,15,14,0,5.3,3.4,87.27,,,,,,,,,,,,,,,,,,,,,,,,,,,,,,,,,,,,
2023,1,15,15,0,5.3,3.4,87.25,,,,,,,,,,,,,,,,,,,,,,,,,,,,,,,,,,,,
2023,1,15,16,0,6.2,4,85.53,,,,,,,,,,,,,,,,,,,,,,,,,,,,,,,,,,,,
2023,1,15,17,0,7.4,5.5,87.54,,,,,,,,,,,,,,,,,,,,,,,,,,,,,,,,,,,,
2023,1,15,18,0,8.4,6.8,89.49,,,,,,,,,,,,,,,,,,,,,,,,,,,,,,,,,,,,
2023,1,15,19,0,8.9,7,88.14,,,,,,,,,,,,,,,,,,,,,,,,,,,,,,,,,,,,
2023,1,15,20,0,8.6,6.8,88.25,,,,,,,,,,,,,,,,,,,,,,,,,,,,,,,,,,,,
2023,1,15,21,0,8,6.2,88.18,,,,,,,,,,,,,,,,,,,,,,,,,,,,,,,,,,,,
2023,1,15,22,0,7.4,5.9,90.28,,,,,,,,,,,,,,,,,,,,,,,,,,,,,,,,,,,,
2023,1,15,23,0,7,5.8,91.89,,,,,,,,,,,,,,,,,,,,,,,,,,,,,,,,,,,,
2023,1,16,0,0,6.6,5.5,92.55,,,,,,,,,,,,,,,,,,,,,,,,,,,,,,,,,,,,
2023,1,16,1,0,6.5,5.4,92.7,,,,,,,,,,,,,,,,,,,,,,,,,,,,,,,,,,,,
2023,1,16,2,0,6.5,5.5,93.25,,,,,,,,,,,,,,,,,,,,,,,,,,,,,,,,,,,,
2023,1,16,3,0,6.5,5.6,93.65,,,,,,,,,,,,,,,,,,,,,,,,,,,,,,,,,,,,
2023,1,16,4,0,6.4,5.5,93.86,,,,,,,,,,,,,,,,,,,,,,,,,,,,,,,,,,,,
2023,1,16,5,0,6.3,5.4,94.1,,,,,,,,,,,,,,,,,,,,,,,,,,,,,,,,,,,,
2023,1,16,6,0,6.2,5.4,94.59,,,,,,,,,,,,,,,,,,,,,,,,,,,,,,,,,,,,
2023,1,16,7,0,6.3,5.5,94.53,,,,,,,,,,,,,,,,,,,,,,,,,,,,,,,,,,,,
2023,1,16,8,0,6.3,5.5,94.73,,,,,,,,,,,,,,,,,,,,,,,,,,,,,,,,,,,,
2023,1,16,9,0,6.2,5.5,95.11,,,,,,,,,,,,,,,,,,,,,,,,,,,,,,,,,,,,
2023,1,16,10,0,6.2,5.4,94.78,,,,,,,,,,,,,,,,,,,,,,,,,,,,,,,,,,,,
2023,1,16,11,0,6.1,5.3,94.81,,,,,,,,,,,,,,,,,,,,,,,,,,,,,,,,,,,,
2023,1,16,12,0,5.9,5.1,94.88,,,,,,,,,,,,,,,,,,,,,,,,,,,,,,,,,,,,
2023,1,16,13,0,5.6,4.9,95.13,,,,,,,,,,,,,,,,,,,,,,,,,,,,,,,,,,,,
2023,1,16,14,0,5.2,4.6,95.88,,,,,,,,,,,,,,,,,,,,,,,,,,,,,,,,,,,,
2023,1,16,15,0,4.9,4.3,96.02,,,,,,,,,,,,,,,,,,,,,,,,,,,,,,,,,,,,
2023,1,16,16,0,5.2,4.5,95.29,,,,,,,,,,,,,,,,,,,,,,,,,,,,,,,,,,,,
2023,1,16,17,0,6,5,93.6,,,,,,,,,,,,,,,,,,,,,,,,,,,,,,,,,,,,
2023,1,16,18,0,6.7,5.5,92.01,,,,,,,,,,,,,,,,,,,,,,,,,,,,,,,,,,,,
2023,1,16,19,0,7.2,5.5,88.88,,,,,,,,,,,,,,,,,,,,,,,,,,,,,,,,,,,,
2023,1,16,20,0,7.5,5.4,86.31,,,,,,,,,,,,,,,,,,,,,,,,,,,,,,,,,,,,
2023,1,16,21,0,7.7,5.2,84.39,,,,,,,,,,,,,,,,,,,,,,,,,,,,,,,,,,,,
2023,1,16,22,0,7.7,5.3,84.68,,,,,,,,,,,,,,,,,,,,,,,,,,,,,,,,,,,,
2023,1,16,23,0,7.1,5.5,89.72,,,,,,,,,,,,,,,,,,,,,,,,,,,,,,,,,,,,
2023,1,17,0,0,5.5,4.6,93.73,,,,,,,,,,,,,,,,,,,,,,,,,,,,,,,,,,,,
2023,1,17,1,0,5,4.3,95.19,,,,,,,,,,,,,,,,,,,,,,,,,,,,,,,,,,,,
2023,1,17,2,0,4.8,4.3,96.78,,,,,,,,,,,,,,,,,,,,,,,,,,,,,,,,,,,,
2023,1,17,3,0,4.6,4.3,97.85,,,,,,,,,,,,,,,,,,,,,,,,,,,,,,,,,,,,
2023,1,17,4,0,4.5,4.2,98.16,,,,,,,,,,,,,,,,,,,,,,,,,,,,,,,,,,,,
2023,1,17,5,0,4.4,4.1,97.94,,,,,,,,,,,,,,,,,,,,,,,,,,,,,,,,,,,,
2023,1,17,6,0,4.3,3.9,97.51,,,,,,,,,,,,,,,,,,,,,,,,,,,,,,,,,,,,
2023,1,17,7,0,4.2,3.8,97.14,,,,,,,,,,,,,,,,,,,,,,,,,,,,,,,,,,,,
2023,1,17,8,0,4.1,3.6,96.71,,,,,,,,,,,,,,,,,,,,,,,,,,,,,,,,,,,,
2023,1,17,9,0,4,3.5,96.39,,,,,,,,,,,,,,,,,,,,,,,,,,,,,,,,,,,,
2023,1,17,10,0,3.9,3.3,95.85,,,,,,,,,,,,,,,,,,,,,,,,,,,,,,,,,,,,
2023,1,17,11,0,4.1,3.4,95.13,,,,,,,,,,,,,,,,,,,,,,,,,,,,,,,,,,,,
2023,1,17,12,0,4.3,3.6,95.36,,,,,,,,,,,,,,,,,,,,,,,,,,,,,,,,,,,,
2023,1,17,13,0,4.6,3.9,95.4,,,,,,,,,,,,,,,,,,,,,,,,,,,,,,,,,,,,
2023,1,17,14,0,4.7,4.1,95.93,,,,,,,,,,,,,,,,,,,,,,,,,,,,,,,,,,,,
2023,1,17,15,0,4.7,4.2,96.54,,,,,,,,,,,,,,,,,,,,,,,,,,,,,,,,,,,,
2023,1,17,16,0,5,4.5,96.73,,,,,,,,,,,,,,,,,,,,,,,,,,,,,,,,,,,,
2023,1,17,17,0,5.8,5.1,95.55,,,,,,,,,,,,,,,,,,,,,,,,,,,,,,,,,,,,
2023,1,17,18,0,6.4,5.6,94.76,,,,,,,,,,,,,,,,,,,,,,,,,,,,,,,,,,,,
2023,1,17,19,0,6.9,5.8,92.66,,,,,,,,,,,,,,,,,,,,,,,,,,,,,,,,,,,,
2023,1,17,20,0,7.4,5.9,89.9,,,,,,,,,,,,,,,,,,,,,,,,,,,,,,,,,,,,
2023,1,17,21,0,7.8,5.9,87.84,,,,,,,,,,,,,,,,,,,,,,,,,,,,,,,,,,,,
2023,1,17,22,0,7.8,6,88.34,,,,,,,,,,,,,,,,,,,,,,,,,,,,,,,,,,,,
2023,1,17,23,0,7.2,5.8,90.89,,,,,,,,,,,,,,,,,,,,,,,,,,,,,,,,,,,,
2023,1,18,0,0,6.4,5.4,93.23,,,,,,,,,,,,,,,,,,,,,,,,,,,,,,,,,,,,
2023,1,18,1,0,6,5.2,94.65,,,,,,,,,,,,,,,,,,,,,,,,,,,,,,,,,,,,
2023,1,18,2,0,5.8,5,94.78,,,,,,,,,,,,,,,,,,,,,,,,,,,,,,,,,,,,
2023,1,18,3,0,5.7,4.8,94.19,,,,,,,,,,,,,,,,,,,,,,,,,,,,,,,,,,,,
2023,1,18,4,0,5.7,4.7,93.59,,,,,,,,,,,,,,,,,,,,,,,,,,,,,,,,,,,,
2023,1,18,5,0,5.6,4.7,93.78,,,,,,,,,,,,,,,,,,,,,,,,,,,,,,,,,,,,
2023,1,18,6,0,5.6,4.6,93.04,,,,,,,,,,,,,,,,,,,,,,,,,,,,,,,,,,,,
2023,1,18,7,0,5.6,4.5,92.71,,,,,,,,,,,,,,,,,,,,,,,,,,,,,,,,,,,,
2023,1,18,8,0,5.6,4.5,92.44,,,,,,,,,,,,,,,,,,,,,,,,,,,,,,,,,,,,
2023,1,18,9,0,5.6,4.5,92.52,,,,,,,,,,,,,,,,,,,,,,,,,,,,,,,,,,,,
2023,1,18,10,0,5.8,4.6,91.68,,,,,,,,,,,,,,,,,,,,,,,,,,,,,,,,,,,,
2023,1,18,11,0,5.9,4.6,91.56,,,,,,,,,,,,,,,,,,,,,,,,,,,,,,,,,,,,
2023,1,18,12,0,6.1,4.8,91.2,,,,,,,,,,,,,,,,,,,,,,,,,,,,,,,,,,,,
2023,1,18,13,0,6.3,4.8,90.27,,,,,,,,,,,,,,,,,,,,,,,,,,,,,,,,,,,,
2023,1,18,14,0,6.4,4.8,89.77,,,,,,,,,,,,,,,,,,,,,,,,,,,,,,,,,,,,
2023,1,18,15,0,6.3,4.8,89.94,,,,,,,,,,,,,,,,,,,,,,,,,,,,,,,,,,,,
2023,1,18,16,0,6,4.6,91.01,,,,,,,,,,,,,,,,,,,,,,,,,,,,,,,,,,,,
2023,1,18,17,0,5.8,4.7,92.41,,,,,,,,,,,,,,,,,,,,,,,,,,,,,,,,,,,,
2023,1,18,18,0,6,4.8,92.2,,,,,,,,,,,,,,,,,,,,,,,,,,,,,,,,,,,,
2023,1,18,19,0,6.2,5,91.81,,,,,,,,,,,,,,,,,,,,,,,,,,,,,,,,,,,,
2023,1,18,20,0,6.2,5,91.83,,,,,,,,,,,,,,,,,,,,,,,,,,,,,,,,,,,,
2023,1,18,21,0,6.1,5,92.96,,,,,,,,,,,,,,,,,,,,,,,,,,,,,,,,,,,,
2023,1,18,22,0,6.2,5.1,92.8,,,,,,,,,,,,,,,,,,,,,,,,,,,,,,,,,,,,
2023,1,18,23,0,6,5,93.53,,,,,,,,,,,,,,,,,,,,,,,,,,,,,,,,,,,,
2023,1,19,0,0,4.9,4,94.11,,,,,,,,,,,,,,,,,,,,,,,,,,,,,,,,,,,,
2023,1,19,1,0,4.2,3.5,94.96,,,,,,,,,,,,,,,,,,,,,,,,,,,,,,,,,,,,
2023,1,19,2,0,3.9,3.2,95.23,,,,,,,,,,,,,,,,,,,,,,,,,,,,,,,,,,,,
2023,1,19,3,0,3.6,2.9,95.51,,,,,,,,,,,,,,,,,,,,,,,,,,,,,,,,,,,,
2023,1,19,4,0,3.4,2.7,95.33,,,,,,,,,,,,,,,,,,,,,,,,,,,,,,,,,,,,
2023,1,19,5,0,3.2,2.5,95.45,,,,,,,,,,,,,,,,,,,,,,,,,,,,,,,,,,,,
2023,1,19,6,0,3,2.3,95.46,,,,,,,,,,,,,,,,,,,,,,,,,,,,,,,,,,,,
2023,1,19,7,0,2.8,2.1,95.45,,,,,,,,,,,,,,,,,,,,,,,,,,,,,,,,,,,,
2023,1,19,8,0,2.6,1.9,95.26,,,,,,,,,,,,,,,,,,,,,,,,,,,,,,,,,,,,
2023,1,19,9,0,2.5,1.8,95.24,,,,,,,,,,,,,,,,,,,,,,,,,,,,,,,,,,,,
2023,1,19,10,0,2.4,1.8,95.62,,,,,,,,,,,,,,,,,,,,,,,,,,,,,,,,,,,,
2023,1,19,11,0,2.5,1.8,95.03,,,,,,,,,,,,,,,,,,,,,,,,,,,,,,,,,,,,
2023,1,19,12,0,2.5,1.8,95.4,,,,,,,,,,,,,,,,,,,,,,,,,,,,,,,,,,,,
2023,1,19,13,0,2.5,1.8,95.41,,,,,,,,,,,,,,,,,,,,,,,,,,,,,,,,,,,,
2023,1,19,14,0,2.4,1.8,95.78,,,,,,,,,,,,,,,,,,,,,,,,,,,,,,,,,,,,
2023,1,19,15,0,2.4,1.9,96.18,,,,,,,,,,,,,,,,,,,,,,,,,,,,,,,,,,,,
2023,1,19,16,0,3,2.3,95.32,,,,,,,,,,,,,,,,,,,,,,,,,,,,,,,,,,,,
2023,1,19,17,0,3.5,2.7,94.47,,,,,,,,,,,,,,,,,,,,,,,,,,,,,,,,,,,,
2023,1,19,18,0,3.9,3,93.74,,,,,,,,,,,,,,,,,,,,,,,,,,,,,,,,,,,,
2023,1,19,19,0,4.3,3.3,92.92,,,,,,,,,,,,,,,,,,,,,,,,,,,,,,,,,,,,
2023,1,19,20,0,4.8,3.5,91.43,,,,,,,,,,,,,,,,,,,,,,,,,,,,,,,,,,,,
2023,1,19,21,0,5.3,3.5,88.36,,,,,,,,,,,,,,,,,,,,,,,,,,,,,,,,,,,,
2023,1,19,22,0,5.5,3.6,87.36,,,,,,,,,,,,,,,,,,,,,,,,,,,,,,,,,,,,
2023,1,19,23,0,4.9,3.5,90.66,,,,,,,,,,,,,,,,,,,,,,,,,,,,,,,,,,,,
2023,1,20,0,0,3.3,2.2,92.4,,,,,,,,,,,,,,,,,,,,,,,,,,,,,,,,,,,,
2023,1,20,1,0,2.5,1.8,94.84,,,,,,,,,,,,,,,,,,,,,,,,,,,,,,,,,,,,
2023,1,20,2,0,2.3,1.8,96.6,,,,,,,,,,,,,,,,,,,,,,,,,,,,,,,,,,,,
2023,1,20,3,0,2.4,1.9,96.55,,,,,,,,,,,,,,,,,,,,,,,,,,,,,,,,,,,,
2023,1,20,4,0,2.4,1.9,96.29,,,,,,,,,,,,,,,,,,,,,,,,,,,,,,,,,,,,
2023,1,20,5,0,2.5,1.9,96.03,,,,,,,,,,,,,,,,,,,,,,,,,,,,,,,,,,,,
2023,1,20,6,0,2.5,1.9,95.66,,,,,,,,,,,,,,,,,,,,,,,,,,,,,,,,,,,,
2023,1,20,7,0,2.6,1.8,94.68,,,,,,,,,,,,,,,,,,,,,,,,,,,,,,,,,,,,
2023,1,20,8,0,2.6,1.8,94.49,,,,,,,,,,,,,,,,,,,,,,,,,,,,,,,,,,,,
2023,1,20,9,0,2.7,1.8,93.71,,,,,,,,,,,,,,,,,,,,,,,,,,,,,,,,,,,,
2023,1,20,10,0,2.7,1.7,92.92,,,,,,,,,,,,,,,,,,,,,,,,,,,,,,,,,,,,
2023,1,20,11,0,2.6,1.5,92.29,,,,,,,,,,,,,,,,,,,,,,,,,,,,,,,,,,,,
2023,1,20,12,0,2.5,1.2,91.38,,,,,,,,,,,,,,,,,,,,,,,,,,,,,,,,,,,,
2023,1,20,13,0,2.6,1.1,89.75,,,,,,,,,,,,,,,,,,,,,,,,,,,,,,,,,,,,
2023,1,20,14,0,2.9,1.1,88.1,,,,,,,,,,,,,,,,,,,,,,,,,,,,,,,,,,,,
2023,1,20,15,0,3.1,1.2,87.52,,,,,,,,,,,,,,,,,,,,,,,,,,,,,,,,,,,,
2023,1,20,16,0,3.6,1.8,88,,,,,,,,,,,,,,,,,,,,,,,,,,,,,,,,,,,,
2023,1,20,17,0,4.8,3.7,92.86,,,,,,,,,,,,,,,,,,,,,,,,,,,,,,,,,,,,
2023,1,20,18,0,7.1,4.2,81.78,,,,,,,,,,,,,,,,,,,,,,,,,,,,,,,,,,,,
2023,1,20,19,0,8,2.9,70.24,,,,,,,,,,,,,,,,,,,,,,,,,,,,,,,,,,,,
2023,1,20,20,0,8.1,2.9,69.57,,,,,,,,,,,,,,,,,,,,,,,,,,,,,,,,,,,,
2023,1,20,21,0,8,2.9,70.12,,,,,,,,,,,,,,,,,,,,,,,,,,,,,,,,,,,,
2023,1,20,22,0,7.8,3.1,72.21,,,,,,,,,,,,,,,,,,,,,,,,,,,,,,,,,,,,
2023,1,20,23,0,6.8,4.2,83.44,,,,,,,,,,,,,,,,,,,,,,,,,,,,,,,,,,,,
2023,1,21,0,0,4.8,2.5,85.02,,,,,,,,,,,,,,,,,,,,,,,,,,,,,,,,,,,,
2023,1,21,1,0,3.7,1.8,87.21,,,,,,,,,,,,,,,,,,,,,,,,,,,,,,,,,,,,
2023,1,21,2,0,3.1,1.5,89.34,,,,,,,,,,,,,,,,,,,,,,,,,,,,,,,,,,,,
2023,1,21,3,0,2.8,1.3,89.99,,,,,,,,,,,,,,,,,,,,,,,,,,,,,,,,,,,,
2023,1,21,4,0,2.5,1.2,90.83,,,,,,,,,,,,,,,,,,,,,,,,,,,,,,,,,,,,
2023,1,21,5,0,2.4,1,90.37,,,,,,,,,,,,,,,,,,,,,,,,,,,,,,,,,,,,
2023,1,21,6,0,2,0.7,91.25,,,,,,,,,,,,,,,,,,,,,,,,,,,,,,,,,,,,
2023,1,21,7,0,1.4,0.5,93.63,,,,,,,,,,,,,,,,,,,,,,,,,,,,,,,,,,,,
2023,1,21,8,0,0.9,0.3,95.83,,,,,,,,,,,,,,,,,,,,,,,,,,,,,,,,,,,,
2023,1,21,9,0,0.8,0.1,94.89,,,,,,,,,,,,,,,,,,,,,,,,,,,,,,,,,,,,
2023,1,21,10,0,0.7,-0.4,92.49,,,,,,,,,,,,,,,,,,,,,,,,,,,,,,,,,,,,
2023,1,21,11,0,0.6,-0.7,91.15,,,,,,,,,,,,,,,,,,,,,,,,,,,,,,,,,,,,
2023,1,21,12,0,0.4,-0.9,90.82,,,,,,,,,,,,,,,,,,,,,,,,,,,,,,,,,,,,
2023,1,21,13,0,0.1,-1,92.1,,,,,,,,,,,,,,,,,,,,,,,,,,,,,,,,,,,,
2023,1,21,14,0,-0.1,-1,93.5,,,,,,,,,,,,,,,,,,,,,,,,,,,,,,,,,,,,
2023,1,21,15,0,-0.1,-0.9,94.43,,,,,,,,,,,,,,,,,,,,,,,,,,,,,,,,,,,,
2023,1,21,16,0,1.3,-0.2,89.92,,,,,,,,,,,,,,,,,,,,,,,,,,,,,,,,,,,,
2023,1,21,17,0,2.5,0.4,86.04,,,,,,,,,,,,,,,,,,,,,,,,,,,,,,,,,,,,
2023,1,21,18,0,3.3,1,84.94,,,,,,,,,,,,,,,,,,,,,,,,,,,,,,,,,,,,
2023,1,21,19,0,3.8,1.7,85.97,,,,,,,,,,,,,,,,,,,,,,,,,,,,,,,,,,,,
2023,1,21,20,0,3.6,1.8,87.83,,,,,,,,,,,,,,,,,,,,,,,,,,,,,,,,,,,,
2023,1,21,21,0,3.7,2,88.38,,,,,,,,,,,,,,,,,,,,,,,,,,,,,,,,,,,,
2023,1,21,22,0,3.9,2.4,89.68,,,,,,,,,,,,,,,,,,,,,,,,,,,,,,,,,,,,
2023,1,21,23,0,4.1,2.9,91.89,,,,,,,,,,,,,,,,,,,,,,,,,,,,,,,,,,,,
2023,1,22,0,0,4.3,3.4,93.78,,,,,,,,,,,,,,,,,,,,,,,,,,,,,,,,,,,,
2023,1,22,1,0,4.3,3.6,95.52,,,,,,,,,,,,,,,,,,,,,,,,,,,,,,,,,,,,
2023,1,22,2,0,4.1,3.5,96.15,,,,,,,,,,,,,,,,,,,,,,,,,,,,,,,,,,,,
2023,1,22,3,0,3.7,3.1,96.15,,,,,,,,,,,,,,,,,,,,,,,,,,,,,,,,,,,,
2023,1,22,4,0,3.7,3.1,95.87,,,,,,,,,,,,,,,,,,,,,,,,,,,,,,,,,,,,
2023,1,22,5,0,3.7,3,95.27,,,,,,,,,,,,,,,,,,,,,,,,,,,,,,,,,,,,
2023,1,22,6,0,3.2,2.6,95.9,,,,,,,,,,,,,,,,,,,,,,,,,,,,,,,,,,,,
2023,1,22,7,0,2.5,1.9,95.99,,,,,,,,,,,,,,,,,,,,,,,,,,,,,,,,,,,,
2023,1,22,8,0,2.4,1.5,93.98,,,,,,,,,,,,,,,,,,,,,,,,,,,,,,,,,,,,
2023,1,22,9,0,2.9,1.6,91.34,,,,,,,,,,,,,,,,,,,,,,,,,,,,,,,,,,,,
2023,1,22,10,0,2.5,1.3,91.67,,,,,,,,,,,,,,,,,,,,,,,,,,,,,,,,,,,,
2023,1,22,11,0,1.9,0.8,92.43,,,,,,,,,,,,,,,,,,,,,,,,,,,,,,,,,,,,
2023,1,22,12,0,1.4,0.5,93.8,,,,,,,,,,,,,,,,,,,,,,,,,,,,,,,,,,,,
2023,1,22,13,0,1.3,0.5,94.22,,,,,,,,,,,,,,,,,,,,,,,,,,,,,,,,,,,,
2023,1,22,14,0,1.5,0.6,93.86,,,,,,,,,,,,,,,,,,,,,,,,,,,,,,,,,,,,
2023,1,22,15,0,1.5,0.6,94.02,,,,,,,,,,,,,,,,,,,,,,,,,,,,,,,,,,,,
2023,1,22,16,0,2.1,1.2,93.81,,,,,,,,,,,,,,,,,,,,,,,,,,,,,,,,,,,,
2023,1,22,17,0,3.7,2.7,93.35,,,,,,,,,,,,,,,,,,,,,,,,,,,,,,,,,,,,
2023,1,22,18,0,5,3.2,88.11,,,,,,,,,,,,,,,,,,,,,,,,,,,,,,,,,,,,
2023,1,22,19,0,5.7,3.3,84.64,,,,,,,,,,,,,,,,,,,,,,,,,,,,,,,,,,,,
2023,1,22,20,0,5.7,2.3,78.85,,,,,,,,,,,,,,,,,,,,,,,,,,,,,,,,,,,,
2023,1,22,21,0,5.7,1.7,75.49,,,,,,,,,,,,,,,,,,,,,,,,,,,,,,,,,,,,
2023,1,22,22,0,5.6,2.1,78.37,,,,,,,,,,,,,,,,,,,,,,,,,,,,,,,,,,,,
2023,1,22,23,0,5.1,2.8,84.99,,,,,,,,,,,,,,,,,,,,,,,,,,,,,,,,,,,,
2023,1,23,0,0,3.8,1.4,84.03,,,,,,,,,,,,,,,,,,,,,,,,,,,,,,,,,,,,
2023,1,23,1,0,3,0.9,86.29,,,,,,,,,,,,,,,,,,,,,,,,,,,,,,,,,,,,
2023,1,23,2,0,2.5,0.9,88.97,,,,,,,,,,,,,,,,,,,,,,,,,,,,,,,,,,,,
2023,1,23,3,0,1.9,0.8,92.23,,,,,,,,,,,,,,,,,,,,,,,,,,,,,,,,,,,,
2023,1,23,4,0,1.4,0.6,94.23,,,,,,,,,,,,,,,,,,,,,,,,,,,,,,,,,,,,
2023,1,23,5,0,0.8,0.4,97.15,,,,,,,,,,,,,,,,,,,,,,,,,,,,,,,,,,,,
2023,1,23,6,0,0.5,0.4,99.07,,,,,,,,,,,,,,,,,,,,,,,,,,,,,,,,,,,,
2023,1,23,7,0,0.7,0.4,97.89,,,,,,,,,,,,,,,,,,,,,,,,,,,,,,,,,,,,
2023,1,23,8,0,0.8,0.3,96.54,,,,,,,,,,,,,,,,,,,,,,,,,,,,,,,,,,,,
2023,1,23,9,0,0.8,0.1,94.96,,,,,,,,,,,,,,,,,,,,,,,,,,,,,,,,,,,,
2023,1,23,10,0,1,0,93.12,,,,,,,,,,,,,,,,,,,,,,,,,,,,,,,,,,,,
2023,1,23,11,0,1.2,0.1,92.12,,,,,,,,,,,,,,,,,,,,,,,,,,,,,,,,,,,,
2023,1,23,12,0,1.4,0.3,92.67,,,,,,,,,,,,,,,,,,,,,,,,,,,,,,,,,,,,
2023,1,23,13,0,1.5,0.6,93.8,,,,,,,,,,,,,,,,,,,,,,,,,,,,,,,,,,,,
2023,1,23,14,0,1.5,0.8,95.03,,,,,,,,,,,,,,,,,,,,,,,,,,,,,,,,,,,,
2023,1,23,15,0,1.4,0.9,96.37,,,,,,,,,,,,,,,,,,,,,,,,,,,,,,,,,,,,
2023,1,23,16,0,2.4,1.7,94.8,,,,,,,,,,,,,,,,,,,,,,,,,,,,,,,,,,,,
2023,1,23,17,0,3.8,2.7,92.59,,,,,,,,,,,,,,,,,,,,,,,,,,,,,,,,,,,,
2023,1,23,18,0,4.9,3.5,90.35,,,,,,,,,,,,,,,,,,,,,,,,,,,,,,,,,,,,
2023,1,23,19,0,5.6,3.9,88.53,,,,,,,,,,,,,,,,,,,,,,,,,,,,,,,,,,,,
2023,1,23,20,0,5.9,4,87.57,,,,,,,,,,,,,,,,,,,,,,,,,,,,,,,,,,,,
2023,1,23,21,0,6,4.3,88.64,,,,,,,,,,,,,,,,,,,,,,,,,,,,,,,,,,,,
2023,1,23,22,0,6.1,4.4,89.13,,,,,,,,,,,,,,,,,,,,,,,,,,,,,,,,,,,,
2023,1,23,23,0,5.7,4.5,91.75,,,,,,,,,,,,,,,,,,,,,,,,,,,,,,,,,,,,
2023,1,24,0,0,4.6,3.4,92.13,,,,,,,,,,,,,,,,,,,,,,,,,,,,,,,,,,,,
2023,1,24,1,0,3.8,2.8,93.25,,,,,,,,,,,,,,,,,,,,,,,,,,,,,,,,,,,,
2023,1,24,2,0,3.4,2.6,94.3,,,,,,,,,,,,,,,,,,,,,,,,,,,,,,,,,,,,
2023,1,24,3,0,3.1,2.4,95.12,,,,,,,,,,,,,,,,,,,,,,,,,,,,,,,,,,,,
2023,1,24,4,0,3.2,2.4,94.65,,,,,,,,,,,,,,,,,,,,,,,,,,,,,,,,,,,,
2023,1,24,5,0,3,2.3,95.02,,,,,,,,,,,,,,,,,,,,,,,,,,,,,,,,,,,,
2023,1,24,6,0,2.8,2.1,94.85,,,,,,,,,,,,,,,,,,,,,,,,,,,,,,,,,,,,
2023,1,24,7,0,2.8,2,94.77,,,,,,,,,,,,,,,,,,,,,,,,,,,,,,,,,,,,
2023,1,24,8,0,2.8,2,94.18,,,,,,,,,,,,,,,,,,,,,,,,,,,,,,,,,,,,
2023,1,24,9,0,2.6,1.8,94.17,,,,,,,,,,,,,,,,,,,,,,,,,,,,,,,,,,,,
2023,1,24,10,0,2.5,1.6,93.69,,,,,,,,,,,,,,,,,,,,,,,,,,,,,,,,,,,,
2023,1,24,11,0,2.6,1.6,93.36,,,,,,,,,,,,,,,,,,,,,,,,,,,,,,,,,,,,
2023,1,24,12,0,2.4,1.6,94.5,,,,,,,,,,,,,,,,,,,,,,,,,,,,,,,,,,,,
2023,1,24,13,0,2.3,1.6,95.25,,,,,,,,,,,,,,,,,,,,,,,,,,,,,,,,,,,,
2023,1,24,14,0,2.2,1.7,96.48,,,,,,,,,,,,,,,,,,,,,,,,,,,,,,,,,,,,
2023,1,24,15,0,2.4,2,97.08,,,,,,,,,,,,,,,,,,,,,,,,,,,,,,,,,,,,
2023,1,24,16,0,3.4,2.8,95.64,,,,,,,,,,,,,,,,,,,,,,,,,,,,,,,,,,,,
2023,1,24,17,0,4.4,3.7,94.96,,,,,,,,,,,,,,,,,,,,,,,,,,,,,,,,,,,,
2023,1,24,18,0,5.3,4.4,93.96,,,,,,,,,,,,,,,,,,,,,,,,,,,,,,,,,,,,
2023,1,24,19,0,5.9,4.9,93.05,,,,,,,,,,,,,,,,,,,,,,,,,,,,,,,,,,,,
2023,1,24,20,0,6.2,5.1,92.57,,,,,,,,,,,,,,,,,,,,,,,,,,,,,,,,,,,,
2023,1,24,21,0,6.4,5.2,92.2,,,,,,,,,,,,,,,,,,,,,,,,,,,,,,,,,,,,
2023,1,24,22,0,6.4,5.3,92.96,,,,,,,,,,,,,,,,,,,,,,,,,,,,,,,,,,,,
2023,1,24,23,0,6.1,5.3,94.85,,,,,,,,,,,,,,,,,,,,,,,,,,,,,,,,,,,,
2023,1,25,0,0,5.3,4.7,95.75,,,,,,,,,,,,,,,,,,,,,,,,,,,,,,,,,,,,
2023,1,25,1,0,5,4.4,95.9,,,,,,,,,,,,,,,,,,,,,,,,,,,,,,,,,,,,
2023,1,25,2,0,5,4.4,95.56,,,,,,,,,,,,,,,,,,,,,,,,,,,,,,,,,,,,
2023,1,25,3,0,5.1,4.3,94.67,,,,,,,,,,,,,,,,,,,,,,,,,,,,,,,,,,,,
2023,1,25,4,0,5.1,4.3,94.67,,,,,,,,,,,,,,,,,,,,,,,,,,,,,,,,,,,,
2023,1,25,5,0,5.2,4.4,94.44,,,,,,,,,,,,,,,,,,,,,,,,,,,,,,,,,,,,
2023,1,25,6,0,5.4,4.5,93.61,,,,,,,,,,,,,,,,,,,,,,,,,,,,,,,,,,,,
2023,1,25,7,0,5.5,4.5,93.5,,,,,,,,,,,,,,,,,,,,,,,,,,,,,,,,,,,,
2023,1,25,8,0,5.5,4.5,93.56,,,,,,,,,,,,,,,,,,,,,,,,,,,,,,,,,,,,
2023,1,25,9,0,5.5,4.5,93.24,,,,,,,,,,,,,,,,,,,,,,,,,,,,,,,,,,,,
2023,1,25,10,0,5.5,4.5,93.18,,,,,,,,,,,,,,,,,,,,,,,,,,,,,,,,,,,,
2023,1,25,11,0,5.5,4.5,93.34,,,,,,,,,,,,,,,,,,,,,,,,,,,,,,,,,,,,
2023,1,25,12,0,5.4,4.5,93.86,,,,,,,,,,,,,,,,,,,,,,,,,,,,,,,,,,,,
2023,1,25,13,0,5.3,4.5,94.33,,,,,,,,,,,,,,,,,,,,,,,,,,,,,,,,,,,,
2023,1,25,14,0,5.2,4.5,94.97,,,,,,,,,,,,,,,,,,,,,,,,,,,,,,,,,,,,
2023,1,25,15,0,5.1,4.4,95.13,,,,,,,,,,,,,,,,,,,,,,,,,,,,,,,,,,,,
2023,1,25,16,0,5.5,4.8,95.58,,,,,,,,,,,,,,,,,,,,,,,,,,,,,,,,,,,,
2023,1,25,17,0,6.4,5.8,96.01,,,,,,,,,,,,,,,,,,,,,,,,,,,,,,,,,,,,
2023,1,25,18,0,6.9,6,94.09,,,,,,,,,,,,,,,,,,,,,,,,,,,,,,,,,,,,
2023,1,25,19,0,7.2,6,91.98,,,,,,,,,,,,,,,,,,,,,,,,,,,,,,,,,,,,
2023,1,25,20,0,7.2,5.7,90.17,,,,,,,,,,,,,,,,,,,,,,,,,,,,,,,,,,,,
2023,1,25,21,0,7.2,5.5,89.04,,,,,,,,,,,,,,,,,,,,,,,,,,,,,,,,,,,,
2023,1,25,22,0,7,5.3,88.73,,,,,,,,,,,,,,,,,,,,,,,,,,,,,,,,,,,,
2023,1,25,23,0,6.7,5.1,89.73,,,,,,,,,,,,,,,,,,,,,,,,,,,,,,,,,,,,
2023,1,26,0,0,6,4.8,91.75,,,,,,,,,,,,,,,,,,,,,,,,,,,,,,,,,,,,
2023,1,26,1,0,5.4,4.4,93.16,,,,,,,,,,,,,,,,,,,,,,,,,,,,,,,,,,,,
2023,1,26,2,0,5.3,4.2,92.86,,,,,,,,,,,,,,,,,,,,,,,,,,,,,,,,,,,,
2023,1,26,3,0,5.1,4.1,93.47,,,,,,,,,,,,,,,,,,,,,,,,,,,,,,,,,,,,
2023,1,26,4,0,4.9,4,93.97,,,,,,,,,,,,,,,,,,,,,,,,,,,,,,,,,,,,
2023,1,26,5,0,4.8,3.9,93.65,,,,,,,,,,,,,,,,,,,,,,,,,,,,,,,,,,,,
2023,1,26,6,0,4.7,3.7,93.31,,,,,,,,,,,,,,,,,,,,,,,,,,,,,,,,,,,,
2023,1,26,7,0,4.6,3.6,93.01,,,,,,,,,,,,,,,,,,,,,,,,,,,,,,,,,,,,
2023,1,26,8,0,4.4,3.4,93.08,,,,,,,,,,,,,,,,,,,,,,,,,,,,,,,,,,,,
2023,1,26,9,0,4.3,3.2,92.26,,,,,,,,,,,,,,,,,,,,,,,,,,,,,,,,,,,,
2023,1,26,10,0,4,3,93.07,,,,,,,,,,,,,,,,,,,,,,,,,,,,,,,,,,,,
2023,1,26,11,0,3.6,2.7,93.85,,,,,,,,,,,,,,,,,,,,,,,,,,,,,,,,,,,,
2023,1,26,12,0,3.5,2.7,94.38,,,,,,,,,,,,,,,,,,,,,,,,,,,,,,,,,,,,
2023,1,26,13,0,3.7,2.9,94.56,,,,,,,,,,,,,,,,,,,,,,,,,,,,,,,,,,,,
2023,1,26,14,0,3.7,3,94.88,,,,,,,,,,,,,,,,,,,,,,,,,,,,,,,,,,,,
2023,1,26,15,0,3.4,2.8,95.66,,,,,,,,,,,,,,,,,,,,,,,,,,,,,,,,,,,,
2023,1,26,16,0,4,3.3,94.99,,,,,,,,,,,,,,,,,,,,,,,,,,,,,,,,,,,,
2023,1,26,17,0,4.9,3.7,91.92,,,,,,,,,,,,,,,,,,,,,,,,,,,,,,,,,,,,
2023,1,26,18,0,5.4,4,90.75,,,,,,,,,,,,,,,,,,,,,,,,,,,,,,,,,,,,
2023,1,26,19,0,5.8,4.3,90.07,,,,,,,,,,,,,,,,,,,,,,,,,,,,,,,,,,,,
2023,1,26,20,0,5.9,4.5,90.68,,,,,,,,,,,,,,,,,,,,,,,,,,,,,,,,,,,,
2023,1,26,21,0,6,4.7,91.25,,,,,,,,,,,,,,,,,,,,,,,,,,,,,,,,,,,,
2023,1,26,22,0,6,4.9,92.47,,,,,,,,,,,,,,,,,,,,,,,,,,,,,,,,,,,,
2023,1,26,23,0,5.8,5,94.42,,,,,,,,,,,,,,,,,,,,,,,,,,,,,,,,,,,,
2023,1,27,0,0,5.4,4.8,95.88,,,,,,,,,,,,,,,,,,,,,,,,,,,,,,,,,,,,
2023,1,27,1,0,5.2,4.7,96.74,,,,,,,,,,,,,,,,,,,,,,,,,,,,,,,,,,,,
2023,1,27,2,0,5.2,4.7,96.77,,,,,,,,,,,,,,,,,,,,,,,,,,,,,,,,,,,,
2023,1,27,3,0,5.3,4.8,96.46,,,,,,,,,,,,,,,,,,,,,,,,,,,,,,,,,,,,
2023,1,27,4,0,5.4,4.9,96.43,,,,,,,,,,,,,,,,,,,,,,,,,,,,,,,,,,,,
2023,1,27,5,0,5.5,5,96.37,,,,,,,,,,,,,,,,,,,,,,,,,,,,,,,,,,,,
2023,1,27,6,0,5.6,5.1,96.34,,,,,,,,,,,,,,,,,,,,,,,,,,,,,,,,,,,,
2023,1,27,7,0,5.6,5.1,96.78,,,,,,,,,,,,,,,,,,,,,,,,,,,,,,,,,,,,
2023,1,27,8,0,5.6,5.2,97,,,,,,,,,,,,,,,,,,,,,,,,,,,,,,,,,,,,
2023,1,27,9,0,5.6,5.1,96.43,,,,,,,,,,,,,,,,,,,,,,,,,,,,,,,,,,,,
2023,1,27,10,0,5.2,4.7,96.71,,,,,,,,,,,,,,,,,,,,,,,,,,,,,,,,,,,,
2023,1,27,11,0,5.2,4.5,95.49,,,,,,,,,,,,,,,,,,,,,,,,,,,,,,,,,,,,
2023,1,27,12,0,5.6,4.6,93.53,,,,,,,,,,,,,,,,,,,,,,,,,,,,,,,,,,,,
2023,1,27,13,0,5.4,4.5,93.96,,,,,,,,,,,,,,,,,,,,,,,,,,,,,,,,,,,,
2023,1,27,14,0,5.2,4.6,95.75,,,,,,,,,,,,,,,,,,,,,,,,,,,,,,,,,,,,
2023,1,27,15,0,5.4,4.7,95.55,,,,,,,,,,,,,,,,,,,,,,,,,,,,,,,,,,,,
2023,1,27,16,0,6,5.4,95.61,,,,,,,,,,,,,,,,,,,,,,,,,,,,,,,,,,,,
2023,1,27,17,0,6.7,6,95.55,,,,,,,,,,,,,,,,,,,,,,,,,,,,,,,,,,,,
2023,1,27,18,0,7.4,6.4,93.38,,,,,,,,,,,,,,,,,,,,,,,,,,,,,,,,,,,,
2023,1,27,19,0,8,6.4,89.5,,,,,,,,,,,,,,,,,,,,,,,,,,,,,,,,,,,,
2023,1,27,20,0,8.4,6.1,85.6,,,,,,,,,,,,,,,,,,,,,,,,,,,,,,,,,,,,
2023,1,27,21,0,8.7,6,82.98,,,,,,,,,,,,,,,,,,,,,,,,,,,,,,,,,,,,
2023,1,27,22,0,8.5,6,84.36,,,,,,,,,,,,,,,,,,,,,,,,,,,,,,,,,,,,
2023,1,27,23,0,7.8,6.5,91.54,,,,,,,,,,,,,,,,,,,,,,,,,,,,,,,,,,,,
2023,1,28,0,0,6.6,5.1,90.31,,,,,,,,,,,,,,,,,,,,,,,,,,,,,,,,,,,,
2023,1,28,1,0,5.6,4.5,92.76,,,,,,,,,,,,,,,,,,,,,,,,,,,,,,,,,,,,
2023,1,28,2,0,5.2,4.5,95.24,,,,,,,,,,,,,,,,,,,,,,,,,,,,,,,,,,,,
2023,1,28,3,0,5.3,4.6,95.46,,,,,,,,,,,,,,,,,,,,,,,,,,,,,,,,,,,,
2023,1,28,4,0,5.4,4.7,95.12,,,,,,,,,,,,,,,,,,,,,,,,,,,,,,,,,,,,
2023,1,28,5,0,5.5,4.7,94.35,,,,,,,,,,,,,,,,,,,,,,,,,,,,,,,,,,,,
2023,1,28,6,0,5.4,4.5,93.67,,,,,,,,,,,,,,,,,,,,,,,,,,,,,,,,,,,,
2023,1,28,7,0,5.2,4.2,93.44,,,,,,,,,,,,,,,,,,,,,,,,,,,,,,,,,,,,
2023,1,28,8,0,4.9,4.1,94.86,,,,,,,,,,,,,,,,,,,,,,,,,,,,,,,,,,,,
2023,1,28,9,0,5,4.3,95.15,,,,,,,,,,,,,,,,,,,,,,,,,,,,,,,,,,,,
2023,1,28,10,0,5,4.3,95.43,,,,,,,,,,,,,,,,,,,,,,,,,,,,,,,,,,,,
2023,1,28,11,0,4.7,4.1,96.13,,,,,,,,,,,,,,,,,,,,,,,,,,,,,,,,,,,,
2023,1,28,12,0,4.2,3.6,95.57,,,,,,,,,,,,,,,,,,,,,,,,,,,,,,,,,,,,
2023,1,28,13,0,3.4,2.8,95.7,,,,,,,,,,,,,,,,,,,,,,,,,,,,,,,,,,,,
2023,1,28,14,0,3.1,2.4,95.18,,,,,,,,,,,,,,,,,,,,,,,,,,,,,,,,,,,,
2023,1,28,15,0,3.1,2.4,95.33,,,,,,,,,,,,,,,,,,,,,,,,,,,,,,,,,,,,
2023,1,28,16,0,3.8,3.1,95.49,,,,,,,,,,,,,,,,,,,,,,,,,,,,,,,,,,,,
2023,1,28,17,0,4.6,3.9,95.51,,,,,,,,,,,,,,,,,,,,,,,,,,,,,,,,,,,,
2023,1,28,18,0,5.1,4.3,94.53,,,,,,,,,,,,,,,,,,,,,,,,,,,,,,,,,,,,
2023,1,28,19,0,5.6,4.3,91.58,,,,,,,,,,,,,,,,,,,,,,,,,,,,,,,,,,,,
2023,1,28,20,0,6.1,4,86.24,,,,,,,,,,,,,,,,,,,,,,,,,,,,,,,,,,,,
2023,1,28,21,0,6.3,3.3,80.95,,,,,,,,,,,,,,,,,,,,,,,,,,,,,,,,,,,,
2023,1,28,22,0,6.3,2.5,76.53,,,,,,,,,,,,,,,,,,,,,,,,,,,,,,,,,,,,
2023,1,28,23,0,5.6,1.7,76.26,,,,,,,,,,,,,,,,,,,,,,,,,,,,,,,,,,,,
2023,1,29,0,0,3.3,0.4,81.29,,,,,,,,,,,,,,,,,,,,,,,,,,,,,,,,,,,,
2023,1,29,1,0,1.5,-1.4,81.31,,,,,,,,,,,,,,,,,,,,,,,,,,,,,,,,,,,,
2023,1,29,2,0,0.5,-2.3,81.31,,,,,,,,,,,,,,,,,,,,,,,,,,,,,,,,,,,,
2023,1,29,3,0,-0.4,-2.8,83.62,,,,,,,,,,,,,,,,,,,,,,,,,,,,,,,,,,,,
2023,1,29,4,0,-1.1,-3.2,85.56,,,,,,,,,,,,,,,,,,,,,,,,,,,,,,,,,,,,
2023,1,29,5,0,-1.6,-3.5,86.73,,,,,,,,,,,,,,,,,,,,,,,,,,,,,,,,,,,,
2023,1,29,6,0,-1.9,-4.1,84.89,,,,,,,,,,,,,,,,,,,,,,,,,,,,,,,,,,,,
2023,1,29,7,0,-2.3,-4.8,83.12,,,,,,,,,,,,,,,,,,,,,,,,,,,,,,,,,,,,
2023,1,29,8,0,-2.9,-5.4,83.01,,,,,,,,,,,,,,,,,,,,,,,,,,,,,,,,,,,,
2023,1,29,9,0,-3.4,-5.8,83.25,,,,,,,,,,,,,,,,,,,,,,,,,,,,,,,,,,,,
2023,1,29,10,0,-3.6,-6.1,82.53,,,,,,,,,,,,,,,,,,,,,,,,,,,,,,,,,,,,
2023,1,29,11,0,-3.7,-6.4,81.41,,,,,,,,,,,,,,,,,,,,,,,,,,,,,,,,,,,,
2023,1,29,12,0,-3.7,-6.5,80.77,,,,,,,,,,,,,,,,,,,,,,,,,,,,,,,,,,,,
2023,1,29,13,0,-3.6,-6.5,80.25,,,,,,,,,,,,,,,,,,,,,,,,,,,,,,,,,,,,
2023,1,29,14,0,-3.6,-6.4,80.64,,,,,,,,,,,,,,,,,,,,,,,,,,,,,,,,,,,,
2023,1,29,15,0,-3.6,-6.3,81.73,,,,,,,,,,,,,,,,,,,,,,,,,,,,,,,,,,,,
2023,1,29,16,0,-1.5,-5.4,74.93,,,,,,,,,,,,,,,,,,,,,,,,,,,,,,,,,,,,
2023,1,29,17,0,0.5,-6.7,58.64,,,,,,,,,,,,,,,,,,,,,,,,,,,,,,,,,,,,
2023,1,29,18,0,1.7,-8.4,47.22,,,,,,,,,,,,,,,,,,,,,,,,,,,,,,,,,,,,
2023,1,29,19,0,2.5,-8.9,42.71,,,,,,,,,,,,,,,,,,,,,,,,,,,,,,,,,,,,
2023,1,29,20,0,2.9,-8.8,42.06,,,,,,,,,,,,,,,,,,,,,,,,,,,,,,,,,,,,
2023,1,29,21,0,3,-8.6,42.26,,,,,,,,,,,,,,,,,,,,,,,,,,,,,,,,,,,,
2023,1,29,22,0,2.9,-8.1,44.18,,,,,,,,,,,,,,,,,,,,,,,,,,,,,,,,,,,,
2023,1,29,23,0,1.9,-5,60.36,,,,,,,,,,,,,,,,,,,,,,,,,,,,,,,,,,,,
2023,1,30,0,0,-0.6,-6.5,64.14,,,,,,,,,,,,,,,,,,,,,,,,,,,,,,,,,,,,
2023,1,30,1,0,-1.9,-7.9,63.77,,,,,,,,,,,,,,,,,,,,,,,,,,,,,,,,,,,,
2023,1,30,2,0,-2.3,-7.6,66.84,,,,,,,,,,,,,,,,,,,,,,,,,,,,,,,,,,,,
2023,1,30,3,0,-2.6,-7.5,68.8,,,,,,,,,,,,,,,,,,,,,,,,,,,,,,,,,,,,
2023,1,30,4,0,-2.9,-7.6,70.16,,,,,,,,,,,,,,,,,,,,,,,,,,,,,,,,,,,,
2023,1,30,5,0,-3.1,-7.5,71.77,,,,,,,,,,,,,,,,,,,,,,,,,,,,,,,,,,,,
2023,1,30,6,0,-3.3,-7.2,74.52,,,,,,,,,,,,,,,,,,,,,,,,,,,,,,,,,,,,
2023,1,30,7,0,-3.4,-7,76.37,,,,,,,,,,,,,,,,,,,,,,,,,,,,,,,,,,,,
2023,1,30,8,0,-3.1,-7.3,72.88,,,,,,,,,,,,,,,,,,,,,,,,,,,,,,,,,,,,
2023,1,30,9,0,-2.7,-7.5,69.6,,,,,,,,,,,,,,,,,,,,,,,,,,,,,,,,,,,,
2023,1,30,10,0,-2.4,-7.6,67.54,,,,,,,,,,,,,,,,,,,,,,,,,,,,,,,,,,,,
2023,1,30,11,0,-2.3,-7.6,66.78,,,,,,,,,,,,,,,,,,,,,,,,,,,,,,,,,,,,
2023,1,30,12,0,-2.5,-7.6,68.07,,,,,,,,,,,,,,,,,,,,,,,,,,,,,,,,,,,,
2023,1,30,13,0,-2.7,-7.5,69.71,,,,,,,,,,,,,,,,,,,,,,,,,,,,,,,,,,,,
2023,1,30,14,0,-2.7,-7.5,69.8,,,,,,,,,,,,,,,,,,,,,,,,,,,,,,,,,,,,
2023,1,30,15,0,-2.7,-7.3,70.48,,,,,,,,,,,,,,,,,,,,,,,,,,,,,,,,,,,,
2023,1,30,16,0,-1.4,-6.3,69.53,,,,,,,,,,,,,,,,,,,,,,,,,,,,,,,,,,,,
2023,1,30,17,0,0.3,-7.1,57.62,,,,,,,,,,,,,,,,,,,,,,,,,,,,,,,,,,,,
2023,1,30,18,0,1.9,-7.2,50.77,,,,,,,,,,,,,,,,,,,,,,,,,,,,,,,,,,,,
2023,1,30,19,0,3,-7.1,47.53,,,,,,,,,,,,,,,,,,,,,,,,,,,,,,,,,,,,
2023,1,30,20,0,3.8,-6.6,46.78,,,,,,,,,,,,,,,,,,,,,,,,,,,,,,,,,,,,
2023,1,30,21,0,4.2,-5.8,48.24,,,,,,,,,,,,,,,,,,,,,,,,,,,,,,,,,,,,
2023,1,30,22,0,4.1,-5.1,51.28,,,,,,,,,,,,,,,,,,,,,,,,,,,,,,,,,,,,
2023,1,30,23,0,2.9,-2.3,68.86,,,,,,,,,,,,,,,,,,,,,,,,,,,,,,,,,,,,
2023,1,31,0,0,0.8,-3.4,73.76,,,,,,,,,,,,,,,,,,,,,,,,,,,,,,,,,,,,
2023,1,31,1,0,-0.1,-3.8,76.34,,,,,,,,,,,,,,,,,,,,,,,,,,,,,,,,,,,,
2023,1,31,2,0,-0.2,-3.2,80.05,,,,,,,,,,,,,,,,,,,,,,,,,,,,,,,,,,,,
2023,1,31,3,0,-0.3,-3.1,81.27,,,,,,,,,,,,,,,,,,,,,,,,,,,,,,,,,,,,
2023,1,31,4,0,-0.4,-3.1,81.7,,,,,,,,,,,,,,,,,,,,,,,,,,,,,,,,,,,,
2023,1,31,5,0,-0.3,-3.1,81.55,,,,,,,,,,,,,,,,,,,,,,,,,,,,,,,,,,,,
2023,1,31,6,0,-0.5,-3.1,82.86,,,,,,,,,,,,,,,,,,,,,,,,,,,,,,,,,,,,
2023,1,31,7,0,-0.5,-2.9,83.52,,,,,,,,,,,,,,,,,,,,,,,,,,,,,,,,,,,,
2023,1,31,8,0,-0.4,-2.9,83.16,,,,,,,,,,,,,,,,,,,,,,,,,,,,,,,,,,,,
2023,1,31,9,0,-0.4,-2.9,83.06,,,,,,,,,,,,,,,,,,,,,,,,,,,,,,,,,,,,
2023,1,31,10,0,-0.1,-2.8,81.92,,,,,,,,,,,,,,,,,,,,,,,,,,,,,,,,,,,,
2023,1,31,11,0,-0.1,-2.8,81.97,,,,,,,,,,,,,,,,,,,,,,,,,,,,,,,,,,,,
2023,1,31,12,0,-0.1,-2.9,81.26,,,,,,,,,,,,,,,,,,,,,,,,,,,,,,,,,,,,
2023,1,31,13,0,-0.2,-3,81.17,,,,,,,,,,,,,,,,,,,,,,,,,,,,,,,,,,,,
2023,1,31,14,0,-0.1,-3.1,80.31,,,,,,,,,,,,,,,,,,,,,,,,,,,,,,,,,,,,
2023,1,31,15,0,0.1,-3,79.49,,,,,,,,,,,,,,,,,,,,,,,,,,,,,,,,,,,,
2023,1,31,16,0,0.7,-2.6,78.76,,,,,,,,,,,,,,,,,,,,,,,,,,,,,,,,,,,,
2023,1,31,17,0,1.8,-1.8,76.82,,,,,,,,,,,,,,,,,,,,,,,,,,,,,,,,,,,,
2023,1,31,18,0,3.1,-2.9,64.56,,,,,,,,,,,,,,,,,,,,,,,,,,,,,,,,,,,,
2023,1,31,19,0,3.9,-3.1,60.4,,,,,,,,,,,,,,,,,,,,,,,,,,,,,,,,,,,,
2023,1,31,20,0,4.3,-2.6,60.93,,,,,,,,,,,,,,,,,,,,,,,,,,,,,,,,,,,,
2023,1,31,21,0,4.5,-2,62.68,,,,,,,,,,,,,,,,,,,,,,,,,,,,,,,,,,,,
2023,1,31,22,0,4.3,-0.7,70.2,,,,,,,,,,,,,,,,,,,,,,,,,,,,,,,,,,,,
2023,1,31,23,0,3.1,0.1,80.94,,,,,,,,,,,,,,,,,,,,,,,,,,,,,,,,,,,,
2023,2,1,0,0,1.8,-1.5,78.85,,,,,,,,,,,,,,,,,,,,,,,,,,,,,,,,,,,,
2023,2,1,1,0,1.1,-1.8,80.84,,,,,,,,,,,,,,,,,,,,,,,,,,,,,,,,,,,,
2023,2,1,2,0,1.1,-1.5,82.68,,,,,,,,,,,,,,,,,,,,,,,,,,,,,,,,,,,,
2023,2,1,3,0,1.1,-1.5,82.92,,,,,,,,,,,,,,,,,,,,,,,,,,,,,,,,,,,,
2023,2,1,4,0,1.1,-1.5,83.01,,,,,,,,,,,,,,,,,,,,,,,,,,,,,,,,,,,,
2023,2,1,5,0,1.2,-1.4,82.81,,,,,,,,,,,,,,,,,,,,,,,,,,,,,,,,,,,,
2023,2,1,6,0,1.2,-1.4,83.07,,,,,,,,,,,,,,,,,,,,,,,,,,,,,,,,,,,,
2023,2,1,7,0,1.3,-1.1,83.79,,,,,,,,,,,,,,,,,,,,,,,,,,,,,,,,,,,,
2023,2,1,8,0,1.4,-0.9,84.88,,,,,,,,,,,,,,,,,,,,,,,,,,,,,,,,,,,,
2023,2,1,9,0,1.3,-0.7,86.43,,,,,,,,,,,,,,,,,,,,,,,,,,,,,,,,,,,,
2023,2,1,10,0,1.3,-0.6,86.91,,,,,,,,,,,,,,,,,,,,,,,,,,,,,,,,,,,,
2023,2,1,11,0,1.3,-0.7,86.47,,,,,,,,,,,,,,,,,,,,,,,,,,,,,,,,,,,,
2023,2,1,12,0,1.3,-0.9,85.52,,,,,,,,,,,,,,,,,,,,,,,,,,,,,,,,,,,,
2023,2,1,13,0,1.5,-1,83.66,,,,,,,,,,,,,,,,,,,,,,,,,,,,,,,,,,,,
2023,2,1,14,0,1.4,-1.1,83.27,,,,,,,,,,,,,,,,,,,,,,,,,,,,,,,,,,,,
2023,2,1,15,0,1.4,-1.2,82.61,,,,,,,,,,,,,,,,,,,,,,,,,,,,,,,,,,,,
2023,2,1,16,0,2.2,-0.5,82.29,,,,,,,,,,,,,,,,,,,,,,,,,,,,,,,,,,,,
2023,2,1,17,0,3.2,0.5,82.59,,,,,,,,,,,,,,,,,,,,,,,,,,,,,,,,,,,,
2023,2,1,18,0,4.1,1.1,81.05,,,,,,,,,,,,,,,,,,,,,,,,,,,,,,,,,,,,
2023,2,1,19,0,4.9,1.5,78.69,,,,,,,,,,,,,,,,,,,,,,,,,,,,,,,,,,,,
2023,2,1,20,0,5.7,1.3,73.6,,,,,,,,,,,,,,,,,,,,,,,,,,,,,,,,,,,,
2023,2,1,21,0,6.7,0.7,65.66,,,,,,,,,,,,,,,,,,,,,,,,,,,,,,,,,,,,
2023,2,1,22,0,6.9,1.2,67.25,,,,,,,,,,,,,,,,,,,,,,,,,,,,,,,,,,,,
2023,2,1,23,0,6.1,2,75,,,,,,,,,,,,,,,,,,,,,,,,,,,,,,,,,,,,
2023,2,2,0,0,4.4,-0.4,71.03,,,,,,,,,,,,,,,,,,,,,,,,,,,,,,,,,,,,
2023,2,2,1,0,3.4,-1.5,70.13,,,,,,,,,,,,,,,,,,,,,,,,,,,,,,,,,,,,
2023,2,2,2,0,3.1,-1.6,71.5,,,,,,,,,,,,,,,,,,,,,,,,,,,,,,,,,,,,
2023,2,2,3,0,2.9,-2,70.1,,,,,,,,,,,,,,,,,,,,,,,,,,,,,,,,,,,,
2023,2,2,4,0,2.6,-2.2,70.55,,,,,,,,,,,,,,,,,,,,,,,,,,,,,,,,,,,,
2023,2,2,5,0,2.7,-2.5,68.68,,,,,,,,,,,,,,,,,,,,,,,,,,,,,,,,,,,,
2023,2,2,6,0,2.8,-2.5,68.04,,,,,,,,,,,,,,,,,,,,,,,,,,,,,,,,,,,,
2023,2,2,7,0,2.9,-2.3,68.43,,,,,,,,,,,,,,,,,,,,,,,,,,,,,,,,,,,,
2023,2,2,8,0,2.7,-2.4,68.99,,,,,,,,,,,,,,,,,,,,,,,,,,,,,,,,,,,,
2023,2,2,9,0,2.3,-2.7,69.49,,,,,,,,,,,,,,,,,,,,,,,,,,,,,,,,,,,,
2023,2,2,10,0,2,-2.8,70.29,,,,,,,,,,,,,,,,,,,,,,,,,,,,,,,,,,,,
2023,2,2,11,0,2.2,-2.5,71.24,,,,,,,,,,,,,,,,,,,,,,,,,,,,,,,,,,,,
2023,2,2,12,0,2.2,-2.3,72.04,,,,,,,,,,,,,,,,,,,,,,,,,,,,,,,,,,,,
2023,2,2,13,0,2,-2.4,72.43,,,,,,,,,,,,,,,,,,,,,,,,,,,,,,,,,,,,
2023,2,2,14,0,1.5,-2.5,74.85,,,,,,,,,,,,,,,,,,,,,,,,,,,,,,,,,,,,
2023,2,2,15,0,1.3,-2.4,76.51,,,,,,,,,,,,,,,,,,,,,,,,,,,,,,,,,,,,
2023,2,2,16,0,2.6,-0.7,78.72,,,,,,,,,,,,,,,,,,,,,,,,,,,,,,,,,,,,
2023,2,2,17,0,4.8,0.6,74.34,,,,,,,,,,,,,,,,,,,,,,,,,,,,,,,,,,,,
2023,2,2,18,0,6.3,1.4,70.8,,,,,,,,,,,,,,,,,,,,,,,,,,,,,,,,,,,,
2023,2,2,19,0,7.3,2.6,72.14,,,,,,,,,,,,,,,,,,,,,,,,,,,,,,,,,,,,
2023,2,2,20,0,7.9,3.6,74.25,,,,,,,,,,,,,,,,,,,,,,,,,,,,,,,,,,,,
2023,2,2,21,0,8.2,3.9,74.31,,,,,,,,,,,,,,,,,,,,,,,,,,,,,,,,,,,,
2023,2,2,22,0,8.3,5,79.88,,,,,,,,,,,,,,,,,,,,,,,,,,,,,,,,,,,,
2023,2,2,23,0,7.6,5.3,85.4,,,,,,,,,,,,,,,,,,,,,,,,,,,,,,,,,,,,
2023,2,3,0,0,6.3,3.3,80.94,,,,,,,,,,,,,,,,,,,,,,,,,,,,,,,,,,,,
2023,2,3,1,0,5,2.4,83.06,,,,,,,,,,,,,,,,,,,,,,,,,,,,,,,,,,,,
2023,2,3,2,0,4.5,2.1,84.39,,,,,,,,,,,,,,,,,,,,,,,,,,,,,,,,,,,,
2023,2,3,3,0,4.7,1.9,81.89,,,,,,,,,,,,,,,,,,,,,,,,,,,,,,,,,,,,
2023,2,3,4,0,4.7,1.7,81.09,,,,,,,,,,,,,,,,,,,,,,,,,,,,,,,,,,,,
2023,2,3,5,0,4.4,1.7,82.53,,,,,,,,,,,,,,,,,,,,,,,,,,,,,,,,,,,,
2023,2,3,6,0,4.3,1.8,83.69,,,,,,,,,,,,,,,,,,,,,,,,,,,,,,,,,,,,
2023,2,3,7,0,4.1,1.9,85.7,,,,,,,,,,,,,,,,,,,,,,,,,,,,,,,,,,,,
2023,2,3,8,0,4.1,2.1,86.56,,,,,,,,,,,,,,,,,,,,,,,,,,,,,,,,,,,,
2023,2,3,9,0,4,2.1,87.37,,,,,,,,,,,,,,,,,,,,,,,,,,,,,,,,,,,,
2023,2,3,10,0,3.5,2,89.99,,,,,,,,,,,,,,,,,,,,,,,,,,,,,,,,,,,,
2023,2,3,11,0,3.4,2.3,92.44,,,,,,,,,,,,,,,,,,,,,,,,,,,,,,,,,,,,
2023,2,3,12,0,3.6,2.3,91.18,,,,,,,,,,,,,,,,,,,,,,,,,,,,,,,,,,,,
2023,2,3,13,0,3.8,1.5,85.24,,,,,,,,,,,,,,,,,,,,,,,,,,,,,,,,,,,,
2023,2,3,14,0,4.4,1.6,81.94,,,,,,,,,,,,,,,,,,,,,,,,,,,,,,,,,,,,
2023,2,3,15,0,4.5,1.8,82.91,,,,,,,,,,,,,,,,,,,,,,,,,,,,,,,,,,,,
2023,2,3,16,0,4.2,2,85.54,,,,,,,,,,,,,,,,,,,,,,,,,,,,,,,,,,,,
2023,2,3,17,0,5.1,2.4,82.97,,,,,,,,,,,,,,,,,,,,,,,,,,,,,,,,,,,,
2023,2,3,18,0,7,3.5,78.42,,,,,,,,,,,,,,,,,,,,,,,,,,,,,,,,,,,,
2023,2,3,19,0,9,4.8,74.96,,,,,,,,,,,,,,,,,,,,,,,,,,,,,,,,,,,,
2023,2,3,20,0,9.5,4.7,71.81,,,,,,,,,,,,,,,,,,,,,,,,,,,,,,,,,,,,
2023,2,3,21,0,9.6,5.3,74.65,,,,,,,,,,,,,,,,,,,,,,,,,,,,,,,,,,,,
2023,2,3,22,0,9.3,5.9,79.16,,,,,,,,,,,,,,,,,,,,,,,,,,,,,,,,,,,,
2023,2,3,23,0,8.8,6.2,83.96,,,,,,,,,,,,,,,,,,,,,,,,,,,,,,,,,,,,
2023,2,4,0,0,8.1,6.2,87.96,,,,,,,,,,,,,,,,,,,,,,,,,,,,,,,,,,,,
2023,2,4,1,0,7.6,6,89.67,,,,,,,,,,,,,,,,,,,,,,,,,,,,,,,,,,,,
2023,2,4,2,0,7.3,5.9,90.87,,,,,,,,,,,,,,,,,,,,,,,,,,,,,,,,,,,,
2023,2,4,3,0,7,5.9,92.49,,,,,,,,,,,,,,,,,,,,,,,,,,,,,,,,,,,,
2023,2,4,4,0,6.7,5.8,93.86,,,,,,,,,,,,,,,,,,,,,,,,,,,,,,,,,,,,
2023,2,4,5,0,6.4,5.6,94.57,,,,,,,,,,,,,,,,,,,,,,,,,,,,,,,,,,,,
2023,2,4,6,0,6.1,5.5,95.69,,,,,,,,,,,,,,,,,,,,,,,,,,,,,,,,,,,,
2023,2,4,7,0,6,5.4,96.05,,,,,,,,,,,,,,,,,,,,,,,,,,,,,,,,,,,,
2023,2,4,8,0,6,5.5,96.29,,,,,,,,,,,,,,,,,,,,,,,,,,,,,,,,,,,,
2023,2,4,9,0,6.1,5.5,95.99,,,,,,,,,,,,,,,,,,,,,,,,,,,,,,,,,,,,
2023,2,4,10,0,6.1,5.4,95.33,,,,,,,,,,,,,,,,,,,,,,,,,,,,,,,,,,,,
2023,2,4,11,0,5.9,5.2,95.23,,,,,,,,,,,,,,,,,,,,,,,,,,,,,,,,,,,,
2023,2,4,12,0,5.8,5.1,95.49,,,,,,,,,,,,,,,,,,,,,,,,,,,,,,,,,,,,
2023,2,4,13,0,5.9,5.2,95.18,,,,,,,,,,,,,,,,,,,,,,,,,,,,,,,,,,,,
2023,2,4,14,0,6.1,5.4,95.17,,,,,,,,,,,,,,,,,,,,,,,,,,,,,,,,,,,,
2023,2,4,15,0,6.4,5.7,95.38,,,,,,,,,,,,,,,,,,,,,,,,,,,,,,,,,,,,
2023,2,4,16,0,7.1,6.4,95.04,,,,,,,,,,,,,,,,,,,,,,,,,,,,,,,,,,,,
2023,2,4,17,0,8,7.2,94.72,,,,,,,,,,,,,,,,,,,,,,,,,,,,,,,,,,,,
2023,2,4,18,0,8.7,7.8,94.16,,,,,,,,,,,,,,,,,,,,,,,,,,,,,,,,,,,,
2023,2,4,19,0,9.2,8.2,93.16,,,,,,,,,,,,,,,,,,,,,,,,,,,,,,,,,,,,
2023,2,4,20,0,9.2,8.1,92.93,,,,,,,,,,,,,,,,,,,,,,,,,,,,,,,,,,,,
2023,2,4,21,0,9.1,8,93.11,,,,,,,,,,,,,,,,,,,,,,,,,,,,,,,,,,,,
2023,2,4,22,0,8.8,7.9,94.07,,,,,,,,,,,,,,,,,,,,,,,,,,,,,,,,,,,,
2023,2,4,23,0,8.1,7.4,95.13,,,,,,,,,,,,,,,,,,,,,,,,,,,,,,,,,,,,
2023,2,5,0,0,7.3,6.6,95.03,,,,,,,,,,,,,,,,,,,,,,,,,,,,,,,,,,,,
2023,2,5,1,0,6.8,6,94.9,,,,,,,,,,,,,,,,,,,,,,,,,,,,,,,,,,,,
2023,2,5,2,0,6.6,5.7,94.12,,,,,,,,,,,,,,,,,,,,,,,,,,,,,,,,,,,,
2023,2,5,3,0,6.3,5.4,94.08,,,,,,,,,,,,,,,,,,,,,,,,,,,,,,,,,,,,
2023,2,5,4,0,6,5.1,93.69,,,,,,,,,,,,,,,,,,,,,,,,,,,,,,,,,,,,
2023,2,5,5,0,6,4.8,91.97,,,,,,,,,,,,,,,,,,,,,,,,,,,,,,,,,,,,
2023,2,5,6,0,6,4.6,90.96,,,,,,,,,,,,,,,,,,,,,,,,,,,,,,,,,,,,
2023,2,5,7,0,5.8,4.4,90.44,,,,,,,,,,,,,,,,,,,,,,,,,,,,,,,,,,,,
2023,2,5,8,0,5.3,4,91.32,,,,,,,,,,,,,,,,,,,,,,,,,,,,,,,,,,,,
2023,2,5,9,0,5.1,3.8,91.36,,,,,,,,,,,,,,,,,,,,,,,,,,,,,,,,,,,,
2023,2,5,10,0,4.9,3.7,91.83,,,,,,,,,,,,,,,,,,,,,,,,,,,,,,,,,,,,
2023,2,5,11,0,5.3,3.7,89.4,,,,,,,,,,,,,,,,,,,,,,,,,,,,,,,,,,,,
2023,2,5,12,0,5.1,3.6,90.05,,,,,,,,,,,,,,,,,,,,,,,,,,,,,,,,,,,,
2023,2,5,13,0,4.3,3.2,92.68,,,,,,,,,,,,,,,,,,,,,,,,,,,,,,,,,,,,
2023,2,5,14,0,3.8,2.9,93.72,,,,,,,,,,,,,,,,,,,,,,,,,,,,,,,,,,,,
2023,2,5,15,0,4,2.9,92.37,,,,,,,,,,,,,,,,,,,,,,,,,,,,,,,,,,,,
2023,2,5,16,0,5.4,4,90.98,,,,,,,,,,,,,,,,,,,,,,,,,,,,,,,,,,,,
2023,2,5,17,0,6.6,5.3,91.61,,,,,,,,,,,,,,,,,,,,,,,,,,,,,,,,,,,,
2023,2,5,18,0,7.4,6.1,91.18,,,,,,,,,,,,,,,,,,,,,,,,,,,,,,,,,,,,
2023,2,5,19,0,8.5,6.6,87.99,,,,,,,,,,,,,,,,,,,,,,,,,,,,,,,,,,,,
2023,2,5,20,0,9,6.7,85.42,,,,,,,,,,,,,,,,,,,,,,,,,,,,,,,,,,,,
2023,2,5,21,0,9,6.8,86.04,,,,,,,,,,,,,,,,,,,,,,,,,,,,,,,,,,,,
2023,2,5,22,0,8.7,7.1,89.42,,,,,,,,,,,,,,,,,,,,,,,,,,,,,,,,,,,,
2023,2,5,23,0,8.2,7.2,93.15,,,,,,,,,,,,,,,,,,,,,,,,,,,,,,,,,,,,
2023,2,6,0,0,7.2,6.4,94.56,,,,,,,,,,,,,,,,,,,,,,,,,,,,,,,,,,,,
2023,2,6,1,0,6.5,5.7,94.69,,,,,,,,,,,,,,,,,,,,,,,,,,,,,,,,,,,,
2023,2,6,2,0,5.9,5.3,95.91,,,,,,,,,,,,,,,,,,,,,,,,,,,,,,,,,,,,
2023,2,6,3,0,5.4,4.8,95.67,,,,,,,,,,,,,,,,,,,,,,,,,,,,,,,,,,,,
2023,2,6,4,0,5,4.2,94.73,,,,,,,,,,,,,,,,,,,,,,,,,,,,,,,,,,,,
2023,2,6,5,0,4.4,3.7,95.33,,,,,,,,,,,,,,,,,,,,,,,,,,,,,,,,,,,,
2023,2,6,6,0,3.9,3.3,95.88,,,,,,,,,,,,,,,,,,,,,,,,,,,,,,,,,,,,
2023,2,6,7,0,3.6,3.1,96.41,,,,,,,,,,,,,,,,,,,,,,,,,,,,,,,,,,,,
2023,2,6,8,0,3.4,2.9,96.58,,,,,,,,,,,,,,,,,,,,,,,,,,,,,,,,,,,,
2023,2,6,9,0,3.3,2.9,97.04,,,,,,,,,,,,,,,,,,,,,,,,,,,,,,,,,,,,
2023,2,6,10,0,3.8,3.3,96.27,,,,,,,,,,,,,,,,,,,,,,,,,,,,,,,,,,,,
2023,2,6,11,0,4,3.5,96.3,,,,,,,,,,,,,,,,,,,,,,,,,,,,,,,,,,,,
2023,2,6,12,0,4.1,3.6,96.61,,,,,,,,,,,,,,,,,,,,,,,,,,,,,,,,,,,,
2023,2,6,13,0,4.3,3.8,96.62,,,,,,,,,,,,,,,,,,,,,,,,,,,,,,,,,,,,
2023,2,6,14,0,4.5,4,96.85,,,,,,,,,,,,,,,,,,,,,,,,,,,,,,,,,,,,
2023,2,6,15,0,4.9,4.4,96.4,,,,,,,,,,,,,,,,,,,,,,,,,,,,,,,,,,,,
2023,2,6,16,0,5.5,5,96.25,,,,,,,,,,,,,,,,,,,,,,,,,,,,,,,,,,,,
2023,2,6,17,0,6.3,5.7,96.01,,,,,,,,,,,,,,,,,,,,,,,,,,,,,,,,,,,,
2023,2,6,18,0,7,6.3,95.31,,,,,,,,,,,,,,,,,,,,,,,,,,,,,,,,,,,,
2023,2,6,19,0,7.5,6.6,93.97,,,,,,,,,,,,,,,,,,,,,,,,,,,,,,,,,,,,
2023,2,6,20,0,7.7,6.6,92.76,,,,,,,,,,,,,,,,,,,,,,,,,,,,,,,,,,,,
2023,2,6,21,0,7.8,6.6,91.95,,,,,,,,,,,,,,,,,,,,,,,,,,,,,,,,,,,,
2023,2,6,22,0,7.8,6.6,91.86,,,,,,,,,,,,,,,,,,,,,,,,,,,,,,,,,,,,
2023,2,6,23,0,7.7,6.5,92.11,,,,,,,,,,,,,,,,,,,,,,,,,,,,,,,,,,,,
2023,2,7,0,0,7.3,6.3,93.32,,,,,,,,,,,,,,,,,,,,,,,,,,,,,,,,,,,,
2023,2,7,1,0,7.1,6.2,93.9,,,,,,,,,,,,,,,,,,,,,,,,,,,,,,,,,,,,
2023,2,7,2,0,7.2,6.3,93.82,,,,,,,,,,,,,,,,,,,,,,,,,,,,,,,,,,,,
2023,2,7,3,0,7.3,6.4,93.91,,,,,,,,,,,,,,,,,,,,,,,,,,,,,,,,,,,,
2023,2,7,4,0,7.3,6.4,94.2,,,,,,,,,,,,,,,,,,,,,,,,,,,,,,,,,,,,
2023,2,7,5,0,7.2,6.4,94.56,,,,,,,,,,,,,,,,,,,,,,,,,,,,,,,,,,,,
2023,2,7,6,0,7.2,6.3,94.18,,,,,,,,,,,,,,,,,,,,,,,,,,,,,,,,,,,,
2023,2,7,7,0,7.1,6.2,94.28,,,,,,,,,,,,,,,,,,,,,,,,,,,,,,,,,,,,
2023,2,7,8,0,7.1,6.1,93.63,,,,,,,,,,,,,,,,,,,,,,,,,,,,,,,,,,,,
2023,2,7,9,0,6.9,6,93.81,,,,,,,,,,,,,,,,,,,,,,,,,,,,,,,,,,,,
2023,2,7,10,0,6.8,5.8,93.44,,,,,,,,,,,,,,,,,,,,,,,,,,,,,,,,,,,,
2023,2,7,11,0,6.8,5.7,92.81,,,,,,,,,,,,,,,,,,,,,,,,,,,,,,,,,,,,
2023,2,7,12,0,6.7,5.6,92.54,,,,,,,,,,,,,,,,,,,,,,,,,,,,,,,,,,,,
2023,2,7,13,0,6.6,5.5,92.42,,,,,,,,,,,,,,,,,,,,,,,,,,,,,,,,,,,,
2023,2,7,14,0,6.6,5.4,91.88,,,,,,,,,,,,,,,,,,,,,,,,,,,,,,,,,,,,
2023,2,7,15,0,6.7,5.4,91.15,,,,,,,,,,,,,,,,,,,,,,,,,,,,,,,,,,,,
2023,2,7,16,0,6.9,5.5,90.79,,,,,,,,,,,,,,,,,,,,,,,,,,,,,,,,,,,,
2023,2,7,17,0,7.2,5.7,90.02,,,,,,,,,,,,,,,,,,,,,,,,,,,,,,,,,,,,
2023,2,7,18,0,7.4,5.9,90.13,,,,,,,,,,,,,,,,,,,,,,,,,,,,,,,,,,,,
2023,2,7,19,0,7.8,6.3,89.97,,,,,,,,,,,,,,,,,,,,,,,,,,,,,,,,,,,,
2023,2,7,20,0,8.4,6.7,88.8,,,,,,,,,,,,,,,,,,,,,,,,,,,,,,,,,,,,
2023,2,7,21,0,8.6,6.6,87.3,,,,,,,,,,,,,,,,,,,,,,,,,,,,,,,,,,,,
2023,2,7,22,0,8.6,6,83.95,,,,,,,,,,,,,,,,,,,,,,,,,,,,,,,,,,,,
2023,2,7,23,0,7.9,5.3,83.82,,,,,,,,,,,,,,,,,,,,,,,,,,,,,,,,,,,,
2023,2,8,0,0,6.8,4.8,87.32,,,,,,,,,,,,,,,,,,,,,,,,,,,,,,,,,,,,
2023,2,8,1,0,5.9,4.4,90.1,,,,,,,,,,,,,,,,,,,,,,,,,,,,,,,,,,,,
2023,2,8,2,0,5.5,4.3,92.22,,,,,,,,,,,,,,,,,,,,,,,,,,,,,,,,,,,,
2023,2,8,3,0,5.2,4.3,93.74,,,,,,,,,,,,,,,,,,,,,,,,,,,,,,,,,,,,
2023,2,8,4,0,4.9,4.1,94.66,,,,,,,,,,,,,,,,,,,,,,,,,,,,,,,,,,,,
2023,2,8,5,0,4.6,3.9,95.19,,,,,,,,,,,,,,,,,,,,,,,,,,,,,,,,,,,,
2023,2,8,6,0,4.3,3.7,95.68,,,,,,,,,,,,,,,,,,,,,,,,,,,,,,,,,,,,
2023,2,8,7,0,4,3.4,95.8,,,,,,,,,,,,,,,,,,,,,,,,,,,,,,,,,,,,
2023,2,8,8,0,3.7,3.1,96.05,,,,,,,,,,,,,,,,,,,,,,,,,,,,,,,,,,,,
2023,2,8,9,0,3.3,2.8,96.42,,,,,,,,,,,,,,,,,,,,,,,,,,,,,,,,,,,,
2023,2,8,10,0,3.2,2.7,96.67,,,,,,,,,,,,,,,,,,,,,,,,,,,,,,,,,,,,
2023,2,8,11,0,3.2,2.7,96.3,,,,,,,,,,,,,,,,,,,,,,,,,,,,,,,,,,,,
2023,2,8,12,0,3.2,2.6,95.95,,,,,,,,,,,,,,,,,,,,,,,,,,,,,,,,,,,,
2023,2,8,13,0,3.1,2.5,95.82,,,,,,,,,,,,,,,,,,,,,,,,,,,,,,,,,,,,
2023,2,8,14,0,2.9,2.4,96.35,,,,,,,,,,,,,,,,,,,,,,,,,,,,,,,,,,,,
2023,2,8,15,0,3.1,2.5,95.95,,,,,,,,,,,,,,,,,,,,,,,,,,,,,,,,,,,,
2023,2,8,16,0,3.5,2.9,95.55,,,,,,,,,,,,,,,,,,,,,,,,,,,,,,,,,,,,
2023,2,8,17,0,4,3.3,95.15,,,,,,,,,,,,,,,,,,,,,,,,,,,,,,,,,,,,
2023,2,8,18,0,5,4,92.95,,,,,,,,,,,,,,,,,,,,,,,,,,,,,,,,,,,,
2023,2,8,19,0,5.8,4.1,88.88,,,,,,,,,,,,,,,,,,,,,,,,,,,,,,,,,,,,
2023,2,8,20,0,6.4,4,84.66,,,,,,,,,,,,,,,,,,,,,,,,,,,,,,,,,,,,
2023,2,8,21,0,6.7,3.9,82.54,,,,,,,,,,,,,,,,,,,,,,,,,,,,,,,,,,,,
2023,2,8,22,0,6.8,4.5,85.03,,,,,,,,,,,,,,,,,,,,,,,,,,,,,,,,,,,,
2023,2,8,23,0,6.7,4.8,87.96,,,,,,,,,,,,,,,,,,,,,,,,,,,,,,,,,,,,
2023,2,9,0,0,5.7,4.1,89.15,,,,,,,,,,,,,,,,,,,,,,,,,,,,,,,,,,,,
2023,2,9,1,0,4.4,2.7,88.76,,,,,,,,,,,,,,,,,,,,,,,,,,,,,,,,,,,,
2023,2,9,2,0,4,2.4,89.39,,,,,,,,,,,,,,,,,,,,,,,,,,,,,,,,,,,,
2023,2,9,3,0,3.8,2.3,89.75,,,,,,,,,,,,,,,,,,,,,,,,,,,,,,,,,,,,
2023,2,9,4,0,3.9,2.2,88.82,,,,,,,,,,,,,,,,,,,,,,,,,,,,,,,,,,,,
2023,2,9,5,0,3.8,2.3,89.92,,,,,,,,,,,,,,,,,,,,,,,,,,,,,,,,,,,,
2023,2,9,6,0,3.5,2,89.79,,,,,,,,,,,,,,,,,,,,,,,,,,,,,,,,,,,,
2023,2,9,7,0,3.2,1.5,88.87,,,,,,,,,,,,,,,,,,,,,,,,,,,,,,,,,,,,
2023,2,9,8,0,3.1,1.4,88.44,,,,,,,,,,,,,,,,,,,,,,,,,,,,,,,,,,,,
2023,2,9,9,0,3.4,1.4,86.96,,,,,,,,,,,,,,,,,,,,,,,,,,,,,,,,,,,,
2023,2,9,10,0,3.8,1.7,86.13,,,,,,,,,,,,,,,,,,,,,,,,,,,,,,,,,,,,
2023,2,9,11,0,4.2,2,85.71,,,,,,,,,,,,,,,,,,,,,,,,,,,,,,,,,,,,
2023,2,9,12,0,4.5,2.3,85.41,,,,,,,,,,,,,,,,,,,,,,,,,,,,,,,,,,,,
2023,2,9,13,0,4.7,2.4,85.22,,,,,,,,,,,,,,,,,,,,,,,,,,,,,,,,,,,,
2023,2,9,14,0,4.8,2.5,84.91,,,,,,,,,,,,,,,,,,,,,,,,,,,,,,,,,,,,
2023,2,9,15,0,4.9,2.4,84.13,,,,,,,,,,,,,,,,,,,,,,,,,,,,,,,,,,,,
2023,2,9,16,0,5.5,3.2,84.98,,,,,,,,,,,,,,,,,,,,,,,,,,,,,,,,,,,,
2023,2,9,17,0,6.9,4.4,84.27,,,,,,,,,,,,,,,,,,,,,,,,,,,,,,,,,,,,
2023,2,9,18,0,8.8,4.8,75.91,,,,,,,,,,,,,,,,,,,,,,,,,,,,,,,,,,,,
2023,2,9,19,0,9.7,5,72.56,,,,,,,,,,,,,,,,,,,,,,,,,,,,,,,,,,,,
2023,2,9,20,0,10.8,5.4,69.31,,,,,,,,,,,,,,,,,,,,,,,,,,,,,,,,,,,,
2023,2,9,21,0,11.7,6.1,68.33,,,,,,,,,,,,,,,,,,,,,,,,,,,,,,,,,,,,
2023,2,9,22,0,11.9,6.8,71.11,,,,,,,,,,,,,,,,,,,,,,,,,,,,,,,,,,,,
2023,2,9,23,0,11,7.3,78.07,,,,,,,,,,,,,,,,,,,,,,,,,,,,,,,,,,,,
2023,2,10,0,0,8.7,6.5,86.27,,,,,,,,,,,,,,,,,,,,,,,,,,,,,,,,,,,,
2023,2,10,1,0,6.5,4.8,88.78,,,,,,,,,,,,,,,,,,,,,,,,,,,,,,,,,,,,
2023,2,10,2,0,5.7,3.8,87.76,,,,,,,,,,,,,,,,,,,,,,,,,,,,,,,,,,,,
2023,2,10,3,0,5.8,3.4,84.31,,,,,,,,,,,,,,,,,,,,,,,,,,,,,,,,,,,,
2023,2,10,4,0,6.3,3.3,81,,,,,,,,,,,,,,,,,,,,,,,,,,,,,,,,,,,,
2023,2,10,5,0,6.7,3.8,81.61,,,,,,,,,,,,,,,,,,,,,,,,,,,,,,,,,,,,
2023,2,10,6,0,7.1,4.9,85.69,,,,,,,,,,,,,,,,,,,,,,,,,,,,,,,,,,,,
2023,2,10,7,0,7.5,5.8,88.81,,,,,,,,,,,,,,,,,,,,,,,,,,,,,,,,,,,,
2023,2,10,8,0,7.6,6.4,92.28,,,,,,,,,,,,,,,,,,,,,,,,,,,,,,,,,,,,
2023,2,10,9,0,7.5,6.7,94.65,,,,,,,,,,,,,,,,,,,,,,,,,,,,,,,,,,,,
2023,2,10,10,0,7.1,6.5,96.11,,,,,,,,,,,,,,,,,,,,,,,,,,,,,,,,,,,,
2023,2,10,11,0,6.6,6.2,97.02,,,,,,,,,,,,,,,,,,,,,,,,,,,,,,,,,,,,
2023,2,10,12,0,6.2,5.8,97.52,,,,,,,,,,,,,,,,,,,,,,,,,,,,,,,,,,,,
2023,2,10,13,0,6.1,5.6,96.7,,,,,,,,,,,,,,,,,,,,,,,,,,,,,,,,,,,,
2023,2,10,14,0,6,5.5,96.35,,,,,,,,,,,,,,,,,,,,,,,,,,,,,,,,,,,,
2023,2,10,15,0,5.7,5.2,96.77,,,,,,,,,,,,,,,,,,,,,,,,,,,,,,,,,,,,
2023,2,10,16,0,6.4,5.8,95.99,,,,,,,,,,,,,,,,,,,,,,,,,,,,,,,,,,,,
2023,2,10,17,0,7.3,6.3,93.65,,,,,,,,,,,,,,,,,,,,,,,,,,,,,,,,,,,,
2023,2,10,18,0,8.4,6.6,88.17,,,,,,,,,,,,,,,,,,,,,,,,,,,,,,,,,,,,
2023,2,10,19,0,9.6,6.2,79.38,,,,,,,,,,,,,,,,,,,,,,,,,,,,,,,,,,,,
2023,2,10,20,0,10.2,5.6,73.09,,,,,,,,,,,,,,,,,,,,,,,,,,,,,,,,,,,,
2023,2,10,21,0,10.5,5.3,70.22,,,,,,,,,,,,,,,,,,,,,,,,,,,,,,,,,,,,
2023,2,10,22,0,10.3,5.4,71.86,,,,,,,,,,,,,,,,,,,,,,,,,,,,,,,,,,,,
2023,2,10,23,0,10,6.2,77.26,,,,,,,,,,,,,,,,,,,,,,,,,,,,,,,,,,,,
2023,2,11,0,0,8.9,5.2,77.54,,,,,,,,,,,,,,,,,,,,,,,,,,,,,,,,,,,,
2023,2,11,1,0,7.9,4.3,77.87,,,,,,,,,,,,,,,,,,,,,,,,,,,,,,,,,,,,
2023,2,11,2,0,7.4,4.4,81.06,,,,,,,,,,,,,,,,,,,,,,,,,,,,,,,,,,,,
2023,2,11,3,0,6.4,4.4,87.09,,,,,,,,,,,,,,,,,,,,,,,,,,,,,,,,,,,,
2023,2,11,4,0,5.3,4.2,92.77,,,,,,,,,,,,,,,,,,,,,,,,,,,,,,,,,,,,
2023,2,11,5,0,4.6,4.1,96.23,,,,,,,,,,,,,,,,,,,,,,,,,,,,,,,,,,,,
2023,2,11,6,0,4.1,3.9,98.31,,,,,,,,,,,,,,,,,,,,,,,,,,,,,,,,,,,,
2023,2,11,7,0,3.7,3.6,99.38,,,,,,,,,,,,,,,,,,,,,,,,,,,,,,,,,,,,
2023,2,11,8,0,3.4,3.3,99.29,,,,,,,,,,,,,,,,,,,,,,,,,,,,,,,,,,,,
2023,2,11,9,0,3.4,3.3,99.1,,,,,,,,,,,,,,,,,,,,,,,,,,,,,,,,,,,,
2023,2,11,10,0,3.3,3,98.24,,,,,,,,,,,,,,,,,,,,,,,,,,,,,,,,,,,,
2023,2,11,11,0,3.2,2.8,97.27,,,,,,,,,,,,,,,,,,,,,,,,,,,,,,,,,,,,
2023,2,11,12,0,3.4,2.7,95.24,,,,,,,,,,,,,,,,,,,,,,,,,,,,,,,,,,,,
2023,2,11,13,0,3.4,2.6,94.23,,,,,,,,,,,,,,,,,,,,,,,,,,,,,,,,,,,,
2023,2,11,14,0,3.1,2.2,93.86,,,,,,,,,,,,,,,,,,,,,,,,,,,,,,,,,,,,
2023,2,11,15,0,3,2.1,93.48,,,,,,,,,,,,,,,,,,,,,,,,,,,,,,,,,,,,
2023,2,11,16,0,4.2,3.1,92.75,,,,,,,,,,,,,,,,,,,,,,,,,,,,,,,,,,,,
2023,2,11,17,0,5.2,3.7,90.14,,,,,,,,,,,,,,,,,,,,,,,,,,,,,,,,,,,,
2023,2,11,18,0,6.1,3.8,85.46,,,,,,,,,,,,,,,,,,,,,,,,,,,,,,,,,,,,
2023,2,11,19,0,7.1,3.6,78.66,,,,,,,,,,,,,,,,,,,,,,,,,,,,,,,,,,,,
2023,2,11,20,0,7.7,3.2,73.44,,,,,,,,,,,,,,,,,,,,,,,,,,,,,,,,,,,,
2023,2,11,21,0,8.1,3,70.25,,,,,,,,,,,,,,,,,,,,,,,,,,,,,,,,,,,,
2023,2,11,22,0,7.9,3,71.42,,,,,,,,,,,,,,,,,,,,,,,,,,,,,,,,,,,,
2023,2,11,23,0,7.5,3.3,74.87,,,,,,,,,,,,,,,,,,,,,,,,,,,,,,,,,,,,
2023,2,12,0,0,6.2,4,86,,,,,,,,,,,,,,,,,,,,,,,,,,,,,,,,,,,,
2023,2,12,1,0,4.8,2.8,86.89,,,,,,,,,,,,,,,,,,,,,,,,,,,,,,,,,,,,
2023,2,12,2,0,4.3,2.6,88.53,,,,,,,,,,,,,,,,,,,,,,,,,,,,,,,,,,,,
2023,2,12,3,0,4,2.4,89.39,,,,,,,,,,,,,,,,,,,,,,,,,,,,,,,,,,,,
2023,2,12,4,0,3.8,2.3,90.01,,,,,,,,,,,,,,,,,,,,,,,,,,,,,,,,,,,,
2023,2,12,5,0,3.8,2.1,88.91,,,,,,,,,,,,,,,,,,,,,,,,,,,,,,,,,,,,
2023,2,12,6,0,4.1,2,86.18,,,,,,,,,,,,,,,,,,,,,,,,,,,,,,,,,,,,
2023,2,12,7,0,4.1,1.8,85.27,,,,,,,,,,,,,,,,,,,,,,,,,,,,,,,,,,,,
2023,2,12,8,0,4,1.7,85.09,,,,,,,,,,,,,,,,,,,,,,,,,,,,,,,,,,,,
2023,2,12,9,0,3.7,1.4,84.7,,,,,,,,,,,,,,,,,,,,,,,,,,,,,,,,,,,,
2023,2,12,10,0,3.6,1.1,83.41,,,,,,,,,,,,,,,,,,,,,,,,,,,,,,,,,,,,
2023,2,12,11,0,3.2,0.7,83.93,,,,,,,,,,,,,,,,,,,,,,,,,,,,,,,,,,,,
2023,2,12,12,0,2.7,0.3,84.37,,,,,,,,,,,,,,,,,,,,,,,,,,,,,,,,,,,,
2023,2,12,13,0,2.2,-0.1,84.76,,,,,,,,,,,,,,,,,,,,,,,,,,,,,,,,,,,,
2023,2,12,14,0,1.7,-0.3,86.46,,,,,,,,,,,,,,,,,,,,,,,,,,,,,,,,,,,,
2023,2,12,15,0,1.9,0.1,88.16,,,,,,,,,,,,,,,,,,,,,,,,,,,,,,,,,,,,
2023,2,12,16,0,4.7,2.4,84.92,,,,,,,,,,,,,,,,,,,,,,,,,,,,,,,,,,,,
2023,2,12,17,0,6.8,2.7,75.07,,,,,,,,,,,,,,,,,,,,,,,,,,,,,,,,,,,,
2023,2,12,18,0,8.2,2.7,68.05,,,,,,,,,,,,,,,,,,,,,,,,,,,,,,,,,,,,
2023,2,12,19,0,9.2,3,65.41,,,,,,,,,,,,,,,,,,,,,,,,,,,,,,,,,,,,
2023,2,12,20,0,9.5,3.6,66.65,,,,,,,,,,,,,,,,,,,,,,,,,,,,,,,,,,,,
2023,2,12,21,0,9.5,4,68.74,,,,,,,,,,,,,,,,,,,,,,,,,,,,,,,,,,,,
2023,2,12,22,0,9.4,4.4,71.06,,,,,,,,,,,,,,,,,,,,,,,,,,,,,,,,,,,,
2023,2,12,23,0,8.7,4.8,76.63,,,,,,,,,,,,,,,,,,,,,,,,,,,,,,,,,,,,
2023,2,13,0,0,7.8,4.8,81.27,,,,,,,,,,,,,,,,,,,,,,,,,,,,,,,,,,,,
2023,2,13,1,0,7,4.9,86.3,,,,,,,,,,,,,,,,,,,,,,,,,,,,,,,,,,,,
2023,2,13,2,0,6.6,5.1,90.24,,,,,,,,,,,,,,,,,,,,,,,,,,,,,,,,,,,,
2023,2,13,3,0,6.6,5.4,92.35,,,,,,,,,,,,,,,,,,,,,,,,,,,,,,,,,,,,
2023,2,13,4,0,6.8,5.9,93.73,,,,,,,,,,,,,,,,,,,,,,,,,,,,,,,,,,,,
2023,2,13,5,0,7,6.2,94.45,,,,,,,,,,,,,,,,,,,,,,,,,,,,,,,,,,,,
2023,2,13,6,0,7.1,6.3,94.87,,,,,,,,,,,,,,,,,,,,,,,,,,,,,,,,,,,,
2023,2,13,7,0,6.9,6.2,95.36,,,,,,,,,,,,,,,,,,,,,,,,,,,,,,,,,,,,
2023,2,13,8,0,6.5,5.7,94.39,,,,,,,,,,,,,,,,,,,,,,,,,,,,,,,,,,,,
2023,2,13,9,0,5.5,4.7,94.41,,,,,,,,,,,,,,,,,,,,,,,,,,,,,,,,,,,,
2023,2,13,10,0,4.9,4.1,94.81,,,,,,,,,,,,,,,,,,,,,,,,,,,,,,,,,,,,
2023,2,13,11,0,4.7,4,94.98,,,,,,,,,,,,,,,,,,,,,,,,,,,,,,,,,,,,
2023,2,13,12,0,4.5,3.8,95.36,,,,,,,,,,,,,,,,,,,,,,,,,,,,,,,,,,,,
2023,2,13,13,0,4.3,3.7,95.74,,,,,,,,,,,,,,,,,,,,,,,,,,,,,,,,,,,,
2023,2,13,14,0,4.3,3.7,95.74,,,,,,,,,,,,,,,,,,,,,,,,,,,,,,,,,,,,
2023,2,13,15,0,4.4,3.8,95.68,,,,,,,,,,,,,,,,,,,,,,,,,,,,,,,,,,,,
2023,2,13,16,0,4.6,4,95.58,,,,,,,,,,,,,,,,,,,,,,,,,,,,,,,,,,,,
2023,2,13,17,0,4.9,4.1,94.81,,,,,,,,,,,,,,,,,,,,,,,,,,,,,,,,,,,,
2023,2,13,18,0,5.4,4.4,93.45,,,,,,,,,,,,,,,,,,,,,,,,,,,,,,,,,,,,
2023,2,13,19,0,5.7,4.5,91.96,,,,,,,,,,,,,,,,,,,,,,,,,,,,,,,,,,,,
2023,2,13,20,0,5.6,4.3,91.5,,,,,,,,,,,,,,,,,,,,,,,,,,,,,,,,,,,,
2023,2,13,21,0,5.5,4.2,91.53,,,,,,,,,,,,,,,,,,,,,,,,,,,,,,,,,,,,
2023,2,13,22,0,5.4,4.1,91.48,,,,,,,,,,,,,,,,,,,,,,,,,,,,,,,,,,,,
2023,2,13,23,0,5,3.7,91.24,,,,,,,,,,,,,,,,,,,,,,,,,,,,,,,,,,,,
2023,2,14,0,0,4.5,2.9,89.38,,,,,,,,,,,,,,,,,,,,,,,,,,,,,,,,,,,,
2023,2,14,1,0,3.9,2,87.2,,,,,,,,,,,,,,,,,,,,,,,,,,,,,,,,,,,,
2023,2,14,2,0,3.4,1.2,85.31,,,,,,,,,,,,,,,,,,,,,,,,,,,,,,,,,,,,
2023,2,14,3,0,2.8,0.6,85.52,,,,,,,,,,,,,,,,,,,,,,,,,,,,,,,,,,,,
2023,2,14,4,0,2.1,0.3,87.62,,,,,,,,,,,,,,,,,,,,,,,,,,,,,,,,,,,,
2023,2,14,5,0,1.5,-0.2,88.62,,,,,,,,,,,,,,,,,,,,,,,,,,,,,,,,,,,,
2023,2,14,6,0,0.9,-0.7,89.35,,,,,,,,,,,,,,,,,,,,,,,,,,,,,,,,,,,,
2023,2,14,7,0,0.4,-0.7,92.52,,,,,,,,,,,,,,,,,,,,,,,,,,,,,,,,,,,,
2023,2,14,8,0,0.4,-0.4,94.42,,,,,,,,,,,,,,,,,,,,,,,,,,,,,,,,,,,,
2023,2,14,9,0,0.5,-0.2,95.15,,,,,,,,,,,,,,,,,,,,,,,,,,,,,,,,,,,,
2023,2,14,10,0,0.6,0,95.42,,,,,,,,,,,,,,,,,,,,,,,,,,,,,,,,,,,,
2023,2,14,11,0,0.7,0,94.83,,,,,,,,,,,,,,,,,,,,,,,,,,,,,,,,,,,,
2023,2,14,12,0,0.8,0,94.32,,,,,,,,,,,,,,,,,,,,,,,,,,,,,,,,,,,,
2023,2,14,13,0,0.7,-0.1,94.66,,,,,,,,,,,,,,,,,,,,,,,,,,,,,,,,,,,,
2023,2,14,14,0,0.5,-0.4,94.01,,,,,,,,,,,,,,,,,,,,,,,,,,,,,,,,,,,,
2023,2,14,15,0,0.2,-0.6,94.23,,,,,,,,,,,,,,,,,,,,,,,,,,,,,,,,,,,,
2023,2,14,16,0,1.8,0.4,90.43,,,,,,,,,,,,,,,,,,,,,,,,,,,,,,,,,,,,
2023,2,14,17,0,2.8,0.6,85.41,,,,,,,,,,,,,,,,,,,,,,,,,,,,,,,,,,,,
2023,2,14,18,0,3.8,0.4,78.53,,,,,,,,,,,,,,,,,,,,,,,,,,,,,,,,,,,,
2023,2,14,19,0,4.7,0.1,72.25,,,,,,,,,,,,,,,,,,,,,,,,,,,,,,,,,,,,
2023,2,14,20,0,5.3,0.1,68.96,,,,,,,,,,,,,,,,,,,,,,,,,,,,,,,,,,,,
2023,2,14,21,0,5.5,0.1,68.11,,,,,,,,,,,,,,,,,,,,,,,,,,,,,,,,,,,,
2023,2,14,22,0,5.5,0.1,68.36,,,,,,,,,,,,,,,,,,,,,,,,,,,,,,,,,,,,
2023,2,14,23,0,5.1,0.3,71.31,,,,,,,,,,,,,,,,,,,,,,,,,,,,,,,,,,,,
2023,2,15,0,0,4,1.2,81.83,,,,,,,,,,,,,,,,,,,,,,,,,,,,,,,,,,,,
2023,2,15,1,0,2.5,-0.6,79.79,,,,,,,,,,,,,,,,,,,,,,,,,,,,,,,,,,,,
2023,2,15,2,0,2.2,-0.8,80.41,,,,,,,,,,,,,,,,,,,,,,,,,,,,,,,,,,,,
2023,2,15,3,0,2.2,-0.8,80.69,,,,,,,,,,,,,,,,,,,,,,,,,,,,,,,,,,,,
2023,2,15,4,0,2.1,-0.8,81.31,,,,,,,,,,,,,,,,,,,,,,,,,,,,,,,,,,,,
2023,2,15,5,0,1.9,-0.8,82.4,,,,,,,,,,,,,,,,,,,,,,,,,,,,,,,,,,,,
2023,2,15,6,0,1.1,-0.8,87.26,,,,,,,,,,,,,,,,,,,,,,,,,,,,,,,,,,,,
2023,2,15,7,0,0.2,-0.8,92.93,,,,,,,,,,,,,,,,,,,,,,,,,,,,,,,,,,,,
2023,2,15,8,0,-0.6,-0.8,98.38,,,,,,,,,,,,,,,,,,,,,,,,,,,,,,,,,,,,
2023,2,15,9,0,-0.8,-0.8,100,,,,,,,,,,,,,,,,,,,,,,,,,,,,,,,,,,,,
2023,2,15,10,0,-0.8,-0.8,99.74,,,,,,,,,,,,,,,,,,,,,,,,,,,,,,,,,,,,
2023,2,15,11,0,-0.9,-1.1,98.78,,,,,,,,,,,,,,,,,,,,,,,,,,,,,,,,,,,,
2023,2,15,12,0,-0.9,-1.3,96.82,,,,,,,,,,,,,,,,,,,,,,,,,,,,,,,,,,,,
2023,2,15,13,0,-1,-1.5,96.27,,,,,,,,,,,,,,,,,,,,,,,,,,,,,,,,,,,,
2023,2,15,14,0,-1.1,-1.7,95.66,,,,,,,,,,,,,,,,,,,,,,,,,,,,,,,,,,,,
2023,2,15,15,0,-0.8,-1.5,95.04,,,,,,,,,,,,,,,,,,,,,,,,,,,,,,,,,,,,
2023,2,15,16,0,1.6,-0.1,88.46,,,,,,,,,,,,,,,,,,,,,,,,,,,,,,,,,,,,
2023,2,15,17,0,3.2,0.6,82.96,,,,,,,,,,,,,,,,,,,,,,,,,,,,,,,,,,,,
2023,2,15,18,0,4.5,0.6,75.82,,,,,,,,,,,,,,,,,,,,,,,,,,,,,,,,,,,,
2023,2,15,19,0,5.4,0.4,70.24,,,,,,,,,,,,,,,,,,,,,,,,,,,,,,,,,,,,
2023,2,15,20,0,6,0.2,66.55,,,,,,,,,,,,,,,,,,,,,,,,,,,,,,,,,,,,
2023,2,15,21,0,6.3,0.2,65.08,,,,,,,,,,,,,,,,,,,,,,,,,,,,,,,,,,,,
2023,2,15,22,0,6.2,0.3,65.71,,,,,,,,,,,,,,,,,,,,,,,,,,,,,,,,,,,,
2023,2,15,23,0,5.7,1.1,72.24,,,,,,,,,,,,,,,,,,,,,,,,,,,,,,,,,,,,
2023,2,16,0,0,4.4,1.3,80.2,,,,,,,,,,,,,,,,,,,,,,,,,,,,,,,,,,,,
2023,2,16,1,0,3.2,0.2,80.91,,,,,,,,,,,,,,,,,,,,,,,,,,,,,,,,,,,,
2023,2,16,2,0,2.4,-0.3,82.65,,,,,,,,,,,,,,,,,,,,,,,,,,,,,,,,,,,,
2023,2,16,3,0,1.9,-0.5,83.84,,,,,,,,,,,,,,,,,,,,,,,,,,,,,,,,,,,,
2023,2,16,4,0,1.9,-0.6,83.25,,,,,,,,,,,,,,,,,,,,,,,,,,,,,,,,,,,,
2023,2,16,5,0,2,-0.6,83.11,,,,,,,,,,,,,,,,,,,,,,,,,,,,,,,,,,,,
2023,2,16,6,0,2,-0.6,82.81,,,,,,,,,,,,,,,,,,,,,,,,,,,,,,,,,,,,
2023,2,16,7,0,2.1,-0.8,81.08,,,,,,,,,,,,,,,,,,,,,,,,,,,,,,,,,,,,
2023,2,16,8,0,2.1,-0.9,80.33,,,,,,,,,,,,,,,,,,,,,,,,,,,,,,,,,,,,
2023,2,16,9,0,2,-1,80.27,,,,,,,,,,,,,,,,,,,,,,,,,,,,,,,,,,,,
2023,2,16,10,0,2,-1.2,79.23,,,,,,,,,,,,,,,,,,,,,,,,,,,,,,,,,,,,
2023,2,16,11,0,2,-1.6,77.3,,,,,,,,,,,,,,,,,,,,,,,,,,,,,,,,,,,,
2023,2,16,12,0,2,-1.9,75.2,,,,,,,,,,,,,,,,,,,,,,,,,,,,,,,,,,,,
2023,2,16,13,0,2,-2.1,74.11,,,,,,,,,,,,,,,,,,,,,,,,,,,,,,,,,,,,
2023,2,16,14,0,1.7,-2,76.25,,,,,,,,,,,,,,,,,,,,,,,,,,,,,,,,,,,,
2023,2,16,15,0,1.6,-1.5,79.69,,,,,,,,,,,,,,,,,,,,,,,,,,,,,,,,,,,,
2023,2,16,16,0,2.5,-0.2,82.42,,,,,,,,,,,,,,,,,,,,,,,,,,,,,,,,,,,,
2023,2,16,17,0,4.1,0.6,78.2,,,,,,,,,,,,,,,,,,,,,,,,,,,,,,,,,,,,
2023,2,16,18,0,5.5,1.2,73.81,,,,,,,,,,,,,,,,,,,,,,,,,,,,,,,,,,,,
2023,2,16,19,0,6.4,1.1,68.89,,,,,,,,,,,,,,,,,,,,,,,,,,,,,,,,,,,,
2023,2,16,20,0,7.1,1,65,,,,,,,,,,,,,,,,,,,,,,,,,,,,,,,,,,,,
2023,2,16,21,0,7.8,0.9,61.54,,,,,,,,,,,,,,,,,,,,,,,,,,,,,,,,,,,,
2023,2,16,22,0,7.8,1.2,63.13,,,,,,,,,,,,,,,,,,,,,,,,,,,,,,,,,,,,
2023,2,16,23,0,7.1,2.4,71.99,,,,,,,,,,,,,,,,,,,,,,,,,,,,,,,,,,,,
2023,2,17,0,0,5.5,3.1,84.31,,,,,,,,,,,,,,,,,,,,,,,,,,,,,,,,,,,,
2023,2,17,1,0,4.2,2.5,88.44,,,,,,,,,,,,,,,,,,,,,,,,,,,,,,,,,,,,
2023,2,17,2,0,3.6,2.3,91.4,,,,,,,,,,,,,,,,,,,,,,,,,,,,,,,,,,,,
2023,2,17,3,0,3.1,2.1,92.84,,,,,,,,,,,,,,,,,,,,,,,,,,,,,,,,,,,,
2023,2,17,4,0,3,1.9,92.23,,,,,,,,,,,,,,,,,,,,,,,,,,,,,,,,,,,,
2023,2,17,5,0,2.8,1.6,91.93,,,,,,,,,,,,,,,,,,,,,,,,,,,,,,,,,,,,
2023,2,17,6,0,2.7,1.4,91.06,,,,,,,,,,,,,,,,,,,,,,,,,,,,,,,,,,,,
2023,2,17,7,0,3,1.3,88.72,,,,,,,,,,,,,,,,,,,,,,,,,,,,,,,,,,,,
2023,2,17,8,0,3.1,1.4,88.55,,,,,,,,,,,,,,,,,,,,,,,,,,,,,,,,,,,,
2023,2,17,9,0,3,1.5,90.17,,,,,,,,,,,,,,,,,,,,,,,,,,,,,,,,,,,,
2023,2,17,10,0,2.9,1.7,91.83,,,,,,,,,,,,,,,,,,,,,,,,,,,,,,,,,,,,
2023,2,17,11,0,2.9,1.9,92.89,,,,,,,,,,,,,,,,,,,,,,,,,,,,,,,,,,,,
2023,2,17,12,0,2.9,2,93.99,,,,,,,,,,,,,,,,,,,,,,,,,,,,,,,,,,,,
2023,2,17,13,0,2.9,2.1,94.73,,,,,,,,,,,,,,,,,,,,,,,,,,,,,,,,,,,,
2023,2,17,14,0,2.9,2.2,95.41,,,,,,,,,,,,,,,,,,,,,,,,,,,,,,,,,,,,
2023,2,17,15,0,3.1,2.4,95.36,,,,,,,,,,,,,,,,,,,,,,,,,,,,,,,,,,,,
2023,2,17,16,0,3.9,3.1,94.66,,,,,,,,,,,,,,,,,,,,,,,,,,,,,,,,,,,,
2023,2,17,17,0,4.7,3.7,93.14,,,,,,,,,,,,,,,,,,,,,,,,,,,,,,,,,,,,
2023,2,17,18,0,5.5,4,90.15,,,,,,,,,,,,,,,,,,,,,,,,,,,,,,,,,,,,
2023,2,17,19,0,6.3,3.9,84.83,,,,,,,,,,,,,,,,,,,,,,,,,,,,,,,,,,,,
2023,2,17,20,0,6.7,3.7,81.14,,,,,,,,,,,,,,,,,,,,,,,,,,,,,,,,,,,,
2023,2,17,21,0,7,3.7,79.75,,,,,,,,,,,,,,,,,,,,,,,,,,,,,,,,,,,,
2023,2,17,22,0,7,3.9,80.45,,,,,,,,,,,,,,,,,,,,,,,,,,,,,,,,,,,,
2023,2,17,23,0,6.7,4.3,84.61,,,,,,,,,,,,,,,,,,,,,,,,,,,,,,,,,,,,
2023,2,18,0,0,5.8,4.6,91.79,,,,,,,,,,,,,,,,,,,,,,,,,,,,,,,,,,,,
2023,2,18,1,0,4.8,3.9,94.19,,,,,,,,,,,,,,,,,,,,,,,,,,,,,,,,,,,,
2023,2,18,2,0,4.6,3.8,94.63,,,,,,,,,,,,,,,,,,,,,,,,,,,,,,,,,,,,
2023,2,18,3,0,4.2,3.6,95.92,,,,,,,,,,,,,,,,,,,,,,,,,,,,,,,,,,,,
2023,2,18,4,0,3.9,3.3,96.07,,,,,,,,,,,,,,,,,,,,,,,,,,,,,,,,,,,,
2023,2,18,5,0,3.8,3.2,96.16,,,,,,,,,,,,,,,,,,,,,,,,,,,,,,,,,,,,
2023,2,18,6,0,3.6,3.1,96.24,,,,,,,,,,,,,,,,,,,,,,,,,,,,,,,,,,,,
2023,2,18,7,0,3.5,3,96.22,,,,,,,,,,,,,,,,,,,,,,,,,,,,,,,,,,,,
2023,2,18,8,0,3.5,2.9,96.02,,,,,,,,,,,,,,,,,,,,,,,,,,,,,,,,,,,,
2023,2,18,9,0,3.5,3,96.22,,,,,,,,,,,,,,,,,,,,,,,,,,,,,,,,,,,,
2023,2,18,10,0,3.5,3,96.27,,,,,,,,,,,,,,,,,,,,,,,,,,,,,,,,,,,,
2023,2,18,11,0,3.5,3,96.34,,,,,,,,,,,,,,,,,,,,,,,,,,,,,,,,,,,,
2023,2,18,12,0,3.6,3.1,96.28,,,,,,,,,,,,,,,,,,,,,,,,,,,,,,,,,,,,
2023,2,18,13,0,3.7,3.1,96.12,,,,,,,,,,,,,,,,,,,,,,,,,,,,,,,,,,,,
2023,2,18,14,0,3.8,3.2,96.07,,,,,,,,,,,,,,,,,,,,,,,,,,,,,,,,,,,,
2023,2,18,15,0,4,3.4,96,,,,,,,,,,,,,,,,,,,,,,,,,,,,,,,,,,,,
2023,2,18,16,0,4.4,3.8,95.81,,,,,,,,,,,,,,,,,,,,,,,,,,,,,,,,,,,,
2023,2,18,17,0,4.9,4.3,95.68,,,,,,,,,,,,,,,,,,,,,,,,,,,,,,,,,,,,
2023,2,18,18,0,5.7,4.8,94.19,,,,,,,,,,,,,,,,,,,,,,,,,,,,,,,,,,,,
2023,2,18,19,0,6.6,5.2,90.94,,,,,,,,,,,,,,,,,,,,,,,,,,,,,,,,,,,,
2023,2,18,20,0,7.3,5.2,86.46,,,,,,,,,,,,,,,,,,,,,,,,,,,,,,,,,,,,
2023,2,18,21,0,7.6,5.2,84.48,,,,,,,,,,,,,,,,,,,,,,,,,,,,,,,,,,,,
2023,2,18,22,0,7.6,5.4,85.74,,,,,,,,,,,,,,,,,,,,,,,,,,,,,,,,,,,,
2023,2,18,23,0,7.5,5.7,88.35,,,,,,,,,,,,,,,,,,,,,,,,,,,,,,,,,,,,
2023,2,19,0,0,6.6,5.6,93.04,,,,,,,,,,,,,,,,,,,,,,,,,,,,,,,,,,,,
2023,2,19,1,0,5.4,4.7,94.94,,,,,,,,,,,,,,,,,,,,,,,,,,,,,,,,,,,,
2023,2,19,2,0,5,4.3,95.34,,,,,,,,,,,,,,,,,,,,,,,,,,,,,,,,,,,,
2023,2,19,3,0,4.9,4.1,94.56,,,,,,,,,,,,,,,,,,,,,,,,,,,,,,,,,,,,
2023,2,19,4,0,4.8,4,94.29,,,,,,,,,,,,,,,,,,,,,,,,,,,,,,,,,,,,
2023,2,19,5,0,4.7,3.8,94.16,,,,,,,,,,,,,,,,,,,,,,,,,,,,,,,,,,,,
2023,2,19,6,0,4.3,3.6,95.2,,,,,,,,,,,,,,,,,,,,,,,,,,,,,,,,,,,,
2023,2,19,7,0,3.9,3.3,95.95,,,,,,,,,,,,,,,,,,,,,,,,,,,,,,,,,,,,
2023,2,19,8,0,3.6,3.2,97.21,,,,,,,,,,,,,,,,,,,,,,,,,,,,,,,,,,,,
2023,2,19,9,0,3.7,3.3,97.17,,,,,,,,,,,,,,,,,,,,,,,,,,,,,,,,,,,,
2023,2,19,10,0,4.1,3.6,96.56,,,,,,,,,,,,,,,,,,,,,,,,,,,,,,,,,,,,
2023,2,19,11,0,4.2,3.6,96.16,,,,,,,,,,,,,,,,,,,,,,,,,,,,,,,,,,,,
2023,2,19,12,0,4,3.4,95.95,,,,,,,,,,,,,,,,,,,,,,,,,,,,,,,,,,,,
2023,2,19,13,0,4.1,3.5,95.95,,,,,,,,,,,,,,,,,,,,,,,,,,,,,,,,,,,,
2023,2,19,14,0,4.2,3.6,95.89,,,,,,,,,,,,,,,,,,,,,,,,,,,,,,,,,,,,
2023,2,19,15,0,4.3,3.7,95.86,,,,,,,,,,,,,,,,,,,,,,,,,,,,,,,,,,,,
2023,2,19,16,0,4.8,4.1,95.52,,,,,,,,,,,,,,,,,,,,,,,,,,,,,,,,,,,,
2023,2,19,17,0,5.4,4.6,94.9,,,,,,,,,,,,,,,,,,,,,,,,,,,,,,,,,,,,
2023,2,19,18,0,6.3,5.1,91.95,,,,,,,,,,,,,,,,,,,,,,,,,,,,,,,,,,,,
2023,2,19,19,0,7.1,5.3,88.62,,,,,,,,,,,,,,,,,,,,,,,,,,,,,,,,,,,,
2023,2,19,20,0,7.7,5.5,86.12,,,,,,,,,,,,,,,,,,,,,,,,,,,,,,,,,,,,
2023,2,19,21,0,8,5.8,86.17,,,,,,,,,,,,,,,,,,,,,,,,,,,,,,,,,,,,
2023,2,19,22,0,8,6.2,88.14,,,,,,,,,,,,,,,,,,,,,,,,,,,,,,,,,,,,
2023,2,19,23,0,7.8,6.3,90.35,,,,,,,,,,,,,,,,,,,,,,,,,,,,,,,,,,,,
2023,2,20,0,0,7.3,6.2,92.55,,,,,,,,,,,,,,,,,,,,,,,,,,,,,,,,,,,,
2023,2,20,1,0,6.4,5.6,94.47,,,,,,,,,,,,,,,,,,,,,,,,,,,,,,,,,,,,
2023,2,20,2,0,6.4,5.5,93.7,,,,,,,,,,,,,,,,,,,,,,,,,,,,,,,,,,,,
2023,2,20,3,0,6.3,5.3,93.63,,,,,,,,,,,,,,,,,,,,,,,,,,,,,,,,,,,,
2023,2,20,4,0,6.2,5.3,94.21,,,,,,,,,,,,,,,,,,,,,,,,,,,,,,,,,,,,
2023,2,20,5,0,6.3,5.5,94.74,,,,,,,,,,,,,,,,,,,,,,,,,,,,,,,,,,,,
2023,2,20,6,0,6.4,5.6,94.78,,,,,,,,,,,,,,,,,,,,,,,,,,,,,,,,,,,,
2023,2,20,7,0,6.4,5.7,95.12,,,,,,,,,,,,,,,,,,,,,,,,,,,,,,,,,,,,
2023,2,20,8,0,6.2,5.6,95.73,,,,,,,,,,,,,,,,,,,,,,,,,,,,,,,,,,,,
2023,2,20,9,0,6.1,5.5,95.97,,,,,,,,,,,,,,,,,,,,,,,,,,,,,,,,,,,,
2023,2,20,10,0,6.1,5.5,95.94,,,,,,,,,,,,,,,,,,,,,,,,,,,,,,,,,,,,
2023,2,20,11,0,6.1,5.5,96.07,,,,,,,,,,,,,,,,,,,,,,,,,,,,,,,,,,,,
2023,2,20,12,0,6.3,5.7,95.61,,,,,,,,,,,,,,,,,,,,,,,,,,,,,,,,,,,,
2023,2,20,13,0,6.4,5.7,95.61,,,,,,,,,,,,,,,,,,,,,,,,,,,,,,,,,,,,
2023,2,20,14,0,6.3,5.7,96.26,,,,,,,,,,,,,,,,,,,,,,,,,,,,,,,,,,,,
2023,2,20,15,0,6.4,5.9,96.28,,,,,,,,,,,,,,,,,,,,,,,,,,,,,,,,,,,,
2023,2,20,16,0,6.8,6.2,95.88,,,,,,,,,,,,,,,,,,,,,,,,,,,,,,,,,,,,
2023,2,20,17,0,7.1,6.4,95.31,,,,,,,,,,,,,,,,,,,,,,,,,,,,,,,,,,,,
2023,2,20,18,0,7.2,6.4,94.7,,,,,,,,,,,,,,,,,,,,,,,,,,,,,,,,,,,,
2023,2,20,19,0,7.2,6.1,92.8,,,,,,,,,,,,,,,,,,,,,,,,,,,,,,,,,,,,
2023,2,20,20,0,7.1,5.8,91.65,,,,,,,,,,,,,,,,,,,,,,,,,,,,,,,,,,,,
2023,2,20,21,0,6.9,5.6,91.48,,,,,,,,,,,,,,,,,,,,,,,,,,,,,,,,,,,,
2023,2,20,22,0,6.8,5.6,91.75,,,,,,,,,,,,,,,,,,,,,,,,,,,,,,,,,,,,
2023,2,20,23,0,6.8,5.6,91.75,,,,,,,,,,,,,,,,,,,,,,,,,,,,,,,,,,,,
2023,2,21,0,0,6.7,5.5,92.23,,,,,,,,,,,,,,,,,,,,,,,,,,,,,,,,,,,,
2023,2,21,1,0,6.8,5.5,91.39,,,,,,,,,,,,,,,,,,,,,,,,,,,,,,,,,,,,
2023,2,21,2,0,7,5.6,91.08,,,,,,,,,,,,,,,,,,,,,,,,,,,,,,,,,,,,
2023,2,21,3,0,7.2,5.9,91.56,,,,,,,,,,,,,,,,,,,,,,,,,,,,,,,,,,,,
2023,2,21,4,0,7,5.5,90.07,,,,,,,,,,,,,,,,,,,,,,,,,,,,,,,,,,,,
2023,2,21,5,0,6.3,4.1,85.82,,,,,,,,,,,,,,,,,,,,,,,,,,,,,,,,,,,,
2023,2,21,6,0,5.5,3,84.11,,,,,,,,,,,,,,,,,,,,,,,,,,,,,,,,,,,,
2023,2,21,7,0,5,2.7,84.97,,,,,,,,,,,,,,,,,,,,,,,,,,,,,,,,,,,,
2023,2,21,8,0,4.8,2.6,85.7,,,,,,,,,,,,,,,,,,,,,,,,,,,,,,,,,,,,
2023,2,21,9,0,4.7,2.6,86.12,,,,,,,,,,,,,,,,,,,,,,,,,,,,,,,,,,,,
2023,2,21,10,0,4.5,2.5,86.96,,,,,,,,,,,,,,,,,,,,,,,,,,,,,,,,,,,,
2023,2,21,11,0,4.3,2.4,87.48,,,,,,,,,,,,,,,,,,,,,,,,,,,,,,,,,,,,
2023,2,21,12,0,4,2.3,88.65,,,,,,,,,,,,,,,,,,,,,,,,,,,,,,,,,,,,
2023,2,21,13,0,3.7,2.2,90.15,,,,,,,,,,,,,,,,,,,,,,,,,,,,,,,,,,,,
2023,2,21,14,0,3.5,2.2,91.2,,,,,,,,,,,,,,,,,,,,,,,,,,,,,,,,,,,,
2023,2,21,15,0,3.6,2.3,91.41,,,,,,,,,,,,,,,,,,,,,,,,,,,,,,,,,,,,
2023,2,21,16,0,4.1,2.7,90.29,,,,,,,,,,,,,,,,,,,,,,,,,,,,,,,,,,,,
2023,2,21,17,0,4.7,2.9,88.25,,,,,,,,,,,,,,,,,,,,,,,,,,,,,,,,,,,,
2023,2,21,18,0,5.4,2.9,83.74,,,,,,,,,,,,,,,,,,,,,,,,,,,,,,,,,,,,
2023,2,21,19,0,5.9,2.5,78.55,,,,,,,,,,,,,,,,,,,,,,,,,,,,,,,,,,,,
2023,2,21,20,0,6.1,2.2,75.84,,,,,,,,,,,,,,,,,,,,,,,,,,,,,,,,,,,,
2023,2,21,21,0,6.2,2.1,75.12,,,,,,,,,,,,,,,,,,,,,,,,,,,,,,,,,,,,
2023,2,21,22,0,6,2.5,78.33,,,,,,,,,,,,,,,,,,,,,,,,,,,,,,,,,,,,
2023,2,21,23,0,5.7,3,82.85,,,,,,,,,,,,,,,,,,,,,,,,,,,,,,,,,,,,
2023,2,22,0,0,4.8,3.1,88.53,,,,,,,,,,,,,,,,,,,,,,,,,,,,,,,,,,,,
2023,2,22,1,0,3.9,2.2,88.47,,,,,,,,,,,,,,,,,,,,,,,,,,,,,,,,,,,,
2023,2,22,2,0,3.7,1.9,88.32,,,,,,,,,,,,,,,,,,,,,,,,,,,,,,,,,,,,
2023,2,22,3,0,3.6,1.9,88.35,,,,,,,,,,,,,,,,,,,,,,,,,,,,,,,,,,,,
2023,2,22,4,0,3.3,1.7,89.29,,,,,,,,,,,,,,,,,,,,,,,,,,,,,,,,,,,,
2023,2,22,5,0,3,1.6,90.32,,,,,,,,,,,,,,,,,,,,,,,,,,,,,,,,,,,,
2023,2,22,6,0,2.9,1.4,90.13,,,,,,,,,,,,,,,,,,,,,,,,,,,,,,,,,,,,
2023,2,22,7,0,2.6,1.3,91.18,,,,,,,,,,,,,,,,,,,,,,,,,,,,,,,,,,,,
2023,2,22,8,0,2.2,1.1,92.4,,,,,,,,,,,,,,,,,,,,,,,,,,,,,,,,,,,,
2023,2,22,9,0,2,0.7,91.14,,,,,,,,,,,,,,,,,,,,,,,,,,,,,,,,,,,,
2023,2,22,10,0,1.7,0.4,91.14,,,,,,,,,,,,,,,,,,,,,,,,,,,,,,,,,,,,
2023,2,22,11,0,1.1,0.3,94.26,,,,,,,,,,,,,,,,,,,,,,,,,,,,,,,,,,,,
2023,2,22,12,0,0.9,0.2,94.85,,,,,,,,,,,,,,,,,,,,,,,,,,,,,,,,,,,,
2023,2,22,13,0,0.3,-0.6,93.82,,,,,,,,,,,,,,,,,,,,,,,,,,,,,,,,,,,,
2023,2,22,14,0,-0.9,-2.1,91.33,,,,,,,,,,,,,,,,,,,,,,,,,,,,,,,,,,,,
2023,2,22,15,0,-1.8,-3.7,87.11,,,,,,,,,,,,,,,,,,,,,,,,,,,,,,,,,,,,
2023,2,22,16,0,-1.9,-4.5,82.51,,,,,,,,,,,,,,,,,,,,,,,,,,,,,,,,,,,,
2023,2,22,17,0,-1.5,-5.4,74.99,,,,,,,,,,,,,,,,,,,,,,,,,,,,,,,,,,,,
2023,2,22,18,0,-0.7,-6.1,66.9,,,,,,,,,,,,,,,,,,,,,,,,,,,,,,,,,,,,
2023,2,22,19,0,0,-6.5,61.43,,,,,,,,,,,,,,,,,,,,,,,,,,,,,,,,,,,,
2023,2,22,20,0,0.4,-6.6,59.53,,,,,,,,,,,,,,,,,,,,,,,,,,,,,,,,,,,,
2023,2,22,21,0,0.6,-6.4,59.38,,,,,,,,,,,,,,,,,,,,,,,,,,,,,,,,,,,,
2023,2,22,22,0,0.6,-6.2,60.25,,,,,,,,,,,,,,,,,,,,,,,,,,,,,,,,,,,,
2023,2,22,23,0,0.3,-6.2,61.85,,,,,,,,,,,,,,,,,,,,,,,,,,,,,,,,,,,,
2023,2,23,0,0,-0.3,-6.3,63.73,,,,,,,,,,,,,,,,,,,,,,,,,,,,,,,,,,,,
2023,2,23,1,0,-1.1,-7.1,63.82,,,,,,,,,,,,,,,,,,,,,,,,,,,,,,,,,,,,
2023,2,23,2,0,-1.7,-8.1,61.76,,,,,,,,,,,,,,,,,,,,,,,,,,,,,,,,,,,,
2023,2,23,3,0,-2.3,-8.8,60.86,,,,,,,,,,,,,,,,,,,,,,,,,,,,,,,,,,,,
2023,2,23,4,0,-2.7,-9.2,61.06,,,,,,,,,,,,,,,,,,,,,,,,,,,,,,,,,,,,
2023,2,23,5,0,-3.2,-9.3,62.79,,,,,,,,,,,,,,,,,,,,,,,,,,,,,,,,,,,,
2023,2,23,6,0,-3.6,-9.4,64.09,,,,,,,,,,,,,,,,,,,,,,,,,,,,,,,,,,,,
2023,2,23,7,0,-4,-9.6,64.89,,,,,,,,,,,,,,,,,,,,,,,,,,,,,,,,,,,,
2023,2,23,8,0,-4.4,-10,65.06,,,,,,,,,,,,,,,,,,,,,,,,,,,,,,,,,,,,
2023,2,23,9,0,-4.8,-10.4,64.89,,,,,,,,,,,,,,,,,,,,,,,,,,,,,,,,,,,,
2023,2,23,10,0,-5,-10.7,64.14,,,,,,,,,,,,,,,,,,,,,,,,,,,,,,,,,,,,
2023,2,23,11,0,-5.2,-11,63.6,,,,,,,,,,,,,,,,,,,,,,,,,,,,,,,,,,,,
2023,2,23,12,0,-5.6,-11.4,63.7,,,,,,,,,,,,,,,,,,,,,,,,,,,,,,,,,,,,
2023,2,23,13,0,-5.9,-11.8,62.93,,,,,,,,,,,,,,,,,,,,,,,,,,,,,,,,,,,,
2023,2,23,14,0,-6.2,-12.3,61.91,,,,,,,,,,,,,,,,,,,,,,,,,,,,,,,,,,,,
2023,2,23,15,0,-6.3,-12.7,60.62,,,,,,,,,,,,,,,,,,,,,,,,,,,,,,,,,,,,
2023,2,23,16,0,-6.1,-12.8,58.99,,,,,,,,,,,,,,,,,,,,,,,,,,,,,,,,,,,,
2023,2,23,17,0,-5.3,-12.7,56.18,,,,,,,,,,,,,,,,,,,,,,,,,,,,,,,,,,,,
2023,2,23,18,0,-4,-11.9,54.14,,,,,,,,,,,,,,,,,,,,,,,,,,,,,,,,,,,,
2023,2,23,19,0,-2.6,-11,52.33,,,,,,,,,,,,,,,,,,,,,,,,,,,,,,,,,,,,
2023,2,23,20,0,-1.4,-10.2,51.34,,,,,,,,,,,,,,,,,,,,,,,,,,,,,,,,,,,,
2023,2,23,21,0,-0.6,-9.5,50.83,,,,,,,,,,,,,,,,,,,,,,,,,,,,,,,,,,,,
2023,2,23,22,0,-0.4,-9.2,51.48,,,,,,,,,,,,,,,,,,,,,,,,,,,,,,,,,,,,
2023,2,23,23,0,-0.8,-9.2,53.11,,,,,,,,,,,,,,,,,,,,,,,,,,,,,,,,,,,,
2023,2,24,0,0,-1.9,-9.5,55.93,,,,,,,,,,,,,,,,,,,,,,,,,,,,,,,,,,,,
2023,2,24,1,0,-3.8,-10.5,59.77,,,,,,,,,,,,,,,,,,,,,,,,,,,,,,,,,,,,
2023,2,24,2,0,-4.9,-11.3,61.04,,,,,,,,,,,,,,,,,,,,,,,,,,,,,,,,,,,,
2023,2,24,3,0,-5.6,-12,60.79,,,,,,,,,,,,,,,,,,,,,,,,,,,,,,,,,,,,
2023,2,24,4,0,-6.1,-12.2,62.07,,,,,,,,,,,,,,,,,,,,,,,,,,,,,,,,,,,,
2023,2,24,5,0,-6.5,-12.2,64.01,,,,,,,,,,,,,,,,,,,,,,,,,,,,,,,,,,,,
2023,2,24,6,0,-6.8,-12.2,65.39,,,,,,,,,,,,,,,,,,,,,,,,,,,,,,,,,,,,
2023,2,24,7,0,-6.9,-12.2,65.89,,,,,,,,,,,,,,,,,,,,,,,,,,,,,,,,,,,,
2023,2,24,8,0,-7.1,-12.1,67.23,,,,,,,,,,,,,,,,,,,,,,,,,,,,,,,,,,,,
2023,2,24,9,0,-7.1,-12.1,67.7,,,,,,,,,,,,,,,,,,,,,,,,,,,,,,,,,,,,
2023,2,24,10,0,-7,-12,67.65,,,,,,,,,,,,,,,,,,,,,,,,,,,,,,,,,,,,
2023,2,24,11,0,-6.9,-11.9,67.61,,,,,,,,,,,,,,,,,,,,,,,,,,,,,,,,,,,,
2023,2,24,12,0,-6.9,-11.8,68.02,,,,,,,,,,,,,,,,,,,,,,,,,,,,,,,,,,,,
2023,2,24,13,0,-6.9,-11.9,67.6,,,,,,,,,,,,,,,,,,,,,,,,,,,,,,,,,,,,
2023,2,24,14,0,-6.9,-12,66.77,,,,,,,,,,,,,,,,,,,,,,,,,,,,,,,,,,,,
2023,2,24,15,0,-6.3,-12.3,62.68,,,,,,,,,,,,,,,,,,,,,,,,,,,,,,,,,,,,
2023,2,24,16,0,-4.2,-11.5,56.91,,,,,,,,,,,,,,,,,,,,,,,,,,,,,,,,,,,,
2023,2,24,17,0,-2.2,-10.7,52.12,,,,,,,,,,,,,,,,,,,,,,,,,,,,,,,,,,,,
2023,2,24,18,0,-0.3,-9.7,49.12,,,,,,,,,,,,,,,,,,,,,,,,,,,,,,,,,,,,
2023,2,24,19,0,1.1,-8.5,48.82,,,,,,,,,,,,,,,,,,,,,,,,,,,,,,,,,,,,
2023,2,24,20,0,2.1,-7.5,49.01,,,,,,,,,,,,,,,,,,,,,,,,,,,,,,,,,,,,
2023,2,24,21,0,2.6,-6.6,50.61,,,,,,,,,,,,,,,,,,,,,,,,,,,,,,,,,,,,
2023,2,24,22,0,2.7,-5.7,53.93,,,,,,,,,,,,,,,,,,,,,,,,,,,,,,,,,,,,
2023,2,24,23,0,2.3,-4.9,59.11,,,,,,,,,,,,,,,,,,,,,,,,,,,,,,,,,,,,
2023,2,25,0,0,0.9,-2.9,75.76,,,,,,,,,,,,,,,,,,,,,,,,,,,,,,,,,,,,
2023,2,25,1,0,-0.6,-3.3,82.06,,,,,,,,,,,,,,,,,,,,,,,,,,,,,,,,,,,,
2023,2,25,2,0,-1.5,-4,83.2,,,,,,,,,,,,,,,,,,,,,,,,,,,,,,,,,,,,
2023,2,25,3,0,-2.3,-4.6,84.45,,,,,,,,,,,,,,,,,,,,,,,,,,,,,,,,,,,,
2023,2,25,4,0,-2.5,-4.6,85.35,,,,,,,,,,,,,,,,,,,,,,,,,,,,,,,,,,,,
2023,2,25,5,0,-2.5,-4.6,85.75,,,,,,,,,,,,,,,,,,,,,,,,,,,,,,,,,,,,
2023,2,25,6,0,-2.6,-4.6,86.31,,,,,,,,,,,,,,,,,,,,,,,,,,,,,,,,,,,,
2023,2,25,7,0,-2.6,-4.9,84.26,,,,,,,,,,,,,,,,,,,,,,,,,,,,,,,,,,,,
2023,2,25,8,0,-2.2,-5.2,79.75,,,,,,,,,,,,,,,,,,,,,,,,,,,,,,,,,,,,
2023,2,25,9,0,-2,-5.5,77.06,,,,,,,,,,,,,,,,,,,,,,,,,,,,,,,,,,,,
2023,2,25,10,0,-2,-5.5,76.76,,,,,,,,,,,,,,,,,,,,,,,,,,,,,,,,,,,,
2023,2,25,11,0,-2,-5.6,76.59,,,,,,,,,,,,,,,,,,,,,,,,,,,,,,,,,,,,
2023,2,25,12,0,-2.2,-5.8,76.46,,,,,,,,,,,,,,,,,,,,,,,,,,,,,,,,,,,,
2023,2,25,13,0,-2.6,-6,77.65,,,,,,,,,,,,,,,,,,,,,,,,,,,,,,,,,,,,
2023,2,25,14,0,-2.9,-5.7,80.75,,,,,,,,,,,,,,,,,,,,,,,,,,,,,,,,,,,,
2023,2,25,15,0,-1.9,-4.6,81.83,,,,,,,,,,,,,,,,,,,,,,,,,,,,,,,,,,,,
2023,2,25,16,0,0.3,-3.9,73.54,,,,,,,,,,,,,,,,,,,,,,,,,,,,,,,,,,,,
2023,2,25,17,0,1.9,-3.2,69.07,,,,,,,,,,,,,,,,,,,,,,,,,,,,,,,,,,,,
2023,2,25,18,0,3.3,-2.5,65.84,,,,,,,,,,,,,,,,,,,,,,,,,,,,,,,,,,,,
2023,2,25,19,0,4.2,-2,63.82,,,,,,,,,,,,,,,,,,,,,,,,,,,,,,,,,,,,
2023,2,25,20,0,5,-1.7,61.73,,,,,,,,,,,,,,,,,,,,,,,,,,,,,,,,,,,,
2023,2,25,21,0,5.4,-1.3,61.95,,,,,,,,,,,,,,,,,,,,,,,,,,,,,,,,,,,,
2023,2,25,22,0,5.4,-0.6,65.48,,,,,,,,,,,,,,,,,,,,,,,,,,,,,,,,,,,,
2023,2,25,23,0,4.7,0.8,75.82,,,,,,,,,,,,,,,,,,,,,,,,,,,,,,,,,,,,
2023,2,26,0,0,3.1,0.9,85.67,,,,,,,,,,,,,,,,,,,,,,,,,,,,,,,,,,,,
2023,2,26,1,0,2,0.4,88.84,,,,,,,,,,,,,,,,,,,,,,,,,,,,,,,,,,,,
2023,2,26,2,0,1.7,0.3,90.71,,,,,,,,,,,,,,,,,,,,,,,,,,,,,,,,,,,,
2023,2,26,3,0,1.7,0.5,91.62,,,,,,,,,,,,,,,,,,,,,,,,,,,,,,,,,,,,
2023,2,26,4,0,1.7,0.6,92.41,,,,,,,,,,,,,,,,,,,,,,,,,,,,,,,,,,,,
2023,2,26,5,0,1.7,0.5,91.86,,,,,,,,,,,,,,,,,,,,,,,,,,,,,,,,,,,,
2023,2,26,6,0,1.4,0.3,92.23,,,,,,,,,,,,,,,,,,,,,,,,,,,,,,,,,,,,
2023,2,26,7,0,1.2,0.1,92.53,,,,,,,,,,,,,,,,,,,,,,,,,,,,,,,,,,,,
2023,2,26,8,0,1.3,0.1,91.73,,,,,,,,,,,,,,,,,,,,,,,,,,,,,,,,,,,,
2023,2,26,9,0,1.5,0.3,91.78,,,,,,,,,,,,,,,,,,,,,,,,,,,,,,,,,,,,
2023,2,26,10,0,1.8,0.7,92.25,,,,,,,,,,,,,,,,,,,,,,,,,,,,,,,,,,,,
2023,2,26,11,0,2,1,92.98,,,,,,,,,,,,,,,,,,,,,,,,,,,,,,,,,,,,
2023,2,26,12,0,1.9,1,93.81,,,,,,,,,,,,,,,,,,,,,,,,,,,,,,,,,,,,
2023,2,26,13,0,1.5,0.8,95.35,,,,,,,,,,,,,,,,,,,,,,,,,,,,,,,,,,,,
2023,2,26,14,0,0.7,0,95.19,,,,,,,,,,,,,,,,,,,,,,,,,,,,,,,,,,,,
2023,2,26,15,0,1.1,0.3,94.38,,,,,,,,,,,,,,,,,,,,,,,,,,,,,,,,,,,,
2023,2,26,16,0,2.2,1.2,92.88,,,,,,,,,,,,,,,,,,,,,,,,,,,,,,,,,,,,
2023,2,26,17,0,3,1.7,91.35,,,,,,,,,,,,,,,,,,,,,,,,,,,,,,,,,,,,
2023,2,26,18,0,3.9,1.8,86.47,,,,,,,,,,,,,,,,,,,,,,,,,,,,,,,,,,,,
2023,2,26,19,0,4.7,1.6,80.15,,,,,,,,,,,,,,,,,,,,,,,,,,,,,,,,,,,,
2023,2,26,20,0,5.1,1.3,76.51,,,,,,,,,,,,,,,,,,,,,,,,,,,,,,,,,,,,
2023,2,26,21,0,4.8,1.3,78.32,,,,,,,,,,,,,,,,,,,,,,,,,,,,,,,,,,,,
2023,2,26,22,0,4.4,1.5,81.31,,,,,,,,,,,,,,,,,,,,,,,,,,,,,,,,,,,,
2023,2,26,23,0,3.8,1.5,85,,,,,,,,,,,,,,,,,,,,,,,,,,,,,,,,,,,,
2023,2,27,0,0,2.9,1.3,88.98,,,,,,,,,,,,,,,,,,,,,,,,,,,,,,,,,,,,
2023,2,27,1,0,1.6,0.6,93.2,,,,,,,,,,,,,,,,,,,,,,,,,,,,,,,,,,,,
2023,2,27,2,0,0.9,0.3,95.87,,,,,,,,,,,,,,,,,,,,,,,,,,,,,,,,,,,,
2023,2,27,3,0,0.7,0.2,96.37,,,,,,,,,,,,,,,,,,,,,,,,,,,,,,,,,,,,
2023,2,27,4,0,0.6,0.1,96.51,,,,,,,,,,,,,,,,,,,,,,,,,,,,,,,,,,,,
2023,2,27,5,0,0.6,0,95.81,,,,,,,,,,,,,,,,,,,,,,,,,,,,,,,,,,,,
2023,2,27,6,0,0.2,-0.3,96.37,,,,,,,,,,,,,,,,,,,,,,,,,,,,,,,,,,,,
2023,2,27,7,0,0.1,-0.5,95.81,,,,,,,,,,,,,,,,,,,,,,,,,,,,,,,,,,,,
2023,2,27,8,0,-0.1,-0.7,95.97,,,,,,,,,,,,,,,,,,,,,,,,,,,,,,,,,,,,
2023,2,27,9,0,-0.3,-0.9,95.63,,,,,,,,,,,,,,,,,,,,,,,,,,,,,,,,,,,,
2023,2,27,10,0,-0.2,-1.1,93.51,,,,,,,,,,,,,,,,,,,,,,,,,,,,,,,,,,,,
2023,2,27,11,0,-0.4,-1.3,93.69,,,,,,,,,,,,,,,,,,,,,,,,,,,,,,,,,,,,
2023,2,27,12,0,-0.5,-1.4,93.74,,,,,,,,,,,,,,,,,,,,,,,,,,,,,,,,,,,,
2023,2,27,13,0,-0.3,-1.3,93.21,,,,,,,,,,,,,,,,,,,,,,,,,,,,,,,,,,,,
2023,2,27,14,0,0.2,-0.9,92.25,,,,,,,,,,,,,,,,,,,,,,,,,,,,,,,,,,,,
2023,2,27,15,0,0.7,-0.4,92.57,,,,,,,,,,,,,,,,,,,,,,,,,,,,,,,,,,,,
2023,2,27,16,0,1.2,0.2,93.12,,,,,,,,,,,,,,,,,,,,,,,,,,,,,,,,,,,,
2023,2,27,17,0,1.8,0.6,91.89,,,,,,,,,,,,,,,,,,,,,,,,,,,,,,,,,,,,
2023,2,27,18,0,2.6,1.2,90.75,,,,,,,,,,,,,,,,,,,,,,,,,,,,,,,,,,,,
2023,2,27,19,0,3.3,1.7,89.09,,,,,,,,,,,,,,,,,,,,,,,,,,,,,,,,,,,,
2023,2,27,20,0,3.9,1.9,86.61,,,,,,,,,,,,,,,,,,,,,,,,,,,,,,,,,,,,
2023,2,27,21,0,4.1,2.1,86.62,,,,,,,,,,,,,,,,,,,,,,,,,,,,,,,,,,,,
2023,2,27,22,0,4.2,2.4,88.14,,,,,,,,,,,,,,,,,,,,,,,,,,,,,,,,,,,,
2023,2,27,23,0,4,2.6,90.91,,,,,,,,,,,,,,,,,,,,,,,,,,,,,,,,,,,,
2023,2,28,0,0,3.2,2.1,92.78,,,,,,,,,,,,,,,,,,,,,,,,,,,,,,,,,,,,
2023,2,28,1,0,1.7,0.9,94.12,,,,,,,,,,,,,,,,,,,,,,,,,,,,,,,,,,,,
2023,2,28,2,0,1.3,0.5,94.5,,,,,,,,,,,,,,,,,,,,,,,,,,,,,,,,,,,,
2023,2,28,3,0,1.4,0.5,93.68,,,,,,,,,,,,,,,,,,,,,,,,,,,,,,,,,,,,
2023,2,28,4,0,1.1,0.2,93.96,,,,,,,,,,,,,,,,,,,,,,,,,,,,,,,,,,,,
2023,2,28,5,0,0.7,-0.1,94.15,,,,,,,,,,,,,,,,,,,,,,,,,,,,,,,,,,,,
2023,2,28,6,0,0.5,-0.4,93.63,,,,,,,,,,,,,,,,,,,,,,,,,,,,,,,,,,,,
2023,2,28,7,0,0.3,-0.5,94.12,,,,,,,,,,,,,,,,,,,,,,,,,,,,,,,,,,,,
2023,2,28,8,0,0.2,-0.5,94.72,,,,,,,,,,,,,,,,,,,,,,,,,,,,,,,,,,,,
2023,2,28,9,0,0.3,-0.5,94.57,,,,,,,,,,,,,,,,,,,,,,,,,,,,,,,,,,,,
2023,2,28,10,0,0.4,-0.4,94.37,,,,,,,,,,,,,,,,,,,,,,,,,,,,,,,,,,,,
2023,2,28,11,0,0.5,-0.2,94.76,,,,,,,,,,,,,,,,,,,,,,,,,,,,,,,,,,,,
2023,2,28,12,0,0.6,-0.1,94.87,,,,,,,,,,,,,,,,,,,,,,,,,,,,,,,,,,,,
2023,2,28,13,0,0.6,0,95.56,,,,,,,,,,,,,,,,,,,,,,,,,,,,,,,,,,,,
2023,2,28,14,0,0.7,0,95.31,,,,,,,,,,,,,,,,,,,,,,,,,,,,,,,,,,,,
2023,2,28,15,0,0.9,0.3,95.85,,,,,,,,,,,,,,,,,,,,,,,,,,,,,,,,,,,,
2023,2,28,16,0,1.5,0.8,95.1,,,,,,,,,,,,,,,,,,,,,,,,,,,,,,,,,,,,
2023,2,28,17,0,2.1,1.2,93.53,,,,,,,,,,,,,,,,,,,,,,,,,,,,,,,,,,,,
2023,2,28,18,0,3,1.5,89.72,,,,,,,,,,,,,,,,,,,,,,,,,,,,,,,,,,,,
2023,2,28,19,0,4,1.2,81.69,,,,,,,,,,,,,,,,,,,,,,,,,,,,,,,,,,,,
2023,2,28,20,0,4.6,0.5,74.98,,,,,,,,,,,,,,,,,,,,,,,,,,,,,,,,,,,,
2023,2,28,21,0,4.8,0.1,71.52,,,,,,,,,,,,,,,,,,,,,,,,,,,,,,,,,,,,
2023,2,28,22,0,4.7,-0.1,71.25,,,,,,,,,,,,,,,,,,,,,,,,,,,,,,,,,,,,
2023,2,28,23,0,4.3,0.3,75.19,,,,,,,,,,,,,,,,,,,,,,,,,,,,,,,,,,,,
2023,3,1,0,0,3.4,1.2,85.37,,,,,,,,,,,,,,,,,,,,,,,,,,,,,,,,,,,,
2023,3,1,1,0,1.4,-0.1,89.61,,,,,,,,,,,,,,,,,,,,,,,,,,,,,,,,,,,,
2023,3,1,2,0,0.2,-0.8,93.15,,,,,,,,,,,,,,,,,,,,,,,,,,,,,,,,,,,,
2023,3,1,3,0,-0.4,-1,96.03,,,,,,,,,,,,,,,,,,,,,,,,,,,,,,,,,,,,
2023,3,1,4,0,-0.7,-1.1,97.29,,,,,,,,,,,,,,,,,,,,,,,,,,,,,,,,,,,,
2023,3,1,5,0,-0.5,-1.1,95.88,,,,,,,,,,,,,,,,,,,,,,,,,,,,,,,,,,,,
2023,3,1,6,0,-0.4,-1,95.57,,,,,,,,,,,,,,,,,,,,,,,,,,,,,,,,,,,,
2023,3,1,7,0,-0.5,-1.1,96.02,,,,,,,,,,,,,,,,,,,,,,,,,,,,,,,,,,,,
2023,3,1,8,0,-0.4,-1.1,95.11,,,,,,,,,,,,,,,,,,,,,,,,,,,,,,,,,,,,
2023,3,1,9,0,-0.2,-1.1,93.4,,,,,,,,,,,,,,,,,,,,,,,,,,,,,,,,,,,,
2023,3,1,10,0,-0.1,-1.2,92.23,,,,,,,,,,,,,,,,,,,,,,,,,,,,,,,,,,,,
2023,3,1,11,0,-0.2,-1.4,91.67,,,,,,,,,,,,,,,,,,,,,,,,,,,,,,,,,,,,
2023,3,1,12,0,-0.3,-1.5,91.36,,,,,,,,,,,,,,,,,,,,,,,,,,,,,,,,,,,,
2023,3,1,13,0,-0.4,-1.5,92,,,,,,,,,,,,,,,,,,,,,,,,,,,,,,,,,,,,
2023,3,1,14,0,-1,-1.8,94.2,,,,,,,,,,,,,,,,,,,,,,,,,,,,,,,,,,,,
2023,3,1,15,0,-0.3,-1.2,93.73,,,,,,,,,,,,,,,,,,,,,,,,,,,,,,,,,,,,
2023,3,1,16,0,0.8,-0.3,92.09,,,,,,,,,,,,,,,,,,,,,,,,,,,,,,,,,,,,
2023,3,1,17,0,1.9,0.5,90.46,,,,,,,,,,,,,,,,,,,,,,,,,,,,,,,,,,,,
2023,3,1,18,0,2.9,1,87.32,,,,,,,,,,,,,,,,,,,,,,,,,,,,,,,,,,,,
2023,3,1,19,0,3.6,1.2,84.08,,,,,,,,,,,,,,,,,,,,,,,,,,,,,,,,,,,,
2023,3,1,20,0,4.5,1.1,78.57,,,,,,,,,,,,,,,,,,,,,,,,,,,,,,,,,,,,
2023,3,1,21,0,5.1,1,74.83,,,,,,,,,,,,,,,,,,,,,,,,,,,,,,,,,,,,
2023,3,1,22,0,5.1,1.3,76.42,,,,,,,,,,,,,,,,,,,,,,,,,,,,,,,,,,,,
2023,3,1,23,0,5.1,2,80.32,,,,,,,,,,,,,,,,,,,,,,,,,,,,,,,,,,,,
2023,3,2,0,0,4.4,2.4,86.72,,,,,,,,,,,,,,,,,,,,,,,,,,,,,,,,,,,,
2023,3,2,1,0,3.1,2,92.68,,,,,,,,,,,,,,,,,,,,,,,,,,,,,,,,,,,,
2023,3,2,2,0,2.8,2,94.73,,,,,,,,,,,,,,,,,,,,,,,,,,,,,,,,,,,,
2023,3,2,3,0,2.5,2,96.22,,,,,,,,,,,,,,,,,,,,,,,,,,,,,,,,,,,,
2023,3,2,4,0,2.2,1.7,96.5,,,,,,,,,,,,,,,,,,,,,,,,,,,,,,,,,,,,
2023,3,2,5,0,2,1.5,96.39,,,,,,,,,,,,,,,,,,,,,,,,,,,,,,,,,,,,
2023,3,2,6,0,2.1,1.5,95.46,,,,,,,,,,,,,,,,,,,,,,,,,,,,,,,,,,,,
2023,3,2,7,0,2.2,1.5,95.13,,,,,,,,,,,,,,,,,,,,,,,,,,,,,,,,,,,,
2023,3,2,8,0,2.3,1.5,94.63,,,,,,,,,,,,,,,,,,,,,,,,,,,,,,,,,,,,
2023,3,2,9,0,2.3,1.5,94.63,,,,,,,,,,,,,,,,,,,,,,,,,,,,,,,,,,,,
2023,3,2,10,0,2.6,1.6,92.99,,,,,,,,,,,,,,,,,,,,,,,,,,,,,,,,,,,,
2023,3,2,11,0,3,1.7,91.14,,,,,,,,,,,,,,,,,,,,,,,,,,,,,,,,,,,,
2023,3,2,12,0,3.2,1.8,90.54,,,,,,,,,,,,,,,,,,,,,,,,,,,,,,,,,,,,
2023,3,2,13,0,3.3,1.9,90.31,,,,,,,,,,,,,,,,,,,,,,,,,,,,,,,,,,,,
2023,3,2,14,0,3.3,2,90.9,,,,,,,,,,,,,,,,,,,,,,,,,,,,,,,,,,,,
2023,3,2,15,0,3.4,2.2,91.71,,,,,,,,,,,,,,,,,,,,,,,,,,,,,,,,,,,,
2023,3,2,16,0,3.9,2.7,92.16,,,,,,,,,,,,,,,,,,,,,,,,,,,,,,,,,,,,
2023,3,2,17,0,4.8,3.3,89.88,,,,,,,,,,,,,,,,,,,,,,,,,,,,,,,,,,,,
2023,3,2,18,0,5.6,3.2,84.37,,,,,,,,,,,,,,,,,,,,,,,,,,,,,,,,,,,,
2023,3,2,19,0,6,2.5,78.49,,,,,,,,,,,,,,,,,,,,,,,,,,,,,,,,,,,,
2023,3,2,20,0,6.2,1.9,74.19,,,,,,,,,,,,,,,,,,,,,,,,,,,,,,,,,,,,
2023,3,2,21,0,6.4,1.5,70.83,,,,,,,,,,,,,,,,,,,,,,,,,,,,,,,,,,,,
2023,3,2,22,0,6.4,1.3,70,,,,,,,,,,,,,,,,,,,,,,,,,,,,,,,,,,,,
2023,3,2,23,0,6.1,1.6,72.76,,,,,,,,,,,,,,,,,,,,,,,,,,,,,,,,,,,,
2023,3,3,0,0,5.2,2.1,80.21,,,,,,,,,,,,,,,,,,,,,,,,,,,,,,,,,,,,
2023,3,3,1,0,4.2,2,85.87,,,,,,,,,,,,,,,,,,,,,,,,,,,,,,,,,,,,
2023,3,3,2,0,3.6,2,89.37,,,,,,,,,,,,,,,,,,,,,,,,,,,,,,,,,,,,
2023,3,3,3,0,3.1,1.9,91.95,,,,,,,,,,,,,,,,,,,,,,,,,,,,,,,,,,,,
2023,3,3,4,0,2.6,1.7,93.55,,,,,,,,,,,,,,,,,,,,,,,,,,,,,,,,,,,,
2023,3,3,5,0,2.1,1.3,94.53,,,,,,,,,,,,,,,,,,,,,,,,,,,,,,,,,,,,
2023,3,3,6,0,1.9,1.1,94.55,,,,,,,,,,,,,,,,,,,,,,,,,,,,,,,,,,,,
2023,3,3,7,0,1.6,1.1,96.16,,,,,,,,,,,,,,,,,,,,,,,,,,,,,,,,,,,,
2023,3,3,8,0,1.6,1.1,96.37,,,,,,,,,,,,,,,,,,,,,,,,,,,,,,,,,,,,
2023,3,3,9,0,1.7,1.1,95.7,,,,,,,,,,,,,,,,,,,,,,,,,,,,,,,,,,,,
2023,3,3,10,0,1.7,1.1,95.84,,,,,,,,,,,,,,,,,,,,,,,,,,,,,,,,,,,,
2023,3,3,11,0,1.9,1.2,95.43,,,,,,,,,,,,,,,,,,,,,,,,,,,,,,,,,,,,
2023,3,3,12,0,2,1.4,95.71,,,,,,,,,,,,,,,,,,,,,,,,,,,,,,,,,,,,
2023,3,3,13,0,2,1.4,96.09,,,,,,,,,,,,,,,,,,,,,,,,,,,,,,,,,,,,
2023,3,3,14,0,2,1.4,96.02,,,,,,,,,,,,,,,,,,,,,,,,,,,,,,,,,,,,
2023,3,3,15,0,2.1,1.5,95.73,,,,,,,,,,,,,,,,,,,,,,,,,,,,,,,,,,,,
2023,3,3,16,0,2.4,1.7,95.23,,,,,,,,,,,,,,,,,,,,,,,,,,,,,,,,,,,,
2023,3,3,17,0,2.9,2,94.13,,,,,,,,,,,,,,,,,,,,,,,,,,,,,,,,,,,,
2023,3,3,18,0,3.6,2.3,91.29,,,,,,,,,,,,,,,,,,,,,,,,,,,,,,,,,,,,
2023,3,3,19,0,4.1,2.4,88.4,,,,,,,,,,,,,,,,,,,,,,,,,,,,,,,,,,,,
2023,3,3,20,0,4.4,2.3,86.22,,,,,,,,,,,,,,,,,,,,,,,,,,,,,,,,,,,,
2023,3,3,21,0,4.4,2.2,85.77,,,,,,,,,,,,,,,,,,,,,,,,,,,,,,,,,,,,
2023,3,3,22,0,4.2,2.2,86.88,,,,,,,,,,,,,,,,,,,,,,,,,,,,,,,,,,,,
2023,3,3,23,0,3.9,2.3,89.41,,,,,,,,,,,,,,,,,,,,,,,,,,,,,,,,,,,,
2023,3,4,0,0,3.4,2.4,92.85,,,,,,,,,,,,,,,,,,,,,,,,,,,,,,,,,,,,
2023,3,4,1,0,3,2.3,94.89,,,,,,,,,,,,,,,,,,,,,,,,,,,,,,,,,,,,
2023,3,4,2,0,2.8,2.1,95.41,,,,,,,,,,,,,,,,,,,,,,,,,,,,,,,,,,,,
2023,3,4,3,0,2.8,2.1,94.88,,,,,,,,,,,,,,,,,,,,,,,,,,,,,,,,,,,,
2023,3,4,4,0,2.7,2,94.99,,,,,,,,,,,,,,,,,,,,,,,,,,,,,,,,,,,,
2023,3,4,5,0,2.6,1.9,95.07,,,,,,,,,,,,,,,,,,,,,,,,,,,,,,,,,,,,
2023,3,4,6,0,2.5,1.8,95.42,,,,,,,,,,,,,,,,,,,,,,,,,,,,,,,,,,,,
2023,3,4,7,0,2.3,1.7,95.84,,,,,,,,,,,,,,,,,,,,,,,,,,,,,,,,,,,,
2023,3,4,8,0,2.2,1.6,95.73,,,,,,,,,,,,,,,,,,,,,,,,,,,,,,,,,,,,
2023,3,4,9,0,2.1,1.4,95.12,,,,,,,,,,,,,,,,,,,,,,,,,,,,,,,,,,,,
2023,3,4,10,0,1.8,1.2,95.58,,,,,,,,,,,,,,,,,,,,,,,,,,,,,,,,,,,,
2023,3,4,11,0,1.8,1.2,95.46,,,,,,,,,,,,,,,,,,,,,,,,,,,,,,,,,,,,
2023,3,4,12,0,1.8,1.1,95.1,,,,,,,,,,,,,,,,,,,,,,,,,,,,,,,,,,,,
2023,3,4,13,0,1.6,0.8,94.5,,,,,,,,,,,,,,,,,,,,,,,,,,,,,,,,,,,,
2023,3,4,14,0,1.5,0.8,94.9,,,,,,,,,,,,,,,,,,,,,,,,,,,,,,,,,,,,
2023,3,4,15,0,2.2,1.5,94.9,,,,,,,,,,,,,,,,,,,,,,,,,,,,,,,,,,,,
2023,3,4,16,0,2.6,1.9,94.89,,,,,,,,,,,,,,,,,,,,,,,,,,,,,,,,,,,,
2023,3,4,17,0,2.9,2,93.82,,,,,,,,,,,,,,,,,,,,,,,,,,,,,,,,,,,,
2023,3,4,18,0,3.8,2.7,92.64,,,,,,,,,,,,,,,,,,,,,,,,,,,,,,,,,,,,
2023,3,4,19,0,4.8,3.2,89.27,,,,,,,,,,,,,,,,,,,,,,,,,,,,,,,,,,,,
2023,3,4,20,0,5.3,3.1,85.5,,,,,,,,,,,,,,,,,,,,,,,,,,,,,,,,,,,,
2023,3,4,21,0,5.2,3.1,86.08,,,,,,,,,,,,,,,,,,,,,,,,,,,,,,,,,,,,
2023,3,4,22,0,5,3.2,88.33,,,,,,,,,,,,,,,,,,,,,,,,,,,,,,,,,,,,
2023,3,4,23,0,4.8,3.3,90,,,,,,,,,,,,,,,,,,,,,,,,,,,,,,,,,,,,
2023,3,5,0,0,4.4,3.1,91.03,,,,,,,,,,,,,,,,,,,,,,,,,,,,,,,,,,,,
2023,3,5,1,0,3.7,2.6,92.81,,,,,,,,,,,,,,,,,,,,,,,,,,,,,,,,,,,,
2023,3,5,2,0,3.2,2.2,92.9,,,,,,,,,,,,,,,,,,,,,,,,,,,,,,,,,,,,
2023,3,5,3,0,2.9,1.9,92.92,,,,,,,,,,,,,,,,,,,,,,,,,,,,,,,,,,,,
2023,3,5,4,0,2.5,1.6,93.49,,,,,,,,,,,,,,,,,,,,,,,,,,,,,,,,,,,,
2023,3,5,5,0,1.9,1.1,94.45,,,,,,,,,,,,,,,,,,,,,,,,,,,,,,,,,,,,
2023,3,5,6,0,1.4,0.6,94.25,,,,,,,,,,,,,,,,,,,,,,,,,,,,,,,,,,,,
2023,3,5,7,0,0.9,0.1,94.1,,,,,,,,,,,,,,,,,,,,,,,,,,,,,,,,,,,,
2023,3,5,8,0,0.5,-0.4,93.72,,,,,,,,,,,,,,,,,,,,,,,,,,,,,,,,,,,,
2023,3,5,9,0,0.3,-0.9,91.75,,,,,,,,,,,,,,,,,,,,,,,,,,,,,,,,,,,,
2023,3,5,10,0,0.4,-1.2,89.34,,,,,,,,,,,,,,,,,,,,,,,,,,,,,,,,,,,,
2023,3,5,11,0,0.6,-1,88.95,,,,,,,,,,,,,,,,,,,,,,,,,,,,,,,,,,,,
2023,3,5,12,0,0.7,-1,88.36,,,,,,,,,,,,,,,,,,,,,,,,,,,,,,,,,,,,
2023,3,5,13,0,0.8,-1.2,86.41,,,,,,,,,,,,,,,,,,,,,,,,,,,,,,,,,,,,
2023,3,5,14,0,0.6,-1.5,85.73,,,,,,,,,,,,,,,,,,,,,,,,,,,,,,,,,,,,
2023,3,5,15,0,1.3,-0.2,89.8,,,,,,,,,,,,,,,,,,,,,,,,,,,,,,,,,,,,
2023,3,5,16,0,3.7,1.9,88.16,,,,,,,,,,,,,,,,,,,,,,,,,,,,,,,,,,,,
2023,3,5,17,0,5.5,2,78.17,,,,,,,,,,,,,,,,,,,,,,,,,,,,,,,,,,,,
2023,3,5,18,0,6.3,1.5,71.46,,,,,,,,,,,,,,,,,,,,,,,,,,,,,,,,,,,,
2023,3,5,19,0,7.2,1,64.97,,,,,,,,,,,,,,,,,,,,,,,,,,,,,,,,,,,,
2023,3,5,20,0,7.8,0.9,61.69,,,,,,,,,,,,,,,,,,,,,,,,,,,,,,,,,,,,
2023,3,5,21,0,8.2,1.2,61.24,,,,,,,,,,,,,,,,,,,,,,,,,,,,,,,,,,,,
2023,3,5,22,0,8.1,1.4,62.49,,,,,,,,,,,,,,,,,,,,,,,,,,,,,,,,,,,,
2023,3,5,23,0,7.8,2.5,69.14,,,,,,,,,,,,,,,,,,,,,,,,,,,,,,,,,,,,
2023,3,6,0,0,6.8,2.3,73.19,,,,,,,,,,,,,,,,,,,,,,,,,,,,,,,,,,,,
2023,3,6,1,0,5.7,1.5,74.44,,,,,,,,,,,,,,,,,,,,,,,,,,,,,,,,,,,,
2023,3,6,2,0,4.7,1.6,80.52,,,,,,,,,,,,,,,,,,,,,,,,,,,,,,,,,,,,
2023,3,6,3,0,3.7,1.9,87.79,,,,,,,,,,,,,,,,,,,,,,,,,,,,,,,,,,,,
2023,3,6,4,0,2.9,1.8,92.18,,,,,,,,,,,,,,,,,,,,,,,,,,,,,,,,,,,,
2023,3,6,5,0,2.5,1.5,93.4,,,,,,,,,,,,,,,,,,,,,,,,,,,,,,,,,,,,
2023,3,6,6,0,2.2,1.3,93.48,,,,,,,,,,,,,,,,,,,,,,,,,,,,,,,,,,,,
2023,3,6,7,0,2,0.9,92.16,,,,,,,,,,,,,,,,,,,,,,,,,,,,,,,,,,,,
2023,3,6,8,0,1.7,0.3,90.68,,,,,,,,,,,,,,,,,,,,,,,,,,,,,,,,,,,,
2023,3,6,9,0,1.4,-0.2,89,,,,,,,,,,,,,,,,,,,,,,,,,,,,,,,,,,,,
2023,3,6,10,0,0.9,-0.7,88.84,,,,,,,,,,,,,,,,,,,,,,,,,,,,,,,,,,,,
2023,3,6,11,0,0.2,-1.1,91.13,,,,,,,,,,,,,,,,,,,,,,,,,,,,,,,,,,,,
2023,3,6,12,0,-0.2,-1.2,92.63,,,,,,,,,,,,,,,,,,,,,,,,,,,,,,,,,,,,
2023,3,6,13,0,-0.4,-1.5,92,,,,,,,,,,,,,,,,,,,,,,,,,,,,,,,,,,,,
2023,3,6,14,0,-0.4,-1.6,91.83,,,,,,,,,,,,,,,,,,,,,,,,,,,,,,,,,,,,
2023,3,6,15,0,1,-0.2,91.36,,,,,,,,,,,,,,,,,,,,,,,,,,,,,,,,,,,,
2023,3,6,16,0,2.2,0.9,90.8,,,,,,,,,,,,,,,,,,,,,,,,,,,,,,,,,,,,
2023,3,6,17,0,3.2,1.7,90.04,,,,,,,,,,,,,,,,,,,,,,,,,,,,,,,,,,,,
2023,3,6,18,0,3.9,2.3,89.27,,,,,,,,,,,,,,,,,,,,,,,,,,,,,,,,,,,,
2023,3,6,19,0,4.6,2.7,87.48,,,,,,,,,,,,,,,,,,,,,,,,,,,,,,,,,,,,
2023,3,6,20,0,5.4,3,84.68,,,,,,,,,,,,,,,,,,,,,,,,,,,,,,,,,,,,
2023,3,6,21,0,6.2,3.2,81.23,,,,,,,,,,,,,,,,,,,,,,,,,,,,,,,,,,,,
2023,3,6,22,0,6.5,3.3,80.16,,,,,,,,,,,,,,,,,,,,,,,,,,,,,,,,,,,,
2023,3,6,23,0,6.6,3.6,81.07,,,,,,,,,,,,,,,,,,,,,,,,,,,,,,,,,,,,
2023,3,7,0,0,6.1,4,86.42,,,,,,,,,,,,,,,,,,,,,,,,,,,,,,,,,,,,
2023,3,7,1,0,4.1,2.9,91.71,,,,,,,,,,,,,,,,,,,,,,,,,,,,,,,,,,,,
2023,3,7,2,0,2.9,1.8,92.36,,,,,,,,,,,,,,,,,,,,,,,,,,,,,,,,,,,,
2023,3,7,3,0,2.6,1.4,91.66,,,,,,,,,,,,,,,,,,,,,,,,,,,,,,,,,,,,
2023,3,7,4,0,2.3,1.1,91.6,,,,,,,,,,,,,,,,,,,,,,,,,,,,,,,,,,,,
2023,3,7,5,0,2,0.8,91.48,,,,,,,,,,,,,,,,,,,,,,,,,,,,,,,,,,,,
2023,3,7,6,0,1.7,0.4,91.38,,,,,,,,,,,,,,,,,,,,,,,,,,,,,,,,,,,,
2023,3,7,7,0,1.4,0.1,90.92,,,,,,,,,,,,,,,,,,,,,,,,,,,,,,,,,,,,
2023,3,7,8,0,1.3,-0.1,90.59,,,,,,,,,,,,,,,,,,,,,,,,,,,,,,,,,,,,
2023,3,7,9,0,1.4,0,90.31,,,,,,,,,,,,,,,,,,,,,,,,,,,,,,,,,,,,
2023,3,7,10,0,1.5,0,89.92,,,,,,,,,,,,,,,,,,,,,,,,,,,,,,,,,,,,
2023,3,7,11,0,1.6,0,89.13,,,,,,,,,,,,,,,,,,,,,,,,,,,,,,,,,,,,
2023,3,7,12,0,1.5,-0.1,89.3,,,,,,,,,,,,,,,,,,,,,,,,,,,,,,,,,,,,
2023,3,7,13,0,1.4,-0.2,89.09,,,,,,,,,,,,,,,,,,,,,,,,,,,,,,,,,,,,
2023,3,7,14,0,1.4,-0.4,87.87,,,,,,,,,,,,,,,,,,,,,,,,,,,,,,,,,,,,
2023,3,7,15,0,2.3,0.6,88.55,,,,,,,,,,,,,,,,,,,,,,,,,,,,,,,,,,,,
2023,3,7,16,0,4.1,2,85.94,,,,,,,,,,,,,,,,,,,,,,,,,,,,,,,,,,,,
2023,3,7,17,0,6.1,2.3,76.46,,,,,,,,,,,,,,,,,,,,,,,,,,,,,,,,,,,,
2023,3,7,18,0,6.9,2,71.2,,,,,,,,,,,,,,,,,,,,,,,,,,,,,,,,,,,,
2023,3,7,19,0,7.6,1.7,66.37,,,,,,,,,,,,,,,,,,,,,,,,,,,,,,,,,,,,
2023,3,7,20,0,8.4,1.9,63.83,,,,,,,,,,,,,,,,,,,,,,,,,,,,,,,,,,,,
2023,3,7,21,0,8.6,2.3,64.45,,,,,,,,,,,,,,,,,,,,,,,,,,,,,,,,,,,,
2023,3,7,22,0,8.3,3,69.11,,,,,,,,,,,,,,,,,,,,,,,,,,,,,,,,,,,,
2023,3,7,23,0,7.5,3.3,74.94,,,,,,,,,,,,,,,,,,,,,,,,,,,,,,,,,,,,
2023,3,8,0,0,6.5,3.4,80.35,,,,,,,,,,,,,,,,,,,,,,,,,,,,,,,,,,,,
2023,3,8,1,0,5.5,2.2,79.47,,,,,,,,,,,,,,,,,,,,,,,,,,,,,,,,,,,,
2023,3,8,2,0,4.9,1.7,79.6,,,,,,,,,,,,,,,,,,,,,,,,,,,,,,,,,,,,
2023,3,8,3,0,4.6,1.5,80.16,,,,,,,,,,,,,,,,,,,,,,,,,,,,,,,,,,,,
2023,3,8,4,0,4.2,1.4,81.85,,,,,,,,,,,,,,,,,,,,,,,,,,,,,,,,,,,,
2023,3,8,5,0,3.7,1.2,83.47,,,,,,,,,,,,,,,,,,,,,,,,,,,,,,,,,,,,
2023,3,8,6,0,3,0.8,85.61,,,,,,,,,,,,,,,,,,,,,,,,,,,,,,,,,,,,
2023,3,8,7,0,2.4,0.5,87.33,,,,,,,,,,,,,,,,,,,,,,,,,,,,,,,,,,,,
2023,3,8,8,0,1.9,0.3,89.05,,,,,,,,,,,,,,,,,,,,,,,,,,,,,,,,,,,,
2023,3,8,9,0,1.4,0,90.1,,,,,,,,,,,,,,,,,,,,,,,,,,,,,,,,,,,,
2023,3,8,10,0,0.7,-0.5,91.61,,,,,,,,,,,,,,,,,,,,,,,,,,,,,,,,,,,,
2023,3,8,11,0,0,-1,92.64,,,,,,,,,,,,,,,,,,,,,,,,,,,,,,,,,,,,
2023,3,8,12,0,-0.7,-1.5,94.09,,,,,,,,,,,,,,,,,,,,,,,,,,,,,,,,,,,,
2023,3,8,13,0,-1.2,-1.9,94.69,,,,,,,,,,,,,,,,,,,,,,,,,,,,,,,,,,,,
2023,3,8,14,0,-1.2,-2.1,93.69,,,,,,,,,,,,,,,,,,,,,,,,,,,,,,,,,,,,
2023,3,8,15,0,0.9,-0.8,88.57,,,,,,,,,,,,,,,,,,,,,,,,,,,,,,,,,,,,
2023,3,8,16,0,2.7,0.4,84.76,,,,,,,,,,,,,,,,,,,,,,,,,,,,,,,,,,,,
2023,3,8,17,0,4.9,1.2,76.7,,,,,,,,,,,,,,,,,,,,,,,,,,,,,,,,,,,,
2023,3,8,18,0,6.6,1.1,68.08,,,,,,,,,,,,,,,,,,,,,,,,,,,,,,,,,,,,
2023,3,8,19,0,7.8,1,61.97,,,,,,,,,,,,,,,,,,,,,,,,,,,,,,,,,,,,
2023,3,8,20,0,8.3,1,59.85,,,,,,,,,,,,,,,,,,,,,,,,,,,,,,,,,,,,
2023,3,8,21,0,8,1,61.45,,,,,,,,,,,,,,,,,,,,,,,,,,,,,,,,,,,,
2023,3,8,22,0,7.3,1.6,66.95,,,,,,,,,,,,,,,,,,,,,,,,,,,,,,,,,,,,
2023,3,8,23,0,6.5,2.1,73.53,,,,,,,,,,,,,,,,,,,,,,,,,,,,,,,,,,,,
2023,3,9,0,0,5.4,2.7,82.94,,,,,,,,,,,,,,,,,,,,,,,,,,,,,,,,,,,,
2023,3,9,1,0,4,2.6,90.7,,,,,,,,,,,,,,,,,,,,,,,,,,,,,,,,,,,,
2023,3,9,2,0,3.4,2.4,93.12,,,,,,,,,,,,,,,,,,,,,,,,,,,,,,,,,,,,
2023,3,9,3,0,3.2,2.3,93.99,,,,,,,,,,,,,,,,,,,,,,,,,,,,,,,,,,,,
2023,3,9,4,0,3,2.1,93.95,,,,,,,,,,,,,,,,,,,,,,,,,,,,,,,,,,,,
2023,3,9,5,0,2.8,1.9,93.57,,,,,,,,,,,,,,,,,,,,,,,,,,,,,,,,,,,,
2023,3,9,6,0,2.6,1.4,91.76,,,,,,,,,,,,,,,,,,,,,,,,,,,,,,,,,,,,
2023,3,9,7,0,2.3,0.9,90.32,,,,,,,,,,,,,,,,,,,,,,,,,,,,,,,,,,,,
2023,3,9,8,0,2.2,0.7,89.52,,,,,,,,,,,,,,,,,,,,,,,,,,,,,,,,,,,,
2023,3,9,9,0,2,0.5,89.57,,,,,,,,,,,,,,,,,,,,,,,,,,,,,,,,,,,,
2023,3,9,10,0,1.5,0.2,90.9,,,,,,,,,,,,,,,,,,,,,,,,,,,,,,,,,,,,
2023,3,9,11,0,1,-0.1,92.16,,,,,,,,,,,,,,,,,,,,,,,,,,,,,,,,,,,,
2023,3,9,12,0,0.8,-0.4,91.71,,,,,,,,,,,,,,,,,,,,,,,,,,,,,,,,,,,,
2023,3,9,13,0,0.7,-0.6,91.01,,,,,,,,,,,,,,,,,,,,,,,,,,,,,,,,,,,,
2023,3,9,14,0,0.9,-0.7,89.14,,,,,,,,,,,,,,,,,,,,,,,,,,,,,,,,,,,,
2023,3,9,15,0,2.1,0.5,89.05,,,,,,,,,,,,,,,,,,,,,,,,,,,,,,,,,,,,
2023,3,9,16,0,3.6,1.7,87.31,,,,,,,,,,,,,,,,,,,,,,,,,,,,,,,,,,,,
2023,3,9,17,0,4.7,2.1,83.44,,,,,,,,,,,,,,,,,,,,,,,,,,,,,,,,,,,,
2023,3,9,18,0,5.6,2.5,80.37,,,,,,,,,,,,,,,,,,,,,,,,,,,,,,,,,,,,
2023,3,9,19,0,6.4,2.5,76.14,,,,,,,,,,,,,,,,,,,,,,,,,,,,,,,,,,,,
2023,3,9,20,0,7,2.4,72.78,,,,,,,,,,,,,,,,,,,,,,,,,,,,,,,,,,,,
2023,3,9,21,0,7.2,2.4,71.62,,,,,,,,,,,,,,,,,,,,,,,,,,,,,,,,,,,,
2023,3,9,22,0,7.1,2.5,72.59,,,,,,,,,,,,,,,,,,,,,,,,,,,,,,,,,,,,
2023,3,9,23,0,6.6,2.5,74.97,,,,,,,,,,,,,,,,,,,,,,,,,,,,,,,,,,,,
2023,3,10,0,0,5.8,2.2,77.87,,,,,,,,,,,,,,,,,,,,,,,,,,,,,,,,,,,,
2023,3,10,1,0,4.8,1.7,80.45,,,,,,,,,,,,,,,,,,,,,,,,,,,,,,,,,,,,
2023,3,10,2,0,4.3,1.4,81.58,,,,,,,,,,,,,,,,,,,,,,,,,,,,,,,,,,,,
2023,3,10,3,0,4.2,1.4,82.06,,,,,,,,,,,,,,,,,,,,,,,,,,,,,,,,,,,,
2023,3,10,4,0,4.2,1.4,81.87,,,,,,,,,,,,,,,,,,,,,,,,,,,,,,,,,,,,
2023,3,10,5,0,4.3,1.3,80.6,,,,,,,,,,,,,,,,,,,,,,,,,,,,,,,,,,,,
2023,3,10,6,0,4.3,1.2,80.26,,,,,,,,,,,,,,,,,,,,,,,,,,,,,,,,,,,,
2023,3,10,7,0,4.2,1.2,81.12,,,,,,,,,,,,,,,,,,,,,,,,,,,,,,,,,,,,
2023,3,10,8,0,3.9,1.3,83.13,,,,,,,,,,,,,,,,,,,,,,,,,,,,,,,,,,,,
2023,3,10,9,0,3.4,1.3,85.96,,,,,,,,,,,,,,,,,,,,,,,,,,,,,,,,,,,,
2023,3,10,10,0,2.7,1.1,89.4,,,,,,,,,,,,,,,,,,,,,,,,,,,,,,,,,,,,
2023,3,10,11,0,2.3,1.1,91.59,,,,,,,,,,,,,,,,,,,,,,,,,,,,,,,,,,,,
2023,3,10,12,0,2.1,1.1,93.33,,,,,,,,,,,,,,,,,,,,,,,,,,,,,,,,,,,,
2023,3,10,13,0,1.8,1,94.43,,,,,,,,,,,,,,,,,,,,,,,,,,,,,,,,,,,,
2023,3,10,14,0,2,0.9,92.2,,,,,,,,,,,,,,,,,,,,,,,,,,,,,,,,,,,,
2023,3,10,15,0,2.8,1.7,92.73,,,,,,,,,,,,,,,,,,,,,,,,,,,,,,,,,,,,
2023,3,10,16,0,3.9,2.8,92.36,,,,,,,,,,,,,,,,,,,,,,,,,,,,,,,,,,,,
2023,3,10,17,0,4.5,3.1,90.68,,,,,,,,,,,,,,,,,,,,,,,,,,,,,,,,,,,,
2023,3,10,18,0,5,3.2,88.39,,,,,,,,,,,,,,,,,,,,,,,,,,,,,,,,,,,,
2023,3,10,19,0,5.7,3.1,83.39,,,,,,,,,,,,,,,,,,,,,,,,,,,,,,,,,,,,
2023,3,10,20,0,6.4,2.8,77.86,,,,,,,,,,,,,,,,,,,,,,,,,,,,,,,,,,,,
2023,3,10,21,0,6.9,2.8,75.12,,,,,,,,,,,,,,,,,,,,,,,,,,,,,,,,,,,,
2023,3,10,22,0,7,3.2,76.58,,,,,,,,,,,,,,,,,,,,,,,,,,,,,,,,,,,,
2023,3,10,23,0,6.9,3.7,80.22,,,,,,,,,,,,,,,,,,,,,,,,,,,,,,,,,,,,
2023,3,11,0,0,6.5,4.5,86.87,,,,,,,,,,,,,,,,,,,,,,,,,,,,,,,,,,,,
2023,3,11,1,0,5,4.1,94.15,,,,,,,,,,,,,,,,,,,,,,,,,,,,,,,,,,,,
2023,3,11,2,0,4.1,3.6,96.73,,,,,,,,,,,,,,,,,,,,,,,,,,,,,,,,,,,,
2023,3,11,3,0,4.5,3.9,95.94,,,,,,,,,,,,,,,,,,,,,,,,,,,,,,,,,,,,
2023,3,11,4,0,4.4,3.8,96.11,,,,,,,,,,,,,,,,,,,,,,,,,,,,,,,,,,,,
2023,3,11,5,0,4.1,3.6,96.54,,,,,,,,,,,,,,,,,,,,,,,,,,,,,,,,,,,,
2023,3,11,6,0,3.9,3.4,96.43,,,,,,,,,,,,,,,,,,,,,,,,,,,,,,,,,,,,
2023,3,11,7,0,3.7,3.2,96.71,,,,,,,,,,,,,,,,,,,,,,,,,,,,,,,,,,,,
2023,3,11,8,0,3.6,3,96.17,,,,,,,,,,,,,,,,,,,,,,,,,,,,,,,,,,,,
2023,3,11,9,0,3.3,2.8,96.21,,,,,,,,,,,,,,,,,,,,,,,,,,,,,,,,,,,,
2023,3,11,10,0,2.8,2.3,96.69,,,,,,,,,,,,,,,,,,,,,,,,,,,,,,,,,,,,
2023,3,11,11,0,2.7,2.2,96.3,,,,,,,,,,,,,,,,,,,,,,,,,,,,,,,,,,,,
2023,3,11,12,0,2.7,2.1,95.95,,,,,,,,,,,,,,,,,,,,,,,,,,,,,,,,,,,,
2023,3,11,13,0,2.9,2.2,95.12,,,,,,,,,,,,,,,,,,,,,,,,,,,,,,,,,,,,
2023,3,11,14,0,2.9,2.2,94.97,,,,,,,,,,,,,,,,,,,,,,,,,,,,,,,,,,,,
2023,3,11,15,0,3.9,3.1,94.48,,,,,,,,,,,,,,,,,,,,,,,,,,,,,,,,,,,,
2023,3,11,16,0,5,4,93.15,,,,,,,,,,,,,,,,,,,,,,,,,,,,,,,,,,,,
2023,3,11,17,0,5.9,4.4,89.82,,,,,,,,,,,,,,,,,,,,,,,,,,,,,,,,,,,,
2023,3,11,18,0,6.6,4.2,84.48,,,,,,,,,,,,,,,,,,,,,,,,,,,,,,,,,,,,
2023,3,11,19,0,7.4,3.7,77.54,,,,,,,,,,,,,,,,,,,,,,,,,,,,,,,,,,,,
2023,3,11,20,0,7.9,3.3,72.55,,,,,,,,,,,,,,,,,,,,,,,,,,,,,,,,,,,,
2023,3,11,21,0,8.2,3,69.93,,,,,,,,,,,,,,,,,,,,,,,,,,,,,,,,,,,,
2023,3,11,22,0,8.2,3.1,70.24,,,,,,,,,,,,,,,,,,,,,,,,,,,,,,,,,,,,
2023,3,11,23,0,8,3.7,74.08,,,,,,,,,,,,,,,,,,,,,,,,,,,,,,,,,,,,
2023,3,12,0,0,7.5,4.5,81.55,,,,,,,,,,,,,,,,,,,,,,,,,,,,,,,,,,,,
2023,3,12,1,0,5.9,4,87.31,,,,,,,,,,,,,,,,,,,,,,,,,,,,,,,,,,,,
2023,3,12,2,0,4.8,3.1,88.52,,,,,,,,,,,,,,,,,,,,,,,,,,,,,,,,,,,,
2023,3,12,3,0,4.4,2.9,89.8,,,,,,,,,,,,,,,,,,,,,,,,,,,,,,,,,,,,
2023,3,12,4,0,4,2.6,90.54,,,,,,,,,,,,,,,,,,,,,,,,,,,,,,,,,,,,
2023,3,12,5,0,3.6,2.2,90.3,,,,,,,,,,,,,,,,,,,,,,,,,,,,,,,,,,,,
2023,3,12,6,0,3.3,1.8,89.72,,,,,,,,,,,,,,,,,,,,,,,,,,,,,,,,,,,,
2023,3,12,7,0,3.1,1.4,88.85,,,,,,,,,,,,,,,,,,,,,,,,,,,,,,,,,,,,
2023,3,12,8,0,2.7,1.1,89.04,,,,,,,,,,,,,,,,,,,,,,,,,,,,,,,,,,,,
2023,3,12,9,0,2.4,0.7,88.63,,,,,,,,,,,,,,,,,,,,,,,,,,,,,,,,,,,,
2023,3,12,10,0,2.3,0.5,88.06,,,,,,,,,,,,,,,,,,,,,,,,,,,,,,,,,,,,
2023,3,12,11,0,2.3,0.3,86.87,,,,,,,,,,,,,,,,,,,,,,,,,,,,,,,,,,,,
2023,3,12,12,0,2.4,0.2,85.27,,,,,,,,,,,,,,,,,,,,,,,,,,,,,,,,,,,,
2023,3,12,13,0,2.4,0,84.42,,,,,,,,,,,,,,,,,,,,,,,,,,,,,,,,,,,,
2023,3,12,14,0,2.3,0,84.47,,,,,,,,,,,,,,,,,,,,,,,,,,,,,,,,,,,,
2023,3,12,15,0,3.3,0.9,83.97,,,,,,,,,,,,,,,,,,,,,,,,,,,,,,,,,,,,
2023,3,12,16,0,4.8,2.1,82.81,,,,,,,,,,,,,,,,,,,,,,,,,,,,,,,,,,,,
2023,3,12,17,0,5.9,3.1,82.33,,,,,,,,,,,,,,,,,,,,,,,,,,,,,,,,,,,,
2023,3,12,18,0,7,4.1,81.5,,,,,,,,,,,,,,,,,,,,,,,,,,,,,,,,,,,,
2023,3,12,19,0,8.2,4.3,76.65,,,,,,,,,,,,,,,,,,,,,,,,,,,,,,,,,,,,
2023,3,12,20,0,8.6,4.6,75.7,,,,,,,,,,,,,,,,,,,,,,,,,,,,,,,,,,,,
2023,3,12,21,0,8.4,5,79,,,,,,,,,,,,,,,,,,,,,,,,,,,,,,,,,,,,
2023,3,12,22,0,8,5.3,83.22,,,,,,,,,,,,,,,,,,,,,,,,,,,,,,,,,,,,
2023,3,12,23,0,7.8,5.6,85.88,,,,,,,,,,,,,,,,,,,,,,,,,,,,,,,,,,,,
2023,3,13,0,0,7.5,5.6,87.98,,,,,,,,,,,,,,,,,,,,,,,,,,,,,,,,,,,,
2023,3,13,1,0,7,5.5,90.05,,,,,,,,,,,,,,,,,,,,,,,,,,,,,,,,,,,,
2023,3,13,2,0,6.7,5.4,91.55,,,,,,,,,,,,,,,,,,,,,,,,,,,,,,,,,,,,
2023,3,13,3,0,6.7,5.5,92.13,,,,,,,,,,,,,,,,,,,,,,,,,,,,,,,,,,,,
2023,3,13,4,0,6.8,5.6,92.35,,,,,,,,,,,,,,,,,,,,,,,,,,,,,,,,,,,,
2023,3,13,5,0,6.9,5.8,92.95,,,,,,,,,,,,,,,,,,,,,,,,,,,,,,,,,,,,
2023,3,13,6,0,6.9,5.9,93.66,,,,,,,,,,,,,,,,,,,,,,,,,,,,,,,,,,,,
2023,3,13,7,0,6.8,5.9,93.87,,,,,,,,,,,,,,,,,,,,,,,,,,,,,,,,,,,,
2023,3,13,8,0,6.7,5.8,94.11,,,,,,,,,,,,,,,,,,,,,,,,,,,,,,,,,,,,
2023,3,13,9,0,6.6,5.8,94.49,,,,,,,,,,,,,,,,,,,,,,,,,,,,,,,,,,,,
2023,3,13,10,0,6.4,5.6,94.86,,,,,,,,,,,,,,,,,,,,,,,,,,,,,,,,,,,,
2023,3,13,11,0,5.9,5.2,95.32,,,,,,,,,,,,,,,,,,,,,,,,,,,,,,,,,,,,
2023,3,13,12,0,5.4,4.6,94.9,,,,,,,,,,,,,,,,,,,,,,,,,,,,,,,,,,,,
2023,3,13,13,0,4.9,4.1,94.87,,,,,,,,,,,,,,,,,,,,,,,,,,,,,,,,,,,,
2023,3,13,14,0,4.6,3.9,94.89,,,,,,,,,,,,,,,,,,,,,,,,,,,,,,,,,,,,
2023,3,13,15,0,4.3,3.6,95.37,,,,,,,,,,,,,,,,,,,,,,,,,,,,,,,,,,,,
2023,3,13,16,0,4.4,3.7,94.89,,,,,,,,,,,,,,,,,,,,,,,,,,,,,,,,,,,,
2023,3,13,17,0,4.8,3.8,93.48,,,,,,,,,,,,,,,,,,,,,,,,,,,,,,,,,,,,
2023,3,13,18,0,5.4,4,90.51,,,,,,,,,,,,,,,,,,,,,,,,,,,,,,,,,,,,
2023,3,13,19,0,6.4,4.1,85.21,,,,,,,,,,,,,,,,,,,,,,,,,,,,,,,,,,,,
2023,3,13,20,0,7.5,3.6,76.23,,,,,,,,,,,,,,,,,,,,,,,,,,,,,,,,,,,,
2023,3,13,21,0,8.1,2.8,69.34,,,,,,,,,,,,,,,,,,,,,,,,,,,,,,,,,,,,
2023,3,13,22,0,8.1,2.4,67.42,,,,,,,,,,,,,,,,,,,,,,,,,,,,,,,,,,,,
2023,3,13,23,0,7.7,2.6,70.16,,,,,,,,,,,,,,,,,,,,,,,,,,,,,,,,,,,,
2023,3,14,0,0,7,3.3,77.24,,,,,,,,,,,,,,,,,,,,,,,,,,,,,,,,,,,,
2023,3,14,1,0,5.7,3.4,85.23,,,,,,,,,,,,,,,,,,,,,,,,,,,,,,,,,,,,
2023,3,14,2,0,4.7,3.2,90.32,,,,,,,,,,,,,,,,,,,,,,,,,,,,,,,,,,,,
2023,3,14,3,0,4.2,3.3,93.95,,,,,,,,,,,,,,,,,,,,,,,,,,,,,,,,,,,,
2023,3,14,4,0,4,3.2,94.61,,,,,,,,,,,,,,,,,,,,,,,,,,,,,,,,,,,,
2023,3,14,5,0,3.7,3,95.13,,,,,,,,,,,,,,,,,,,,,,,,,,,,,,,,,,,,
2023,3,14,6,0,3.3,2.7,95.67,,,,,,,,,,,,,,,,,,,,,,,,,,,,,,,,,,,,
2023,3,14,7,0,3,2.4,96.15,,,,,,,,,,,,,,,,,,,,,,,,,,,,,,,,,,,,
2023,3,14,8,0,2.9,2.3,95.71,,,,,,,,,,,,,,,,,,,,,,,,,,,,,,,,,,,,
2023,3,14,9,0,2.4,1.9,96.69,,,,,,,,,,,,,,,,,,,,,,,,,,,,,,,,,,,,
2023,3,14,10,0,2.2,1.6,96.08,,,,,,,,,,,,,,,,,,,,,,,,,,,,,,,,,,,,
2023,3,14,11,0,2,1.4,95.79,,,,,,,,,,,,,,,,,,,,,,,,,,,,,,,,,,,,
2023,3,14,12,0,1.9,1.3,95.7,,,,,,,,,,,,,,,,,,,,,,,,,,,,,,,,,,,,
2023,3,14,13,0,2,1.2,94.18,,,,,,,,,,,,,,,,,,,,,,,,,,,,,,,,,,,,
2023,3,14,14,0,2.1,1.2,93.86,,,,,,,,,,,,,,,,,,,,,,,,,,,,,,,,,,,,
2023,3,14,15,0,3.3,2.2,92.41,,,,,,,,,,,,,,,,,,,,,,,,,,,,,,,,,,,,
2023,3,14,16,0,4.7,3,88.99,,,,,,,,,,,,,,,,,,,,,,,,,,,,,,,,,,,,
2023,3,14,17,0,6.3,2.9,79.05,,,,,,,,,,,,,,,,,,,,,,,,,,,,,,,,,,,,
2023,3,14,18,0,7.2,1.9,68.83,,,,,,,,,,,,,,,,,,,,,,,,,,,,,,,,,,,,
2023,3,14,19,0,8.4,1.2,60.59,,,,,,,,,,,,,,,,,,,,,,,,,,,,,,,,,,,,
2023,3,14,20,0,9.4,0.8,55.06,,,,,,,,,,,,,,,,,,,,,,,,,,,,,,,,,,,,
2023,3,14,21,0,9.9,1,53.76,,,,,,,,,,,,,,,,,,,,,,,,,,,,,,,,,,,,
2023,3,14,22,0,9.9,1,53.78,,,,,,,,,,,,,,,,,,,,,,,,,,,,,,,,,,,,
2023,3,14,23,0,9.5,1.3,56.54,,,,,,,,,,,,,,,,,,,,,,,,,,,,,,,,,,,,
2023,3,15,0,0,8.8,2.6,64.92,,,,,,,,,,,,,,,,,,,,,,,,,,,,,,,,,,,,
2023,3,15,1,0,6.3,3,79.65,,,,,,,,,,,,,,,,,,,,,,,,,,,,,,,,,,,,
2023,3,15,2,0,4.1,1.5,83.38,,,,,,,,,,,,,,,,,,,,,,,,,,,,,,,,,,,,
2023,3,15,3,0,3.3,1.3,87.02,,,,,,,,,,,,,,,,,,,,,,,,,,,,,,,,,,,,
2023,3,15,4,0,2.6,1.3,90.98,,,,,,,,,,,,,,,,,,,,,,,,,,,,,,,,,,,,
2023,3,15,5,0,2.2,1.4,94.36,,,,,,,,,,,,,,,,,,,,,,,,,,,,,,,,,,,,
2023,3,15,6,0,2.3,1.7,95.87,,,,,,,,,,,,,,,,,,,,,,,,,,,,,,,,,,,,
2023,3,15,7,0,2.5,2,96.65,,,,,,,,,,,,,,,,,,,,,,,,,,,,,,,,,,,,
2023,3,15,8,0,2.8,2.3,96.72,,,,,,,,,,,,,,,,,,,,,,,,,,,,,,,,,,,,
2023,3,15,9,0,3,2.5,96.49,,,,,,,,,,,,,,,,,,,,,,,,,,,,,,,,,,,,
2023,3,15,10,0,2.9,2.4,96.75,,,,,,,,,,,,,,,,,,,,,,,,,,,,,,,,,,,,
2023,3,15,11,0,2.4,2.1,97.87,,,,,,,,,,,,,,,,,,,,,,,,,,,,,,,,,,,,
2023,3,15,12,0,2,1.7,97.84,,,,,,,,,,,,,,,,,,,,,,,,,,,,,,,,,,,,
2023,3,15,13,0,1.8,1.4,97.16,,,,,,,,,,,,,,,,,,,,,,,,,,,,,,,,,,,,
2023,3,15,14,0,1.7,1.3,97.3,,,,,,,,,,,,,,,,,,,,,,,,,,,,,,,,,,,,
2023,3,15,15,0,2.9,2.2,94.98,,,,,,,,,,,,,,,,,,,,,,,,,,,,,,,,,,,,
2023,3,15,16,0,4.1,2.7,90.79,,,,,,,,,,,,,,,,,,,,,,,,,,,,,,,,,,,,
2023,3,15,17,0,5.6,2.8,81.96,,,,,,,,,,,,,,,,,,,,,,,,,,,,,,,,,,,,
2023,3,15,18,0,7,2.3,71.94,,,,,,,,,,,,,,,,,,,,,,,,,,,,,,,,,,,,
2023,3,15,19,0,8,1.9,65.55,,,,,,,,,,,,,,,,,,,,,,,,,,,,,,,,,,,,
2023,3,15,20,0,8.7,1.8,62.07,,,,,,,,,,,,,,,,,,,,,,,,,,,,,,,,,,,,
2023,3,15,21,0,8.9,2,62,,,,,,,,,,,,,,,,,,,,,,,,,,,,,,,,,,,,
2023,3,15,22,0,9.1,2.1,61.57,,,,,,,,,,,,,,,,,,,,,,,,,,,,,,,,,,,,
2023,3,15,23,0,8.8,2.3,63.95,,,,,,,,,,,,,,,,,,,,,,,,,,,,,,,,,,,,
2023,3,16,0,0,8.5,3.9,73.03,,,,,,,,,,,,,,,,,,,,,,,,,,,,,,,,,,,,
2023,3,16,1,0,7.2,3.6,77.65,,,,,,,,,,,,,,,,,,,,,,,,,,,,,,,,,,,,
2023,3,16,2,0,6.2,2.4,76.38,,,,,,,,,,,,,,,,,,,,,,,,,,,,,,,,,,,,
2023,3,16,3,0,5.3,2.3,80.7,,,,,,,,,,,,,,,,,,,,,,,,,,,,,,,,,,,,
2023,3,16,4,0,4.2,2.1,86.04,,,,,,,,,,,,,,,,,,,,,,,,,,,,,,,,,,,,
2023,3,16,5,0,3.3,2,90.87,,,,,,,,,,,,,,,,,,,,,,,,,,,,,,,,,,,,
2023,3,16,6,0,2.5,1.7,94.41,,,,,,,,,,,,,,,,,,,,,,,,,,,,,,,,,,,,
2023,3,16,7,0,1.8,1.3,96.37,,,,,,,,,,,,,,,,,,,,,,,,,,,,,,,,,,,,
2023,3,16,8,0,1.2,0.8,96.83,,,,,,,,,,,,,,,,,,,,,,,,,,,,,,,,,,,,
2023,3,16,9,0,0.8,0.1,95.01,,,,,,,,,,,,,,,,,,,,,,,,,,,,,,,,,,,,
2023,3,16,10,0,0.3,-0.6,93.68,,,,,,,,,,,,,,,,,,,,,,,,,,,,,,,,,,,,
2023,3,16,11,0,-0.1,-1.2,92.12,,,,,,,,,,,,,,,,,,,,,,,,,,,,,,,,,,,,
2023,3,16,12,0,-0.5,-1.7,91.62,,,,,,,,,,,,,,,,,,,,,,,,,,,,,,,,,,,,
2023,3,16,13,0,-0.9,-2,92.55,,,,,,,,,,,,,,,,,,,,,,,,,,,,,,,,,,,,
2023,3,16,14,0,-0.8,-1.8,93.04,,,,,,,,,,,,,,,,,,,,,,,,,,,,,,,,,,,,
2023,3,16,15,0,1.9,0,87.26,,,,,,,,,,,,,,,,,,,,,,,,,,,,,,,,,,,,
2023,3,16,16,0,4.1,1.1,80.85,,,,,,,,,,,,,,,,,,,,,,,,,,,,,,,,,,,,
2023,3,16,17,0,6.8,1.5,68.96,,,,,,,,,,,,,,,,,,,,,,,,,,,,,,,,,,,,
2023,3,16,18,0,9,1.5,59.33,,,,,,,,,,,,,,,,,,,,,,,,,,,,,,,,,,,,
2023,3,16,19,0,10.5,1.8,54.89,,,,,,,,,,,,,,,,,,,,,,,,,,,,,,,,,,,,
2023,3,16,20,0,11.5,2,52.06,,,,,,,,,,,,,,,,,,,,,,,,,,,,,,,,,,,,
2023,3,16,21,0,12.1,2.3,51.04,,,,,,,,,,,,,,,,,,,,,,,,,,,,,,,,,,,,
2023,3,16,22,0,12.3,2.6,51.71,,,,,,,,,,,,,,,,,,,,,,,,,,,,,,,,,,,,
2023,3,16,23,0,11.9,3.5,56.31,,,,,,,,,,,,,,,,,,,,,,,,,,,,,,,,,,,,
2023,3,17,0,0,10.9,5.9,71.16,,,,,,,,,,,,,,,,,,,,,,,,,,,,,,,,,,,,
2023,3,17,1,0,7.9,5.7,86.12,,,,,,,,,,,,,,,,,,,,,,,,,,,,,,,,,,,,
2023,3,17,2,0,5.6,3.7,87.68,,,,,,,,,,,,,,,,,,,,,,,,,,,,,,,,,,,,
2023,3,17,3,0,5.1,3.2,87.34,,,,,,,,,,,,,,,,,,,,,,,,,,,,,,,,,,,,
2023,3,17,4,0,4.7,2.5,85.55,,,,,,,,,,,,,,,,,,,,,,,,,,,,,,,,,,,,
2023,3,17,5,0,4.7,1.7,80.7,,,,,,,,,,,,,,,,,,,,,,,,,,,,,,,,,,,,
2023,3,17,6,0,4.5,1.2,79.03,,,,,,,,,,,,,,,,,,,,,,,,,,,,,,,,,,,,
2023,3,17,7,0,4.3,1,79.26,,,,,,,,,,,,,,,,,,,,,,,,,,,,,,,,,,,,
2023,3,17,8,0,4.2,0.8,78.41,,,,,,,,,,,,,,,,,,,,,,,,,,,,,,,,,,,,
2023,3,17,9,0,3.9,0.7,79.66,,,,,,,,,,,,,,,,,,,,,,,,,,,,,,,,,,,,
2023,3,17,10,0,3.8,0.6,79.43,,,,,,,,,,,,,,,,,,,,,,,,,,,,,,,,,,,,
2023,3,17,11,0,3.4,0.4,80.95,,,,,,,,,,,,,,,,,,,,,,,,,,,,,,,,,,,,
2023,3,17,12,0,3.4,0.3,79.95,,,,,,,,,,,,,,,,,,,,,,,,,,,,,,,,,,,,
2023,3,17,13,0,3.3,0.3,80.72,,,,,,,,,,,,,,,,,,,,,,,,,,,,,,,,,,,,
2023,3,17,14,0,3.5,0.4,80.12,,,,,,,,,,,,,,,,,,,,,,,,,,,,,,,,,,,,
2023,3,17,15,0,4.9,1.6,79.19,,,,,,,,,,,,,,,,,,,,,,,,,,,,,,,,,,,,
2023,3,17,16,0,7.1,2.5,72.73,,,,,,,,,,,,,,,,,,,,,,,,,,,,,,,,,,,,
2023,3,17,17,0,9.6,2.9,63.14,,,,,,,,,,,,,,,,,,,,,,,,,,,,,,,,,,,,
2023,3,17,18,0,11.6,3,55.64,,,,,,,,,,,,,,,,,,,,,,,,,,,,,,,,,,,,
2023,3,17,19,0,12.9,3.1,51.36,,,,,,,,,,,,,,,,,,,,,,,,,,,,,,,,,,,,
2023,3,17,20,0,13.9,3,47.9,,,,,,,,,,,,,,,,,,,,,,,,,,,,,,,,,,,,
2023,3,17,21,0,14.6,3,45.77,,,,,,,,,,,,,,,,,,,,,,,,,,,,,,,,,,,,
2023,3,17,22,0,15,3.2,45.15,,,,,,,,,,,,,,,,,,,,,,,,,,,,,,,,,,,,
2023,3,17,23,0,15,4.7,50.08,,,,,,,,,,,,,,,,,,,,,,,,,,,,,,,,,,,,
2023,3,18,0,0,13.6,6.3,61.27,,,,,,,,,,,,,,,,,,,,,,,,,,,,,,,,,,,,
2023,3,18,1,0,12,4.4,59.88,,,,,,,,,,,,,,,,,,,,,,,,,,,,,,,,,,,,
2023,3,18,2,0,10.8,3.8,61.94,,,,,,,,,,,,,,,,,,,,,,,,,,,,,,,,,,,,
2023,3,18,3,0,9.9,4,66.93,,,,,,,,,,,,,,,,,,,,,,,,,,,,,,,,,,,,
2023,3,18,4,0,9.1,4.1,71.14,,,,,,,,,,,,,,,,,,,,,,,,,,,,,,,,,,,,
2023,3,18,5,0,8.6,4,72.9,,,,,,,,,,,,,,,,,,,,,,,,,,,,,,,,,,,,
2023,3,18,6,0,8.1,3.8,74.13,,,,,,,,,,,,,,,,,,,,,,,,,,,,,,,,,,,,
2023,3,18,7,0,7.6,3.5,75.02,,,,,,,,,,,,,,,,,,,,,,,,,,,,,,,,,,,,
2023,3,18,8,0,7.4,3.2,74.47,,,,,,,,,,,,,,,,,,,,,,,,,,,,,,,,,,,,
2023,3,18,9,0,6.9,3.1,76.79,,,,,,,,,,,,,,,,,,,,,,,,,,,,,,,,,,,,
2023,3,18,10,0,6.5,3.2,79.26,,,,,,,,,,,,,,,,,,,,,,,,,,,,,,,,,,,,
2023,3,18,11,0,5.9,3.2,83.02,,,,,,,,,,,,,,,,,,,,,,,,,,,,,,,,,,,,
2023,3,18,12,0,5.4,3.2,85.49,,,,,,,,,,,,,,,,,,,,,,,,,,,,,,,,,,,,
2023,3,18,13,0,5.1,2.9,85.64,,,,,,,,,,,,,,,,,,,,,,,,,,,,,,,,,,,,
2023,3,18,14,0,5.2,2.8,84.68,,,,,,,,,,,,,,,,,,,,,,,,,,,,,,,,,,,,
2023,3,18,15,0,6.9,3.9,81.33,,,,,,,,,,,,,,,,,,,,,,,,,,,,,,,,,,,,
2023,3,18,16,0,9,4.4,73.08,,,,,,,,,,,,,,,,,,,,,,,,,,,,,,,,,,,,
2023,3,18,17,0,11.7,4.2,59.91,,,,,,,,,,,,,,,,,,,,,,,,,,,,,,,,,,,,
2023,3,18,18,0,14,3.5,49.07,,,,,,,,,,,,,,,,,,,,,,,,,,,,,,,,,,,,
2023,3,18,19,0,15.2,3.4,45.31,,,,,,,,,,,,,,,,,,,,,,,,,,,,,,,,,,,,
2023,3,18,20,0,15.7,3.7,44.75,,,,,,,,,,,,,,,,,,,,,,,,,,,,,,,,,,,,
2023,3,18,21,0,16,4.1,45.04,,,,,,,,,,,,,,,,,,,,,,,,,,,,,,,,,,,,
2023,3,18,22,0,16,4.6,46.66,,,,,,,,,,,,,,,,,,,,,,,,,,,,,,,,,,,,
2023,3,18,23,0,15.8,5.7,51.24,,,,,,,,,,,,,,,,,,,,,,,,,,,,,,,,,,,,
2023,3,19,0,0,15,7.2,59.62,,,,,,,,,,,,,,,,,,,,,,,,,,,,,,,,,,,,
2023,3,19,1,0,12.3,7.7,73.47,,,,,,,,,,,,,,,,,,,,,,,,,,,,,,,,,,,,
2023,3,19,2,0,9.8,6.1,77.94,,,,,,,,,,,,,,,,,,,,,,,,,,,,,,,,,,,,
2023,3,19,3,0,9,5.9,80.98,,,,,,,,,,,,,,,,,,,,,,,,,,,,,,,,,,,,
2023,3,19,4,0,8.8,5.7,80.72,,,,,,,,,,,,,,,,,,,,,,,,,,,,,,,,,,,,
2023,3,19,5,0,8.6,5.4,80.39,,,,,,,,,,,,,,,,,,,,,,,,,,,,,,,,,,,,
2023,3,19,6,0,8.2,5.1,80.74,,,,,,,,,,,,,,,,,,,,,,,,,,,,,,,,,,,,
2023,3,19,7,0,7.8,4.7,80.59,,,,,,,,,,,,,,,,,,,,,,,,,,,,,,,,,,,,
2023,3,19,8,0,7.3,4.5,82.14,,,,,,,,,,,,,,,,,,,,,,,,,,,,,,,,,,,,
2023,3,19,9,0,7,4.4,83.4,,,,,,,,,,,,,,,,,,,,,,,,,,,,,,,,,,,,
2023,3,19,10,0,7,4.3,82.85,,,,,,,,,,,,,,,,,,,,,,,,,,,,,,,,,,,,
2023,3,19,11,0,6.8,4.2,83.3,,,,,,,,,,,,,,,,,,,,,,,,,,,,,,,,,,,,
2023,3,19,12,0,6.3,4.2,86.56,,,,,,,,,,,,,,,,,,,,,,,,,,,,,,,,,,,,
2023,3,19,13,0,6,4.5,89.88,,,,,,,,,,,,,,,,,,,,,,,,,,,,,,,,,,,,
2023,3,19,14,0,6.1,4.7,90.74,,,,,,,,,,,,,,,,,,,,,,,,,,,,,,,,,,,,
2023,3,19,15,0,7.2,5.2,87.21,,,,,,,,,,,,,,,,,,,,,,,,,,,,,,,,,,,,
2023,3,19,16,0,8.4,5.8,83.9,,,,,,,,,,,,,,,,,,,,,,,,,,,,,,,,,,,,
2023,3,19,17,0,9.6,6.6,81.43,,,,,,,,,,,,,,,,,,,,,,,,,,,,,,,,,,,,
2023,3,19,18,0,11.5,6.7,72.17,,,,,,,,,,,,,,,,,,,,,,,,,,,,,,,,,,,,
2023,3,19,19,0,13.1,6.4,63.82,,,,,,,,,,,,,,,,,,,,,,,,,,,,,,,,,,,,
2023,3,19,20,0,14.2,6.1,58.38,,,,,,,,,,,,,,,,,,,,,,,,,,,,,,,,,,,,
2023,3,19,21,0,14.6,6.1,56.78,,,,,,,,,,,,,,,,,,,,,,,,,,,,,,,,,,,,
2023,3,19,22,0,14.6,6.5,58.18,,,,,,,,,,,,,,,,,,,,,,,,,,,,,,,,,,,,
2023,3,19,23,0,14.3,6.7,60.12,,,,,,,,,,,,,,,,,,,,,,,,,,,,,,,,,,,,
2023,3,20,0,0,12.9,8.4,74.01,,,,,,,,,,,,,,,,,,,,,,,,,,,,,,,,,,,,
2023,3,20,1,0,11.7,6.6,71.02,,,,,,,,,,,,,,,,,,,,,,,,,,,,,,,,,,,,
2023,3,20,2,0,10.8,5.8,71.42,,,,,,,,,,,,,,,,,,,,,,,,,,,,,,,,,,,,
2023,3,20,3,0,10,5.9,75.42,,,,,,,,,,,,,,,,,,,,,,,,,,,,,,,,,,,,
2023,3,20,4,0,9.2,5.9,79.67,,,,,,,,,,,,,,,,,,,,,,,,,,,,,,,,,,,,
2023,3,20,5,0,8.3,5.9,85.08,,,,,,,,,,,,,,,,,,,,,,,,,,,,,,,,,,,,
2023,3,20,6,0,7.6,5.9,89.08,,,,,,,,,,,,,,,,,,,,,,,,,,,,,,,,,,,,
2023,3,20,7,0,7.2,5.8,90.78,,,,,,,,,,,,,,,,,,,,,,,,,,,,,,,,,,,,
2023,3,20,8,0,6.9,5.7,91.75,,,,,,,,,,,,,,,,,,,,,,,,,,,,,,,,,,,,
2023,3,20,9,0,6.8,5.5,91.66,,,,,,,,,,,,,,,,,,,,,,,,,,,,,,,,,,,,
2023,3,20,10,0,6.7,5.5,91.88,,,,,,,,,,,,,,,,,,,,,,,,,,,,,,,,,,,,
2023,3,20,11,0,6.4,5.4,93.34,,,,,,,,,,,,,,,,,,,,,,,,,,,,,,,,,,,,
2023,3,20,12,0,6.3,5.4,93.81,,,,,,,,,,,,,,,,,,,,,,,,,,,,,,,,,,,,
2023,3,20,13,0,6.2,5.3,93.87,,,,,,,,,,,,,,,,,,,,,,,,,,,,,,,,,,,,
2023,3,20,14,0,6.2,5.4,94.4,,,,,,,,,,,,,,,,,,,,,,,,,,,,,,,,,,,,
2023,3,20,15,0,6.6,5.9,94.99,,,,,,,,,,,,,,,,,,,,,,,,,,,,,,,,,,,,
2023,3,20,16,0,7.1,6.3,94.98,,,,,,,,,,,,,,,,,,,,,,,,,,,,,,,,,,,,
2023,3,20,17,0,7.9,7,94.28,,,,,,,,,,,,,,,,,,,,,,,,,,,,,,,,,,,,
2023,3,20,18,0,8.9,7.5,90.67,,,,,,,,,,,,,,,,,,,,,,,,,,,,,,,,,,,,
2023,3,20,19,0,10,7.5,84.55,,,,,,,,,,,,,,,,,,,,,,,,,,,,,,,,,,,,
2023,3,20,20,0,11,7.4,78.49,,,,,,,,,,,,,,,,,,,,,,,,,,,,,,,,,,,,
2023,3,20,21,0,11.5,7.3,75.64,,,,,,,,,,,,,,,,,,,,,,,,,,,,,,,,,,,,
2023,3,20,22,0,11.6,7.4,75.47,,,,,,,,,,,,,,,,,,,,,,,,,,,,,,,,,,,,
2023,3,20,23,0,11.4,7.7,78.2,,,,,,,,,,,,,,,,,,,,,,,,,,,,,,,,,,,,
2023,3,21,0,0,10.7,8.2,84.68,,,,,,,,,,,,,,,,,,,,,,,,,,,,,,,,,,,,
2023,3,21,1,0,9.4,8.1,91.89,,,,,,,,,,,,,,,,,,,,,,,,,,,,,,,,,,,,
2023,3,21,2,0,8.4,7.5,94.35,,,,,,,,,,,,,,,,,,,,,,,,,,,,,,,,,,,,
2023,3,21,3,0,8,7.3,95.28,,,,,,,,,,,,,,,,,,,,,,,,,,,,,,,,,,,,
2023,3,21,4,0,7.4,6.9,96.44,,,,,,,,,,,,,,,,,,,,,,,,,,,,,,,,,,,,
2023,3,21,5,0,7,6.5,96.63,,,,,,,,,,,,,,,,,,,,,,,,,,,,,,,,,,,,
2023,3,21,6,0,6.7,6.2,96.56,,,,,,,,,,,,,,,,,,,,,,,,,,,,,,,,,,,,
2023,3,21,7,0,6.5,5.9,96.2,,,,,,,,,,,,,,,,,,,,,,,,,,,,,,,,,,,,
2023,3,21,8,0,6.2,5.7,96.47,,,,,,,,,,,,,,,,,,,,,,,,,,,,,,,,,,,,
2023,3,21,9,0,6,5.4,95.74,,,,,,,,,,,,,,,,,,,,,,,,,,,,,,,,,,,,
2023,3,21,10,0,5.9,5.1,94.53,,,,,,,,,,,,,,,,,,,,,,,,,,,,,,,,,,,,
2023,3,21,11,0,6,5,93.14,,,,,,,,,,,,,,,,,,,,,,,,,,,,,,,,,,,,
2023,3,21,12,0,6.2,5,91.94,,,,,,,,,,,,,,,,,,,,,,,,,,,,,,,,,,,,
2023,3,21,13,0,6.1,5,92.6,,,,,,,,,,,,,,,,,,,,,,,,,,,,,,,,,,,,
2023,3,21,14,0,6,5.1,94.24,,,,,,,,,,,,,,,,,,,,,,,,,,,,,,,,,,,,
2023,3,21,15,0,6.7,6,95.02,,,,,,,,,,,,,,,,,,,,,,,,,,,,,,,,,,,,
2023,3,21,16,0,7.3,6.5,94.51,,,,,,,,,,,,,,,,,,,,,,,,,,,,,,,,,,,,
2023,3,21,17,0,8.5,6.7,88.26,,,,,,,,,,,,,,,,,,,,,,,,,,,,,,,,,,,,
2023,3,21,18,0,9.9,6.3,78.57,,,,,,,,,,,,,,,,,,,,,,,,,,,,,,,,,,,,
2023,3,21,19,0,11.4,6,69.37,,,,,,,,,,,,,,,,,,,,,,,,,,,,,,,,,,,,
2023,3,21,20,0,12.6,5.4,61.66,,,,,,,,,,,,,,,,,,,,,,,,,,,,,,,,,,,,
2023,3,21,21,0,13.3,5.2,58.11,,,,,,,,,,,,,,,,,,,,,,,,,,,,,,,,,,,,
2023,3,21,22,0,13.5,5.3,57.44,,,,,,,,,,,,,,,,,,,,,,,,,,,,,,,,,,,,
2023,3,21,23,0,13.1,5.7,60.83,,,,,,,,,,,,,,,,,,,,,,,,,,,,,,,,,,,,
2023,3,22,0,0,12.1,6.7,69.51,,,,,,,,,,,,,,,,,,,,,,,,,,,,,,,,,,,,
2023,3,22,1,0,10.1,7.4,83.58,,,,,,,,,,,,,,,,,,,,,,,,,,,,,,,,,,,,
2023,3,22,2,0,7.5,6.7,94.89,,,,,,,,,,,,,,,,,,,,,,,,,,,,,,,,,,,,
2023,3,22,3,0,6.7,6.3,97.05,,,,,,,,,,,,,,,,,,,,,,,,,,,,,,,,,,,,
2023,3,22,4,0,6.1,5.8,97.72,,,,,,,,,,,,,,,,,,,,,,,,,,,,,,,,,,,,
2023,3,22,5,0,5.7,5.3,97.19,,,,,,,,,,,,,,,,,,,,,,,,,,,,,,,,,,,,
2023,3,22,6,0,5.5,4.8,95.22,,,,,,,,,,,,,,,,,,,,,,,,,,,,,,,,,,,,
2023,3,22,7,0,5.3,4.2,92.63,,,,,,,,,,,,,,,,,,,,,,,,,,,,,,,,,,,,
2023,3,22,8,0,5,3.6,90.49,,,,,,,,,,,,,,,,,,,,,,,,,,,,,,,,,,,,
2023,3,22,9,0,4.7,3,88.65,,,,,,,,,,,,,,,,,,,,,,,,,,,,,,,,,,,,
2023,3,22,10,0,4.4,2.5,87.54,,,,,,,,,,,,,,,,,,,,,,,,,,,,,,,,,,,,
2023,3,22,11,0,4.1,2.2,87.44,,,,,,,,,,,,,,,,,,,,,,,,,,,,,,,,,,,,
2023,3,22,12,0,3.9,1.9,87.06,,,,,,,,,,,,,,,,,,,,,,,,,,,,,,,,,,,,
2023,3,22,13,0,3.8,1.7,86.26,,,,,,,,,,,,,,,,,,,,,,,,,,,,,,,,,,,,
2023,3,22,14,0,4.1,1.9,85.81,,,,,,,,,,,,,,,,,,,,,,,,,,,,,,,,,,,,
2023,3,22,15,0,6.1,3.5,83.43,,,,,,,,,,,,,,,,,,,,,,,,,,,,,,,,,,,,
2023,3,22,16,0,8,3.7,74.34,,,,,,,,,,,,,,,,,,,,,,,,,,,,,,,,,,,,
2023,3,22,17,0,10.5,4.1,64.36,,,,,,,,,,,,,,,,,,,,,,,,,,,,,,,,,,,,
2023,3,22,18,0,12.8,4,54.96,,,,,,,,,,,,,,,,,,,,,,,,,,,,,,,,,,,,
2023,3,22,19,0,14.6,3.5,47.19,,,,,,,,,,,,,,,,,,,,,,,,,,,,,,,,,,,,
2023,3,22,20,0,15.6,3.1,43.17,,,,,,,,,,,,,,,,,,,,,,,,,,,,,,,,,,,,
2023,3,22,21,0,16.1,3,41.61,,,,,,,,,,,,,,,,,,,,,,,,,,,,,,,,,,,,
2023,3,22,22,0,16.1,3.3,42.38,,,,,,,,,,,,,,,,,,,,,,,,,,,,,,,,,,,,
2023,3,22,23,0,15.5,4.4,47.59,,,,,,,,,,,,,,,,,,,,,,,,,,,,,,,,,,,,
2023,3,23,0,0,14.8,6.6,58.07,,,,,,,,,,,,,,,,,,,,,,,,,,,,,,,,,,,,
2023,3,23,1,0,12.2,8.2,76.78,,,,,,,,,,,,,,,,,,,,,,,,,,,,,,,,,,,,
2023,3,23,2,0,9.8,6.5,79.82,,,,,,,,,,,,,,,,,,,,,,,,,,,,,,,,,,,,
2023,3,23,3,0,8.8,6.6,85.87,,,,,,,,,,,,,,,,,,,,,,,,,,,,,,,,,,,,
2023,3,23,4,0,8.2,6.7,90.16,,,,,,,,,,,,,,,,,,,,,,,,,,,,,,,,,,,,
2023,3,23,5,0,7.5,6.5,93.37,,,,,,,,,,,,,,,,,,,,,,,,,,,,,,,,,,,,
2023,3,23,6,0,7.1,6.5,95.94,,,,,,,,,,,,,,,,,,,,,,,,,,,,,,,,,,,,
2023,3,23,7,0,6.9,6.3,96.21,,,,,,,,,,,,,,,,,,,,,,,,,,,,,,,,,,,,
2023,3,23,8,0,6.6,6,96.11,,,,,,,,,,,,,,,,,,,,,,,,,,,,,,,,,,,,
2023,3,23,9,0,6.1,5.5,96.2,,,,,,,,,,,,,,,,,,,,,,,,,,,,,,,,,,,,
2023,3,23,10,0,5.8,5.1,95.08,,,,,,,,,,,,,,,,,,,,,,,,,,,,,,,,,,,,
2023,3,23,11,0,5.5,4.7,94.86,,,,,,,,,,,,,,,,,,,,,,,,,,,,,,,,,,,,
2023,3,23,12,0,5.1,4.4,95.25,,,,,,,,,,,,,,,,,,,,,,,,,,,,,,,,,,,,
2023,3,23,13,0,5,4.3,94.94,,,,,,,,,,,,,,,,,,,,,,,,,,,,,,,,,,,,
2023,3,23,14,0,5.1,4.3,94.46,,,,,,,,,,,,,,,,,,,,,,,,,,,,,,,,,,,,
2023,3,23,15,0,5.6,4.5,92.39,,,,,,,,,,,,,,,,,,,,,,,,,,,,,,,,,,,,
2023,3,23,16,0,6.2,4.7,89.86,,,,,,,,,,,,,,,,,,,,,,,,,,,,,,,,,,,,
2023,3,23,17,0,7.2,4.8,84.52,,,,,,,,,,,,,,,,,,,,,,,,,,,,,,,,,,,,
2023,3,23,18,0,8.5,4.6,76.71,,,,,,,,,,,,,,,,,,,,,,,,,,,,,,,,,,,,
2023,3,23,19,0,9,4.4,73.12,,,,,,,,,,,,,,,,,,,,,,,,,,,,,,,,,,,,
2023,3,23,20,0,8.7,4.3,73.92,,,,,,,,,,,,,,,,,,,,,,,,,,,,,,,,,,,,
2023,3,23,21,0,8.2,3.9,74.36,,,,,,,,,,,,,,,,,,,,,,,,,,,,,,,,,,,,
2023,3,23,22,0,7.4,3.6,76.91,,,,,,,,,,,,,,,,,,,,,,,,,,,,,,,,,,,,
2023,3,23,23,0,6.8,3.7,80.8,,,,,,,,,,,,,,,,,,,,,,,,,,,,,,,,,,,,
2023,3,24,0,0,6.2,4,85.65,,,,,,,,,,,,,,,,,,,,,,,,,,,,,,,,,,,,
2023,3,24,1,0,5.5,3.9,89.75,,,,,,,,,,,,,,,,,,,,,,,,,,,,,,,,,,,,
2023,3,24,2,0,4.8,3.6,92.23,,,,,,,,,,,,,,,,,,,,,,,,,,,,,,,,,,,,
2023,3,24,3,0,4.5,3.4,92.41,,,,,,,,,,,,,,,,,,,,,,,,,,,,,,,,,,,,
2023,3,24,4,0,4.1,3.1,93.52,,,,,,,,,,,,,,,,,,,,,,,,,,,,,,,,,,,,
2023,3,24,5,0,3.7,2.9,94.77,,,,,,,,,,,,,,,,,,,,,,,,,,,,,,,,,,,,
2023,3,24,6,0,3.4,2.8,95.71,,,,,,,,,,,,,,,,,,,,,,,,,,,,,,,,,,,,
2023,3,24,7,0,3.3,2.6,95.1,,,,,,,,,,,,,,,,,,,,,,,,,,,,,,,,,,,,
2023,3,24,8,0,3.1,2.4,95.33,,,,,,,,,,,,,,,,,,,,,,,,,,,,,,,,,,,,
2023,3,24,9,0,3,2.3,95.16,,,,,,,,,,,,,,,,,,,,,,,,,,,,,,,,,,,,
2023,3,24,10,0,2.9,2.2,95.17,,,,,,,,,,,,,,,,,,,,,,,,,,,,,,,,,,,,
2023,3,24,11,0,2.8,2.1,95.28,,,,,,,,,,,,,,,,,,,,,,,,,,,,,,,,,,,,
2023,3,24,12,0,2.8,2.1,95.14,,,,,,,,,,,,,,,,,,,,,,,,,,,,,,,,,,,,
2023,3,24,13,0,2.8,2.1,94.89,,,,,,,,,,,,,,,,,,,,,,,,,,,,,,,,,,,,
2023,3,24,14,0,2.8,2.1,95.04,,,,,,,,,,,,,,,,,,,,,,,,,,,,,,,,,,,,
2023,3,24,15,0,3.2,2.4,94.28,,,,,,,,,,,,,,,,,,,,,,,,,,,,,,,,,,,,
2023,3,24,16,0,3.6,2.6,93.07,,,,,,,,,,,,,,,,,,,,,,,,,,,,,,,,,,,,
2023,3,24,17,0,4.2,2.8,90.68,,,,,,,,,,,,,,,,,,,,,,,,,,,,,,,,,,,,
2023,3,24,18,0,5,2.8,85.93,,,,,,,,,,,,,,,,,,,,,,,,,,,,,,,,,,,,
2023,3,24,19,0,5.8,2.7,80.33,,,,,,,,,,,,,,,,,,,,,,,,,,,,,,,,,,,,
2023,3,24,20,0,6.4,2.5,76.06,,,,,,,,,,,,,,,,,,,,,,,,,,,,,,,,,,,,
2023,3,24,21,0,6.6,2.4,74.65,,,,,,,,,,,,,,,,,,,,,,,,,,,,,,,,,,,,
2023,3,24,22,0,6.6,2.6,75.47,,,,,,,,,,,,,,,,,,,,,,,,,,,,,,,,,,,,
2023,3,24,23,0,6.2,2.9,79.31,,,,,,,,,,,,,,,,,,,,,,,,,,,,,,,,,,,,
2023,3,25,0,0,5.7,3.2,83.77,,,,,,,,,,,,,,,,,,,,,,,,,,,,,,,,,,,,
2023,3,25,1,0,4.8,3.1,89.05,,,,,,,,,,,,,,,,,,,,,,,,,,,,,,,,,,,,
2023,3,25,2,0,3.7,2.6,92.47,,,,,,,,,,,,,,,,,,,,,,,,,,,,,,,,,,,,
2023,3,25,3,0,3.3,2.3,93.19,,,,,,,,,,,,,,,,,,,,,,,,,,,,,,,,,,,,
2023,3,25,4,0,3,2,93.32,,,,,,,,,,,,,,,,,,,,,,,,,,,,,,,,,,,,
2023,3,25,5,0,2.8,1.9,93.51,,,,,,,,,,,,,,,,,,,,,,,,,,,,,,,,,,,,
2023,3,25,6,0,2.6,1.8,94.23,,,,,,,,,,,,,,,,,,,,,,,,,,,,,,,,,,,,
2023,3,25,7,0,2.5,1.8,94.82,,,,,,,,,,,,,,,,,,,,,,,,,,,,,,,,,,,,
2023,3,25,8,0,2.5,1.8,94.83,,,,,,,,,,,,,,,,,,,,,,,,,,,,,,,,,,,,
2023,3,25,9,0,2.3,1.6,95.44,,,,,,,,,,,,,,,,,,,,,,,,,,,,,,,,,,,,
2023,3,25,10,0,2.2,1.5,95.2,,,,,,,,,,,,,,,,,,,,,,,,,,,,,,,,,,,,
2023,3,25,11,0,2,1.3,95.3,,,,,,,,,,,,,,,,,,,,,,,,,,,,,,,,,,,,
2023,3,25,12,0,1.6,1,96.03,,,,,,,,,,,,,,,,,,,,,,,,,,,,,,,,,,,,
2023,3,25,13,0,1.5,0.9,95.63,,,,,,,,,,,,,,,,,,,,,,,,,,,,,,,,,,,,
2023,3,25,14,0,1.5,0.8,95.3,,,,,,,,,,,,,,,,,,,,,,,,,,,,,,,,,,,,
2023,3,25,15,0,2,1.1,93.82,,,,,,,,,,,,,,,,,,,,,,,,,,,,,,,,,,,,
2023,3,25,16,0,2.9,1.5,90.27,,,,,,,,,,,,,,,,,,,,,,,,,,,,,,,,,,,,
2023,3,25,17,0,4.2,1.6,83.33,,,,,,,,,,,,,,,,,,,,,,,,,,,,,,,,,,,,
2023,3,25,18,0,5.7,1.4,73.73,,,,,,,,,,,,,,,,,,,,,,,,,,,,,,,,,,,,
2023,3,25,19,0,6.8,1.1,66.95,,,,,,,,,,,,,,,,,,,,,,,,,,,,,,,,,,,,
2023,3,25,20,0,7.3,0.9,63.96,,,,,,,,,,,,,,,,,,,,,,,,,,,,,,,,,,,,
2023,3,25,21,0,7.5,1,63.55,,,,,,,,,,,,,,,,,,,,,,,,,,,,,,,,,,,,
2023,3,25,22,0,7.4,1.3,65.15,,,,,,,,,,,,,,,,,,,,,,,,,,,,,,,,,,,,
2023,3,25,23,0,7.1,1.7,68.59,,,,,,,,,,,,,,,,,,,,,,,,,,,,,,,,,,,,
2023,3,26,0,0,6.5,2.5,75.61,,,,,,,,,,,,,,,,,,,,,,,,,,,,,,,,,,,,
2023,3,26,1,0,5.5,3.6,87.32,,,,,,,,,,,,,,,,,,,,,,,,,,,,,,,,,,,,
2023,3,26,2,0,4.3,2.4,87.37,,,,,,,,,,,,,,,,,,,,,,,,,,,,,,,,,,,,
2023,3,26,3,0,4,2.3,88.42,,,,,,,,,,,,,,,,,,,,,,,,,,,,,,,,,,,,
2023,3,26,4,0,3.8,2.2,89.23,,,,,,,,,,,,,,,,,,,,,,,,,,,,,,,,,,,,
2023,3,26,5,0,3.5,2.1,90.53,,,,,,,,,,,,,,,,,,,,,,,,,,,,,,,,,,,,
2023,3,26,6,0,3.4,2.1,91.19,,,,,,,,,,,,,,,,,,,,,,,,,,,,,,,,,,,,
2023,3,26,7,0,3.3,2,91.34,,,,,,,,,,,,,,,,,,,,,,,,,,,,,,,,,,,,
2023,3,26,8,0,3.1,1.8,91.48,,,,,,,,,,,,,,,,,,,,,,,,,,,,,,,,,,,,
2023,3,26,9,0,2.7,1.6,92.44,,,,,,,,,,,,,,,,,,,,,,,,,,,,,,,,,,,,
2023,3,26,10,0,2.1,1.2,94.05,,,,,,,,,,,,,,,,,,,,,,,,,,,,,,,,,,,,
2023,3,26,11,0,1.6,1.1,96.21,,,,,,,,,,,,,,,,,,,,,,,,,,,,,,,,,,,,
2023,3,26,12,0,1.7,1.2,96.26,,,,,,,,,,,,,,,,,,,,,,,,,,,,,,,,,,,,
2023,3,26,13,0,2,1.4,95.78,,,,,,,,,,,,,,,,,,,,,,,,,,,,,,,,,,,,
2023,3,26,14,0,2.3,1.6,95.19,,,,,,,,,,,,,,,,,,,,,,,,,,,,,,,,,,,,
2023,3,26,15,0,3.4,2.3,92.47,,,,,,,,,,,,,,,,,,,,,,,,,,,,,,,,,,,,
2023,3,26,16,0,4.4,2.6,88.1,,,,,,,,,,,,,,,,,,,,,,,,,,,,,,,,,,,,
2023,3,26,17,0,5.8,2.6,79.81,,,,,,,,,,,,,,,,,,,,,,,,,,,,,,,,,,,,
2023,3,26,18,0,6.9,2.1,71.57,,,,,,,,,,,,,,,,,,,,,,,,,,,,,,,,,,,,
2023,3,26,19,0,7.9,1.8,65.36,,,,,,,,,,,,,,,,,,,,,,,,,,,,,,,,,,,,
2023,3,26,20,0,8.5,1.8,62.94,,,,,,,,,,,,,,,,,,,,,,,,,,,,,,,,,,,,
2023,3,26,21,0,8.8,2,62.38,,,,,,,,,,,,,,,,,,,,,,,,,,,,,,,,,,,,
2023,3,26,22,0,8.7,2.2,63.68,,,,,,,,,,,,,,,,,,,,,,,,,,,,,,,,,,,,
2023,3,26,23,0,8.3,2.5,66.63,,,,,,,,,,,,,,,,,,,,,,,,,,,,,,,,,,,,
2023,3,27,0,0,7.6,2.9,72.15,,,,,,,,,,,,,,,,,,,,,,,,,,,,,,,,,,,,
2023,3,27,1,0,6.4,3.8,83.6,,,,,,,,,,,,,,,,,,,,,,,,,,,,,,,,,,,,
2023,3,27,2,0,4.4,3.3,92.81,,,,,,,,,,,,,,,,,,,,,,,,,,,,,,,,,,,,
2023,3,27,3,0,3.8,3.2,95.52,,,,,,,,,,,,,,,,,,,,,,,,,,,,,,,,,,,,
2023,3,27,4,0,3.3,2.9,97.18,,,,,,,,,,,,,,,,,,,,,,,,,,,,,,,,,,,,
2023,3,27,5,0,2.9,2.5,97.47,,,,,,,,,,,,,,,,,,,,,,,,,,,,,,,,,,,,
2023,3,27,6,0,2.6,2.2,97.22,,,,,,,,,,,,,,,,,,,,,,,,,,,,,,,,,,,,
2023,3,27,7,0,2.6,2,95.6,,,,,,,,,,,,,,,,,,,,,,,,,,,,,,,,,,,,
2023,3,27,8,0,2.4,1.7,95.41,,,,,,,,,,,,,,,,,,,,,,,,,,,,,,,,,,,,
2023,3,27,9,0,2.4,1.6,94.19,,,,,,,,,,,,,,,,,,,,,,,,,,,,,,,,,,,,
2023,3,27,10,0,2.1,1.3,94.55,,,,,,,,,,,,,,,,,,,,,,,,,,,,,,,,,,,,
2023,3,27,11,0,1.7,0.9,94.71,,,,,,,,,,,,,,,,,,,,,,,,,,,,,,,,,,,,
2023,3,27,12,0,1.3,0.5,94.37,,,,,,,,,,,,,,,,,,,,,,,,,,,,,,,,,,,,
2023,3,27,13,0,1,0.1,93.93,,,,,,,,,,,,,,,,,,,,,,,,,,,,,,,,,,,,
2023,3,27,14,0,1.2,0.1,92.7,,,,,,,,,,,,,,,,,,,,,,,,,,,,,,,,,,,,
2023,3,27,15,0,3,1.2,87.84,,,,,,,,,,,,,,,,,,,,,,,,,,,,,,,,,,,,
2023,3,27,16,0,5.1,1.8,79,,,,,,,,,,,,,,,,,,,,,,,,,,,,,,,,,,,,
2023,3,27,17,0,7.6,1.7,66.2,,,,,,,,,,,,,,,,,,,,,,,,,,,,,,,,,,,,
2023,3,27,18,0,9.7,1.6,56.99,,,,,,,,,,,,,,,,,,,,,,,,,,,,,,,,,,,,
2023,3,27,19,0,11.1,1.7,52.18,,,,,,,,,,,,,,,,,,,,,,,,,,,,,,,,,,,,
2023,3,27,20,0,12,1.6,48.89,,,,,,,,,,,,,,,,,,,,,,,,,,,,,,,,,,,,
2023,3,27,21,0,12.4,1.5,47.36,,,,,,,,,,,,,,,,,,,,,,,,,,,,,,,,,,,,
2023,3,27,22,0,12.5,1.6,47.28,,,,,,,,,,,,,,,,,,,,,,,,,,,,,,,,,,,,
2023,3,27,23,0,11.9,2.1,51.15,,,,,,,,,,,,,,,,,,,,,,,,,,,,,,,,,,,,
2023,3,28,0,0,10.9,3.4,59.99,,,,,,,,,,,,,,,,,,,,,,,,,,,,,,,,,,,,
2023,3,28,1,0,9.2,4,69.86,,,,,,,,,,,,,,,,,,,,,,,,,,,,,,,,,,,,
2023,3,28,2,0,7.4,3.3,75.06,,,,,,,,,,,,,,,,,,,,,,,,,,,,,,,,,,,,
2023,3,28,3,0,6.3,2.8,78.36,,,,,,,,,,,,,,,,,,,,,,,,,,,,,,,,,,,,
2023,3,28,4,0,5.5,2.5,80.9,,,,,,,,,,,,,,,,,,,,,,,,,,,,,,,,,,,,
2023,3,28,5,0,5,2.2,82.1,,,,,,,,,,,,,,,,,,,,,,,,,,,,,,,,,,,,
2023,3,28,6,0,4.9,1.7,79.86,,,,,,,,,,,,,,,,,,,,,,,,,,,,,,,,,,,,
2023,3,28,7,0,4.8,1.5,79.15,,,,,,,,,,,,,,,,,,,,,,,,,,,,,,,,,,,,
2023,3,28,8,0,4.5,1.4,80.31,,,,,,,,,,,,,,,,,,,,,,,,,,,,,,,,,,,,
2023,3,28,9,0,4.5,1.5,80.77,,,,,,,,,,,,,,,,,,,,,,,,,,,,,,,,,,,,
2023,3,28,10,0,4.4,1.5,81.58,,,,,,,,,,,,,,,,,,,,,,,,,,,,,,,,,,,,
2023,3,28,11,0,4.5,1.4,80.57,,,,,,,,,,,,,,,,,,,,,,,,,,,,,,,,,,,,
2023,3,28,12,0,4.6,1.4,79.6,,,,,,,,,,,,,,,,,,,,,,,,,,,,,,,,,,,,
2023,3,28,13,0,4.6,1.2,78.5,,,,,,,,,,,,,,,,,,,,,,,,,,,,,,,,,,,,
2023,3,28,14,0,5,1.2,76.55,,,,,,,,,,,,,,,,,,,,,,,,,,,,,,,,,,,,
2023,3,28,15,0,6.9,1.7,69.66,,,,,,,,,,,,,,,,,,,,,,,,,,,,,,,,,,,,
2023,3,28,16,0,8.8,2,62.16,,,,,,,,,,,,,,,,,,,,,,,,,,,,,,,,,,,,
2023,3,28,17,0,10.3,2,56.39,,,,,,,,,,,,,,,,,,,,,,,,,,,,,,,,,,,,
2023,3,28,18,0,11.2,2,53.09,,,,,,,,,,,,,,,,,,,,,,,,,,,,,,,,,,,,
2023,3,28,19,0,11.7,2.1,51.58,,,,,,,,,,,,,,,,,,,,,,,,,,,,,,,,,,,,
2023,3,28,20,0,12,2.2,50.95,,,,,,,,,,,,,,,,,,,,,,,,,,,,,,,,,,,,
2023,3,28,21,0,12,2.5,52.37,,,,,,,,,,,,,,,,,,,,,,,,,,,,,,,,,,,,
2023,3,28,22,0,11.7,3.5,57.35,,,,,,,,,,,,,,,,,,,,,,,,,,,,,,,,,,,,
2023,3,28,23,0,10.7,5.5,70.32,,,,,,,,,,,,,,,,,,,,,,,,,,,,,,,,,,,,
2023,3,29,0,0,9.8,6.6,80.44,,,,,,,,,,,,,,,,,,,,,,,,,,,,,,,,,,,,
2023,3,29,1,0,8.9,5.9,81.41,,,,,,,,,,,,,,,,,,,,,,,,,,,,,,,,,,,,
2023,3,29,2,0,8.2,5.1,80.79,,,,,,,,,,,,,,,,,,,,,,,,,,,,,,,,,,,,
2023,3,29,3,0,8,4.8,80.35,,,,,,,,,,,,,,,,,,,,,,,,,,,,,,,,,,,,
2023,3,29,4,0,7.7,4.6,80.63,,,,,,,,,,,,,,,,,,,,,,,,,,,,,,,,,,,,
2023,3,29,5,0,7.5,4.3,79.9,,,,,,,,,,,,,,,,,,,,,,,,,,,,,,,,,,,,
2023,3,29,6,0,7.2,3.9,79.44,,,,,,,,,,,,,,,,,,,,,,,,,,,,,,,,,,,,
2023,3,29,7,0,7.1,3.4,77.13,,,,,,,,,,,,,,,,,,,,,,,,,,,,,,,,,,,,
2023,3,29,8,0,7.2,2.9,74.06,,,,,,,,,,,,,,,,,,,,,,,,,,,,,,,,,,,,
2023,3,29,9,0,6.6,2.2,73.53,,,,,,,,,,,,,,,,,,,,,,,,,,,,,,,,,,,,
2023,3,29,10,0,5.7,2,76.85,,,,,,,,,,,,,,,,,,,,,,,,,,,,,,,,,,,,
2023,3,29,11,0,5,1.9,80.16,,,,,,,,,,,,,,,,,,,,,,,,,,,,,,,,,,,,
2023,3,29,12,0,4.8,2.1,82.37,,,,,,,,,,,,,,,,,,,,,,,,,,,,,,,,,,,,
2023,3,29,13,0,4.7,2,82.41,,,,,,,,,,,,,,,,,,,,,,,,,,,,,,,,,,,,
2023,3,29,14,0,5.4,2.9,83.63,,,,,,,,,,,,,,,,,,,,,,,,,,,,,,,,,,,,
2023,3,29,15,0,8,5.4,83.63,,,,,,,,,,,,,,,,,,,,,,,,,,,,,,,,,,,,
2023,3,29,16,0,10.4,5,68.98,,,,,,,,,,,,,,,,,,,,,,,,,,,,,,,,,,,,
2023,3,29,17,0,12.3,3.2,53.63,,,,,,,,,,,,,,,,,,,,,,,,,,,,,,,,,,,,
2023,3,29,18,0,13.7,2.6,47.21,,,,,,,,,,,,,,,,,,,,,,,,,,,,,,,,,,,,
2023,3,29,19,0,14.6,2.7,44.82,,,,,,,,,,,,,,,,,,,,,,,,,,,,,,,,,,,,
2023,3,29,20,0,15,3,44.42,,,,,,,,,,,,,,,,,,,,,,,,,,,,,,,,,,,,
2023,3,29,21,0,15.1,3.2,44.97,,,,,,,,,,,,,,,,,,,,,,,,,,,,,,,,,,,,
2023,3,29,22,0,14.8,3.5,46.78,,,,,,,,,,,,,,,,,,,,,,,,,,,,,,,,,,,,
2023,3,29,23,0,14.2,4.3,51.26,,,,,,,,,,,,,,,,,,,,,,,,,,,,,,,,,,,,
2023,3,30,0,0,13.6,6,60.11,,,,,,,,,,,,,,,,,,,,,,,,,,,,,,,,,,,,
2023,3,30,1,0,12.1,7.2,71.82,,,,,,,,,,,,,,,,,,,,,,,,,,,,,,,,,,,,
2023,3,30,2,0,11.2,4.5,63.57,,,,,,,,,,,,,,,,,,,,,,,,,,,,,,,,,,,,
2023,3,30,3,0,10.3,4.7,68.03,,,,,,,,,,,,,,,,,,,,,,,,,,,,,,,,,,,,
2023,3,30,4,0,9.5,4.9,73.2,,,,,,,,,,,,,,,,,,,,,,,,,,,,,,,,,,,,
2023,3,30,5,0,8.7,5.2,78.82,,,,,,,,,,,,,,,,,,,,,,,,,,,,,,,,,,,,
2023,3,30,6,0,8,5.5,84.18,,,,,,,,,,,,,,,,,,,,,,,,,,,,,,,,,,,,
2023,3,30,7,0,7.3,5.4,87.54,,,,,,,,,,,,,,,,,,,,,,,,,,,,,,,,,,,,
2023,3,30,8,0,6.8,5.4,90.54,,,,,,,,,,,,,,,,,,,,,,,,,,,,,,,,,,,,
2023,3,30,9,0,6.5,5.3,92.12,,,,,,,,,,,,,,,,,,,,,,,,,,,,,,,,,,,,
2023,3,30,10,0,6,5.2,94.47,,,,,,,,,,,,,,,,,,,,,,,,,,,,,,,,,,,,
2023,3,30,11,0,5.5,4.8,95.31,,,,,,,,,,,,,,,,,,,,,,,,,,,,,,,,,,,,
2023,3,30,12,0,4.9,4.3,96.05,,,,,,,,,,,,,,,,,,,,,,,,,,,,,,,,,,,,
2023,3,30,13,0,4.4,3.8,96.1,,,,,,,,,,,,,,,,,,,,,,,,,,,,,,,,,,,,
2023,3,30,14,0,4.8,3.8,93.03,,,,,,,,,,,,,,,,,,,,,,,,,,,,,,,,,,,,
2023,3,30,15,0,6.3,3.8,84.18,,,,,,,,,,,,,,,,,,,,,,,,,,,,,,,,,,,,
2023,3,30,16,0,7.6,3.2,73.45,,,,,,,,,,,,,,,,,,,,,,,,,,,,,,,,,,,,
2023,3,30,17,0,8.8,2.4,64.34,,,,,,,,,,,,,,,,,,,,,,,,,,,,,,,,,,,,
2023,3,30,18,0,10,2.3,58.68,,,,,,,,,,,,,,,,,,,,,,,,,,,,,,,,,,,,
2023,3,30,19,0,10.9,2.5,56.18,,,,,,,,,,,,,,,,,,,,,,,,,,,,,,,,,,,,
2023,3,30,20,0,11.5,2.8,55.02,,,,,,,,,,,,,,,,,,,,,,,,,,,,,,,,,,,,
2023,3,30,21,0,11.7,3,55.09,,,,,,,,,,,,,,,,,,,,,,,,,,,,,,,,,,,,
2023,3,30,22,0,11.3,3.1,57.24,,,,,,,,,,,,,,,,,,,,,,,,,,,,,,,,,,,,
2023,3,30,23,0,10.7,3.4,60.59,,,,,,,,,,,,,,,,,,,,,,,,,,,,,,,,,,,,
2023,3,31,0,0,9.8,3.6,65.39,,,,,,,,,,,,,,,,,,,,,,,,,,,,,,,,,,,,
2023,3,31,1,0,8.5,4,73.55,,,,,,,,,,,,,,,,,,,,,,,,,,,,,,,,,,,,
2023,3,31,2,0,6.7,3.9,82.5,,,,,,,,,,,,,,,,,,,,,,,,,,,,,,,,,,,,
2023,3,31,3,0,5.4,3.8,89.48,,,,,,,,,,,,,,,,,,,,,,,,,,,,,,,,,,,,
2023,3,31,4,0,4.7,3.8,93.79,,,,,,,,,,,,,,,,,,,,,,,,,,,,,,,,,,,,
2023,3,31,5,0,4.2,3.7,96.48,,,,,,,,,,,,,,,,,,,,,,,,,,,,,,,,,,,,
2023,3,31,6,0,4,3.6,97.26,,,,,,,,,,,,,,,,,,,,,,,,,,,,,,,,,,,,
2023,3,31,7,0,3.9,3.5,96.93,,,,,,,,,,,,,,,,,,,,,,,,,,,,,,,,,,,,
2023,3,31,8,0,3.6,3.3,97.73,,,,,,,,,,,,,,,,,,,,,,,,,,,,,,,,,,,,
2023,3,31,9,0,3.5,3.2,97.6,,,,,,,,,,,,,,,,,,,,,,,,,,,,,,,,,,,,
2023,3,31,10,0,3.6,3.1,96.55,,,,,,,,,,,,,,,,,,,,,,,,,,,,,,,,,,,,
2023,3,31,11,0,3.7,3.1,95.89,,,,,,,,,,,,,,,,,,,,,,,,,,,,,,,,,,,,
2023,3,31,12,0,3.7,3.1,95.94,,,,,,,,,,,,,,,,,,,,,,,,,,,,,,,,,,,,
2023,3,31,13,0,3.8,3.1,95.5,,,,,,,,,,,,,,,,,,,,,,,,,,,,,,,,,,,,
2023,3,31,14,0,4.3,3.5,94.7,,,,,,,,,,,,,,,,,,,,,,,,,,,,,,,,,,,,
2023,3,31,15,0,4.9,4,93.94,,,,,,,,,,,,,,,,,,,,,,,,,,,,,,,,,,,,
2023,3,31,16,0,5.5,4.5,93.15,,,,,,,,,,,,,,,,,,,,,,,,,,,,,,,,,,,,
2023,3,31,17,0,6.1,4.8,91.57,,,,,,,,,,,,,,,,,,,,,,,,,,,,,,,,,,,,
2023,3,31,18,0,6.7,5,88.77,,,,,,,,,,,,,,,,,,,,,,,,,,,,,,,,,,,,
2023,3,31,19,0,7,4.9,86.59,,,,,,,,,,,,,,,,,,,,,,,,,,,,,,,,,,,,
2023,3,31,20,0,7.1,4.9,85.9,,,,,,,,,,,,,,,,,,,,,,,,,,,,,,,,,,,,
2023,3,31,21,0,7.1,5,86.76,,,,,,,,,,,,,,,,,,,,,,,,,,,,,,,,,,,,
2023,3,31,22,0,7.1,5.1,87.32,,,,,,,,,,,,,,,,,,,,,,,,,,,,,,,,,,,,
2023,3,31,23,0,7,5.1,87.88,,,,,,,,,,,,,,,,,,,,,,,,,,,,,,,,,,,,
2023,4,1,0,0,6.8,5.1,88.61,,,,,,,,,,,,,,,,,,,,,,,,,,,,,,,,,,,,
2023,4,1,1,0,6.4,4.9,89.89,,,,,,,,,,,,,,,,,,,,,,,,,,,,,,,,,,,,
2023,4,1,2,0,5.8,4.5,91.45,,,,,,,,,,,,,,,,,,,,,,,,,,,,,,,,,,,,
2023,4,1,3,0,5.4,4.3,92.33,,,,,,,,,,,,,,,,,,,,,,,,,,,,,,,,,,,,
2023,4,1,4,0,5.2,4.1,92.59,,,,,,,,,,,,,,,,,,,,,,,,,,,,,,,,,,,,
2023,4,1,5,0,5.1,4.1,93.42,,,,,,,,,,,,,,,,,,,,,,,,,,,,,,,,,,,,
2023,4,1,6,0,5.2,4.3,93.67,,,,,,,,,,,,,,,,,,,,,,,,,,,,,,,,,,,,
2023,4,1,7,0,5.1,4.3,94.41,,,,,,,,,,,,,,,,,,,,,,,,,,,,,,,,,,,,
2023,4,1,8,0,4.8,4,94.87,,,,,,,,,,,,,,,,,,,,,,,,,,,,,,,,,,,,
2023,4,1,9,0,4.5,3.7,94.39,,,,,,,,,,,,,,,,,,,,,,,,,,,,,,,,,,,,
2023,4,1,10,0,4.1,3.3,94.75,,,,,,,,,,,,,,,,,,,,,,,,,,,,,,,,,,,,
2023,4,1,11,0,3.8,3.1,95,,,,,,,,,,,,,,,,,,,,,,,,,,,,,,,,,,,,
2023,4,1,12,0,3.5,2.8,95.46,,,,,,,,,,,,,,,,,,,,,,,,,,,,,,,,,,,,
2023,4,1,13,0,3.4,2.7,95.23,,,,,,,,,,,,,,,,,,,,,,,,,,,,,,,,,,,,
2023,4,1,14,0,3.5,2.8,95.1,,,,,,,,,,,,,,,,,,,,,,,,,,,,,,,,,,,,
2023,4,1,15,0,4,3.1,94.07,,,,,,,,,,,,,,,,,,,,,,,,,,,,,,,,,,,,
2023,4,1,16,0,4.6,3.3,91.14,,,,,,,,,,,,,,,,,,,,,,,,,,,,,,,,,,,,
2023,4,1,17,0,5.3,3.2,86.31,,,,,,,,,,,,,,,,,,,,,,,,,,,,,,,,,,,,
2023,4,1,18,0,6.1,2.9,80.22,,,,,,,,,,,,,,,,,,,,,,,,,,,,,,,,,,,,
2023,4,1,19,0,6.8,2.7,75.14,,,,,,,,,,,,,,,,,,,,,,,,,,,,,,,,,,,,
2023,4,1,20,0,7.2,2.5,71.97,,,,,,,,,,,,,,,,,,,,,,,,,,,,,,,,,,,,
2023,4,1,21,0,7.4,2.4,70.49,,,,,,,,,,,,,,,,,,,,,,,,,,,,,,,,,,,,
2023,4,1,22,0,7.4,2.4,70.67,,,,,,,,,,,,,,,,,,,,,,,,,,,,,,,,,,,,
2023,4,1,23,0,7.1,2.6,73.2,,,,,,,,,,,,,,,,,,,,,,,,,,,,,,,,,,,,
2023,4,2,0,0,6.5,2.9,77.89,,,,,,,,,,,,,,,,,,,,,,,,,,,,,,,,,,,,
2023,4,2,1,0,5.7,3.1,83.19,,,,,,,,,,,,,,,,,,,,,,,,,,,,,,,,,,,,
2023,4,2,2,0,4.7,2.8,87.71,,,,,,,,,,,,,,,,,,,,,,,,,,,,,,,,,,,,
2023,4,2,3,0,4.1,2.7,90.29,,,,,,,,,,,,,,,,,,,,,,,,,,,,,,,,,,,,
2023,4,2,4,0,3.6,2.6,92.87,,,,,,,,,,,,,,,,,,,,,,,,,,,,,,,,,,,,
2023,4,2,5,0,3.2,2.5,95.13,,,,,,,,,,,,,,,,,,,,,,,,,,,,,,,,,,,,
2023,4,2,6,0,3.1,2.5,95.61,,,,,,,,,,,,,,,,,,,,,,,,,,,,,,,,,,,,
2023,4,2,7,0,3.1,2.4,95.49,,,,,,,,,,,,,,,,,,,,,,,,,,,,,,,,,,,,
2023,4,2,8,0,3,2.3,95.15,,,,,,,,,,,,,,,,,,,,,,,,,,,,,,,,,,,,
2023,4,2,9,0,2.7,1.9,94.78,,,,,,,,,,,,,,,,,,,,,,,,,,,,,,,,,,,,
2023,4,2,10,0,2.4,1.6,94.71,,,,,,,,,,,,,,,,,,,,,,,,,,,,,,,,,,,,
2023,4,2,11,0,2.3,1.6,94.93,,,,,,,,,,,,,,,,,,,,,,,,,,,,,,,,,,,,
2023,4,2,12,0,2.3,1.6,95.43,,,,,,,,,,,,,,,,,,,,,,,,,,,,,,,,,,,,
2023,4,2,13,0,2.4,1.8,95.77,,,,,,,,,,,,,,,,,,,,,,,,,,,,,,,,,,,,
2023,4,2,14,0,2.8,2.1,95.37,,,,,,,,,,,,,,,,,,,,,,,,,,,,,,,,,,,,
2023,4,2,15,0,3.4,2.6,94.7,,,,,,,,,,,,,,,,,,,,,,,,,,,,,,,,,,,,
2023,4,2,16,0,4,3,92.89,,,,,,,,,,,,,,,,,,,,,,,,,,,,,,,,,,,,
2023,4,2,17,0,4.6,3,89.64,,,,,,,,,,,,,,,,,,,,,,,,,,,,,,,,,,,,
2023,4,2,18,0,5.1,2.8,85.35,,,,,,,,,,,,,,,,,,,,,,,,,,,,,,,,,,,,
2023,4,2,19,0,5.5,2.5,80.84,,,,,,,,,,,,,,,,,,,,,,,,,,,,,,,,,,,,
2023,4,2,20,0,5.7,2.1,77.78,,,,,,,,,,,,,,,,,,,,,,,,,,,,,,,,,,,,
2023,4,2,21,0,5.9,2,76.14,,,,,,,,,,,,,,,,,,,,,,,,,,,,,,,,,,,,
2023,4,2,22,0,5.9,2.1,76.64,,,,,,,,,,,,,,,,,,,,,,,,,,,,,,,,,,,,
2023,4,2,23,0,5.6,2.4,79.74,,,,,,,,,,,,,,,,,,,,,,,,,,,,,,,,,,,,
2023,4,3,0,0,5.2,2.8,84.36,,,,,,,,,,,,,,,,,,,,,,,,,,,,,,,,,,,,
2023,4,3,1,0,4.6,3.1,90.1,,,,,,,,,,,,,,,,,,,,,,,,,,,,,,,,,,,,
2023,4,3,2,0,3.4,2.1,91.26,,,,,,,,,,,,,,,,,,,,,,,,,,,,,,,,,,,,
2023,4,3,3,0,3,1.9,92.39,,,,,,,,,,,,,,,,,,,,,,,,,,,,,,,,,,,,
2023,4,3,4,0,3,2,93.15,,,,,,,,,,,,,,,,,,,,,,,,,,,,,,,,,,,,
2023,4,3,5,0,2.8,2,94.19,,,,,,,,,,,,,,,,,,,,,,,,,,,,,,,,,,,,
2023,4,3,6,0,2.7,1.9,94.53,,,,,,,,,,,,,,,,,,,,,,,,,,,,,,,,,,,,
2023,4,3,7,0,2.6,1.9,95.47,,,,,,,,,,,,,,,,,,,,,,,,,,,,,,,,,,,,
2023,4,3,8,0,2.6,1.9,95.03,,,,,,,,,,,,,,,,,,,,,,,,,,,,,,,,,,,,
2023,4,3,9,0,2.4,1.7,95.32,,,,,,,,,,,,,,,,,,,,,,,,,,,,,,,,,,,,
2023,4,3,10,0,2.3,1.6,94.83,,,,,,,,,,,,,,,,,,,,,,,,,,,,,,,,,,,,
2023,4,3,11,0,2.2,1.3,94.02,,,,,,,,,,,,,,,,,,,,,,,,,,,,,,,,,,,,
2023,4,3,12,0,2,1.1,93.67,,,,,,,,,,,,,,,,,,,,,,,,,,,,,,,,,,,,
2023,4,3,13,0,2,0.9,92.51,,,,,,,,,,,,,,,,,,,,,,,,,,,,,,,,,,,,
2023,4,3,14,0,2.5,1.5,93.37,,,,,,,,,,,,,,,,,,,,,,,,,,,,,,,,,,,,
2023,4,3,15,0,3.5,2.4,92.2,,,,,,,,,,,,,,,,,,,,,,,,,,,,,,,,,,,,
2023,4,3,16,0,4.1,2.3,87.89,,,,,,,,,,,,,,,,,,,,,,,,,,,,,,,,,,,,
2023,4,3,17,0,4.9,2.1,81.81,,,,,,,,,,,,,,,,,,,,,,,,,,,,,,,,,,,,
2023,4,3,18,0,5.9,1.8,75.1,,,,,,,,,,,,,,,,,,,,,,,,,,,,,,,,,,,,
2023,4,3,19,0,6.8,1.6,69.23,,,,,,,,,,,,,,,,,,,,,,,,,,,,,,,,,,,,
2023,4,3,20,0,7.6,1.2,63.82,,,,,,,,,,,,,,,,,,,,,,,,,,,,,,,,,,,,
2023,4,3,21,0,8.1,0.9,60.52,,,,,,,,,,,,,,,,,,,,,,,,,,,,,,,,,,,,
2023,4,3,22,0,8.4,0.9,59.34,,,,,,,,,,,,,,,,,,,,,,,,,,,,,,,,,,,,
2023,4,3,23,0,8.3,1.2,61.07,,,,,,,,,,,,,,,,,,,,,,,,,,,,,,,,,,,,
2023,4,4,0,0,7.9,1.9,65.8,,,,,,,,,,,,,,,,,,,,,,,,,,,,,,,,,,,,
2023,4,4,1,0,7.1,3.3,77.03,,,,,,,,,,,,,,,,,,,,,,,,,,,,,,,,,,,,
2023,4,4,2,0,5.3,2.2,80.32,,,,,,,,,,,,,,,,,,,,,,,,,,,,,,,,,,,,
2023,4,4,3,0,4.2,2.1,86.01,,,,,,,,,,,,,,,,,,,,,,,,,,,,,,,,,,,,
2023,4,4,4,0,3.8,2.3,89.72,,,,,,,,,,,,,,,,,,,,,,,,,,,,,,,,,,,,
2023,4,4,5,0,3.6,2.3,91.43,,,,,,,,,,,,,,,,,,,,,,,,,,,,,,,,,,,,
2023,4,4,6,0,3.5,2.4,92.25,,,,,,,,,,,,,,,,,,,,,,,,,,,,,,,,,,,,
2023,4,4,7,0,3.2,2.2,93.23,,,,,,,,,,,,,,,,,,,,,,,,,,,,,,,,,,,,
2023,4,4,8,0,2.8,2,94.59,,,,,,,,,,,,,,,,,,,,,,,,,,,,,,,,,,,,
2023,4,4,9,0,2.5,1.9,95.49,,,,,,,,,,,,,,,,,,,,,,,,,,,,,,,,,,,,
2023,4,4,10,0,2.3,1.7,95.83,,,,,,,,,,,,,,,,,,,,,,,,,,,,,,,,,,,,
2023,4,4,11,0,2.1,1.5,95.48,,,,,,,,,,,,,,,,,,,,,,,,,,,,,,,,,,,,
2023,4,4,12,0,1.7,1.1,95.78,,,,,,,,,,,,,,,,,,,,,,,,,,,,,,,,,,,,
2023,4,4,13,0,1.5,0.9,95.92,,,,,,,,,,,,,,,,,,,,,,,,,,,,,,,,,,,,
2023,4,4,14,0,2.1,1.3,94.66,,,,,,,,,,,,,,,,,,,,,,,,,,,,,,,,,,,,
2023,4,4,15,0,2.9,1.9,93.11,,,,,,,,,,,,,,,,,,,,,,,,,,,,,,,,,,,,
2023,4,4,16,0,4.3,2.1,85.58,,,,,,,,,,,,,,,,,,,,,,,,,,,,,,,,,,,,
2023,4,4,17,0,5.6,1.9,76.85,,,,,,,,,,,,,,,,,,,,,,,,,,,,,,,,,,,,
2023,4,4,18,0,7,1.4,67.62,,,,,,,,,,,,,,,,,,,,,,,,,,,,,,,,,,,,
2023,4,4,19,0,8,0.9,60.91,,,,,,,,,,,,,,,,,,,,,,,,,,,,,,,,,,,,
2023,4,4,20,0,8.7,0.6,56.67,,,,,,,,,,,,,,,,,,,,,,,,,,,,,,,,,,,,
2023,4,4,21,0,9.3,0.4,53.72,,,,,,,,,,,,,,,,,,,,,,,,,,,,,,,,,,,,
2023,4,4,22,0,9.6,0.5,53.22,,,,,,,,,,,,,,,,,,,,,,,,,,,,,,,,,,,,
2023,4,4,23,0,9.5,0.8,54.68,,,,,,,,,,,,,,,,,,,,,,,,,,,,,,,,,,,,
2023,4,5,0,0,9.2,1,56.55,,,,,,,,,,,,,,,,,,,,,,,,,,,,,,,,,,,,
2023,4,5,1,0,8.5,2.6,66.28,,,,,,,,,,,,,,,,,,,,,,,,,,,,,,,,,,,,
2023,4,5,2,0,7.2,0.6,62.77,,,,,,,,,,,,,,,,,,,,,,,,,,,,,,,,,,,,
2023,4,5,3,0,6.7,0.1,62.8,,,,,,,,,,,,,,,,,,,,,,,,,,,,,,,,,,,,
2023,4,5,4,0,6.2,0,64.38,,,,,,,,,,,,,,,,,,,,,,,,,,,,,,,,,,,,
2023,4,5,5,0,5.4,0.1,68.59,,,,,,,,,,,,,,,,,,,,,,,,,,,,,,,,,,,,
2023,4,5,6,0,4.2,0.2,75.15,,,,,,,,,,,,,,,,,,,,,,,,,,,,,,,,,,,,
2023,4,5,7,0,2.8,0.4,84.07,,,,,,,,,,,,,,,,,,,,,,,,,,,,,,,,,,,,
2023,4,5,8,0,1.6,0.6,92.81,,,,,,,,,,,,,,,,,,,,,,,,,,,,,,,,,,,,
2023,4,5,9,0,0.9,0.8,99.37,,,,,,,,,,,,,,,,,,,,,,,,,,,,,,,,,,,,
2023,4,5,10,0,0.7,0.7,100,,,,,,,,,,,,,,,,,,,,,,,,,,,,,,,,,,,,
2023,4,5,11,0,0.5,0.5,100,,,,,,,,,,,,,,,,,,,,,,,,,,,,,,,,,,,,
2023,4,5,12,0,0.6,0.6,100,,,,,,,,,,,,,,,,,,,,,,,,,,,,,,,,,,,,
2023,4,5,13,0,0.9,0.9,100,,,,,,,,,,,,,,,,,,,,,,,,,,,,,,,,,,,,
2023,4,5,14,0,2.6,1.8,94.16,,,,,,,,,,,,,,,,,,,,,,,,,,,,,,,,,,,,
2023,4,5,15,0,4.4,2.4,86.97,,,,,,,,,,,,,,,,,,,,,,,,,,,,,,,,,,,,
2023,4,5,16,0,6,2.7,79.45,,,,,,,,,,,,,,,,,,,,,,,,,,,,,,,,,,,,
2023,4,5,17,0,7.2,2.4,71.34,,,,,,,,,,,,,,,,,,,,,,,,,,,,,,,,,,,,
2023,4,5,18,0,8.1,1.8,64.61,,,,,,,,,,,,,,,,,,,,,,,,,,,,,,,,,,,,
2023,4,5,19,0,8.9,1.5,59.71,,,,,,,,,,,,,,,,,,,,,,,,,,,,,,,,,,,,
2023,4,5,20,0,9.6,1.4,56.73,,,,,,,,,,,,,,,,,,,,,,,,,,,,,,,,,,,,
2023,4,5,21,0,10.1,1.6,55.69,,,,,,,,,,,,,,,,,,,,,,,,,,,,,,,,,,,,
2023,4,5,22,0,10.1,2,57.27,,,,,,,,,,,,,,,,,,,,,,,,,,,,,,,,,,,,
2023,4,5,23,0,9.7,2.9,62.46,,,,,,,,,,,,,,,,,,,,,,,,,,,,,,,,,,,,
2023,4,6,0,0,9.2,4.7,73.22,,,,,,,,,,,,,,,,,,,,,,,,,,,,,,,,,,,,
2023,4,6,1,0,8.1,5.6,84.33,,,,,,,,,,,,,,,,,,,,,,,,,,,,,,,,,,,,
2023,4,6,2,0,6.9,4.6,85.5,,,,,,,,,,,,,,,,,,,,,,,,,,,,,,,,,,,,
2023,4,6,3,0,6.5,4.5,86.91,,,,,,,,,,,,,,,,,,,,,,,,,,,,,,,,,,,,
2023,4,6,4,0,6.3,4.5,88.48,,,,,,,,,,,,,,,,,,,,,,,,,,,,,,,,,,,,
2023,4,6,5,0,5.9,4.5,90.68,,,,,,,,,,,,,,,,,,,,,,,,,,,,,,,,,,,,
2023,4,6,6,0,5.5,4.3,92.13,,,,,,,,,,,,,,,,,,,,,,,,,,,,,,,,,,,,
2023,4,6,7,0,5.1,4.1,93.41,,,,,,,,,,,,,,,,,,,,,,,,,,,,,,,,,,,,
2023,4,6,8,0,5,4,93.13,,,,,,,,,,,,,,,,,,,,,,,,,,,,,,,,,,,,
2023,4,6,9,0,5.2,4,92.07,,,,,,,,,,,,,,,,,,,,,,,,,,,,,,,,,,,,
2023,4,6,10,0,5.7,4.3,90.95,,,,,,,,,,,,,,,,,,,,,,,,,,,,,,,,,,,,
2023,4,6,11,0,6.1,4.7,90.68,,,,,,,,,,,,,,,,,,,,,,,,,,,,,,,,,,,,
2023,4,6,12,0,6.2,4.9,91.47,,,,,,,,,,,,,,,,,,,,,,,,,,,,,,,,,,,,
2023,4,6,13,0,6.2,5,91.95,,,,,,,,,,,,,,,,,,,,,,,,,,,,,,,,,,,,
2023,4,6,14,0,6.6,5.4,91.75,,,,,,,,,,,,,,,,,,,,,,,,,,,,,,,,,,,,
2023,4,6,15,0,7.4,6.1,91.49,,,,,,,,,,,,,,,,,,,,,,,,,,,,,,,,,,,,
2023,4,6,16,0,8.4,6.8,89.51,,,,,,,,,,,,,,,,,,,,,,,,,,,,,,,,,,,,
2023,4,6,17,0,9.5,7.5,87.61,,,,,,,,,,,,,,,,,,,,,,,,,,,,,,,,,,,,
2023,4,6,18,0,10.5,8.1,85.29,,,,,,,,,,,,,,,,,,,,,,,,,,,,,,,,,,,,
2023,4,6,19,0,11,8.5,84.85,,,,,,,,,,,,,,,,,,,,,,,,,,,,,,,,,,,,
2023,4,6,20,0,11.3,8.6,83.66,,,,,,,,,,,,,,,,,,,,,,,,,,,,,,,,,,,,
2023,4,6,21,0,11.3,8.7,83.84,,,,,,,,,,,,,,,,,,,,,,,,,,,,,,,,,,,,
2023,4,6,22,0,11.2,8.7,84.56,,,,,,,,,,,,,,,,,,,,,,,,,,,,,,,,,,,,
2023,4,6,23,0,10.9,8.6,85.89,,,,,,,,,,,,,,,,,,,,,,,,,,,,,,,,,,,,
2023,4,7,0,0,10.5,8.5,87.64,,,,,,,,,,,,,,,,,,,,,,,,,,,,,,,,,,,,
2023,4,7,1,0,9.9,8.3,89.67,,,,,,,,,,,,,,,,,,,,,,,,,,,,,,,,,,,,
2023,4,7,2,0,9.4,7.9,90.39,,,,,,,,,,,,,,,,,,,,,,,,,,,,,,,,,,,,
2023,4,7,3,0,9.1,7.7,90.91,,,,,,,,,,,,,,,,,,,,,,,,,,,,,,,,,,,,
2023,4,7,4,0,9,7.6,91.06,,,,,,,,,,,,,,,,,,,,,,,,,,,,,,,,,,,,
2023,4,7,5,0,8.9,7.6,91.52,,,,,,,,,,,,,,,,,,,,,,,,,,,,,,,,,,,,
2023,4,7,6,0,8.8,7.6,92.43,,,,,,,,,,,,,,,,,,,,,,,,,,,,,,,,,,,,
2023,4,7,7,0,8.6,7.7,93.83,,,,,,,,,,,,,,,,,,,,,,,,,,,,,,,,,,,,
2023,4,7,8,0,8.6,7.7,93.91,,,,,,,,,,,,,,,,,,,,,,,,,,,,,,,,,,,,
2023,4,7,9,0,8.6,7.7,94.36,,,,,,,,,,,,,,,,,,,,,,,,,,,,,,,,,,,,
2023,4,7,10,0,8.5,7.8,95.13,,,,,,,,,,,,,,,,,,,,,,,,,,,,,,,,,,,,
2023,4,7,11,0,8.4,7.7,95.45,,,,,,,,,,,,,,,,,,,,,,,,,,,,,,,,,,,,
2023,4,7,12,0,8.3,7.6,95.4,,,,,,,,,,,,,,,,,,,,,,,,,,,,,,,,,,,,
2023,4,7,13,0,8.2,7.5,95.55,,,,,,,,,,,,,,,,,,,,,,,,,,,,,,,,,,,,
2023,4,7,14,0,8.4,7.7,95.17,,,,,,,,,,,,,,,,,,,,,,,,,,,,,,,,,,,,
2023,4,7,15,0,8.9,8.1,95.03,,,,,,,,,,,,,,,,,,,,,,,,,,,,,,,,,,,,
2023,4,7,16,0,9.6,8.6,93.46,,,,,,,,,,,,,,,,,,,,,,,,,,,,,,,,,,,,
2023,4,7,17,0,10.5,8.7,88.33,,,,,,,,,,,,,,,,,,,,,,,,,,,,,,,,,,,,
2023,4,7,18,0,11.4,8.3,81.3,,,,,,,,,,,,,,,,,,,,,,,,,,,,,,,,,,,,
2023,4,7,19,0,12.4,7.9,73.79,,,,,,,,,,,,,,,,,,,,,,,,,,,,,,,,,,,,
2023,4,7,20,0,13,7.5,69.25,,,,,,,,,,,,,,,,,,,,,,,,,,,,,,,,,,,,
2023,4,7,21,0,13,7.1,67.58,,,,,,,,,,,,,,,,,,,,,,,,,,,,,,,,,,,,
2023,4,7,22,0,12.5,6.8,68.4,,,,,,,,,,,,,,,,,,,,,,,,,,,,,,,,,,,,
2023,4,7,23,0,12.2,6.6,68.59,,,,,,,,,,,,,,,,,,,,,,,,,,,,,,,,,,,,
2023,4,8,0,0,11.3,6.4,71.63,,,,,,,,,,,,,,,,,,,,,,,,,,,,,,,,,,,,
2023,4,8,1,0,10,6.6,79.44,,,,,,,,,,,,,,,,,,,,,,,,,,,,,,,,,,,,
2023,4,8,2,0,8.4,6.4,86.99,,,,,,,,,,,,,,,,,,,,,,,,,,,,,,,,,,,,
2023,4,8,3,0,7.5,6,90.4,,,,,,,,,,,,,,,,,,,,,,,,,,,,,,,,,,,,
2023,4,8,4,0,6.9,5.8,92.57,,,,,,,,,,,,,,,,,,,,,,,,,,,,,,,,,,,,
2023,4,8,5,0,6.3,5.5,94.58,,,,,,,,,,,,,,,,,,,,,,,,,,,,,,,,,,,,
2023,4,8,6,0,5.9,5.2,95.41,,,,,,,,,,,,,,,,,,,,,,,,,,,,,,,,,,,,
2023,4,8,7,0,5.5,4.9,95.8,,,,,,,,,,,,,,,,,,,,,,,,,,,,,,,,,,,,
2023,4,8,8,0,5.3,4.6,94.92,,,,,,,,,,,,,,,,,,,,,,,,,,,,,,,,,,,,
2023,4,8,9,0,5.2,4.3,93.74,,,,,,,,,,,,,,,,,,,,,,,,,,,,,,,,,,,,
2023,4,8,10,0,5.2,4.2,92.97,,,,,,,,,,,,,,,,,,,,,,,,,,,,,,,,,,,,
2023,4,8,11,0,5.3,4.1,92.1,,,,,,,,,,,,,,,,,,,,,,,,,,,,,,,,,,,,
2023,4,8,12,0,5.5,4.1,90.84,,,,,,,,,,,,,,,,,,,,,,,,,,,,,,,,,,,,
2023,4,8,13,0,5.7,4.1,89.59,,,,,,,,,,,,,,,,,,,,,,,,,,,,,,,,,,,,
2023,4,8,14,0,6.3,4.4,87.75,,,,,,,,,,,,,,,,,,,,,,,,,,,,,,,,,,,,
2023,4,8,15,0,7.1,4.8,85.29,,,,,,,,,,,,,,,,,,,,,,,,,,,,,,,,,,,,
2023,4,8,16,0,7.5,5,84.16,,,,,,,,,,,,,,,,,,,,,,,,,,,,,,,,,,,,
2023,4,8,17,0,8,5.3,83,,,,,,,,,,,,,,,,,,,,,,,,,,,,,,,,,,,,
2023,4,8,18,0,8.5,5.6,82.01,,,,,,,,,,,,,,,,,,,,,,,,,,,,,,,,,,,,
2023,4,8,19,0,9,5.9,80.85,,,,,,,,,,,,,,,,,,,,,,,,,,,,,,,,,,,,
2023,4,8,20,0,9.4,6.1,80.12,,,,,,,,,,,,,,,,,,,,,,,,,,,,,,,,,,,,
2023,4,8,21,0,9.4,6.4,81.41,,,,,,,,,,,,,,,,,,,,,,,,,,,,,,,,,,,,
2023,4,8,22,0,9.4,6.7,83.09,,,,,,,,,,,,,,,,,,,,,,,,,,,,,,,,,,,,
2023,4,8,23,0,9.5,7,84.54,,,,,,,,,,,,,,,,,,,,,,,,,,,,,,,,,,,,
2023,4,9,0,0,9.3,7.3,87.48,,,,,,,,,,,,,,,,,,,,,,,,,,,,,,,,,,,,
2023,4,9,1,0,9,7.5,90.05,,,,,,,,,,,,,,,,,,,,,,,,,,,,,,,,,,,,
2023,4,9,2,0,8.6,7.3,91.51,,,,,,,,,,,,,,,,,,,,,,,,,,,,,,,,,,,,
2023,4,9,3,0,8.5,7.3,91.87,,,,,,,,,,,,,,,,,,,,,,,,,,,,,,,,,,,,
2023,4,9,4,0,8.6,7.4,92,,,,,,,,,,,,,,,,,,,,,,,,,,,,,,,,,,,,
2023,4,9,5,0,8.6,7.4,92.39,,,,,,,,,,,,,,,,,,,,,,,,,,,,,,,,,,,,
2023,4,9,6,0,8.7,7.5,92.19,,,,,,,,,,,,,,,,,,,,,,,,,,,,,,,,,,,,
2023,4,9,7,0,8.8,7.6,92.21,,,,,,,,,,,,,,,,,,,,,,,,,,,,,,,,,,,,
2023,4,9,8,0,8.8,7.7,92.63,,,,,,,,,,,,,,,,,,,,,,,,,,,,,,,,,,,,
2023,4,9,9,0,8.9,7.7,92.47,,,,,,,,,,,,,,,,,,,,,,,,,,,,,,,,,,,,
2023,4,9,10,0,8.9,7.8,92.69,,,,,,,,,,,,,,,,,,,,,,,,,,,,,,,,,,,,
2023,4,9,11,0,8.9,7.8,92.53,,,,,,,,,,,,,,,,,,,,,,,,,,,,,,,,,,,,
2023,4,9,12,0,8.8,7.7,92.77,,,,,,,,,,,,,,,,,,,,,,,,,,,,,,,,,,,,
2023,4,9,13,0,8.7,7.5,92.13,,,,,,,,,,,,,,,,,,,,,,,,,,,,,,,,,,,,
2023,4,9,14,0,8.8,7.5,91.29,,,,,,,,,,,,,,,,,,,,,,,,,,,,,,,,,,,,
2023,4,9,15,0,9.2,7.6,89.73,,,,,,,,,,,,,,,,,,,,,,,,,,,,,,,,,,,,
2023,4,9,16,0,9.7,7.9,88.53,,,,,,,,,,,,,,,,,,,,,,,,,,,,,,,,,,,,
2023,4,9,17,0,10.2,8.3,88.15,,,,,,,,,,,,,,,,,,,,,,,,,,,,,,,,,,,,
2023,4,9,18,0,10.8,8.8,87.52,,,,,,,,,,,,,,,,,,,,,,,,,,,,,,,,,,,,
2023,4,9,19,0,11.4,9.1,85.86,,,,,,,,,,,,,,,,,,,,,,,,,,,,,,,,,,,,
2023,4,9,20,0,11.8,9.3,84.83,,,,,,,,,,,,,,,,,,,,,,,,,,,,,,,,,,,,
2023,4,9,21,0,12.3,9.6,83.8,,,,,,,,,,,,,,,,,,,,,,,,,,,,,,,,,,,,
2023,4,9,22,0,12.8,9.9,82.52,,,,,,,,,,,,,,,,,,,,,,,,,,,,,,,,,,,,
2023,4,9,23,0,12.7,10.2,84.87,,,,,,,,,,,,,,,,,,,,,,,,,,,,,,,,,,,,
2023,4,10,0,0,12.2,10.4,88.8,,,,,,,,,,,,,,,,,,,,,,,,,,,,,,,,,,,,
2023,4,10,1,0,11.6,10.2,91.35,,,,,,,,,,,,,,,,,,,,,,,,,,,,,,,,,,,,
2023,4,10,2,0,10.7,9.7,93.34,,,,,,,,,,,,,,,,,,,,,,,,,,,,,,,,,,,,
2023,4,10,3,0,9.9,9.1,94.6,,,,,,,,,,,,,,,,,,,,,,,,,,,,,,,,,,,,
2023,4,10,4,0,9.1,8.4,95.54,,,,,,,,,,,,,,,,,,,,,,,,,,,,,,,,,,,,
2023,4,10,5,0,8.3,7.7,96.04,,,,,,,,,,,,,,,,,,,,,,,,,,,,,,,,,,,,
2023,4,10,6,0,7.9,7.1,94.78,,,,,,,,,,,,,,,,,,,,,,,,,,,,,,,,,,,,
2023,4,10,7,0,7.6,6.7,94.33,,,,,,,,,,,,,,,,,,,,,,,,,,,,,,,,,,,,
2023,4,10,8,0,7.5,6.4,93.03,,,,,,,,,,,,,,,,,,,,,,,,,,,,,,,,,,,,
2023,4,10,9,0,7.5,6.2,91.65,,,,,,,,,,,,,,,,,,,,,,,,,,,,,,,,,,,,
2023,4,10,10,0,7.3,6.1,92.27,,,,,,,,,,,,,,,,,,,,,,,,,,,,,,,,,,,,
2023,4,10,11,0,7.2,6.1,92.66,,,,,,,,,,,,,,,,,,,,,,,,,,,,,,,,,,,,
2023,4,10,12,0,7,6,93.2,,,,,,,,,,,,,,,,,,,,,,,,,,,,,,,,,,,,
2023,4,10,13,0,6.8,5.7,92.62,,,,,,,,,,,,,,,,,,,,,,,,,,,,,,,,,,,,
2023,4,10,14,0,7.2,6,92.3,,,,,,,,,,,,,,,,,,,,,,,,,,,,,,,,,,,,
2023,4,10,15,0,7.8,6.8,93.55,,,,,,,,,,,,,,,,,,,,,,,,,,,,,,,,,,,,
2023,4,10,16,0,8.6,7,89.5,,,,,,,,,,,,,,,,,,,,,,,,,,,,,,,,,,,,
2023,4,10,17,0,9.2,7,86.16,,,,,,,,,,,,,,,,,,,,,,,,,,,,,,,,,,,,
2023,4,10,18,0,8.6,5.7,81.76,,,,,,,,,,,,,,,,,,,,,,,,,,,,,,,,,,,,
2023,4,10,19,0,8,5,81.5,,,,,,,,,,,,,,,,,,,,,,,,,,,,,,,,,,,,
2023,4,10,20,0,7.7,4.9,82.22,,,,,,,,,,,,,,,,,,,,,,,,,,,,,,,,,,,,
2023,4,10,21,0,7.6,4.8,82.22,,,,,,,,,,,,,,,,,,,,,,,,,,,,,,,,,,,,
2023,4,10,22,0,7.4,4.8,83.4,,,,,,,,,,,,,,,,,,,,,,,,,,,,,,,,,,,,
2023,4,10,23,0,7.2,4.9,85.16,,,,,,,,,,,,,,,,,,,,,,,,,,,,,,,,,,,,
2023,4,11,0,0,6.8,5.1,88.61,,,,,,,,,,,,,,,,,,,,,,,,,,,,,,,,,,,,
2023,4,11,1,0,6.5,5.2,91.42,,,,,,,,,,,,,,,,,,,,,,,,,,,,,,,,,,,,
2023,4,11,2,0,6.1,5.2,94.08,,,,,,,,,,,,,,,,,,,,,,,,,,,,,,,,,,,,
2023,4,11,3,0,5.9,5.1,94.71,,,,,,,,,,,,,,,,,,,,,,,,,,,,,,,,,,,,
2023,4,11,4,0,5.7,5,94.99,,,,,,,,,,,,,,,,,,,,,,,,,,,,,,,,,,,,
2023,4,11,5,0,5.6,4.9,95.06,,,,,,,,,,,,,,,,,,,,,,,,,,,,,,,,,,,,
2023,4,11,6,0,5.5,4.8,95.56,,,,,,,,,,,,,,,,,,,,,,,,,,,,,,,,,,,,
2023,4,11,7,0,5.3,4.7,95.88,,,,,,,,,,,,,,,,,,,,,,,,,,,,,,,,,,,,
2023,4,11,8,0,5.1,4.5,95.72,,,,,,,,,,,,,,,,,,,,,,,,,,,,,,,,,,,,
2023,4,11,9,0,4.9,4.3,95.79,,,,,,,,,,,,,,,,,,,,,,,,,,,,,,,,,,,,
2023,4,11,10,0,4.7,4.1,95.92,,,,,,,,,,,,,,,,,,,,,,,,,,,,,,,,,,,,
2023,4,11,11,0,4.6,3.9,95.51,,,,,,,,,,,,,,,,,,,,,,,,,,,,,,,,,,,,
2023,4,11,12,0,4.4,3.7,95.4,,,,,,,,,,,,,,,,,,,,,,,,,,,,,,,,,,,,
2023,4,11,13,0,4.1,3.5,95.68,,,,,,,,,,,,,,,,,,,,,,,,,,,,,,,,,,,,
2023,4,11,14,0,4.2,3.4,94.65,,,,,,,,,,,,,,,,,,,,,,,,,,,,,,,,,,,,
2023,4,11,15,0,4.2,3.3,94.13,,,,,,,,,,,,,,,,,,,,,,,,,,,,,,,,,,,,
2023,4,11,16,0,4.5,3.4,92.65,,,,,,,,,,,,,,,,,,,,,,,,,,,,,,,,,,,,
2023,4,11,17,0,5.3,3.6,88.97,,,,,,,,,,,,,,,,,,,,,,,,,,,,,,,,,,,,
2023,4,11,18,0,6.7,3.6,80.76,,,,,,,,,,,,,,,,,,,,,,,,,,,,,,,,,,,,
2023,4,11,19,0,8,2.9,70.25,,,,,,,,,,,,,,,,,,,,,,,,,,,,,,,,,,,,
2023,4,11,20,0,8.8,2.1,62.73,,,,,,,,,,,,,,,,,,,,,,,,,,,,,,,,,,,,
2023,4,11,21,0,9.3,1.5,58.38,,,,,,,,,,,,,,,,,,,,,,,,,,,,,,,,,,,,
2023,4,11,22,0,9.4,1.3,57.12,,,,,,,,,,,,,,,,,,,,,,,,,,,,,,,,,,,,
2023,4,11,23,0,9.3,1.4,57.62,,,,,,,,,,,,,,,,,,,,,,,,,,,,,,,,,,,,
2023,4,12,0,0,8.9,1.9,61.37,,,,,,,,,,,,,,,,,,,,,,,,,,,,,,,,,,,,
2023,4,12,1,0,8.1,3.3,71.84,,,,,,,,,,,,,,,,,,,,,,,,,,,,,,,,,,,,
2023,4,12,2,0,6.1,3.2,81.55,,,,,,,,,,,,,,,,,,,,,,,,,,,,,,,,,,,,
2023,4,12,3,0,5.5,2,78.06,,,,,,,,,,,,,,,,,,,,,,,,,,,,,,,,,,,,
2023,4,12,4,0,6,1.9,74.89,,,,,,,,,,,,,,,,,,,,,,,,,,,,,,,,,,,,
2023,4,12,5,0,6.1,1.8,73.95,,,,,,,,,,,,,,,,,,,,,,,,,,,,,,,,,,,,
2023,4,12,6,0,5.7,1.9,76.3,,,,,,,,,,,,,,,,,,,,,,,,,,,,,,,,,,,,
2023,4,12,7,0,5.2,1.9,79.41,,,,,,,,,,,,,,,,,,,,,,,,,,,,,,,,,,,,
2023,4,12,8,0,4.8,2,81.84,,,,,,,,,,,,,,,,,,,,,,,,,,,,,,,,,,,,
2023,4,12,9,0,4.3,1.9,84.37,,,,,,,,,,,,,,,,,,,,,,,,,,,,,,,,,,,,
2023,4,12,10,0,3.7,1.7,86.89,,,,,,,,,,,,,,,,,,,,,,,,,,,,,,,,,,,,
2023,4,12,11,0,3.3,1.5,87.75,,,,,,,,,,,,,,,,,,,,,,,,,,,,,,,,,,,,
2023,4,12,12,0,3,1.3,88.68,,,,,,,,,,,,,,,,,,,,,,,,,,,,,,,,,,,,
2023,4,12,13,0,2.8,1.4,90.79,,,,,,,,,,,,,,,,,,,,,,,,,,,,,,,,,,,,
2023,4,12,14,0,3.6,2.6,93.45,,,,,,,,,,,,,,,,,,,,,,,,,,,,,,,,,,,,
2023,4,12,15,0,5,3.6,90.69,,,,,,,,,,,,,,,,,,,,,,,,,,,,,,,,,,,,
2023,4,12,16,0,6.5,3.6,81.6,,,,,,,,,,,,,,,,,,,,,,,,,,,,,,,,,,,,
2023,4,12,17,0,8.1,2.2,66.28,,,,,,,,,,,,,,,,,,,,,,,,,,,,,,,,,,,,
2023,4,12,18,0,9.4,1.1,56.06,,,,,,,,,,,,,,,,,,,,,,,,,,,,,,,,,,,,
2023,4,12,19,0,10.2,1,52.86,,,,,,,,,,,,,,,,,,,,,,,,,,,,,,,,,,,,
2023,4,12,20,0,10.8,1.1,51.2,,,,,,,,,,,,,,,,,,,,,,,,,,,,,,,,,,,,
2023,4,12,21,0,11.1,1.2,50.48,,,,,,,,,,,,,,,,,,,,,,,,,,,,,,,,,,,,
2023,4,12,22,0,11.2,1.2,50.01,,,,,,,,,,,,,,,,,,,,,,,,,,,,,,,,,,,,
2023,4,12,23,0,11.1,1.2,50.46,,,,,,,,,,,,,,,,,,,,,,,,,,,,,,,,,,,,
2023,4,13,0,0,10.7,1.4,52.74,,,,,,,,,,,,,,,,,,,,,,,,,,,,,,,,,,,,
2023,4,13,1,0,10,3.2,62.7,,,,,,,,,,,,,,,,,,,,,,,,,,,,,,,,,,,,
2023,4,13,2,0,8.3,2.6,67.24,,,,,,,,,,,,,,,,,,,,,,,,,,,,,,,,,,,,
2023,4,13,3,0,7.2,1.6,67.81,,,,,,,,,,,,,,,,,,,,,,,,,,,,,,,,,,,,
2023,4,13,4,0,6,1.9,75.17,,,,,,,,,,,,,,,,,,,,,,,,,,,,,,,,,,,,
2023,4,13,5,0,4.8,2.1,82.66,,,,,,,,,,,,,,,,,,,,,,,,,,,,,,,,,,,,
2023,4,13,6,0,4,2.2,87.85,,,,,,,,,,,,,,,,,,,,,,,,,,,,,,,,,,,,
2023,4,13,7,0,3.6,2.2,90.88,,,,,,,,,,,,,,,,,,,,,,,,,,,,,,,,,,,,
2023,4,13,8,0,3.1,2.2,93.73,,,,,,,,,,,,,,,,,,,,,,,,,,,,,,,,,,,,
2023,4,13,9,0,2.6,2.2,96.88,,,,,,,,,,,,,,,,,,,,,,,,,,,,,,,,,,,,
2023,4,13,10,0,2.4,2.2,98.42,,,,,,,,,,,,,,,,,,,,,,,,,,,,,,,,,,,,
2023,4,13,11,0,2.3,2.2,98.97,,,,,,,,,,,,,,,,,,,,,,,,,,,,,,,,,,,,
2023,4,13,12,0,2.6,2.1,96.59,,,,,,,,,,,,,,,,,,,,,,,,,,,,,,,,,,,,
2023,4,13,13,0,2.8,2,94.17,,,,,,,,,,,,,,,,,,,,,,,,,,,,,,,,,,,,
2023,4,13,14,0,3.3,2.2,92.44,,,,,,,,,,,,,,,,,,,,,,,,,,,,,,,,,,,,
2023,4,13,15,0,4.5,2.7,87.81,,,,,,,,,,,,,,,,,,,,,,,,,,,,,,,,,,,,
2023,4,13,16,0,6.1,2.8,79.43,,,,,,,,,,,,,,,,,,,,,,,,,,,,,,,,,,,,
2023,4,13,17,0,7.6,2.7,71.09,,,,,,,,,,,,,,,,,,,,,,,,,,,,,,,,,,,,
2023,4,13,18,0,8.7,2.6,65.67,,,,,,,,,,,,,,,,,,,,,,,,,,,,,,,,,,,,
2023,4,13,19,0,9.3,2.8,63.62,,,,,,,,,,,,,,,,,,,,,,,,,,,,,,,,,,,,
2023,4,13,20,0,9.7,3,63.09,,,,,,,,,,,,,,,,,,,,,,,,,,,,,,,,,,,,
2023,4,13,21,0,9.8,3.2,63.58,,,,,,,,,,,,,,,,,,,,,,,,,,,,,,,,,,,,
2023,4,13,22,0,9.6,3.5,65.56,,,,,,,,,,,,,,,,,,,,,,,,,,,,,,,,,,,,
2023,4,13,23,0,9.1,3.8,69.46,,,,,,,,,,,,,,,,,,,,,,,,,,,,,,,,,,,,
2023,4,14,0,0,8.5,4.3,74.77,,,,,,,,,,,,,,,,,,,,,,,,,,,,,,,,,,,,
2023,4,14,1,0,7.7,5.1,83.47,,,,,,,,,,,,,,,,,,,,,,,,,,,,,,,,,,,,
2023,4,14,2,0,6.8,4.8,86.78,,,,,,,,,,,,,,,,,,,,,,,,,,,,,,,,,,,,
2023,4,14,3,0,6.3,4.2,86.48,,,,,,,,,,,,,,,,,,,,,,,,,,,,,,,,,,,,
2023,4,14,4,0,6.1,4.1,87.05,,,,,,,,,,,,,,,,,,,,,,,,,,,,,,,,,,,,
2023,4,14,5,0,6,4.1,87.53,,,,,,,,,,,,,,,,,,,,,,,,,,,,,,,,,,,,
2023,4,14,6,0,5.8,4,88.42,,,,,,,,,,,,,,,,,,,,,,,,,,,,,,,,,,,,
2023,4,14,7,0,5.3,3.9,90.53,,,,,,,,,,,,,,,,,,,,,,,,,,,,,,,,,,,,
2023,4,14,8,0,4.7,3.6,92.58,,,,,,,,,,,,,,,,,,,,,,,,,,,,,,,,,,,,
2023,4,14,9,0,4.1,3.4,95.07,,,,,,,,,,,,,,,,,,,,,,,,,,,,,,,,,,,,
2023,4,14,10,0,3.9,3.2,95.1,,,,,,,,,,,,,,,,,,,,,,,,,,,,,,,,,,,,
2023,4,14,11,0,4,2.9,92.56,,,,,,,,,,,,,,,,,,,,,,,,,,,,,,,,,,,,
2023,4,14,12,0,4.1,2.7,90.64,,,,,,,,,,,,,,,,,,,,,,,,,,,,,,,,,,,,
2023,4,14,13,0,4,2.5,90.03,,,,,,,,,,,,,,,,,,,,,,,,,,,,,,,,,,,,
2023,4,14,14,0,4.7,3.5,91.68,,,,,,,,,,,,,,,,,,,,,,,,,,,,,,,,,,,,
2023,4,14,15,0,6.4,4.4,87.21,,,,,,,,,,,,,,,,,,,,,,,,,,,,,,,,,,,,
2023,4,14,16,0,7.6,3.7,76.54,,,,,,,,,,,,,,,,,,,,,,,,,,,,,,,,,,,,
2023,4,14,17,0,8.6,3.2,68.99,,,,,,,,,,,,,,,,,,,,,,,,,,,,,,,,,,,,
2023,4,14,18,0,10.2,2.9,60.72,,,,,,,,,,,,,,,,,,,,,,,,,,,,,,,,,,,,
2023,4,14,19,0,11.8,2.7,53.69,,,,,,,,,,,,,,,,,,,,,,,,,,,,,,,,,,,,
2023,4,14,20,0,12.7,2.7,50.49,,,,,,,,,,,,,,,,,,,,,,,,,,,,,,,,,,,,
2023,4,14,21,0,13.2,2.8,49.37,,,,,,,,,,,,,,,,,,,,,,,,,,,,,,,,,,,,
2023,4,14,22,0,13.3,3,49.72,,,,,,,,,,,,,,,,,,,,,,,,,,,,,,,,,,,,
2023,4,14,23,0,12.9,3.3,52.1,,,,,,,,,,,,,,,,,,,,,,,,,,,,,,,,,,,,
2023,4,15,0,0,12.3,3.8,55.97,,,,,,,,,,,,,,,,,,,,,,,,,,,,,,,,,,,,
2023,4,15,1,0,11.2,5.7,68.73,,,,,,,,,,,,,,,,,,,,,,,,,,,,,,,,,,,,
2023,4,15,2,0,8.9,5.7,80.41,,,,,,,,,,,,,,,,,,,,,,,,,,,,,,,,,,,,
2023,4,15,3,0,8,4.1,76.37,,,,,,,,,,,,,,,,,,,,,,,,,,,,,,,,,,,,
2023,4,15,4,0,7.6,3.9,77.65,,,,,,,,,,,,,,,,,,,,,,,,,,,,,,,,,,,,
2023,4,15,5,0,7.2,3.9,79.72,,,,,,,,,,,,,,,,,,,,,,,,,,,,,,,,,,,,
2023,4,15,6,0,6.9,4,81.73,,,,,,,,,,,,,,,,,,,,,,,,,,,,,,,,,,,,
2023,4,15,7,0,6.6,4,83.67,,,,,,,,,,,,,,,,,,,,,,,,,,,,,,,,,,,,
2023,4,15,8,0,6.5,4.2,85.3,,,,,,,,,,,,,,,,,,,,,,,,,,,,,,,,,,,,
2023,4,15,9,0,6,4.3,88.61,,,,,,,,,,,,,,,,,,,,,,,,,,,,,,,,,,,,
2023,4,15,10,0,5.3,4.2,92.78,,,,,,,,,,,,,,,,,,,,,,,,,,,,,,,,,,,,
2023,4,15,11,0,4.8,4.2,95.6,,,,,,,,,,,,,,,,,,,,,,,,,,,,,,,,,,,,
2023,4,15,12,0,4.6,4.2,97.13,,,,,,,,,,,,,,,,,,,,,,,,,,,,,,,,,,,,
2023,4,15,13,0,4.8,4.3,96.67,,,,,,,,,,,,,,,,,,,,,,,,,,,,,,,,,,,,
2023,4,15,14,0,6.1,5,92.7,,,,,,,,,,,,,,,,,,,,,,,,,,,,,,,,,,,,
2023,4,15,15,0,7.8,5.2,83.86,,,,,,,,,,,,,,,,,,,,,,,,,,,,,,,,,,,,
2023,4,15,16,0,9.5,5.4,75.38,,,,,,,,,,,,,,,,,,,,,,,,,,,,,,,,,,,,
2023,4,15,17,0,10.5,5.5,71.09,,,,,,,,,,,,,,,,,,,,,,,,,,,,,,,,,,,,
2023,4,15,18,0,10.4,5.8,73.23,,,,,,,,,,,,,,,,,,,,,,,,,,,,,,,,,,,,
2023,4,15,19,0,10,6.2,77.35,,,,,,,,,,,,,,,,,,,,,,,,,,,,,,,,,,,,
2023,4,15,20,0,10.1,6.5,78.21,,,,,,,,,,,,,,,,,,,,,,,,,,,,,,,,,,,,
2023,4,15,21,0,10.3,6.6,77.67,,,,,,,,,,,,,,,,,,,,,,,,,,,,,,,,,,,,
2023,4,15,22,0,10.4,6.6,77.3,,,,,,,,,,,,,,,,,,,,,,,,,,,,,,,,,,,,
2023,4,15,23,0,10.5,6.7,77.39,,,,,,,,,,,,,,,,,,,,,,,,,,,,,,,,,,,,
2023,4,16,0,0,10.6,6.8,77.18,,,,,,,,,,,,,,,,,,,,,,,,,,,,,,,,,,,,
2023,4,16,1,0,10.2,7.1,81.04,,,,,,,,,,,,,,,,,,,,,,,,,,,,,,,,,,,,
2023,4,16,2,0,8.7,7,88.99,,,,,,,,,,,,,,,,,,,,,,,,,,,,,,,,,,,,
2023,4,16,3,0,7.4,6.1,91.44,,,,,,,,,,,,,,,,,,,,,,,,,,,,,,,,,,,,
2023,4,16,4,0,7.1,5.9,92.01,,,,,,,,,,,,,,,,,,,,,,,,,,,,,,,,,,,,
2023,4,16,5,0,6.7,5.7,93.05,,,,,,,,,,,,,,,,,,,,,,,,,,,,,,,,,,,,
2023,4,16,6,0,6.4,5.5,93.69,,,,,,,,,,,,,,,,,,,,,,,,,,,,,,,,,,,,
2023,4,16,7,0,6.1,5.3,94.52,,,,,,,,,,,,,,,,,,,,,,,,,,,,,,,,,,,,
2023,4,16,8,0,5.9,5.1,94.55,,,,,,,,,,,,,,,,,,,,,,,,,,,,,,,,,,,,
2023,4,16,9,0,5.6,4.8,94.75,,,,,,,,,,,,,,,,,,,,,,,,,,,,,,,,,,,,
2023,4,16,10,0,5.9,4.9,93.4,,,,,,,,,,,,,,,,,,,,,,,,,,,,,,,,,,,,
2023,4,16,11,0,6.4,5.3,92.48,,,,,,,,,,,,,,,,,,,,,,,,,,,,,,,,,,,,
2023,4,16,12,0,6.2,5.2,93.44,,,,,,,,,,,,,,,,,,,,,,,,,,,,,,,,,,,,
2023,4,16,13,0,6.2,5.1,92.68,,,,,,,,,,,,,,,,,,,,,,,,,,,,,,,,,,,,
2023,4,16,14,0,7.2,5.7,90.43,,,,,,,,,,,,,,,,,,,,,,,,,,,,,,,,,,,,
2023,4,16,15,0,8.1,6.1,87.01,,,,,,,,,,,,,,,,,,,,,,,,,,,,,,,,,,,,
2023,4,16,16,0,8.3,6.1,85.85,,,,,,,,,,,,,,,,,,,,,,,,,,,,,,,,,,,,
2023,4,16,17,0,8.3,6.1,86.23,,,,,,,,,,,,,,,,,,,,,,,,,,,,,,,,,,,,
2023,4,16,18,0,8.2,6,85.82,,,,,,,,,,,,,,,,,,,,,,,,,,,,,,,,,,,,
2023,4,16,19,0,8.1,5.8,85.42,,,,,,,,,,,,,,,,,,,,,,,,,,,,,,,,,,,,
2023,4,16,20,0,8,5.5,84.25,,,,,,,,,,,,,,,,,,,,,,,,,,,,,,,,,,,,
2023,4,16,21,0,8.4,5.5,81.9,,,,,,,,,,,,,,,,,,,,,,,,,,,,,,,,,,,,
2023,4,16,22,0,9.2,5.6,78.25,,,,,,,,,,,,,,,,,,,,,,,,,,,,,,,,,,,,
2023,4,16,23,0,8.9,5.5,79.24,,,,,,,,,,,,,,,,,,,,,,,,,,,,,,,,,,,,
2023,4,17,0,0,7.8,5.3,84.39,,,,,,,,,,,,,,,,,,,,,,,,,,,,,,,,,,,,
2023,4,17,1,0,7.1,4.8,85.59,,,,,,,,,,,,,,,,,,,,,,,,,,,,,,,,,,,,
2023,4,17,2,0,5.9,4.1,88.22,,,,,,,,,,,,,,,,,,,,,,,,,,,,,,,,,,,,
2023,4,17,3,0,4.7,3.4,91.41,,,,,,,,,,,,,,,,,,,,,,,,,,,,,,,,,,,,
2023,4,17,4,0,4.1,3.1,93.32,,,,,,,,,,,,,,,,,,,,,,,,,,,,,,,,,,,,
2023,4,17,5,0,3.5,2.8,95.42,,,,,,,,,,,,,,,,,,,,,,,,,,,,,,,,,,,,
2023,4,17,6,0,3.5,2.8,95.13,,,,,,,,,,,,,,,,,,,,,,,,,,,,,,,,,,,,
2023,4,17,7,0,3.3,2.6,95.17,,,,,,,,,,,,,,,,,,,,,,,,,,,,,,,,,,,,
2023,4,17,8,0,3,2.3,95.47,,,,,,,,,,,,,,,,,,,,,,,,,,,,,,,,,,,,
2023,4,17,9,0,2.5,2,96.18,,,,,,,,,,,,,,,,,,,,,,,,,,,,,,,,,,,,
2023,4,17,10,0,2.1,1.5,95.87,,,,,,,,,,,,,,,,,,,,,,,,,,,,,,,,,,,,
2023,4,17,11,0,2,1.4,95.48,,,,,,,,,,,,,,,,,,,,,,,,,,,,,,,,,,,,
2023,4,17,12,0,2,1.2,94.6,,,,,,,,,,,,,,,,,,,,,,,,,,,,,,,,,,,,
2023,4,17,13,0,2.2,1.3,93.62,,,,,,,,,,,,,,,,,,,,,,,,,,,,,,,,,,,,
2023,4,17,14,0,4.1,2.6,89.92,,,,,,,,,,,,,,,,,,,,,,,,,,,,,,,,,,,,
2023,4,17,15,0,5.9,3.7,85.79,,,,,,,,,,,,,,,,,,,,,,,,,,,,,,,,,,,,
2023,4,17,16,0,7.9,3.6,74.39,,,,,,,,,,,,,,,,,,,,,,,,,,,,,,,,,,,,
2023,4,17,17,0,9,2.3,62.76,,,,,,,,,,,,,,,,,,,,,,,,,,,,,,,,,,,,
2023,4,17,18,0,9.2,2.4,62.41,,,,,,,,,,,,,,,,,,,,,,,,,,,,,,,,,,,,
2023,4,17,19,0,9.5,3,63.99,,,,,,,,,,,,,,,,,,,,,,,,,,,,,,,,,,,,
2023,4,17,20,0,9.6,3.5,65.91,,,,,,,,,,,,,,,,,,,,,,,,,,,,,,,,,,,,
2023,4,17,21,0,9,4.2,71.84,,,,,,,,,,,,,,,,,,,,,,,,,,,,,,,,,,,,
2023,4,17,22,0,8.7,4.8,76.7,,,,,,,,,,,,,,,,,,,,,,,,,,,,,,,,,,,,
2023,4,17,23,0,9,5.1,76.37,,,,,,,,,,,,,,,,,,,,,,,,,,,,,,,,,,,,
2023,4,18,0,0,8.8,4.9,76.62,,,,,,,,,,,,,,,,,,,,,,,,,,,,,,,,,,,,
2023,4,18,1,0,8.1,5.3,82.77,,,,,,,,,,,,,,,,,,,,,,,,,,,,,,,,,,,,
2023,4,18,2,0,6.5,5.2,91.17,,,,,,,,,,,,,,,,,,,,,,,,,,,,,,,,,,,,
2023,4,18,3,0,5.2,4.3,94.22,,,,,,,,,,,,,,,,,,,,,,,,,,,,,,,,,,,,
2023,4,18,4,0,5.2,4.3,93.89,,,,,,,,,,,,,,,,,,,,,,,,,,,,,,,,,,,,
2023,4,18,5,0,4.7,3.9,94.35,,,,,,,,,,,,,,,,,,,,,,,,,,,,,,,,,,,,
2023,4,18,6,0,4.3,3.3,93.18,,,,,,,,,,,,,,,,,,,,,,,,,,,,,,,,,,,,
2023,4,18,7,0,3.8,2.8,93.09,,,,,,,,,,,,,,,,,,,,,,,,,,,,,,,,,,,,
2023,4,18,8,0,3.5,2.5,93.23,,,,,,,,,,,,,,,,,,,,,,,,,,,,,,,,,,,,
2023,4,18,9,0,3.5,2.5,93.13,,,,,,,,,,,,,,,,,,,,,,,,,,,,,,,,,,,,
2023,4,18,10,0,3.5,2.6,93.91,,,,,,,,,,,,,,,,,,,,,,,,,,,,,,,,,,,,
2023,4,18,11,0,3.6,2.7,93.69,,,,,,,,,,,,,,,,,,,,,,,,,,,,,,,,,,,,
2023,4,18,12,0,3.5,2.7,94.38,,,,,,,,,,,,,,,,,,,,,,,,,,,,,,,,,,,,
2023,4,18,13,0,3.5,2.6,94.09,,,,,,,,,,,,,,,,,,,,,,,,,,,,,,,,,,,,
2023,4,18,14,0,3.6,2.7,93.9,,,,,,,,,,,,,,,,,,,,,,,,,,,,,,,,,,,,
2023,4,18,15,0,4,2.9,92.72,,,,,,,,,,,,,,,,,,,,,,,,,,,,,,,,,,,,
2023,4,18,16,0,4.7,3.1,89.3,,,,,,,,,,,,,,,,,,,,,,,,,,,,,,,,,,,,
2023,4,18,17,0,5.5,3.1,84.45,,,,,,,,,,,,,,,,,,,,,,,,,,,,,,,,,,,,
2023,4,18,18,0,6.3,2.9,78.99,,,,,,,,,,,,,,,,,,,,,,,,,,,,,,,,,,,,
2023,4,18,19,0,6.9,2.8,75.28,,,,,,,,,,,,,,,,,,,,,,,,,,,,,,,,,,,,
2023,4,18,20,0,7.3,2.9,73.65,,,,,,,,,,,,,,,,,,,,,,,,,,,,,,,,,,,,
2023,4,18,21,0,7.4,3,73.72,,,,,,,,,,,,,,,,,,,,,,,,,,,,,,,,,,,,
2023,4,18,22,0,7.2,3.3,76.14,,,,,,,,,,,,,,,,,,,,,,,,,,,,,,,,,,,,
2023,4,18,23,0,7,3.7,79.64,,,,,,,,,,,,,,,,,,,,,,,,,,,,,,,,,,,,
2023,4,19,0,0,6.8,4.2,83.53,,,,,,,,,,,,,,,,,,,,,,,,,,,,,,,,,,,,
2023,4,19,1,0,6.3,4.4,87.71,,,,,,,,,,,,,,,,,,,,,,,,,,,,,,,,,,,,
2023,4,19,2,0,5.5,4.2,91.35,,,,,,,,,,,,,,,,,,,,,,,,,,,,,,,,,,,,
2023,4,19,3,0,4.8,3.8,93.08,,,,,,,,,,,,,,,,,,,,,,,,,,,,,,,,,,,,
2023,4,19,4,0,4.4,3.4,93.43,,,,,,,,,,,,,,,,,,,,,,,,,,,,,,,,,,,,
2023,4,19,5,0,4.1,3.1,93.4,,,,,,,,,,,,,,,,,,,,,,,,,,,,,,,,,,,,
2023,4,19,6,0,3.7,2.9,94.2,,,,,,,,,,,,,,,,,,,,,,,,,,,,,,,,,,,,
2023,4,19,7,0,3.6,2.7,93.94,,,,,,,,,,,,,,,,,,,,,,,,,,,,,,,,,,,,
2023,4,19,8,0,3.5,2.6,94.02,,,,,,,,,,,,,,,,,,,,,,,,,,,,,,,,,,,,
2023,4,19,9,0,3.4,2.5,93.97,,,,,,,,,,,,,,,,,,,,,,,,,,,,,,,,,,,,
2023,4,19,10,0,3.5,2.5,93.46,,,,,,,,,,,,,,,,,,,,,,,,,,,,,,,,,,,,
2023,4,19,11,0,3.6,2.6,93.37,,,,,,,,,,,,,,,,,,,,,,,,,,,,,,,,,,,,
2023,4,19,12,0,3.7,2.7,93.26,,,,,,,,,,,,,,,,,,,,,,,,,,,,,,,,,,,,
2023,4,19,13,0,3.7,2.8,94.07,,,,,,,,,,,,,,,,,,,,,,,,,,,,,,,,,,,,
2023,4,19,14,0,4.4,3.5,93.72,,,,,,,,,,,,,,,,,,,,,,,,,,,,,,,,,,,,
2023,4,19,15,0,5.1,3.9,91.96,,,,,,,,,,,,,,,,,,,,,,,,,,,,,,,,,,,,
2023,4,19,16,0,5.7,3.8,87.72,,,,,,,,,,,,,,,,,,,,,,,,,,,,,,,,,,,,
2023,4,19,17,0,6.5,3.5,81.01,,,,,,,,,,,,,,,,,,,,,,,,,,,,,,,,,,,,
2023,4,19,18,0,7.4,3.2,74.5,,,,,,,,,,,,,,,,,,,,,,,,,,,,,,,,,,,,
2023,4,19,19,0,8,3,70.73,,,,,,,,,,,,,,,,,,,,,,,,,,,,,,,,,,,,
2023,4,19,20,0,8.5,2.9,68,,,,,,,,,,,,,,,,,,,,,,,,,,,,,,,,,,,,
2023,4,19,21,0,8.8,2.9,66.51,,,,,,,,,,,,,,,,,,,,,,,,,,,,,,,,,,,,
2023,4,19,22,0,8.8,3,66.77,,,,,,,,,,,,,,,,,,,,,,,,,,,,,,,,,,,,
2023,4,19,23,0,8.5,3.1,68.98,,,,,,,,,,,,,,,,,,,,,,,,,,,,,,,,,,,,
2023,4,20,0,0,7.9,3.5,73.9,,,,,,,,,,,,,,,,,,,,,,,,,,,,,,,,,,,,
2023,4,20,1,0,7.1,4.2,81.96,,,,,,,,,,,,,,,,,,,,,,,,,,,,,,,,,,,,
2023,4,20,2,0,5.8,4.5,91.33,,,,,,,,,,,,,,,,,,,,,,,,,,,,,,,,,,,,
2023,4,20,3,0,4.6,3.9,95.18,,,,,,,,,,,,,,,,,,,,,,,,,,,,,,,,,,,,
2023,4,20,4,0,4.2,3.6,95.87,,,,,,,,,,,,,,,,,,,,,,,,,,,,,,,,,,,,
2023,4,20,5,0,3.7,3.2,96.81,,,,,,,,,,,,,,,,,,,,,,,,,,,,,,,,,,,,
2023,4,20,6,0,3.1,2.8,97.62,,,,,,,,,,,,,,,,,,,,,,,,,,,,,,,,,,,,
2023,4,20,7,0,2.4,2.3,99.08,,,,,,,,,,,,,,,,,,,,,,,,,,,,,,,,,,,,
2023,4,20,8,0,2,1.9,99.36,,,,,,,,,,,,,,,,,,,,,,,,,,,,,,,,,,,,
2023,4,20,9,0,1.8,1.7,99.12,,,,,,,,,,,,,,,,,,,,,,,,,,,,,,,,,,,,
2023,4,20,10,0,2.4,1.9,96.64,,,,,,,,,,,,,,,,,,,,,,,,,,,,,,,,,,,,
2023,4,20,11,0,2.7,2,95.1,,,,,,,,,,,,,,,,,,,,,,,,,,,,,,,,,,,,
2023,4,20,12,0,2.8,2,94.23,,,,,,,,,,,,,,,,,,,,,,,,,,,,,,,,,,,,
2023,4,20,13,0,2.9,2,93.96,,,,,,,,,,,,,,,,,,,,,,,,,,,,,,,,,,,,
2023,4,20,14,0,4,2.8,91.69,,,,,,,,,,,,,,,,,,,,,,,,,,,,,,,,,,,,
2023,4,20,15,0,5.3,3.4,87.8,,,,,,,,,,,,,,,,,,,,,,,,,,,,,,,,,,,,
2023,4,20,16,0,6.4,3.8,83.5,,,,,,,,,,,,,,,,,,,,,,,,,,,,,,,,,,,,
2023,4,20,17,0,7,3.7,79.66,,,,,,,,,,,,,,,,,,,,,,,,,,,,,,,,,,,,
2023,4,20,18,0,7.8,3.1,72.43,,,,,,,,,,,,,,,,,,,,,,,,,,,,,,,,,,,,
2023,4,20,19,0,8.5,2.8,67.37,,,,,,,,,,,,,,,,,,,,,,,,,,,,,,,,,,,,
2023,4,20,20,0,8.9,3.3,67.88,,,,,,,,,,,,,,,,,,,,,,,,,,,,,,,,,,,,
2023,4,20,21,0,9.1,3.9,69.89,,,,,,,,,,,,,,,,,,,,,,,,,,,,,,,,,,,,
2023,4,20,22,0,8.7,4.4,74.2,,,,,,,,,,,,,,,,,,,,,,,,,,,,,,,,,,,,
2023,4,20,23,0,8,4.7,79.85,,,,,,,,,,,,,,,,,,,,,,,,,,,,,,,,,,,,
2023,4,21,0,0,7.4,4.8,83.64,,,,,,,,,,,,,,,,,,,,,,,,,,,,,,,,,,,,
2023,4,21,1,0,6.8,4.7,86.77,,,,,,,,,,,,,,,,,,,,,,,,,,,,,,,,,,,,
2023,4,21,2,0,6.2,4.6,89.38,,,,,,,,,,,,,,,,,,,,,,,,,,,,,,,,,,,,
2023,4,21,3,0,5.9,4.5,90.77,,,,,,,,,,,,,,,,,,,,,,,,,,,,,,,,,,,,
2023,4,21,4,0,5.9,4.7,91.96,,,,,,,,,,,,,,,,,,,,,,,,,,,,,,,,,,,,
2023,4,21,5,0,6.1,4.9,92.31,,,,,,,,,,,,,,,,,,,,,,,,,,,,,,,,,,,,
2023,4,21,6,0,6,5.1,94,,,,,,,,,,,,,,,,,,,,,,,,,,,,,,,,,,,,
2023,4,21,7,0,5.6,4.8,94.59,,,,,,,,,,,,,,,,,,,,,,,,,,,,,,,,,,,,
2023,4,21,8,0,5.2,4.4,94.88,,,,,,,,,,,,,,,,,,,,,,,,,,,,,,,,,,,,
2023,4,21,9,0,5,4.3,94.95,,,,,,,,,,,,,,,,,,,,,,,,,,,,,,,,,,,,
2023,4,21,10,0,4.7,4.1,95.95,,,,,,,,,,,,,,,,,,,,,,,,,,,,,,,,,,,,
2023,4,21,11,0,4.7,4.1,95.84,,,,,,,,,,,,,,,,,,,,,,,,,,,,,,,,,,,,
2023,4,21,12,0,4.7,4.1,96.14,,,,,,,,,,,,,,,,,,,,,,,,,,,,,,,,,,,,
2023,4,21,13,0,4.8,4.3,96.23,,,,,,,,,,,,,,,,,,,,,,,,,,,,,,,,,,,,
2023,4,21,14,0,5.5,4.8,95.45,,,,,,,,,,,,,,,,,,,,,,,,,,,,,,,,,,,,
2023,4,21,15,0,6.3,5.5,94.45,,,,,,,,,,,,,,,,,,,,,,,,,,,,,,,,,,,,
2023,4,21,16,0,7.3,5.9,90.79,,,,,,,,,,,,,,,,,,,,,,,,,,,,,,,,,,,,
2023,4,21,17,0,8.4,5.8,83.79,,,,,,,,,,,,,,,,,,,,,,,,,,,,,,,,,,,,
2023,4,21,18,0,9,5.5,78.85,,,,,,,,,,,,,,,,,,,,,,,,,,,,,,,,,,,,
2023,4,21,19,0,9.3,5.5,77.06,,,,,,,,,,,,,,,,,,,,,,,,,,,,,,,,,,,,
2023,4,21,20,0,9.4,5.6,76.99,,,,,,,,,,,,,,,,,,,,,,,,,,,,,,,,,,,,
2023,4,21,21,0,9.5,5.7,77.41,,,,,,,,,,,,,,,,,,,,,,,,,,,,,,,,,,,,
2023,4,21,22,0,9.6,5.9,77.98,,,,,,,,,,,,,,,,,,,,,,,,,,,,,,,,,,,,
2023,4,21,23,0,9.6,6.2,79.45,,,,,,,,,,,,,,,,,,,,,,,,,,,,,,,,,,,,
2023,4,22,0,0,9.6,6.5,81.13,,,,,,,,,,,,,,,,,,,,,,,,,,,,,,,,,,,,
2023,4,22,1,0,9.5,7,84.55,,,,,,,,,,,,,,,,,,,,,,,,,,,,,,,,,,,,
2023,4,22,2,0,8.3,6.9,91.11,,,,,,,,,,,,,,,,,,,,,,,,,,,,,,,,,,,,
2023,4,22,3,0,7.3,5.9,91.01,,,,,,,,,,,,,,,,,,,,,,,,,,,,,,,,,,,,
2023,4,22,4,0,7.1,5.6,90.43,,,,,,,,,,,,,,,,,,,,,,,,,,,,,,,,,,,,
2023,4,22,5,0,6.8,5.4,90.77,,,,,,,,,,,,,,,,,,,,,,,,,,,,,,,,,,,,
2023,4,22,6,0,6.5,5.1,90.92,,,,,,,,,,,,,,,,,,,,,,,,,,,,,,,,,,,,
2023,4,22,7,0,6.1,4.8,91.47,,,,,,,,,,,,,,,,,,,,,,,,,,,,,,,,,,,,
2023,4,22,8,0,5.5,4.4,92.7,,,,,,,,,,,,,,,,,,,,,,,,,,,,,,,,,,,,
2023,4,22,9,0,5,4,93.47,,,,,,,,,,,,,,,,,,,,,,,,,,,,,,,,,,,,
2023,4,22,10,0,4.7,3.7,93.5,,,,,,,,,,,,,,,,,,,,,,,,,,,,,,,,,,,,
2023,4,22,11,0,4.6,3.6,93.21,,,,,,,,,,,,,,,,,,,,,,,,,,,,,,,,,,,,
2023,4,22,12,0,4.7,3.6,92.32,,,,,,,,,,,,,,,,,,,,,,,,,,,,,,,,,,,,
2023,4,22,13,0,5.3,3.9,90.85,,,,,,,,,,,,,,,,,,,,,,,,,,,,,,,,,,,,
2023,4,22,14,0,7.4,6.1,91.51,,,,,,,,,,,,,,,,,,,,,,,,,,,,,,,,,,,,
2023,4,22,15,0,9.3,7.5,88.56,,,,,,,,,,,,,,,,,,,,,,,,,,,,,,,,,,,,
2023,4,22,16,0,11.1,8.4,83.42,,,,,,,,,,,,,,,,,,,,,,,,,,,,,,,,,,,,
2023,4,22,17,0,12.1,8.3,77.74,,,,,,,,,,,,,,,,,,,,,,,,,,,,,,,,,,,,
2023,4,22,18,0,13.1,8.6,74.24,,,,,,,,,,,,,,,,,,,,,,,,,,,,,,,,,,,,
2023,4,22,19,0,13.6,9,73.84,,,,,,,,,,,,,,,,,,,,,,,,,,,,,,,,,,,,
2023,4,22,20,0,13.9,9.5,74.71,,,,,,,,,,,,,,,,,,,,,,,,,,,,,,,,,,,,
2023,4,22,21,0,14.1,10,76.21,,,,,,,,,,,,,,,,,,,,,,,,,,,,,,,,,,,,
2023,4,22,22,0,14.3,10.5,77.69,,,,,,,,,,,,,,,,,,,,,,,,,,,,,,,,,,,,
2023,4,22,23,0,14.3,11.2,81.5,,,,,,,,,,,,,,,,,,,,,,,,,,,,,,,,,,,,
2023,4,23,0,0,13.9,11.9,87.54,,,,,,,,,,,,,,,,,,,,,,,,,,,,,,,,,,,,
2023,4,23,1,0,13,11.9,92.95,,,,,,,,,,,,,,,,,,,,,,,,,,,,,,,,,,,,
2023,4,23,2,0,11.9,10.7,92.21,,,,,,,,,,,,,,,,,,,,,,,,,,,,,,,,,,,,
2023,4,23,3,0,11.2,10.2,93.43,,,,,,,,,,,,,,,,,,,,,,,,,,,,,,,,,,,,
2023,4,23,4,0,11,10,93.72,,,,,,,,,,,,,,,,,,,,,,,,,,,,,,,,,,,,
2023,4,23,5,0,10.6,9.9,95.46,,,,,,,,,,,,,,,,,,,,,,,,,,,,,,,,,,,,
2023,4,23,6,0,10.4,9.8,96.03,,,,,,,,,,,,,,,,,,,,,,,,,,,,,,,,,,,,
2023,4,23,7,0,10.2,9.6,96.2,,,,,,,,,,,,,,,,,,,,,,,,,,,,,,,,,,,,
2023,4,23,8,0,9.9,9.4,96.88,,,,,,,,,,,,,,,,,,,,,,,,,,,,,,,,,,,,
2023,4,23,9,0,9.8,9.3,96.57,,,,,,,,,,,,,,,,,,,,,,,,,,,,,,,,,,,,
2023,4,23,10,0,9.6,9.1,96.7,,,,,,,,,,,,,,,,,,,,,,,,,,,,,,,,,,,,
2023,4,23,11,0,9.5,9.1,97.12,,,,,,,,,,,,,,,,,,,,,,,,,,,,,,,,,,,,
2023,4,23,12,0,9.6,9.1,96.7,,,,,,,,,,,,,,,,,,,,,,,,,,,,,,,,,,,,
2023,4,23,13,0,9.4,9,97.1,,,,,,,,,,,,,,,,,,,,,,,,,,,,,,,,,,,,
2023,4,23,14,0,9.5,9,96.61,,,,,,,,,,,,,,,,,,,,,,,,,,,,,,,,,,,,
2023,4,23,15,0,9.5,9,96.68,,,,,,,,,,,,,,,,,,,,,,,,,,,,,,,,,,,,
2023,4,23,16,0,9.5,8.8,95.14,,,,,,,,,,,,,,,,,,,,,,,,,,,,,,,,,,,,
2023,4,23,17,0,9.7,8.3,90.97,,,,,,,,,,,,,,,,,,,,,,,,,,,,,,,,,,,,
2023,4,23,18,0,10.3,7.6,83.62,,,,,,,,,,,,,,,,,,,,,,,,,,,,,,,,,,,,
2023,4,23,19,0,10.9,7.2,78,,,,,,,,,,,,,,,,,,,,,,,,,,,,,,,,,,,,
2023,4,23,20,0,11.2,6.9,74.67,,,,,,,,,,,,,,,,,,,,,,,,,,,,,,,,,,,,
2023,4,23,21,0,10.9,6.7,75.37,,,,,,,,,,,,,,,,,,,,,,,,,,,,,,,,,,,,
2023,4,23,22,0,11,6.8,75.45,,,,,,,,,,,,,,,,,,,,,,,,,,,,,,,,,,,,
2023,4,23,23,0,10.8,6.9,76.98,,,,,,,,,,,,,,,,,,,,,,,,,,,,,,,,,,,,
2023,4,24,0,0,10.2,7.1,81.24,,,,,,,,,,,,,,,,,,,,,,,,,,,,,,,,,,,,
2023,4,24,1,0,9.4,7.3,86.74,,,,,,,,,,,,,,,,,,,,,,,,,,,,,,,,,,,,
2023,4,24,2,0,8.6,7.2,91.13,,,,,,,,,,,,,,,,,,,,,,,,,,,,,,,,,,,,
2023,4,24,3,0,7.7,6.8,93.82,,,,,,,,,,,,,,,,,,,,,,,,,,,,,,,,,,,,
2023,4,24,4,0,7.2,6.5,95.33,,,,,,,,,,,,,,,,,,,,,,,,,,,,,,,,,,,,
2023,4,24,5,0,7,6.3,95.44,,,,,,,,,,,,,,,,,,,,,,,,,,,,,,,,,,,,
2023,4,24,6,0,6.8,6.2,95.68,,,,,,,,,,,,,,,,,,,,,,,,,,,,,,,,,,,,
2023,4,24,7,0,6.6,6,95.92,,,,,,,,,,,,,,,,,,,,,,,,,,,,,,,,,,,,
2023,4,24,8,0,6.5,5.8,95.58,,,,,,,,,,,,,,,,,,,,,,,,,,,,,,,,,,,,
2023,4,24,9,0,6.3,5.7,95.98,,,,,,,,,,,,,,,,,,,,,,,,,,,,,,,,,,,,
2023,4,24,10,0,6.2,5.6,96,,,,,,,,,,,,,,,,,,,,,,,,,,,,,,,,,,,,
2023,4,24,11,0,6.1,5.5,95.9,,,,,,,,,,,,,,,,,,,,,,,,,,,,,,,,,,,,
2023,4,24,12,0,5.7,5.2,96.56,,,,,,,,,,,,,,,,,,,,,,,,,,,,,,,,,,,,
2023,4,24,13,0,5.6,5.1,96.55,,,,,,,,,,,,,,,,,,,,,,,,,,,,,,,,,,,,
2023,4,24,14,0,6.6,5.8,94.93,,,,,,,,,,,,,,,,,,,,,,,,,,,,,,,,,,,,
2023,4,24,15,0,7.4,6.2,91.9,,,,,,,,,,,,,,,,,,,,,,,,,,,,,,,,,,,,
2023,4,24,16,0,8.5,6.2,85.6,,,,,,,,,,,,,,,,,,,,,,,,,,,,,,,,,,,,
2023,4,24,17,0,9.9,6,76.81,,,,,,,,,,,,,,,,,,,,,,,,,,,,,,,,,,,,
2023,4,24,18,0,11.3,5.8,68.83,,,,,,,,,,,,,,,,,,,,,,,,,,,,,,,,,,,,
2023,4,24,19,0,12.6,5.7,62.97,,,,,,,,,,,,,,,,,,,,,,,,,,,,,,,,,,,,
2023,4,24,20,0,13.4,5.8,59.87,,,,,,,,,,,,,,,,,,,,,,,,,,,,,,,,,,,,
2023,4,24,21,0,13.9,6,58.92,,,,,,,,,,,,,,,,,,,,,,,,,,,,,,,,,,,,
2023,4,24,22,0,13.8,6.2,60.28,,,,,,,,,,,,,,,,,,,,,,,,,,,,,,,,,,,,
2023,4,24,23,0,13.5,6.6,63.02,,,,,,,,,,,,,,,,,,,,,,,,,,,,,,,,,,,,
2023,4,25,0,0,13,7,66.89,,,,,,,,,,,,,,,,,,,,,,,,,,,,,,,,,,,,
2023,4,25,1,0,12.1,8.6,78.91,,,,,,,,,,,,,,,,,,,,,,,,,,,,,,,,,,,,
2023,4,25,2,0,10.8,8.2,83.99,,,,,,,,,,,,,,,,,,,,,,,,,,,,,,,,,,,,
2023,4,25,3,0,9.5,7.3,85.98,,,,,,,,,,,,,,,,,,,,,,,,,,,,,,,,,,,,
2023,4,25,4,0,9.1,7.2,87.87,,,,,,,,,,,,,,,,,,,,,,,,,,,,,,,,,,,,
2023,4,25,5,0,8.7,7.1,89.6,,,,,,,,,,,,,,,,,,,,,,,,,,,,,,,,,,,,
2023,4,25,6,0,8.3,6.9,90.69,,,,,,,,,,,,,,,,,,,,,,,,,,,,,,,,,,,,
2023,4,25,7,0,8.2,6.7,90.54,,,,,,,,,,,,,,,,,,,,,,,,,,,,,,,,,,,,
2023,4,25,8,0,7.8,6.7,92.69,,,,,,,,,,,,,,,,,,,,,,,,,,,,,,,,,,,,
2023,4,25,9,0,7.5,6.5,93.57,,,,,,,,,,,,,,,,,,,,,,,,,,,,,,,,,,,,
2023,4,25,10,0,7.2,6.5,95.13,,,,,,,,,,,,,,,,,,,,,,,,,,,,,,,,,,,,
2023,4,25,11,0,7,6.4,95.68,,,,,,,,,,,,,,,,,,,,,,,,,,,,,,,,,,,,
2023,4,25,12,0,6.8,6.2,95.92,,,,,,,,,,,,,,,,,,,,,,,,,,,,,,,,,,,,
2023,4,25,13,0,6.8,6.1,95.49,,,,,,,,,,,,,,,,,,,,,,,,,,,,,,,,,,,,
2023,4,25,14,0,7.1,6.4,95.56,,,,,,,,,,,,,,,,,,,,,,,,,,,,,,,,,,,,
2023,4,25,15,0,7.6,6.6,93.67,,,,,,,,,,,,,,,,,,,,,,,,,,,,,,,,,,,,
2023,4,25,16,0,8.1,6.8,91.24,,,,,,,,,,,,,,,,,,,,,,,,,,,,,,,,,,,,
2023,4,25,17,0,8.9,6.9,87.21,,,,,,,,,,,,,,,,,,,,,,,,,,,,,,,,,,,,
2023,4,25,18,0,10.1,6.9,80.72,,,,,,,,,,,,,,,,,,,,,,,,,,,,,,,,,,,,
2023,4,25,19,0,11.6,6.9,72.84,,,,,,,,,,,,,,,,,,,,,,,,,,,,,,,,,,,,
2023,4,25,20,0,13,6.8,66,,,,,,,,,,,,,,,,,,,,,,,,,,,,,,,,,,,,
2023,4,25,21,0,13.7,6.7,62.84,,,,,,,,,,,,,,,,,,,,,,,,,,,,,,,,,,,,
2023,4,25,22,0,14.4,6.8,60.3,,,,,,,,,,,,,,,,,,,,,,,,,,,,,,,,,,,,
2023,4,25,23,0,14.7,6.8,59.09,,,,,,,,,,,,,,,,,,,,,,,,,,,,,,,,,,,,
2023,4,26,0,0,14.2,6.9,61.58,,,,,,,,,,,,,,,,,,,,,,,,,,,,,,,,,,,,
2023,4,26,1,0,13.2,7.4,67.95,,,,,,,,,,,,,,,,,,,,,,,,,,,,,,,,,,,,
2023,4,26,2,0,10.9,8.7,86.25,,,,,,,,,,,,,,,,,,,,,,,,,,,,,,,,,,,,
2023,4,26,3,0,8.6,6.9,89.34,,,,,,,,,,,,,,,,,,,,,,,,,,,,,,,,,,,,
2023,4,26,4,0,8.4,6.4,87.42,,,,,,,,,,,,,,,,,,,,,,,,,,,,,,,,,,,,
2023,4,26,5,0,8.5,6.1,84.96,,,,,,,,,,,,,,,,,,,,,,,,,,,,,,,,,,,,
2023,4,26,6,0,8.4,5.8,83.89,,,,,,,,,,,,,,,,,,,,,,,,,,,,,,,,,,,,
2023,4,26,7,0,8.3,5.8,84.44,,,,,,,,,,,,,,,,,,,,,,,,,,,,,,,,,,,,
2023,4,26,8,0,8.2,5.7,84.34,,,,,,,,,,,,,,,,,,,,,,,,,,,,,,,,,,,,
2023,4,26,9,0,7.8,5.6,86.06,,,,,,,,,,,,,,,,,,,,,,,,,,,,,,,,,,,,
2023,4,26,10,0,7.5,5.7,88.21,,,,,,,,,,,,,,,,,,,,,,,,,,,,,,,,,,,,
2023,4,26,11,0,7.5,5.6,87.7,,,,,,,,,,,,,,,,,,,,,,,,,,,,,,,,,,,,
2023,4,26,12,0,8.1,5.2,81.88,,,,,,,,,,,,,,,,,,,,,,,,,,,,,,,,,,,,
2023,4,26,13,0,8.7,5,77.42,,,,,,,,,,,,,,,,,,,,,,,,,,,,,,,,,,,,
2023,4,26,14,0,9.5,6,78.82,,,,,,,,,,,,,,,,,,,,,,,,,,,,,,,,,,,,
2023,4,26,15,0,11.4,7.4,76.45,,,,,,,,,,,,,,,,,,,,,,,,,,,,,,,,,,,,
2023,4,26,16,0,14.9,7.5,61.16,,,,,,,,,,,,,,,,,,,,,,,,,,,,,,,,,,,,
2023,4,26,17,0,16.7,7.9,56.09,,,,,,,,,,,,,,,,,,,,,,,,,,,,,,,,,,,,
2023,4,26,18,0,18,8.7,54.65,,,,,,,,,,,,,,,,,,,,,,,,,,,,,,,,,,,,
2023,4,26,19,0,19.2,9.6,53.76,,,,,,,,,,,,,,,,,,,,,,,,,,,,,,,,,,,,
2023,4,26,20,0,19.9,10.4,54.4,,,,,,,,,,,,,,,,,,,,,,,,,,,,,,,,,,,,
2023,4,26,21,0,19.9,11.1,56.88,,,,,,,,,,,,,,,,,,,,,,,,,,,,,,,,,,,,
2023,4,26,22,0,19.7,11.6,59.65,,,,,,,,,,,,,,,,,,,,,,,,,,,,,,,,,,,,
2023,4,26,23,0,19.1,12.1,63.93,,,,,,,,,,,,,,,,,,,,,,,,,,,,,,,,,,,,
2023,4,27,0,0,18.1,12.7,70.53,,,,,,,,,,,,,,,,,,,,,,,,,,,,,,,,,,,,
2023,4,27,1,0,16.8,13.4,80.33,,,,,,,,,,,,,,,,,,,,,,,,,,,,,,,,,,,,
2023,4,27,2,0,15.3,13,86.35,,,,,,,,,,,,,,,,,,,,,,,,,,,,,,,,,,,,
2023,4,27,3,0,14,12.3,89.24,,,,,,,,,,,,,,,,,,,,,,,,,,,,,,,,,,,,
2023,4,27,4,0,13,11.7,92.11,,,,,,,,,,,,,,,,,,,,,,,,,,,,,,,,,,,,
2023,4,27,5,0,12.1,11.1,93.52,,,,,,,,,,,,,,,,,,,,,,,,,,,,,,,,,,,,
2023,4,27,6,0,10.9,10.5,97.06,,,,,,,,,,,,,,,,,,,,,,,,,,,,,,,,,,,,
2023,4,27,7,0,10.1,9.9,98.7,,,,,,,,,,,,,,,,,,,,,,,,,,,,,,,,,,,,
2023,4,27,8,0,9.5,9.4,99.21,,,,,,,,,,,,,,,,,,,,,,,,,,,,,,,,,,,,
2023,4,27,9,0,9,8.9,99.44,,,,,,,,,,,,,,,,,,,,,,,,,,,,,,,,,,,,
2023,4,27,10,0,8.6,8.5,99.28,,,,,,,,,,,,,,,,,,,,,,,,,,,,,,,,,,,,
2023,4,27,11,0,8.2,8.1,99.25,,,,,,,,,,,,,,,,,,,,,,,,,,,,,,,,,,,,
2023,4,27,12,0,8,7.9,99,,,,,,,,,,,,,,,,,,,,,,,,,,,,,,,,,,,,
2023,4,27,13,0,8.4,7.9,96.7,,,,,,,,,,,,,,,,,,,,,,,,,,,,,,,,,,,,
2023,4,27,14,0,9.8,8.5,91.76,,,,,,,,,,,,,,,,,,,,,,,,,,,,,,,,,,,,
2023,4,27,15,0,11.3,9.2,86.82,,,,,,,,,,,,,,,,,,,,,,,,,,,,,,,,,,,,
2023,4,27,16,0,13,9.5,79.19,,,,,,,,,,,,,,,,,,,,,,,,,,,,,,,,,,,,
2023,4,27,17,0,14.6,9.3,70.47,,,,,,,,,,,,,,,,,,,,,,,,,,,,,,,,,,,,
2023,4,27,18,0,16.2,9.1,62.71,,,,,,,,,,,,,,,,,,,,,,,,,,,,,,,,,,,,
2023,4,27,19,0,17.4,8.9,57.24,,,,,,,,,,,,,,,,,,,,,,,,,,,,,,,,,,,,
2023,4,27,20,0,18.2,8.7,54.04,,,,,,,,,,,,,,,,,,,,,,,,,,,,,,,,,,,,
2023,4,27,21,0,18.7,8.8,52.43,,,,,,,,,,,,,,,,,,,,,,,,,,,,,,,,,,,,
2023,4,27,22,0,18.8,8.8,52.33,,,,,,,,,,,,,,,,,,,,,,,,,,,,,,,,,,,,
2023,4,27,23,0,18.4,9.1,54.57,,,,,,,,,,,,,,,,,,,,,,,,,,,,,,,,,,,,
2023,4,28,0,0,17.4,9.6,60.02,,,,,,,,,,,,,,,,,,,,,,,,,,,,,,,,,,,,
2023,4,28,1,0,16.1,10.4,69.17,,,,,,,,,,,,,,,,,,,,,,,,,,,,,,,,,,,,
2023,4,28,2,0,14,11.1,82.84,,,,,,,,,,,,,,,,,,,,,,,,,,,,,,,,,,,,
2023,4,28,3,0,11.5,10.1,91.33,,,,,,,,,,,,,,,,,,,,,,,,,,,,,,,,,,,,
2023,4,28,4,0,11.1,9.6,90.71,,,,,,,,,,,,,,,,,,,,,,,,,,,,,,,,,,,,
2023,4,28,5,0,11,9.3,89.33,,,,,,,,,,,,,,,,,,,,,,,,,,,,,,,,,,,,
2023,4,28,6,0,10.8,8.9,88.23,,,,,,,,,,,,,,,,,,,,,,,,,,,,,,,,,,,,
2023,4,28,7,0,10.7,8.5,86.43,,,,,,,,,,,,,,,,,,,,,,,,,,,,,,,,,,,,
2023,4,28,8,0,10.5,8.2,85.71,,,,,,,,,,,,,,,,,,,,,,,,,,,,,,,,,,,,
2023,4,28,9,0,10.3,7.9,85.11,,,,,,,,,,,,,,,,,,,,,,,,,,,,,,,,,,,,
2023,4,28,10,0,10,7.8,86.14,,,,,,,,,,,,,,,,,,,,,,,,,,,,,,,,,,,,
2023,4,28,11,0,9.6,7.7,87.85,,,,,,,,,,,,,,,,,,,,,,,,,,,,,,,,,,,,
2023,4,28,12,0,9.4,7.6,88.69,,,,,,,,,,,,,,,,,,,,,,,,,,,,,,,,,,,,
2023,4,28,13,0,9.4,7.8,89.46,,,,,,,,,,,,,,,,,,,,,,,,,,,,,,,,,,,,
2023,4,28,14,0,10.4,8.4,87.69,,,,,,,,,,,,,,,,,,,,,,,,,,,,,,,,,,,,
2023,4,28,15,0,11.9,8.8,81.22,,,,,,,,,,,,,,,,,,,,,,,,,,,,,,,,,,,,
2023,4,28,16,0,13.9,9.5,74.79,,,,,,,,,,,,,,,,,,,,,,,,,,,,,,,,,,,,
2023,4,28,17,0,17.1,10,63.14,,,,,,,,,,,,,,,,,,,,,,,,,,,,,,,,,,,,
2023,4,28,18,0,20,10.1,53.07,,,,,,,,,,,,,,,,,,,,,,,,,,,,,,,,,,,,
2023,4,28,19,0,22.1,10.3,47.06,,,,,,,,,,,,,,,,,,,,,,,,,,,,,,,,,,,,
2023,4,28,20,0,23.4,10.6,44.35,,,,,,,,,,,,,,,,,,,,,,,,,,,,,,,,,,,,
2023,4,28,21,0,24.1,11.1,44.11,,,,,,,,,,,,,,,,,,,,,,,,,,,,,,,,,,,,
2023,4,28,22,0,24.6,12.1,45.56,,,,,,,,,,,,,,,,,,,,,,,,,,,,,,,,,,,,
2023,4,28,23,0,25.5,13,45.89,,,,,,,,,,,,,,,,,,,,,,,,,,,,,,,,,,,,
2023,4,29,0,0,26.6,12.4,41.43,,,,,,,,,,,,,,,,,,,,,,,,,,,,,,,,,,,,
2023,4,29,1,0,25,13.4,48.4,,,,,,,,,,,,,,,,,,,,,,,,,,,,,,,,,,,,
2023,4,29,2,0,20.6,15.9,74.34,,,,,,,,,,,,,,,,,,,,,,,,,,,,,,,,,,,,
2023,4,29,3,0,18,13.4,74.43,,,,,,,,,,,,,,,,,,,,,,,,,,,,,,,,,,,,
2023,4,29,4,0,17.6,12.4,71.65,,,,,,,,,,,,,,,,,,,,,,,,,,,,,,,,,,,,
2023,4,29,5,0,17,11.8,71.43,,,,,,,,,,,,,,,,,,,,,,,,,,,,,,,,,,,,
2023,4,29,6,0,15.4,11.6,78.33,,,,,,,,,,,,,,,,,,,,,,,,,,,,,,,,,,,,
2023,4,29,7,0,14.5,11.5,82.02,,,,,,,,,,,,,,,,,,,,,,,,,,,,,,,,,,,,
2023,4,29,8,0,13.9,11.5,85.45,,,,,,,,,,,,,,,,,,,,,,,,,,,,,,,,,,,,
2023,4,29,9,0,13.5,11.3,86.81,,,,,,,,,,,,,,,,,,,,,,,,,,,,,,,,,,,,
2023,4,29,10,0,13.4,11.2,86.32,,,,,,,,,,,,,,,,,,,,,,,,,,,,,,,,,,,,
2023,4,29,11,0,13.1,10.8,85.75,,,,,,,,,,,,,,,,,,,,,,,,,,,,,,,,,,,,
2023,4,29,12,0,12.5,10.3,86.68,,,,,,,,,,,,,,,,,,,,,,,,,,,,,,,,,,,,
2023,4,29,13,0,12.4,10.3,87.27,,,,,,,,,,,,,,,,,,,,,,,,,,,,,,,,,,,,
2023,4,29,14,0,14.1,11.7,85.6,,,,,,,,,,,,,,,,,,,,,,,,,,,,,,,,,,,,
2023,4,29,15,0,16,11.7,75.61,,,,,,,,,,,,,,,,,,,,,,,,,,,,,,,,,,,,
2023,4,29,16,0,17.7,11.6,67.33,,,,,,,,,,,,,,,,,,,,,,,,,,,,,,,,,,,,
2023,4,29,17,0,19,11.5,61.67,,,,,,,,,,,,,,,,,,,,,,,,,,,,,,,,,,,,
2023,4,29,18,0,20.2,11.5,57.46,,,,,,,,,,,,,,,,,,,,,,,,,,,,,,,,,,,,
2023,4,29,19,0,21.3,11.6,54.06,,,,,,,,,,,,,,,,,,,,,,,,,,,,,,,,,,,,
2023,4,29,20,0,22.1,11.7,51.86,,,,,,,,,,,,,,,,,,,,,,,,,,,,,,,,,,,,
2023,4,29,21,0,22.7,11.9,50.5,,,,,,,,,,,,,,,,,,,,,,,,,,,,,,,,,,,,
2023,4,29,22,0,22.7,12.1,51.22,,,,,,,,,,,,,,,,,,,,,,,,,,,,,,,,,,,,
2023,4,29,23,0,22.3,12.5,53.88,,,,,,,,,,,,,,,,,,,,,,,,,,,,,,,,,,,,
2023,4,30,0,0,21.5,13.4,60.02,,,,,,,,,,,,,,,,,,,,,,,,,,,,,,,,,,,,
2023,4,30,1,0,20.3,14.5,69.34,,,,,,,,,,,,,,,,,,,,,,,,,,,,,,,,,,,,
2023,4,30,2,0,17.8,14.8,82.87,,,,,,,,,,,,,,,,,,,,,,,,,,,,,,,,,,,,
2023,4,30,3,0,15.4,13.1,86.36,,,,,,,,,,,,,,,,,,,,,,,,,,,,,,,,,,,,
2023,4,30,4,0,14.2,12.3,88.52,,,,,,,,,,,,,,,,,,,,,,,,,,,,,,,,,,,,
2023,4,30,5,0,13.3,11.6,89.54,,,,,,,,,,,,,,,,,,,,,,,,,,,,,,,,,,,,
2023,4,30,6,0,12.5,10.9,90.09,,,,,,,,,,,,,,,,,,,,,,,,,,,,,,,,,,,,
2023,4,30,7,0,11.7,10.2,90.33,,,,,,,,,,,,,,,,,,,,,,,,,,,,,,,,,,,,
2023,4,30,8,0,10.9,9.5,90.86,,,,,,,,,,,,,,,,,,,,,,,,,,,,,,,,,,,,
2023,4,30,9,0,10.2,8.9,91.6,,,,,,,,,,,,,,,,,,,,,,,,,,,,,,,,,,,,
2023,4,30,10,0,9.4,8.5,94.23,,,,,,,,,,,,,,,,,,,,,,,,,,,,,,,,,,,,
2023,4,30,11,0,8.9,8.3,95.99,,,,,,,,,,,,,,,,,,,,,,,,,,,,,,,,,,,,
2023,4,30,12,0,8.4,8.1,97.86,,,,,,,,,,,,,,,,,,,,,,,,,,,,,,,,,,,,
2023,4,30,13,0,8.8,8.1,95.11,,,,,,,,,,,,,,,,,,,,,,,,,,,,,,,,,,,,
2023,4,30,14,0,10.4,8.4,87.39,,,,,,,,,,,,,,,,,,,,,,,,,,,,,,,,,,,,
2023,4,30,15,0,12,8.7,80.03,,,,,,,,,,,,,,,,,,,,,,,,,,,,,,,,,,,,
2023,4,30,16,0,13.5,9.2,75.06,,,,,,,,,,,,,,,,,,,,,,,,,,,,,,,,,,,,
2023,4,30,17,0,14.6,9.4,71.15,,,,,,,,,,,,,,,,,,,,,,,,,,,,,,,,,,,,
2023,4,30,18,0,14.9,9.6,70.53,,,,,,,,,,,,,,,,,,,,,,,,,,,,,,,,,,,,
2023,4,30,19,0,14.9,9.7,71.27,,,,,,,,,,,,,,,,,,,,,,,,,,,,,,,,,,,,
2023,4,30,20,0,14.6,9.8,72.82,,,,,,,,,,,,,,,,,,,,,,,,,,,,,,,,,,,,
2023,4,30,21,0,14.9,9.8,71.35,,,,,,,,,,,,,,,,,,,,,,,,,,,,,,,,,,,,
2023,4,30,22,0,15.4,9.6,68.17,,,,,,,,,,,,,,,,,,,,,,,,,,,,,,,,,,,,
2023,4,30,23,0,15.3,9.2,67.16,,,,,,,,,,,,,,,,,,,,,,,,,,,,,,,,,,,,
2023,5,1,0,0,14.8,9.2,69,,,,,,,,,,,,,,,,,,,,,,,,,,,,,,,,,,,,
2023,5,1,1,0,14.3,9.4,72.3,,,,,,,,,,,,,,,,,,,,,,,,,,,,,,,,,,,,
2023,5,1,2,0,12.8,10.2,84.02,,,,,,,,,,,,,,,,,,,,,,,,,,,,,,,,,,,,
2023,5,1,3,0,10.5,9.2,91.45,,,,,,,,,,,,,,,,,,,,,,,,,,,,,,,,,,,,
2023,5,1,4,0,9.6,8.5,93.12,,,,,,,,,,,,,,,,,,,,,,,,,,,,,,,,,,,,
2023,5,1,5,0,9,8.1,94.17,,,,,,,,,,,,,,,,,,,,,,,,,,,,,,,,,,,,
2023,5,1,6,0,8.5,7.8,95.22,,,,,,,,,,,,,,,,,,,,,,,,,,,,,,,,,,,,
2023,5,1,7,0,8.1,7.4,95.52,,,,,,,,,,,,,,,,,,,,,,,,,,,,,,,,,,,,
2023,5,1,8,0,8,7.1,93.96,,,,,,,,,,,,,,,,,,,,,,,,,,,,,,,,,,,,
2023,5,1,9,0,8,6.8,92.37,,,,,,,,,,,,,,,,,,,,,,,,,,,,,,,,,,,,
2023,5,1,10,0,8,6.7,91.24,,,,,,,,,,,,,,,,,,,,,,,,,,,,,,,,,,,,
2023,5,1,11,0,7.9,6.5,91.15,,,,,,,,,,,,,,,,,,,,,,,,,,,,,,,,,,,,
2023,5,1,12,0,7.5,6.4,92.7,,,,,,,,,,,,,,,,,,,,,,,,,,,,,,,,,,,,
2023,5,1,13,0,7.5,6.7,94.68,,,,,,,,,,,,,,,,,,,,,,,,,,,,,,,,,,,,
2023,5,1,14,0,9.3,7.6,89.18,,,,,,,,,,,,,,,,,,,,,,,,,,,,,,,,,,,,
2023,5,1,15,0,10.7,7.7,81.95,,,,,,,,,,,,,,,,,,,,,,,,,,,,,,,,,,,,
2023,5,1,16,0,11.4,7.7,78.1,,,,,,,,,,,,,,,,,,,,,,,,,,,,,,,,,,,,
2023,5,1,17,0,11.6,7.8,77.6,,,,,,,,,,,,,,,,,,,,,,,,,,,,,,,,,,,,
2023,5,1,18,0,11.9,8,77.19,,,,,,,,,,,,,,,,,,,,,,,,,,,,,,,,,,,,
2023,5,1,19,0,12.3,8.2,76.11,,,,,,,,,,,,,,,,,,,,,,,,,,,,,,,,,,,,
2023,5,1,20,0,12.8,8.4,74.55,,,,,,,,,,,,,,,,,,,,,,,,,,,,,,,,,,,,
2023,5,1,21,0,13,8.5,74.1,,,,,,,,,,,,,,,,,,,,,,,,,,,,,,,,,,,,
2023,5,1,22,0,13,8.6,74.87,,,,,,,,,,,,,,,,,,,,,,,,,,,,,,,,,,,,
2023,5,1,23,0,12.8,8.9,77.24,,,,,,,,,,,,,,,,,,,,,,,,,,,,,,,,,,,,
2023,5,2,0,0,12.3,9.5,82.8,,,,,,,,,,,,,,,,,,,,,,,,,,,,,,,,,,,,
2023,5,2,1,0,11.8,10,88.45,,,,,,,,,,,,,,,,,,,,,,,,,,,,,,,,,,,,
2023,5,2,2,0,11.3,10.1,92.58,,,,,,,,,,,,,,,,,,,,,,,,,,,,,,,,,,,,
2023,5,2,3,0,10.3,9.5,94.74,,,,,,,,,,,,,,,,,,,,,,,,,,,,,,,,,,,,
2023,5,2,4,0,10.1,9.3,94.59,,,,,,,,,,,,,,,,,,,,,,,,,,,,,,,,,,,,
2023,5,2,5,0,10.1,9.2,94.08,,,,,,,,,,,,,,,,,,,,,,,,,,,,,,,,,,,,
2023,5,2,6,0,9.7,8.9,94.84,,,,,,,,,,,,,,,,,,,,,,,,,,,,,,,,,,,,
2023,5,2,7,0,9.3,8.7,95.83,,,,,,,,,,,,,,,,,,,,,,,,,,,,,,,,,,,,
2023,5,2,8,0,9.6,8.7,94.39,,,,,,,,,,,,,,,,,,,,,,,,,,,,,,,,,,,,
2023,5,2,9,0,9.9,9,94.09,,,,,,,,,,,,,,,,,,,,,,,,,,,,,,,,,,,,
2023,5,2,10,0,9.8,9,94.85,,,,,,,,,,,,,,,,,,,,,,,,,,,,,,,,,,,,
2023,5,2,11,0,9.4,8.9,96.43,,,,,,,,,,,,,,,,,,,,,,,,,,,,,,,,,,,,
2023,5,2,12,0,9.1,8.5,96.16,,,,,,,,,,,,,,,,,,,,,,,,,,,,,,,,,,,,
2023,5,2,13,0,9.6,8.9,95.56,,,,,,,,,,,,,,,,,,,,,,,,,,,,,,,,,,,,
2023,5,2,14,0,11,10.2,94.95,,,,,,,,,,,,,,,,,,,,,,,,,,,,,,,,,,,,
2023,5,2,15,0,12.2,10.7,90.28,,,,,,,,,,,,,,,,,,,,,,,,,,,,,,,,,,,,
2023,5,2,16,0,13.5,11,84.77,,,,,,,,,,,,,,,,,,,,,,,,,,,,,,,,,,,,
2023,5,2,17,0,15.5,11.2,75.78,,,,,,,,,,,,,,,,,,,,,,,,,,,,,,,,,,,,
2023,5,2,18,0,17.2,11.5,69.09,,,,,,,,,,,,,,,,,,,,,,,,,,,,,,,,,,,,
2023,5,2,19,0,18.3,11.7,65.56,,,,,,,,,,,,,,,,,,,,,,,,,,,,,,,,,,,,
2023,5,2,20,0,18.7,12,64.87,,,,,,,,,,,,,,,,,,,,,,,,,,,,,,,,,,,,
2023,5,2,21,0,19.1,12.2,64.45,,,,,,,,,,,,,,,,,,,,,,,,,,,,,,,,,,,,
2023,5,2,22,0,19.5,12.7,64.77,,,,,,,,,,,,,,,,,,,,,,,,,,,,,,,,,,,,
2023,5,2,23,0,19.4,13.3,67.86,,,,,,,,,,,,,,,,,,,,,,,,,,,,,,,,,,,,
2023,5,3,0,0,18.2,14.3,77.99,,,,,,,,,,,,,,,,,,,,,,,,,,,,,,,,,,,,
2023,5,3,1,0,16.5,14.3,86.99,,,,,,,,,,,,,,,,,,,,,,,,,,,,,,,,,,,,
2023,5,3,2,0,15.3,13.9,91.41,,,,,,,,,,,,,,,,,,,,,,,,,,,,,,,,,,,,
2023,5,3,3,0,14,13,93.8,,,,,,,,,,,,,,,,,,,,,,,,,,,,,,,,,,,,
2023,5,3,4,0,13.5,13,96.67,,,,,,,,,,,,,,,,,,,,,,,,,,,,,,,,,,,,
2023,5,3,5,0,13.3,13.1,98.44,,,,,,,,,,,,,,,,,,,,,,,,,,,,,,,,,,,,
2023,5,3,6,0,13.4,13.1,97.96,,,,,,,,,,,,,,,,,,,,,,,,,,,,,,,,,,,,
2023,5,3,7,0,13.4,12.9,96.75,,,,,,,,,,,,,,,,,,,,,,,,,,,,,,,,,,,,
2023,5,3,8,0,13,12.5,96.71,,,,,,,,,,,,,,,,,,,,,,,,,,,,,,,,,,,,
2023,5,3,9,0,12.4,12,97.11,,,,,,,,,,,,,,,,,,,,,,,,,,,,,,,,,,,,
2023,5,3,10,0,11.9,11.5,97.41,,,,,,,,,,,,,,,,,,,,,,,,,,,,,,,,,,,,
2023,5,3,11,0,11.3,11.1,98.61,,,,,,,,,,,,,,,,,,,,,,,,,,,,,,,,,,,,
2023,5,3,12,0,10.8,10.6,98.83,,,,,,,,,,,,,,,,,,,,,,,,,,,,,,,,,,,,
2023,5,3,13,0,11.1,10.7,97.31,,,,,,,,,,,,,,,,,,,,,,,,,,,,,,,,,,,,
2023,5,3,14,0,12.6,11.4,92.47,,,,,,,,,,,,,,,,,,,,,,,,,,,,,,,,,,,,
2023,5,3,15,0,14.2,11.7,84.73,,,,,,,,,,,,,,,,,,,,,,,,,,,,,,,,,,,,
2023,5,3,16,0,16.3,12,75.7,,,,,,,,,,,,,,,,,,,,,,,,,,,,,,,,,,,,
2023,5,3,17,0,18,12.5,70.32,,,,,,,,,,,,,,,,,,,,,,,,,,,,,,,,,,,,
2023,5,3,18,0,19.5,13.1,66.69,,,,,,,,,,,,,,,,,,,,,,,,,,,,,,,,,,,,
2023,5,3,19,0,20.7,13.7,64.05,,,,,,,,,,,,,,,,,,,,,,,,,,,,,,,,,,,,
2023,5,3,20,0,21.4,14,62.83,,,,,,,,,,,,,,,,,,,,,,,,,,,,,,,,,,,,
2023,5,3,21,0,21.7,14.3,62.9,,,,,,,,,,,,,,,,,,,,,,,,,,,,,,,,,,,,
2023,5,3,22,0,21.6,14.5,64.16,,,,,,,,,,,,,,,,,,,,,,,,,,,,,,,,,,,,
2023,5,3,23,0,21.1,14.8,67.35,,,,,,,,,,,,,,,,,,,,,,,,,,,,,,,,,,,,
2023,5,4,0,0,20.7,15.6,72.72,,,,,,,,,,,,,,,,,,,,,,,,,,,,,,,,,,,,
2023,5,4,1,0,19.9,16.4,80.07,,,,,,,,,,,,,,,,,,,,,,,,,,,,,,,,,,,,
2023,5,4,2,0,18.2,15.8,85.9,,,,,,,,,,,,,,,,,,,,,,,,,,,,,,,,,,,,
2023,5,4,3,0,16,14.5,90.91,,,,,,,,,,,,,,,,,,,,,,,,,,,,,,,,,,,,
2023,5,4,4,0,14.6,13.7,94.59,,,,,,,,,,,,,,,,,,,,,,,,,,,,,,,,,,,,
2023,5,4,5,0,13.9,13.1,94.74,,,,,,,,,,,,,,,,,,,,,,,,,,,,,,,,,,,,
2023,5,4,6,0,13.1,12.2,94.55,,,,,,,,,,,,,,,,,,,,,,,,,,,,,,,,,,,,
2023,5,4,7,0,12.4,11.5,94.35,,,,,,,,,,,,,,,,,,,,,,,,,,,,,,,,,,,,
2023,5,4,8,0,11.9,11,94.26,,,,,,,,,,,,,,,,,,,,,,,,,,,,,,,,,,,,
2023,5,4,9,0,11.6,10.7,94.41,,,,,,,,,,,,,,,,,,,,,,,,,,,,,,,,,,,,
2023,5,4,10,0,11.3,10.5,95.13,,,,,,,,,,,,,,,,,,,,,,,,,,,,,,,,,,,,
2023,5,4,11,0,10.9,10.2,95.52,,,,,,,,,,,,,,,,,,,,,,,,,,,,,,,,,,,,
2023,5,4,12,0,10.4,9.8,96.31,,,,,,,,,,,,,,,,,,,,,,,,,,,,,,,,,,,,
2023,5,4,13,0,10.5,9.8,95.68,,,,,,,,,,,,,,,,,,,,,,,,,,,,,,,,,,,,
2023,5,4,14,0,11.2,10.3,94.42,,,,,,,,,,,,,,,,,,,,,,,,,,,,,,,,,,,,
2023,5,4,15,0,12.2,11,92.09,,,,,,,,,,,,,,,,,,,,,,,,,,,,,,,,,,,,
2023,5,4,16,0,12.7,11.2,90.67,,,,,,,,,,,,,,,,,,,,,,,,,,,,,,,,,,,,
2023,5,4,17,0,13,11.4,89.83,,,,,,,,,,,,,,,,,,,,,,,,,,,,,,,,,,,,
2023,5,4,18,0,13.4,11.5,88.19,,,,,,,,,,,,,,,,,,,,,,,,,,,,,,,,,,,,
2023,5,4,19,0,14.6,11.8,83.56,,,,,,,,,,,,,,,,,,,,,,,,,,,,,,,,,,,,
2023,5,4,20,0,14.4,11.8,84.14,,,,,,,,,,,,,,,,,,,,,,,,,,,,,,,,,,,,
2023,5,4,21,0,13.5,11.7,88.62,,,,,,,,,,,,,,,,,,,,,,,,,,,,,,,,,,,,
2023,5,4,22,0,13.2,11.3,88.41,,,,,,,,,,,,,,,,,,,,,,,,,,,,,,,,,,,,
2023,5,4,23,0,12.8,10.9,88.35,,,,,,,,,,,,,,,,,,,,,,,,,,,,,,,,,,,,
2023,5,5,0,0,12,10.5,90.64,,,,,,,,,,,,,,,,,,,,,,,,,,,,,,,,,,,,
2023,5,5,1,0,11.3,10.1,92.24,,,,,,,,,,,,,,,,,,,,,,,,,,,,,,,,,,,,
2023,5,5,2,0,10.7,9.7,93.49,,,,,,,,,,,,,,,,,,,,,,,,,,,,,,,,,,,,
2023,5,5,3,0,10.2,9.3,94.37,,,,,,,,,,,,,,,,,,,,,,,,,,,,,,,,,,,,
2023,5,5,4,0,9.9,9.1,94.61,,,,,,,,,,,,,,,,,,,,,,,,,,,,,,,,,,,,
2023,5,5,5,0,9.6,8.8,94.98,,,,,,,,,,,,,,,,,,,,,,,,,,,,,,,,,,,,
2023,5,5,6,0,9.4,8.6,94.78,,,,,,,,,,,,,,,,,,,,,,,,,,,,,,,,,,,,
2023,5,5,7,0,9.1,8.3,94.97,,,,,,,,,,,,,,,,,,,,,,,,,,,,,,,,,,,,
2023,5,5,8,0,8.6,7.9,95.28,,,,,,,,,,,,,,,,,,,,,,,,,,,,,,,,,,,,
2023,5,5,9,0,7.8,6.9,94.08,,,,,,,,,,,,,,,,,,,,,,,,,,,,,,,,,,,,
2023,5,5,10,0,7.6,6.7,94.14,,,,,,,,,,,,,,,,,,,,,,,,,,,,,,,,,,,,
2023,5,5,11,0,7.7,6.9,94.51,,,,,,,,,,,,,,,,,,,,,,,,,,,,,,,,,,,,
2023,5,5,12,0,7.8,7.1,95.09,,,,,,,,,,,,,,,,,,,,,,,,,,,,,,,,,,,,
2023,5,5,13,0,8.1,7.4,95.46,,,,,,,,,,,,,,,,,,,,,,,,,,,,,,,,,,,,
2023,5,5,14,0,8.8,8,94.57,,,,,,,,,,,,,,,,,,,,,,,,,,,,,,,,,,,,
2023,5,5,15,0,9.3,8.4,94.12,,,,,,,,,,,,,,,,,,,,,,,,,,,,,,,,,,,,
2023,5,5,16,0,9.7,8.5,92.25,,,,,,,,,,,,,,,,,,,,,,,,,,,,,,,,,,,,
2023,5,5,17,0,10.4,8.4,87.49,,,,,,,,,,,,,,,,,,,,,,,,,,,,,,,,,,,,
2023,5,5,18,0,11.1,8.2,82.48,,,,,,,,,,,,,,,,,,,,,,,,,,,,,,,,,,,,
2023,5,5,19,0,11.7,8.2,78.98,,,,,,,,,,,,,,,,,,,,,,,,,,,,,,,,,,,,
2023,5,5,20,0,12.2,8.2,76.73,,,,,,,,,,,,,,,,,,,,,,,,,,,,,,,,,,,,
2023,5,5,21,0,12.5,8.3,75.76,,,,,,,,,,,,,,,,,,,,,,,,,,,,,,,,,,,,
2023,5,5,22,0,12.6,8.5,75.98,,,,,,,,,,,,,,,,,,,,,,,,,,,,,,,,,,,,
2023,5,5,23,0,12.5,8.6,77.28,,,,,,,,,,,,,,,,,,,,,,,,,,,,,,,,,,,,
2023,5,6,0,0,12.1,8.7,79.81,,,,,,,,,,,,,,,,,,,,,,,,,,,,,,,,,,,,
2023,5,6,1,0,11.3,8.9,84.97,,,,,,,,,,,,,,,,,,,,,,,,,,,,,,,,,,,,
2023,5,6,2,0,10.4,9.1,91.63,,,,,,,,,,,,,,,,,,,,,,,,,,,,,,,,,,,,
2023,5,6,3,0,9.7,8.9,94.87,,,,,,,,,,,,,,,,,,,,,,,,,,,,,,,,,,,,
2023,5,6,4,0,9.4,8.7,95.34,,,,,,,,,,,,,,,,,,,,,,,,,,,,,,,,,,,,
2023,5,6,5,0,9.1,8.5,95.77,,,,,,,,,,,,,,,,,,,,,,,,,,,,,,,,,,,,
2023,5,6,6,0,8.6,8.1,96.73,,,,,,,,,,,,,,,,,,,,,,,,,,,,,,,,,,,,
2023,5,6,7,0,8.3,7.8,96.59,,,,,,,,,,,,,,,,,,,,,,,,,,,,,,,,,,,,
2023,5,6,8,0,8.1,7.6,96.41,,,,,,,,,,,,,,,,,,,,,,,,,,,,,,,,,,,,
2023,5,6,9,0,7.9,7.4,96.6,,,,,,,,,,,,,,,,,,,,,,,,,,,,,,,,,,,,
2023,5,6,10,0,7.9,7.3,96.04,,,,,,,,,,,,,,,,,,,,,,,,,,,,,,,,,,,,
2023,5,6,11,0,7.7,7.1,96.25,,,,,,,,,,,,,,,,,,,,,,,,,,,,,,,,,,,,
2023,5,6,12,0,7.5,6.9,96.11,,,,,,,,,,,,,,,,,,,,,,,,,,,,,,,,,,,,
2023,5,6,13,0,7.8,7.2,95.8,,,,,,,,,,,,,,,,,,,,,,,,,,,,,,,,,,,,
2023,5,6,14,0,8.5,7.8,95.38,,,,,,,,,,,,,,,,,,,,,,,,,,,,,,,,,,,,
2023,5,6,15,0,9.5,8.5,93.18,,,,,,,,,,,,,,,,,,,,,,,,,,,,,,,,,,,,
2023,5,6,16,0,10.6,8.7,88.15,,,,,,,,,,,,,,,,,,,,,,,,,,,,,,,,,,,,
2023,5,6,17,0,12.2,8.6,78.9,,,,,,,,,,,,,,,,,,,,,,,,,,,,,,,,,,,,
2023,5,6,18,0,13.5,8.3,70.67,,,,,,,,,,,,,,,,,,,,,,,,,,,,,,,,,,,,
2023,5,6,19,0,14.4,8.3,66.84,,,,,,,,,,,,,,,,,,,,,,,,,,,,,,,,,,,,
2023,5,6,20,0,14.8,8.5,66.18,,,,,,,,,,,,,,,,,,,,,,,,,,,,,,,,,,,,
2023,5,6,21,0,15,8.8,66.66,,,,,,,,,,,,,,,,,,,,,,,,,,,,,,,,,,,,
2023,5,6,22,0,15.1,9.2,67.86,,,,,,,,,,,,,,,,,,,,,,,,,,,,,,,,,,,,
2023,5,6,23,0,14.9,9.6,70.6,,,,,,,,,,,,,,,,,,,,,,,,,,,,,,,,,,,,
2023,5,7,0,0,14.5,10.4,76.29,,,,,,,,,,,,,,,,,,,,,,,,,,,,,,,,,,,,
2023,5,7,1,0,13.9,11,82.92,,,,,,,,,,,,,,,,,,,,,,,,,,,,,,,,,,,,
2023,5,7,2,0,12.7,11.3,90.9,,,,,,,,,,,,,,,,,,,,,,,,,,,,,,,,,,,,
2023,5,7,3,0,11.3,10.3,93.86,,,,,,,,,,,,,,,,,,,,,,,,,,,,,,,,,,,,
2023,5,7,4,0,10.6,9.8,94.64,,,,,,,,,,,,,,,,,,,,,,,,,,,,,,,,,,,,
2023,5,7,5,0,10.2,9.3,94.45,,,,,,,,,,,,,,,,,,,,,,,,,,,,,,,,,,,,
2023,5,7,6,0,9.8,9,95.02,,,,,,,,,,,,,,,,,,,,,,,,,,,,,,,,,,,,
2023,5,7,7,0,9.3,8.6,95.67,,,,,,,,,,,,,,,,,,,,,,,,,,,,,,,,,,,,
2023,5,7,8,0,8.6,8,96.28,,,,,,,,,,,,,,,,,,,,,,,,,,,,,,,,,,,,
2023,5,7,9,0,8,7.5,96.96,,,,,,,,,,,,,,,,,,,,,,,,,,,,,,,,,,,,
2023,5,7,10,0,7.8,7.3,96.89,,,,,,,,,,,,,,,,,,,,,,,,,,,,,,,,,,,,
2023,5,7,11,0,7.6,7.2,97.29,,,,,,,,,,,,,,,,,,,,,,,,,,,,,,,,,,,,
2023,5,7,12,0,7.4,7,97.12,,,,,,,,,,,,,,,,,,,,,,,,,,,,,,,,,,,,
2023,5,7,13,0,8.1,7.5,96.06,,,,,,,,,,,,,,,,,,,,,,,,,,,,,,,,,,,,
2023,5,7,14,0,9.3,8.5,94.71,,,,,,,,,,,,,,,,,,,,,,,,,,,,,,,,,,,,
2023,5,7,15,0,10.2,8.8,90.94,,,,,,,,,,,,,,,,,,,,,,,,,,,,,,,,,,,,
2023,5,7,16,0,11.3,8.4,82.56,,,,,,,,,,,,,,,,,,,,,,,,,,,,,,,,,,,,
2023,5,7,17,0,12.8,8.1,73.01,,,,,,,,,,,,,,,,,,,,,,,,,,,,,,,,,,,,
2023,5,7,18,0,14.1,7.7,65.44,,,,,,,,,,,,,,,,,,,,,,,,,,,,,,,,,,,,
2023,5,7,19,0,14.8,7.5,61.56,,,,,,,,,,,,,,,,,,,,,,,,,,,,,,,,,,,,
2023,5,7,20,0,15.5,7.4,58.68,,,,,,,,,,,,,,,,,,,,,,,,,,,,,,,,,,,,
2023,5,7,21,0,15.8,7.4,57.49,,,,,,,,,,,,,,,,,,,,,,,,,,,,,,,,,,,,
2023,5,7,22,0,15.7,7.5,58.05,,,,,,,,,,,,,,,,,,,,,,,,,,,,,,,,,,,,
2023,5,7,23,0,15.6,7.6,59.1,,,,,,,,,,,,,,,,,,,,,,,,,,,,,,,,,,,,
2023,5,8,0,0,14.9,8.1,63.7,,,,,,,,,,,,,,,,,,,,,,,,,,,,,,,,,,,,
2023,5,8,1,0,14.5,9.1,70.08,,,,,,,,,,,,,,,,,,,,,,,,,,,,,,,,,,,,
2023,5,8,2,0,13.3,9.9,80.01,,,,,,,,,,,,,,,,,,,,,,,,,,,,,,,,,,,,
2023,5,8,3,0,12,9.2,83.01,,,,,,,,,,,,,,,,,,,,,,,,,,,,,,,,,,,,
2023,5,8,4,0,11.2,9.3,87.84,,,,,,,,,,,,,,,,,,,,,,,,,,,,,,,,,,,,
2023,5,8,5,0,10.6,9.2,91.07,,,,,,,,,,,,,,,,,,,,,,,,,,,,,,,,,,,,
2023,5,8,6,0,10.3,9.2,92.92,,,,,,,,,,,,,,,,,,,,,,,,,,,,,,,,,,,,
2023,5,8,7,0,10.1,9.2,94.31,,,,,,,,,,,,,,,,,,,,,,,,,,,,,,,,,,,,
2023,5,8,8,0,9.9,9,94.42,,,,,,,,,,,,,,,,,,,,,,,,,,,,,,,,,,,,
2023,5,8,9,0,9.4,8.7,95.18,,,,,,,,,,,,,,,,,,,,,,,,,,,,,,,,,,,,
2023,5,8,10,0,8.9,8.3,95.85,,,,,,,,,,,,,,,,,,,,,,,,,,,,,,,,,,,,
2023,5,8,11,0,8.6,8,95.73,,,,,,,,,,,,,,,,,,,,,,,,,,,,,,,,,,,,
2023,5,8,12,0,8,7.4,95.71,,,,,,,,,,,,,,,,,,,,,,,,,,,,,,,,,,,,
2023,5,8,13,0,8.2,7.5,95.5,,,,,,,,,,,,,,,,,,,,,,,,,,,,,,,,,,,,
2023,5,8,14,0,9.6,8.6,93.22,,,,,,,,,,,,,,,,,,,,,,,,,,,,,,,,,,,,
2023,5,8,15,0,11.1,9.2,88.14,,,,,,,,,,,,,,,,,,,,,,,,,,,,,,,,,,,,
2023,5,8,16,0,12.7,9.1,78.89,,,,,,,,,,,,,,,,,,,,,,,,,,,,,,,,,,,,
2023,5,8,17,0,14.3,8.8,69.36,,,,,,,,,,,,,,,,,,,,,,,,,,,,,,,,,,,,
2023,5,8,18,0,15.4,8.7,64.2,,,,,,,,,,,,,,,,,,,,,,,,,,,,,,,,,,,,
2023,5,8,19,0,15.9,8.8,62.62,,,,,,,,,,,,,,,,,,,,,,,,,,,,,,,,,,,,
2023,5,8,20,0,15.9,9,63.46,,,,,,,,,,,,,,,,,,,,,,,,,,,,,,,,,,,,
2023,5,8,21,0,15.8,9.2,64.82,,,,,,,,,,,,,,,,,,,,,,,,,,,,,,,,,,,,
2023,5,8,22,0,15.8,9.4,65.65,,,,,,,,,,,,,,,,,,,,,,,,,,,,,,,,,,,,
2023,5,8,23,0,15.5,9.7,68.35,,,,,,,,,,,,,,,,,,,,,,,,,,,,,,,,,,,,
2023,5,9,0,0,15.2,10.3,72.42,,,,,,,,,,,,,,,,,,,,,,,,,,,,,,,,,,,,
2023,5,9,1,0,15.3,11.4,77.35,,,,,,,,,,,,,,,,,,,,,,,,,,,,,,,,,,,,
2023,5,9,2,0,13.8,11.7,87.03,,,,,,,,,,,,,,,,,,,,,,,,,,,,,,,,,,,,
2023,5,9,3,0,12.4,10.4,87.45,,,,,,,,,,,,,,,,,,,,,,,,,,,,,,,,,,,,
2023,5,9,4,0,11.8,9.8,87.27,,,,,,,,,,,,,,,,,,,,,,,,,,,,,,,,,,,,
2023,5,9,5,0,11.5,9.5,87.35,,,,,,,,,,,,,,,,,,,,,,,,,,,,,,,,,,,,
2023,5,9,6,0,11.1,9.3,88.71,,,,,,,,,,,,,,,,,,,,,,,,,,,,,,,,,,,,
2023,5,9,7,0,10.7,9.1,90.11,,,,,,,,,,,,,,,,,,,,,,,,,,,,,,,,,,,,
2023,5,9,8,0,10.2,9,92.39,,,,,,,,,,,,,,,,,,,,,,,,,,,,,,,,,,,,
2023,5,9,9,0,9.9,9.1,94.59,,,,,,,,,,,,,,,,,,,,,,,,,,,,,,,,,,,,
2023,5,9,10,0,9.7,9,95.42,,,,,,,,,,,,,,,,,,,,,,,,,,,,,,,,,,,,
2023,5,9,11,0,9.5,8.7,94.76,,,,,,,,,,,,,,,,,,,,,,,,,,,,,,,,,,,,
2023,5,9,12,0,9.2,8.4,94.66,,,,,,,,,,,,,,,,,,,,,,,,,,,,,,,,,,,,
2023,5,9,13,0,9.1,8.3,94.7,,,,,,,,,,,,,,,,,,,,,,,,,,,,,,,,,,,,
2023,5,9,14,0,9.8,8.9,94.11,,,,,,,,,,,,,,,,,,,,,,,,,,,,,,,,,,,,
2023,5,9,15,0,11,9.1,88.1,,,,,,,,,,,,,,,,,,,,,,,,,,,,,,,,,,,,
2023,5,9,16,0,11.6,9.1,84.7,,,,,,,,,,,,,,,,,,,,,,,,,,,,,,,,,,,,
2023,5,9,17,0,12.2,8.3,77.33,,,,,,,,,,,,,,,,,,,,,,,,,,,,,,,,,,,,
2023,5,9,18,0,13.5,8.2,70.31,,,,,,,,,,,,,,,,,,,,,,,,,,,,,,,,,,,,
2023,5,9,19,0,15,8.3,64.33,,,,,,,,,,,,,,,,,,,,,,,,,,,,,,,,,,,,
2023,5,9,20,0,15.9,8.3,60.77,,,,,,,,,,,,,,,,,,,,,,,,,,,,,,,,,,,,
2023,5,9,21,0,16.6,8.5,58.62,,,,,,,,,,,,,,,,,,,,,,,,,,,,,,,,,,,,
2023,5,9,22,0,16.9,8.6,57.93,,,,,,,,,,,,,,,,,,,,,,,,,,,,,,,,,,,,
2023,5,9,23,0,16.7,8.6,58.77,,,,,,,,,,,,,,,,,,,,,,,,,,,,,,,,,,,,
2023,5,10,0,0,16.2,8.9,62.04,,,,,,,,,,,,,,,,,,,,,,,,,,,,,,,,,,,,
2023,5,10,1,0,15.6,9.9,69.02,,,,,,,,,,,,,,,,,,,,,,,,,,,,,,,,,,,,
2023,5,10,2,0,14.4,11.7,83.81,,,,,,,,,,,,,,,,,,,,,,,,,,,,,,,,,,,,
2023,5,10,3,0,12.2,10.2,87.4,,,,,,,,,,,,,,,,,,,,,,,,,,,,,,,,,,,,
2023,5,10,4,0,11.2,9.1,87.06,,,,,,,,,,,,,,,,,,,,,,,,,,,,,,,,,,,,
2023,5,10,5,0,10.5,8.7,88.85,,,,,,,,,,,,,,,,,,,,,,,,,,,,,,,,,,,,
2023,5,10,6,0,9.9,8.4,90.6,,,,,,,,,,,,,,,,,,,,,,,,,,,,,,,,,,,,
2023,5,10,7,0,9.3,8.1,92.36,,,,,,,,,,,,,,,,,,,,,,,,,,,,,,,,,,,,
2023,5,10,8,0,8.8,7.9,94.03,,,,,,,,,,,,,,,,,,,,,,,,,,,,,,,,,,,,
2023,5,10,9,0,8.3,7.7,95.79,,,,,,,,,,,,,,,,,,,,,,,,,,,,,,,,,,,,
2023,5,10,10,0,7.7,7.3,97.64,,,,,,,,,,,,,,,,,,,,,,,,,,,,,,,,,,,,
2023,5,10,11,0,7.2,7,98.79,,,,,,,,,,,,,,,,,,,,,,,,,,,,,,,,,,,,
2023,5,10,12,0,7,6.7,97.95,,,,,,,,,,,,,,,,,,,,,,,,,,,,,,,,,,,,
2023,5,10,13,0,8.2,7.2,93.69,,,,,,,,,,,,,,,,,,,,,,,,,,,,,,,,,,,,
2023,5,10,14,0,10.7,8.6,86.77,,,,,,,,,,,,,,,,,,,,,,,,,,,,,,,,,,,,
2023,5,10,15,0,12.9,8.9,76.55,,,,,,,,,,,,,,,,,,,,,,,,,,,,,,,,,,,,
2023,5,10,16,0,14.9,9,67.91,,,,,,,,,,,,,,,,,,,,,,,,,,,,,,,,,,,,
2023,5,10,17,0,16.5,9.1,61.77,,,,,,,,,,,,,,,,,,,,,,,,,,,,,,,,,,,,
2023,5,10,18,0,17.7,9.3,57.88,,,,,,,,,,,,,,,,,,,,,,,,,,,,,,,,,,,,
2023,5,10,19,0,18.6,9.5,55.31,,,,,,,,,,,,,,,,,,,,,,,,,,,,,,,,,,,,
2023,5,10,20,0,19.4,9.6,53.16,,,,,,,,,,,,,,,,,,,,,,,,,,,,,,,,,,,,
2023,5,10,21,0,20,9.7,51.4,,,,,,,,,,,,,,,,,,,,,,,,,,,,,,,,,,,,
2023,5,10,22,0,20.4,9.7,50.18,,,,,,,,,,,,,,,,,,,,,,,,,,,,,,,,,,,,
2023,5,10,23,0,20.4,9.8,50.64,,,,,,,,,,,,,,,,,,,,,,,,,,,,,,,,,,,,
2023,5,11,0,0,19.9,10.3,53.88,,,,,,,,,,,,,,,,,,,,,,,,,,,,,,,,,,,,
2023,5,11,1,0,20.1,11.6,57.9,,,,,,,,,,,,,,,,,,,,,,,,,,,,,,,,,,,,
2023,5,11,2,0,18.5,12.2,66.9,,,,,,,,,,,,,,,,,,,,,,,,,,,,,,,,,,,,
2023,5,11,3,0,16.7,10.1,65.04,,,,,,,,,,,,,,,,,,,,,,,,,,,,,,,,,,,,
2023,5,11,4,0,15.8,9.7,67.28,,,,,,,,,,,,,,,,,,,,,,,,,,,,,,,,,,,,
2023,5,11,5,0,15.2,9.7,69.93,,,,,,,,,,,,,,,,,,,,,,,,,,,,,,,,,,,,
2023,5,11,6,0,14.4,9.8,73.79,,,,,,,,,,,,,,,,,,,,,,,,,,,,,,,,,,,,
2023,5,11,7,0,13.5,9.8,78.28,,,,,,,,,,,,,,,,,,,,,,,,,,,,,,,,,,,,
2023,5,11,8,0,12.7,9.8,82.52,,,,,,,,,,,,,,,,,,,,,,,,,,,,,,,,,,,,
2023,5,11,9,0,11.9,9.7,86.57,,,,,,,,,,,,,,,,,,,,,,,,,,,,,,,,,,,,
2023,5,11,10,0,10.9,9.6,91.69,,,,,,,,,,,,,,,,,,,,,,,,,,,,,,,,,,,,
2023,5,11,11,0,10.3,9.4,94.46,,,,,,,,,,,,,,,,,,,,,,,,,,,,,,,,,,,,
2023,5,11,12,0,9.8,9.2,96.22,,,,,,,,,,,,,,,,,,,,,,,,,,,,,,,,,,,,
2023,5,11,13,0,10.2,9.6,96.36,,,,,,,,,,,,,,,,,,,,,,,,,,,,,,,,,,,,
2023,5,11,14,0,12.3,10.8,90.69,,,,,,,,,,,,,,,,,,,,,,,,,,,,,,,,,,,,
2023,5,11,15,0,14.4,10.7,78.59,,,,,,,,,,,,,,,,,,,,,,,,,,,,,,,,,,,,
2023,5,11,16,0,16.5,10.6,68.27,,,,,,,,,,,,,,,,,,,,,,,,,,,,,,,,,,,,
2023,5,11,17,0,18.1,10.7,61.88,,,,,,,,,,,,,,,,,,,,,,,,,,,,,,,,,,,,
2023,5,11,18,0,19.4,10.8,57.5,,,,,,,,,,,,,,,,,,,,,,,,,,,,,,,,,,,,
2023,5,11,19,0,20.3,10.8,54.56,,,,,,,,,,,,,,,,,,,,,,,,,,,,,,,,,,,,
2023,5,11,20,0,20.9,10.9,52.64,,,,,,,,,,,,,,,,,,,,,,,,,,,,,,,,,,,,
2023,5,11,21,0,21.4,10.8,50.99,,,,,,,,,,,,,,,,,,,,,,,,,,,,,,,,,,,,
2023,5,11,22,0,21.3,10.8,51.16,,,,,,,,,,,,,,,,,,,,,,,,,,,,,,,,,,,,
2023,5,11,23,0,20.8,11.1,53.95,,,,,,,,,,,,,,,,,,,,,,,,,,,,,,,,,,,,
2023,5,12,0,0,20.3,12.3,60.15,,,,,,,,,,,,,,,,,,,,,,,,,,,,,,,,,,,,
2023,5,12,1,0,19.7,13.6,67.74,,,,,,,,,,,,,,,,,,,,,,,,,,,,,,,,,,,,
2023,5,12,2,0,17.9,14.6,81.22,,,,,,,,,,,,,,,,,,,,,,,,,,,,,,,,,,,,
2023,5,12,3,0,15.2,12.6,84.61,,,,,,,,,,,,,,,,,,,,,,,,,,,,,,,,,,,,
2023,5,12,4,0,14.1,11.8,85.81,,,,,,,,,,,,,,,,,,,,,,,,,,,,,,,,,,,,
2023,5,12,5,0,13.5,11.4,87.33,,,,,,,,,,,,,,,,,,,,,,,,,,,,,,,,,,,,
2023,5,12,6,0,13,11.2,88.77,,,,,,,,,,,,,,,,,,,,,,,,,,,,,,,,,,,,
2023,5,12,7,0,12.8,11.1,89.27,,,,,,,,,,,,,,,,,,,,,,,,,,,,,,,,,,,,
2023,5,12,8,0,12.6,10.8,88.6,,,,,,,,,,,,,,,,,,,,,,,,,,,,,,,,,,,,
2023,5,12,9,0,12.2,10.2,87.79,,,,,,,,,,,,,,,,,,,,,,,,,,,,,,,,,,,,
2023,5,12,10,0,11.6,9.6,87.47,,,,,,,,,,,,,,,,,,,,,,,,,,,,,,,,,,,,
2023,5,12,11,0,11,8.9,87.07,,,,,,,,,,,,,,,,,,,,,,,,,,,,,,,,,,,,
2023,5,12,12,0,10.5,8.4,86.79,,,,,,,,,,,,,,,,,,,,,,,,,,,,,,,,,,,,
2023,5,12,13,0,11.3,9.3,87.32,,,,,,,,,,,,,,,,,,,,,,,,,,,,,,,,,,,,
2023,5,12,14,0,14.1,11.2,82.62,,,,,,,,,,,,,,,,,,,,,,,,,,,,,,,,,,,,
2023,5,12,15,0,16.8,11.2,69.61,,,,,,,,,,,,,,,,,,,,,,,,,,,,,,,,,,,,
2023,5,12,16,0,19.8,11.3,57.81,,,,,,,,,,,,,,,,,,,,,,,,,,,,,,,,,,,,
2023,5,12,17,0,22.1,10.9,49.08,,,,,,,,,,,,,,,,,,,,,,,,,,,,,,,,,,,,
2023,5,12,18,0,23.5,10.8,44.65,,,,,,,,,,,,,,,,,,,,,,,,,,,,,,,,,,,,
2023,5,12,19,0,24.7,10.7,41.26,,,,,,,,,,,,,,,,,,,,,,,,,,,,,,,,,,,,
2023,5,12,20,0,25.6,10.8,39.38,,,,,,,,,,,,,,,,,,,,,,,,,,,,,,,,,,,,
2023,5,12,21,0,25.9,11.3,40.02,,,,,,,,,,,,,,,,,,,,,,,,,,,,,,,,,,,,
2023,5,12,22,0,25.6,12.2,43.25,,,,,,,,,,,,,,,,,,,,,,,,,,,,,,,,,,,,
2023,5,12,23,0,24.9,13.5,49.11,,,,,,,,,,,,,,,,,,,,,,,,,,,,,,,,,,,,
2023,5,13,0,0,24.1,15,56.93,,,,,,,,,,,,,,,,,,,,,,,,,,,,,,,,,,,,
2023,5,13,1,0,22.9,16.1,65.65,,,,,,,,,,,,,,,,,,,,,,,,,,,,,,,,,,,,
2023,5,13,2,0,20.5,16.8,79.1,,,,,,,,,,,,,,,,,,,,,,,,,,,,,,,,,,,,
2023,5,13,3,0,18,15.3,84.39,,,,,,,,,,,,,,,,,,,,,,,,,,,,,,,,,,,,
2023,5,13,4,0,16.9,14.4,85.22,,,,,,,,,,,,,,,,,,,,,,,,,,,,,,,,,,,,
2023,5,13,5,0,16.3,13.8,84.95,,,,,,,,,,,,,,,,,,,,,,,,,,,,,,,,,,,,
2023,5,13,6,0,16,13,82.44,,,,,,,,,,,,,,,,,,,,,,,,,,,,,,,,,,,,
2023,5,13,7,0,15.8,12.2,79.16,,,,,,,,,,,,,,,,,,,,,,,,,,,,,,,,,,,,
2023,5,13,8,0,15.6,11.4,76.17,,,,,,,,,,,,,,,,,,,,,,,,,,,,,,,,,,,,
2023,5,13,9,0,15,10.8,76.1,,,,,,,,,,,,,,,,,,,,,,,,,,,,,,,,,,,,
2023,5,13,10,0,13.9,10.4,79.6,,,,,,,,,,,,,,,,,,,,,,,,,,,,,,,,,,,,
2023,5,13,11,0,13,10,82.02,,,,,,,,,,,,,,,,,,,,,,,,,,,,,,,,,,,,
2023,5,13,12,0,12.2,9.6,84.17,,,,,,,,,,,,,,,,,,,,,,,,,,,,,,,,,,,,
2023,5,13,13,0,13,10.5,84.76,,,,,,,,,,,,,,,,,,,,,,,,,,,,,,,,,,,,
2023,5,13,14,0,15.5,11.9,79.32,,,,,,,,,,,,,,,,,,,,,,,,,,,,,,,,,,,,
2023,5,13,15,0,17.7,12.3,70.77,,,,,,,,,,,,,,,,,,,,,,,,,,,,,,,,,,,,
2023,5,13,16,0,20.2,13.4,65.04,,,,,,,,,,,,,,,,,,,,,,,,,,,,,,,,,,,,
2023,5,13,17,0,22.6,13.9,57.87,,,,,,,,,,,,,,,,,,,,,,,,,,,,,,,,,,,,
2023,5,13,18,0,24.5,14.2,52.69,,,,,,,,,,,,,,,,,,,,,,,,,,,,,,,,,,,,
2023,5,13,19,0,26,14.3,48.55,,,,,,,,,,,,,,,,,,,,,,,,,,,,,,,,,,,,
2023,5,13,20,0,27,14.3,45.82,,,,,,,,,,,,,,,,,,,,,,,,,,,,,,,,,,,,
2023,5,13,21,0,27.5,14.4,44.8,,,,,,,,,,,,,,,,,,,,,,,,,,,,,,,,,,,,
2023,5,13,22,0,27.5,15,46.34,,,,,,,,,,,,,,,,,,,,,,,,,,,,,,,,,,,,
2023,5,13,23,0,27.7,15.3,46.74,,,,,,,,,,,,,,,,,,,,,,,,,,,,,,,,,,,,
2023,5,14,0,0,27.5,15.1,46.71,,,,,,,,,,,,,,,,,,,,,,,,,,,,,,,,,,,,
2023,5,14,1,0,25.4,15.6,54.5,,,,,,,,,,,,,,,,,,,,,,,,,,,,,,,,,,,,
2023,5,14,2,0,22.1,17.7,76.24,,,,,,,,,,,,,,,,,,,,,,,,,,,,,,,,,,,,
2023,5,14,3,0,19.4,16.3,82.36,,,,,,,,,,,,,,,,,,,,,,,,,,,,,,,,,,,,
2023,5,14,4,0,18.2,15.1,82.02,,,,,,,,,,,,,,,,,,,,,,,,,,,,,,,,,,,,
2023,5,14,5,0,17.2,14.3,83.05,,,,,,,,,,,,,,,,,,,,,,,,,,,,,,,,,,,,
2023,5,14,6,0,16.5,13.6,83.11,,,,,,,,,,,,,,,,,,,,,,,,,,,,,,,,,,,,
2023,5,14,7,0,16.2,13,81.44,,,,,,,,,,,,,,,,,,,,,,,,,,,,,,,,,,,,
2023,5,14,8,0,16.3,12.4,77.96,,,,,,,,,,,,,,,,,,,,,,,,,,,,,,,,,,,,
2023,5,14,9,0,16.2,12.1,76.85,,,,,,,,,,,,,,,,,,,,,,,,,,,,,,,,,,,,
2023,5,14,10,0,16.5,11.9,74.44,,,,,,,,,,,,,,,,,,,,,,,,,,,,,,,,,,,,
2023,5,14,11,0,16.7,11.8,72.94,,,,,,,,,,,,,,,,,,,,,,,,,,,,,,,,,,,,
2023,5,14,12,0,16.4,11.8,74.13,,,,,,,,,,,,,,,,,,,,,,,,,,,,,,,,,,,,
2023,5,14,13,0,16.7,13.2,80.04,,,,,,,,,,,,,,,,,,,,,,,,,,,,,,,,,,,,
2023,5,14,14,0,19.4,15.8,79.56,,,,,,,,,,,,,,,,,,,,,,,,,,,,,,,,,,,,
2023,5,14,15,0,21.7,15.3,66.82,,,,,,,,,,,,,,,,,,,,,,,,,,,,,,,,,,,,
2023,5,14,16,0,23.3,14.9,59.22,,,,,,,,,,,,,,,,,,,,,,,,,,,,,,,,,,,,
2023,5,14,17,0,24.5,14,51.98,,,,,,,,,,,,,,,,,,,,,,,,,,,,,,,,,,,,
2023,5,14,18,0,25.5,13.8,48.25,,,,,,,,,,,,,,,,,,,,,,,,,,,,,,,,,,,,
2023,5,14,19,0,26.5,13.8,45.59,,,,,,,,,,,,,,,,,,,,,,,,,,,,,,,,,,,,
2023,5,14,20,0,27.4,13.9,43.45,,,,,,,,,,,,,,,,,,,,,,,,,,,,,,,,,,,,
2023,5,14,21,0,28,14.2,42.89,,,,,,,,,,,,,,,,,,,,,,,,,,,,,,,,,,,,
2023,5,14,22,0,28.4,14.8,43.63,,,,,,,,,,,,,,,,,,,,,,,,,,,,,,,,,,,,
2023,5,14,23,0,29,15.8,44.79,,,,,,,,,,,,,,,,,,,,,,,,,,,,,,,,,,,,
2023,5,15,0,0,29.3,16.2,45.08,,,,,,,,,,,,,,,,,,,,,,,,,,,,,,,,,,,,
2023,5,15,1,0,28.7,16,46.28,,,,,,,,,,,,,,,,,,,,,,,,,,,,,,,,,,,,
2023,5,15,2,0,25.9,19.5,67.64,,,,,,,,,,,,,,,,,,,,,,,,,,,,,,,,,,,,
2023,5,15,3,0,23.4,16.9,67.09,,,,,,,,,,,,,,,,,,,,,,,,,,,,,,,,,,,,
2023,5,15,4,0,21.5,15.9,70.58,,,,,,,,,,,,,,,,,,,,,,,,,,,,,,,,,,,,
2023,5,15,5,0,20.1,15.5,74.82,,,,,,,,,,,,,,,,,,,,,,,,,,,,,,,,,,,,
2023,5,15,6,0,19,14.9,77.34,,,,,,,,,,,,,,,,,,,,,,,,,,,,,,,,,,,,
2023,5,15,7,0,18.1,14.3,78.71,,,,,,,,,,,,,,,,,,,,,,,,,,,,,,,,,,,,
2023,5,15,8,0,17.5,13.8,79,,,,,,,,,,,,,,,,,,,,,,,,,,,,,,,,,,,,
2023,5,15,9,0,17,13.5,80.11,,,,,,,,,,,,,,,,,,,,,,,,,,,,,,,,,,,,
2023,5,15,10,0,16.6,13.5,81.75,,,,,,,,,,,,,,,,,,,,,,,,,,,,,,,,,,,,
2023,5,15,11,0,16.3,13.4,83.22,,,,,,,,,,,,,,,,,,,,,,,,,,,,,,,,,,,,
2023,5,15,12,0,16,13.5,84.98,,,,,,,,,,,,,,,,,,,,,,,,,,,,,,,,,,,,
2023,5,15,13,0,17.4,14.9,85.03,,,,,,,,,,,,,,,,,,,,,,,,,,,,,,,,,,,,
2023,5,15,14,0,20.2,16.2,77.58,,,,,,,,,,,,,,,,,,,,,,,,,,,,,,,,,,,,
2023,5,15,15,0,22.1,16.1,68.76,,,,,,,,,,,,,,,,,,,,,,,,,,,,,,,,,,,,
2023,5,15,16,0,24.4,16.7,62.23,,,,,,,,,,,,,,,,,,,,,,,,,,,,,,,,,,,,
2023,5,15,17,0,26.7,16.7,54.18,,,,,,,,,,,,,,,,,,,,,,,,,,,,,,,,,,,,
2023,5,15,18,0,28.7,16.2,46.9,,,,,,,,,,,,,,,,,,,,,,,,,,,,,,,,,,,,
2023,5,15,19,0,30.1,15.9,42.41,,,,,,,,,,,,,,,,,,,,,,,,,,,,,,,,,,,,
2023,5,15,20,0,30.6,15.9,41.19,,,,,,,,,,,,,,,,,,,,,,,,,,,,,,,,,,,,
2023,5,15,21,0,30.7,16.5,42.39,,,,,,,,,,,,,,,,,,,,,,,,,,,,,,,,,,,,
2023,5,15,22,0,31.6,17,41.65,,,,,,,,,,,,,,,,,,,,,,,,,,,,,,,,,,,,
2023,5,15,23,0,30.6,19,50.03,,,,,,,,,,,,,,,,,,,,,,,,,,,,,,,,,,,,
2023,5,16,0,0,27.1,21,69.25,,,,,,,,,,,,,,,,,,,,,,,,,,,,,,,,,,,,
2023,5,16,1,0,25.1,20.2,74.35,,,,,,,,,,,,,,,,,,,,,,,,,,,,,,,,,,,,
2023,5,16,2,0,23.2,20.6,85.39,,,,,,,,,,,,,,,,,,,,,,,,,,,,,,,,,,,,
2023,5,16,3,0,21.1,19.9,92.77,,,,,,,,,,,,,,,,,,,,,,,,,,,,,,,,,,,,
2023,5,16,4,0,19.7,18.8,94.3,,,,,,,,,,,,,,,,,,,,,,,,,,,,,,,,,,,,
2023,5,16,5,0,18.6,18,96.19,,,,,,,,,,,,,,,,,,,,,,,,,,,,,,,,,,,,
2023,5,16,6,0,17.4,16.7,95.89,,,,,,,,,,,,,,,,,,,,,,,,,,,,,,,,,,,,
2023,5,16,7,0,16.3,15.6,95.83,,,,,,,,,,,,,,,,,,,,,,,,,,,,,,,,,,,,
2023,5,16,8,0,15.5,14.8,95.3,,,,,,,,,,,,,,,,,,,,,,,,,,,,,,,,,,,,
2023,5,16,9,0,14.9,14.2,95.6,,,,,,,,,,,,,,,,,,,,,,,,,,,,,,,,,,,,
2023,5,16,10,0,14.5,13.8,95.75,,,,,,,,,,,,,,,,,,,,,,,,,,,,,,,,,,,,
2023,5,16,11,0,14.2,13.5,95.79,,,,,,,,,,,,,,,,,,,,,,,,,,,,,,,,,,,,
2023,5,16,12,0,13.9,13.2,95.36,,,,,,,,,,,,,,,,,,,,,,,,,,,,,,,,,,,,
2023,5,16,13,0,14.1,13.3,95.11,,,,,,,,,,,,,,,,,,,,,,,,,,,,,,,,,,,,
2023,5,16,14,0,15.2,13.8,91.18,,,,,,,,,,,,,,,,,,,,,,,,,,,,,,,,,,,,
2023,5,16,15,0,16.7,13.9,83.33,,,,,,,,,,,,,,,,,,,,,,,,,,,,,,,,,,,,
2023,5,16,16,0,18.2,13.6,74.29,,,,,,,,,,,,,,,,,,,,,,,,,,,,,,,,,,,,
2023,5,16,17,0,19.5,13.1,66.47,,,,,,,,,,,,,,,,,,,,,,,,,,,,,,,,,,,,
2023,5,16,18,0,21,13.1,60.63,,,,,,,,,,,,,,,,,,,,,,,,,,,,,,,,,,,,
2023,5,16,19,0,22.4,13.3,56.32,,,,,,,,,,,,,,,,,,,,,,,,,,,,,,,,,,,,
2023,5,16,20,0,23.5,13.5,53.35,,,,,,,,,,,,,,,,,,,,,,,,,,,,,,,,,,,,
2023,5,16,21,0,24.4,13.6,51.04,,,,,,,,,,,,,,,,,,,,,,,,,,,,,,,,,,,,
2023,5,16,22,0,24.7,14,51.25,,,,,,,,,,,,,,,,,,,,,,,,,,,,,,,,,,,,
2023,5,16,23,0,24.5,14.4,53.21,,,,,,,,,,,,,,,,,,,,,,,,,,,,,,,,,,,,
2023,5,17,0,0,23.9,14.9,57.21,,,,,,,,,,,,,,,,,,,,,,,,,,,,,,,,,,,,
2023,5,17,1,0,23.9,16.2,62.02,,,,,,,,,,,,,,,,,,,,,,,,,,,,,,,,,,,,
2023,5,17,2,0,22.8,16.5,67.52,,,,,,,,,,,,,,,,,,,,,,,,,,,,,,,,,,,,
2023,5,17,3,0,20.7,15.6,72.46,,,,,,,,,,,,,,,,,,,,,,,,,,,,,,,,,,,,
2023,5,17,4,0,20,14.6,70.86,,,,,,,,,,,,,,,,,,,,,,,,,,,,,,,,,,,,
2023,5,17,5,0,19.6,14.4,71.83,,,,,,,,,,,,,,,,,,,,,,,,,,,,,,,,,,,,
2023,5,17,6,0,19,14.3,74.25,,,,,,,,,,,,,,,,,,,,,,,,,,,,,,,,,,,,
2023,5,17,7,0,18.4,14.3,77.01,,,,,,,,,,,,,,,,,,,,,,,,,,,,,,,,,,,,
2023,5,17,8,0,17.6,14.3,80.99,,,,,,,,,,,,,,,,,,,,,,,,,,,,,,,,,,,,
2023,5,17,9,0,16.5,14.3,86.63,,,,,,,,,,,,,,,,,,,,,,,,,,,,,,,,,,,,
2023,5,17,10,0,15.6,14.2,91.37,,,,,,,,,,,,,,,,,,,,,,,,,,,,,,,,,,,,
2023,5,17,11,0,15,14,93.95,,,,,,,,,,,,,,,,,,,,,,,,,,,,,,,,,,,,
2023,5,17,12,0,14.6,13.8,94.65,,,,,,,,,,,,,,,,,,,,,,,,,,,,,,,,,,,,
2023,5,17,13,0,15.4,14.6,94.82,,,,,,,,,,,,,,,,,,,,,,,,,,,,,,,,,,,,
2023,5,17,14,0,17.2,14.6,84.85,,,,,,,,,,,,,,,,,,,,,,,,,,,,,,,,,,,,
2023,5,17,15,0,18.9,14.5,75.45,,,,,,,,,,,,,,,,,,,,,,,,,,,,,,,,,,,,
2023,5,17,16,0,20.7,14.6,68,,,,,,,,,,,,,,,,,,,,,,,,,,,,,,,,,,,,
2023,5,17,17,0,22.3,14.8,62.38,,,,,,,,,,,,,,,,,,,,,,,,,,,,,,,,,,,,
2023,5,17,18,0,23.7,15,58.09,,,,,,,,,,,,,,,,,,,,,,,,,,,,,,,,,,,,
2023,5,17,19,0,24.8,15.3,55.41,,,,,,,,,,,,,,,,,,,,,,,,,,,,,,,,,,,,
2023,5,17,20,0,25.5,15.6,54.13,,,,,,,,,,,,,,,,,,,,,,,,,,,,,,,,,,,,
2023,5,17,21,0,25.8,15.8,54.05,,,,,,,,,,,,,,,,,,,,,,,,,,,,,,,,,,,,
2023,5,17,22,0,25.8,16.1,55,,,,,,,,,,,,,,,,,,,,,,,,,,,,,,,,,,,,
2023,5,17,23,0,25.5,16.4,57.3,,,,,,,,,,,,,,,,,,,,,,,,,,,,,,,,,,,,
2023,5,18,0,0,24.7,17.1,62.69,,,,,,,,,,,,,,,,,,,,,,,,,,,,,,,,,,,,
2023,5,18,1,0,24,18.2,70.17,,,,,,,,,,,,,,,,,,,,,,,,,,,,,,,,,,,,
2023,5,18,2,0,22.6,19.1,80.81,,,,,,,,,,,,,,,,,,,,,,,,,,,,,,,,,,,,
2023,5,18,3,0,20.6,17.3,81.44,,,,,,,,,,,,,,,,,,,,,,,,,,,,,,,,,,,,
2023,5,18,4,0,19.6,16.4,81.69,,,,,,,,,,,,,,,,,,,,,,,,,,,,,,,,,,,,
2023,5,18,5,0,19.1,16,82.17,,,,,,,,,,,,,,,,,,,,,,,,,,,,,,,,,,,,
2023,5,18,6,0,18.9,15.6,81.07,,,,,,,,,,,,,,,,,,,,,,,,,,,,,,,,,,,,
2023,5,18,7,0,18.8,15.3,80.03,,,,,,,,,,,,,,,,,,,,,,,,,,,,,,,,,,,,
2023,5,18,8,0,18.9,15.1,78.43,,,,,,,,,,,,,,,,,,,,,,,,,,,,,,,,,,,,
2023,5,18,9,0,18.3,14.8,80.29,,,,,,,,,,,,,,,,,,,,,,,,,,,,,,,,,,,,
2023,5,18,10,0,17.4,14.5,83.23,,,,,,,,,,,,,,,,,,,,,,,,,,,,,,,,,,,,
2023,5,18,11,0,16.6,14.2,85.63,,,,,,,,,,,,,,,,,,,,,,,,,,,,,,,,,,,,
2023,5,18,12,0,16.1,13.9,86.71,,,,,,,,,,,,,,,,,,,,,,,,,,,,,,,,,,,,
2023,5,18,13,0,16.5,14.7,89.07,,,,,,,,,,,,,,,,,,,,,,,,,,,,,,,,,,,,
2023,5,18,14,0,18.1,15.4,84.16,,,,,,,,,,,,,,,,,,,,,,,,,,,,,,,,,,,,
2023,5,18,15,0,19.7,15.1,74.98,,,,,,,,,,,,,,,,,,,,,,,,,,,,,,,,,,,,
2023,5,18,16,0,21.4,15.3,68.21,,,,,,,,,,,,,,,,,,,,,,,,,,,,,,,,,,,,
2023,5,18,17,0,22.7,15.4,63.23,,,,,,,,,,,,,,,,,,,,,,,,,,,,,,,,,,,,
2023,5,18,18,0,24,15.5,59.03,,,,,,,,,,,,,,,,,,,,,,,,,,,,,,,,,,,,
2023,5,18,19,0,24.7,15.7,57.18,,,,,,,,,,,,,,,,,,,,,,,,,,,,,,,,,,,,
2023,5,18,20,0,24.9,15.9,57.19,,,,,,,,,,,,,,,,,,,,,,,,,,,,,,,,,,,,
2023,5,18,21,0,24.8,16.1,58.39,,,,,,,,,,,,,,,,,,,,,,,,,,,,,,,,,,,,
2023,5,18,22,0,24.6,16.3,59.99,,,,,,,,,,,,,,,,,,,,,,,,,,,,,,,,,,,,
2023,5,18,23,0,24.4,16.5,61.3,,,,,,,,,,,,,,,,,,,,,,,,,,,,,,,,,,,,
2023,5,19,0,0,24.1,16.6,62.98,,,,,,,,,,,,,,,,,,,,,,,,,,,,,,,,,,,,
2023,5,19,1,0,23.2,17.2,69.08,,,,,,,,,,,,,,,,,,,,,,,,,,,,,,,,,,,,
2023,5,19,2,0,22.2,18,77.34,,,,,,,,,,,,,,,,,,,,,,,,,,,,,,,,,,,,
2023,5,19,3,0,20.1,17.1,83.13,,,,,,,,,,,,,,,,,,,,,,,,,,,,,,,,,,,,
2023,5,19,4,0,18.8,16.1,84.23,,,,,,,,,,,,,,,,,,,,,,,,,,,,,,,,,,,,
2023,5,19,5,0,17.9,15.9,88.07,,,,,,,,,,,,,,,,,,,,,,,,,,,,,,,,,,,,
2023,5,19,6,0,17,15.4,90.28,,,,,,,,,,,,,,,,,,,,,,,,,,,,,,,,,,,,
2023,5,19,7,0,16.2,15,92.41,,,,,,,,,,,,,,,,,,,,,,,,,,,,,,,,,,,,
2023,5,19,8,0,15.5,14.5,93.93,,,,,,,,,,,,,,,,,,,,,,,,,,,,,,,,,,,,
2023,5,19,9,0,14.7,14.1,96.13,,,,,,,,,,,,,,,,,,,,,,,,,,,,,,,,,,,,
2023,5,19,10,0,14.1,13.7,97.48,,,,,,,,,,,,,,,,,,,,,,,,,,,,,,,,,,,,
2023,5,19,11,0,13.7,13.3,97.48,,,,,,,,,,,,,,,,,,,,,,,,,,,,,,,,,,,,
2023,5,19,12,0,13.4,13,97.16,,,,,,,,,,,,,,,,,,,,,,,,,,,,,,,,,,,,
2023,5,19,13,0,14.1,13.2,94.55,,,,,,,,,,,,,,,,,,,,,,,,,,,,,,,,,,,,
2023,5,19,14,0,15.4,13.4,87.97,,,,,,,,,,,,,,,,,,,,,,,,,,,,,,,,,,,,
2023,5,19,15,0,17,13.5,79.89,,,,,,,,,,,,,,,,,,,,,,,,,,,,,,,,,,,,
2023,5,19,16,0,18.7,13.8,73.28,,,,,,,,,,,,,,,,,,,,,,,,,,,,,,,,,,,,
2023,5,19,17,0,20.4,14.4,68.54,,,,,,,,,,,,,,,,,,,,,,,,,,,,,,,,,,,,
2023,5,19,18,0,21.8,15,65.11,,,,,,,,,,,,,,,,,,,,,,,,,,,,,,,,,,,,
2023,5,19,19,0,22.9,15.4,62.49,,,,,,,,,,,,,,,,,,,,,,,,,,,,,,,,,,,,
2023,5,19,20,0,23.6,15.6,60.86,,,,,,,,,,,,,,,,,,,,,,,,,,,,,,,,,,,,
2023,5,19,21,0,24,15.7,59.7,,,,,,,,,,,,,,,,,,,,,,,,,,,,,,,,,,,,
2023,5,19,22,0,24,15.6,59.37,,,,,,,,,,,,,,,,,,,,,,,,,,,,,,,,,,,,
2023,5,19,23,0,23.7,15.4,59.9,,,,,,,,,,,,,,,,,,,,,,,,,,,,,,,,,,,,
2023,5,20,0,0,23,15.4,62.26,,,,,,,,,,,,,,,,,,,,,,,,,,,,,,,,,,,,
2023,5,20,1,0,21.9,15.9,68.59,,,,,,,,,,,,,,,,,,,,,,,,,,,,,,,,,,,,
2023,5,20,2,0,20.6,17,79.94,,,,,,,,,,,,,,,,,,,,,,,,,,,,,,,,,,,,
2023,5,20,3,0,18.3,16.4,88.47,,,,,,,,,,,,,,,,,,,,,,,,,,,,,,,,,,,,
2023,5,20,4,0,17.2,15.1,87.52,,,,,,,,,,,,,,,,,,,,,,,,,,,,,,,,,,,,
2023,5,20,5,0,16.9,14.7,86.8,,,,,,,,,,,,,,,,,,,,,,,,,,,,,,,,,,,,
2023,5,20,6,0,16.9,14.4,85.22,,,,,,,,,,,,,,,,,,,,,,,,,,,,,,,,,,,,
2023,5,20,7,0,17,14.1,83.31,,,,,,,,,,,,,,,,,,,,,,,,,,,,,,,,,,,,
2023,5,20,8,0,16.6,14,84.84,,,,,,,,,,,,,,,,,,,,,,,,,,,,,,,,,,,,
2023,5,20,9,0,16.3,13.9,85.7,,,,,,,,,,,,,,,,,,,,,,,,,,,,,,,,,,,,
2023,5,20,10,0,15.8,13.7,87.12,,,,,,,,,,,,,,,,,,,,,,,,,,,,,,,,,,,,
2023,5,20,11,0,15.3,13.5,88.81,,,,,,,,,,,,,,,,,,,,,,,,,,,,,,,,,,,,
2023,5,20,12,0,14.8,13.3,90.93,,,,,,,,,,,,,,,,,,,,,,,,,,,,,,,,,,,,
2023,5,20,13,0,15.2,14,92.67,,,,,,,,,,,,,,,,,,,,,,,,,,,,,,,,,,,,
2023,5,20,14,0,16.4,13.8,84.55,,,,,,,,,,,,,,,,,,,,,,,,,,,,,,,,,,,,
2023,5,20,15,0,18,13.4,74.68,,,,,,,,,,,,,,,,,,,,,,,,,,,,,,,,,,,,
2023,5,20,16,0,19.7,13.3,66.41,,,,,,,,,,,,,,,,,,,,,,,,,,,,,,,,,,,,
2023,5,20,17,0,21.4,13.5,60.62,,,,,,,,,,,,,,,,,,,,,,,,,,,,,,,,,,,,
2023,5,20,18,0,22.8,14,57.54,,,,,,,,,,,,,,,,,,,,,,,,,,,,,,,,,,,,
2023,5,20,19,0,23.8,14.4,55.76,,,,,,,,,,,,,,,,,,,,,,,,,,,,,,,,,,,,
2023,5,20,20,0,24.4,14.8,55.12,,,,,,,,,,,,,,,,,,,,,,,,,,,,,,,,,,,,
2023,5,20,21,0,24.9,15.1,54.41,,,,,,,,,,,,,,,,,,,,,,,,,,,,,,,,,,,,
2023,5,20,22,0,25.1,15.3,54.5,,,,,,,,,,,,,,,,,,,,,,,,,,,,,,,,,,,,
2023,5,20,23,0,24.8,15.4,56.03,,,,,,,,,,,,,,,,,,,,,,,,,,,,,,,,,,,,
2023,5,21,0,0,24.1,15.7,59.41,,,,,,,,,,,,,,,,,,,,,,,,,,,,,,,,,,,,
2023,5,21,1,0,23.3,16.5,65.72,,,,,,,,,,,,,,,,,,,,,,,,,,,,,,,,,,,,
2023,5,21,2,0,21.9,16.9,73.45,,,,,,,,,,,,,,,,,,,,,,,,,,,,,,,,,,,,
2023,5,21,3,0,19.5,17,85.31,,,,,,,,,,,,,,,,,,,,,,,,,,,,,,,,,,,,
2023,5,21,4,0,18.3,16.2,87.75,,,,,,,,,,,,,,,,,,,,,,,,,,,,,,,,,,,,
2023,5,21,5,0,17.4,15.8,90.35,,,,,,,,,,,,,,,,,,,,,,,,,,,,,,,,,,,,
2023,5,21,6,0,16.6,15.3,92,,,,,,,,,,,,,,,,,,,,,,,,,,,,,,,,,,,,
2023,5,21,7,0,15.8,14.8,94.01,,,,,,,,,,,,,,,,,,,,,,,,,,,,,,,,,,,,
2023,5,21,8,0,15.4,14.4,94.02,,,,,,,,,,,,,,,,,,,,,,,,,,,,,,,,,,,,
2023,5,21,9,0,14.9,14,94.18,,,,,,,,,,,,,,,,,,,,,,,,,,,,,,,,,,,,
2023,5,21,10,0,14.3,13.3,93.96,,,,,,,,,,,,,,,,,,,,,,,,,,,,,,,,,,,,
2023,5,21,11,0,13.7,12.8,94.17,,,,,,,,,,,,,,,,,,,,,,,,,,,,,,,,,,,,
2023,5,21,12,0,13.2,12.3,94.55,,,,,,,,,,,,,,,,,,,,,,,,,,,,,,,,,,,,
2023,5,21,13,0,13.1,12.1,93.83,,,,,,,,,,,,,,,,,,,,,,,,,,,,,,,,,,,,
2023,5,21,14,0,13.2,11.8,91.43,,,,,,,,,,,,,,,,,,,,,,,,,,,,,,,,,,,,
2023,5,21,15,0,13.4,11.8,89.93,,,,,,,,,,,,,,,,,,,,,,,,,,,,,,,,,,,,
2023,5,21,16,0,13.6,11.8,89.09,,,,,,,,,,,,,,,,,,,,,,,,,,,,,,,,,,,,
2023,5,21,17,0,14,11.9,87.16,,,,,,,,,,,,,,,,,,,,,,,,,,,,,,,,,,,,
2023,5,21,18,0,14.4,11.9,84.73,,,,,,,,,,,,,,,,,,,,,,,,,,,,,,,,,,,,
2023,5,21,19,0,14.8,11.8,82.31,,,,,,,,,,,,,,,,,,,,,,,,,,,,,,,,,,,,
2023,5,21,20,0,15.2,11.8,79.95,,,,,,,,,,,,,,,,,,,,,,,,,,,,,,,,,,,,
2023,5,21,21,0,15.8,11.7,76.78,,,,,,,,,,,,,,,,,,,,,,,,,,,,,,,,,,,,
2023,5,21,22,0,16.2,11.7,74.82,,,,,,,,,,,,,,,,,,,,,,,,,,,,,,,,,,,,
2023,5,21,23,0,16.7,11.8,72.84,,,,,,,,,,,,,,,,,,,,,,,,,,,,,,,,,,,,
2023,5,22,0,0,16.5,11.6,73,,,,,,,,,,,,,,,,,,,,,,,,,,,,,,,,,,,,
2023,5,22,1,0,15.8,11.7,76.38,,,,,,,,,,,,,,,,,,,,,,,,,,,,,,,,,,,,
2023,5,22,2,0,15,11.8,81.13,,,,,,,,,,,,,,,,,,,,,,,,,,,,,,,,,,,,
2023,5,22,3,0,13.3,11,85.71,,,,,,,,,,,,,,,,,,,,,,,,,,,,,,,,,,,,
2023,5,22,4,0,12.1,9.8,86.12,,,,,,,,,,,,,,,,,,,,,,,,,,,,,,,,,,,,
2023,5,22,5,0,11.2,9.2,87.49,,,,,,,,,,,,,,,,,,,,,,,,,,,,,,,,,,,,
2023,5,22,6,0,10.3,8.6,89.07,,,,,,,,,,,,,,,,,,,,,,,,,,,,,,,,,,,,
2023,5,22,7,0,9.4,8.1,91.88,,,,,,,,,,,,,,,,,,,,,,,,,,,,,,,,,,,,
2023,5,22,8,0,8.8,7.8,93.75,,,,,,,,,,,,,,,,,,,,,,,,,,,,,,,,,,,,
2023,5,22,9,0,8.4,7.8,95.75,,,,,,,,,,,,,,,,,,,,,,,,,,,,,,,,,,,,
2023,5,22,10,0,8.2,7.7,96.61,,,,,,,,,,,,,,,,,,,,,,,,,,,,,,,,,,,,
2023,5,22,11,0,8.2,7.8,97.37,,,,,,,,,,,,,,,,,,,,,,,,,,,,,,,,,,,,
2023,5,22,12,0,8.3,7.9,97.19,,,,,,,,,,,,,,,,,,,,,,,,,,,,,,,,,,,,
2023,5,22,13,0,9.2,8.5,95.32,,,,,,,,,,,,,,,,,,,,,,,,,,,,,,,,,,,,
2023,5,22,14,0,10.2,8.9,91.84,,,,,,,,,,,,,,,,,,,,,,,,,,,,,,,,,,,,
2023,5,22,15,0,10.9,9,88.16,,,,,,,,,,,,,,,,,,,,,,,,,,,,,,,,,,,,
2023,5,22,16,0,11.8,9,83.19,,,,,,,,,,,,,,,,,,,,,,,,,,,,,,,,,,,,
2023,5,22,17,0,13,9,76.65,,,,,,,,,,,,,,,,,,,,,,,,,,,,,,,,,,,,
2023,5,22,18,0,14.3,9,70.67,,,,,,,,,,,,,,,,,,,,,,,,,,,,,,,,,,,,
2023,5,22,19,0,15,9.1,67.86,,,,,,,,,,,,,,,,,,,,,,,,,,,,,,,,,,,,
2023,5,22,20,0,15.2,9.1,66.98,,,,,,,,,,,,,,,,,,,,,,,,,,,,,,,,,,,,
2023,5,22,21,0,15.5,9.2,66.24,,,,,,,,,,,,,,,,,,,,,,,,,,,,,,,,,,,,
2023,5,22,22,0,15.6,9.3,65.93,,,,,,,,,,,,,,,,,,,,,,,,,,,,,,,,,,,,
2023,5,22,23,0,15.5,9.4,67.1,,,,,,,,,,,,,,,,,,,,,,,,,,,,,,,,,,,,
2023,5,23,0,0,15,9.7,70.37,,,,,,,,,,,,,,,,,,,,,,,,,,,,,,,,,,,,
2023,5,23,1,0,14.4,10.1,75.29,,,,,,,,,,,,,,,,,,,,,,,,,,,,,,,,,,,,
2023,5,23,2,0,13.5,10.3,81.24,,,,,,,,,,,,,,,,,,,,,,,,,,,,,,,,,,,,
2023,5,23,3,0,12.4,10.3,87.07,,,,,,,,,,,,,,,,,,,,,,,,,,,,,,,,,,,,
2023,5,23,4,0,11.6,10,89.94,,,,,,,,,,,,,,,,,,,,,,,,,,,,,,,,,,,,
2023,5,23,5,0,11.2,9.8,91.07,,,,,,,,,,,,,,,,,,,,,,,,,,,,,,,,,,,,
2023,5,23,6,0,10.9,9.6,91.66,,,,,,,,,,,,,,,,,,,,,,,,,,,,,,,,,,,,
2023,5,23,7,0,10.5,9.3,92.53,,,,,,,,,,,,,,,,,,,,,,,,,,,,,,,,,,,,
2023,5,23,8,0,10.2,9,92.51,,,,,,,,,,,,,,,,,,,,,,,,,,,,,,,,,,,,
2023,5,23,9,0,9.9,8.8,92.71,,,,,,,,,,,,,,,,,,,,,,,,,,,,,,,,,,,,
2023,5,23,10,0,9.7,8.7,93.45,,,,,,,,,,,,,,,,,,,,,,,,,,,,,,,,,,,,
2023,5,23,11,0,9.6,8.6,93.67,,,,,,,,,,,,,,,,,,,,,,,,,,,,,,,,,,,,
2023,5,23,12,0,9.5,8.5,93.58,,,,,,,,,,,,,,,,,,,,,,,,,,,,,,,,,,,,
2023,5,23,13,0,9.8,8.5,91.36,,,,,,,,,,,,,,,,,,,,,,,,,,,,,,,,,,,,
2023,5,23,14,0,10.4,8.4,87.54,,,,,,,,,,,,,,,,,,,,,,,,,,,,,,,,,,,,
2023,5,23,15,0,11.5,8.1,79.66,,,,,,,,,,,,,,,,,,,,,,,,,,,,,,,,,,,,
2023,5,23,16,0,12.8,7.8,71.61,,,,,,,,,,,,,,,,,,,,,,,,,,,,,,,,,,,,
2023,5,23,17,0,14,7.8,66.03,,,,,,,,,,,,,,,,,,,,,,,,,,,,,,,,,,,,
2023,5,23,18,0,15,8,62.96,,,,,,,,,,,,,,,,,,,,,,,,,,,,,,,,,,,,
2023,5,23,19,0,16,8.2,59.68,,,,,,,,,,,,,,,,,,,,,,,,,,,,,,,,,,,,
2023,5,23,20,0,16.6,8.2,57.43,,,,,,,,,,,,,,,,,,,,,,,,,,,,,,,,,,,,
2023,5,23,21,0,16.6,8.2,57.5,,,,,,,,,,,,,,,,,,,,,,,,,,,,,,,,,,,,
2023,5,23,22,0,16.5,8.3,58.52,,,,,,,,,,,,,,,,,,,,,,,,,,,,,,,,,,,,
2023,5,23,23,0,16.3,8.6,60.44,,,,,,,,,,,,,,,,,,,,,,,,,,,,,,,,,,,,
2023,5,24,0,0,16,9,63.25,,,,,,,,,,,,,,,,,,,,,,,,,,,,,,,,,,,,
2023,5,24,1,0,15.6,9.8,68.5,,,,,,,,,,,,,,,,,,,,,,,,,,,,,,,,,,,,
2023,5,24,2,0,14.6,10.8,78.23,,,,,,,,,,,,,,,,,,,,,,,,,,,,,,,,,,,,
2023,5,24,3,0,13,11.2,88.83,,,,,,,,,,,,,,,,,,,,,,,,,,,,,,,,,,,,
2023,5,24,4,0,12.2,10.8,90.99,,,,,,,,,,,,,,,,,,,,,,,,,,,,,,,,,,,,
2023,5,24,5,0,11.7,10.5,92.16,,,,,,,,,,,,,,,,,,,,,,,,,,,,,,,,,,,,
2023,5,24,6,0,11,9.7,91.61,,,,,,,,,,,,,,,,,,,,,,,,,,,,,,,,,,,,
2023,5,24,7,0,10.5,9.3,92.19,,,,,,,,,,,,,,,,,,,,,,,,,,,,,,,,,,,,
2023,5,24,8,0,10.1,9,93,,,,,,,,,,,,,,,,,,,,,,,,,,,,,,,,,,,,
2023,5,24,9,0,9.6,8.8,94.84,,,,,,,,,,,,,,,,,,,,,,,,,,,,,,,,,,,,
2023,5,24,10,0,9.2,8.7,96.39,,,,,,,,,,,,,,,,,,,,,,,,,,,,,,,,,,,,
2023,5,24,11,0,8.9,8.6,97.7,,,,,,,,,,,,,,,,,,,,,,,,,,,,,,,,,,,,
2023,5,24,12,0,8.8,8.5,98.08,,,,,,,,,,,,,,,,,,,,,,,,,,,,,,,,,,,,
2023,5,24,13,0,10.2,9.5,95.14,,,,,,,,,,,,,,,,,,,,,,,,,,,,,,,,,,,,
2023,5,24,14,0,12.1,10,86.71,,,,,,,,,,,,,,,,,,,,,,,,,,,,,,,,,,,,
2023,5,24,15,0,13.9,10,77.3,,,,,,,,,,,,,,,,,,,,,,,,,,,,,,,,,,,,
2023,5,24,16,0,15.3,10,70.61,,,,,,,,,,,,,,,,,,,,,,,,,,,,,,,,,,,,
2023,5,24,17,0,16.4,10,65.75,,,,,,,,,,,,,,,,,,,,,,,,,,,,,,,,,,,,
2023,5,24,18,0,17.3,10,62.32,,,,,,,,,,,,,,,,,,,,,,,,,,,,,,,,,,,,
2023,5,24,19,0,18.1,10.2,59.81,,,,,,,,,,,,,,,,,,,,,,,,,,,,,,,,,,,,
2023,5,24,20,0,18.6,10.4,58.69,,,,,,,,,,,,,,,,,,,,,,,,,,,,,,,,,,,,
2023,5,24,21,0,18.9,10.6,58.5,,,,,,,,,,,,,,,,,,,,,,,,,,,,,,,,,,,,
2023,5,24,22,0,19.1,10.8,58.56,,,,,,,,,,,,,,,,,,,,,,,,,,,,,,,,,,,,
2023,5,24,23,0,19.1,11,59.23,,,,,,,,,,,,,,,,,,,,,,,,,,,,,,,,,,,,
2023,5,25,0,0,18.8,11.2,61.22,,,,,,,,,,,,,,,,,,,,,,,,,,,,,,,,,,,,
2023,5,25,1,0,18.1,11.8,66.69,,,,,,,,,,,,,,,,,,,,,,,,,,,,,,,,,,,,
2023,5,25,2,0,16.7,13.6,81.88,,,,,,,,,,,,,,,,,,,,,,,,,,,,,,,,,,,,
2023,5,25,3,0,14.8,13.2,89.86,,,,,,,,,,,,,,,,,,,,,,,,,,,,,,,,,,,,
2023,5,25,4,0,13.8,12.2,89.78,,,,,,,,,,,,,,,,,,,,,,,,,,,,,,,,,,,,
2023,5,25,5,0,13.3,11.5,88.76,,,,,,,,,,,,,,,,,,,,,,,,,,,,,,,,,,,,
2023,5,25,6,0,13,11.1,88.38,,,,,,,,,,,,,,,,,,,,,,,,,,,,,,,,,,,,
2023,5,25,7,0,12.7,10.9,88.63,,,,,,,,,,,,,,,,,,,,,,,,,,,,,,,,,,,,
2023,5,25,8,0,12.4,10.7,89.15,,,,,,,,,,,,,,,,,,,,,,,,,,,,,,,,,,,,
2023,5,25,9,0,11.8,10.5,91.52,,,,,,,,,,,,,,,,,,,,,,,,,,,,,,,,,,,,
2023,5,25,10,0,11.2,10.3,94.22,,,,,,,,,,,,,,,,,,,,,,,,,,,,,,,,,,,,
2023,5,25,11,0,10.5,10,96.86,,,,,,,,,,,,,,,,,,,,,,,,,,,,,,,,,,,,
2023,5,25,12,0,10.1,9.8,97.81,,,,,,,,,,,,,,,,,,,,,,,,,,,,,,,,,,,,
2023,5,25,13,0,11.7,10.7,93.87,,,,,,,,,,,,,,,,,,,,,,,,,,,,,,,,,,,,
2023,5,25,14,0,14,11.3,83.9,,,,,,,,,,,,,,,,,,,,,,,,,,,,,,,,,,,,
2023,5,25,15,0,16.1,11.5,74.04,,,,,,,,,,,,,,,,,,,,,,,,,,,,,,,,,,,,
2023,5,25,16,0,17.7,11.6,67.52,,,,,,,,,,,,,,,,,,,,,,,,,,,,,,,,,,,,
2023,5,25,17,0,19.1,11.9,62.95,,,,,,,,,,,,,,,,,,,,,,,,,,,,,,,,,,,,
2023,5,25,18,0,20.4,12.2,59.15,,,,,,,,,,,,,,,,,,,,,,,,,,,,,,,,,,,,
2023,5,25,19,0,21.3,12.4,57,,,,,,,,,,,,,,,,,,,,,,,,,,,,,,,,,,,,
2023,5,25,20,0,21.9,12.6,55.66,,,,,,,,,,,,,,,,,,,,,,,,,,,,,,,,,,,,
2023,5,25,21,0,22.3,12.7,54.51,,,,,,,,,,,,,,,,,,,,,,,,,,,,,,,,,,,,
2023,5,25,22,0,22.4,12.8,54.66,,,,,,,,,,,,,,,,,,,,,,,,,,,,,,,,,,,,
2023,5,25,23,0,22.1,13,56.36,,,,,,,,,,,,,,,,,,,,,,,,,,,,,,,,,,,,
2023,5,26,0,0,21.5,13.4,59.91,,,,,,,,,,,,,,,,,,,,,,,,,,,,,,,,,,,,
2023,5,26,1,0,20.6,14.6,68.34,,,,,,,,,,,,,,,,,,,,,,,,,,,,,,,,,,,,
2023,5,26,2,0,19.3,16.2,82.28,,,,,,,,,,,,,,,,,,,,,,,,,,,,,,,,,,,,
2023,5,26,3,0,17,15.2,89.25,,,,,,,,,,,,,,,,,,,,,,,,,,,,,,,,,,,,
2023,5,26,4,0,16,13.9,87.09,,,,,,,,,,,,,,,,,,,,,,,,,,,,,,,,,,,,
2023,5,26,5,0,15.8,13.4,85.72,,,,,,,,,,,,,,,,,,,,,,,,,,,,,,,,,,,,
2023,5,26,6,0,15.6,13,84.78,,,,,,,,,,,,,,,,,,,,,,,,,,,,,,,,,,,,
2023,5,26,7,0,15.4,12.7,84.04,,,,,,,,,,,,,,,,,,,,,,,,,,,,,,,,,,,,
2023,5,26,8,0,15.1,12.4,83.9,,,,,,,,,,,,,,,,,,,,,,,,,,,,,,,,,,,,
2023,5,26,9,0,14.6,12,84.31,,,,,,,,,,,,,,,,,,,,,,,,,,,,,,,,,,,,
2023,5,26,10,0,13.9,11.5,85.64,,,,,,,,,,,,,,,,,,,,,,,,,,,,,,,,,,,,
2023,5,26,11,0,13.2,11.1,87.23,,,,,,,,,,,,,,,,,,,,,,,,,,,,,,,,,,,,
2023,5,26,12,0,12.7,10.8,88.5,,,,,,,,,,,,,,,,,,,,,,,,,,,,,,,,,,,,
2023,5,26,13,0,14,12.3,89.25,,,,,,,,,,,,,,,,,,,,,,,,,,,,,,,,,,,,
2023,5,26,14,0,16.6,13.3,81.12,,,,,,,,,,,,,,,,,,,,,,,,,,,,,,,,,,,,
2023,5,26,15,0,19.2,13.5,69.39,,,,,,,,,,,,,,,,,,,,,,,,,,,,,,,,,,,,
2023,5,26,16,0,21.3,13,59.11,,,,,,,,,,,,,,,,,,,,,,,,,,,,,,,,,,,,
2023,5,26,17,0,22.4,12.8,54.74,,,,,,,,,,,,,,,,,,,,,,,,,,,,,,,,,,,,
2023,5,26,18,0,23.4,12.9,51.56,,,,,,,,,,,,,,,,,,,,,,,,,,,,,,,,,,,,
2023,5,26,19,0,24.3,13,49.39,,,,,,,,,,,,,,,,,,,,,,,,,,,,,,,,,,,,
2023,5,26,20,0,24.8,13.2,48.52,,,,,,,,,,,,,,,,,,,,,,,,,,,,,,,,,,,,
2023,5,26,21,0,25.1,13.4,48.29,,,,,,,,,,,,,,,,,,,,,,,,,,,,,,,,,,,,
2023,5,26,22,0,25,13.6,49.29,,,,,,,,,,,,,,,,,,,,,,,,,,,,,,,,,,,,
2023,5,26,23,0,24.8,14,51.18,,,,,,,,,,,,,,,,,,,,,,,,,,,,,,,,,,,,
2023,5,27,0,0,24.3,14.9,55.67,,,,,,,,,,,,,,,,,,,,,,,,,,,,,,,,,,,,
2023,5,27,1,0,24.7,15.6,57.08,,,,,,,,,,,,,,,,,,,,,,,,,,,,,,,,,,,,
2023,5,27,2,0,23,15.8,63.85,,,,,,,,,,,,,,,,,,,,,,,,,,,,,,,,,,,,
2023,5,27,3,0,20.7,15.2,70.59,,,,,,,,,,,,,,,,,,,,,,,,,,,,,,,,,,,,
2023,5,27,4,0,19.3,14.1,71.7,,,,,,,,,,,,,,,,,,,,,,,,,,,,,,,,,,,,
2023,5,27,5,0,18.1,14,77.03,,,,,,,,,,,,,,,,,,,,,,,,,,,,,,,,,,,,
2023,5,27,6,0,17.1,13.8,80.98,,,,,,,,,,,,,,,,,,,,,,,,,,,,,,,,,,,,
2023,5,27,7,0,16.2,13.5,84.2,,,,,,,,,,,,,,,,,,,,,,,,,,,,,,,,,,,,
2023,5,27,8,0,15.3,13.2,87.46,,,,,,,,,,,,,,,,,,,,,,,,,,,,,,,,,,,,
2023,5,27,9,0,14.4,12.9,90.45,,,,,,,,,,,,,,,,,,,,,,,,,,,,,,,,,,,,
2023,5,27,10,0,13.7,12.6,92.83,,,,,,,,,,,,,,,,,,,,,,,,,,,,,,,,,,,,
2023,5,27,11,0,12.9,12.3,96.16,,,,,,,,,,,,,,,,,,,,,,,,,,,,,,,,,,,,
2023,5,27,12,0,12.6,12.1,96.69,,,,,,,,,,,,,,,,,,,,,,,,,,,,,,,,,,,,
2023,5,27,13,0,13.3,12.3,93.44,,,,,,,,,,,,,,,,,,,,,,,,,,,,,,,,,,,,
2023,5,27,14,0,13.9,11.8,87.35,,,,,,,,,,,,,,,,,,,,,,,,,,,,,,,,,,,,
2023,5,27,15,0,14.7,11.6,81.49,,,,,,,,,,,,,,,,,,,,,,,,,,,,,,,,,,,,
2023,5,27,16,0,15.6,11.6,77.29,,,,,,,,,,,,,,,,,,,,,,,,,,,,,,,,,,,,
2023,5,27,17,0,16.5,11.8,73.89,,,,,,,,,,,,,,,,,,,,,,,,,,,,,,,,,,,,
2023,5,27,18,0,17.3,12.1,71.4,,,,,,,,,,,,,,,,,,,,,,,,,,,,,,,,,,,,
2023,5,27,19,0,18.3,12.4,68.29,,,,,,,,,,,,,,,,,,,,,,,,,,,,,,,,,,,,
2023,5,27,20,0,19.2,12.6,65.71,,,,,,,,,,,,,,,,,,,,,,,,,,,,,,,,,,,,
2023,5,27,21,0,19.9,12.8,63.63,,,,,,,,,,,,,,,,,,,,,,,,,,,,,,,,,,,,
2023,5,27,22,0,20.4,12.9,62.08,,,,,,,,,,,,,,,,,,,,,,,,,,,,,,,,,,,,
2023,5,27,23,0,20.4,13,62.39,,,,,,,,,,,,,,,,,,,,,,,,,,,,,,,,,,,,
2023,5,28,0,0,19.8,13.1,65.36,,,,,,,,,,,,,,,,,,,,,,,,,,,,,,,,,,,,
2023,5,28,1,0,19,13.3,69.69,,,,,,,,,,,,,,,,,,,,,,,,,,,,,,,,,,,,
2023,5,28,2,0,17.8,13.9,77.99,,,,,,,,,,,,,,,,,,,,,,,,,,,,,,,,,,,,
2023,5,28,3,0,15.6,14,90.35,,,,,,,,,,,,,,,,,,,,,,,,,,,,,,,,,,,,
2023,5,28,4,0,14,13,93.46,,,,,,,,,,,,,,,,,,,,,,,,,,,,,,,,,,,,
2023,5,28,5,0,13.3,12.3,93.96,,,,,,,,,,,,,,,,,,,,,,,,,,,,,,,,,,,,
2023,5,28,6,0,12.5,11.8,95.48,,,,,,,,,,,,,,,,,,,,,,,,,,,,,,,,,,,,
2023,5,28,7,0,11.8,11.3,96.61,,,,,,,,,,,,,,,,,,,,,,,,,,,,,,,,,,,,
2023,5,28,8,0,11.3,10.8,96.85,,,,,,,,,,,,,,,,,,,,,,,,,,,,,,,,,,,,
2023,5,28,9,0,10.9,10.4,96.9,,,,,,,,,,,,,,,,,,,,,,,,,,,,,,,,,,,,
2023,5,28,10,0,10.8,10.3,96.62,,,,,,,,,,,,,,,,,,,,,,,,,,,,,,,,,,,,
2023,5,28,11,0,10.8,10.1,95.23,,,,,,,,,,,,,,,,,,,,,,,,,,,,,,,,,,,,
2023,5,28,12,0,10.6,9.8,94.54,,,,,,,,,,,,,,,,,,,,,,,,,,,,,,,,,,,,
2023,5,28,13,0,10.8,9.5,91.95,,,,,,,,,,,,,,,,,,,,,,,,,,,,,,,,,,,,
2023,5,28,14,0,11.2,9.5,88.99,,,,,,,,,,,,,,,,,,,,,,,,,,,,,,,,,,,,
2023,5,28,15,0,11.7,9.6,86.67,,,,,,,,,,,,,,,,,,,,,,,,,,,,,,,,,,,,
2023,5,28,16,0,12.3,9.7,84,,,,,,,,,,,,,,,,,,,,,,,,,,,,,,,,,,,,
2023,5,28,17,0,13.1,9.9,80.74,,,,,,,,,,,,,,,,,,,,,,,,,,,,,,,,,,,,
2023,5,28,18,0,14.3,10.1,75.63,,,,,,,,,,,,,,,,,,,,,,,,,,,,,,,,,,,,
2023,5,28,19,0,15.5,10.4,71.59,,,,,,,,,,,,,,,,,,,,,,,,,,,,,,,,,,,,
2023,5,28,20,0,17,10.9,67.16,,,,,,,,,,,,,,,,,,,,,,,,,,,,,,,,,,,,
2023,5,28,21,0,18.3,11.3,63.71,,,,,,,,,,,,,,,,,,,,,,,,,,,,,,,,,,,,
2023,5,28,22,0,19.3,11.7,61.36,,,,,,,,,,,,,,,,,,,,,,,,,,,,,,,,,,,,
2023,5,28,23,0,19.7,11.9,60.69,,,,,,,,,,,,,,,,,,,,,,,,,,,,,,,,,,,,
2023,5,29,0,0,19.5,12,62,,,,,,,,,,,,,,,,,,,,,,,,,,,,,,,,,,,,
2023,5,29,1,0,18.8,12.3,65.99,,,,,,,,,,,,,,,,,,,,,,,,,,,,,,,,,,,,
2023,5,29,2,0,17.6,13.6,77.27,,,,,,,,,,,,,,,,,,,,,,,,,,,,,,,,,,,,
2023,5,29,3,0,15.6,13.1,84.96,,,,,,,,,,,,,,,,,,,,,,,,,,,,,,,,,,,,
2023,5,29,4,0,14.3,11.8,84.85,,,,,,,,,,,,,,,,,,,,,,,,,,,,,,,,,,,,
2023,5,29,5,0,13.5,11.6,88.21,,,,,,,,,,,,,,,,,,,,,,,,,,,,,,,,,,,,
2023,5,29,6,0,12.8,11.4,91.23,,,,,,,,,,,,,,,,,,,,,,,,,,,,,,,,,,,,
2023,5,29,7,0,12.1,11.2,94.53,,,,,,,,,,,,,,,,,,,,,,,,,,,,,,,,,,,,
2023,5,29,8,0,11.6,11.1,96.79,,,,,,,,,,,,,,,,,,,,,,,,,,,,,,,,,,,,
2023,5,29,9,0,11,10.8,98.97,,,,,,,,,,,,,,,,,,,,,,,,,,,,,,,,,,,,
2023,5,29,10,0,10.7,10.6,99.06,,,,,,,,,,,,,,,,,,,,,,,,,,,,,,,,,,,,
2023,5,29,11,0,10.4,10.2,98.74,,,,,,,,,,,,,,,,,,,,,,,,,,,,,,,,,,,,
2023,5,29,12,0,10.3,9.9,97.33,,,,,,,,,,,,,,,,,,,,,,,,,,,,,,,,,,,,
2023,5,29,13,0,11.2,10.1,93.19,,,,,,,,,,,,,,,,,,,,,,,,,,,,,,,,,,,,
2023,5,29,14,0,12.4,10.4,87.61,,,,,,,,,,,,,,,,,,,,,,,,,,,,,,,,,,,,
2023,5,29,15,0,13.9,10.8,81.43,,,,,,,,,,,,,,,,,,,,,,,,,,,,,,,,,,,,
2023,5,29,16,0,15.4,11.1,75.74,,,,,,,,,,,,,,,,,,,,,,,,,,,,,,,,,,,,
2023,5,29,17,0,16.9,11.4,70.23,,,,,,,,,,,,,,,,,,,,,,,,,,,,,,,,,,,,
2023,5,29,18,0,17.9,11.7,66.89,,,,,,,,,,,,,,,,,,,,,,,,,,,,,,,,,,,,
2023,5,29,19,0,19,12,63.78,,,,,,,,,,,,,,,,,,,,,,,,,,,,,,,,,,,,
2023,5,29,20,0,19.8,12.3,61.91,,,,,,,,,,,,,,,,,,,,,,,,,,,,,,,,,,,,
2023,5,29,21,0,20.4,12.6,60.73,,,,,,,,,,,,,,,,,,,,,,,,,,,,,,,,,,,,
2023,5,29,22,0,20.6,12.8,60.93,,,,,,,,,,,,,,,,,,,,,,,,,,,,,,,,,,,,
2023,5,29,23,0,20.2,13,63.36,,,,,,,,,,,,,,,,,,,,,,,,,,,,,,,,,,,,
2023,5,30,0,0,19.6,13.3,66.91,,,,,,,,,,,,,,,,,,,,,,,,,,,,,,,,,,,,
2023,5,30,1,0,18.8,13.5,71.55,,,,,,,,,,,,,,,,,,,,,,,,,,,,,,,,,,,,
2023,5,30,2,0,17.5,14.1,80.27,,,,,,,,,,,,,,,,,,,,,,,,,,,,,,,,,,,,
2023,5,30,3,0,15.6,14.1,90.79,,,,,,,,,,,,,,,,,,,,,,,,,,,,,,,,,,,,
2023,5,30,4,0,14.4,13.4,94,,,,,,,,,,,,,,,,,,,,,,,,,,,,,,,,,,,,
2023,5,30,5,0,14,13,93.44,,,,,,,,,,,,,,,,,,,,,,,,,,,,,,,,,,,,
2023,5,30,6,0,13.3,12.4,94.18,,,,,,,,,,,,,,,,,,,,,,,,,,,,,,,,,,,,
2023,5,30,7,0,12.7,11.7,93.91,,,,,,,,,,,,,,,,,,,,,,,,,,,,,,,,,,,,
2023,5,30,8,0,12,11.1,93.99,,,,,,,,,,,,,,,,,,,,,,,,,,,,,,,,,,,,
2023,5,30,9,0,11.4,10.4,93.87,,,,,,,,,,,,,,,,,,,,,,,,,,,,,,,,,,,,
2023,5,30,10,0,10.9,9.8,92.71,,,,,,,,,,,,,,,,,,,,,,,,,,,,,,,,,,,,
2023,5,30,11,0,10.6,9.2,91.27,,,,,,,,,,,,,,,,,,,,,,,,,,,,,,,,,,,,
2023,5,30,12,0,10.3,8.9,91.02,,,,,,,,,,,,,,,,,,,,,,,,,,,,,,,,,,,,
2023,5,30,13,0,10.4,8.6,88.36,,,,,,,,,,,,,,,,,,,,,,,,,,,,,,,,,,,,
2023,5,30,14,0,10.6,8.3,85.4,,,,,,,,,,,,,,,,,,,,,,,,,,,,,,,,,,,,
2023,5,30,15,0,11.1,8.1,81.84,,,,,,,,,,,,,,,,,,,,,,,,,,,,,,,,,,,,
2023,5,30,16,0,11.5,8,79.12,,,,,,,,,,,,,,,,,,,,,,,,,,,,,,,,,,,,
2023,5,30,17,0,12.1,8.1,76.69,,,,,,,,,,,,,,,,,,,,,,,,,,,,,,,,,,,,
2023,5,30,18,0,13,8.2,72.83,,,,,,,,,,,,,,,,,,,,,,,,,,,,,,,,,,,,
2023,5,30,19,0,13.9,8.3,69.1,,,,,,,,,,,,,,,,,,,,,,,,,,,,,,,,,,,,
2023,5,30,20,0,14.6,8.5,66.73,,,,,,,,,,,,,,,,,,,,,,,,,,,,,,,,,,,,
2023,5,30,21,0,15.1,8.7,65.62,,,,,,,,,,,,,,,,,,,,,,,,,,,,,,,,,,,,
2023,5,30,22,0,15.5,9,65.13,,,,,,,,,,,,,,,,,,,,,,,,,,,,,,,,,,,,
2023,5,30,23,0,15.6,9.2,65.56,,,,,,,,,,,,,,,,,,,,,,,,,,,,,,,,,,,,
2023,5,31,0,0,15.1,9.4,68.79,,,,,,,,,,,,,,,,,,,,,,,,,,,,,,,,,,,,
2023,5,31,1,0,14.6,10,73.94,,,,,,,,,,,,,,,,,,,,,,,,,,,,,,,,,,,,
2023,5,31,2,0,13.8,10.6,81.22,,,,,,,,,,,,,,,,,,,,,,,,,,,,,,,,,,,,
2023,5,31,3,0,12.7,11,89.33,,,,,,,,,,,,,,,,,,,,,,,,,,,,,,,,,,,,
2023,5,31,4,0,12,10.7,92.02,,,,,,,,,,,,,,,,,,,,,,,,,,,,,,,,,,,,
2023,5,31,5,0,11.7,10.4,91.83,,,,,,,,,,,,,,,,,,,,,,,,,,,,,,,,,,,,
2023,5,31,6,0,11.3,10.1,92.09,,,,,,,,,,,,,,,,,,,,,,,,,,,,,,,,,,,,
2023,5,31,7,0,11,9.7,91.99,,,,,,,,,,,,,,,,,,,,,,,,,,,,,,,,,,,,
2023,5,31,8,0,10.6,9.5,92.83,,,,,,,,,,,,,,,,,,,,,,,,,,,,,,,,,,,,
2023,5,31,9,0,10.2,9.2,93.8,,,,,,,,,,,,,,,,,,,,,,,,,,,,,,,,,,,,
2023,5,31,10,0,9.8,8.9,94.36,,,,,,,,,,,,,,,,,,,,,,,,,,,,,,,,,,,,
2023,5,31,11,0,9.1,8.3,94.47,,,,,,,,,,,,,,,,,,,,,,,,,,,,,,,,,,,,
2023,5,31,12,0,9.1,7.8,91.58,,,,,,,,,,,,,,,,,,,,,,,,,,,,,,,,,,,,
2023,5,31,13,0,9.8,8.1,89.44,,,,,,,,,,,,,,,,,,,,,,,,,,,,,,,,,,,,
2023,5,31,14,0,10.8,8.3,84.62,,,,,,,,,,,,,,,,,,,,,,,,,,,,,,,,,,,,
2023,5,31,15,0,11.8,7.6,75.26,,,,,,,,,,,,,,,,,,,,,,,,,,,,,,,,,,,,
2023,5,31,16,0,12.6,6.7,67.41,,,,,,,,,,,,,,,,,,,,,,,,,,,,,,,,,,,,
2023,5,31,17,0,13.4,7,65.31,,,,,,,,,,,,,,,,,,,,,,,,,,,,,,,,,,,,
2023,5,31,18,0,14,7.2,63.53,,,,,,,,,,,,,,,,,,,,,,,,,,,,,,,,,,,,
2023,5,31,19,0,14.6,7.5,62.25,,,,,,,,,,,,,,,,,,,,,,,,,,,,,,,,,,,,
2023,5,31,20,0,15.3,7.7,60.52,,,,,,,,,,,,,,,,,,,,,,,,,,,,,,,,,,,,
2023,5,31,21,0,15.7,7.9,59.87,,,,,,,,,,,,,,,,,,,,,,,,,,,,,,,,,,,,
2023,5,31,22,0,15.9,8.1,59.96,,,,,,,,,,,,,,,,,,,,,,,,,,,,,,,,,,,,
2023,5,31,23,0,16,8.4,60.49,,,,,,,,,,,,,,,,,,,,,,,,,,,,,,,,,,,,
2023,6,1,0,0,15.7,8.7,63.24,,,,,,,,,,,,,,,,,,,,,,,,,,,,,,,,,,,,
2023,6,1,1,0,15.2,9.4,68.19,,,,,,,,,,,,,,,,,,,,,,,,,,,,,,,,,,,,
2023,6,1,2,0,14.5,10.7,78.01,,,,,,,,,,,,,,,,,,,,,,,,,,,,,,,,,,,,
2023,6,1,3,0,13.1,11,86.98,,,,,,,,,,,,,,,,,,,,,,,,,,,,,,,,,,,,
2023,6,1,4,0,12.3,10.1,86.26,,,,,,,,,,,,,,,,,,,,,,,,,,,,,,,,,,,,
2023,6,1,5,0,11.3,9.5,88.73,,,,,,,,,,,,,,,,,,,,,,,,,,,,,,,,,,,,
2023,6,1,6,0,10.4,9,90.89,,,,,,,,,,,,,,,,,,,,,,,,,,,,,,,,,,,,
2023,6,1,7,0,9.7,8.6,92.89,,,,,,,,,,,,,,,,,,,,,,,,,,,,,,,,,,,,
2023,6,1,8,0,9.2,8.4,94.62,,,,,,,,,,,,,,,,,,,,,,,,,,,,,,,,,,,,
2023,6,1,9,0,8.6,8,95.95,,,,,,,,,,,,,,,,,,,,,,,,,,,,,,,,,,,,
2023,6,1,10,0,8.1,7.7,97.06,,,,,,,,,,,,,,,,,,,,,,,,,,,,,,,,,,,,
2023,6,1,11,0,7.9,7.5,97.11,,,,,,,,,,,,,,,,,,,,,,,,,,,,,,,,,,,,
2023,6,1,12,0,7.9,7.4,96.69,,,,,,,,,,,,,,,,,,,,,,,,,,,,,,,,,,,,
2023,6,1,13,0,9.2,8.3,93.85,,,,,,,,,,,,,,,,,,,,,,,,,,,,,,,,,,,,
2023,6,1,14,0,10.9,8.1,82.87,,,,,,,,,,,,,,,,,,,,,,,,,,,,,,,,,,,,
2023,6,1,15,0,12.4,7.9,73.82,,,,,,,,,,,,,,,,,,,,,,,,,,,,,,,,,,,,
2023,6,1,16,0,13.7,8,68.61,,,,,,,,,,,,,,,,,,,,,,,,,,,,,,,,,,,,
2023,6,1,17,0,14.9,8.4,65.21,,,,,,,,,,,,,,,,,,,,,,,,,,,,,,,,,,,,
2023,6,1,18,0,15.9,8.6,62.02,,,,,,,,,,,,,,,,,,,,,,,,,,,,,,,,,,,,
2023,6,1,19,0,16.6,8.8,60.16,,,,,,,,,,,,,,,,,,,,,,,,,,,,,,,,,,,,
2023,6,1,20,0,17.2,9.1,58.87,,,,,,,,,,,,,,,,,,,,,,,,,,,,,,,,,,,,
2023,6,1,21,0,17.8,9.3,57.63,,,,,,,,,,,,,,,,,,,,,,,,,,,,,,,,,,,,
2023,6,1,22,0,18.1,9.5,57.32,,,,,,,,,,,,,,,,,,,,,,,,,,,,,,,,,,,,
2023,6,1,23,0,18.1,9.7,58.14,,,,,,,,,,,,,,,,,,,,,,,,,,,,,,,,,,,,
2023,6,2,0,0,17.8,10,60.36,,,,,,,,,,,,,,,,,,,,,,,,,,,,,,,,,,,,
2023,6,2,1,0,17.4,10.7,64.59,,,,,,,,,,,,,,,,,,,,,,,,,,,,,,,,,,,,
2023,6,2,2,0,16.6,12.3,75.78,,,,,,,,,,,,,,,,,,,,,,,,,,,,,,,,,,,,
2023,6,2,3,0,14.9,11.6,80.88,,,,,,,,,,,,,,,,,,,,,,,,,,,,,,,,,,,,
2023,6,2,4,0,14.2,10.5,78.6,,,,,,,,,,,,,,,,,,,,,,,,,,,,,,,,,,,,
2023,6,2,5,0,13.9,10.6,80.33,,,,,,,,,,,,,,,,,,,,,,,,,,,,,,,,,,,,
2023,6,2,6,0,13.3,10.5,83.12,,,,,,,,,,,,,,,,,,,,,,,,,,,,,,,,,,,,
2023,6,2,7,0,12.5,10.3,86.27,,,,,,,,,,,,,,,,,,,,,,,,,,,,,,,,,,,,
2023,6,2,8,0,11.8,9.9,88.41,,,,,,,,,,,,,,,,,,,,,,,,,,,,,,,,,,,,
2023,6,2,9,0,11.2,9.6,90.12,,,,,,,,,,,,,,,,,,,,,,,,,,,,,,,,,,,,
2023,6,2,10,0,10.6,9.4,92.47,,,,,,,,,,,,,,,,,,,,,,,,,,,,,,,,,,,,
2023,6,2,11,0,10,9.2,94.6,,,,,,,,,,,,,,,,,,,,,,,,,,,,,,,,,,,,
2023,6,2,12,0,9.5,8.9,96.25,,,,,,,,,,,,,,,,,,,,,,,,,,,,,,,,,,,,
2023,6,2,13,0,10.5,9.6,93.88,,,,,,,,,,,,,,,,,,,,,,,,,,,,,,,,,,,,
2023,6,2,14,0,12,9.6,85.16,,,,,,,,,,,,,,,,,,,,,,,,,,,,,,,,,,,,
2023,6,2,15,0,13.5,9.7,77.8,,,,,,,,,,,,,,,,,,,,,,,,,,,,,,,,,,,,
2023,6,2,16,0,15.1,10,71.61,,,,,,,,,,,,,,,,,,,,,,,,,,,,,,,,,,,,
2023,6,2,17,0,16.4,10.3,67.08,,,,,,,,,,,,,,,,,,,,,,,,,,,,,,,,,,,,
2023,6,2,18,0,17.9,10.5,62,,,,,,,,,,,,,,,,,,,,,,,,,,,,,,,,,,,,
2023,6,2,19,0,19.1,10.7,58.14,,,,,,,,,,,,,,,,,,,,,,,,,,,,,,,,,,,,
2023,6,2,20,0,19.9,10.8,55.73,,,,,,,,,,,,,,,,,,,,,,,,,,,,,,,,,,,,
2023,6,2,21,0,20.4,10.9,54.27,,,,,,,,,,,,,,,,,,,,,,,,,,,,,,,,,,,,
2023,6,2,22,0,20.6,10.8,53.54,,,,,,,,,,,,,,,,,,,,,,,,,,,,,,,,,,,,
2023,6,2,23,0,20.5,10.8,53.88,,,,,,,,,,,,,,,,,,,,,,,,,,,,,,,,,,,,
2023,6,3,0,0,20.1,10.9,55.55,,,,,,,,,,,,,,,,,,,,,,,,,,,,,,,,,,,,
2023,6,3,1,0,19.5,11.6,60.38,,,,,,,,,,,,,,,,,,,,,,,,,,,,,,,,,,,,
2023,6,3,2,0,18.6,12.6,68.15,,,,,,,,,,,,,,,,,,,,,,,,,,,,,,,,,,,,
2023,6,3,3,0,16.3,12.1,76.25,,,,,,,,,,,,,,,,,,,,,,,,,,,,,,,,,,,,
2023,6,3,4,0,14.8,10.9,77.23,,,,,,,,,,,,,,,,,,,,,,,,,,,,,,,,,,,,
2023,6,3,5,0,13.9,10.8,81.44,,,,,,,,,,,,,,,,,,,,,,,,,,,,,,,,,,,,
2023,6,3,6,0,12.9,10.6,86.03,,,,,,,,,,,,,,,,,,,,,,,,,,,,,,,,,,,,
2023,6,3,7,0,12,10.4,90.17,,,,,,,,,,,,,,,,,,,,,,,,,,,,,,,,,,,,
2023,6,3,8,0,11.3,10.2,92.98,,,,,,,,,,,,,,,,,,,,,,,,,,,,,,,,,,,,
2023,6,3,9,0,10.9,10,93.93,,,,,,,,,,,,,,,,,,,,,,,,,,,,,,,,,,,,
2023,6,3,10,0,10.5,9.6,94.25,,,,,,,,,,,,,,,,,,,,,,,,,,,,,,,,,,,,
2023,6,3,11,0,10.1,9.3,94.83,,,,,,,,,,,,,,,,,,,,,,,,,,,,,,,,,,,,
2023,6,3,12,0,9.9,9,94.26,,,,,,,,,,,,,,,,,,,,,,,,,,,,,,,,,,,,
2023,6,3,13,0,10.9,9.7,92.32,,,,,,,,,,,,,,,,,,,,,,,,,,,,,,,,,,,,
2023,6,3,14,0,12.3,9.5,82.96,,,,,,,,,,,,,,,,,,,,,,,,,,,,,,,,,,,,
2023,6,3,15,0,14,9.6,74.68,,,,,,,,,,,,,,,,,,,,,,,,,,,,,,,,,,,,
2023,6,3,16,0,15.7,9.9,68.36,,,,,,,,,,,,,,,,,,,,,,,,,,,,,,,,,,,,
2023,6,3,17,0,17.3,10.2,62.87,,,,,,,,,,,,,,,,,,,,,,,,,,,,,,,,,,,,
2023,6,3,18,0,18.8,10.5,58.72,,,,,,,,,,,,,,,,,,,,,,,,,,,,,,,,,,,,
2023,6,3,19,0,20,10.9,55.74,,,,,,,,,,,,,,,,,,,,,,,,,,,,,,,,,,,,
2023,6,3,20,0,20.9,11.2,53.84,,,,,,,,,,,,,,,,,,,,,,,,,,,,,,,,,,,,
2023,6,3,21,0,21.5,11.5,52.84,,,,,,,,,,,,,,,,,,,,,,,,,,,,,,,,,,,,
2023,6,3,22,0,21.8,11.8,52.88,,,,,,,,,,,,,,,,,,,,,,,,,,,,,,,,,,,,
2023,6,3,23,0,21.8,12.1,53.95,,,,,,,,,,,,,,,,,,,,,,,,,,,,,,,,,,,,
2023,6,4,0,0,21.3,12.5,57.18,,,,,,,,,,,,,,,,,,,,,,,,,,,,,,,,,,,,
2023,6,4,1,0,20.9,13.5,62.77,,,,,,,,,,,,,,,,,,,,,,,,,,,,,,,,,,,,
2023,6,4,2,0,19.9,14.4,70.42,,,,,,,,,,,,,,,,,,,,,,,,,,,,,,,,,,,,
2023,6,4,3,0,17.1,14.2,82.84,,,,,,,,,,,,,,,,,,,,,,,,,,,,,,,,,,,,
2023,6,4,4,0,14.8,12.9,88.14,,,,,,,,,,,,,,,,,,,,,,,,,,,,,,,,,,,,
2023,6,4,5,0,13.7,12.6,92.93,,,,,,,,,,,,,,,,,,,,,,,,,,,,,,,,,,,,
2023,6,4,6,0,13.4,12.3,92.76,,,,,,,,,,,,,,,,,,,,,,,,,,,,,,,,,,,,
2023,6,4,7,0,13.1,11.9,92.46,,,,,,,,,,,,,,,,,,,,,,,,,,,,,,,,,,,,
2023,6,4,8,0,12.8,11.2,90.11,,,,,,,,,,,,,,,,,,,,,,,,,,,,,,,,,,,,
2023,6,4,9,0,12.2,10.6,89.8,,,,,,,,,,,,,,,,,,,,,,,,,,,,,,,,,,,,
2023,6,4,10,0,11.6,9.7,87.94,,,,,,,,,,,,,,,,,,,,,,,,,,,,,,,,,,,,
2023,6,4,11,0,10.4,9,90.87,,,,,,,,,,,,,,,,,,,,,,,,,,,,,,,,,,,,
2023,6,4,12,0,9.4,8.3,93.08,,,,,,,,,,,,,,,,,,,,,,,,,,,,,,,,,,,,
2023,6,4,13,0,10.4,8.4,87.69,,,,,,,,,,,,,,,,,,,,,,,,,,,,,,,,,,,,
2023,6,4,14,0,11.7,7.7,76.7,,,,,,,,,,,,,,,,,,,,,,,,,,,,,,,,,,,,
2023,6,4,15,0,13.2,7.3,67.32,,,,,,,,,,,,,,,,,,,,,,,,,,,,,,,,,,,,
2023,6,4,16,0,14.5,7.2,61.64,,,,,,,,,,,,,,,,,,,,,,,,,,,,,,,,,,,,
2023,6,4,17,0,15.7,7.4,57.72,,,,,,,,,,,,,,,,,,,,,,,,,,,,,,,,,,,,
2023,6,4,18,0,16.8,7.6,54.59,,,,,,,,,,,,,,,,,,,,,,,,,,,,,,,,,,,,
2023,6,4,19,0,17.6,7.8,52.69,,,,,,,,,,,,,,,,,,,,,,,,,,,,,,,,,,,,
2023,6,4,20,0,18.2,7.8,50.77,,,,,,,,,,,,,,,,,,,,,,,,,,,,,,,,,,,,
2023,6,4,21,0,18.6,7.9,49.78,,,,,,,,,,,,,,,,,,,,,,,,,,,,,,,,,,,,
2023,6,4,22,0,18.7,7.9,49.45,,,,,,,,,,,,,,,,,,,,,,,,,,,,,,,,,,,,
2023,6,4,23,0,18.6,8,50.08,,,,,,,,,,,,,,,,,,,,,,,,,,,,,,,,,,,,
2023,6,5,0,0,18.1,8.3,52.91,,,,,,,,,,,,,,,,,,,,,,,,,,,,,,,,,,,,
2023,6,5,1,0,17.3,9.4,59.73,,,,,,,,,,,,,,,,,,,,,,,,,,,,,,,,,,,,
2023,6,5,2,0,16,11,72.06,,,,,,,,,,,,,,,,,,,,,,,,,,,,,,,,,,,,
2023,6,5,3,0,13.4,11.1,86.02,,,,,,,,,,,,,,,,,,,,,,,,,,,,,,,,,,,,
2023,6,5,4,0,11.5,9.9,89.9,,,,,,,,,,,,,,,,,,,,,,,,,,,,,,,,,,,,
2023,6,5,5,0,10.9,9.5,90.8,,,,,,,,,,,,,,,,,,,,,,,,,,,,,,,,,,,,
2023,6,5,6,0,10.3,9,91.64,,,,,,,,,,,,,,,,,,,,,,,,,,,,,,,,,,,,
2023,6,5,7,0,9.7,8.6,92.89,,,,,,,,,,,,,,,,,,,,,,,,,,,,,,,,,,,,
2023,6,5,8,0,9.2,8.3,93.85,,,,,,,,,,,,,,,,,,,,,,,,,,,,,,,,,,,,
2023,6,5,9,0,8.7,7.9,94.91,,,,,,,,,,,,,,,,,,,,,,,,,,,,,,,,,,,,
2023,6,5,10,0,8.3,7.7,95.92,,,,,,,,,,,,,,,,,,,,,,,,,,,,,,,,,,,,
2023,6,5,11,0,8,7.4,96.16,,,,,,,,,,,,,,,,,,,,,,,,,,,,,,,,,,,,
2023,6,5,12,0,7.9,7.3,95.94,,,,,,,,,,,,,,,,,,,,,,,,,,,,,,,,,,,,
2023,6,5,13,0,9.9,8.6,91.38,,,,,,,,,,,,,,,,,,,,,,,,,,,,,,,,,,,,
2023,6,5,14,0,11.9,8.6,80.19,,,,,,,,,,,,,,,,,,,,,,,,,,,,,,,,,,,,
2023,6,5,15,0,13.5,8.2,70.44,,,,,,,,,,,,,,,,,,,,,,,,,,,,,,,,,,,,
2023,6,5,16,0,15,7.8,62.21,,,,,,,,,,,,,,,,,,,,,,,,,,,,,,,,,,,,
2023,6,5,17,0,16.3,7.5,56.14,,,,,,,,,,,,,,,,,,,,,,,,,,,,,,,,,,,,
2023,6,5,18,0,17.5,7.4,51.41,,,,,,,,,,,,,,,,,,,,,,,,,,,,,,,,,,,,
2023,6,5,19,0,18.3,7.4,49.12,,,,,,,,,,,,,,,,,,,,,,,,,,,,,,,,,,,,
2023,6,5,20,0,19,7.5,47.29,,,,,,,,,,,,,,,,,,,,,,,,,,,,,,,,,,,,
2023,6,5,21,0,19.4,7.6,46.5,,,,,,,,,,,,,,,,,,,,,,,,,,,,,,,,,,,,
2023,6,5,22,0,19.5,7.9,47.05,,,,,,,,,,,,,,,,,,,,,,,,,,,,,,,,,,,,
2023,6,5,23,0,19.4,8.4,48.81,,,,,,,,,,,,,,,,,,,,,,,,,,,,,,,,,,,,
2023,6,6,0,0,18.9,9,52.6,,,,,,,,,,,,,,,,,,,,,,,,,,,,,,,,,,,,
2023,6,6,1,0,18,10.2,60.37,,,,,,,,,,,,,,,,,,,,,,,,,,,,,,,,,,,,
2023,6,6,2,0,16.6,11.7,72.8,,,,,,,,,,,,,,,,,,,,,,,,,,,,,,,,,,,,
2023,6,6,3,0,13.9,11.6,86.14,,,,,,,,,,,,,,,,,,,,,,,,,,,,,,,,,,,,
2023,6,6,4,0,12.3,10.2,87.19,,,,,,,,,,,,,,,,,,,,,,,,,,,,,,,,,,,,
2023,6,6,5,0,12.2,9.8,85.02,,,,,,,,,,,,,,,,,,,,,,,,,,,,,,,,,,,,
2023,6,6,6,0,11.8,9.5,85.98,,,,,,,,,,,,,,,,,,,,,,,,,,,,,,,,,,,,
2023,6,6,7,0,11.8,9.4,85.32,,,,,,,,,,,,,,,,,,,,,,,,,,,,,,,,,,,,
2023,6,6,8,0,11.7,9.3,85.36,,,,,,,,,,,,,,,,,,,,,,,,,,,,,,,,,,,,
2023,6,6,9,0,11.3,9.2,86.79,,,,,,,,,,,,,,,,,,,,,,,,,,,,,,,,,,,,
2023,6,6,10,0,10.8,8.9,88.34,,,,,,,,,,,,,,,,,,,,,,,,,,,,,,,,,,,,
2023,6,6,11,0,10.5,8.7,88.78,,,,,,,,,,,,,,,,,,,,,,,,,,,,,,,,,,,,
2023,6,6,12,0,10.5,8.6,87.74,,,,,,,,,,,,,,,,,,,,,,,,,,,,,,,,,,,,
2023,6,6,13,0,11.7,9.8,88,,,,,,,,,,,,,,,,,,,,,,,,,,,,,,,,,,,,
2023,6,6,14,0,14.4,10.8,78.73,,,,,,,,,,,,,,,,,,,,,,,,,,,,,,,,,,,,
2023,6,6,15,0,16.9,10.6,66.23,,,,,,,,,,,,,,,,,,,,,,,,,,,,,,,,,,,,
2023,6,6,16,0,18.8,10.6,59.1,,,,,,,,,,,,,,,,,,,,,,,,,,,,,,,,,,,,
2023,6,6,17,0,20.2,11,55.41,,,,,,,,,,,,,,,,,,,,,,,,,,,,,,,,,,,,
2023,6,6,18,0,21.5,11.5,52.95,,,,,,,,,,,,,,,,,,,,,,,,,,,,,,,,,,,,
2023,6,6,19,0,22.4,11.9,51.6,,,,,,,,,,,,,,,,,,,,,,,,,,,,,,,,,,,,
2023,6,6,20,0,22.9,12.3,51.37,,,,,,,,,,,,,,,,,,,,,,,,,,,,,,,,,,,,
2023,6,6,21,0,23.2,12.6,51.46,,,,,,,,,,,,,,,,,,,,,,,,,,,,,,,,,,,,
2023,6,6,22,0,23.4,12.8,51.41,,,,,,,,,,,,,,,,,,,,,,,,,,,,,,,,,,,,
2023,6,6,23,0,23.3,13.1,52.56,,,,,,,,,,,,,,,,,,,,,,,,,,,,,,,,,,,,
2023,6,7,0,0,22.7,13.7,56.89,,,,,,,,,,,,,,,,,,,,,,,,,,,,,,,,,,,,
2023,6,7,1,0,21.8,14.9,64.67,,,,,,,,,,,,,,,,,,,,,,,,,,,,,,,,,,,,
2023,6,7,2,0,20.3,16,76.4,,,,,,,,,,,,,,,,,,,,,,,,,,,,,,,,,,,,
2023,6,7,3,0,17.5,15.2,86.38,,,,,,,,,,,,,,,,,,,,,,,,,,,,,,,,,,,,
2023,6,7,4,0,15.7,13.3,85.42,,,,,,,,,,,,,,,,,,,,,,,,,,,,,,,,,,,,
2023,6,7,5,0,15.3,12.6,83.8,,,,,,,,,,,,,,,,,,,,,,,,,,,,,,,,,,,,
2023,6,7,6,0,15.1,12.1,82.02,,,,,,,,,,,,,,,,,,,,,,,,,,,,,,,,,,,,
2023,6,7,7,0,15.1,11.6,79.51,,,,,,,,,,,,,,,,,,,,,,,,,,,,,,,,,,,,
2023,6,7,8,0,15.3,11,75.74,,,,,,,,,,,,,,,,,,,,,,,,,,,,,,,,,,,,
2023,6,7,9,0,15,10.8,76.09,,,,,,,,,,,,,,,,,,,,,,,,,,,,,,,,,,,,
2023,6,7,10,0,14.6,10.6,76.83,,,,,,,,,,,,,,,,,,,,,,,,,,,,,,,,,,,,
2023,6,7,11,0,14.2,10.2,77.13,,,,,,,,,,,,,,,,,,,,,,,,,,,,,,,,,,,,
2023,6,7,12,0,14.1,10,76.57,,,,,,,,,,,,,,,,,,,,,,,,,,,,,,,,,,,,
2023,6,7,13,0,15.5,11.4,76.74,,,,,,,,,,,,,,,,,,,,,,,,,,,,,,,,,,,,
2023,6,7,14,0,18,13.5,74.75,,,,,,,,,,,,,,,,,,,,,,,,,,,,,,,,,,,,
2023,6,7,15,0,20.8,14.2,65.93,,,,,,,,,,,,,,,,,,,,,,,,,,,,,,,,,,,,
2023,6,7,16,0,22.1,13.5,58.17,,,,,,,,,,,,,,,,,,,,,,,,,,,,,,,,,,,,
2023,6,7,17,0,23.7,13.5,52.97,,,,,,,,,,,,,,,,,,,,,,,,,,,,,,,,,,,,
2023,6,7,18,0,24.9,13.9,50.42,,,,,,,,,,,,,,,,,,,,,,,,,,,,,,,,,,,,
2023,6,7,19,0,25.9,14.4,49.05,,,,,,,,,,,,,,,,,,,,,,,,,,,,,,,,,,,,
2023,6,7,20,0,26.7,14.8,48,,,,,,,,,,,,,,,,,,,,,,,,,,,,,,,,,,,,
2023,6,7,21,0,27.2,15.1,47.6,,,,,,,,,,,,,,,,,,,,,,,,,,,,,,,,,,,,
2023,6,7,22,0,27.4,15.5,48.1,,,,,,,,,,,,,,,,,,,,,,,,,,,,,,,,,,,,
2023,6,7,23,0,27.3,15.9,49.9,,,,,,,,,,,,,,,,,,,,,,,,,,,,,,,,,,,,
2023,6,8,0,0,27.3,16.9,52.93,,,,,,,,,,,,,,,,,,,,,,,,,,,,,,,,,,,,
2023,6,8,1,0,27.5,18.5,58.05,,,,,,,,,,,,,,,,,,,,,,,,,,,,,,,,,,,,
2023,6,8,2,0,25,18.2,66.17,,,,,,,,,,,,,,,,,,,,,,,,,,,,,,,,,,,,
2023,6,8,3,0,22.2,16.8,71.59,,,,,,,,,,,,,,,,,,,,,,,,,,,,,,,,,,,,
2023,6,8,4,0,20.4,15.3,72.57,,,,,,,,,,,,,,,,,,,,,,,,,,,,,,,,,,,,
2023,6,8,5,0,19.2,15.3,78.03,,,,,,,,,,,,,,,,,,,,,,,,,,,,,,,,,,,,
2023,6,8,6,0,18.2,15.1,82.36,,,,,,,,,,,,,,,,,,,,,,,,,,,,,,,,,,,,
2023,6,8,7,0,17,14.8,87.04,,,,,,,,,,,,,,,,,,,,,,,,,,,,,,,,,,,,
2023,6,8,8,0,15.8,14.3,90.92,,,,,,,,,,,,,,,,,,,,,,,,,,,,,,,,,,,,
2023,6,8,9,0,14.8,13.9,94.57,,,,,,,,,,,,,,,,,,,,,,,,,,,,,,,,,,,,
2023,6,8,10,0,14.4,13.5,94.62,,,,,,,,,,,,,,,,,,,,,,,,,,,,,,,,,,,,
2023,6,8,11,0,13.7,12.9,94.7,,,,,,,,,,,,,,,,,,,,,,,,,,,,,,,,,,,,
2023,6,8,12,0,13.2,12.2,93.94,,,,,,,,,,,,,,,,,,,,,,,,,,,,,,,,,,,,
2023,6,8,13,0,13.6,11.9,89.41,,,,,,,,,,,,,,,,,,,,,,,,,,,,,,,,,,,,
2023,6,8,14,0,14.4,11,80.25,,,,,,,,,,,,,,,,,,,,,,,,,,,,,,,,,,,,
2023,6,8,15,0,15.5,10.6,72.77,,,,,,,,,,,,,,,,,,,,,,,,,,,,,,,,,,,,
2023,6,8,16,0,16.8,10.7,67.19,,,,,,,,,,,,,,,,,,,,,,,,,,,,,,,,,,,,
2023,6,8,17,0,18.2,10.9,62.45,,,,,,,,,,,,,,,,,,,,,,,,,,,,,,,,,,,,
2023,6,8,18,0,19.2,11.3,60.16,,,,,,,,,,,,,,,,,,,,,,,,,,,,,,,,,,,,
2023,6,8,19,0,19.4,11.6,60.79,,,,,,,,,,,,,,,,,,,,,,,,,,,,,,,,,,,,
2023,6,8,20,0,19.1,12.1,63.81,,,,,,,,,,,,,,,,,,,,,,,,,,,,,,,,,,,,
2023,6,8,21,0,19.1,12.6,65.84,,,,,,,,,,,,,,,,,,,,,,,,,,,,,,,,,,,,
2023,6,8,22,0,19.3,13,66.82,,,,,,,,,,,,,,,,,,,,,,,,,,,,,,,,,,,,
2023,6,8,23,0,19.2,13.5,69.72,,,,,,,,,,,,,,,,,,,,,,,,,,,,,,,,,,,,
2023,6,9,0,0,19,14.5,75.35,,,,,,,,,,,,,,,,,,,,,,,,,,,,,,,,,,,,
2023,6,9,1,0,18.4,15,80.51,,,,,,,,,,,,,,,,,,,,,,,,,,,,,,,,,,,,
2023,6,9,2,0,17.2,15,87.12,,,,,,,,,,,,,,,,,,,,,,,,,,,,,,,,,,,,
2023,6,9,3,0,16.2,14.6,90.45,,,,,,,,,,,,,,,,,,,,,,,,,,,,,,,,,,,,
2023,6,9,4,0,15.7,14.5,92.46,,,,,,,,,,,,,,,,,,,,,,,,,,,,,,,,,,,,
2023,6,9,5,0,15.4,14.3,93.25,,,,,,,,,,,,,,,,,,,,,,,,,,,,,,,,,,,,
2023,6,9,6,0,14.8,14,94.78,,,,,,,,,,,,,,,,,,,,,,,,,,,,,,,,,,,,
2023,6,9,7,0,14.3,13.7,96.17,,,,,,,,,,,,,,,,,,,,,,,,,,,,,,,,,,,,
2023,6,9,8,0,14.1,13.4,95.78,,,,,,,,,,,,,,,,,,,,,,,,,,,,,,,,,,,,
2023,6,9,9,0,13.7,13.1,95.96,,,,,,,,,,,,,,,,,,,,,,,,,,,,,,,,,,,,
2023,6,9,10,0,13.4,12.8,96.14,,,,,,,,,,,,,,,,,,,,,,,,,,,,,,,,,,,,
2023,6,9,11,0,13.1,12.5,96.05,,,,,,,,,,,,,,,,,,,,,,,,,,,,,,,,,,,,
2023,6,9,12,0,12.7,12.1,96.35,,,,,,,,,,,,,,,,,,,,,,,,,,,,,,,,,,,,
2023,6,9,13,0,12.5,11.9,95.96,,,,,,,,,,,,,,,,,,,,,,,,,,,,,,,,,,,,
2023,6,9,14,0,12.5,11.8,95.41,,,,,,,,,,,,,,,,,,,,,,,,,,,,,,,,,,,,
2023,6,9,15,0,12.6,11.8,94.75,,,,,,,,,,,,,,,,,,,,,,,,,,,,,,,,,,,,
2023,6,9,16,0,12.8,11.8,93.55,,,,,,,,,,,,,,,,,,,,,,,,,,,,,,,,,,,,
2023,6,9,17,0,13,11.7,92.07,,,,,,,,,,,,,,,,,,,,,,,,,,,,,,,,,,,,
2023,6,9,18,0,13.4,11.8,89.75,,,,,,,,,,,,,,,,,,,,,,,,,,,,,,,,,,,,
2023,6,9,19,0,13.8,11.8,87.66,,,,,,,,,,,,,,,,,,,,,,,,,,,,,,,,,,,,
2023,6,9,20,0,14.1,11.8,86.18,,,,,,,,,,,,,,,,,,,,,,,,,,,,,,,,,,,,
2023,6,9,21,0,14.3,11.9,85.56,,,,,,,,,,,,,,,,,,,,,,,,,,,,,,,,,,,,
2023,6,9,22,0,14.2,12,86.6,,,,,,,,,,,,,,,,,,,,,,,,,,,,,,,,,,,,
2023,6,9,23,0,14,12.1,88.59,,,,,,,,,,,,,,,,,,,,,,,,,,,,,,,,,,,,
2023,6,10,0,0,13.7,12.3,91.02,,,,,,,,,,,,,,,,,,,,,,,,,,,,,,,,,,,,
2023,6,10,1,0,13.4,12.3,93.04,,,,,,,,,,,,,,,,,,,,,,,,,,,,,,,,,,,,
2023,6,10,2,0,13,12.3,95.28,,,,,,,,,,,,,,,,,,,,,,,,,,,,,,,,,,,,
2023,6,10,3,0,12.7,12.1,96.07,,,,,,,,,,,,,,,,,,,,,,,,,,,,,,,,,,,,
2023,6,10,4,0,12.4,11.8,96.4,,,,,,,,,,,,,,,,,,,,,,,,,,,,,,,,,,,,
2023,6,10,5,0,12.2,11.6,96.17,,,,,,,,,,,,,,,,,,,,,,,,,,,,,,,,,,,,
2023,6,10,6,0,11.9,11.4,96.64,,,,,,,,,,,,,,,,,,,,,,,,,,,,,,,,,,,,
2023,6,10,7,0,11.7,11.2,96.63,,,,,,,,,,,,,,,,,,,,,,,,,,,,,,,,,,,,
2023,6,10,8,0,11.6,11,96.22,,,,,,,,,,,,,,,,,,,,,,,,,,,,,,,,,,,,
2023,6,10,9,0,11.4,10.9,96.63,,,,,,,,,,,,,,,,,,,,,,,,,,,,,,,,,,,,
2023,6,10,10,0,11.3,10.8,96.43,,,,,,,,,,,,,,,,,,,,,,,,,,,,,,,,,,,,
2023,6,10,11,0,11.1,10.6,96.77,,,,,,,,,,,,,,,,,,,,,,,,,,,,,,,,,,,,
2023,6,10,12,0,11,10.5,96.74,,,,,,,,,,,,,,,,,,,,,,,,,,,,,,,,,,,,
2023,6,10,13,0,11.2,10.6,96.29,,,,,,,,,,,,,,,,,,,,,,,,,,,,,,,,,,,,
2023,6,10,14,0,11.7,11,95.75,,,,,,,,,,,,,,,,,,,,,,,,,,,,,,,,,,,,
2023,6,10,15,0,12.5,11.7,94.95,,,,,,,,,,,,,,,,,,,,,,,,,,,,,,,,,,,,
2023,6,10,16,0,14.2,12.4,89.2,,,,,,,,,,,,,,,,,,,,,,,,,,,,,,,,,,,,
2023,6,10,17,0,15.4,12.5,82.87,,,,,,,,,,,,,,,,,,,,,,,,,,,,,,,,,,,,
2023,6,10,18,0,16.3,12.5,78.2,,,,,,,,,,,,,,,,,,,,,,,,,,,,,,,,,,,,
2023,6,10,19,0,17.6,12.5,72.06,,,,,,,,,,,,,,,,,,,,,,,,,,,,,,,,,,,,
2023,6,10,20,0,18.7,12.4,67,,,,,,,,,,,,,,,,,,,,,,,,,,,,,,,,,,,,
2023,6,10,21,0,18,12.1,68.54,,,,,,,,,,,,,,,,,,,,,,,,,,,,,,,,,,,,
2023,6,10,22,0,17.9,12.2,69.36,,,,,,,,,,,,,,,,,,,,,,,,,,,,,,,,,,,,
2023,6,10,23,0,17.8,12.4,70.7,,,,,,,,,,,,,,,,,,,,,,,,,,,,,,,,,,,,
2023,6,11,0,0,17.3,12.6,73.85,,,,,,,,,,,,,,,,,,,,,,,,,,,,,,,,,,,,
2023,6,11,1,0,16.6,12.7,78,,,,,,,,,,,,,,,,,,,,,,,,,,,,,,,,,,,,
2023,6,11,2,0,15.7,13,83.91,,,,,,,,,,,,,,,,,,,,,,,,,,,,,,,,,,,,
2023,6,11,3,0,14.7,13.2,90.75,,,,,,,,,,,,,,,,,,,,,,,,,,,,,,,,,,,,
2023,6,11,4,0,13.7,12.8,94.13,,,,,,,,,,,,,,,,,,,,,,,,,,,,,,,,,,,,
2023,6,11,5,0,13.2,12.4,94.65,,,,,,,,,,,,,,,,,,,,,,,,,,,,,,,,,,,,
2023,6,11,6,0,12.7,11.9,94.73,,,,,,,,,,,,,,,,,,,,,,,,,,,,,,,,,,,,
2023,6,11,7,0,12.2,11.5,95.29,,,,,,,,,,,,,,,,,,,,,,,,,,,,,,,,,,,,
2023,6,11,8,0,11.7,11.1,96.16,,,,,,,,,,,,,,,,,,,,,,,,,,,,,,,,,,,,
2023,6,11,9,0,11.1,10.9,98.46,,,,,,,,,,,,,,,,,,,,,,,,,,,,,,,,,,,,
2023,6,11,10,0,10.9,10.8,99.12,,,,,,,,,,,,,,,,,,,,,,,,,,,,,,,,,,,,
2023,6,11,11,0,10.8,10.7,99.33,,,,,,,,,,,,,,,,,,,,,,,,,,,,,,,,,,,,
2023,6,11,12,0,11.1,10.8,97.8,,,,,,,,,,,,,,,,,,,,,,,,,,,,,,,,,,,,
2023,6,11,13,0,12.5,11.6,94.07,,,,,,,,,,,,,,,,,,,,,,,,,,,,,,,,,,,,
2023,6,11,14,0,13.9,12,88.28,,,,,,,,,,,,,,,,,,,,,,,,,,,,,,,,,,,,
2023,6,11,15,0,15.2,12.1,81.76,,,,,,,,,,,,,,,,,,,,,,,,,,,,,,,,,,,,
2023,6,11,16,0,16.3,12.2,76.91,,,,,,,,,,,,,,,,,,,,,,,,,,,,,,,,,,,,
2023,6,11,17,0,17.4,12.5,73.1,,,,,,,,,,,,,,,,,,,,,,,,,,,,,,,,,,,,
2023,6,11,18,0,18.2,12.9,71.1,,,,,,,,,,,,,,,,,,,,,,,,,,,,,,,,,,,,
2023,6,11,19,0,18.8,13.2,69.89,,,,,,,,,,,,,,,,,,,,,,,,,,,,,,,,,,,,
2023,6,11,20,0,19.4,13.5,68.68,,,,,,,,,,,,,,,,,,,,,,,,,,,,,,,,,,,,
2023,6,11,21,0,20.1,13.8,67.21,,,,,,,,,,,,,,,,,,,,,,,,,,,,,,,,,,,,
2023,6,11,22,0,20.6,14.1,66.52,,,,,,,,,,,,,,,,,,,,,,,,,,,,,,,,,,,,
2023,6,11,23,0,20.7,14.4,67.22,,,,,,,,,,,,,,,,,,,,,,,,,,,,,,,,,,,,
2023,6,12,0,0,20.5,14.6,69.07,,,,,,,,,,,,,,,,,,,,,,,,,,,,,,,,,,,,
2023,6,12,1,0,20,14.8,72.02,,,,,,,,,,,,,,,,,,,,,,,,,,,,,,,,,,,,
2023,6,12,2,0,19,15.2,78.82,,,,,,,,,,,,,,,,,,,,,,,,,,,,,,,,,,,,
2023,6,12,3,0,17.1,15.6,91.16,,,,,,,,,,,,,,,,,,,,,,,,,,,,,,,,,,,,
2023,6,12,4,0,15.6,14.4,92.4,,,,,,,,,,,,,,,,,,,,,,,,,,,,,,,,,,,,
2023,6,12,5,0,15.4,14,91.61,,,,,,,,,,,,,,,,,,,,,,,,,,,,,,,,,,,,
2023,6,12,6,0,15.2,13.8,91.29,,,,,,,,,,,,,,,,,,,,,,,,,,,,,,,,,,,,
2023,6,12,7,0,15,13.6,91.06,,,,,,,,,,,,,,,,,,,,,,,,,,,,,,,,,,,,
2023,6,12,8,0,14.8,13.4,91.1,,,,,,,,,,,,,,,,,,,,,,,,,,,,,,,,,,,,
2023,6,12,9,0,14.7,13.2,90.77,,,,,,,,,,,,,,,,,,,,,,,,,,,,,,,,,,,,
2023,6,12,10,0,14.5,13,90.88,,,,,,,,,,,,,,,,,,,,,,,,,,,,,,,,,,,,
2023,6,12,11,0,14.1,12.8,92.17,,,,,,,,,,,,,,,,,,,,,,,,,,,,,,,,,,,,
2023,6,12,12,0,13.8,12.8,93.4,,,,,,,,,,,,,,,,,,,,,,,,,,,,,,,,,,,,
2023,6,12,13,0,15.3,13.7,90.23,,,,,,,,,,,,,,,,,,,,,,,,,,,,,,,,,,,,
2023,6,12,14,0,16.9,13.9,82.39,,,,,,,,,,,,,,,,,,,,,,,,,,,,,,,,,,,,
2023,6,12,15,0,18.8,14.1,74.02,,,,,,,,,,,,,,,,,,,,,,,,,,,,,,,,,,,,
2023,6,12,16,0,20.4,14.5,68.69,,,,,,,,,,,,,,,,,,,,,,,,,,,,,,,,,,,,
2023,6,12,17,0,21.8,14.9,64.68,,,,,,,,,,,,,,,,,,,,,,,,,,,,,,,,,,,,
2023,6,12,18,0,23.1,15.2,61.05,,,,,,,,,,,,,,,,,,,,,,,,,,,,,,,,,,,,
2023,6,12,19,0,24.2,15.4,58.1,,,,,,,,,,,,,,,,,,,,,,,,,,,,,,,,,,,,
2023,6,12,20,0,25.1,15.7,55.87,,,,,,,,,,,,,,,,,,,,,,,,,,,,,,,,,,,,
2023,6,12,21,0,25.7,15.8,54.44,,,,,,,,,,,,,,,,,,,,,,,,,,,,,,,,,,,,
2023,6,12,22,0,26,15.9,53.63,,,,,,,,,,,,,,,,,,,,,,,,,,,,,,,,,,,,
2023,6,12,23,0,25.9,16,54.49,,,,,,,,,,,,,,,,,,,,,,,,,,,,,,,,,,,,
2023,6,13,0,0,25.5,16.5,57.5,,,,,,,,,,,,,,,,,,,,,,,,,,,,,,,,,,,,
2023,6,13,1,0,25,17.5,63.32,,,,,,,,,,,,,,,,,,,,,,,,,,,,,,,,,,,,
2023,6,13,2,0,24,17.9,68.83,,,,,,,,,,,,,,,,,,,,,,,,,,,,,,,,,,,,
2023,6,13,3,0,21.9,17.2,74.49,,,,,,,,,,,,,,,,,,,,,,,,,,,,,,,,,,,,
2023,6,13,4,0,21.2,15.1,68.24,,,,,,,,,,,,,,,,,,,,,,,,,,,,,,,,,,,,
2023,6,13,5,0,20.2,14.9,71.55,,,,,,,,,,,,,,,,,,,,,,,,,,,,,,,,,,,,
2023,6,13,6,0,18.7,14.8,77.93,,,,,,,,,,,,,,,,,,,,,,,,,,,,,,,,,,,,
2023,6,13,7,0,17.5,14.6,83,,,,,,,,,,,,,,,,,,,,,,,,,,,,,,,,,,,,
2023,6,13,8,0,16.8,14.4,85.59,,,,,,,,,,,,,,,,,,,,,,,,,,,,,,,,,,,,
2023,6,13,9,0,15.6,14.2,91.47,,,,,,,,,,,,,,,,,,,,,,,,,,,,,,,,,,,,
2023,6,13,10,0,14.7,14.1,96.17,,,,,,,,,,,,,,,,,,,,,,,,,,,,,,,,,,,,
2023,6,13,11,0,14.1,13.7,97.4,,,,,,,,,,,,,,,,,,,,,,,,,,,,,,,,,,,,
2023,6,13,12,0,13.9,13.2,95.68,,,,,,,,,,,,,,,,,,,,,,,,,,,,,,,,,,,,
2023,6,13,13,0,14.7,13.3,91.23,,,,,,,,,,,,,,,,,,,,,,,,,,,,,,,,,,,,
2023,6,13,14,0,15.5,12.9,84.5,,,,,,,,,,,,,,,,,,,,,,,,,,,,,,,,,,,,
2023,6,13,15,0,16.3,12.9,80.36,,,,,,,,,,,,,,,,,,,,,,,,,,,,,,,,,,,,
2023,6,13,16,0,16.6,12.9,78.94,,,,,,,,,,,,,,,,,,,,,,,,,,,,,,,,,,,,
2023,6,13,17,0,16.7,12.8,78,,,,,,,,,,,,,,,,,,,,,,,,,,,,,,,,,,,,
2023,6,13,18,0,17.2,12.6,74.56,,,,,,,,,,,,,,,,,,,,,,,,,,,,,,,,,,,,
2023,6,13,19,0,18.2,12.4,68.74,,,,,,,,,,,,,,,,,,,,,,,,,,,,,,,,,,,,
2023,6,13,20,0,19.3,12.1,63.2,,,,,,,,,,,,,,,,,,,,,,,,,,,,,,,,,,,,
2023,6,13,21,0,20.1,12,59.46,,,,,,,,,,,,,,,,,,,,,,,,,,,,,,,,,,,,
2023,6,13,22,0,20.4,12.1,58.85,,,,,,,,,,,,,,,,,,,,,,,,,,,,,,,,,,,,
2023,6,13,23,0,20,12.1,60.43,,,,,,,,,,,,,,,,,,,,,,,,,,,,,,,,,,,,
2023,6,14,0,0,19.2,11.9,62.8,,,,,,,,,,,,,,,,,,,,,,,,,,,,,,,,,,,,
2023,6,14,1,0,18,11.7,66.56,,,,,,,,,,,,,,,,,,,,,,,,,,,,,,,,,,,,
2023,6,14,2,0,16.5,11.6,72.89,,,,,,,,,,,,,,,,,,,,,,,,,,,,,,,,,,,,
2023,6,14,3,0,14.3,11.3,82.4,,,,,,,,,,,,,,,,,,,,,,,,,,,,,,,,,,,,
2023,6,14,4,0,12.4,10.2,86.61,,,,,,,,,,,,,,,,,,,,,,,,,,,,,,,,,,,,
2023,6,14,5,0,11.5,9.7,88.45,,,,,,,,,,,,,,,,,,,,,,,,,,,,,,,,,,,,
2023,6,14,6,0,10.9,9.2,89.31,,,,,,,,,,,,,,,,,,,,,,,,,,,,,,,,,,,,
2023,6,14,7,0,10.4,8.8,90.06,,,,,,,,,,,,,,,,,,,,,,,,,,,,,,,,,,,,
2023,6,14,8,0,10,8.6,90.77,,,,,,,,,,,,,,,,,,,,,,,,,,,,,,,,,,,,
2023,6,14,9,0,9.8,8.4,91.24,,,,,,,,,,,,,,,,,,,,,,,,,,,,,,,,,,,,
2023,6,14,10,0,9.4,8.4,93.53,,,,,,,,,,,,,,,,,,,,,,,,,,,,,,,,,,,,
2023,6,14,11,0,9.2,8.4,94.74,,,,,,,,,,,,,,,,,,,,,,,,,,,,,,,,,,,,
2023,6,14,12,0,9.2,8.4,95,,,,,,,,,,,,,,,,,,,,,,,,,,,,,,,,,,,,
2023,6,14,13,0,10.4,8.8,89.96,,,,,,,,,,,,,,,,,,,,,,,,,,,,,,,,,,,,
2023,6,14,14,0,11.4,8.5,82.12,,,,,,,,,,,,,,,,,,,,,,,,,,,,,,,,,,,,
2023,6,14,15,0,12.5,8.1,74.66,,,,,,,,,,,,,,,,,,,,,,,,,,,,,,,,,,,,
2023,6,14,16,0,13.4,8.2,70.81,,,,,,,,,,,,,,,,,,,,,,,,,,,,,,,,,,,,
2023,6,14,17,0,14.3,8.3,67.41,,,,,,,,,,,,,,,,,,,,,,,,,,,,,,,,,,,,
2023,6,14,18,0,15.1,8.5,64.84,,,,,,,,,,,,,,,,,,,,,,,,,,,,,,,,,,,,
2023,6,14,19,0,15.6,8.7,63.34,,,,,,,,,,,,,,,,,,,,,,,,,,,,,,,,,,,,
2023,6,14,20,0,16.1,8.9,62.44,,,,,,,,,,,,,,,,,,,,,,,,,,,,,,,,,,,,
2023,6,14,21,0,16.4,9.2,62.47,,,,,,,,,,,,,,,,,,,,,,,,,,,,,,,,,,,,
2023,6,14,22,0,16.6,9.6,63.22,,,,,,,,,,,,,,,,,,,,,,,,,,,,,,,,,,,,
2023,6,14,23,0,16.7,10,64.41,,,,,,,,,,,,,,,,,,,,,,,,,,,,,,,,,,,,
2023,6,15,0,0,16.3,10.5,68.35,,,,,,,,,,,,,,,,,,,,,,,,,,,,,,,,,,,,
2023,6,15,1,0,15.7,11.3,74.98,,,,,,,,,,,,,,,,,,,,,,,,,,,,,,,,,,,,
2023,6,15,2,0,15,12,82.46,,,,,,,,,,,,,,,,,,,,,,,,,,,,,,,,,,,,
2023,6,15,3,0,14.2,12.2,87.69,,,,,,,,,,,,,,,,,,,,,,,,,,,,,,,,,,,,
2023,6,15,4,0,13.4,11.9,90.41,,,,,,,,,,,,,,,,,,,,,,,,,,,,,,,,,,,,
2023,6,15,5,0,12.8,11.5,92.1,,,,,,,,,,,,,,,,,,,,,,,,,,,,,,,,,,,,
2023,6,15,6,0,12.2,11.2,93.33,,,,,,,,,,,,,,,,,,,,,,,,,,,,,,,,,,,,
2023,6,15,7,0,11.6,10.7,94.37,,,,,,,,,,,,,,,,,,,,,,,,,,,,,,,,,,,,
2023,6,15,8,0,11.1,10.4,95.21,,,,,,,,,,,,,,,,,,,,,,,,,,,,,,,,,,,,
2023,6,15,9,0,10.6,10,95.88,,,,,,,,,,,,,,,,,,,,,,,,,,,,,,,,,,,,
2023,6,15,10,0,10.1,9.6,96.85,,,,,,,,,,,,,,,,,,,,,,,,,,,,,,,,,,,,
2023,6,15,11,0,10.1,9.6,96.57,,,,,,,,,,,,,,,,,,,,,,,,,,,,,,,,,,,,
2023,6,15,12,0,10.3,9.6,95.2,,,,,,,,,,,,,,,,,,,,,,,,,,,,,,,,,,,,
2023,6,15,13,0,10.9,9.6,91.75,,,,,,,,,,,,,,,,,,,,,,,,,,,,,,,,,,,,
2023,6,15,14,0,11.4,9.6,88.67,,,,,,,,,,,,,,,,,,,,,,,,,,,,,,,,,,,,
2023,6,15,15,0,12,9.7,85.61,,,,,,,,,,,,,,,,,,,,,,,,,,,,,,,,,,,,
2023,6,15,16,0,13.1,10,81.22,,,,,,,,,,,,,,,,,,,,,,,,,,,,,,,,,,,,
2023,6,15,17,0,14.9,10.5,74.99,,,,,,,,,,,,,,,,,,,,,,,,,,,,,,,,,,,,
2023,6,15,18,0,17,11,67.65,,,,,,,,,,,,,,,,,,,,,,,,,,,,,,,,,,,,
2023,6,15,19,0,18.6,11.2,62.16,,,,,,,,,,,,,,,,,,,,,,,,,,,,,,,,,,,,
2023,6,15,20,0,19.6,11.4,59.07,,,,,,,,,,,,,,,,,,,,,,,,,,,,,,,,,,,,
2023,6,15,21,0,20.4,11.6,57.02,,,,,,,,,,,,,,,,,,,,,,,,,,,,,,,,,,,,
2023,6,15,22,0,20.7,11.8,56.8,,,,,,,,,,,,,,,,,,,,,,,,,,,,,,,,,,,,
2023,6,15,23,0,20.6,12.1,58.06,,,,,,,,,,,,,,,,,,,,,,,,,,,,,,,,,,,,
2023,6,16,0,0,20.1,12.6,61.88,,,,,,,,,,,,,,,,,,,,,,,,,,,,,,,,,,,,
2023,6,16,1,0,19.4,13.4,68.13,,,,,,,,,,,,,,,,,,,,,,,,,,,,,,,,,,,,
2023,6,16,2,0,18.6,14.4,76.69,,,,,,,,,,,,,,,,,,,,,,,,,,,,,,,,,,,,
2023,6,16,3,0,16.8,14.2,84.81,,,,,,,,,,,,,,,,,,,,,,,,,,,,,,,,,,,,
2023,6,16,4,0,15.4,13.1,86.11,,,,,,,,,,,,,,,,,,,,,,,,,,,,,,,,,,,,
2023,6,16,5,0,14.9,12.8,87.16,,,,,,,,,,,,,,,,,,,,,,,,,,,,,,,,,,,,
2023,6,16,6,0,14.6,12.5,87.35,,,,,,,,,,,,,,,,,,,,,,,,,,,,,,,,,,,,
2023,6,16,7,0,14.4,12.5,88.08,,,,,,,,,,,,,,,,,,,,,,,,,,,,,,,,,,,,
2023,6,16,8,0,14.2,12.3,88.49,,,,,,,,,,,,,,,,,,,,,,,,,,,,,,,,,,,,
2023,6,16,9,0,13.9,12.1,88.73,,,,,,,,,,,,,,,,,,,,,,,,,,,,,,,,,,,,
2023,6,16,10,0,13.1,11.7,90.98,,,,,,,,,,,,,,,,,,,,,,,,,,,,,,,,,,,,
2023,6,16,11,0,12.4,11.4,93.74,,,,,,,,,,,,,,,,,,,,,,,,,,,,,,,,,,,,
2023,6,16,12,0,12.1,11.4,95.2,,,,,,,,,,,,,,,,,,,,,,,,,,,,,,,,,,,,
2023,6,16,13,0,13.2,12.1,93.05,,,,,,,,,,,,,,,,,,,,,,,,,,,,,,,,,,,,
2023,6,16,14,0,14.2,12.2,87.94,,,,,,,,,,,,,,,,,,,,,,,,,,,,,,,,,,,,
2023,6,16,15,0,15.4,12.2,81.43,,,,,,,,,,,,,,,,,,,,,,,,,,,,,,,,,,,,
2023,6,16,16,0,17.1,12.5,74.51,,,,,,,,,,,,,,,,,,,,,,,,,,,,,,,,,,,,
2023,6,16,17,0,18.8,13.1,69.44,,,,,,,,,,,,,,,,,,,,,,,,,,,,,,,,,,,,
2023,6,16,18,0,19.8,13.7,67.85,,,,,,,,,,,,,,,,,,,,,,,,,,,,,,,,,,,,
2023,6,16,19,0,20.1,14.3,69.31,,,,,,,,,,,,,,,,,,,,,,,,,,,,,,,,,,,,
2023,6,16,20,0,20.1,14.9,72.13,,,,,,,,,,,,,,,,,,,,,,,,,,,,,,,,,,,,
2023,6,16,21,0,20.2,15.4,73.69,,,,,,,,,,,,,,,,,,,,,,,,,,,,,,,,,,,,
2023,6,16,22,0,19.9,15.5,75.9,,,,,,,,,,,,,,,,,,,,,,,,,,,,,,,,,,,,
2023,6,16,23,0,19.5,15.6,78.4,,,,,,,,,,,,,,,,,,,,,,,,,,,,,,,,,,,,
2023,6,17,0,0,19.1,15.8,81.03,,,,,,,,,,,,,,,,,,,,,,,,,,,,,,,,,,,,
2023,6,17,1,0,18.8,16.1,84.46,,,,,,,,,,,,,,,,,,,,,,,,,,,,,,,,,,,,
2023,6,17,2,0,17.8,16,89.43,,,,,,,,,,,,,,,,,,,,,,,,,,,,,,,,,,,,
2023,6,17,3,0,16.6,15.5,93.14,,,,,,,,,,,,,,,,,,,,,,,,,,,,,,,,,,,,
2023,6,17,4,0,15.9,14.5,91.28,,,,,,,,,,,,,,,,,,,,,,,,,,,,,,,,,,,,
2023,6,17,5,0,15.2,14.3,94.39,,,,,,,,,,,,,,,,,,,,,,,,,,,,,,,,,,,,
2023,6,17,6,0,14.5,13.8,95.79,,,,,,,,,,,,,,,,,,,,,,,,,,,,,,,,,,,,
2023,6,17,7,0,13.9,13.4,97.07,,,,,,,,,,,,,,,,,,,,,,,,,,,,,,,,,,,,
2023,6,17,8,0,13.4,13,97.32,,,,,,,,,,,,,,,,,,,,,,,,,,,,,,,,,,,,
2023,6,17,9,0,13,12.6,97.31,,,,,,,,,,,,,,,,,,,,,,,,,,,,,,,,,,,,
2023,6,17,10,0,12.7,12.2,96.74,,,,,,,,,,,,,,,,,,,,,,,,,,,,,,,,,,,,
2023,6,17,11,0,12.3,11.8,96.73,,,,,,,,,,,,,,,,,,,,,,,,,,,,,,,,,,,,
2023,6,17,12,0,12,11.5,96.6,,,,,,,,,,,,,,,,,,,,,,,,,,,,,,,,,,,,
2023,6,17,13,0,12.2,11.2,93.73,,,,,,,,,,,,,,,,,,,,,,,,,,,,,,,,,,,,
2023,6,17,14,0,12.8,11.5,91.96,,,,,,,,,,,,,,,,,,,,,,,,,,,,,,,,,,,,
2023,6,17,15,0,13.4,11.7,89.35,,,,,,,,,,,,,,,,,,,,,,,,,,,,,,,,,,,,
2023,6,17,16,0,13.4,10.8,84.05,,,,,,,,,,,,,,,,,,,,,,,,,,,,,,,,,,,,
2023,6,17,17,0,13.6,10.8,83.44,,,,,,,,,,,,,,,,,,,,,,,,,,,,,,,,,,,,
2023,6,17,18,0,13.7,10.9,83.17,,,,,,,,,,,,,,,,,,,,,,,,,,,,,,,,,,,,
2023,6,17,19,0,14,10.8,81.08,,,,,,,,,,,,,,,,,,,,,,,,,,,,,,,,,,,,
2023,6,17,20,0,14.2,10.5,78.66,,,,,,,,,,,,,,,,,,,,,,,,,,,,,,,,,,,,
2023,6,17,21,0,14.4,10.2,76.09,,,,,,,,,,,,,,,,,,,,,,,,,,,,,,,,,,,,
2023,6,17,22,0,14.6,9.9,73.55,,,,,,,,,,,,,,,,,,,,,,,,,,,,,,,,,,,,
2023,6,17,23,0,14.4,9.8,74.04,,,,,,,,,,,,,,,,,,,,,,,,,,,,,,,,,,,,
2023,6,18,0,0,14,10.3,78.19,,,,,,,,,,,,,,,,,,,,,,,,,,,,,,,,,,,,
2023,6,18,1,0,13.4,10.7,83.95,,,,,,,,,,,,,,,,,,,,,,,,,,,,,,,,,,,,
2023,6,18,2,0,12.8,10.9,88.29,,,,,,,,,,,,,,,,,,,,,,,,,,,,,,,,,,,,
2023,6,18,3,0,12,10.7,92.04,,,,,,,,,,,,,,,,,,,,,,,,,,,,,,,,,,,,
2023,6,18,4,0,11.4,10.1,91.51,,,,,,,,,,,,,,,,,,,,,,,,,,,,,,,,,,,,
2023,6,18,5,0,10.8,9.6,92.43,,,,,,,,,,,,,,,,,,,,,,,,,,,,,,,,,,,,
2023,6,18,6,0,10,8.6,91.14,,,,,,,,,,,,,,,,,,,,,,,,,,,,,,,,,,,,
2023,6,18,7,0,9.2,7.8,91.22,,,,,,,,,,,,,,,,,,,,,,,,,,,,,,,,,,,,
2023,6,18,8,0,8.7,7.4,91.8,,,,,,,,,,,,,,,,,,,,,,,,,,,,,,,,,,,,
2023,6,18,9,0,8.2,7.2,93.54,,,,,,,,,,,,,,,,,,,,,,,,,,,,,,,,,,,,
2023,6,18,10,0,7.8,7,94.6,,,,,,,,,,,,,,,,,,,,,,,,,,,,,,,,,,,,
2023,6,18,11,0,7.5,6.8,95.41,,,,,,,,,,,,,,,,,,,,,,,,,,,,,,,,,,,,
2023,6,18,12,0,7.5,6.8,95.54,,,,,,,,,,,,,,,,,,,,,,,,,,,,,,,,,,,,
2023,6,18,13,0,8.6,7.8,95,,,,,,,,,,,,,,,,,,,,,,,,,,,,,,,,,,,,
2023,6,18,14,0,9.4,8.3,92.8,,,,,,,,,,,,,,,,,,,,,,,,,,,,,,,,,,,,
2023,6,18,15,0,10.4,8.5,88.09,,,,,,,,,,,,,,,,,,,,,,,,,,,,,,,,,,,,
2023,6,18,16,0,11.4,8.5,82.19,,,,,,,,,,,,,,,,,,,,,,,,,,,,,,,,,,,,
2023,6,18,17,0,12.3,8.3,76.32,,,,,,,,,,,,,,,,,,,,,,,,,,,,,,,,,,,,
2023,6,18,18,0,12.8,8.1,73.27,,,,,,,,,,,,,,,,,,,,,,,,,,,,,,,,,,,,
2023,6,18,19,0,12.9,8.2,73.31,,,,,,,,,,,,,,,,,,,,,,,,,,,,,,,,,,,,
2023,6,18,20,0,12.8,8.4,74.8,,,,,,,,,,,,,,,,,,,,,,,,,,,,,,,,,,,,
2023,6,18,21,0,12.7,8.6,76.25,,,,,,,,,,,,,,,,,,,,,,,,,,,,,,,,,,,,
2023,6,18,22,0,12.4,8.8,78.51,,,,,,,,,,,,,,,,,,,,,,,,,,,,,,,,,,,,
2023,6,18,23,0,12.2,9,80.59,,,,,,,,,,,,,,,,,,,,,,,,,,,,,,,,,,,,
2023,6,19,0,0,11.9,9.3,84.03,,,,,,,,,,,,,,,,,,,,,,,,,,,,,,,,,,,,
2023,6,19,1,0,11.6,9.6,87.26,,,,,,,,,,,,,,,,,,,,,,,,,,,,,,,,,,,,
2023,6,19,2,0,11,9.7,91.97,,,,,,,,,,,,,,,,,,,,,,,,,,,,,,,,,,,,
2023,6,19,3,0,10.1,9.4,95.51,,,,,,,,,,,,,,,,,,,,,,,,,,,,,,,,,,,,
2023,6,19,4,0,9.4,8.8,96.17,,,,,,,,,,,,,,,,,,,,,,,,,,,,,,,,,,,,
2023,6,19,5,0,9.2,8.6,95.93,,,,,,,,,,,,,,,,,,,,,,,,,,,,,,,,,,,,
2023,6,19,6,0,8.9,8.3,96.21,,,,,,,,,,,,,,,,,,,,,,,,,,,,,,,,,,,,
2023,6,19,7,0,8.7,8.1,96.21,,,,,,,,,,,,,,,,,,,,,,,,,,,,,,,,,,,,
2023,6,19,8,0,8.6,8,95.94,,,,,,,,,,,,,,,,,,,,,,,,,,,,,,,,,,,,
2023,6,19,9,0,8.3,7.8,96.52,,,,,,,,,,,,,,,,,,,,,,,,,,,,,,,,,,,,
2023,6,19,10,0,8.1,7.6,96.44,,,,,,,,,,,,,,,,,,,,,,,,,,,,,,,,,,,,
2023,6,19,11,0,7.9,7.4,96.54,,,,,,,,,,,,,,,,,,,,,,,,,,,,,,,,,,,,
2023,6,19,12,0,7.8,7.3,96.58,,,,,,,,,,,,,,,,,,,,,,,,,,,,,,,,,,,,
2023,6,19,13,0,8.5,7.8,95.67,,,,,,,,,,,,,,,,,,,,,,,,,,,,,,,,,,,,
2023,6,19,14,0,9.2,8.3,93.79,,,,,,,,,,,,,,,,,,,,,,,,,,,,,,,,,,,,
2023,6,19,15,0,10.1,8.4,89.38,,,,,,,,,,,,,,,,,,,,,,,,,,,,,,,,,,,,
2023,6,19,16,0,11.2,8.4,83.08,,,,,,,,,,,,,,,,,,,,,,,,,,,,,,,,,,,,
2023,6,19,17,0,12.7,8.1,73.39,,,,,,,,,,,,,,,,,,,,,,,,,,,,,,,,,,,,
2023,6,19,18,0,14.1,7.9,66.22,,,,,,,,,,,,,,,,,,,,,,,,,,,,,,,,,,,,
2023,6,19,19,0,15.1,8,62.59,,,,,,,,,,,,,,,,,,,,,,,,,,,,,,,,,,,,
2023,6,19,20,0,15.6,8.2,61.29,,,,,,,,,,,,,,,,,,,,,,,,,,,,,,,,,,,,
2023,6,19,21,0,15.5,8.5,62.87,,,,,,,,,,,,,,,,,,,,,,,,,,,,,,,,,,,,
2023,6,19,22,0,15.5,8.9,64.73,,,,,,,,,,,,,,,,,,,,,,,,,,,,,,,,,,,,
2023,6,19,23,0,15.3,9.2,67.09,,,,,,,,,,,,,,,,,,,,,,,,,,,,,,,,,,,,
2023,6,20,0,0,14.6,9.6,71.97,,,,,,,,,,,,,,,,,,,,,,,,,,,,,,,,,,,,
2023,6,20,1,0,13.8,10.2,78.7,,,,,,,,,,,,,,,,,,,,,,,,,,,,,,,,,,,,
2023,6,20,2,0,13,10.6,85.44,,,,,,,,,,,,,,,,,,,,,,,,,,,,,,,,,,,,
2023,6,20,3,0,12,10.5,90.8,,,,,,,,,,,,,,,,,,,,,,,,,,,,,,,,,,,,
2023,6,20,4,0,11.3,10.2,93.14,,,,,,,,,,,,,,,,,,,,,,,,,,,,,,,,,,,,
2023,6,20,5,0,11.1,10.1,93.56,,,,,,,,,,,,,,,,,,,,,,,,,,,,,,,,,,,,
2023,6,20,6,0,10.8,10,95.06,,,,,,,,,,,,,,,,,,,,,,,,,,,,,,,,,,,,
2023,6,20,7,0,10.7,10,95.24,,,,,,,,,,,,,,,,,,,,,,,,,,,,,,,,,,,,
2023,6,20,8,0,10.6,9.9,95.61,,,,,,,,,,,,,,,,,,,,,,,,,,,,,,,,,,,,
2023,6,20,9,0,10.4,9.9,96.61,,,,,,,,,,,,,,,,,,,,,,,,,,,,,,,,,,,,
2023,6,20,10,0,10.4,9.8,95.99,,,,,,,,,,,,,,,,,,,,,,,,,,,,,,,,,,,,
2023,6,20,11,0,10.2,9.7,96.66,,,,,,,,,,,,,,,,,,,,,,,,,,,,,,,,,,,,
2023,6,20,12,0,10.2,9.6,96.25,,,,,,,,,,,,,,,,,,,,,,,,,,,,,,,,,,,,
2023,6,20,13,0,10.5,9.9,96.04,,,,,,,,,,,,,,,,,,,,,,,,,,,,,,,,,,,,
2023,6,20,14,0,11,10.4,95.9,,,,,,,,,,,,,,,,,,,,,,,,,,,,,,,,,,,,
2023,6,20,15,0,11.7,10.7,93.65,,,,,,,,,,,,,,,,,,,,,,,,,,,,,,,,,,,,
2023,6,20,16,0,12.4,10.8,89.8,,,,,,,,,,,,,,,,,,,,,,,,,,,,,,,,,,,,
2023,6,20,17,0,13,10.6,85.61,,,,,,,,,,,,,,,,,,,,,,,,,,,,,,,,,,,,
2023,6,20,18,0,13.6,10.6,81.86,,,,,,,,,,,,,,,,,,,,,,,,,,,,,,,,,,,,
2023,6,20,19,0,14.3,10.7,79.08,,,,,,,,,,,,,,,,,,,,,,,,,,,,,,,,,,,,
2023,6,20,20,0,14.8,10.9,77.28,,,,,,,,,,,,,,,,,,,,,,,,,,,,,,,,,,,,
2023,6,20,21,0,15.3,11,75.59,,,,,,,,,,,,,,,,,,,,,,,,,,,,,,,,,,,,
2023,6,20,22,0,15.7,11.2,74.39,,,,,,,,,,,,,,,,,,,,,,,,,,,,,,,,,,,,
2023,6,20,23,0,15.8,11.3,74.76,,,,,,,,,,,,,,,,,,,,,,,,,,,,,,,,,,,,
2023,6,21,0,0,15.6,11.5,76.79,,,,,,,,,,,,,,,,,,,,,,,,,,,,,,,,,,,,
2023,6,21,1,0,15.2,12,81.01,,,,,,,,,,,,,,,,,,,,,,,,,,,,,,,,,,,,
2023,6,21,2,0,14.5,12.5,87.94,,,,,,,,,,,,,,,,,,,,,,,,,,,,,,,,,,,,
2023,6,21,3,0,13.1,12.3,94.87,,,,,,,,,,,,,,,,,,,,,,,,,,,,,,,,,,,,
2023,6,21,4,0,11.8,11.4,97.21,,,,,,,,,,,,,,,,,,,,,,,,,,,,,,,,,,,,
2023,6,21,5,0,11.3,11,98.33,,,,,,,,,,,,,,,,,,,,,,,,,,,,,,,,,,,,
2023,6,21,6,0,10.8,10.7,99.17,,,,,,,,,,,,,,,,,,,,,,,,,,,,,,,,,,,,
2023,6,21,7,0,10.5,10.2,98.27,,,,,,,,,,,,,,,,,,,,,,,,,,,,,,,,,,,,
2023,6,21,8,0,10.3,10,97.75,,,,,,,,,,,,,,,,,,,,,,,,,,,,,,,,,,,,
2023,6,21,9,0,10.3,9.8,96.46,,,,,,,,,,,,,,,,,,,,,,,,,,,,,,,,,,,,
2023,6,21,10,0,10.2,9.6,95.86,,,,,,,,,,,,,,,,,,,,,,,,,,,,,,,,,,,,
2023,6,21,11,0,10.2,9.4,94.85,,,,,,,,,,,,,,,,,,,,,,,,,,,,,,,,,,,,
2023,6,21,12,0,10.3,9.5,94.61,,,,,,,,,,,,,,,,,,,,,,,,,,,,,,,,,,,,
2023,6,21,13,0,11.6,10.7,94.3,,,,,,,,,,,,,,,,,,,,,,,,,,,,,,,,,,,,
2023,6,21,14,0,13.4,13,97.41,,,,,,,,,,,,,,,,,,,,,,,,,,,,,,,,,,,,
2023,6,21,15,0,14.7,12.4,86.29,,,,,,,,,,,,,,,,,,,,,,,,,,,,,,,,,,,,
2023,6,21,16,0,15.7,11.9,77.89,,,,,,,,,,,,,,,,,,,,,,,,,,,,,,,,,,,,
2023,6,21,17,0,17,11.7,71.07,,,,,,,,,,,,,,,,,,,,,,,,,,,,,,,,,,,,
2023,6,21,18,0,17.6,11.6,67.91,,,,,,,,,,,,,,,,,,,,,,,,,,,,,,,,,,,,
2023,6,21,19,0,17.9,11.6,66.78,,,,,,,,,,,,,,,,,,,,,,,,,,,,,,,,,,,,
2023,6,21,20,0,17.9,11.8,67.29,,,,,,,,,,,,,,,,,,,,,,,,,,,,,,,,,,,,
2023,6,21,21,0,17.9,12,68.19,,,,,,,,,,,,,,,,,,,,,,,,,,,,,,,,,,,,
2023,6,21,22,0,18.3,12.1,67.27,,,,,,,,,,,,,,,,,,,,,,,,,,,,,,,,,,,,
2023,6,21,23,0,18.9,12.3,65.52,,,,,,,,,,,,,,,,,,,,,,,,,,,,,,,,,,,,
2023,6,22,0,0,19,12.4,65.64,,,,,,,,,,,,,,,,,,,,,,,,,,,,,,,,,,,,
2023,6,22,1,0,18.5,12.7,69.07,,,,,,,,,,,,,,,,,,,,,,,,,,,,,,,,,,,,
2023,6,22,2,0,17.4,14,80.36,,,,,,,,,,,,,,,,,,,,,,,,,,,,,,,,,,,,
2023,6,22,3,0,15.4,13.9,90.62,,,,,,,,,,,,,,,,,,,,,,,,,,,,,,,,,,,,
2023,6,22,4,0,14.2,12.6,90.12,,,,,,,,,,,,,,,,,,,,,,,,,,,,,,,,,,,,
2023,6,22,5,0,13.7,12.1,89.95,,,,,,,,,,,,,,,,,,,,,,,,,,,,,,,,,,,,
2023,6,22,6,0,13.2,11.5,89.61,,,,,,,,,,,,,,,,,,,,,,,,,,,,,,,,,,,,
2023,6,22,7,0,12.9,11.1,88.72,,,,,,,,,,,,,,,,,,,,,,,,,,,,,,,,,,,,
2023,6,22,8,0,12.6,10.8,88.99,,,,,,,,,,,,,,,,,,,,,,,,,,,,,,,,,,,,
2023,6,22,9,0,12.1,10.6,90.71,,,,,,,,,,,,,,,,,,,,,,,,,,,,,,,,,,,,
2023,6,22,10,0,11.6,10.5,93,,,,,,,,,,,,,,,,,,,,,,,,,,,,,,,,,,,,
2023,6,22,11,0,11,10.3,95.2,,,,,,,,,,,,,,,,,,,,,,,,,,,,,,,,,,,,
2023,6,22,12,0,10.7,10.1,95.8,,,,,,,,,,,,,,,,,,,,,,,,,,,,,,,,,,,,
2023,6,22,13,0,12.3,11,91.76,,,,,,,,,,,,,,,,,,,,,,,,,,,,,,,,,,,,
2023,6,22,14,0,14,11.1,82.56,,,,,,,,,,,,,,,,,,,,,,,,,,,,,,,,,,,,
2023,6,22,15,0,15.8,11.4,75.31,,,,,,,,,,,,,,,,,,,,,,,,,,,,,,,,,,,,
2023,6,22,16,0,17.4,11.7,69.27,,,,,,,,,,,,,,,,,,,,,,,,,,,,,,,,,,,,
2023,6,22,17,0,18.9,12.1,64.51,,,,,,,,,,,,,,,,,,,,,,,,,,,,,,,,,,,,
2023,6,22,18,0,20.3,12.4,60.48,,,,,,,,,,,,,,,,,,,,,,,,,,,,,,,,,,,,
2023,6,22,19,0,21.4,12.7,57.7,,,,,,,,,,,,,,,,,,,,,,,,,,,,,,,,,,,,
2023,6,22,20,0,22.2,13,56.08,,,,,,,,,,,,,,,,,,,,,,,,,,,,,,,,,,,,
2023,6,22,21,0,22.7,13.4,55.71,,,,,,,,,,,,,,,,,,,,,,,,,,,,,,,,,,,,
2023,6,22,22,0,22.9,13.7,56.08,,,,,,,,,,,,,,,,,,,,,,,,,,,,,,,,,,,,
2023,6,22,23,0,22.9,13.9,57.06,,,,,,,,,,,,,,,,,,,,,,,,,,,,,,,,,,,,
2023,6,23,0,0,22.5,14.3,59.91,,,,,,,,,,,,,,,,,,,,,,,,,,,,,,,,,,,,
2023,6,23,1,0,21.9,15.7,67.91,,,,,,,,,,,,,,,,,,,,,,,,,,,,,,,,,,,,
2023,6,23,2,0,20.3,16.6,79.22,,,,,,,,,,,,,,,,,,,,,,,,,,,,,,,,,,,,
2023,6,23,3,0,17.8,15.7,87.4,,,,,,,,,,,,,,,,,,,,,,,,,,,,,,,,,,,,
2023,6,23,4,0,16,14,88.14,,,,,,,,,,,,,,,,,,,,,,,,,,,,,,,,,,,,
2023,6,23,5,0,15.3,13.3,88.13,,,,,,,,,,,,,,,,,,,,,,,,,,,,,,,,,,,,
2023,6,23,6,0,14.8,12.7,87.08,,,,,,,,,,,,,,,,,,,,,,,,,,,,,,,,,,,,
2023,6,23,7,0,14.6,12.1,84.76,,,,,,,,,,,,,,,,,,,,,,,,,,,,,,,,,,,,
2023,6,23,8,0,14.5,11.5,82,,,,,,,,,,,,,,,,,,,,,,,,,,,,,,,,,,,,
2023,6,23,9,0,14,11,82.12,,,,,,,,,,,,,,,,,,,,,,,,,,,,,,,,,,,,
2023,6,23,10,0,13.3,10.6,83.78,,,,,,,,,,,,,,,,,,,,,,,,,,,,,,,,,,,,
2023,6,23,11,0,12.8,10.2,84.3,,,,,,,,,,,,,,,,,,,,,,,,,,,,,,,,,,,,
2023,6,23,12,0,12.7,10,83.78,,,,,,,,,,,,,,,,,,,,,,,,,,,,,,,,,,,,
2023,6,23,13,0,14,11.9,87.03,,,,,,,,,,,,,,,,,,,,,,,,,,,,,,,,,,,,
2023,6,23,14,0,17.1,12.9,76.22,,,,,,,,,,,,,,,,,,,,,,,,,,,,,,,,,,,,
2023,6,23,15,0,20.3,14.3,68.38,,,,,,,,,,,,,,,,,,,,,,,,,,,,,,,,,,,,
2023,6,23,16,0,21.5,13,58.6,,,,,,,,,,,,,,,,,,,,,,,,,,,,,,,,,,,,
2023,6,23,17,0,22.3,13.5,57.47,,,,,,,,,,,,,,,,,,,,,,,,,,,,,,,,,,,,
2023,6,23,18,0,23.2,13.8,55.55,,,,,,,,,,,,,,,,,,,,,,,,,,,,,,,,,,,,
2023,6,23,19,0,23.9,14.1,54.4,,,,,,,,,,,,,,,,,,,,,,,,,,,,,,,,,,,,
2023,6,23,20,0,24.3,14.4,53.84,,,,,,,,,,,,,,,,,,,,,,,,,,,,,,,,,,,,
2023,6,23,21,0,24.7,14.5,53.18,,,,,,,,,,,,,,,,,,,,,,,,,,,,,,,,,,,,
2023,6,23,22,0,24.7,14.7,53.83,,,,,,,,,,,,,,,,,,,,,,,,,,,,,,,,,,,,
2023,6,23,23,0,24.4,15,55.83,,,,,,,,,,,,,,,,,,,,,,,,,,,,,,,,,,,,
2023,6,24,0,0,23.8,15.7,60.33,,,,,,,,,,,,,,,,,,,,,,,,,,,,,,,,,,,,
2023,6,24,1,0,24,16.3,62.3,,,,,,,,,,,,,,,,,,,,,,,,,,,,,,,,,,,,
2023,6,24,2,0,21.9,16.4,70.86,,,,,,,,,,,,,,,,,,,,,,,,,,,,,,,,,,,,
2023,6,24,3,0,19.2,16.4,84.01,,,,,,,,,,,,,,,,,,,,,,,,,,,,,,,,,,,,
2023,6,24,4,0,17.2,15.3,88.55,,,,,,,,,,,,,,,,,,,,,,,,,,,,,,,,,,,,
2023,6,24,5,0,15.9,14.8,93.23,,,,,,,,,,,,,,,,,,,,,,,,,,,,,,,,,,,,
2023,6,24,6,0,15,14.3,95.43,,,,,,,,,,,,,,,,,,,,,,,,,,,,,,,,,,,,
2023,6,24,7,0,14.4,13.7,95.68,,,,,,,,,,,,,,,,,,,,,,,,,,,,,,,,,,,,
2023,6,24,8,0,13.8,13.1,95.49,,,,,,,,,,,,,,,,,,,,,,,,,,,,,,,,,,,,
2023,6,24,9,0,13.2,12.5,95.64,,,,,,,,,,,,,,,,,,,,,,,,,,,,,,,,,,,,
2023,6,24,10,0,12.6,12,96.08,,,,,,,,,,,,,,,,,,,,,,,,,,,,,,,,,,,,
2023,6,24,11,0,12.2,11.5,95.59,,,,,,,,,,,,,,,,,,,,,,,,,,,,,,,,,,,,
2023,6,24,12,0,11.9,11.1,94.78,,,,,,,,,,,,,,,,,,,,,,,,,,,,,,,,,,,,
2023,6,24,13,0,12.2,10.8,91.44,,,,,,,,,,,,,,,,,,,,,,,,,,,,,,,,,,,,
2023,6,24,14,0,12.9,10.4,84.84,,,,,,,,,,,,,,,,,,,,,,,,,,,,,,,,,,,,
2023,6,24,15,0,13.9,10.3,78.85,,,,,,,,,,,,,,,,,,,,,,,,,,,,,,,,,,,,
2023,6,24,16,0,15.2,10.5,73.63,,,,,,,,,,,,,,,,,,,,,,,,,,,,,,,,,,,,
2023,6,24,17,0,16.6,10.9,69.13,,,,,,,,,,,,,,,,,,,,,,,,,,,,,,,,,,,,
2023,6,24,18,0,18,11.3,65.02,,,,,,,,,,,,,,,,,,,,,,,,,,,,,,,,,,,,
2023,6,24,19,0,19.4,11.7,60.95,,,,,,,,,,,,,,,,,,,,,,,,,,,,,,,,,,,,
2023,6,24,20,0,20.5,12,58.15,,,,,,,,,,,,,,,,,,,,,,,,,,,,,,,,,,,,
2023,6,24,21,0,21.3,12.2,56.05,,,,,,,,,,,,,,,,,,,,,,,,,,,,,,,,,,,,
2023,6,24,22,0,21.8,12.3,54.64,,,,,,,,,,,,,,,,,,,,,,,,,,,,,,,,,,,,
2023,6,24,23,0,21.7,12.3,55.24,,,,,,,,,,,,,,,,,,,,,,,,,,,,,,,,,,,,
2023,6,25,0,0,21.3,12.6,57.43,,,,,,,,,,,,,,,,,,,,,,,,,,,,,,,,,,,,
2023,6,25,1,0,20.9,13.5,62.59,,,,,,,,,,,,,,,,,,,,,,,,,,,,,,,,,,,,
2023,6,25,2,0,20.4,13.7,65.22,,,,,,,,,,,,,,,,,,,,,,,,,,,,,,,,,,,,
2023,6,25,3,0,18.3,13.5,73.45,,,,,,,,,,,,,,,,,,,,,,,,,,,,,,,,,,,,
2023,6,25,4,0,17.1,12.2,72.82,,,,,,,,,,,,,,,,,,,,,,,,,,,,,,,,,,,,
2023,6,25,5,0,16.2,12.1,76.51,,,,,,,,,,,,,,,,,,,,,,,,,,,,,,,,,,,,
2023,6,25,6,0,15.4,11.9,79.83,,,,,,,,,,,,,,,,,,,,,,,,,,,,,,,,,,,,
2023,6,25,7,0,14.7,11.9,83.19,,,,,,,,,,,,,,,,,,,,,,,,,,,,,,,,,,,,
2023,6,25,8,0,14.1,11.8,86.27,,,,,,,,,,,,,,,,,,,,,,,,,,,,,,,,,,,,
2023,6,25,9,0,13.2,11.8,91.2,,,,,,,,,,,,,,,,,,,,,,,,,,,,,,,,,,,,
2023,6,25,10,0,12.3,11.5,95.12,,,,,,,,,,,,,,,,,,,,,,,,,,,,,,,,,,,,
2023,6,25,11,0,11.6,11.2,97.51,,,,,,,,,,,,,,,,,,,,,,,,,,,,,,,,,,,,
2023,6,25,12,0,11.4,11.1,97.96,,,,,,,,,,,,,,,,,,,,,,,,,,,,,,,,,,,,
2023,6,25,13,0,13.2,12.1,93.23,,,,,,,,,,,,,,,,,,,,,,,,,,,,,,,,,,,,
2023,6,25,14,0,14.9,12.2,83.98,,,,,,,,,,,,,,,,,,,,,,,,,,,,,,,,,,,,
2023,6,25,15,0,16.9,12.3,74.14,,,,,,,,,,,,,,,,,,,,,,,,,,,,,,,,,,,,
2023,6,25,16,0,18.5,12.5,68.22,,,,,,,,,,,,,,,,,,,,,,,,,,,,,,,,,,,,
2023,6,25,17,0,20.1,12.8,62.84,,,,,,,,,,,,,,,,,,,,,,,,,,,,,,,,,,,,
2023,6,25,18,0,21.5,13.1,58.97,,,,,,,,,,,,,,,,,,,,,,,,,,,,,,,,,,,,
2023,6,25,19,0,22.7,13.4,55.9,,,,,,,,,,,,,,,,,,,,,,,,,,,,,,,,,,,,
2023,6,25,20,0,23.4,13.8,54.8,,,,,,,,,,,,,,,,,,,,,,,,,,,,,,,,,,,,
2023,6,25,21,0,23.9,14.1,54.15,,,,,,,,,,,,,,,,,,,,,,,,,,,,,,,,,,,,
2023,6,25,22,0,24,14.3,54.57,,,,,,,,,,,,,,,,,,,,,,,,,,,,,,,,,,,,
2023,6,25,23,0,23.8,14.5,56.05,,,,,,,,,,,,,,,,,,,,,,,,,,,,,,,,,,,,
2023,6,26,0,0,23.3,14.9,59.12,,,,,,,,,,,,,,,,,,,,,,,,,,,,,,,,,,,,
2023,6,26,1,0,22.6,15.8,65.38,,,,,,,,,,,,,,,,,,,,,,,,,,,,,,,,,,,,
2023,6,26,2,0,21.4,17,75.8,,,,,,,,,,,,,,,,,,,,,,,,,,,,,,,,,,,,
2023,6,26,3,0,19,16.7,86.33,,,,,,,,,,,,,,,,,,,,,,,,,,,,,,,,,,,,
2023,6,26,4,0,17.8,15,83.54,,,,,,,,,,,,,,,,,,,,,,,,,,,,,,,,,,,,
2023,6,26,5,0,17.7,14.6,81.9,,,,,,,,,,,,,,,,,,,,,,,,,,,,,,,,,,,,
2023,6,26,6,0,17.4,14.4,82.47,,,,,,,,,,,,,,,,,,,,,,,,,,,,,,,,,,,,
2023,6,26,7,0,16.9,14.2,84.1,,,,,,,,,,,,,,,,,,,,,,,,,,,,,,,,,,,,
2023,6,26,8,0,16.2,13.9,86.37,,,,,,,,,,,,,,,,,,,,,,,,,,,,,,,,,,,,
2023,6,26,9,0,15.3,13.6,89.66,,,,,,,,,,,,,,,,,,,,,,,,,,,,,,,,,,,,
2023,6,26,10,0,14.3,13.3,93.89,,,,,,,,,,,,,,,,,,,,,,,,,,,,,,,,,,,,
2023,6,26,11,0,13.6,13.1,96.97,,,,,,,,,,,,,,,,,,,,,,,,,,,,,,,,,,,,
2023,6,26,12,0,13.3,12.8,96.9,,,,,,,,,,,,,,,,,,,,,,,,,,,,,,,,,,,,
2023,6,26,13,0,14.3,13.2,92.93,,,,,,,,,,,,,,,,,,,,,,,,,,,,,,,,,,,,
2023,6,26,14,0,15.5,13,85.18,,,,,,,,,,,,,,,,,,,,,,,,,,,,,,,,,,,,
2023,6,26,15,0,16.9,13.2,78.72,,,,,,,,,,,,,,,,,,,,,,,,,,,,,,,,,,,,
2023,6,26,16,0,18.5,13.4,72.27,,,,,,,,,,,,,,,,,,,,,,,,,,,,,,,,,,,,
2023,6,26,17,0,20,13.6,66.63,,,,,,,,,,,,,,,,,,,,,,,,,,,,,,,,,,,,
2023,6,26,18,0,21.3,13.9,62.61,,,,,,,,,,,,,,,,,,,,,,,,,,,,,,,,,,,,
2023,6,26,19,0,22.3,14.2,60.08,,,,,,,,,,,,,,,,,,,,,,,,,,,,,,,,,,,,
2023,6,26,20,0,23,14.4,58.52,,,,,,,,,,,,,,,,,,,,,,,,,,,,,,,,,,,,
2023,6,26,21,0,23.5,14.6,57.53,,,,,,,,,,,,,,,,,,,,,,,,,,,,,,,,,,,,
2023,6,26,22,0,23.8,14.8,57.24,,,,,,,,,,,,,,,,,,,,,,,,,,,,,,,,,,,,
2023,6,26,23,0,23.7,15,58.27,,,,,,,,,,,,,,,,,,,,,,,,,,,,,,,,,,,,
2023,6,27,0,0,23.3,15.3,60.7,,,,,,,,,,,,,,,,,,,,,,,,,,,,,,,,,,,,
2023,6,27,1,0,23,16,64.72,,,,,,,,,,,,,,,,,,,,,,,,,,,,,,,,,,,,
2023,6,27,2,0,22.3,16.8,71.17,,,,,,,,,,,,,,,,,,,,,,,,,,,,,,,,,,,,
2023,6,27,3,0,20.1,16.6,80.07,,,,,,,,,,,,,,,,,,,,,,,,,,,,,,,,,,,,
2023,6,27,4,0,18.4,15.4,82.46,,,,,,,,,,,,,,,,,,,,,,,,,,,,,,,,,,,,
2023,6,27,5,0,17.4,15.3,87.49,,,,,,,,,,,,,,,,,,,,,,,,,,,,,,,,,,,,
2023,6,27,6,0,16.8,15.2,90.07,,,,,,,,,,,,,,,,,,,,,,,,,,,,,,,,,,,,
2023,6,27,7,0,16.1,14.9,92.62,,,,,,,,,,,,,,,,,,,,,,,,,,,,,,,,,,,,
2023,6,27,8,0,15.7,14.7,93.64,,,,,,,,,,,,,,,,,,,,,,,,,,,,,,,,,,,,
2023,6,27,9,0,15.2,14.5,95.48,,,,,,,,,,,,,,,,,,,,,,,,,,,,,,,,,,,,
2023,6,27,10,0,14.8,14.1,95.71,,,,,,,,,,,,,,,,,,,,,,,,,,,,,,,,,,,,
2023,6,27,11,0,14.5,13.7,94.86,,,,,,,,,,,,,,,,,,,,,,,,,,,,,,,,,,,,
2023,6,27,12,0,14.1,13.3,94.94,,,,,,,,,,,,,,,,,,,,,,,,,,,,,,,,,,,,
2023,6,27,13,0,14.1,13.1,93.98,,,,,,,,,,,,,,,,,,,,,,,,,,,,,,,,,,,,
2023,6,27,14,0,14.4,13,91.54,,,,,,,,,,,,,,,,,,,,,,,,,,,,,,,,,,,,
2023,6,27,15,0,15.2,13.1,87.5,,,,,,,,,,,,,,,,,,,,,,,,,,,,,,,,,,,,
2023,6,27,16,0,16.3,13.3,82.5,,,,,,,,,,,,,,,,,,,,,,,,,,,,,,,,,,,,
2023,6,27,17,0,17.7,13.7,77.18,,,,,,,,,,,,,,,,,,,,,,,,,,,,,,,,,,,,
2023,6,27,18,0,19.5,14.1,71.08,,,,,,,,,,,,,,,,,,,,,,,,,,,,,,,,,,,,
2023,6,27,19,0,21.1,14.6,66.57,,,,,,,,,,,,,,,,,,,,,,,,,,,,,,,,,,,,
2023,6,27,20,0,22,15,64.44,,,,,,,,,,,,,,,,,,,,,,,,,,,,,,,,,,,,
2023,6,27,21,0,22.6,15.3,63.29,,,,,,,,,,,,,,,,,,,,,,,,,,,,,,,,,,,,
2023,6,27,22,0,22.9,15.5,63.16,,,,,,,,,,,,,,,,,,,,,,,,,,,,,,,,,,,,
2023,6,27,23,0,22.9,15.7,63.94,,,,,,,,,,,,,,,,,,,,,,,,,,,,,,,,,,,,
2023,6,28,0,0,22.5,16,66.52,,,,,,,,,,,,,,,,,,,,,,,,,,,,,,,,,,,,
2023,6,28,1,0,21.8,16.4,71.62,,,,,,,,,,,,,,,,,,,,,,,,,,,,,,,,,,,,
2023,6,28,2,0,20.9,17.5,80.73,,,,,,,,,,,,,,,,,,,,,,,,,,,,,,,,,,,,
2023,6,28,3,0,19.2,17.3,88.61,,,,,,,,,,,,,,,,,,,,,,,,,,,,,,,,,,,,
2023,6,28,4,0,17.8,16,89.4,,,,,,,,,,,,,,,,,,,,,,,,,,,,,,,,,,,,
2023,6,28,5,0,17.2,15.7,90.83,,,,,,,,,,,,,,,,,,,,,,,,,,,,,,,,,,,,
2023,6,28,6,0,16.6,15.4,92.43,,,,,,,,,,,,,,,,,,,,,,,,,,,,,,,,,,,,
2023,6,28,7,0,15.9,15.1,94.76,,,,,,,,,,,,,,,,,,,,,,,,,,,,,,,,,,,,
2023,6,28,8,0,15.3,14.7,96.47,,,,,,,,,,,,,,,,,,,,,,,,,,,,,,,,,,,,
2023,6,28,9,0,14.7,14.4,98.23,,,,,,,,,,,,,,,,,,,,,,,,,,,,,,,,,,,,
2023,6,28,10,0,14.3,14.1,98.49,,,,,,,,,,,,,,,,,,,,,,,,,,,,,,,,,,,,
2023,6,28,11,0,13.9,13.7,98.67,,,,,,,,,,,,,,,,,,,,,,,,,,,,,,,,,,,,
2023,6,28,12,0,13.9,13.5,97.17,,,,,,,,,,,,,,,,,,,,,,,,,,,,,,,,,,,,
2023,6,28,13,0,14.9,13.7,92.3,,,,,,,,,,,,,,,,,,,,,,,,,,,,,,,,,,,,
2023,6,28,14,0,15.9,13.8,87.36,,,,,,,,,,,,,,,,,,,,,,,,,,,,,,,,,,,,
2023,6,28,15,0,17.5,14.3,81.69,,,,,,,,,,,,,,,,,,,,,,,,,,,,,,,,,,,,
2023,6,28,16,0,19.3,14.8,75.42,,,,,,,,,,,,,,,,,,,,,,,,,,,,,,,,,,,,
2023,6,28,17,0,21,15.2,69.57,,,,,,,,,,,,,,,,,,,,,,,,,,,,,,,,,,,,
2023,6,28,18,0,22.4,15.6,65.41,,,,,,,,,,,,,,,,,,,,,,,,,,,,,,,,,,,,
2023,6,28,19,0,23.5,15.9,62.41,,,,,,,,,,,,,,,,,,,,,,,,,,,,,,,,,,,,
2023,6,28,20,0,24.5,16.1,59.67,,,,,,,,,,,,,,,,,,,,,,,,,,,,,,,,,,,,
2023,6,28,21,0,25.2,16.4,58.07,,,,,,,,,,,,,,,,,,,,,,,,,,,,,,,,,,,,
2023,6,28,22,0,25.6,16.6,57.54,,,,,,,,,,,,,,,,,,,,,,,,,,,,,,,,,,,,
2023,6,28,23,0,25.6,16.8,58.33,,,,,,,,,,,,,,,,,,,,,,,,,,,,,,,,,,,,
2023,6,29,0,0,25.1,17.1,61.14,,,,,,,,,,,,,,,,,,,,,,,,,,,,,,,,,,,,
2023,6,29,1,0,24,17.8,68.37,,,,,,,,,,,,,,,,,,,,,,,,,,,,,,,,,,,,
2023,6,29,2,0,22.8,18.8,78.25,,,,,,,,,,,,,,,,,,,,,,,,,,,,,,,,,,,,
2023,6,29,3,0,20.7,18.6,87.9,,,,,,,,,,,,,,,,,,,,,,,,,,,,,,,,,,,,
2023,6,29,4,0,19.3,17.2,87.52,,,,,,,,,,,,,,,,,,,,,,,,,,,,,,,,,,,,
2023,6,29,5,0,18.8,16.7,87.73,,,,,,,,,,,,,,,,,,,,,,,,,,,,,,,,,,,,
2023,6,29,6,0,18.4,16.4,88.13,,,,,,,,,,,,,,,,,,,,,,,,,,,,,,,,,,,,
2023,6,29,7,0,17.7,16.1,90.08,,,,,,,,,,,,,,,,,,,,,,,,,,,,,,,,,,,,
2023,6,29,8,0,17.2,15.8,91.57,,,,,,,,,,,,,,,,,,,,,,,,,,,,,,,,,,,,
2023,6,29,9,0,16.5,15.5,93.53,,,,,,,,,,,,,,,,,,,,,,,,,,,,,,,,,,,,
2023,6,29,10,0,15.8,15,95.12,,,,,,,,,,,,,,,,,,,,,,,,,,,,,,,,,,,,
2023,6,29,11,0,15.3,14.7,96.03,,,,,,,,,,,,,,,,,,,,,,,,,,,,,,,,,,,,
2023,6,29,12,0,15,14.5,96.98,,,,,,,,,,,,,,,,,,,,,,,,,,,,,,,,,,,,
2023,6,29,13,0,16,14.8,92.82,,,,,,,,,,,,,,,,,,,,,,,,,,,,,,,,,,,,
2023,6,29,14,0,17,14.6,85.95,,,,,,,,,,,,,,,,,,,,,,,,,,,,,,,,,,,,
2023,6,29,15,0,18.4,14.7,79.07,,,,,,,,,,,,,,,,,,,,,,,,,,,,,,,,,,,,
2023,6,29,16,0,19.7,15.1,74.57,,,,,,,,,,,,,,,,,,,,,,,,,,,,,,,,,,,,
2023,6,29,17,0,20.8,15.4,71.35,,,,,,,,,,,,,,,,,,,,,,,,,,,,,,,,,,,,
2023,6,29,18,0,22,15.9,68.25,,,,,,,,,,,,,,,,,,,,,,,,,,,,,,,,,,,,
2023,6,29,19,0,23.3,16.4,65,,,,,,,,,,,,,,,,,,,,,,,,,,,,,,,,,,,,
2023,6,29,20,0,24.4,16.6,61.93,,,,,,,,,,,,,,,,,,,,,,,,,,,,,,,,,,,,
2023,6,29,21,0,25.1,16.7,59.53,,,,,,,,,,,,,,,,,,,,,,,,,,,,,,,,,,,,
2023,6,29,22,0,25.4,16.6,58.31,,,,,,,,,,,,,,,,,,,,,,,,,,,,,,,,,,,,
2023,6,29,23,0,25.3,16.6,58.57,,,,,,,,,,,,,,,,,,,,,,,,,,,,,,,,,,,,
2023,6,30,0,0,24.8,16.7,60.71,,,,,,,,,,,,,,,,,,,,,,,,,,,,,,,,,,,,
2023,6,30,1,0,23.9,17.3,66.56,,,,,,,,,,,,,,,,,,,,,,,,,,,,,,,,,,,,
2023,6,30,2,0,22.7,18.5,77.32,,,,,,,,,,,,,,,,,,,,,,,,,,,,,,,,,,,,
2023,6,30,3,0,20.5,18.3,87.25,,,,,,,,,,,,,,,,,,,,,,,,,,,,,,,,,,,,
2023,6,30,4,0,19.1,16.7,86.04,,,,,,,,,,,,,,,,,,,,,,,,,,,,,,,,,,,,
2023,6,30,5,0,18.4,16.3,87.5,,,,,,,,,,,,,,,,,,,,,,,,,,,,,,,,,,,,
2023,6,30,6,0,17.8,16,89.1,,,,,,,,,,,,,,,,,,,,,,,,,,,,,,,,,,,,
2023,6,30,7,0,17.3,15.8,90.67,,,,,,,,,,,,,,,,,,,,,,,,,,,,,,,,,,,,
2023,6,30,8,0,16.8,15.6,92.35,,,,,,,,,,,,,,,,,,,,,,,,,,,,,,,,,,,,
2023,6,30,9,0,16.1,15.2,94.59,,,,,,,,,,,,,,,,,,,,,,,,,,,,,,,,,,,,
2023,6,30,10,0,15.6,14.9,95.37,,,,,,,,,,,,,,,,,,,,,,,,,,,,,,,,,,,,
2023,6,30,11,0,15.1,14.5,96.12,,,,,,,,,,,,,,,,,,,,,,,,,,,,,,,,,,,,
2023,6,30,12,0,14.8,14.3,96.57,,,,,,,,,,,,,,,,,,,,,,,,,,,,,,,,,,,,
2023,6,30,13,0,15.9,14.9,93.86,,,,,,,,,,,,,,,,,,,,,,,,,,,,,,,,,,,,
2023,6,30,14,0,17.2,14.7,85.16,,,,,,,,,,,,,,,,,,,,,,,,,,,,,,,,,,,,
2023,6,30,15,0,18.6,14.5,77.3,,,,,,,,,,,,,,,,,,,,,,,,,,,,,,,,,,,,
2023,6,30,16,0,19.9,14.5,71.17,,,,,,,,,,,,,,,,,,,,,,,,,,,,,,,,,,,,
2023,6,30,17,0,21.2,14.6,65.89,,,,,,,,,,,,,,,,,,,,,,,,,,,,,,,,,,,,
2023,6,30,18,0,22.4,14.7,61.7,,,,,,,,,,,,,,,,,,,,,,,,,,,,,,,,,,,,
2023,6,30,19,0,23.4,14.8,58.44,,,,,,,,,,,,,,,,,,,,,,,,,,,,,,,,,,,,
2023,6,30,20,0,24.1,14.9,56.36,,,,,,,,,,,,,,,,,,,,,,,,,,,,,,,,,,,,
2023,6,30,21,0,24.6,14.9,54.95,,,,,,,,,,,,,,,,,,,,,,,,,,,,,,,,,,,,
2023,6,30,22,0,24.8,15,54.37,,,,,,,,,,,,,,,,,,,,,,,,,,,,,,,,,,,,
2023,6,30,23,0,24.7,15,54.96,,,,,,,,,,,,,,,,,,,,,,,,,,,,,,,,,,,,
2023,7,1,0,0,24.2,15.3,57.48,,,,,,,,,,,,,,,,,,,,,,,,,,,,,,,,,,,,
2023,7,1,1,0,23.2,16.1,64.39,,,,,,,,,,,,,,,,,,,,,,,,,,,,,,,,,,,,
2023,7,1,2,0,22.2,17.4,74.45,,,,,,,,,,,,,,,,,,,,,,,,,,,,,,,,,,,,
2023,7,1,3,0,19.9,17,83.52,,,,,,,,,,,,,,,,,,,,,,,,,,,,,,,,,,,,
2023,7,1,4,0,18.2,15.6,84.67,,,,,,,,,,,,,,,,,,,,,,,,,,,,,,,,,,,,
2023,7,1,5,0,17.5,15.2,86.18,,,,,,,,,,,,,,,,,,,,,,,,,,,,,,,,,,,,
2023,7,1,6,0,16.8,14.8,88.09,,,,,,,,,,,,,,,,,,,,,,,,,,,,,,,,,,,,
2023,7,1,7,0,16.2,14.5,89.76,,,,,,,,,,,,,,,,,,,,,,,,,,,,,,,,,,,,
2023,7,1,8,0,15.6,14.1,90.72,,,,,,,,,,,,,,,,,,,,,,,,,,,,,,,,,,,,
2023,7,1,9,0,14.9,13.6,92.12,,,,,,,,,,,,,,,,,,,,,,,,,,,,,,,,,,,,
2023,7,1,10,0,14.2,13,92.4,,,,,,,,,,,,,,,,,,,,,,,,,,,,,,,,,,,,
2023,7,1,11,0,13.6,12.2,91.38,,,,,,,,,,,,,,,,,,,,,,,,,,,,,,,,,,,,
2023,7,1,12,0,13.1,12,93.23,,,,,,,,,,,,,,,,,,,,,,,,,,,,,,,,,,,,
2023,7,1,13,0,14.4,12.8,90.3,,,,,,,,,,,,,,,,,,,,,,,,,,,,,,,,,,,,
2023,7,1,14,0,15.8,12,78.36,,,,,,,,,,,,,,,,,,,,,,,,,,,,,,,,,,,,
2023,7,1,15,0,17.2,11.5,69.4,,,,,,,,,,,,,,,,,,,,,,,,,,,,,,,,,,,,
2023,7,1,16,0,18.6,11.3,62.58,,,,,,,,,,,,,,,,,,,,,,,,,,,,,,,,,,,,
2023,7,1,17,0,20,11.2,56.91,,,,,,,,,,,,,,,,,,,,,,,,,,,,,,,,,,,,
2023,7,1,18,0,21.1,11.2,53.35,,,,,,,,,,,,,,,,,,,,,,,,,,,,,,,,,,,,
2023,7,1,19,0,22,11.4,51.14,,,,,,,,,,,,,,,,,,,,,,,,,,,,,,,,,,,,
2023,7,1,20,0,22.7,11.7,49.84,,,,,,,,,,,,,,,,,,,,,,,,,,,,,,,,,,,,
2023,7,1,21,0,23.2,12.1,49.67,,,,,,,,,,,,,,,,,,,,,,,,,,,,,,,,,,,,
2023,7,1,22,0,23.4,12.6,50.69,,,,,,,,,,,,,,,,,,,,,,,,,,,,,,,,,,,,
2023,7,1,23,0,23.3,13.1,52.66,,,,,,,,,,,,,,,,,,,,,,,,,,,,,,,,,,,,
2023,7,2,0,0,22.7,13.7,56.97,,,,,,,,,,,,,,,,,,,,,,,,,,,,,,,,,,,,
2023,7,2,1,0,21.9,14.9,64.34,,,,,,,,,,,,,,,,,,,,,,,,,,,,,,,,,,,,
2023,7,2,2,0,21,16,73.03,,,,,,,,,,,,,,,,,,,,,,,,,,,,,,,,,,,,
2023,7,2,3,0,18.8,16,83.75,,,,,,,,,,,,,,,,,,,,,,,,,,,,,,,,,,,,
2023,7,2,4,0,17,15,88.22,,,,,,,,,,,,,,,,,,,,,,,,,,,,,,,,,,,,
2023,7,2,5,0,16,14.7,91.91,,,,,,,,,,,,,,,,,,,,,,,,,,,,,,,,,,,,
2023,7,2,6,0,15,14.1,94.62,,,,,,,,,,,,,,,,,,,,,,,,,,,,,,,,,,,,
2023,7,2,7,0,14.2,13.5,95.29,,,,,,,,,,,,,,,,,,,,,,,,,,,,,,,,,,,,
2023,7,2,8,0,13.6,12.8,95.13,,,,,,,,,,,,,,,,,,,,,,,,,,,,,,,,,,,,
2023,7,2,9,0,13.1,12.3,94.9,,,,,,,,,,,,,,,,,,,,,,,,,,,,,,,,,,,,
2023,7,2,10,0,12.6,11.9,95.33,,,,,,,,,,,,,,,,,,,,,,,,,,,,,,,,,,,,
2023,7,2,11,0,12.1,11.4,95.8,,,,,,,,,,,,,,,,,,,,,,,,,,,,,,,,,,,,
2023,7,2,12,0,11.9,11.2,95.61,,,,,,,,,,,,,,,,,,,,,,,,,,,,,,,,,,,,
2023,7,2,13,0,13.4,11.6,89.14,,,,,,,,,,,,,,,,,,,,,,,,,,,,,,,,,,,,
2023,7,2,14,0,15,11.3,78.56,,,,,,,,,,,,,,,,,,,,,,,,,,,,,,,,,,,,
2023,7,2,15,0,16.6,11.6,72.1,,,,,,,,,,,,,,,,,,,,,,,,,,,,,,,,,,,,
2023,7,2,16,0,18.2,11.8,66.36,,,,,,,,,,,,,,,,,,,,,,,,,,,,,,,,,,,,
2023,7,2,17,0,19.7,12,61.12,,,,,,,,,,,,,,,,,,,,,,,,,,,,,,,,,,,,
2023,7,2,18,0,21,11.8,55.83,,,,,,,,,,,,,,,,,,,,,,,,,,,,,,,,,,,,
2023,7,2,19,0,21.9,11.7,52.43,,,,,,,,,,,,,,,,,,,,,,,,,,,,,,,,,,,,
2023,7,2,20,0,22.5,11.7,50.51,,,,,,,,,,,,,,,,,,,,,,,,,,,,,,,,,,,,
2023,7,2,21,0,22.8,11.7,49.53,,,,,,,,,,,,,,,,,,,,,,,,,,,,,,,,,,,,
2023,7,2,22,0,22.9,11.6,48.98,,,,,,,,,,,,,,,,,,,,,,,,,,,,,,,,,,,,
2023,7,2,23,0,22.6,11.7,50.04,,,,,,,,,,,,,,,,,,,,,,,,,,,,,,,,,,,,
2023,7,3,0,0,22.1,12.2,53.4,,,,,,,,,,,,,,,,,,,,,,,,,,,,,,,,,,,,
2023,7,3,1,0,21.5,13.8,61.45,,,,,,,,,,,,,,,,,,,,,,,,,,,,,,,,,,,,
2023,7,3,2,0,20.2,15.4,74.08,,,,,,,,,,,,,,,,,,,,,,,,,,,,,,,,,,,,
2023,7,3,3,0,17.4,15,85.94,,,,,,,,,,,,,,,,,,,,,,,,,,,,,,,,,,,,
2023,7,3,4,0,15.6,13.2,85.4,,,,,,,,,,,,,,,,,,,,,,,,,,,,,,,,,,,,
2023,7,3,5,0,15.1,12.6,84.77,,,,,,,,,,,,,,,,,,,,,,,,,,,,,,,,,,,,
2023,7,3,6,0,14.8,12.1,84.1,,,,,,,,,,,,,,,,,,,,,,,,,,,,,,,,,,,,
2023,7,3,7,0,14.5,11.8,83.94,,,,,,,,,,,,,,,,,,,,,,,,,,,,,,,,,,,,
2023,7,3,8,0,14.2,11.5,84.08,,,,,,,,,,,,,,,,,,,,,,,,,,,,,,,,,,,,
2023,7,3,9,0,13.7,11.4,85.96,,,,,,,,,,,,,,,,,,,,,,,,,,,,,,,,,,,,
2023,7,3,10,0,13.1,11.2,88.36,,,,,,,,,,,,,,,,,,,,,,,,,,,,,,,,,,,,
2023,7,3,11,0,12.6,11,89.86,,,,,,,,,,,,,,,,,,,,,,,,,,,,,,,,,,,,
2023,7,3,12,0,12.3,10.8,90.72,,,,,,,,,,,,,,,,,,,,,,,,,,,,,,,,,,,,
2023,7,3,13,0,13.9,12.1,88.62,,,,,,,,,,,,,,,,,,,,,,,,,,,,,,,,,,,,
2023,7,3,14,0,16.2,12.4,78.38,,,,,,,,,,,,,,,,,,,,,,,,,,,,,,,,,,,,
2023,7,3,15,0,18.6,12.3,66.7,,,,,,,,,,,,,,,,,,,,,,,,,,,,,,,,,,,,
2023,7,3,16,0,20.3,12.4,60.44,,,,,,,,,,,,,,,,,,,,,,,,,,,,,,,,,,,,
2023,7,3,17,0,21.3,12.7,57.97,,,,,,,,,,,,,,,,,,,,,,,,,,,,,,,,,,,,
2023,7,3,18,0,22.4,13,55.3,,,,,,,,,,,,,,,,,,,,,,,,,,,,,,,,,,,,
2023,7,3,19,0,23.3,13.2,53.19,,,,,,,,,,,,,,,,,,,,,,,,,,,,,,,,,,,,
2023,7,3,20,0,23.8,13.5,52.63,,,,,,,,,,,,,,,,,,,,,,,,,,,,,,,,,,,,
2023,7,3,21,0,24.2,13.8,52.38,,,,,,,,,,,,,,,,,,,,,,,,,,,,,,,,,,,,
2023,7,3,22,0,24.3,14,52.61,,,,,,,,,,,,,,,,,,,,,,,,,,,,,,,,,,,,
2023,7,3,23,0,24.2,14.2,53.46,,,,,,,,,,,,,,,,,,,,,,,,,,,,,,,,,,,,
2023,7,4,0,0,23.7,14.8,57.48,,,,,,,,,,,,,,,,,,,,,,,,,,,,,,,,,,,,
2023,7,4,1,0,23,16.3,65.97,,,,,,,,,,,,,,,,,,,,,,,,,,,,,,,,,,,,
2023,7,4,2,0,21.6,17.7,78.6,,,,,,,,,,,,,,,,,,,,,,,,,,,,,,,,,,,,
2023,7,4,3,0,19.1,16.4,84.45,,,,,,,,,,,,,,,,,,,,,,,,,,,,,,,,,,,,
2023,7,4,4,0,17.9,14.6,81.17,,,,,,,,,,,,,,,,,,,,,,,,,,,,,,,,,,,,
2023,7,4,5,0,17.4,14.1,80.99,,,,,,,,,,,,,,,,,,,,,,,,,,,,,,,,,,,,
2023,7,4,6,0,17,13.6,80.41,,,,,,,,,,,,,,,,,,,,,,,,,,,,,,,,,,,,
2023,7,4,7,0,16.6,13,79.41,,,,,,,,,,,,,,,,,,,,,,,,,,,,,,,,,,,,
2023,7,4,8,0,16.2,12.4,78.07,,,,,,,,,,,,,,,,,,,,,,,,,,,,,,,,,,,,
2023,7,4,9,0,15.8,11.7,76.64,,,,,,,,,,,,,,,,,,,,,,,,,,,,,,,,,,,,
2023,7,4,10,0,15.2,11.2,77.21,,,,,,,,,,,,,,,,,,,,,,,,,,,,,,,,,,,,
2023,7,4,11,0,14.5,11,79.52,,,,,,,,,,,,,,,,,,,,,,,,,,,,,,,,,,,,
2023,7,4,12,0,14.2,11,81.02,,,,,,,,,,,,,,,,,,,,,,,,,,,,,,,,,,,,
2023,7,4,13,0,15.2,12.4,83.32,,,,,,,,,,,,,,,,,,,,,,,,,,,,,,,,,,,,
2023,7,4,14,0,17.5,13.6,77.66,,,,,,,,,,,,,,,,,,,,,,,,,,,,,,,,,,,,
2023,7,4,15,0,20.2,13.9,67.18,,,,,,,,,,,,,,,,,,,,,,,,,,,,,,,,,,,,
2023,7,4,16,0,22.3,13.7,58.33,,,,,,,,,,,,,,,,,,,,,,,,,,,,,,,,,,,,
2023,7,4,17,0,23.7,13.6,53.18,,,,,,,,,,,,,,,,,,,,,,,,,,,,,,,,,,,,
2023,7,4,18,0,24.2,13.7,52.01,,,,,,,,,,,,,,,,,,,,,,,,,,,,,,,,,,,,
2023,7,4,19,0,25,13.8,49.86,,,,,,,,,,,,,,,,,,,,,,,,,,,,,,,,,,,,
2023,7,4,20,0,25.6,13.9,48.42,,,,,,,,,,,,,,,,,,,,,,,,,,,,,,,,,,,,
2023,7,4,21,0,26,14,47.69,,,,,,,,,,,,,,,,,,,,,,,,,,,,,,,,,,,,
2023,7,4,22,0,26.2,14.4,48.24,,,,,,,,,,,,,,,,,,,,,,,,,,,,,,,,,,,,
2023,7,4,23,0,25.9,15.2,51.81,,,,,,,,,,,,,,,,,,,,,,,,,,,,,,,,,,,,
2023,7,5,0,0,25.5,16.8,58.79,,,,,,,,,,,,,,,,,,,,,,,,,,,,,,,,,,,,
2023,7,5,1,0,24.8,17.5,63.68,,,,,,,,,,,,,,,,,,,,,,,,,,,,,,,,,,,,
2023,7,5,2,0,22.8,18.6,77.06,,,,,,,,,,,,,,,,,,,,,,,,,,,,,,,,,,,,
2023,7,5,3,0,20.5,16.7,78.73,,,,,,,,,,,,,,,,,,,,,,,,,,,,,,,,,,,,
2023,7,5,4,0,19.5,14.7,74.01,,,,,,,,,,,,,,,,,,,,,,,,,,,,,,,,,,,,
2023,7,5,5,0,19.3,13.9,71.11,,,,,,,,,,,,,,,,,,,,,,,,,,,,,,,,,,,,
2023,7,5,6,0,19.1,13.2,68.48,,,,,,,,,,,,,,,,,,,,,,,,,,,,,,,,,,,,
2023,7,5,7,0,18.9,12.5,66.18,,,,,,,,,,,,,,,,,,,,,,,,,,,,,,,,,,,,
2023,7,5,8,0,18.5,11.8,65,,,,,,,,,,,,,,,,,,,,,,,,,,,,,,,,,,,,
2023,7,5,9,0,18,11.3,64.84,,,,,,,,,,,,,,,,,,,,,,,,,,,,,,,,,,,,
2023,7,5,10,0,17.5,10.9,65.36,,,,,,,,,,,,,,,,,,,,,,,,,,,,,,,,,,,,
2023,7,5,11,0,16.9,10.7,66.94,,,,,,,,,,,,,,,,,,,,,,,,,,,,,,,,,,,,
2023,7,5,12,0,16.5,10.8,69.04,,,,,,,,,,,,,,,,,,,,,,,,,,,,,,,,,,,,
2023,7,5,13,0,17.3,12.5,73.42,,,,,,,,,,,,,,,,,,,,,,,,,,,,,,,,,,,,
2023,7,5,14,0,18.8,14.4,75.64,,,,,,,,,,,,,,,,,,,,,,,,,,,,,,,,,,,,
2023,7,5,15,0,20.8,14.4,66.63,,,,,,,,,,,,,,,,,,,,,,,,,,,,,,,,,,,,
2023,7,5,16,0,22.5,15.3,63.74,,,,,,,,,,,,,,,,,,,,,,,,,,,,,,,,,,,,
2023,7,5,17,0,24.4,14.6,54.4,,,,,,,,,,,,,,,,,,,,,,,,,,,,,,,,,,,,
2023,7,5,18,0,25.9,14.6,49.74,,,,,,,,,,,,,,,,,,,,,,,,,,,,,,,,,,,,
2023,7,5,19,0,26.5,14.7,48.22,,,,,,,,,,,,,,,,,,,,,,,,,,,,,,,,,,,,
2023,7,5,20,0,27.4,14.8,46.25,,,,,,,,,,,,,,,,,,,,,,,,,,,,,,,,,,,,
2023,7,5,21,0,28.3,14.9,43.96,,,,,,,,,,,,,,,,,,,,,,,,,,,,,,,,,,,,
2023,7,5,22,0,28.7,15.1,43.67,,,,,,,,,,,,,,,,,,,,,,,,,,,,,,,,,,,,
2023,7,5,23,0,28.8,15.5,44.57,,,,,,,,,,,,,,,,,,,,,,,,,,,,,,,,,,,,
2023,7,6,0,0,29.8,16.1,43.52,,,,,,,,,,,,,,,,,,,,,,,,,,,,,,,,,,,,
2023,7,6,1,0,30.2,13.9,36.94,,,,,,,,,,,,,,,,,,,,,,,,,,,,,,,,,,,,
2023,7,6,2,0,26.9,16.2,51.97,,,,,,,,,,,,,,,,,,,,,,,,,,,,,,,,,,,,
2023,7,6,3,0,23.6,16.6,64.88,,,,,,,,,,,,,,,,,,,,,,,,,,,,,,,,,,,,
2023,7,6,4,0,21.9,14.6,63.1,,,,,,,,,,,,,,,,,,,,,,,,,,,,,,,,,,,,
2023,7,6,5,0,21,14,64.33,,,,,,,,,,,,,,,,,,,,,,,,,,,,,,,,,,,,
2023,7,6,6,0,20.6,13.3,63.04,,,,,,,,,,,,,,,,,,,,,,,,,,,,,,,,,,,,
2023,7,6,7,0,20.3,12.6,61.44,,,,,,,,,,,,,,,,,,,,,,,,,,,,,,,,,,,,
2023,7,6,8,0,19.8,12.1,61.34,,,,,,,,,,,,,,,,,,,,,,,,,,,,,,,,,,,,
2023,7,6,9,0,19,12,63.66,,,,,,,,,,,,,,,,,,,,,,,,,,,,,,,,,,,,
2023,7,6,10,0,18,11.8,67.11,,,,,,,,,,,,,,,,,,,,,,,,,,,,,,,,,,,,
2023,7,6,11,0,17.1,11.6,69.89,,,,,,,,,,,,,,,,,,,,,,,,,,,,,,,,,,,,
2023,7,6,12,0,16.6,11.5,71.66,,,,,,,,,,,,,,,,,,,,,,,,,,,,,,,,,,,,
2023,7,6,13,0,17.3,14.2,81.94,,,,,,,,,,,,,,,,,,,,,,,,,,,,,,,,,,,,
2023,7,6,14,0,19.6,14.2,71.05,,,,,,,,,,,,,,,,,,,,,,,,,,,,,,,,,,,,
2023,7,6,15,0,21.4,14.2,63.5,,,,,,,,,,,,,,,,,,,,,,,,,,,,,,,,,,,,
2023,7,6,16,0,23.2,15.1,60.29,,,,,,,,,,,,,,,,,,,,,,,,,,,,,,,,,,,,
2023,7,6,17,0,24.1,15.2,57.39,,,,,,,,,,,,,,,,,,,,,,,,,,,,,,,,,,,,
2023,7,6,18,0,24.9,15.1,54.52,,,,,,,,,,,,,,,,,,,,,,,,,,,,,,,,,,,,
2023,7,6,19,0,26.2,15.2,50.94,,,,,,,,,,,,,,,,,,,,,,,,,,,,,,,,,,,,
2023,7,6,20,0,27.1,15.3,48.58,,,,,,,,,,,,,,,,,,,,,,,,,,,,,,,,,,,,
2023,7,6,21,0,27.7,15.5,47.53,,,,,,,,,,,,,,,,,,,,,,,,,,,,,,,,,,,,
2023,7,6,22,0,27.7,15.9,48.52,,,,,,,,,,,,,,,,,,,,,,,,,,,,,,,,,,,,
2023,7,6,23,0,27.3,16.5,51.63,,,,,,,,,,,,,,,,,,,,,,,,,,,,,,,,,,,,
2023,7,7,0,0,28.3,18.4,55.15,,,,,,,,,,,,,,,,,,,,,,,,,,,,,,,,,,,,
2023,7,7,1,0,26.5,19.4,65.15,,,,,,,,,,,,,,,,,,,,,,,,,,,,,,,,,,,,
2023,7,7,2,0,24.4,19.5,74.19,,,,,,,,,,,,,,,,,,,,,,,,,,,,,,,,,,,,
2023,7,7,3,0,22.4,17.5,73.97,,,,,,,,,,,,,,,,,,,,,,,,,,,,,,,,,,,,
2023,7,7,4,0,20.4,16.9,80.4,,,,,,,,,,,,,,,,,,,,,,,,,,,,,,,,,,,,
2023,7,7,5,0,18.7,16.9,89.28,,,,,,,,,,,,,,,,,,,,,,,,,,,,,,,,,,,,
2023,7,7,6,0,17.6,16.6,93.98,,,,,,,,,,,,,,,,,,,,,,,,,,,,,,,,,,,,
2023,7,7,7,0,16.7,16.2,97.02,,,,,,,,,,,,,,,,,,,,,,,,,,,,,,,,,,,,
2023,7,7,8,0,16,15.8,98.99,,,,,,,,,,,,,,,,,,,,,,,,,,,,,,,,,,,,
2023,7,7,9,0,15.5,15.3,98.97,,,,,,,,,,,,,,,,,,,,,,,,,,,,,,,,,,,,
2023,7,7,10,0,15,14.7,98.35,,,,,,,,,,,,,,,,,,,,,,,,,,,,,,,,,,,,
2023,7,7,11,0,14.7,14.2,96.8,,,,,,,,,,,,,,,,,,,,,,,,,,,,,,,,,,,,
2023,7,7,12,0,14.2,13.5,95.34,,,,,,,,,,,,,,,,,,,,,,,,,,,,,,,,,,,,
2023,7,7,13,0,14.7,13.3,91.26,,,,,,,,,,,,,,,,,,,,,,,,,,,,,,,,,,,,
2023,7,7,14,0,15.7,13,83.77,,,,,,,,,,,,,,,,,,,,,,,,,,,,,,,,,,,,
2023,7,7,15,0,17,13,77.1,,,,,,,,,,,,,,,,,,,,,,,,,,,,,,,,,,,,
2023,7,7,16,0,18.3,13.3,72.64,,,,,,,,,,,,,,,,,,,,,,,,,,,,,,,,,,,,
2023,7,7,17,0,19.8,13.8,68.44,,,,,,,,,,,,,,,,,,,,,,,,,,,,,,,,,,,,
2023,7,7,18,0,21.2,14.4,65.23,,,,,,,,,,,,,,,,,,,,,,,,,,,,,,,,,,,,
2023,7,7,19,0,22.4,15,63.11,,,,,,,,,,,,,,,,,,,,,,,,,,,,,,,,,,,,
2023,7,7,20,0,23.3,15.6,61.95,,,,,,,,,,,,,,,,,,,,,,,,,,,,,,,,,,,,
2023,7,7,21,0,23.8,16,61.48,,,,,,,,,,,,,,,,,,,,,,,,,,,,,,,,,,,,
2023,7,7,22,0,24,16.1,61.28,,,,,,,,,,,,,,,,,,,,,,,,,,,,,,,,,,,,
2023,7,7,23,0,23.8,16.1,62.16,,,,,,,,,,,,,,,,,,,,,,,,,,,,,,,,,,,,
2023,7,8,0,0,23,16.1,64.93,,,,,,,,,,,,,,,,,,,,,,,,,,,,,,,,,,,,
2023,7,8,1,0,21.8,16,69.66,,,,,,,,,,,,,,,,,,,,,,,,,,,,,,,,,,,,
2023,7,8,2,0,20.2,16.1,77.43,,,,,,,,,,,,,,,,,,,,,,,,,,,,,,,,,,,,
2023,7,8,3,0,18.5,16.2,86.55,,,,,,,,,,,,,,,,,,,,,,,,,,,,,,,,,,,,
2023,7,8,4,0,17.2,15.8,91.32,,,,,,,,,,,,,,,,,,,,,,,,,,,,,,,,,,,,
2023,7,8,5,0,16.6,15.5,93.18,,,,,,,,,,,,,,,,,,,,,,,,,,,,,,,,,,,,
2023,7,8,6,0,16.1,15.4,95.74,,,,,,,,,,,,,,,,,,,,,,,,,,,,,,,,,,,,
2023,7,8,7,0,15.7,15,95.75,,,,,,,,,,,,,,,,,,,,,,,,,,,,,,,,,,,,
2023,7,8,8,0,15.2,14.5,95.38,,,,,,,,,,,,,,,,,,,,,,,,,,,,,,,,,,,,
2023,7,8,9,0,14.8,14,95.16,,,,,,,,,,,,,,,,,,,,,,,,,,,,,,,,,,,,
2023,7,8,10,0,14.3,13.6,95.6,,,,,,,,,,,,,,,,,,,,,,,,,,,,,,,,,,,,
2023,7,8,11,0,13.7,13.2,96.54,,,,,,,,,,,,,,,,,,,,,,,,,,,,,,,,,,,,
2023,7,8,12,0,13.5,12.8,95.83,,,,,,,,,,,,,,,,,,,,,,,,,,,,,,,,,,,,
2023,7,8,13,0,14.2,12.7,90.8,,,,,,,,,,,,,,,,,,,,,,,,,,,,,,,,,,,,
2023,7,8,14,0,15.1,12.6,84.82,,,,,,,,,,,,,,,,,,,,,,,,,,,,,,,,,,,,
2023,7,8,15,0,16,12.6,80.02,,,,,,,,,,,,,,,,,,,,,,,,,,,,,,,,,,,,
2023,7,8,16,0,17.1,12.7,75.47,,,,,,,,,,,,,,,,,,,,,,,,,,,,,,,,,,,,
2023,7,8,17,0,18.3,13.1,71.52,,,,,,,,,,,,,,,,,,,,,,,,,,,,,,,,,,,,
2023,7,8,18,0,19.6,13.5,67.7,,,,,,,,,,,,,,,,,,,,,,,,,,,,,,,,,,,,
2023,7,8,19,0,21,14,64.17,,,,,,,,,,,,,,,,,,,,,,,,,,,,,,,,,,,,
2023,7,8,20,0,22.1,14.5,62.02,,,,,,,,,,,,,,,,,,,,,,,,,,,,,,,,,,,,
2023,7,8,21,0,22.9,14.9,60.71,,,,,,,,,,,,,,,,,,,,,,,,,,,,,,,,,,,,
2023,7,8,22,0,23.3,15.2,60.46,,,,,,,,,,,,,,,,,,,,,,,,,,,,,,,,,,,,
2023,7,8,23,0,23.4,15.4,60.77,,,,,,,,,,,,,,,,,,,,,,,,,,,,,,,,,,,,
2023,7,9,0,0,23,15.5,62.66,,,,,,,,,,,,,,,,,,,,,,,,,,,,,,,,,,,,
2023,7,9,1,0,22.2,15.7,66.57,,,,,,,,,,,,,,,,,,,,,,,,,,,,,,,,,,,,
2023,7,9,2,0,21.6,16.6,73.06,,,,,,,,,,,,,,,,,,,,,,,,,,,,,,,,,,,,
2023,7,9,3,0,19.7,16.1,79.51,,,,,,,,,,,,,,,,,,,,,,,,,,,,,,,,,,,,
2023,7,9,4,0,18.3,14.8,79.81,,,,,,,,,,,,,,,,,,,,,,,,,,,,,,,,,,,,
2023,7,9,5,0,17.3,14.5,83.53,,,,,,,,,,,,,,,,,,,,,,,,,,,,,,,,,,,,
2023,7,9,6,0,16.5,14.3,86.63,,,,,,,,,,,,,,,,,,,,,,,,,,,,,,,,,,,,
2023,7,9,7,0,15.8,14,89.17,,,,,,,,,,,,,,,,,,,,,,,,,,,,,,,,,,,,
2023,7,9,8,0,15.1,13.7,91.63,,,,,,,,,,,,,,,,,,,,,,,,,,,,,,,,,,,,
2023,7,9,9,0,14.3,13.5,94.76,,,,,,,,,,,,,,,,,,,,,,,,,,,,,,,,,,,,
2023,7,9,10,0,13.6,13.1,97.03,,,,,,,,,,,,,,,,,,,,,,,,,,,,,,,,,,,,
2023,7,9,11,0,13.2,12.8,97.71,,,,,,,,,,,,,,,,,,,,,,,,,,,,,,,,,,,,
2023,7,9,12,0,13.2,12.7,96.72,,,,,,,,,,,,,,,,,,,,,,,,,,,,,,,,,,,,
2023,7,9,13,0,14.2,13.1,92.95,,,,,,,,,,,,,,,,,,,,,,,,,,,,,,,,,,,,
2023,7,9,14,0,15.4,13.1,86.19,,,,,,,,,,,,,,,,,,,,,,,,,,,,,,,,,,,,
2023,7,9,15,0,16.5,13.4,81.75,,,,,,,,,,,,,,,,,,,,,,,,,,,,,,,,,,,,
2023,7,9,16,0,17.8,13.8,77.56,,,,,,,,,,,,,,,,,,,,,,,,,,,,,,,,,,,,
2023,7,9,17,0,19.6,14.4,71.84,,,,,,,,,,,,,,,,,,,,,,,,,,,,,,,,,,,,
2023,7,9,18,0,21.2,14.8,66.74,,,,,,,,,,,,,,,,,,,,,,,,,,,,,,,,,,,,
2023,7,9,19,0,22.6,15.1,62.68,,,,,,,,,,,,,,,,,,,,,,,,,,,,,,,,,,,,
2023,7,9,20,0,23.7,15.4,59.64,,,,,,,,,,,,,,,,,,,,,,,,,,,,,,,,,,,,
2023,7,9,21,0,24.4,15.6,57.95,,,,,,,,,,,,,,,,,,,,,,,,,,,,,,,,,,,,
2023,7,9,22,0,24.7,15.8,57.64,,,,,,,,,,,,,,,,,,,,,,,,,,,,,,,,,,,,
2023,7,9,23,0,24.6,15.9,58.57,,,,,,,,,,,,,,,,,,,,,,,,,,,,,,,,,,,,
2023,7,10,0,0,24,16.1,61.13,,,,,,,,,,,,,,,,,,,,,,,,,,,,,,,,,,,,
2023,7,10,1,0,23,16.5,66.82,,,,,,,,,,,,,,,,,,,,,,,,,,,,,,,,,,,,
2023,7,10,2,0,21.8,17.5,76.44,,,,,,,,,,,,,,,,,,,,,,,,,,,,,,,,,,,,
2023,7,10,3,0,19.3,17.2,87.84,,,,,,,,,,,,,,,,,,,,,,,,,,,,,,,,,,,,
2023,7,10,4,0,17.5,16,90.84,,,,,,,,,,,,,,,,,,,,,,,,,,,,,,,,,,,,
2023,7,10,5,0,16.8,15.6,92.38,,,,,,,,,,,,,,,,,,,,,,,,,,,,,,,,,,,,
2023,7,10,6,0,15.9,15.2,95.47,,,,,,,,,,,,,,,,,,,,,,,,,,,,,,,,,,,,
2023,7,10,7,0,15.1,14.6,96.77,,,,,,,,,,,,,,,,,,,,,,,,,,,,,,,,,,,,
2023,7,10,8,0,14.3,13.8,96.75,,,,,,,,,,,,,,,,,,,,,,,,,,,,,,,,,,,,
2023,7,10,9,0,13.6,13.1,96.98,,,,,,,,,,,,,,,,,,,,,,,,,,,,,,,,,,,,
2023,7,10,10,0,13.3,12.8,96.75,,,,,,,,,,,,,,,,,,,,,,,,,,,,,,,,,,,,
2023,7,10,11,0,13.1,12.3,95.11,,,,,,,,,,,,,,,,,,,,,,,,,,,,,,,,,,,,
2023,7,10,12,0,12.7,11.8,94.57,,,,,,,,,,,,,,,,,,,,,,,,,,,,,,,,,,,,
2023,7,10,13,0,13.2,11.8,91.1,,,,,,,,,,,,,,,,,,,,,,,,,,,,,,,,,,,,
2023,7,10,14,0,14.2,11.6,84.59,,,,,,,,,,,,,,,,,,,,,,,,,,,,,,,,,,,,
2023,7,10,15,0,15.2,11.5,78.7,,,,,,,,,,,,,,,,,,,,,,,,,,,,,,,,,,,,
2023,7,10,16,0,16,11.5,74.64,,,,,,,,,,,,,,,,,,,,,,,,,,,,,,,,,,,,
2023,7,10,17,0,17,11.7,71.04,,,,,,,,,,,,,,,,,,,,,,,,,,,,,,,,,,,,
2023,7,10,18,0,18,12,68.18,,,,,,,,,,,,,,,,,,,,,,,,,,,,,,,,,,,,
2023,7,10,19,0,19,12.4,65.68,,,,,,,,,,,,,,,,,,,,,,,,,,,,,,,,,,,,
2023,7,10,20,0,19.7,12.8,64.23,,,,,,,,,,,,,,,,,,,,,,,,,,,,,,,,,,,,
2023,7,10,21,0,20.3,13.1,63.28,,,,,,,,,,,,,,,,,,,,,,,,,,,,,,,,,,,,
2023,7,10,22,0,20.5,13.3,63.45,,,,,,,,,,,,,,,,,,,,,,,,,,,,,,,,,,,,
2023,7,10,23,0,20.3,13.5,64.92,,,,,,,,,,,,,,,,,,,,,,,,,,,,,,,,,,,,
2023,7,11,0,0,19.9,13.6,67.21,,,,,,,,,,,,,,,,,,,,,,,,,,,,,,,,,,,,
2023,7,11,1,0,19.3,13.9,71.1,,,,,,,,,,,,,,,,,,,,,,,,,,,,,,,,,,,,
2023,7,11,2,0,18.3,14.5,78.54,,,,,,,,,,,,,,,,,,,,,,,,,,,,,,,,,,,,
2023,7,11,3,0,17,14.9,87.2,,,,,,,,,,,,,,,,,,,,,,,,,,,,,,,,,,,,
2023,7,11,4,0,15.9,14.6,91.77,,,,,,,,,,,,,,,,,,,,,,,,,,,,,,,,,,,,
2023,7,11,5,0,15.4,14.2,92.37,,,,,,,,,,,,,,,,,,,,,,,,,,,,,,,,,,,,
2023,7,11,6,0,14.9,13.9,93.64,,,,,,,,,,,,,,,,,,,,,,,,,,,,,,,,,,,,
2023,7,11,7,0,14.4,13.6,95.05,,,,,,,,,,,,,,,,,,,,,,,,,,,,,,,,,,,,
2023,7,11,8,0,14.1,13.4,95.28,,,,,,,,,,,,,,,,,,,,,,,,,,,,,,,,,,,,
2023,7,11,9,0,13.8,13.1,95.44,,,,,,,,,,,,,,,,,,,,,,,,,,,,,,,,,,,,
2023,7,11,10,0,13.4,12.7,95.83,,,,,,,,,,,,,,,,,,,,,,,,,,,,,,,,,,,,
2023,7,11,11,0,12.9,12.4,96.62,,,,,,,,,,,,,,,,,,,,,,,,,,,,,,,,,,,,
2023,7,11,12,0,12.7,12.1,96.38,,,,,,,,,,,,,,,,,,,,,,,,,,,,,,,,,,,,
2023,7,11,13,0,13.6,12.3,91.67,,,,,,,,,,,,,,,,,,,,,,,,,,,,,,,,,,,,
2023,7,11,14,0,14.8,12.4,85.69,,,,,,,,,,,,,,,,,,,,,,,,,,,,,,,,,,,,
2023,7,11,15,0,15.9,12.6,80.79,,,,,,,,,,,,,,,,,,,,,,,,,,,,,,,,,,,,
2023,7,11,16,0,17,12.9,76.83,,,,,,,,,,,,,,,,,,,,,,,,,,,,,,,,,,,,
2023,7,11,17,0,18.4,13.3,72.1,,,,,,,,,,,,,,,,,,,,,,,,,,,,,,,,,,,,
2023,7,11,18,0,19.8,13.7,67.77,,,,,,,,,,,,,,,,,,,,,,,,,,,,,,,,,,,,
2023,7,11,19,0,21,14.1,64.6,,,,,,,,,,,,,,,,,,,,,,,,,,,,,,,,,,,,
2023,7,11,20,0,21.9,14.4,62.39,,,,,,,,,,,,,,,,,,,,,,,,,,,,,,,,,,,,
2023,7,11,21,0,22.4,14.6,61.54,,,,,,,,,,,,,,,,,,,,,,,,,,,,,,,,,,,,
2023,7,11,22,0,22.8,14.9,60.92,,,,,,,,,,,,,,,,,,,,,,,,,,,,,,,,,,,,
2023,7,11,23,0,23,15,60.89,,,,,,,,,,,,,,,,,,,,,,,,,,,,,,,,,,,,
2023,7,12,0,0,22.7,15.2,62.61,,,,,,,,,,,,,,,,,,,,,,,,,,,,,,,,,,,,
2023,7,12,1,0,22,15.6,66.89,,,,,,,,,,,,,,,,,,,,,,,,,,,,,,,,,,,,
2023,7,12,2,0,20.9,16.9,77.77,,,,,,,,,,,,,,,,,,,,,,,,,,,,,,,,,,,,
2023,7,12,3,0,18.7,16.6,87.65,,,,,,,,,,,,,,,,,,,,,,,,,,,,,,,,,,,,
2023,7,12,4,0,17.4,15.4,87.93,,,,,,,,,,,,,,,,,,,,,,,,,,,,,,,,,,,,
2023,7,12,5,0,17.2,15.1,87.29,,,,,,,,,,,,,,,,,,,,,,,,,,,,,,,,,,,,
2023,7,12,6,0,17.1,14.9,86.78,,,,,,,,,,,,,,,,,,,,,,,,,,,,,,,,,,,,
2023,7,12,7,0,17,14.8,87.04,,,,,,,,,,,,,,,,,,,,,,,,,,,,,,,,,,,,
2023,7,12,8,0,16.6,14.8,88.89,,,,,,,,,,,,,,,,,,,,,,,,,,,,,,,,,,,,
2023,7,12,9,0,16.1,14.7,91.41,,,,,,,,,,,,,,,,,,,,,,,,,,,,,,,,,,,,
2023,7,12,10,0,15.1,14.4,95.45,,,,,,,,,,,,,,,,,,,,,,,,,,,,,,,,,,,,
2023,7,12,11,0,14.1,13.9,98.51,,,,,,,,,,,,,,,,,,,,,,,,,,,,,,,,,,,,
2023,7,12,12,0,13.7,13.6,99.25,,,,,,,,,,,,,,,,,,,,,,,,,,,,,,,,,,,,
2023,7,12,13,0,15.2,14.3,94.09,,,,,,,,,,,,,,,,,,,,,,,,,,,,,,,,,,,,
2023,7,12,14,0,16.4,14.3,87.53,,,,,,,,,,,,,,,,,,,,,,,,,,,,,,,,,,,,
2023,7,12,15,0,17.6,14.6,82.48,,,,,,,,,,,,,,,,,,,,,,,,,,,,,,,,,,,,
2023,7,12,16,0,18.9,14.9,77.67,,,,,,,,,,,,,,,,,,,,,,,,,,,,,,,,,,,,
2023,7,12,17,0,19.9,15.1,74.07,,,,,,,,,,,,,,,,,,,,,,,,,,,,,,,,,,,,
2023,7,12,18,0,20.9,15.4,70.61,,,,,,,,,,,,,,,,,,,,,,,,,,,,,,,,,,,,
2023,7,12,19,0,21.7,15.5,67.67,,,,,,,,,,,,,,,,,,,,,,,,,,,,,,,,,,,,
2023,7,12,20,0,22.2,15.5,65.81,,,,,,,,,,,,,,,,,,,,,,,,,,,,,,,,,,,,
2023,7,12,21,0,22.7,15.5,63.79,,,,,,,,,,,,,,,,,,,,,,,,,,,,,,,,,,,,
2023,7,12,22,0,23.3,15.5,61.43,,,,,,,,,,,,,,,,,,,,,,,,,,,,,,,,,,,,
2023,7,12,23,0,23.3,15.4,61.04,,,,,,,,,,,,,,,,,,,,,,,,,,,,,,,,,,,,
2023,7,13,0,0,22.9,15.3,62.41,,,,,,,,,,,,,,,,,,,,,,,,,,,,,,,,,,,,
2023,7,13,1,0,22.2,15.6,66.19,,,,,,,,,,,,,,,,,,,,,,,,,,,,,,,,,,,,
2023,7,13,2,0,21.2,16.8,75.77,,,,,,,,,,,,,,,,,,,,,,,,,,,,,,,,,,,,
2023,7,13,3,0,19.2,16.6,84.99,,,,,,,,,,,,,,,,,,,,,,,,,,,,,,,,,,,,
2023,7,13,4,0,18.1,15.4,84.15,,,,,,,,,,,,,,,,,,,,,,,,,,,,,,,,,,,,
2023,7,13,5,0,17.5,15.2,86.19,,,,,,,,,,,,,,,,,,,,,,,,,,,,,,,,,,,,
2023,7,13,6,0,17,15,88.26,,,,,,,,,,,,,,,,,,,,,,,,,,,,,,,,,,,,
2023,7,13,7,0,16.3,14.9,91.67,,,,,,,,,,,,,,,,,,,,,,,,,,,,,,,,,,,,
2023,7,13,8,0,15.4,14.7,95.55,,,,,,,,,,,,,,,,,,,,,,,,,,,,,,,,,,,,
2023,7,13,9,0,14.9,14.5,97.26,,,,,,,,,,,,,,,,,,,,,,,,,,,,,,,,,,,,
2023,7,13,10,0,14.4,14.2,98.68,,,,,,,,,,,,,,,,,,,,,,,,,,,,,,,,,,,,
2023,7,13,11,0,14.1,13.9,98.69,,,,,,,,,,,,,,,,,,,,,,,,,,,,,,,,,,,,
2023,7,13,12,0,14,13.6,97.73,,,,,,,,,,,,,,,,,,,,,,,,,,,,,,,,,,,,
2023,7,13,13,0,15,13.9,93.14,,,,,,,,,,,,,,,,,,,,,,,,,,,,,,,,,,,,
2023,7,13,14,0,16.1,13.9,87.02,,,,,,,,,,,,,,,,,,,,,,,,,,,,,,,,,,,,
2023,7,13,15,0,17.5,14.1,80.65,,,,,,,,,,,,,,,,,,,,,,,,,,,,,,,,,,,,
2023,7,13,16,0,19,14.5,75.19,,,,,,,,,,,,,,,,,,,,,,,,,,,,,,,,,,,,
2023,7,13,17,0,20.4,15,70.99,,,,,,,,,,,,,,,,,,,,,,,,,,,,,,,,,,,,
2023,7,13,18,0,21.7,15.4,67.51,,,,,,,,,,,,,,,,,,,,,,,,,,,,,,,,,,,,
2023,7,13,19,0,23,15.8,63.86,,,,,,,,,,,,,,,,,,,,,,,,,,,,,,,,,,,,
2023,7,13,20,0,23.8,16,61.59,,,,,,,,,,,,,,,,,,,,,,,,,,,,,,,,,,,,
2023,7,13,21,0,24.5,16.1,59.36,,,,,,,,,,,,,,,,,,,,,,,,,,,,,,,,,,,,
2023,7,13,22,0,24.9,16.1,58,,,,,,,,,,,,,,,,,,,,,,,,,,,,,,,,,,,,
2023,7,13,23,0,24.8,16,58.12,,,,,,,,,,,,,,,,,,,,,,,,,,,,,,,,,,,,
2023,7,14,0,0,24.5,16,59.31,,,,,,,,,,,,,,,,,,,,,,,,,,,,,,,,,,,,
2023,7,14,1,0,24.3,16.7,62.74,,,,,,,,,,,,,,,,,,,,,,,,,,,,,,,,,,,,
2023,7,14,2,0,23.5,17.4,68.79,,,,,,,,,,,,,,,,,,,,,,,,,,,,,,,,,,,,
2023,7,14,3,0,21.3,16.6,74.69,,,,,,,,,,,,,,,,,,,,,,,,,,,,,,,,,,,,
2023,7,14,4,0,20.3,15.2,72.56,,,,,,,,,,,,,,,,,,,,,,,,,,,,,,,,,,,,
2023,7,14,5,0,19.7,15.1,74.79,,,,,,,,,,,,,,,,,,,,,,,,,,,,,,,,,,,,
2023,7,14,6,0,19,15,77.76,,,,,,,,,,,,,,,,,,,,,,,,,,,,,,,,,,,,
2023,7,14,7,0,18.3,15,81.07,,,,,,,,,,,,,,,,,,,,,,,,,,,,,,,,,,,,
2023,7,14,8,0,17.4,15,85.8,,,,,,,,,,,,,,,,,,,,,,,,,,,,,,,,,,,,
2023,7,14,9,0,16.3,14.8,91,,,,,,,,,,,,,,,,,,,,,,,,,,,,,,,,,,,,
2023,7,14,10,0,15.5,14.6,94.43,,,,,,,,,,,,,,,,,,,,,,,,,,,,,,,,,,,,
2023,7,14,11,0,15,14.4,96.29,,,,,,,,,,,,,,,,,,,,,,,,,,,,,,,,,,,,
2023,7,14,12,0,14.8,14.3,96.61,,,,,,,,,,,,,,,,,,,,,,,,,,,,,,,,,,,,
2023,7,14,13,0,16.1,15.4,95.35,,,,,,,,,,,,,,,,,,,,,,,,,,,,,,,,,,,,
2023,7,14,14,0,17.9,15.7,86.94,,,,,,,,,,,,,,,,,,,,,,,,,,,,,,,,,,,,
2023,7,14,15,0,19.8,15.5,76.16,,,,,,,,,,,,,,,,,,,,,,,,,,,,,,,,,,,,
2023,7,14,16,0,21.5,15.5,68.49,,,,,,,,,,,,,,,,,,,,,,,,,,,,,,,,,,,,
2023,7,14,17,0,22.9,15.7,63.84,,,,,,,,,,,,,,,,,,,,,,,,,,,,,,,,,,,,
2023,7,14,18,0,24.3,15.8,58.92,,,,,,,,,,,,,,,,,,,,,,,,,,,,,,,,,,,,
2023,7,14,19,0,25.4,15.6,54.79,,,,,,,,,,,,,,,,,,,,,,,,,,,,,,,,,,,,
2023,7,14,20,0,26.1,15.6,52.24,,,,,,,,,,,,,,,,,,,,,,,,,,,,,,,,,,,,
2023,7,14,21,0,26.6,15.5,50.4,,,,,,,,,,,,,,,,,,,,,,,,,,,,,,,,,,,,
2023,7,14,22,0,26.8,15.4,49.57,,,,,,,,,,,,,,,,,,,,,,,,,,,,,,,,,,,,
2023,7,14,23,0,26.7,15.5,50.22,,,,,,,,,,,,,,,,,,,,,,,,,,,,,,,,,,,,
2023,7,15,0,0,26.2,16.2,54.03,,,,,,,,,,,,,,,,,,,,,,,,,,,,,,,,,,,,
2023,7,15,1,0,26.3,16.9,56.18,,,,,,,,,,,,,,,,,,,,,,,,,,,,,,,,,,,,
2023,7,15,2,0,24.3,17.6,66.09,,,,,,,,,,,,,,,,,,,,,,,,,,,,,,,,,,,,
2023,7,15,3,0,20.9,16.8,77.56,,,,,,,,,,,,,,,,,,,,,,,,,,,,,,,,,,,,
2023,7,15,4,0,19.1,15.1,77.61,,,,,,,,,,,,,,,,,,,,,,,,,,,,,,,,,,,,
2023,7,15,5,0,18.4,14.6,78.72,,,,,,,,,,,,,,,,,,,,,,,,,,,,,,,,,,,,
2023,7,15,6,0,18,14.2,78.33,,,,,,,,,,,,,,,,,,,,,,,,,,,,,,,,,,,,
2023,7,15,7,0,17.8,13.7,77.15,,,,,,,,,,,,,,,,,,,,,,,,,,,,,,,,,,,,
2023,7,15,8,0,17.6,13.4,76.38,,,,,,,,,,,,,,,,,,,,,,,,,,,,,,,,,,,,
2023,7,15,9,0,17.1,13.2,78.02,,,,,,,,,,,,,,,,,,,,,,,,,,,,,,,,,,,,
2023,7,15,10,0,16.6,13.1,79.87,,,,,,,,,,,,,,,,,,,,,,,,,,,,,,,,,,,,
2023,7,15,11,0,16.5,12.9,79.38,,,,,,,,,,,,,,,,,,,,,,,,,,,,,,,,,,,,
2023,7,15,12,0,16.6,12.8,78.16,,,,,,,,,,,,,,,,,,,,,,,,,,,,,,,,,,,,
2023,7,15,13,0,17.8,14.7,82.21,,,,,,,,,,,,,,,,,,,,,,,,,,,,,,,,,,,,
2023,7,15,14,0,20.5,16.1,75.85,,,,,,,,,,,,,,,,,,,,,,,,,,,,,,,,,,,,
2023,7,15,15,0,23.8,14.9,57.39,,,,,,,,,,,,,,,,,,,,,,,,,,,,,,,,,,,,
2023,7,15,16,0,24.7,14.4,52.68,,,,,,,,,,,,,,,,,,,,,,,,,,,,,,,,,,,,
2023,7,15,17,0,25.3,14.3,50.53,,,,,,,,,,,,,,,,,,,,,,,,,,,,,,,,,,,,
2023,7,15,18,0,26.1,14.7,49.52,,,,,,,,,,,,,,,,,,,,,,,,,,,,,,,,,,,,
2023,7,15,19,0,27,15.1,48.11,,,,,,,,,,,,,,,,,,,,,,,,,,,,,,,,,,,,
2023,7,15,20,0,27.6,15.4,47.49,,,,,,,,,,,,,,,,,,,,,,,,,,,,,,,,,,,,
2023,7,15,21,0,28.1,15.7,46.86,,,,,,,,,,,,,,,,,,,,,,,,,,,,,,,,,,,,
2023,7,15,22,0,28.4,15.9,46.67,,,,,,,,,,,,,,,,,,,,,,,,,,,,,,,,,,,,
2023,7,15,23,0,28.1,16.5,49.2,,,,,,,,,,,,,,,,,,,,,,,,,,,,,,,,,,,,
2023,7,16,0,0,27.6,17.2,52.96,,,,,,,,,,,,,,,,,,,,,,,,,,,,,,,,,,,,
2023,7,16,1,0,25.2,19.2,69.44,,,,,,,,,,,,,,,,,,,,,,,,,,,,,,,,,,,,
2023,7,16,2,0,22.8,19,79.01,,,,,,,,,,,,,,,,,,,,,,,,,,,,,,,,,,,,
2023,7,16,3,0,21.3,17.7,79.91,,,,,,,,,,,,,,,,,,,,,,,,,,,,,,,,,,,,
2023,7,16,4,0,19.6,16.6,83.08,,,,,,,,,,,,,,,,,,,,,,,,,,,,,,,,,,,,
2023,7,16,5,0,18.7,16.3,85.82,,,,,,,,,,,,,,,,,,,,,,,,,,,,,,,,,,,,
2023,7,16,6,0,18.2,15.8,85.98,,,,,,,,,,,,,,,,,,,,,,,,,,,,,,,,,,,,
2023,7,16,7,0,17.9,15.3,85,,,,,,,,,,,,,,,,,,,,,,,,,,,,,,,,,,,,
2023,7,16,8,0,17.6,14.9,83.97,,,,,,,,,,,,,,,,,,,,,,,,,,,,,,,,,,,,
2023,7,16,9,0,17.1,14.5,84.5,,,,,,,,,,,,,,,,,,,,,,,,,,,,,,,,,,,,
2023,7,16,10,0,16.5,14.1,85.96,,,,,,,,,,,,,,,,,,,,,,,,,,,,,,,,,,,,
2023,7,16,11,0,16,13.9,87.32,,,,,,,,,,,,,,,,,,,,,,,,,,,,,,,,,,,,
2023,7,16,12,0,15.6,13.8,88.96,,,,,,,,,,,,,,,,,,,,,,,,,,,,,,,,,,,,
2023,7,16,13,0,16.7,15.3,91.22,,,,,,,,,,,,,,,,,,,,,,,,,,,,,,,,,,,,
2023,7,16,14,0,18.5,15.4,82.27,,,,,,,,,,,,,,,,,,,,,,,,,,,,,,,,,,,,
2023,7,16,15,0,20.1,15.1,72.76,,,,,,,,,,,,,,,,,,,,,,,,,,,,,,,,,,,,
2023,7,16,16,0,21.6,15.3,67.27,,,,,,,,,,,,,,,,,,,,,,,,,,,,,,,,,,,,
2023,7,16,17,0,22.7,15.6,64.32,,,,,,,,,,,,,,,,,,,,,,,,,,,,,,,,,,,,
2023,7,16,18,0,23.5,16,62.8,,,,,,,,,,,,,,,,,,,,,,,,,,,,,,,,,,,,
2023,7,16,19,0,24.1,16.4,62.02,,,,,,,,,,,,,,,,,,,,,,,,,,,,,,,,,,,,
2023,7,16,20,0,24.8,16.8,61.06,,,,,,,,,,,,,,,,,,,,,,,,,,,,,,,,,,,,
2023,7,16,21,0,25.5,17.1,59.88,,,,,,,,,,,,,,,,,,,,,,,,,,,,,,,,,,,,
2023,7,16,22,0,25.9,17.3,58.99,,,,,,,,,,,,,,,,,,,,,,,,,,,,,,,,,,,,
2023,7,16,23,0,25.7,17.2,59.59,,,,,,,,,,,,,,,,,,,,,,,,,,,,,,,,,,,,
2023,7,17,0,0,25.2,17.2,61.21,,,,,,,,,,,,,,,,,,,,,,,,,,,,,,,,,,,,
2023,7,17,1,0,24.1,17.5,66.62,,,,,,,,,,,,,,,,,,,,,,,,,,,,,,,,,,,,
2023,7,17,2,0,22.7,18,74.7,,,,,,,,,,,,,,,,,,,,,,,,,,,,,,,,,,,,
2023,7,17,3,0,20.3,17.6,84.31,,,,,,,,,,,,,,,,,,,,,,,,,,,,,,,,,,,,
2023,7,17,4,0,18.7,16.6,87.79,,,,,,,,,,,,,,,,,,,,,,,,,,,,,,,,,,,,
2023,7,17,5,0,17.6,16.2,91.3,,,,,,,,,,,,,,,,,,,,,,,,,,,,,,,,,,,,
2023,7,17,6,0,16.6,15.6,93.72,,,,,,,,,,,,,,,,,,,,,,,,,,,,,,,,,,,,
2023,7,17,7,0,15.8,15.1,95.72,,,,,,,,,,,,,,,,,,,,,,,,,,,,,,,,,,,,
2023,7,17,8,0,15.2,14.6,96.46,,,,,,,,,,,,,,,,,,,,,,,,,,,,,,,,,,,,
2023,7,17,9,0,14.8,14.2,96.27,,,,,,,,,,,,,,,,,,,,,,,,,,,,,,,,,,,,
2023,7,17,10,0,14.5,13.9,95.96,,,,,,,,,,,,,,,,,,,,,,,,,,,,,,,,,,,,
2023,7,17,11,0,14.1,13.5,96.47,,,,,,,,,,,,,,,,,,,,,,,,,,,,,,,,,,,,
2023,7,17,12,0,13.9,13.3,96.46,,,,,,,,,,,,,,,,,,,,,,,,,,,,,,,,,,,,
2023,7,17,13,0,14.9,13.6,91.67,,,,,,,,,,,,,,,,,,,,,,,,,,,,,,,,,,,,
2023,7,17,14,0,16,13.4,84.79,,,,,,,,,,,,,,,,,,,,,,,,,,,,,,,,,,,,
2023,7,17,15,0,17.1,13.4,78.78,,,,,,,,,,,,,,,,,,,,,,,,,,,,,,,,,,,,
2023,7,17,16,0,18.4,13.5,73.06,,,,,,,,,,,,,,,,,,,,,,,,,,,,,,,,,,,,
2023,7,17,17,0,19.7,13.5,67.45,,,,,,,,,,,,,,,,,,,,,,,,,,,,,,,,,,,,
2023,7,17,18,0,20.7,13.5,63.57,,,,,,,,,,,,,,,,,,,,,,,,,,,,,,,,,,,,
2023,7,17,19,0,21.5,13.6,60.81,,,,,,,,,,,,,,,,,,,,,,,,,,,,,,,,,,,,
2023,7,17,20,0,21.8,13.7,60.07,,,,,,,,,,,,,,,,,,,,,,,,,,,,,,,,,,,,
2023,7,17,21,0,22,13.8,59.88,,,,,,,,,,,,,,,,,,,,,,,,,,,,,,,,,,,,
2023,7,17,22,0,21.8,14,61.16,,,,,,,,,,,,,,,,,,,,,,,,,,,,,,,,,,,,
2023,7,17,23,0,21.3,14.2,63.88,,,,,,,,,,,,,,,,,,,,,,,,,,,,,,,,,,,,
2023,7,18,0,0,21.4,15,66.88,,,,,,,,,,,,,,,,,,,,,,,,,,,,,,,,,,,,
2023,7,18,1,0,20.6,15.8,73.99,,,,,,,,,,,,,,,,,,,,,,,,,,,,,,,,,,,,
2023,7,18,2,0,19.5,15.2,76.03,,,,,,,,,,,,,,,,,,,,,,,,,,,,,,,,,,,,
2023,7,18,3,0,17.8,15.6,87.15,,,,,,,,,,,,,,,,,,,,,,,,,,,,,,,,,,,,
2023,7,18,4,0,17,15,88.15,,,,,,,,,,,,,,,,,,,,,,,,,,,,,,,,,,,,
2023,7,18,5,0,16.6,14.8,88.92,,,,,,,,,,,,,,,,,,,,,,,,,,,,,,,,,,,,
2023,7,18,6,0,15.9,14.5,91.28,,,,,,,,,,,,,,,,,,,,,,,,,,,,,,,,,,,,
2023,7,18,7,0,15.2,14.2,93.78,,,,,,,,,,,,,,,,,,,,,,,,,,,,,,,,,,,,
2023,7,18,8,0,14.5,13.8,95.81,,,,,,,,,,,,,,,,,,,,,,,,,,,,,,,,,,,,
2023,7,18,9,0,14,13.4,96.17,,,,,,,,,,,,,,,,,,,,,,,,,,,,,,,,,,,,
2023,7,18,10,0,13.2,12.8,97.5,,,,,,,,,,,,,,,,,,,,,,,,,,,,,,,,,,,,
2023,7,18,11,0,12.5,12.2,98.02,,,,,,,,,,,,,,,,,,,,,,,,,,,,,,,,,,,,
2023,7,18,12,0,12.1,11.7,97.69,,,,,,,,,,,,,,,,,,,,,,,,,,,,,,,,,,,,
2023,7,18,13,0,13.7,12.4,91.75,,,,,,,,,,,,,,,,,,,,,,,,,,,,,,,,,,,,
2023,7,18,14,0,15.5,12.5,82.44,,,,,,,,,,,,,,,,,,,,,,,,,,,,,,,,,,,,
2023,7,18,15,0,17.3,12.7,74.14,,,,,,,,,,,,,,,,,,,,,,,,,,,,,,,,,,,,
2023,7,18,16,0,19,12.9,67.53,,,,,,,,,,,,,,,,,,,,,,,,,,,,,,,,,,,,
2023,7,18,17,0,20.4,13.1,62.88,,,,,,,,,,,,,,,,,,,,,,,,,,,,,,,,,,,,
2023,7,18,18,0,21.6,13.3,59.23,,,,,,,,,,,,,,,,,,,,,,,,,,,,,,,,,,,,
2023,7,18,19,0,22.5,13.5,56.83,,,,,,,,,,,,,,,,,,,,,,,,,,,,,,,,,,,,
2023,7,18,20,0,23.1,13.7,55.44,,,,,,,,,,,,,,,,,,,,,,,,,,,,,,,,,,,,
2023,7,18,21,0,23.5,13.7,54.29,,,,,,,,,,,,,,,,,,,,,,,,,,,,,,,,,,,,
2023,7,18,22,0,23.7,13.6,53.21,,,,,,,,,,,,,,,,,,,,,,,,,,,,,,,,,,,,
2023,7,18,23,0,23.6,13.6,53.36,,,,,,,,,,,,,,,,,,,,,,,,,,,,,,,,,,,,
2023,7,19,0,0,23.2,13.8,55.62,,,,,,,,,,,,,,,,,,,,,,,,,,,,,,,,,,,,
2023,7,19,1,0,22.5,15,62.58,,,,,,,,,,,,,,,,,,,,,,,,,,,,,,,,,,,,
2023,7,19,2,0,21.1,16.7,75.97,,,,,,,,,,,,,,,,,,,,,,,,,,,,,,,,,,,,
2023,7,19,3,0,18.5,16.1,85.81,,,,,,,,,,,,,,,,,,,,,,,,,,,,,,,,,,,,
2023,7,19,4,0,17.2,14.8,85.67,,,,,,,,,,,,,,,,,,,,,,,,,,,,,,,,,,,,
2023,7,19,5,0,16.6,14.5,87.45,,,,,,,,,,,,,,,,,,,,,,,,,,,,,,,,,,,,
2023,7,19,6,0,16.2,14.3,88.7,,,,,,,,,,,,,,,,,,,,,,,,,,,,,,,,,,,,
2023,7,19,7,0,15.8,14.2,89.99,,,,,,,,,,,,,,,,,,,,,,,,,,,,,,,,,,,,
2023,7,19,8,0,15.5,14,90.6,,,,,,,,,,,,,,,,,,,,,,,,,,,,,,,,,,,,
2023,7,19,9,0,15.3,13.8,90.57,,,,,,,,,,,,,,,,,,,,,,,,,,,,,,,,,,,,
2023,7,19,10,0,15.2,13.5,89.8,,,,,,,,,,,,,,,,,,,,,,,,,,,,,,,,,,,,
2023,7,19,11,0,14.8,13.3,90.52,,,,,,,,,,,,,,,,,,,,,,,,,,,,,,,,,,,,
2023,7,19,12,0,14.7,13,89.45,,,,,,,,,,,,,,,,,,,,,,,,,,,,,,,,,,,,
2023,7,19,13,0,15.8,14,89.23,,,,,,,,,,,,,,,,,,,,,,,,,,,,,,,,,,,,
2023,7,19,14,0,18,14.6,80.37,,,,,,,,,,,,,,,,,,,,,,,,,,,,,,,,,,,,
2023,7,19,15,0,19.9,14.5,70.9,,,,,,,,,,,,,,,,,,,,,,,,,,,,,,,,,,,,
2023,7,19,16,0,22.3,14.7,61.93,,,,,,,,,,,,,,,,,,,,,,,,,,,,,,,,,,,,
2023,7,19,17,0,24,14.8,56.51,,,,,,,,,,,,,,,,,,,,,,,,,,,,,,,,,,,,
2023,7,19,18,0,24.9,15.3,55.37,,,,,,,,,,,,,,,,,,,,,,,,,,,,,,,,,,,,
2023,7,19,19,0,25.7,15.6,53.77,,,,,,,,,,,,,,,,,,,,,,,,,,,,,,,,,,,,
2023,7,19,20,0,26.4,15.9,52.47,,,,,,,,,,,,,,,,,,,,,,,,,,,,,,,,,,,,
2023,7,19,21,0,27.1,16.1,50.88,,,,,,,,,,,,,,,,,,,,,,,,,,,,,,,,,,,,
2023,7,19,22,0,27.4,16.1,50.09,,,,,,,,,,,,,,,,,,,,,,,,,,,,,,,,,,,,
2023,7,19,23,0,27.3,16.3,51.03,,,,,,,,,,,,,,,,,,,,,,,,,,,,,,,,,,,,
2023,7,20,0,0,26.8,17.3,56.03,,,,,,,,,,,,,,,,,,,,,,,,,,,,,,,,,,,,
2023,7,20,1,0,25.9,18.7,64.33,,,,,,,,,,,,,,,,,,,,,,,,,,,,,,,,,,,,
2023,7,20,2,0,23.8,19.9,78.9,,,,,,,,,,,,,,,,,,,,,,,,,,,,,,,,,,,,
2023,7,20,3,0,21.8,18,79,,,,,,,,,,,,,,,,,,,,,,,,,,,,,,,,,,,,
2023,7,20,4,0,21.3,16.3,73.02,,,,,,,,,,,,,,,,,,,,,,,,,,,,,,,,,,,,
2023,7,20,5,0,21.1,15.5,70.54,,,,,,,,,,,,,,,,,,,,,,,,,,,,,,,,,,,,
2023,7,20,6,0,20.8,15.1,69.98,,,,,,,,,,,,,,,,,,,,,,,,,,,,,,,,,,,,
2023,7,20,7,0,20.3,14.9,70.94,,,,,,,,,,,,,,,,,,,,,,,,,,,,,,,,,,,,
2023,7,20,8,0,20.1,14.6,70.48,,,,,,,,,,,,,,,,,,,,,,,,,,,,,,,,,,,,
2023,7,20,9,0,19.9,14.1,69.45,,,,,,,,,,,,,,,,,,,,,,,,,,,,,,,,,,,,
2023,7,20,10,0,19.5,13.6,68.8,,,,,,,,,,,,,,,,,,,,,,,,,,,,,,,,,,,,
2023,7,20,11,0,18.5,13.4,71.98,,,,,,,,,,,,,,,,,,,,,,,,,,,,,,,,,,,,
2023,7,20,12,0,17.2,13.4,78.13,,,,,,,,,,,,,,,,,,,,,,,,,,,,,,,,,,,,
2023,7,20,13,0,17.4,15.3,87.3,,,,,,,,,,,,,,,,,,,,,,,,,,,,,,,,,,,,
2023,7,20,14,0,19,15.4,79.57,,,,,,,,,,,,,,,,,,,,,,,,,,,,,,,,,,,,
2023,7,20,15,0,20.6,15.8,74.15,,,,,,,,,,,,,,,,,,,,,,,,,,,,,,,,,,,,
2023,7,20,16,0,21.8,16.1,70.17,,,,,,,,,,,,,,,,,,,,,,,,,,,,,,,,,,,,
2023,7,20,17,0,23.2,16.6,66.47,,,,,,,,,,,,,,,,,,,,,,,,,,,,,,,,,,,,
2023,7,20,18,0,24.6,17,62.77,,,,,,,,,,,,,,,,,,,,,,,,,,,,,,,,,,,,
2023,7,20,19,0,25.8,17.4,59.76,,,,,,,,,,,,,,,,,,,,,,,,,,,,,,,,,,,,
2023,7,20,20,0,26.7,17.7,57.7,,,,,,,,,,,,,,,,,,,,,,,,,,,,,,,,,,,,
2023,7,20,21,0,27.3,17.9,56.63,,,,,,,,,,,,,,,,,,,,,,,,,,,,,,,,,,,,
2023,7,20,22,0,26.8,18,58.71,,,,,,,,,,,,,,,,,,,,,,,,,,,,,,,,,,,,
2023,7,20,23,0,25.5,18.7,65.98,,,,,,,,,,,,,,,,,,,,,,,,,,,,,,,,,,,,
2023,7,21,0,0,25.1,19,68.8,,,,,,,,,,,,,,,,,,,,,,,,,,,,,,,,,,,,
2023,7,21,1,0,24.8,19,70.31,,,,,,,,,,,,,,,,,,,,,,,,,,,,,,,,,,,,
2023,7,21,2,0,23.5,19.5,78.13,,,,,,,,,,,,,,,,,,,,,,,,,,,,,,,,,,,,
2023,7,21,3,0,20.7,19.2,91.11,,,,,,,,,,,,,,,,,,,,,,,,,,,,,,,,,,,,
2023,7,21,4,0,19,18.1,94.77,,,,,,,,,,,,,,,,,,,,,,,,,,,,,,,,,,,,
2023,7,21,5,0,18.3,17.6,95.53,,,,,,,,,,,,,,,,,,,,,,,,,,,,,,,,,,,,
2023,7,21,6,0,17.6,17,96.04,,,,,,,,,,,,,,,,,,,,,,,,,,,,,,,,,,,,
2023,7,21,7,0,16.9,16.4,96.96,,,,,,,,,,,,,,,,,,,,,,,,,,,,,,,,,,,,
2023,7,21,8,0,16.5,15.9,96.42,,,,,,,,,,,,,,,,,,,,,,,,,,,,,,,,,,,,
2023,7,21,9,0,16,15.4,96.49,,,,,,,,,,,,,,,,,,,,,,,,,,,,,,,,,,,,
2023,7,21,10,0,15.7,15.2,96.77,,,,,,,,,,,,,,,,,,,,,,,,,,,,,,,,,,,,
2023,7,21,11,0,15.5,14.9,96.24,,,,,,,,,,,,,,,,,,,,,,,,,,,,,,,,,,,,
2023,7,21,12,0,15.3,14.6,95.46,,,,,,,,,,,,,,,,,,,,,,,,,,,,,,,,,,,,
2023,7,21,13,0,15.9,14.5,91.61,,,,,,,,,,,,,,,,,,,,,,,,,,,,,,,,,,,,
2023,7,21,14,0,16.7,14.3,85.52,,,,,,,,,,,,,,,,,,,,,,,,,,,,,,,,,,,,
2023,7,21,15,0,17.5,14.3,81.68,,,,,,,,,,,,,,,,,,,,,,,,,,,,,,,,,,,,
2023,7,21,16,0,18.7,14.7,77.54,,,,,,,,,,,,,,,,,,,,,,,,,,,,,,,,,,,,
2023,7,21,17,0,20.1,15.1,73.13,,,,,,,,,,,,,,,,,,,,,,,,,,,,,,,,,,,,
2023,7,21,18,0,21.5,15.6,69.29,,,,,,,,,,,,,,,,,,,,,,,,,,,,,,,,,,,,
2023,7,21,19,0,23,16.1,65.15,,,,,,,,,,,,,,,,,,,,,,,,,,,,,,,,,,,,
2023,7,21,20,0,24.1,16.4,62.32,,,,,,,,,,,,,,,,,,,,,,,,,,,,,,,,,,,,
2023,7,21,21,0,24.9,16.7,60.42,,,,,,,,,,,,,,,,,,,,,,,,,,,,,,,,,,,,
2023,7,21,22,0,25.3,16.8,59.38,,,,,,,,,,,,,,,,,,,,,,,,,,,,,,,,,,,,
2023,7,21,23,0,25.4,16.8,59.02,,,,,,,,,,,,,,,,,,,,,,,,,,,,,,,,,,,,
2023,7,22,0,0,25.1,16.8,60.15,,,,,,,,,,,,,,,,,,,,,,,,,,,,,,,,,,,,
2023,7,22,1,0,24.2,17.2,65.15,,,,,,,,,,,,,,,,,,,,,,,,,,,,,,,,,,,,
2023,7,22,2,0,23,18.7,76.97,,,,,,,,,,,,,,,,,,,,,,,,,,,,,,,,,,,,
2023,7,22,3,0,21.1,17.7,81.09,,,,,,,,,,,,,,,,,,,,,,,,,,,,,,,,,,,,
2023,7,22,4,0,20.2,16.7,80.32,,,,,,,,,,,,,,,,,,,,,,,,,,,,,,,,,,,,
2023,7,22,5,0,19.5,16.6,83.1,,,,,,,,,,,,,,,,,,,,,,,,,,,,,,,,,,,,
2023,7,22,6,0,18.6,16.4,87.16,,,,,,,,,,,,,,,,,,,,,,,,,,,,,,,,,,,,
2023,7,22,7,0,17.8,16.3,91.09,,,,,,,,,,,,,,,,,,,,,,,,,,,,,,,,,,,,
2023,7,22,8,0,17.1,16.2,94.26,,,,,,,,,,,,,,,,,,,,,,,,,,,,,,,,,,,,
2023,7,22,9,0,16.3,15.8,97.06,,,,,,,,,,,,,,,,,,,,,,,,,,,,,,,,,,,,
2023,7,22,10,0,15.5,15.3,98.96,,,,,,,,,,,,,,,,,,,,,,,,,,,,,,,,,,,,
2023,7,22,11,0,15,14.9,99.27,,,,,,,,,,,,,,,,,,,,,,,,,,,,,,,,,,,,
2023,7,22,12,0,14.7,14.5,98.51,,,,,,,,,,,,,,,,,,,,,,,,,,,,,,,,,,,,
2023,7,22,13,0,15.6,14.5,93.19,,,,,,,,,,,,,,,,,,,,,,,,,,,,,,,,,,,,
2023,7,22,14,0,17,14.2,83.78,,,,,,,,,,,,,,,,,,,,,,,,,,,,,,,,,,,,
2023,7,22,15,0,18.8,14.2,74.65,,,,,,,,,,,,,,,,,,,,,,,,,,,,,,,,,,,,
2023,7,22,16,0,20.5,14.6,68.87,,,,,,,,,,,,,,,,,,,,,,,,,,,,,,,,,,,,
2023,7,22,17,0,21.9,14.9,64.62,,,,,,,,,,,,,,,,,,,,,,,,,,,,,,,,,,,,
2023,7,22,18,0,23.1,15.1,60.83,,,,,,,,,,,,,,,,,,,,,,,,,,,,,,,,,,,,
2023,7,22,19,0,24.1,15.2,57.44,,,,,,,,,,,,,,,,,,,,,,,,,,,,,,,,,,,,
2023,7,22,20,0,24.9,15.3,55.05,,,,,,,,,,,,,,,,,,,,,,,,,,,,,,,,,,,,
2023,7,22,21,0,25.4,15.4,53.89,,,,,,,,,,,,,,,,,,,,,,,,,,,,,,,,,,,,
2023,7,22,22,0,25.6,15.5,53.67,,,,,,,,,,,,,,,,,,,,,,,,,,,,,,,,,,,,
2023,7,22,23,0,25.4,15.6,54.8,,,,,,,,,,,,,,,,,,,,,,,,,,,,,,,,,,,,
2023,7,23,0,0,25,15.8,56.76,,,,,,,,,,,,,,,,,,,,,,,,,,,,,,,,,,,,
2023,7,23,1,0,24.2,16.6,62.49,,,,,,,,,,,,,,,,,,,,,,,,,,,,,,,,,,,,
2023,7,23,2,0,22.9,18.1,74.49,,,,,,,,,,,,,,,,,,,,,,,,,,,,,,,,,,,,
2023,7,23,3,0,20.7,17.3,80.95,,,,,,,,,,,,,,,,,,,,,,,,,,,,,,,,,,,,
2023,7,23,4,0,19.8,16.1,79.08,,,,,,,,,,,,,,,,,,,,,,,,,,,,,,,,,,,,
2023,7,23,5,0,18.8,15.9,83.17,,,,,,,,,,,,,,,,,,,,,,,,,,,,,,,,,,,,
2023,7,23,6,0,17.8,15.6,87.09,,,,,,,,,,,,,,,,,,,,,,,,,,,,,,,,,,,,
2023,7,23,7,0,17,15.3,89.91,,,,,,,,,,,,,,,,,,,,,,,,,,,,,,,,,,,,
2023,7,23,8,0,16.6,15.1,90.7,,,,,,,,,,,,,,,,,,,,,,,,,,,,,,,,,,,,
2023,7,23,9,0,16.2,14.8,91.61,,,,,,,,,,,,,,,,,,,,,,,,,,,,,,,,,,,,
2023,7,23,10,0,15.8,14.6,92.39,,,,,,,,,,,,,,,,,,,,,,,,,,,,,,,,,,,,
2023,7,23,11,0,15.3,14.3,93.55,,,,,,,,,,,,,,,,,,,,,,,,,,,,,,,,,,,,
2023,7,23,12,0,14.9,14,94.49,,,,,,,,,,,,,,,,,,,,,,,,,,,,,,,,,,,,
2023,7,23,13,0,15.8,14.9,94.57,,,,,,,,,,,,,,,,,,,,,,,,,,,,,,,,,,,,
2023,7,23,14,0,17.7,14.9,83.65,,,,,,,,,,,,,,,,,,,,,,,,,,,,,,,,,,,,
2023,7,23,15,0,19.5,14.4,72.41,,,,,,,,,,,,,,,,,,,,,,,,,,,,,,,,,,,,
2023,7,23,16,0,21.1,14.3,65.06,,,,,,,,,,,,,,,,,,,,,,,,,,,,,,,,,,,,
2023,7,23,17,0,22.5,14.3,59.65,,,,,,,,,,,,,,,,,,,,,,,,,,,,,,,,,,,,
2023,7,23,18,0,23.7,14.3,55.44,,,,,,,,,,,,,,,,,,,,,,,,,,,,,,,,,,,,
2023,7,23,19,0,24.6,14.3,52.77,,,,,,,,,,,,,,,,,,,,,,,,,,,,,,,,,,,,
2023,7,23,20,0,25.2,14.5,51.34,,,,,,,,,,,,,,,,,,,,,,,,,,,,,,,,,,,,
2023,7,23,21,0,25.6,14.6,50.76,,,,,,,,,,,,,,,,,,,,,,,,,,,,,,,,,,,,
2023,7,23,22,0,25.7,14.9,51.22,,,,,,,,,,,,,,,,,,,,,,,,,,,,,,,,,,,,
2023,7,23,23,0,25.5,15.1,52.67,,,,,,,,,,,,,,,,,,,,,,,,,,,,,,,,,,,,
2023,7,24,0,0,25,15.5,55.59,,,,,,,,,,,,,,,,,,,,,,,,,,,,,,,,,,,,
2023,7,24,1,0,24.1,16.4,62.13,,,,,,,,,,,,,,,,,,,,,,,,,,,,,,,,,,,,
2023,7,24,2,0,22.4,17.5,74,,,,,,,,,,,,,,,,,,,,,,,,,,,,,,,,,,,,
2023,7,24,3,0,19.4,17.3,87.77,,,,,,,,,,,,,,,,,,,,,,,,,,,,,,,,,,,,
2023,7,24,4,0,17.8,16.5,92.01,,,,,,,,,,,,,,,,,,,,,,,,,,,,,,,,,,,,
2023,7,24,5,0,16.9,16,94.48,,,,,,,,,,,,,,,,,,,,,,,,,,,,,,,,,,,,
2023,7,24,6,0,16.1,15.5,96.44,,,,,,,,,,,,,,,,,,,,,,,,,,,,,,,,,,,,
2023,7,24,7,0,15.4,15.1,98.04,,,,,,,,,,,,,,,,,,,,,,,,,,,,,,,,,,,,
2023,7,24,8,0,14.8,14.6,98.8,,,,,,,,,,,,,,,,,,,,,,,,,,,,,,,,,,,,
2023,7,24,9,0,14.4,14.2,98.5,,,,,,,,,,,,,,,,,,,,,,,,,,,,,,,,,,,,
2023,7,24,10,0,14,13.8,98.45,,,,,,,,,,,,,,,,,,,,,,,,,,,,,,,,,,,,
2023,7,24,11,0,13.8,13.5,98.08,,,,,,,,,,,,,,,,,,,,,,,,,,,,,,,,,,,,
2023,7,24,12,0,13.7,13.3,97.37,,,,,,,,,,,,,,,,,,,,,,,,,,,,,,,,,,,,
2023,7,24,13,0,14.6,13.6,93.48,,,,,,,,,,,,,,,,,,,,,,,,,,,,,,,,,,,,
2023,7,24,14,0,15.5,13.8,89.76,,,,,,,,,,,,,,,,,,,,,,,,,,,,,,,,,,,,
2023,7,24,15,0,16.3,14.1,86.59,,,,,,,,,,,,,,,,,,,,,,,,,,,,,,,,,,,,
2023,7,24,16,0,16.9,14.3,84.65,,,,,,,,,,,,,,,,,,,,,,,,,,,,,,,,,,,,
2023,7,24,17,0,17.1,14.6,85.03,,,,,,,,,,,,,,,,,,,,,,,,,,,,,,,,,,,,
2023,7,24,18,0,17.3,14.9,85.68,,,,,,,,,,,,,,,,,,,,,,,,,,,,,,,,,,,,
2023,7,24,19,0,17.7,15.2,85.29,,,,,,,,,,,,,,,,,,,,,,,,,,,,,,,,,,,,
2023,7,24,20,0,18.7,15.6,81.98,,,,,,,,,,,,,,,,,,,,,,,,,,,,,,,,,,,,
2023,7,24,21,0,19.9,15.9,77.86,,,,,,,,,,,,,,,,,,,,,,,,,,,,,,,,,,,,
2023,7,24,22,0,20.7,16.3,75.75,,,,,,,,,,,,,,,,,,,,,,,,,,,,,,,,,,,,
2023,7,24,23,0,20.7,16.6,77.37,,,,,,,,,,,,,,,,,,,,,,,,,,,,,,,,,,,,
2023,7,25,0,0,20.4,16.9,80.44,,,,,,,,,,,,,,,,,,,,,,,,,,,,,,,,,,,,
2023,7,25,1,0,19.8,17.3,85.43,,,,,,,,,,,,,,,,,,,,,,,,,,,,,,,,,,,,
2023,7,25,2,0,18.9,17.4,91.04,,,,,,,,,,,,,,,,,,,,,,,,,,,,,,,,,,,,
2023,7,25,3,0,17.8,17,95.23,,,,,,,,,,,,,,,,,,,,,,,,,,,,,,,,,,,,
2023,7,25,4,0,16.9,16.3,96.42,,,,,,,,,,,,,,,,,,,,,,,,,,,,,,,,,,,,
2023,7,25,5,0,16,15.5,97.14,,,,,,,,,,,,,,,,,,,,,,,,,,,,,,,,,,,,
2023,7,25,6,0,14.9,14.6,97.91,,,,,,,,,,,,,,,,,,,,,,,,,,,,,,,,,,,,
2023,7,25,7,0,13.9,13.7,98.66,,,,,,,,,,,,,,,,,,,,,,,,,,,,,,,,,,,,
2023,7,25,8,0,13.2,13,98.6,,,,,,,,,,,,,,,,,,,,,,,,,,,,,,,,,,,,
2023,7,25,9,0,12.7,12.5,98.52,,,,,,,,,,,,,,,,,,,,,,,,,,,,,,,,,,,,
2023,7,25,10,0,12.4,12.1,98.27,,,,,,,,,,,,,,,,,,,,,,,,,,,,,,,,,,,,
2023,7,25,11,0,12.1,11.8,98.29,,,,,,,,,,,,,,,,,,,,,,,,,,,,,,,,,,,,
2023,7,25,12,0,12.2,11.9,98.13,,,,,,,,,,,,,,,,,,,,,,,,,,,,,,,,,,,,
2023,7,25,13,0,13.4,12.9,96.6,,,,,,,,,,,,,,,,,,,,,,,,,,,,,,,,,,,,
2023,7,25,14,0,14.6,13.7,94.1,,,,,,,,,,,,,,,,,,,,,,,,,,,,,,,,,,,,
2023,7,25,15,0,15.6,13.9,89.61,,,,,,,,,,,,,,,,,,,,,,,,,,,,,,,,,,,,
2023,7,25,16,0,16.8,13.7,82.19,,,,,,,,,,,,,,,,,,,,,,,,,,,,,,,,,,,,
2023,7,25,17,0,18.3,13.1,71.79,,,,,,,,,,,,,,,,,,,,,,,,,,,,,,,,,,,,
2023,7,25,18,0,19.6,12.8,64.62,,,,,,,,,,,,,,,,,,,,,,,,,,,,,,,,,,,,
2023,7,25,19,0,20.4,12.6,60.94,,,,,,,,,,,,,,,,,,,,,,,,,,,,,,,,,,,,
2023,7,25,20,0,20.8,12.5,59.18,,,,,,,,,,,,,,,,,,,,,,,,,,,,,,,,,,,,
2023,7,25,21,0,21.1,12.4,57.64,,,,,,,,,,,,,,,,,,,,,,,,,,,,,,,,,,,,
2023,7,25,22,0,21.1,12.5,57.88,,,,,,,,,,,,,,,,,,,,,,,,,,,,,,,,,,,,
2023,7,25,23,0,21.1,12.6,58.51,,,,,,,,,,,,,,,,,,,,,,,,,,,,,,,,,,,,
2023,7,26,0,0,20.9,12.7,59.62,,,,,,,,,,,,,,,,,,,,,,,,,,,,,,,,,,,,
2023,7,26,1,0,20.7,13.3,62.7,,,,,,,,,,,,,,,,,,,,,,,,,,,,,,,,,,,,
2023,7,26,2,0,19.7,14.7,72.9,,,,,,,,,,,,,,,,,,,,,,,,,,,,,,,,,,,,
2023,7,26,3,0,17.7,14.2,79.86,,,,,,,,,,,,,,,,,,,,,,,,,,,,,,,,,,,,
2023,7,26,4,0,16.5,13.4,82.07,,,,,,,,,,,,,,,,,,,,,,,,,,,,,,,,,,,,
2023,7,26,5,0,15.6,13.6,87.9,,,,,,,,,,,,,,,,,,,,,,,,,,,,,,,,,,,,
2023,7,26,6,0,15.1,13.7,91.17,,,,,,,,,,,,,,,,,,,,,,,,,,,,,,,,,,,,
2023,7,26,7,0,14.7,13.6,92.89,,,,,,,,,,,,,,,,,,,,,,,,,,,,,,,,,,,,
2023,7,26,8,0,14.3,13.3,93.94,,,,,,,,,,,,,,,,,,,,,,,,,,,,,,,,,,,,
2023,7,26,9,0,14,13.2,94.67,,,,,,,,,,,,,,,,,,,,,,,,,,,,,,,,,,,,
2023,7,26,10,0,13.5,12.9,96.14,,,,,,,,,,,,,,,,,,,,,,,,,,,,,,,,,,,,
2023,7,26,11,0,13.3,12.7,96.04,,,,,,,,,,,,,,,,,,,,,,,,,,,,,,,,,,,,
2023,7,26,12,0,13,12.3,95.73,,,,,,,,,,,,,,,,,,,,,,,,,,,,,,,,,,,,
2023,7,26,13,0,13.7,12.4,91.71,,,,,,,,,,,,,,,,,,,,,,,,,,,,,,,,,,,,
2023,7,26,14,0,15,12.2,83.51,,,,,,,,,,,,,,,,,,,,,,,,,,,,,,,,,,,,
2023,7,26,15,0,16.5,12.2,75.96,,,,,,,,,,,,,,,,,,,,,,,,,,,,,,,,,,,,
2023,7,26,16,0,18,12.4,69.8,,,,,,,,,,,,,,,,,,,,,,,,,,,,,,,,,,,,
2023,7,26,17,0,19.3,12.5,64.57,,,,,,,,,,,,,,,,,,,,,,,,,,,,,,,,,,,,
2023,7,26,18,0,20.4,12.5,60.54,,,,,,,,,,,,,,,,,,,,,,,,,,,,,,,,,,,,
2023,7,26,19,0,21.2,12.6,58.07,,,,,,,,,,,,,,,,,,,,,,,,,,,,,,,,,,,,
2023,7,26,20,0,21.7,12.7,56.63,,,,,,,,,,,,,,,,,,,,,,,,,,,,,,,,,,,,
2023,7,26,21,0,22.1,12.9,55.81,,,,,,,,,,,,,,,,,,,,,,,,,,,,,,,,,,,,
2023,7,26,22,0,22.2,13,55.81,,,,,,,,,,,,,,,,,,,,,,,,,,,,,,,,,,,,
2023,7,26,23,0,21.9,13,56.97,,,,,,,,,,,,,,,,,,,,,,,,,,,,,,,,,,,,
2023,7,27,0,0,21.5,13.1,58.73,,,,,,,,,,,,,,,,,,,,,,,,,,,,,,,,,,,,
2023,7,27,1,0,20.7,13.6,63.93,,,,,,,,,,,,,,,,,,,,,,,,,,,,,,,,,,,,
2023,7,27,2,0,19.2,15,76.82,,,,,,,,,,,,,,,,,,,,,,,,,,,,,,,,,,,,
2023,7,27,3,0,16.8,15,89,,,,,,,,,,,,,,,,,,,,,,,,,,,,,,,,,,,,
2023,7,27,4,0,15.8,14.3,90.96,,,,,,,,,,,,,,,,,,,,,,,,,,,,,,,,,,,,
2023,7,27,5,0,15.6,14.2,91.11,,,,,,,,,,,,,,,,,,,,,,,,,,,,,,,,,,,,
2023,7,27,6,0,15.3,13.9,91.55,,,,,,,,,,,,,,,,,,,,,,,,,,,,,,,,,,,,
2023,7,27,7,0,15.1,13.7,91.49,,,,,,,,,,,,,,,,,,,,,,,,,,,,,,,,,,,,
2023,7,27,8,0,14.8,13.6,92.58,,,,,,,,,,,,,,,,,,,,,,,,,,,,,,,,,,,,
2023,7,27,9,0,14.6,13.5,93.02,,,,,,,,,,,,,,,,,,,,,,,,,,,,,,,,,,,,
2023,7,27,10,0,14.3,13.3,93.56,,,,,,,,,,,,,,,,,,,,,,,,,,,,,,,,,,,,
2023,7,27,11,0,13.9,13,94.51,,,,,,,,,,,,,,,,,,,,,,,,,,,,,,,,,,,,
2023,7,27,12,0,13.6,12.8,94.62,,,,,,,,,,,,,,,,,,,,,,,,,,,,,,,,,,,,
2023,7,27,13,0,14.4,13.4,94.01,,,,,,,,,,,,,,,,,,,,,,,,,,,,,,,,,,,,
2023,7,27,14,0,16.2,13.6,84.82,,,,,,,,,,,,,,,,,,,,,,,,,,,,,,,,,,,,
2023,7,27,15,0,18.4,13.5,73.29,,,,,,,,,,,,,,,,,,,,,,,,,,,,,,,,,,,,
2023,7,27,16,0,20.1,13.6,66.06,,,,,,,,,,,,,,,,,,,,,,,,,,,,,,,,,,,,
2023,7,27,17,0,21.4,13.5,60.91,,,,,,,,,,,,,,,,,,,,,,,,,,,,,,,,,,,,
2023,7,27,18,0,22.5,13.6,57.31,,,,,,,,,,,,,,,,,,,,,,,,,,,,,,,,,,,,
2023,7,27,19,0,23.3,13.8,55.07,,,,,,,,,,,,,,,,,,,,,,,,,,,,,,,,,,,,
2023,7,27,20,0,24,13.9,53.23,,,,,,,,,,,,,,,,,,,,,,,,,,,,,,,,,,,,
2023,7,27,21,0,24.4,14,52.43,,,,,,,,,,,,,,,,,,,,,,,,,,,,,,,,,,,,
2023,7,27,22,0,24.7,14.1,51.86,,,,,,,,,,,,,,,,,,,,,,,,,,,,,,,,,,,,
2023,7,27,23,0,24.4,14.2,53.12,,,,,,,,,,,,,,,,,,,,,,,,,,,,,,,,,,,,
2023,7,28,0,0,24.6,15.2,55.92,,,,,,,,,,,,,,,,,,,,,,,,,,,,,,,,,,,,
2023,7,28,1,0,24,15.3,58.08,,,,,,,,,,,,,,,,,,,,,,,,,,,,,,,,,,,,
2023,7,28,2,0,22.2,16,67.9,,,,,,,,,,,,,,,,,,,,,,,,,,,,,,,,,,,,
2023,7,28,3,0,20.2,15.5,74.38,,,,,,,,,,,,,,,,,,,,,,,,,,,,,,,,,,,,
2023,7,28,4,0,19.2,14.9,76.18,,,,,,,,,,,,,,,,,,,,,,,,,,,,,,,,,,,,
2023,7,28,5,0,18.4,14.9,80.15,,,,,,,,,,,,,,,,,,,,,,,,,,,,,,,,,,,,
2023,7,28,6,0,17.6,14.7,83.27,,,,,,,,,,,,,,,,,,,,,,,,,,,,,,,,,,,,
2023,7,28,7,0,16.7,14.6,87.47,,,,,,,,,,,,,,,,,,,,,,,,,,,,,,,,,,,,
2023,7,28,8,0,16.1,14.4,89.68,,,,,,,,,,,,,,,,,,,,,,,,,,,,,,,,,,,,
2023,7,28,9,0,15.6,14.2,91.19,,,,,,,,,,,,,,,,,,,,,,,,,,,,,,,,,,,,
2023,7,28,10,0,15.1,13.9,92.71,,,,,,,,,,,,,,,,,,,,,,,,,,,,,,,,,,,,
2023,7,28,11,0,14.9,13.7,92.75,,,,,,,,,,,,,,,,,,,,,,,,,,,,,,,,,,,,
2023,7,28,12,0,14.6,13.6,93.5,,,,,,,,,,,,,,,,,,,,,,,,,,,,,,,,,,,,
2023,7,28,13,0,15.1,14.3,94.95,,,,,,,,,,,,,,,,,,,,,,,,,,,,,,,,,,,,
2023,7,28,14,0,17.3,14.6,83.95,,,,,,,,,,,,,,,,,,,,,,,,,,,,,,,,,,,,
2023,7,28,15,0,18.7,14.3,75.66,,,,,,,,,,,,,,,,,,,,,,,,,,,,,,,,,,,,
2023,7,28,16,0,20.2,14.5,69.73,,,,,,,,,,,,,,,,,,,,,,,,,,,,,,,,,,,,
2023,7,28,17,0,21.6,14.6,64.55,,,,,,,,,,,,,,,,,,,,,,,,,,,,,,,,,,,,
2023,7,28,18,0,22.7,14.8,61.21,,,,,,,,,,,,,,,,,,,,,,,,,,,,,,,,,,,,
2023,7,28,19,0,23.5,15,59.04,,,,,,,,,,,,,,,,,,,,,,,,,,,,,,,,,,,,
2023,7,28,20,0,23.8,15.1,58.31,,,,,,,,,,,,,,,,,,,,,,,,,,,,,,,,,,,,
2023,7,28,21,0,24.1,15.2,57.64,,,,,,,,,,,,,,,,,,,,,,,,,,,,,,,,,,,,
2023,7,28,22,0,24.3,15.3,57.25,,,,,,,,,,,,,,,,,,,,,,,,,,,,,,,,,,,,
2023,7,28,23,0,24.2,15.3,57.74,,,,,,,,,,,,,,,,,,,,,,,,,,,,,,,,,,,,
2023,7,29,0,0,23.6,15.8,61.7,,,,,,,,,,,,,,,,,,,,,,,,,,,,,,,,,,,,
2023,7,29,1,0,23.5,16.4,64.43,,,,,,,,,,,,,,,,,,,,,,,,,,,,,,,,,,,,
2023,7,29,2,0,22.1,17,72.96,,,,,,,,,,,,,,,,,,,,,,,,,,,,,,,,,,,,
2023,7,29,3,0,20.5,16.3,76.69,,,,,,,,,,,,,,,,,,,,,,,,,,,,,,,,,,,,
2023,7,29,4,0,19.5,15.7,78.52,,,,,,,,,,,,,,,,,,,,,,,,,,,,,,,,,,,,
2023,7,29,5,0,18.6,15.6,82.86,,,,,,,,,,,,,,,,,,,,,,,,,,,,,,,,,,,,
2023,7,29,6,0,18,15.4,84.75,,,,,,,,,,,,,,,,,,,,,,,,,,,,,,,,,,,,
2023,7,29,7,0,17.5,15,85.41,,,,,,,,,,,,,,,,,,,,,,,,,,,,,,,,,,,,
2023,7,29,8,0,16.9,14.9,88.08,,,,,,,,,,,,,,,,,,,,,,,,,,,,,,,,,,,,
2023,7,29,9,0,16.1,14.5,90.2,,,,,,,,,,,,,,,,,,,,,,,,,,,,,,,,,,,,
2023,7,29,10,0,15.1,14.1,94.04,,,,,,,,,,,,,,,,,,,,,,,,,,,,,,,,,,,,
2023,7,29,11,0,14.3,13.8,96.83,,,,,,,,,,,,,,,,,,,,,,,,,,,,,,,,,,,,
2023,7,29,12,0,13.8,13.4,97.36,,,,,,,,,,,,,,,,,,,,,,,,,,,,,,,,,,,,
2023,7,29,13,0,14.6,13.6,93.76,,,,,,,,,,,,,,,,,,,,,,,,,,,,,,,,,,,,
2023,7,29,14,0,15.8,13.5,86.38,,,,,,,,,,,,,,,,,,,,,,,,,,,,,,,,,,,,
2023,7,29,15,0,17.1,13.7,80.31,,,,,,,,,,,,,,,,,,,,,,,,,,,,,,,,,,,,
2023,7,29,16,0,18.3,13.9,75.74,,,,,,,,,,,,,,,,,,,,,,,,,,,,,,,,,,,,
2023,7,29,17,0,19.5,14.1,70.95,,,,,,,,,,,,,,,,,,,,,,,,,,,,,,,,,,,,
2023,7,29,18,0,20.9,14.2,65.44,,,,,,,,,,,,,,,,,,,,,,,,,,,,,,,,,,,,
2023,7,29,19,0,22,14,60.66,,,,,,,,,,,,,,,,,,,,,,,,,,,,,,,,,,,,
2023,7,29,20,0,22.8,13.9,57.19,,,,,,,,,,,,,,,,,,,,,,,,,,,,,,,,,,,,
2023,7,29,21,0,23.1,13.7,55.45,,,,,,,,,,,,,,,,,,,,,,,,,,,,,,,,,,,,
2023,7,29,22,0,23.3,13.6,54.47,,,,,,,,,,,,,,,,,,,,,,,,,,,,,,,,,,,,
2023,7,29,23,0,23.2,13.6,54.82,,,,,,,,,,,,,,,,,,,,,,,,,,,,,,,,,,,,
2023,7,30,0,0,22.7,13.8,57.26,,,,,,,,,,,,,,,,,,,,,,,,,,,,,,,,,,,,
2023,7,30,1,0,21.7,14.5,63.68,,,,,,,,,,,,,,,,,,,,,,,,,,,,,,,,,,,,
2023,7,30,2,0,20.2,15.9,76.34,,,,,,,,,,,,,,,,,,,,,,,,,,,,,,,,,,,,
2023,7,30,3,0,18.2,15.7,85.19,,,,,,,,,,,,,,,,,,,,,,,,,,,,,,,,,,,,
2023,7,30,4,0,17.5,15.1,85.56,,,,,,,,,,,,,,,,,,,,,,,,,,,,,,,,,,,,
2023,7,30,5,0,16.7,14.7,88.06,,,,,,,,,,,,,,,,,,,,,,,,,,,,,,,,,,,,
2023,7,30,6,0,16,14.5,90.84,,,,,,,,,,,,,,,,,,,,,,,,,,,,,,,,,,,,
2023,7,30,7,0,15.5,14.4,93.24,,,,,,,,,,,,,,,,,,,,,,,,,,,,,,,,,,,,
2023,7,30,8,0,14.9,14.3,95.91,,,,,,,,,,,,,,,,,,,,,,,,,,,,,,,,,,,,
2023,7,30,9,0,14.5,14,96.89,,,,,,,,,,,,,,,,,,,,,,,,,,,,,,,,,,,,
2023,7,30,10,0,14.3,13.7,96.48,,,,,,,,,,,,,,,,,,,,,,,,,,,,,,,,,,,,
2023,7,30,11,0,14.1,13.4,95.59,,,,,,,,,,,,,,,,,,,,,,,,,,,,,,,,,,,,
2023,7,30,12,0,14,13.2,95.17,,,,,,,,,,,,,,,,,,,,,,,,,,,,,,,,,,,,
2023,7,30,13,0,14.4,13.4,93.96,,,,,,,,,,,,,,,,,,,,,,,,,,,,,,,,,,,,
2023,7,30,14,0,15.4,13.5,88.43,,,,,,,,,,,,,,,,,,,,,,,,,,,,,,,,,,,,
2023,7,30,15,0,16.7,13.8,82.79,,,,,,,,,,,,,,,,,,,,,,,,,,,,,,,,,,,,
2023,7,30,16,0,18,14,77.39,,,,,,,,,,,,,,,,,,,,,,,,,,,,,,,,,,,,
2023,7,30,17,0,18.7,13.5,71.96,,,,,,,,,,,,,,,,,,,,,,,,,,,,,,,,,,,,
2023,7,30,18,0,19.8,13.4,66.69,,,,,,,,,,,,,,,,,,,,,,,,,,,,,,,,,,,,
2023,7,30,19,0,20.9,13.4,62.04,,,,,,,,,,,,,,,,,,,,,,,,,,,,,,,,,,,,
2023,7,30,20,0,21.6,13.3,59.17,,,,,,,,,,,,,,,,,,,,,,,,,,,,,,,,,,,,
2023,7,30,21,0,22.2,13.2,56.75,,,,,,,,,,,,,,,,,,,,,,,,,,,,,,,,,,,,
2023,7,30,22,0,22.1,13.1,56.71,,,,,,,,,,,,,,,,,,,,,,,,,,,,,,,,,,,,
2023,7,30,23,0,22.1,13.3,57.26,,,,,,,,,,,,,,,,,,,,,,,,,,,,,,,,,,,,
2023,7,31,0,0,21.8,13.4,59.01,,,,,,,,,,,,,,,,,,,,,,,,,,,,,,,,,,,,
2023,7,31,1,0,21.2,14.2,64.29,,,,,,,,,,,,,,,,,,,,,,,,,,,,,,,,,,,,
2023,7,31,2,0,20,16,77.96,,,,,,,,,,,,,,,,,,,,,,,,,,,,,,,,,,,,
2023,7,31,3,0,18.5,15.1,80.34,,,,,,,,,,,,,,,,,,,,,,,,,,,,,,,,,,,,
2023,7,31,4,0,18.1,14.5,79.55,,,,,,,,,,,,,,,,,,,,,,,,,,,,,,,,,,,,
2023,7,31,5,0,17.3,14.6,84.36,,,,,,,,,,,,,,,,,,,,,,,,,,,,,,,,,,,,
2023,7,31,6,0,16.5,14.4,87.36,,,,,,,,,,,,,,,,,,,,,,,,,,,,,,,,,,,,
2023,7,31,7,0,15.9,14.1,89.3,,,,,,,,,,,,,,,,,,,,,,,,,,,,,,,,,,,,
2023,7,31,8,0,15,13.7,91.7,,,,,,,,,,,,,,,,,,,,,,,,,,,,,,,,,,,,
2023,7,31,9,0,14.6,13.6,93.74,,,,,,,,,,,,,,,,,,,,,,,,,,,,,,,,,,,,
2023,7,31,10,0,14.5,13.6,94.05,,,,,,,,,,,,,,,,,,,,,,,,,,,,,,,,,,,,
2023,7,31,11,0,14.5,13.4,93.23,,,,,,,,,,,,,,,,,,,,,,,,,,,,,,,,,,,,
2023,7,31,12,0,14.3,13.2,93.29,,,,,,,,,,,,,,,,,,,,,,,,,,,,,,,,,,,,
2023,7,31,13,0,14.8,13.5,91.93,,,,,,,,,,,,,,,,,,,,,,,,,,,,,,,,,,,,
2023,7,31,14,0,16,13.2,83.68,,,,,,,,,,,,,,,,,,,,,,,,,,,,,,,,,,,,
2023,7,31,15,0,17.7,12.8,73,,,,,,,,,,,,,,,,,,,,,,,,,,,,,,,,,,,,
2023,7,31,16,0,19.4,12.5,64.49,,,,,,,,,,,,,,,,,,,,,,,,,,,,,,,,,,,,
2023,7,31,17,0,20.7,12.5,59.45,,,,,,,,,,,,,,,,,,,,,,,,,,,,,,,,,,,,
2023,7,31,18,0,21.9,12.6,55.63,,,,,,,,,,,,,,,,,,,,,,,,,,,,,,,,,,,,
2023,7,31,19,0,22.7,12.8,53.43,,,,,,,,,,,,,,,,,,,,,,,,,,,,,,,,,,,,
2023,7,31,20,0,23.4,12.9,51.58,,,,,,,,,,,,,,,,,,,,,,,,,,,,,,,,,,,,
2023,7,31,21,0,23.8,12.9,50.4,,,,,,,,,,,,,,,,,,,,,,,,,,,,,,,,,,,,
2023,7,31,22,0,23.9,12.8,49.83,,,,,,,,,,,,,,,,,,,,,,,,,,,,,,,,,,,,
2023,7,31,23,0,23.6,12.8,50.83,,,,,,,,,,,,,,,,,,,,,,,,,,,,,,,,,,,,
2023,8,1,0,0,23.1,13.1,53.17,,,,,,,,,,,,,,,,,,,,,,,,,,,,,,,,,,,,
2023,8,1,1,0,22.2,14.1,60.05,,,,,,,,,,,,,,,,,,,,,,,,,,,,,,,,,,,,
2023,8,1,2,0,20.4,15.9,75.4,,,,,,,,,,,,,,,,,,,,,,,,,,,,,,,,,,,,
2023,8,1,3,0,17.5,14.9,84.76,,,,,,,,,,,,,,,,,,,,,,,,,,,,,,,,,,,,
2023,8,1,4,0,16.2,14.1,87.65,,,,,,,,,,,,,,,,,,,,,,,,,,,,,,,,,,,,
2023,8,1,5,0,15.6,13.9,89.4,,,,,,,,,,,,,,,,,,,,,,,,,,,,,,,,,,,,
2023,8,1,6,0,15,13.6,91.49,,,,,,,,,,,,,,,,,,,,,,,,,,,,,,,,,,,,
2023,8,1,7,0,14.4,13.4,93.85,,,,,,,,,,,,,,,,,,,,,,,,,,,,,,,,,,,,
2023,8,1,8,0,14,13.2,95.11,,,,,,,,,,,,,,,,,,,,,,,,,,,,,,,,,,,,
2023,8,1,9,0,13.7,13,95.27,,,,,,,,,,,,,,,,,,,,,,,,,,,,,,,,,,,,
2023,8,1,10,0,13.6,12.7,94.32,,,,,,,,,,,,,,,,,,,,,,,,,,,,,,,,,,,,
2023,8,1,11,0,13.6,12.5,93.32,,,,,,,,,,,,,,,,,,,,,,,,,,,,,,,,,,,,
2023,8,1,12,0,13.5,12.4,92.81,,,,,,,,,,,,,,,,,,,,,,,,,,,,,,,,,,,,
2023,8,1,13,0,14.3,13.1,92.51,,,,,,,,,,,,,,,,,,,,,,,,,,,,,,,,,,,,
2023,8,1,14,0,16.9,14.1,83.82,,,,,,,,,,,,,,,,,,,,,,,,,,,,,,,,,,,,
2023,8,1,15,0,19,13.3,69.36,,,,,,,,,,,,,,,,,,,,,,,,,,,,,,,,,,,,
2023,8,1,16,0,20.7,13.2,62.14,,,,,,,,,,,,,,,,,,,,,,,,,,,,,,,,,,,,
2023,8,1,17,0,22.1,13.3,57.34,,,,,,,,,,,,,,,,,,,,,,,,,,,,,,,,,,,,
2023,8,1,18,0,23.3,13.4,53.59,,,,,,,,,,,,,,,,,,,,,,,,,,,,,,,,,,,,
2023,8,1,19,0,24.2,13.4,50.85,,,,,,,,,,,,,,,,,,,,,,,,,,,,,,,,,,,,
2023,8,1,20,0,24.8,13.4,49.03,,,,,,,,,,,,,,,,,,,,,,,,,,,,,,,,,,,,
2023,8,1,21,0,25.2,13.4,47.9,,,,,,,,,,,,,,,,,,,,,,,,,,,,,,,,,,,,
2023,8,1,22,0,25.4,13.4,47.26,,,,,,,,,,,,,,,,,,,,,,,,,,,,,,,,,,,,
2023,8,1,23,0,25.2,13.4,48.02,,,,,,,,,,,,,,,,,,,,,,,,,,,,,,,,,,,,
2023,8,2,0,0,24.7,13.8,50.84,,,,,,,,,,,,,,,,,,,,,,,,,,,,,,,,,,,,
2023,8,2,1,0,23.8,15.3,58.89,,,,,,,,,,,,,,,,,,,,,,,,,,,,,,,,,,,,
2023,8,2,2,0,21.7,17.1,75.34,,,,,,,,,,,,,,,,,,,,,,,,,,,,,,,,,,,,
2023,8,2,3,0,18.8,15.5,81.15,,,,,,,,,,,,,,,,,,,,,,,,,,,,,,,,,,,,
2023,8,2,4,0,17.5,14.7,83.72,,,,,,,,,,,,,,,,,,,,,,,,,,,,,,,,,,,,
2023,8,2,5,0,16.8,14.5,86.08,,,,,,,,,,,,,,,,,,,,,,,,,,,,,,,,,,,,
2023,8,2,6,0,16.1,14.2,88.72,,,,,,,,,,,,,,,,,,,,,,,,,,,,,,,,,,,,
2023,8,2,7,0,15.4,14,91.43,,,,,,,,,,,,,,,,,,,,,,,,,,,,,,,,,,,,
2023,8,2,8,0,14.9,13.7,92.54,,,,,,,,,,,,,,,,,,,,,,,,,,,,,,,,,,,,
2023,8,2,9,0,14.8,13.5,91.87,,,,,,,,,,,,,,,,,,,,,,,,,,,,,,,,,,,,
2023,8,2,10,0,14.9,13.3,90.22,,,,,,,,,,,,,,,,,,,,,,,,,,,,,,,,,,,,
2023,8,2,11,0,14.9,13.1,89.07,,,,,,,,,,,,,,,,,,,,,,,,,,,,,,,,,,,,
2023,8,2,12,0,14.8,12.9,88.35,,,,,,,,,,,,,,,,,,,,,,,,,,,,,,,,,,,,
2023,8,2,13,0,15.5,13.6,88.27,,,,,,,,,,,,,,,,,,,,,,,,,,,,,,,,,,,,
2023,8,2,14,0,18,14.8,81.78,,,,,,,,,,,,,,,,,,,,,,,,,,,,,,,,,,,,
2023,8,2,15,0,20.6,13.3,62.83,,,,,,,,,,,,,,,,,,,,,,,,,,,,,,,,,,,,
2023,8,2,16,0,22.5,12.4,52.72,,,,,,,,,,,,,,,,,,,,,,,,,,,,,,,,,,,,
2023,8,2,17,0,23.5,12.3,49.41,,,,,,,,,,,,,,,,,,,,,,,,,,,,,,,,,,,,
2023,8,2,18,0,24.5,12.6,47.39,,,,,,,,,,,,,,,,,,,,,,,,,,,,,,,,,,,,
2023,8,2,19,0,25.4,12.9,45.84,,,,,,,,,,,,,,,,,,,,,,,,,,,,,,,,,,,,
2023,8,2,20,0,26,13.2,45.07,,,,,,,,,,,,,,,,,,,,,,,,,,,,,,,,,,,,
2023,8,2,21,0,26.4,13.4,44.71,,,,,,,,,,,,,,,,,,,,,,,,,,,,,,,,,,,,
2023,8,2,22,0,26.5,13.6,45,,,,,,,,,,,,,,,,,,,,,,,,,,,,,,,,,,,,
2023,8,2,23,0,26.3,13.9,46.27,,,,,,,,,,,,,,,,,,,,,,,,,,,,,,,,,,,,
2023,8,3,0,0,25.8,14.4,49.22,,,,,,,,,,,,,,,,,,,,,,,,,,,,,,,,,,,,
2023,8,3,1,0,25,15.8,56.66,,,,,,,,,,,,,,,,,,,,,,,,,,,,,,,,,,,,
2023,8,3,2,0,23.1,17.4,70.13,,,,,,,,,,,,,,,,,,,,,,,,,,,,,,,,,,,,
2023,8,3,3,0,20.6,16.1,75.19,,,,,,,,,,,,,,,,,,,,,,,,,,,,,,,,,,,,
2023,8,3,4,0,19.4,15.4,77.57,,,,,,,,,,,,,,,,,,,,,,,,,,,,,,,,,,,,
2023,8,3,5,0,18.6,15.2,80.48,,,,,,,,,,,,,,,,,,,,,,,,,,,,,,,,,,,,
2023,8,3,6,0,17.9,15,83.07,,,,,,,,,,,,,,,,,,,,,,,,,,,,,,,,,,,,
2023,8,3,7,0,17.4,14.7,84.38,,,,,,,,,,,,,,,,,,,,,,,,,,,,,,,,,,,,
2023,8,3,8,0,16.9,14.6,86.18,,,,,,,,,,,,,,,,,,,,,,,,,,,,,,,,,,,,
2023,8,3,9,0,16.4,14.4,88.14,,,,,,,,,,,,,,,,,,,,,,,,,,,,,,,,,,,,
2023,8,3,10,0,15.8,14.2,90.49,,,,,,,,,,,,,,,,,,,,,,,,,,,,,,,,,,,,
2023,8,3,11,0,15.4,14.1,91.81,,,,,,,,,,,,,,,,,,,,,,,,,,,,,,,,,,,,
2023,8,3,12,0,15.1,13.9,92.69,,,,,,,,,,,,,,,,,,,,,,,,,,,,,,,,,,,,
2023,8,3,13,0,15.7,14.6,93.43,,,,,,,,,,,,,,,,,,,,,,,,,,,,,,,,,,,,
2023,8,3,14,0,18,15.3,84.51,,,,,,,,,,,,,,,,,,,,,,,,,,,,,,,,,,,,
2023,8,3,15,0,20.1,15,72.37,,,,,,,,,,,,,,,,,,,,,,,,,,,,,,,,,,,,
2023,8,3,16,0,21.7,15.1,66.07,,,,,,,,,,,,,,,,,,,,,,,,,,,,,,,,,,,,
2023,8,3,17,0,23,15.3,61.81,,,,,,,,,,,,,,,,,,,,,,,,,,,,,,,,,,,,
2023,8,3,18,0,24.1,15.4,58.24,,,,,,,,,,,,,,,,,,,,,,,,,,,,,,,,,,,,
2023,8,3,19,0,25.1,15.4,54.99,,,,,,,,,,,,,,,,,,,,,,,,,,,,,,,,,,,,
2023,8,3,20,0,25.9,15.4,52.47,,,,,,,,,,,,,,,,,,,,,,,,,,,,,,,,,,,,
2023,8,3,21,0,26.4,15.4,50.77,,,,,,,,,,,,,,,,,,,,,,,,,,,,,,,,,,,,
2023,8,3,22,0,26.5,15.2,49.96,,,,,,,,,,,,,,,,,,,,,,,,,,,,,,,,,,,,
2023,8,3,23,0,26.3,15.1,50.09,,,,,,,,,,,,,,,,,,,,,,,,,,,,,,,,,,,,
2023,8,4,0,0,25.8,15.2,51.98,,,,,,,,,,,,,,,,,,,,,,,,,,,,,,,,,,,,
2023,8,4,1,0,24.8,16.1,58.6,,,,,,,,,,,,,,,,,,,,,,,,,,,,,,,,,,,,
2023,8,4,2,0,22.7,18.1,75.13,,,,,,,,,,,,,,,,,,,,,,,,,,,,,,,,,,,,
2023,8,4,3,0,20.1,16.4,79.48,,,,,,,,,,,,,,,,,,,,,,,,,,,,,,,,,,,,
2023,8,4,4,0,19.3,15.6,79.32,,,,,,,,,,,,,,,,,,,,,,,,,,,,,,,,,,,,
2023,8,4,5,0,18.8,15.4,80.52,,,,,,,,,,,,,,,,,,,,,,,,,,,,,,,,,,,,
2023,8,4,6,0,18.2,15.2,82.61,,,,,,,,,,,,,,,,,,,,,,,,,,,,,,,,,,,,
2023,8,4,7,0,17.8,15,83.81,,,,,,,,,,,,,,,,,,,,,,,,,,,,,,,,,,,,
2023,8,4,8,0,17.3,14.9,85.56,,,,,,,,,,,,,,,,,,,,,,,,,,,,,,,,,,,,
2023,8,4,9,0,16.7,14.7,87.81,,,,,,,,,,,,,,,,,,,,,,,,,,,,,,,,,,,,
2023,8,4,10,0,16.3,14.5,89.14,,,,,,,,,,,,,,,,,,,,,,,,,,,,,,,,,,,,
2023,8,4,11,0,16.2,14.4,88.94,,,,,,,,,,,,,,,,,,,,,,,,,,,,,,,,,,,,
2023,8,4,12,0,16,14.2,89.35,,,,,,,,,,,,,,,,,,,,,,,,,,,,,,,,,,,,
2023,8,4,13,0,16.6,14.8,89.25,,,,,,,,,,,,,,,,,,,,,,,,,,,,,,,,,,,,
2023,8,4,14,0,18.8,16,83.54,,,,,,,,,,,,,,,,,,,,,,,,,,,,,,,,,,,,
2023,8,4,15,0,20.9,14.6,67.35,,,,,,,,,,,,,,,,,,,,,,,,,,,,,,,,,,,,
2023,8,4,16,0,22.4,14,59.12,,,,,,,,,,,,,,,,,,,,,,,,,,,,,,,,,,,,
2023,8,4,17,0,23.6,14,54.79,,,,,,,,,,,,,,,,,,,,,,,,,,,,,,,,,,,,
2023,8,4,18,0,24.3,14,52.67,,,,,,,,,,,,,,,,,,,,,,,,,,,,,,,,,,,,
2023,8,4,19,0,24.5,14,52.15,,,,,,,,,,,,,,,,,,,,,,,,,,,,,,,,,,,,
2023,8,4,20,0,24.7,14.1,51.81,,,,,,,,,,,,,,,,,,,,,,,,,,,,,,,,,,,,
2023,8,4,21,0,24.9,14.2,51.45,,,,,,,,,,,,,,,,,,,,,,,,,,,,,,,,,,,,
2023,8,4,22,0,24.8,14.6,52.97,,,,,,,,,,,,,,,,,,,,,,,,,,,,,,,,,,,,
2023,8,4,23,0,24.6,15.5,56.82,,,,,,,,,,,,,,,,,,,,,,,,,,,,,,,,,,,,
2023,8,5,0,0,24.1,16.2,61.4,,,,,,,,,,,,,,,,,,,,,,,,,,,,,,,,,,,,
2023,8,5,1,0,22.7,17.3,71.4,,,,,,,,,,,,,,,,,,,,,,,,,,,,,,,,,,,,
2023,8,5,2,0,21.1,17.1,77.78,,,,,,,,,,,,,,,,,,,,,,,,,,,,,,,,,,,,
2023,8,5,3,0,20.1,16,77.27,,,,,,,,,,,,,,,,,,,,,,,,,,,,,,,,,,,,
2023,8,5,4,0,19.8,15.7,77.22,,,,,,,,,,,,,,,,,,,,,,,,,,,,,,,,,,,,
2023,8,5,5,0,19.7,15.5,76.56,,,,,,,,,,,,,,,,,,,,,,,,,,,,,,,,,,,,
2023,8,5,6,0,19.7,15.2,75.12,,,,,,,,,,,,,,,,,,,,,,,,,,,,,,,,,,,,
2023,8,5,7,0,19.9,14.9,72.77,,,,,,,,,,,,,,,,,,,,,,,,,,,,,,,,,,,,
2023,8,5,8,0,19.9,14.7,71.94,,,,,,,,,,,,,,,,,,,,,,,,,,,,,,,,,,,,
2023,8,5,9,0,19.8,14.5,71.71,,,,,,,,,,,,,,,,,,,,,,,,,,,,,,,,,,,,
2023,8,5,10,0,19.4,14.5,73.3,,,,,,,,,,,,,,,,,,,,,,,,,,,,,,,,,,,,
2023,8,5,11,0,18.9,14.6,76.03,,,,,,,,,,,,,,,,,,,,,,,,,,,,,,,,,,,,
2023,8,5,12,0,18.5,14.6,77.91,,,,,,,,,,,,,,,,,,,,,,,,,,,,,,,,,,,,
2023,8,5,13,0,18.6,14.9,79.24,,,,,,,,,,,,,,,,,,,,,,,,,,,,,,,,,,,,
2023,8,5,14,0,19,16.5,85.52,,,,,,,,,,,,,,,,,,,,,,,,,,,,,,,,,,,,
2023,8,5,15,0,19.9,17,83.25,,,,,,,,,,,,,,,,,,,,,,,,,,,,,,,,,,,,
2023,8,5,16,0,20.9,16.7,76.77,,,,,,,,,,,,,,,,,,,,,,,,,,,,,,,,,,,,
2023,8,5,17,0,22.1,17.2,73.56,,,,,,,,,,,,,,,,,,,,,,,,,,,,,,,,,,,,
2023,8,5,18,0,23.4,17.9,71.22,,,,,,,,,,,,,,,,,,,,,,,,,,,,,,,,,,,,
2023,8,5,19,0,23.6,17.2,67.55,,,,,,,,,,,,,,,,,,,,,,,,,,,,,,,,,,,,
2023,8,5,20,0,23.3,16.9,67.48,,,,,,,,,,,,,,,,,,,,,,,,,,,,,,,,,,,,
2023,8,5,21,0,23.2,17,68.23,,,,,,,,,,,,,,,,,,,,,,,,,,,,,,,,,,,,
2023,8,5,22,0,23.3,17.3,68.98,,,,,,,,,,,,,,,,,,,,,,,,,,,,,,,,,,,,
2023,8,5,23,0,23.2,17.7,71.36,,,,,,,,,,,,,,,,,,,,,,,,,,,,,,,,,,,,
2023,8,6,0,0,23.2,18.6,75.16,,,,,,,,,,,,,,,,,,,,,,,,,,,,,,,,,,,,
2023,8,6,1,0,22.3,18.7,80.23,,,,,,,,,,,,,,,,,,,,,,,,,,,,,,,,,,,,
2023,8,6,2,0,21.1,18.2,83.32,,,,,,,,,,,,,,,,,,,,,,,,,,,,,,,,,,,,
2023,8,6,3,0,20.4,17.1,81.23,,,,,,,,,,,,,,,,,,,,,,,,,,,,,,,,,,,,
2023,8,6,4,0,20,16.9,82.48,,,,,,,,,,,,,,,,,,,,,,,,,,,,,,,,,,,,
2023,8,6,5,0,19.5,17,85.22,,,,,,,,,,,,,,,,,,,,,,,,,,,,,,,,,,,,
2023,8,6,6,0,19.1,17,87.52,,,,,,,,,,,,,,,,,,,,,,,,,,,,,,,,,,,,
2023,8,6,7,0,18.7,17,90.02,,,,,,,,,,,,,,,,,,,,,,,,,,,,,,,,,,,,
2023,8,6,8,0,18.4,17,91.71,,,,,,,,,,,,,,,,,,,,,,,,,,,,,,,,,,,,
2023,8,6,9,0,18.2,17,92.74,,,,,,,,,,,,,,,,,,,,,,,,,,,,,,,,,,,,
2023,8,6,10,0,17.7,16.9,95.2,,,,,,,,,,,,,,,,,,,,,,,,,,,,,,,,,,,,
2023,8,6,11,0,17.4,16.8,96.32,,,,,,,,,,,,,,,,,,,,,,,,,,,,,,,,,,,,
2023,8,6,12,0,17.2,16.6,96.26,,,,,,,,,,,,,,,,,,,,,,,,,,,,,,,,,,,,
2023,8,6,13,0,17.3,16.8,96.86,,,,,,,,,,,,,,,,,,,,,,,,,,,,,,,,,,,,
2023,8,6,14,0,18.1,17.4,95.66,,,,,,,,,,,,,,,,,,,,,,,,,,,,,,,,,,,,
2023,8,6,15,0,19.5,18.4,93.09,,,,,,,,,,,,,,,,,,,,,,,,,,,,,,,,,,,,
2023,8,6,16,0,20.8,18.2,85.28,,,,,,,,,,,,,,,,,,,,,,,,,,,,,,,,,,,,
2023,8,6,17,0,22.3,18.3,77.87,,,,,,,,,,,,,,,,,,,,,,,,,,,,,,,,,,,,
2023,8,6,18,0,23.7,18.1,71.06,,,,,,,,,,,,,,,,,,,,,,,,,,,,,,,,,,,,
2023,8,6,19,0,24.6,18,66.65,,,,,,,,,,,,,,,,,,,,,,,,,,,,,,,,,,,,
2023,8,6,20,0,24.4,17.9,67.31,,,,,,,,,,,,,,,,,,,,,,,,,,,,,,,,,,,,
2023,8,6,21,0,24.1,18.2,69.41,,,,,,,,,,,,,,,,,,,,,,,,,,,,,,,,,,,,
2023,8,6,22,0,23.7,18.3,71.75,,,,,,,,,,,,,,,,,,,,,,,,,,,,,,,,,,,,
2023,8,6,23,0,23.3,18.3,73.61,,,,,,,,,,,,,,,,,,,,,,,,,,,,,,,,,,,,
2023,8,7,0,0,22.9,18.3,75.25,,,,,,,,,,,,,,,,,,,,,,,,,,,,,,,,,,,,
2023,8,7,1,0,22.4,18.4,78.29,,,,,,,,,,,,,,,,,,,,,,,,,,,,,,,,,,,,
2023,8,7,2,0,21.1,18.5,85.25,,,,,,,,,,,,,,,,,,,,,,,,,,,,,,,,,,,,
2023,8,7,3,0,19.2,17.7,91.16,,,,,,,,,,,,,,,,,,,,,,,,,,,,,,,,,,,,
2023,8,7,4,0,18.4,17.1,92.21,,,,,,,,,,,,,,,,,,,,,,,,,,,,,,,,,,,,
2023,8,7,5,0,18.1,16.9,92.63,,,,,,,,,,,,,,,,,,,,,,,,,,,,,,,,,,,,
2023,8,7,6,0,17.8,16.8,94.1,,,,,,,,,,,,,,,,,,,,,,,,,,,,,,,,,,,,
2023,8,7,7,0,17.7,16.6,93.44,,,,,,,,,,,,,,,,,,,,,,,,,,,,,,,,,,,,
2023,8,7,8,0,17.4,16.4,93.76,,,,,,,,,,,,,,,,,,,,,,,,,,,,,,,,,,,,
2023,8,7,9,0,17.1,16.2,94.51,,,,,,,,,,,,,,,,,,,,,,,,,,,,,,,,,,,,
2023,8,7,10,0,16.9,16.1,95.09,,,,,,,,,,,,,,,,,,,,,,,,,,,,,,,,,,,,
2023,8,7,11,0,16.7,16,95.65,,,,,,,,,,,,,,,,,,,,,,,,,,,,,,,,,,,,
2023,8,7,12,0,16.6,15.9,95.45,,,,,,,,,,,,,,,,,,,,,,,,,,,,,,,,,,,,
2023,8,7,13,0,16.9,16.1,95.04,,,,,,,,,,,,,,,,,,,,,,,,,,,,,,,,,,,,
2023,8,7,14,0,17.8,16.7,93.22,,,,,,,,,,,,,,,,,,,,,,,,,,,,,,,,,,,,
2023,8,7,15,0,19.6,17.4,86.89,,,,,,,,,,,,,,,,,,,,,,,,,,,,,,,,,,,,
2023,8,7,16,0,21.1,17.1,78.13,,,,,,,,,,,,,,,,,,,,,,,,,,,,,,,,,,,,
2023,8,7,17,0,21.2,16.3,73.64,,,,,,,,,,,,,,,,,,,,,,,,,,,,,,,,,,,,
2023,8,7,18,0,22.4,16.4,68.92,,,,,,,,,,,,,,,,,,,,,,,,,,,,,,,,,,,,
2023,8,7,19,0,23.5,16.4,64.39,,,,,,,,,,,,,,,,,,,,,,,,,,,,,,,,,,,,
2023,8,7,20,0,24.2,16.4,61.59,,,,,,,,,,,,,,,,,,,,,,,,,,,,,,,,,,,,
2023,8,7,21,0,24.7,16.3,59.6,,,,,,,,,,,,,,,,,,,,,,,,,,,,,,,,,,,,
2023,8,7,22,0,25,16.2,58.26,,,,,,,,,,,,,,,,,,,,,,,,,,,,,,,,,,,,
2023,8,7,23,0,24.7,16.2,59.18,,,,,,,,,,,,,,,,,,,,,,,,,,,,,,,,,,,,
2023,8,8,0,0,24.3,16.3,60.93,,,,,,,,,,,,,,,,,,,,,,,,,,,,,,,,,,,,
2023,8,8,1,0,23.4,16.8,66.51,,,,,,,,,,,,,,,,,,,,,,,,,,,,,,,,,,,,
2023,8,8,2,0,21.7,18.5,81.87,,,,,,,,,,,,,,,,,,,,,,,,,,,,,,,,,,,,
2023,8,8,3,0,20,17.7,86.52,,,,,,,,,,,,,,,,,,,,,,,,,,,,,,,,,,,,
2023,8,8,4,0,19.6,17.3,86.51,,,,,,,,,,,,,,,,,,,,,,,,,,,,,,,,,,,,
2023,8,8,5,0,19.1,17.1,88.11,,,,,,,,,,,,,,,,,,,,,,,,,,,,,,,,,,,,
2023,8,8,6,0,18.5,16.8,89.91,,,,,,,,,,,,,,,,,,,,,,,,,,,,,,,,,,,,
2023,8,8,7,0,17.7,16.5,92.62,,,,,,,,,,,,,,,,,,,,,,,,,,,,,,,,,,,,
2023,8,8,8,0,17.1,16.3,94.82,,,,,,,,,,,,,,,,,,,,,,,,,,,,,,,,,,,,
2023,8,8,9,0,16.7,16,95.79,,,,,,,,,,,,,,,,,,,,,,,,,,,,,,,,,,,,
2023,8,8,10,0,16.2,15.7,97.16,,,,,,,,,,,,,,,,,,,,,,,,,,,,,,,,,,,,
2023,8,8,11,0,15.9,15.5,97.75,,,,,,,,,,,,,,,,,,,,,,,,,,,,,,,,,,,,
2023,8,8,12,0,15.7,15.3,97.58,,,,,,,,,,,,,,,,,,,,,,,,,,,,,,,,,,,,
2023,8,8,13,0,16.1,15.5,95.95,,,,,,,,,,,,,,,,,,,,,,,,,,,,,,,,,,,,
2023,8,8,14,0,17.1,15.8,91.77,,,,,,,,,,,,,,,,,,,,,,,,,,,,,,,,,,,,
2023,8,8,15,0,18.3,15.9,85.77,,,,,,,,,,,,,,,,,,,,,,,,,,,,,,,,,,,,
2023,8,8,16,0,19.7,16,79.2,,,,,,,,,,,,,,,,,,,,,,,,,,,,,,,,,,,,
2023,8,8,17,0,21,16.2,74.02,,,,,,,,,,,,,,,,,,,,,,,,,,,,,,,,,,,,
2023,8,8,18,0,22.3,16.3,69.02,,,,,,,,,,,,,,,,,,,,,,,,,,,,,,,,,,,,
2023,8,8,19,0,23.1,16.4,65.85,,,,,,,,,,,,,,,,,,,,,,,,,,,,,,,,,,,,
2023,8,8,20,0,23.9,16.4,62.98,,,,,,,,,,,,,,,,,,,,,,,,,,,,,,,,,,,,
2023,8,8,21,0,24.6,16.4,60.17,,,,,,,,,,,,,,,,,,,,,,,,,,,,,,,,,,,,
2023,8,8,22,0,25,16.3,58.39,,,,,,,,,,,,,,,,,,,,,,,,,,,,,,,,,,,,
2023,8,8,23,0,25,16.2,58.02,,,,,,,,,,,,,,,,,,,,,,,,,,,,,,,,,,,,
2023,8,9,0,0,24.6,16.2,59.44,,,,,,,,,,,,,,,,,,,,,,,,,,,,,,,,,,,,
2023,8,9,1,0,24,16.8,64.1,,,,,,,,,,,,,,,,,,,,,,,,,,,,,,,,,,,,
2023,8,9,2,0,22.5,18.2,76.87,,,,,,,,,,,,,,,,,,,,,,,,,,,,,,,,,,,,
2023,8,9,3,0,20.5,16.9,79.64,,,,,,,,,,,,,,,,,,,,,,,,,,,,,,,,,,,,
2023,8,9,4,0,19.4,16.5,83.46,,,,,,,,,,,,,,,,,,,,,,,,,,,,,,,,,,,,
2023,8,9,5,0,18.6,16.4,87.14,,,,,,,,,,,,,,,,,,,,,,,,,,,,,,,,,,,,
2023,8,9,6,0,17.8,16.2,90.6,,,,,,,,,,,,,,,,,,,,,,,,,,,,,,,,,,,,
2023,8,9,7,0,17.2,16.1,93.46,,,,,,,,,,,,,,,,,,,,,,,,,,,,,,,,,,,,
2023,8,9,8,0,16.8,16,94.81,,,,,,,,,,,,,,,,,,,,,,,,,,,,,,,,,,,,
2023,8,9,9,0,16.4,15.8,96.11,,,,,,,,,,,,,,,,,,,,,,,,,,,,,,,,,,,,
2023,8,9,10,0,16.1,15.6,96.87,,,,,,,,,,,,,,,,,,,,,,,,,,,,,,,,,,,,
2023,8,9,11,0,15.8,15.5,97.79,,,,,,,,,,,,,,,,,,,,,,,,,,,,,,,,,,,,
2023,8,9,12,0,15.9,15.4,96.56,,,,,,,,,,,,,,,,,,,,,,,,,,,,,,,,,,,,
2023,8,9,13,0,16.3,15.4,94.28,,,,,,,,,,,,,,,,,,,,,,,,,,,,,,,,,,,,
2023,8,9,14,0,17.3,15.7,90.08,,,,,,,,,,,,,,,,,,,,,,,,,,,,,,,,,,,,
2023,8,9,15,0,18.7,16.1,84.79,,,,,,,,,,,,,,,,,,,,,,,,,,,,,,,,,,,,
2023,8,9,16,0,19.8,16.5,81.32,,,,,,,,,,,,,,,,,,,,,,,,,,,,,,,,,,,,
2023,8,9,17,0,20.9,16.9,77.73,,,,,,,,,,,,,,,,,,,,,,,,,,,,,,,,,,,,
2023,8,9,18,0,22,17.1,73.95,,,,,,,,,,,,,,,,,,,,,,,,,,,,,,,,,,,,
2023,8,9,19,0,23.1,17.3,69.88,,,,,,,,,,,,,,,,,,,,,,,,,,,,,,,,,,,,
2023,8,9,20,0,23.8,17.3,66.88,,,,,,,,,,,,,,,,,,,,,,,,,,,,,,,,,,,,
2023,8,9,21,0,24.2,17.1,64.71,,,,,,,,,,,,,,,,,,,,,,,,,,,,,,,,,,,,
2023,8,9,22,0,24.3,16.8,63.08,,,,,,,,,,,,,,,,,,,,,,,,,,,,,,,,,,,,
2023,8,9,23,0,24.1,16.4,62.22,,,,,,,,,,,,,,,,,,,,,,,,,,,,,,,,,,,,
2023,8,10,0,0,23.5,16.1,63.05,,,,,,,,,,,,,,,,,,,,,,,,,,,,,,,,,,,,
2023,8,10,1,0,22.2,16.2,68.95,,,,,,,,,,,,,,,,,,,,,,,,,,,,,,,,,,,,
2023,8,10,2,0,20.5,16.5,78.05,,,,,,,,,,,,,,,,,,,,,,,,,,,,,,,,,,,,
2023,8,10,3,0,18.2,16.2,88.12,,,,,,,,,,,,,,,,,,,,,,,,,,,,,,,,,,,,
2023,8,10,4,0,17.2,15.7,91.04,,,,,,,,,,,,,,,,,,,,,,,,,,,,,,,,,,,,
2023,8,10,5,0,16.3,15.2,93.47,,,,,,,,,,,,,,,,,,,,,,,,,,,,,,,,,,,,
2023,8,10,6,0,15.6,14.8,95.06,,,,,,,,,,,,,,,,,,,,,,,,,,,,,,,,,,,,
2023,8,10,7,0,14.9,14.4,97.05,,,,,,,,,,,,,,,,,,,,,,,,,,,,,,,,,,,,
2023,8,10,8,0,14.4,14.1,97.89,,,,,,,,,,,,,,,,,,,,,,,,,,,,,,,,,,,,
2023,8,10,9,0,14,13.7,97.89,,,,,,,,,,,,,,,,,,,,,,,,,,,,,,,,,,,,
2023,8,10,10,0,13.8,13.5,97.86,,,,,,,,,,,,,,,,,,,,,,,,,,,,,,,,,,,,
2023,8,10,11,0,13.8,13.4,97.72,,,,,,,,,,,,,,,,,,,,,,,,,,,,,,,,,,,,
2023,8,10,12,0,14,13.5,96.49,,,,,,,,,,,,,,,,,,,,,,,,,,,,,,,,,,,,
2023,8,10,13,0,14.5,13.8,95.58,,,,,,,,,,,,,,,,,,,,,,,,,,,,,,,,,,,,
2023,8,10,14,0,15.9,14.4,90.78,,,,,,,,,,,,,,,,,,,,,,,,,,,,,,,,,,,,
2023,8,10,15,0,17.5,14.4,81.92,,,,,,,,,,,,,,,,,,,,,,,,,,,,,,,,,,,,
2023,8,10,16,0,18.9,14.4,75.03,,,,,,,,,,,,,,,,,,,,,,,,,,,,,,,,,,,,
2023,8,10,17,0,19.8,14.3,70.42,,,,,,,,,,,,,,,,,,,,,,,,,,,,,,,,,,,,
2023,8,10,18,0,20.5,14.1,66.72,,,,,,,,,,,,,,,,,,,,,,,,,,,,,,,,,,,,
2023,8,10,19,0,20.8,13.6,63.28,,,,,,,,,,,,,,,,,,,,,,,,,,,,,,,,,,,,
2023,8,10,20,0,21.4,13.5,60.74,,,,,,,,,,,,,,,,,,,,,,,,,,,,,,,,,,,,
2023,8,10,21,0,21.9,13.5,58.85,,,,,,,,,,,,,,,,,,,,,,,,,,,,,,,,,,,,
2023,8,10,22,0,22,13.5,58.55,,,,,,,,,,,,,,,,,,,,,,,,,,,,,,,,,,,,
2023,8,10,23,0,22,13.6,58.95,,,,,,,,,,,,,,,,,,,,,,,,,,,,,,,,,,,,
2023,8,11,0,0,21.7,13.7,60.41,,,,,,,,,,,,,,,,,,,,,,,,,,,,,,,,,,,,
2023,8,11,1,0,21,14,64.47,,,,,,,,,,,,,,,,,,,,,,,,,,,,,,,,,,,,
2023,8,11,2,0,19.4,15.8,79.51,,,,,,,,,,,,,,,,,,,,,,,,,,,,,,,,,,,,
2023,8,11,3,0,17.5,14.7,83.7,,,,,,,,,,,,,,,,,,,,,,,,,,,,,,,,,,,,
2023,8,11,4,0,17.3,14.1,81.48,,,,,,,,,,,,,,,,,,,,,,,,,,,,,,,,,,,,
2023,8,11,5,0,17.1,13.8,81,,,,,,,,,,,,,,,,,,,,,,,,,,,,,,,,,,,,
2023,8,11,6,0,16.7,13.7,82.41,,,,,,,,,,,,,,,,,,,,,,,,,,,,,,,,,,,,
2023,8,11,7,0,16.3,13.6,84.18,,,,,,,,,,,,,,,,,,,,,,,,,,,,,,,,,,,,
2023,8,11,8,0,15.7,13.6,87.24,,,,,,,,,,,,,,,,,,,,,,,,,,,,,,,,,,,,
2023,8,11,9,0,15.1,13.6,90.7,,,,,,,,,,,,,,,,,,,,,,,,,,,,,,,,,,,,
2023,8,11,10,0,14.7,13.7,93.6,,,,,,,,,,,,,,,,,,,,,,,,,,,,,,,,,,,,
2023,8,11,11,0,14.5,13.7,95.06,,,,,,,,,,,,,,,,,,,,,,,,,,,,,,,,,,,,
2023,8,11,12,0,14.3,13.6,95.61,,,,,,,,,,,,,,,,,,,,,,,,,,,,,,,,,,,,
2023,8,11,13,0,14.7,13.8,94.08,,,,,,,,,,,,,,,,,,,,,,,,,,,,,,,,,,,,
2023,8,11,14,0,16.4,13.9,85.3,,,,,,,,,,,,,,,,,,,,,,,,,,,,,,,,,,,,
2023,8,11,15,0,18.4,13.7,74.08,,,,,,,,,,,,,,,,,,,,,,,,,,,,,,,,,,,,
2023,8,11,16,0,20,13.5,66.27,,,,,,,,,,,,,,,,,,,,,,,,,,,,,,,,,,,,
2023,8,11,17,0,21.1,13.5,61.76,,,,,,,,,,,,,,,,,,,,,,,,,,,,,,,,,,,,
2023,8,11,18,0,22.1,13.4,57.93,,,,,,,,,,,,,,,,,,,,,,,,,,,,,,,,,,,,
2023,8,11,19,0,23,13.5,54.91,,,,,,,,,,,,,,,,,,,,,,,,,,,,,,,,,,,,
2023,8,11,20,0,23.7,13.6,53.01,,,,,,,,,,,,,,,,,,,,,,,,,,,,,,,,,,,,
2023,8,11,21,0,24.1,13.6,51.95,,,,,,,,,,,,,,,,,,,,,,,,,,,,,,,,,,,,
2023,8,11,22,0,24.3,13.6,51.39,,,,,,,,,,,,,,,,,,,,,,,,,,,,,,,,,,,,
2023,8,11,23,0,24.3,13.7,51.63,,,,,,,,,,,,,,,,,,,,,,,,,,,,,,,,,,,,
2023,8,12,0,0,23.8,13.9,53.81,,,,,,,,,,,,,,,,,,,,,,,,,,,,,,,,,,,,
2023,8,12,1,0,22.9,14.8,60.19,,,,,,,,,,,,,,,,,,,,,,,,,,,,,,,,,,,,
2023,8,12,2,0,21.1,16.4,74.51,,,,,,,,,,,,,,,,,,,,,,,,,,,,,,,,,,,,
2023,8,12,3,0,19.1,15.3,78.8,,,,,,,,,,,,,,,,,,,,,,,,,,,,,,,,,,,,
2023,8,12,4,0,18.6,15.3,81.17,,,,,,,,,,,,,,,,,,,,,,,,,,,,,,,,,,,,
2023,8,12,5,0,18.2,15.2,82.84,,,,,,,,,,,,,,,,,,,,,,,,,,,,,,,,,,,,
2023,8,12,6,0,17.7,15,84.35,,,,,,,,,,,,,,,,,,,,,,,,,,,,,,,,,,,,
2023,8,12,7,0,17.2,14.7,85.2,,,,,,,,,,,,,,,,,,,,,,,,,,,,,,,,,,,,
2023,8,12,8,0,16.8,14.2,84.74,,,,,,,,,,,,,,,,,,,,,,,,,,,,,,,,,,,,
2023,8,12,9,0,16.6,13.9,84.11,,,,,,,,,,,,,,,,,,,,,,,,,,,,,,,,,,,,
2023,8,12,10,0,16.3,13.8,85.08,,,,,,,,,,,,,,,,,,,,,,,,,,,,,,,,,,,,
2023,8,12,11,0,15.4,13.6,89.09,,,,,,,,,,,,,,,,,,,,,,,,,,,,,,,,,,,,
2023,8,12,12,0,14.6,13.4,92.43,,,,,,,,,,,,,,,,,,,,,,,,,,,,,,,,,,,,
2023,8,12,13,0,15.1,13.8,91.75,,,,,,,,,,,,,,,,,,,,,,,,,,,,,,,,,,,,
2023,8,12,14,0,17.2,14.2,82.27,,,,,,,,,,,,,,,,,,,,,,,,,,,,,,,,,,,,
2023,8,12,15,0,18.7,13.7,72.59,,,,,,,,,,,,,,,,,,,,,,,,,,,,,,,,,,,,
2023,8,12,16,0,20.3,13.9,66.74,,,,,,,,,,,,,,,,,,,,,,,,,,,,,,,,,,,,
2023,8,12,17,0,21.9,14.2,61.46,,,,,,,,,,,,,,,,,,,,,,,,,,,,,,,,,,,,
2023,8,12,18,0,23.2,14.3,57.33,,,,,,,,,,,,,,,,,,,,,,,,,,,,,,,,,,,,
2023,8,12,19,0,24,14.4,55.05,,,,,,,,,,,,,,,,,,,,,,,,,,,,,,,,,,,,
2023,8,12,20,0,24.5,14.5,53.79,,,,,,,,,,,,,,,,,,,,,,,,,,,,,,,,,,,,
2023,8,12,21,0,24.7,14.6,53.43,,,,,,,,,,,,,,,,,,,,,,,,,,,,,,,,,,,,
2023,8,12,22,0,25,14.6,52.47,,,,,,,,,,,,,,,,,,,,,,,,,,,,,,,,,,,,
2023,8,12,23,0,25,14.5,52.26,,,,,,,,,,,,,,,,,,,,,,,,,,,,,,,,,,,,
2023,8,13,0,0,24.5,14.6,54.02,,,,,,,,,,,,,,,,,,,,,,,,,,,,,,,,,,,,
2023,8,13,1,0,23.5,15.4,60.31,,,,,,,,,,,,,,,,,,,,,,,,,,,,,,,,,,,,
2023,8,13,2,0,21.3,16.9,75.97,,,,,,,,,,,,,,,,,,,,,,,,,,,,,,,,,,,,
2023,8,13,3,0,18.6,15.7,83.36,,,,,,,,,,,,,,,,,,,,,,,,,,,,,,,,,,,,
2023,8,13,4,0,18,15.2,83.7,,,,,,,,,,,,,,,,,,,,,,,,,,,,,,,,,,,,
2023,8,13,5,0,17.8,15,83.68,,,,,,,,,,,,,,,,,,,,,,,,,,,,,,,,,,,,
2023,8,13,6,0,17.7,14.9,83.78,,,,,,,,,,,,,,,,,,,,,,,,,,,,,,,,,,,,
2023,8,13,7,0,17.3,14.9,86.06,,,,,,,,,,,,,,,,,,,,,,,,,,,,,,,,,,,,
2023,8,13,8,0,17.1,14.9,87.18,,,,,,,,,,,,,,,,,,,,,,,,,,,,,,,,,,,,
2023,8,13,9,0,16.9,14.9,88.03,,,,,,,,,,,,,,,,,,,,,,,,,,,,,,,,,,,,
2023,8,13,10,0,16.6,14.8,89.04,,,,,,,,,,,,,,,,,,,,,,,,,,,,,,,,,,,,
2023,8,13,11,0,16.2,14.6,90.48,,,,,,,,,,,,,,,,,,,,,,,,,,,,,,,,,,,,
2023,8,13,12,0,15.9,14.5,91.17,,,,,,,,,,,,,,,,,,,,,,,,,,,,,,,,,,,,
2023,8,13,13,0,16.1,14.6,91.02,,,,,,,,,,,,,,,,,,,,,,,,,,,,,,,,,,,,
2023,8,13,14,0,18.2,15.5,84.33,,,,,,,,,,,,,,,,,,,,,,,,,,,,,,,,,,,,
2023,8,13,15,0,20.4,15.6,73.75,,,,,,,,,,,,,,,,,,,,,,,,,,,,,,,,,,,,
2023,8,13,16,0,22.7,15.8,65.08,,,,,,,,,,,,,,,,,,,,,,,,,,,,,,,,,,,,
2023,8,13,17,0,24.8,16,58.13,,,,,,,,,,,,,,,,,,,,,,,,,,,,,,,,,,,,
2023,8,13,18,0,26.1,16.2,54.43,,,,,,,,,,,,,,,,,,,,,,,,,,,,,,,,,,,,
2023,8,13,19,0,27,16.3,51.87,,,,,,,,,,,,,,,,,,,,,,,,,,,,,,,,,,,,
2023,8,13,20,0,27.7,16.3,49.86,,,,,,,,,,,,,,,,,,,,,,,,,,,,,,,,,,,,
2023,8,13,21,0,28.2,16.3,48.46,,,,,,,,,,,,,,,,,,,,,,,,,,,,,,,,,,,,
2023,8,13,22,0,28.5,16.3,47.56,,,,,,,,,,,,,,,,,,,,,,,,,,,,,,,,,,,,
2023,8,13,23,0,28.4,16.4,48.15,,,,,,,,,,,,,,,,,,,,,,,,,,,,,,,,,,,,
2023,8,14,0,0,27.9,16.9,51.34,,,,,,,,,,,,,,,,,,,,,,,,,,,,,,,,,,,,
2023,8,14,1,0,26.8,18.1,58.95,,,,,,,,,,,,,,,,,,,,,,,,,,,,,,,,,,,,
2023,8,14,2,0,24.2,19.1,73.31,,,,,,,,,,,,,,,,,,,,,,,,,,,,,,,,,,,,
2023,8,14,3,0,21.9,17.7,77.17,,,,,,,,,,,,,,,,,,,,,,,,,,,,,,,,,,,,
2023,8,14,4,0,21.4,17,76.01,,,,,,,,,,,,,,,,,,,,,,,,,,,,,,,,,,,,
2023,8,14,5,0,20.9,16.6,76.54,,,,,,,,,,,,,,,,,,,,,,,,,,,,,,,,,,,,
2023,8,14,6,0,20.8,16.2,74.84,,,,,,,,,,,,,,,,,,,,,,,,,,,,,,,,,,,,
2023,8,14,7,0,20.5,15.7,73.91,,,,,,,,,,,,,,,,,,,,,,,,,,,,,,,,,,,,
2023,8,14,8,0,20.3,15.2,72.74,,,,,,,,,,,,,,,,,,,,,,,,,,,,,,,,,,,,
2023,8,14,9,0,19.9,15,73.27,,,,,,,,,,,,,,,,,,,,,,,,,,,,,,,,,,,,
2023,8,14,10,0,19.4,14.9,75.23,,,,,,,,,,,,,,,,,,,,,,,,,,,,,,,,,,,,
2023,8,14,11,0,18.9,14.9,77.46,,,,,,,,,,,,,,,,,,,,,,,,,,,,,,,,,,,,
2023,8,14,12,0,18.5,14.8,78.98,,,,,,,,,,,,,,,,,,,,,,,,,,,,,,,,,,,,
2023,8,14,13,0,18.7,15.2,80.19,,,,,,,,,,,,,,,,,,,,,,,,,,,,,,,,,,,,
2023,8,14,14,0,20.6,16.8,79.02,,,,,,,,,,,,,,,,,,,,,,,,,,,,,,,,,,,,
2023,8,14,15,0,23,17,69.03,,,,,,,,,,,,,,,,,,,,,,,,,,,,,,,,,,,,
2023,8,14,16,0,25,17.6,63.68,,,,,,,,,,,,,,,,,,,,,,,,,,,,,,,,,,,,
2023,8,14,17,0,27.4,18.1,56.9,,,,,,,,,,,,,,,,,,,,,,,,,,,,,,,,,,,,
2023,8,14,18,0,29.3,18.2,51.3,,,,,,,,,,,,,,,,,,,,,,,,,,,,,,,,,,,,
2023,8,14,19,0,30.5,18.4,48.35,,,,,,,,,,,,,,,,,,,,,,,,,,,,,,,,,,,,
2023,8,14,20,0,31.3,18.5,46.58,,,,,,,,,,,,,,,,,,,,,,,,,,,,,,,,,,,,
2023,8,14,21,0,31.8,18.6,45.47,,,,,,,,,,,,,,,,,,,,,,,,,,,,,,,,,,,,
2023,8,14,22,0,31.7,18.5,45.64,,,,,,,,,,,,,,,,,,,,,,,,,,,,,,,,,,,,
2023,8,14,23,0,31.2,18.6,47.05,,,,,,,,,,,,,,,,,,,,,,,,,,,,,,,,,,,,
2023,8,15,0,0,30.1,18.9,51,,,,,,,,,,,,,,,,,,,,,,,,,,,,,,,,,,,,
2023,8,15,1,0,28.5,19.5,58.05,,,,,,,,,,,,,,,,,,,,,,,,,,,,,,,,,,,,
2023,8,15,2,0,25.7,20.2,71.5,,,,,,,,,,,,,,,,,,,,,,,,,,,,,,,,,,,,
2023,8,15,3,0,23.1,19,77.61,,,,,,,,,,,,,,,,,,,,,,,,,,,,,,,,,,,,
2023,8,15,4,0,22.4,18.1,76.61,,,,,,,,,,,,,,,,,,,,,,,,,,,,,,,,,,,,
2023,8,15,5,0,21.9,17.4,75.48,,,,,,,,,,,,,,,,,,,,,,,,,,,,,,,,,,,,
2023,8,15,6,0,21.6,16.6,73.41,,,,,,,,,,,,,,,,,,,,,,,,,,,,,,,,,,,,
2023,8,15,7,0,21.3,16,71.67,,,,,,,,,,,,,,,,,,,,,,,,,,,,,,,,,,,,
2023,8,15,8,0,20.8,15.4,71.33,,,,,,,,,,,,,,,,,,,,,,,,,,,,,,,,,,,,
2023,8,15,9,0,20.2,15.2,72.74,,,,,,,,,,,,,,,,,,,,,,,,,,,,,,,,,,,,
2023,8,15,10,0,19.7,15.1,74.98,,,,,,,,,,,,,,,,,,,,,,,,,,,,,,,,,,,,
2023,8,15,11,0,19.4,15.2,76.78,,,,,,,,,,,,,,,,,,,,,,,,,,,,,,,,,,,,
2023,8,15,12,0,19.1,15.3,78.59,,,,,,,,,,,,,,,,,,,,,,,,,,,,,,,,,,,,
2023,8,15,13,0,19.5,15.7,78.48,,,,,,,,,,,,,,,,,,,,,,,,,,,,,,,,,,,,
2023,8,15,14,0,21.6,17.4,77.04,,,,,,,,,,,,,,,,,,,,,,,,,,,,,,,,,,,,
2023,8,15,15,0,24.1,17.8,67.92,,,,,,,,,,,,,,,,,,,,,,,,,,,,,,,,,,,,
2023,8,15,16,0,25.8,18.4,63.89,,,,,,,,,,,,,,,,,,,,,,,,,,,,,,,,,,,,
2023,8,15,17,0,27.9,18.6,57.15,,,,,,,,,,,,,,,,,,,,,,,,,,,,,,,,,,,,
2023,8,15,18,0,29.6,17.8,49.05,,,,,,,,,,,,,,,,,,,,,,,,,,,,,,,,,,,,
2023,8,15,19,0,30.9,17.4,44.55,,,,,,,,,,,,,,,,,,,,,,,,,,,,,,,,,,,,
2023,8,15,20,0,31.9,17.2,41.38,,,,,,,,,,,,,,,,,,,,,,,,,,,,,,,,,,,,
2023,8,15,21,0,32.6,16.9,39.2,,,,,,,,,,,,,,,,,,,,,,,,,,,,,,,,,,,,
2023,8,15,22,0,33,16.8,38.02,,,,,,,,,,,,,,,,,,,,,,,,,,,,,,,,,,,,
2023,8,15,23,0,32.9,16.7,37.97,,,,,,,,,,,,,,,,,,,,,,,,,,,,,,,,,,,,
2023,8,16,0,0,32.3,16.9,39.75,,,,,,,,,,,,,,,,,,,,,,,,,,,,,,,,,,,,
2023,8,16,1,0,30.9,18.6,48.08,,,,,,,,,,,,,,,,,,,,,,,,,,,,,,,,,,,,
2023,8,16,2,0,26.7,20.5,68.99,,,,,,,,,,,,,,,,,,,,,,,,,,,,,,,,,,,,
2023,8,16,3,0,24.1,18.5,71.04,,,,,,,,,,,,,,,,,,,,,,,,,,,,,,,,,,,,
2023,8,16,4,0,23.5,17.9,70.95,,,,,,,,,,,,,,,,,,,,,,,,,,,,,,,,,,,,
2023,8,16,5,0,23.7,17.3,67.18,,,,,,,,,,,,,,,,,,,,,,,,,,,,,,,,,,,,
2023,8,16,6,0,23.9,16.5,63.17,,,,,,,,,,,,,,,,,,,,,,,,,,,,,,,,,,,,
2023,8,16,7,0,23.7,15.8,61.38,,,,,,,,,,,,,,,,,,,,,,,,,,,,,,,,,,,,
2023,8,16,8,0,23.1,15.4,62.03,,,,,,,,,,,,,,,,,,,,,,,,,,,,,,,,,,,,
2023,8,16,9,0,22.3,15.2,64.02,,,,,,,,,,,,,,,,,,,,,,,,,,,,,,,,,,,,
2023,8,16,10,0,21.5,14.9,66.23,,,,,,,,,,,,,,,,,,,,,,,,,,,,,,,,,,,,
2023,8,16,11,0,20.7,14.7,68.5,,,,,,,,,,,,,,,,,,,,,,,,,,,,,,,,,,,,
2023,8,16,12,0,20.1,14.4,69.85,,,,,,,,,,,,,,,,,,,,,,,,,,,,,,,,,,,,
2023,8,16,13,0,20,14.8,72.13,,,,,,,,,,,,,,,,,,,,,,,,,,,,,,,,,,,,
2023,8,16,14,0,22,17.4,75.09,,,,,,,,,,,,,,,,,,,,,,,,,,,,,,,,,,,,
2023,8,16,15,0,24.5,16.3,60.14,,,,,,,,,,,,,,,,,,,,,,,,,,,,,,,,,,,,
2023,8,16,16,0,25.8,16.6,56.97,,,,,,,,,,,,,,,,,,,,,,,,,,,,,,,,,,,,
2023,8,16,17,0,27.5,16.8,52.21,,,,,,,,,,,,,,,,,,,,,,,,,,,,,,,,,,,,
2023,8,16,18,0,29.3,16.4,45.67,,,,,,,,,,,,,,,,,,,,,,,,,,,,,,,,,,,,
2023,8,16,19,0,30.7,16.2,41.66,,,,,,,,,,,,,,,,,,,,,,,,,,,,,,,,,,,,
2023,8,16,20,0,31.7,16.2,39.36,,,,,,,,,,,,,,,,,,,,,,,,,,,,,,,,,,,,
2023,8,16,21,0,32.3,16.2,38.05,,,,,,,,,,,,,,,,,,,,,,,,,,,,,,,,,,,,
2023,8,16,22,0,32.7,16.1,36.91,,,,,,,,,,,,,,,,,,,,,,,,,,,,,,,,,,,,
2023,8,16,23,0,32.7,16.1,37.08,,,,,,,,,,,,,,,,,,,,,,,,,,,,,,,,,,,,
2023,8,17,0,0,32.4,16.8,39.3,,,,,,,,,,,,,,,,,,,,,,,,,,,,,,,,,,,,
2023,8,17,1,0,31.9,16.8,40.33,,,,,,,,,,,,,,,,,,,,,,,,,,,,,,,,,,,,
2023,8,17,2,0,28.7,19.1,56.12,,,,,,,,,,,,,,,,,,,,,,,,,,,,,,,,,,,,
2023,8,17,3,0,27,16.3,52,,,,,,,,,,,,,,,,,,,,,,,,,,,,,,,,,,,,
2023,8,17,4,0,26.1,15.7,52.75,,,,,,,,,,,,,,,,,,,,,,,,,,,,,,,,,,,,
2023,8,17,5,0,25.2,15.3,54.37,,,,,,,,,,,,,,,,,,,,,,,,,,,,,,,,,,,,
2023,8,17,6,0,24.4,15,55.73,,,,,,,,,,,,,,,,,,,,,,,,,,,,,,,,,,,,
2023,8,17,7,0,23.6,14.7,57.3,,,,,,,,,,,,,,,,,,,,,,,,,,,,,,,,,,,,
2023,8,17,8,0,22.8,14.4,59.18,,,,,,,,,,,,,,,,,,,,,,,,,,,,,,,,,,,,
2023,8,17,9,0,21.8,14.3,62.39,,,,,,,,,,,,,,,,,,,,,,,,,,,,,,,,,,,,
2023,8,17,10,0,20.7,14.2,66.26,,,,,,,,,,,,,,,,,,,,,,,,,,,,,,,,,,,,
2023,8,17,11,0,19.9,14,68.59,,,,,,,,,,,,,,,,,,,,,,,,,,,,,,,,,,,,
2023,8,17,12,0,19.4,13.6,69.26,,,,,,,,,,,,,,,,,,,,,,,,,,,,,,,,,,,,
2023,8,17,13,0,19.5,13.9,70.08,,,,,,,,,,,,,,,,,,,,,,,,,,,,,,,,,,,,
2023,8,17,14,0,21.1,16.1,73.35,,,,,,,,,,,,,,,,,,,,,,,,,,,,,,,,,,,,
2023,8,17,15,0,23.3,15.4,61.31,,,,,,,,,,,,,,,,,,,,,,,,,,,,,,,,,,,,
2023,8,17,16,0,25.1,15.5,55.08,,,,,,,,,,,,,,,,,,,,,,,,,,,,,,,,,,,,
2023,8,17,17,0,26.4,15.1,49.9,,,,,,,,,,,,,,,,,,,,,,,,,,,,,,,,,,,,
2023,8,17,18,0,27.5,15,46.48,,,,,,,,,,,,,,,,,,,,,,,,,,,,,,,,,,,,
2023,8,17,19,0,28.6,15.5,44.88,,,,,,,,,,,,,,,,,,,,,,,,,,,,,,,,,,,,
2023,8,17,20,0,29.9,15.9,42.93,,,,,,,,,,,,,,,,,,,,,,,,,,,,,,,,,,,,
2023,8,17,21,0,30.7,16.2,41.55,,,,,,,,,,,,,,,,,,,,,,,,,,,,,,,,,,,,
2023,8,17,22,0,30.9,16.3,41.46,,,,,,,,,,,,,,,,,,,,,,,,,,,,,,,,,,,,
2023,8,17,23,0,30.4,16.6,43.43,,,,,,,,,,,,,,,,,,,,,,,,,,,,,,,,,,,,
2023,8,18,0,0,29.3,17.2,48.19,,,,,,,,,,,,,,,,,,,,,,,,,,,,,,,,,,,,
2023,8,18,1,0,27.2,18.2,57.94,,,,,,,,,,,,,,,,,,,,,,,,,,,,,,,,,,,,
2023,8,18,2,0,24.4,19,71.84,,,,,,,,,,,,,,,,,,,,,,,,,,,,,,,,,,,,
2023,8,18,3,0,21.9,18.3,79.92,,,,,,,,,,,,,,,,,,,,,,,,,,,,,,,,,,,,
2023,8,18,4,0,20.5,17.8,84.37,,,,,,,,,,,,,,,,,,,,,,,,,,,,,,,,,,,,
2023,8,18,5,0,19.4,17.2,87.2,,,,,,,,,,,,,,,,,,,,,,,,,,,,,,,,,,,,
2023,8,18,6,0,18.6,16.6,88.07,,,,,,,,,,,,,,,,,,,,,,,,,,,,,,,,,,,,
2023,8,18,7,0,17.9,16,88.69,,,,,,,,,,,,,,,,,,,,,,,,,,,,,,,,,,,,
2023,8,18,8,0,17.2,15.4,89.16,,,,,,,,,,,,,,,,,,,,,,,,,,,,,,,,,,,,
2023,8,18,9,0,16.4,14.7,89.92,,,,,,,,,,,,,,,,,,,,,,,,,,,,,,,,,,,,
2023,8,18,10,0,15.8,14.1,89.66,,,,,,,,,,,,,,,,,,,,,,,,,,,,,,,,,,,,
2023,8,18,11,0,15.2,13.5,89.67,,,,,,,,,,,,,,,,,,,,,,,,,,,,,,,,,,,,
2023,8,18,12,0,14.7,12.9,89.09,,,,,,,,,,,,,,,,,,,,,,,,,,,,,,,,,,,,
2023,8,18,13,0,14.4,12.4,87.96,,,,,,,,,,,,,,,,,,,,,,,,,,,,,,,,,,,,
2023,8,18,14,0,14.9,11.9,82.34,,,,,,,,,,,,,,,,,,,,,,,,,,,,,,,,,,,,
2023,8,18,15,0,15.8,11.7,76.75,,,,,,,,,,,,,,,,,,,,,,,,,,,,,,,,,,,,
2023,8,18,16,0,16.7,11.7,72.32,,,,,,,,,,,,,,,,,,,,,,,,,,,,,,,,,,,,
2023,8,18,17,0,17.9,11.7,67.1,,,,,,,,,,,,,,,,,,,,,,,,,,,,,,,,,,,,
2023,8,18,18,0,19.6,11.7,60.24,,,,,,,,,,,,,,,,,,,,,,,,,,,,,,,,,,,,
2023,8,18,19,0,21.1,11.5,54.1,,,,,,,,,,,,,,,,,,,,,,,,,,,,,,,,,,,,
2023,8,18,20,0,22.2,11.2,49.82,,,,,,,,,,,,,,,,,,,,,,,,,,,,,,,,,,,,
2023,8,18,21,0,22.9,11,47.15,,,,,,,,,,,,,,,,,,,,,,,,,,,,,,,,,,,,
2023,8,18,22,0,23.3,10.8,45.36,,,,,,,,,,,,,,,,,,,,,,,,,,,,,,,,,,,,
2023,8,18,23,0,23.2,10.7,45.38,,,,,,,,,,,,,,,,,,,,,,,,,,,,,,,,,,,,
2023,8,19,0,0,22.6,10.8,47.37,,,,,,,,,,,,,,,,,,,,,,,,,,,,,,,,,,,,
2023,8,19,1,0,21.6,11.8,53.53,,,,,,,,,,,,,,,,,,,,,,,,,,,,,,,,,,,,
2023,8,19,2,0,19.3,13.8,70.66,,,,,,,,,,,,,,,,,,,,,,,,,,,,,,,,,,,,
2023,8,19,3,0,17.4,12.2,71.43,,,,,,,,,,,,,,,,,,,,,,,,,,,,,,,,,,,,
2023,8,19,4,0,17.2,11.7,69.95,,,,,,,,,,,,,,,,,,,,,,,,,,,,,,,,,,,,
2023,8,19,5,0,16.9,11.4,69.92,,,,,,,,,,,,,,,,,,,,,,,,,,,,,,,,,,,,
2023,8,19,6,0,16.2,11.3,72.9,,,,,,,,,,,,,,,,,,,,,,,,,,,,,,,,,,,,
2023,8,19,7,0,15.4,11.4,76.83,,,,,,,,,,,,,,,,,,,,,,,,,,,,,,,,,,,,
2023,8,19,8,0,14.6,11.3,80.84,,,,,,,,,,,,,,,,,,,,,,,,,,,,,,,,,,,,
2023,8,19,9,0,13.8,11.3,84.7,,,,,,,,,,,,,,,,,,,,,,,,,,,,,,,,,,,,
2023,8,19,10,0,13.1,11.2,88.45,,,,,,,,,,,,,,,,,,,,,,,,,,,,,,,,,,,,
2023,8,19,11,0,12.6,11.2,91.26,,,,,,,,,,,,,,,,,,,,,,,,,,,,,,,,,,,,
2023,8,19,12,0,12.1,11.1,93.47,,,,,,,,,,,,,,,,,,,,,,,,,,,,,,,,,,,,
2023,8,19,13,0,11.9,10.9,93.45,,,,,,,,,,,,,,,,,,,,,,,,,,,,,,,,,,,,
2023,8,19,14,0,13.8,11.5,86.24,,,,,,,,,,,,,,,,,,,,,,,,,,,,,,,,,,,,
2023,8,19,15,0,16.2,11.4,73.21,,,,,,,,,,,,,,,,,,,,,,,,,,,,,,,,,,,,
2023,8,19,16,0,18.2,11.5,65.02,,,,,,,,,,,,,,,,,,,,,,,,,,,,,,,,,,,,
2023,8,19,17,0,20.3,11.5,57.09,,,,,,,,,,,,,,,,,,,,,,,,,,,,,,,,,,,,
2023,8,19,18,0,22.1,11.5,51.11,,,,,,,,,,,,,,,,,,,,,,,,,,,,,,,,,,,,
2023,8,19,19,0,23.4,11.5,47.21,,,,,,,,,,,,,,,,,,,,,,,,,,,,,,,,,,,,
2023,8,19,20,0,24.2,11.5,44.94,,,,,,,,,,,,,,,,,,,,,,,,,,,,,,,,,,,,
2023,8,19,21,0,24.6,11.4,43.55,,,,,,,,,,,,,,,,,,,,,,,,,,,,,,,,,,,,
2023,8,19,22,0,24.6,11.2,42.97,,,,,,,,,,,,,,,,,,,,,,,,,,,,,,,,,,,,
2023,8,19,23,0,24.2,11.2,44.11,,,,,,,,,,,,,,,,,,,,,,,,,,,,,,,,,,,,
2023,8,20,0,0,23.4,12,48.79,,,,,,,,,,,,,,,,,,,,,,,,,,,,,,,,,,,,
2023,8,20,1,0,21.7,13.5,59.47,,,,,,,,,,,,,,,,,,,,,,,,,,,,,,,,,,,,
2023,8,20,2,0,19,14,72.61,,,,,,,,,,,,,,,,,,,,,,,,,,,,,,,,,,,,
2023,8,20,3,0,17.2,13.1,76.75,,,,,,,,,,,,,,,,,,,,,,,,,,,,,,,,,,,,
2023,8,20,4,0,16.5,12.5,77.41,,,,,,,,,,,,,,,,,,,,,,,,,,,,,,,,,,,,
2023,8,20,5,0,16.2,11.9,75.88,,,,,,,,,,,,,,,,,,,,,,,,,,,,,,,,,,,,
2023,8,20,6,0,16.1,11.4,73.64,,,,,,,,,,,,,,,,,,,,,,,,,,,,,,,,,,,,
2023,8,20,7,0,15.9,10.9,72.34,,,,,,,,,,,,,,,,,,,,,,,,,,,,,,,,,,,,
2023,8,20,8,0,15.5,10.5,72.25,,,,,,,,,,,,,,,,,,,,,,,,,,,,,,,,,,,,
2023,8,20,9,0,15.2,10.2,72.27,,,,,,,,,,,,,,,,,,,,,,,,,,,,,,,,,,,,
2023,8,20,10,0,14.8,10,73.18,,,,,,,,,,,,,,,,,,,,,,,,,,,,,,,,,,,,
2023,8,20,11,0,14.5,9.9,73.74,,,,,,,,,,,,,,,,,,,,,,,,,,,,,,,,,,,,
2023,8,20,12,0,14.3,9.8,74.21,,,,,,,,,,,,,,,,,,,,,,,,,,,,,,,,,,,,
2023,8,20,13,0,14,9.9,76.21,,,,,,,,,,,,,,,,,,,,,,,,,,,,,,,,,,,,
2023,8,20,14,0,14.7,11,78.63,,,,,,,,,,,,,,,,,,,,,,,,,,,,,,,,,,,,
2023,8,20,15,0,16.7,12.1,74.25,,,,,,,,,,,,,,,,,,,,,,,,,,,,,,,,,,,,
2023,8,20,16,0,19,11.7,62.75,,,,,,,,,,,,,,,,,,,,,,,,,,,,,,,,,,,,
2023,8,20,17,0,21.4,11.5,53.19,,,,,,,,,,,,,,,,,,,,,,,,,,,,,,,,,,,,
2023,8,20,18,0,23.1,11.4,47.7,,,,,,,,,,,,,,,,,,,,,,,,,,,,,,,,,,,,
2023,8,20,19,0,24.1,11.5,45.36,,,,,,,,,,,,,,,,,,,,,,,,,,,,,,,,,,,,
2023,8,20,20,0,24.8,11.7,43.96,,,,,,,,,,,,,,,,,,,,,,,,,,,,,,,,,,,,
2023,8,20,21,0,25.3,11.9,43.24,,,,,,,,,,,,,,,,,,,,,,,,,,,,,,,,,,,,
2023,8,20,22,0,25.4,12.1,43.51,,,,,,,,,,,,,,,,,,,,,,,,,,,,,,,,,,,,
2023,8,20,23,0,25.1,12.4,45.07,,,,,,,,,,,,,,,,,,,,,,,,,,,,,,,,,,,,
2023,8,21,0,0,24.2,13.3,50.53,,,,,,,,,,,,,,,,,,,,,,,,,,,,,,,,,,,,
2023,8,21,1,0,22,15.3,65.94,,,,,,,,,,,,,,,,,,,,,,,,,,,,,,,,,,,,
2023,8,21,2,0,19.1,15.1,77.64,,,,,,,,,,,,,,,,,,,,,,,,,,,,,,,,,,,,
2023,8,21,3,0,18,13.8,76.56,,,,,,,,,,,,,,,,,,,,,,,,,,,,,,,,,,,,
2023,8,21,4,0,17.8,13.4,75.57,,,,,,,,,,,,,,,,,,,,,,,,,,,,,,,,,,,,
2023,8,21,5,0,17.8,13.2,74.23,,,,,,,,,,,,,,,,,,,,,,,,,,,,,,,,,,,,
2023,8,21,6,0,17.5,13,74.7,,,,,,,,,,,,,,,,,,,,,,,,,,,,,,,,,,,,
2023,8,21,7,0,16.9,12.8,76.74,,,,,,,,,,,,,,,,,,,,,,,,,,,,,,,,,,,,
2023,8,21,8,0,16.3,12.6,78.93,,,,,,,,,,,,,,,,,,,,,,,,,,,,,,,,,,,,
2023,8,21,9,0,15.6,12.5,81.88,,,,,,,,,,,,,,,,,,,,,,,,,,,,,,,,,,,,
2023,8,21,10,0,14.9,12.3,84.62,,,,,,,,,,,,,,,,,,,,,,,,,,,,,,,,,,,,
2023,8,21,11,0,14.3,12.1,86.58,,,,,,,,,,,,,,,,,,,,,,,,,,,,,,,,,,,,
2023,8,21,12,0,13.8,11.8,87.92,,,,,,,,,,,,,,,,,,,,,,,,,,,,,,,,,,,,
2023,8,21,13,0,13.4,11.7,89.58,,,,,,,,,,,,,,,,,,,,,,,,,,,,,,,,,,,,
2023,8,21,14,0,14.2,12.4,88.97,,,,,,,,,,,,,,,,,,,,,,,,,,,,,,,,,,,,
2023,8,21,15,0,15.6,12.5,82.01,,,,,,,,,,,,,,,,,,,,,,,,,,,,,,,,,,,,
2023,8,21,16,0,17.1,12.3,73.59,,,,,,,,,,,,,,,,,,,,,,,,,,,,,,,,,,,,
2023,8,21,17,0,18.6,12.3,66.98,,,,,,,,,,,,,,,,,,,,,,,,,,,,,,,,,,,,
2023,8,21,18,0,20.2,12.4,60.97,,,,,,,,,,,,,,,,,,,,,,,,,,,,,,,,,,,,
2023,8,21,19,0,21.5,12.5,56.45,,,,,,,,,,,,,,,,,,,,,,,,,,,,,,,,,,,,
2023,8,21,20,0,22.5,12.6,53.43,,,,,,,,,,,,,,,,,,,,,,,,,,,,,,,,,,,,
2023,8,21,21,0,23.1,12.7,51.82,,,,,,,,,,,,,,,,,,,,,,,,,,,,,,,,,,,,
2023,8,21,22,0,23.4,12.8,51.25,,,,,,,,,,,,,,,,,,,,,,,,,,,,,,,,,,,,
2023,8,21,23,0,23.3,12.9,52.12,,,,,,,,,,,,,,,,,,,,,,,,,,,,,,,,,,,,
2023,8,22,0,0,22.6,13.4,55.89,,,,,,,,,,,,,,,,,,,,,,,,,,,,,,,,,,,,
2023,8,22,1,0,21.3,14.6,65.62,,,,,,,,,,,,,,,,,,,,,,,,,,,,,,,,,,,,
2023,8,22,2,0,18.6,15,79.56,,,,,,,,,,,,,,,,,,,,,,,,,,,,,,,,,,,,
2023,8,22,3,0,16.5,14,84.98,,,,,,,,,,,,,,,,,,,,,,,,,,,,,,,,,,,,
2023,8,22,4,0,15.7,13.5,86.75,,,,,,,,,,,,,,,,,,,,,,,,,,,,,,,,,,,,
2023,8,22,5,0,14.7,13.2,90.48,,,,,,,,,,,,,,,,,,,,,,,,,,,,,,,,,,,,
2023,8,22,6,0,13.9,12.9,93.43,,,,,,,,,,,,,,,,,,,,,,,,,,,,,,,,,,,,
2023,8,22,7,0,13.2,12.5,95.64,,,,,,,,,,,,,,,,,,,,,,,,,,,,,,,,,,,,
2023,8,22,8,0,12.7,12.2,96.6,,,,,,,,,,,,,,,,,,,,,,,,,,,,,,,,,,,,
2023,8,22,9,0,12.4,11.9,96.47,,,,,,,,,,,,,,,,,,,,,,,,,,,,,,,,,,,,
2023,8,22,10,0,12.3,11.6,95.35,,,,,,,,,,,,,,,,,,,,,,,,,,,,,,,,,,,,
2023,8,22,11,0,12.2,11.4,94.58,,,,,,,,,,,,,,,,,,,,,,,,,,,,,,,,,,,,
2023,8,22,12,0,11.8,11.2,95.82,,,,,,,,,,,,,,,,,,,,,,,,,,,,,,,,,,,,
2023,8,22,13,0,11.6,11.1,96.45,,,,,,,,,,,,,,,,,,,,,,,,,,,,,,,,,,,,
2023,8,22,14,0,13.5,11.4,87.26,,,,,,,,,,,,,,,,,,,,,,,,,,,,,,,,,,,,
2023,8,22,15,0,15.2,11.4,78.29,,,,,,,,,,,,,,,,,,,,,,,,,,,,,,,,,,,,
2023,8,22,16,0,16.7,11.3,70.6,,,,,,,,,,,,,,,,,,,,,,,,,,,,,,,,,,,,
2023,8,22,17,0,18.1,11.1,63.56,,,,,,,,,,,,,,,,,,,,,,,,,,,,,,,,,,,,
2023,8,22,18,0,19.2,11,59.02,,,,,,,,,,,,,,,,,,,,,,,,,,,,,,,,,,,,
2023,8,22,19,0,20.1,11.1,56.33,,,,,,,,,,,,,,,,,,,,,,,,,,,,,,,,,,,,
2023,8,22,20,0,20.6,11.3,55.37,,,,,,,,,,,,,,,,,,,,,,,,,,,,,,,,,,,,
2023,8,22,21,0,20.7,11.5,55.57,,,,,,,,,,,,,,,,,,,,,,,,,,,,,,,,,,,,
2023,8,22,22,0,20.7,11.6,56,,,,,,,,,,,,,,,,,,,,,,,,,,,,,,,,,,,,
2023,8,22,23,0,20.4,11.9,58,,,,,,,,,,,,,,,,,,,,,,,,,,,,,,,,,,,,
2023,8,23,0,0,20,12.2,60.71,,,,,,,,,,,,,,,,,,,,,,,,,,,,,,,,,,,,
2023,8,23,1,0,19.2,12.7,66.23,,,,,,,,,,,,,,,,,,,,,,,,,,,,,,,,,,,,
2023,8,23,2,0,17.2,13.9,80.76,,,,,,,,,,,,,,,,,,,,,,,,,,,,,,,,,,,,
2023,8,23,3,0,15.3,13.4,88.22,,,,,,,,,,,,,,,,,,,,,,,,,,,,,,,,,,,,
2023,8,23,4,0,14.9,13.2,89.8,,,,,,,,,,,,,,,,,,,,,,,,,,,,,,,,,,,,
2023,8,23,5,0,14.3,13.1,92.5,,,,,,,,,,,,,,,,,,,,,,,,,,,,,,,,,,,,
2023,8,23,6,0,13.8,13,94.8,,,,,,,,,,,,,,,,,,,,,,,,,,,,,,,,,,,,
2023,8,23,7,0,13.4,12.9,96.65,,,,,,,,,,,,,,,,,,,,,,,,,,,,,,,,,,,,
2023,8,23,8,0,13.1,12.8,98.05,,,,,,,,,,,,,,,,,,,,,,,,,,,,,,,,,,,,
2023,8,23,9,0,12.8,12.6,98.68,,,,,,,,,,,,,,,,,,,,,,,,,,,,,,,,,,,,
2023,8,23,10,0,12.6,12.5,99.17,,,,,,,,,,,,,,,,,,,,,,,,,,,,,,,,,,,,
2023,8,23,11,0,12.5,12.3,98.97,,,,,,,,,,,,,,,,,,,,,,,,,,,,,,,,,,,,
2023,8,23,12,0,12.4,12.2,98.9,,,,,,,,,,,,,,,,,,,,,,,,,,,,,,,,,,,,
2023,8,23,13,0,12.6,12.3,98.32,,,,,,,,,,,,,,,,,,,,,,,,,,,,,,,,,,,,
2023,8,23,14,0,14.1,13.3,94.89,,,,,,,,,,,,,,,,,,,,,,,,,,,,,,,,,,,,
2023,8,23,15,0,15.4,14,91.25,,,,,,,,,,,,,,,,,,,,,,,,,,,,,,,,,,,,
2023,8,23,16,0,16.5,14,85.08,,,,,,,,,,,,,,,,,,,,,,,,,,,,,,,,,,,,
2023,8,23,17,0,17.9,13.6,75.82,,,,,,,,,,,,,,,,,,,,,,,,,,,,,,,,,,,,
2023,8,23,18,0,19.3,12.9,66.36,,,,,,,,,,,,,,,,,,,,,,,,,,,,,,,,,,,,
2023,8,23,19,0,20.5,12.4,59.63,,,,,,,,,,,,,,,,,,,,,,,,,,,,,,,,,,,,
2023,8,23,20,0,21.3,12.2,56.08,,,,,,,,,,,,,,,,,,,,,,,,,,,,,,,,,,,,
2023,8,23,21,0,21.5,12.1,55.23,,,,,,,,,,,,,,,,,,,,,,,,,,,,,,,,,,,,
2023,8,23,22,0,21.5,12.2,55.56,,,,,,,,,,,,,,,,,,,,,,,,,,,,,,,,,,,,
2023,8,23,23,0,21.3,12.4,56.75,,,,,,,,,,,,,,,,,,,,,,,,,,,,,,,,,,,,
2023,8,24,0,0,20.8,12.6,59.43,,,,,,,,,,,,,,,,,,,,,,,,,,,,,,,,,,,,
2023,8,24,1,0,19.8,13.6,67.54,,,,,,,,,,,,,,,,,,,,,,,,,,,,,,,,,,,,
2023,8,24,2,0,17.4,14.3,82.02,,,,,,,,,,,,,,,,,,,,,,,,,,,,,,,,,,,,
2023,8,24,3,0,15.6,13.3,86.06,,,,,,,,,,,,,,,,,,,,,,,,,,,,,,,,,,,,
2023,8,24,4,0,14.8,13.1,89.29,,,,,,,,,,,,,,,,,,,,,,,,,,,,,,,,,,,,
2023,8,24,5,0,14.1,12.8,91.98,,,,,,,,,,,,,,,,,,,,,,,,,,,,,,,,,,,,
2023,8,24,6,0,13.6,12.6,93.63,,,,,,,,,,,,,,,,,,,,,,,,,,,,,,,,,,,,
2023,8,24,7,0,13.2,12.4,94.82,,,,,,,,,,,,,,,,,,,,,,,,,,,,,,,,,,,,
2023,8,24,8,0,12.9,12.3,95.83,,,,,,,,,,,,,,,,,,,,,,,,,,,,,,,,,,,,
2023,8,24,9,0,12.8,12.1,95.55,,,,,,,,,,,,,,,,,,,,,,,,,,,,,,,,,,,,
2023,8,24,10,0,12.4,11.8,96.3,,,,,,,,,,,,,,,,,,,,,,,,,,,,,,,,,,,,
2023,8,24,11,0,12,11.5,96.8,,,,,,,,,,,,,,,,,,,,,,,,,,,,,,,,,,,,
2023,8,24,12,0,11.6,11.1,96.92,,,,,,,,,,,,,,,,,,,,,,,,,,,,,,,,,,,,
2023,8,24,13,0,11.7,11,95.41,,,,,,,,,,,,,,,,,,,,,,,,,,,,,,,,,,,,
2023,8,24,14,0,13.9,11.7,86.82,,,,,,,,,,,,,,,,,,,,,,,,,,,,,,,,,,,,
2023,8,24,15,0,16.1,11.9,76.04,,,,,,,,,,,,,,,,,,,,,,,,,,,,,,,,,,,,
2023,8,24,16,0,18.4,12,66.38,,,,,,,,,,,,,,,,,,,,,,,,,,,,,,,,,,,,
2023,8,24,17,0,20.4,11.9,58.03,,,,,,,,,,,,,,,,,,,,,,,,,,,,,,,,,,,,
2023,8,24,18,0,22,11.7,52.09,,,,,,,,,,,,,,,,,,,,,,,,,,,,,,,,,,,,
2023,8,24,19,0,23.3,11.6,47.91,,,,,,,,,,,,,,,,,,,,,,,,,,,,,,,,,,,,
2023,8,24,20,0,24.1,11.7,45.91,,,,,,,,,,,,,,,,,,,,,,,,,,,,,,,,,,,,
2023,8,24,21,0,24.8,11.8,44.31,,,,,,,,,,,,,,,,,,,,,,,,,,,,,,,,,,,,
2023,8,24,22,0,25.3,11.9,43.09,,,,,,,,,,,,,,,,,,,,,,,,,,,,,,,,,,,,
2023,8,24,23,0,25.3,12,43.57,,,,,,,,,,,,,,,,,,,,,,,,,,,,,,,,,,,,
2023,8,25,0,0,24.6,12.6,47.31,,,,,,,,,,,,,,,,,,,,,,,,,,,,,,,,,,,,
2023,8,25,1,0,22.7,14.2,58.63,,,,,,,,,,,,,,,,,,,,,,,,,,,,,,,,,,,,
2023,8,25,2,0,19.7,14.3,71.25,,,,,,,,,,,,,,,,,,,,,,,,,,,,,,,,,,,,
2023,8,25,3,0,17.7,13.6,76.72,,,,,,,,,,,,,,,,,,,,,,,,,,,,,,,,,,,,
2023,8,25,4,0,16.9,13,77.89,,,,,,,,,,,,,,,,,,,,,,,,,,,,,,,,,,,,
2023,8,25,5,0,16.3,12.4,77.79,,,,,,,,,,,,,,,,,,,,,,,,,,,,,,,,,,,,
2023,8,25,6,0,15.7,11.9,78.33,,,,,,,,,,,,,,,,,,,,,,,,,,,,,,,,,,,,
2023,8,25,7,0,15.3,11.5,78.25,,,,,,,,,,,,,,,,,,,,,,,,,,,,,,,,,,,,
2023,8,25,8,0,15,11.3,78.36,,,,,,,,,,,,,,,,,,,,,,,,,,,,,,,,,,,,
2023,8,25,9,0,15,11.1,77.64,,,,,,,,,,,,,,,,,,,,,,,,,,,,,,,,,,,,
2023,8,25,10,0,15,11.2,77.99,,,,,,,,,,,,,,,,,,,,,,,,,,,,,,,,,,,,
2023,8,25,11,0,15.6,11.5,76.67,,,,,,,,,,,,,,,,,,,,,,,,,,,,,,,,,,,,
2023,8,25,12,0,16.5,12.1,75.44,,,,,,,,,,,,,,,,,,,,,,,,,,,,,,,,,,,,
2023,8,25,13,0,16.9,13,77.66,,,,,,,,,,,,,,,,,,,,,,,,,,,,,,,,,,,,
2023,8,25,14,0,17.4,13.7,79.1,,,,,,,,,,,,,,,,,,,,,,,,,,,,,,,,,,,,
2023,8,25,15,0,18.2,15.2,82.44,,,,,,,,,,,,,,,,,,,,,,,,,,,,,,,,,,,,
2023,8,25,16,0,20,16.1,78.06,,,,,,,,,,,,,,,,,,,,,,,,,,,,,,,,,,,,
2023,8,25,17,0,21.9,15.7,67.8,,,,,,,,,,,,,,,,,,,,,,,,,,,,,,,,,,,,
2023,8,25,18,0,23.8,15.3,58.93,,,,,,,,,,,,,,,,,,,,,,,,,,,,,,,,,,,,
2023,8,25,19,0,26.2,15.6,51.95,,,,,,,,,,,,,,,,,,,,,,,,,,,,,,,,,,,,
2023,8,25,20,0,27.6,15.8,48.45,,,,,,,,,,,,,,,,,,,,,,,,,,,,,,,,,,,,
2023,8,25,21,0,28.2,16.3,48.31,,,,,,,,,,,,,,,,,,,,,,,,,,,,,,,,,,,,
2023,8,25,22,0,28.4,16.4,48.16,,,,,,,,,,,,,,,,,,,,,,,,,,,,,,,,,,,,
2023,8,25,23,0,28.1,16.4,49.19,,,,,,,,,,,,,,,,,,,,,,,,,,,,,,,,,,,,
2023,8,26,0,0,27.5,16.6,51.36,,,,,,,,,,,,,,,,,,,,,,,,,,,,,,,,,,,,
2023,8,26,1,0,25.9,17.2,58.6,,,,,,,,,,,,,,,,,,,,,,,,,,,,,,,,,,,,
2023,8,26,2,0,22.4,17.3,73.07,,,,,,,,,,,,,,,,,,,,,,,,,,,,,,,,,,,,
2023,8,26,3,0,20.1,16,77.13,,,,,,,,,,,,,,,,,,,,,,,,,,,,,,,,,,,,
2023,8,26,4,0,19.1,15.4,79.31,,,,,,,,,,,,,,,,,,,,,,,,,,,,,,,,,,,,
2023,8,26,5,0,18.3,15.1,81.36,,,,,,,,,,,,,,,,,,,,,,,,,,,,,,,,,,,,
2023,8,26,6,0,17.7,14.6,82.13,,,,,,,,,,,,,,,,,,,,,,,,,,,,,,,,,,,,
2023,8,26,7,0,17.4,14.1,80.89,,,,,,,,,,,,,,,,,,,,,,,,,,,,,,,,,,,,
2023,8,26,8,0,17.1,13.6,79.67,,,,,,,,,,,,,,,,,,,,,,,,,,,,,,,,,,,,
2023,8,26,9,0,16.8,13.1,78.97,,,,,,,,,,,,,,,,,,,,,,,,,,,,,,,,,,,,
2023,8,26,10,0,16.1,12.9,81.38,,,,,,,,,,,,,,,,,,,,,,,,,,,,,,,,,,,,
2023,8,26,11,0,15.5,12.8,83.86,,,,,,,,,,,,,,,,,,,,,,,,,,,,,,,,,,,,
2023,8,26,12,0,15.2,12.7,84.9,,,,,,,,,,,,,,,,,,,,,,,,,,,,,,,,,,,,
2023,8,26,13,0,15.2,12.7,85.03,,,,,,,,,,,,,,,,,,,,,,,,,,,,,,,,,,,,
2023,8,26,14,0,17.2,13.5,78.74,,,,,,,,,,,,,,,,,,,,,,,,,,,,,,,,,,,,
2023,8,26,15,0,19.4,13.8,69.98,,,,,,,,,,,,,,,,,,,,,,,,,,,,,,,,,,,,
2023,8,26,16,0,22,14.4,62.22,,,,,,,,,,,,,,,,,,,,,,,,,,,,,,,,,,,,
2023,8,26,17,0,24.6,14.5,53.4,,,,,,,,,,,,,,,,,,,,,,,,,,,,,,,,,,,,
2023,8,26,18,0,26.4,14.6,48.17,,,,,,,,,,,,,,,,,,,,,,,,,,,,,,,,,,,,
2023,8,26,19,0,27.8,14.6,44.59,,,,,,,,,,,,,,,,,,,,,,,,,,,,,,,,,,,,
2023,8,26,20,0,28.7,14.6,42.09,,,,,,,,,,,,,,,,,,,,,,,,,,,,,,,,,,,,
2023,8,26,21,0,29.2,14.6,40.92,,,,,,,,,,,,,,,,,,,,,,,,,,,,,,,,,,,,
2023,8,26,22,0,29.3,14.7,41.03,,,,,,,,,,,,,,,,,,,,,,,,,,,,,,,,,,,,
2023,8,26,23,0,28.8,14.9,42.8,,,,,,,,,,,,,,,,,,,,,,,,,,,,,,,,,,,,
2023,8,27,0,0,27.9,15.6,47.19,,,,,,,,,,,,,,,,,,,,,,,,,,,,,,,,,,,,
2023,8,27,1,0,26.2,16.5,55.32,,,,,,,,,,,,,,,,,,,,,,,,,,,,,,,,,,,,
2023,8,27,2,0,23,17.3,70.26,,,,,,,,,,,,,,,,,,,,,,,,,,,,,,,,,,,,
2023,8,27,3,0,20.9,16.1,73.86,,,,,,,,,,,,,,,,,,,,,,,,,,,,,,,,,,,,
2023,8,27,4,0,20.4,15.4,72.93,,,,,,,,,,,,,,,,,,,,,,,,,,,,,,,,,,,,
2023,8,27,5,0,20.2,14.7,70.76,,,,,,,,,,,,,,,,,,,,,,,,,,,,,,,,,,,,
2023,8,27,6,0,20.1,14.1,68.54,,,,,,,,,,,,,,,,,,,,,,,,,,,,,,,,,,,,
2023,8,27,7,0,20,13.6,66.51,,,,,,,,,,,,,,,,,,,,,,,,,,,,,,,,,,,,
2023,8,27,8,0,19.7,13.1,65.64,,,,,,,,,,,,,,,,,,,,,,,,,,,,,,,,,,,,
2023,8,27,9,0,19.2,12.7,65.9,,,,,,,,,,,,,,,,,,,,,,,,,,,,,,,,,,,,
2023,8,27,10,0,18.6,12.4,67.3,,,,,,,,,,,,,,,,,,,,,,,,,,,,,,,,,,,,
2023,8,27,11,0,18.3,12.3,67.85,,,,,,,,,,,,,,,,,,,,,,,,,,,,,,,,,,,,
2023,8,27,12,0,18.2,12,66.98,,,,,,,,,,,,,,,,,,,,,,,,,,,,,,,,,,,,
2023,8,27,13,0,18,12,67.85,,,,,,,,,,,,,,,,,,,,,,,,,,,,,,,,,,,,
2023,8,27,14,0,18.8,14.7,77.3,,,,,,,,,,,,,,,,,,,,,,,,,,,,,,,,,,,,
2023,8,27,15,0,20.7,13.6,63.72,,,,,,,,,,,,,,,,,,,,,,,,,,,,,,,,,,,,
2023,8,27,16,0,23,14.1,57.29,,,,,,,,,,,,,,,,,,,,,,,,,,,,,,,,,,,,
2023,8,27,17,0,25.3,14.6,51.54,,,,,,,,,,,,,,,,,,,,,,,,,,,,,,,,,,,,
2023,8,27,18,0,27.1,15.1,47.78,,,,,,,,,,,,,,,,,,,,,,,,,,,,,,,,,,,,
2023,8,27,19,0,28.4,15.5,45.63,,,,,,,,,,,,,,,,,,,,,,,,,,,,,,,,,,,,
2023,8,27,20,0,29.4,15.8,43.91,,,,,,,,,,,,,,,,,,,,,,,,,,,,,,,,,,,,
2023,8,27,21,0,30,15.9,42.53,,,,,,,,,,,,,,,,,,,,,,,,,,,,,,,,,,,,
2023,8,27,22,0,30.2,15.8,41.79,,,,,,,,,,,,,,,,,,,,,,,,,,,,,,,,,,,,
2023,8,27,23,0,29.8,15.8,42.82,,,,,,,,,,,,,,,,,,,,,,,,,,,,,,,,,,,,
2023,8,28,0,0,28.9,16,45.61,,,,,,,,,,,,,,,,,,,,,,,,,,,,,,,,,,,,
2023,8,28,1,0,27.1,17.2,54.8,,,,,,,,,,,,,,,,,,,,,,,,,,,,,,,,,,,,
2023,8,28,2,0,23.6,18.2,71.94,,,,,,,,,,,,,,,,,,,,,,,,,,,,,,,,,,,,
2023,8,28,3,0,21.3,17,76.48,,,,,,,,,,,,,,,,,,,,,,,,,,,,,,,,,,,,
2023,8,28,4,0,20.2,16.9,81.12,,,,,,,,,,,,,,,,,,,,,,,,,,,,,,,,,,,,
2023,8,28,5,0,18.9,16.8,87.68,,,,,,,,,,,,,,,,,,,,,,,,,,,,,,,,,,,,
2023,8,28,6,0,18,16.5,91.13,,,,,,,,,,,,,,,,,,,,,,,,,,,,,,,,,,,,
2023,8,28,7,0,17.4,16.3,93.34,,,,,,,,,,,,,,,,,,,,,,,,,,,,,,,,,,,,
2023,8,28,8,0,16.8,16,94.8,,,,,,,,,,,,,,,,,,,,,,,,,,,,,,,,,,,,
2023,8,28,9,0,16.2,15.5,95.9,,,,,,,,,,,,,,,,,,,,,,,,,,,,,,,,,,,,
2023,8,28,10,0,15.8,15.2,96.53,,,,,,,,,,,,,,,,,,,,,,,,,,,,,,,,,,,,
2023,8,28,11,0,15.6,14.9,95.48,,,,,,,,,,,,,,,,,,,,,,,,,,,,,,,,,,,,
2023,8,28,12,0,15.6,14.6,93.93,,,,,,,,,,,,,,,,,,,,,,,,,,,,,,,,,,,,
2023,8,28,13,0,15.6,14.4,92.71,,,,,,,,,,,,,,,,,,,,,,,,,,,,,,,,,,,,
2023,8,28,14,0,16.7,15.1,90.41,,,,,,,,,,,,,,,,,,,,,,,,,,,,,,,,,,,,
2023,8,28,15,0,18.3,15.2,82.04,,,,,,,,,,,,,,,,,,,,,,,,,,,,,,,,,,,,
2023,8,28,16,0,20,15.4,74.63,,,,,,,,,,,,,,,,,,,,,,,,,,,,,,,,,,,,
2023,8,28,17,0,21.3,15.4,69.25,,,,,,,,,,,,,,,,,,,,,,,,,,,,,,,,,,,,
2023,8,28,18,0,22.5,15.6,64.86,,,,,,,,,,,,,,,,,,,,,,,,,,,,,,,,,,,,
2023,8,28,19,0,23,15.8,63.73,,,,,,,,,,,,,,,,,,,,,,,,,,,,,,,,,,,,
2023,8,28,20,0,23.1,16.1,64.88,,,,,,,,,,,,,,,,,,,,,,,,,,,,,,,,,,,,
2023,8,28,21,0,23.5,16.3,63.88,,,,,,,,,,,,,,,,,,,,,,,,,,,,,,,,,,,,
2023,8,28,22,0,23.8,16.2,62.61,,,,,,,,,,,,,,,,,,,,,,,,,,,,,,,,,,,,
2023,8,28,23,0,23.6,16.2,63.26,,,,,,,,,,,,,,,,,,,,,,,,,,,,,,,,,,,,
2023,8,29,0,0,22.8,16.2,66.39,,,,,,,,,,,,,,,,,,,,,,,,,,,,,,,,,,,,
2023,8,29,1,0,21.3,16.3,73.24,,,,,,,,,,,,,,,,,,,,,,,,,,,,,,,,,,,,
2023,8,29,2,0,19.1,16.5,84.81,,,,,,,,,,,,,,,,,,,,,,,,,,,,,,,,,,,,
2023,8,29,3,0,17.7,16.3,91.74,,,,,,,,,,,,,,,,,,,,,,,,,,,,,,,,,,,,
2023,8,29,4,0,17.1,16.2,94.33,,,,,,,,,,,,,,,,,,,,,,,,,,,,,,,,,,,,
2023,8,29,5,0,16.8,15.9,94.72,,,,,,,,,,,,,,,,,,,,,,,,,,,,,,,,,,,,
2023,8,29,6,0,16.4,15.7,95.63,,,,,,,,,,,,,,,,,,,,,,,,,,,,,,,,,,,,
2023,8,29,7,0,16.1,15.5,96.12,,,,,,,,,,,,,,,,,,,,,,,,,,,,,,,,,,,,
2023,8,29,8,0,15.9,15.3,95.98,,,,,,,,,,,,,,,,,,,,,,,,,,,,,,,,,,,,
2023,8,29,9,0,15.6,15,96.46,,,,,,,,,,,,,,,,,,,,,,,,,,,,,,,,,,,,
2023,8,29,10,0,15.4,14.8,96.42,,,,,,,,,,,,,,,,,,,,,,,,,,,,,,,,,,,,
2023,8,29,11,0,15.2,14.7,96.7,,,,,,,,,,,,,,,,,,,,,,,,,,,,,,,,,,,,
2023,8,29,12,0,15,14.5,96.99,,,,,,,,,,,,,,,,,,,,,,,,,,,,,,,,,,,,
2023,8,29,13,0,14.9,14.4,96.77,,,,,,,,,,,,,,,,,,,,,,,,,,,,,,,,,,,,
2023,8,29,14,0,15.2,14.6,96.09,,,,,,,,,,,,,,,,,,,,,,,,,,,,,,,,,,,,
2023,8,29,15,0,16.1,15.1,93.56,,,,,,,,,,,,,,,,,,,,,,,,,,,,,,,,,,,,
2023,8,29,16,0,16.9,15.5,91.19,,,,,,,,,,,,,,,,,,,,,,,,,,,,,,,,,,,,
2023,8,29,17,0,17.7,15.5,86.73,,,,,,,,,,,,,,,,,,,,,,,,,,,,,,,,,,,,
2023,8,29,18,0,18.5,15.4,82.38,,,,,,,,,,,,,,,,,,,,,,,,,,,,,,,,,,,,
2023,8,29,19,0,19.3,15.4,77.93,,,,,,,,,,,,,,,,,,,,,,,,,,,,,,,,,,,,
2023,8,29,20,0,20.3,15.2,72.65,,,,,,,,,,,,,,,,,,,,,,,,,,,,,,,,,,,,
2023,8,29,21,0,21.4,15.2,67.96,,,,,,,,,,,,,,,,,,,,,,,,,,,,,,,,,,,,
2023,8,29,22,0,22.1,15.2,64.94,,,,,,,,,,,,,,,,,,,,,,,,,,,,,,,,,,,,
2023,8,29,23,0,22.3,15.2,64.33,,,,,,,,,,,,,,,,,,,,,,,,,,,,,,,,,,,,
2023,8,30,0,0,21.3,15.2,68.18,,,,,,,,,,,,,,,,,,,,,,,,,,,,,,,,,,,,
2023,8,30,1,0,20.2,15.2,72.86,,,,,,,,,,,,,,,,,,,,,,,,,,,,,,,,,,,,
2023,8,30,2,0,18.3,15.1,81.87,,,,,,,,,,,,,,,,,,,,,,,,,,,,,,,,,,,,
2023,8,30,3,0,16.7,14.8,88.51,,,,,,,,,,,,,,,,,,,,,,,,,,,,,,,,,,,,
2023,8,30,4,0,16.1,14.8,92.08,,,,,,,,,,,,,,,,,,,,,,,,,,,,,,,,,,,,
2023,8,30,5,0,15.3,14.6,95.48,,,,,,,,,,,,,,,,,,,,,,,,,,,,,,,,,,,,
2023,8,30,6,0,15.1,14.5,96.48,,,,,,,,,,,,,,,,,,,,,,,,,,,,,,,,,,,,
2023,8,30,7,0,15,14.4,96.43,,,,,,,,,,,,,,,,,,,,,,,,,,,,,,,,,,,,
2023,8,30,8,0,14.8,14.3,96.8,,,,,,,,,,,,,,,,,,,,,,,,,,,,,,,,,,,,
2023,8,30,9,0,14.6,14.2,97.23,,,,,,,,,,,,,,,,,,,,,,,,,,,,,,,,,,,,
2023,8,30,10,0,14.4,14,97.39,,,,,,,,,,,,,,,,,,,,,,,,,,,,,,,,,,,,
2023,8,30,11,0,14,13.6,97.74,,,,,,,,,,,,,,,,,,,,,,,,,,,,,,,,,,,,
2023,8,30,12,0,13.6,13.3,98.22,,,,,,,,,,,,,,,,,,,,,,,,,,,,,,,,,,,,
2023,8,30,13,0,13.7,13.4,98.24,,,,,,,,,,,,,,,,,,,,,,,,,,,,,,,,,,,,
2023,8,30,14,0,15,14.3,95.7,,,,,,,,,,,,,,,,,,,,,,,,,,,,,,,,,,,,
2023,8,30,15,0,16.3,15.1,92.43,,,,,,,,,,,,,,,,,,,,,,,,,,,,,,,,,,,,
2023,8,30,16,0,17.6,15,84.88,,,,,,,,,,,,,,,,,,,,,,,,,,,,,,,,,,,,
2023,8,30,17,0,18.9,14.6,76.23,,,,,,,,,,,,,,,,,,,,,,,,,,,,,,,,,,,,
2023,8,30,18,0,20.3,14.2,68.2,,,,,,,,,,,,,,,,,,,,,,,,,,,,,,,,,,,,
2023,8,30,19,0,21.2,13.9,63.15,,,,,,,,,,,,,,,,,,,,,,,,,,,,,,,,,,,,
2023,8,30,20,0,21.4,13.7,61.6,,,,,,,,,,,,,,,,,,,,,,,,,,,,,,,,,,,,
2023,8,30,21,0,21.5,13.7,61.18,,,,,,,,,,,,,,,,,,,,,,,,,,,,,,,,,,,,
2023,8,30,22,0,21.6,13.8,61.1,,,,,,,,,,,,,,,,,,,,,,,,,,,,,,,,,,,,
2023,8,30,23,0,21.3,13.9,62.75,,,,,,,,,,,,,,,,,,,,,,,,,,,,,,,,,,,,
2023,8,31,0,0,20.6,14.9,69.85,,,,,,,,,,,,,,,,,,,,,,,,,,,,,,,,,,,,
2023,8,31,1,0,19.5,15.9,79.91,,,,,,,,,,,,,,,,,,,,,,,,,,,,,,,,,,,,
2023,8,31,2,0,18.2,16,87.03,,,,,,,,,,,,,,,,,,,,,,,,,,,,,,,,,,,,
2023,8,31,3,0,17.5,15.5,88.18,,,,,,,,,,,,,,,,,,,,,,,,,,,,,,,,,,,,
2023,8,31,4,0,17.3,15.4,88.38,,,,,,,,,,,,,,,,,,,,,,,,,,,,,,,,,,,,
2023,8,31,5,0,17,15.4,90.23,,,,,,,,,,,,,,,,,,,,,,,,,,,,,,,,,,,,
2023,8,31,6,0,16.7,15.3,91.56,,,,,,,,,,,,,,,,,,,,,,,,,,,,,,,,,,,,
2023,8,31,7,0,16.4,15.1,92.31,,,,,,,,,,,,,,,,,,,,,,,,,,,,,,,,,,,,
2023,8,31,8,0,16.2,15.1,92.97,,,,,,,,,,,,,,,,,,,,,,,,,,,,,,,,,,,,
2023,8,31,9,0,15.9,14.9,93.91,,,,,,,,,,,,,,,,,,,,,,,,,,,,,,,,,,,,
2023,8,31,10,0,15.7,14.7,93.86,,,,,,,,,,,,,,,,,,,,,,,,,,,,,,,,,,,,
2023,8,31,11,0,15.6,14.5,93.37,,,,,,,,,,,,,,,,,,,,,,,,,,,,,,,,,,,,
2023,8,31,12,0,15.3,14.4,94.08,,,,,,,,,,,,,,,,,,,,,,,,,,,,,,,,,,,,
2023,8,31,13,0,15,14.2,95.13,,,,,,,,,,,,,,,,,,,,,,,,,,,,,,,,,,,,
2023,8,31,14,0,15.3,14.6,95.84,,,,,,,,,,,,,,,,,,,,,,,,,,,,,,,,,,,,
2023,8,31,15,0,16.6,15.6,93.79,,,,,,,,,,,,,,,,,,,,,,,,,,,,,,,,,,,,
2023,8,31,16,0,17.9,15.7,86.99,,,,,,,,,,,,,,,,,,,,,,,,,,,,,,,,,,,,
2023,8,31,17,0,18,15.3,84.32,,,,,,,,,,,,,,,,,,,,,,,,,,,,,,,,,,,,
2023,8,31,18,0,18.3,15.2,81.93,,,,,,,,,,,,,,,,,,,,,,,,,,,,,,,,,,,,
2023,8,31,19,0,18.7,15,79.31,,,,,,,,,,,,,,,,,,,,,,,,,,,,,,,,,,,,
2023,8,31,20,0,19.2,14.7,75.34,,,,,,,,,,,,,,,,,,,,,,,,,,,,,,,,,,,,
2023,8,31,21,0,19.9,14.3,70.34,,,,,,,,,,,,,,,,,,,,,,,,,,,,,,,,,,,,
2023,8,31,22,0,20.4,14.1,67.25,,,,,,,,,,,,,,,,,,,,,,,,,,,,,,,,,,,,
2023,8,31,23,0,20.3,14,66.92,,,,,,,,,,,,,,,,,,,,,,,,,,,,,,,,,,,,
2023,9,1,0,0,19.7,13.9,69.01,,,,,,,,,,,,,,,,,,,,,,,,,,,,,,,,,,,,
2023,9,1,1,0,18.7,14.2,74.93,,,,,,,,,,,,,,,,,,,,,,,,,,,,,,,,,,,,
2023,9,1,2,0,16.6,14.5,87.34,,,,,,,,,,,,,,,,,,,,,,,,,,,,,,,,,,,,
2023,9,1,3,0,15.2,13.8,91.09,,,,,,,,,,,,,,,,,,,,,,,,,,,,,,,,,,,,
2023,9,1,4,0,15,13.3,89.41,,,,,,,,,,,,,,,,,,,,,,,,,,,,,,,,,,,,
2023,9,1,5,0,14.6,13,89.99,,,,,,,,,,,,,,,,,,,,,,,,,,,,,,,,,,,,
2023,9,1,6,0,14.2,12.7,90.94,,,,,,,,,,,,,,,,,,,,,,,,,,,,,,,,,,,,
2023,9,1,7,0,14,12.5,90.88,,,,,,,,,,,,,,,,,,,,,,,,,,,,,,,,,,,,
2023,9,1,8,0,13.9,12.4,90.53,,,,,,,,,,,,,,,,,,,,,,,,,,,,,,,,,,,,
2023,9,1,9,0,13.8,12.3,90.42,,,,,,,,,,,,,,,,,,,,,,,,,,,,,,,,,,,,
2023,9,1,10,0,13.6,12.2,90.98,,,,,,,,,,,,,,,,,,,,,,,,,,,,,,,,,,,,
2023,9,1,11,0,13.3,12.1,92.36,,,,,,,,,,,,,,,,,,,,,,,,,,,,,,,,,,,,
2023,9,1,12,0,13.1,12.1,93.45,,,,,,,,,,,,,,,,,,,,,,,,,,,,,,,,,,,,
2023,9,1,13,0,13,12,93.95,,,,,,,,,,,,,,,,,,,,,,,,,,,,,,,,,,,,
2023,9,1,14,0,14.3,12.9,91.15,,,,,,,,,,,,,,,,,,,,,,,,,,,,,,,,,,,,
2023,9,1,15,0,16.2,13.8,85.65,,,,,,,,,,,,,,,,,,,,,,,,,,,,,,,,,,,,
2023,9,1,16,0,18.4,14.2,76.4,,,,,,,,,,,,,,,,,,,,,,,,,,,,,,,,,,,,
2023,9,1,17,0,20.2,13.8,66.72,,,,,,,,,,,,,,,,,,,,,,,,,,,,,,,,,,,,
2023,9,1,18,0,21.9,13.7,59.59,,,,,,,,,,,,,,,,,,,,,,,,,,,,,,,,,,,,
2023,9,1,19,0,22.9,13.6,55.96,,,,,,,,,,,,,,,,,,,,,,,,,,,,,,,,,,,,
2023,9,1,20,0,23.5,13.7,54.13,,,,,,,,,,,,,,,,,,,,,,,,,,,,,,,,,,,,
2023,9,1,21,0,24,13.7,52.53,,,,,,,,,,,,,,,,,,,,,,,,,,,,,,,,,,,,
2023,9,1,22,0,24.3,13.6,51.36,,,,,,,,,,,,,,,,,,,,,,,,,,,,,,,,,,,,
2023,9,1,23,0,24.2,13.6,51.55,,,,,,,,,,,,,,,,,,,,,,,,,,,,,,,,,,,,
2023,9,2,0,0,23.7,13.8,53.98,,,,,,,,,,,,,,,,,,,,,,,,,,,,,,,,,,,,
2023,9,2,1,0,22.5,15,62.46,,,,,,,,,,,,,,,,,,,,,,,,,,,,,,,,,,,,
2023,9,2,2,0,19.5,15.4,77.18,,,,,,,,,,,,,,,,,,,,,,,,,,,,,,,,,,,,
2023,9,2,3,0,17.9,14.5,80.54,,,,,,,,,,,,,,,,,,,,,,,,,,,,,,,,,,,,
2023,9,2,4,0,17.7,14.1,79.5,,,,,,,,,,,,,,,,,,,,,,,,,,,,,,,,,,,,
2023,9,2,5,0,17.3,13.8,80.16,,,,,,,,,,,,,,,,,,,,,,,,,,,,,,,,,,,,
2023,9,2,6,0,17.1,13.6,79.99,,,,,,,,,,,,,,,,,,,,,,,,,,,,,,,,,,,,
2023,9,2,7,0,17.1,13.5,79.12,,,,,,,,,,,,,,,,,,,,,,,,,,,,,,,,,,,,
2023,9,2,8,0,17.1,13.2,77.91,,,,,,,,,,,,,,,,,,,,,,,,,,,,,,,,,,,,
2023,9,2,9,0,16.8,13,78.47,,,,,,,,,,,,,,,,,,,,,,,,,,,,,,,,,,,,
2023,9,2,10,0,16.4,12.9,79.56,,,,,,,,,,,,,,,,,,,,,,,,,,,,,,,,,,,,
2023,9,2,11,0,16,12.7,80.61,,,,,,,,,,,,,,,,,,,,,,,,,,,,,,,,,,,,
2023,9,2,12,0,15.8,12.4,80.49,,,,,,,,,,,,,,,,,,,,,,,,,,,,,,,,,,,,
2023,9,2,13,0,15.8,12.3,79.96,,,,,,,,,,,,,,,,,,,,,,,,,,,,,,,,,,,,
2023,9,2,14,0,16.9,13.5,80.2,,,,,,,,,,,,,,,,,,,,,,,,,,,,,,,,,,,,
2023,9,2,15,0,18.9,13.8,72.42,,,,,,,,,,,,,,,,,,,,,,,,,,,,,,,,,,,,
2023,9,2,16,0,21.1,14.1,64.44,,,,,,,,,,,,,,,,,,,,,,,,,,,,,,,,,,,,
2023,9,2,17,0,23.3,14.4,57.25,,,,,,,,,,,,,,,,,,,,,,,,,,,,,,,,,,,,
2023,9,2,18,0,25,14.6,52.51,,,,,,,,,,,,,,,,,,,,,,,,,,,,,,,,,,,,
2023,9,2,19,0,26.2,14.8,49.57,,,,,,,,,,,,,,,,,,,,,,,,,,,,,,,,,,,,
2023,9,2,20,0,27.2,14.8,46.56,,,,,,,,,,,,,,,,,,,,,,,,,,,,,,,,,,,,
2023,9,2,21,0,27.9,14.6,44.09,,,,,,,,,,,,,,,,,,,,,,,,,,,,,,,,,,,,
2023,9,2,22,0,28.3,14.4,42.56,,,,,,,,,,,,,,,,,,,,,,,,,,,,,,,,,,,,
2023,9,2,23,0,28.3,14.4,42.6,,,,,,,,,,,,,,,,,,,,,,,,,,,,,,,,,,,,
2023,9,3,0,0,27.7,15.3,46.82,,,,,,,,,,,,,,,,,,,,,,,,,,,,,,,,,,,,
2023,9,3,1,0,26.6,16.7,54.58,,,,,,,,,,,,,,,,,,,,,,,,,,,,,,,,,,,,
2023,9,3,2,0,24.1,16.4,62.12,,,,,,,,,,,,,,,,,,,,,,,,,,,,,,,,,,,,
2023,9,3,3,0,23.5,14.7,57.9,,,,,,,,,,,,,,,,,,,,,,,,,,,,,,,,,,,,
2023,9,3,4,0,22.4,14.8,62.32,,,,,,,,,,,,,,,,,,,,,,,,,,,,,,,,,,,,
2023,9,3,5,0,20.5,15.2,71.77,,,,,,,,,,,,,,,,,,,,,,,,,,,,,,,,,,,,
2023,9,3,6,0,18.9,15.5,80.87,,,,,,,,,,,,,,,,,,,,,,,,,,,,,,,,,,,,
2023,9,3,7,0,17.9,15.7,86.8,,,,,,,,,,,,,,,,,,,,,,,,,,,,,,,,,,,,
2023,9,3,8,0,17.5,15.7,88.98,,,,,,,,,,,,,,,,,,,,,,,,,,,,,,,,,,,,
2023,9,3,9,0,17.1,15.6,90.74,,,,,,,,,,,,,,,,,,,,,,,,,,,,,,,,,,,,
2023,9,3,10,0,16.5,15.3,92.74,,,,,,,,,,,,,,,,,,,,,,,,,,,,,,,,,,,,
2023,9,3,11,0,15.9,15,94.52,,,,,,,,,,,,,,,,,,,,,,,,,,,,,,,,,,,,
2023,9,3,12,0,15.6,14.8,94.94,,,,,,,,,,,,,,,,,,,,,,,,,,,,,,,,,,,,
2023,9,3,13,0,15.4,14.7,95.36,,,,,,,,,,,,,,,,,,,,,,,,,,,,,,,,,,,,
2023,9,3,14,0,16.3,14.9,91.5,,,,,,,,,,,,,,,,,,,,,,,,,,,,,,,,,,,,
2023,9,3,15,0,17.6,15.3,86.13,,,,,,,,,,,,,,,,,,,,,,,,,,,,,,,,,,,,
2023,9,3,16,0,19.1,15.1,77.59,,,,,,,,,,,,,,,,,,,,,,,,,,,,,,,,,,,,
2023,9,3,17,0,20.5,14.6,69.13,,,,,,,,,,,,,,,,,,,,,,,,,,,,,,,,,,,,
2023,9,3,18,0,21.5,14.4,63.82,,,,,,,,,,,,,,,,,,,,,,,,,,,,,,,,,,,,
2023,9,3,19,0,22.3,14.3,60.59,,,,,,,,,,,,,,,,,,,,,,,,,,,,,,,,,,,,
2023,9,3,20,0,22.3,14.4,60.76,,,,,,,,,,,,,,,,,,,,,,,,,,,,,,,,,,,,
2023,9,3,21,0,21.4,14.5,64.85,,,,,,,,,,,,,,,,,,,,,,,,,,,,,,,,,,,,
2023,9,3,22,0,20.5,14.7,69.26,,,,,,,,,,,,,,,,,,,,,,,,,,,,,,,,,,,,
2023,9,3,23,0,19.7,14.7,73.04,,,,,,,,,,,,,,,,,,,,,,,,,,,,,,,,,,,,
2023,9,4,0,0,18.9,14.6,76.14,,,,,,,,,,,,,,,,,,,,,,,,,,,,,,,,,,,,
2023,9,4,1,0,17.9,14.5,80.29,,,,,,,,,,,,,,,,,,,,,,,,,,,,,,,,,,,,
2023,9,4,2,0,16.6,14.4,86.91,,,,,,,,,,,,,,,,,,,,,,,,,,,,,,,,,,,,
2023,9,4,3,0,15.6,14.2,91.36,,,,,,,,,,,,,,,,,,,,,,,,,,,,,,,,,,,,
2023,9,4,4,0,14.9,13.8,93.1,,,,,,,,,,,,,,,,,,,,,,,,,,,,,,,,,,,,
2023,9,4,5,0,14.2,13.3,94.16,,,,,,,,,,,,,,,,,,,,,,,,,,,,,,,,,,,,
2023,9,4,6,0,13.4,12.7,95.4,,,,,,,,,,,,,,,,,,,,,,,,,,,,,,,,,,,,
2023,9,4,7,0,12.8,12.2,95.9,,,,,,,,,,,,,,,,,,,,,,,,,,,,,,,,,,,,
2023,9,4,8,0,12.1,11.6,96.95,,,,,,,,,,,,,,,,,,,,,,,,,,,,,,,,,,,,
2023,9,4,9,0,11.5,11.1,97.41,,,,,,,,,,,,,,,,,,,,,,,,,,,,,,,,,,,,
2023,9,4,10,0,11.1,10.8,97.93,,,,,,,,,,,,,,,,,,,,,,,,,,,,,,,,,,,,
2023,9,4,11,0,10.8,10.5,98.06,,,,,,,,,,,,,,,,,,,,,,,,,,,,,,,,,,,,
2023,9,4,12,0,10.8,10.4,97.52,,,,,,,,,,,,,,,,,,,,,,,,,,,,,,,,,,,,
2023,9,4,13,0,10.7,10.3,97.64,,,,,,,,,,,,,,,,,,,,,,,,,,,,,,,,,,,,
2023,9,4,14,0,11.8,11,95.12,,,,,,,,,,,,,,,,,,,,,,,,,,,,,,,,,,,,
2023,9,4,15,0,13,11.8,92.58,,,,,,,,,,,,,,,,,,,,,,,,,,,,,,,,,,,,
2023,9,4,16,0,14.4,12,85.69,,,,,,,,,,,,,,,,,,,,,,,,,,,,,,,,,,,,
2023,9,4,17,0,16,11.7,75.58,,,,,,,,,,,,,,,,,,,,,,,,,,,,,,,,,,,,
2023,9,4,18,0,17.5,11.3,67.2,,,,,,,,,,,,,,,,,,,,,,,,,,,,,,,,,,,,
2023,9,4,19,0,18.6,11.3,62.4,,,,,,,,,,,,,,,,,,,,,,,,,,,,,,,,,,,,
2023,9,4,20,0,19.4,11.3,59.53,,,,,,,,,,,,,,,,,,,,,,,,,,,,,,,,,,,,
2023,9,4,21,0,19.8,11.4,58.33,,,,,,,,,,,,,,,,,,,,,,,,,,,,,,,,,,,,
2023,9,4,22,0,19.8,11.4,58.38,,,,,,,,,,,,,,,,,,,,,,,,,,,,,,,,,,,,
2023,9,4,23,0,19.4,11.5,60.28,,,,,,,,,,,,,,,,,,,,,,,,,,,,,,,,,,,,
2023,9,5,0,0,18.7,11.8,64.26,,,,,,,,,,,,,,,,,,,,,,,,,,,,,,,,,,,,
2023,9,5,1,0,17.8,12.4,70.83,,,,,,,,,,,,,,,,,,,,,,,,,,,,,,,,,,,,
2023,9,5,2,0,16.2,12.8,80.5,,,,,,,,,,,,,,,,,,,,,,,,,,,,,,,,,,,,
2023,9,5,3,0,15,12.8,86.45,,,,,,,,,,,,,,,,,,,,,,,,,,,,,,,,,,,,
2023,9,5,4,0,14.7,12.8,88.34,,,,,,,,,,,,,,,,,,,,,,,,,,,,,,,,,,,,
2023,9,5,5,0,14.4,12.8,90.09,,,,,,,,,,,,,,,,,,,,,,,,,,,,,,,,,,,,
2023,9,5,6,0,14.1,12.8,91.74,,,,,,,,,,,,,,,,,,,,,,,,,,,,,,,,,,,,
2023,9,5,7,0,13.6,12.7,94.35,,,,,,,,,,,,,,,,,,,,,,,,,,,,,,,,,,,,
2023,9,5,8,0,13.2,12.6,96.14,,,,,,,,,,,,,,,,,,,,,,,,,,,,,,,,,,,,
2023,9,5,9,0,13,12.4,96.29,,,,,,,,,,,,,,,,,,,,,,,,,,,,,,,,,,,,
2023,9,5,10,0,12.8,12.2,96.01,,,,,,,,,,,,,,,,,,,,,,,,,,,,,,,,,,,,
2023,9,5,11,0,12.7,12,95.52,,,,,,,,,,,,,,,,,,,,,,,,,,,,,,,,,,,,
2023,9,5,12,0,12.5,11.8,95.49,,,,,,,,,,,,,,,,,,,,,,,,,,,,,,,,,,,,
2023,9,5,13,0,12.3,11.6,95.18,,,,,,,,,,,,,,,,,,,,,,,,,,,,,,,,,,,,
2023,9,5,14,0,12.7,11.4,92.03,,,,,,,,,,,,,,,,,,,,,,,,,,,,,,,,,,,,
2023,9,5,15,0,13.6,11.3,86.21,,,,,,,,,,,,,,,,,,,,,,,,,,,,,,,,,,,,
2023,9,5,16,0,14.7,11.3,79.94,,,,,,,,,,,,,,,,,,,,,,,,,,,,,,,,,,,,
2023,9,5,17,0,16,11.2,73.27,,,,,,,,,,,,,,,,,,,,,,,,,,,,,,,,,,,,
2023,9,5,18,0,17.1,11.1,67.61,,,,,,,,,,,,,,,,,,,,,,,,,,,,,,,,,,,,
2023,9,5,19,0,18.2,10.8,61.96,,,,,,,,,,,,,,,,,,,,,,,,,,,,,,,,,,,,
2023,9,5,20,0,19.1,10.6,57.81,,,,,,,,,,,,,,,,,,,,,,,,,,,,,,,,,,,,
2023,9,5,21,0,19.8,10.5,55.05,,,,,,,,,,,,,,,,,,,,,,,,,,,,,,,,,,,,
2023,9,5,22,0,20.1,10.5,53.95,,,,,,,,,,,,,,,,,,,,,,,,,,,,,,,,,,,,
2023,9,5,23,0,19.9,10.5,54.74,,,,,,,,,,,,,,,,,,,,,,,,,,,,,,,,,,,,
2023,9,6,0,0,19.4,10.7,57.13,,,,,,,,,,,,,,,,,,,,,,,,,,,,,,,,,,,,
2023,9,6,1,0,18.4,11.8,65.27,,,,,,,,,,,,,,,,,,,,,,,,,,,,,,,,,,,,
2023,9,6,2,0,16.1,12.3,78.34,,,,,,,,,,,,,,,,,,,,,,,,,,,,,,,,,,,,
2023,9,6,3,0,15.2,11.9,80.57,,,,,,,,,,,,,,,,,,,,,,,,,,,,,,,,,,,,
2023,9,6,4,0,15,11.8,81.38,,,,,,,,,,,,,,,,,,,,,,,,,,,,,,,,,,,,
2023,9,6,5,0,14.7,12,83.6,,,,,,,,,,,,,,,,,,,,,,,,,,,,,,,,,,,,
2023,9,6,6,0,14.5,12.2,85.93,,,,,,,,,,,,,,,,,,,,,,,,,,,,,,,,,,,,
2023,9,6,7,0,14.2,12.3,88.16,,,,,,,,,,,,,,,,,,,,,,,,,,,,,,,,,,,,
2023,9,6,8,0,14,12.3,89.38,,,,,,,,,,,,,,,,,,,,,,,,,,,,,,,,,,,,
2023,9,6,9,0,13.4,12.2,92.33,,,,,,,,,,,,,,,,,,,,,,,,,,,,,,,,,,,,
2023,9,6,10,0,12.7,11.9,95.18,,,,,,,,,,,,,,,,,,,,,,,,,,,,,,,,,,,,
2023,9,6,11,0,12.3,11.8,97.07,,,,,,,,,,,,,,,,,,,,,,,,,,,,,,,,,,,,
2023,9,6,12,0,12.2,11.8,97.57,,,,,,,,,,,,,,,,,,,,,,,,,,,,,,,,,,,,
2023,9,6,13,0,12.1,11.7,97.64,,,,,,,,,,,,,,,,,,,,,,,,,,,,,,,,,,,,
2023,9,6,14,0,13.2,12.2,93.56,,,,,,,,,,,,,,,,,,,,,,,,,,,,,,,,,,,,
2023,9,6,15,0,15.2,12.3,82.78,,,,,,,,,,,,,,,,,,,,,,,,,,,,,,,,,,,,
2023,9,6,16,0,17.2,12.2,72.63,,,,,,,,,,,,,,,,,,,,,,,,,,,,,,,,,,,,
2023,9,6,17,0,18.5,12.2,66.56,,,,,,,,,,,,,,,,,,,,,,,,,,,,,,,,,,,,
2023,9,6,18,0,19.7,12.1,61.67,,,,,,,,,,,,,,,,,,,,,,,,,,,,,,,,,,,,
2023,9,6,19,0,20.7,12.1,57.85,,,,,,,,,,,,,,,,,,,,,,,,,,,,,,,,,,,,
2023,9,6,20,0,21.7,12.2,54.62,,,,,,,,,,,,,,,,,,,,,,,,,,,,,,,,,,,,
2023,9,6,21,0,22.4,12.2,52.62,,,,,,,,,,,,,,,,,,,,,,,,,,,,,,,,,,,,
2023,9,6,22,0,22.6,12.4,52.44,,,,,,,,,,,,,,,,,,,,,,,,,,,,,,,,,,,,
2023,9,6,23,0,22.2,12.6,54.41,,,,,,,,,,,,,,,,,,,,,,,,,,,,,,,,,,,,
2023,9,7,0,0,21.6,13,57.93,,,,,,,,,,,,,,,,,,,,,,,,,,,,,,,,,,,,
2023,9,7,1,0,20.4,14.3,68.05,,,,,,,,,,,,,,,,,,,,,,,,,,,,,,,,,,,,
2023,9,7,2,0,18,14.3,79.07,,,,,,,,,,,,,,,,,,,,,,,,,,,,,,,,,,,,
2023,9,7,3,0,16.9,13.7,81.62,,,,,,,,,,,,,,,,,,,,,,,,,,,,,,,,,,,,
2023,9,7,4,0,16.4,13.7,83.8,,,,,,,,,,,,,,,,,,,,,,,,,,,,,,,,,,,,
2023,9,7,5,0,15.8,13.6,86.83,,,,,,,,,,,,,,,,,,,,,,,,,,,,,,,,,,,,
2023,9,7,6,0,15.2,13.5,89.45,,,,,,,,,,,,,,,,,,,,,,,,,,,,,,,,,,,,
2023,9,7,7,0,14.8,13.3,90.72,,,,,,,,,,,,,,,,,,,,,,,,,,,,,,,,,,,,
2023,9,7,8,0,14.3,13.1,92.47,,,,,,,,,,,,,,,,,,,,,,,,,,,,,,,,,,,,
2023,9,7,9,0,14.1,13,93.14,,,,,,,,,,,,,,,,,,,,,,,,,,,,,,,,,,,,
2023,9,7,10,0,13.9,13,94.16,,,,,,,,,,,,,,,,,,,,,,,,,,,,,,,,,,,,
2023,9,7,11,0,13.8,13,95.07,,,,,,,,,,,,,,,,,,,,,,,,,,,,,,,,,,,,
2023,9,7,12,0,13.6,13,96.19,,,,,,,,,,,,,,,,,,,,,,,,,,,,,,,,,,,,
2023,9,7,13,0,13.5,12.9,96.14,,,,,,,,,,,,,,,,,,,,,,,,,,,,,,,,,,,,
2023,9,7,14,0,14.1,13.3,94.79,,,,,,,,,,,,,,,,,,,,,,,,,,,,,,,,,,,,
2023,9,7,15,0,15.8,13.8,87.69,,,,,,,,,,,,,,,,,,,,,,,,,,,,,,,,,,,,
2023,9,7,16,0,17.3,13.8,80.17,,,,,,,,,,,,,,,,,,,,,,,,,,,,,,,,,,,,
2023,9,7,17,0,18.5,13.2,71.17,,,,,,,,,,,,,,,,,,,,,,,,,,,,,,,,,,,,
2023,9,7,18,0,19,12.3,65.01,,,,,,,,,,,,,,,,,,,,,,,,,,,,,,,,,,,,
2023,9,7,19,0,20.1,12,59.78,,,,,,,,,,,,,,,,,,,,,,,,,,,,,,,,,,,,
2023,9,7,20,0,20.7,11.7,56.5,,,,,,,,,,,,,,,,,,,,,,,,,,,,,,,,,,,,
2023,9,7,21,0,20.9,11.6,55.13,,,,,,,,,,,,,,,,,,,,,,,,,,,,,,,,,,,,
2023,9,7,22,0,20.6,11.5,56,,,,,,,,,,,,,,,,,,,,,,,,,,,,,,,,,,,,
2023,9,7,23,0,20,11.7,58.95,,,,,,,,,,,,,,,,,,,,,,,,,,,,,,,,,,,,
2023,9,8,0,0,19.7,12.6,63.51,,,,,,,,,,,,,,,,,,,,,,,,,,,,,,,,,,,,
2023,9,8,1,0,18.8,13.4,70.63,,,,,,,,,,,,,,,,,,,,,,,,,,,,,,,,,,,,
2023,9,8,2,0,17.4,12.5,72.8,,,,,,,,,,,,,,,,,,,,,,,,,,,,,,,,,,,,
2023,9,8,3,0,16.3,12,75.64,,,,,,,,,,,,,,,,,,,,,,,,,,,,,,,,,,,,
2023,9,8,4,0,15.6,11.8,78.24,,,,,,,,,,,,,,,,,,,,,,,,,,,,,,,,,,,,
2023,9,8,5,0,15,11.8,81.14,,,,,,,,,,,,,,,,,,,,,,,,,,,,,,,,,,,,
2023,9,8,6,0,14.4,11.8,84.53,,,,,,,,,,,,,,,,,,,,,,,,,,,,,,,,,,,,
2023,9,8,7,0,13.9,11.9,87.49,,,,,,,,,,,,,,,,,,,,,,,,,,,,,,,,,,,,
2023,9,8,8,0,13.5,11.9,90.12,,,,,,,,,,,,,,,,,,,,,,,,,,,,,,,,,,,,
2023,9,8,9,0,13.2,11.9,91.68,,,,,,,,,,,,,,,,,,,,,,,,,,,,,,,,,,,,
2023,9,8,10,0,13,11.8,92.46,,,,,,,,,,,,,,,,,,,,,,,,,,,,,,,,,,,,
2023,9,8,11,0,12.7,11.7,93.92,,,,,,,,,,,,,,,,,,,,,,,,,,,,,,,,,,,,
2023,9,8,12,0,12.5,11.6,94.2,,,,,,,,,,,,,,,,,,,,,,,,,,,,,,,,,,,,
2023,9,8,13,0,12.4,11.4,93.62,,,,,,,,,,,,,,,,,,,,,,,,,,,,,,,,,,,,
2023,9,8,14,0,13.3,12.6,95.3,,,,,,,,,,,,,,,,,,,,,,,,,,,,,,,,,,,,
2023,9,8,15,0,15.6,12,79.26,,,,,,,,,,,,,,,,,,,,,,,,,,,,,,,,,,,,
2023,9,8,16,0,17.6,11.7,68.48,,,,,,,,,,,,,,,,,,,,,,,,,,,,,,,,,,,,
2023,9,8,17,0,19.2,11.6,61.38,,,,,,,,,,,,,,,,,,,,,,,,,,,,,,,,,,,,
2023,9,8,18,0,20.4,11.6,57.11,,,,,,,,,,,,,,,,,,,,,,,,,,,,,,,,,,,,
2023,9,8,19,0,21.3,11.7,54.19,,,,,,,,,,,,,,,,,,,,,,,,,,,,,,,,,,,,
2023,9,8,20,0,22,11.8,52.31,,,,,,,,,,,,,,,,,,,,,,,,,,,,,,,,,,,,
2023,9,8,21,0,22.5,11.8,50.9,,,,,,,,,,,,,,,,,,,,,,,,,,,,,,,,,,,,
2023,9,8,22,0,22.6,11.6,49.8,,,,,,,,,,,,,,,,,,,,,,,,,,,,,,,,,,,,
2023,9,8,23,0,22.4,11.3,49.6,,,,,,,,,,,,,,,,,,,,,,,,,,,,,,,,,,,,
2023,9,9,0,0,21.7,11.4,51.8,,,,,,,,,,,,,,,,,,,,,,,,,,,,,,,,,,,,
2023,9,9,1,0,19.9,13,64.46,,,,,,,,,,,,,,,,,,,,,,,,,,,,,,,,,,,,
2023,9,9,2,0,16.5,12.9,79.39,,,,,,,,,,,,,,,,,,,,,,,,,,,,,,,,,,,,
2023,9,9,3,0,15.1,12.1,82.48,,,,,,,,,,,,,,,,,,,,,,,,,,,,,,,,,,,,
2023,9,9,4,0,14.5,12,84.95,,,,,,,,,,,,,,,,,,,,,,,,,,,,,,,,,,,,
2023,9,9,5,0,14.1,11.9,86.63,,,,,,,,,,,,,,,,,,,,,,,,,,,,,,,,,,,,
2023,9,9,6,0,13.8,11.8,87.7,,,,,,,,,,,,,,,,,,,,,,,,,,,,,,,,,,,,
2023,9,9,7,0,13.5,11.7,88.64,,,,,,,,,,,,,,,,,,,,,,,,,,,,,,,,,,,,
2023,9,9,8,0,13.4,11.4,87.55,,,,,,,,,,,,,,,,,,,,,,,,,,,,,,,,,,,,
2023,9,9,9,0,13.4,11,85.65,,,,,,,,,,,,,,,,,,,,,,,,,,,,,,,,,,,,
2023,9,9,10,0,13,10.7,85.89,,,,,,,,,,,,,,,,,,,,,,,,,,,,,,,,,,,,
2023,9,9,11,0,12.5,10.3,86.35,,,,,,,,,,,,,,,,,,,,,,,,,,,,,,,,,,,,
2023,9,9,12,0,12.2,9.9,85.66,,,,,,,,,,,,,,,,,,,,,,,,,,,,,,,,,,,,
2023,9,9,13,0,11.9,9.5,85.34,,,,,,,,,,,,,,,,,,,,,,,,,,,,,,,,,,,,
2023,9,9,14,0,13,10.2,82.9,,,,,,,,,,,,,,,,,,,,,,,,,,,,,,,,,,,,
2023,9,9,15,0,16,10.9,71.58,,,,,,,,,,,,,,,,,,,,,,,,,,,,,,,,,,,,
2023,9,9,16,0,18.6,11.5,63.38,,,,,,,,,,,,,,,,,,,,,,,,,,,,,,,,,,,,
2023,9,9,17,0,21.3,11.8,54.48,,,,,,,,,,,,,,,,,,,,,,,,,,,,,,,,,,,,
2023,9,9,18,0,23.6,11.7,47.33,,,,,,,,,,,,,,,,,,,,,,,,,,,,,,,,,,,,
2023,9,9,19,0,25.1,11.6,42.98,,,,,,,,,,,,,,,,,,,,,,,,,,,,,,,,,,,,
2023,9,9,20,0,26.2,11.7,40.48,,,,,,,,,,,,,,,,,,,,,,,,,,,,,,,,,,,,
2023,9,9,21,0,26.9,11.8,39.17,,,,,,,,,,,,,,,,,,,,,,,,,,,,,,,,,,,,
2023,9,9,22,0,27.2,12,39.01,,,,,,,,,,,,,,,,,,,,,,,,,,,,,,,,,,,,
2023,9,9,23,0,26.9,12.1,39.84,,,,,,,,,,,,,,,,,,,,,,,,,,,,,,,,,,,,
2023,9,10,0,0,26.2,13.1,44.2,,,,,,,,,,,,,,,,,,,,,,,,,,,,,,,,,,,,
2023,9,10,1,0,23.9,15.5,59.51,,,,,,,,,,,,,,,,,,,,,,,,,,,,,,,,,,,,
2023,9,10,2,0,20.1,14.2,68.8,,,,,,,,,,,,,,,,,,,,,,,,,,,,,,,,,,,,
2023,9,10,3,0,19,13.4,69.89,,,,,,,,,,,,,,,,,,,,,,,,,,,,,,,,,,,,
2023,9,10,4,0,18.7,13.2,70.38,,,,,,,,,,,,,,,,,,,,,,,,,,,,,,,,,,,,
2023,9,10,5,0,18.1,13.1,72.4,,,,,,,,,,,,,,,,,,,,,,,,,,,,,,,,,,,,
2023,9,10,6,0,17.6,12.9,73.77,,,,,,,,,,,,,,,,,,,,,,,,,,,,,,,,,,,,
2023,9,10,7,0,17.1,12.6,74.93,,,,,,,,,,,,,,,,,,,,,,,,,,,,,,,,,,,,
2023,9,10,8,0,16.9,12.3,74.35,,,,,,,,,,,,,,,,,,,,,,,,,,,,,,,,,,,,
2023,9,10,9,0,16.4,12,75.19,,,,,,,,,,,,,,,,,,,,,,,,,,,,,,,,,,,,
2023,9,10,10,0,15.8,11.7,76.8,,,,,,,,,,,,,,,,,,,,,,,,,,,,,,,,,,,,
2023,9,10,11,0,15.3,11.5,78.08,,,,,,,,,,,,,,,,,,,,,,,,,,,,,,,,,,,,
2023,9,10,12,0,14.9,11.4,79.35,,,,,,,,,,,,,,,,,,,,,,,,,,,,,,,,,,,,
2023,9,10,13,0,14.6,11.3,80.48,,,,,,,,,,,,,,,,,,,,,,,,,,,,,,,,,,,,
2023,9,10,14,0,15.4,12.5,82.63,,,,,,,,,,,,,,,,,,,,,,,,,,,,,,,,,,,,
2023,9,10,15,0,18.5,13.1,70.58,,,,,,,,,,,,,,,,,,,,,,,,,,,,,,,,,,,,
2023,9,10,16,0,20.9,12.9,60.4,,,,,,,,,,,,,,,,,,,,,,,,,,,,,,,,,,,,
2023,9,10,17,0,23.1,12.9,52.58,,,,,,,,,,,,,,,,,,,,,,,,,,,,,,,,,,,,
2023,9,10,18,0,23.9,12.8,49.9,,,,,,,,,,,,,,,,,,,,,,,,,,,,,,,,,,,,
2023,9,10,19,0,24.1,12.8,49.37,,,,,,,,,,,,,,,,,,,,,,,,,,,,,,,,,,,,
2023,9,10,20,0,24.6,12.8,47.95,,,,,,,,,,,,,,,,,,,,,,,,,,,,,,,,,,,,
2023,9,10,21,0,25.4,12.8,45.55,,,,,,,,,,,,,,,,,,,,,,,,,,,,,,,,,,,,
2023,9,10,22,0,25.7,12.6,44.14,,,,,,,,,,,,,,,,,,,,,,,,,,,,,,,,,,,,
2023,9,10,23,0,25.3,12.4,44.74,,,,,,,,,,,,,,,,,,,,,,,,,,,,,,,,,,,,
2023,9,11,0,0,24.1,12.7,48.97,,,,,,,,,,,,,,,,,,,,,,,,,,,,,,,,,,,,
2023,9,11,1,0,21.5,13.8,61.72,,,,,,,,,,,,,,,,,,,,,,,,,,,,,,,,,,,,
2023,9,11,2,0,19.2,13.5,69.41,,,,,,,,,,,,,,,,,,,,,,,,,,,,,,,,,,,,
2023,9,11,3,0,18.1,13.1,72.82,,,,,,,,,,,,,,,,,,,,,,,,,,,,,,,,,,,,
2023,9,11,4,0,17.3,13.1,76.59,,,,,,,,,,,,,,,,,,,,,,,,,,,,,,,,,,,,
2023,9,11,5,0,16.6,13.3,80.82,,,,,,,,,,,,,,,,,,,,,,,,,,,,,,,,,,,,
2023,9,11,6,0,16.2,13.3,83.11,,,,,,,,,,,,,,,,,,,,,,,,,,,,,,,,,,,,
2023,9,11,7,0,16,13.4,84.77,,,,,,,,,,,,,,,,,,,,,,,,,,,,,,,,,,,,
2023,9,11,8,0,15.6,13.6,87.91,,,,,,,,,,,,,,,,,,,,,,,,,,,,,,,,,,,,
2023,9,11,9,0,15.3,13.7,90.26,,,,,,,,,,,,,,,,,,,,,,,,,,,,,,,,,,,,
2023,9,11,10,0,15,13.8,92.4,,,,,,,,,,,,,,,,,,,,,,,,,,,,,,,,,,,,
2023,9,11,11,0,14.7,13.8,94.2,,,,,,,,,,,,,,,,,,,,,,,,,,,,,,,,,,,,
2023,9,11,12,0,14.7,13.8,94.25,,,,,,,,,,,,,,,,,,,,,,,,,,,,,,,,,,,,
2023,9,11,13,0,14.8,13.8,93.55,,,,,,,,,,,,,,,,,,,,,,,,,,,,,,,,,,,,
2023,9,11,14,0,15.6,14.3,91.86,,,,,,,,,,,,,,,,,,,,,,,,,,,,,,,,,,,,
2023,9,11,15,0,16.9,14.8,87.45,,,,,,,,,,,,,,,,,,,,,,,,,,,,,,,,,,,,
2023,9,11,16,0,17.8,14.5,81,,,,,,,,,,,,,,,,,,,,,,,,,,,,,,,,,,,,
2023,9,11,17,0,18.5,14.6,78.16,,,,,,,,,,,,,,,,,,,,,,,,,,,,,,,,,,,,
2023,9,11,18,0,19.1,14.7,75.73,,,,,,,,,,,,,,,,,,,,,,,,,,,,,,,,,,,,
2023,9,11,19,0,20,14.8,72.07,,,,,,,,,,,,,,,,,,,,,,,,,,,,,,,,,,,,
2023,9,11,20,0,21,14.8,67.9,,,,,,,,,,,,,,,,,,,,,,,,,,,,,,,,,,,,
2023,9,11,21,0,21.8,14.9,64.71,,,,,,,,,,,,,,,,,,,,,,,,,,,,,,,,,,,,
2023,9,11,22,0,22.2,14.8,62.75,,,,,,,,,,,,,,,,,,,,,,,,,,,,,,,,,,,,
2023,9,11,23,0,22,14.6,63.01,,,,,,,,,,,,,,,,,,,,,,,,,,,,,,,,,,,,
2023,9,12,0,0,21.5,14.6,64.69,,,,,,,,,,,,,,,,,,,,,,,,,,,,,,,,,,,,
2023,9,12,1,0,20.3,15.2,72.75,,,,,,,,,,,,,,,,,,,,,,,,,,,,,,,,,,,,
2023,9,12,2,0,17.9,15.1,83.48,,,,,,,,,,,,,,,,,,,,,,,,,,,,,,,,,,,,
2023,9,12,3,0,17,14.5,85.21,,,,,,,,,,,,,,,,,,,,,,,,,,,,,,,,,,,,
2023,9,12,4,0,16.7,14,84.15,,,,,,,,,,,,,,,,,,,,,,,,,,,,,,,,,,,,
2023,9,12,5,0,16.2,13.5,84.08,,,,,,,,,,,,,,,,,,,,,,,,,,,,,,,,,,,,
2023,9,12,6,0,15.7,13.3,85.44,,,,,,,,,,,,,,,,,,,,,,,,,,,,,,,,,,,,
2023,9,12,7,0,15.2,13.1,87.54,,,,,,,,,,,,,,,,,,,,,,,,,,,,,,,,,,,,
2023,9,12,8,0,14.7,13,89.54,,,,,,,,,,,,,,,,,,,,,,,,,,,,,,,,,,,,
2023,9,12,9,0,14.2,12.8,91.05,,,,,,,,,,,,,,,,,,,,,,,,,,,,,,,,,,,,
2023,9,12,10,0,13.5,12.3,92.69,,,,,,,,,,,,,,,,,,,,,,,,,,,,,,,,,,,,
2023,9,12,11,0,12.9,12,94.29,,,,,,,,,,,,,,,,,,,,,,,,,,,,,,,,,,,,
2023,9,12,12,0,12.8,11.7,93.19,,,,,,,,,,,,,,,,,,,,,,,,,,,,,,,,,,,,
2023,9,12,13,0,12.9,11.4,90.6,,,,,,,,,,,,,,,,,,,,,,,,,,,,,,,,,,,,
2023,9,12,14,0,13.6,11.3,85.73,,,,,,,,,,,,,,,,,,,,,,,,,,,,,,,,,,,,
2023,9,12,15,0,14.9,11.1,78.04,,,,,,,,,,,,,,,,,,,,,,,,,,,,,,,,,,,,
2023,9,12,16,0,16.6,10.3,66.16,,,,,,,,,,,,,,,,,,,,,,,,,,,,,,,,,,,,
2023,9,12,17,0,18.2,9.9,58.47,,,,,,,,,,,,,,,,,,,,,,,,,,,,,,,,,,,,
2023,9,12,18,0,19.4,10.6,56.65,,,,,,,,,,,,,,,,,,,,,,,,,,,,,,,,,,,,
2023,9,12,19,0,20.3,11.3,56.38,,,,,,,,,,,,,,,,,,,,,,,,,,,,,,,,,,,,
2023,9,12,20,0,20.9,12,56.85,,,,,,,,,,,,,,,,,,,,,,,,,,,,,,,,,,,,
2023,9,12,21,0,21.1,12.6,58.37,,,,,,,,,,,,,,,,,,,,,,,,,,,,,,,,,,,,
2023,9,12,22,0,21,13.1,60.61,,,,,,,,,,,,,,,,,,,,,,,,,,,,,,,,,,,,
2023,9,12,23,0,20.6,13.5,63.88,,,,,,,,,,,,,,,,,,,,,,,,,,,,,,,,,,,,
2023,9,13,0,0,20.1,14,67.82,,,,,,,,,,,,,,,,,,,,,,,,,,,,,,,,,,,,
2023,9,13,1,0,19,14.6,75.51,,,,,,,,,,,,,,,,,,,,,,,,,,,,,,,,,,,,
2023,9,13,2,0,17,15,87.96,,,,,,,,,,,,,,,,,,,,,,,,,,,,,,,,,,,,
2023,9,13,3,0,16.3,14.6,89.89,,,,,,,,,,,,,,,,,,,,,,,,,,,,,,,,,,,,
2023,9,13,4,0,16.1,14.5,90.5,,,,,,,,,,,,,,,,,,,,,,,,,,,,,,,,,,,,
2023,9,13,5,0,15.9,14.4,91.03,,,,,,,,,,,,,,,,,,,,,,,,,,,,,,,,,,,,
2023,9,13,6,0,15.4,14.3,93.23,,,,,,,,,,,,,,,,,,,,,,,,,,,,,,,,,,,,
2023,9,13,7,0,14.9,14.2,95.38,,,,,,,,,,,,,,,,,,,,,,,,,,,,,,,,,,,,
2023,9,13,8,0,14.5,14,96.88,,,,,,,,,,,,,,,,,,,,,,,,,,,,,,,,,,,,
2023,9,13,9,0,14.2,13.8,97.71,,,,,,,,,,,,,,,,,,,,,,,,,,,,,,,,,,,,
2023,9,13,10,0,13.9,13.6,98.04,,,,,,,,,,,,,,,,,,,,,,,,,,,,,,,,,,,,
2023,9,13,11,0,13.6,13.3,98.29,,,,,,,,,,,,,,,,,,,,,,,,,,,,,,,,,,,,
2023,9,13,12,0,13.3,13.1,98.46,,,,,,,,,,,,,,,,,,,,,,,,,,,,,,,,,,,,
2023,9,13,13,0,13,12.8,98.64,,,,,,,,,,,,,,,,,,,,,,,,,,,,,,,,,,,,
2023,9,13,14,0,14,13.3,95.38,,,,,,,,,,,,,,,,,,,,,,,,,,,,,,,,,,,,
2023,9,13,15,0,15.5,13.9,90.26,,,,,,,,,,,,,,,,,,,,,,,,,,,,,,,,,,,,
2023,9,13,16,0,17.2,14.2,82.73,,,,,,,,,,,,,,,,,,,,,,,,,,,,,,,,,,,,
2023,9,13,17,0,19.1,13.9,71.9,,,,,,,,,,,,,,,,,,,,,,,,,,,,,,,,,,,,
2023,9,13,18,0,20.5,13.5,64.24,,,,,,,,,,,,,,,,,,,,,,,,,,,,,,,,,,,,
2023,9,13,19,0,21.5,13.4,59.96,,,,,,,,,,,,,,,,,,,,,,,,,,,,,,,,,,,,
2023,9,13,20,0,22.1,13.4,57.69,,,,,,,,,,,,,,,,,,,,,,,,,,,,,,,,,,,,
2023,9,13,21,0,22.4,13.4,56.7,,,,,,,,,,,,,,,,,,,,,,,,,,,,,,,,,,,,
2023,9,13,22,0,22.6,13.3,55.68,,,,,,,,,,,,,,,,,,,,,,,,,,,,,,,,,,,,
2023,9,13,23,0,22.2,13.2,56.53,,,,,,,,,,,,,,,,,,,,,,,,,,,,,,,,,,,,
2023,9,14,0,0,21.5,13.2,59.02,,,,,,,,,,,,,,,,,,,,,,,,,,,,,,,,,,,,
2023,9,14,1,0,19.9,13.9,68.21,,,,,,,,,,,,,,,,,,,,,,,,,,,,,,,,,,,,
2023,9,14,2,0,16.4,14,85.65,,,,,,,,,,,,,,,,,,,,,,,,,,,,,,,,,,,,
2023,9,14,3,0,15.2,13.6,90.08,,,,,,,,,,,,,,,,,,,,,,,,,,,,,,,,,,,,
2023,9,14,4,0,14.6,13.4,92.43,,,,,,,,,,,,,,,,,,,,,,,,,,,,,,,,,,,,
2023,9,14,5,0,14.1,13.2,94.45,,,,,,,,,,,,,,,,,,,,,,,,,,,,,,,,,,,,
2023,9,14,6,0,13.7,13.1,96.06,,,,,,,,,,,,,,,,,,,,,,,,,,,,,,,,,,,,
2023,9,14,7,0,13.4,12.9,97.09,,,,,,,,,,,,,,,,,,,,,,,,,,,,,,,,,,,,
2023,9,14,8,0,13.1,12.8,97.85,,,,,,,,,,,,,,,,,,,,,,,,,,,,,,,,,,,,
2023,9,14,9,0,12.9,12.6,98.09,,,,,,,,,,,,,,,,,,,,,,,,,,,,,,,,,,,,
2023,9,14,10,0,12.6,12.4,98.58,,,,,,,,,,,,,,,,,,,,,,,,,,,,,,,,,,,,
2023,9,14,11,0,12.4,12.1,98.02,,,,,,,,,,,,,,,,,,,,,,,,,,,,,,,,,,,,
2023,9,14,12,0,12.1,11.7,97.25,,,,,,,,,,,,,,,,,,,,,,,,,,,,,,,,,,,,
2023,9,14,13,0,11.8,11.2,96.05,,,,,,,,,,,,,,,,,,,,,,,,,,,,,,,,,,,,
2023,9,14,14,0,12.6,11.1,90.84,,,,,,,,,,,,,,,,,,,,,,,,,,,,,,,,,,,,
2023,9,14,15,0,15.3,11.7,79.09,,,,,,,,,,,,,,,,,,,,,,,,,,,,,,,,,,,,
2023,9,14,16,0,17.4,11.7,69.29,,,,,,,,,,,,,,,,,,,,,,,,,,,,,,,,,,,,
2023,9,14,17,0,19.5,11.6,60.14,,,,,,,,,,,,,,,,,,,,,,,,,,,,,,,,,,,,
2023,9,14,18,0,21.5,11.4,52.63,,,,,,,,,,,,,,,,,,,,,,,,,,,,,,,,,,,,
2023,9,14,19,0,23.1,11.1,46.83,,,,,,,,,,,,,,,,,,,,,,,,,,,,,,,,,,,,
2023,9,14,20,0,24.4,10.9,42.62,,,,,,,,,,,,,,,,,,,,,,,,,,,,,,,,,,,,
2023,9,14,21,0,25.1,10.9,40.81,,,,,,,,,,,,,,,,,,,,,,,,,,,,,,,,,,,,
2023,9,14,22,0,25.5,10.8,39.58,,,,,,,,,,,,,,,,,,,,,,,,,,,,,,,,,,,,
2023,9,14,23,0,25.2,10.8,40.41,,,,,,,,,,,,,,,,,,,,,,,,,,,,,,,,,,,,
2023,9,15,0,0,24.4,11.4,44.18,,,,,,,,,,,,,,,,,,,,,,,,,,,,,,,,,,,,
2023,9,15,1,0,21.5,13.6,60.78,,,,,,,,,,,,,,,,,,,,,,,,,,,,,,,,,,,,
2023,9,15,2,0,17.7,13.2,74.9,,,,,,,,,,,,,,,,,,,,,,,,,,,,,,,,,,,,
2023,9,15,3,0,16,13,82.62,,,,,,,,,,,,,,,,,,,,,,,,,,,,,,,,,,,,
2023,9,15,4,0,15.7,12.7,82.09,,,,,,,,,,,,,,,,,,,,,,,,,,,,,,,,,,,,
2023,9,15,5,0,15.8,12,78.21,,,,,,,,,,,,,,,,,,,,,,,,,,,,,,,,,,,,
2023,9,15,6,0,15.5,11.4,76.58,,,,,,,,,,,,,,,,,,,,,,,,,,,,,,,,,,,,
2023,9,15,7,0,14.8,11,77.75,,,,,,,,,,,,,,,,,,,,,,,,,,,,,,,,,,,,
2023,9,15,8,0,14,10.4,79.17,,,,,,,,,,,,,,,,,,,,,,,,,,,,,,,,,,,,
2023,9,15,9,0,13.7,9.9,77.65,,,,,,,,,,,,,,,,,,,,,,,,,,,,,,,,,,,,
2023,9,15,10,0,13.5,9.5,76.87,,,,,,,,,,,,,,,,,,,,,,,,,,,,,,,,,,,,
2023,9,15,11,0,13.5,9.2,75.31,,,,,,,,,,,,,,,,,,,,,,,,,,,,,,,,,,,,
2023,9,15,12,0,13.3,9,74.99,,,,,,,,,,,,,,,,,,,,,,,,,,,,,,,,,,,,
2023,9,15,13,0,13.1,8.7,74.78,,,,,,,,,,,,,,,,,,,,,,,,,,,,,,,,,,,,
2023,9,15,14,0,14.1,9.3,72.86,,,,,,,,,,,,,,,,,,,,,,,,,,,,,,,,,,,,
2023,9,15,15,0,17.5,10.5,63.59,,,,,,,,,,,,,,,,,,,,,,,,,,,,,,,,,,,,
2023,9,15,16,0,20.2,10.5,53.78,,,,,,,,,,,,,,,,,,,,,,,,,,,,,,,,,,,,
2023,9,15,17,0,23.5,10,42.37,,,,,,,,,,,,,,,,,,,,,,,,,,,,,,,,,,,,
2023,9,15,18,0,25.8,9.4,35.59,,,,,,,,,,,,,,,,,,,,,,,,,,,,,,,,,,,,
2023,9,15,19,0,27.2,9.3,32.48,,,,,,,,,,,,,,,,,,,,,,,,,,,,,,,,,,,,
2023,9,15,20,0,28.1,9.3,30.78,,,,,,,,,,,,,,,,,,,,,,,,,,,,,,,,,,,,
2023,9,15,21,0,28.6,9.4,30.18,,,,,,,,,,,,,,,,,,,,,,,,,,,,,,,,,,,,
2023,9,15,22,0,28.7,9.7,30.64,,,,,,,,,,,,,,,,,,,,,,,,,,,,,,,,,,,,
2023,9,15,23,0,28.3,10,32.03,,,,,,,,,,,,,,,,,,,,,,,,,,,,,,,,,,,,
2023,9,16,0,0,27.8,11,35.22,,,,,,,,,,,,,,,,,,,,,,,,,,,,,,,,,,,,
2023,9,16,1,0,24.6,13.7,50.83,,,,,,,,,,,,,,,,,,,,,,,,,,,,,,,,,,,,
2023,9,16,2,0,21.6,11.9,54.01,,,,,,,,,,,,,,,,,,,,,,,,,,,,,,,,,,,,
2023,9,16,3,0,20.7,11.3,54.8,,,,,,,,,,,,,,,,,,,,,,,,,,,,,,,,,,,,
2023,9,16,4,0,19.8,11.1,57.18,,,,,,,,,,,,,,,,,,,,,,,,,,,,,,,,,,,,
2023,9,16,5,0,18.9,10.8,59.49,,,,,,,,,,,,,,,,,,,,,,,,,,,,,,,,,,,,
2023,9,16,6,0,18.1,10.6,61.38,,,,,,,,,,,,,,,,,,,,,,,,,,,,,,,,,,,,
2023,9,16,7,0,17.4,10.3,62.91,,,,,,,,,,,,,,,,,,,,,,,,,,,,,,,,,,,,
2023,9,16,8,0,16.6,9.9,64.62,,,,,,,,,,,,,,,,,,,,,,,,,,,,,,,,,,,,
2023,9,16,9,0,15.7,9.6,66.85,,,,,,,,,,,,,,,,,,,,,,,,,,,,,,,,,,,,
2023,9,16,10,0,14.8,9.1,68.75,,,,,,,,,,,,,,,,,,,,,,,,,,,,,,,,,,,,
2023,9,16,11,0,14.3,8.5,68.29,,,,,,,,,,,,,,,,,,,,,,,,,,,,,,,,,,,,
2023,9,16,12,0,13.9,8,67.63,,,,,,,,,,,,,,,,,,,,,,,,,,,,,,,,,,,,
2023,9,16,13,0,13.6,7.7,67.49,,,,,,,,,,,,,,,,,,,,,,,,,,,,,,,,,,,,
2023,9,16,14,0,14,8.3,68.66,,,,,,,,,,,,,,,,,,,,,,,,,,,,,,,,,,,,
2023,9,16,15,0,16.5,10.7,68.72,,,,,,,,,,,,,,,,,,,,,,,,,,,,,,,,,,,,
2023,9,16,16,0,19.1,9.7,54.55,,,,,,,,,,,,,,,,,,,,,,,,,,,,,,,,,,,,
2023,9,16,17,0,21.4,10.3,49.25,,,,,,,,,,,,,,,,,,,,,,,,,,,,,,,,,,,,
2023,9,16,18,0,23.6,10.9,44.75,,,,,,,,,,,,,,,,,,,,,,,,,,,,,,,,,,,,
2023,9,16,19,0,24.9,11.3,42.52,,,,,,,,,,,,,,,,,,,,,,,,,,,,,,,,,,,,
2023,9,16,20,0,25.8,11.5,40.98,,,,,,,,,,,,,,,,,,,,,,,,,,,,,,,,,,,,
2023,9,16,21,0,26.2,11.6,40.06,,,,,,,,,,,,,,,,,,,,,,,,,,,,,,,,,,,,
2023,9,16,22,0,26.2,11.4,39.63,,,,,,,,,,,,,,,,,,,,,,,,,,,,,,,,,,,,
2023,9,16,23,0,25.4,11.4,41.65,,,,,,,,,,,,,,,,,,,,,,,,,,,,,,,,,,,,
2023,9,17,0,0,24.2,12.4,47.58,,,,,,,,,,,,,,,,,,,,,,,,,,,,,,,,,,,,
2023,9,17,1,0,21.2,13.9,63.13,,,,,,,,,,,,,,,,,,,,,,,,,,,,,,,,,,,,
2023,9,17,2,0,18.1,12.6,70.18,,,,,,,,,,,,,,,,,,,,,,,,,,,,,,,,,,,,
2023,9,17,3,0,17.1,12.1,72.59,,,,,,,,,,,,,,,,,,,,,,,,,,,,,,,,,,,,
2023,9,17,4,0,16.1,12.1,76.93,,,,,,,,,,,,,,,,,,,,,,,,,,,,,,,,,,,,
2023,9,17,5,0,15.2,12,81.3,,,,,,,,,,,,,,,,,,,,,,,,,,,,,,,,,,,,
2023,9,17,6,0,13.8,11.8,87.78,,,,,,,,,,,,,,,,,,,,,,,,,,,,,,,,,,,,
2023,9,17,7,0,12.8,11.7,92.85,,,,,,,,,,,,,,,,,,,,,,,,,,,,,,,,,,,,
2023,9,17,8,0,12.5,11.6,94.08,,,,,,,,,,,,,,,,,,,,,,,,,,,,,,,,,,,,
2023,9,17,9,0,12.3,11.3,93.46,,,,,,,,,,,,,,,,,,,,,,,,,,,,,,,,,,,,
2023,9,17,10,0,12.1,10.9,92.62,,,,,,,,,,,,,,,,,,,,,,,,,,,,,,,,,,,,
2023,9,17,11,0,12,10.5,90.74,,,,,,,,,,,,,,,,,,,,,,,,,,,,,,,,,,,,
2023,9,17,12,0,11.8,10.1,89.57,,,,,,,,,,,,,,,,,,,,,,,,,,,,,,,,,,,,
2023,9,17,13,0,11.9,9.8,86.78,,,,,,,,,,,,,,,,,,,,,,,,,,,,,,,,,,,,
2023,9,17,14,0,12.2,9.3,82.45,,,,,,,,,,,,,,,,,,,,,,,,,,,,,,,,,,,,
2023,9,17,15,0,12.9,8.9,76.51,,,,,,,,,,,,,,,,,,,,,,,,,,,,,,,,,,,,
2023,9,17,16,0,14.1,8.5,69.04,,,,,,,,,,,,,,,,,,,,,,,,,,,,,,,,,,,,
2023,9,17,17,0,15.8,8.4,61.54,,,,,,,,,,,,,,,,,,,,,,,,,,,,,,,,,,,,
2023,9,17,18,0,17.7,8.4,54.45,,,,,,,,,,,,,,,,,,,,,,,,,,,,,,,,,,,,
2023,9,17,19,0,19.3,8.4,49.43,,,,,,,,,,,,,,,,,,,,,,,,,,,,,,,,,,,,
2023,9,17,20,0,20.4,8.7,46.91,,,,,,,,,,,,,,,,,,,,,,,,,,,,,,,,,,,,
2023,9,17,21,0,21,9.1,46.51,,,,,,,,,,,,,,,,,,,,,,,,,,,,,,,,,,,,
2023,9,17,22,0,21.1,9.7,48.21,,,,,,,,,,,,,,,,,,,,,,,,,,,,,,,,,,,,
2023,9,17,23,0,20.8,10.5,51.83,,,,,,,,,,,,,,,,,,,,,,,,,,,,,,,,,,,,
2023,9,18,0,0,20,11.7,58.9,,,,,,,,,,,,,,,,,,,,,,,,,,,,,,,,,,,,
2023,9,18,1,0,18.5,13,70.28,,,,,,,,,,,,,,,,,,,,,,,,,,,,,,,,,,,,
2023,9,18,2,0,16.3,13,80.63,,,,,,,,,,,,,,,,,,,,,,,,,,,,,,,,,,,,
2023,9,18,3,0,16,13,82.17,,,,,,,,,,,,,,,,,,,,,,,,,,,,,,,,,,,,
2023,9,18,4,0,15.7,13.1,84.58,,,,,,,,,,,,,,,,,,,,,,,,,,,,,,,,,,,,
2023,9,18,5,0,15.3,13.2,87.45,,,,,,,,,,,,,,,,,,,,,,,,,,,,,,,,,,,,
2023,9,18,6,0,15,13.3,89.42,,,,,,,,,,,,,,,,,,,,,,,,,,,,,,,,,,,,
2023,9,18,7,0,14.8,13.3,90.56,,,,,,,,,,,,,,,,,,,,,,,,,,,,,,,,,,,,
2023,9,18,8,0,14.7,13.3,91.2,,,,,,,,,,,,,,,,,,,,,,,,,,,,,,,,,,,,
2023,9,18,9,0,14.5,13.3,92.8,,,,,,,,,,,,,,,,,,,,,,,,,,,,,,,,,,,,
2023,9,18,10,0,14,13.3,95.35,,,,,,,,,,,,,,,,,,,,,,,,,,,,,,,,,,,,
2023,9,18,11,0,13.7,13,95.61,,,,,,,,,,,,,,,,,,,,,,,,,,,,,,,,,,,,
2023,9,18,12,0,13.1,12.5,96.46,,,,,,,,,,,,,,,,,,,,,,,,,,,,,,,,,,,,
2023,9,18,13,0,12.2,11.8,97.58,,,,,,,,,,,,,,,,,,,,,,,,,,,,,,,,,,,,
2023,9,18,14,0,12.3,11.6,95.4,,,,,,,,,,,,,,,,,,,,,,,,,,,,,,,,,,,,
2023,9,18,15,0,13.9,12.1,88.72,,,,,,,,,,,,,,,,,,,,,,,,,,,,,,,,,,,,
2023,9,18,16,0,14.8,11,77.83,,,,,,,,,,,,,,,,,,,,,,,,,,,,,,,,,,,,
2023,9,18,17,0,16,9.6,65.91,,,,,,,,,,,,,,,,,,,,,,,,,,,,,,,,,,,,
2023,9,18,18,0,17.4,8.4,55.38,,,,,,,,,,,,,,,,,,,,,,,,,,,,,,,,,,,,
2023,9,18,19,0,18.4,7.7,49.57,,,,,,,,,,,,,,,,,,,,,,,,,,,,,,,,,,,,
2023,9,18,20,0,19,7.3,46.54,,,,,,,,,,,,,,,,,,,,,,,,,,,,,,,,,,,,
2023,9,18,21,0,19.2,7.2,45.55,,,,,,,,,,,,,,,,,,,,,,,,,,,,,,,,,,,,
2023,9,18,22,0,19.1,7.1,45.66,,,,,,,,,,,,,,,,,,,,,,,,,,,,,,,,,,,,
2023,9,18,23,0,18.8,7.1,46.45,,,,,,,,,,,,,,,,,,,,,,,,,,,,,,,,,,,,
2023,9,19,0,0,17.9,7.3,49.88,,,,,,,,,,,,,,,,,,,,,,,,,,,,,,,,,,,,
2023,9,19,1,0,16,8.9,62.74,,,,,,,,,,,,,,,,,,,,,,,,,,,,,,,,,,,,
2023,9,19,2,0,13.4,9,74.8,,,,,,,,,,,,,,,,,,,,,,,,,,,,,,,,,,,,
2023,9,19,3,0,12.7,8.8,76.92,,,,,,,,,,,,,,,,,,,,,,,,,,,,,,,,,,,,
2023,9,19,4,0,12.5,8.6,76.88,,,,,,,,,,,,,,,,,,,,,,,,,,,,,,,,,,,,
2023,9,19,5,0,12.3,8.4,77.29,,,,,,,,,,,,,,,,,,,,,,,,,,,,,,,,,,,,
2023,9,19,6,0,12.2,8.5,77.86,,,,,,,,,,,,,,,,,,,,,,,,,,,,,,,,,,,,
2023,9,19,7,0,12.2,8.7,78.96,,,,,,,,,,,,,,,,,,,,,,,,,,,,,,,,,,,,
2023,9,19,8,0,12.1,8.8,80.42,,,,,,,,,,,,,,,,,,,,,,,,,,,,,,,,,,,,
2023,9,19,9,0,11.6,8.8,83.07,,,,,,,,,,,,,,,,,,,,,,,,,,,,,,,,,,,,
2023,9,19,10,0,11.4,9,84.96,,,,,,,,,,,,,,,,,,,,,,,,,,,,,,,,,,,,
2023,9,19,11,0,11.3,9,85.86,,,,,,,,,,,,,,,,,,,,,,,,,,,,,,,,,,,,
2023,9,19,12,0,11.4,9.1,85.6,,,,,,,,,,,,,,,,,,,,,,,,,,,,,,,,,,,,
2023,9,19,13,0,11.2,8.9,85.5,,,,,,,,,,,,,,,,,,,,,,,,,,,,,,,,,,,,
2023,9,19,14,0,11.5,9.4,86.77,,,,,,,,,,,,,,,,,,,,,,,,,,,,,,,,,,,,
2023,9,19,15,0,13.8,10.6,81.27,,,,,,,,,,,,,,,,,,,,,,,,,,,,,,,,,,,,
2023,9,19,16,0,16.2,10.3,67.98,,,,,,,,,,,,,,,,,,,,,,,,,,,,,,,,,,,,
2023,9,19,17,0,17.5,8.8,56.62,,,,,,,,,,,,,,,,,,,,,,,,,,,,,,,,,,,,
2023,9,19,18,0,17.5,8,53.52,,,,,,,,,,,,,,,,,,,,,,,,,,,,,,,,,,,,
2023,9,19,19,0,18.2,8.2,51.92,,,,,,,,,,,,,,,,,,,,,,,,,,,,,,,,,,,,
2023,9,19,20,0,18.6,8.3,51.25,,,,,,,,,,,,,,,,,,,,,,,,,,,,,,,,,,,,
2023,9,19,21,0,18.5,8.6,52.56,,,,,,,,,,,,,,,,,,,,,,,,,,,,,,,,,,,,
2023,9,19,22,0,18.5,8.9,53.63,,,,,,,,,,,,,,,,,,,,,,,,,,,,,,,,,,,,
2023,9,19,23,0,18.1,9.2,56.06,,,,,,,,,,,,,,,,,,,,,,,,,,,,,,,,,,,,
2023,9,20,0,0,17.4,9.7,60.48,,,,,,,,,,,,,,,,,,,,,,,,,,,,,,,,,,,,
2023,9,20,1,0,16,10.4,69.21,,,,,,,,,,,,,,,,,,,,,,,,,,,,,,,,,,,,
2023,9,20,2,0,14.3,10.8,79.62,,,,,,,,,,,,,,,,,,,,,,,,,,,,,,,,,,,,
2023,9,20,3,0,13.8,11.3,84.78,,,,,,,,,,,,,,,,,,,,,,,,,,,,,,,,,,,,
2023,9,20,4,0,13.5,11.8,89.61,,,,,,,,,,,,,,,,,,,,,,,,,,,,,,,,,,,,
2023,9,20,5,0,13.3,12.1,92.64,,,,,,,,,,,,,,,,,,,,,,,,,,,,,,,,,,,,
2023,9,20,6,0,12.6,11.9,95.34,,,,,,,,,,,,,,,,,,,,,,,,,,,,,,,,,,,,
2023,9,20,7,0,11.9,11.2,95.26,,,,,,,,,,,,,,,,,,,,,,,,,,,,,,,,,,,,
2023,9,20,8,0,11.2,10.3,94.25,,,,,,,,,,,,,,,,,,,,,,,,,,,,,,,,,,,,
2023,9,20,9,0,10.6,9.7,93.87,,,,,,,,,,,,,,,,,,,,,,,,,,,,,,,,,,,,
2023,9,20,10,0,10.3,9.3,93.62,,,,,,,,,,,,,,,,,,,,,,,,,,,,,,,,,,,,
2023,9,20,11,0,10.2,9.3,94.34,,,,,,,,,,,,,,,,,,,,,,,,,,,,,,,,,,,,
2023,9,20,12,0,10.4,9.6,94.5,,,,,,,,,,,,,,,,,,,,,,,,,,,,,,,,,,,,
2023,9,20,13,0,10.4,9.6,94.91,,,,,,,,,,,,,,,,,,,,,,,,,,,,,,,,,,,,
2023,9,20,14,0,10.6,9.7,94.18,,,,,,,,,,,,,,,,,,,,,,,,,,,,,,,,,,,,
2023,9,20,15,0,11.2,10.3,93.99,,,,,,,,,,,,,,,,,,,,,,,,,,,,,,,,,,,,
2023,9,20,16,0,11.9,10.7,92.31,,,,,,,,,,,,,,,,,,,,,,,,,,,,,,,,,,,,
2023,9,20,17,0,12.7,11,89.42,,,,,,,,,,,,,,,,,,,,,,,,,,,,,,,,,,,,
2023,9,20,18,0,13.7,11.2,84.71,,,,,,,,,,,,,,,,,,,,,,,,,,,,,,,,,,,,
2023,9,20,19,0,14.9,11,77.46,,,,,,,,,,,,,,,,,,,,,,,,,,,,,,,,,,,,
2023,9,20,20,0,16,10.7,70.62,,,,,,,,,,,,,,,,,,,,,,,,,,,,,,,,,,,,
2023,9,20,21,0,16.7,10.4,66.43,,,,,,,,,,,,,,,,,,,,,,,,,,,,,,,,,,,,
2023,9,20,22,0,17,10.1,63.81,,,,,,,,,,,,,,,,,,,,,,,,,,,,,,,,,,,,
2023,9,20,23,0,17.2,9.8,61.84,,,,,,,,,,,,,,,,,,,,,,,,,,,,,,,,,,,,
2023,9,21,0,0,16.8,9.7,62.94,,,,,,,,,,,,,,,,,,,,,,,,,,,,,,,,,,,,
2023,9,21,1,0,15.2,10.8,75.25,,,,,,,,,,,,,,,,,,,,,,,,,,,,,,,,,,,,
2023,9,21,2,0,13,9.9,81.53,,,,,,,,,,,,,,,,,,,,,,,,,,,,,,,,,,,,
2023,9,21,3,0,12.4,9.6,83.04,,,,,,,,,,,,,,,,,,,,,,,,,,,,,,,,,,,,
2023,9,21,4,0,11.8,9.5,85.57,,,,,,,,,,,,,,,,,,,,,,,,,,,,,,,,,,,,
2023,9,21,5,0,11.4,9.3,87.12,,,,,,,,,,,,,,,,,,,,,,,,,,,,,,,,,,,,
2023,9,21,6,0,11.4,9.2,86.57,,,,,,,,,,,,,,,,,,,,,,,,,,,,,,,,,,,,
2023,9,21,7,0,11.3,9.2,86.74,,,,,,,,,,,,,,,,,,,,,,,,,,,,,,,,,,,,
2023,9,21,8,0,11.6,9.1,84.8,,,,,,,,,,,,,,,,,,,,,,,,,,,,,,,,,,,,
2023,9,21,9,0,11,9.1,88.09,,,,,,,,,,,,,,,,,,,,,,,,,,,,,,,,,,,,
2023,9,21,10,0,10,9,93.6,,,,,,,,,,,,,,,,,,,,,,,,,,,,,,,,,,,,
2023,9,21,11,0,9.5,9,96.46,,,,,,,,,,,,,,,,,,,,,,,,,,,,,,,,,,,,
2023,9,21,12,0,9.3,8.9,97.03,,,,,,,,,,,,,,,,,,,,,,,,,,,,,,,,,,,,
2023,9,21,13,0,9.2,8.7,96.61,,,,,,,,,,,,,,,,,,,,,,,,,,,,,,,,,,,,
2023,9,21,14,0,9.6,8.8,94.51,,,,,,,,,,,,,,,,,,,,,,,,,,,,,,,,,,,,
2023,9,21,15,0,11.7,9.5,86.11,,,,,,,,,,,,,,,,,,,,,,,,,,,,,,,,,,,,
2023,9,21,16,0,14.1,9.4,73.39,,,,,,,,,,,,,,,,,,,,,,,,,,,,,,,,,,,,
2023,9,21,17,0,16.4,9.1,61.82,,,,,,,,,,,,,,,,,,,,,,,,,,,,,,,,,,,,
2023,9,21,18,0,18.1,8.7,54.37,,,,,,,,,,,,,,,,,,,,,,,,,,,,,,,,,,,,
2023,9,21,19,0,19.3,8.4,49.36,,,,,,,,,,,,,,,,,,,,,,,,,,,,,,,,,,,,
2023,9,21,20,0,20.1,8.2,46.23,,,,,,,,,,,,,,,,,,,,,,,,,,,,,,,,,,,,
2023,9,21,21,0,20.6,8,44.14,,,,,,,,,,,,,,,,,,,,,,,,,,,,,,,,,,,,
2023,9,21,22,0,20.7,7.7,43.16,,,,,,,,,,,,,,,,,,,,,,,,,,,,,,,,,,,,
2023,9,21,23,0,20.4,7.7,43.74,,,,,,,,,,,,,,,,,,,,,,,,,,,,,,,,,,,,
2023,9,22,0,0,19.4,8.3,48.51,,,,,,,,,,,,,,,,,,,,,,,,,,,,,,,,,,,,
2023,9,22,1,0,16.7,10.7,67.68,,,,,,,,,,,,,,,,,,,,,,,,,,,,,,,,,,,,
2023,9,22,2,0,14,9.3,73.28,,,,,,,,,,,,,,,,,,,,,,,,,,,,,,,,,,,,
2023,9,22,3,0,13.5,8.9,73.82,,,,,,,,,,,,,,,,,,,,,,,,,,,,,,,,,,,,
2023,9,22,4,0,13.4,8.7,73.44,,,,,,,,,,,,,,,,,,,,,,,,,,,,,,,,,,,,
2023,9,22,5,0,13.3,8.6,73.09,,,,,,,,,,,,,,,,,,,,,,,,,,,,,,,,,,,,
2023,9,22,6,0,13.1,8.4,73.02,,,,,,,,,,,,,,,,,,,,,,,,,,,,,,,,,,,,
2023,9,22,7,0,12.9,8.2,72.89,,,,,,,,,,,,,,,,,,,,,,,,,,,,,,,,,,,,
2023,9,22,8,0,13,7.9,71.33,,,,,,,,,,,,,,,,,,,,,,,,,,,,,,,,,,,,
2023,9,22,9,0,12.9,7.7,70.9,,,,,,,,,,,,,,,,,,,,,,,,,,,,,,,,,,,,
2023,9,22,10,0,12.6,7.6,71.46,,,,,,,,,,,,,,,,,,,,,,,,,,,,,,,,,,,,
2023,9,22,11,0,12.1,7.4,72.86,,,,,,,,,,,,,,,,,,,,,,,,,,,,,,,,,,,,
2023,9,22,12,0,12,7.1,71.97,,,,,,,,,,,,,,,,,,,,,,,,,,,,,,,,,,,,
2023,9,22,13,0,11.8,6.7,71.03,,,,,,,,,,,,,,,,,,,,,,,,,,,,,,,,,,,,
2023,9,22,14,0,12,6.9,71.01,,,,,,,,,,,,,,,,,,,,,,,,,,,,,,,,,,,,
2023,9,22,15,0,14.3,9.2,71.39,,,,,,,,,,,,,,,,,,,,,,,,,,,,,,,,,,,,
2023,9,22,16,0,16.9,9.3,61.01,,,,,,,,,,,,,,,,,,,,,,,,,,,,,,,,,,,,
2023,9,22,17,0,19.4,9.8,53.66,,,,,,,,,,,,,,,,,,,,,,,,,,,,,,,,,,,,
2023,9,22,18,0,21.1,9.8,48.29,,,,,,,,,,,,,,,,,,,,,,,,,,,,,,,,,,,,
2023,9,22,19,0,22.2,9.7,44.94,,,,,,,,,,,,,,,,,,,,,,,,,,,,,,,,,,,,
2023,9,22,20,0,23.1,9.7,42.5,,,,,,,,,,,,,,,,,,,,,,,,,,,,,,,,,,,,
2023,9,22,21,0,23.7,9.6,40.79,,,,,,,,,,,,,,,,,,,,,,,,,,,,,,,,,,,,
2023,9,22,22,0,23.8,9.6,40.44,,,,,,,,,,,,,,,,,,,,,,,,,,,,,,,,,,,,
2023,9,22,23,0,23.4,9.7,41.87,,,,,,,,,,,,,,,,,,,,,,,,,,,,,,,,,,,,
2023,9,23,0,0,22.6,11.4,49.24,,,,,,,,,,,,,,,,,,,,,,,,,,,,,,,,,,,,
2023,9,23,1,0,20.1,12.5,61.81,,,,,,,,,,,,,,,,,,,,,,,,,,,,,,,,,,,,
2023,9,23,2,0,17.3,11.1,66.84,,,,,,,,,,,,,,,,,,,,,,,,,,,,,,,,,,,,
2023,9,23,3,0,15.8,11.3,74.45,,,,,,,,,,,,,,,,,,,,,,,,,,,,,,,,,,,,
2023,9,23,4,0,14.8,11.6,80.92,,,,,,,,,,,,,,,,,,,,,,,,,,,,,,,,,,,,
2023,9,23,5,0,14.1,11.8,86.23,,,,,,,,,,,,,,,,,,,,,,,,,,,,,,,,,,,,
2023,9,23,6,0,13.6,11.9,89.74,,,,,,,,,,,,,,,,,,,,,,,,,,,,,,,,,,,,
2023,9,23,7,0,12.7,11.8,94.52,,,,,,,,,,,,,,,,,,,,,,,,,,,,,,,,,,,,
2023,9,23,8,0,12.7,11.8,93.98,,,,,,,,,,,,,,,,,,,,,,,,,,,,,,,,,,,,
2023,9,23,9,0,12.2,11.5,95.18,,,,,,,,,,,,,,,,,,,,,,,,,,,,,,,,,,,,
2023,9,23,10,0,11.7,11.2,96.84,,,,,,,,,,,,,,,,,,,,,,,,,,,,,,,,,,,,
2023,9,23,11,0,11.7,11.1,96.17,,,,,,,,,,,,,,,,,,,,,,,,,,,,,,,,,,,,
2023,9,23,12,0,11.5,11,97.05,,,,,,,,,,,,,,,,,,,,,,,,,,,,,,,,,,,,
2023,9,23,13,0,11.7,11.1,96.28,,,,,,,,,,,,,,,,,,,,,,,,,,,,,,,,,,,,
2023,9,23,14,0,12.4,11.3,93.25,,,,,,,,,,,,,,,,,,,,,,,,,,,,,,,,,,,,
2023,9,23,15,0,14,12,87.65,,,,,,,,,,,,,,,,,,,,,,,,,,,,,,,,,,,,
2023,9,23,16,0,15.3,12.5,83.26,,,,,,,,,,,,,,,,,,,,,,,,,,,,,,,,,,,,
2023,9,23,17,0,16.3,12.6,78.52,,,,,,,,,,,,,,,,,,,,,,,,,,,,,,,,,,,,
2023,9,23,18,0,17,12.3,73.69,,,,,,,,,,,,,,,,,,,,,,,,,,,,,,,,,,,,
2023,9,23,19,0,17.3,12,71.02,,,,,,,,,,,,,,,,,,,,,,,,,,,,,,,,,,,,
2023,9,23,20,0,16.8,12.4,75.53,,,,,,,,,,,,,,,,,,,,,,,,,,,,,,,,,,,,
2023,9,23,21,0,16,13.1,83.05,,,,,,,,,,,,,,,,,,,,,,,,,,,,,,,,,,,,
2023,9,23,22,0,15.4,13.2,86.72,,,,,,,,,,,,,,,,,,,,,,,,,,,,,,,,,,,,
2023,9,23,23,0,15.1,12.9,86.48,,,,,,,,,,,,,,,,,,,,,,,,,,,,,,,,,,,,
2023,9,24,0,0,14.8,12.6,86.65,,,,,,,,,,,,,,,,,,,,,,,,,,,,,,,,,,,,
2023,9,24,1,0,13.8,12.3,90.92,,,,,,,,,,,,,,,,,,,,,,,,,,,,,,,,,,,,
2023,9,24,2,0,12.9,11.9,93.59,,,,,,,,,,,,,,,,,,,,,,,,,,,,,,,,,,,,
2023,9,24,3,0,12.5,11.6,94.46,,,,,,,,,,,,,,,,,,,,,,,,,,,,,,,,,,,,
2023,9,24,4,0,12.2,11.5,95.34,,,,,,,,,,,,,,,,,,,,,,,,,,,,,,,,,,,,
2023,9,24,5,0,12,11.3,95.61,,,,,,,,,,,,,,,,,,,,,,,,,,,,,,,,,,,,
2023,9,24,6,0,11.6,10.9,95.53,,,,,,,,,,,,,,,,,,,,,,,,,,,,,,,,,,,,
2023,9,24,7,0,11,10.3,95.39,,,,,,,,,,,,,,,,,,,,,,,,,,,,,,,,,,,,
2023,9,24,8,0,10.4,9.6,94.77,,,,,,,,,,,,,,,,,,,,,,,,,,,,,,,,,,,,
2023,9,24,9,0,10.2,9.1,92.87,,,,,,,,,,,,,,,,,,,,,,,,,,,,,,,,,,,,
2023,9,24,10,0,10.4,8.8,89.96,,,,,,,,,,,,,,,,,,,,,,,,,,,,,,,,,,,,
2023,9,24,11,0,10.6,8.8,88.45,,,,,,,,,,,,,,,,,,,,,,,,,,,,,,,,,,,,
2023,9,24,12,0,10.3,8.7,90,,,,,,,,,,,,,,,,,,,,,,,,,,,,,,,,,,,,
2023,9,24,13,0,10,8.3,89.45,,,,,,,,,,,,,,,,,,,,,,,,,,,,,,,,,,,,
2023,9,24,14,0,10.1,8.5,89.51,,,,,,,,,,,,,,,,,,,,,,,,,,,,,,,,,,,,
2023,9,24,15,0,11,9.8,92.52,,,,,,,,,,,,,,,,,,,,,,,,,,,,,,,,,,,,
2023,9,24,16,0,12.9,11.3,90.12,,,,,,,,,,,,,,,,,,,,,,,,,,,,,,,,,,,,
2023,9,24,17,0,14.4,11.7,83.69,,,,,,,,,,,,,,,,,,,,,,,,,,,,,,,,,,,,
2023,9,24,18,0,17.2,12,71.36,,,,,,,,,,,,,,,,,,,,,,,,,,,,,,,,,,,,
2023,9,24,19,0,17.3,11.7,69.48,,,,,,,,,,,,,,,,,,,,,,,,,,,,,,,,,,,,
2023,9,24,20,0,17.5,11.7,68.75,,,,,,,,,,,,,,,,,,,,,,,,,,,,,,,,,,,,
2023,9,24,21,0,17.5,12.3,71.57,,,,,,,,,,,,,,,,,,,,,,,,,,,,,,,,,,,,
2023,9,24,22,0,17.3,13,75.99,,,,,,,,,,,,,,,,,,,,,,,,,,,,,,,,,,,,
2023,9,24,23,0,16.4,13.2,81.22,,,,,,,,,,,,,,,,,,,,,,,,,,,,,,,,,,,,
2023,9,25,0,0,15.6,13.1,85,,,,,,,,,,,,,,,,,,,,,,,,,,,,,,,,,,,,
2023,9,25,1,0,15,12.9,86.99,,,,,,,,,,,,,,,,,,,,,,,,,,,,,,,,,,,,
2023,9,25,2,0,14.6,12.6,87.87,,,,,,,,,,,,,,,,,,,,,,,,,,,,,,,,,,,,
2023,9,25,3,0,14.3,12.5,89.08,,,,,,,,,,,,,,,,,,,,,,,,,,,,,,,,,,,,
2023,9,25,4,0,14.2,12.5,89.43,,,,,,,,,,,,,,,,,,,,,,,,,,,,,,,,,,,,
2023,9,25,5,0,14.1,12.4,89.74,,,,,,,,,,,,,,,,,,,,,,,,,,,,,,,,,,,,
2023,9,25,6,0,14,12.5,90.6,,,,,,,,,,,,,,,,,,,,,,,,,,,,,,,,,,,,
2023,9,25,7,0,14,12.6,91.25,,,,,,,,,,,,,,,,,,,,,,,,,,,,,,,,,,,,
2023,9,25,8,0,14,12.7,92.17,,,,,,,,,,,,,,,,,,,,,,,,,,,,,,,,,,,,
2023,9,25,9,0,14.2,12.9,91.7,,,,,,,,,,,,,,,,,,,,,,,,,,,,,,,,,,,,
2023,9,25,10,0,14.2,12.9,92.09,,,,,,,,,,,,,,,,,,,,,,,,,,,,,,,,,,,,
2023,9,25,11,0,14.1,13,92.93,,,,,,,,,,,,,,,,,,,,,,,,,,,,,,,,,,,,
2023,9,25,12,0,14,13,93.62,,,,,,,,,,,,,,,,,,,,,,,,,,,,,,,,,,,,
2023,9,25,13,0,14,13,93.91,,,,,,,,,,,,,,,,,,,,,,,,,,,,,,,,,,,,
2023,9,25,14,0,14,13.1,94.53,,,,,,,,,,,,,,,,,,,,,,,,,,,,,,,,,,,,
2023,9,25,15,0,14.4,13.4,93.89,,,,,,,,,,,,,,,,,,,,,,,,,,,,,,,,,,,,
2023,9,25,16,0,15,13.8,92.82,,,,,,,,,,,,,,,,,,,,,,,,,,,,,,,,,,,,
2023,9,25,17,0,15.6,14.4,92.32,,,,,,,,,,,,,,,,,,,,,,,,,,,,,,,,,,,,
2023,9,25,18,0,16.3,14.7,90.32,,,,,,,,,,,,,,,,,,,,,,,,,,,,,,,,,,,,
2023,9,25,19,0,16.6,14.6,88.06,,,,,,,,,,,,,,,,,,,,,,,,,,,,,,,,,,,,
2023,9,25,20,0,16.6,14.3,86.27,,,,,,,,,,,,,,,,,,,,,,,,,,,,,,,,,,,,
2023,9,25,21,0,16.5,13.8,84.15,,,,,,,,,,,,,,,,,,,,,,,,,,,,,,,,,,,,
2023,9,25,22,0,16.2,13.3,82.92,,,,,,,,,,,,,,,,,,,,,,,,,,,,,,,,,,,,
2023,9,25,23,0,15.9,13,82.68,,,,,,,,,,,,,,,,,,,,,,,,,,,,,,,,,,,,
2023,9,26,0,0,15.9,12.8,81.95,,,,,,,,,,,,,,,,,,,,,,,,,,,,,,,,,,,,
2023,9,26,1,0,15.1,12.4,84.18,,,,,,,,,,,,,,,,,,,,,,,,,,,,,,,,,,,,
2023,9,26,2,0,14,11.9,87.41,,,,,,,,,,,,,,,,,,,,,,,,,,,,,,,,,,,,
2023,9,26,3,0,13.4,11.7,89.25,,,,,,,,,,,,,,,,,,,,,,,,,,,,,,,,,,,,
2023,9,26,4,0,13.1,11.5,89.84,,,,,,,,,,,,,,,,,,,,,,,,,,,,,,,,,,,,
2023,9,26,5,0,12.9,11.3,90.17,,,,,,,,,,,,,,,,,,,,,,,,,,,,,,,,,,,,
2023,9,26,6,0,12.7,11.3,90.95,,,,,,,,,,,,,,,,,,,,,,,,,,,,,,,,,,,,
2023,9,26,7,0,12.6,11.2,91.44,,,,,,,,,,,,,,,,,,,,,,,,,,,,,,,,,,,,
2023,9,26,8,0,12.1,11.1,93.89,,,,,,,,,,,,,,,,,,,,,,,,,,,,,,,,,,,,
2023,9,26,9,0,12.1,11.1,93.72,,,,,,,,,,,,,,,,,,,,,,,,,,,,,,,,,,,,
2023,9,26,10,0,12.2,11.2,93.36,,,,,,,,,,,,,,,,,,,,,,,,,,,,,,,,,,,,
2023,9,26,11,0,12,11.1,94.22,,,,,,,,,,,,,,,,,,,,,,,,,,,,,,,,,,,,
2023,9,26,12,0,11.9,11,94.18,,,,,,,,,,,,,,,,,,,,,,,,,,,,,,,,,,,,
2023,9,26,13,0,11.7,10.9,94.85,,,,,,,,,,,,,,,,,,,,,,,,,,,,,,,,,,,,
2023,9,26,14,0,11.9,11,94.32,,,,,,,,,,,,,,,,,,,,,,,,,,,,,,,,,,,,
2023,9,26,15,0,13.3,11.9,91.37,,,,,,,,,,,,,,,,,,,,,,,,,,,,,,,,,,,,
2023,9,26,16,0,14.5,12.6,88.51,,,,,,,,,,,,,,,,,,,,,,,,,,,,,,,,,,,,
2023,9,26,17,0,15.1,12.5,84.45,,,,,,,,,,,,,,,,,,,,,,,,,,,,,,,,,,,,
2023,9,26,18,0,15.5,12.3,81.15,,,,,,,,,,,,,,,,,,,,,,,,,,,,,,,,,,,,
2023,9,26,19,0,16,12.1,77.45,,,,,,,,,,,,,,,,,,,,,,,,,,,,,,,,,,,,
2023,9,26,20,0,16.7,11.6,72.01,,,,,,,,,,,,,,,,,,,,,,,,,,,,,,,,,,,,
2023,9,26,21,0,16.6,11.5,71.97,,,,,,,,,,,,,,,,,,,,,,,,,,,,,,,,,,,,
2023,9,26,22,0,16.4,12,75.11,,,,,,,,,,,,,,,,,,,,,,,,,,,,,,,,,,,,
2023,9,26,23,0,16.1,12.3,77.96,,,,,,,,,,,,,,,,,,,,,,,,,,,,,,,,,,,,
2023,9,27,0,0,15.3,12.6,83.66,,,,,,,,,,,,,,,,,,,,,,,,,,,,,,,,,,,,
2023,9,27,1,0,14.2,12.5,89.53,,,,,,,,,,,,,,,,,,,,,,,,,,,,,,,,,,,,
2023,9,27,2,0,13.1,12.1,93.58,,,,,,,,,,,,,,,,,,,,,,,,,,,,,,,,,,,,
2023,9,27,3,0,12.6,11.8,95.16,,,,,,,,,,,,,,,,,,,,,,,,,,,,,,,,,,,,
2023,9,27,4,0,12.5,11.7,94.66,,,,,,,,,,,,,,,,,,,,,,,,,,,,,,,,,,,,
2023,9,27,5,0,12.2,11.5,95.33,,,,,,,,,,,,,,,,,,,,,,,,,,,,,,,,,,,,
2023,9,27,6,0,11.9,11.1,94.98,,,,,,,,,,,,,,,,,,,,,,,,,,,,,,,,,,,,
2023,9,27,7,0,11.7,10.8,94.27,,,,,,,,,,,,,,,,,,,,,,,,,,,,,,,,,,,,
2023,9,27,8,0,11.8,10.8,93.69,,,,,,,,,,,,,,,,,,,,,,,,,,,,,,,,,,,,
2023,9,27,9,0,11.8,10.9,94.14,,,,,,,,,,,,,,,,,,,,,,,,,,,,,,,,,,,,
2023,9,27,10,0,11.7,10.8,94.45,,,,,,,,,,,,,,,,,,,,,,,,,,,,,,,,,,,,
2023,9,27,11,0,11.5,10.6,94.41,,,,,,,,,,,,,,,,,,,,,,,,,,,,,,,,,,,,
2023,9,27,12,0,11.5,10.5,93.59,,,,,,,,,,,,,,,,,,,,,,,,,,,,,,,,,,,,
2023,9,27,13,0,11.6,10.5,92.67,,,,,,,,,,,,,,,,,,,,,,,,,,,,,,,,,,,,
2023,9,27,14,0,11.7,10.6,92.84,,,,,,,,,,,,,,,,,,,,,,,,,,,,,,,,,,,,
2023,9,27,15,0,12.3,11,92.05,,,,,,,,,,,,,,,,,,,,,,,,,,,,,,,,,,,,
2023,9,27,16,0,12.8,11.6,92.44,,,,,,,,,,,,,,,,,,,,,,,,,,,,,,,,,,,,
2023,9,27,17,0,13.6,12.2,91.41,,,,,,,,,,,,,,,,,,,,,,,,,,,,,,,,,,,,
2023,9,27,18,0,14.6,12.6,87.8,,,,,,,,,,,,,,,,,,,,,,,,,,,,,,,,,,,,
2023,9,27,19,0,15.5,12.6,82.86,,,,,,,,,,,,,,,,,,,,,,,,,,,,,,,,,,,,
2023,9,27,20,0,16.3,12.4,77.63,,,,,,,,,,,,,,,,,,,,,,,,,,,,,,,,,,,,
2023,9,27,21,0,16.3,12.3,77.28,,,,,,,,,,,,,,,,,,,,,,,,,,,,,,,,,,,,
2023,9,27,22,0,15.9,12.7,81.44,,,,,,,,,,,,,,,,,,,,,,,,,,,,,,,,,,,,
2023,9,27,23,0,15.4,13,85.48,,,,,,,,,,,,,,,,,,,,,,,,,,,,,,,,,,,,
2023,9,28,0,0,14.9,12.9,87.89,,,,,,,,,,,,,,,,,,,,,,,,,,,,,,,,,,,,
2023,9,28,1,0,13.7,12.5,92.69,,,,,,,,,,,,,,,,,,,,,,,,,,,,,,,,,,,,
2023,9,28,2,0,12.1,11.5,95.83,,,,,,,,,,,,,,,,,,,,,,,,,,,,,,,,,,,,
2023,9,28,3,0,11.5,10.9,96.34,,,,,,,,,,,,,,,,,,,,,,,,,,,,,,,,,,,,
2023,9,28,4,0,11.3,10.7,96.08,,,,,,,,,,,,,,,,,,,,,,,,,,,,,,,,,,,,
2023,9,28,5,0,11,10.5,96.58,,,,,,,,,,,,,,,,,,,,,,,,,,,,,,,,,,,,
2023,9,28,6,0,10.9,10.4,96.77,,,,,,,,,,,,,,,,,,,,,,,,,,,,,,,,,,,,
2023,9,28,7,0,10.9,10.4,96.97,,,,,,,,,,,,,,,,,,,,,,,,,,,,,,,,,,,,
2023,9,28,8,0,11.1,10.6,96.97,,,,,,,,,,,,,,,,,,,,,,,,,,,,,,,,,,,,
2023,9,28,9,0,11.3,10.8,96.54,,,,,,,,,,,,,,,,,,,,,,,,,,,,,,,,,,,,
2023,9,28,10,0,11.2,10.8,97.09,,,,,,,,,,,,,,,,,,,,,,,,,,,,,,,,,,,,
2023,9,28,11,0,11.2,10.7,96.87,,,,,,,,,,,,,,,,,,,,,,,,,,,,,,,,,,,,
2023,9,28,12,0,11.1,10.7,97.25,,,,,,,,,,,,,,,,,,,,,,,,,,,,,,,,,,,,
2023,9,28,13,0,11.1,10.6,96.83,,,,,,,,,,,,,,,,,,,,,,,,,,,,,,,,,,,,
2023,9,28,14,0,11.1,10.6,96.64,,,,,,,,,,,,,,,,,,,,,,,,,,,,,,,,,,,,
2023,9,28,15,0,11.8,11.2,96.42,,,,,,,,,,,,,,,,,,,,,,,,,,,,,,,,,,,,
2023,9,28,16,0,12.7,12,95.35,,,,,,,,,,,,,,,,,,,,,,,,,,,,,,,,,,,,
2023,9,28,17,0,13.5,12.1,91.01,,,,,,,,,,,,,,,,,,,,,,,,,,,,,,,,,,,,
2023,9,28,18,0,14.4,11.8,84.15,,,,,,,,,,,,,,,,,,,,,,,,,,,,,,,,,,,,
2023,9,28,19,0,15.1,11.1,77.07,,,,,,,,,,,,,,,,,,,,,,,,,,,,,,,,,,,,
2023,9,28,20,0,15.6,10.6,72.31,,,,,,,,,,,,,,,,,,,,,,,,,,,,,,,,,,,,
2023,9,28,21,0,15.8,10.2,69.57,,,,,,,,,,,,,,,,,,,,,,,,,,,,,,,,,,,,
2023,9,28,22,0,15.5,10,69.64,,,,,,,,,,,,,,,,,,,,,,,,,,,,,,,,,,,,
2023,9,28,23,0,15.1,10,71.62,,,,,,,,,,,,,,,,,,,,,,,,,,,,,,,,,,,,
2023,9,29,0,0,14.7,10.6,76.4,,,,,,,,,,,,,,,,,,,,,,,,,,,,,,,,,,,,
2023,9,29,1,0,13.1,10.8,86.17,,,,,,,,,,,,,,,,,,,,,,,,,,,,,,,,,,,,
2023,9,29,2,0,11.4,9.4,87.61,,,,,,,,,,,,,,,,,,,,,,,,,,,,,,,,,,,,
2023,9,29,3,0,11,9.1,88.18,,,,,,,,,,,,,,,,,,,,,,,,,,,,,,,,,,,,
2023,9,29,4,0,10.6,8.8,88.81,,,,,,,,,,,,,,,,,,,,,,,,,,,,,,,,,,,,
2023,9,29,5,0,10.2,8.5,89.35,,,,,,,,,,,,,,,,,,,,,,,,,,,,,,,,,,,,
2023,9,29,6,0,9.7,8.3,90.86,,,,,,,,,,,,,,,,,,,,,,,,,,,,,,,,,,,,
2023,9,29,7,0,9,8,93.35,,,,,,,,,,,,,,,,,,,,,,,,,,,,,,,,,,,,
2023,9,29,8,0,8.4,7.7,95.1,,,,,,,,,,,,,,,,,,,,,,,,,,,,,,,,,,,,
2023,9,29,9,0,8.3,7.4,93.9,,,,,,,,,,,,,,,,,,,,,,,,,,,,,,,,,,,,
2023,9,29,10,0,8.2,7.2,93.15,,,,,,,,,,,,,,,,,,,,,,,,,,,,,,,,,,,,
2023,9,29,11,0,7.6,6.9,95.17,,,,,,,,,,,,,,,,,,,,,,,,,,,,,,,,,,,,
2023,9,29,12,0,7.1,6.7,97.54,,,,,,,,,,,,,,,,,,,,,,,,,,,,,,,,,,,,
2023,9,29,13,0,6.8,6.7,99,,,,,,,,,,,,,,,,,,,,,,,,,,,,,,,,,,,,
2023,9,29,14,0,7,6.7,97.89,,,,,,,,,,,,,,,,,,,,,,,,,,,,,,,,,,,,
2023,9,29,15,0,9.1,8.2,94.09,,,,,,,,,,,,,,,,,,,,,,,,,,,,,,,,,,,,
2023,9,29,16,0,10.9,8.6,85.76,,,,,,,,,,,,,,,,,,,,,,,,,,,,,,,,,,,,
2023,9,29,17,0,12.8,8,72.48,,,,,,,,,,,,,,,,,,,,,,,,,,,,,,,,,,,,
2023,9,29,18,0,13.9,6.7,61.88,,,,,,,,,,,,,,,,,,,,,,,,,,,,,,,,,,,,
2023,9,29,19,0,14.9,6.2,56.1,,,,,,,,,,,,,,,,,,,,,,,,,,,,,,,,,,,,
2023,9,29,20,0,15.2,6.3,55.4,,,,,,,,,,,,,,,,,,,,,,,,,,,,,,,,,,,,
2023,9,29,21,0,15.4,6.7,56.01,,,,,,,,,,,,,,,,,,,,,,,,,,,,,,,,,,,,
2023,9,29,22,0,15.4,6.9,57.02,,,,,,,,,,,,,,,,,,,,,,,,,,,,,,,,,,,,
2023,9,29,23,0,15,7.1,59.17,,,,,,,,,,,,,,,,,,,,,,,,,,,,,,,,,,,,
2023,9,30,0,0,14.1,7.4,64.25,,,,,,,,,,,,,,,,,,,,,,,,,,,,,,,,,,,,
2023,9,30,1,0,12,8.3,77.96,,,,,,,,,,,,,,,,,,,,,,,,,,,,,,,,,,,,
2023,9,30,2,0,9.1,8.2,94.03,,,,,,,,,,,,,,,,,,,,,,,,,,,,,,,,,,,,
2023,9,30,3,0,8.8,8.2,95.82,,,,,,,,,,,,,,,,,,,,,,,,,,,,,,,,,,,,
2023,9,30,4,0,8.7,8.1,95.84,,,,,,,,,,,,,,,,,,,,,,,,,,,,,,,,,,,,
2023,9,30,5,0,8.4,7.9,96.7,,,,,,,,,,,,,,,,,,,,,,,,,,,,,,,,,,,,
2023,9,30,6,0,8.2,7.8,97.22,,,,,,,,,,,,,,,,,,,,,,,,,,,,,,,,,,,,
2023,9,30,7,0,8.2,7.7,96.7,,,,,,,,,,,,,,,,,,,,,,,,,,,,,,,,,,,,
2023,9,30,8,0,8.1,7.6,96.78,,,,,,,,,,,,,,,,,,,,,,,,,,,,,,,,,,,,
2023,9,30,9,0,8.1,7.5,96.1,,,,,,,,,,,,,,,,,,,,,,,,,,,,,,,,,,,,
2023,9,30,10,0,8.1,7.4,95.6,,,,,,,,,,,,,,,,,,,,,,,,,,,,,,,,,,,,
2023,9,30,11,0,7.8,7.3,96.82,,,,,,,,,,,,,,,,,,,,,,,,,,,,,,,,,,,,
2023,9,30,12,0,7.7,7.2,96.41,,,,,,,,,,,,,,,,,,,,,,,,,,,,,,,,,,,,
2023,9,30,13,0,7.7,7,95.63,,,,,,,,,,,,,,,,,,,,,,,,,,,,,,,,,,,,
2023,9,30,14,0,7.8,6.9,94.19,,,,,,,,,,,,,,,,,,,,,,,,,,,,,,,,,,,,
2023,9,30,15,0,9.4,7.8,89.8,,,,,,,,,,,,,,,,,,,,,,,,,,,,,,,,,,,,
2023,9,30,16,0,11.7,8,78.31,,,,,,,,,,,,,,,,,,,,,,,,,,,,,,,,,,,,
2023,9,30,17,0,13.4,7.8,68.72,,,,,,,,,,,,,,,,,,,,,,,,,,,,,,,,,,,,
2023,9,30,18,0,14.7,7.8,63.29,,,,,,,,,,,,,,,,,,,,,,,,,,,,,,,,,,,,
2023,9,30,19,0,15.7,8.1,60.46,,,,,,,,,,,,,,,,,,,,,,,,,,,,,,,,,,,,
2023,9,30,20,0,16.3,8.2,58.89,,,,,,,,,,,,,,,,,,,,,,,,,,,,,,,,,,,,
2023,9,30,21,0,16.7,8.4,58.02,,,,,,,,,,,,,,,,,,,,,,,,,,,,,,,,,,,,
2023,9,30,22,0,16.8,8.5,57.97,,,,,,,,,,,,,,,,,,,,,,,,,,,,,,,,,,,,
2023,9,30,23,0,16.4,8.5,59.42,,,,,,,,,,,,,,,,,,,,,,,,,,,,,,,,,,,,
2023,10,1,0,0,15.5,9,65.03,,,,,,,,,,,,,,,,,,,,,,,,,,,,,,,,,,,,
2023,10,1,1,0,13.1,10,81.69,,,,,,,,,,,,,,,,,,,,,,,,,,,,,,,,,,,,
2023,10,1,2,0,11.4,8.7,83.53,,,,,,,,,,,,,,,,,,,,,,,,,,,,,,,,,,,,
2023,10,1,3,0,10.8,8.5,85.53,,,,,,,,,,,,,,,,,,,,,,,,,,,,,,,,,,,,
2023,10,1,4,0,10.4,8.3,86.66,,,,,,,,,,,,,,,,,,,,,,,,,,,,,,,,,,,,
2023,10,1,5,0,10.2,8.2,87.18,,,,,,,,,,,,,,,,,,,,,,,,,,,,,,,,,,,,
2023,10,1,6,0,10.1,8.2,87.84,,,,,,,,,,,,,,,,,,,,,,,,,,,,,,,,,,,,
2023,10,1,7,0,10,8.2,88.64,,,,,,,,,,,,,,,,,,,,,,,,,,,,,,,,,,,,
2023,10,1,8,0,9.7,8.2,90.53,,,,,,,,,,,,,,,,,,,,,,,,,,,,,,,,,,,,
2023,10,1,9,0,9.3,8.2,93.04,,,,,,,,,,,,,,,,,,,,,,,,,,,,,,,,,,,,
2023,10,1,10,0,8.9,8.2,95.57,,,,,,,,,,,,,,,,,,,,,,,,,,,,,,,,,,,,
2023,10,1,11,0,8.5,8.2,97.75,,,,,,,,,,,,,,,,,,,,,,,,,,,,,,,,,,,,
2023,10,1,12,0,8.1,8,99.56,,,,,,,,,,,,,,,,,,,,,,,,,,,,,,,,,,,,
2023,10,1,13,0,8.1,8,99.27,,,,,,,,,,,,,,,,,,,,,,,,,,,,,,,,,,,,
2023,10,1,14,0,8.2,7.9,97.82,,,,,,,,,,,,,,,,,,,,,,,,,,,,,,,,,,,,
2023,10,1,15,0,9.8,8.6,92.32,,,,,,,,,,,,,,,,,,,,,,,,,,,,,,,,,,,,
2023,10,1,16,0,11.7,8.9,82.9,,,,,,,,,,,,,,,,,,,,,,,,,,,,,,,,,,,,
2023,10,1,17,0,13.6,8.8,72.72,,,,,,,,,,,,,,,,,,,,,,,,,,,,,,,,,,,,
2023,10,1,18,0,15.2,8.8,65.49,,,,,,,,,,,,,,,,,,,,,,,,,,,,,,,,,,,,
2023,10,1,19,0,16.5,8.6,59.65,,,,,,,,,,,,,,,,,,,,,,,,,,,,,,,,,,,,
2023,10,1,20,0,17.3,8.5,56.23,,,,,,,,,,,,,,,,,,,,,,,,,,,,,,,,,,,,
2023,10,1,21,0,17.8,8.5,54.47,,,,,,,,,,,,,,,,,,,,,,,,,,,,,,,,,,,,
2023,10,1,22,0,17.9,8.5,54.06,,,,,,,,,,,,,,,,,,,,,,,,,,,,,,,,,,,,
2023,10,1,23,0,17.4,8.7,56.56,,,,,,,,,,,,,,,,,,,,,,,,,,,,,,,,,,,,
2023,10,2,0,0,16.2,10.4,68.67,,,,,,,,,,,,,,,,,,,,,,,,,,,,,,,,,,,,
2023,10,2,1,0,14.2,10.6,78.91,,,,,,,,,,,,,,,,,,,,,,,,,,,,,,,,,,,,
2023,10,2,2,0,13,9.7,80.14,,,,,,,,,,,,,,,,,,,,,,,,,,,,,,,,,,,,
2023,10,2,3,0,12,9.7,85.69,,,,,,,,,,,,,,,,,,,,,,,,,,,,,,,,,,,,
2023,10,2,4,0,11.6,9.6,87.81,,,,,,,,,,,,,,,,,,,,,,,,,,,,,,,,,,,,
2023,10,2,5,0,11.4,9.6,88.74,,,,,,,,,,,,,,,,,,,,,,,,,,,,,,,,,,,,
2023,10,2,6,0,10.8,9.5,91.65,,,,,,,,,,,,,,,,,,,,,,,,,,,,,,,,,,,,
2023,10,2,7,0,10.2,9.4,94.61,,,,,,,,,,,,,,,,,,,,,,,,,,,,,,,,,,,,
2023,10,2,8,0,9.8,9.4,97.28,,,,,,,,,,,,,,,,,,,,,,,,,,,,,,,,,,,,
2023,10,2,9,0,10.1,9.6,96.52,,,,,,,,,,,,,,,,,,,,,,,,,,,,,,,,,,,,
2023,10,2,10,0,10.2,9.5,95.7,,,,,,,,,,,,,,,,,,,,,,,,,,,,,,,,,,,,
2023,10,2,11,0,10.1,9.4,95.68,,,,,,,,,,,,,,,,,,,,,,,,,,,,,,,,,,,,
2023,10,2,12,0,10.1,9.4,95.39,,,,,,,,,,,,,,,,,,,,,,,,,,,,,,,,,,,,
2023,10,2,13,0,10.1,9.3,94.71,,,,,,,,,,,,,,,,,,,,,,,,,,,,,,,,,,,,
2023,10,2,14,0,10.1,9.1,93.38,,,,,,,,,,,,,,,,,,,,,,,,,,,,,,,,,,,,
2023,10,2,15,0,10.8,9.2,89.99,,,,,,,,,,,,,,,,,,,,,,,,,,,,,,,,,,,,
2023,10,2,16,0,11.4,9.5,88.05,,,,,,,,,,,,,,,,,,,,,,,,,,,,,,,,,,,,
2023,10,2,17,0,12,10.1,88.01,,,,,,,,,,,,,,,,,,,,,,,,,,,,,,,,,,,,
2023,10,2,18,0,12.3,10.7,89.74,,,,,,,,,,,,,,,,,,,,,,,,,,,,,,,,,,,,
2023,10,2,19,0,12.7,11.2,90.73,,,,,,,,,,,,,,,,,,,,,,,,,,,,,,,,,,,,
2023,10,2,20,0,13.1,11.7,91.35,,,,,,,,,,,,,,,,,,,,,,,,,,,,,,,,,,,,
2023,10,2,21,0,13.8,12.3,90.69,,,,,,,,,,,,,,,,,,,,,,,,,,,,,,,,,,,,
2023,10,2,22,0,14.1,12.7,91.55,,,,,,,,,,,,,,,,,,,,,,,,,,,,,,,,,,,,
2023,10,2,23,0,14.2,13,92.61,,,,,,,,,,,,,,,,,,,,,,,,,,,,,,,,,,,,
2023,10,3,0,0,14,13.1,94.17,,,,,,,,,,,,,,,,,,,,,,,,,,,,,,,,,,,,
2023,10,3,1,0,13.5,12.8,95.68,,,,,,,,,,,,,,,,,,,,,,,,,,,,,,,,,,,,
2023,10,3,2,0,13,12.5,96.6,,,,,,,,,,,,,,,,,,,,,,,,,,,,,,,,,,,,
2023,10,3,3,0,12.6,12.1,97,,,,,,,,,,,,,,,,,,,,,,,,,,,,,,,,,,,,
2023,10,3,4,0,12.7,12,95.69,,,,,,,,,,,,,,,,,,,,,,,,,,,,,,,,,,,,
2023,10,3,5,0,12.6,11.9,95.27,,,,,,,,,,,,,,,,,,,,,,,,,,,,,,,,,,,,
2023,10,3,6,0,12.2,11.7,96.47,,,,,,,,,,,,,,,,,,,,,,,,,,,,,,,,,,,,
2023,10,3,7,0,12.1,11.6,96.74,,,,,,,,,,,,,,,,,,,,,,,,,,,,,,,,,,,,
2023,10,3,8,0,12.2,11.5,95.37,,,,,,,,,,,,,,,,,,,,,,,,,,,,,,,,,,,,
2023,10,3,9,0,12.1,11.3,94.83,,,,,,,,,,,,,,,,,,,,,,,,,,,,,,,,,,,,
2023,10,3,10,0,11.8,11.1,95.76,,,,,,,,,,,,,,,,,,,,,,,,,,,,,,,,,,,,
2023,10,3,11,0,11.6,11.1,96.48,,,,,,,,,,,,,,,,,,,,,,,,,,,,,,,,,,,,
2023,10,3,12,0,11.5,11,96.72,,,,,,,,,,,,,,,,,,,,,,,,,,,,,,,,,,,,
2023,10,3,13,0,11.4,10.9,97.03,,,,,,,,,,,,,,,,,,,,,,,,,,,,,,,,,,,,
2023,10,3,14,0,11.3,10.8,97.02,,,,,,,,,,,,,,,,,,,,,,,,,,,,,,,,,,,,
2023,10,3,15,0,11.9,11.4,96.53,,,,,,,,,,,,,,,,,,,,,,,,,,,,,,,,,,,,
2023,10,3,16,0,12.8,12,95.14,,,,,,,,,,,,,,,,,,,,,,,,,,,,,,,,,,,,
2023,10,3,17,0,14.3,12.8,90.53,,,,,,,,,,,,,,,,,,,,,,,,,,,,,,,,,,,,
2023,10,3,18,0,15.3,12.7,84.28,,,,,,,,,,,,,,,,,,,,,,,,,,,,,,,,,,,,
2023,10,3,19,0,17,12,72.39,,,,,,,,,,,,,,,,,,,,,,,,,,,,,,,,,,,,
2023,10,3,20,0,18,11.2,64.6,,,,,,,,,,,,,,,,,,,,,,,,,,,,,,,,,,,,
2023,10,3,21,0,18.5,10.8,60.7,,,,,,,,,,,,,,,,,,,,,,,,,,,,,,,,,,,,
2023,10,3,22,0,18.7,10.6,59.42,,,,,,,,,,,,,,,,,,,,,,,,,,,,,,,,,,,,
2023,10,3,23,0,18.3,10.7,61.06,,,,,,,,,,,,,,,,,,,,,,,,,,,,,,,,,,,,
2023,10,4,0,0,17.3,11.5,68.59,,,,,,,,,,,,,,,,,,,,,,,,,,,,,,,,,,,,
2023,10,4,1,0,14.9,12.1,83.1,,,,,,,,,,,,,,,,,,,,,,,,,,,,,,,,,,,,
2023,10,4,2,0,13.1,11,87.07,,,,,,,,,,,,,,,,,,,,,,,,,,,,,,,,,,,,
2023,10,4,3,0,12.3,11,91.48,,,,,,,,,,,,,,,,,,,,,,,,,,,,,,,,,,,,
2023,10,4,4,0,11.7,10.9,94.62,,,,,,,,,,,,,,,,,,,,,,,,,,,,,,,,,,,,
2023,10,4,5,0,11.4,10.8,96.32,,,,,,,,,,,,,,,,,,,,,,,,,,,,,,,,,,,,
2023,10,4,6,0,11.1,10.8,97.81,,,,,,,,,,,,,,,,,,,,,,,,,,,,,,,,,,,,
2023,10,4,7,0,10.9,10.7,98.41,,,,,,,,,,,,,,,,,,,,,,,,,,,,,,,,,,,,
2023,10,4,8,0,10.9,10.7,98.35,,,,,,,,,,,,,,,,,,,,,,,,,,,,,,,,,,,,
2023,10,4,9,0,11,10.7,97.74,,,,,,,,,,,,,,,,,,,,,,,,,,,,,,,,,,,,
2023,10,4,10,0,10.8,10.4,97.53,,,,,,,,,,,,,,,,,,,,,,,,,,,,,,,,,,,,
2023,10,4,11,0,10.6,10.2,97.37,,,,,,,,,,,,,,,,,,,,,,,,,,,,,,,,,,,,
2023,10,4,12,0,10.3,10,97.92,,,,,,,,,,,,,,,,,,,,,,,,,,,,,,,,,,,,
2023,10,4,13,0,10.1,9.8,97.99,,,,,,,,,,,,,,,,,,,,,,,,,,,,,,,,,,,,
2023,10,4,14,0,10.4,9.8,96.15,,,,,,,,,,,,,,,,,,,,,,,,,,,,,,,,,,,,
2023,10,4,15,0,11.8,10.3,90.75,,,,,,,,,,,,,,,,,,,,,,,,,,,,,,,,,,,,
2023,10,4,16,0,13.3,10.8,85.02,,,,,,,,,,,,,,,,,,,,,,,,,,,,,,,,,,,,
2023,10,4,17,0,15,11.5,79.74,,,,,,,,,,,,,,,,,,,,,,,,,,,,,,,,,,,,
2023,10,4,18,0,16.7,12.2,74.56,,,,,,,,,,,,,,,,,,,,,,,,,,,,,,,,,,,,
2023,10,4,19,0,17.9,12.7,71.45,,,,,,,,,,,,,,,,,,,,,,,,,,,,,,,,,,,,
2023,10,4,20,0,18.7,13,69.41,,,,,,,,,,,,,,,,,,,,,,,,,,,,,,,,,,,,
2023,10,4,21,0,19.2,13.2,68.27,,,,,,,,,,,,,,,,,,,,,,,,,,,,,,,,,,,,
2023,10,4,22,0,19.3,13.3,68.36,,,,,,,,,,,,,,,,,,,,,,,,,,,,,,,,,,,,
2023,10,4,23,0,19,13.3,69.75,,,,,,,,,,,,,,,,,,,,,,,,,,,,,,,,,,,,
2023,10,5,0,0,18.2,13.4,73.76,,,,,,,,,,,,,,,,,,,,,,,,,,,,,,,,,,,,
2023,10,5,1,0,15.8,13.7,87.25,,,,,,,,,,,,,,,,,,,,,,,,,,,,,,,,,,,,
2023,10,5,2,0,13.7,12.9,94.65,,,,,,,,,,,,,,,,,,,,,,,,,,,,,,,,,,,,
2023,10,5,3,0,13.2,12.6,96.05,,,,,,,,,,,,,,,,,,,,,,,,,,,,,,,,,,,,
2023,10,5,4,0,12.9,12.3,96.12,,,,,,,,,,,,,,,,,,,,,,,,,,,,,,,,,,,,
2023,10,5,5,0,12.7,12,95.65,,,,,,,,,,,,,,,,,,,,,,,,,,,,,,,,,,,,
2023,10,5,6,0,12.5,11.9,96.35,,,,,,,,,,,,,,,,,,,,,,,,,,,,,,,,,,,,
2023,10,5,7,0,12.4,11.9,96.69,,,,,,,,,,,,,,,,,,,,,,,,,,,,,,,,,,,,
2023,10,5,8,0,12.2,11.7,97.07,,,,,,,,,,,,,,,,,,,,,,,,,,,,,,,,,,,,
2023,10,5,9,0,11.8,11.6,98.42,,,,,,,,,,,,,,,,,,,,,,,,,,,,,,,,,,,,
2023,10,5,10,0,11.6,11.5,99.46,,,,,,,,,,,,,,,,,,,,,,,,,,,,,,,,,,,,
2023,10,5,11,0,11.7,11.5,98.63,,,,,,,,,,,,,,,,,,,,,,,,,,,,,,,,,,,,
2023,10,5,12,0,11.8,11.4,97.32,,,,,,,,,,,,,,,,,,,,,,,,,,,,,,,,,,,,
2023,10,5,13,0,11.8,11.3,96.52,,,,,,,,,,,,,,,,,,,,,,,,,,,,,,,,,,,,
2023,10,5,14,0,11.6,11.2,97.11,,,,,,,,,,,,,,,,,,,,,,,,,,,,,,,,,,,,
2023,10,5,15,0,13.1,11.8,91.98,,,,,,,,,,,,,,,,,,,,,,,,,,,,,,,,,,,,
2023,10,5,16,0,14.5,12.2,85.83,,,,,,,,,,,,,,,,,,,,,,,,,,,,,,,,,,,,
2023,10,5,17,0,16,12.4,79.25,,,,,,,,,,,,,,,,,,,,,,,,,,,,,,,,,,,,
2023,10,5,18,0,17.4,12.6,73.23,,,,,,,,,,,,,,,,,,,,,,,,,,,,,,,,,,,,
2023,10,5,19,0,18.6,12.7,68.42,,,,,,,,,,,,,,,,,,,,,,,,,,,,,,,,,,,,
2023,10,5,20,0,19.5,12.8,65.36,,,,,,,,,,,,,,,,,,,,,,,,,,,,,,,,,,,,
2023,10,5,21,0,20,13,63.88,,,,,,,,,,,,,,,,,,,,,,,,,,,,,,,,,,,,
2023,10,5,22,0,20.1,12.9,63.32,,,,,,,,,,,,,,,,,,,,,,,,,,,,,,,,,,,,
2023,10,5,23,0,19.7,12.9,64.95,,,,,,,,,,,,,,,,,,,,,,,,,,,,,,,,,,,,
2023,10,6,0,0,18.5,13.1,70.64,,,,,,,,,,,,,,,,,,,,,,,,,,,,,,,,,,,,
2023,10,6,1,0,16,13,82.15,,,,,,,,,,,,,,,,,,,,,,,,,,,,,,,,,,,,
2023,10,6,2,0,13.7,12.4,91.84,,,,,,,,,,,,,,,,,,,,,,,,,,,,,,,,,,,,
2023,10,6,3,0,12.9,12,94.3,,,,,,,,,,,,,,,,,,,,,,,,,,,,,,,,,,,,
2023,10,6,4,0,12.7,11.6,92.96,,,,,,,,,,,,,,,,,,,,,,,,,,,,,,,,,,,,
2023,10,6,5,0,12.6,11.2,91.3,,,,,,,,,,,,,,,,,,,,,,,,,,,,,,,,,,,,
2023,10,6,6,0,12.2,11,92.16,,,,,,,,,,,,,,,,,,,,,,,,,,,,,,,,,,,,
2023,10,6,7,0,11.8,10.8,93.36,,,,,,,,,,,,,,,,,,,,,,,,,,,,,,,,,,,,
2023,10,6,8,0,11.5,10.6,94.31,,,,,,,,,,,,,,,,,,,,,,,,,,,,,,,,,,,,
2023,10,6,9,0,11.3,10.4,94.45,,,,,,,,,,,,,,,,,,,,,,,,,,,,,,,,,,,,
2023,10,6,10,0,11.1,10.3,94.79,,,,,,,,,,,,,,,,,,,,,,,,,,,,,,,,,,,,
2023,10,6,11,0,11,10.2,94.84,,,,,,,,,,,,,,,,,,,,,,,,,,,,,,,,,,,,
2023,10,6,12,0,10.9,10.1,94.94,,,,,,,,,,,,,,,,,,,,,,,,,,,,,,,,,,,,
2023,10,6,13,0,10.8,10,94.79,,,,,,,,,,,,,,,,,,,,,,,,,,,,,,,,,,,,
2023,10,6,14,0,10.8,9.9,94.31,,,,,,,,,,,,,,,,,,,,,,,,,,,,,,,,,,,,
2023,10,6,15,0,12.8,10.8,87.57,,,,,,,,,,,,,,,,,,,,,,,,,,,,,,,,,,,,
2023,10,6,16,0,15.3,11.8,79.37,,,,,,,,,,,,,,,,,,,,,,,,,,,,,,,,,,,,
2023,10,6,17,0,18.2,12.4,69.1,,,,,,,,,,,,,,,,,,,,,,,,,,,,,,,,,,,,
2023,10,6,18,0,21.2,12.9,58.97,,,,,,,,,,,,,,,,,,,,,,,,,,,,,,,,,,,,
2023,10,6,19,0,23.5,12.6,50.37,,,,,,,,,,,,,,,,,,,,,,,,,,,,,,,,,,,,
2023,10,6,20,0,25,12.2,44.92,,,,,,,,,,,,,,,,,,,,,,,,,,,,,,,,,,,,
2023,10,6,21,0,25.9,12.2,42.49,,,,,,,,,,,,,,,,,,,,,,,,,,,,,,,,,,,,
2023,10,6,22,0,26.1,12.5,42.95,,,,,,,,,,,,,,,,,,,,,,,,,,,,,,,,,,,,
2023,10,6,23,0,25.8,13.1,45.52,,,,,,,,,,,,,,,,,,,,,,,,,,,,,,,,,,,,
2023,10,7,0,0,23,15.4,62.32,,,,,,,,,,,,,,,,,,,,,,,,,,,,,,,,,,,,
2023,10,7,1,0,18.6,14.4,76.74,,,,,,,,,,,,,,,,,,,,,,,,,,,,,,,,,,,,
2023,10,7,2,0,16.4,13.2,81.46,,,,,,,,,,,,,,,,,,,,,,,,,,,,,,,,,,,,
2023,10,7,3,0,15.5,12.8,83.95,,,,,,,,,,,,,,,,,,,,,,,,,,,,,,,,,,,,
2023,10,7,4,0,14.5,12.3,86.9,,,,,,,,,,,,,,,,,,,,,,,,,,,,,,,,,,,,
2023,10,7,5,0,13.9,11.8,87.25,,,,,,,,,,,,,,,,,,,,,,,,,,,,,,,,,,,,
2023,10,7,6,0,13.7,11,83.59,,,,,,,,,,,,,,,,,,,,,,,,,,,,,,,,,,,,
2023,10,7,7,0,13.8,10.3,79.52,,,,,,,,,,,,,,,,,,,,,,,,,,,,,,,,,,,,
2023,10,7,8,0,13.5,10,79.37,,,,,,,,,,,,,,,,,,,,,,,,,,,,,,,,,,,,
2023,10,7,9,0,13.5,9.7,77.89,,,,,,,,,,,,,,,,,,,,,,,,,,,,,,,,,,,,
2023,10,7,10,0,13.4,9.5,77.03,,,,,,,,,,,,,,,,,,,,,,,,,,,,,,,,,,,,
2023,10,7,11,0,13.1,9.3,77.61,,,,,,,,,,,,,,,,,,,,,,,,,,,,,,,,,,,,
2023,10,7,12,0,13.1,9.1,76.84,,,,,,,,,,,,,,,,,,,,,,,,,,,,,,,,,,,,
2023,10,7,13,0,13.1,9.1,76.47,,,,,,,,,,,,,,,,,,,,,,,,,,,,,,,,,,,,
2023,10,7,14,0,13.1,9,76.26,,,,,,,,,,,,,,,,,,,,,,,,,,,,,,,,,,,,
2023,10,7,15,0,15,10.4,73.97,,,,,,,,,,,,,,,,,,,,,,,,,,,,,,,,,,,,
2023,10,7,16,0,17.7,11.2,65.59,,,,,,,,,,,,,,,,,,,,,,,,,,,,,,,,,,,,
2023,10,7,17,0,20.5,11.9,57.79,,,,,,,,,,,,,,,,,,,,,,,,,,,,,,,,,,,,
2023,10,7,18,0,23.4,12.4,50,,,,,,,,,,,,,,,,,,,,,,,,,,,,,,,,,,,,
2023,10,7,19,0,25.9,12.1,42.26,,,,,,,,,,,,,,,,,,,,,,,,,,,,,,,,,,,,
2023,10,7,20,0,27.5,11.8,37.64,,,,,,,,,,,,,,,,,,,,,,,,,,,,,,,,,,,,
2023,10,7,21,0,28,11.9,36.85,,,,,,,,,,,,,,,,,,,,,,,,,,,,,,,,,,,,
2023,10,7,22,0,28.1,12.4,37.86,,,,,,,,,,,,,,,,,,,,,,,,,,,,,,,,,,,,
2023,10,7,23,0,27.1,13.7,43.74,,,,,,,,,,,,,,,,,,,,,,,,,,,,,,,,,,,,
2023,10,8,0,0,24.6,16.2,59.58,,,,,,,,,,,,,,,,,,,,,,,,,,,,,,,,,,,,
2023,10,8,1,0,21,15.5,70.65,,,,,,,,,,,,,,,,,,,,,,,,,,,,,,,,,,,,
2023,10,8,2,0,18.6,15,79.63,,,,,,,,,,,,,,,,,,,,,,,,,,,,,,,,,,,,
2023,10,8,3,0,17.4,14.9,85.23,,,,,,,,,,,,,,,,,,,,,,,,,,,,,,,,,,,,
2023,10,8,4,0,16.8,14.5,86.17,,,,,,,,,,,,,,,,,,,,,,,,,,,,,,,,,,,,
2023,10,8,5,0,16.4,14,85.75,,,,,,,,,,,,,,,,,,,,,,,,,,,,,,,,,,,,
2023,10,8,6,0,16.3,13.4,83.16,,,,,,,,,,,,,,,,,,,,,,,,,,,,,,,,,,,,
2023,10,8,7,0,15.9,12.9,82.17,,,,,,,,,,,,,,,,,,,,,,,,,,,,,,,,,,,,
2023,10,8,8,0,15.8,12.3,79.55,,,,,,,,,,,,,,,,,,,,,,,,,,,,,,,,,,,,
2023,10,8,9,0,15.2,11.9,80.56,,,,,,,,,,,,,,,,,,,,,,,,,,,,,,,,,,,,
2023,10,8,10,0,14,11.5,85.12,,,,,,,,,,,,,,,,,,,,,,,,,,,,,,,,,,,,
2023,10,8,11,0,13.1,11.2,88.28,,,,,,,,,,,,,,,,,,,,,,,,,,,,,,,,,,,,
2023,10,8,12,0,12.6,10.8,89.03,,,,,,,,,,,,,,,,,,,,,,,,,,,,,,,,,,,,
2023,10,8,13,0,12.4,10.5,87.96,,,,,,,,,,,,,,,,,,,,,,,,,,,,,,,,,,,,
2023,10,8,14,0,12,10.2,88.92,,,,,,,,,,,,,,,,,,,,,,,,,,,,,,,,,,,,
2023,10,8,15,0,13.8,10.8,82.2,,,,,,,,,,,,,,,,,,,,,,,,,,,,,,,,,,,,
2023,10,8,16,0,15.9,11.3,74.31,,,,,,,,,,,,,,,,,,,,,,,,,,,,,,,,,,,,
2023,10,8,17,0,18.2,12.1,67.72,,,,,,,,,,,,,,,,,,,,,,,,,,,,,,,,,,,,
2023,10,8,18,0,20.2,12.4,60.99,,,,,,,,,,,,,,,,,,,,,,,,,,,,,,,,,,,,
2023,10,8,19,0,21.8,12.4,55.25,,,,,,,,,,,,,,,,,,,,,,,,,,,,,,,,,,,,
2023,10,8,20,0,22.7,12.4,52.08,,,,,,,,,,,,,,,,,,,,,,,,,,,,,,,,,,,,
2023,10,8,21,0,23.1,12.4,51.08,,,,,,,,,,,,,,,,,,,,,,,,,,,,,,,,,,,,
2023,10,8,22,0,22.9,12.5,52.03,,,,,,,,,,,,,,,,,,,,,,,,,,,,,,,,,,,,
2023,10,8,23,0,22.3,13,55.7,,,,,,,,,,,,,,,,,,,,,,,,,,,,,,,,,,,,
2023,10,9,0,0,20.7,14.7,68.33,,,,,,,,,,,,,,,,,,,,,,,,,,,,,,,,,,,,
2023,10,9,1,0,18,13.9,77.03,,,,,,,,,,,,,,,,,,,,,,,,,,,,,,,,,,,,
2023,10,9,2,0,16.1,13,81.86,,,,,,,,,,,,,,,,,,,,,,,,,,,,,,,,,,,,
2023,10,9,3,0,15,12.6,85.33,,,,,,,,,,,,,,,,,,,,,,,,,,,,,,,,,,,,
2023,10,9,4,0,14.8,12,83.54,,,,,,,,,,,,,,,,,,,,,,,,,,,,,,,,,,,,
2023,10,9,5,0,15,11.7,80.48,,,,,,,,,,,,,,,,,,,,,,,,,,,,,,,,,,,,
2023,10,9,6,0,15.1,11.4,78.55,,,,,,,,,,,,,,,,,,,,,,,,,,,,,,,,,,,,
2023,10,9,7,0,15.1,11.2,77.43,,,,,,,,,,,,,,,,,,,,,,,,,,,,,,,,,,,,
2023,10,9,8,0,15.1,11,76.67,,,,,,,,,,,,,,,,,,,,,,,,,,,,,,,,,,,,
2023,10,9,9,0,14.9,11,77.42,,,,,,,,,,,,,,,,,,,,,,,,,,,,,,,,,,,,
2023,10,9,10,0,14.6,11,79.21,,,,,,,,,,,,,,,,,,,,,,,,,,,,,,,,,,,,
2023,10,9,11,0,14.3,11,80.74,,,,,,,,,,,,,,,,,,,,,,,,,,,,,,,,,,,,
2023,10,9,12,0,14.1,11,81.61,,,,,,,,,,,,,,,,,,,,,,,,,,,,,,,,,,,,
2023,10,9,13,0,14,10.9,81.7,,,,,,,,,,,,,,,,,,,,,,,,,,,,,,,,,,,,
2023,10,9,14,0,14,10.9,81.67,,,,,,,,,,,,,,,,,,,,,,,,,,,,,,,,,,,,
2023,10,9,15,0,14.4,11.3,81.62,,,,,,,,,,,,,,,,,,,,,,,,,,,,,,,,,,,,
2023,10,9,16,0,15,12.2,83.36,,,,,,,,,,,,,,,,,,,,,,,,,,,,,,,,,,,,
2023,10,9,17,0,16.2,12.3,77.83,,,,,,,,,,,,,,,,,,,,,,,,,,,,,,,,,,,,
2023,10,9,18,0,17,12.6,75.3,,,,,,,,,,,,,,,,,,,,,,,,,,,,,,,,,,,,
2023,10,9,19,0,17.3,13.1,76.58,,,,,,,,,,,,,,,,,,,,,,,,,,,,,,,,,,,,
2023,10,9,20,0,17.6,13.6,77.64,,,,,,,,,,,,,,,,,,,,,,,,,,,,,,,,,,,,
2023,10,9,21,0,17.5,13.9,79.27,,,,,,,,,,,,,,,,,,,,,,,,,,,,,,,,,,,,
2023,10,9,22,0,17.2,14.1,81.84,,,,,,,,,,,,,,,,,,,,,,,,,,,,,,,,,,,,
2023,10,9,23,0,17,14.3,84.07,,,,,,,,,,,,,,,,,,,,,,,,,,,,,,,,,,,,
2023,10,10,0,0,16.4,14.4,87.98,,,,,,,,,,,,,,,,,,,,,,,,,,,,,,,,,,,,
2023,10,10,1,0,15.2,14.1,93.01,,,,,,,,,,,,,,,,,,,,,,,,,,,,,,,,,,,,
2023,10,10,2,0,14.2,13.5,95.51,,,,,,,,,,,,,,,,,,,,,,,,,,,,,,,,,,,,
2023,10,10,3,0,13.5,12.8,95.69,,,,,,,,,,,,,,,,,,,,,,,,,,,,,,,,,,,,
2023,10,10,4,0,12.7,12.1,95.83,,,,,,,,,,,,,,,,,,,,,,,,,,,,,,,,,,,,
2023,10,10,5,0,12,11.5,96.69,,,,,,,,,,,,,,,,,,,,,,,,,,,,,,,,,,,,
2023,10,10,6,0,11.4,11,97.33,,,,,,,,,,,,,,,,,,,,,,,,,,,,,,,,,,,,
2023,10,10,7,0,10.8,10.6,98.46,,,,,,,,,,,,,,,,,,,,,,,,,,,,,,,,,,,,
2023,10,10,8,0,10.9,10.4,96.7,,,,,,,,,,,,,,,,,,,,,,,,,,,,,,,,,,,,
2023,10,10,9,0,11,10.3,95.62,,,,,,,,,,,,,,,,,,,,,,,,,,,,,,,,,,,,
2023,10,10,10,0,11.3,10.2,93.21,,,,,,,,,,,,,,,,,,,,,,,,,,,,,,,,,,,,
2023,10,10,11,0,11.3,10.1,92.22,,,,,,,,,,,,,,,,,,,,,,,,,,,,,,,,,,,,
2023,10,10,12,0,11,9.8,92.22,,,,,,,,,,,,,,,,,,,,,,,,,,,,,,,,,,,,
2023,10,10,13,0,10.8,9.6,92.19,,,,,,,,,,,,,,,,,,,,,,,,,,,,,,,,,,,,
2023,10,10,14,0,10.7,9.6,92.71,,,,,,,,,,,,,,,,,,,,,,,,,,,,,,,,,,,,
2023,10,10,15,0,11.1,9.8,91.54,,,,,,,,,,,,,,,,,,,,,,,,,,,,,,,,,,,,
2023,10,10,16,0,11.5,10,90.63,,,,,,,,,,,,,,,,,,,,,,,,,,,,,,,,,,,,
2023,10,10,17,0,12,10.2,89.01,,,,,,,,,,,,,,,,,,,,,,,,,,,,,,,,,,,,
2023,10,10,18,0,12.6,10.5,87.13,,,,,,,,,,,,,,,,,,,,,,,,,,,,,,,,,,,,
2023,10,10,19,0,13,10.9,86.82,,,,,,,,,,,,,,,,,,,,,,,,,,,,,,,,,,,,
2023,10,10,20,0,13.9,11.4,84.88,,,,,,,,,,,,,,,,,,,,,,,,,,,,,,,,,,,,
2023,10,10,21,0,15.1,11.8,80.47,,,,,,,,,,,,,,,,,,,,,,,,,,,,,,,,,,,,
2023,10,10,22,0,15.6,11.7,77.6,,,,,,,,,,,,,,,,,,,,,,,,,,,,,,,,,,,,
2023,10,10,23,0,15.3,11.8,79.64,,,,,,,,,,,,,,,,,,,,,,,,,,,,,,,,,,,,
2023,10,11,0,0,14.6,12,84.57,,,,,,,,,,,,,,,,,,,,,,,,,,,,,,,,,,,,
2023,10,11,1,0,13.5,11.8,89.67,,,,,,,,,,,,,,,,,,,,,,,,,,,,,,,,,,,,
2023,10,11,2,0,13.1,11.9,92.59,,,,,,,,,,,,,,,,,,,,,,,,,,,,,,,,,,,,
2023,10,11,3,0,13,12.1,94.18,,,,,,,,,,,,,,,,,,,,,,,,,,,,,,,,,,,,
2023,10,11,4,0,12.6,11.8,94.7,,,,,,,,,,,,,,,,,,,,,,,,,,,,,,,,,,,,
2023,10,11,5,0,11.9,11.2,95.37,,,,,,,,,,,,,,,,,,,,,,,,,,,,,,,,,,,,
2023,10,11,6,0,11.3,10.6,95.62,,,,,,,,,,,,,,,,,,,,,,,,,,,,,,,,,,,,
2023,10,11,7,0,10.7,10.1,96.19,,,,,,,,,,,,,,,,,,,,,,,,,,,,,,,,,,,,
2023,10,11,8,0,10.3,9.7,96.15,,,,,,,,,,,,,,,,,,,,,,,,,,,,,,,,,,,,
2023,10,11,9,0,10.1,9.4,95.68,,,,,,,,,,,,,,,,,,,,,,,,,,,,,,,,,,,,
2023,10,11,10,0,10.1,9.4,95.15,,,,,,,,,,,,,,,,,,,,,,,,,,,,,,,,,,,,
2023,10,11,11,0,10.1,9.3,94.92,,,,,,,,,,,,,,,,,,,,,,,,,,,,,,,,,,,,
2023,10,11,12,0,10.4,9.4,93.65,,,,,,,,,,,,,,,,,,,,,,,,,,,,,,,,,,,,
2023,10,11,13,0,10.4,9.5,94.21,,,,,,,,,,,,,,,,,,,,,,,,,,,,,,,,,,,,
2023,10,11,14,0,10.4,9.5,94.41,,,,,,,,,,,,,,,,,,,,,,,,,,,,,,,,,,,,
2023,10,11,15,0,10.7,9.9,94.62,,,,,,,,,,,,,,,,,,,,,,,,,,,,,,,,,,,,
2023,10,11,16,0,11.6,10.7,94.41,,,,,,,,,,,,,,,,,,,,,,,,,,,,,,,,,,,,
2023,10,11,17,0,12.8,11.7,93.26,,,,,,,,,,,,,,,,,,,,,,,,,,,,,,,,,,,,
2023,10,11,18,0,14,12.2,88.94,,,,,,,,,,,,,,,,,,,,,,,,,,,,,,,,,,,,
2023,10,11,19,0,14.8,12,83.51,,,,,,,,,,,,,,,,,,,,,,,,,,,,,,,,,,,,
2023,10,11,20,0,15.4,11.7,78.61,,,,,,,,,,,,,,,,,,,,,,,,,,,,,,,,,,,,
2023,10,11,21,0,15.6,11.7,77.54,,,,,,,,,,,,,,,,,,,,,,,,,,,,,,,,,,,,
2023,10,11,22,0,15.6,12,79.23,,,,,,,,,,,,,,,,,,,,,,,,,,,,,,,,,,,,
2023,10,11,23,0,15.8,12.7,81.68,,,,,,,,,,,,,,,,,,,,,,,,,,,,,,,,,,,,
2023,10,12,0,0,14.8,12.7,87.21,,,,,,,,,,,,,,,,,,,,,,,,,,,,,,,,,,,,
2023,10,12,1,0,13.3,11.2,87.37,,,,,,,,,,,,,,,,,,,,,,,,,,,,,,,,,,,,
2023,10,12,2,0,12.3,10.5,88.48,,,,,,,,,,,,,,,,,,,,,,,,,,,,,,,,,,,,
2023,10,12,3,0,11.7,10.3,90.96,,,,,,,,,,,,,,,,,,,,,,,,,,,,,,,,,,,,
2023,10,12,4,0,11.2,10.1,92.76,,,,,,,,,,,,,,,,,,,,,,,,,,,,,,,,,,,,
2023,10,12,5,0,10.8,9.9,93.89,,,,,,,,,,,,,,,,,,,,,,,,,,,,,,,,,,,,
2023,10,12,6,0,10.3,9.4,94.31,,,,,,,,,,,,,,,,,,,,,,,,,,,,,,,,,,,,
2023,10,12,7,0,10.4,9.2,92.36,,,,,,,,,,,,,,,,,,,,,,,,,,,,,,,,,,,,
2023,10,12,8,0,10.4,9,91.34,,,,,,,,,,,,,,,,,,,,,,,,,,,,,,,,,,,,
2023,10,12,9,0,10.1,8.7,91.21,,,,,,,,,,,,,,,,,,,,,,,,,,,,,,,,,,,,
2023,10,12,10,0,9.7,8.4,91.52,,,,,,,,,,,,,,,,,,,,,,,,,,,,,,,,,,,,
2023,10,12,11,0,9.6,8.2,91.27,,,,,,,,,,,,,,,,,,,,,,,,,,,,,,,,,,,,
2023,10,12,12,0,9.6,8.2,90.92,,,,,,,,,,,,,,,,,,,,,,,,,,,,,,,,,,,,
2023,10,12,13,0,9.5,8.1,90.87,,,,,,,,,,,,,,,,,,,,,,,,,,,,,,,,,,,,
2023,10,12,14,0,9.2,7.8,91.12,,,,,,,,,,,,,,,,,,,,,,,,,,,,,,,,,,,,
2023,10,12,15,0,10,9.1,94.05,,,,,,,,,,,,,,,,,,,,,,,,,,,,,,,,,,,,
2023,10,12,16,0,13.2,12,92.16,,,,,,,,,,,,,,,,,,,,,,,,,,,,,,,,,,,,
2023,10,12,17,0,17.3,13.3,77.21,,,,,,,,,,,,,,,,,,,,,,,,,,,,,,,,,,,,
2023,10,12,18,0,18.4,11.1,62.47,,,,,,,,,,,,,,,,,,,,,,,,,,,,,,,,,,,,
2023,10,12,19,0,19,10.3,56.94,,,,,,,,,,,,,,,,,,,,,,,,,,,,,,,,,,,,
2023,10,12,20,0,19.8,10,53.13,,,,,,,,,,,,,,,,,,,,,,,,,,,,,,,,,,,,
2023,10,12,21,0,19.8,9.4,51.2,,,,,,,,,,,,,,,,,,,,,,,,,,,,,,,,,,,,
2023,10,12,22,0,19.9,9.5,51.11,,,,,,,,,,,,,,,,,,,,,,,,,,,,,,,,,,,,
2023,10,12,23,0,19.6,10,54.02,,,,,,,,,,,,,,,,,,,,,,,,,,,,,,,,,,,,
2023,10,13,0,0,18.3,12.2,67.59,,,,,,,,,,,,,,,,,,,,,,,,,,,,,,,,,,,,
2023,10,13,1,0,14.5,10.8,78.34,,,,,,,,,,,,,,,,,,,,,,,,,,,,,,,,,,,,
2023,10,13,2,0,12.5,10,84.63,,,,,,,,,,,,,,,,,,,,,,,,,,,,,,,,,,,,
2023,10,13,3,0,11.8,9.7,87.06,,,,,,,,,,,,,,,,,,,,,,,,,,,,,,,,,,,,
2023,10,13,4,0,11.2,9.3,87.99,,,,,,,,,,,,,,,,,,,,,,,,,,,,,,,,,,,,
2023,10,13,5,0,10.9,8.7,86.16,,,,,,,,,,,,,,,,,,,,,,,,,,,,,,,,,,,,
2023,10,13,6,0,10.8,8,82.99,,,,,,,,,,,,,,,,,,,,,,,,,,,,,,,,,,,,
2023,10,13,7,0,10.6,7.6,81.72,,,,,,,,,,,,,,,,,,,,,,,,,,,,,,,,,,,,
2023,10,13,8,0,10.5,7.2,79.91,,,,,,,,,,,,,,,,,,,,,,,,,,,,,,,,,,,,
2023,10,13,9,0,10.5,6.9,78.42,,,,,,,,,,,,,,,,,,,,,,,,,,,,,,,,,,,,
2023,10,13,10,0,10.5,6.8,77.69,,,,,,,,,,,,,,,,,,,,,,,,,,,,,,,,,,,,
2023,10,13,11,0,10.3,6.7,78.25,,,,,,,,,,,,,,,,,,,,,,,,,,,,,,,,,,,,
2023,10,13,12,0,10.2,6.6,78.59,,,,,,,,,,,,,,,,,,,,,,,,,,,,,,,,,,,,
2023,10,13,13,0,10.4,6.6,77.44,,,,,,,,,,,,,,,,,,,,,,,,,,,,,,,,,,,,
2023,10,13,14,0,10.6,6.7,76.69,,,,,,,,,,,,,,,,,,,,,,,,,,,,,,,,,,,,
2023,10,13,15,0,11.5,7.4,75.73,,,,,,,,,,,,,,,,,,,,,,,,,,,,,,,,,,,,
2023,10,13,16,0,13.6,8.5,71.11,,,,,,,,,,,,,,,,,,,,,,,,,,,,,,,,,,,,
2023,10,13,17,0,15.8,8.5,61.75,,,,,,,,,,,,,,,,,,,,,,,,,,,,,,,,,,,,
2023,10,13,18,0,17.8,8.9,56.01,,,,,,,,,,,,,,,,,,,,,,,,,,,,,,,,,,,,
2023,10,13,19,0,19.4,9.1,51.49,,,,,,,,,,,,,,,,,,,,,,,,,,,,,,,,,,,,
2023,10,13,20,0,20.4,9.3,48.93,,,,,,,,,,,,,,,,,,,,,,,,,,,,,,,,,,,,
2023,10,13,21,0,20.9,9.5,47.92,,,,,,,,,,,,,,,,,,,,,,,,,,,,,,,,,,,,
2023,10,13,22,0,20.3,10.9,54.92,,,,,,,,,,,,,,,,,,,,,,,,,,,,,,,,,,,,
2023,10,13,23,0,18.3,12.9,70.61,,,,,,,,,,,,,,,,,,,,,,,,,,,,,,,,,,,,
2023,10,14,0,0,16.4,12.6,78.3,,,,,,,,,,,,,,,,,,,,,,,,,,,,,,,,,,,,
2023,10,14,1,0,14.9,12.1,83.54,,,,,,,,,,,,,,,,,,,,,,,,,,,,,,,,,,,,
2023,10,14,2,0,14,12.1,88.37,,,,,,,,,,,,,,,,,,,,,,,,,,,,,,,,,,,,
2023,10,14,3,0,13.6,12.1,90.44,,,,,,,,,,,,,,,,,,,,,,,,,,,,,,,,,,,,
2023,10,14,4,0,13.2,11.9,91.72,,,,,,,,,,,,,,,,,,,,,,,,,,,,,,,,,,,,
2023,10,14,5,0,12.8,11.7,93.05,,,,,,,,,,,,,,,,,,,,,,,,,,,,,,,,,,,,
2023,10,14,6,0,12.4,11.5,94.15,,,,,,,,,,,,,,,,,,,,,,,,,,,,,,,,,,,,
2023,10,14,7,0,12.1,11.2,93.95,,,,,,,,,,,,,,,,,,,,,,,,,,,,,,,,,,,,
2023,10,14,8,0,11.6,10.7,94.11,,,,,,,,,,,,,,,,,,,,,,,,,,,,,,,,,,,,
2023,10,14,9,0,11.4,10.4,93.32,,,,,,,,,,,,,,,,,,,,,,,,,,,,,,,,,,,,
2023,10,14,10,0,11.2,10.1,92.92,,,,,,,,,,,,,,,,,,,,,,,,,,,,,,,,,,,,
2023,10,14,11,0,11.1,9.9,92.36,,,,,,,,,,,,,,,,,,,,,,,,,,,,,,,,,,,,
2023,10,14,12,0,11,9.8,92.1,,,,,,,,,,,,,,,,,,,,,,,,,,,,,,,,,,,,
2023,10,14,13,0,11,9.7,91.74,,,,,,,,,,,,,,,,,,,,,,,,,,,,,,,,,,,,
2023,10,14,14,0,10.9,9.6,91.72,,,,,,,,,,,,,,,,,,,,,,,,,,,,,,,,,,,,
2023,10,14,15,0,11.6,10.2,91.39,,,,,,,,,,,,,,,,,,,,,,,,,,,,,,,,,,,,
2023,10,14,16,0,12.8,11.2,89.87,,,,,,,,,,,,,,,,,,,,,,,,,,,,,,,,,,,,
2023,10,14,17,0,13.8,11.8,87.45,,,,,,,,,,,,,,,,,,,,,,,,,,,,,,,,,,,,
2023,10,14,18,0,15.2,12.1,81.84,,,,,,,,,,,,,,,,,,,,,,,,,,,,,,,,,,,,
2023,10,14,19,0,16,11.1,72.93,,,,,,,,,,,,,,,,,,,,,,,,,,,,,,,,,,,,
2023,10,14,20,0,16.4,11,70.2,,,,,,,,,,,,,,,,,,,,,,,,,,,,,,,,,,,,
2023,10,14,21,0,16.7,11.2,69.85,,,,,,,,,,,,,,,,,,,,,,,,,,,,,,,,,,,,
2023,10,14,22,0,16.3,11.9,75.43,,,,,,,,,,,,,,,,,,,,,,,,,,,,,,,,,,,,
2023,10,14,23,0,15.7,12.9,83.62,,,,,,,,,,,,,,,,,,,,,,,,,,,,,,,,,,,,
2023,10,15,0,0,14.8,13.3,90.49,,,,,,,,,,,,,,,,,,,,,,,,,,,,,,,,,,,,
2023,10,15,1,0,13.4,12.5,94.32,,,,,,,,,,,,,,,,,,,,,,,,,,,,,,,,,,,,
2023,10,15,2,0,12.8,12.1,95.73,,,,,,,,,,,,,,,,,,,,,,,,,,,,,,,,,,,,
2023,10,15,3,0,12.4,11.8,96.31,,,,,,,,,,,,,,,,,,,,,,,,,,,,,,,,,,,,
2023,10,15,4,0,12.2,11.5,95.75,,,,,,,,,,,,,,,,,,,,,,,,,,,,,,,,,,,,
2023,10,15,5,0,12.3,11.4,94.33,,,,,,,,,,,,,,,,,,,,,,,,,,,,,,,,,,,,
2023,10,15,6,0,12.2,11.3,94.2,,,,,,,,,,,,,,,,,,,,,,,,,,,,,,,,,,,,
2023,10,15,7,0,12.5,11.4,93.09,,,,,,,,,,,,,,,,,,,,,,,,,,,,,,,,,,,,
2023,10,15,8,0,12.5,11.4,93.25,,,,,,,,,,,,,,,,,,,,,,,,,,,,,,,,,,,,
2023,10,15,9,0,12.3,11.3,93.48,,,,,,,,,,,,,,,,,,,,,,,,,,,,,,,,,,,,
2023,10,15,10,0,12.2,11.1,92.93,,,,,,,,,,,,,,,,,,,,,,,,,,,,,,,,,,,,
2023,10,15,11,0,12.3,11,91.82,,,,,,,,,,,,,,,,,,,,,,,,,,,,,,,,,,,,
2023,10,15,12,0,12.4,10.9,90.32,,,,,,,,,,,,,,,,,,,,,,,,,,,,,,,,,,,,
2023,10,15,13,0,12.8,10.7,87.11,,,,,,,,,,,,,,,,,,,,,,,,,,,,,,,,,,,,
2023,10,15,14,0,13.3,10.6,83.78,,,,,,,,,,,,,,,,,,,,,,,,,,,,,,,,,,,,
2023,10,15,15,0,13.8,11,83.09,,,,,,,,,,,,,,,,,,,,,,,,,,,,,,,,,,,,
2023,10,15,16,0,14.7,12.8,88.18,,,,,,,,,,,,,,,,,,,,,,,,,,,,,,,,,,,,
2023,10,15,17,0,16.9,13.5,80.52,,,,,,,,,,,,,,,,,,,,,,,,,,,,,,,,,,,,
2023,10,15,18,0,19.6,12.3,62.78,,,,,,,,,,,,,,,,,,,,,,,,,,,,,,,,,,,,
2023,10,15,19,0,20.1,11.5,57.56,,,,,,,,,,,,,,,,,,,,,,,,,,,,,,,,,,,,
2023,10,15,20,0,20.9,12,56.93,,,,,,,,,,,,,,,,,,,,,,,,,,,,,,,,,,,,
2023,10,15,21,0,20.8,12.8,60.34,,,,,,,,,,,,,,,,,,,,,,,,,,,,,,,,,,,,
2023,10,15,22,0,19.3,13.7,69.83,,,,,,,,,,,,,,,,,,,,,,,,,,,,,,,,,,,,
2023,10,15,23,0,18.4,14.1,75.86,,,,,,,,,,,,,,,,,,,,,,,,,,,,,,,,,,,,
2023,10,16,0,0,17.5,14.3,81.32,,,,,,,,,,,,,,,,,,,,,,,,,,,,,,,,,,,,
2023,10,16,1,0,15.6,13.4,86.53,,,,,,,,,,,,,,,,,,,,,,,,,,,,,,,,,,,,
2023,10,16,2,0,14.9,12.5,85.58,,,,,,,,,,,,,,,,,,,,,,,,,,,,,,,,,,,,
2023,10,16,3,0,14.8,11.6,81.37,,,,,,,,,,,,,,,,,,,,,,,,,,,,,,,,,,,,
2023,10,16,4,0,14.8,10.7,76.49,,,,,,,,,,,,,,,,,,,,,,,,,,,,,,,,,,,,
2023,10,16,5,0,15.3,10,70.68,,,,,,,,,,,,,,,,,,,,,,,,,,,,,,,,,,,,
2023,10,16,6,0,15,9.9,71.68,,,,,,,,,,,,,,,,,,,,,,,,,,,,,,,,,,,,
2023,10,16,7,0,14.6,9.7,72.66,,,,,,,,,,,,,,,,,,,,,,,,,,,,,,,,,,,,
2023,10,16,8,0,14.4,9.6,72.94,,,,,,,,,,,,,,,,,,,,,,,,,,,,,,,,,,,,
2023,10,16,9,0,14.4,9.5,72.57,,,,,,,,,,,,,,,,,,,,,,,,,,,,,,,,,,,,
2023,10,16,10,0,14.5,9.6,72.42,,,,,,,,,,,,,,,,,,,,,,,,,,,,,,,,,,,,
2023,10,16,11,0,14.1,9.8,75.3,,,,,,,,,,,,,,,,,,,,,,,,,,,,,,,,,,,,
2023,10,16,12,0,13.7,10.1,78.79,,,,,,,,,,,,,,,,,,,,,,,,,,,,,,,,,,,,
2023,10,16,13,0,13.9,10.3,78.99,,,,,,,,,,,,,,,,,,,,,,,,,,,,,,,,,,,,
2023,10,16,14,0,14.3,10.5,78.07,,,,,,,,,,,,,,,,,,,,,,,,,,,,,,,,,,,,
2023,10,16,15,0,14.9,11.1,78.17,,,,,,,,,,,,,,,,,,,,,,,,,,,,,,,,,,,,
2023,10,16,16,0,15.3,12.1,81.11,,,,,,,,,,,,,,,,,,,,,,,,,,,,,,,,,,,,
2023,10,16,17,0,15.6,13.1,84.86,,,,,,,,,,,,,,,,,,,,,,,,,,,,,,,,,,,,
2023,10,16,18,0,16.4,14,85.81,,,,,,,,,,,,,,,,,,,,,,,,,,,,,,,,,,,,
2023,10,16,19,0,17.4,14.6,83.79,,,,,,,,,,,,,,,,,,,,,,,,,,,,,,,,,,,,
2023,10,16,20,0,18,14.6,80.69,,,,,,,,,,,,,,,,,,,,,,,,,,,,,,,,,,,,
2023,10,16,21,0,18.1,14.8,81.16,,,,,,,,,,,,,,,,,,,,,,,,,,,,,,,,,,,,
2023,10,16,22,0,17.7,15.2,85.14,,,,,,,,,,,,,,,,,,,,,,,,,,,,,,,,,,,,
2023,10,16,23,0,16.9,15.3,90.19,,,,,,,,,,,,,,,,,,,,,,,,,,,,,,,,,,,,
2023,10,17,0,0,15.9,14.5,91.53,,,,,,,,,,,,,,,,,,,,,,,,,,,,,,,,,,,,
2023,10,17,1,0,14.2,13.2,93.45,,,,,,,,,,,,,,,,,,,,,,,,,,,,,,,,,,,,
2023,10,17,2,0,12.6,11.9,95.68,,,,,,,,,,,,,,,,,,,,,,,,,,,,,,,,,,,,
2023,10,17,3,0,11.7,11.3,97.31,,,,,,,,,,,,,,,,,,,,,,,,,,,,,,,,,,,,
2023,10,17,4,0,11.3,10.8,97,,,,,,,,,,,,,,,,,,,,,,,,,,,,,,,,,,,,
2023,10,17,5,0,10.8,10.4,97.62,,,,,,,,,,,,,,,,,,,,,,,,,,,,,,,,,,,,
2023,10,17,6,0,10.5,10.2,97.7,,,,,,,,,,,,,,,,,,,,,,,,,,,,,,,,,,,,
2023,10,17,7,0,10.3,10,97.87,,,,,,,,,,,,,,,,,,,,,,,,,,,,,,,,,,,,
2023,10,17,8,0,10.1,9.8,97.78,,,,,,,,,,,,,,,,,,,,,,,,,,,,,,,,,,,,
2023,10,17,9,0,9.9,9.6,97.9,,,,,,,,,,,,,,,,,,,,,,,,,,,,,,,,,,,,
2023,10,17,10,0,9.6,9.3,97.91,,,,,,,,,,,,,,,,,,,,,,,,,,,,,,,,,,,,
2023,10,17,11,0,9.4,9.1,98.19,,,,,,,,,,,,,,,,,,,,,,,,,,,,,,,,,,,,
2023,10,17,12,0,9.3,9,98.03,,,,,,,,,,,,,,,,,,,,,,,,,,,,,,,,,,,,
2023,10,17,13,0,9.6,9.2,97.12,,,,,,,,,,,,,,,,,,,,,,,,,,,,,,,,,,,,
2023,10,17,14,0,9.2,8.9,97.79,,,,,,,,,,,,,,,,,,,,,,,,,,,,,,,,,,,,
2023,10,17,15,0,10.4,9.9,96.66,,,,,,,,,,,,,,,,,,,,,,,,,,,,,,,,,,,,
2023,10,17,16,0,12.4,11.4,93.57,,,,,,,,,,,,,,,,,,,,,,,,,,,,,,,,,,,,
2023,10,17,17,0,14.1,11.9,86.66,,,,,,,,,,,,,,,,,,,,,,,,,,,,,,,,,,,,
2023,10,17,18,0,14.6,11.2,80.14,,,,,,,,,,,,,,,,,,,,,,,,,,,,,,,,,,,,
2023,10,17,19,0,15.4,10.2,71.33,,,,,,,,,,,,,,,,,,,,,,,,,,,,,,,,,,,,
2023,10,17,20,0,15.6,9.6,67.62,,,,,,,,,,,,,,,,,,,,,,,,,,,,,,,,,,,,
2023,10,17,21,0,14.6,10.3,75.44,,,,,,,,,,,,,,,,,,,,,,,,,,,,,,,,,,,,
2023,10,17,22,0,13.9,10.9,81.92,,,,,,,,,,,,,,,,,,,,,,,,,,,,,,,,,,,,
2023,10,17,23,0,14,10.6,80.22,,,,,,,,,,,,,,,,,,,,,,,,,,,,,,,,,,,,
2023,10,18,0,0,13.9,10.7,81.3,,,,,,,,,,,,,,,,,,,,,,,,,,,,,,,,,,,,
2023,10,18,1,0,11.9,9.8,86.86,,,,,,,,,,,,,,,,,,,,,,,,,,,,,,,,,,,,
2023,10,18,2,0,11.2,9,86.51,,,,,,,,,,,,,,,,,,,,,,,,,,,,,,,,,,,,
2023,10,18,3,0,11.5,9.2,85.82,,,,,,,,,,,,,,,,,,,,,,,,,,,,,,,,,,,,
2023,10,18,4,0,11.1,8.9,86.18,,,,,,,,,,,,,,,,,,,,,,,,,,,,,,,,,,,,
2023,10,18,5,0,10.5,8.5,87.67,,,,,,,,,,,,,,,,,,,,,,,,,,,,,,,,,,,,
2023,10,18,6,0,10,8.2,88.81,,,,,,,,,,,,,,,,,,,,,,,,,,,,,,,,,,,,
2023,10,18,7,0,9.8,8,88.34,,,,,,,,,,,,,,,,,,,,,,,,,,,,,,,,,,,,
2023,10,18,8,0,9.7,7.6,87.03,,,,,,,,,,,,,,,,,,,,,,,,,,,,,,,,,,,,
2023,10,18,9,0,10,7.5,84.2,,,,,,,,,,,,,,,,,,,,,,,,,,,,,,,,,,,,
2023,10,18,10,0,10.1,7.2,82.37,,,,,,,,,,,,,,,,,,,,,,,,,,,,,,,,,,,,
2023,10,18,11,0,10,6.9,80.98,,,,,,,,,,,,,,,,,,,,,,,,,,,,,,,,,,,,
2023,10,18,12,0,10,6.6,79.48,,,,,,,,,,,,,,,,,,,,,,,,,,,,,,,,,,,,
2023,10,18,13,0,10.2,6.3,76.63,,,,,,,,,,,,,,,,,,,,,,,,,,,,,,,,,,,,
2023,10,18,14,0,10.4,6,73.96,,,,,,,,,,,,,,,,,,,,,,,,,,,,,,,,,,,,
2023,10,18,15,0,11.5,6.8,72.68,,,,,,,,,,,,,,,,,,,,,,,,,,,,,,,,,,,,
2023,10,18,16,0,14.3,8.9,69.92,,,,,,,,,,,,,,,,,,,,,,,,,,,,,,,,,,,,
2023,10,18,17,0,16.9,9.6,61.92,,,,,,,,,,,,,,,,,,,,,,,,,,,,,,,,,,,,
2023,10,18,18,0,18.4,10.3,59.32,,,,,,,,,,,,,,,,,,,,,,,,,,,,,,,,,,,,
2023,10,18,19,0,19.7,11.7,59.82,,,,,,,,,,,,,,,,,,,,,,,,,,,,,,,,,,,,
2023,10,18,20,0,20.7,13,61.23,,,,,,,,,,,,,,,,,,,,,,,,,,,,,,,,,,,,
2023,10,18,21,0,21.2,13.5,61.65,,,,,,,,,,,,,,,,,,,,,,,,,,,,,,,,,,,,
2023,10,18,22,0,21.2,13.8,62.85,,,,,,,,,,,,,,,,,,,,,,,,,,,,,,,,,,,,
2023,10,18,23,0,20.7,14.4,67.27,,,,,,,,,,,,,,,,,,,,,,,,,,,,,,,,,,,,
2023,10,19,0,0,19,15.4,79.54,,,,,,,,,,,,,,,,,,,,,,,,,,,,,,,,,,,,
2023,10,19,1,0,16.1,14.1,87.85,,,,,,,,,,,,,,,,,,,,,,,,,,,,,,,,,,,,
2023,10,19,2,0,15.1,13.5,90.39,,,,,,,,,,,,,,,,,,,,,,,,,,,,,,,,,,,,
2023,10,19,3,0,14.7,13.2,90.68,,,,,,,,,,,,,,,,,,,,,,,,,,,,,,,,,,,,
2023,10,19,4,0,14.1,12.7,91.16,,,,,,,,,,,,,,,,,,,,,,,,,,,,,,,,,,,,
2023,10,19,5,0,13.9,12.2,89.37,,,,,,,,,,,,,,,,,,,,,,,,,,,,,,,,,,,,
2023,10,19,6,0,13.9,11.8,87.26,,,,,,,,,,,,,,,,,,,,,,,,,,,,,,,,,,,,
2023,10,19,7,0,13.7,11.6,87.25,,,,,,,,,,,,,,,,,,,,,,,,,,,,,,,,,,,,
2023,10,19,8,0,13.4,11.4,87.48,,,,,,,,,,,,,,,,,,,,,,,,,,,,,,,,,,,,
2023,10,19,9,0,13.3,11.2,86.99,,,,,,,,,,,,,,,,,,,,,,,,,,,,,,,,,,,,
2023,10,19,10,0,13.1,11,87.05,,,,,,,,,,,,,,,,,,,,,,,,,,,,,,,,,,,,
2023,10,19,11,0,12.8,10.8,87.38,,,,,,,,,,,,,,,,,,,,,,,,,,,,,,,,,,,,
2023,10,19,12,0,12.6,10.5,87.18,,,,,,,,,,,,,,,,,,,,,,,,,,,,,,,,,,,,
2023,10,19,13,0,12.3,10.2,87.19,,,,,,,,,,,,,,,,,,,,,,,,,,,,,,,,,,,,
2023,10,19,14,0,12.2,9.9,85.69,,,,,,,,,,,,,,,,,,,,,,,,,,,,,,,,,,,,
2023,10,19,15,0,13,10,82.16,,,,,,,,,,,,,,,,,,,,,,,,,,,,,,,,,,,,
2023,10,19,16,0,15.2,10.8,75.02,,,,,,,,,,,,,,,,,,,,,,,,,,,,,,,,,,,,
2023,10,19,17,0,17.4,12.4,72.4,,,,,,,,,,,,,,,,,,,,,,,,,,,,,,,,,,,,
2023,10,19,18,0,19.1,14,72.33,,,,,,,,,,,,,,,,,,,,,,,,,,,,,,,,,,,,
2023,10,19,19,0,20.4,14.9,70.82,,,,,,,,,,,,,,,,,,,,,,,,,,,,,,,,,,,,
2023,10,19,20,0,21.1,15.5,70.41,,,,,,,,,,,,,,,,,,,,,,,,,,,,,,,,,,,,
2023,10,19,21,0,21.3,15.9,71.16,,,,,,,,,,,,,,,,,,,,,,,,,,,,,,,,,,,,
2023,10,19,22,0,21.1,16.1,73.07,,,,,,,,,,,,,,,,,,,,,,,,,,,,,,,,,,,,
2023,10,19,23,0,20.5,16.5,77.71,,,,,,,,,,,,,,,,,,,,,,,,,,,,,,,,,,,,
2023,10,20,0,0,19.3,16.7,85.14,,,,,,,,,,,,,,,,,,,,,,,,,,,,,,,,,,,,
2023,10,20,1,0,16.9,16.2,95.37,,,,,,,,,,,,,,,,,,,,,,,,,,,,,,,,,,,,
2023,10,20,2,0,16.1,15.6,97.1,,,,,,,,,,,,,,,,,,,,,,,,,,,,,,,,,,,,
2023,10,20,3,0,16,15.3,95.92,,,,,,,,,,,,,,,,,,,,,,,,,,,,,,,,,,,,
2023,10,20,4,0,15.8,15.1,95.85,,,,,,,,,,,,,,,,,,,,,,,,,,,,,,,,,,,,
2023,10,20,5,0,15.6,14.9,95.71,,,,,,,,,,,,,,,,,,,,,,,,,,,,,,,,,,,,
2023,10,20,6,0,15.2,14.6,96.48,,,,,,,,,,,,,,,,,,,,,,,,,,,,,,,,,,,,
2023,10,20,7,0,14.7,14.2,97.03,,,,,,,,,,,,,,,,,,,,,,,,,,,,,,,,,,,,
2023,10,20,8,0,14,13.7,97.91,,,,,,,,,,,,,,,,,,,,,,,,,,,,,,,,,,,,
2023,10,20,9,0,13.3,13.2,99.66,,,,,,,,,,,,,,,,,,,,,,,,,,,,,,,,,,,,
2023,10,20,10,0,12.6,12.6,100,,,,,,,,,,,,,,,,,,,,,,,,,,,,,,,,,,,,
2023,10,20,11,0,12.1,12.1,100,,,,,,,,,,,,,,,,,,,,,,,,,,,,,,,,,,,,
2023,10,20,12,0,11.9,11.8,99.5,,,,,,,,,,,,,,,,,,,,,,,,,,,,,,,,,,,,
2023,10,20,13,0,11.8,11.5,98.01,,,,,,,,,,,,,,,,,,,,,,,,,,,,,,,,,,,,
2023,10,20,14,0,11.7,11.2,96.89,,,,,,,,,,,,,,,,,,,,,,,,,,,,,,,,,,,,
2023,10,20,15,0,12,11.4,95.82,,,,,,,,,,,,,,,,,,,,,,,,,,,,,,,,,,,,
2023,10,20,16,0,12.8,11.7,93.15,,,,,,,,,,,,,,,,,,,,,,,,,,,,,,,,,,,,
2023,10,20,17,0,13.5,12,90.86,,,,,,,,,,,,,,,,,,,,,,,,,,,,,,,,,,,,
2023,10,20,18,0,14.6,12.3,85.89,,,,,,,,,,,,,,,,,,,,,,,,,,,,,,,,,,,,
2023,10,20,19,0,15.5,12,79.89,,,,,,,,,,,,,,,,,,,,,,,,,,,,,,,,,,,,
2023,10,20,20,0,16,11.6,75.2,,,,,,,,,,,,,,,,,,,,,,,,,,,,,,,,,,,,
2023,10,20,21,0,16.1,11.2,72.95,,,,,,,,,,,,,,,,,,,,,,,,,,,,,,,,,,,,
2023,10,20,22,0,15.7,11,73.64,,,,,,,,,,,,,,,,,,,,,,,,,,,,,,,,,,,,
2023,10,20,23,0,14.9,11,77.55,,,,,,,,,,,,,,,,,,,,,,,,,,,,,,,,,,,,
2023,10,21,0,0,13.9,11.2,84.05,,,,,,,,,,,,,,,,,,,,,,,,,,,,,,,,,,,,
2023,10,21,1,0,12.8,11.1,89.5,,,,,,,,,,,,,,,,,,,,,,,,,,,,,,,,,,,,
2023,10,21,2,0,12.2,11.1,92.73,,,,,,,,,,,,,,,,,,,,,,,,,,,,,,,,,,,,
2023,10,21,3,0,11.9,11,94.21,,,,,,,,,,,,,,,,,,,,,,,,,,,,,,,,,,,,
2023,10,21,4,0,11.7,10.9,94.95,,,,,,,,,,,,,,,,,,,,,,,,,,,,,,,,,,,,
2023,10,21,5,0,11.6,10.9,95.19,,,,,,,,,,,,,,,,,,,,,,,,,,,,,,,,,,,,
2023,10,21,6,0,11.5,10.8,95.21,,,,,,,,,,,,,,,,,,,,,,,,,,,,,,,,,,,,
2023,10,21,7,0,11.5,10.6,94.22,,,,,,,,,,,,,,,,,,,,,,,,,,,,,,,,,,,,
2023,10,21,8,0,11.3,10.3,93.84,,,,,,,,,,,,,,,,,,,,,,,,,,,,,,,,,,,,
2023,10,21,9,0,10.8,10,94.9,,,,,,,,,,,,,,,,,,,,,,,,,,,,,,,,,,,,
2023,10,21,10,0,10.8,10,95.07,,,,,,,,,,,,,,,,,,,,,,,,,,,,,,,,,,,,
2023,10,21,11,0,10.9,10,94.31,,,,,,,,,,,,,,,,,,,,,,,,,,,,,,,,,,,,
2023,10,21,12,0,11,10,93.25,,,,,,,,,,,,,,,,,,,,,,,,,,,,,,,,,,,,
2023,10,21,13,0,11.1,9.9,92.23,,,,,,,,,,,,,,,,,,,,,,,,,,,,,,,,,,,,
2023,10,21,14,0,11.1,9.9,92.02,,,,,,,,,,,,,,,,,,,,,,,,,,,,,,,,,,,,
2023,10,21,15,0,11.4,10.1,91.71,,,,,,,,,,,,,,,,,,,,,,,,,,,,,,,,,,,,
2023,10,21,16,0,12.3,10.8,90.6,,,,,,,,,,,,,,,,,,,,,,,,,,,,,,,,,,,,
2023,10,21,17,0,13,10.9,87.26,,,,,,,,,,,,,,,,,,,,,,,,,,,,,,,,,,,,
2023,10,21,18,0,13.5,10.9,84.11,,,,,,,,,,,,,,,,,,,,,,,,,,,,,,,,,,,,
2023,10,21,19,0,13.8,10.7,81.45,,,,,,,,,,,,,,,,,,,,,,,,,,,,,,,,,,,,
2023,10,21,20,0,14.2,10.5,78.59,,,,,,,,,,,,,,,,,,,,,,,,,,,,,,,,,,,,
2023,10,21,21,0,14.5,10.3,76.08,,,,,,,,,,,,,,,,,,,,,,,,,,,,,,,,,,,,
2023,10,21,22,0,14.3,10.3,76.87,,,,,,,,,,,,,,,,,,,,,,,,,,,,,,,,,,,,
2023,10,21,23,0,13.7,10.6,81.58,,,,,,,,,,,,,,,,,,,,,,,,,,,,,,,,,,,,
2023,10,22,0,0,12.9,10.8,87.16,,,,,,,,,,,,,,,,,,,,,,,,,,,,,,,,,,,,
2023,10,22,1,0,11.9,10.6,91.87,,,,,,,,,,,,,,,,,,,,,,,,,,,,,,,,,,,,
2023,10,22,2,0,11.6,10.5,93.27,,,,,,,,,,,,,,,,,,,,,,,,,,,,,,,,,,,,
2023,10,22,3,0,11.6,10.5,92.73,,,,,,,,,,,,,,,,,,,,,,,,,,,,,,,,,,,,
2023,10,22,4,0,11.4,10.3,93.15,,,,,,,,,,,,,,,,,,,,,,,,,,,,,,,,,,,,
2023,10,22,5,0,11.3,10.3,93.41,,,,,,,,,,,,,,,,,,,,,,,,,,,,,,,,,,,,
2023,10,22,6,0,11.3,10.1,92.46,,,,,,,,,,,,,,,,,,,,,,,,,,,,,,,,,,,,
2023,10,22,7,0,11.2,9.9,91.69,,,,,,,,,,,,,,,,,,,,,,,,,,,,,,,,,,,,
2023,10,22,8,0,10.8,9.7,92.64,,,,,,,,,,,,,,,,,,,,,,,,,,,,,,,,,,,,
2023,10,22,9,0,10.6,9.4,92.48,,,,,,,,,,,,,,,,,,,,,,,,,,,,,,,,,,,,
2023,10,22,10,0,10.3,9.2,93.19,,,,,,,,,,,,,,,,,,,,,,,,,,,,,,,,,,,,
2023,10,22,11,0,10,9.1,94.23,,,,,,,,,,,,,,,,,,,,,,,,,,,,,,,,,,,,
2023,10,22,12,0,9.7,8.9,94.97,,,,,,,,,,,,,,,,,,,,,,,,,,,,,,,,,,,,
2023,10,22,13,0,9.4,8.8,96.2,,,,,,,,,,,,,,,,,,,,,,,,,,,,,,,,,,,,
2023,10,22,14,0,9.2,8.8,97.29,,,,,,,,,,,,,,,,,,,,,,,,,,,,,,,,,,,,
2023,10,22,15,0,10,9.2,95.09,,,,,,,,,,,,,,,,,,,,,,,,,,,,,,,,,,,,
2023,10,22,16,0,11.1,9.7,91.23,,,,,,,,,,,,,,,,,,,,,,,,,,,,,,,,,,,,
2023,10,22,17,0,11.9,9.9,87.37,,,,,,,,,,,,,,,,,,,,,,,,,,,,,,,,,,,,
2023,10,22,18,0,13.1,9.9,80.86,,,,,,,,,,,,,,,,,,,,,,,,,,,,,,,,,,,,
2023,10,22,19,0,14.5,9.8,73.4,,,,,,,,,,,,,,,,,,,,,,,,,,,,,,,,,,,,
2023,10,22,20,0,15.5,9.7,68.19,,,,,,,,,,,,,,,,,,,,,,,,,,,,,,,,,,,,
2023,10,22,21,0,15.9,9.6,66.13,,,,,,,,,,,,,,,,,,,,,,,,,,,,,,,,,,,,
2023,10,22,22,0,15.8,9.6,66.53,,,,,,,,,,,,,,,,,,,,,,,,,,,,,,,,,,,,
2023,10,22,23,0,15.1,9.6,69.66,,,,,,,,,,,,,,,,,,,,,,,,,,,,,,,,,,,,
2023,10,23,0,0,13.7,10,78.29,,,,,,,,,,,,,,,,,,,,,,,,,,,,,,,,,,,,
2023,10,23,1,0,10.9,9.5,91.32,,,,,,,,,,,,,,,,,,,,,,,,,,,,,,,,,,,,
2023,10,23,2,0,10.2,9.2,93.59,,,,,,,,,,,,,,,,,,,,,,,,,,,,,,,,,,,,
2023,10,23,3,0,10.2,9.2,93.44,,,,,,,,,,,,,,,,,,,,,,,,,,,,,,,,,,,,
2023,10,23,4,0,10,9.1,94.1,,,,,,,,,,,,,,,,,,,,,,,,,,,,,,,,,,,,
2023,10,23,5,0,9.3,8.8,96.66,,,,,,,,,,,,,,,,,,,,,,,,,,,,,,,,,,,,
2023,10,23,6,0,8.6,8.5,99.51,,,,,,,,,,,,,,,,,,,,,,,,,,,,,,,,,,,,
2023,10,23,7,0,8.5,8.4,99.66,,,,,,,,,,,,,,,,,,,,,,,,,,,,,,,,,,,,
2023,10,23,8,0,8.7,8.6,99.6,,,,,,,,,,,,,,,,,,,,,,,,,,,,,,,,,,,,
2023,10,23,9,0,9.1,8.9,98.37,,,,,,,,,,,,,,,,,,,,,,,,,,,,,,,,,,,,
2023,10,23,10,0,9.3,9.1,98.48,,,,,,,,,,,,,,,,,,,,,,,,,,,,,,,,,,,,
2023,10,23,11,0,9.1,9,99.55,,,,,,,,,,,,,,,,,,,,,,,,,,,,,,,,,,,,
2023,10,23,12,0,8.9,8.8,99.55,,,,,,,,,,,,,,,,,,,,,,,,,,,,,,,,,,,,
2023,10,23,13,0,8.4,8.4,99.79,,,,,,,,,,,,,,,,,,,,,,,,,,,,,,,,,,,,
2023,10,23,14,0,7.9,7.9,100,,,,,,,,,,,,,,,,,,,,,,,,,,,,,,,,,,,,
2023,10,23,15,0,8.2,7.9,97.72,,,,,,,,,,,,,,,,,,,,,,,,,,,,,,,,,,,,
2023,10,23,16,0,9.4,8.1,91.38,,,,,,,,,,,,,,,,,,,,,,,,,,,,,,,,,,,,
2023,10,23,17,0,10.5,7.7,82.83,,,,,,,,,,,,,,,,,,,,,,,,,,,,,,,,,,,,
2023,10,23,18,0,12,6.9,70.96,,,,,,,,,,,,,,,,,,,,,,,,,,,,,,,,,,,,
2023,10,23,19,0,13.1,6.3,63.3,,,,,,,,,,,,,,,,,,,,,,,,,,,,,,,,,,,,
2023,10,23,20,0,13.9,6,59.03,,,,,,,,,,,,,,,,,,,,,,,,,,,,,,,,,,,,
2023,10,23,21,0,14.1,5.8,57.2,,,,,,,,,,,,,,,,,,,,,,,,,,,,,,,,,,,,
2023,10,23,22,0,13.9,5.6,57.41,,,,,,,,,,,,,,,,,,,,,,,,,,,,,,,,,,,,
2023,10,23,23,0,13.3,5.8,60.45,,,,,,,,,,,,,,,,,,,,,,,,,,,,,,,,,,,,
2023,10,24,0,0,11.8,6.9,71.99,,,,,,,,,,,,,,,,,,,,,,,,,,,,,,,,,,,,
2023,10,24,1,0,9.9,5.9,76.25,,,,,,,,,,,,,,,,,,,,,,,,,,,,,,,,,,,,
2023,10,24,2,0,8.9,5.6,79.74,,,,,,,,,,,,,,,,,,,,,,,,,,,,,,,,,,,,
2023,10,24,3,0,7.9,5.5,84.51,,,,,,,,,,,,,,,,,,,,,,,,,,,,,,,,,,,,
2023,10,24,4,0,7.1,5.3,88.03,,,,,,,,,,,,,,,,,,,,,,,,,,,,,,,,,,,,
2023,10,24,5,0,6.3,5.1,92.25,,,,,,,,,,,,,,,,,,,,,,,,,,,,,,,,,,,,
2023,10,24,6,0,5.8,5.2,95.83,,,,,,,,,,,,,,,,,,,,,,,,,,,,,,,,,,,,
2023,10,24,7,0,5.4,5.1,98.27,,,,,,,,,,,,,,,,,,,,,,,,,,,,,,,,,,,,
2023,10,24,8,0,5.2,5.1,99.2,,,,,,,,,,,,,,,,,,,,,,,,,,,,,,,,,,,,
2023,10,24,9,0,5.7,5.3,97.24,,,,,,,,,,,,,,,,,,,,,,,,,,,,,,,,,,,,
2023,10,24,10,0,6.2,5.5,95.43,,,,,,,,,,,,,,,,,,,,,,,,,,,,,,,,,,,,
2023,10,24,11,0,6.2,5.6,95.96,,,,,,,,,,,,,,,,,,,,,,,,,,,,,,,,,,,,
2023,10,24,12,0,6.4,5.8,95.77,,,,,,,,,,,,,,,,,,,,,,,,,,,,,,,,,,,,
2023,10,24,13,0,6.6,5.9,95.54,,,,,,,,,,,,,,,,,,,,,,,,,,,,,,,,,,,,
2023,10,24,14,0,6.7,6.1,95.82,,,,,,,,,,,,,,,,,,,,,,,,,,,,,,,,,,,,
2023,10,24,15,0,7,6.3,95.52,,,,,,,,,,,,,,,,,,,,,,,,,,,,,,,,,,,,
2023,10,24,16,0,7.8,6.9,94.06,,,,,,,,,,,,,,,,,,,,,,,,,,,,,,,,,,,,
2023,10,24,17,0,8.6,7.6,93.21,,,,,,,,,,,,,,,,,,,,,,,,,,,,,,,,,,,,
2023,10,24,18,0,9.4,8.2,92.42,,,,,,,,,,,,,,,,,,,,,,,,,,,,,,,,,,,,
2023,10,24,19,0,9.9,8.4,90.21,,,,,,,,,,,,,,,,,,,,,,,,,,,,,,,,,,,,
2023,10,24,20,0,10.1,8.3,88.43,,,,,,,,,,,,,,,,,,,,,,,,,,,,,,,,,,,,
2023,10,24,21,0,10.1,8.1,87.31,,,,,,,,,,,,,,,,,,,,,,,,,,,,,,,,,,,,
2023,10,24,22,0,9.8,7.8,87.2,,,,,,,,,,,,,,,,,,,,,,,,,,,,,,,,,,,,
2023,10,24,23,0,9.3,7.3,87.3,,,,,,,,,,,,,,,,,,,,,,,,,,,,,,,,,,,,
2023,10,25,0,0,8.6,6.8,88.55,,,,,,,,,,,,,,,,,,,,,,,,,,,,,,,,,,,,
2023,10,25,1,0,7.9,6.4,90.3,,,,,,,,,,,,,,,,,,,,,,,,,,,,,,,,,,,,
2023,10,25,2,0,7.4,6.2,91.79,,,,,,,,,,,,,,,,,,,,,,,,,,,,,,,,,,,,
2023,10,25,3,0,7,6,93.28,,,,,,,,,,,,,,,,,,,,,,,,,,,,,,,,,,,,
2023,10,25,4,0,6.8,5.9,94.09,,,,,,,,,,,,,,,,,,,,,,,,,,,,,,,,,,,,
2023,10,25,5,0,6.6,5.8,94.78,,,,,,,,,,,,,,,,,,,,,,,,,,,,,,,,,,,,
2023,10,25,6,0,6.4,5.6,94.62,,,,,,,,,,,,,,,,,,,,,,,,,,,,,,,,,,,,
2023,10,25,7,0,6.2,5.4,94.7,,,,,,,,,,,,,,,,,,,,,,,,,,,,,,,,,,,,
2023,10,25,8,0,5.7,5,95.57,,,,,,,,,,,,,,,,,,,,,,,,,,,,,,,,,,,,
2023,10,25,9,0,5.5,4.8,95.08,,,,,,,,,,,,,,,,,,,,,,,,,,,,,,,,,,,,
2023,10,25,10,0,5.3,4.6,94.95,,,,,,,,,,,,,,,,,,,,,,,,,,,,,,,,,,,,
2023,10,25,11,0,5.1,4.3,94.28,,,,,,,,,,,,,,,,,,,,,,,,,,,,,,,,,,,,
2023,10,25,12,0,5.1,3.8,91.3,,,,,,,,,,,,,,,,,,,,,,,,,,,,,,,,,,,,
2023,10,25,13,0,4.8,3.4,90.95,,,,,,,,,,,,,,,,,,,,,,,,,,,,,,,,,,,,
2023,10,25,14,0,4.3,3.4,94.18,,,,,,,,,,,,,,,,,,,,,,,,,,,,,,,,,,,,
2023,10,25,15,0,5.2,4.4,94.83,,,,,,,,,,,,,,,,,,,,,,,,,,,,,,,,,,,,
2023,10,25,16,0,6.4,5.6,94.46,,,,,,,,,,,,,,,,,,,,,,,,,,,,,,,,,,,,
2023,10,25,17,0,7.2,6.1,92.55,,,,,,,,,,,,,,,,,,,,,,,,,,,,,,,,,,,,
2023,10,25,18,0,8,6,87.25,,,,,,,,,,,,,,,,,,,,,,,,,,,,,,,,,,,,
2023,10,25,19,0,8.7,5.3,79.09,,,,,,,,,,,,,,,,,,,,,,,,,,,,,,,,,,,,
2023,10,25,20,0,9.7,4.4,69.65,,,,,,,,,,,,,,,,,,,,,,,,,,,,,,,,,,,,
2023,10,25,21,0,10.2,3.8,64.57,,,,,,,,,,,,,,,,,,,,,,,,,,,,,,,,,,,,
2023,10,25,22,0,10.2,3.5,63.28,,,,,,,,,,,,,,,,,,,,,,,,,,,,,,,,,,,,
2023,10,25,23,0,9.4,3.4,66.36,,,,,,,,,,,,,,,,,,,,,,,,,,,,,,,,,,,,
2023,10,26,0,0,8,4,75.93,,,,,,,,,,,,,,,,,,,,,,,,,,,,,,,,,,,,
2023,10,26,1,0,5.7,3.1,83.25,,,,,,,,,,,,,,,,,,,,,,,,,,,,,,,,,,,,
2023,10,26,2,0,4.9,2.6,84.87,,,,,,,,,,,,,,,,,,,,,,,,,,,,,,,,,,,,
2023,10,26,3,0,4.1,2.1,86.75,,,,,,,,,,,,,,,,,,,,,,,,,,,,,,,,,,,,
2023,10,26,4,0,3.3,1.5,88,,,,,,,,,,,,,,,,,,,,,,,,,,,,,,,,,,,,
2023,10,26,5,0,3,0.8,85.74,,,,,,,,,,,,,,,,,,,,,,,,,,,,,,,,,,,,
2023,10,26,6,0,3.1,0.3,81.58,,,,,,,,,,,,,,,,,,,,,,,,,,,,,,,,,,,,
2023,10,26,7,0,3.4,-0.2,77.27,,,,,,,,,,,,,,,,,,,,,,,,,,,,,,,,,,,,
2023,10,26,8,0,3.5,-0.9,72.89,,,,,,,,,,,,,,,,,,,,,,,,,,,,,,,,,,,,
2023,10,26,9,0,3.4,-1.4,70.8,,,,,,,,,,,,,,,,,,,,,,,,,,,,,,,,,,,,
2023,10,26,10,0,3,-1.5,72.48,,,,,,,,,,,,,,,,,,,,,,,,,,,,,,,,,,,,
2023,10,26,11,0,2.6,-1.3,75.46,,,,,,,,,,,,,,,,,,,,,,,,,,,,,,,,,,,,
2023,10,26,12,0,2.4,-1,78.22,,,,,,,,,,,,,,,,,,,,,,,,,,,,,,,,,,,,
2023,10,26,13,0,2.4,-0.6,80.4,,,,,,,,,,,,,,,,,,,,,,,,,,,,,,,,,,,,
2023,10,26,14,0,2.3,-0.2,83.3,,,,,,,,,,,,,,,,,,,,,,,,,,,,,,,,,,,,
2023,10,26,15,0,2.6,0.6,86.95,,,,,,,,,,,,,,,,,,,,,,,,,,,,,,,,,,,,
2023,10,26,16,0,5.6,3.1,84.14,,,,,,,,,,,,,,,,,,,,,,,,,,,,,,,,,,,,
2023,10,26,17,0,7.9,3.7,74.6,,,,,,,,,,,,,,,,,,,,,,,,,,,,,,,,,,,,
2023,10,26,18,0,9.3,3.1,65.33,,,,,,,,,,,,,,,,,,,,,,,,,,,,,,,,,,,,
2023,10,26,19,0,10.1,2.7,60.23,,,,,,,,,,,,,,,,,,,,,,,,,,,,,,,,,,,,
2023,10,26,20,0,10.6,2.6,57.68,,,,,,,,,,,,,,,,,,,,,,,,,,,,,,,,,,,,
2023,10,26,21,0,10.8,2.5,56.72,,,,,,,,,,,,,,,,,,,,,,,,,,,,,,,,,,,,
2023,10,26,22,0,10.6,2.5,57.36,,,,,,,,,,,,,,,,,,,,,,,,,,,,,,,,,,,,
2023,10,26,23,0,10.1,2.8,60.53,,,,,,,,,,,,,,,,,,,,,,,,,,,,,,,,,,,,
2023,10,27,0,0,8.2,4.4,77.05,,,,,,,,,,,,,,,,,,,,,,,,,,,,,,,,,,,,
2023,10,27,1,0,5.5,3.1,84.72,,,,,,,,,,,,,,,,,,,,,,,,,,,,,,,,,,,,
2023,10,27,2,0,4.7,3.1,89.57,,,,,,,,,,,,,,,,,,,,,,,,,,,,,,,,,,,,
2023,10,27,3,0,4.2,3.2,93.01,,,,,,,,,,,,,,,,,,,,,,,,,,,,,,,,,,,,
2023,10,27,4,0,3.7,2.9,94.46,,,,,,,,,,,,,,,,,,,,,,,,,,,,,,,,,,,,
2023,10,27,5,0,3.4,2.5,93.97,,,,,,,,,,,,,,,,,,,,,,,,,,,,,,,,,,,,
2023,10,27,6,0,3.2,2.3,93.64,,,,,,,,,,,,,,,,,,,,,,,,,,,,,,,,,,,,
2023,10,27,7,0,3.1,2.3,94.49,,,,,,,,,,,,,,,,,,,,,,,,,,,,,,,,,,,,
2023,10,27,8,0,2.8,2.4,97.42,,,,,,,,,,,,,,,,,,,,,,,,,,,,,,,,,,,,
2023,10,27,9,0,2.5,2.5,99.94,,,,,,,,,,,,,,,,,,,,,,,,,,,,,,,,,,,,
2023,10,27,10,0,2.2,2.2,100,,,,,,,,,,,,,,,,,,,,,,,,,,,,,,,,,,,,
2023,10,27,11,0,2.1,2.1,100,,,,,,,,,,,,,,,,,,,,,,,,,,,,,,,,,,,,
2023,10,27,12,0,2.6,2.5,99.49,,,,,,,,,,,,,,,,,,,,,,,,,,,,,,,,,,,,
2023,10,27,13,0,2.7,1.9,94.13,,,,,,,,,,,,,,,,,,,,,,,,,,,,,,,,,,,,
2023,10,27,14,0,1.7,1.2,96.58,,,,,,,,,,,,,,,,,,,,,,,,,,,,,,,,,,,,
2023,10,27,15,0,1.7,1.2,96.14,,,,,,,,,,,,,,,,,,,,,,,,,,,,,,,,,,,,
2023,10,27,16,0,3.7,1.5,85.46,,,,,,,,,,,,,,,,,,,,,,,,,,,,,,,,,,,,
2023,10,27,17,0,5.6,0.6,70.32,,,,,,,,,,,,,,,,,,,,,,,,,,,,,,,,,,,,
2023,10,27,18,0,7.4,-0.6,56.89,,,,,,,,,,,,,,,,,,,,,,,,,,,,,,,,,,,,
2023,10,27,19,0,8.6,-1.4,49.3,,,,,,,,,,,,,,,,,,,,,,,,,,,,,,,,,,,,
2023,10,27,20,0,9.2,-1.9,45.72,,,,,,,,,,,,,,,,,,,,,,,,,,,,,,,,,,,,
2023,10,27,21,0,9.5,-2.3,43.66,,,,,,,,,,,,,,,,,,,,,,,,,,,,,,,,,,,,
2023,10,27,22,0,9.3,-2.5,43.59,,,,,,,,,,,,,,,,,,,,,,,,,,,,,,,,,,,,
2023,10,27,23,0,8.6,-2.2,46.49,,,,,,,,,,,,,,,,,,,,,,,,,,,,,,,,,,,,
2023,10,28,0,0,6.5,-0.7,59.99,,,,,,,,,,,,,,,,,,,,,,,,,,,,,,,,,,,,
2023,10,28,1,0,3.7,-0.8,72.33,,,,,,,,,,,,,,,,,,,,,,,,,,,,,,,,,,,,
2023,10,28,2,0,3.2,-0.7,75.72,,,,,,,,,,,,,,,,,,,,,,,,,,,,,,,,,,,,
2023,10,28,3,0,2.7,-0.4,80.06,,,,,,,,,,,,,,,,,,,,,,,,,,,,,,,,,,,,
2023,10,28,4,0,2.3,0,85.06,,,,,,,,,,,,,,,,,,,,,,,,,,,,,,,,,,,,
2023,10,28,5,0,1.7,0.5,91.57,,,,,,,,,,,,,,,,,,,,,,,,,,,,,,,,,,,,
2023,10,28,6,0,1.7,0.8,93.53,,,,,,,,,,,,,,,,,,,,,,,,,,,,,,,,,,,,
2023,10,28,7,0,1.8,0.9,93.95,,,,,,,,,,,,,,,,,,,,,,,,,,,,,,,,,,,,
2023,10,28,8,0,2,0.8,91.97,,,,,,,,,,,,,,,,,,,,,,,,,,,,,,,,,,,,
2023,10,28,9,0,2,0.6,90.12,,,,,,,,,,,,,,,,,,,,,,,,,,,,,,,,,,,,
2023,10,28,10,0,1.9,0.1,87.56,,,,,,,,,,,,,,,,,,,,,,,,,,,,,,,,,,,,
2023,10,28,11,0,1.7,-0.6,84.66,,,,,,,,,,,,,,,,,,,,,,,,,,,,,,,,,,,,
2023,10,28,12,0,1.4,-1.3,82.4,,,,,,,,,,,,,,,,,,,,,,,,,,,,,,,,,,,,
2023,10,28,13,0,1.1,-1.9,80.48,,,,,,,,,,,,,,,,,,,,,,,,,,,,,,,,,,,,
2023,10,28,14,0,0.8,-2.4,78.92,,,,,,,,,,,,,,,,,,,,,,,,,,,,,,,,,,,,
2023,10,28,15,0,1.1,-2.5,77.16,,,,,,,,,,,,,,,,,,,,,,,,,,,,,,,,,,,,
2023,10,28,16,0,3.9,-0.4,73.49,,,,,,,,,,,,,,,,,,,,,,,,,,,,,,,,,,,,
2023,10,28,17,0,6.3,-1.3,58.41,,,,,,,,,,,,,,,,,,,,,,,,,,,,,,,,,,,,
2023,10,28,18,0,8,-2.1,49.04,,,,,,,,,,,,,,,,,,,,,,,,,,,,,,,,,,,,
2023,10,28,19,0,8.9,-2.4,44.97,,,,,,,,,,,,,,,,,,,,,,,,,,,,,,,,,,,,
2023,10,28,20,0,9.5,-2.5,42.9,,,,,,,,,,,,,,,,,,,,,,,,,,,,,,,,,,,,
2023,10,28,21,0,9.8,-2.3,42.59,,,,,,,,,,,,,,,,,,,,,,,,,,,,,,,,,,,,
2023,10,28,22,0,9.7,-2,43.96,,,,,,,,,,,,,,,,,,,,,,,,,,,,,,,,,,,,
2023,10,28,23,0,9,-1,49.47,,,,,,,,,,,,,,,,,,,,,,,,,,,,,,,,,,,,
2023,10,29,0,0,6.7,0.6,64.89,,,,,,,,,,,,,,,,,,,,,,,,,,,,,,,,,,,,
2023,10,29,1,0,3.7,-0.1,76.48,,,,,,,,,,,,,,,,,,,,,,,,,,,,,,,,,,,,
2023,10,29,2,0,2.9,0.1,81.77,,,,,,,,,,,,,,,,,,,,,,,,,,,,,,,,,,,,
2023,10,29,3,0,2.3,0.2,85.71,,,,,,,,,,,,,,,,,,,,,,,,,,,,,,,,,,,,
2023,10,29,4,0,2.4,0.1,84.48,,,,,,,,,,,,,,,,,,,,,,,,,,,,,,,,,,,,
2023,10,29,5,0,2.5,-0.2,82.1,,,,,,,,,,,,,,,,,,,,,,,,,,,,,,,,,,,,
2023,10,29,6,0,2.3,-0.4,82.24,,,,,,,,,,,,,,,,,,,,,,,,,,,,,,,,,,,,
2023,10,29,7,0,1.9,-0.5,83.93,,,,,,,,,,,,,,,,,,,,,,,,,,,,,,,,,,,,
2023,10,29,8,0,1.6,-0.7,84.83,,,,,,,,,,,,,,,,,,,,,,,,,,,,,,,,,,,,
2023,10,29,9,0,1.3,-0.9,85.53,,,,,,,,,,,,,,,,,,,,,,,,,,,,,,,,,,,,
2023,10,29,10,0,1.1,-1.2,84.73,,,,,,,,,,,,,,,,,,,,,,,,,,,,,,,,,,,,
2023,10,29,11,0,1.1,-1.6,82.31,,,,,,,,,,,,,,,,,,,,,,,,,,,,,,,,,,,,
2023,10,29,12,0,0.9,-1.9,81.63,,,,,,,,,,,,,,,,,,,,,,,,,,,,,,,,,,,,
2023,10,29,13,0,0.7,-2.1,81.62,,,,,,,,,,,,,,,,,,,,,,,,,,,,,,,,,,,,
2023,10,29,14,0,0.8,-2.3,80.02,,,,,,,,,,,,,,,,,,,,,,,,,,,,,,,,,,,,
2023,10,29,15,0,1.3,-2.3,76.92,,,,,,,,,,,,,,,,,,,,,,,,,,,,,,,,,,,,
2023,10,29,16,0,3.5,-1.1,71.75,,,,,,,,,,,,,,,,,,,,,,,,,,,,,,,,,,,,
2023,10,29,17,0,6.1,-0.9,60.96,,,,,,,,,,,,,,,,,,,,,,,,,,,,,,,,,,,,
2023,10,29,18,0,8.8,-0.6,51.59,,,,,,,,,,,,,,,,,,,,,,,,,,,,,,,,,,,,
2023,10,29,19,0,11,-0.4,45.44,,,,,,,,,,,,,,,,,,,,,,,,,,,,,,,,,,,,
2023,10,29,20,0,12.4,-0.3,41.69,,,,,,,,,,,,,,,,,,,,,,,,,,,,,,,,,,,,
2023,10,29,21,0,12.9,0.2,41.69,,,,,,,,,,,,,,,,,,,,,,,,,,,,,,,,,,,,
2023,10,29,22,0,12.9,1.1,44.46,,,,,,,,,,,,,,,,,,,,,,,,,,,,,,,,,,,,
2023,10,29,23,0,11.9,3.1,54.94,,,,,,,,,,,,,,,,,,,,,,,,,,,,,,,,,,,,
2023,10,30,0,0,9,3.8,69.96,,,,,,,,,,,,,,,,,,,,,,,,,,,,,,,,,,,,
2023,10,30,1,0,5.7,2.3,78.98,,,,,,,,,,,,,,,,,,,,,,,,,,,,,,,,,,,,
2023,10,30,2,0,4.7,1.9,82.24,,,,,,,,,,,,,,,,,,,,,,,,,,,,,,,,,,,,
2023,10,30,3,0,4.2,1.3,81.54,,,,,,,,,,,,,,,,,,,,,,,,,,,,,,,,,,,,
2023,10,30,4,0,3.6,0.9,82.29,,,,,,,,,,,,,,,,,,,,,,,,,,,,,,,,,,,,
2023,10,30,5,0,3.1,0.5,83.34,,,,,,,,,,,,,,,,,,,,,,,,,,,,,,,,,,,,
2023,10,30,6,0,2.8,0.3,83.31,,,,,,,,,,,,,,,,,,,,,,,,,,,,,,,,,,,,
2023,10,30,7,0,2.8,0,81.55,,,,,,,,,,,,,,,,,,,,,,,,,,,,,,,,,,,,
2023,10,30,8,0,2.3,0,84.47,,,,,,,,,,,,,,,,,,,,,,,,,,,,,,,,,,,,
2023,10,30,9,0,1.9,0.1,88.03,,,,,,,,,,,,,,,,,,,,,,,,,,,,,,,,,,,,
2023,10,30,10,0,1.5,0.2,90.74,,,,,,,,,,,,,,,,,,,,,,,,,,,,,,,,,,,,
2023,10,30,11,0,1.2,0.1,92.15,,,,,,,,,,,,,,,,,,,,,,,,,,,,,,,,,,,,
2023,10,30,12,0,1.2,-0.2,90.16,,,,,,,,,,,,,,,,,,,,,,,,,,,,,,,,,,,,
2023,10,30,13,0,1,-0.5,89.49,,,,,,,,,,,,,,,,,,,,,,,,,,,,,,,,,,,,
2023,10,30,14,0,0.8,-0.8,89.27,,,,,,,,,,,,,,,,,,,,,,,,,,,,,,,,,,,,
2023,10,30,15,0,1.2,-0.8,86.21,,,,,,,,,,,,,,,,,,,,,,,,,,,,,,,,,,,,
2023,10,30,16,0,4.2,0.2,75.26,,,,,,,,,,,,,,,,,,,,,,,,,,,,,,,,,,,,
2023,10,30,17,0,6.9,0.8,64.97,,,,,,,,,,,,,,,,,,,,,,,,,,,,,,,,,,,,
2023,10,30,18,0,9.6,1.5,57.01,,,,,,,,,,,,,,,,,,,,,,,,,,,,,,,,,,,,
2023,10,30,19,0,12,2,50.29,,,,,,,,,,,,,,,,,,,,,,,,,,,,,,,,,,,,
2023,10,30,20,0,13.6,2.4,46.62,,,,,,,,,,,,,,,,,,,,,,,,,,,,,,,,,,,,
2023,10,30,21,0,14.3,2.9,46.38,,,,,,,,,,,,,,,,,,,,,,,,,,,,,,,,,,,,
2023,10,30,22,0,14.5,3.9,49.12,,,,,,,,,,,,,,,,,,,,,,,,,,,,,,,,,,,,
2023,10,30,23,0,13.8,5.6,57.66,,,,,,,,,,,,,,,,,,,,,,,,,,,,,,,,,,,,
2023,10,31,0,0,10.4,6,74.07,,,,,,,,,,,,,,,,,,,,,,,,,,,,,,,,,,,,
2023,10,31,1,0,7,4,81.24,,,,,,,,,,,,,,,,,,,,,,,,,,,,,,,,,,,,
2023,10,31,2,0,6.2,3.2,81.13,,,,,,,,,,,,,,,,,,,,,,,,,,,,,,,,,,,,
2023,10,31,3,0,6.3,2.3,75.82,,,,,,,,,,,,,,,,,,,,,,,,,,,,,,,,,,,,
2023,10,31,4,0,5.9,1.8,75.1,,,,,,,,,,,,,,,,,,,,,,,,,,,,,,,,,,,,
2023,10,31,5,0,5.2,1.6,77.51,,,,,,,,,,,,,,,,,,,,,,,,,,,,,,,,,,,,
2023,10,31,6,0,5,1.4,77.5,,,,,,,,,,,,,,,,,,,,,,,,,,,,,,,,,,,,
2023,10,31,7,0,4.7,1.2,77.98,,,,,,,,,,,,,,,,,,,,,,,,,,,,,,,,,,,,
2023,10,31,8,0,4.5,1.1,78.45,,,,,,,,,,,,,,,,,,,,,,,,,,,,,,,,,,,,
2023,10,31,9,0,4.3,1.1,79.53,,,,,,,,,,,,,,,,,,,,,,,,,,,,,,,,,,,,
2023,10,31,10,0,3.9,1.1,82.14,,,,,,,,,,,,,,,,,,,,,,,,,,,,,,,,,,,,
2023,10,31,11,0,3.5,1.2,84.91,,,,,,,,,,,,,,,,,,,,,,,,,,,,,,,,,,,,
2023,10,31,12,0,3.5,1.2,84.71,,,,,,,,,,,,,,,,,,,,,,,,,,,,,,,,,,,,
2023,10,31,13,0,3.8,1.1,82.3,,,,,,,,,,,,,,,,,,,,,,,,,,,,,,,,,,,,
2023,10,31,14,0,4.1,1,80.19,,,,,,,,,,,,,,,,,,,,,,,,,,,,,,,,,,,,
2023,10,31,15,0,4.3,1.1,79.65,,,,,,,,,,,,,,,,,,,,,,,,,,,,,,,,,,,,
2023,10,31,16,0,5.9,2.2,76.94,,,,,,,,,,,,,,,,,,,,,,,,,,,,,,,,,,,,
2023,10,31,17,0,8.2,3.2,70.81,,,,,,,,,,,,,,,,,,,,,,,,,,,,,,,,,,,,
2023,10,31,18,0,9.8,4.1,67.45,,,,,,,,,,,,,,,,,,,,,,,,,,,,,,,,,,,,
2023,10,31,19,0,10.7,5.3,69.35,,,,,,,,,,,,,,,,,,,,,,,,,,,,,,,,,,,,
2023,10,31,20,0,11.1,6.5,73.42,,,,,,,,,,,,,,,,,,,,,,,,,,,,,,,,,,,,
2023,10,31,21,0,11.5,7,73.82,,,,,,,,,,,,,,,,,,,,,,,,,,,,,,,,,,,,
2023,10,31,22,0,12.2,6.9,69.94,,,,,,,,,,,,,,,,,,,,,,,,,,,,,,,,,,,,
2023,10,31,23,0,11.9,7.8,76.06,,,,,,,,,,,,,,,,,,,,,,,,,,,,,,,,,,,,
2023,11,1,0,0,10.1,6.6,78.91,,,,,,,,,,,,,,,,,,,,,,,,,,,,,,,,,,,,
2023,11,1,1,0,8.1,5,80.92,,,,,,,,,,,,,,,,,,,,,,,,,,,,,,,,,,,,
2023,11,1,2,0,7.1,4.4,83.17,,,,,,,,,,,,,,,,,,,,,,,,,,,,,,,,,,,,
2023,11,1,3,0,6.3,3.8,84.21,,,,,,,,,,,,,,,,,,,,,,,,,,,,,,,,,,,,
2023,11,1,4,0,6,3.1,81.41,,,,,,,,,,,,,,,,,,,,,,,,,,,,,,,,,,,,
2023,11,1,5,0,6,2.4,77.72,,,,,,,,,,,,,,,,,,,,,,,,,,,,,,,,,,,,
2023,11,1,6,0,5.9,2.1,76.42,,,,,,,,,,,,,,,,,,,,,,,,,,,,,,,,,,,,
2023,11,1,7,0,6.2,1.8,73.65,,,,,,,,,,,,,,,,,,,,,,,,,,,,,,,,,,,,
2023,11,1,8,0,7,1.6,68.58,,,,,,,,,,,,,,,,,,,,,,,,,,,,,,,,,,,,
2023,11,1,9,0,7.7,1.6,65.38,,,,,,,,,,,,,,,,,,,,,,,,,,,,,,,,,,,,
2023,11,1,10,0,8.1,1.4,62.6,,,,,,,,,,,,,,,,,,,,,,,,,,,,,,,,,,,,
2023,11,1,11,0,8.2,1.4,62.41,,,,,,,,,,,,,,,,,,,,,,,,,,,,,,,,,,,,
2023,11,1,12,0,8.2,1.6,63.08,,,,,,,,,,,,,,,,,,,,,,,,,,,,,,,,,,,,
2023,11,1,13,0,8.2,1.8,63.99,,,,,,,,,,,,,,,,,,,,,,,,,,,,,,,,,,,,
2023,11,1,14,0,8.3,2,64.5,,,,,,,,,,,,,,,,,,,,,,,,,,,,,,,,,,,,
2023,11,1,15,0,8.3,2.4,66.46,,,,,,,,,,,,,,,,,,,,,,,,,,,,,,,,,,,,
2023,11,1,16,0,8.9,4.1,72.11,,,,,,,,,,,,,,,,,,,,,,,,,,,,,,,,,,,,
2023,11,1,17,0,11.5,6.6,71.72,,,,,,,,,,,,,,,,,,,,,,,,,,,,,,,,,,,,
2023,11,1,18,0,13.7,6,59.75,,,,,,,,,,,,,,,,,,,,,,,,,,,,,,,,,,,,
2023,11,1,19,0,14.2,7.8,65.22,,,,,,,,,,,,,,,,,,,,,,,,,,,,,,,,,,,,
2023,11,1,20,0,14,9.4,73.66,,,,,,,,,,,,,,,,,,,,,,,,,,,,,,,,,,,,
2023,11,1,21,0,13.4,10.3,81.63,,,,,,,,,,,,,,,,,,,,,,,,,,,,,,,,,,,,
2023,11,1,22,0,13.6,10.3,80.72,,,,,,,,,,,,,,,,,,,,,,,,,,,,,,,,,,,,
2023,11,1,23,0,12.6,10.4,86.66,,,,,,,,,,,,,,,,,,,,,,,,,,,,,,,,,,,,
2023,11,2,0,0,11.4,9.4,87.33,,,,,,,,,,,,,,,,,,,,,,,,,,,,,,,,,,,,
2023,11,2,1,0,10.6,9.1,90.27,,,,,,,,,,,,,,,,,,,,,,,,,,,,,,,,,,,,
2023,11,2,2,0,10.2,9.1,92.6,,,,,,,,,,,,,,,,,,,,,,,,,,,,,,,,,,,,
2023,11,2,3,0,9.8,8.9,94.35,,,,,,,,,,,,,,,,,,,,,,,,,,,,,,,,,,,,
2023,11,2,4,0,9.6,8.9,95.2,,,,,,,,,,,,,,,,,,,,,,,,,,,,,,,,,,,,
2023,11,2,5,0,9.5,8.8,95.44,,,,,,,,,,,,,,,,,,,,,,,,,,,,,,,,,,,,
2023,11,2,6,0,9.6,9,96.09,,,,,,,,,,,,,,,,,,,,,,,,,,,,,,,,,,,,
2023,11,2,7,0,9.9,9.3,95.93,,,,,,,,,,,,,,,,,,,,,,,,,,,,,,,,,,,,
2023,11,2,8,0,10.4,9.8,95.87,,,,,,,,,,,,,,,,,,,,,,,,,,,,,,,,,,,,
2023,11,2,9,0,10.7,10,95.65,,,,,,,,,,,,,,,,,,,,,,,,,,,,,,,,,,,,
2023,11,2,10,0,11.7,10.9,95.09,,,,,,,,,,,,,,,,,,,,,,,,,,,,,,,,,,,,
2023,11,2,11,0,12.5,11.7,94.74,,,,,,,,,,,,,,,,,,,,,,,,,,,,,,,,,,,,
2023,11,2,12,0,12.8,12.1,95.44,,,,,,,,,,,,,,,,,,,,,,,,,,,,,,,,,,,,
2023,11,2,13,0,12.9,12.2,95.75,,,,,,,,,,,,,,,,,,,,,,,,,,,,,,,,,,,,
2023,11,2,14,0,13.1,12.4,95.38,,,,,,,,,,,,,,,,,,,,,,,,,,,,,,,,,,,,
2023,11,2,15,0,13.2,12.5,95.35,,,,,,,,,,,,,,,,,,,,,,,,,,,,,,,,,,,,
2023,11,2,16,0,13.6,12.8,94.99,,,,,,,,,,,,,,,,,,,,,,,,,,,,,,,,,,,,
2023,11,2,17,0,14.3,13.5,94.75,,,,,,,,,,,,,,,,,,,,,,,,,,,,,,,,,,,,
2023,11,2,18,0,15.1,14.1,93.75,,,,,,,,,,,,,,,,,,,,,,,,,,,,,,,,,,,,
2023,11,2,19,0,15.8,14.2,90.1,,,,,,,,,,,,,,,,,,,,,,,,,,,,,,,,,,,,
2023,11,2,20,0,16.1,13.7,85.92,,,,,,,,,,,,,,,,,,,,,,,,,,,,,,,,,,,,
2023,11,2,21,0,16.1,13.4,84.29,,,,,,,,,,,,,,,,,,,,,,,,,,,,,,,,,,,,
2023,11,2,22,0,15.9,13.3,84.68,,,,,,,,,,,,,,,,,,,,,,,,,,,,,,,,,,,,
2023,11,2,23,0,15.2,13.1,87.42,,,,,,,,,,,,,,,,,,,,,,,,,,,,,,,,,,,,
2023,11,3,0,0,14,12.5,90.85,,,,,,,,,,,,,,,,,,,,,,,,,,,,,,,,,,,,
2023,11,3,1,0,12.6,11.9,95.27,,,,,,,,,,,,,,,,,,,,,,,,,,,,,,,,,,,,
2023,11,3,2,0,11.9,11.4,96.65,,,,,,,,,,,,,,,,,,,,,,,,,,,,,,,,,,,,
2023,11,3,3,0,11.5,11.1,97.1,,,,,,,,,,,,,,,,,,,,,,,,,,,,,,,,,,,,
2023,11,3,4,0,11.3,10.8,96.98,,,,,,,,,,,,,,,,,,,,,,,,,,,,,,,,,,,,
2023,11,3,5,0,11,10.5,96.78,,,,,,,,,,,,,,,,,,,,,,,,,,,,,,,,,,,,
2023,11,3,6,0,10.7,10.2,97.02,,,,,,,,,,,,,,,,,,,,,,,,,,,,,,,,,,,,
2023,11,3,7,0,10.4,10,97.33,,,,,,,,,,,,,,,,,,,,,,,,,,,,,,,,,,,,
2023,11,3,8,0,10.3,9.8,96.72,,,,,,,,,,,,,,,,,,,,,,,,,,,,,,,,,,,,
2023,11,3,9,0,10,9.6,97.35,,,,,,,,,,,,,,,,,,,,,,,,,,,,,,,,,,,,
2023,11,3,10,0,9.7,9.3,97.41,,,,,,,,,,,,,,,,,,,,,,,,,,,,,,,,,,,,
2023,11,3,11,0,9.5,9.1,97.31,,,,,,,,,,,,,,,,,,,,,,,,,,,,,,,,,,,,
2023,11,3,12,0,9.1,8.8,97.89,,,,,,,,,,,,,,,,,,,,,,,,,,,,,,,,,,,,
2023,11,3,13,0,9,8.6,97.51,,,,,,,,,,,,,,,,,,,,,,,,,,,,,,,,,,,,
2023,11,3,14,0,8.9,8.5,97.14,,,,,,,,,,,,,,,,,,,,,,,,,,,,,,,,,,,,
2023,11,3,15,0,9,8.3,95.46,,,,,,,,,,,,,,,,,,,,,,,,,,,,,,,,,,,,
2023,11,3,16,0,10.8,10.2,95.82,,,,,,,,,,,,,,,,,,,,,,,,,,,,,,,,,,,,
2023,11,3,17,0,12.6,11.3,91.67,,,,,,,,,,,,,,,,,,,,,,,,,,,,,,,,,,,,
2023,11,3,18,0,14.7,11.1,79.29,,,,,,,,,,,,,,,,,,,,,,,,,,,,,,,,,,,,
2023,11,3,19,0,15.3,10,70.45,,,,,,,,,,,,,,,,,,,,,,,,,,,,,,,,,,,,
2023,11,3,20,0,15.4,9.3,67.15,,,,,,,,,,,,,,,,,,,,,,,,,,,,,,,,,,,,
2023,11,3,21,0,15.2,10.9,75.55,,,,,,,,,,,,,,,,,,,,,,,,,,,,,,,,,,,,
2023,11,3,22,0,14.5,11.8,83.61,,,,,,,,,,,,,,,,,,,,,,,,,,,,,,,,,,,,
2023,11,3,23,0,13,10.5,84.62,,,,,,,,,,,,,,,,,,,,,,,,,,,,,,,,,,,,
2023,11,4,0,0,12.1,9.5,83.97,,,,,,,,,,,,,,,,,,,,,,,,,,,,,,,,,,,,
2023,11,4,1,0,12.2,9,80.94,,,,,,,,,,,,,,,,,,,,,,,,,,,,,,,,,,,,
2023,11,4,2,0,11.6,9.1,84.71,,,,,,,,,,,,,,,,,,,,,,,,,,,,,,,,,,,,
2023,11,4,3,0,11.4,9.6,88.57,,,,,,,,,,,,,,,,,,,,,,,,,,,,,,,,,,,,
2023,11,4,4,0,11.5,9.9,89.75,,,,,,,,,,,,,,,,,,,,,,,,,,,,,,,,,,,,
2023,11,4,5,0,11.7,10.3,91.08,,,,,,,,,,,,,,,,,,,,,,,,,,,,,,,,,,,,
2023,11,4,6,0,11.9,10.7,92.11,,,,,,,,,,,,,,,,,,,,,,,,,,,,,,,,,,,,
2023,11,4,7,0,12.5,11.2,91.99,,,,,,,,,,,,,,,,,,,,,,,,,,,,,,,,,,,,
2023,11,4,8,0,13,11.9,93.1,,,,,,,,,,,,,,,,,,,,,,,,,,,,,,,,,,,,
2023,11,4,9,0,13.5,12.5,93.98,,,,,,,,,,,,,,,,,,,,,,,,,,,,,,,,,,,,
2023,11,4,10,0,14.5,13.6,94.27,,,,,,,,,,,,,,,,,,,,,,,,,,,,,,,,,,,,
2023,11,4,11,0,15.1,14.3,95.24,,,,,,,,,,,,,,,,,,,,,,,,,,,,,,,,,,,,
2023,11,4,12,0,15,14.4,95.94,,,,,,,,,,,,,,,,,,,,,,,,,,,,,,,,,,,,
2023,11,4,13,0,15.2,14.3,94.23,,,,,,,,,,,,,,,,,,,,,,,,,,,,,,,,,,,,
2023,11,4,14,0,15.5,14.3,92.36,,,,,,,,,,,,,,,,,,,,,,,,,,,,,,,,,,,,
2023,11,4,15,0,15.7,14.5,92.84,,,,,,,,,,,,,,,,,,,,,,,,,,,,,,,,,,,,
2023,11,4,16,0,15.8,14.9,94.11,,,,,,,,,,,,,,,,,,,,,,,,,,,,,,,,,,,,
2023,11,4,17,0,15.9,15.1,94.95,,,,,,,,,,,,,,,,,,,,,,,,,,,,,,,,,,,,
2023,11,4,18,0,16,15,93.52,,,,,,,,,,,,,,,,,,,,,,,,,,,,,,,,,,,,
2023,11,4,19,0,16.3,14.6,89.84,,,,,,,,,,,,,,,,,,,,,,,,,,,,,,,,,,,,
2023,11,4,20,0,16.6,14.1,84.94,,,,,,,,,,,,,,,,,,,,,,,,,,,,,,,,,,,,
2023,11,4,21,0,16.5,13.3,81.4,,,,,,,,,,,,,,,,,,,,,,,,,,,,,,,,,,,,
2023,11,4,22,0,16.1,12.8,80.63,,,,,,,,,,,,,,,,,,,,,,,,,,,,,,,,,,,,
2023,11,4,23,0,15.2,12.4,83.42,,,,,,,,,,,,,,,,,,,,,,,,,,,,,,,,,,,,
2023,11,5,0,0,13.8,12.1,89.26,,,,,,,,,,,,,,,,,,,,,,,,,,,,,,,,,,,,
2023,11,5,1,0,12.7,11.6,93.17,,,,,,,,,,,,,,,,,,,,,,,,,,,,,,,,,,,,
2023,11,5,2,0,12.2,11.4,95,,,,,,,,,,,,,,,,,,,,,,,,,,,,,,,,,,,,
2023,11,5,3,0,11.9,11.2,95.46,,,,,,,,,,,,,,,,,,,,,,,,,,,,,,,,,,,,
2023,11,5,4,0,11.4,10.9,96.89,,,,,,,,,,,,,,,,,,,,,,,,,,,,,,,,,,,,
2023,11,5,5,0,10.9,10.6,97.71,,,,,,,,,,,,,,,,,,,,,,,,,,,,,,,,,,,,
2023,11,5,6,0,10.5,10.2,98.11,,,,,,,,,,,,,,,,,,,,,,,,,,,,,,,,,,,,
2023,11,5,7,0,10,9.8,98.69,,,,,,,,,,,,,,,,,,,,,,,,,,,,,,,,,,,,
2023,11,5,8,0,9.7,9.4,97.99,,,,,,,,,,,,,,,,,,,,,,,,,,,,,,,,,,,,
2023,11,5,9,0,9.5,9.2,97.77,,,,,,,,,,,,,,,,,,,,,,,,,,,,,,,,,,,,
2023,11,5,10,0,9.4,9,97.48,,,,,,,,,,,,,,,,,,,,,,,,,,,,,,,,,,,,
2023,11,5,11,0,9.3,8.9,97.16,,,,,,,,,,,,,,,,,,,,,,,,,,,,,,,,,,,,
2023,11,5,12,0,9.3,8.7,96.28,,,,,,,,,,,,,,,,,,,,,,,,,,,,,,,,,,,,
2023,11,5,13,0,9.2,8.7,96.44,,,,,,,,,,,,,,,,,,,,,,,,,,,,,,,,,,,,
2023,11,5,14,0,9,8.4,96.27,,,,,,,,,,,,,,,,,,,,,,,,,,,,,,,,,,,,
2023,11,5,15,0,9.2,8.5,95.49,,,,,,,,,,,,,,,,,,,,,,,,,,,,,,,,,,,,
2023,11,5,16,0,10.3,9.5,94.55,,,,,,,,,,,,,,,,,,,,,,,,,,,,,,,,,,,,
2023,11,5,17,0,11.4,10.3,92.81,,,,,,,,,,,,,,,,,,,,,,,,,,,,,,,,,,,,
2023,11,5,18,0,12.1,10.8,91.97,,,,,,,,,,,,,,,,,,,,,,,,,,,,,,,,,,,,
2023,11,5,19,0,12.7,11.3,91.39,,,,,,,,,,,,,,,,,,,,,,,,,,,,,,,,,,,,
2023,11,5,20,0,13.4,11.8,89.79,,,,,,,,,,,,,,,,,,,,,,,,,,,,,,,,,,,,
2023,11,5,21,0,13.7,11.7,87.69,,,,,,,,,,,,,,,,,,,,,,,,,,,,,,,,,,,,
2023,11,5,22,0,13.2,11.4,88.97,,,,,,,,,,,,,,,,,,,,,,,,,,,,,,,,,,,,
2023,11,5,23,0,12.5,11.1,91.2,,,,,,,,,,,,,,,,,,,,,,,,,,,,,,,,,,,,
2023,11,6,0,0,11.6,10.5,93.25,,,,,,,,,,,,,,,,,,,,,,,,,,,,,,,,,,,,
2023,11,6,1,0,11.1,10.1,93.68,,,,,,,,,,,,,,,,,,,,,,,,,,,,,,,,,,,,
2023,11,6,2,0,11,10,93.6,,,,,,,,,,,,,,,,,,,,,,,,,,,,,,,,,,,,
2023,11,6,3,0,10.8,9.8,93.77,,,,,,,,,,,,,,,,,,,,,,,,,,,,,,,,,,,,
2023,11,6,4,0,10.5,9.6,94.34,,,,,,,,,,,,,,,,,,,,,,,,,,,,,,,,,,,,
2023,11,6,5,0,10.3,9.5,94.6,,,,,,,,,,,,,,,,,,,,,,,,,,,,,,,,,,,,
2023,11,6,6,0,10.2,9.3,94.36,,,,,,,,,,,,,,,,,,,,,,,,,,,,,,,,,,,,
2023,11,6,7,0,9.9,9.2,95.17,,,,,,,,,,,,,,,,,,,,,,,,,,,,,,,,,,,,
2023,11,6,8,0,9.7,8.9,94.96,,,,,,,,,,,,,,,,,,,,,,,,,,,,,,,,,,,,
2023,11,6,9,0,9.4,8.7,95.39,,,,,,,,,,,,,,,,,,,,,,,,,,,,,,,,,,,,
2023,11,6,10,0,9.3,8.5,95.06,,,,,,,,,,,,,,,,,,,,,,,,,,,,,,,,,,,,
2023,11,6,11,0,9.1,8.3,94.54,,,,,,,,,,,,,,,,,,,,,,,,,,,,,,,,,,,,
2023,11,6,12,0,8.9,8,94.03,,,,,,,,,,,,,,,,,,,,,,,,,,,,,,,,,,,,
2023,11,6,13,0,9.1,8.2,94.07,,,,,,,,,,,,,,,,,,,,,,,,,,,,,,,,,,,,
2023,11,6,14,0,9.2,8.4,94.62,,,,,,,,,,,,,,,,,,,,,,,,,,,,,,,,,,,,
2023,11,6,15,0,9.3,8.5,94.71,,,,,,,,,,,,,,,,,,,,,,,,,,,,,,,,,,,,
2023,11,6,16,0,9.5,8.7,94.92,,,,,,,,,,,,,,,,,,,,,,,,,,,,,,,,,,,,
2023,11,6,17,0,9.5,8.8,95.28,,,,,,,,,,,,,,,,,,,,,,,,,,,,,,,,,,,,
2023,11,6,18,0,9.5,8.7,94.8,,,,,,,,,,,,,,,,,,,,,,,,,,,,,,,,,,,,
2023,11,6,19,0,9.7,8.8,93.88,,,,,,,,,,,,,,,,,,,,,,,,,,,,,,,,,,,,
2023,11,6,20,0,10.4,9.3,93.04,,,,,,,,,,,,,,,,,,,,,,,,,,,,,,,,,,,,
2023,11,6,21,0,10.9,9.9,93.35,,,,,,,,,,,,,,,,,,,,,,,,,,,,,,,,,,,,
2023,11,6,22,0,11.1,10.2,94.26,,,,,,,,,,,,,,,,,,,,,,,,,,,,,,,,,,,,
2023,11,6,23,0,11.1,10.2,94.42,,,,,,,,,,,,,,,,,,,,,,,,,,,,,,,,,,,,
2023,11,7,0,0,10.5,9.8,95.66,,,,,,,,,,,,,,,,,,,,,,,,,,,,,,,,,,,,
2023,11,7,1,0,10.1,9.5,96,,,,,,,,,,,,,,,,,,,,,,,,,,,,,,,,,,,,
2023,11,7,2,0,10,9.3,95.58,,,,,,,,,,,,,,,,,,,,,,,,,,,,,,,,,,,,
2023,11,7,3,0,9.7,9.1,96.04,,,,,,,,,,,,,,,,,,,,,,,,,,,,,,,,,,,,
2023,11,7,4,0,9.5,8.9,96.25,,,,,,,,,,,,,,,,,,,,,,,,,,,,,,,,,,,,
2023,11,7,5,0,9.5,8.9,96.06,,,,,,,,,,,,,,,,,,,,,,,,,,,,,,,,,,,,
2023,11,7,6,0,9.4,8.9,96.59,,,,,,,,,,,,,,,,,,,,,,,,,,,,,,,,,,,,
2023,11,7,7,0,9.3,8.8,96.56,,,,,,,,,,,,,,,,,,,,,,,,,,,,,,,,,,,,
2023,11,7,8,0,9.3,8.7,96,,,,,,,,,,,,,,,,,,,,,,,,,,,,,,,,,,,,
2023,11,7,9,0,9.1,8.6,96.51,,,,,,,,,,,,,,,,,,,,,,,,,,,,,,,,,,,,
2023,11,7,10,0,8.9,8.4,96.45,,,,,,,,,,,,,,,,,,,,,,,,,,,,,,,,,,,,
2023,11,7,11,0,8.8,8.2,95.85,,,,,,,,,,,,,,,,,,,,,,,,,,,,,,,,,,,,
2023,11,7,12,0,8.7,8.1,95.94,,,,,,,,,,,,,,,,,,,,,,,,,,,,,,,,,,,,
2023,11,7,13,0,8.6,8,95.79,,,,,,,,,,,,,,,,,,,,,,,,,,,,,,,,,,,,
2023,11,7,14,0,8.5,7.7,94.92,,,,,,,,,,,,,,,,,,,,,,,,,,,,,,,,,,,,
2023,11,7,15,0,8.2,7.4,94.57,,,,,,,,,,,,,,,,,,,,,,,,,,,,,,,,,,,,
2023,11,7,16,0,9,8.3,95.44,,,,,,,,,,,,,,,,,,,,,,,,,,,,,,,,,,,,
2023,11,7,17,0,10,8.8,91.97,,,,,,,,,,,,,,,,,,,,,,,,,,,,,,,,,,,,
2023,11,7,18,0,10.6,8.1,84.32,,,,,,,,,,,,,,,,,,,,,,,,,,,,,,,,,,,,
2023,11,7,19,0,11.3,7.1,75.42,,,,,,,,,,,,,,,,,,,,,,,,,,,,,,,,,,,,
2023,11,7,20,0,11.9,6.6,69.98,,,,,,,,,,,,,,,,,,,,,,,,,,,,,,,,,,,,
2023,11,7,21,0,12.2,6.2,66.75,,,,,,,,,,,,,,,,,,,,,,,,,,,,,,,,,,,,
2023,11,7,22,0,12.1,6.1,66.61,,,,,,,,,,,,,,,,,,,,,,,,,,,,,,,,,,,,
2023,11,7,23,0,11.7,6.9,72.44,,,,,,,,,,,,,,,,,,,,,,,,,,,,,,,,,,,,
2023,11,8,0,0,10.2,6.6,78.35,,,,,,,,,,,,,,,,,,,,,,,,,,,,,,,,,,,,
2023,11,8,1,0,8.8,6,82.53,,,,,,,,,,,,,,,,,,,,,,,,,,,,,,,,,,,,
2023,11,8,2,0,8,5.9,86.46,,,,,,,,,,,,,,,,,,,,,,,,,,,,,,,,,,,,
2023,11,8,3,0,7.6,5.9,88.8,,,,,,,,,,,,,,,,,,,,,,,,,,,,,,,,,,,,
2023,11,8,4,0,7.2,5.7,90.5,,,,,,,,,,,,,,,,,,,,,,,,,,,,,,,,,,,,
2023,11,8,5,0,6.8,5.6,92.13,,,,,,,,,,,,,,,,,,,,,,,,,,,,,,,,,,,,
2023,11,8,6,0,6.2,5.4,94.74,,,,,,,,,,,,,,,,,,,,,,,,,,,,,,,,,,,,
2023,11,8,7,0,5.9,5.3,95.91,,,,,,,,,,,,,,,,,,,,,,,,,,,,,,,,,,,,
2023,11,8,8,0,5.9,5.3,95.81,,,,,,,,,,,,,,,,,,,,,,,,,,,,,,,,,,,,
2023,11,8,9,0,5.7,5.2,96.62,,,,,,,,,,,,,,,,,,,,,,,,,,,,,,,,,,,,
2023,11,8,10,0,5.6,5.2,97.04,,,,,,,,,,,,,,,,,,,,,,,,,,,,,,,,,,,,
2023,11,8,11,0,5.6,5.2,97.34,,,,,,,,,,,,,,,,,,,,,,,,,,,,,,,,,,,,
2023,11,8,12,0,5.5,5.3,98.51,,,,,,,,,,,,,,,,,,,,,,,,,,,,,,,,,,,,
2023,11,8,13,0,5.4,5.2,98.68,,,,,,,,,,,,,,,,,,,,,,,,,,,,,,,,,,,,
2023,11,8,14,0,4.8,4.8,99.86,,,,,,,,,,,,,,,,,,,,,,,,,,,,,,,,,,,,
2023,11,8,15,0,4.6,4.6,100,,,,,,,,,,,,,,,,,,,,,,,,,,,,,,,,,,,,
2023,11,8,16,0,6.7,5.8,93.75,,,,,,,,,,,,,,,,,,,,,,,,,,,,,,,,,,,,
2023,11,8,17,0,8.2,6.5,89.28,,,,,,,,,,,,,,,,,,,,,,,,,,,,,,,,,,,,
2023,11,8,18,0,9.8,6.9,81.94,,,,,,,,,,,,,,,,,,,,,,,,,,,,,,,,,,,,
2023,11,8,19,0,10.9,6.7,75.3,,,,,,,,,,,,,,,,,,,,,,,,,,,,,,,,,,,,
2023,11,8,20,0,11.6,6.6,71.45,,,,,,,,,,,,,,,,,,,,,,,,,,,,,,,,,,,,
2023,11,8,21,0,12,6.5,68.9,,,,,,,,,,,,,,,,,,,,,,,,,,,,,,,,,,,,
2023,11,8,22,0,12,6.4,68.68,,,,,,,,,,,,,,,,,,,,,,,,,,,,,,,,,,,,
2023,11,8,23,0,11.6,7.5,76.03,,,,,,,,,,,,,,,,,,,,,,,,,,,,,,,,,,,,
2023,11,9,0,0,10.2,6.4,77.19,,,,,,,,,,,,,,,,,,,,,,,,,,,,,,,,,,,,
2023,11,9,1,0,9.1,5.7,79.01,,,,,,,,,,,,,,,,,,,,,,,,,,,,,,,,,,,,
2023,11,9,2,0,8.2,5.5,83.16,,,,,,,,,,,,,,,,,,,,,,,,,,,,,,,,,,,,
2023,11,9,3,0,7.5,5.4,86.28,,,,,,,,,,,,,,,,,,,,,,,,,,,,,,,,,,,,
2023,11,9,4,0,6.7,5.2,90.08,,,,,,,,,,,,,,,,,,,,,,,,,,,,,,,,,,,,
2023,11,9,5,0,6,5,93.14,,,,,,,,,,,,,,,,,,,,,,,,,,,,,,,,,,,,
2023,11,9,6,0,5.5,4.8,94.93,,,,,,,,,,,,,,,,,,,,,,,,,,,,,,,,,,,,
2023,11,9,7,0,5.2,4.5,95.27,,,,,,,,,,,,,,,,,,,,,,,,,,,,,,,,,,,,
2023,11,9,8,0,5,4.3,95.29,,,,,,,,,,,,,,,,,,,,,,,,,,,,,,,,,,,,
2023,11,9,9,0,4.7,4,95.07,,,,,,,,,,,,,,,,,,,,,,,,,,,,,,,,,,,,
2023,11,9,10,0,4.5,3.7,94.65,,,,,,,,,,,,,,,,,,,,,,,,,,,,,,,,,,,,
2023,11,9,11,0,4.3,3.6,95.32,,,,,,,,,,,,,,,,,,,,,,,,,,,,,,,,,,,,
2023,11,9,12,0,4.1,3.6,96.62,,,,,,,,,,,,,,,,,,,,,,,,,,,,,,,,,,,,
2023,11,9,13,0,4.2,3.5,95.23,,,,,,,,,,,,,,,,,,,,,,,,,,,,,,,,,,,,
2023,11,9,14,0,4.7,3.2,90.08,,,,,,,,,,,,,,,,,,,,,,,,,,,,,,,,,,,,
2023,11,9,15,0,5.1,2.9,85.73,,,,,,,,,,,,,,,,,,,,,,,,,,,,,,,,,,,,
2023,11,9,16,0,5.8,3,82.18,,,,,,,,,,,,,,,,,,,,,,,,,,,,,,,,,,,,
2023,11,9,17,0,6.8,3.7,80.58,,,,,,,,,,,,,,,,,,,,,,,,,,,,,,,,,,,,
2023,11,9,18,0,8.4,3.9,73.41,,,,,,,,,,,,,,,,,,,,,,,,,,,,,,,,,,,,
2023,11,9,19,0,9.5,4.4,70.37,,,,,,,,,,,,,,,,,,,,,,,,,,,,,,,,,,,,
2023,11,9,20,0,10,5.2,72.03,,,,,,,,,,,,,,,,,,,,,,,,,,,,,,,,,,,,
2023,11,9,21,0,9.8,5.7,75.78,,,,,,,,,,,,,,,,,,,,,,,,,,,,,,,,,,,,
2023,11,9,22,0,9.6,5.2,74.27,,,,,,,,,,,,,,,,,,,,,,,,,,,,,,,,,,,,
2023,11,9,23,0,9.2,5.2,76.06,,,,,,,,,,,,,,,,,,,,,,,,,,,,,,,,,,,,
2023,11,10,0,0,8.2,5.1,80.56,,,,,,,,,,,,,,,,,,,,,,,,,,,,,,,,,,,,
2023,11,10,1,0,7.3,5,85.09,,,,,,,,,,,,,,,,,,,,,,,,,,,,,,,,,,,,
2023,11,10,2,0,6.9,5,87.74,,,,,,,,,,,,,,,,,,,,,,,,,,,,,,,,,,,,
2023,11,10,3,0,6.8,5.2,89.48,,,,,,,,,,,,,,,,,,,,,,,,,,,,,,,,,,,,
2023,11,10,4,0,6.7,5.5,91.74,,,,,,,,,,,,,,,,,,,,,,,,,,,,,,,,,,,,
2023,11,10,5,0,6.7,5.7,93.37,,,,,,,,,,,,,,,,,,,,,,,,,,,,,,,,,,,,
2023,11,10,6,0,6.8,6,94.59,,,,,,,,,,,,,,,,,,,,,,,,,,,,,,,,,,,,
2023,11,10,7,0,6.9,6.3,95.85,,,,,,,,,,,,,,,,,,,,,,,,,,,,,,,,,,,,
2023,11,10,8,0,6.9,6.4,96.72,,,,,,,,,,,,,,,,,,,,,,,,,,,,,,,,,,,,
2023,11,10,9,0,6.9,6.5,97.04,,,,,,,,,,,,,,,,,,,,,,,,,,,,,,,,,,,,
2023,11,10,10,0,6.9,6.4,96.89,,,,,,,,,,,,,,,,,,,,,,,,,,,,,,,,,,,,
2023,11,10,11,0,6.8,6.3,96.95,,,,,,,,,,,,,,,,,,,,,,,,,,,,,,,,,,,,
2023,11,10,12,0,6.7,6.2,96.92,,,,,,,,,,,,,,,,,,,,,,,,,,,,,,,,,,,,
2023,11,10,13,0,6.5,6.1,97.25,,,,,,,,,,,,,,,,,,,,,,,,,,,,,,,,,,,,
2023,11,10,14,0,6.4,5.9,96.65,,,,,,,,,,,,,,,,,,,,,,,,,,,,,,,,,,,,
2023,11,10,15,0,6.3,5.8,96.88,,,,,,,,,,,,,,,,,,,,,,,,,,,,,,,,,,,,
2023,11,10,16,0,6.7,6.1,96.17,,,,,,,,,,,,,,,,,,,,,,,,,,,,,,,,,,,,
2023,11,10,17,0,7.4,6.7,95.31,,,,,,,,,,,,,,,,,,,,,,,,,,,,,,,,,,,,
2023,11,10,18,0,8.1,7.3,94.77,,,,,,,,,,,,,,,,,,,,,,,,,,,,,,,,,,,,
2023,11,10,19,0,8.8,7.9,93.81,,,,,,,,,,,,,,,,,,,,,,,,,,,,,,,,,,,,
2023,11,10,20,0,9.2,8.1,93.14,,,,,,,,,,,,,,,,,,,,,,,,,,,,,,,,,,,,
2023,11,10,21,0,9.2,7.9,91.65,,,,,,,,,,,,,,,,,,,,,,,,,,,,,,,,,,,,
2023,11,10,22,0,8.8,7.4,90.84,,,,,,,,,,,,,,,,,,,,,,,,,,,,,,,,,,,,
2023,11,10,23,0,8.5,7.2,91.69,,,,,,,,,,,,,,,,,,,,,,,,,,,,,,,,,,,,
2023,11,11,0,0,8.3,7.1,92.45,,,,,,,,,,,,,,,,,,,,,,,,,,,,,,,,,,,,
2023,11,11,1,0,8.2,7.1,92.68,,,,,,,,,,,,,,,,,,,,,,,,,,,,,,,,,,,,
2023,11,11,2,0,8.2,7,92.25,,,,,,,,,,,,,,,,,,,,,,,,,,,,,,,,,,,,
2023,11,11,3,0,8.2,6.9,91.52,,,,,,,,,,,,,,,,,,,,,,,,,,,,,,,,,,,,
2023,11,11,4,0,8.2,6.8,90.88,,,,,,,,,,,,,,,,,,,,,,,,,,,,,,,,,,,,
2023,11,11,5,0,8.4,6.8,89.64,,,,,,,,,,,,,,,,,,,,,,,,,,,,,,,,,,,,
2023,11,11,6,0,8.6,6.9,88.87,,,,,,,,,,,,,,,,,,,,,,,,,,,,,,,,,,,,
2023,11,11,7,0,8.9,7,88.05,,,,,,,,,,,,,,,,,,,,,,,,,,,,,,,,,,,,
2023,11,11,8,0,9.2,7.3,88.13,,,,,,,,,,,,,,,,,,,,,,,,,,,,,,,,,,,,
2023,11,11,9,0,9.3,7.6,89.18,,,,,,,,,,,,,,,,,,,,,,,,,,,,,,,,,,,,
2023,11,11,10,0,9.4,7.9,90.25,,,,,,,,,,,,,,,,,,,,,,,,,,,,,,,,,,,,
2023,11,11,11,0,9.7,8.2,90.39,,,,,,,,,,,,,,,,,,,,,,,,,,,,,,,,,,,,
2023,11,11,12,0,10,8.6,90.86,,,,,,,,,,,,,,,,,,,,,,,,,,,,,,,,,,,,
2023,11,11,13,0,10.4,9.1,91.45,,,,,,,,,,,,,,,,,,,,,,,,,,,,,,,,,,,,
2023,11,11,14,0,10.4,9.3,93.2,,,,,,,,,,,,,,,,,,,,,,,,,,,,,,,,,,,,
2023,11,11,15,0,10.1,9.1,93.32,,,,,,,,,,,,,,,,,,,,,,,,,,,,,,,,,,,,
2023,11,11,16,0,9.9,8.7,92.4,,,,,,,,,,,,,,,,,,,,,,,,,,,,,,,,,,,,
2023,11,11,17,0,9.8,8.5,91.36,,,,,,,,,,,,,,,,,,,,,,,,,,,,,,,,,,,,
2023,11,11,18,0,9.9,8.5,91.09,,,,,,,,,,,,,,,,,,,,,,,,,,,,,,,,,,,,
2023,11,11,19,0,10.2,8.7,90.42,,,,,,,,,,,,,,,,,,,,,,,,,,,,,,,,,,,,
2023,11,11,20,0,10.4,8.8,89.88,,,,,,,,,,,,,,,,,,,,,,,,,,,,,,,,,,,,
2023,11,11,21,0,10.5,8.7,88.83,,,,,,,,,,,,,,,,,,,,,,,,,,,,,,,,,,,,
2023,11,11,22,0,10.3,8.3,87.57,,,,,,,,,,,,,,,,,,,,,,,,,,,,,,,,,,,,
2023,11,11,23,0,10,8.2,88.74,,,,,,,,,,,,,,,,,,,,,,,,,,,,,,,,,,,,
2023,11,12,0,0,9.5,8.1,91.12,,,,,,,,,,,,,,,,,,,,,,,,,,,,,,,,,,,,
2023,11,12,1,0,9.1,7.8,91.75,,,,,,,,,,,,,,,,,,,,,,,,,,,,,,,,,,,,
2023,11,12,2,0,8.8,7.6,92.39,,,,,,,,,,,,,,,,,,,,,,,,,,,,,,,,,,,,
2023,11,12,3,0,8.4,7.5,94,,,,,,,,,,,,,,,,,,,,,,,,,,,,,,,,,,,,
2023,11,12,4,0,8.2,7.4,94.94,,,,,,,,,,,,,,,,,,,,,,,,,,,,,,,,,,,,
2023,11,12,5,0,7.9,7.4,96.39,,,,,,,,,,,,,,,,,,,,,,,,,,,,,,,,,,,,
2023,11,12,6,0,7.8,7.3,96.59,,,,,,,,,,,,,,,,,,,,,,,,,,,,,,,,,,,,
2023,11,12,7,0,7.8,7.2,96.31,,,,,,,,,,,,,,,,,,,,,,,,,,,,,,,,,,,,
2023,11,12,8,0,7.7,7.2,96.33,,,,,,,,,,,,,,,,,,,,,,,,,,,,,,,,,,,,
2023,11,12,9,0,7.7,7.1,95.99,,,,,,,,,,,,,,,,,,,,,,,,,,,,,,,,,,,,
2023,11,12,10,0,7.6,6.9,95.39,,,,,,,,,,,,,,,,,,,,,,,,,,,,,,,,,,,,
2023,11,12,11,0,7.4,6.7,95.03,,,,,,,,,,,,,,,,,,,,,,,,,,,,,,,,,,,,
2023,11,12,12,0,7.3,6.5,94.87,,,,,,,,,,,,,,,,,,,,,,,,,,,,,,,,,,,,
2023,11,12,13,0,7.3,6.4,94.27,,,,,,,,,,,,,,,,,,,,,,,,,,,,,,,,,,,,
2023,11,12,14,0,7.3,6.2,92.59,,,,,,,,,,,,,,,,,,,,,,,,,,,,,,,,,,,,
2023,11,12,15,0,7.4,5.9,90.15,,,,,,,,,,,,,,,,,,,,,,,,,,,,,,,,,,,,
2023,11,12,16,0,7.8,6.3,90.11,,,,,,,,,,,,,,,,,,,,,,,,,,,,,,,,,,,,
2023,11,12,17,0,8.8,6.8,87.51,,,,,,,,,,,,,,,,,,,,,,,,,,,,,,,,,,,,
2023,11,12,18,0,9.3,7.7,89.81,,,,,,,,,,,,,,,,,,,,,,,,,,,,,,,,,,,,
2023,11,12,19,0,9.8,7.9,87.91,,,,,,,,,,,,,,,,,,,,,,,,,,,,,,,,,,,,
2023,11,12,20,0,10,7.9,86.59,,,,,,,,,,,,,,,,,,,,,,,,,,,,,,,,,,,,
2023,11,12,21,0,10.1,8,86.97,,,,,,,,,,,,,,,,,,,,,,,,,,,,,,,,,,,,
2023,11,12,22,0,9.8,8.1,89.08,,,,,,,,,,,,,,,,,,,,,,,,,,,,,,,,,,,,
2023,11,12,23,0,9.6,7.9,89.34,,,,,,,,,,,,,,,,,,,,,,,,,,,,,,,,,,,,
2023,11,13,0,0,9.3,7.8,90.19,,,,,,,,,,,,,,,,,,,,,,,,,,,,,,,,,,,,
2023,11,13,1,0,9.1,7.8,91.42,,,,,,,,,,,,,,,,,,,,,,,,,,,,,,,,,,,,
2023,11,13,2,0,9.1,7.9,92.5,,,,,,,,,,,,,,,,,,,,,,,,,,,,,,,,,,,,
2023,11,13,3,0,9.2,8.2,93.64,,,,,,,,,,,,,,,,,,,,,,,,,,,,,,,,,,,,
2023,11,13,4,0,9.3,8.4,94.17,,,,,,,,,,,,,,,,,,,,,,,,,,,,,,,,,,,,
2023,11,13,5,0,9.1,8.3,94.92,,,,,,,,,,,,,,,,,,,,,,,,,,,,,,,,,,,,
2023,11,13,6,0,8.7,8.1,95.95,,,,,,,,,,,,,,,,,,,,,,,,,,,,,,,,,,,,
2023,11,13,7,0,8.4,7.8,95.79,,,,,,,,,,,,,,,,,,,,,,,,,,,,,,,,,,,,
2023,11,13,8,0,8.2,7.6,96.2,,,,,,,,,,,,,,,,,,,,,,,,,,,,,,,,,,,,
2023,11,13,9,0,8,7.4,96.26,,,,,,,,,,,,,,,,,,,,,,,,,,,,,,,,,,,,
2023,11,13,10,0,7.8,7.2,96.25,,,,,,,,,,,,,,,,,,,,,,,,,,,,,,,,,,,,
2023,11,13,11,0,7.5,7,96.35,,,,,,,,,,,,,,,,,,,,,,,,,,,,,,,,,,,,
2023,11,13,12,0,7.1,6.6,96.36,,,,,,,,,,,,,,,,,,,,,,,,,,,,,,,,,,,,
2023,11,13,13,0,6.8,6.3,96.79,,,,,,,,,,,,,,,,,,,,,,,,,,,,,,,,,,,,
2023,11,13,14,0,6.7,6.2,96.57,,,,,,,,,,,,,,,,,,,,,,,,,,,,,,,,,,,,
2023,11,13,15,0,6.4,5.9,96.57,,,,,,,,,,,,,,,,,,,,,,,,,,,,,,,,,,,,
2023,11,13,16,0,7.1,6.6,96.41,,,,,,,,,,,,,,,,,,,,,,,,,,,,,,,,,,,,
2023,11,13,17,0,8,7.2,94.85,,,,,,,,,,,,,,,,,,,,,,,,,,,,,,,,,,,,
2023,11,13,18,0,9.1,7.7,90.81,,,,,,,,,,,,,,,,,,,,,,,,,,,,,,,,,,,,
2023,11,13,19,0,9.9,7.4,84.73,,,,,,,,,,,,,,,,,,,,,,,,,,,,,,,,,,,,
2023,11,13,20,0,10.4,6.8,78.5,,,,,,,,,,,,,,,,,,,,,,,,,,,,,,,,,,,,
2023,11,13,21,0,10.8,6.3,73.82,,,,,,,,,,,,,,,,,,,,,,,,,,,,,,,,,,,,
2023,11,13,22,0,10.7,6.1,73.04,,,,,,,,,,,,,,,,,,,,,,,,,,,,,,,,,,,,
2023,11,13,23,0,10.3,7,79.81,,,,,,,,,,,,,,,,,,,,,,,,,,,,,,,,,,,,
2023,11,14,0,0,8.2,5.6,83.48,,,,,,,,,,,,,,,,,,,,,,,,,,,,,,,,,,,,
2023,11,14,1,0,6.4,4.6,88.47,,,,,,,,,,,,,,,,,,,,,,,,,,,,,,,,,,,,
2023,11,14,2,0,5.3,4.6,94.96,,,,,,,,,,,,,,,,,,,,,,,,,,,,,,,,,,,,
2023,11,14,3,0,4.7,4.3,97.4,,,,,,,,,,,,,,,,,,,,,,,,,,,,,,,,,,,,
2023,11,14,4,0,4.5,4,96.31,,,,,,,,,,,,,,,,,,,,,,,,,,,,,,,,,,,,
2023,11,14,5,0,4.5,3.6,94.13,,,,,,,,,,,,,,,,,,,,,,,,,,,,,,,,,,,,
2023,11,14,6,0,4.3,3.2,92.46,,,,,,,,,,,,,,,,,,,,,,,,,,,,,,,,,,,,
2023,11,14,7,0,4.1,2.7,90.88,,,,,,,,,,,,,,,,,,,,,,,,,,,,,,,,,,,,
2023,11,14,8,0,3.7,2.2,89.83,,,,,,,,,,,,,,,,,,,,,,,,,,,,,,,,,,,,
2023,11,14,9,0,2.9,1.5,90.41,,,,,,,,,,,,,,,,,,,,,,,,,,,,,,,,,,,,
2023,11,14,10,0,2.2,1.1,92.32,,,,,,,,,,,,,,,,,,,,,,,,,,,,,,,,,,,,
2023,11,14,11,0,1.8,0.8,93.17,,,,,,,,,,,,,,,,,,,,,,,,,,,,,,,,,,,,
2023,11,14,12,0,1.7,0.6,92.14,,,,,,,,,,,,,,,,,,,,,,,,,,,,,,,,,,,,
2023,11,14,13,0,1.8,0.4,90.23,,,,,,,,,,,,,,,,,,,,,,,,,,,,,,,,,,,,
2023,11,14,14,0,1.6,-0.1,88.54,,,,,,,,,,,,,,,,,,,,,,,,,,,,,,,,,,,,
2023,11,14,15,0,1.6,-0.6,85.56,,,,,,,,,,,,,,,,,,,,,,,,,,,,,,,,,,,,
2023,11,14,16,0,3.3,1.3,86.97,,,,,,,,,,,,,,,,,,,,,,,,,,,,,,,,,,,,
2023,11,14,17,0,5.8,2.6,79.73,,,,,,,,,,,,,,,,,,,,,,,,,,,,,,,,,,,,
2023,11,14,18,0,7.2,2.8,73.54,,,,,,,,,,,,,,,,,,,,,,,,,,,,,,,,,,,,
2023,11,14,19,0,8.6,2.9,67.27,,,,,,,,,,,,,,,,,,,,,,,,,,,,,,,,,,,,
2023,11,14,20,0,9.5,2.8,63.06,,,,,,,,,,,,,,,,,,,,,,,,,,,,,,,,,,,,
2023,11,14,21,0,9.9,2.9,61.82,,,,,,,,,,,,,,,,,,,,,,,,,,,,,,,,,,,,
2023,11,14,22,0,9.7,3.4,64.63,,,,,,,,,,,,,,,,,,,,,,,,,,,,,,,,,,,,
2023,11,14,23,0,8.6,4.4,74.98,,,,,,,,,,,,,,,,,,,,,,,,,,,,,,,,,,,,
2023,11,15,0,0,5.5,3.7,87.99,,,,,,,,,,,,,,,,,,,,,,,,,,,,,,,,,,,,
2023,11,15,1,0,3.7,3.1,95.99,,,,,,,,,,,,,,,,,,,,,,,,,,,,,,,,,,,,
2023,11,15,2,0,3.1,3,99.58,,,,,,,,,,,,,,,,,,,,,,,,,,,,,,,,,,,,
2023,11,15,3,0,2.9,2.7,98.73,,,,,,,,,,,,,,,,,,,,,,,,,,,,,,,,,,,,
2023,11,15,4,0,3,2.4,95.88,,,,,,,,,,,,,,,,,,,,,,,,,,,,,,,,,,,,
2023,11,15,5,0,3.2,2.1,92.78,,,,,,,,,,,,,,,,,,,,,,,,,,,,,,,,,,,,
2023,11,15,6,0,3.2,1.9,91.33,,,,,,,,,,,,,,,,,,,,,,,,,,,,,,,,,,,,
2023,11,15,7,0,3.1,1.8,91,,,,,,,,,,,,,,,,,,,,,,,,,,,,,,,,,,,,
2023,11,15,8,0,3.3,1.8,90.08,,,,,,,,,,,,,,,,,,,,,,,,,,,,,,,,,,,,
2023,11,15,9,0,3.6,1.9,88.94,,,,,,,,,,,,,,,,,,,,,,,,,,,,,,,,,,,,
2023,11,15,10,0,3.7,2,88.72,,,,,,,,,,,,,,,,,,,,,,,,,,,,,,,,,,,,
2023,11,15,11,0,3.6,2,89.41,,,,,,,,,,,,,,,,,,,,,,,,,,,,,,,,,,,,
2023,11,15,12,0,3.7,2.2,89.63,,,,,,,,,,,,,,,,,,,,,,,,,,,,,,,,,,,,
2023,11,15,13,0,3.9,2.2,88.97,,,,,,,,,,,,,,,,,,,,,,,,,,,,,,,,,,,,
2023,11,15,14,0,4.1,2.4,88.92,,,,,,,,,,,,,,,,,,,,,,,,,,,,,,,,,,,,
2023,11,15,15,0,4.3,2.7,89.14,,,,,,,,,,,,,,,,,,,,,,,,,,,,,,,,,,,,
2023,11,15,16,0,4.9,3.6,91.12,,,,,,,,,,,,,,,,,,,,,,,,,,,,,,,,,,,,
2023,11,15,17,0,6.7,5,89.1,,,,,,,,,,,,,,,,,,,,,,,,,,,,,,,,,,,,
2023,11,15,18,0,8.2,5.9,85.27,,,,,,,,,,,,,,,,,,,,,,,,,,,,,,,,,,,,
2023,11,15,19,0,9.2,5.3,76.45,,,,,,,,,,,,,,,,,,,,,,,,,,,,,,,,,,,,
2023,11,15,20,0,9.5,4.8,72.63,,,,,,,,,,,,,,,,,,,,,,,,,,,,,,,,,,,,
2023,11,15,21,0,9.5,4.7,72.03,,,,,,,,,,,,,,,,,,,,,,,,,,,,,,,,,,,,
2023,11,15,22,0,9.2,4.6,73.14,,,,,,,,,,,,,,,,,,,,,,,,,,,,,,,,,,,,
2023,11,15,23,0,8.3,4.8,78.87,,,,,,,,,,,,,,,,,,,,,,,,,,,,,,,,,,,,
2023,11,16,0,0,6.2,4.7,89.97,,,,,,,,,,,,,,,,,,,,,,,,,,,,,,,,,,,,
2023,11,16,1,0,4.4,4.2,98.31,,,,,,,,,,,,,,,,,,,,,,,,,,,,,,,,,,,,
2023,11,16,2,0,3.9,3.9,100,,,,,,,,,,,,,,,,,,,,,,,,,,,,,,,,,,,,
2023,11,16,3,0,3.8,3.8,100,,,,,,,,,,,,,,,,,,,,,,,,,,,,,,,,,,,,
2023,11,16,4,0,3.7,3.6,98.96,,,,,,,,,,,,,,,,,,,,,,,,,,,,,,,,,,,,
2023,11,16,5,0,3.5,3.3,98.41,,,,,,,,,,,,,,,,,,,,,,,,,,,,,,,,,,,,
2023,11,16,6,0,3.3,2.9,97.39,,,,,,,,,,,,,,,,,,,,,,,,,,,,,,,,,,,,
2023,11,16,7,0,3,2.6,97.19,,,,,,,,,,,,,,,,,,,,,,,,,,,,,,,,,,,,
2023,11,16,8,0,2.8,2.2,95.91,,,,,,,,,,,,,,,,,,,,,,,,,,,,,,,,,,,,
2023,11,16,9,0,2.5,1.8,95.21,,,,,,,,,,,,,,,,,,,,,,,,,,,,,,,,,,,,
2023,11,16,10,0,2.4,1.5,93.73,,,,,,,,,,,,,,,,,,,,,,,,,,,,,,,,,,,,
2023,11,16,11,0,2.2,1.2,93.1,,,,,,,,,,,,,,,,,,,,,,,,,,,,,,,,,,,,
2023,11,16,12,0,1.9,1,93.49,,,,,,,,,,,,,,,,,,,,,,,,,,,,,,,,,,,,
2023,11,16,13,0,1.5,0.7,94.59,,,,,,,,,,,,,,,,,,,,,,,,,,,,,,,,,,,,
2023,11,16,14,0,0.8,0.4,97.02,,,,,,,,,,,,,,,,,,,,,,,,,,,,,,,,,,,,
2023,11,16,15,0,0.4,0,96.98,,,,,,,,,,,,,,,,,,,,,,,,,,,,,,,,,,,,
2023,11,16,16,0,2.4,1.1,90.8,,,,,,,,,,,,,,,,,,,,,,,,,,,,,,,,,,,,
2023,11,16,17,0,4.8,1.8,80.85,,,,,,,,,,,,,,,,,,,,,,,,,,,,,,,,,,,,
2023,11,16,18,0,6.3,1.9,73.46,,,,,,,,,,,,,,,,,,,,,,,,,,,,,,,,,,,,
2023,11,16,19,0,7.7,1.7,65.75,,,,,,,,,,,,,,,,,,,,,,,,,,,,,,,,,,,,
2023,11,16,20,0,8.6,1.7,61.91,,,,,,,,,,,,,,,,,,,,,,,,,,,,,,,,,,,,
2023,11,16,21,0,9,2,61.4,,,,,,,,,,,,,,,,,,,,,,,,,,,,,,,,,,,,
2023,11,16,22,0,8.9,2.4,63.83,,,,,,,,,,,,,,,,,,,,,,,,,,,,,,,,,,,,
2023,11,16,23,0,7.9,3.3,72.84,,,,,,,,,,,,,,,,,,,,,,,,,,,,,,,,,,,,
2023,11,17,0,0,5.2,2.7,84.08,,,,,,,,,,,,,,,,,,,,,,,,,,,,,,,,,,,,
2023,11,17,1,0,3.6,2.1,89.66,,,,,,,,,,,,,,,,,,,,,,,,,,,,,,,,,,,,
2023,11,17,2,0,3.3,1.9,90.84,,,,,,,,,,,,,,,,,,,,,,,,,,,,,,,,,,,,
2023,11,17,3,0,3.1,1.7,90.39,,,,,,,,,,,,,,,,,,,,,,,,,,,,,,,,,,,,
2023,11,17,4,0,3,1.4,89.31,,,,,,,,,,,,,,,,,,,,,,,,,,,,,,,,,,,,
2023,11,17,5,0,2.9,1.2,88.52,,,,,,,,,,,,,,,,,,,,,,,,,,,,,,,,,,,,
2023,11,17,6,0,2.8,1.1,88.36,,,,,,,,,,,,,,,,,,,,,,,,,,,,,,,,,,,,
2023,11,17,7,0,2.6,1,89.38,,,,,,,,,,,,,,,,,,,,,,,,,,,,,,,,,,,,
2023,11,17,8,0,2.3,1,91.33,,,,,,,,,,,,,,,,,,,,,,,,,,,,,,,,,,,,
2023,11,17,9,0,2.2,1,91.87,,,,,,,,,,,,,,,,,,,,,,,,,,,,,,,,,,,,
2023,11,17,10,0,2.2,1,91.51,,,,,,,,,,,,,,,,,,,,,,,,,,,,,,,,,,,,
2023,11,17,11,0,2.3,1,90.99,,,,,,,,,,,,,,,,,,,,,,,,,,,,,,,,,,,,
2023,11,17,12,0,2.3,1,91.13,,,,,,,,,,,,,,,,,,,,,,,,,,,,,,,,,,,,
2023,11,17,13,0,2.2,1,91.62,,,,,,,,,,,,,,,,,,,,,,,,,,,,,,,,,,,,
2023,11,17,14,0,2.2,1,91.5,,,,,,,,,,,,,,,,,,,,,,,,,,,,,,,,,,,,
2023,11,17,15,0,2.2,1,91.57,,,,,,,,,,,,,,,,,,,,,,,,,,,,,,,,,,,,
2023,11,17,16,0,3.5,1.7,88.11,,,,,,,,,,,,,,,,,,,,,,,,,,,,,,,,,,,,
2023,11,17,17,0,6.1,2.8,79.14,,,,,,,,,,,,,,,,,,,,,,,,,,,,,,,,,,,,
2023,11,17,18,0,8.1,3.6,73.15,,,,,,,,,,,,,,,,,,,,,,,,,,,,,,,,,,,,
2023,11,17,19,0,10,4.4,67.98,,,,,,,,,,,,,,,,,,,,,,,,,,,,,,,,,,,,
2023,11,17,20,0,11.3,5.2,65.89,,,,,,,,,,,,,,,,,,,,,,,,,,,,,,,,,,,,
2023,11,17,21,0,12.1,5.8,65.43,,,,,,,,,,,,,,,,,,,,,,,,,,,,,,,,,,,,
2023,11,17,22,0,12.1,6.7,69.68,,,,,,,,,,,,,,,,,,,,,,,,,,,,,,,,,,,,
2023,11,17,23,0,11,8,81.56,,,,,,,,,,,,,,,,,,,,,,,,,,,,,,,,,,,,
2023,11,18,0,0,8.5,6,84.29,,,,,,,,,,,,,,,,,,,,,,,,,,,,,,,,,,,,
2023,11,18,1,0,6.8,5.3,90.26,,,,,,,,,,,,,,,,,,,,,,,,,,,,,,,,,,,,
2023,11,18,2,0,6.1,5,92.62,,,,,,,,,,,,,,,,,,,,,,,,,,,,,,,,,,,,
2023,11,18,3,0,5.3,4.5,94.58,,,,,,,,,,,,,,,,,,,,,,,,,,,,,,,,,,,,
2023,11,18,4,0,4.7,3.9,94.7,,,,,,,,,,,,,,,,,,,,,,,,,,,,,,,,,,,,
2023,11,18,5,0,4.3,3.4,94.02,,,,,,,,,,,,,,,,,,,,,,,,,,,,,,,,,,,,
2023,11,18,6,0,4.3,3.1,91.7,,,,,,,,,,,,,,,,,,,,,,,,,,,,,,,,,,,,
2023,11,18,7,0,4.6,2.9,88.86,,,,,,,,,,,,,,,,,,,,,,,,,,,,,,,,,,,,
2023,11,18,8,0,4.9,2.9,86.81,,,,,,,,,,,,,,,,,,,,,,,,,,,,,,,,,,,,
2023,11,18,9,0,5,2.9,86.42,,,,,,,,,,,,,,,,,,,,,,,,,,,,,,,,,,,,
2023,11,18,10,0,5,3,86.97,,,,,,,,,,,,,,,,,,,,,,,,,,,,,,,,,,,,
2023,11,18,11,0,5,3.1,87.37,,,,,,,,,,,,,,,,,,,,,,,,,,,,,,,,,,,,
2023,11,18,12,0,4.7,3.1,89.3,,,,,,,,,,,,,,,,,,,,,,,,,,,,,,,,,,,,
2023,11,18,13,0,4.4,3,90.87,,,,,,,,,,,,,,,,,,,,,,,,,,,,,,,,,,,,
2023,11,18,14,0,4.1,3,92.62,,,,,,,,,,,,,,,,,,,,,,,,,,,,,,,,,,,,
2023,11,18,15,0,3.9,2.9,93.46,,,,,,,,,,,,,,,,,,,,,,,,,,,,,,,,,,,,
2023,11,18,16,0,5,3.3,88.93,,,,,,,,,,,,,,,,,,,,,,,,,,,,,,,,,,,,
2023,11,18,17,0,7.1,4.2,81.84,,,,,,,,,,,,,,,,,,,,,,,,,,,,,,,,,,,,
2023,11,18,18,0,9.4,5.2,74.9,,,,,,,,,,,,,,,,,,,,,,,,,,,,,,,,,,,,
2023,11,18,19,0,11.7,6.3,69.39,,,,,,,,,,,,,,,,,,,,,,,,,,,,,,,,,,,,
2023,11,18,20,0,12.9,7.3,68.88,,,,,,,,,,,,,,,,,,,,,,,,,,,,,,,,,,,,
2023,11,18,21,0,13.3,8.5,72.7,,,,,,,,,,,,,,,,,,,,,,,,,,,,,,,,,,,,
2023,11,18,22,0,13.1,9,76.26,,,,,,,,,,,,,,,,,,,,,,,,,,,,,,,,,,,,
2023,11,18,23,0,12.1,8.7,79.89,,,,,,,,,,,,,,,,,,,,,,,,,,,,,,,,,,,,
2023,11,19,0,0,10.4,6.5,77.04,,,,,,,,,,,,,,,,,,,,,,,,,,,,,,,,,,,,
2023,11,19,1,0,9.3,5.9,79.2,,,,,,,,,,,,,,,,,,,,,,,,,,,,,,,,,,,,
2023,11,19,2,0,8.5,5.4,81.1,,,,,,,,,,,,,,,,,,,,,,,,,,,,,,,,,,,,
2023,11,19,3,0,7.2,5.2,87.02,,,,,,,,,,,,,,,,,,,,,,,,,,,,,,,,,,,,
2023,11,19,4,0,7.6,6.1,90.23,,,,,,,,,,,,,,,,,,,,,,,,,,,,,,,,,,,,
2023,11,19,5,0,7.7,6.7,93.14,,,,,,,,,,,,,,,,,,,,,,,,,,,,,,,,,,,,
2023,11,19,6,0,7.5,6.7,94.66,,,,,,,,,,,,,,,,,,,,,,,,,,,,,,,,,,,,
2023,11,19,7,0,7.3,6.6,95.43,,,,,,,,,,,,,,,,,,,,,,,,,,,,,,,,,,,,
2023,11,19,8,0,7.2,6.6,95.67,,,,,,,,,,,,,,,,,,,,,,,,,,,,,,,,,,,,
2023,11,19,9,0,7.1,6.6,96.38,,,,,,,,,,,,,,,,,,,,,,,,,,,,,,,,,,,,
2023,11,19,10,0,7,6.4,96.17,,,,,,,,,,,,,,,,,,,,,,,,,,,,,,,,,,,,
2023,11,19,11,0,6.8,6.1,95.61,,,,,,,,,,,,,,,,,,,,,,,,,,,,,,,,,,,,
2023,11,19,12,0,6.3,5.7,96.19,,,,,,,,,,,,,,,,,,,,,,,,,,,,,,,,,,,,
2023,11,19,13,0,6.1,5.5,95.77,,,,,,,,,,,,,,,,,,,,,,,,,,,,,,,,,,,,
2023,11,19,14,0,5.9,5.2,95.55,,,,,,,,,,,,,,,,,,,,,,,,,,,,,,,,,,,,
2023,11,19,15,0,5.3,4.8,96.48,,,,,,,,,,,,,,,,,,,,,,,,,,,,,,,,,,,,
2023,11,19,16,0,6.1,5.4,95.19,,,,,,,,,,,,,,,,,,,,,,,,,,,,,,,,,,,,
2023,11,19,17,0,7.1,6.3,94.7,,,,,,,,,,,,,,,,,,,,,,,,,,,,,,,,,,,,
2023,11,19,18,0,7.9,6.8,92.94,,,,,,,,,,,,,,,,,,,,,,,,,,,,,,,,,,,,
2023,11,19,19,0,8.7,6.9,88.17,,,,,,,,,,,,,,,,,,,,,,,,,,,,,,,,,,,,
2023,11,19,20,0,9.2,6.5,83.28,,,,,,,,,,,,,,,,,,,,,,,,,,,,,,,,,,,,
2023,11,19,21,0,9.4,6.2,80.3,,,,,,,,,,,,,,,,,,,,,,,,,,,,,,,,,,,,
2023,11,19,22,0,9.3,6.1,80.18,,,,,,,,,,,,,,,,,,,,,,,,,,,,,,,,,,,,
2023,11,19,23,0,8.6,6.5,86.41,,,,,,,,,,,,,,,,,,,,,,,,,,,,,,,,,,,,
2023,11,20,0,0,7.1,5,86.46,,,,,,,,,,,,,,,,,,,,,,,,,,,,,,,,,,,,
2023,11,20,1,0,6.4,4.5,87.4,,,,,,,,,,,,,,,,,,,,,,,,,,,,,,,,,,,,
2023,11,20,2,0,5.9,4.3,89.25,,,,,,,,,,,,,,,,,,,,,,,,,,,,,,,,,,,,
2023,11,20,3,0,5.3,4.2,92.29,,,,,,,,,,,,,,,,,,,,,,,,,,,,,,,,,,,,
2023,11,20,4,0,4.5,4,96.67,,,,,,,,,,,,,,,,,,,,,,,,,,,,,,,,,,,,
2023,11,20,5,0,4.1,4.1,99.67,,,,,,,,,,,,,,,,,,,,,,,,,,,,,,,,,,,,
2023,11,20,6,0,4.6,4.2,97.14,,,,,,,,,,,,,,,,,,,,,,,,,,,,,,,,,,,,
2023,11,20,7,0,4.6,4,95.95,,,,,,,,,,,,,,,,,,,,,,,,,,,,,,,,,,,,
2023,11,20,8,0,4.4,3.8,96.02,,,,,,,,,,,,,,,,,,,,,,,,,,,,,,,,,,,,
2023,11,20,9,0,4.1,3.5,95.87,,,,,,,,,,,,,,,,,,,,,,,,,,,,,,,,,,,,
2023,11,20,10,0,3.7,3.1,95.84,,,,,,,,,,,,,,,,,,,,,,,,,,,,,,,,,,,,
2023,11,20,11,0,3.4,2.6,94.65,,,,,,,,,,,,,,,,,,,,,,,,,,,,,,,,,,,,
2023,11,20,12,0,3.2,2.3,93.53,,,,,,,,,,,,,,,,,,,,,,,,,,,,,,,,,,,,
2023,11,20,13,0,3.6,2,89.29,,,,,,,,,,,,,,,,,,,,,,,,,,,,,,,,,,,,
2023,11,20,14,0,3.5,1.8,88.5,,,,,,,,,,,,,,,,,,,,,,,,,,,,,,,,,,,,
2023,11,20,15,0,3.1,1.6,89.78,,,,,,,,,,,,,,,,,,,,,,,,,,,,,,,,,,,,
2023,11,20,16,0,3.8,2.6,92.08,,,,,,,,,,,,,,,,,,,,,,,,,,,,,,,,,,,,
2023,11,20,17,0,4.9,3.6,91.18,,,,,,,,,,,,,,,,,,,,,,,,,,,,,,,,,,,,
2023,11,20,18,0,5.8,4.2,89.3,,,,,,,,,,,,,,,,,,,,,,,,,,,,,,,,,,,,
2023,11,20,19,0,6.9,4.9,86.92,,,,,,,,,,,,,,,,,,,,,,,,,,,,,,,,,,,,
2023,11,20,20,0,8.4,5.3,81.11,,,,,,,,,,,,,,,,,,,,,,,,,,,,,,,,,,,,
2023,11,20,21,0,9.6,5.5,75.58,,,,,,,,,,,,,,,,,,,,,,,,,,,,,,,,,,,,
2023,11,20,22,0,10,5.8,74.93,,,,,,,,,,,,,,,,,,,,,,,,,,,,,,,,,,,,
2023,11,20,23,0,8.8,6.1,83.09,,,,,,,,,,,,,,,,,,,,,,,,,,,,,,,,,,,,
2023,11,21,0,0,7.7,4.9,82.41,,,,,,,,,,,,,,,,,,,,,,,,,,,,,,,,,,,,
2023,11,21,1,0,7.1,4.2,81.57,,,,,,,,,,,,,,,,,,,,,,,,,,,,,,,,,,,,
2023,11,21,2,0,6.7,3.5,80.02,,,,,,,,,,,,,,,,,,,,,,,,,,,,,,,,,,,,
2023,11,21,3,0,6.4,3,78.72,,,,,,,,,,,,,,,,,,,,,,,,,,,,,,,,,,,,
2023,11,21,4,0,6.4,2.3,75.04,,,,,,,,,,,,,,,,,,,,,,,,,,,,,,,,,,,,
2023,11,21,5,0,5.9,1.9,75.32,,,,,,,,,,,,,,,,,,,,,,,,,,,,,,,,,,,,
2023,11,21,6,0,5.6,1.8,76.27,,,,,,,,,,,,,,,,,,,,,,,,,,,,,,,,,,,,
2023,11,21,7,0,5.6,1.7,76.23,,,,,,,,,,,,,,,,,,,,,,,,,,,,,,,,,,,,
2023,11,21,8,0,5.5,1.8,77.1,,,,,,,,,,,,,,,,,,,,,,,,,,,,,,,,,,,,
2023,11,21,9,0,5.6,1.9,77.12,,,,,,,,,,,,,,,,,,,,,,,,,,,,,,,,,,,,
2023,11,21,10,0,5.8,1.9,76.27,,,,,,,,,,,,,,,,,,,,,,,,,,,,,,,,,,,,
2023,11,21,11,0,6.3,1.9,73.71,,,,,,,,,,,,,,,,,,,,,,,,,,,,,,,,,,,,
2023,11,21,12,0,6.6,2,72.24,,,,,,,,,,,,,,,,,,,,,,,,,,,,,,,,,,,,
2023,11,21,13,0,6.5,1.8,71.82,,,,,,,,,,,,,,,,,,,,,,,,,,,,,,,,,,,,
2023,11,21,14,0,6.1,1.9,74.53,,,,,,,,,,,,,,,,,,,,,,,,,,,,,,,,,,,,
2023,11,21,15,0,5.5,2.1,78.92,,,,,,,,,,,,,,,,,,,,,,,,,,,,,,,,,,,,
2023,11,21,16,0,5.7,2.8,81.69,,,,,,,,,,,,,,,,,,,,,,,,,,,,,,,,,,,,
2023,11,21,17,0,6.9,3.8,80.73,,,,,,,,,,,,,,,,,,,,,,,,,,,,,,,,,,,,
2023,11,21,18,0,8.8,4.4,74.04,,,,,,,,,,,,,,,,,,,,,,,,,,,,,,,,,,,,
2023,11,21,19,0,10.8,5.5,69.94,,,,,,,,,,,,,,,,,,,,,,,,,,,,,,,,,,,,
2023,11,21,20,0,12.2,6.6,68.53,,,,,,,,,,,,,,,,,,,,,,,,,,,,,,,,,,,,
2023,11,21,21,0,12.5,7.6,72.28,,,,,,,,,,,,,,,,,,,,,,,,,,,,,,,,,,,,
2023,11,21,22,0,12.2,8.4,77.5,,,,,,,,,,,,,,,,,,,,,,,,,,,,,,,,,,,,
2023,11,21,23,0,11,8.4,83.95,,,,,,,,,,,,,,,,,,,,,,,,,,,,,,,,,,,,
2023,11,22,0,0,10,7.9,87.03,,,,,,,,,,,,,,,,,,,,,,,,,,,,,,,,,,,,
2023,11,22,1,0,9.7,7.8,88.17,,,,,,,,,,,,,,,,,,,,,,,,,,,,,,,,,,,,
2023,11,22,2,0,9.4,8.1,91.38,,,,,,,,,,,,,,,,,,,,,,,,,,,,,,,,,,,,
2023,11,22,3,0,9.3,8.3,93.18,,,,,,,,,,,,,,,,,,,,,,,,,,,,,,,,,,,,
2023,11,22,4,0,9.3,8.4,94.16,,,,,,,,,,,,,,,,,,,,,,,,,,,,,,,,,,,,
2023,11,22,5,0,9.3,8.5,94.96,,,,,,,,,,,,,,,,,,,,,,,,,,,,,,,,,,,,
2023,11,22,6,0,9.1,8.5,95.92,,,,,,,,,,,,,,,,,,,,,,,,,,,,,,,,,,,,
2023,11,22,7,0,8.8,8.2,95.75,,,,,,,,,,,,,,,,,,,,,,,,,,,,,,,,,,,,
2023,11,22,8,0,8.5,7.8,95.34,,,,,,,,,,,,,,,,,,,,,,,,,,,,,,,,,,,,
2023,11,22,9,0,8,7.3,95.65,,,,,,,,,,,,,,,,,,,,,,,,,,,,,,,,,,,,
2023,11,22,10,0,7.5,6.8,95.51,,,,,,,,,,,,,,,,,,,,,,,,,,,,,,,,,,,,
2023,11,22,11,0,7.5,6.8,95.41,,,,,,,,,,,,,,,,,,,,,,,,,,,,,,,,,,,,
2023,11,22,12,0,7.5,6.6,94.26,,,,,,,,,,,,,,,,,,,,,,,,,,,,,,,,,,,,
2023,11,22,13,0,7.2,6.5,95.5,,,,,,,,,,,,,,,,,,,,,,,,,,,,,,,,,,,,
2023,11,22,14,0,6.9,6.3,95.98,,,,,,,,,,,,,,,,,,,,,,,,,,,,,,,,,,,,
2023,11,22,15,0,6.5,5.9,95.97,,,,,,,,,,,,,,,,,,,,,,,,,,,,,,,,,,,,
2023,11,22,16,0,6.9,6.2,95.4,,,,,,,,,,,,,,,,,,,,,,,,,,,,,,,,,,,,
2023,11,22,17,0,7.7,6.7,93.53,,,,,,,,,,,,,,,,,,,,,,,,,,,,,,,,,,,,
2023,11,22,18,0,8.1,6.8,91.76,,,,,,,,,,,,,,,,,,,,,,,,,,,,,,,,,,,,
2023,11,22,19,0,8.7,6.8,87.82,,,,,,,,,,,,,,,,,,,,,,,,,,,,,,,,,,,,
2023,11,22,20,0,9.3,6.4,82.36,,,,,,,,,,,,,,,,,,,,,,,,,,,,,,,,,,,,
2023,11,22,21,0,9.6,5.9,77.58,,,,,,,,,,,,,,,,,,,,,,,,,,,,,,,,,,,,
2023,11,22,22,0,9.3,5.4,76.49,,,,,,,,,,,,,,,,,,,,,,,,,,,,,,,,,,,,
2023,11,22,23,0,8.5,5.3,80.37,,,,,,,,,,,,,,,,,,,,,,,,,,,,,,,,,,,,
2023,11,23,0,0,6.8,5,88.48,,,,,,,,,,,,,,,,,,,,,,,,,,,,,,,,,,,,
2023,11,23,1,0,5.7,4.8,93.97,,,,,,,,,,,,,,,,,,,,,,,,,,,,,,,,,,,,
2023,11,23,2,0,5.2,4.7,96.91,,,,,,,,,,,,,,,,,,,,,,,,,,,,,,,,,,,,
2023,11,23,3,0,5.6,4.7,94.11,,,,,,,,,,,,,,,,,,,,,,,,,,,,,,,,,,,,
2023,11,23,4,0,5.8,4.6,91.94,,,,,,,,,,,,,,,,,,,,,,,,,,,,,,,,,,,,
2023,11,23,5,0,5.8,4.4,91.02,,,,,,,,,,,,,,,,,,,,,,,,,,,,,,,,,,,,
2023,11,23,6,0,5.9,4.5,90.65,,,,,,,,,,,,,,,,,,,,,,,,,,,,,,,,,,,,
2023,11,23,7,0,5.9,4.5,90.71,,,,,,,,,,,,,,,,,,,,,,,,,,,,,,,,,,,,
2023,11,23,8,0,5.9,4.5,90.87,,,,,,,,,,,,,,,,,,,,,,,,,,,,,,,,,,,,
2023,11,23,9,0,5.8,4.5,91.34,,,,,,,,,,,,,,,,,,,,,,,,,,,,,,,,,,,,
2023,11,23,10,0,5.7,4.4,91.54,,,,,,,,,,,,,,,,,,,,,,,,,,,,,,,,,,,,
2023,11,23,11,0,5.1,4.5,95.59,,,,,,,,,,,,,,,,,,,,,,,,,,,,,,,,,,,,
2023,11,23,12,0,4.7,4.4,97.9,,,,,,,,,,,,,,,,,,,,,,,,,,,,,,,,,,,,
2023,11,23,13,0,4.7,4.1,95.99,,,,,,,,,,,,,,,,,,,,,,,,,,,,,,,,,,,,
2023,11,23,14,0,4.2,3.5,94.94,,,,,,,,,,,,,,,,,,,,,,,,,,,,,,,,,,,,
2023,11,23,15,0,3.4,2.9,96.29,,,,,,,,,,,,,,,,,,,,,,,,,,,,,,,,,,,,
2023,11,23,16,0,4.2,3.2,93.3,,,,,,,,,,,,,,,,,,,,,,,,,,,,,,,,,,,,
2023,11,23,17,0,5.5,3.2,85.02,,,,,,,,,,,,,,,,,,,,,,,,,,,,,,,,,,,,
2023,11,23,18,0,6.8,2.1,71.97,,,,,,,,,,,,,,,,,,,,,,,,,,,,,,,,,,,,
2023,11,23,19,0,7.9,1.1,62.3,,,,,,,,,,,,,,,,,,,,,,,,,,,,,,,,,,,,
2023,11,23,20,0,8.5,0.9,58.62,,,,,,,,,,,,,,,,,,,,,,,,,,,,,,,,,,,,
2023,11,23,21,0,8.7,0.9,58.03,,,,,,,,,,,,,,,,,,,,,,,,,,,,,,,,,,,,
2023,11,23,22,0,8.4,1.3,60.83,,,,,,,,,,,,,,,,,,,,,,,,,,,,,,,,,,,,
2023,11,23,23,0,7.3,2.2,70.08,,,,,,,,,,,,,,,,,,,,,,,,,,,,,,,,,,,,
2023,11,24,0,0,4.9,2.2,82.39,,,,,,,,,,,,,,,,,,,,,,,,,,,,,,,,,,,,
2023,11,24,1,0,3.7,2.1,89.27,,,,,,,,,,,,,,,,,,,,,,,,,,,,,,,,,,,,
2023,11,24,2,0,3.3,2.3,93.06,,,,,,,,,,,,,,,,,,,,,,,,,,,,,,,,,,,,
2023,11,24,3,0,3,2.6,97.36,,,,,,,,,,,,,,,,,,,,,,,,,,,,,,,,,,,,
2023,11,24,4,0,2.6,2.6,100,,,,,,,,,,,,,,,,,,,,,,,,,,,,,,,,,,,,
2023,11,24,5,0,2.6,2.6,100,,,,,,,,,,,,,,,,,,,,,,,,,,,,,,,,,,,,
2023,11,24,6,0,3.1,3,99.6,,,,,,,,,,,,,,,,,,,,,,,,,,,,,,,,,,,,
2023,11,24,7,0,3.3,3,98.22,,,,,,,,,,,,,,,,,,,,,,,,,,,,,,,,,,,,
2023,11,24,8,0,3.2,2.6,95.91,,,,,,,,,,,,,,,,,,,,,,,,,,,,,,,,,,,,
2023,11,24,9,0,2.9,2.2,95.32,,,,,,,,,,,,,,,,,,,,,,,,,,,,,,,,,,,,
2023,11,24,10,0,3.1,1.9,91.75,,,,,,,,,,,,,,,,,,,,,,,,,,,,,,,,,,,,
2023,11,24,11,0,3.1,1.5,89.41,,,,,,,,,,,,,,,,,,,,,,,,,,,,,,,,,,,,
2023,11,24,12,0,3,1.3,88.45,,,,,,,,,,,,,,,,,,,,,,,,,,,,,,,,,,,,
2023,11,24,13,0,2.7,1.1,89.2,,,,,,,,,,,,,,,,,,,,,,,,,,,,,,,,,,,,
2023,11,24,14,0,2.5,1.1,90.78,,,,,,,,,,,,,,,,,,,,,,,,,,,,,,,,,,,,
2023,11,24,15,0,2.2,1.1,92.45,,,,,,,,,,,,,,,,,,,,,,,,,,,,,,,,,,,,
2023,11,24,16,0,3,1.4,89.16,,,,,,,,,,,,,,,,,,,,,,,,,,,,,,,,,,,,
2023,11,24,17,0,4.4,1.5,81.41,,,,,,,,,,,,,,,,,,,,,,,,,,,,,,,,,,,,
2023,11,24,18,0,5.9,1.3,72.55,,,,,,,,,,,,,,,,,,,,,,,,,,,,,,,,,,,,
2023,11,24,19,0,7.1,1.2,65.98,,,,,,,,,,,,,,,,,,,,,,,,,,,,,,,,,,,,
2023,11,24,20,0,7.9,0.9,61.47,,,,,,,,,,,,,,,,,,,,,,,,,,,,,,,,,,,,
2023,11,24,21,0,8.1,0.9,60.23,,,,,,,,,,,,,,,,,,,,,,,,,,,,,,,,,,,,
2023,11,24,22,0,7.8,1,62.15,,,,,,,,,,,,,,,,,,,,,,,,,,,,,,,,,,,,
2023,11,24,23,0,6.6,2.1,72.87,,,,,,,,,,,,,,,,,,,,,,,,,,,,,,,,,,,,
2023,11,25,0,0,3.9,1.5,84.42,,,,,,,,,,,,,,,,,,,,,,,,,,,,,,,,,,,,
2023,11,25,1,0,3.1,1.3,88.22,,,,,,,,,,,,,,,,,,,,,,,,,,,,,,,,,,,,
2023,11,25,2,0,2.8,1.5,91.03,,,,,,,,,,,,,,,,,,,,,,,,,,,,,,,,,,,,
2023,11,25,3,0,2.6,1.5,92.7,,,,,,,,,,,,,,,,,,,,,,,,,,,,,,,,,,,,
2023,11,25,4,0,2.4,1.5,93.82,,,,,,,,,,,,,,,,,,,,,,,,,,,,,,,,,,,,
2023,11,25,5,0,2.3,1.4,93.93,,,,,,,,,,,,,,,,,,,,,,,,,,,,,,,,,,,,
2023,11,25,6,0,2.3,1.3,93.08,,,,,,,,,,,,,,,,,,,,,,,,,,,,,,,,,,,,
2023,11,25,7,0,2.2,1.1,92.24,,,,,,,,,,,,,,,,,,,,,,,,,,,,,,,,,,,,
2023,11,25,8,0,2,0.7,91.41,,,,,,,,,,,,,,,,,,,,,,,,,,,,,,,,,,,,
2023,11,25,9,0,1.6,0.3,91.06,,,,,,,,,,,,,,,,,,,,,,,,,,,,,,,,,,,,
2023,11,25,10,0,1.2,-0.1,90.72,,,,,,,,,,,,,,,,,,,,,,,,,,,,,,,,,,,,
2023,11,25,11,0,1,-0.6,89.26,,,,,,,,,,,,,,,,,,,,,,,,,,,,,,,,,,,,
2023,11,25,12,0,1,-0.8,87.69,,,,,,,,,,,,,,,,,,,,,,,,,,,,,,,,,,,,
2023,11,25,13,0,1.4,-0.7,85.88,,,,,,,,,,,,,,,,,,,,,,,,,,,,,,,,,,,,
2023,11,25,14,0,1.7,-0.6,84.65,,,,,,,,,,,,,,,,,,,,,,,,,,,,,,,,,,,,
2023,11,25,15,0,2.1,-0.5,83.03,,,,,,,,,,,,,,,,,,,,,,,,,,,,,,,,,,,,
2023,11,25,16,0,2.8,0.1,82.37,,,,,,,,,,,,,,,,,,,,,,,,,,,,,,,,,,,,
2023,11,25,17,0,4.1,1.5,83.33,,,,,,,,,,,,,,,,,,,,,,,,,,,,,,,,,,,,
2023,11,25,18,0,5.4,1.2,74.21,,,,,,,,,,,,,,,,,,,,,,,,,,,,,,,,,,,,
2023,11,25,19,0,6.7,1.5,69.32,,,,,,,,,,,,,,,,,,,,,,,,,,,,,,,,,,,,
2023,11,25,20,0,7.7,2,67.36,,,,,,,,,,,,,,,,,,,,,,,,,,,,,,,,,,,,
2023,11,25,21,0,8.2,2.6,67.84,,,,,,,,,,,,,,,,,,,,,,,,,,,,,,,,,,,,
2023,11,25,22,0,8.1,3.2,71.32,,,,,,,,,,,,,,,,,,,,,,,,,,,,,,,,,,,,
2023,11,25,23,0,6.8,3.9,81.66,,,,,,,,,,,,,,,,,,,,,,,,,,,,,,,,,,,,
2023,11,26,0,0,3.9,3,93.57,,,,,,,,,,,,,,,,,,,,,,,,,,,,,,,,,,,,
2023,11,26,1,0,2.7,2.7,100,,,,,,,,,,,,,,,,,,,,,,,,,,,,,,,,,,,,
2023,11,26,2,0,2.8,2.8,100,,,,,,,,,,,,,,,,,,,,,,,,,,,,,,,,,,,,
2023,11,26,3,0,2.9,2.7,98.63,,,,,,,,,,,,,,,,,,,,,,,,,,,,,,,,,,,,
2023,11,26,4,0,2.8,2.5,97.62,,,,,,,,,,,,,,,,,,,,,,,,,,,,,,,,,,,,
2023,11,26,5,0,2.7,2.2,96.28,,,,,,,,,,,,,,,,,,,,,,,,,,,,,,,,,,,,
2023,11,26,6,0,2.4,1.9,96.19,,,,,,,,,,,,,,,,,,,,,,,,,,,,,,,,,,,,
2023,11,26,7,0,2.3,1.6,94.8,,,,,,,,,,,,,,,,,,,,,,,,,,,,,,,,,,,,
2023,11,26,8,0,2.1,1.3,94.36,,,,,,,,,,,,,,,,,,,,,,,,,,,,,,,,,,,,
2023,11,26,9,0,1.9,1,93.57,,,,,,,,,,,,,,,,,,,,,,,,,,,,,,,,,,,,
2023,11,26,10,0,1.6,0.7,93.44,,,,,,,,,,,,,,,,,,,,,,,,,,,,,,,,,,,,
2023,11,26,11,0,0.9,0.3,95.85,,,,,,,,,,,,,,,,,,,,,,,,,,,,,,,,,,,,
2023,11,26,12,0,0.5,0.1,96.87,,,,,,,,,,,,,,,,,,,,,,,,,,,,,,,,,,,,
2023,11,26,13,0,0.4,-0.3,95.3,,,,,,,,,,,,,,,,,,,,,,,,,,,,,,,,,,,,
2023,11,26,14,0,0.5,-0.4,93.75,,,,,,,,,,,,,,,,,,,,,,,,,,,,,,,,,,,,
2023,11,26,15,0,0.6,-0.3,93.47,,,,,,,,,,,,,,,,,,,,,,,,,,,,,,,,,,,,
2023,11,26,16,0,1.6,0.1,89.91,,,,,,,,,,,,,,,,,,,,,,,,,,,,,,,,,,,,
2023,11,26,17,0,3.7,1,82.36,,,,,,,,,,,,,,,,,,,,,,,,,,,,,,,,,,,,
2023,11,26,18,0,5.8,1.7,74.97,,,,,,,,,,,,,,,,,,,,,,,,,,,,,,,,,,,,
2023,11,26,19,0,7.9,2.5,68.56,,,,,,,,,,,,,,,,,,,,,,,,,,,,,,,,,,,,
2023,11,26,20,0,9.4,3,64.47,,,,,,,,,,,,,,,,,,,,,,,,,,,,,,,,,,,,
2023,11,26,21,0,10.1,3.9,65.24,,,,,,,,,,,,,,,,,,,,,,,,,,,,,,,,,,,,
2023,11,26,22,0,9.9,4.8,70.79,,,,,,,,,,,,,,,,,,,,,,,,,,,,,,,,,,,,
2023,11,26,23,0,8.2,5.5,83.01,,,,,,,,,,,,,,,,,,,,,,,,,,,,,,,,,,,,
2023,11,27,0,0,5.5,3.5,86.9,,,,,,,,,,,,,,,,,,,,,,,,,,,,,,,,,,,,
2023,11,27,1,0,4.1,2.9,91.79,,,,,,,,,,,,,,,,,,,,,,,,,,,,,,,,,,,,
2023,11,27,2,0,3.4,2.4,93.05,,,,,,,,,,,,,,,,,,,,,,,,,,,,,,,,,,,,
2023,11,27,3,0,3.1,1.9,91.59,,,,,,,,,,,,,,,,,,,,,,,,,,,,,,,,,,,,
2023,11,27,4,0,3,1.4,89.18,,,,,,,,,,,,,,,,,,,,,,,,,,,,,,,,,,,,
2023,11,27,5,0,2.7,1,88.48,,,,,,,,,,,,,,,,,,,,,,,,,,,,,,,,,,,,
2023,11,27,6,0,2.4,0.6,88.04,,,,,,,,,,,,,,,,,,,,,,,,,,,,,,,,,,,,
2023,11,27,7,0,2.2,0.2,86.66,,,,,,,,,,,,,,,,,,,,,,,,,,,,,,,,,,,,
2023,11,27,8,0,2.2,-0.2,84.16,,,,,,,,,,,,,,,,,,,,,,,,,,,,,,,,,,,,
2023,11,27,9,0,2.4,-0.8,79.46,,,,,,,,,,,,,,,,,,,,,,,,,,,,,,,,,,,,
2023,11,27,10,0,2.2,-1.2,78.51,,,,,,,,,,,,,,,,,,,,,,,,,,,,,,,,,,,,
2023,11,27,11,0,2,-1.4,78.24,,,,,,,,,,,,,,,,,,,,,,,,,,,,,,,,,,,,
2023,11,27,12,0,1.7,-1.6,78.55,,,,,,,,,,,,,,,,,,,,,,,,,,,,,,,,,,,,
2023,11,27,13,0,1.4,-1.9,78.79,,,,,,,,,,,,,,,,,,,,,,,,,,,,,,,,,,,,
2023,11,27,14,0,1,-2.1,79.76,,,,,,,,,,,,,,,,,,,,,,,,,,,,,,,,,,,,
2023,11,27,15,0,0.7,-2.2,81.08,,,,,,,,,,,,,,,,,,,,,,,,,,,,,,,,,,,,
2023,11,27,16,0,1.2,-1.8,80.6,,,,,,,,,,,,,,,,,,,,,,,,,,,,,,,,,,,,
2023,11,27,17,0,3.3,-0.6,75.54,,,,,,,,,,,,,,,,,,,,,,,,,,,,,,,,,,,,
2023,11,27,18,0,5.5,0.2,68.68,,,,,,,,,,,,,,,,,,,,,,,,,,,,,,,,,,,,
2023,11,27,19,0,7.5,0.9,63.06,,,,,,,,,,,,,,,,,,,,,,,,,,,,,,,,,,,,
2023,11,27,20,0,8.8,1.6,60.7,,,,,,,,,,,,,,,,,,,,,,,,,,,,,,,,,,,,
2023,11,27,21,0,9.4,2.2,60.89,,,,,,,,,,,,,,,,,,,,,,,,,,,,,,,,,,,,
2023,11,27,22,0,9.3,3.1,65.42,,,,,,,,,,,,,,,,,,,,,,,,,,,,,,,,,,,,
2023,11,27,23,0,7.9,3.4,73,,,,,,,,,,,,,,,,,,,,,,,,,,,,,,,,,,,,
2023,11,28,0,0,5.7,1.7,75.32,,,,,,,,,,,,,,,,,,,,,,,,,,,,,,,,,,,,
2023,11,28,1,0,4,1.4,83.42,,,,,,,,,,,,,,,,,,,,,,,,,,,,,,,,,,,,
2023,11,28,2,0,2.8,1.3,89.69,,,,,,,,,,,,,,,,,,,,,,,,,,,,,,,,,,,,
2023,11,28,3,0,2.3,0.8,90.13,,,,,,,,,,,,,,,,,,,,,,,,,,,,,,,,,,,,
2023,11,28,4,0,2.4,0.2,85.53,,,,,,,,,,,,,,,,,,,,,,,,,,,,,,,,,,,,
2023,11,28,5,0,1.9,-0.2,85.77,,,,,,,,,,,,,,,,,,,,,,,,,,,,,,,,,,,,
2023,11,28,6,0,1.5,-0.4,87.2,,,,,,,,,,,,,,,,,,,,,,,,,,,,,,,,,,,,
2023,11,28,7,0,1.2,-0.5,88.44,,,,,,,,,,,,,,,,,,,,,,,,,,,,,,,,,,,,
2023,11,28,8,0,0.9,-0.6,89.65,,,,,,,,,,,,,,,,,,,,,,,,,,,,,,,,,,,,
2023,11,28,9,0,1.2,-1.1,84.55,,,,,,,,,,,,,,,,,,,,,,,,,,,,,,,,,,,,
2023,11,28,10,0,1.2,-1.6,81.72,,,,,,,,,,,,,,,,,,,,,,,,,,,,,,,,,,,,
2023,11,28,11,0,1.2,-1.9,79.99,,,,,,,,,,,,,,,,,,,,,,,,,,,,,,,,,,,,
2023,11,28,12,0,1.1,-2,79.58,,,,,,,,,,,,,,,,,,,,,,,,,,,,,,,,,,,,
2023,11,28,13,0,0.8,-2.1,80.93,,,,,,,,,,,,,,,,,,,,,,,,,,,,,,,,,,,,
2023,11,28,14,0,0.6,-2.1,81.94,,,,,,,,,,,,,,,,,,,,,,,,,,,,,,,,,,,,
2023,11,28,15,0,0.3,-2.1,84.09,,,,,,,,,,,,,,,,,,,,,,,,,,,,,,,,,,,,
2023,11,28,16,0,0.9,-1.6,83.28,,,,,,,,,,,,,,,,,,,,,,,,,,,,,,,,,,,,
2023,11,28,17,0,3.1,-0.2,78.87,,,,,,,,,,,,,,,,,,,,,,,,,,,,,,,,,,,,
2023,11,28,18,0,5.3,0.2,69.62,,,,,,,,,,,,,,,,,,,,,,,,,,,,,,,,,,,,
2023,11,28,19,0,7.2,0.3,61.4,,,,,,,,,,,,,,,,,,,,,,,,,,,,,,,,,,,,
2023,11,28,20,0,8.3,0.8,59.08,,,,,,,,,,,,,,,,,,,,,,,,,,,,,,,,,,,,
2023,11,28,21,0,8.7,1.4,60.06,,,,,,,,,,,,,,,,,,,,,,,,,,,,,,,,,,,,
2023,11,28,22,0,8.3,2.7,67.79,,,,,,,,,,,,,,,,,,,,,,,,,,,,,,,,,,,,
2023,11,28,23,0,6.9,2.8,74.88,,,,,,,,,,,,,,,,,,,,,,,,,,,,,,,,,,,,
2023,11,29,0,0,5.3,1.3,75.23,,,,,,,,,,,,,,,,,,,,,,,,,,,,,,,,,,,,
2023,11,29,1,0,4.3,1.3,80.94,,,,,,,,,,,,,,,,,,,,,,,,,,,,,,,,,,,,
2023,11,29,2,0,3.7,1.3,84.35,,,,,,,,,,,,,,,,,,,,,,,,,,,,,,,,,,,,
2023,11,29,3,0,3.3,1.1,85.74,,,,,,,,,,,,,,,,,,,,,,,,,,,,,,,,,,,,
2023,11,29,4,0,3.2,0.9,84.75,,,,,,,,,,,,,,,,,,,,,,,,,,,,,,,,,,,,
2023,11,29,5,0,3,0.6,84.06,,,,,,,,,,,,,,,,,,,,,,,,,,,,,,,,,,,,
2023,11,29,6,0,2.7,0.2,83.58,,,,,,,,,,,,,,,,,,,,,,,,,,,,,,,,,,,,
2023,11,29,7,0,2.3,-0.2,83.58,,,,,,,,,,,,,,,,,,,,,,,,,,,,,,,,,,,,
2023,11,29,8,0,1.9,-0.4,84.59,,,,,,,,,,,,,,,,,,,,,,,,,,,,,,,,,,,,
2023,11,29,9,0,1.7,-0.6,84.55,,,,,,,,,,,,,,,,,,,,,,,,,,,,,,,,,,,,
2023,11,29,10,0,1.9,-0.8,82.07,,,,,,,,,,,,,,,,,,,,,,,,,,,,,,,,,,,,
2023,11,29,11,0,2.2,-0.9,79.91,,,,,,,,,,,,,,,,,,,,,,,,,,,,,,,,,,,,
2023,11,29,12,0,2.2,-0.9,79.91,,,,,,,,,,,,,,,,,,,,,,,,,,,,,,,,,,,,
2023,11,29,13,0,2.2,-0.9,80.17,,,,,,,,,,,,,,,,,,,,,,,,,,,,,,,,,,,,
2023,11,29,14,0,2.1,-0.7,81.56,,,,,,,,,,,,,,,,,,,,,,,,,,,,,,,,,,,,
2023,11,29,15,0,1.9,-0.6,83.47,,,,,,,,,,,,,,,,,,,,,,,,,,,,,,,,,,,,
2023,11,29,16,0,2.2,-0.1,84.88,,,,,,,,,,,,,,,,,,,,,,,,,,,,,,,,,,,,
2023,11,29,17,0,3.8,1.1,82.42,,,,,,,,,,,,,,,,,,,,,,,,,,,,,,,,,,,,
2023,11,29,18,0,4.9,0.7,74.28,,,,,,,,,,,,,,,,,,,,,,,,,,,,,,,,,,,,
2023,11,29,19,0,5.7,0.8,70.86,,,,,,,,,,,,,,,,,,,,,,,,,,,,,,,,,,,,
2023,11,29,20,0,6.3,1.1,69.57,,,,,,,,,,,,,,,,,,,,,,,,,,,,,,,,,,,,
2023,11,29,21,0,6.4,1.4,70.47,,,,,,,,,,,,,,,,,,,,,,,,,,,,,,,,,,,,
2023,11,29,22,0,6.1,1.8,74.14,,,,,,,,,,,,,,,,,,,,,,,,,,,,,,,,,,,,
2023,11,29,23,0,5,2.3,82.64,,,,,,,,,,,,,,,,,,,,,,,,,,,,,,,,,,,,
2023,11,30,0,0,3.6,1.4,85.23,,,,,,,,,,,,,,,,,,,,,,,,,,,,,,,,,,,,
2023,11,30,1,0,3.2,1.2,86.64,,,,,,,,,,,,,,,,,,,,,,,,,,,,,,,,,,,,
2023,11,30,2,0,2.7,1.1,89.06,,,,,,,,,,,,,,,,,,,,,,,,,,,,,,,,,,,,
2023,11,30,3,0,2.2,0.9,90.88,,,,,,,,,,,,,,,,,,,,,,,,,,,,,,,,,,,,
2023,11,30,4,0,2,0.8,91.55,,,,,,,,,,,,,,,,,,,,,,,,,,,,,,,,,,,,
2023,11,30,5,0,1.9,0.6,90.85,,,,,,,,,,,,,,,,,,,,,,,,,,,,,,,,,,,,
2023,11,30,6,0,1.7,0.3,90.6,,,,,,,,,,,,,,,,,,,,,,,,,,,,,,,,,,,,
2023,11,30,7,0,1.7,0.1,89.11,,,,,,,,,,,,,,,,,,,,,,,,,,,,,,,,,,,,
2023,11,30,8,0,1.7,-0.2,87.44,,,,,,,,,,,,,,,,,,,,,,,,,,,,,,,,,,,,
2023,11,30,9,0,1.7,-0.4,86.19,,,,,,,,,,,,,,,,,,,,,,,,,,,,,,,,,,,,
2023,11,30,10,0,1.8,-0.5,84.84,,,,,,,,,,,,,,,,,,,,,,,,,,,,,,,,,,,,
2023,11,30,11,0,1.9,-0.5,84.05,,,,,,,,,,,,,,,,,,,,,,,,,,,,,,,,,,,,
2023,11,30,12,0,1.8,-0.5,84.99,,,,,,,,,,,,,,,,,,,,,,,,,,,,,,,,,,,,
2023,11,30,13,0,1.8,-0.4,85.52,,,,,,,,,,,,,,,,,,,,,,,,,,,,,,,,,,,,
2023,11,30,14,0,1.8,-0.3,85.84,,,,,,,,,,,,,,,,,,,,,,,,,,,,,,,,,,,,
2023,11,30,15,0,1.8,-0.5,84.8,,,,,,,,,,,,,,,,,,,,,,,,,,,,,,,,,,,,
2023,11,30,16,0,2.1,-0.2,84.78,,,,,,,,,,,,,,,,,,,,,,,,,,,,,,,,,,,,
2023,11,30,17,0,3.7,1.3,84.12,,,,,,,,,,,,,,,,,,,,,,,,,,,,,,,,,,,,
2023,11,30,18,0,5.1,2,80.52,,,,,,,,,,,,,,,,,,,,,,,,,,,,,,,,,,,,
2023,11,30,19,0,6.3,2.9,79.09,,,,,,,,,,,,,,,,,,,,,,,,,,,,,,,,,,,,
2023,11,30,20,0,6.8,3.7,80.48,,,,,,,,,,,,,,,,,,,,,,,,,,,,,,,,,,,,
2023,11,30,21,0,6.7,4.1,83.64,,,,,,,,,,,,,,,,,,,,,,,,,,,,,,,,,,,,
2023,11,30,22,0,6.1,4.4,88.86,,,,,,,,,,,,,,,,,,,,,,,,,,,,,,,,,,,,
2023,11,30,23,0,5.2,3.6,89.51,,,,,,,,,,,,,,,,,,,,,,,,,,,,,,,,,,,,
2023,12,1,0,0,4.1,3,92.87,,,,,,,,,,,,,,,,,,,,,,,,,,,,,,,,,,,,
2023,12,1,1,0,3.8,3,94.51,,,,,,,,,,,,,,,,,,,,,,,,,,,,,,,,,,,,
2023,12,1,2,0,3.6,2.8,94.53,,,,,,,,,,,,,,,,,,,,,,,,,,,,,,,,,,,,
2023,12,1,3,0,3.3,2.5,94.54,,,,,,,,,,,,,,,,,,,,,,,,,,,,,,,,,,,,
2023,12,1,4,0,3.1,2.3,94.43,,,,,,,,,,,,,,,,,,,,,,,,,,,,,,,,,,,,
2023,12,1,5,0,2.9,2.2,95.15,,,,,,,,,,,,,,,,,,,,,,,,,,,,,,,,,,,,
2023,12,1,6,0,2.9,2.2,95.33,,,,,,,,,,,,,,,,,,,,,,,,,,,,,,,,,,,,
2023,12,1,7,0,3,2.4,96,,,,,,,,,,,,,,,,,,,,,,,,,,,,,,,,,,,,
2023,12,1,8,0,3.2,2.7,96.34,,,,,,,,,,,,,,,,,,,,,,,,,,,,,,,,,,,,
2023,12,1,9,0,3.5,2.9,95.89,,,,,,,,,,,,,,,,,,,,,,,,,,,,,,,,,,,,
2023,12,1,10,0,3.8,3.1,95.49,,,,,,,,,,,,,,,,,,,,,,,,,,,,,,,,,,,,
2023,12,1,11,0,4.1,3.3,94.76,,,,,,,,,,,,,,,,,,,,,,,,,,,,,,,,,,,,
2023,12,1,12,0,4.4,3.6,94.38,,,,,,,,,,,,,,,,,,,,,,,,,,,,,,,,,,,,
2023,12,1,13,0,4.4,3.6,94.41,,,,,,,,,,,,,,,,,,,,,,,,,,,,,,,,,,,,
2023,12,1,14,0,4,3.2,94.43,,,,,,,,,,,,,,,,,,,,,,,,,,,,,,,,,,,,
2023,12,1,15,0,3.9,3.1,94.41,,,,,,,,,,,,,,,,,,,,,,,,,,,,,,,,,,,,
2023,12,1,16,0,4.1,3.5,95.78,,,,,,,,,,,,,,,,,,,,,,,,,,,,,,,,,,,,
2023,12,1,17,0,4.8,4.2,96.06,,,,,,,,,,,,,,,,,,,,,,,,,,,,,,,,,,,,
2023,12,1,18,0,5.8,5.1,95.19,,,,,,,,,,,,,,,,,,,,,,,,,,,,,,,,,,,,
2023,12,1,19,0,6.7,5.8,94.11,,,,,,,,,,,,,,,,,,,,,,,,,,,,,,,,,,,,
2023,12,1,20,0,7.3,6.2,92.5,,,,,,,,,,,,,,,,,,,,,,,,,,,,,,,,,,,,
2023,12,1,21,0,7.6,6.1,90.45,,,,,,,,,,,,,,,,,,,,,,,,,,,,,,,,,,,,
2023,12,1,22,0,7.4,6.1,91.45,,,,,,,,,,,,,,,,,,,,,,,,,,,,,,,,,,,,
2023,12,1,23,0,6.6,5.7,94.08,,,,,,,,,,,,,,,,,,,,,,,,,,,,,,,,,,,,
2023,12,2,0,0,6,5.4,95.65,,,,,,,,,,,,,,,,,,,,,,,,,,,,,,,,,,,,
2023,12,2,1,0,6,5.5,96.44,,,,,,,,,,,,,,,,,,,,,,,,,,,,,,,,,,,,
2023,12,2,2,0,5.8,5.3,96.92,,,,,,,,,,,,,,,,,,,,,,,,,,,,,,,,,,,,
2023,12,2,3,0,5.6,5.1,96.67,,,,,,,,,,,,,,,,,,,,,,,,,,,,,,,,,,,,
2023,12,2,4,0,5.5,4.9,96.18,,,,,,,,,,,,,,,,,,,,,,,,,,,,,,,,,,,,
2023,12,2,5,0,5.6,5.1,96.29,,,,,,,,,,,,,,,,,,,,,,,,,,,,,,,,,,,,
2023,12,2,6,0,6,5.4,96.25,,,,,,,,,,,,,,,,,,,,,,,,,,,,,,,,,,,,
2023,12,2,7,0,6.3,5.8,96.53,,,,,,,,,,,,,,,,,,,,,,,,,,,,,,,,,,,,
2023,12,2,8,0,6.5,6,96.48,,,,,,,,,,,,,,,,,,,,,,,,,,,,,,,,,,,,
2023,12,2,9,0,6.7,6.1,96.17,,,,,,,,,,,,,,,,,,,,,,,,,,,,,,,,,,,,
2023,12,2,10,0,6.7,6,95,,,,,,,,,,,,,,,,,,,,,,,,,,,,,,,,,,,,
2023,12,2,11,0,6.5,5.5,93.14,,,,,,,,,,,,,,,,,,,,,,,,,,,,,,,,,,,,
2023,12,2,12,0,6.2,5.3,94.2,,,,,,,,,,,,,,,,,,,,,,,,,,,,,,,,,,,,
2023,12,2,13,0,6.1,5.3,94.85,,,,,,,,,,,,,,,,,,,,,,,,,,,,,,,,,,,,
2023,12,2,14,0,5.4,4.8,95.74,,,,,,,,,,,,,,,,,,,,,,,,,,,,,,,,,,,,
2023,12,2,15,0,5.3,4.6,95.48,,,,,,,,,,,,,,,,,,,,,,,,,,,,,,,,,,,,
2023,12,2,16,0,5.4,4.7,95.34,,,,,,,,,,,,,,,,,,,,,,,,,,,,,,,,,,,,
2023,12,2,17,0,5.9,5.1,94.76,,,,,,,,,,,,,,,,,,,,,,,,,,,,,,,,,,,,
2023,12,2,18,0,6.5,5.7,94.59,,,,,,,,,,,,,,,,,,,,,,,,,,,,,,,,,,,,
2023,12,2,19,0,7.4,6.3,92.5,,,,,,,,,,,,,,,,,,,,,,,,,,,,,,,,,,,,
2023,12,2,20,0,8.1,6.4,88.82,,,,,,,,,,,,,,,,,,,,,,,,,,,,,,,,,,,,
2023,12,2,21,0,8.3,6.3,87.23,,,,,,,,,,,,,,,,,,,,,,,,,,,,,,,,,,,,
2023,12,2,22,0,8.1,6.2,87.76,,,,,,,,,,,,,,,,,,,,,,,,,,,,,,,,,,,,
2023,12,2,23,0,7.4,5.9,90,,,,,,,,,,,,,,,,,,,,,,,,,,,,,,,,,,,,
2023,12,3,0,0,5.9,5.1,94.55,,,,,,,,,,,,,,,,,,,,,,,,,,,,,,,,,,,,
2023,12,3,1,0,5.2,4.7,96.6,,,,,,,,,,,,,,,,,,,,,,,,,,,,,,,,,,,,
2023,12,3,2,0,5,4.6,97.54,,,,,,,,,,,,,,,,,,,,,,,,,,,,,,,,,,,,
2023,12,3,3,0,4.9,4.5,97.48,,,,,,,,,,,,,,,,,,,,,,,,,,,,,,,,,,,,
2023,12,3,4,0,4.8,4.4,97.52,,,,,,,,,,,,,,,,,,,,,,,,,,,,,,,,,,,,
2023,12,3,5,0,4.9,4.5,96.92,,,,,,,,,,,,,,,,,,,,,,,,,,,,,,,,,,,,
2023,12,3,6,0,4.9,4.5,97.05,,,,,,,,,,,,,,,,,,,,,,,,,,,,,,,,,,,,
2023,12,3,7,0,5,4.5,96.53,,,,,,,,,,,,,,,,,,,,,,,,,,,,,,,,,,,,
2023,12,3,8,0,5.1,4.5,96.02,,,,,,,,,,,,,,,,,,,,,,,,,,,,,,,,,,,,
2023,12,3,9,0,5.2,4.6,96.01,,,,,,,,,,,,,,,,,,,,,,,,,,,,,,,,,,,,
2023,12,3,10,0,5.3,4.7,96.04,,,,,,,,,,,,,,,,,,,,,,,,,,,,,,,,,,,,
2023,12,3,11,0,5.2,4.7,96.34,,,,,,,,,,,,,,,,,,,,,,,,,,,,,,,,,,,,
2023,12,3,12,0,5.2,4.6,96.04,,,,,,,,,,,,,,,,,,,,,,,,,,,,,,,,,,,,
2023,12,3,13,0,5.2,4.6,95.75,,,,,,,,,,,,,,,,,,,,,,,,,,,,,,,,,,,,
2023,12,3,14,0,5.4,4.8,95.7,,,,,,,,,,,,,,,,,,,,,,,,,,,,,,,,,,,,
2023,12,3,15,0,5.8,5.2,95.67,,,,,,,,,,,,,,,,,,,,,,,,,,,,,,,,,,,,
2023,12,3,16,0,6.2,5.6,96.06,,,,,,,,,,,,,,,,,,,,,,,,,,,,,,,,,,,,
2023,12,3,17,0,7,6.4,95.83,,,,,,,,,,,,,,,,,,,,,,,,,,,,,,,,,,,,
2023,12,3,18,0,8.3,7.6,95.37,,,,,,,,,,,,,,,,,,,,,,,,,,,,,,,,,,,,
2023,12,3,19,0,9.6,8.9,95.26,,,,,,,,,,,,,,,,,,,,,,,,,,,,,,,,,,,,
2023,12,3,20,0,10.7,9.8,94.47,,,,,,,,,,,,,,,,,,,,,,,,,,,,,,,,,,,,
2023,12,3,21,0,11.2,10.1,93.04,,,,,,,,,,,,,,,,,,,,,,,,,,,,,,,,,,,,
2023,12,3,22,0,10.8,9.5,91.45,,,,,,,,,,,,,,,,,,,,,,,,,,,,,,,,,,,,
2023,12,3,23,0,9.3,8.4,93.81,,,,,,,,,,,,,,,,,,,,,,,,,,,,,,,,,,,,
2023,12,4,0,0,7.8,7,94.59,,,,,,,,,,,,,,,,,,,,,,,,,,,,,,,,,,,,
2023,12,4,1,0,7.5,6.7,94.78,,,,,,,,,,,,,,,,,,,,,,,,,,,,,,,,,,,,
2023,12,4,2,0,7.3,6.8,96.32,,,,,,,,,,,,,,,,,,,,,,,,,,,,,,,,,,,,
2023,12,4,3,0,7.3,6.8,96.64,,,,,,,,,,,,,,,,,,,,,,,,,,,,,,,,,,,,
2023,12,4,4,0,6.7,6.4,98,,,,,,,,,,,,,,,,,,,,,,,,,,,,,,,,,,,,
2023,12,4,5,0,6.4,6.1,98.07,,,,,,,,,,,,,,,,,,,,,,,,,,,,,,,,,,,,
2023,12,4,6,0,6.3,6,97.67,,,,,,,,,,,,,,,,,,,,,,,,,,,,,,,,,,,,
2023,12,4,7,0,6.3,5.8,96.36,,,,,,,,,,,,,,,,,,,,,,,,,,,,,,,,,,,,
2023,12,4,8,0,6.1,5.5,96.2,,,,,,,,,,,,,,,,,,,,,,,,,,,,,,,,,,,,
2023,12,4,9,0,5.9,5.3,95.82,,,,,,,,,,,,,,,,,,,,,,,,,,,,,,,,,,,,
2023,12,4,10,0,5.8,5.2,96.04,,,,,,,,,,,,,,,,,,,,,,,,,,,,,,,,,,,,
2023,12,4,11,0,6.2,5.8,96.97,,,,,,,,,,,,,,,,,,,,,,,,,,,,,,,,,,,,
2023,12,4,12,0,6.8,6.3,96.82,,,,,,,,,,,,,,,,,,,,,,,,,,,,,,,,,,,,
2023,12,4,13,0,7.3,6.8,96.86,,,,,,,,,,,,,,,,,,,,,,,,,,,,,,,,,,,,
2023,12,4,14,0,7.6,7.1,96.32,,,,,,,,,,,,,,,,,,,,,,,,,,,,,,,,,,,,
2023,12,4,15,0,7.7,7.1,96.12,,,,,,,,,,,,,,,,,,,,,,,,,,,,,,,,,,,,
2023,12,4,16,0,8.4,7.8,95.85,,,,,,,,,,,,,,,,,,,,,,,,,,,,,,,,,,,,
2023,12,4,17,0,9.4,8.8,96.12,,,,,,,,,,,,,,,,,,,,,,,,,,,,,,,,,,,,
2023,12,4,18,0,10.6,9.9,95.68,,,,,,,,,,,,,,,,,,,,,,,,,,,,,,,,,,,,
2023,12,4,19,0,11.5,10.8,95.48,,,,,,,,,,,,,,,,,,,,,,,,,,,,,,,,,,,,
2023,12,4,20,0,12.3,11.6,95.19,,,,,,,,,,,,,,,,,,,,,,,,,,,,,,,,,,,,
2023,12,4,21,0,13.1,12.2,94.45,,,,,,,,,,,,,,,,,,,,,,,,,,,,,,,,,,,,
2023,12,4,22,0,13.6,12.6,93.97,,,,,,,,,,,,,,,,,,,,,,,,,,,,,,,,,,,,
2023,12,4,23,0,13.7,12.7,93.71,,,,,,,,,,,,,,,,,,,,,,,,,,,,,,,,,,,,
2023,12,5,0,0,13.8,12.8,93.6,,,,,,,,,,,,,,,,,,,,,,,,,,,,,,,,,,,,
2023,12,5,1,0,14.1,12.9,92.72,,,,,,,,,,,,,,,,,,,,,,,,,,,,,,,,,,,,
2023,12,5,2,0,14.4,13,91.4,,,,,,,,,,,,,,,,,,,,,,,,,,,,,,,,,,,,
2023,12,5,3,0,14.5,13.1,91.58,,,,,,,,,,,,,,,,,,,,,,,,,,,,,,,,,,,,
2023,12,5,4,0,14.6,13.3,92.13,,,,,,,,,,,,,,,,,,,,,,,,,,,,,,,,,,,,
2023,12,5,5,0,14.8,13.5,91.87,,,,,,,,,,,,,,,,,,,,,,,,,,,,,,,,,,,,
2023,12,5,6,0,14.8,13.6,92.3,,,,,,,,,,,,,,,,,,,,,,,,,,,,,,,,,,,,
2023,12,5,7,0,14.7,13.5,92.67,,,,,,,,,,,,,,,,,,,,,,,,,,,,,,,,,,,,
2023,12,5,8,0,14.4,13.4,93.62,,,,,,,,,,,,,,,,,,,,,,,,,,,,,,,,,,,,
2023,12,5,9,0,14.2,13.3,94.11,,,,,,,,,,,,,,,,,,,,,,,,,,,,,,,,,,,,
2023,12,5,10,0,14.2,13.2,93.81,,,,,,,,,,,,,,,,,,,,,,,,,,,,,,,,,,,,
2023,12,5,11,0,14,13.1,94.37,,,,,,,,,,,,,,,,,,,,,,,,,,,,,,,,,,,,
2023,12,5,12,0,13.5,12.7,95.17,,,,,,,,,,,,,,,,,,,,,,,,,,,,,,,,,,,,
2023,12,5,13,0,12.9,12.3,95.85,,,,,,,,,,,,,,,,,,,,,,,,,,,,,,,,,,,,
2023,12,5,14,0,12.4,11.7,95.56,,,,,,,,,,,,,,,,,,,,,,,,,,,,,,,,,,,,
2023,12,5,15,0,11.8,11.2,96.03,,,,,,,,,,,,,,,,,,,,,,,,,,,,,,,,,,,,
2023,12,5,16,0,11.3,10.7,96,,,,,,,,,,,,,,,,,,,,,,,,,,,,,,,,,,,,
2023,12,5,17,0,11.1,10.4,95.63,,,,,,,,,,,,,,,,,,,,,,,,,,,,,,,,,,,,
2023,12,5,18,0,11.1,10.4,95.58,,,,,,,,,,,,,,,,,,,,,,,,,,,,,,,,,,,,
2023,12,5,19,0,11.1,10.5,96.04,,,,,,,,,,,,,,,,,,,,,,,,,,,,,,,,,,,,
2023,12,5,20,0,11.2,10.7,96.43,,,,,,,,,,,,,,,,,,,,,,,,,,,,,,,,,,,,
2023,12,5,21,0,11.4,10.8,96,,,,,,,,,,,,,,,,,,,,,,,,,,,,,,,,,,,,
2023,12,5,22,0,11.2,10.6,96.37,,,,,,,,,,,,,,,,,,,,,,,,,,,,,,,,,,,,
2023,12,5,23,0,10.7,10.2,96.52,,,,,,,,,,,,,,,,,,,,,,,,,,,,,,,,,,,,
2023,12,6,0,0,9.8,9.2,96.35,,,,,,,,,,,,,,,,,,,,,,,,,,,,,,,,,,,,
2023,12,6,1,0,9.6,8.9,95.4,,,,,,,,,,,,,,,,,,,,,,,,,,,,,,,,,,,,
2023,12,6,2,0,9.5,8.7,94.71,,,,,,,,,,,,,,,,,,,,,,,,,,,,,,,,,,,,
2023,12,6,3,0,9.1,8.4,95.28,,,,,,,,,,,,,,,,,,,,,,,,,,,,,,,,,,,,
2023,12,6,4,0,8.9,8.2,95.18,,,,,,,,,,,,,,,,,,,,,,,,,,,,,,,,,,,,
2023,12,6,5,0,8.6,8,96.08,,,,,,,,,,,,,,,,,,,,,,,,,,,,,,,,,,,,
2023,12,6,6,0,8.4,7.9,96.41,,,,,,,,,,,,,,,,,,,,,,,,,,,,,,,,,,,,
2023,12,6,7,0,8.3,7.8,96.39,,,,,,,,,,,,,,,,,,,,,,,,,,,,,,,,,,,,
2023,12,6,8,0,8.2,7.6,96.2,,,,,,,,,,,,,,,,,,,,,,,,,,,,,,,,,,,,
2023,12,6,9,0,8.2,7.6,95.72,,,,,,,,,,,,,,,,,,,,,,,,,,,,,,,,,,,,
2023,12,6,10,0,8.2,7.5,95.2,,,,,,,,,,,,,,,,,,,,,,,,,,,,,,,,,,,,
2023,12,6,11,0,8.2,7.4,94.86,,,,,,,,,,,,,,,,,,,,,,,,,,,,,,,,,,,,
2023,12,6,12,0,8.2,7.4,94.57,,,,,,,,,,,,,,,,,,,,,,,,,,,,,,,,,,,,
2023,12,6,13,0,8.1,7.2,93.85,,,,,,,,,,,,,,,,,,,,,,,,,,,,,,,,,,,,
2023,12,6,14,0,8,7,93.37,,,,,,,,,,,,,,,,,,,,,,,,,,,,,,,,,,,,
2023,12,6,15,0,8,7,93.39,,,,,,,,,,,,,,,,,,,,,,,,,,,,,,,,,,,,
2023,12,6,16,0,8.1,7.1,93.68,,,,,,,,,,,,,,,,,,,,,,,,,,,,,,,,,,,,
2023,12,6,17,0,8.4,7.5,93.83,,,,,,,,,,,,,,,,,,,,,,,,,,,,,,,,,,,,
2023,12,6,18,0,8.6,7.7,94.16,,,,,,,,,,,,,,,,,,,,,,,,,,,,,,,,,,,,
2023,12,6,19,0,9.1,8.8,98.07,,,,,,,,,,,,,,,,,,,,,,,,,,,,,,,,,,,,
2023,12,6,20,0,9.6,9.1,96.7,,,,,,,,,,,,,,,,,,,,,,,,,,,,,,,,,,,,
2023,12,6,21,0,9.6,8.8,94.87,,,,,,,,,,,,,,,,,,,,,,,,,,,,,,,,,,,,
2023,12,6,22,0,9.3,8.7,95.81,,,,,,,,,,,,,,,,,,,,,,,,,,,,,,,,,,,,
2023,12,6,23,0,8.7,8.2,96.85,,,,,,,,,,,,,,,,,,,,,,,,,,,,,,,,,,,,
2023,12,7,0,0,7.8,7.3,96.71,,,,,,,,,,,,,,,,,,,,,,,,,,,,,,,,,,,,
2023,12,7,1,0,7.5,6.9,96.23,,,,,,,,,,,,,,,,,,,,,,,,,,,,,,,,,,,,
2023,12,7,2,0,7.2,6.7,96.42,,,,,,,,,,,,,,,,,,,,,,,,,,,,,,,,,,,,
2023,12,7,3,0,7,6.4,95.96,,,,,,,,,,,,,,,,,,,,,,,,,,,,,,,,,,,,
2023,12,7,4,0,6.9,6.3,95.88,,,,,,,,,,,,,,,,,,,,,,,,,,,,,,,,,,,,
2023,12,7,5,0,6.9,6.2,95.4,,,,,,,,,,,,,,,,,,,,,,,,,,,,,,,,,,,,
2023,12,7,6,0,6.9,6.2,95.63,,,,,,,,,,,,,,,,,,,,,,,,,,,,,,,,,,,,
2023,12,7,7,0,6.9,6.2,95.6,,,,,,,,,,,,,,,,,,,,,,,,,,,,,,,,,,,,
2023,12,7,8,0,6.7,6,95.36,,,,,,,,,,,,,,,,,,,,,,,,,,,,,,,,,,,,
2023,12,7,9,0,6.5,5.9,95.91,,,,,,,,,,,,,,,,,,,,,,,,,,,,,,,,,,,,
2023,12,7,10,0,6.5,5.9,95.94,,,,,,,,,,,,,,,,,,,,,,,,,,,,,,,,,,,,
2023,12,7,11,0,6.3,5.7,96.11,,,,,,,,,,,,,,,,,,,,,,,,,,,,,,,,,,,,
2023,12,7,12,0,6,5.5,96.46,,,,,,,,,,,,,,,,,,,,,,,,,,,,,,,,,,,,
2023,12,7,13,0,6.2,5.6,96.06,,,,,,,,,,,,,,,,,,,,,,,,,,,,,,,,,,,,
2023,12,7,14,0,6.3,5.7,95.78,,,,,,,,,,,,,,,,,,,,,,,,,,,,,,,,,,,,
2023,12,7,15,0,6.3,5.7,95.77,,,,,,,,,,,,,,,,,,,,,,,,,,,,,,,,,,,,
2023,12,7,16,0,6.4,5.8,96.06,,,,,,,,,,,,,,,,,,,,,,,,,,,,,,,,,,,,
2023,12,7,17,0,6.8,6.1,95.47,,,,,,,,,,,,,,,,,,,,,,,,,,,,,,,,,,,,
2023,12,7,18,0,6.9,6.2,95.47,,,,,,,,,,,,,,,,,,,,,,,,,,,,,,,,,,,,
2023,12,7,19,0,6.9,6.2,95.01,,,,,,,,,,,,,,,,,,,,,,,,,,,,,,,,,,,,
2023,12,7,20,0,6.8,5.9,93.84,,,,,,,,,,,,,,,,,,,,,,,,,,,,,,,,,,,,
2023,12,7,21,0,6.9,5.6,91.42,,,,,,,,,,,,,,,,,,,,,,,,,,,,,,,,,,,,
2023,12,7,22,0,6.9,5.6,91.38,,,,,,,,,,,,,,,,,,,,,,,,,,,,,,,,,,,,
2023,12,7,23,0,6.3,5.1,91.89,,,,,,,,,,,,,,,,,,,,,,,,,,,,,,,,,,,,
2023,12,8,0,0,4.9,3.9,93.51,,,,,,,,,,,,,,,,,,,,,,,,,,,,,,,,,,,,
2023,12,8,1,0,4.4,3.8,95.92,,,,,,,,,,,,,,,,,,,,,,,,,,,,,,,,,,,,
2023,12,8,2,0,4.2,3.8,96.93,,,,,,,,,,,,,,,,,,,,,,,,,,,,,,,,,,,,
2023,12,8,3,0,4.2,3.8,97.53,,,,,,,,,,,,,,,,,,,,,,,,,,,,,,,,,,,,
2023,12,8,4,0,4.6,4.2,97.01,,,,,,,,,,,,,,,,,,,,,,,,,,,,,,,,,,,,
2023,12,8,5,0,4.8,4.3,96.73,,,,,,,,,,,,,,,,,,,,,,,,,,,,,,,,,,,,
2023,12,8,6,0,5,4.4,96.03,,,,,,,,,,,,,,,,,,,,,,,,,,,,,,,,,,,,
2023,12,8,7,0,5,4.4,96.18,,,,,,,,,,,,,,,,,,,,,,,,,,,,,,,,,,,,
2023,12,8,8,0,4.9,4.3,95.96,,,,,,,,,,,,,,,,,,,,,,,,,,,,,,,,,,,,
2023,12,8,9,0,4.7,4.1,95.99,,,,,,,,,,,,,,,,,,,,,,,,,,,,,,,,,,,,
2023,12,8,10,0,4.5,4,96.24,,,,,,,,,,,,,,,,,,,,,,,,,,,,,,,,,,,,
2023,12,8,11,0,4.4,3.8,96,,,,,,,,,,,,,,,,,,,,,,,,,,,,,,,,,,,,
2023,12,8,12,0,4.4,3.8,95.55,,,,,,,,,,,,,,,,,,,,,,,,,,,,,,,,,,,,
2023,12,8,13,0,4.3,3.7,95.59,,,,,,,,,,,,,,,,,,,,,,,,,,,,,,,,,,,,
2023,12,8,14,0,4.1,3.4,94.98,,,,,,,,,,,,,,,,,,,,,,,,,,,,,,,,,,,,
2023,12,8,15,0,4,3.1,93.87,,,,,,,,,,,,,,,,,,,,,,,,,,,,,,,,,,,,
2023,12,8,16,0,4.2,3.2,93.46,,,,,,,,,,,,,,,,,,,,,,,,,,,,,,,,,,,,
2023,12,8,17,0,5.1,4.1,93.29,,,,,,,,,,,,,,,,,,,,,,,,,,,,,,,,,,,,
2023,12,8,18,0,6.3,4.5,88.47,,,,,,,,,,,,,,,,,,,,,,,,,,,,,,,,,,,,
2023,12,8,19,0,7.1,3.7,79.25,,,,,,,,,,,,,,,,,,,,,,,,,,,,,,,,,,,,
2023,12,8,20,0,7.3,3.4,76.07,,,,,,,,,,,,,,,,,,,,,,,,,,,,,,,,,,,,
2023,12,8,21,0,7.2,3.3,76.31,,,,,,,,,,,,,,,,,,,,,,,,,,,,,,,,,,,,
2023,12,8,22,0,6.6,3.5,80.32,,,,,,,,,,,,,,,,,,,,,,,,,,,,,,,,,,,,
2023,12,8,23,0,5.6,3.6,86.88,,,,,,,,,,,,,,,,,,,,,,,,,,,,,,,,,,,,
2023,12,9,0,0,3.8,2.5,91.12,,,,,,,,,,,,,,,,,,,,,,,,,,,,,,,,,,,,
2023,12,9,1,0,3.3,2.5,94.56,,,,,,,,,,,,,,,,,,,,,,,,,,,,,,,,,,,,
2023,12,9,2,0,3,2.7,98.24,,,,,,,,,,,,,,,,,,,,,,,,,,,,,,,,,,,,
2023,12,9,3,0,3.1,2.8,98.18,,,,,,,,,,,,,,,,,,,,,,,,,,,,,,,,,,,,
2023,12,9,4,0,3.2,2.7,96.4,,,,,,,,,,,,,,,,,,,,,,,,,,,,,,,,,,,,
2023,12,9,5,0,3,2.4,95.86,,,,,,,,,,,,,,,,,,,,,,,,,,,,,,,,,,,,
2023,12,9,6,0,2.8,2.1,95.28,,,,,,,,,,,,,,,,,,,,,,,,,,,,,,,,,,,,
2023,12,9,7,0,2.8,1.8,93.08,,,,,,,,,,,,,,,,,,,,,,,,,,,,,,,,,,,,
2023,12,9,8,0,2.8,1.6,92.1,,,,,,,,,,,,,,,,,,,,,,,,,,,,,,,,,,,,
2023,12,9,9,0,2.7,1.5,91.5,,,,,,,,,,,,,,,,,,,,,,,,,,,,,,,,,,,,
2023,12,9,10,0,2.5,1.3,92.05,,,,,,,,,,,,,,,,,,,,,,,,,,,,,,,,,,,,
2023,12,9,11,0,2.4,1.2,91.75,,,,,,,,,,,,,,,,,,,,,,,,,,,,,,,,,,,,
2023,12,9,12,0,2.7,1.4,91,,,,,,,,,,,,,,,,,,,,,,,,,,,,,,,,,,,,
2023,12,9,13,0,2.9,1.6,91.16,,,,,,,,,,,,,,,,,,,,,,,,,,,,,,,,,,,,
2023,12,9,14,0,2.9,1.7,91.6,,,,,,,,,,,,,,,,,,,,,,,,,,,,,,,,,,,,
2023,12,9,15,0,3,1.9,92.37,,,,,,,,,,,,,,,,,,,,,,,,,,,,,,,,,,,,
2023,12,9,16,0,3.4,2,90.78,,,,,,,,,,,,,,,,,,,,,,,,,,,,,,,,,,,,
2023,12,9,17,0,4.3,2.6,88.61,,,,,,,,,,,,,,,,,,,,,,,,,,,,,,,,,,,,
2023,12,9,18,0,4.5,2.9,89.63,,,,,,,,,,,,,,,,,,,,,,,,,,,,,,,,,,,,
2023,12,9,19,0,4.6,3.1,89.99,,,,,,,,,,,,,,,,,,,,,,,,,,,,,,,,,,,,
2023,12,9,20,0,4.3,2.9,90.92,,,,,,,,,,,,,,,,,,,,,,,,,,,,,,,,,,,,
2023,12,9,21,0,3.7,2.7,93.15,,,,,,,,,,,,,,,,,,,,,,,,,,,,,,,,,,,,
2023,12,9,22,0,3.7,2.8,93.53,,,,,,,,,,,,,,,,,,,,,,,,,,,,,,,,,,,,
2023,12,9,23,0,3.8,2.9,93.64,,,,,,,,,,,,,,,,,,,,,,,,,,,,,,,,,,,,
2023,12,10,0,0,4,3,93.1,,,,,,,,,,,,,,,,,,,,,,,,,,,,,,,,,,,,
2023,12,10,1,0,4.1,3.1,93.43,,,,,,,,,,,,,,,,,,,,,,,,,,,,,,,,,,,,
2023,12,10,2,0,4.3,3.3,93.46,,,,,,,,,,,,,,,,,,,,,,,,,,,,,,,,,,,,
2023,12,10,3,0,4.5,3.6,94.16,,,,,,,,,,,,,,,,,,,,,,,,,,,,,,,,,,,,
2023,12,10,4,0,4.7,3.9,94.6,,,,,,,,,,,,,,,,,,,,,,,,,,,,,,,,,,,,
2023,12,10,5,0,5,4.2,94.26,,,,,,,,,,,,,,,,,,,,,,,,,,,,,,,,,,,,
2023,12,10,6,0,5.3,4.6,95.09,,,,,,,,,,,,,,,,,,,,,,,,,,,,,,,,,,,,
2023,12,10,7,0,5.8,5.2,95.67,,,,,,,,,,,,,,,,,,,,,,,,,,,,,,,,,,,,
2023,12,10,8,0,6.3,5.7,95.66,,,,,,,,,,,,,,,,,,,,,,,,,,,,,,,,,,,,
2023,12,10,9,0,6.6,5.9,95.15,,,,,,,,,,,,,,,,,,,,,,,,,,,,,,,,,,,,
2023,12,10,10,0,6.6,5.9,95.2,,,,,,,,,,,,,,,,,,,,,,,,,,,,,,,,,,,,
2023,12,10,11,0,6.6,5.9,95.25,,,,,,,,,,,,,,,,,,,,,,,,,,,,,,,,,,,,
2023,12,10,12,0,6.8,6.1,95.39,,,,,,,,,,,,,,,,,,,,,,,,,,,,,,,,,,,,
2023,12,10,13,0,7.2,6.5,95.47,,,,,,,,,,,,,,,,,,,,,,,,,,,,,,,,,,,,
2023,12,10,14,0,7.5,6.9,95.75,,,,,,,,,,,,,,,,,,,,,,,,,,,,,,,,,,,,
2023,12,10,15,0,7.7,7.1,96.28,,,,,,,,,,,,,,,,,,,,,,,,,,,,,,,,,,,,
2023,12,10,16,0,8.1,7.6,96.66,,,,,,,,,,,,,,,,,,,,,,,,,,,,,,,,,,,,
2023,12,10,17,0,8.9,8.4,96.82,,,,,,,,,,,,,,,,,,,,,,,,,,,,,,,,,,,,
2023,12,10,18,0,9.7,9.2,96.77,,,,,,,,,,,,,,,,,,,,,,,,,,,,,,,,,,,,
2023,12,10,19,0,10.4,9.9,96.46,,,,,,,,,,,,,,,,,,,,,,,,,,,,,,,,,,,,
2023,12,10,20,0,10.8,10.2,96.26,,,,,,,,,,,,,,,,,,,,,,,,,,,,,,,,,,,,
2023,12,10,21,0,11,10.3,95.48,,,,,,,,,,,,,,,,,,,,,,,,,,,,,,,,,,,,
2023,12,10,22,0,10.9,10.2,95.27,,,,,,,,,,,,,,,,,,,,,,,,,,,,,,,,,,,,
2023,12,10,23,0,10.3,9.7,96.13,,,,,,,,,,,,,,,,,,,,,,,,,,,,,,,,,,,,
2023,12,11,0,0,9.1,8.9,98.43,,,,,,,,,,,,,,,,,,,,,,,,,,,,,,,,,,,,
2023,12,11,1,0,8.5,8.3,98.76,,,,,,,,,,,,,,,,,,,,,,,,,,,,,,,,,,,,
2023,12,11,2,0,8.1,7.9,98.51,,,,,,,,,,,,,,,,,,,,,,,,,,,,,,,,,,,,
2023,12,11,3,0,7.5,7.2,98.08,,,,,,,,,,,,,,,,,,,,,,,,,,,,,,,,,,,,
2023,12,11,4,0,7,6.6,97.41,,,,,,,,,,,,,,,,,,,,,,,,,,,,,,,,,,,,
2023,12,11,5,0,6.8,6.3,96.8,,,,,,,,,,,,,,,,,,,,,,,,,,,,,,,,,,,,
2023,12,11,6,0,6.7,6.2,96.53,,,,,,,,,,,,,,,,,,,,,,,,,,,,,,,,,,,,
2023,12,11,7,0,6.7,6.1,95.99,,,,,,,,,,,,,,,,,,,,,,,,,,,,,,,,,,,,
2023,12,11,8,0,6.6,6.1,96.3,,,,,,,,,,,,,,,,,,,,,,,,,,,,,,,,,,,,
2023,12,11,9,0,6.5,6,96.78,,,,,,,,,,,,,,,,,,,,,,,,,,,,,,,,,,,,
2023,12,11,10,0,6.5,6.1,97.12,,,,,,,,,,,,,,,,,,,,,,,,,,,,,,,,,,,,
2023,12,11,11,0,6.6,6.2,97.35,,,,,,,,,,,,,,,,,,,,,,,,,,,,,,,,,,,,
2023,12,11,12,0,6.8,6.3,96.6,,,,,,,,,,,,,,,,,,,,,,,,,,,,,,,,,,,,
2023,12,11,13,0,6.6,6.1,96.94,,,,,,,,,,,,,,,,,,,,,,,,,,,,,,,,,,,,
2023,12,11,14,0,6.4,5.8,96.02,,,,,,,,,,,,,,,,,,,,,,,,,,,,,,,,,,,,
2023,12,11,15,0,6.3,5.6,95.58,,,,,,,,,,,,,,,,,,,,,,,,,,,,,,,,,,,,
2023,12,11,16,0,6.4,5.8,96.03,,,,,,,,,,,,,,,,,,,,,,,,,,,,,,,,,,,,
2023,12,11,17,0,7.4,6.9,96.74,,,,,,,,,,,,,,,,,,,,,,,,,,,,,,,,,,,,
2023,12,11,18,0,8.4,7.6,94.98,,,,,,,,,,,,,,,,,,,,,,,,,,,,,,,,,,,,
2023,12,11,19,0,9.1,7.9,92.34,,,,,,,,,,,,,,,,,,,,,,,,,,,,,,,,,,,,
2023,12,11,20,0,9.6,7.9,88.98,,,,,,,,,,,,,,,,,,,,,,,,,,,,,,,,,,,,
2023,12,11,21,0,9.6,7.5,86.8,,,,,,,,,,,,,,,,,,,,,,,,,,,,,,,,,,,,
2023,12,11,22,0,9.2,7.1,86.78,,,,,,,,,,,,,,,,,,,,,,,,,,,,,,,,,,,,
2023,12,11,23,0,7.9,6.8,92.88,,,,,,,,,,,,,,,,,,,,,,,,,,,,,,,,,,,,
2023,12,12,0,0,6.3,5.6,95.25,,,,,,,,,,,,,,,,,,,,,,,,,,,,,,,,,,,,
2023,12,12,1,0,5.5,5.1,97.26,,,,,,,,,,,,,,,,,,,,,,,,,,,,,,,,,,,,
2023,12,12,2,0,5,4.7,97.85,,,,,,,,,,,,,,,,,,,,,,,,,,,,,,,,,,,,
2023,12,12,3,0,4.9,4.4,96.25,,,,,,,,,,,,,,,,,,,,,,,,,,,,,,,,,,,,
2023,12,12,4,0,4.7,3.9,94.78,,,,,,,,,,,,,,,,,,,,,,,,,,,,,,,,,,,,
2023,12,12,5,0,4,3.3,95.32,,,,,,,,,,,,,,,,,,,,,,,,,,,,,,,,,,,,
2023,12,12,6,0,3.4,2.8,96.11,,,,,,,,,,,,,,,,,,,,,,,,,,,,,,,,,,,,
2023,12,12,7,0,3.2,2.6,95.83,,,,,,,,,,,,,,,,,,,,,,,,,,,,,,,,,,,,
2023,12,12,8,0,2.7,2,95.23,,,,,,,,,,,,,,,,,,,,,,,,,,,,,,,,,,,,
2023,12,12,9,0,2.3,1.4,94.08,,,,,,,,,,,,,,,,,,,,,,,,,,,,,,,,,,,,
2023,12,12,10,0,2.3,1.1,91.57,,,,,,,,,,,,,,,,,,,,,,,,,,,,,,,,,,,,
2023,12,12,11,0,2.3,0.8,89.53,,,,,,,,,,,,,,,,,,,,,,,,,,,,,,,,,,,,
2023,12,12,12,0,2.1,0.5,89.29,,,,,,,,,,,,,,,,,,,,,,,,,,,,,,,,,,,,
2023,12,12,13,0,1.6,0.3,90.98,,,,,,,,,,,,,,,,,,,,,,,,,,,,,,,,,,,,
2023,12,12,14,0,0.8,0.1,95.1,,,,,,,,,,,,,,,,,,,,,,,,,,,,,,,,,,,,
2023,12,12,15,0,0.8,0.2,96.03,,,,,,,,,,,,,,,,,,,,,,,,,,,,,,,,,,,,
2023,12,12,16,0,1.8,1,94.67,,,,,,,,,,,,,,,,,,,,,,,,,,,,,,,,,,,,
2023,12,12,17,0,3.9,2.3,89.54,,,,,,,,,,,,,,,,,,,,,,,,,,,,,,,,,,,,
2023,12,12,18,0,5.2,3.2,87.09,,,,,,,,,,,,,,,,,,,,,,,,,,,,,,,,,,,,
2023,12,12,19,0,6.8,4.1,83.11,,,,,,,,,,,,,,,,,,,,,,,,,,,,,,,,,,,,
2023,12,12,20,0,8.3,4.7,78.26,,,,,,,,,,,,,,,,,,,,,,,,,,,,,,,,,,,,
2023,12,12,21,0,9.1,5.1,76.3,,,,,,,,,,,,,,,,,,,,,,,,,,,,,,,,,,,,
2023,12,12,22,0,9,5.8,80.62,,,,,,,,,,,,,,,,,,,,,,,,,,,,,,,,,,,,
2023,12,12,23,0,7.4,5.1,85.49,,,,,,,,,,,,,,,,,,,,,,,,,,,,,,,,,,,,
2023,12,13,0,0,5.3,3.4,87.52,,,,,,,,,,,,,,,,,,,,,,,,,,,,,,,,,,,,
2023,12,13,1,0,5.1,2.6,84.02,,,,,,,,,,,,,,,,,,,,,,,,,,,,,,,,,,,,
2023,12,13,2,0,4.8,1.9,81.41,,,,,,,,,,,,,,,,,,,,,,,,,,,,,,,,,,,,
2023,12,13,3,0,4.4,1.3,80.03,,,,,,,,,,,,,,,,,,,,,,,,,,,,,,,,,,,,
2023,12,13,4,0,4.3,0.9,78.55,,,,,,,,,,,,,,,,,,,,,,,,,,,,,,,,,,,,
2023,12,13,5,0,4.2,0.7,77.86,,,,,,,,,,,,,,,,,,,,,,,,,,,,,,,,,,,,
2023,12,13,6,0,4.2,0.6,77.52,,,,,,,,,,,,,,,,,,,,,,,,,,,,,,,,,,,,
2023,12,13,7,0,4,0.5,77.98,,,,,,,,,,,,,,,,,,,,,,,,,,,,,,,,,,,,
2023,12,13,8,0,4.1,0.4,76.89,,,,,,,,,,,,,,,,,,,,,,,,,,,,,,,,,,,,
2023,12,13,9,0,3.9,0.4,77.71,,,,,,,,,,,,,,,,,,,,,,,,,,,,,,,,,,,,
2023,12,13,10,0,3.8,0.3,78.04,,,,,,,,,,,,,,,,,,,,,,,,,,,,,,,,,,,,
2023,12,13,11,0,3.7,0.2,78.13,,,,,,,,,,,,,,,,,,,,,,,,,,,,,,,,,,,,
2023,12,13,12,0,3.5,0.2,78.79,,,,,,,,,,,,,,,,,,,,,,,,,,,,,,,,,,,,
2023,12,13,13,0,3.5,0.1,78.39,,,,,,,,,,,,,,,,,,,,,,,,,,,,,,,,,,,,
2023,12,13,14,0,3.6,0.1,77.66,,,,,,,,,,,,,,,,,,,,,,,,,,,,,,,,,,,,
2023,12,13,15,0,3.4,0,78.49,,,,,,,,,,,,,,,,,,,,,,,,,,,,,,,,,,,,
2023,12,13,16,0,3.4,0.2,79.68,,,,,,,,,,,,,,,,,,,,,,,,,,,,,,,,,,,,
2023,12,13,17,0,5.2,1.7,78.13,,,,,,,,,,,,,,,,,,,,,,,,,,,,,,,,,,,,
2023,12,13,18,0,7.2,2.8,73.75,,,,,,,,,,,,,,,,,,,,,,,,,,,,,,,,,,,,
2023,12,13,19,0,8.6,3.7,71.26,,,,,,,,,,,,,,,,,,,,,,,,,,,,,,,,,,,,
2023,12,13,20,0,9.6,4.8,72.15,,,,,,,,,,,,,,,,,,,,,,,,,,,,,,,,,,,,
2023,12,13,21,0,10,5.8,75.26,,,,,,,,,,,,,,,,,,,,,,,,,,,,,,,,,,,,
2023,12,13,22,0,9.5,6.5,81.29,,,,,,,,,,,,,,,,,,,,,,,,,,,,,,,,,,,,
2023,12,13,23,0,7.8,5.9,87.96,,,,,,,,,,,,,,,,,,,,,,,,,,,,,,,,,,,,
2023,12,14,0,0,6.5,4.8,88.59,,,,,,,,,,,,,,,,,,,,,,,,,,,,,,,,,,,,
2023,12,14,1,0,6.1,4,86.46,,,,,,,,,,,,,,,,,,,,,,,,,,,,,,,,,,,,
2023,12,14,2,0,6,3.6,84.55,,,,,,,,,,,,,,,,,,,,,,,,,,,,,,,,,,,,
2023,12,14,3,0,5.7,3.4,85.17,,,,,,,,,,,,,,,,,,,,,,,,,,,,,,,,,,,,
2023,12,14,4,0,5.6,3.3,84.96,,,,,,,,,,,,,,,,,,,,,,,,,,,,,,,,,,,,
2023,12,14,5,0,5.6,3.2,84.47,,,,,,,,,,,,,,,,,,,,,,,,,,,,,,,,,,,,
2023,12,14,6,0,5.5,3.3,85.5,,,,,,,,,,,,,,,,,,,,,,,,,,,,,,,,,,,,
2023,12,14,7,0,5.5,3.4,86.21,,,,,,,,,,,,,,,,,,,,,,,,,,,,,,,,,,,,
2023,12,14,8,0,5.8,3.4,84.53,,,,,,,,,,,,,,,,,,,,,,,,,,,,,,,,,,,,
2023,12,14,9,0,5.8,3.5,85.39,,,,,,,,,,,,,,,,,,,,,,,,,,,,,,,,,,,,
2023,12,14,10,0,5.7,3.8,87.84,,,,,,,,,,,,,,,,,,,,,,,,,,,,,,,,,,,,
2023,12,14,11,0,5.2,3.8,90.54,,,,,,,,,,,,,,,,,,,,,,,,,,,,,,,,,,,,
2023,12,14,12,0,4.8,3.7,92.81,,,,,,,,,,,,,,,,,,,,,,,,,,,,,,,,,,,,
2023,12,14,13,0,4.6,3.6,93.02,,,,,,,,,,,,,,,,,,,,,,,,,,,,,,,,,,,,
2023,12,14,14,0,4.6,3.5,92.36,,,,,,,,,,,,,,,,,,,,,,,,,,,,,,,,,,,,
2023,12,14,15,0,4.9,3.8,92.67,,,,,,,,,,,,,,,,,,,,,,,,,,,,,,,,,,,,
2023,12,14,16,0,5.2,4.2,93.39,,,,,,,,,,,,,,,,,,,,,,,,,,,,,,,,,,,,
2023,12,14,17,0,6,5.1,93.84,,,,,,,,,,,,,,,,,,,,,,,,,,,,,,,,,,,,
2023,12,14,18,0,7,6,93.2,,,,,,,,,,,,,,,,,,,,,,,,,,,,,,,,,,,,
2023,12,14,19,0,7.9,6.8,92.45,,,,,,,,,,,,,,,,,,,,,,,,,,,,,,,,,,,,
2023,12,14,20,0,8.7,7.4,91.64,,,,,,,,,,,,,,,,,,,,,,,,,,,,,,,,,,,,
2023,12,14,21,0,9.1,7.8,91.63,,,,,,,,,,,,,,,,,,,,,,,,,,,,,,,,,,,,
2023,12,14,22,0,8.9,7.8,92.75,,,,,,,,,,,,,,,,,,,,,,,,,,,,,,,,,,,,
2023,12,14,23,0,8.2,7,92.33,,,,,,,,,,,,,,,,,,,,,,,,,,,,,,,,,,,,
2023,12,15,0,0,7.1,6.2,93.85,,,,,,,,,,,,,,,,,,,,,,,,,,,,,,,,,,,,
2023,12,15,1,0,6.2,5.6,95.76,,,,,,,,,,,,,,,,,,,,,,,,,,,,,,,,,,,,
2023,12,15,2,0,6.2,5.3,94.15,,,,,,,,,,,,,,,,,,,,,,,,,,,,,,,,,,,,
2023,12,15,3,0,6.1,5.1,93.55,,,,,,,,,,,,,,,,,,,,,,,,,,,,,,,,,,,,
2023,12,15,4,0,6.3,4.9,91.06,,,,,,,,,,,,,,,,,,,,,,,,,,,,,,,,,,,,
2023,12,15,5,0,6.2,5,91.94,,,,,,,,,,,,,,,,,,,,,,,,,,,,,,,,,,,,
2023,12,15,6,0,6.1,5,92.57,,,,,,,,,,,,,,,,,,,,,,,,,,,,,,,,,,,,
2023,12,15,7,0,6,5,93.11,,,,,,,,,,,,,,,,,,,,,,,,,,,,,,,,,,,,
2023,12,15,8,0,6,5,93.15,,,,,,,,,,,,,,,,,,,,,,,,,,,,,,,,,,,,
2023,12,15,9,0,6.1,5.1,93.05,,,,,,,,,,,,,,,,,,,,,,,,,,,,,,,,,,,,
2023,12,15,10,0,6.3,5.1,92.31,,,,,,,,,,,,,,,,,,,,,,,,,,,,,,,,,,,,
2023,12,15,11,0,6.7,5.3,90.53,,,,,,,,,,,,,,,,,,,,,,,,,,,,,,,,,,,,
2023,12,15,12,0,6.5,5.1,90.94,,,,,,,,,,,,,,,,,,,,,,,,,,,,,,,,,,,,
2023,12,15,13,0,6.3,4.9,90.91,,,,,,,,,,,,,,,,,,,,,,,,,,,,,,,,,,,,
2023,12,15,14,0,6,4.7,91.38,,,,,,,,,,,,,,,,,,,,,,,,,,,,,,,,,,,,
2023,12,15,15,0,6,4.6,90.57,,,,,,,,,,,,,,,,,,,,,,,,,,,,,,,,,,,,
2023,12,15,16,0,6.2,4.7,90.31,,,,,,,,,,,,,,,,,,,,,,,,,,,,,,,,,,,,
2023,12,15,17,0,7.2,5.3,87.94,,,,,,,,,,,,,,,,,,,,,,,,,,,,,,,,,,,,
2023,12,15,18,0,8.4,5.9,84.3,,,,,,,,,,,,,,,,,,,,,,,,,,,,,,,,,,,,
2023,12,15,19,0,9.5,6.5,81.28,,,,,,,,,,,,,,,,,,,,,,,,,,,,,,,,,,,,
2023,12,15,20,0,9.9,7.2,83.46,,,,,,,,,,,,,,,,,,,,,,,,,,,,,,,,,,,,
2023,12,15,21,0,9.9,7.2,83.13,,,,,,,,,,,,,,,,,,,,,,,,,,,,,,,,,,,,
2023,12,15,22,0,9.7,6.5,80.24,,,,,,,,,,,,,,,,,,,,,,,,,,,,,,,,,,,,
2023,12,15,23,0,9.1,5.7,79.24,,,,,,,,,,,,,,,,,,,,,,,,,,,,,,,,,,,,
2023,12,16,0,0,7.9,5.3,83.36,,,,,,,,,,,,,,,,,,,,,,,,,,,,,,,,,,,,
2023,12,16,1,0,6.7,4.9,88.03,,,,,,,,,,,,,,,,,,,,,,,,,,,,,,,,,,,,
2023,12,16,2,0,5.8,4.4,90.98,,,,,,,,,,,,,,,,,,,,,,,,,,,,,,,,,,,,
2023,12,16,3,0,5.4,3.9,90.35,,,,,,,,,,,,,,,,,,,,,,,,,,,,,,,,,,,,
2023,12,16,4,0,4.9,3.4,90.11,,,,,,,,,,,,,,,,,,,,,,,,,,,,,,,,,,,,
2023,12,16,5,0,4.3,2.9,90.48,,,,,,,,,,,,,,,,,,,,,,,,,,,,,,,,,,,,
2023,12,16,6,0,4,2.4,89.16,,,,,,,,,,,,,,,,,,,,,,,,,,,,,,,,,,,,
2023,12,16,7,0,3.8,2.1,88.55,,,,,,,,,,,,,,,,,,,,,,,,,,,,,,,,,,,,
2023,12,16,8,0,3.8,1.6,85.53,,,,,,,,,,,,,,,,,,,,,,,,,,,,,,,,,,,,
2023,12,16,9,0,3.8,1,81.99,,,,,,,,,,,,,,,,,,,,,,,,,,,,,,,,,,,,
2023,12,16,10,0,4,0.4,77.35,,,,,,,,,,,,,,,,,,,,,,,,,,,,,,,,,,,,
2023,12,16,11,0,4.4,-0.1,72.41,,,,,,,,,,,,,,,,,,,,,,,,,,,,,,,,,,,,
2023,12,16,12,0,4.9,-0.5,68.18,,,,,,,,,,,,,,,,,,,,,,,,,,,,,,,,,,,,
2023,12,16,13,0,4.9,-0.4,68.42,,,,,,,,,,,,,,,,,,,,,,,,,,,,,,,,,,,,
2023,12,16,14,0,4.8,-0.4,69.29,,,,,,,,,,,,,,,,,,,,,,,,,,,,,,,,,,,,
2023,12,16,15,0,4.8,-0.3,69.54,,,,,,,,,,,,,,,,,,,,,,,,,,,,,,,,,,,,
2023,12,16,16,0,5.2,0.3,70.74,,,,,,,,,,,,,,,,,,,,,,,,,,,,,,,,,,,,
2023,12,16,17,0,6.5,2.5,75.79,,,,,,,,,,,,,,,,,,,,,,,,,,,,,,,,,,,,
2023,12,16,18,0,8.2,5.2,81.58,,,,,,,,,,,,,,,,,,,,,,,,,,,,,,,,,,,,
2023,12,16,19,0,9.2,6.6,83.63,,,,,,,,,,,,,,,,,,,,,,,,,,,,,,,,,,,,
2023,12,16,20,0,9.3,6.8,84.44,,,,,,,,,,,,,,,,,,,,,,,,,,,,,,,,,,,,
2023,12,16,21,0,9.2,6.8,84.79,,,,,,,,,,,,,,,,,,,,,,,,,,,,,,,,,,,,
2023,12,16,22,0,8.9,6.8,86.73,,,,,,,,,,,,,,,,,,,,,,,,,,,,,,,,,,,,
2023,12,16,23,0,8.2,5.8,84.74,,,,,,,,,,,,,,,,,,,,,,,,,,,,,,,,,,,,
2023,12,17,0,0,7.3,4.4,81.77,,,,,,,,,,,,,,,,,,,,,,,,,,,,,,,,,,,,
2023,12,17,1,0,6.7,3.8,81.68,,,,,,,,,,,,,,,,,,,,,,,,,,,,,,,,,,,,
2023,12,17,2,0,6.1,3.1,81.2,,,,,,,,,,,,,,,,,,,,,,,,,,,,,,,,,,,,
2023,12,17,3,0,5.7,2.5,79.8,,,,,,,,,,,,,,,,,,,,,,,,,,,,,,,,,,,,
2023,12,17,4,0,5.3,1.9,78.8,,,,,,,,,,,,,,,,,,,,,,,,,,,,,,,,,,,,
2023,12,17,5,0,5,1.6,78.44,,,,,,,,,,,,,,,,,,,,,,,,,,,,,,,,,,,,
2023,12,17,6,0,4.6,1.5,80.2,,,,,,,,,,,,,,,,,,,,,,,,,,,,,,,,,,,,
2023,12,17,7,0,4,1.2,81.98,,,,,,,,,,,,,,,,,,,,,,,,,,,,,,,,,,,,
2023,12,17,8,0,3.7,1,82.43,,,,,,,,,,,,,,,,,,,,,,,,,,,,,,,,,,,,
2023,12,17,9,0,3.3,0.7,83.15,,,,,,,,,,,,,,,,,,,,,,,,,,,,,,,,,,,,
2023,12,17,10,0,3.2,0.5,82.55,,,,,,,,,,,,,,,,,,,,,,,,,,,,,,,,,,,,
2023,12,17,11,0,3.1,0.5,82.87,,,,,,,,,,,,,,,,,,,,,,,,,,,,,,,,,,,,
2023,12,17,12,0,2.8,0.6,85.52,,,,,,,,,,,,,,,,,,,,,,,,,,,,,,,,,,,,
2023,12,17,13,0,2.9,0.6,85.1,,,,,,,,,,,,,,,,,,,,,,,,,,,,,,,,,,,,
2023,12,17,14,0,2.8,0.7,86.3,,,,,,,,,,,,,,,,,,,,,,,,,,,,,,,,,,,,
2023,12,17,15,0,3.2,0.9,84.95,,,,,,,,,,,,,,,,,,,,,,,,,,,,,,,,,,,,
2023,12,17,16,0,3.7,1.4,85.04,,,,,,,,,,,,,,,,,,,,,,,,,,,,,,,,,,,,
2023,12,17,17,0,4.8,2.5,84.89,,,,,,,,,,,,,,,,,,,,,,,,,,,,,,,,,,,,
2023,12,17,18,0,6.5,3.5,81.42,,,,,,,,,,,,,,,,,,,,,,,,,,,,,,,,,,,,
2023,12,17,19,0,8.5,4.5,76,,,,,,,,,,,,,,,,,,,,,,,,,,,,,,,,,,,,
2023,12,17,20,0,9.9,5.1,72.01,,,,,,,,,,,,,,,,,,,,,,,,,,,,,,,,,,,,
2023,12,17,21,0,10.4,5.8,72.91,,,,,,,,,,,,,,,,,,,,,,,,,,,,,,,,,,,,
2023,12,17,22,0,10,6.9,81.11,,,,,,,,,,,,,,,,,,,,,,,,,,,,,,,,,,,,
2023,12,17,23,0,8.1,6.2,87.95,,,,,,,,,,,,,,,,,,,,,,,,,,,,,,,,,,,,
2023,12,18,0,0,6.1,4.7,90.98,,,,,,,,,,,,,,,,,,,,,,,,,,,,,,,,,,,,
2023,12,18,1,0,6.1,4.2,87.73,,,,,,,,,,,,,,,,,,,,,,,,,,,,,,,,,,,,
2023,12,18,2,0,5.7,3.9,88.39,,,,,,,,,,,,,,,,,,,,,,,,,,,,,,,,,,,,
2023,12,18,3,0,5.2,3.5,88.82,,,,,,,,,,,,,,,,,,,,,,,,,,,,,,,,,,,,
2023,12,18,4,0,4.9,3.1,88.41,,,,,,,,,,,,,,,,,,,,,,,,,,,,,,,,,,,,
2023,12,18,5,0,4.5,2.7,88.4,,,,,,,,,,,,,,,,,,,,,,,,,,,,,,,,,,,,
2023,12,18,6,0,4.2,2.7,89.81,,,,,,,,,,,,,,,,,,,,,,,,,,,,,,,,,,,,
2023,12,18,7,0,3.9,2.6,91.52,,,,,,,,,,,,,,,,,,,,,,,,,,,,,,,,,,,,
2023,12,18,8,0,3.8,2.6,91.95,,,,,,,,,,,,,,,,,,,,,,,,,,,,,,,,,,,,
2023,12,18,9,0,4,2.7,91.01,,,,,,,,,,,,,,,,,,,,,,,,,,,,,,,,,,,,
2023,12,18,10,0,4.2,2.6,89.51,,,,,,,,,,,,,,,,,,,,,,,,,,,,,,,,,,,,
2023,12,18,11,0,4.1,2.5,89.42,,,,,,,,,,,,,,,,,,,,,,,,,,,,,,,,,,,,
2023,12,18,12,0,3.9,2.5,90.66,,,,,,,,,,,,,,,,,,,,,,,,,,,,,,,,,,,,
2023,12,18,13,0,3.9,2.5,90.88,,,,,,,,,,,,,,,,,,,,,,,,,,,,,,,,,,,,
2023,12,18,14,0,4.1,2.5,89.5,,,,,,,,,,,,,,,,,,,,,,,,,,,,,,,,,,,,
2023,12,18,15,0,4.2,2.5,88.82,,,,,,,,,,,,,,,,,,,,,,,,,,,,,,,,,,,,
2023,12,18,16,0,4.5,2.6,87.28,,,,,,,,,,,,,,,,,,,,,,,,,,,,,,,,,,,,
2023,12,18,17,0,5.5,3.2,84.84,,,,,,,,,,,,,,,,,,,,,,,,,,,,,,,,,,,,
2023,12,18,18,0,6.8,4.2,83.47,,,,,,,,,,,,,,,,,,,,,,,,,,,,,,,,,,,,
2023,12,18,19,0,8.1,5.3,82.3,,,,,,,,,,,,,,,,,,,,,,,,,,,,,,,,,,,,
2023,12,18,20,0,9.3,6.4,81.94,,,,,,,,,,,,,,,,,,,,,,,,,,,,,,,,,,,,
2023,12,18,21,0,10.1,7.3,82.75,,,,,,,,,,,,,,,,,,,,,,,,,,,,,,,,,,,,
2023,12,18,22,0,10.1,8.1,87.53,,,,,,,,,,,,,,,,,,,,,,,,,,,,,,,,,,,,
2023,12,18,23,0,9.3,6.7,83.83,,,,,,,,,,,,,,,,,,,,,,,,,,,,,,,,,,,,
2023,12,19,0,0,8.5,6.5,87.1,,,,,,,,,,,,,,,,,,,,,,,,,,,,,,,,,,,,
2023,12,19,1,0,7.9,6.3,89.78,,,,,,,,,,,,,,,,,,,,,,,,,,,,,,,,,,,,
2023,12,19,2,0,7.5,6.1,91,,,,,,,,,,,,,,,,,,,,,,,,,,,,,,,,,,,,
2023,12,19,3,0,7.5,6.2,91.43,,,,,,,,,,,,,,,,,,,,,,,,,,,,,,,,,,,,
2023,12,19,4,0,7.7,6.4,91.34,,,,,,,,,,,,,,,,,,,,,,,,,,,,,,,,,,,,
2023,12,19,5,0,7.7,6.2,90.28,,,,,,,,,,,,,,,,,,,,,,,,,,,,,,,,,,,,
2023,12,19,6,0,7.3,5.8,90.02,,,,,,,,,,,,,,,,,,,,,,,,,,,,,,,,,,,,
2023,12,19,7,0,7,5.4,89.6,,,,,,,,,,,,,,,,,,,,,,,,,,,,,,,,,,,,
2023,12,19,8,0,6.7,5,88.68,,,,,,,,,,,,,,,,,,,,,,,,,,,,,,,,,,,,
2023,12,19,9,0,6.4,4.4,87.28,,,,,,,,,,,,,,,,,,,,,,,,,,,,,,,,,,,,
2023,12,19,10,0,6.5,4.2,85.05,,,,,,,,,,,,,,,,,,,,,,,,,,,,,,,,,,,,
2023,12,19,11,0,7,4.1,81.7,,,,,,,,,,,,,,,,,,,,,,,,,,,,,,,,,,,,
2023,12,19,12,0,7.2,4.4,82.56,,,,,,,,,,,,,,,,,,,,,,,,,,,,,,,,,,,,
2023,12,19,13,0,7.1,4.6,84.27,,,,,,,,,,,,,,,,,,,,,,,,,,,,,,,,,,,,
2023,12,19,14,0,7,4.9,86.46,,,,,,,,,,,,,,,,,,,,,,,,,,,,,,,,,,,,
2023,12,19,15,0,6.9,5.2,88.66,,,,,,,,,,,,,,,,,,,,,,,,,,,,,,,,,,,,
2023,12,19,16,0,7.3,5.5,88.04,,,,,,,,,,,,,,,,,,,,,,,,,,,,,,,,,,,,
2023,12,19,17,0,7.9,6,87.54,,,,,,,,,,,,,,,,,,,,,,,,,,,,,,,,,,,,
2023,12,19,18,0,8.3,6.7,89.67,,,,,,,,,,,,,,,,,,,,,,,,,,,,,,,,,,,,
2023,12,19,19,0,9.2,7.7,90.49,,,,,,,,,,,,,,,,,,,,,,,,,,,,,,,,,,,,
2023,12,19,20,0,10.1,8.7,91.04,,,,,,,,,,,,,,,,,,,,,,,,,,,,,,,,,,,,
2023,12,19,21,0,10.6,9.3,91.4,,,,,,,,,,,,,,,,,,,,,,,,,,,,,,,,,,,,
2023,12,19,22,0,10.6,9.5,93.15,,,,,,,,,,,,,,,,,,,,,,,,,,,,,,,,,,,,
2023,12,19,23,0,10.3,9.5,94.68,,,,,,,,,,,,,,,,,,,,,,,,,,,,,,,,,,,,
2023,12,20,0,0,9.3,8.9,97.5,,,,,,,,,,,,,,,,,,,,,,,,,,,,,,,,,,,,
2023,12,20,1,0,9,8.7,98.04,,,,,,,,,,,,,,,,,,,,,,,,,,,,,,,,,,,,
2023,12,20,2,0,9,8.6,97.52,,,,,,,,,,,,,,,,,,,,,,,,,,,,,,,,,,,,
2023,12,20,3,0,8.8,8.3,96.97,,,,,,,,,,,,,,,,,,,,,,,,,,,,,,,,,,,,
2023,12,20,4,0,8.3,7.8,96.91,,,,,,,,,,,,,,,,,,,,,,,,,,,,,,,,,,,,
2023,12,20,5,0,7.8,7.3,96.96,,,,,,,,,,,,,,,,,,,,,,,,,,,,,,,,,,,,
2023,12,20,6,0,7.4,6.8,96.16,,,,,,,,,,,,,,,,,,,,,,,,,,,,,,,,,,,,
2023,12,20,7,0,7.4,6.5,94.33,,,,,,,,,,,,,,,,,,,,,,,,,,,,,,,,,,,,
2023,12,20,8,0,7.2,6.1,92.61,,,,,,,,,,,,,,,,,,,,,,,,,,,,,,,,,,,,
2023,12,20,9,0,7.3,6,91.24,,,,,,,,,,,,,,,,,,,,,,,,,,,,,,,,,,,,
2023,12,20,10,0,7.2,5.8,91.05,,,,,,,,,,,,,,,,,,,,,,,,,,,,,,,,,,,,
2023,12,20,11,0,6.8,5.7,92.75,,,,,,,,,,,,,,,,,,,,,,,,,,,,,,,,,,,,
2023,12,20,12,0,6.6,5.7,94.28,,,,,,,,,,,,,,,,,,,,,,,,,,,,,,,,,,,,
2023,12,20,13,0,6.5,5.7,94.79,,,,,,,,,,,,,,,,,,,,,,,,,,,,,,,,,,,,
2023,12,20,14,0,6.6,5.4,92.36,,,,,,,,,,,,,,,,,,,,,,,,,,,,,,,,,,,,
2023,12,20,15,0,6.3,5,91.7,,,,,,,,,,,,,,,,,,,,,,,,,,,,,,,,,,,,
2023,12,20,16,0,6.4,5.4,93.19,,,,,,,,,,,,,,,,,,,,,,,,,,,,,,,,,,,,
2023,12,20,17,0,8.5,7.5,93.51,,,,,,,,,,,,,,,,,,,,,,,,,,,,,,,,,,,,
2023,12,20,18,0,9.8,8.6,92.18,,,,,,,,,,,,,,,,,,,,,,,,,,,,,,,,,,,,
2023,12,20,19,0,11,9.5,90.33,,,,,,,,,,,,,,,,,,,,,,,,,,,,,,,,,,,,
2023,12,20,20,0,11.9,9.9,87.43,,,,,,,,,,,,,,,,,,,,,,,,,,,,,,,,,,,,
2023,12,20,21,0,12.4,10,85.32,,,,,,,,,,,,,,,,,,,,,,,,,,,,,,,,,,,,
2023,12,20,22,0,12.1,10.1,87.46,,,,,,,,,,,,,,,,,,,,,,,,,,,,,,,,,,,,
2023,12,20,23,0,10.7,9.6,92.97,,,,,,,,,,,,,,,,,,,,,,,,,,,,,,,,,,,,
2023,12,21,0,0,8.9,8.6,98.15,,,,,,,,,,,,,,,,,,,,,,,,,,,,,,,,,,,,
2023,12,21,1,0,8.1,8.1,100,,,,,,,,,,,,,,,,,,,,,,,,,,,,,,,,,,,,
2023,12,21,2,0,7.9,7.9,100,,,,,,,,,,,,,,,,,,,,,,,,,,,,,,,,,,,,
2023,12,21,3,0,7.9,7.8,99.07,,,,,,,,,,,,,,,,,,,,,,,,,,,,,,,,,,,,
2023,12,21,4,0,7.8,7.6,98.9,,,,,,,,,,,,,,,,,,,,,,,,,,,,,,,,,,,,
2023,12,21,5,0,7.6,7.4,98.98,,,,,,,,,,,,,,,,,,,,,,,,,,,,,,,,,,,,
2023,12,21,6,0,7.4,7.3,99.3,,,,,,,,,,,,,,,,,,,,,,,,,,,,,,,,,,,,
2023,12,21,7,0,7.1,6.9,98.92,,,,,,,,,,,,,,,,,,,,,,,,,,,,,,,,,,,,
2023,12,21,8,0,6.8,6.7,99.38,,,,,,,,,,,,,,,,,,,,,,,,,,,,,,,,,,,,
2023,12,21,9,0,6.9,6.6,98.01,,,,,,,,,,,,,,,,,,,,,,,,,,,,,,,,,,,,
2023,12,21,10,0,6.9,6.5,97.08,,,,,,,,,,,,,,,,,,,,,,,,,,,,,,,,,,,,
2023,12,21,11,0,6.9,6.3,96.09,,,,,,,,,,,,,,,,,,,,,,,,,,,,,,,,,,,,
2023,12,21,12,0,7,6.3,95.5,,,,,,,,,,,,,,,,,,,,,,,,,,,,,,,,,,,,
2023,12,21,13,0,7,6.4,95.71,,,,,,,,,,,,,,,,,,,,,,,,,,,,,,,,,,,,
2023,12,21,14,0,7.1,6.4,95.35,,,,,,,,,,,,,,,,,,,,,,,,,,,,,,,,,,,,
2023,12,21,15,0,7,6.4,95.85,,,,,,,,,,,,,,,,,,,,,,,,,,,,,,,,,,,,
2023,12,21,16,0,7.2,6.5,95.4,,,,,,,,,,,,,,,,,,,,,,,,,,,,,,,,,,,,
2023,12,21,17,0,8.8,7.5,91.75,,,,,,,,,,,,,,,,,,,,,,,,,,,,,,,,,,,,
2023,12,21,18,0,9.9,8.2,89.35,,,,,,,,,,,,,,,,,,,,,,,,,,,,,,,,,,,,
2023,12,21,19,0,10.9,8.7,86.19,,,,,,,,,,,,,,,,,,,,,,,,,,,,,,,,,,,,
2023,12,21,20,0,11.7,8.9,83.15,,,,,,,,,,,,,,,,,,,,,,,,,,,,,,,,,,,,
2023,12,21,21,0,12.1,9.1,82.04,,,,,,,,,,,,,,,,,,,,,,,,,,,,,,,,,,,,
2023,12,21,22,0,11.7,9.6,86.94,,,,,,,,,,,,,,,,,,,,,,,,,,,,,,,,,,,,
2023,12,21,23,0,10.3,9.2,92.68,,,,,,,,,,,,,,,,,,,,,,,,,,,,,,,,,,,,
2023,12,22,0,0,9,8.3,95.21,,,,,,,,,,,,,,,,,,,,,,,,,,,,,,,,,,,,
2023,12,22,1,0,8.4,7.9,96.8,,,,,,,,,,,,,,,,,,,,,,,,,,,,,,,,,,,,
2023,12,22,2,0,8,7.6,97.32,,,,,,,,,,,,,,,,,,,,,,,,,,,,,,,,,,,,
2023,12,22,3,0,7.7,7.3,97.6,,,,,,,,,,,,,,,,,,,,,,,,,,,,,,,,,,,,
2023,12,22,4,0,7.5,7.1,97.15,,,,,,,,,,,,,,,,,,,,,,,,,,,,,,,,,,,,
2023,12,22,5,0,7.4,6.8,96.25,,,,,,,,,,,,,,,,,,,,,,,,,,,,,,,,,,,,
2023,12,22,6,0,7.4,6.5,94.13,,,,,,,,,,,,,,,,,,,,,,,,,,,,,,,,,,,,
2023,12,22,7,0,7.2,6.2,93.11,,,,,,,,,,,,,,,,,,,,,,,,,,,,,,,,,,,,
2023,12,22,8,0,7.1,5.9,92.18,,,,,,,,,,,,,,,,,,,,,,,,,,,,,,,,,,,,
2023,12,22,9,0,7,5.8,92.13,,,,,,,,,,,,,,,,,,,,,,,,,,,,,,,,,,,,
2023,12,22,10,0,7.3,5.8,90.47,,,,,,,,,,,,,,,,,,,,,,,,,,,,,,,,,,,,
2023,12,22,11,0,7.5,6.1,90.67,,,,,,,,,,,,,,,,,,,,,,,,,,,,,,,,,,,,
2023,12,22,12,0,7.7,6.4,91.71,,,,,,,,,,,,,,,,,,,,,,,,,,,,,,,,,,,,
2023,12,22,13,0,8,6.9,92.52,,,,,,,,,,,,,,,,,,,,,,,,,,,,,,,,,,,,
2023,12,22,14,0,7.9,6.9,93.55,,,,,,,,,,,,,,,,,,,,,,,,,,,,,,,,,,,,
2023,12,22,15,0,7.1,6.2,94.12,,,,,,,,,,,,,,,,,,,,,,,,,,,,,,,,,,,,
2023,12,22,16,0,6.2,5.4,94.8,,,,,,,,,,,,,,,,,,,,,,,,,,,,,,,,,,,,
2023,12,22,17,0,6.2,5.3,94.22,,,,,,,,,,,,,,,,,,,,,,,,,,,,,,,,,,,,
2023,12,22,18,0,6.4,5.5,93.87,,,,,,,,,,,,,,,,,,,,,,,,,,,,,,,,,,,,
2023,12,22,19,0,6.8,5.7,92.89,,,,,,,,,,,,,,,,,,,,,,,,,,,,,,,,,,,,
2023,12,22,20,0,7.3,5.7,89.75,,,,,,,,,,,,,,,,,,,,,,,,,,,,,,,,,,,,
2023,12,22,21,0,7.5,5.6,88,,,,,,,,,,,,,,,,,,,,,,,,,,,,,,,,,,,,
2023,12,22,22,0,7.4,5.7,89.18,,,,,,,,,,,,,,,,,,,,,,,,,,,,,,,,,,,,
2023,12,22,23,0,6.5,5.4,92.48,,,,,,,,,,,,,,,,,,,,,,,,,,,,,,,,,,,,
2023,12,23,0,0,5.4,4.1,91.57,,,,,,,,,,,,,,,,,,,,,,,,,,,,,,,,,,,,
2023,12,23,1,0,4.9,3.5,90.94,,,,,,,,,,,,,,,,,,,,,,,,,,,,,,,,,,,,
2023,12,23,2,0,4.5,3.1,90.36,,,,,,,,,,,,,,,,,,,,,,,,,,,,,,,,,,,,
2023,12,23,3,0,4.2,2.8,90.42,,,,,,,,,,,,,,,,,,,,,,,,,,,,,,,,,,,,
2023,12,23,4,0,3.7,2.6,92.51,,,,,,,,,,,,,,,,,,,,,,,,,,,,,,,,,,,,
2023,12,23,5,0,3.2,2.5,94.88,,,,,,,,,,,,,,,,,,,,,,,,,,,,,,,,,,,,
2023,12,23,6,0,2.7,2.3,97.49,,,,,,,,,,,,,,,,,,,,,,,,,,,,,,,,,,,,
2023,12,23,7,0,2.7,2.5,98.46,,,,,,,,,,,,,,,,,,,,,,,,,,,,,,,,,,,,
2023,12,23,8,0,3.3,2.8,96.59,,,,,,,,,,,,,,,,,,,,,,,,,,,,,,,,,,,,
2023,12,23,9,0,3.3,2.7,95.73,,,,,,,,,,,,,,,,,,,,,,,,,,,,,,,,,,,,
2023,12,23,10,0,3.1,2.5,96.03,,,,,,,,,,,,,,,,,,,,,,,,,,,,,,,,,,,,
2023,12,23,11,0,3.1,2.5,95.78,,,,,,,,,,,,,,,,,,,,,,,,,,,,,,,,,,,,
2023,12,23,12,0,3.2,2.6,95.71,,,,,,,,,,,,,,,,,,,,,,,,,,,,,,,,,,,,
2023,12,23,13,0,3.3,2.7,95.55,,,,,,,,,,,,,,,,,,,,,,,,,,,,,,,,,,,,
2023,12,23,14,0,3.4,2.7,94.84,,,,,,,,,,,,,,,,,,,,,,,,,,,,,,,,,,,,
2023,12,23,15,0,3.2,2.4,94.76,,,,,,,,,,,,,,,,,,,,,,,,,,,,,,,,,,,,
2023,12,23,16,0,3.1,2.3,94.72,,,,,,,,,,,,,,,,,,,,,,,,,,,,,,,,,,,,
2023,12,23,17,0,4.2,3.2,93.37,,,,,,,,,,,,,,,,,,,,,,,,,,,,,,,,,,,,
2023,12,23,18,0,5.5,3.7,88.4,,,,,,,,,,,,,,,,,,,,,,,,,,,,,,,,,,,,
2023,12,23,19,0,6.8,2.8,75.56,,,,,,,,,,,,,,,,,,,,,,,,,,,,,,,,,,,,
2023,12,23,20,0,7.5,2,68.04,,,,,,,,,,,,,,,,,,,,,,,,,,,,,,,,,,,,
2023,12,23,21,0,8,1.2,62.1,,,,,,,,,,,,,,,,,,,,,,,,,,,,,,,,,,,,
2023,12,23,22,0,7.6,1.2,63.89,,,,,,,,,,,,,,,,,,,,,,,,,,,,,,,,,,,,
2023,12,23,23,0,5.5,2.2,79.52,,,,,,,,,,,,,,,,,,,,,,,,,,,,,,,,,,,,
2023,12,24,0,0,2.7,0.8,87.37,,,,,,,,,,,,,,,,,,,,,,,,,,,,,,,,,,,,
2023,12,24,1,0,1.5,0.9,95.81,,,,,,,,,,,,,,,,,,,,,,,,,,,,,,,,,,,,
2023,12,24,2,0,1.1,0.9,98.92,,,,,,,,,,,,,,,,,,,,,,,,,,,,,,,,,,,,
2023,12,24,3,0,0.9,0.5,96.84,,,,,,,,,,,,,,,,,,,,,,,,,,,,,,,,,,,,
2023,12,24,4,0,0.8,-0.1,93.87,,,,,,,,,,,,,,,,,,,,,,,,,,,,,,,,,,,,
2023,12,24,5,0,0.7,-0.5,91.38,,,,,,,,,,,,,,,,,,,,,,,,,,,,,,,,,,,,
2023,12,24,6,0,1.1,-0.9,86.47,,,,,,,,,,,,,,,,,,,,,,,,,,,,,,,,,,,,
2023,12,24,7,0,0.8,-1.2,86.58,,,,,,,,,,,,,,,,,,,,,,,,,,,,,,,,,,,,
2023,12,24,8,0,0.9,-1.7,82.85,,,,,,,,,,,,,,,,,,,,,,,,,,,,,,,,,,,,
2023,12,24,9,0,1.7,-2.4,73.98,,,,,,,,,,,,,,,,,,,,,,,,,,,,,,,,,,,,
2023,12,24,10,0,2.1,-2.7,70.69,,,,,,,,,,,,,,,,,,,,,,,,,,,,,,,,,,,,
2023,12,24,11,0,2.7,-2.7,67.35,,,,,,,,,,,,,,,,,,,,,,,,,,,,,,,,,,,,
2023,12,24,12,0,3.1,-2.5,66.46,,,,,,,,,,,,,,,,,,,,,,,,,,,,,,,,,,,,
2023,12,24,13,0,3.3,-2.4,66.1,,,,,,,,,,,,,,,,,,,,,,,,,,,,,,,,,,,,
2023,12,24,14,0,3,-2.3,68.37,,,,,,,,,,,,,,,,,,,,,,,,,,,,,,,,,,,,
2023,12,24,15,0,2.5,-2.1,71.53,,,,,,,,,,,,,,,,,,,,,,,,,,,,,,,,,,,,
2023,12,24,16,0,2.4,-1.8,73.92,,,,,,,,,,,,,,,,,,,,,,,,,,,,,,,,,,,,
2023,12,24,17,0,3.4,-0.8,73.94,,,,,,,,,,,,,,,,,,,,,,,,,,,,,,,,,,,,
2023,12,24,18,0,4,-0.2,74.23,,,,,,,,,,,,,,,,,,,,,,,,,,,,,,,,,,,,
2023,12,24,19,0,4.7,0.4,73.82,,,,,,,,,,,,,,,,,,,,,,,,,,,,,,,,,,,,
2023,12,24,20,0,6.1,1,69.57,,,,,,,,,,,,,,,,,,,,,,,,,,,,,,,,,,,,
2023,12,24,21,0,6.7,2,71.74,,,,,,,,,,,,,,,,,,,,,,,,,,,,,,,,,,,,
2023,12,24,22,0,6.3,2.6,77.46,,,,,,,,,,,,,,,,,,,,,,,,,,,,,,,,,,,,
2023,12,24,23,0,5.4,2.7,82.95,,,,,,,,,,,,,,,,,,,,,,,,,,,,,,,,,,,,
2023,12,25,0,0,4.6,2.4,85.69,,,,,,,,,,,,,,,,,,,,,,,,,,,,,,,,,,,,
2023,12,25,1,0,4.4,2.2,85.4,,,,,,,,,,,,,,,,,,,,,,,,,,,,,,,,,,,,
2023,12,25,2,0,4.2,2,85.35,,,,,,,,,,,,,,,,,,,,,,,,,,,,,,,,,,,,
2023,12,25,3,0,4,1.8,85.36,,,,,,,,,,,,,,,,,,,,,,,,,,,,,,,,,,,,
2023,12,25,4,0,3.7,1.6,86.01,,,,,,,,,,,,,,,,,,,,,,,,,,,,,,,,,,,,
2023,12,25,5,0,3.2,1.1,86.23,,,,,,,,,,,,,,,,,,,,,,,,,,,,,,,,,,,,
2023,12,25,6,0,2.8,0.7,86.17,,,,,,,,,,,,,,,,,,,,,,,,,,,,,,,,,,,,
2023,12,25,7,0,3,0.5,83.83,,,,,,,,,,,,,,,,,,,,,,,,,,,,,,,,,,,,
2023,12,25,8,0,3.3,0.6,82.51,,,,,,,,,,,,,,,,,,,,,,,,,,,,,,,,,,,,
2023,12,25,9,0,3.4,0.4,80.94,,,,,,,,,,,,,,,,,,,,,,,,,,,,,,,,,,,,
2023,12,25,10,0,3.2,0.2,80.59,,,,,,,,,,,,,,,,,,,,,,,,,,,,,,,,,,,,
2023,12,25,11,0,3.2,0,79.31,,,,,,,,,,,,,,,,,,,,,,,,,,,,,,,,,,,,
2023,12,25,12,0,3.3,0,78.95,,,,,,,,,,,,,,,,,,,,,,,,,,,,,,,,,,,,
2023,12,25,13,0,3.3,0.1,79.8,,,,,,,,,,,,,,,,,,,,,,,,,,,,,,,,,,,,
2023,12,25,14,0,3.7,0.6,80.47,,,,,,,,,,,,,,,,,,,,,,,,,,,,,,,,,,,,
2023,12,25,15,0,4,1.1,81.62,,,,,,,,,,,,,,,,,,,,,,,,,,,,,,,,,,,,
2023,12,25,16,0,4.2,1.9,84.73,,,,,,,,,,,,,,,,,,,,,,,,,,,,,,,,,,,,
2023,12,25,17,0,4.7,2.5,85.72,,,,,,,,,,,,,,,,,,,,,,,,,,,,,,,,,,,,
2023,12,25,18,0,5.1,2.9,85.99,,,,,,,,,,,,,,,,,,,,,,,,,,,,,,,,,,,,
2023,12,25,19,0,5.5,3.3,85.99,,,,,,,,,,,,,,,,,,,,,,,,,,,,,,,,,,,,
2023,12,25,20,0,6.1,3.9,85.84,,,,,,,,,,,,,,,,,,,,,,,,,,,,,,,,,,,,
2023,12,25,21,0,6.6,4.5,86.36,,,,,,,,,,,,,,,,,,,,,,,,,,,,,,,,,,,,
2023,12,25,22,0,6.8,4.9,87.95,,,,,,,,,,,,,,,,,,,,,,,,,,,,,,,,,,,,
2023,12,25,23,0,6.8,5.2,89.62,,,,,,,,,,,,,,,,,,,,,,,,,,,,,,,,,,,,
2023,12,26,0,0,6.6,5.2,90.84,,,,,,,,,,,,,,,,,,,,,,,,,,,,,,,,,,,,
2023,12,26,1,0,6.5,5.1,91.04,,,,,,,,,,,,,,,,,,,,,,,,,,,,,,,,,,,,
2023,12,26,2,0,6.2,5,91.76,,,,,,,,,,,,,,,,,,,,,,,,,,,,,,,,,,,,
2023,12,26,3,0,6.2,4.9,91.5,,,,,,,,,,,,,,,,,,,,,,,,,,,,,,,,,,,,
2023,12,26,4,0,6.7,5.3,90.75,,,,,,,,,,,,,,,,,,,,,,,,,,,,,,,,,,,,
2023,12,26,5,0,7.1,5.8,91.24,,,,,,,,,,,,,,,,,,,,,,,,,,,,,,,,,,,,
2023,12,26,6,0,7.7,6.3,91.13,,,,,,,,,,,,,,,,,,,,,,,,,,,,,,,,,,,,
2023,12,26,7,0,8.2,6.8,90.71,,,,,,,,,,,,,,,,,,,,,,,,,,,,,,,,,,,,
2023,12,26,8,0,8.6,7.1,90.18,,,,,,,,,,,,,,,,,,,,,,,,,,,,,,,,,,,,
2023,12,26,9,0,8.7,7.4,91.62,,,,,,,,,,,,,,,,,,,,,,,,,,,,,,,,,,,,
2023,12,26,10,0,8.3,7.3,93.69,,,,,,,,,,,,,,,,,,,,,,,,,,,,,,,,,,,,
2023,12,26,11,0,7.6,6.9,95.52,,,,,,,,,,,,,,,,,,,,,,,,,,,,,,,,,,,,
2023,12,26,12,0,6.8,6.4,97.41,,,,,,,,,,,,,,,,,,,,,,,,,,,,,,,,,,,,
2023,12,26,13,0,6.3,6,97.69,,,,,,,,,,,,,,,,,,,,,,,,,,,,,,,,,,,,
2023,12,26,14,0,6,5.6,96.99,,,,,,,,,,,,,,,,,,,,,,,,,,,,,,,,,,,,
2023,12,26,15,0,5.3,4.9,97.35,,,,,,,,,,,,,,,,,,,,,,,,,,,,,,,,,,,,
2023,12,26,16,0,5.7,5.1,96.18,,,,,,,,,,,,,,,,,,,,,,,,,,,,,,,,,,,,
2023,12,26,17,0,7.1,6.3,94.73,,,,,,,,,,,,,,,,,,,,,,,,,,,,,,,,,,,,
2023,12,26,18,0,8.3,7.2,93,,,,,,,,,,,,,,,,,,,,,,,,,,,,,,,,,,,,
2023,12,26,19,0,9.6,7.7,87.76,,,,,,,,,,,,,,,,,,,,,,,,,,,,,,,,,,,,
2023,12,26,20,0,10.1,7,81.29,,,,,,,,,,,,,,,,,,,,,,,,,,,,,,,,,,,,
2023,12,26,21,0,10.2,7.3,82.35,,,,,,,,,,,,,,,,,,,,,,,,,,,,,,,,,,,,
2023,12,26,22,0,9.1,7.3,88.52,,,,,,,,,,,,,,,,,,,,,,,,,,,,,,,,,,,,
2023,12,26,23,0,8.1,6.3,88.59,,,,,,,,,,,,,,,,,,,,,,,,,,,,,,,,,,,,
2023,12,27,0,0,7.5,5.3,86.14,,,,,,,,,,,,,,,,,,,,,,,,,,,,,,,,,,,,
2023,12,27,1,0,7.1,4.6,83.95,,,,,,,,,,,,,,,,,,,,,,,,,,,,,,,,,,,,
2023,12,27,2,0,7,3.9,80.5,,,,,,,,,,,,,,,,,,,,,,,,,,,,,,,,,,,,
2023,12,27,3,0,6.9,3.5,78.7,,,,,,,,,,,,,,,,,,,,,,,,,,,,,,,,,,,,
2023,12,27,4,0,6.7,3.3,79.06,,,,,,,,,,,,,,,,,,,,,,,,,,,,,,,,,,,,
2023,12,27,5,0,6.4,3.7,82.9,,,,,,,,,,,,,,,,,,,,,,,,,,,,,,,,,,,,
2023,12,27,6,0,6.6,3.9,83.02,,,,,,,,,,,,,,,,,,,,,,,,,,,,,,,,,,,,
2023,12,27,7,0,6.8,4.1,83.07,,,,,,,,,,,,,,,,,,,,,,,,,,,,,,,,,,,,
2023,12,27,8,0,6.9,4.1,82.41,,,,,,,,,,,,,,,,,,,,,,,,,,,,,,,,,,,,
2023,12,27,9,0,7.1,3.9,80.36,,,,,,,,,,,,,,,,,,,,,,,,,,,,,,,,,,,,
2023,12,27,10,0,7.7,3.4,74.23,,,,,,,,,,,,,,,,,,,,,,,,,,,,,,,,,,,,
2023,12,27,11,0,8.4,3.3,70.51,,,,,,,,,,,,,,,,,,,,,,,,,,,,,,,,,,,,
2023,12,27,12,0,9,3.5,68.44,,,,,,,,,,,,,,,,,,,,,,,,,,,,,,,,,,,,
2023,12,27,13,0,8.8,3.3,68.41,,,,,,,,,,,,,,,,,,,,,,,,,,,,,,,,,,,,
2023,12,27,14,0,7.5,3,73.19,,,,,,,,,,,,,,,,,,,,,,,,,,,,,,,,,,,,
2023,12,27,15,0,6.4,3,79.01,,,,,,,,,,,,,,,,,,,,,,,,,,,,,,,,,,,,
2023,12,27,16,0,6.8,4,82.49,,,,,,,,,,,,,,,,,,,,,,,,,,,,,,,,,,,,
2023,12,27,17,0,7.3,4.8,84.14,,,,,,,,,,,,,,,,,,,,,,,,,,,,,,,,,,,,
2023,12,27,18,0,7.4,5.2,86.1,,,,,,,,,,,,,,,,,,,,,,,,,,,,,,,,,,,,
2023,12,27,19,0,7.6,5.4,86.19,,,,,,,,,,,,,,,,,,,,,,,,,,,,,,,,,,,,
2023,12,27,20,0,8.1,5.8,85.7,,,,,,,,,,,,,,,,,,,,,,,,,,,,,,,,,,,,
2023,12,27,21,0,8.2,5.9,85.25,,,,,,,,,,,,,,,,,,,,,,,,,,,,,,,,,,,,
2023,12,27,22,0,8,5.7,85.66,,,,,,,,,,,,,,,,,,,,,,,,,,,,,,,,,,,,
2023,12,27,23,0,7.8,5.6,86.12,,,,,,,,,,,,,,,,,,,,,,,,,,,,,,,,,,,,
2023,12,28,0,0,7.4,5.5,88.02,,,,,,,,,,,,,,,,,,,,,,,,,,,,,,,,,,,,
2023,12,28,1,0,7.2,5.6,89.66,,,,,,,,,,,,,,,,,,,,,,,,,,,,,,,,,,,,
2023,12,28,2,0,6.8,5.3,90.18,,,,,,,,,,,,,,,,,,,,,,,,,,,,,,,,,,,,
2023,12,28,3,0,6.9,5.2,88.87,,,,,,,,,,,,,,,,,,,,,,,,,,,,,,,,,,,,
2023,12,28,4,0,7.2,5.3,87.77,,,,,,,,,,,,,,,,,,,,,,,,,,,,,,,,,,,,
2023,12,28,5,0,7.6,5.5,86.81,,,,,,,,,,,,,,,,,,,,,,,,,,,,,,,,,,,,
2023,12,28,6,0,8,5.8,85.74,,,,,,,,,,,,,,,,,,,,,,,,,,,,,,,,,,,,
2023,12,28,7,0,8.3,5.9,84.84,,,,,,,,,,,,,,,,,,,,,,,,,,,,,,,,,,,,
2023,12,28,8,0,8.6,6.1,84.11,,,,,,,,,,,,,,,,,,,,,,,,,,,,,,,,,,,,
2023,12,28,9,0,9,6.4,83.52,,,,,,,,,,,,,,,,,,,,,,,,,,,,,,,,,,,,
2023,12,28,10,0,9.1,6.7,84.68,,,,,,,,,,,,,,,,,,,,,,,,,,,,,,,,,,,,
2023,12,28,11,0,9.1,6.9,86.28,,,,,,,,,,,,,,,,,,,,,,,,,,,,,,,,,,,,
2023,12,28,12,0,8.9,7.1,88.44,,,,,,,,,,,,,,,,,,,,,,,,,,,,,,,,,,,,
2023,12,28,13,0,8.7,7.2,90.37,,,,,,,,,,,,,,,,,,,,,,,,,,,,,,,,,,,,
2023,12,28,14,0,8.6,7.3,91.52,,,,,,,,,,,,,,,,,,,,,,,,,,,,,,,,,,,,
2023,12,28,15,0,8.6,7.4,92.11,,,,,,,,,,,,,,,,,,,,,,,,,,,,,,,,,,,,
2023,12,28,16,0,8.7,7.5,92.41,,,,,,,,,,,,,,,,,,,,,,,,,,,,,,,,,,,,
2023,12,28,17,0,9.1,7.8,91.77,,,,,,,,,,,,,,,,,,,,,,,,,,,,,,,,,,,,
2023,12,28,18,0,10.2,8.6,89.89,,,,,,,,,,,,,,,,,,,,,,,,,,,,,,,,,,,,
2023,12,28,19,0,11,9.2,88.76,,,,,,,,,,,,,,,,,,,,,,,,,,,,,,,,,,,,
2023,12,28,20,0,11.4,9.7,89.44,,,,,,,,,,,,,,,,,,,,,,,,,,,,,,,,,,,,
2023,12,28,21,0,11.3,9.9,91.31,,,,,,,,,,,,,,,,,,,,,,,,,,,,,,,,,,,,
2023,12,28,22,0,10.9,9.7,92.2,,,,,,,,,,,,,,,,,,,,,,,,,,,,,,,,,,,,
2023,12,28,23,0,10.1,9,93.06,,,,,,,,,,,,,,,,,,,,,,,,,,,,,,,,,,,,
2023,12,29,0,0,9.2,7.9,91.84,,,,,,,,,,,,,,,,,,,,,,,,,,,,,,,,,,,,
2023,12,29,1,0,8.7,7.1,89.68,,,,,,,,,,,,,,,,,,,,,,,,,,,,,,,,,,,,
2023,12,29,2,0,8.5,6.3,85.89,,,,,,,,,,,,,,,,,,,,,,,,,,,,,,,,,,,,
2023,12,29,3,0,8,5.7,85.56,,,,,,,,,,,,,,,,,,,,,,,,,,,,,,,,,,,,
2023,12,29,4,0,8,5.5,84.26,,,,,,,,,,,,,,,,,,,,,,,,,,,,,,,,,,,,
2023,12,29,5,0,7.9,5.3,83.74,,,,,,,,,,,,,,,,,,,,,,,,,,,,,,,,,,,,
2023,12,29,6,0,8.1,5.2,82.19,,,,,,,,,,,,,,,,,,,,,,,,,,,,,,,,,,,,
2023,12,29,7,0,8.3,5.4,81.88,,,,,,,,,,,,,,,,,,,,,,,,,,,,,,,,,,,,
2023,12,29,8,0,8.2,5.5,83.11,,,,,,,,,,,,,,,,,,,,,,,,,,,,,,,,,,,,
2023,12,29,9,0,8.3,5.3,81.12,,,,,,,,,,,,,,,,,,,,,,,,,,,,,,,,,,,,
2023,12,29,10,0,8.7,5.2,78.41,,,,,,,,,,,,,,,,,,,,,,,,,,,,,,,,,,,,
2023,12,29,11,0,8.5,5,78.91,,,,,,,,,,,,,,,,,,,,,,,,,,,,,,,,,,,,
2023,12,29,12,0,8.5,5.1,78.95,,,,,,,,,,,,,,,,,,,,,,,,,,,,,,,,,,,,
2023,12,29,13,0,8.4,5.1,79.71,,,,,,,,,,,,,,,,,,,,,,,,,,,,,,,,,,,,
2023,12,29,14,0,8.2,5.1,80.54,,,,,,,,,,,,,,,,,,,,,,,,,,,,,,,,,,,,
2023,12,29,15,0,8.5,5.1,78.94,,,,,,,,,,,,,,,,,,,,,,,,,,,,,,,,,,,,
2023,12,29,16,0,9.4,5.2,74.93,,,,,,,,,,,,,,,,,,,,,,,,,,,,,,,,,,,,
2023,12,29,17,0,10.1,6,75.94,,,,,,,,,,,,,,,,,,,,,,,,,,,,,,,,,,,,
2023,12,29,18,0,10.7,6.8,76.8,,,,,,,,,,,,,,,,,,,,,,,,,,,,,,,,,,,,
2023,12,29,19,0,11.5,8.1,79.44,,,,,,,,,,,,,,,,,,,,,,,,,,,,,,,,,,,,
2023,12,29,20,0,12.2,8.6,78.82,,,,,,,,,,,,,,,,,,,,,,,,,,,,,,,,,,,,
2023,12,29,21,0,12.5,8.7,77.81,,,,,,,,,,,,,,,,,,,,,,,,,,,,,,,,,,,,
2023,12,29,22,0,12.1,7.4,72.77,,,,,,,,,,,,,,,,,,,,,,,,,,,,,,,,,,,,
2023,12,29,23,0,11,6.5,74,,,,,,,,,,,,,,,,,,,,,,,,,,,,,,,,,,,,
2023,12,30,0,0,9.9,5.9,76.05,,,,,,,,,,,,,,,,,,,,,,,,,,,,,,,,,,,,
2023,12,30,1,0,9,5.6,79.31,,,,,,,,,,,,,,,,,,,,,,,,,,,,,,,,,,,,
2023,12,30,2,0,8.1,5.3,82.75,,,,,,,,,,,,,,,,,,,,,,,,,,,,,,,,,,,,
2023,12,30,3,0,7.6,4.9,82.95,,,,,,,,,,,,,,,,,,,,,,,,,,,,,,,,,,,,
2023,12,30,4,0,7.6,4.9,82.79,,,,,,,,,,,,,,,,,,,,,,,,,,,,,,,,,,,,
2023,12,30,5,0,7.7,5.2,84.09,,,,,,,,,,,,,,,,,,,,,,,,,,,,,,,,,,,,
2023,12,30,6,0,7.9,5.8,86.54,,,,,,,,,,,,,,,,,,,,,,,,,,,,,,,,,,,,
2023,12,30,7,0,7.8,5.8,87.43,,,,,,,,,,,,,,,,,,,,,,,,,,,,,,,,,,,,
2023,12,30,8,0,7.8,5.7,86.63,,,,,,,,,,,,,,,,,,,,,,,,,,,,,,,,,,,,
2023,12,30,9,0,7.5,5.8,88.82,,,,,,,,,,,,,,,,,,,,,,,,,,,,,,,,,,,,
2023,12,30,10,0,7.4,5.8,89.84,,,,,,,,,,,,,,,,,,,,,,,,,,,,,,,,,,,,
2023,12,30,11,0,7.4,5.9,90.46,,,,,,,,,,,,,,,,,,,,,,,,,,,,,,,,,,,,
2023,12,30,12,0,7.4,6.1,91.42,,,,,,,,,,,,,,,,,,,,,,,,,,,,,,,,,,,,
2023,12,30,13,0,7.5,6.2,91.68,,,,,,,,,,,,,,,,,,,,,,,,,,,,,,,,,,,,
2023,12,30,14,0,7.5,6.4,93.02,,,,,,,,,,,,,,,,,,,,,,,,,,,,,,,,,,,,
2023,12,30,15,0,7.5,6.5,93.68,,,,,,,,,,,,,,,,,,,,,,,,,,,,,,,,,,,,
2023,12,30,16,0,8.1,7.2,94.26,,,,,,,,,,,,,,,,,,,,,,,,,,,,,,,,,,,,
2023,12,30,17,0,9.3,8.4,94.25,,,,,,,,,,,,,,,,,,,,,,,,,,,,,,,,,,,,
2023,12,30,18,0,10.1,9.1,93.63,,,,,,,,,,,,,,,,,,,,,,,,,,,,,,,,,,,,
2023,12,30,19,0,10.7,9.7,93.44,,,,,,,,,,,,,,,,,,,,,,,,,,,,,,,,,,,,
2023,12,30,20,0,11,10,93.78,,,,,,,,,,,,,,,,,,,,,,,,,,,,,,,,,,,,
2023,12,30,21,0,11,10.2,94.66,,,,,,,,,,,,,,,,,,,,,,,,,,,,,,,,,,,,
2023,12,30,22,0,10.5,9.7,94.88,,,,,,,,,,,,,,,,,,,,,,,,,,,,,,,,,,,,
2023,12,30,23,0,9.6,9,96.03,,,,,,,,,,,,,,,,,,,,,,,,,,,,,,,,,,,,
2023,12,31,0,0,8.8,8.3,96.92,,,,,,,,,,,,,,,,,,,,,,,,,,,,,,,,,,,,
2023,12,31,1,0,8.2,7.8,97.4,,,,,,,,,,,,,,,,,,,,,,,,,,,,,,,,,,,,
2023,12,31,2,0,7.7,7.3,97.4,,,,,,,,,,,,,,,,,,,,,,,,,,,,,,,,,,,,
2023,12,31,3,0,7.4,7,96.98,,,,,,,,,,,,,,,,,,,,,,,,,,,,,,,,,,,,
2023,12,31,4,0,7.1,6.6,96.78,,,,,,,,,,,,,,,,,,,,,,,,,,,,,,,,,,,,
2023,12,31,5,0,6.7,6.3,97.25,,,,,,,,,,,,,,,,,,,,,,,,,,,,,,,,,,,,
2023,12,31,6,0,6.6,6.1,96.44,,,,,,,,,,,,,,,,,,,,,,,,,,,,,,,,,,,,
2023,12,31,7,0,6.3,5.8,96.91,,,,,,,,,,,,,,,,,,,,,,,,,,,,,,,,,,,,
2023,12,31,8,0,6.1,5.6,96.36,,,,,,,,,,,,,,,,,,,,,,,,,,,,,,,,,,,,
2023,12,31,9,0,5.8,5.3,96.33,,,,,,,,,,,,,,,,,,,,,,,,,,,,,,,,,,,,
2023,12,31,10,0,5.7,5,95.45,,,,,,,,,,,,,,,,,,,,,,,,,,,,,,,,,,,,
2023,12,31,11,0,5.7,4.9,94.91,,,,,,,,,,,,,,,,,,,,,,,,,,,,,,,,,,,,
2023,12,31,12,0,5.6,4.8,94.47,,,,,,,,,,,,,,,,,,,,,,,,,,,,,,,,,,,,
2023,12,31,13,0,5.6,4.7,93.88,,,,,,,,,,,,,,,,,,,,,,,,,,,,,,,,,,,,
2023,12,31,14,0,5.6,4.6,93.6,,,,,,,,,,,,,,,,,,,,,,,,,,,,,,,,,,,,
2023,12,31,15,0,5.6,4.6,93.26,,,,,,,,,,,,,,,,,,,,,,,,,,,,,,,,,,,,
2023,12,31,16,0,5.8,4.8,93.4,,,,,,,,,,,,,,,,,,,,,,,,,,,,,,,,,,,,
2023,12,31,17,0,6.7,6,95.03,,,,,,,,,,,,,,,,,,,,,,,,,,,,,,,,,,,,
2023,12,31,18,0,8,6.7,91.8,,,,,,,,,,,,,,,,,,,,,,,,,,,,,,,,,,,,
2023,12,31,19,0,9.2,6.7,84.27,,,,,,,,,,,,,,,,,,,,,,,,,,,,,,,,,,,,
2023,12,31,20,0,9.8,6.2,78.24,,,,,,,,,,,,,,,,,,,,,,,,,,,,,,,,,,,,
2023,12,31,21,0,9.9,5.5,74.22,,,,,,,,,,,,,,,,,,,,,,,,,,,,,,,,,,,,
2023,12,31,22,0,9.7,5.6,75.4,,,,,,,,,,,,,,,,,,,,,,,,,,,,,,,,,,,,
2023,12,31,23,0,8.6,5.3,79.87,,,,,,,,,,,,,,,,,,,,,,,,,,,,,,,,,,,,
